sample_index,before_vmd_return,after_vmd_return
0,-0.055304097932430185,-0.030245715628837027
1,-0.03938273775470058,-0.007859273280123218
2,0.01772862136834985,0.009914227963099268
3,0.009798496984426919,0.0032635180301701892
4,-0.014555178518585343,-0.014385518307147337
5,-0.04759304193401803,-0.017839168430915292
6,0.012062090388387015,-0.0015767099656450252
7,0.03688987443649605,0.012166379794137467
8,-0.04488230291618667,0.008593985386614104
9,0.050429749128467316,-0.0029983485872878976
10,-0.04637208865289888,-0.013244587506840997
11,0.016590441826192626,-0.010457676271432202
12,-0.020258897078096583,-0.0008273381669292325
13,-0.023549675531620018,0.007082220988687353
14,-0.007647009456858922,0.004968582410918924
15,0.02015401471993683,-0.0068887827728706
16,-0.03776871894878375,-0.011038335802688082
17,0.007246427723635707,0.00886123316456752
18,0.06834528589874767,0.032504744435938156
19,0.044893443216025286,0.029037473976404705
20,0.053705690382835236,0.003599044054560215
21,-0.068297660309389,-0.009556595296530915
22,0.0410284448483591,0.009617062162017975
23,0.02312131428443709,0.02716441482821662
24,0.015408379814549233,0.014722885269137223
25,-0.04198279739442867,-0.01283551565822242
26,-0.022703288967841462,-0.019489999097312628
27,0.036196654133397566,-0.001510430434008702
28,0.022940590566042918,0.011870604416314216
29,0.008664631448638938,0.003953403648471771
30,-0.026781236085222537,-0.013855973057586835
31,-0.008307364772103032,-0.020789846823634765
32,-0.023560248898006897,-0.012887481236089158
33,-0.02895437100396392,0.0005414361773999447
34,-0.003865250826342148,0.007842488957140016
35,0.03381367361671761,0.0031677736628873683
36,-0.033243911236799484,-0.006313802039239511
37,0.003882401118046941,-0.004163848258294773
38,0.012154657940213198,0.008031882387953479
39,0.009279480301627618,0.01654641749672625
40,0.028123335002736116,0.011037560369095832
41,-0.015781227816788146,-0.004821102869189231
42,-0.02512022107711076,-0.01330533709565564
43,0.0060307352923183455,-0.007745172009219274
44,-0.023978230240362275,-0.0005440360746459504
45,-0.007816828076001703,-0.0030264284939381034
46,-0.018570619876482786,-0.015041203413987212
47,-0.03669732095175382,-0.023118355887585054
48,-0.026785647382538524,-0.01735102316692906
49,-0.02385323145097662,-0.0023792997618548497
50,0.05012532511420642,0.0071824594677293244
51,-0.040572810017267424,0.0010455130177345904
52,0.02176619298074356,-0.005765654637411404
53,0.02130251825737761,-0.00200019886365796
54,0.0005959611723851399,0.010218639967250465
55,0.03394875900793348,0.018463552244439057
56,0.04896304402283547,0.012158237158435356
57,-0.05875890986378951,-0.0012812424155830698
58,0.005250884235284525,-0.00499158013633452
59,-0.022634904237369358,0.0011655778085506475
60,0.04394297888438237,0.010876084443838849
61,-0.0011376824715852996,0.012171217406400906
62,0.04954446843354199,0.006593382827233774
63,0.03418335053362287,-9.084062015305219e-05
64,-0.05194122764206566,-0.0019651511098733453
65,-0.0022135588740583856,0.0029082712654135675
66,0.0210759371211815,0.005711978272978563
67,0.004888655803033215,0.0039746577556057025
68,0.01729728080130921,0.003322818967022048
69,0.04729008523274314,0.0057424597657413715
70,0.011669277537722067,0.00563200004958452
71,-0.005015064131965619,-6.741825510122007e-06
72,0.002520122816330961,-0.0064659917048184535
73,-0.022121600815029563,-0.005594569364377873
74,-0.0046272570209549,0.001878490762790612
75,0.020661136669406943,0.003567859990156759
76,-0.004554663539747539,-0.003268950665858219
77,-0.007625806708107308,-0.005792167871304253
78,0.004098356651125901,0.0014643807828321415
79,0.026530635083828358,0.00921759212212396
80,0.01938366666903657,0.007545840242091971
81,-0.0053632671440276836,0.0004245140963895764
82,-0.005882300692582665,-0.0009847716412866503
83,0.02366861567970302,0.0041502698237942635
84,0.0028901476532217085,0.005858259006825955
85,-0.02977900773163289,0.0019461968917811611
86,0.010891054705211678,-0.0018182452331813156
87,-0.001958908686478522,-0.0035071252241906867
88,0.01766440751600218,-0.0018236375557562456
89,-0.006268040607581571,0.0011667246599043387
90,-0.0038816070517666557,0.0021718364763633276
91,-0.00048710319276024094,-0.0028663849134392227
92,-0.003898631672582975,-0.010904786739579134
93,-0.03962824619017846,-0.011108529919121039
94,0.010697962343320322,0.00042578791921487735
95,0.03326612108548899,0.008380454664445584
96,-0.012195121951219523,0.0014088261642800385
97,-0.02765429461443869,-0.00975945349442996
98,-0.010665362423838087,-0.00963644105842282
99,0.0041067723606769135,0.002141972173147553
100,0.038343559329124144,0.01139012627330784
101,0.002461897869225682,0.008026013422700696
102,0.015717076877764136,-0.0006857815063810288
103,-0.02466151940791772,-0.0062636444924142765
104,-0.025285088098797037,-0.004227919090111451
105,0.012207516428325738,0.0020720747615826677
106,-0.009547765713557865,0.006247398769293224
107,0.025367834765344766,0.006986265984620946
108,0.021276611808763057,0.0025335734615226616
109,-0.007267423593311895,-0.0027643622295783687
110,-0.01073691145983291,-0.0019268071987462647
111,-0.005920120203422918,0.004367262687842731
112,0.0054590874657092225,0.008145786878154771
113,-0.0024679735362440613,0.004086454471705855
114,0.0074221441204394,-0.002501219015912535
115,-0.016699417602916267,-0.002734738530358246
116,0.006992976346019253,0.004696449302163348
117,0.015376957752416764,0.008141580086124454
118,-0.012701526018724096,0.0007912824392874577
119,-0.01138048256583235,-0.008332307116998956
120,0.0,-0.009493819146582833
121,-0.023523489695830402,-0.0034985140685914245
122,0.018964578551723177,2.4804561098565846e-05
123,-0.03923535272759027,-0.0069211765324749645
124,-0.008900527376893397,-0.015282267411616368
125,-0.06339148143655093,-0.015635784205738287
126,0.0016920861489049255,-0.0060938611122227804
127,-0.021396456262273267,0.0007225291992103691
128,0.01898733829924404,0.00015834157157363022
129,-0.0022585550675595645,-0.0036452418097068858
130,-0.009054886628255598,-0.0024476982385423394
131,0.011993094330534193,0.0022550174156127684
132,-0.027652358358099982,0.0020907264135779516
133,-0.010446912940104358,-0.0016528416293813061
134,-0.003519030418017044,-0.004443481733293061
135,-0.01765740088887613,-0.002215605422122369
136,0.01318150427290643,0.0026286248595875816
137,-0.033707847425643256,0.0014945898818420093
138,-0.01223994865800404,-0.004159190781581722
139,-0.006815285449978337,-0.007582133638173977
140,-0.023705617706667237,-0.0026286722999290936
141,0.012779601777283212,0.00712501192439276
142,0.02460563913325764,0.008250543399984468
143,-0.0086206521934451,-0.0013554228298276023
144,-0.0316770320992551,-0.008774966606526548
145,-0.03143038911624563,-0.005015657297638117
146,0.007947012087916594,0.002780598951429598
147,-0.012483609114595118,0.0021853063865657817
148,-0.010645365951744923,-0.004486770794460869
149,-0.020847307890260125,-0.0073734892591592
150,0.022664829271670017,-0.00503193153071029
151,-0.026863704699910618,-0.005646539319390641
152,-0.0034506688422816234,-0.008215427345722039
153,-0.02423818822480328,-0.009873542973367918
154,-0.007097259076420781,-0.010145692863134086
155,-0.00714792204656467,-0.01210124582831214
156,0.011519067203553002,-0.013980357075672868
157,-0.04412810513468435,-0.010665354280069896
158,-0.004467640971949516,-0.0010736827345544835
159,-0.010471229956700912,0.00190584796193024
160,-0.05593346914002062,-0.0037694308806478327
161,0.019215354324756406,-0.0021423080563091994
162,0.00314225584962724,0.014374907367615087
163,0.09240401794849351,0.034997789496019505
164,0.06666668945458376,0.034883166022525405
165,0.06787635894583377,0.015126195143715902
166,-0.0679672687458368,-0.00010834821327264724
167,0.01890612593098351,0.006169366761596438
168,0.01656726292061217,0.013046223502700242
169,-0.016949167294367573,0.0061479419510836585
170,-0.003978744446017091,-0.005416660983063241
171,-0.033954741234260344,-0.010463586931281549
172,0.028945559591235792,-0.007520739493552328
173,-0.018754231809924082,-0.006121752017563974
174,-0.01774739126127045,-0.005409320047750431
175,0.01250864122355555,-0.0024159297858726433
176,0.05422100057652446,-0.0006128847455272833
177,-0.008463549306422236,-0.004970127824148121
178,-0.040052506566764845,-0.008635496310745592
179,0.029411785809965396,-0.0052122904085819925
180,-0.008637881248729107,-0.0017620171847348908
181,-0.032171614842905205,-0.0020938675429274132
182,0.010387851562569717,-0.0034879532514464984
183,0.00891022022490251,-0.0028264851995645143
184,-0.023097836033974528,0.0011326278069283167
185,0.015994404757017522,0.006211065267031673
186,0.004791283377377997,0.00828079218506652
187,-0.006812014944881706,0.008470568760873678
188,0.013031586766244718,0.007789387279942606
189,0.015572074144075687,0.008308628438171744
190,0.04933331807454433,0.011925461125611958
191,-0.010800513263404476,0.01294108618382897
192,0.03018633461241249,0.008303777251263652
193,-0.003117278151821945,-0.0028450664073424352
194,-0.042526539164166266,-0.01122033100075577
195,-0.016329196155976278,-0.009051736959293056
196,-0.0006640258036653135,-0.0023771442440704673
197,0.005315609481208128,-0.0019683276370775033
198,0.005948456834576676,-0.010788861529945277
199,-0.025624200819997056,-0.017227513149062436
200,-0.006743114091988245,-0.01038853915546924
201,-0.020366547615995545,-1.4663442523154234e-05
202,0.005544000139581451,0.0007080263591471478
203,-0.016540300987759382,-0.005317723430715575
204,-0.018220057501146303,-0.003260812865423211
205,-0.013561779511318206,0.008662310553702663
206,0.06295223623520818,0.01624421257311546
207,-0.00408437492554492,0.01004867228779389
208,0.012303506751042859,0.0040361439207085474
209,-0.004051344896467746,0.006911859081677259
210,0.03593218528618225,0.010232220865065055
211,-0.028141319307330326,0.0009377734590265138
212,-0.024915880789814326,-0.011470682243128633
213,-0.017265193915979138,-0.01243391906025269
214,-0.010541083861953515,-0.004376528962166728
215,0.0007102435323880218,-0.0026955509075139612
216,-0.02342086019391887,-0.01239729703241536
217,-0.02979650004304013,-0.01912173814300909
218,-0.02172284296377669,-0.01134673992895741
219,0.02526798722076462,0.002711585635387784
220,-0.028379395421779585,0.006075957821092775
221,0.0030745550460660187,-2.6481335071845344e-06
222,-0.006896563315898496,-0.004105502146328119
223,-0.0023147942039267733,0.0027807721642722476
224,0.006960568481337637,0.014160888381470857
225,0.023041415246776165,0.016777026497284714
226,0.005255304061736243,0.00679056278040384
227,-0.026885780516883173,-0.00484580286639415
228,-0.007674553326533884,-0.005051666485743265
229,0.0015467520199015095,0.0021179253983535993
230,-0.036293457447971855,0.0024219043919410177
231,0.023237253699079696,-0.007605335816142374
232,-0.0242756780347827,-0.019260799036905515
233,-0.05939002960293838,-0.017864755718623226
234,-0.003412965950654545,-0.00774364128985189
235,-0.010273962536276993,-0.006529371137337232
236,-0.016436031761313474,-0.014044013510223509
237,-0.026385241315251884,-0.016059470801565143
238,0.008130095308852558,-0.004918227069104647
239,0.0215053561289984,0.006616156832355907
240,-0.035964900099265895,0.0040565837596541
241,-0.02274795315801581,-0.00426387224688469
242,-0.007448782626717443,-0.00217318277375028
243,0.0,0.011741017313103275
244,0.010319006747290693,0.022628695214966035
245,0.045496727046556495,0.019615313100989976
246,0.0035523944085213977,0.007252552986049675
247,-0.03274335215166224,0.0016945929050532528
248,0.03019212392425863,0.0071987696145461525
249,-0.029307275044240688,0.009011418868245413
250,0.0064043634830524,0.0003322602025137263
251,-0.0018182234330610392,-0.013792400036573747
252,-0.02914387141759789,-0.01877574857144594
253,-0.05159476534780483,-0.013071464846404717
254,-0.020771517831682185,-0.012418822266077366
255,-0.010100952691779574,-0.024703794704059312
256,-0.0561224673500359,-0.032402888605103826
257,-0.008648640400654606,-0.017925268699500833
258,-0.008724091934619316,0.0016067057501217875
259,0.015401472750094625,-0.0004844310602507458
260,-0.047670596121903386,-0.020409560219753396
261,-0.034129714679955514,-0.020737586759836727
262,-0.02944640833212575,0.009963616492564421
263,0.03883503123630683,0.0369927548148412
264,0.08294392562410247,0.024086707423812425
265,-0.07874870117177457,-0.006232573634998986
266,0.05035132401598741,-0.00011227987902494643
267,0.02341137479325095,0.031078681551311056
268,0.05664482427044959,0.03982855262140206
269,-0.005154658940003776,0.007106530207182135
270,-0.06528488970681978,-0.027114927837526
271,-0.049889217306206435,-0.020491031507649582
272,0.08984836466548618,0.00892741432909117
273,-0.023554632059385128,0.011520200661253756
274,-0.023026320261197997,-0.013579028066616731
275,-0.030302975164222534,-0.03454465397180183
276,-0.053240743040302574,-0.028913708276807025
277,-0.026894897166398257,-0.00614216212224361
278,0.0037688106567113078,0.0075505354249433285
279,0.0425532118057006,0.0029636566076468532
280,-0.0024009008730527803,-0.006234420202273059
281,0.05655827793281509,-0.0031014575245967377
282,-0.013667413349507385,0.006034484552358653
283,-0.012702039101088136,0.011554048788323102
284,0.04210522206389622,0.006872008326138513
285,-0.04826041667112646,-0.003018411230641509
286,0.012971770788864134,-0.0014043524036570108
287,0.02444703543849247,0.007902631258602431
288,-0.0022727792420651483,0.01262546460444354
289,0.02505697878356994,0.008456060216588365
290,0.016666624281141518,0.0015547030065264835
291,0.016393505842428047,0.0034919914982148442
292,-0.005376364484882101,0.011931129379486352
293,0.043243202003272696,0.014891613037437634
294,0.0476683996197953,0.006480529814120988
295,-0.04549951075845593,-0.00021083317998272372
296,0.051813473550805345,0.006229233298239809
297,-0.010837405006048129,0.010898460925664788
298,0.01494020110559724,0.006517353434873569
299,-0.03042193117840364,-0.002766918256584497
300,-0.018218654158990044,-0.002804239607080026
301,0.049484588180317646,0.0071832571406855086
302,0.036345763700121436,0.01062289947495106
303,-0.006635132439145375,0.0023965207406389604
304,0.010496241904232928,-0.006360377639171274
305,-0.00472145325915263,-0.009595976363043254
306,-0.040796993048582864,-0.010683935369394696
307,-0.004945523121509199,-0.012396559415334657
308,-0.004970197678855426,-0.013611852382432735
309,-0.020979024310215255,-0.011619555347096862
310,-0.007142923177156146,-0.009894081180649075
311,-0.003083220388754082,-0.01249419635384012
312,-0.038144318848921,-0.013816556281241555
313,-0.02679528424912303,-0.00604409067842145
314,0.005506628981826633,0.006925985808208638
315,0.05147867044222809,0.013394211828118802
316,-0.00937501552204234,0.009440084966483742
317,0.05467923150097498,0.007430784586589656
318,0.024925224990603567,0.01240608046082451
319,0.03501951553529015,0.01913855014572372
320,-0.012218055474265133,0.015078446684408876
321,-0.0028544896281795795,0.0018755352656406156
322,-0.02194652216437487,-0.007006180657147894
323,-0.00780487060546875,-0.00132387037809811
324,0.02654862360509891,0.01105907189624635
325,0.030651404344863575,0.013005866624430708
326,-0.0037174684946251757,0.0011056842126162113
327,0.0037313396321503323,-0.010552743267316157
328,-0.01951673175464197,-0.008993390358672566
329,0.02464457101244144,0.0044155503764841935
330,0.030527281304005394,0.011475017951775976
331,0.007181321475811853,0.002368657229784888
332,0.007130117807674585,-0.012050685042072259
333,-0.022123893431876263,-0.015572004078933189
334,-0.02805433613264785,-0.004695014464692111
335,0.004655511340821761,0.005450422511797689
336,0.010194592869892327,0.0020410757076266524
337,0.005504625845554889,-0.006646348305238111
338,-0.02554742080261263,-0.005250718800178882
339,0.029026166393661068,0.007095374130862931
340,0.031847169131844044,0.01368829530734862
341,0.009700145960945372,0.007966967497432885
342,-0.006986893016480256,0.0013466371048464635
343,0.03430082209746432,0.004116240192448641
344,0.01360542893691119,0.00869438933776999
345,-0.01845639812254174,0.006126623295728099
346,0.007692320859408852,-0.00037710657815209444
347,-0.0033927024582229848,-0.0031934965955015
348,-0.007659587454288519,0.00025129242398298465
349,0.013722114022807874,0.0036451118717534393
350,0.017766501147958857,0.001567111192046359
351,-0.0066500353683960345,-0.0023069332693900616
352,0.002510437945608235,-0.0019501761788527443
353,-0.009181941642771752,0.0013124292340310167
354,0.005054795298666592,0.0022387762315183865
355,-0.005867614979705005,-0.0016383983340136083
356,-0.0033726781628111713,-0.0028971814277659325
357,0.018612544222411653,0.0027583871127335007
358,0.014950191507150157,0.006207420110268966
359,0.017184945463019075,0.00031319219120222604
360,-0.014481118323128928,-0.008209816097431977
361,-0.031020417505381093,-0.007965968070468617
362,-0.00926703098043602,-0.0016110306544273277
363,-0.0025510787467355467,-0.0001391093166591105
364,-0.022165326969650456,-0.004599072461869252
365,-0.028770698868653133,-0.005631522827952717
366,0.04667858959277682,0.0007811296664036959
367,0.021440823608199766,0.006433354969608573
368,-0.0016792195084451844,0.006642805823993209
369,-0.012615691158396669,0.0024727798619278724
370,0.020442911055977175,-0.002590780295898905
371,-0.04841401885377561,-0.005529232309730962
372,-0.01842105659421489,-0.0011980298371478838
373,0.02502240367697306,0.005000140726990924
374,0.02789883935260873,0.004038667944972972
375,-0.018659903964429625,-0.0024615762064151676
376,0.018150392712707797,-0.006072139981017169
377,-0.05093373865841966,-0.005455746186396514
378,0.013416781255437993,-0.0021622023694985687
379,-0.04501325969250447,-0.002701451391542516
380,0.0009242355974019567,-0.002487481057015339
381,-0.016620526910787303,0.00046546254029652815
382,0.05070422358639948,0.0041089383262745876
383,-0.039320786137887365,0.0031583258269956296
384,0.011162780052007548,0.0028598758693309874
385,0.011039548005745914,0.0019375423502930476
386,-0.015468615089575088,-0.0008638718032672492
387,-0.01109056274895126,-0.0028791178185993455
388,0.002803713411771769,-0.003592582608714468
389,-0.022367174404197998,-0.004956441172831066
390,-0.0066729929791750076,-0.008991050518037589
391,-0.027831090185190366,-0.01440389266779626
392,-0.004935852928923956,-0.014234990006995463
393,-0.017857173267676107,-0.009688119811505774
394,-0.023232277888761477,-0.006566191308433791
395,0.009307151176609185,-0.007677261281126816
396,-0.035860693981748515,-0.010845532479254988
397,-0.008501586078989765,-0.00714792481177654
398,0.03858517252101401,0.003360790844606224
399,0.015479935882376727,0.011773783365510104
400,0.002032469896262823,0.012236321333888474
401,0.024340845146982426,0.006396684918560059
402,-0.0029703649022181366,0.002466966310550229
403,-0.02979138492077016,0.008940821488205377
404,0.04503577889125454,0.02037954359106039
405,0.028403522112587565,0.021371022498308634
406,0.02476192656017484,0.012395081264800385
407,0.01486987397850048,0.004535354787503701
408,0.006410228418970432,0.00551425895195371
409,0.028207500097623628,0.010237681106515736
410,0.003539819573261882,0.006409099622803099
411,-0.032627855430376274,-0.00427482144507276
412,0.010938913640663461,-0.010642639283968075
413,-0.024346298832166102,-0.010270647141016847
414,0.012014798346353439,-0.005639392582180015
415,0.0,-0.003940416835350213
416,-0.009132367994271307,-0.0060497778785487625
417,-0.011059984793949207,-0.009391293190146126
418,-0.03448274942628449,-0.011243868091757295
419,-0.02895745627435331,-0.007450922596412307
420,0.017892578925789326,0.0006160401386775193
421,0.014648493706773902,0.005923937700314029
422,0.012512041399927787,0.00640449739116645
423,0.04182505334955433,0.0021875952679282144
424,-0.033759113528400886,-0.004797917700114676
425,0.00472145325915263,-0.005819446821435297
426,-0.025375982053714274,-0.002617268332989058
427,-0.027000938868004254,-0.00016249728316954006
428,0.004955420215929207,-0.0032845831356945665
429,-0.013806739505185961,-0.009620217226801777
430,-0.002000045776367143,-0.00823029883688544
431,0.009018051775153024,0.001997265671201954
432,0.03277059917644953,0.009864578331325854
433,0.01250001146243207,0.005039564963260732
434,-0.032288714264948504,-0.00468098422023237
435,0.023552574551082728,-0.0037541122964054006
436,-0.026845702632104507,0.00687416905464977
437,0.0492610855952329,0.016545287774908723
438,0.020657302808351652,0.01239355005457414
439,0.0055198178701372225,0.003166673469422272
440,0.01555352896133444,0.0018469840206992967
441,-0.0009009214899244888,0.007325360612682472
442,0.023444564950809488,0.01119596864170065
443,0.0140969023819002,0.00656918130685536
444,-0.01563860135502937,-0.0004908229323501928
445,0.030008839795002906,-0.00068859613480037
446,-0.007712095287018328,0.0019486864130793563
447,-0.012953335018871859,0.0023149555766755815
448,0.005249296967666517,-0.000493129425966722
449,-0.004351626782495455,-0.0028419020625663
450,-0.006118854667114704,-0.0010747680810716614
451,0.007036053167217782,0.002693461074721069
452,0.018340614990844273,0.003306548097066785
453,-0.019725518460223412,-0.0008025544776079141
454,0.004374386327698376,-0.0040869928503733804
455,-0.00435533441239222,-0.0039395058435246705
456,-0.016622968415108352,-0.0022709713607821044
457,-0.0133451620626992,-0.003720367016754376
458,0.010820548594048462,-0.008534693388310935
459,-0.017841196127078462,-0.01204015223904931
460,-0.04359677438075704,-0.009525421660810898
461,0.0037986669389724614,-0.005193885988893297
462,-0.027436137202069277,-0.0081913631673008
463,-0.0194552348696736,-0.01375928960633658
464,-0.009920672839941802,-0.01070839427354827
465,0.01803610355030605,0.0019404265287301212
466,-0.00590545933498865,0.008724563485446975
467,0.017821717297328732,0.0004361149365070621
468,-0.02334628184360832,-0.011142749000895109
469,-0.026892380987571518,-0.005966346017625184
470,0.010235355487209441,0.011261474097214555
471,0.04761907522577302,0.017089016985885924
472,-0.010638356743547184,0.0044437367124741224
473,-0.009775115568925075,-0.007014853069721304
474,0.018756128157634055,-0.0022465293711382847
475,0.04360472638048063,0.010803591271923842
476,-0.012999102820077657,0.013901949337732759
477,0.00376293146024409,0.0035503720446252423
478,-0.03186505624712088,-0.008208518282544784
479,0.010648563164536995,-0.006904939696854087
480,-0.036398388509575996,0.004886662797190944
481,0.08648109833699502,0.017044013225407162
482,0.03659648740731125,0.015061110331162643
483,0.013239154416623267,0.0042085420736833155
484,-0.011323969159434233,-0.003723760581788739
485,-0.005286380405295499,-0.0033211527344879197
486,-0.01771477501690888,0.0016780705828461123
487,0.019837715419460222,0.0053737804107947765
488,0.011494178244337183,0.004328537394147864
489,0.015734292987600762,0.0006429926093668277
490,0.009466407724663561,-0.004686179529020707
491,-0.03495310003515495,-0.007997524358056016
492,0.0035335656299808615,-0.003000704020235742
493,0.016725399630266757,0.004257744670949162
494,-0.004329020771356551,0.0050525715890489
495,0.01043477265731152,-0.0003213585385504901
496,-0.015490559978359353,-0.005531075990535231
497,0.0017482918266857883,-0.0033819398430443917
498,0.008726036748416544,0.004079370690937906
499,0.014705805921178872,0.009444189441927988
500,0.001705068929598541,0.006120432654159869
501,-0.002553168763505531,-0.0037830794251122748
502,0.0,-0.009676457779128941
503,-0.023890843026106334,-0.003864586829591347
504,0.012237792697372019,0.007221790783022928
505,0.010362684486156404,0.006876183233220564
506,-0.0017093593517428785,-0.006258122749263248
507,-0.031678071566070165,-0.0157718220542361
508,-0.021220222448109727,-0.008006226117435126
509,0.027100288979694298,0.007626520870282932
510,0.014951633949430443,0.00952693092342594
511,-0.01126517459884313,-0.0033606387820164655
512,0.0017528885215722934,-0.01164989472019643
513,-0.023622086662710484,-0.00452080407800344
514,0.0008960778690472182,0.008211983075583101
515,0.019695637021141632,0.008792316971263264
516,-0.0061457986293715905,-0.0014207406018458936
517,0.004416978099188729,-0.0054201027872963735
518,-0.005276997937228467,0.001601924647057056
519,0.019451751122211425,0.008729412469938774
520,-0.011274945138911474,0.004272173743289116
521,-0.010526306103030958,-0.00507758731669848
522,0.003546095992902565,-0.005934429899671256
523,0.014134262519924112,0.0023925044163918773
524,0.002613300334649793,0.007113104463339031
525,0.0026064059404546924,0.0008031389581059239
526,-0.013864804847574463,-0.00877896081073057
527,-0.01669600458232967,-0.008887126101780194
528,0.0035746169216261947,0.00030964061598877314
529,0.010685738568561032,0.006937050661653954
530,0.013215824976990032,0.0036135492894888523
531,-0.015652200450067766,-0.004068056164894305
532,0.005300390568396596,-0.004570031309368365
533,-0.0017575094518930134,0.0023543072710071012
534,0.004401425373765422,0.00821458613969935
535,-0.0017528049392472322,0.006844886256919461
536,0.013169412994636698,0.001385821171069542
537,-0.015597946773899252,-0.0014454920932131356
538,0.014964795900677785,0.0022380027229641376
539,-0.00607109249309401,0.0067071531554964686
540,0.0008726203183726522,0.006194420841580393
541,-0.0017437190320881424,-0.0005408734970856586
542,-0.0043668289578836506,-0.006859656292679228
543,-0.020175399116897696,-0.0056660564707158925
544,0.010743051453845354,3.738401094862103e-05
545,-0.0008857598685232393,-0.00011291532014997586
546,-0.0008864605890273047,-0.007540189705692573
547,-0.05323871846486028,-0.014285024753395544
548,-0.013120931801472002,-0.012271149503159523
549,-0.022792001633835213,-0.006597803600483878
550,-0.0009718395450833972,-0.003521719584267453
551,-0.008754878883822537,-0.004090461980041358
552,0.018645784286722256,-0.0038586733914192494
553,-0.0019268263529059748,-0.0025792249815657434
554,-0.00289572721673359,-0.0020910445890474963
555,-0.005808273609440362,-0.0031470934794956378
556,-0.015579434659661828,-0.002912959971895328
557,0.0009891423562247148,-5.8034286780028754e-05
558,-0.010869531415134914,0.0016354953252836683
559,0.007992000187495574,0.0013144152810075777
560,-0.004955420215929207,0.0009696948764046052
561,0.010956141144939258,0.00412052814395484
562,0.021674903970160475,0.00874263216540278
563,0.019286384905717213,0.010425638810982185
564,0.0066225781002446915,0.007974447815642691
565,-0.008458660684571462,0.004955861198925817
566,0.015165862039758338,0.005108159630161633
567,-0.0028010955055404185,0.007339688414655181
568,0.0168538713818418,0.00977729054950267
569,0.009208138547982525,0.00885415644791688
570,0.01642338545157651,0.004553950313730287
571,0.002692974151403238,-0.00040049445424307105
572,-0.005371568416014383,-0.0019077874653196994
573,0.0018002212764831604,-0.00010540084447656839
574,-0.006289280692225341,-0.0003409252882499462
575,-0.0018083595845256317,-0.005525512889255573
576,-0.038043485303006275,-0.011723056925177581
577,-0.007532949582686688,-0.01122973072630971
578,-0.020872890685488255,-0.006368175843425552
579,-0.006782916365717151,-0.0029069638074244054
580,0.010731673822170329,-0.004843509397950659
581,-0.009652454740281646,-0.008878527959350202
582,-0.001949362311646996,-0.00786172574163841
583,0.0,-0.003509854467411018
584,-0.008789077597612382,-0.002794041689417371
585,-0.022660054273936248,-0.006601048142451841
586,0.0010080875811415702,-0.009277594347376648
587,-0.04733134467114086,-0.006478143243870922
588,0.021141628801125467,0.0017098053378778839
589,0.0010352203974945962,0.004611414658058302
590,-0.010341301001111525,0.0025698883238113885
591,0.030303027283257844,0.0031661925080837604
592,0.008113582808481956,0.007368616135160072
593,0.001006059286116301,0.012582097686339014
594,0.02211058002473032,0.012805784989713234
595,-0.005899746230735969,0.006658126057751927
596,0.007912950190183121,0.0029895927185092028
597,0.0068695438058008484,0.006654429667955383
598,0.021442427723850965,0.012115348587501153
599,0.005725231129532604,0.008868695550416836
600,0.009487702261067765,-0.002141140651870846
601,-0.003759394789693782,-0.009687686993607662
602,-0.05283022636448742,-0.005647657520290789
603,0.023904359763948557,0.0029804378246359314
604,-0.0038910469739347198,-0.001292170825599309
605,-0.027343724534147795,-0.01273822910779323
606,-0.005020099452144766,-0.013404738207771801
607,-0.005045428002495966,-0.0021061387956158102
608,-0.006085138745593244,0.005410262467908132
609,0.017346946222987603,-0.0025984388188914557
610,-0.05115348196814273,-0.015030095718657325
611,-0.003171219117359292,-0.010139500716602086
612,0.0063626154825733305,0.0043874797358071874
613,0.0031612947701866734,0.007257860100341655
614,0.0084033529263976,-0.005368077891674662
615,-0.03854175255530068,-0.01584263175728038
616,-0.005417035703171091,-0.00864087333687405
617,0.006535889318931121,0.003912896652736286
618,-0.012987000923330161,0.0036117037560079914
619,-0.01864035947666287,-0.007388996094629178
620,-0.026815617456182883,-0.011822546541891573
621,0.00803670430742165,-0.0009607583716308105
622,0.009111608899671664,0.011822379457137936
623,0.007900750701020698,0.012397203971830981
624,0.01903696198032767,0.0036925498207946
625,0.010988947648731706,-0.0010963255669928307
626,0.0010869814227350005,0.00444538478979347
627,0.03148750929987787,0.011913918117667635
628,0.012631566900956015,0.0083871016537683
629,-0.038461527022937037,-0.00289815019213931
630,0.006486531850453892,-0.008709702471018307
631,-0.02255639405820975,-0.006326824836516452
632,0.0032966738146824603,0.001058370236509021
633,0.015334100938434236,0.004706559326232689
634,0.006472433978375047,0.0010271319565667491
635,0.01500539597723205,-0.004538537053513297
636,0.01267158206709662,-0.005548462328321067
637,-0.014598575713783979,8.1395872383199e-05
638,0.009523825862901125,0.006742400115316994
639,0.015723230516778486,0.00504193497912778
640,-0.008255926436571692,-0.0025699525155532562
641,-0.028095683010951333,-0.0037180092583373736
642,0.01713060436811409,0.005184676973491488
643,0.03263162311754719,0.012483101830277536
644,0.01529048033783198,0.010380008435121683
645,0.010040198904289532,0.004395234263457698
646,0.010934359054573184,0.0023549007867110314
647,0.010816092020849988,0.00371582434532804
648,-0.018482449933720613,0.003152196699989217
649,0.004955420215929207,0.0006120127791584953
650,-0.01183430783985151,-0.0016825730216436811
651,0.010978009146897394,-0.001752591334354471
652,-0.0029614740999286404,-0.0028596044814738542
653,-0.003960392113094846,-0.004441841237992871
654,0.008946242063576637,-0.004380144829137024
655,-0.02364529853577635,-0.0035241072261756722
656,0.008072646310579579,-0.0033949731327706486
657,-0.027026978005539548,-0.005823400192706683
658,0.0030863921961969965,-0.00596964539434902
659,-0.018461569761618613,-0.0028996951535826734
660,0.005224680494180678,0.0021647865360100195
661,0.03638257646916654,0.003228183613294912
662,-0.026078256962707158,-0.001699093374987111
663,0.0061792398950546445,-0.0034715845768129926
664,0.011258920319684895,-0.001272303945969853
665,-0.017206485255548465,0.0005787885603713231
666,0.0041194605248076055,-0.00010066639878551732
667,-0.022564129951672673,-0.002811186970840024
668,-0.007345193786526427,-0.003215567681596986
669,-0.008456651520450165,-0.0013450892889339118
670,0.026652451700412527,0.0017816476832189113
671,0.004153682386051516,0.004700447760764255
672,0.02585315388082332,0.006663135709144775
673,0.01209676256413017,0.004304227109528893
674,-0.000996038737035021,-0.0008958726370986467
675,-0.029910289005161683,-0.0031137836039865944
676,0.009249759180071315,0.0011089725439651027
677,0.005091669275836708,0.006161655351428303
678,0.020263405428986747,0.006465438750832681
679,0.005958333806855842,0.0019205746643604423
680,0.006910137614354994,-0.0005992256249291615
681,-0.002941150346291277,0.0017478710852953147
682,-0.005899746230735969,0.004715125900515868
683,0.012858567641499175,0.004297818435246611
684,0.0009765848735701077,0.0012714548840214313
685,-0.000975632086032796,0.000479432289748937
686,0.03027347915485823,0.0020911768562512827
687,-0.005687243462743519,0.0019058981039153826
688,0.0028599320591129462,-0.0005010799494959241
689,-0.008555147212134462,-0.0047958179284081255
690,0.0,-0.007106092978673597
691,-0.021093025943598076,-0.005263757038848075
692,-0.0029382696238104966,-0.0020865923778082595
693,-0.00982321988918644,-0.0025504545328251275
694,0.016865087061572304,-0.004913756526667574
695,-0.027317047119140625,-0.004731036225631485
696,0.003009000217422342,0.001214964903430244
697,0.02799997329711923,0.00555478140660753
698,0.0077820939478694395,0.0024742575052517203
699,-0.012548274010523719,-0.0015280978935679644
700,0.013685273664455044,0.0007777900046050913
701,0.008678896198757169,0.004651502201530566
702,0.002868043294625755,0.002836293659852427
703,-0.0009533106863709451,-0.0028403680264319207
704,-0.012404500614974334,-0.0037043406804858382
705,0.007729460942753619,0.0016208999149439074
706,-0.0009587946873667041,0.00384483014240528
707,0.011516303712135967,0.00020968374941859023
708,-0.005692639452927528,-0.0024819667703974953
709,0.008587801194568145,0.002566512195600447
710,0.02554403647673542,0.009326011056794687
711,0.0027675030026663716,0.008187570396325228
712,0.0055198178701372225,0.001549941122730973
713,-0.002744801995229751,-0.0009131211559656981
714,0.00825689502180249,0.0050203146562474415
715,0.0172884929949626,0.010638711288669223
716,0.029516987003415318,0.006621818870759474
717,-0.0017376591977367184,-0.0031325052026862426
718,-0.006962569651841832,-0.005764465336418074
719,0.004382137721606005,-0.0004620830048052693
720,-0.0034903980558358416,0.0014007266857994994
721,-0.003502623606462252,-0.004556642983978221
722,-0.021968365332681872,-0.009520403542607362
723,-0.0035938869219891423,-0.004698623486925445
724,-0.0018034677627127849,0.0035734911062385985
725,0.025293648994084483,0.004754989592501571
726,-0.00616745781020589,-0.0007971564289153362
727,0.010638287978707028,-0.0009411877481809534
728,0.017543927160695416,0.006018514271470704
729,0.01637927363233671,0.009532300332290307
730,-0.016963512291114813,0.0030312715805856207
731,-0.0008628325064864439,-0.00538675881277305
732,-0.009499106856819428,-0.0057009388879575035
733,0.0,0.0024731203658342107
734,0.01743677459538051,0.006762879900116419
735,-0.015424190574036545,-0.0006473165154143178
736,0.004351626782495233,-0.010120781280792204
737,-0.029462751621473604,-0.010148363591981199
738,0.011607153272750637,0.00033632430047858064
739,0.014121787157062471,0.006714296280867466
740,0.009573595521565004,0.0011635273526988026
741,-0.013793172053857439,-0.007926465754684323
742,-0.009615354957343447,-0.007936294584699393
743,0.0088261590594092,0.0006049055433117851
744,0.0026246484838332584,0.006269759006807219
745,-0.0017452406367448603,0.0037301819106237196
746,0.006118938030257093,-0.0017091985783008097
747,0.008688047420232214,-0.0026092681931655084
748,0.0025840385471722627,0.002225058970456479
749,0.0017181704037343426,0.007782443203320406
750,0.02487135211390168,0.007744125988436688
751,-0.002510437945608346,0.0014477745663350437
752,0.004194646846882533,-0.0022819608272988644
753,0.003341684290785185,0.0011471586458494242
754,0.004995792239711916,0.0070450424258884925
755,0.022369549676082512,0.007265786509271859
756,0.002431096645075792,0.0005657734033238805
757,-0.004850401495348988,-0.0036936679920219757
758,0.005686408808944554,-0.00010422331456718704
759,0.015347300373743433,0.0053206549679448364
760,0.008751043199854092,0.0045484909517519954
761,0.001577247918613578,-0.0006336275663490451
762,0.013385832980085777,-0.002658904063602007
763,-0.008546981946804366,0.00017014507237367738
764,0.0015673592265372793,0.003836506041692526
765,-0.001564906455964854,0.0034123432884739895
766,-0.003134793192439367,0.0006268550113716124
767,0.004716939047391566,0.000494927792291391
768,0.01486702175489385,0.004622920098134184
769,0.01927525018141507,0.00849254543283795
770,-0.012102862646013457,0.006384876023620752
771,0.013782492015168568,9.010285616532299e-05
772,-0.00981873993113691,-0.004936837664903888
773,-0.01601830996540199,-0.003131216027351307
774,0.0062015446567251775,0.0014448080294583773
775,0.020030834980834022,-0.0003753232585489933
776,-0.015105726036447442,-0.009188617836462003
777,-0.020705483503006716,-0.014880347300740279
778,-0.005481648080597923,-0.012139940543411939
779,-0.02598424635135088,-0.006583436461184004
780,-0.02263538686835942,-0.00524695019509637
781,-0.019024027544070288,-0.008405585964350652
782,0.0025295689303515,-0.008395894108584077
783,-0.0016821242376923173,-0.0006378533203171954
784,0.02611629508049451,0.01018063461072331
785,0.012315239308042791,0.013272826511542945
786,0.004055165534813332,0.006983101984248758
787,0.0008077729232145447,2.1242797269137303e-05
788,-0.008071055585048503,0.0018601837150822968
789,0.024410105098945145,0.01112472563711405
790,0.014297085225911,0.014348795607826387
791,0.00704770522219178,0.0051594162181969015
792,-0.016329707912389524,-0.008465573895495617
793,-0.022134366910259606,-0.011981552275818746
794,-0.001616774799869214,-0.002942052789288789
795,0.0016193929936525464,0.004994407323666143
796,0.01778498537301032,0.0007495258208203865
797,-0.0015885986911253758,-0.01056740783017855
798,-0.017501934661548257,-0.013818056899544625
799,-0.01619439326006311,-0.004803060059864575
800,0.02633750276094604,0.004728434521291509
801,-0.008019276610132353,0.003423309055996895
802,-0.010509306034245047,-0.0024798260921138626
803,0.003267970800735487,-0.002683257542546805
804,0.004886027762329936,0.004153495470091394
805,0.017017831081868495,0.010753209706823034
806,0.0,0.010604050883173812
807,0.020717149396840995,0.007344658003365066
808,0.02888367474153064,0.004277227449443967
809,-0.017450720074742465,0.002247020180355136
810,0.025482619966523234,0.0029621533019833224
811,-0.0052710614632336394,0.002375790069294131
812,-0.009841038157873738,-0.0013600428330302829
813,-0.0030581010769374917,-0.007497383551678956
814,0.0038343704663446054,-0.010922022595040506
815,-0.02673799674483046,-0.007287206997969867
816,0.00549455649577224,-0.0002673998698206736
817,0.0007805835191236898,0.0003538669890736038
818,0.0007800490733140819,-0.005094619890281997
819,-0.024941519620195418,-0.0069860638495634056
820,0.02078339121701811,0.0020438772460602502
821,0.03758805990836955,0.013213638883449494
822,0.015094325227557492,0.013756305229125444
823,0.005204509255852585,0.004659458430887607
824,0.0022189150854625694,-0.0020324193272924923
825,-0.012546130915200071,0.0009470727598818998
826,0.0022421324898804773,0.008272645319288813
827,0.03504849160154988,0.009244648700203617
828,-0.007925047245698535,0.001675933076025421
829,-0.0014524660202458461,-0.004575145123826153
830,0.012363641912287004,-0.005264225002310642
831,-0.01724136277318633,-0.0030318572205406363
832,0.0029239737544375366,-0.0006124304243059235
833,0.0036443286998337765,-0.0016568584652975845
834,-0.0029049320404918033,-0.0046624705845310435
835,0.0050983722383382,-0.005512659639187843
836,-0.013768154451561765,-0.002826179416711187
837,0.004408554087454553,0.0020605115928708432
838,0.010972905464016858,0.004182766720167843
839,0.01953693659376765,0.0029570594810538597
840,0.0007097394445376715,0.002410795372934324
841,-0.0028368766504144327,0.005330256392164231
842,0.02204832551141811,0.007688816498269093
843,0.002783574263854005,0.005014156422251313
844,-0.01110338994492377,0.0021748859796478863
845,0.009122815048485444,0.0042874296144303735
846,0.001390786086939766,0.007340427456444835
847,0.004166695917094954,0.005245520103698175
848,0.0020746703244849396,-0.0016734843910792482
849,-0.004140749957910916,-0.004237054857538842
850,0.016632000418744353,0.0011622741830267294
851,-0.007498272399807271,0.0036304499420432568
852,-0.0034340789350184586,-0.003918098636744841
853,-0.015161975434769492,-0.014741867185019185
854,-0.042687169930415214,-0.015716668890789112
855,-0.01242690588461659,-0.005115302325935378
856,0.02368613541102116,0.0019291727678366908
857,-0.020245823175403133,-0.004419969375854793
858,-0.02214023516693342,-0.013001531947755291
859,-0.009811329391767432,-0.01043948983511518
860,0.007621980361432579,0.000973984235710333
861,-0.004538609561630991,0.006790426265929825
862,0.014437730718893427,0.0015256898387210622
863,-0.005992503477160627,-0.005757723867580364
864,0.006782154921548544,-0.004464916277978076
865,0.0029940091976752292,0.0014841258933359085
866,0.005223929141142225,0.003989610752334144
867,0.0037119665733971186,0.00029263020550412294
868,-0.03476333218309302,-0.005074947419905169
869,0.018390786790069003,-0.00429375188056946
870,-0.011286653044456196,0.0017423131425204795
871,0.010654443378274037,0.009194008175456077
872,0.0022590878952373217,0.011866767491546363
873,0.05334335204832552,0.00981359483637221
874,-0.017831668462005013,0.006747750761261795
875,0.03631081941744552,0.010239567964390163
876,0.026629232556181437,0.015331631135336176
877,0.014334473966903571,0.015648883322999158
878,0.013459001854659203,0.008273190050015223
879,-0.00664013138668107,-0.0019777966464318937
880,-0.002673794234694493,-0.004591819748675144
881,-0.009383400979012024,0.0002610360651163295
882,0.012178640624345816,0.002088495465691148
883,0.004679123973644561,-0.005158856042802485
884,0.0026613414879366193,-0.013918260702207561
885,-0.05043127343051923,-0.01485490571248595
886,0.005590490661089742,-0.0074524735837622775
887,0.0055594108267813525,-0.00434769426181476
888,-0.03662755196025558,-0.007944635478256773
889,0.0007173765554417955,-0.008163875373453523
890,0.010752729337312417,-0.002463024364909795
891,0.0021276405786923025,0.00399489103702551
892,0.0014153930592624153,0.005491615154568714
893,-0.004240245057237413,0.003041602894642554
894,0.009936081485614645,0.0027675340165022383
895,0.013352111044956372,0.00564526547913817
896,0.0034674195887878234,0.007861113411983811
897,-0.010366314404732901,0.007208049452033487
898,0.01536314746628964,0.0034660079275918424
899,-0.01788172142805855,-0.002628717892814154
900,-0.013305292992730755,-0.003924891952201609
901,0.019162491211170307,0.0010000186686994214
902,-0.006267353834630729,0.0036574730039999797
903,0.0028030806285830323,-0.0010150357313224905
904,0.0034940066802515712,-0.009888751274339162
905,-0.03203342960618205,-0.01261895095333675
906,-0.001438813283325291,-0.004915885462709149
907,0.014409208041508137,0.001459433890838949
908,-0.004971569261613684,-0.0017831214433635082
909,-0.0014275843994946413,-0.008443248402707377
910,-0.03431018942739894,-0.008707479277843216
911,0.00888230077913299,2.4069941176643338e-05
912,0.004402015072532128,0.00688929782075017
913,0.0051132688564021755,0.006357325974581815
914,0.00508718703923372,0.0040230237918889265
915,0.031814933946847646,0.005912281122909894
916,0.0,0.008974538560544257
917,0.011212322514331685,0.0094474968896546
918,0.004850983599710146,0.005971952539619483
919,-0.004827565160291036,0.002227978199527904
920,0.015938983878873048,0.0010800882593350611
921,0.006139164633332417,0.0009083650653593908
922,-0.0027118618205442813,0.0005332920022106126
923,-0.008837533249748009,-0.001805322411003151
924,-0.006172850004035668,-0.006504137525193302
925,-0.013112462621429066,-0.009637806739874157
926,-0.0013986333913920124,-0.006645545122721925
927,-0.004901939505124409,0.00010764722678638372
928,0.027445485029964134,0.003279470153401188
929,0.01232872238345406,-0.0021820932857816683
930,-0.019621107381084246,-0.007802206677014477
931,0.0006901469316629161,-0.003215688093653341
932,-0.002068947101461327,0.005827317659352202
933,0.015203822342407136,0.007775124399256687
934,0.017018380336364602,0.0012337311413490393
935,-0.009370776009409054,-0.0017222023496163766
936,0.010810800361494177,0.005977227475076478
937,0.01938502413860621,0.012901560132268466
938,0.0013115054271259918,0.008469287816108832
939,-0.01047811370595464,-0.00011111204591303381
940,0.00992723862427769,0.0005241643151139234
941,0.01703802260695575,0.009986328931978504
942,0.027706142965115976,0.014489931001220192
943,-0.005015669257850686,0.005649531536608263
944,0.013232516676831452,-0.00604320426925247
945,-0.021144288196583982,-0.007599642803128266
946,-0.0031766322402756453,0.0014957708644766123
947,-0.0006373024521952875,0.0056884877257510355
948,0.008928532329315564,-0.0035463310207793615
949,-0.027812869081612956,-0.015243125360396964
950,-0.02795840715059783,-0.01219024808172226
951,0.011371242706544438,0.0011643408409117324
952,0.0006613908040691285,0.00428687649226569
953,0.003965595868377747,-0.00598814302668901
954,-0.024358123487831174,-0.012906481018877704
955,-0.017543811104012708,-0.004575202835353279
956,0.010989000192372478,0.006464733681254571
957,0.0013586619379453158,0.003294318500020781
958,-0.047489811406695615,-0.007289900608556864
959,0.0007122670163111078,-0.006566336368283991
960,0.01138788934092827,0.003952586041782818
961,0.008444749137012098,0.009442189190548674
962,-0.01535242625262434,0.0028330035916059775
963,-0.005669732505499847,-0.006206351500184805
964,-0.017106185009693964,-0.006744542819026709
965,-0.023930378870117952,0.00018747769586973891
966,-0.011144102385227339,0.0036112652947919467
967,-0.0007513319734459012,-0.002284582793125241
968,-0.009022547657005164,-0.009486267379412758
969,-0.009104695203379976,-0.007653864331532497
970,-0.016845349154687494,-0.00012672307892601462
971,-0.01090345340023513,0.0007013377507135909
972,-0.01732285593172289,-0.009505986237409435
973,-0.0633012813165108,-0.01714084926407338
974,0.022241252199712402,-0.008911757527658094
975,0.002510437945608235,0.002832860897566465
976,0.007512533892058304,0.0039766558492456035
977,0.005799556774517045,-0.0076856525964436595
978,-0.0716639094691296,-0.017868678381055467
979,0.02218278525692341,-0.012218280150637067
980,-0.05989587731245316,-0.0009950424138784218
981,0.010156939746275073,0.006435784852918994
982,0.0009140977390682536,0.0021731692711967872
983,-0.026484015242415726,-0.004201194528651128
984,0.01969981624323891,2.852633242051046e-06
985,-0.012879516540634572,0.01059476679641502
986,0.050326275728320935,0.01799223704117417
987,-0.007985816231790066,0.01294926657896477
988,-0.0214669694312416,0.0036332075656048584
989,0.015539312871526656,-0.0012958946682080953
990,-0.032403210423222806,-0.000677695498006755
991,0.01860463342001273,0.0044304366631991235
992,-0.011872156776744469,0.003970199286523886
993,0.036044395039060095,-0.0053683610422472884
994,-0.034790396252953215,-0.018119084816151827
995,-0.03419592384425596,-0.020871956536233534
996,-0.06315788128789657,-0.014431756254197325
997,0.02349341131837046,-0.010001157866392704
998,-0.02994013742807944,-0.014951240336424787
999,-0.015432157210263253,-0.016558450712693202
1000,-0.029258071253923323,-0.0072141031403430665
1001,0.06566196546631331,0.0036581388172367037
1002,-0.028282802400022677,0.0012877698352835372
1003,-0.009355525328331171,-0.002106081583863122
1004,0.013641145654091913,0.00576090607540943
1005,0.019668792656194256,0.017280532001304
1006,0.010152225778948587,0.017471886689067635
1007,0.0231156281728242,0.008623031174026054
1008,0.010805466933170749,0.006761613500225352
1009,0.020408167048151737,0.016176732061184806
1010,0.05238097054617752,0.02101489019872021
1011,0.004524904060796864,0.009982362200014739
1012,-0.018018086132081,-0.00438822832393774
1013,-0.01926605921985236,-0.006062221443927826
1014,0.02899910493781177,0.00384533635636118
1015,0.00545458360151807,0.008084874312724708
1016,-0.002712539376788503,0.0005113578960993575
1017,0.025385375650420094,-0.00856944023059895
1018,-0.016799339258031343,-0.008677186139726609
1019,-0.006294936649695826,-0.0002688877233037357
1020,0.010859717962692805,0.004189784416623591
1021,0.007162034302563569,-0.0007551463258543969
1022,-0.026666683620876763,-0.006430708752412908
1023,0.019178086009580042,-0.0032146224993372437
1024,0.0215053561289984,0.003284369503006041
1025,-0.004385898134529609,0.0044173273357199635
1026,0.024669579168325573,-0.00035922148485284977
1027,-0.011177997692321417,-0.0058759585451545835
1028,-0.018260872882345458,-0.00503124128411518
1029,0.0026571951348588474,-0.0014895738762610209
1030,-0.02208480624909448,-0.0015949371682577459
1031,0.0009033630675265858,-0.0022229155840962364
1032,-0.006317662031247173,-0.00020780132800154376
1033,0.013623943270844707,0.004620574829510951
1034,0.016129059824093295,0.007189177013897633
1035,0.012345625023337359,0.005413922773595213
1036,0.020034887202255103,0.0038349496591171435
1037,0.005977770674311156,0.005988998546416576
1038,0.012733495382410753,0.007942693515005943
1039,-0.004191130717169367,0.0032166583054325693
1040,0.0058922301472985605,-0.004327644592232624
1041,-0.03179917326411108,-0.006027717952239977
1042,0.005185861814978043,0.0004621294077235905
1043,0.022355995384642835,0.0038827028735308943
1044,0.005046212296879959,-0.0021166297974389535
1045,-0.024267779621902852,-0.008660270138531089
1046,0.012006890665082315,-0.005621131789208802
1047,0.0016948732005157563,0.0016677212622300888
1048,-0.005922140154950406,0.003571973220101906
1049,0.005106418690782988,-0.001088963916292789
1050,-0.00677399445706095,-0.0039870393351345255
1051,0.011082704135905841,0.0011186084678556144
1052,0.0025295689303515,0.007629341973112213
1053,0.025231221900596568,0.007593278419047547
1054,0.0024610900474342223,0.0010235476695789076
1055,-0.0016366986355669244,-0.002249231214229537
1056,0.009016443612402725,0.0015516555861317123
1057,-0.0024370987508417485,0.004953337124374988
1058,0.017915331580840466,0.0015196799123869658
1059,-0.004800033569335893,-0.005535550281185176
1060,-0.01688103257480189,-0.0054595652226469065
1061,0.0016353604670711341,0.001658052054507166
1062,0.01795920547173968,0.003716010486301216
1063,-0.010425029002176123,-0.0022883711479859173
1064,0.0008103913094148485,-0.004091931282062282
1065,0.012145717724457716,0.003650062027915481
1066,0.02559997558593774,0.011026631023417766
1067,0.01482063483467333,0.007485034464531717
1068,-0.001537314174619886,-0.0014182094057387067
1069,-0.005388737186882597,-0.0019327037907325966
1070,0.01780182204939318,0.006852786726285012
1071,0.01901140739561047,0.01081501233494009
1072,-0.0052238579714152245,0.003299623947764877
1073,0.006001494685966335,-0.005067292940755851
1074,-0.010439924775648257,-0.003660756567435227
1075,0.002260718307182774,0.004916491450302235
1076,-0.004511309680919839,0.007618197291756198
1077,0.009818739931136466,0.0006568886676080773
1078,-0.006731499877206559,-0.006332284597169238
1079,0.003012045380823336,-0.0020521916814040904
1080,0.026276305517163534,0.008074122533131915
1081,0.008778338324019641,0.00794410753166249
1082,-0.007976769904390002,-0.004352737642317496
1083,-0.010964953863914606,-0.013793397576483393
1084,-0.032520294831275276,-0.009129947400088677
1085,0.010695140413788273,0.0019522178404242927
1086,0.004535179266269118,0.001990727127850642
1087,-0.0052670951862408,-0.0081735771489545
1088,-0.030257228753785004,-0.013295856993910265
1089,0.0039001709769967974,-0.005357267398411456
1090,0.015540000858084824,0.004301806618855224
1091,-0.026013784279010688,0.004512031130575181
1092,0.012568798652000446,-0.00046992745807937367
1093,-0.006206355436406019,-0.0021545897108544757
1094,0.0023418994526533954,0.004324354318976948
1095,-0.012461047158154659,0.011657228719928792
1096,0.014984193675906088,0.011541933540035031
1097,0.00777003747932703,0.004504243127085775
1098,0.01310717600570177,0.0007428373954026825
1099,-0.004566241860655018,0.005126215942953298
1100,0.005351658656920444,0.009743202992471384
1101,-0.0015208748798117844,0.0023098049484160995
1102,-0.029702996186101616,-0.013405837940216008
1103,-0.05102037913719881,-0.018355523911234392
1104,0.011579767401282526,-0.007228531413507299
1105,0.0,0.00024266283287270422
1106,0.0008176802335357891,-0.007706385679728897
1107,-0.03921564960883017,-0.020946638885898792
1108,-0.05612243491213453,-0.021805344913470005
1109,-0.009909964555964934,-0.01026660863585381
1110,0.015468615089575088,-0.002657567697883896
1111,-0.03494618234594993,-0.0039031952447846274
1112,0.026926643410119633,-0.00392702291672222
1113,0.015370625331813548,-0.002293820279199151
1114,-0.010685653646534843,-0.001160563843379133
1115,0.0,-0.00020727578038146424
1116,-0.04230416992605546,0.0022724574673599067
1117,0.02255636873816247,0.00739644634021366
1118,0.005514656738169199,0.007400838550843269
1119,-0.01188292191525353,0.0055870345762402684
1120,0.0407030123315113,0.009380054456375974
1121,0.007111104329427187,0.014974774985121947
1122,0.04589589243294334,0.016456501662918663
1123,0.01012657229502989,0.009443237168711436
1124,0.003341684290785185,0.0018680295721178047
1125,-0.0008326585088470617,0.0014413023127980065
1126,0.024166663487752205,0.00546572049448062
1127,0.0,0.004160528265324844
1128,-0.020341741316190043,-0.002663674791509904
1129,0.01993353587031277,-0.007529019244374574
1130,-0.04723126517248877,-0.00721823980252676
1131,0.005982961507666307,-0.0007966546417279272
1132,0.015293062404490687,0.0030006568527168745
1133,-0.0016735986952779447,0.0016833393249288597
1134,0.009220423626437269,8.267248632484953e-05
1135,0.04069765553742988,0.00034218557594040133
1136,0.0015962057613652103,0.0012573998371402258
1137,-0.0023904169334865166,0.001990019138221853
1138,-0.01757190566973066,-0.001039209852212549
1139,-0.01869922701984128,-0.006941078096990405
1140,-0.026511988642505147,-0.010549431117120658
1141,-0.016170177053897894,-0.006921823907340209
1142,0.009515540889651009,0.002025751165079403
1143,0.0008569176363715236,0.006991064373696708
1144,0.011130146493516069,0.0015900280702976395
1145,-0.01862830306622032,-0.008128328990660898
1146,0.0008628325064863329,-0.006581832294685855
1147,0.004310278915199195,0.005937716752142607
1148,0.014592281704760346,0.012556491178489532
1149,0.021996635837112866,0.002768439619276114
1150,-0.0033112551411966784,-0.012973412490830788
1151,-0.06063119140774287,-0.014957247774318238
1152,0.015030867932133152,-0.0007998395768601795
1153,-0.00958185200901307,0.0067954475695748496
1154,-0.02022863188665891,-0.0018930564511224295
1155,-0.02692999833834664,-0.012886217706202265
1156,0.011070099987999793,-0.007648208536772675
1157,0.02919705234584291,0.009050370154522328
1158,0.0070921919858044635,0.017134071114426705
1159,0.04489438770203358,0.00893720309836583
1160,-0.03622580533458264,-0.005068200993024675
1161,-0.007867063130657992,-0.006237932656180354
1162,0.004405218976219594,0.0030712499462413607
1163,0.022807038384388578,0.009588249393661322
1164,-0.002572875931713625,0.005653745398577841
1165,-0.0017197297993866156,-0.003510413537308141
1166,-0.006890605174139197,-0.009626507206486314
1167,-0.029488305330625852,-0.008396840995688397
1168,-0.0008935903112140542,-0.0012306953642881742
1169,0.021466884129426766,0.004183545950237791
1170,0.019264471590109356,0.0031087511501677093
1171,0.012027438618482877,-0.0017920139718729168
1172,-0.027164660617823744,-0.004995362256327431
1173,-0.020942388335015272,-0.0027406825492014416
1174,0.043671992821433525,0.001405999497177169
1175,-0.0008539905080494625,0.004101372512289065
1176,0.005982961507666307,0.009192750675263098
1177,0.026338101434643768,0.009979944357573422
1178,-0.008278177326266678,6.2115132329248e-05
1179,-0.025041673499475503,-0.007441709315916961
1180,-0.017979454851033805,0.0011138403404398539
1181,-0.0026155785481321026,0.018427767412570024
1182,0.12150353097094979,0.021332859270533168
1183,-0.042088851524875404,0.001316029730969519
1184,-0.015459689257367182,-0.009891979864524635
1185,0.007437950088944101,-0.0008502541116241435
1186,0.0008203633491448148,0.009081106815570467
1187,0.000819690904768855,0.0022859173449261243
1188,-0.02538905967634575,-0.013308174245012006
1189,-0.008403313529497636,-0.015998347562578997
1190,0.0,-0.00620776664032223
1191,-0.011864435683033303,-0.002494764285490683
1192,-0.027444228045615415,-0.010837228806396584
1193,-0.013227563508485307,-0.01732077611918392
1194,-0.018766760144934613,-0.01121465375921881
1195,-0.004553664767308674,0.0010260836786087522
1196,0.010064012223783392,0.004240697446416646
1197,0.0,-0.0033346282745555997
1198,-0.013586922015269343,-0.006730622747878948
1199,0.00918268362192709,0.0026852173439705857
1200,0.018198345171101638,0.012832591493458875
1201,0.02055411121854278,0.009566006618812151
1202,-0.021015741638773178,-0.0021934041288972856
1203,-0.010733442064713383,-0.004320654043862872
1204,0.007233265883440865,0.005147149628958879
1205,0.012567269778618106,0.011121082391000894
1206,-0.005319101716554475,0.005430098278621969
1207,-0.0008912859753865687,-0.0023261985795982962
1208,0.011596798750984405,-0.0016611240270286327
1209,0.027336813207329724,0.004780395740901649
1210,0.006866946465715396,0.007406155719012748
1211,0.008525182043669588,0.0031683070789028725
1212,-0.01521557957198949,-0.004149975158610655
1213,-0.006008557692386507,-0.006977877047091794
1214,-0.009499106856819428,-0.003432830739376699
1215,-0.014821279192348658,0.0029729993704533985
1216,0.03451321974031529,0.006119968749470316
1217,0.010265256077063523,0.0019848288592419394
1218,0.010160870558459711,-0.0024975878620134145
1219,-0.010058665757704865,-0.0011427778183724397
1220,0.005927154304579574,0.004361014797473692
1221,0.009259230270842744,0.004916635330148004
1222,-0.008340236005366042,-0.001181528196101623
1223,-0.0016821242376923173,-0.003976476072408909
1224,0.0075821527763773044,0.0005217603629927653
1225,-0.004180617941085707,0.004314167781516486
1226,0.014273726152136179,0.0012417364607227297
1227,-0.014900687608659924,-0.004562736549049576
1228,-0.027731086914674297,-0.0036565829042491077
1229,0.02852203391618735,0.002269874167643072
1230,0.025210100869895058,0.0027754031708252264
1231,-0.007377061802865237,-0.0010301844598458723
1232,0.0,-0.001748565315995803
1233,0.0066061045395608975,-0.00042301563515062925
1234,-0.0041016602774134325,-0.0026070005868820694
1235,-0.042833644403452165,-0.006298524980294186
1236,0.00430294244641094,-0.003475220769528152
1237,0.007712095287018217,0.0038488935427602672
1238,0.036564569994260276,0.007633656349679172
1239,0.0,0.003499193241208191
1240,0.010664488836416464,-0.0005163485051116073
1241,0.0008117069098658725,0.0009794261767064587
1242,0.004866214110945899,0.004839326406960967
1243,-0.007263934632285585,0.0051076770457193586
1244,0.00569103201127974,0.0021176852641452927
1245,0.009700880086439989,-0.0001506835742952255
1246,0.008006435812830448,0.001079814463873864
1247,0.010325664246652044,0.004209885733479358
1248,0.0015722880243325132,0.0046811463490546565
1249,0.003139714487570444,0.0009359933532293974
1250,-0.011737059598153743,-0.0033764318168048807
1251,0.005542335248610364,-0.002039855773020199
1252,0.005511862169278681,0.0039277956943852095
1253,0.009397014977092555,0.0076005038081995956
1254,0.0015515518663049566,0.0038150884592720825
1255,-0.0015491482823961622,-0.0030323878833694424
1256,-0.006206355436406019,-0.004216479806130354
1257,0.0,0.002459707705813798
1258,0.02888367474153064,0.008331663214883045
1259,-0.0015174853794059917,0.004356749216221894
1260,-0.002279614993847545,-0.004986026169551074
1261,-0.03579590730634363,-0.009660341830463272
1262,-0.013428126251414874,-0.004504889790279461
1263,-0.0064051181082522834,0.0021828188187079634
1264,-0.016921840509995234,0.002435658324027493
1265,0.00655737089809616,-0.0016844352531581019
1266,-0.008143276056180704,-0.004679163084581368
1267,0.00903117027267264,-0.0025678539296893235
1268,0.0032546755066871214,0.0009991615081789307
1269,-0.007299282493493875,0.0011679713935053926
1270,-0.027777790763539367,-0.00368778196829644
1271,-0.020168048639635727,-0.010563299616874341
1272,-0.019725518460223412,-0.014449149418796114
1273,-0.028871383630376668,-0.010264157226542841
1274,0.013513478682458668,-0.0009657117293852295
1275,-0.008000013563368102,0.0005636290473408374
1276,-0.007168452042999429,-0.008571721639112755
1277,-0.02166062931143853,-0.017360449998838907
1278,-0.032287857614667015,-0.01225066760074479
1279,-0.004766462519143921,0.003917192668019142
1280,0.024904237483914793,0.011953638571523532
1281,0.0037383142585096785,0.0027293670396566854
1282,-0.014897565253434997,-0.007886408047865919
1283,-0.015122859032692948,-0.0013928116345342826
1284,0.0076775358080907186,0.016411641513713993
1285,0.029523849487304688,0.02175290477438488
1286,0.00277518333086757,0.008602034896123946
1287,0.010147569661333122,-0.0007688049330756581
1288,0.0,0.007068842869921772
1289,0.02100461186456215,0.018352835462352887
1290,0.008944492403020199,0.013639238903727013
1291,-0.010638287978706473,-0.0030105878526209408
1292,-0.03763441595309158,-0.01139482398794086
1293,-0.03165737056179585,-0.001262703898768676
1294,-0.020192312100935417,0.011409088250085667
1295,-0.040235511707124805,0.0037993588320258467
1296,-0.033742324408612245,-0.015101903153322466
1297,0.0497354789963067,-0.015287427679885692
1298,-0.003024166606901746,0.0040909683466748125
1299,-0.003033436360370123,0.01444886581752973
1300,-0.02535497045689028,-0.005863495701283602
1301,-0.09157129509671458,-0.041677345321021096
1302,-0.2531500202969871,-0.053768132009898495
1303,0.11042941599661416,-0.023674346461423888
1304,-0.04143642588145724,0.003000601896533006
1305,-0.05763690087455642,0.000443521238465229
1306,0.06422019552656755,-0.030903968776622603
1307,-0.13074710379662402,-0.05836540561987089
1308,-0.05619837055684329,-0.04251835180405947
1309,-0.17513134734137814,-0.006952933845474175
1310,0.14012735500354023,0.008655942274325076
1311,-0.0800744576354595,-0.018191258513844788
1312,-0.012145737264080192,-0.03946495049748697
1313,0.02049178325562906,-0.02018279665144486
1314,0.020080302058145927,0.022008349763951305
1315,-0.04921259916429599,0.03515836186016871
1316,-0.07453419031074782,0.0027670993240260858
1317,-0.05369122648389968,-0.022249075224961633
1318,-0.004728127857288822,0.01008128967401558
1319,0.04038006526213023,0.07194511457442418
1320,0.16666666666666674,0.09344169268266123
1321,0.15459881432717393,0.04957664236140272
1322,-0.07118645245848754,-0.004274618602900765
1323,-0.07116785860003216,0.0006851811921791892
1324,0.05500976907217425,0.04192340525027965
1325,-0.07262567500874206,0.03934610953052887
1326,-0.010040198904289643,-0.020087018939249475
1327,-0.054766732318021205,-0.06996108336045315
1328,-0.049356228885118036,-0.05045775769331081
1329,-0.01580128612566345,-0.007526950527879696
1330,-0.034403690544505316,-0.02526000297702171
1331,-0.109263666028241,-0.09211932193185013
1332,-0.2506666819254557,-0.1173742505052379
1333,-0.10676155104100693,-0.06279626930283375
1334,0.05179287447603742,-0.0032478133391223643
1335,-0.026515215484780308,-0.009716346371282856
1336,-0.14785987777939713,-0.04707612352482196
1337,-0.0273972334300725,-0.03973665896129165
1338,0.056337971413949806,0.013124489961396032
1339,0.06222226884629989,0.05119981113583579
1340,-0.01359833773376884,0.042421458523301786
1341,0.04294800846919422,0.019091944474732704
1342,0.09354347460351264,0.013609665767196844
1343,-0.03068339564803535,0.022432546856548358
1344,-0.01822547055936563,0.0326549905397363
1345,0.04885198014381986,0.02941973434250076
1346,-0.013972950472985857,0.009808127262530743
1347,-0.00944736713361738,-0.005906746942571503
1348,-0.01764420333810568,-0.000552084424538463
1349,0.041262153676187685,0.018622090186950463
1350,0.04382277824125236,0.02456128367237448
1351,0.0857525738558802,0.010197533944066285
1352,0.00534763763764623,-0.004408057912028
1353,0.03682486083730252,0.0014796179748174055
1354,0.04972376563909209,0.012817359221936084
1355,-0.038721829769710614,0.008037149185757127
1356,0.003519755716153039,-0.006705067614477476
1357,-0.025720960691224315,-0.014452366613779041
1358,0.0012000274658203747,-0.003594738331068361
1359,0.033959187007717606,0.012215389603975583
1360,0.013137564281815006,0.013582459593015154
1361,0.03241801692331858,0.002273103234984987
1362,0.0018471054663047326,-0.006821597683669823
1363,0.014011768031248373,-0.0009484968623717461
1364,0.049818212335760004,0.01155983557116605
1365,-0.01731901577642203,0.011428496042240922
1366,0.001762398152325817,-0.002557794023472884
1367,0.0003518729364879736,-0.01723928691610637
1368,-0.07281040002125405,-0.01573136844699576
1369,0.002655527056275364,0.0022044046106737955
1370,0.020809656856221936,0.011329726263263219
1371,0.02446255962231958,0.0012221870241841456
1372,-0.013024555389019254,-0.010949198695205328
1373,0.022360655705611743,-0.005241762560809049
1374,0.012190755110381257,0.010112916850675625
1375,0.026567481833568163,0.013399025817167263
1376,-0.008971712663518372,-0.0015628043549018892
1377,-0.05118382132658883,-0.01310679604205535
1378,0.025321120515875872,-0.0050897613315486305
1379,-0.02075876566283752,0.007780330471564892
1380,0.03326022759911118,0.010227484081790934
1381,-0.0074284042596687305,0.000478094784671199
1382,0.010335029260400752,-0.0054117072667428795
1383,0.014109333797107215,-0.0007310832938042487
1384,0.007304315981657705,0.006369481807498882
1385,-0.005870102704404467,0.006974849026339147
1386,0.013546348636553907,0.0003955222485601032
1387,-0.026387952354719246,-0.006075729178274609
1388,0.021823331311628724,-0.0035184065977535584
1389,-0.018256998763672816,0.0034436176072136166
1390,0.01333330388654752,0.0073898426474573835
1391,0.014196737073238097,0.002486763208196341
1392,-0.004438411200128001,-0.004814890357433954
1393,-0.0020575948647580944,-0.0037939838609137673
1394,0.0006873009450683032,0.0040558206346580335
1395,0.020604342610894166,0.007728383519207835
1396,0.0010094443922827878,0.0008614274144093049
1397,-0.01142857655757612,-0.0073845129668214165
1398,0.0010200845563128613,-0.005886461210496282
1399,0.00951082792858493,0.0020068636216836987
1400,-0.012449493285099256,0.004608874168008984
1401,0.007495717563717363,-0.0013168476608859075
1402,-0.021643537242256317,-0.008185801523266934
1403,0.004839246048102819,-0.00526975760829727
1404,0.009287941541043176,0.003975200935472412
1405,0.014996609808088479,0.008855780117713236
1406,0.01511077384872661,0.004188347081793492
1407,-0.0016539608937370387,-0.0038649802474153647
1408,-0.01093439099964022,-0.0044258074550609676
1409,0.010385241607394624,0.0030108946894672776
1410,-0.011273214665386111,0.008092875219405108
1411,0.024815552605341074,0.005292230840512128
1412,-0.005235597192677188,-0.0023131441703920534
1413,-0.00230262156916472,-0.0030165393052729197
1414,0.014507106335787112,0.004566771954146122
1415,-0.005524864275751162,0.009424580216893824
1416,0.001960766836418548,0.005288758978454364
1417,-0.004566190161291006,-0.002585220514568407
1418,-0.011140240743391039,-0.0030391476951021085
1419,0.005632871920971727,0.005106805404804804
1420,0.01878087932981498,0.010238235595628286
1421,0.00032342266679052933,0.004279583639376145
1422,-0.008406085558244514,-0.006503187980612299
1423,0.001630232700885692,-0.010809657891524285
1424,-0.004557271900314741,-0.005930236222856477
1425,0.0009810558116531976,-0.0008978150846837112
1426,-0.02450179630987559,-0.006258770550052335
1427,-0.007367756738318687,-0.017795613971176325
1428,-0.03812412901605,-0.022913241884427067
1429,-0.061732732892049724,-0.012942074107224082
1430,0.02467289149204155,0.0020807338378364786
1431,-0.022619443098731096,0.003325997395015866
1432,0.009331839919986873,-0.0037202554481097416
1433,-0.0036982388344632966,-0.00395673322454428
1434,0.02152932116585582,0.009092992715062451
1435,0.04287791735275537,0.020852371385382082
1436,0.018466855930584725,0.01542651009693435
1437,-0.005815945226010033,6.187149539924486e-05
1438,-0.026496853563863887,-0.0058774725662097335
1439,-0.004241811076348689,0.001850427177114219
1440,-0.004969804375905995,0.0070984963340853975
1441,0.016767723932965106,0.0004948292888323925
1442,-0.005263144509834117,-0.008645485493102583
1443,0.011992950547193848,-0.007956524677521018
1444,-0.0345067881732154,-0.0018795817609979894
1445,0.02129964391110306,-8.092043180352865e-05
1446,-0.0275716034430169,-0.007186876457377877
1447,-0.04216647901712001,-0.008757997258048393
1448,0.05996204557238527,0.003286914791426094
1449,0.01646971283374521,0.013412127342962852
1450,0.0,0.011598822609609316
1451,0.02641775329778495,0.0019408994935330506
1452,-0.015442651510510275,-0.002852999208989699
1453,-0.02161034603319023,0.004874978552391585
1454,0.013893815243622765,0.013616018258508014
1455,0.018271274578057772,0.009524260803917502
1456,-0.001380228047292209,-0.0025925083872733686
1457,-0.007601977078204425,-0.007236580375903933
1458,-0.0045264332825436515,-0.00014779985083904342
1459,0.01608950968931766,0.004302168894423722
1460,-0.03270219898590765,-0.006103410963495088
1461,0.014590741702711352,-0.01865805286339004
1462,-0.022097546932918655,-0.018090056374592954
1463,-0.027618313256572935,-0.004634856130645428
1464,0.021394316143415804,0.000925647394542671
1465,-0.04983752407002984,-0.012795116722606414
1466,-0.026985902656202376,-0.023430856384648764
1467,-0.013671889697434159,-0.011281082501926198
1468,0.04000000906462731,0.014109026143215615
1469,0.017517101312387817,0.022514082639117614
1470,0.026946154161885616,0.0061055326678784855
1471,-0.010204106457577522,-0.01092302815157647
1472,-0.025405027169886574,-0.0020501336093015562
1473,0.06044580366356511,0.02229293138754388
1474,0.02992519279374184,0.02668295060914115
1475,0.004496750909767755,0.006128857609558619
1476,-0.013085435817326463,-0.013361245069549171
1477,-0.018492696771363226,-0.009408381004476787
1478,0.024173491840134398,0.009674623908221186
1479,0.002082657910561503,0.016304801492932987
1480,0.004502915032476684,0.003584302898298278
1481,0.003103453537513401,-0.010645559199097647
1482,0.006187703823706148,-0.008530156058107828
1483,0.008541168298263235,0.006657433726359683
1484,0.04336039158021898,0.016513120782607124
1485,0.018506545983513867,0.008871665019643978
1486,-0.004781687021547909,-0.006297159546316511
1487,-0.008007687556003895,-0.01137768311021151
1488,-0.011301210264159312,-0.0020014415817396817
1489,0.011430387476431436,0.009165682509856759
1490,0.009041029798304567,0.00771892145761797
1491,0.009919982910156167,-0.00288805066783209
1492,-0.005069703742700216,-0.008338287516119472
1493,0.00031847863067913096,-0.0020200147343682347
1494,-0.0022285799160863817,0.007920886194417442
1495,0.024569255073857654,0.009876476039615454
1496,-0.005294303116242904,0.001257179024219865
1497,0.007200927709517302,-0.005394015705442911
1498,0.011501484850540145,-0.0015298395535119464
1499,0.0061463047729668485,0.006515568631645747
1500,0.012828287947875827,0.006561200662988896
1501,0.00965017178216887,-0.0030702824624157907
1502,-0.025089610635394388,-0.01099496091826243
1503,-0.01685046713680316,-0.008063727806649077
1504,0.0205671500241138,-0.00017927239777837996
1505,0.005190783784589703,0.0018785304056157383
1506,-0.0100242416376779,-0.0017803813864210433
1507,0.005829967039564288,-0.004206410064950955
1508,0.003965865556936565,-0.0017882542309762312
1509,0.003038543743079325,0.003152174599992236
1510,-0.019085043485355335,0.007006158097046527
1511,0.04817781059710624,0.009596335342979202
1512,0.005008897776112242,0.008279192777994373
1513,0.012313050760188293,0.006870455376682361
1514,0.02606433703144284,0.00701863984219959
1515,-0.004798249567549262,0.007556422678562009
1516,0.0181509709248866,0.006377551658546482
1517,-0.0027855789573232315,0.0009328654021970536
1518,0.012290571250927806,-0.003543272721501047
1519,-0.02483447804070249,-0.0038438769114190656
1520,0.011601580238875142,-0.0021060468088038814
1521,0.0011189067280374942,-0.004820427434362816
1522,-0.0008382954240474527,-0.009418990135447784
1523,-0.014820995642433554,-0.009162108823320966
1524,0.010218581181642206,-0.0035645316062170446
1525,-0.0039336720721608875,-0.0007021160109314008
1526,0.001410415683624322,-0.0034888137332703367
1527,-0.007042253521126751,-0.005679179148567212
1528,-0.001985806945367874,0.00041468361063182494
1529,0.026719687849766416,0.01030258322875732
1530,0.019379866656682898,0.011864588934984313
1531,0.016838645763810556,0.005395708288416722
1532,0.009882552354531393,0.002096881202903811
1533,0.010050178249567443,0.00771990889453896
1534,0.01963864956715322,0.013502971027918493
1535,0.00590651130836406,0.00910048744337557
1536,0.0028082873498518346,-0.0009637842158958425
1537,-0.007891995117809025,-0.0039634339946034314
1538,0.024890874406504615,0.0032917418616394863
1539,0.01276920765564138,0.008638605326342003
1540,0.010877592544129566,0.003722590298257505
1541,-0.01516260555488591,-0.006530872987626114
1542,-0.014651108663549683,-0.009301776095770323
1543,0.04032254188043449,-0.002171754722607441
1544,0.00823643804850116,0.004447101908208188
1545,0.0211437071287639,0.0055784000586914136
1546,-0.0009411980124081065,-7.859197577189734e-05
1547,-0.027084261327791403,-0.007573263495673728
1548,-0.017187191371748067,-0.008585553471102509
1549,-0.013054157616155915,0.0006517015149316383
1550,0.02670326186606964,0.014191562308998755
1551,0.046912988182041815,0.01801582786889746
1552,0.031808658964290526,0.008330966407140252
1553,-0.021152084963027562,-0.0019468675217936245
1554,-0.008965503210308867,-0.0003192966431203644
1555,0.014613803275241866,0.007576448704858905
1556,0.019661562932167476,0.009192838859062906
1557,-0.005605381357693617,0.0016355757504749031
1558,-0.002029315798971254,-0.007432811020457568
1559,-0.009715239647203444,-0.011413745290838734
1560,-0.00022820296172976207,-0.010646628298488638
1561,-0.07644907570633275,-0.008341943956478077
1562,0.03212254010003601,-0.0041875656368230785
1563,-0.0014364704963718555,-0.006957769333856693
1564,-0.056101659169275786,-0.010719854913438399
1565,0.052832153606439336,-0.006047690562436741
1566,-0.03763573810801513,0.0005069887914627739
1567,0.041113046245722096,0.00582370899262207
1568,0.009390787409385926,0.002450169367274156
1569,-0.01789122215552974,-0.003017856131707624
1570,-0.015545285841940704,-0.0019456895684705393
1571,0.03232177184175411,0.0018155176289785528
1572,-0.03728492752394308,0.0020631669231767538
1573,0.01042706048587183,0.0029204954686842706
1574,0.003931200108423738,0.002615366655931019
1575,-0.0009789749126242198,0.0010656017139547376
1576,-0.004409610644818374,0.001036508006280962
1577,0.006397690456085403,0.0035511933717029725
1578,0.012224938419223008,0.006545193400779952
1579,0.039613510367222604,0.006708224104788597
1580,0.005343855421558574,0.0024429619004218534
1581,-0.0020799665272881462,-0.0012568739960516976
1582,0.003242227620634308,-0.0017691309147352483
1583,-0.013388689299245748,-0.0017325436771825984
1584,-0.022695395007245156,-0.0028413683282347804
1585,0.007660993328161281,-0.0034168804552223092
1586,0.008790661215096529,-0.0016200612091248634
1587,-0.003061640513918662,0.0026240812948355747
1588,0.018426618132689088,0.00520866875237836
1589,0.009742476525144594,0.0027568425799031986
1590,0.016770033602286905,-0.00023837634079713291
1591,-0.022367779062654858,0.0014764505541937753
1592,0.016408575848426254,0.007816603237480955
1593,0.0202364574559335,0.008112302497562169
1594,-0.0046801669149011405,-0.00035798507188637956
1595,-0.005597850444562513,-0.0055795777846921095
1596,0.0004503593297093822,0.00022227092126828404
1597,0.0011253485644184824,0.007214927068059067
1598,0.008767971979813272,0.00202016863893829
1599,0.007800363208158023,-0.01049891153254615
1600,-0.031180889193929695,-0.011982405961545265
1601,0.020543202076463096,0.001130099950780181
1602,0.015209132612394427,0.007146330399586485
1603,-0.01211718978753673,-0.003854732030630228
1604,-0.031445134759454985,-0.01593843874444747
1605,-0.02187429786470063,-0.01062024040227934
1606,0.028719426408894355,0.0071254311061669994
1607,0.03020594214597061,0.014459059997279235
1608,-0.0022212858241122957,0.004717960813238241
1609,0.0062333616519982815,-0.0049243225574163935
1610,0.007743328942774408,-0.0013177615803575777
1611,-0.0028540300832642362,0.009421058647331504
1612,0.020035308207730473,0.01316962490789626
1613,0.012303036311173798,0.005680707554773876
1614,0.001492530757927435,-0.0021751524063993747
1615,0.006174091830814188,-0.0012822465356073704
1616,0.00021164063871559335,0.004594832941074972
1617,0.012904603436520112,0.005993412611264812
1618,-0.006265648086217879,-0.00026091685637228085
1619,0.005254308330791879,-0.005129417397791504
1620,0.005017726418185209,-0.00252297757396879
1621,0.005200748940860089,0.0029275001114377483
1622,0.013658937325755183,0.0031362997815633357
1623,-0.0046957848996710405,-0.0018257308529694505
1624,-0.014564083784054493,-0.0038744874123470495
1625,0.006661109257406039,-0.00010649848615649484
1626,0.020678246223718055,0.0036589357297590486
1627,0.0012155096809534083,0.0037887948501547017
1628,0.006070478811679214,0.0030654372855617863
1629,0.002413494145989681,0.0027172487274280243
1630,0.008226321150820004,0.0012490150174333649
1631,-0.014129335014381184,-0.0010066363449048998
1632,0.007064967049917659,0.0003936917581271104
1633,-0.00020040732923476412,0.004467507394139176
1634,0.014835562308008088,0.0054136606803557984
1635,0.0061240888943550065,-0.0008177308044285401
1636,-0.020223812549088116,-0.0073842436989055415
1637,-0.02484973227553333,-0.004666413630786434
1638,0.017673666523804865,0.002916423490702011
1639,0.017972523857457068,0.001968971415236337
1640,-0.001983703122868108,-0.006023643283044267
1641,0.016696484389957522,-0.008327361207558587
1642,-0.02834801015999655,-0.00362036531000986
1643,-0.013279674794376639,-0.00021596542331151197
1644,0.0020391205598333517,-0.005977217844137136
1645,-0.0671550524633443,-0.011959044471331497
1646,0.014616015853295972,-0.0026526467470835676
1647,0.03784137174254898,0.011916947526243934
1648,0.01864507359947387,0.014905944358969157
1649,0.006101343561718764,0.00538177505752326
1650,0.004042792466285361,-0.0027299126223284424
1651,-0.004026514105394674,0.0013057409946192903
1652,0.005053567694180083,0.010767451260265124
1653,0.018503582991913348,0.01069370276115824
1654,0.0003949537520682167,-0.0009323768627795789
1655,-0.02921436136387856,-0.009853423767282364
1656,-0.006710081923687272,-0.007206183331964397
1657,-0.033776822164195974,-0.001070795435141679
1658,0.0190677478100445,-0.0004054745918205503
1659,-0.011018685989813926,-0.006656687849298171
1660,-0.020391028524826105,-0.008193607369937475
1661,0.02317600571713463,-0.0019558190084223498
1662,0.013003333219724578,-3.885676716074236e-05
1663,-0.004140802610737904,-0.005763036082767311
1664,-0.013929276303527915,-0.00912304831411951
1665,-0.008222630974891176,-0.0042916946332238705
1666,-0.009778891911560672,-0.0004303328483953404
1667,-0.025332766397383022,-0.004619668594663936
1668,-0.013876675042755693,-0.008482150994222818
1669,-0.029930760305710846,-0.0018049191916969165
1670,0.05572180870228771,0.01130281286649924
1671,0.03315159233040332,0.014065686760284704
1672,0.009288631018103732,0.006584670454480234
1673,-0.0069023597903312695,0.0010941358341813538
1674,0.014111246632312335,0.003359801599474084
1675,0.005192107831307746,0.006600331091154399
1676,-0.007438028905000671,0.004907115338750872
1677,-0.002289771195986945,0.0011845553537931203
1678,0.021281044257650983,-0.00061111204631661
1679,-0.0059244312769635155,-0.0018237346369700215
1680,-0.012741449523817394,-0.002191829649671487
1681,0.011448776573248942,-0.0011331630641231334
1682,-0.017287510803663864,-0.000372186768306157
1683,0.02198951281802186,0.00015090367367411983
1684,0.013934432700961175,-0.000925575776134991
1685,-0.0034356946345603934,-0.00032887215829590424
1686,0.027986153214050402,0.0024467542969878915
1687,0.00019731971792169567,0.0020599377180983555
1688,-0.007495089988105219,-0.0008204953719264168
1689,-0.014308450418714758,-0.0028407860961762654
1690,-0.0004031581387413663,-0.0015648439974543665
1691,0.018152434004508722,0.0021319565196345346
1692,0.017828873495251862,0.005132834330465364
1693,0.00856361653487836,0.005946027246446819
1694,0.021034352740391116,0.0038726274198391027
1695,-0.009638977943753457,-0.0006973517812335983
1696,-0.0015267524565848456,-0.0019324122933742408
1697,0.004587188070846571,0.0028043017294722273
1698,0.013318054222842823,0.008687911547783483
1699,0.02309431835705289,0.008171731340727082
1700,0.02092125811218204,0.0007521186630783244
1701,-0.02642461248388628,-0.00383442921338218
1702,0.022156587265883987,0.0014474916412726363
1703,0.001987005222882754,0.007251071192815012
1704,0.012799694769209058,0.006296790767013793
1705,-0.0012459895771443907,-6.991958300420556e-05
1706,0.000891093147685984,-0.003258140629498822
1707,0.011574101275729554,0.0006541448695665576
1708,0.005984864361361142,0.0058544564116305535
1709,-0.003324627057450069,0.005592731172695979
1710,0.008075826753270565,7.366867594525467e-05
1711,0.012190887935590977,-0.004820034477760434
1712,-0.012216089083290527,-0.0031403178708983596
1713,0.010799493703756324,0.0036622553132073694
1714,-0.003446440676361795,0.004932864589054434
1715,0.010721060215354017,-0.003201198772658832
1716,-0.026518378388855957,-0.011987886206827527
1717,0.008787345985792117,-0.00801898507811125
1718,-0.004355400581083413,0.003765706923952013
1719,0.00664912061718681,0.007919200133288168
1720,0.0,-0.0026031468984950663
1721,-0.03806707236533258,-0.013530688478802327
1722,-0.007589482878288978,-0.006728906508997382
1723,0.02967955430553748,0.01028038661053066
1724,0.009549087936564504,0.016344572977906445
1725,0.015414276856948739,0.006085385077965501
1726,-0.02846302382497856,-0.007287221476934843
1727,-0.0017755410984188202,-0.00687359004260139
1728,-0.0042689731991399915,0.004883710988358256
1729,0.0016077197807047305,0.013311603656206282
1730,0.0023185494707116394,0.006601449528807103
1731,-0.021352326452827808,-0.009313768523506577
1732,0.009999986128373495,-0.016055535328878677
1733,-0.03186319499682,-0.007801232523715602
1734,0.012458200052999802,0.004534937056313271
1735,0.032139577143791564,0.001528909942213514
1736,-0.005693944670464135,-0.017368773913727938
1737,-0.1118468124648303,-0.02845134719762877
1738,0.010880457167207203,-0.015899324980544003
1739,-0.0450468089299656,-0.001083971573463396
1740,-0.01815902597903596,0.0017407097054753214
1741,0.026573128734514784,-0.0035067958719879446
1742,-0.006005402982589225,-0.0026458727207672554
1743,0.0522916316986084,0.009414162049240744
1744,0.021381941535212112,0.016731712189133753
1745,0.016088350724995815,0.011860562947524468
1746,-0.026707320871503404,0.0015553395550194603
1747,0.019796125293439104,-0.002288474879901286
1748,-0.0113396149611803,0.0009266080323023177
1749,-0.010108873865592782,0.00611969898079943
1750,0.01374706968010786,0.005005511688878377
1751,0.0048430841761522014,-0.00324430118580072
1752,-0.021014077020114486,-0.008229807390298247
1753,-0.017329603674129168,-0.0028113540011935703
1754,0.03346689614987741,0.006289511903230692
1755,0.017645915315051663,0.007452797436388775
1756,0.012385699915179682,0.0024597128221575623
1757,0.0261622315396981,-0.00019428675599499198
1758,0.0027512419281405798,0.0021450672805513552
1759,0.007499609947714925,0.004810679085380671
1760,0.0003630472476696678,0.001540746207331866
1761,-0.013430088643597293,-0.0032017248941683192
1762,0.0086460856406545,-0.00137486039402515
1763,0.013860993911234187,0.003412763897719713
1764,-0.002878212753605447,0.004162286299889918
1765,0.026339510669934674,0.001606219490651344
1766,-0.0038671334692114145,-0.0004433655824359079
1767,-0.008999441291894672,0.002389945708260376
1768,0.03561253570929557,0.006794573672882624
1769,0.012895460831631622,0.00556187414998875
1770,-0.010864019543475711,0.0018770154233808175
1771,0.02917454521339291,0.0019738131126058925
1772,0.016675003829327517,0.0036143687817197677
1773,0.0013120881541044405,0.0030478549985895557
1774,-0.006388196470470842,3.4870720221262413e-05
1775,0.0019782217637096533,-0.002025764690313008
1776,-0.011023333043789663,-0.0017573671608271258
1777,0.014307113651957915,-0.00012813894080975242
1778,0.011645056097383977,0.0014213012813752864
1779,0.0029182928710309586,0.0036168463805759136
1780,0.0017782187078276834,0.0043189244509151455
1781,0.008229761360127652,0.0011007804661133118
1782,0.0008002438768706099,-0.0024536442567578325
1783,-0.0001598963973835632,2.343796065132093e-05
1784,0.015834898536802422,0.007323196110810597
1785,0.02204385730713354,0.009253920831418102
1786,-0.0035434192567740386,-0.00026820902019814225
1787,-0.016388394685987517,-0.01128250057218595
1788,0.008645068316480264,-0.009885291976457163
1789,-0.0032725430959149593,0.0013047149359778085
1790,0.02782987499649603,0.0065188898583440945
1791,0.009431134267251506,-0.004239647258968933
1792,-0.03134421054737346,-0.01767852546940004
1793,-0.011512101397361363,-0.015527325327465074
1794,0.009914970795412925,-0.0005001697444733761
1795,0.008882650944192605,0.010873401965849353
1796,0.012357168337280955,0.008111545621601334
1797,0.010680453745253837,-0.00192462092127498
1798,0.0015096388488229362,-0.0012433785056168972
1799,-0.008139784684075835,0.015686784945716598
1800,0.025531918347394322,0.03037703744580129
1801,0.06431529522804458,0.024122977950819358
1802,0.05012529225032192,0.007411160817110242
1803,-0.011800575593422624,0.006552045643390569
1804,0.06614786510026405,0.020597988972843595
1805,0.03662224635839473,0.018023803467218397
1806,0.03714941673618832,-0.007421851575306129
1807,-0.1165866680193518,-0.02812991910924246
1808,-0.018682968587558246,-0.017448695480675902
1809,0.03159605785071529,-0.0005310256124586247
1810,-0.04659692561370443,-0.0066836660725853965
1811,-0.05779790357131931,-0.02024919307438816
1812,-0.0050997885491488315,-0.012563133942738707
1813,0.0790861397542415,0.01040127484871298
1814,0.013029303481221888,0.0195871682987782
1815,0.06564846685353087,0.012777425141112016
1816,-0.012320886920461183,0.005280610456653197
1817,0.04315172473267981,0.00659616618935116
1818,-0.026845601344337555,0.0052126481638957315
1819,0.01241376631685931,-0.0004063841066140525
1820,-0.07691354036137854,-0.0055978925463249654
1821,0.02173625081330388,-0.004004146790744721
1822,0.02311230598770697,-0.00477608449470601
1823,-0.04864588290823768,-0.0096236934820078
1824,0.0006745199745097352,-0.009624866776389325
1825,0.03626806670911509,-0.00553087490050907
1826,-0.026801945644485348,-0.0019703862432230573
1827,-0.02339572097061393,-0.0002898570415937299
1828,0.0008213217807977458,-0.0019346723093459919
1829,0.01367801930859791,-0.0034156088744066978
1830,-0.024423121625786748,0.001984481234024383
1831,0.05089903388442951,0.013995421981123548
1832,0.0321136444354877,0.017089232967283725
1833,0.014664646171010931,0.006321291091137837
1834,0.010556792390433944,-0.0066363086511717975
1835,-0.04414877366098957,-0.006618041367566888
1836,0.004944018350252044,0.005892224858284796
1837,0.01139312412157989,0.00866749736110567
1838,-0.02316954844279595,-0.005175148089166083
1839,-0.021753323100819566,-0.015529733519970463
1840,0.02424645038977369,-0.007216206438283603
1841,-0.0011770381764090176,0.009197569296599973
1842,0.022390978433599606,0.01338467065819101
1843,-0.011782763157920484,-0.0010724303338000367
1844,0.015811217384735343,-0.013732337318726709
1845,-0.021561557428327438,-0.006548988888385643
1846,0.046029451909248786,0.013088416379399991
1847,0.003241113591049949,0.01732276385916755
1848,0.020501911377495352,7.089566603750723e-05
1849,-0.06769752519822914,-0.019127582699503716
1850,-0.026642300165311883,-0.014028383661368205
1851,0.04897358896633741,0.008156788569830485
1852,0.01343058387898588,0.018234821631929347
1853,0.025873978739190395,0.007377317067069082
1854,0.022514786645405405,-0.010050346918094812
1855,-0.024064492664086168,-0.013792777326557523
1856,-0.022438659611992984,-0.0006368119471654784
1857,0.0162694022024501,0.011062751002111937
1858,0.01327872512422612,0.006627969080874166
1859,0.003919163366124412,-0.005035747306859382
1860,0.00036597265890114805,-0.006399450579193517
1861,0.005853699474799967,0.005040503261226346
1862,0.025581873121731213,0.014083565045505309
1863,0.01028493656752083,0.009806115304094597
1864,0.00011703880572921932,0.001788774489411847
1865,0.0008189972367433906,0.0030319027006379916
1866,0.01999063673334911,0.010919672989660097
1867,0.025444140065365328,0.01284352940497682
1868,-0.012071105580858998,0.006457277550261424
1869,0.018667287445101488,0.0021728122051295666
1870,0.021657007201405953,0.0023972786975367684
1871,-0.00989233670885048,0.001965260468971974
1872,-0.010430440914997896,-0.0016498481163387969
1873,0.0025519068450308158,-0.006851698470804352
1874,-0.02113771192129199,-0.010266366947039154
1875,-0.017184812837877872,-0.008769925303643301
1876,0.008397599843216863,-0.005981226852191806
1877,-0.04928139566215939,-0.0070512971616377524
1878,0.00851939938884283,-0.00910146741240775
1879,-0.037715713066515444,-0.009516477791537307
1880,-0.023491517816589425,-0.002790982362093071
1881,0.028994595958468983,0.003946877807778628
1882,0.020425787260703654,0.0017551939806814583
1883,0.021584479789464428,-0.0020409582194303266
1884,-0.020892401404125516,-0.0008022457259733841
1885,-0.03134416600091494,0.0011137164478297549
1886,0.0164281234585133,-0.005658539902067806
1887,-0.084363897932207,-0.016724100085578095
1888,-0.01484354945802524,-0.01172203124326681
1889,0.039093320950108756,0.00400068704913761
1890,0.025996052050109464,0.009645756214678895
1891,-0.003947002227911445,-0.0015116886271894332
1892,-0.0692829549502948,-0.014108156590388311
1893,0.005219130552870821,-0.009453274611779125
1894,-0.004645497416909561,0.005089196057171459
1895,0.01221687588592868,0.014777670228213365
1896,0.04163276083213163,0.012711383148896645
1897,0.016143803314381477,0.004061245194794063
1898,-0.005253089635851582,-0.0009161921393617337
1899,-0.027691931256835667,0.0004561196192506226
1900,-0.012716904379903249,0.005375640899459435
1901,0.022675465840416686,0.007406714090659306
1902,-0.013907078740715506,0.0032253929493055705
1903,0.03605639904776714,-0.0014576970294957652
1904,-0.009503088057827846,-0.0038224592630245967
1905,0.011927989512524828,-0.003032307340844402
1906,-0.03741198826607961,-0.004293976291519659
1907,0.010648250778704904,-0.006782507232192749
1908,-0.031608080024139174,-0.009350245444113423
1909,-0.02719978285329605,-0.007943963928948515
1910,0.00013983134910056094,-0.003977603829630932
1911,0.027956387676896233,-0.001627689445296151
1912,-0.001223877701450382,-0.0007414984072128977
1913,0.01184483026180505,0.0023565317959759434
1914,0.026372431277191577,0.004244135440195003
1915,-0.017042415353526574,0.0006734717756660546
1916,-0.028007548806296967,-0.002751119755707533
1917,-0.022502736710401372,1.9085215084675613e-05
1918,0.011370090009508838,0.007082207503058021
1919,0.029979124791475575,0.010701372562643249
1920,-0.002021311517712898,0.00916155756871757
1921,0.008371627964090855,0.007389863648015195
1922,0.028789522189248018,0.005045501442033134
1923,0.01574904406657951,0.001422500472436584
1924,-0.019733481515387008,0.0008093580430798297
1925,-0.008496751972273286,0.003410465206642939
1926,0.037442373426732845,-0.0004798538375584858
1927,-0.04092008032533467,-0.012929582994988172
1928,-0.03127071117237723,-0.017202438933096593
1929,-0.02954457179697445,-0.008077555592068434
1930,0.006765375300632481,0.002020073507905118
1931,-0.0001400271060861824,-0.0013068259630913126
1932,-0.05320632203566178,-0.010817596574633465
1933,0.006950511272085791,-0.006796339474607564
1934,0.04420623143073166,0.007537866273749256
1935,0.01786222643764468,0.01380349416101025
1936,-0.00497444516635126,0.00690488872360924
1937,0.009998627959224349,-0.0032982089745179715
1938,-0.0408359835503842,-0.008877122378883317
1939,0.0020068719231838283,-0.007387365103606216
1940,0.0021459445293914303,-0.0035196900333540598
1941,-0.011848705137691762,-0.000640783131657237
1942,-0.0078012266108691275,-0.003787698045092767
1943,0.0042224943832083195,-0.014209226343302241
1944,-0.052921581285738206,-0.020100587131623993
1945,-0.032455586983916485,-0.008761891426222268
1946,0.0193037561911118,0.00923482148259864
1947,0.04206766782832738,0.014481964945586703
1948,-0.0053627383447156785,0.005380290037707289
1949,-0.022315380240838456,-0.00019632782762400713
1950,0.03998162774444336,0.008437331426869307
1951,0.035203997807265575,0.02054882412857064
1952,0.023619859006007493,0.022648628985672888
1953,0.014595432120237728,0.012873995493851898
1954,0.02890807880676638,0.00046733707135134406
1955,-0.017576560874086877,-0.006275556718632206
1956,-0.02751421540910226,-0.004458726691507104
1957,-0.011428567175250426,0.0002563765709989148
1958,0.022416415212881402,-0.0017376134685253642
1959,-0.032404834292636076,-0.012205359812435172
1960,-0.0005700572405750171,-0.017544604453736727
1961,-0.020390708130337054,-0.01012217340610799
1962,0.01950515322867763,0.002583605745296506
1963,0.001998849055089069,0.004069050959838034
1964,0.005557130064869353,-0.003654709239080151
1965,-0.0026923968007355192,-0.005584806025701402
1966,0.003268021681009925,0.003316083734204409
1967,0.033423036254804694,0.012277309535998511
1968,0.00890779107859574,0.011477211595301936
1969,-0.010866653381033098,0.0053154810818893585
1970,-0.017714926132017417,0.0015253101819551404
1971,0.02222849146399475,0.0030650667440504905
1972,0.013129089830587137,0.006542902789287983
1973,-0.010664158963292203,0.009504154266026752
1974,0.048164807411661625,0.008978283709775419
1975,-0.0033845630989762787,0.0007867367834244298
1976,-0.027298803612044065,-0.008003085049029288
1977,-0.03759907353109315,-0.009766042797628192
1978,0.007953114404727346,-0.0033378235018976326
1979,0.02962346972495844,0.002126901919914743
1980,-0.03320776663775815,-0.0006450084443853834
1981,0.01863435224098997,-0.006750945277104179
1982,-0.016518758832391178,-0.012060238353246946
1983,-0.026374257381073796,-0.010371484744068018
1984,-0.015825500713012253,-0.0024826853368031653
1985,0.0,0.004184072856154732
1986,0.013762198963295447,0.002381110969694004
1987,-0.03672477238556149,-0.005871741050409106
1988,-0.006675634967954536,-0.007185407346855595
1989,-0.0011947704920629576,0.0014057007136343601
1990,0.02183013074806972,0.009820452152899598
1991,0.027655942644454923,0.006931180416415711
1992,0.0031324730285218205,-0.0039994341854525575
1993,-0.008658632175665204,-0.010520888750237082
1994,-0.0303550290428255,-0.008860564272432371
1995,-0.036769016817564615,-0.004836290663485421
1996,-0.024222010574015074,-0.005220921884427261
1997,-0.014768301946136875,-0.008728760729757179
1998,0.002232489103688895,-0.006672957255463208
1999,0.024821085534801224,0.003282773013908985
2000,0.02251198363298923,0.011373296709878834
2001,0.022775584362266788,0.009284665410195328
2002,-0.017963169143539348,0.0012724779554353343
2003,-0.018896447031992558,-0.000210757509209826
2004,0.018027706339556415,0.006336351924474861
2005,0.002270342463625896,0.012297660159311243
2006,0.027786111506675093,0.012284293514838373
2007,-0.005289459642451977,0.004876006349965545
2008,0.02392914061459339,-0.002855388438162707
2009,0.0030294155423711278,-0.005440217153670299
2010,-0.013663123326920878,-0.00196006319202942
2011,-0.0007291200119969865,0.0009454387362885161
2012,0.023055623219010002,-0.004554060353922704
2013,-0.03523036940807611,-0.015370466002228451
2014,-0.049379011946025786,-0.016638412187880258
2015,0.007464940976016576,-0.0050642841906037165
2016,0.000771890285582888,0.005001506682829568
2017,0.01619613439314005,0.0047131338853569765
2018,0.0003036471356243631,0.00044934977133898307
2019,0.032625212080376054,0.0043240541804827415
2020,0.008229206957828028,0.012492982430866764
2021,0.020988229537910685,0.014878686290924998
2022,0.011563133808791815,0.009020003505158329
2023,-0.019051629445285045,0.0036064241283404325
2024,0.015537248863026987,0.004171940222488881
2025,0.013599755824776683,0.0049134104271660525
2026,-0.0006988546418599251,0.0025665441288492278
2027,-0.017902080829326872,-0.001350592987756243
2028,0.004129890493961508,-0.005249818034304498
2029,0.005956575751250748,-0.009174995906381702
2030,-0.020160726054183176,-0.010503459745048373
2031,-0.020143906847178483,-0.006398710161044583
2032,0.0179148494572543,-0.002464119109445762
2033,-0.028274655122639825,-0.005902027953663024
2034,-0.011728041988852689,-0.010462135668516585
2035,-0.032597238679483276,-0.007508348303971277
2036,0.01708072124313631,0.003989065553271786
2037,0.0345038494080987,0.011313714107148511
2038,0.013577304308457272,0.007468156826990955
2039,-0.011065843518541674,0.001027952599212843
2040,0.028710315521302654,0.00024513321841686166
2041,-0.005295587978206173,0.0016814727181901292
2042,-0.001438826965771134,0.0026102668999478827
2043,-0.005475574559905438,0.001134561379425671
2044,-0.008258471784227228,-0.0029443549020233967
2045,-0.02089116682148373,-0.007099220522008195
2046,-0.004923817042510992,-0.007268285022187668
2047,-0.02654077384411646,-0.0017733763186558926
2048,0.022489204030369914,0.007005729469676033
2049,0.010846659392804492,0.00940366692981325
2050,-0.01266763775633939,0.004463556757709307
2051,0.0144905522184553,0.000997437985761118
2052,0.012795724178937595,0.004478177627097636
2053,0.0033789240188741854,0.012367573311960776
2054,0.02284037319019716,0.014198788474378112
2055,0.009017996677838758,0.002785677076868269
2056,-0.037452113344513926,-0.011906301127976774
2057,-0.011053795384919018,-0.014591786002840003
2058,-0.012816700892821054,-0.0071394185848817765
2059,0.013586979995528825,-0.002730951716224979
2060,-0.028150125213433297,-0.010791588713590244
2061,-0.03555555087853213,-0.023163131097660484
2062,-0.04624185338153841,-0.026327990098437667
2063,0.000499813046785702,-0.015862886618062535
2064,-0.023147367315711542,-0.0017887168078269114
2065,0.019263570935128316,0.00542165772898286
2066,0.024084271695252957,0.000508051693258483
2067,0.006206125607646218,-0.006620289370076589
2068,-0.010063283975695891,-0.0015538514990520412
2069,-0.0004919264333244078,0.014721873374934833
2070,0.05232943716068372,0.024074582904394962
2071,0.006235409452290286,0.014373622855272777
2072,-0.006196770053723655,0.002130699261310145
2073,0.01823847453025107,0.005714653850270424
2074,0.01714639852747535,0.019613050539925646
2075,0.05764590699763805,0.024072508175067585
2076,0.0,0.01088949981548993
2077,-0.0004269073677241053,-0.0017285190412314596
2078,0.0002847988762717524,-0.0006851275543612728
2079,-0.007116424491854234,0.0069513297493777135
2080,0.01877863415249803,0.007738404756935368
2081,0.01913607170664733,-0.0008383838169739444
2082,-0.008698015335683373,-0.006612995283103246
2083,0.004038903534917315,-0.0030321558950194426
2084,-0.017339437695920612,-0.0010163183982029424
2085,-0.001552696028277456,-0.007666145461838924
2086,-0.02021773274856775,-0.014584785573370798
2087,-0.024531089506115045,-0.008683274804287175
2088,0.009023677871606628,0.003216064341716736
2089,0.015247044853927916,0.0009781248343670229
2090,-0.023537866475349722,-0.01459966519730817
2091,-0.03342209471212576,-0.019322052506554267
2092,0.006884898164626341,-0.0037147042845522863
2093,0.025680025894265768,0.010063956946392217
2094,-0.014074028862847254,0.0014300714906159608
2095,-0.052592090972185424,-0.017078912718347203
2096,-0.043457539998810524,-0.018439038446934963
2097,0.0064665790211895224,0.00031233689389241124
2098,0.038385469309252684,0.015439662970232497
2099,0.019514570533953446,0.011626771172107947
2100,0.009492695145860264,-0.0001959164012728513
2101,-0.007399465648379122,-0.0046399020704913
2102,-0.01770460320631262,-0.0004823927179799627
2103,-0.018656131307126955,0.004845611042420312
2104,0.014822007220330224,0.0067182083026107765
2105,-0.007144003031409496,0.005236227357568231
2106,0.032938879572070645,0.0037023005227700932
2107,-0.00866869306224649,0.000956953259162528
2108,-0.002186124104418763,-0.0008584487978335596
2109,0.0001564682518693239,-0.0005200414113092652
2110,0.015021168854044253,0.002359539134976262
2111,0.012178216156603527,0.0036060582687270767
2112,-0.023911167174131,-0.001044463901413809
2113,0.01107827671145345,-0.007619629993267475
2114,-0.03858030396542467,-0.009910544625211095
2115,-0.02680574942851488,-0.002555961066128047
2116,0.03166746058256331,0.005732250400136958
2117,0.0255795732747246,0.0038394622345178193
2118,-0.001870658514850132,-0.0031883448188272196
2119,-0.003748209719584339,-0.003943282127652593
2120,0.014422294336750463,0.0012868316084963252
2121,-0.019316952830863876,0.002871193609297987
2122,-0.00835169850209716,-0.001660521029640931
2123,-0.042745886122103505,-0.005469577254983347
2124,0.03154046577426994,-0.0011874996732703477
2125,-0.004988695874454607,0.00390178741204609
2126,0.025553905378729258,0.005230656676301996
2127,0.014824138605440185,0.001694178945892349
2128,-0.006682211583092901,-0.0019147054586840214
2129,0.017521945848962384,-0.002797582441705588
2130,-0.03874539394666676,-0.0037901366355320653
2131,-0.0015995247614548624,-0.0028958922654200784
2132,0.004966379083382266,-0.0024871016449157027
2133,-0.022796115345305457,-0.0023498003909498497
2134,0.01990214087907427,-7.326876889140267e-05
2135,0.007037725903508818,0.0013898735411472522
2136,0.009371031784741524,0.0021058980021742457
2137,-0.002517700225538322,0.0035311609365960527
2138,0.019561411511419324,0.005496002416442861
2139,-0.002939731085965236,0.005081147396594611
2140,0.021880756972300297,0.0033912481997674286
2141,-0.004707631978390636,0.0027992552392087336
2142,0.022734175205306295,0.005054194053351311
2143,0.012531761637814665,0.005105053157787933
2144,0.017975446322934463,0.0011495843500415068
2145,-0.02344760751274,-0.003098974073466737
2146,-0.013191038588203585,-0.0024199791639807665
2147,0.02072690320615611,3.004728896471311e-06
2148,-0.0039728759079411535,-0.0002846876384475697
2149,0.005318371951060108,0.0007030681270696626
2150,0.013813295662849168,0.00409034060994402
2151,0.02464131947059367,0.005186212948341555
2152,0.0066487650936595255,0.0013137665121572292
2153,-0.007026418975105142,-0.0008074150025653617
2154,0.010897206384936853,0.003958322967276305
2155,0.009239759623338895,0.008762970833443854
2156,0.01498129956884231,0.0061167864955388165
2157,-0.0028700162597760093,-0.0010879525623747255
2158,-0.02028502941489252,-0.0021883743420681332
2159,0.023223222646278963,0.004767794981689895
2160,0.008887086837614966,0.008180703842400707
2161,0.0004065426063786237,0.003075992036362397
2162,0.0032511225245419606,-0.003914718688135062
2163,0.014042680931828588,-0.004638983995152453
2164,-0.01198404186637958,-0.0002569938874362552
2165,0.000673895603967356,0.0015247489150938707
2166,-0.005925958806818232,-0.004632450956075038
2167,-0.016122406874042317,-0.012078541758771308
2168,-0.01721288836027801,-0.01105752750798945
2169,0.00854701677002212,-0.0024327940001140987
2170,0.011253091425644124,0.0024524172979815753
2171,-0.0028849990634889355,-0.0022039182040222522
2172,-0.004133412016937288,-0.008943836667737588
2173,-0.012728253797492095,-0.007461923536994065
2174,0.0007007154054110565,0.002214875545831525
2175,0.014563691819058588,0.008616579334771463
2176,-0.0005520122542086447,0.005548012627359098
2177,0.012567269530342928,0.0005764004971738424
2178,0.004637260893348927,0.001804217519007609
2179,0.019006161103471753,0.008934950089068246
2180,0.024780184796830085,0.01298301348910158
2181,0.010920488654201366,0.008919828655620955
2182,0.009773591640397372,0.0020183278206128844
2183,-0.00725929341815057,-0.00016329097105643488
2184,0.00449013620549632,0.003751404450640048
2185,0.0008939935133585042,0.00678415253088069
2186,0.016970705053575674,0.004520045951044346
2187,-0.00025089891884677584,0.00014555221470401083
2188,0.01807231972754786,0.00011121820422069564
2189,0.0020956381063790275,0.0027790133611091264
2190,0.0019682129525513403,0.003770294115435572
2191,0.000613911032919745,0.0009729591968297443
2192,-0.016687124053393454,-0.002666246857771871
2193,0.0033691574060057405,-0.0023784617255706514
2194,0.0027358982873950666,0.0007920377550745444
2195,-0.002976533200357512,0.002630933859308714
2196,0.0060952589562106585,-0.00011308013035127274
2197,0.024975325680733462,-0.006098044163979981
2198,-0.016043447606445493,-0.008930865475666237
2199,-0.008704169267242379,-0.004923888078143883
2200,-0.018179584585792607,-0.002974367932357137
2201,0.006801875798952972,-0.009720142054112202
2202,-0.05429755974871586,-0.01748948775960736
2203,-0.021166801847284478,-0.011061324204130737
2204,0.002297686217708206,0.003427676717539175
2205,0.04004845529458967,0.008152372434413392
2206,-0.005445328457167831,0.00011694312596413842
2207,-0.013557566522482967,-0.002662409425434265
2208,-0.0033038192949580436,0.007766213955477549
2209,0.04733492152608121,0.016761055682886588
2210,-0.007595879103021175,0.0109951310328082
2211,0.005230305718863404,0.0028551973360994073
2212,0.013197883830660784,0.005011057926293175
2213,0.023046142931896885,0.011229184894871945
2214,-0.011998082189912718,0.0072301664871716066
2215,-0.022428719046354018,-0.005169819604819483
2216,-0.02484470908399883,-0.010850008320580775
2217,0.019888194114486835,-0.0041199647556225336
2218,-0.0200101926222801,0.003093215430743153
2219,0.019118236862686544,0.001138979736023742
2220,-0.02947929480093181,-0.009991640320921326
2221,-0.013543804961985484,-0.016104699114561194
2222,-0.0035989956697947134,-0.010074805085529923
2223,0.019130438865227806,0.0007609945744394822
2224,-0.017458674530411167,0.0036380740518752817
2225,0.0008016725345563191,-0.00427290383971661
2226,-0.04151649256859735,-0.01541669135137349
2227,-0.022423405876333735,-0.014745401621385263
2228,0.0008547878117519669,-0.00015949666547504081
2229,0.021921721217471157,0.01391367263574324
2230,0.015740315350428746,0.012081818055357654
2231,-0.0031540830130877273,-0.002488463473443195
2232,-0.01857210150190647,-0.011138424672977806
2233,-0.04611709356628335,-0.001792638788531668
2234,0.03967666167756989,0.016166284158851116
2235,0.021908170342866518,0.01876647924982578
2236,0.0031811302604567437,0.0038939692112969987
2237,-0.01268438142050432,-0.009228154836298658
2238,-0.011031991464794721,-0.005730541166444847
2239,-0.01214347096946422,0.0057204958904881155
2240,0.018582090748573865,0.0066680401007203575
2241,0.017681651263876663,-0.005416912138303182
2242,-0.032818496464250946,-0.014142360914610564
2243,-0.012831501763767239,-0.010419949966277906
2244,-0.011120691317486497,-0.0061986148165654245
2245,-0.012998384311103672,-0.009378715287959484
2246,-0.0417283163423704,-0.012469060447937299
2247,0.005404546982330727,-0.006299952560259567
2248,0.02180921756464471,0.0024888155612231154
2249,0.004058383848113856,0.0035601806310873716
2250,-0.03817369663564274,-0.001008808056673893
2251,0.016809367020306443,0.0003544850505615843
2252,0.028011660489266843,0.008036562768727997
2253,-0.00014892995361925898,0.01417147838390622
2254,0.013998433218939788,0.01335623182277194
2255,0.01865184815341525,0.005947743748001661
2256,-0.008217988607386872,-0.0008702350192543668
2257,0.0034888480967494306,-0.0003402208209285873
2258,-0.00492534179201809,0.004977632904212256
2259,0.02212835331259444,0.0065528341573647675
2260,-0.01837346435477505,-0.002686079118276016
2261,-0.025246632472395447,-0.013422348573774126
2262,-0.007889234547324708,-0.013108389939746105
2263,-0.01320337378343206,-0.002475469746431544
2264,0.03679498132671655,0.0054960968449072715
2265,-0.009092282217100456,0.0004907475848674138
2266,0.021607208688273705,-0.008585256993927357
2267,-0.038099337967926306,-0.010608179762657665
2268,0.01490960603944691,-0.0013983736221191594
2269,-0.01231639469612733,0.006697828841942126
2270,0.016376262128399377,0.006081932700045927
2271,0.005469255119616934,-0.0005918524975809529
2272,-0.011320151147712454,-0.0021562626863691073
2273,0.010260259351765777,0.005497767613776487
2274,0.016485061479846408,0.011617324343807963
2275,-0.0034752081125677403,0.008913622187635686
2276,0.012641713897703744,0.0032333961935476726
2277,-0.0004304602991239692,0.0017484558249530168
2278,0.012632747734072192,0.004840775114261412
2279,0.023958072291919263,0.005817685435633683
2280,0.01204478854705715,0.0012902508854741187
2281,-0.014363822767178291,-0.004142008275301201
2282,0.010548153707779617,-0.006480503785276949
2283,-0.025957965293536223,-0.008123816150513347
2284,-0.026085709558452574,-0.008587360314719258
2285,-0.022585747292404368,-0.006953343401826726
2286,0.009924428199443724,-0.0033697197977407946
2287,0.00924020608093401,-0.00011562375174362755
2288,0.008864999738332102,0.002651498017374305
2289,0.030250627045687706,0.004833349175747218
2290,0.0020973368696801664,0.004811404640090077
2291,0.006139283558638464,0.004441234056796428
2292,0.007488571778625497,0.003827805080499688
2293,-0.015141066084207289,0.003192811077004992
2294,0.01802925550121448,0.0038643781249595903
2295,0.007825471621039082,0.003279541415493019
2296,-0.013485975259187377,0.0015235789812457915
2297,0.010770488801687739,0.000500232384102925
2298,0.0054645019474759415,-0.0008774875913917983
2299,-0.022826091576163443,-0.0017938128787378937
2300,0.012096812690933767,-0.0005521494093305336
2301,0.014562406172021758,0.00037045335893486834
2302,-0.0031143633350196875,-7.923826985673313e-05
2303,-0.0035316778936488324,-0.0009201160821424205
2304,0.021810229836548345,-0.0018811219834484608
2305,-0.012673385270077664,-0.0028571869528492277
2306,-0.0075666149415517525,-0.0014011333042997206
2307,0.012117078647063684,0.0005472716147970609
2308,-0.0014795935751340528,-8.921050187452788e-05
2309,-0.011720365179004988,-0.0013180787112392414
2310,0.003544194848245086,-0.0004692194053170886
2311,-0.003667539559735644,0.0019708963302767116
2312,0.023721852760275386,0.0042648563023148095
2313,0.016114086734301925,0.003921313019800185
2314,0.00039316878239858966,0.003090294130288019
2315,0.021616683955162808,0.0031545229808201333
2316,0.005770671055019605,0.00083338698226403
2317,-0.01504526712462484,-0.0021349380808202826
2318,-0.005566346992566751,-0.0015933075956194656
2319,-0.001822434134399864,0.001177778715370067
2320,0.014084530865368095,0.0021748179038385395
2321,-0.006044254215421874,0.0006271716639356171
2322,0.0028464383244550806,0.0012605206504547747
2323,0.015739919843620553,0.004480516361467244
2324,0.011939473795652189,0.006338133683253529
2325,0.014058024003050562,0.005402759500413156
2326,0.005693762585219142,0.003674923914397555
2327,0.01255380483774049,0.003534586253311356
2328,0.0015802222938763322,0.00345616171044757
2329,-0.0024272399749155626,0.0013553622052267437
2330,-0.012773667412961376,-0.001936693160242821
2331,0.011583423220416833,-0.003049432655083676
2332,-0.006578064444175968,-0.001964792579993855
2333,-0.0002453006954302728,-0.0002525782039585673
2334,0.0014718845624772658,-0.001242957140995169
2335,-0.003919163366124301,-0.004966550849357986
2336,-0.029755294657097475,-0.006696184161609768
2337,-0.0016475082597787738,-0.0026099208467511266
2338,0.0008885465334966813,0.0022362837063457314
2339,-0.0008877577194524866,0.0026062130429985978
2340,0.015232350802626193,-0.0006817900606377661
2341,-0.004251112190728379,-0.0025957444203947985
2342,0.010045241811764694,3.9193511979782004e-05
2343,-0.0006216192222797678,0.0014280698030055463
2344,-0.011071021226590982,-0.0021744149612027285
2345,-0.014088084862667105,-0.007409310795449228
2346,-0.03125793613287409,-0.008660038289372457
2347,0.0,-0.004441618711098975
2348,-0.010536060167818495,-0.0006489765676349064
2349,0.007054524531708184,-0.0002258372303627148
2350,-0.0021147720640344314,-0.001931356575662535
2351,0.0080794782828022,-0.0011718913245191294
2352,0.005386887786453132,0.001911697372833554
2353,-0.015943461119050317,0.004214692571270821
2354,0.011022498911316791,0.004140745812831742
2355,-0.012084568529312611,0.0013526215354003421
2356,0.008908365604323398,0.0007116191090885842
2357,0.0048761565626620484,0.0036268422237235613
2358,0.00944263896004105,0.0067766606930830114
2359,-0.0031180701567271596,0.004549648445301778
2360,-0.007428641598941299,-0.0022200776863277338
2361,-0.016938036416733193,-0.006325573870929815
2362,-0.005609800760412287,-0.0034624403509845346
2363,0.012088671091613268,0.0017848673762467615
2364,0.03065700377925884,0.0017761813997715955
2365,-0.0140355899547423,-0.0050683705961461776
2366,-0.013582354965030019,-0.0107373992692089
2367,-0.009400226346452323,-0.01069375187456968
2368,-0.03996254846251179,-0.006741951810076796
2369,-0.010302178397608386,-0.002248983455554275
2370,0.011253384343352657,-0.0008532547440029618
2371,0.019056930841750752,-0.0006227407306627488
2372,-0.003276078162238627,0.00236656300702722
2373,0.03341553757299365,0.007468826880689521
2374,0.0006626431535181609,0.008000537312393884
2375,0.006224357136888736,0.004741874608781618
2376,-0.003158798138459984,0.002505197165003508
2377,0.00448909396454833,0.005357477475155049
2378,0.022476328119312106,0.009347645951771157
2379,0.011312472593663525,0.0075164757765568664
2380,0.009406451129881699,0.0016849438468164023
2381,-0.009570609509908734,-0.0011270719973021114
2382,0.013350227615924304,0.0014117863975693858
2383,-0.010037584102830066,0.003024170374575764
2384,-0.0019011599870464302,0.0015405471640127172
2385,0.014857119605654834,-0.0012123565140652551
2386,-0.00412915213482723,-0.0016766208232865088
2387,0.02450062404021458,0.0020527878668766025
2388,-0.005273489089376526,0.004282805633562075
2389,0.001972580834803006,0.0019291696623559447
2390,0.0004921978242846681,-0.003665134383065375
2391,-0.010945755950946712,-0.005423912300317088
2392,-0.008082585683642951,0.0005664401943329415
2393,0.00890067373381176,0.006548556781492343
2394,0.0057156941511611326,0.0030108155578945518
2395,-0.008524863115809245,-0.005815380956496666
2396,-0.0016199034693827885,-0.007637541565547379
2397,-0.01323021906702948,0.00019175005030520583
2398,0.01973191545866304,0.007071274071865476
2399,-0.00893080124254464,0.0007966356485802615
2400,-0.02377974329904753,-0.01126900328242374
2401,-0.004871759659204722,-0.012749678039680877
2402,-0.012883277049922981,-0.0017303705512548297
2403,0.0024797024954452684,0.0071935385309985864
2404,0.008462459921093624,0.0005991145874954598
2405,-0.01742833062325333,-0.012654771788082778
2406,-0.012087743549698327,-0.01291573344748355
2407,-0.0097087821948465,0.0008044419985656771
2408,0.04405048105863951,0.010352157164533518
2409,-0.01865187790181244,0.0022896137494072565
2410,-0.038012865265134255,-0.009358280972282244
2411,-0.0023163669486184757,-0.008399687361236497
2412,-0.010516310565742204,0.002976812562180437
2413,0.030917951518539155,0.012784198726973735
2414,0.0089703862236572,0.011015037053750776
2415,0.011411897603321286,0.003809535716238762
2416,0.03161894508157315,-0.00027421505763038263
2417,-0.012590587541022713,-0.00024318362314290328
2418,-0.013523996136169614,0.003470342092774581
2419,0.010706454673285792,0.005900611482822848
2420,-0.014080918689049149,0.001315537301368665
2421,-0.02541931930245822,-0.0062778410210186045
2422,-0.007394399605708646,-0.007396152085136657
2423,-0.016659939407128954,0.0008954945143828086
2424,0.013498669111996264,0.009846252643331643
2425,0.026773595700994912,0.007404037382130347
2426,0.03017867223294335,-0.0029181028309593115
2427,-0.017217062003851646,-0.007468219617813982
2428,-0.013204268989976509,-0.001416027540805193
2429,0.01709053032274821,0.0015844367744557563
2430,-0.03165299480829464,-0.008800427320736026
2431,-0.04371805434625098,-0.019475296959405083
2432,-0.020818621518907454,-0.015499099690772877
2433,0.004022393001606117,-0.0026435039963239333
2434,-0.013735857674293306,0.0017463938222164136
2435,0.004932487108448402,-0.005392944364508909
2436,-0.03334773596852725,-0.010339316361533199
2437,0.013291508390340212,-0.0008027951113627392
2438,0.030066336940382188,0.01169328313512345
2439,-0.0007154536012947688,0.012832870131161807
2440,0.014891193729388963,0.005474915073497635
2441,0.011851072232436533,-0.0009206328787171002
2442,-0.014779664536421766,0.00042336185543626493
2443,0.029578208740050904,0.006667635055785234
2444,0.002336744590313522,0.006470222697003952
2445,-0.009188126519051987,-0.0005223165110226823
2446,0.014394476339478768,-0.006901456480836481
2447,-0.024696377895804922,-0.007625295086101739
2448,-0.03455513576810054,-0.0006790377633212315
2449,0.018258143281152606,0.0060987304500081845
2450,-0.004980766911074408,0.00427025334178895
2451,0.03132154603486437,0.0013331636285892111
2452,0.009014027463280838,0.006201450098843541
2453,0.04081914696954403,0.01625657804715263
2454,0.00818691522124082,0.01607505402954129
2455,0.037328075063250976,0.0035236856242238084
2456,-0.04305550712259876,-0.007186185538226968
2457,-0.007124962514899691,-0.0013399867875018856
2458,0.0334883274826101,0.007691611275705032
2459,-0.003600344495087948,0.001837459703151978
2460,-0.0201315989366303,-0.012551714409537704
2461,-0.04174895504022835,-0.01791627125024748
2462,-0.004947781745216595,-0.008340392869210199
2463,0.0030386908296471393,0.0006323440366377657
2464,-0.017075260895971556,-0.0025712596433159983
2465,0.012328452180913496,-0.008345205084265228
2466,0.023802950039503612,-0.005080100413004568
2467,-0.005812385586158264,0.003279953771083365
2468,-0.006662209012000209,0.00566687736692495
2469,0.016014314774668748,-0.0008114538439787419
2470,-0.05119227913119673,-0.006669736694961771
2471,-0.010932793408064523,-0.0004763993024584608
2472,0.02440420411816424,0.010065778869720387
2473,0.02410315591356116,0.011162553247157501
2474,-0.014504723062798819,0.0028675358196492747
2475,0.0315190832861485,-0.0015429912379485043
2476,0.005922768017011526,0.0018297602685229354
2477,-0.0025425188394377907,0.005496699422698391
2478,0.0016099107205274077,0.0007758135855877417
2479,-0.020492985985050227,-0.008082084808813087
2480,-0.02994660049586373,-0.009951430258532372
2481,-0.003524104756078783,-0.0045496492396720585
2482,0.0005658638300445329,0.00036789687401035664
2483,0.007917397596713949,0.0008695369722253321
2484,-0.02160192026581842,-0.0013434887722731867
2485,0.033261644370239596,-0.0008348552785608439
2486,0.0033300661133035536,0.001372298147898774
2487,-0.004010523099414409,0.003931725908270265
2488,0.01638434268504496,0.004506553907666276
2489,0.014344304583786327,0.0018351207058091923
2490,-0.028956249506786658,-0.0017695272527294941
2491,-0.006796087019965813,-0.003088529175789144
2492,0.0015361068204720052,-0.0025752024791005834
2493,-0.0015337508153835389,-0.0008014182262388327
2494,-0.007959777823850822,0.0012041964775130177
2495,0.028153152790329594,0.0014213503212852406
2496,-0.015881758592130257,-0.0014884027541965474
2497,-0.005703896054271906,-0.003119262728572392
2498,-0.017210064865331054,-0.0015740154257754986
2499,0.013240323654045705,0.0028006683145049725
2500,0.0032317460004369636,0.00527192920598763
2501,0.027030816021428983,0.0037246702907817184
2502,-0.001636475434140916,0.0002932792355242841
2503,0.013659336327079608,-0.00015206827863607287
2504,-0.006872418036954042,0.00015835409232204138
2505,-0.00542732582153671,-0.0012646358822599284
2506,-0.004911331451069145,-0.0037676682030422307
2507,-0.004524291472567277,-0.004559503938453434
2508,0.006748352288261428,-0.002765549961252705
2509,-0.0005472081581712196,-0.0006372769570144382
2510,0.0080756089104983,0.000138242027998397
2511,-0.007060478773761036,-0.0008886687732160788
2512,0.009845497712902995,-0.0007132732023680014
2513,0.013134749366894516,0.0023104543562447485
2514,0.009756794438801508,0.007181321482091021
2515,0.018266011881860056,0.009897177461319795
2516,0.012868813984691085,0.007342063727936714
2517,-0.007956816372649667,0.003721253660712598
2518,0.01125478761760168,0.004924857806834875
2519,-0.01112952715320803,0.009473286905853737
2520,0.04320823034967103,0.012780800430564182
2521,0.019717311251483682,0.008666961381739221
2522,-0.006810229419029423,0.0025153800249771542
2523,0.032692521474312564,0.0009356981380769477
2524,-0.016599406654887572,0.0005084402418796197
2525,-0.005063971376617182,-0.0012923595605818165
2526,-0.017086719462843236,-0.006210144224525317
2527,-0.008383680188124631,-0.010040852544738542
2528,-0.015168484596221221,-0.009063745384033976
2529,0.004923613106377234,-0.0051622758263861245
2530,-0.020979876896458083,-0.003754104907543356
2531,0.01193379060097377,-0.00557085156729942
2532,-0.013695179085668419,-0.008660474430461574
2533,-0.0003856875773680102,-0.006336538456635132
2534,0.0034726256342945128,0.0006228293212705042
2535,-0.002563406265667423,0.004186124233229822
2536,-0.0039835204293167115,-2.224498027794024e-06
2537,-0.01832029104894184,-0.006043311381552541
2538,-0.008411084511115163,-0.003870696335830211
2539,0.005434111049608559,0.005664835563596752
2540,0.020300565556773842,0.011653255788395765
2541,0.011240246770494178,0.006690990237857885
2542,-0.024913722139720207,-0.0023160074983361663
2543,0.0009171867807142853,-0.003357684220886085
2544,-0.007461705712507927,0.0028565098536426823
2545,0.015035602667329728,0.008070658897031846
2546,0.006366916185013283,0.0056863644579551245
2547,0.004002649453884954,-0.0014007969173756116
2548,-0.03099284459749896,-0.00627474834336134
2549,0.008228304699899436,-0.005340768915329034
2550,-0.024220138708958228,-0.003120143897172537
2551,-0.0037771319259554126,-0.0009956106137358513
2552,0.019363579346272974,-0.0016117934087412499
2553,-0.0007969920239989658,-0.006101095484417953
2554,-0.025259259439575188,-0.009211905383934734
2555,-0.00013641757054150272,-0.007542744659368638
2556,-0.025780922828947506,-0.004898778775090066
2557,-0.0040605001814945085,-0.0031559972166308246
2558,0.013496402664721296,-0.003336220897563576
2559,-0.016645817855472256,-0.0033755410165291775
2560,0.00789952833143226,0.00014664103172914395
2561,0.01889441793109614,0.0030650247324832706
2562,-0.016208794721297548,0.0026742778626770544
2563,0.009215247241055824,0.0029529354292698626
2564,0.005949091206943313,0.00509586992997144
2565,-0.006876633286972189,0.008210314549626964
2566,0.0029081718201795503,0.009592546320828607
2567,0.018088997805995932,0.007635188367941893
2568,0.0008137468582944951,0.006300391402308099
2569,0.014771599462892304,0.009544895478665903
2570,-0.0008012494764215727,0.012046465669053978
2571,0.008019225829569265,0.007807162106870965
2572,0.0007956137555700238,-0.002328484762581864
2573,-0.009406553819422458,-0.008075012324901053
2574,0.034238401804524754,-0.003657097823220301
2575,-0.0032328978931900343,0.0004691395126008163
2576,0.008562480760722302,-0.006573076464087642
2577,-0.07061998989748008,-0.023639919768785263
2578,-0.059930821191068295,-0.03106349440965905
2579,-0.02856293969835133,-0.020780599920983488
2580,-0.04001217141599733,-0.003133555376402761
2581,0.06694034840941754,0.006713823311105591
2582,-0.03344187740450666,0.0004846362313626118
2583,0.017452532072482096,-0.004635616802938513
2584,0.0030093978391800835,7.801514430019231e-05
2585,-0.0027002744567519166,0.0119778412554672
2586,0.01910343831133332,0.020272883416852232
2587,0.025535104899388816,0.015298324497561917
2588,-0.012377670823266351,0.0023329635590835862
2589,0.010929757650546934,-0.004282216025702146
2590,-0.019028393290488332,-0.0009933691998642337
2591,0.0060249230613995675,0.004840618871955508
2592,0.008326025452043861,0.0008085513855492273
2593,-0.01839774975408659,-0.011940082131813417
2594,-0.0281877745261776,-0.019291821718496912
2595,-0.034775962853363485,-0.013909611165569265
2596,0.015103764144643206,-0.003052635641716826
2597,-0.007904441000784579,0.0002328094177026568
2598,-0.02562104592428127,-0.0020721966411093628
2599,0.03575436236052765,-0.001962441370681815
2600,-0.01687306777607045,0.0015958583220724784
2601,0.03290820670482164,0.00970303556956891
2602,0.015396374386028588,0.014979083526418772
2603,0.0148626010313484,0.013934619277481696
2604,0.029437838885918666,0.007248842793220503
2605,-0.012357997215309169,-0.000281996248344722
2606,-0.01658674470191135,-0.0002124364233034512
2607,0.007545526910238465,0.004840720344805269
2608,0.006020611913305496,0.003934299655634684
2609,0.0021894835965794446,-0.005096791109755038
2610,-0.015584143127700512,-0.012481803676735287
2611,-0.006657744823547529,-0.009280956073490162
2612,0.012660090584572625,-0.0020619844194145953
2613,-0.010442699026043112,-0.002278075801629877
2614,0.00906659663227094,-0.007670054686475799
2615,-0.010310752018491298,-0.009202912297035926
2616,-0.0005953402898329907,-0.0023242132540955184
2617,0.03574090054121548,0.005429097848127987
2618,0.004888516505708873,0.005901658812740906
2619,-0.007869552962670001,0.004088602881154114
2620,0.008508854895378004,0.005859076428808284
2621,0.02073497700435256,0.00961691430820158
2622,0.009386464333434263,0.012183486001795035
2623,-0.006245726003834551,0.015386407597500231
2624,0.04497208504643968,0.018379301573861705
2625,0.0030740892524956376,0.014723755875828585
2626,0.06888738119543913,0.0074260066365955685
2627,-0.020319182971937244,0.0032955381235384917
2628,0.04720711142314271,0.008093871755113283
2629,-0.00036459790496645716,0.006184514220423557
2630,0.010331908814867674,-0.009166456802037938
2631,-0.08072664656821826,-0.0251933932405256
2632,-0.04462771232401275,-0.022074463257908048
2633,0.004246541898544454,-0.006849015345034585
2634,0.0038193805568345063,-0.00046389710553752794
2635,-0.0042124959100471315,-0.006339452704222192
2636,-0.002319844047177333,-0.010742597238887186
2637,0.011215971658850021,-0.003692113456483087
2638,0.022453618637394035,0.007221395399553301
2639,-0.0052916247633666424,0.00985601815156373
2640,0.01715654839262193,0.0050131864826035745
2641,0.006276094488371298,0.00033556246167645073
2642,-0.00038979703292285617,0.0007209692773184808
2643,-0.020018210183521012,0.0034227858259906967
2644,0.0252023019135319,0.003469893067970899
2645,-0.021606910973781757,-0.001222656073661267
2646,-0.004760653230309941,-0.0034106277965574583
2647,-0.0009301048742665907,-0.0014632026804303195
2648,0.012900667498435325,0.0006636320983275723
2649,-0.003020001915362558,0.00025966092338054975
2650,-0.004477860739083628,0.0005618076136224187
2651,-0.0031749950442745423,0.003253673463328282
2652,-0.0009289939779927314,0.004735774964756519
2653,0.010759797711586971,0.002784834680176472
2654,-0.01629646370678095,0.0020198995252193666
2655,0.030995320535996296,0.007401828555215786
2656,0.034080665352028694,0.010490988025047762
2657,0.015538819753744493,0.004582244334767749
2658,-0.017892455099403848,-0.005173215103085143
2659,-0.02676212277200385,-0.009399242024156143
2660,-0.01742833062325333,-0.007757763656179662
2661,-0.014321428965235139,-0.00664497814709533
2662,-0.016395571615274718,-0.00780271620914868
2663,-0.005014266729791772,-0.007911622650960981
2664,-0.0016343655704182947,-0.006256022130743243
2665,0.0068212821170954285,-0.00494661884301682
2666,-0.011517697403338745,-0.004631452286126011
2667,-0.006716900401204762,-0.001866102220444309
2668,0.017664901952381573,0.002656615457407907
2669,-0.012747421199391762,0.004141635435036163
2670,0.00508235029776638,0.0026462364971693375
2671,-0.011890052466295375,0.001054686182163919
2672,0.016874046193818604,0.003826192763239088
2673,0.008297070704628373,0.008243862217844433
2674,0.006879834818919406,0.009772754181945623
2675,0.014871390935535134,0.005798981738953199
2676,-0.02244220393719054,-0.0011728556556070652
2677,0.008507727582099278,-0.0031713418464592636
2678,0.0074986282311910735,0.00021684424997634813
2679,-0.005316341536893088,0.004626641600898282
2680,0.025654808822695774,0.003218211656591798
2681,-0.0251433070800402,-0.006524882788848782
2682,-0.008686375918397382,-0.013148221812688448
2683,-0.02089516103236877,-0.00898809779775648
2684,0.005645100889633881,0.0018478487829229934
2685,0.0047918739010679445,0.006198719329021268
2686,0.01798609764003345,-0.0006219170077928637
2687,-0.022888490234609704,-0.008755287644781234
2688,0.004246541898544454,-0.004772293120516477
2689,0.012549527062861054,0.007093152666358753
2690,0.019399093990169147,0.01252277608155676
2691,-0.009250653696057043,0.005620490627025318
2692,-0.0037348109208720226,-0.0036055013742679496
2693,-0.015664824743548578,-0.003905008029306876
2694,-0.0009521177641514944,0.005175240223487113
2695,0.021783610210945215,0.0121999097076762
2696,0.017854713969385205,0.008337858884076997
2697,0.007854411296178032,-0.0012189920926299583
2698,0.00038964515039929815,-0.006172845593596489
2699,-0.03155025202658901,-0.0034269251038220585
2700,-0.011261514668608696,0.0011965986655201387
2701,-0.008271194716631403,-0.001389363189849029
2702,-0.021875833845680148,-0.008387630792705573
2703,0.0023762673576988025,-0.00882991980581629
2704,0.016176316788721667,-0.0022564995805206722
2705,0.004528532856074685,0.0016308475899306975
2706,0.004508221923670508,-0.0027278839787830485
2707,-0.013871843601248601,-0.010755605288198009
2708,-0.043028584397504566,-0.012669080993617458
2709,0.012826046944470981,-0.006503624972459135
2710,-0.01821284578157878,-0.001331380556357962
2711,-0.00014495849609375,0.00018143699156051565
2712,-0.01710393305861324,-0.0011684930955616671
2713,0.0025070904654278525,-0.0012024159608227856
2714,-0.0022065536697800647,0.0016367494118913373
2715,0.00648672858814936,0.007241489868686512
2716,0.03456863521892739,0.01303769149254687
2717,0.037661103858823264,0.01383998181295824
2718,-0.0015008951968542572,0.00831433157699839
2719,-0.0008198627814095527,0.001488249488033726
2720,-0.02365978243914202,-0.0017251312834795592
2721,0.00574315262102143,0.000637453258197908
2722,-0.0012535370955385483,0.0037133096085633843
2723,0.011853276878721175,0.0038647911958428487
2724,0.0024807099122410303,-0.000813973856208712
2725,-0.011135518042092118,-0.007485841850179803
2726,-0.012512185764778083,-0.009289092646935827
2727,-0.002111805271811873,-0.0033732978775010162
2728,0.005361242911083419,0.0037039181887361986
2729,0.005893883754625628,0.0033729644009882088
2730,0.014508941282080912,-0.004395398362830842
2731,-0.04029153267315433,-0.010148851549709792
2732,0.0008596870297561399,-0.004069639930476567
2733,0.021904063174227995,0.005355734113910016
2734,-0.0011206809293667908,0.006154969435476017
2735,0.016830251008139285,-0.0006851402767595776
2736,-0.022344865470096953,-0.006290407781219955
2737,-0.010299037187164406,-0.003465086555268512
2738,-0.01211687035826392,0.0020500822981746217
2739,0.016161544990856758,0.0037114214410490735
2740,-0.01661457255563059,0.0020905764327268242
2741,0.011407955458878627,0.002663925286982084
2742,0.014705864732056817,0.003362049024594454
2743,-0.00014073640457878955,0.0019875532337088387
2744,-0.012102457640002506,0.001140576414727964
2745,0.006552802476705866,0.002645982027594686
2746,0.010331102316804897,0.0030602660774734034
2747,0.007423991929235374,-0.0007228724624039314
2748,-0.01988320830899648,-0.005725427629419732
2749,-0.008937399241173427,-0.005736817615073801
2750,0.009733757504076346,-0.0033213712608417085
2751,-0.01828750919740052,-0.004501551619911417
2752,-0.006353825868682272,-0.006601642165815077
2753,-0.013370123551623592,-0.006221953376652292
2754,-0.025335119106885462,-0.0033649265334209652
2755,0.02735386486436009,-0.0009395284484457224
2756,-0.011621077912859046,-0.0008904448335451511
2757,0.012501805437842517,0.002460437213594842
2758,0.024989043188900828,0.006816682993790213
2759,0.008174382150915926,0.006250088633269794
2760,-0.0014225618659219341,0.0008991019060203081
2761,-0.024501334274654285,-0.002645275258570551
2762,0.01650112730760478,0.0015617965142266307
2763,0.0018675082930346143,0.007194480458538575
