"Bndidxnme","Bndidxcd","Trddt","Pretrdd","Bchmrkdt","Opnidx","Clsindex","Preclsindx","Hiindex","Loindex","Dlbndtrd","Dnvaltrd","Didexvolt","Dperchg","Dretindex"
"中证交易所绿色债券指数","930951","2017-06-19","","2016-12-30","","98.54","","","","0","","","",""
"中证交易所绿色债券指数","930951","2017-06-20","2017-06-19","2016-12-30","","98.70","98.54","","","1","","","","0.1593"
"中证交易所绿色债券指数","930951","2017-06-21","2017-06-20","2016-12-30","","98.76","98.70","","","0","","","","0.0598"
"中证交易所绿色债券指数","930951","2017-06-22","2017-06-21","2016-12-30","","98.82","98.76","","","1","","","","0.0577"
"中证交易所绿色债券指数","930951","2017-06-23","2017-06-22","2016-12-30","","98.85","98.82","","","0","","","","0.0354"
"中证交易所绿色债券指数","930951","2017-06-26","2017-06-23","2016-12-30","","98.92","98.85","","","0","","","","0.0637"
"中证交易所绿色债券指数","930951","2017-06-27","2017-06-26","2016-12-30","","99.09","98.92","","","1","","","","0.1739"
"中证交易所绿色债券指数","930951","2017-06-28","2017-06-27","2016-12-30","","99.10","99.09","","","1","","","","0.0172"
"中证交易所绿色债券指数","930951","2017-06-29","2017-06-28","2016-12-30","","99.21","99.10","","","0","","","","0.1100"
"中证交易所绿色债券指数","930951","2017-06-30","2017-06-29","2016-12-30","","99.26","99.21","","","0","","","","0.0423"
"中证交易所绿色债券指数","930951","2017-07-03","2017-06-30","2016-12-30","","99.29","99.26","","","0","","","","0.0302"
"中证交易所绿色债券指数","930951","2017-07-04","2017-07-03","2016-12-30","","99.30","99.29","","","0","","","","0.0101"
"中证交易所绿色债券指数","930951","2017-07-05","2017-07-04","2016-12-30","","99.31","99.30","","","0","","","","0.0111"
"中证交易所绿色债券指数","930951","2017-07-06","2017-07-05","2016-12-30","","99.40","99.31","","","0","","","","0.0926"
"中证交易所绿色债券指数","930951","2017-07-07","2017-07-06","2016-12-30","","99.46","99.40","","","0","","","","0.0664"
"中证交易所绿色债券指数","930951","2017-07-10","2017-07-07","2016-12-30","","99.53","99.46","","","3","","","","0.0684"
"中证交易所绿色债券指数","930951","2017-07-11","2017-07-10","2016-12-30","","99.54","99.53","","","1","","","","0.0050"
"中证交易所绿色债券指数","930951","2017-07-12","2017-07-11","2016-12-30","","99.58","99.54","","","2","","","","0.0442"
"中证交易所绿色债券指数","930951","2017-07-13","2017-07-12","2016-12-30","","99.58","99.58","","","1","","","","-0.0040"
"中证交易所绿色债券指数","930951","2017-07-14","2017-07-13","2016-12-30","","99.55","99.58","","","0","","","","-0.0271"
"中证交易所绿色债券指数","930951","2017-07-17","2017-07-14","2016-12-30","","99.65","99.55","","","0","","","","0.1035"
"中证交易所绿色债券指数","930951","2017-07-18","2017-07-17","2016-12-30","","99.62","99.65","","","2","","","","-0.0381"
"中证交易所绿色债券指数","930951","2017-07-19","2017-07-18","2016-12-30","","99.63","99.62","","","1","","","","0.0120"
"中证交易所绿色债券指数","930951","2017-07-20","2017-07-19","2016-12-30","","99.65","99.63","","","0","","","","0.0251"
"中证交易所绿色债券指数","930951","2017-07-21","2017-07-20","2016-12-30","","99.65","99.65","","","1","","","","-0.0060"
"中证交易所绿色债券指数","930951","2017-07-24","2017-07-21","2016-12-30","","99.64","99.65","","","1","","","","-0.0060"
"中证交易所绿色债券指数","930951","2017-07-25","2017-07-24","2016-12-30","","99.71","99.64","","","2","","","","0.0652"
"中证交易所绿色债券指数","930951","2017-07-26","2017-07-25","2016-12-30","","99.68","99.71","","","0","","","","-0.0281"
"中证交易所绿色债券指数","930951","2017-07-27","2017-07-26","2016-12-30","","99.71","99.68","","","0","","","","0.0281"
"中证交易所绿色债券指数","930951","2017-07-28","2017-07-27","2016-12-30","","99.74","99.71","","","0","","","","0.0351"
"中证交易所绿色债券指数","930951","2017-07-31","2017-07-28","2016-12-30","","99.79","99.74","","","0","","","","0.0451"
"中证交易所绿色债券指数","930951","2017-08-01","2017-07-31","2016-12-30","","99.79","99.79","","","1","","","","0.0040"
"中证交易所绿色债券指数","930951","2017-08-02","2017-08-01","2016-12-30","","99.79","99.79","","","0","","","","0.0040"
"中证交易所绿色债券指数","930951","2017-08-03","2017-08-02","2016-12-30","","99.80","99.79","","","2","","","","0.0090"
"中证交易所绿色债券指数","930951","2017-08-04","2017-08-03","2016-12-30","","99.84","99.80","","","0","","","","0.0341"
"中证交易所绿色债券指数","930951","2017-08-07","2017-08-04","2016-12-30","","99.86","99.84","","","0","","","","0.0220"
"中证交易所绿色债券指数","930951","2017-08-08","2017-08-07","2016-12-30","","99.77","99.86","","","0","","","","-0.0861"
"中证交易所绿色债券指数","930951","2017-08-09","2017-08-08","2016-12-30","","99.71","99.77","","","0","","","","-0.0672"
"中证交易所绿色债券指数","930951","2017-08-10","2017-08-09","2016-12-30","","99.69","99.71","","","0","","","","-0.0171"
"中证交易所绿色债券指数","930951","2017-08-11","2017-08-10","2016-12-30","","99.72","99.69","","","0","","","","0.0281"
"中证交易所绿色债券指数","930951","2017-08-14","2017-08-11","2016-12-30","","99.79","99.72","","","1","","","","0.0782"
"中证交易所绿色债券指数","930951","2017-08-15","2017-08-14","2016-12-30","","99.83","99.79","","","1","","","","0.0341"
"中证交易所绿色债券指数","930951","2017-08-16","2017-08-15","2016-12-30","","99.87","99.83","","","0","","","","0.0461"
"中证交易所绿色债券指数","930951","2017-08-17","2017-08-16","2016-12-30","","99.87","99.87","","","1","","","","0.0000"
"中证交易所绿色债券指数","930951","2017-08-18","2017-08-17","2016-12-30","","99.87","99.87","","","0","","","","-0.0070"
"中证交易所绿色债券指数","930951","2017-08-21","2017-08-18","2016-12-30","","99.91","99.87","","","0","","","","0.0391"
"中证交易所绿色债券指数","930951","2017-08-22","2017-08-21","2016-12-30","","99.89","99.91","","","0","","","","-0.0170"
"中证交易所绿色债券指数","930951","2017-08-23","2017-08-22","2016-12-30","","99.86","99.89","","","1","","","","-0.0300"
"中证交易所绿色债券指数","930951","2017-08-24","2017-08-23","2016-12-30","","99.74","99.86","","","3","","","","-0.1212"
"中证交易所绿色债券指数","930951","2017-08-25","2017-08-24","2016-12-30","","99.70","99.74","","","2","","","","-0.0381"
"中证交易所绿色债券指数","930951","2017-08-28","2017-08-25","2016-12-30","","99.68","99.70","","","2","","","","-0.0201"
"中证交易所绿色债券指数","930951","2017-08-29","2017-08-28","2016-12-30","","99.65","99.68","","","1","","","","-0.0271"
"中证交易所绿色债券指数","930951","2017-08-30","2017-08-29","2016-12-30","","99.62","99.65","","","2","","","","-0.0341"
"中证交易所绿色债券指数","930951","2017-08-31","2017-08-30","2016-12-30","","99.59","99.62","","","3","","","","-0.0271"
"中证交易所绿色债券指数","930951","2017-09-01","2017-08-31","2016-12-30","","99.60","99.59","","","3","","","","0.0070"
"中证交易所绿色债券指数","930951","2017-09-04","2017-09-01","2016-12-30","","99.64","99.60","","","3","","","","0.0432"
"中证交易所绿色债券指数","930951","2017-09-05","2017-09-04","2016-12-30","","99.63","99.64","","","3","","","","-0.0141"
"中证交易所绿色债券指数","930951","2017-09-06","2017-09-05","2016-12-30","","99.66","99.63","","","2","","","","0.0321"
"中证交易所绿色债券指数","930951","2017-09-07","2017-09-06","2016-12-30","","99.68","99.66","","","1","","","","0.0201"
"中证交易所绿色债券指数","930951","2017-09-08","2017-09-07","2016-12-30","","99.75","99.68","","","1","","","","0.0672"
"中证交易所绿色债券指数","930951","2017-09-11","2017-09-08","2016-12-30","","99.84","99.75","","","1","","","","0.0932"
"中证交易所绿色债券指数","930951","2017-09-12","2017-09-11","2016-12-30","","99.87","99.84","","","0","","","","0.0290"
"中证交易所绿色债券指数","930951","2017-09-13","2017-09-12","2016-12-30","","99.88","99.87","","","0","","","","0.0140"
"中证交易所绿色债券指数","930951","2017-09-14","2017-09-13","2016-12-30","","99.92","99.88","","","2","","","","0.0390"
"中证交易所绿色债券指数","930951","2017-09-15","2017-09-14","2016-12-30","","99.96","99.92","","","0","","","","0.0410"
"中证交易所绿色债券指数","930951","2017-09-18","2017-09-15","2016-12-30","","100.03","99.96","","","1","","","","0.0670"
"中证交易所绿色债券指数","930951","2017-09-19","2017-09-18","2016-12-30","","100.04","100.03","","","1","","","","0.0050"
"中证交易所绿色债券指数","930951","2017-09-20","2017-09-19","2016-12-30","","100.07","100.04","","","4","","","","0.0330"
"中证交易所绿色债券指数","930951","2017-09-21","2017-09-20","2016-12-30","","100.12","100.07","","","2","","","","0.0560"
"中证交易所绿色债券指数","930951","2017-09-22","2017-09-21","2016-12-30","","100.14","100.12","","","1","","","","0.0110"
"中证交易所绿色债券指数","930951","2017-09-25","2017-09-22","2016-12-30","","100.19","100.14","","","0","","","","0.0579"
"中证交易所绿色债券指数","930951","2017-09-26","2017-09-25","2016-12-30","","100.20","100.19","","","2","","","","0.0100"
"中证交易所绿色债券指数","930951","2017-09-27","2017-09-26","2016-12-30","","100.20","100.20","","","1","","","","-0.0010"
"中证交易所绿色债券指数","930951","2017-09-28","2017-09-27","2016-12-30","","100.24","100.20","","","0","","","","0.0349"
"中证交易所绿色债券指数","930951","2017-09-29","2017-09-28","2016-12-30","","100.28","100.24","","","2","","","","0.0389"
"中证交易所绿色债券指数","930951","2017-10-09","2017-09-29","2016-12-30","","100.41","100.28","","","0","","","","0.1286"
"中证交易所绿色债券指数","930951","2017-10-10","2017-10-09","2016-12-30","","100.41","100.41","","","0","","","","0.0010"
"中证交易所绿色债券指数","930951","2017-10-11","2017-10-10","2016-12-30","","100.38","100.41","","","2","","","","-0.0309"
"中证交易所绿色债券指数","930951","2017-10-12","2017-10-11","2016-12-30","","100.41","100.38","","","0","","","","0.0319"
"中证交易所绿色债券指数","930951","2017-10-13","2017-10-12","2016-12-30","","100.43","100.41","","","0","","","","0.0199"
"中证交易所绿色债券指数","930951","2017-10-16","2017-10-13","2016-12-30","","100.33","100.43","","","4","","","","-0.0966"
"中证交易所绿色债券指数","930951","2017-10-17","2017-10-16","2016-12-30","","100.25","100.33","","","13","","","","-0.0777"
"中证交易所绿色债券指数","930951","2017-10-18","2017-10-17","2016-12-30","","100.24","100.25","","","2","","","","-0.0080"
"中证交易所绿色债券指数","930951","2017-10-19","2017-10-18","2016-12-30","","100.25","100.24","","","0","","","","0.0030"
"中证交易所绿色债券指数","930951","2017-10-20","2017-10-19","2016-12-30","","100.30","100.25","","","3","","","","0.0539"
"中证交易所绿色债券指数","930951","2017-10-23","2017-10-20","2016-12-30","","100.37","100.30","","","1","","","","0.0708"
"中证交易所绿色债券指数","930951","2017-10-24","2017-10-23","2016-12-30","","100.35","100.37","","","3","","","","-0.0189"
"中证交易所绿色债券指数","930951","2017-10-25","2017-10-24","2016-12-30","","100.24","100.35","","","10","","","","-0.1096"
"中证交易所绿色债券指数","930951","2017-10-26","2017-10-25","2016-12-30","","100.27","100.24","","","3","","","","0.0309"
"中证交易所绿色债券指数","930951","2017-10-27","2017-10-26","2016-12-30","","100.27","100.27","","","1","","","","-0.0060"
"中证交易所绿色债券指数","930951","2017-10-30","2017-10-27","2016-12-30","","100.16","100.27","","","2","","","","-0.1037"
"中证交易所绿色债券指数","930951","2017-10-31","2017-10-30","2016-12-30","","100.07","100.16","","","2","","","","-0.0988"
"中证交易所绿色债券指数","930951","2017-11-01","2017-10-31","2016-12-30","","100.08","100.07","","","3","","","","0.0170"
"中证交易所绿色债券指数","930951","2017-11-02","2017-11-01","2016-12-30","","100.10","100.08","","","5","","","","0.0140"
"中证交易所绿色债券指数","930951","2017-11-03","2017-11-02","2016-12-30","","100.11","100.10","","","0","","","","0.0090"
"中证交易所绿色债券指数","930951","2017-11-06","2017-11-03","2016-12-30","","100.14","100.11","","","4","","","","0.0300"
"中证交易所绿色债券指数","930951","2017-11-07","2017-11-06","2016-12-30","","100.10","100.14","","","6","","","","-0.0360"
"中证交易所绿色债券指数","930951","2017-11-08","2017-11-07","2016-12-30","","100.06","100.10","","","0","","","","-0.0420"
"中证交易所绿色债券指数","930951","2017-11-09","2017-11-08","2016-12-30","","100.05","100.06","","","7","","","","-0.0060"
"中证交易所绿色债券指数","930951","2017-11-10","2017-11-09","2016-12-30","","100.04","100.05","","","2","","","","-0.0090"
"中证交易所绿色债券指数","930951","2017-11-13","2017-11-10","2016-12-30","","99.96","100.04","","","5","","","","-0.0820"
"中证交易所绿色债券指数","930951","2017-11-14","2017-11-13","2016-12-30","","99.85","99.96","","","5","","","","-0.1120"
"中证交易所绿色债券指数","930951","2017-11-15","2017-11-14","2016-12-30","","99.73","99.85","","","1","","","","-0.1222"
"中证交易所绿色债券指数","930951","2017-11-16","2017-11-15","2016-12-30","","99.63","99.73","","","2","","","","-0.0943"
"中证交易所绿色债券指数","930951","2017-11-17","2017-11-16","2016-12-30","","99.60","99.63","","","1","","","","-0.0291"
"中证交易所绿色债券指数","930951","2017-11-20","2017-11-17","2016-12-30","","99.61","99.60","","","0","","","","0.0030"
"中证交易所绿色债券指数","930951","2017-11-21","2017-11-20","2016-12-30","","99.57","99.61","","","0","","","","-0.0331"
"中证交易所绿色债券指数","930951","2017-11-22","2017-11-21","2016-12-30","","99.49","99.57","","","3","","","","-0.0793"
"中证交易所绿色债券指数","930951","2017-11-23","2017-11-22","2016-12-30","","99.25","99.49","","","3","","","","-0.2432"
"中证交易所绿色债券指数","930951","2017-11-24","2017-11-23","2016-12-30","","99.19","99.25","","","2","","","","-0.0605"
"中证交易所绿色债券指数","930951","2017-11-27","2017-11-24","2016-12-30","","99.13","99.19","","","0","","","","-0.0645"
"中证交易所绿色债券指数","930951","2017-11-28","2017-11-27","2016-12-30","","99.08","99.13","","","3","","","","-0.0525"
"中证交易所绿色债券指数","930951","2017-11-29","2017-11-28","2016-12-30","","99.08","99.08","","","0","","","","0.0071"
"中证交易所绿色债券指数","930951","2017-11-30","2017-11-29","2016-12-30","","99.04","99.08","","","4","","","","-0.0424"
"中证交易所绿色债券指数","930951","2017-12-01","2017-11-30","2016-12-30","","99.07","99.04","","","1","","","","0.0313"
"中证交易所绿色债券指数","930951","2017-12-04","2017-12-01","2016-12-30","","99.09","99.07","","","1","","","","0.0172"
"中证交易所绿色债券指数","930951","2017-12-05","2017-12-04","2016-12-30","","99.15","99.09","","","2","","","","0.0565"
"中证交易所绿色债券指数","930951","2017-12-06","2017-12-05","2016-12-30","","99.23","99.15","","","3","","","","0.0837"
"中证交易所绿色债券指数","930951","2017-12-07","2017-12-06","2016-12-30","","99.31","99.23","","","1","","","","0.0786"
"中证交易所绿色债券指数","930951","2017-12-08","2017-12-07","2016-12-30","","99.33","99.31","","","2","","","","0.0272"
"中证交易所绿色债券指数","930951","2017-12-11","2017-12-08","2016-12-30","","99.36","99.33","","","0","","","","0.0242"
"中证交易所绿色债券指数","930951","2017-12-12","2017-12-11","2016-12-30","","99.37","99.36","","","6","","","","0.0121"
"中证交易所绿色债券指数","930951","2017-12-13","2017-12-12","2016-12-30","","99.36","99.37","","","2","","","","-0.0050"
"中证交易所绿色债券指数","930951","2017-12-14","2017-12-13","2016-12-30","","99.37","99.36","","","4","","","","0.0070"
"中证交易所绿色债券指数","930951","2017-12-15","2017-12-14","2016-12-30","","99.32","99.37","","","1","","","","-0.0513"
"中证交易所绿色债券指数","930951","2017-12-18","2017-12-15","2016-12-30","","99.40","99.32","","","2","","","","0.0816"
"中证交易所绿色债券指数","930951","2017-12-19","2017-12-18","2016-12-30","","99.41","99.40","","","2","","","","0.0040"
"中证交易所绿色债券指数","930951","2017-12-20","2017-12-19","2016-12-30","","99.40","99.41","","","2","","","","-0.0101"
"中证交易所绿色债券指数","930951","2017-12-21","2017-12-20","2016-12-30","","99.44","99.40","","","5","","","","0.0473"
"中证交易所绿色债券指数","930951","2017-12-22","2017-12-21","2016-12-30","","99.47","99.44","","","2","","","","0.0312"
"中证交易所绿色债券指数","930951","2017-12-25","2017-12-22","2016-12-30","","99.47","99.47","","","1","","","","-0.0010"
"中证交易所绿色债券指数","930951","2017-12-26","2017-12-25","2016-12-30","","99.46","99.47","","","3","","","","-0.0171"
"中证交易所绿色债券指数","930951","2017-12-27","2017-12-26","2016-12-30","","99.47","99.46","","","0","","","","0.0131"
"中证交易所绿色债券指数","930951","2017-12-28","2017-12-27","2016-12-30","","99.46","99.47","","","1","","","","-0.0040"
"中证交易所绿色债券指数","930951","2017-12-29","2017-12-28","2016-12-30","","99.51","99.46","","","0","","","","0.0493"
"中证交易所绿色债券指数","930951","2018-01-02","2017-12-29","2016-12-30","","99.64","99.51","","","0","","","","0.1256"
"中证交易所绿色债券指数","930951","2018-01-03","2018-01-02","2016-12-30","","99.70","99.64","","","2","","","","0.0592"
"中证交易所绿色债券指数","930951","2018-01-04","2018-01-03","2016-12-30","","99.67","99.70","","","0","","","","-0.0311"
"中证交易所绿色债券指数","930951","2018-01-05","2018-01-04","2016-12-30","","99.64","99.67","","","1","","","","-0.0281"
"中证交易所绿色债券指数","930951","2018-01-08","2018-01-05","2016-12-30","","99.67","99.64","","","0","","","","0.0331"
"中证交易所绿色债券指数","930951","2018-01-09","2018-01-08","2016-12-30","","99.64","99.67","","","0","","","","-0.0291"
"中证交易所绿色债券指数","930951","2018-01-10","2018-01-09","2016-12-30","","99.68","99.64","","","1","","","","0.0341"
"中证交易所绿色债券指数","930951","2018-01-11","2018-01-10","2016-12-30","","99.55","99.68","","","2","","","","-0.1254"
"中证交易所绿色债券指数","930951","2018-01-12","2018-01-11","2016-12-30","","99.55","99.55","","","0","","","","-0.0050"
"中证交易所绿色债券指数","930951","2018-01-15","2018-01-12","2016-12-30","","99.54","99.55","","","1","","","","-0.0050"
"中证交易所绿色债券指数","930951","2018-01-16","2018-01-15","2016-12-30","","99.55","99.54","","","1","","","","0.0100"
"中证交易所绿色债券指数","930951","2018-01-17","2018-01-16","2016-12-30","","99.58","99.55","","","4","","","","0.0331"
"中证交易所绿色债券指数","930951","2018-01-18","2018-01-17","2016-12-30","","99.59","99.58","","","2","","","","0.0080"
"中证交易所绿色债券指数","930951","2018-01-19","2018-01-18","2016-12-30","","99.63","99.59","","","0","","","","0.0361"
"中证交易所绿色债券指数","930951","2018-01-22","2018-01-19","2016-12-30","","99.68","99.63","","","1","","","","0.0542"
"中证交易所绿色债券指数","930951","2018-01-23","2018-01-22","2016-12-30","","99.68","99.68","","","0","","","","-0.0020"
"中证交易所绿色债券指数","930951","2018-01-24","2018-01-23","2016-12-30","","99.71","99.68","","","0","","","","0.0321"
"中证交易所绿色债券指数","930951","2018-01-25","2018-01-24","2016-12-30","","99.69","99.71","","","0","","","","-0.0221"
"中证交易所绿色债券指数","930951","2018-01-26","2018-01-25","2016-12-30","","99.72","99.69","","","1","","","","0.0311"
"中证交易所绿色债券指数","930951","2018-01-29","2018-01-26","2016-12-30","","99.77","99.72","","","0","","","","0.0521"
"中证交易所绿色债券指数","930951","2018-01-30","2018-01-29","2016-12-30","","99.74","99.77","","","1","","","","-0.0311"
"中证交易所绿色债券指数","930951","2018-01-31","2018-01-30","2016-12-30","","99.76","99.74","","","2","","","","0.0190"
"中证交易所绿色债券指数","930951","2018-02-01","2018-01-31","2016-12-30","","99.81","99.76","","","1","","","","0.0481"
"中证交易所绿色债券指数","930951","2018-02-02","2018-02-01","2016-12-30","","99.84","99.81","","","1","","","","0.0321"
"中证交易所绿色债券指数","930951","2018-02-05","2018-02-02","2016-12-30","","99.90","99.84","","","2","","","","0.0631"
"中证交易所绿色债券指数","930951","2018-02-06","2018-02-05","2016-12-30","","99.95","99.90","","","1","","","","0.0490"
"中证交易所绿色债券指数","930951","2018-02-07","2018-02-06","2016-12-30","","100.00","99.95","","","1","","","","0.0480"
"中证交易所绿色债券指数","930951","2018-02-08","2018-02-07","2016-12-30","","100.02","100.00","","","2","","","","0.0220"
"中证交易所绿色债券指数","930951","2018-02-09","2018-02-08","2016-12-30","","100.04","100.02","","","3","","","","0.0140"
"中证交易所绿色债券指数","930951","2018-02-12","2018-02-09","2016-12-30","","100.12","100.04","","","5","","","","0.0830"
"中证交易所绿色债券指数","930951","2018-02-13","2018-02-12","2016-12-30","","100.23","100.12","","","0","","","","0.1089"
"中证交易所绿色债券指数","930951","2018-02-14","2018-02-13","2016-12-30","","100.29","100.23","","","0","","","","0.0559"
"中证交易所绿色债券指数","930951","2018-02-22","2018-02-14","2016-12-30","","100.33","100.29","","","0","","","","0.0469"
"中证交易所绿色债券指数","930951","2018-02-23","2018-02-22","2016-12-30","","100.37","100.33","","","2","","","","0.0389"
"中证交易所绿色债券指数","930951","2018-02-26","2018-02-23","2016-12-30","","100.42","100.37","","","1","","","","0.0508"
"中证交易所绿色债券指数","930951","2018-02-27","2018-02-26","2016-12-30","","100.50","100.42","","","1","","","","0.0797"
"中证交易所绿色债券指数","930951","2018-02-28","2018-02-27","2016-12-30","","100.54","100.50","","","1","","","","0.0328"
"中证交易所绿色债券指数","930951","2018-03-01","2018-02-28","2016-12-30","","100.57","100.54","","","1","","","","0.0338"
"中证交易所绿色债券指数","930951","2018-03-02","2018-03-01","2016-12-30","","100.65","100.57","","","3","","","","0.0825"
"中证交易所绿色债券指数","930951","2018-03-05","2018-03-02","2016-12-30","","100.70","100.65","","","2","","","","0.0517"
"中证交易所绿色债券指数","930951","2018-03-06","2018-03-05","2016-12-30","","100.75","100.70","","","1","","","","0.0467"
"中证交易所绿色债券指数","930951","2018-03-07","2018-03-06","2016-12-30","","100.77","100.75","","","2","","","","0.0228"
"中证交易所绿色债券指数","930951","2018-03-08","2018-03-07","2016-12-30","","100.82","100.77","","","2","","","","0.0447"
"中证交易所绿色债券指数","930951","2018-03-09","2018-03-08","2016-12-30","","100.81","100.82","","","1","","","","-0.0079"
"中证交易所绿色债券指数","930951","2018-03-12","2018-03-09","2016-12-30","","100.86","100.81","","","3","","","","0.0466"
"中证交易所绿色债券指数","930951","2018-03-13","2018-03-12","2016-12-30","","100.89","100.86","","","5","","","","0.0278"
"中证交易所绿色债券指数","930951","2018-03-14","2018-03-13","2016-12-30","","100.87","100.89","","","3","","","","-0.0198"
"中证交易所绿色债券指数","930951","2018-03-15","2018-03-14","2016-12-30","","100.90","100.87","","","1","","","","0.0347"
"中证交易所绿色债券指数","930951","2018-03-16","2018-03-15","2016-12-30","","100.90","100.90","","","1","","","","-0.0059"
"中证交易所绿色债券指数","930951","2018-03-19","2018-03-16","2016-12-30","","100.92","100.90","","","0","","","","0.0268"
"中证交易所绿色债券指数","930951","2018-03-20","2018-03-19","2016-12-30","","100.97","100.92","","","1","","","","0.0476"
"中证交易所绿色债券指数","930951","2018-03-21","2018-03-20","2016-12-30","","100.95","100.97","","","1","","","","-0.0208"
"中证交易所绿色债券指数","930951","2018-03-22","2018-03-21","2016-12-30","","101.07","100.95","","","3","","","","0.1228"
"中证交易所绿色债券指数","930951","2018-03-23","2018-03-22","2016-12-30","","101.39","101.07","","","10","","","","0.3117"
"中证交易所绿色债券指数","930951","2018-03-26","2018-03-23","2016-12-30","","101.44","101.39","","","3","","","","0.0503"
"中证交易所绿色债券指数","930951","2018-03-27","2018-03-26","2016-12-30","","101.43","101.44","","","1","","","","-0.0108"
"中证交易所绿色债券指数","930951","2018-03-28","2018-03-27","2016-12-30","","101.49","101.43","","","2","","","","0.0562"
"中证交易所绿色债券指数","930951","2018-03-29","2018-03-28","2016-12-30","","101.52","101.49","","","2","","","","0.0374"
"中证交易所绿色债券指数","930951","2018-03-30","2018-03-29","2016-12-30","","101.61","101.52","","","0","","","","0.0886"
"中证交易所绿色债券指数","930951","2018-04-02","2018-03-30","2016-12-30","","101.66","101.61","","","0","","","","0.0443"
"中证交易所绿色债券指数","930951","2018-04-03","2018-04-02","2016-12-30","","101.76","101.66","","","1","","","","0.0954"
"中证交易所绿色债券指数","930951","2018-04-04","2018-04-03","2016-12-30","","101.87","101.76","","","0","","","","0.1130"
"中证交易所绿色债券指数","930951","2018-04-09","2018-04-04","2016-12-30","","102.08","101.87","","","1","","","","0.2042"
"中证交易所绿色债券指数","930951","2018-04-10","2018-04-09","2016-12-30","","102.11","102.08","","","0","","","","0.0333"
"中证交易所绿色债券指数","930951","2018-04-11","2018-04-10","2016-12-30","","102.12","102.11","","","1","","","","0.0049"
"中证交易所绿色债券指数","930951","2018-04-12","2018-04-11","2016-12-30","","102.17","102.12","","","1","","","","0.0509"
"中证交易所绿色债券指数","930951","2018-04-13","2018-04-12","2016-12-30","","102.22","102.17","","","1","","","","0.0470"
"中证交易所绿色债券指数","930951","2018-04-16","2018-04-13","2016-12-30","","102.31","102.22","","","3","","","","0.0871"
"中证交易所绿色债券指数","930951","2018-04-17","2018-04-16","2016-12-30","","102.37","102.31","","","6","","","","0.0606"
"中证交易所绿色债券指数","930951","2018-04-18","2018-04-17","2016-12-30","","103.03","102.37","","","2","","","","0.6438"
"中证交易所绿色债券指数","930951","2018-04-19","2018-04-18","2016-12-30","","103.03","103.03","","","3","","","","0.0049"
"中证交易所绿色债券指数","930951","2018-04-20","2018-04-19","2016-12-30","","103.06","103.03","","","1","","","","0.0272"
"中证交易所绿色债券指数","930951","2018-04-23","2018-04-20","2016-12-30","","103.04","103.06","","","2","","","","-0.0184"
"中证交易所绿色债券指数","930951","2018-04-24","2018-04-23","2016-12-30","","103.04","103.04","","","0","","","","-0.0019"
"中证交易所绿色债券指数","930951","2018-04-25","2018-04-24","2016-12-30","","103.01","103.04","","","2","","","","-0.0272"
"中证交易所绿色债券指数","930951","2018-04-26","2018-04-25","2016-12-30","","103.01","103.01","","","1","","","","0.0010"
"中证交易所绿色债券指数","930951","2018-04-27","2018-04-26","2016-12-30","","102.94","103.01","","","2","","","","-0.0660"
"中证交易所绿色债券指数","930951","2018-05-02","2018-04-27","2016-12-30","","102.96","102.94","","","2","","","","0.0126"
"中证交易所绿色债券指数","930951","2018-05-03","2018-05-02","2016-12-30","","102.94","102.96","","","1","","","","-0.0146"
"中证交易所绿色债券指数","930951","2018-05-04","2018-05-03","2016-12-30","","102.84","102.94","","","0","","","","-0.0971"
"中证交易所绿色债券指数","930951","2018-05-07","2018-05-04","2016-12-30","","102.88","102.84","","","1","","","","0.0340"
"中证交易所绿色债券指数","930951","2018-05-08","2018-05-07","2016-12-30","","102.91","102.88","","","1","","","","0.0272"
"中证交易所绿色债券指数","930951","2018-05-09","2018-05-08","2016-12-30","","102.78","102.91","","","3","","","","-0.1215"
"中证交易所绿色债券指数","930951","2018-05-10","2018-05-09","2016-12-30","","102.69","102.78","","","3","","","","-0.0876"
"中证交易所绿色债券指数","930951","2018-05-11","2018-05-10","2016-12-30","","102.67","102.69","","","3","","","","-0.0204"
"中证交易所绿色债券指数","930951","2018-05-14","2018-05-11","2016-12-30","","102.66","102.67","","","1","","","","-0.0049"
"中证交易所绿色债券指数","930951","2018-05-15","2018-05-14","2016-12-30","","102.63","102.66","","","0","","","","-0.0321"
"中证交易所绿色债券指数","930951","2018-05-16","2018-05-15","2016-12-30","","102.54","102.63","","","0","","","","-0.0887"
"中证交易所绿色债券指数","930951","2018-05-17","2018-05-16","2016-12-30","","102.53","102.54","","","2","","","","-0.0117"
"中证交易所绿色债券指数","930951","2018-05-18","2018-05-17","2016-12-30","","102.51","102.53","","","1","","","","-0.0195"
"中证交易所绿色债券指数","930951","2018-05-21","2018-05-18","2016-12-30","","102.56","102.51","","","4","","","","0.0459"
"中证交易所绿色债券指数","930951","2018-05-22","2018-05-21","2016-12-30","","102.52","102.56","","","2","","","","-0.0380"
"中证交易所绿色债券指数","930951","2018-05-23","2018-05-22","2016-12-30","","102.40","102.52","","","1","","","","-0.1112"
"中证交易所绿色债券指数","930951","2018-05-24","2018-05-23","2016-12-30","","102.47","102.40","","","4","","","","0.0615"
"中证交易所绿色债券指数","930951","2018-05-25","2018-05-24","2016-12-30","","102.49","102.47","","","1","","","","0.0244"
"中证交易所绿色债券指数","930951","2018-05-28","2018-05-25","2016-12-30","","102.56","102.49","","","1","","","","0.0663"
"中证交易所绿色债券指数","930951","2018-05-29","2018-05-28","2016-12-30","","102.61","102.56","","","0","","","","0.0546"
"中证交易所绿色债券指数","930951","2018-05-30","2018-05-29","2016-12-30","","102.67","102.61","","","1","","","","0.0507"
"中证交易所绿色债券指数","930951","2018-05-31","2018-05-30","2016-12-30","","102.70","102.67","","","0","","","","0.0370"
"中证交易所绿色债券指数","930951","2018-06-01","2018-05-31","2016-12-30","","102.72","102.70","","","0","","","","0.0136"
"中证交易所绿色债券指数","930951","2018-06-04","2018-06-01","2016-12-30","","102.72","102.72","","","0","","","","0.0049"
"中证交易所绿色债券指数","930951","2018-06-05","2018-06-04","2016-12-30","","102.77","102.72","","","2","","","","0.0477"
"中证交易所绿色债券指数","930951","2018-06-06","2018-06-05","2016-12-30","","102.78","102.77","","","0","","","","0.0107"
"中证交易所绿色债券指数","930951","2018-06-07","2018-06-06","2016-12-30","","102.72","102.78","","","1","","","","-0.0623"
"中证交易所绿色债券指数","930951","2018-06-08","2018-06-07","2016-12-30","","102.72","102.72","","","0","","","","0.0049"
"中证交易所绿色债券指数","930951","2018-06-11","2018-06-08","2016-12-30","","102.74","102.72","","","1","","","","0.0127"
"中证交易所绿色债券指数","930951","2018-06-12","2018-06-11","2016-12-30","","102.80","102.74","","","1","","","","0.0574"
"中证交易所绿色债券指数","930951","2018-06-13","2018-06-12","2016-12-30","","102.79","102.80","","","1","","","","-0.0078"
"中证交易所绿色债券指数","930951","2018-06-14","2018-06-13","2016-12-30","","102.77","102.79","","","0","","","","-0.0175"
"中证交易所绿色债券指数","930951","2018-06-15","2018-06-14","2016-12-30","","102.78","102.77","","","1","","","","0.0097"
"中证交易所绿色债券指数","930951","2018-06-19","2018-06-15","2016-12-30","","102.85","102.78","","","1","","","","0.0710"
"中证交易所绿色债券指数","930951","2018-06-20","2018-06-19","2016-12-30","","102.85","102.85","","","1","","","","-0.0019"
"中证交易所绿色债券指数","930951","2018-06-21","2018-06-20","2016-12-30","","102.88","102.85","","","1","","","","0.0243"
"中证交易所绿色债券指数","930951","2018-06-22","2018-06-21","2016-12-30","","102.85","102.88","","","0","","","","-0.0214"
"中证交易所绿色债券指数","930951","2018-06-25","2018-06-22","2016-12-30","","102.89","102.85","","","1","","","","0.0379"
"中证交易所绿色债券指数","930951","2018-06-26","2018-06-25","2016-12-30","","102.91","102.89","","","0","","","","0.0136"
"中证交易所绿色债券指数","930951","2018-06-27","2018-06-26","2016-12-30","","102.88","102.91","","","1","","","","-0.0311"
"中证交易所绿色债券指数","930951","2018-06-28","2018-06-27","2016-12-30","","102.90","102.88","","","0","","","","0.0282"
"中证交易所绿色债券指数","930951","2018-06-29","2018-06-28","2016-12-30","","103.05","102.90","","","0","","","","0.1399"
"中证交易所绿色债券指数","930951","2018-07-02","2018-06-29","2016-12-30","","103.17","103.05","","","2","","","","0.1155"
"中证交易所绿色债券指数","930951","2018-07-03","2018-07-02","2016-12-30","","103.25","103.17","","","0","","","","0.0795"
"中证交易所绿色债券指数","930951","2018-07-04","2018-07-03","2016-12-30","","103.36","103.25","","","1","","","","0.1046"
"中证交易所绿色债券指数","930951","2018-07-05","2018-07-04","2016-12-30","","103.45","103.36","","","1","","","","0.0900"
"中证交易所绿色债券指数","930951","2018-07-06","2018-07-05","2016-12-30","","103.59","103.45","","","1","","","","0.1363"
"中证交易所绿色债券指数","930951","2018-07-09","2018-07-06","2016-12-30","","103.68","103.59","","","0","","","","0.0888"
"中证交易所绿色债券指数","930951","2018-07-10","2018-07-09","2016-12-30","","103.68","103.68","","","1","","","","-0.0077"
"中证交易所绿色债券指数","930951","2018-07-11","2018-07-10","2016-12-30","","103.72","103.68","","","1","","","","0.0395"
"中证交易所绿色债券指数","930951","2018-07-12","2018-07-11","2016-12-30","","103.79","103.72","","","2","","","","0.0713"
"中证交易所绿色债券指数","930951","2018-07-13","2018-07-12","2016-12-30","","103.85","103.79","","","2","","","","0.0559"
"中证交易所绿色债券指数","930951","2018-07-16","2018-07-13","2016-12-30","","103.93","103.85","","","2","","","","0.0780"
"中证交易所绿色债券指数","930951","2018-07-17","2018-07-16","2016-12-30","","104.02","103.93","","","1","","","","0.0827"
"中证交易所绿色债券指数","930951","2018-07-18","2018-07-17","2016-12-30","","104.04","104.02","","","4","","","","0.0250"
"中证交易所绿色债券指数","930951","2018-07-19","2018-07-18","2016-12-30","","104.12","104.04","","","3","","","","0.0779"
"中证交易所绿色债券指数","930951","2018-07-20","2018-07-19","2016-12-30","","104.21","104.12","","","4","","","","0.0797"
"中证交易所绿色债券指数","930951","2018-07-23","2018-07-20","2016-12-30","","104.37","104.21","","","1","","","","0.1583"
"中证交易所绿色债券指数","930951","2018-07-24","2018-07-23","2016-12-30","","104.47","104.37","","","1","","","","0.0910"
"中证交易所绿色债券指数","930951","2018-07-25","2018-07-24","2016-12-30","","104.52","104.47","","","0","","","","0.0479"
"中证交易所绿色债券指数","930951","2018-07-26","2018-07-25","2016-12-30","","104.57","104.52","","","6","","","","0.0498"
"中证交易所绿色债券指数","930951","2018-07-27","2018-07-26","2016-12-30","","104.72","104.57","","","1","","","","0.1415"
"中证交易所绿色债券指数","930951","2018-07-30","2018-07-27","2016-12-30","","104.84","104.72","","","0","","","","0.1222"
"中证交易所绿色债券指数","930951","2018-07-31","2018-07-30","2016-12-30","","104.98","104.84","","","1","","","","0.1278"
"中证交易所绿色债券指数","930951","2018-08-01","2018-07-31","2016-12-30","","105.06","104.98","","","1","","","","0.0753"
"中证交易所绿色债券指数","930951","2018-08-02","2018-08-01","2016-12-30","","105.27","105.06","","","1","","","","0.1999"
"中证交易所绿色债券指数","930951","2018-08-03","2018-08-02","2016-12-30","","105.43","105.27","","","3","","","","0.1539"
"中证交易所绿色债券指数","930951","2018-08-06","2018-08-03","2016-12-30","","105.49","105.43","","","0","","","","0.0550"
"中证交易所绿色债券指数","930951","2018-08-07","2018-08-06","2016-12-30","","105.67","105.49","","","1","","","","0.1763"
"中证交易所绿色债券指数","930951","2018-08-08","2018-08-07","2016-12-30","","105.74","105.67","","","4","","","","0.0644"
"中证交易所绿色债券指数","930951","2018-08-09","2018-08-08","2016-12-30","","105.66","105.74","","","1","","","","-0.0766"
"中证交易所绿色债券指数","930951","2018-08-10","2018-08-09","2016-12-30","","105.38","105.66","","","0","","","","-0.2603"
"中证交易所绿色债券指数","930951","2018-08-13","2018-08-10","2016-12-30","","105.30","105.38","","","1","","","","-0.0759"
"中证交易所绿色债券指数","930951","2018-08-14","2018-08-13","2016-12-30","","105.21","105.30","","","1","","","","-0.0902"
"中证交易所绿色债券指数","930951","2018-08-15","2018-08-14","2016-12-30","","105.21","105.21","","","0","","","","0.0038"
"中证交易所绿色债券指数","930951","2018-08-16","2018-08-15","2016-12-30","","105.22","105.21","","","2","","","","0.0086"
"中证交易所绿色债券指数","930951","2018-08-17","2018-08-16","2016-12-30","","105.15","105.22","","","1","","","","-0.0713"
"中证交易所绿色债券指数","930951","2018-08-20","2018-08-17","2016-12-30","","104.83","105.15","","","0","","","","-0.3005"
"中证交易所绿色债券指数","930951","2018-08-21","2018-08-20","2016-12-30","","104.82","104.83","","","1","","","","-0.0134"
"中证交易所绿色债券指数","930951","2018-08-22","2018-08-21","2016-12-30","","104.80","104.82","","","1","","","","-0.0172"
"中证交易所绿色债券指数","930951","2018-08-23","2018-08-22","2016-12-30","","104.79","104.80","","","2","","","","-0.0095"
"中证交易所绿色债券指数","930951","2018-08-24","2018-08-23","2016-12-30","","104.82","104.79","","","1","","","","0.0267"
"中证交易所绿色债券指数","930951","2018-08-27","2018-08-24","2016-12-30","","104.83","104.82","","","2","","","","0.0143"
"中证交易所绿色债券指数","930951","2018-08-28","2018-08-27","2016-12-30","","104.85","104.83","","","0","","","","0.0143"
"中证交易所绿色债券指数","930951","2018-08-29","2018-08-28","2016-12-30","","104.78","104.85","","","1","","","","-0.0658"
"中证交易所绿色债券指数","930951","2018-08-30","2018-08-29","2016-12-30","","104.72","104.78","","","0","","","","-0.0601"
"中证交易所绿色债券指数","930951","2018-08-31","2018-08-30","2016-12-30","","104.80","104.72","","","1","","","","0.0840"
"中证交易所绿色债券指数","930951","2018-09-03","2018-08-31","2016-12-30","","104.86","104.80","","","1","","","","0.0506"
"中证交易所绿色债券指数","930951","2018-09-04","2018-09-03","2016-12-30","","104.87","104.86","","","0","","","","0.0086"
"中证交易所绿色债券指数","930951","2018-09-05","2018-09-04","2016-12-30","","104.90","104.87","","","3","","","","0.0305"
"中证交易所绿色债券指数","930951","2018-09-06","2018-09-05","2016-12-30","","104.89","104.90","","","1","","","","-0.0105"
"中证交易所绿色债券指数","930951","2018-09-07","2018-09-06","2016-12-30","","104.91","104.89","","","4","","","","0.0238"
"中证交易所绿色债券指数","930951","2018-09-10","2018-09-07","2016-12-30","","104.90","104.91","","","1","","","","-0.0067"
"中证交易所绿色债券指数","930951","2018-09-11","2018-09-10","2016-12-30","","104.92","104.90","","","2","","","","0.0143"
"中证交易所绿色债券指数","930951","2018-09-12","2018-09-11","2016-12-30","","104.84","104.92","","","3","","","","-0.0782"
"中证交易所绿色债券指数","930951","2018-09-13","2018-09-12","2016-12-30","","104.84","104.84","","","3","","","","0.0048"
"中证交易所绿色债券指数","930951","2018-09-14","2018-09-13","2016-12-30","","104.86","104.84","","","1","","","","0.0162"
"中证交易所绿色债券指数","930951","2018-09-17","2018-09-14","2016-12-30","","104.90","104.86","","","0","","","","0.0420"
"中证交易所绿色债券指数","930951","2018-09-18","2018-09-17","2016-12-30","","104.94","104.90","","","0","","","","0.0324"
"中证交易所绿色债券指数","930951","2018-09-19","2018-09-18","2016-12-30","","104.96","104.94","","","0","","","","0.0248"
"中证交易所绿色债券指数","930951","2018-09-20","2018-09-19","2016-12-30","","104.95","104.96","","","2","","","","-0.0086"
"中证交易所绿色债券指数","930951","2018-09-21","2018-09-20","2016-12-30","","105.02","104.95","","","1","","","","0.0648"
"中证交易所绿色债券指数","930951","2018-09-25","2018-09-21","2016-12-30","","105.09","105.02","","","0","","","","0.0609"
"中证交易所绿色债券指数","930951","2018-09-26","2018-09-25","2016-12-30","","105.10","105.09","","","0","","","","0.0086"
"中证交易所绿色债券指数","930951","2018-09-27","2018-09-26","2016-12-30","","105.13","105.10","","","1","","","","0.0295"
"中证交易所绿色债券指数","930951","2018-09-28","2018-09-27","2016-12-30","","105.19","105.13","","","1","","","","0.0637"
"中证交易所绿色债券指数","930951","2018-10-08","2018-09-28","2016-12-30","","105.35","105.19","","","3","","","","0.1492"
"中证交易所绿色债券指数","930951","2018-10-09","2018-10-08","2016-12-30","","105.41","105.35","","","1","","","","0.0579"
"中证交易所绿色债券指数","930951","2018-10-10","2018-10-09","2016-12-30","","105.47","105.41","","","4","","","","0.0531"
"中证交易所绿色债券指数","930951","2018-10-11","2018-10-10","2016-12-30","","105.54","105.47","","","4","","","","0.0711"
"中证交易所绿色债券指数","930951","2018-10-12","2018-10-11","2016-12-30","","105.57","105.54","","","2","","","","0.0256"
"中证交易所绿色债券指数","930951","2018-10-15","2018-10-12","2016-12-30","","105.73","105.57","","","3","","","","0.1553"
"中证交易所绿色债券指数","930951","2018-10-16","2018-10-15","2016-12-30","","105.77","105.73","","","2","","","","0.0322"
"中证交易所绿色债券指数","930951","2018-10-17","2018-10-16","2016-12-30","","105.76","105.77","","","1","","","","-0.0038"
"中证交易所绿色债券指数","930951","2018-10-18","2018-10-17","2016-12-30","","105.80","105.76","","","1","","","","0.0321"
"中证交易所绿色债券指数","930951","2018-10-19","2018-10-18","2016-12-30","","105.85","105.80","","","3","","","","0.0520"
"中证交易所绿色债券指数","930951","2018-10-22","2018-10-19","2016-12-30","","105.85","105.85","","","0","","","","-0.0038"
"中证交易所绿色债券指数","930951","2018-10-23","2018-10-22","2016-12-30","","105.92","105.85","","","1","","","","0.0709"
"中证交易所绿色债券指数","930951","2018-10-24","2018-10-23","2016-12-30","","105.92","105.92","","","4","","","","0.0009"
"中证交易所绿色债券指数","930951","2018-10-25","2018-10-24","2016-12-30","","105.95","105.92","","","3","","","","0.0283"
"中证交易所绿色债券指数","930951","2018-10-26","2018-10-25","2016-12-30","","106.02","105.95","","","0","","","","0.0651"
"中证交易所绿色债券指数","930951","2018-10-29","2018-10-26","2016-12-30","","106.07","106.02","","","5","","","","0.0424"
"中证交易所绿色债券指数","930951","2018-10-30","2018-10-29","2016-12-30","","106.13","106.07","","","4","","","","0.0566"
"中证交易所绿色债券指数","930951","2018-10-31","2018-10-30","2016-12-30","","106.18","106.13","","","4","","","","0.0518"
"中证交易所绿色债券指数","930951","2018-11-01","2018-10-31","2016-12-30","","106.23","106.18","","","4","","","","0.0414"
"中证交易所绿色债券指数","930951","2018-11-02","2018-11-01","2016-12-30","","106.28","106.23","","","2","","","","0.0452"
"中证交易所绿色债券指数","930951","2018-11-05","2018-11-02","2016-12-30","","106.34","106.28","","","2","","","","0.0621"
"中证交易所绿色债券指数","930951","2018-11-06","2018-11-05","2016-12-30","","106.38","106.34","","","1","","","","0.0376"
"中证交易所绿色债券指数","930951","2018-11-07","2018-11-06","2016-12-30","","106.42","106.38","","","1","","","","0.0367"
"中证交易所绿色债券指数","930951","2018-11-08","2018-11-07","2016-12-30","","106.49","106.42","","","1","","","","0.0611"
"中证交易所绿色债券指数","930951","2018-11-09","2018-11-08","2016-12-30","","106.54","106.49","","","1","","","","0.0554"
"中证交易所绿色债券指数","930951","2018-11-12","2018-11-09","2016-12-30","","106.59","106.54","","","2","","","","0.0404"
"中证交易所绿色债券指数","930951","2018-11-13","2018-11-12","2016-12-30","","106.59","106.59","","","4","","","","0.0028"
"中证交易所绿色债券指数","930951","2018-11-14","2018-11-13","2016-12-30","","106.78","106.59","","","3","","","","0.1801"
"中证交易所绿色债券指数","930951","2018-11-15","2018-11-14","2016-12-30","","106.85","106.78","","","3","","","","0.0599"
"中证交易所绿色债券指数","930951","2018-11-16","2018-11-15","2016-12-30","","107.04","106.85","","","2","","","","0.1825"
"中证交易所绿色债券指数","930951","2018-11-19","2018-11-16","2016-12-30","","107.12","107.04","","","1","","","","0.0691"
"中证交易所绿色债券指数","930951","2018-11-20","2018-11-19","2016-12-30","","107.23","107.12","","","4","","","","0.1092"
"中证交易所绿色债券指数","930951","2018-11-21","2018-11-20","2016-12-30","","107.22","107.23","","","2","","","","-0.0084"
"中证交易所绿色债券指数","930951","2018-11-22","2018-11-21","2016-12-30","","107.26","107.22","","","2","","","","0.0382"
"中证交易所绿色债券指数","930951","2018-11-23","2018-11-22","2016-12-30","","107.33","107.26","","","0","","","","0.0597"
"中证交易所绿色债券指数","930951","2018-11-26","2018-11-23","2016-12-30","","107.35","107.33","","","2","","","","0.0242"
"中证交易所绿色债券指数","930951","2018-11-27","2018-11-26","2016-12-30","","107.41","107.35","","","0","","","","0.0531"
"中证交易所绿色债券指数","930951","2018-11-28","2018-11-27","2016-12-30","","107.40","107.41","","","0","","","","-0.0065"
"中证交易所绿色债券指数","930951","2018-11-29","2018-11-28","2016-12-30","","107.42","107.40","","","6","","","","0.0102"
"中证交易所绿色债券指数","930951","2018-11-30","2018-11-29","2016-12-30","","107.44","107.42","","","1","","","","0.0214"
"中证交易所绿色债券指数","930951","2018-12-03","2018-11-30","2016-12-30","","107.47","107.44","","","3","","","","0.0307"
"中证交易所绿色债券指数","930951","2018-12-04","2018-12-03","2016-12-30","","107.51","107.47","","","2","","","","0.0391"
"中证交易所绿色债券指数","930951","2018-12-05","2018-12-04","2016-12-30","","107.54","107.51","","","4","","","","0.0279"
"中证交易所绿色债券指数","930951","2018-12-06","2018-12-05","2016-12-30","","107.66","107.54","","","2","","","","0.1097"
"中证交易所绿色债券指数","930951","2018-12-07","2018-12-06","2016-12-30","","107.76","107.66","","","4","","","","0.0873"
"中证交易所绿色债券指数","930951","2018-12-10","2018-12-07","2016-12-30","","107.84","107.76","","","1","","","","0.0742"
"中证交易所绿色债券指数","930951","2018-12-11","2018-12-10","2016-12-30","","107.88","107.84","","","2","","","","0.0408"
"中证交易所绿色债券指数","930951","2018-12-12","2018-12-11","2016-12-30","","107.94","107.88","","","0","","","","0.0538"
"中证交易所绿色债券指数","930951","2018-12-13","2018-12-12","2016-12-30","","107.93","107.94","","","3","","","","-0.0074"
"中证交易所绿色债券指数","930951","2018-12-14","2018-12-13","2016-12-30","","107.91","107.93","","","0","","","","-0.0185"
"中证交易所绿色债券指数","930951","2018-12-17","2018-12-14","2016-12-30","","107.91","107.91","","","0","","","","-0.0009"
"中证交易所绿色债券指数","930951","2018-12-18","2018-12-17","2016-12-30","","107.83","107.91","","","2","","","","-0.0714"
"中证交易所绿色债券指数","930951","2018-12-19","2018-12-18","2016-12-30","","107.81","107.83","","","0","","","","-0.0213"
"中证交易所绿色债券指数","930951","2018-12-20","2018-12-19","2016-12-30","","107.83","107.81","","","0","","","","0.0176"
"中证交易所绿色债券指数","930951","2018-12-21","2018-12-20","2016-12-30","","107.93","107.83","","","1","","","","0.0909"
"中证交易所绿色债券指数","930951","2018-12-24","2018-12-21","2016-12-30","","107.99","107.93","","","0","","","","0.0556"
"中证交易所绿色债券指数","930951","2018-12-25","2018-12-24","2016-12-30","","108.00","107.99","","","2","","","","0.0111"
"中证交易所绿色债券指数","930951","2018-12-26","2018-12-25","2016-12-30","","108.01","108.00","","","3","","","","0.0148"
"中证交易所绿色债券指数","930951","2018-12-27","2018-12-26","2016-12-30","","107.99","108.01","","","2","","","","-0.0213"
"中证交易所绿色债券指数","930951","2018-12-28","2018-12-27","2016-12-30","","108.07","107.99","","","0","","","","0.0769"
"中证交易所绿色债券指数","930951","2019-01-02","2018-12-28","2016-12-30","","108.29","108.07","","","2","","","","0.1980"
"中证交易所绿色债券指数","930951","2019-01-03","2019-01-02","2016-12-30","","108.46","108.29","","","9","","","","0.1635"
"中证交易所绿色债券指数","930951","2019-01-04","2019-01-03","2016-12-30","","108.57","108.46","","","2","","","","0.1005"
"中证交易所绿色债券指数","930951","2019-01-07","2019-01-04","2016-12-30","","108.76","108.57","","","5","","","","0.1722"
"中证交易所绿色债券指数","930951","2019-01-08","2019-01-07","2016-12-30","","108.94","108.76","","","8","","","","0.1609"
"中证交易所绿色债券指数","930951","2019-01-09","2019-01-08","2016-12-30","","109.07","108.94","","","1","","","","0.1239"
"中证交易所绿色债券指数","930951","2019-01-10","2019-01-09","2016-12-30","","109.19","109.07","","","3","","","","0.1137"
"中证交易所绿色债券指数","930951","2019-01-11","2019-01-10","2016-12-30","","109.24","109.19","","","2","","","","0.0458"
"中证交易所绿色债券指数","930951","2019-01-14","2019-01-11","2016-12-30","","109.28","109.24","","","3","","","","0.0311"
"中证交易所绿色债券指数","930951","2019-01-15","2019-01-14","2016-12-30","","109.23","109.28","","","3","","","","-0.0476"
"中证交易所绿色债券指数","930951","2019-01-16","2019-01-15","2016-12-30","","109.21","109.23","","","1","","","","-0.0146"
"中证交易所绿色债券指数","930951","2019-01-17","2019-01-16","2016-12-30","","109.24","109.21","","","6","","","","0.0256"
"中证交易所绿色债券指数","930951","2019-01-18","2019-01-17","2016-12-30","","109.31","109.24","","","2","","","","0.0641"
"中证交易所绿色债券指数","930951","2019-01-21","2019-01-18","2016-12-30","","109.30","109.31","","","2","","","","-0.0119"
"中证交易所绿色债券指数","930951","2019-01-22","2019-01-21","2016-12-30","","109.34","109.30","","","2","","","","0.0366"
"中证交易所绿色债券指数","930951","2019-01-23","2019-01-22","2016-12-30","","109.36","109.34","","","2","","","","0.0229"
"中证交易所绿色债券指数","930951","2019-01-24","2019-01-23","2016-12-30","","109.37","109.36","","","0","","","","0.0082"
"中证交易所绿色债券指数","930951","2019-01-25","2019-01-24","2016-12-30","","109.36","109.37","","","3","","","","-0.0110"
"中证交易所绿色债券指数","930951","2019-01-28","2019-01-25","2016-12-30","","109.25","109.36","","","1","","","","-0.1024"
"中证交易所绿色债券指数","930951","2019-01-29","2019-01-28","2016-12-30","","109.29","109.25","","","4","","","","0.0421"
"中证交易所绿色债券指数","930951","2019-01-30","2019-01-29","2016-12-30","","109.31","109.29","","","2","","","","0.0192"
"中证交易所绿色债券指数","930951","2019-01-31","2019-01-30","2016-12-30","","109.35","109.31","","","1","","","","0.0338"
"中证交易所绿色债券指数","930951","2019-02-01","2019-01-31","2016-12-30","","109.39","109.35","","","0","","","","0.0348"
"中证交易所绿色债券指数","930951","2019-02-11","2019-02-01","2016-12-30","","109.60","109.39","","","2","","","","0.1929"
"中证交易所绿色债券指数","930951","2019-02-12","2019-02-11","2016-12-30","","109.68","109.60","","","2","","","","0.0730"
"中证交易所绿色债券指数","930951","2019-02-13","2019-02-12","2016-12-30","","109.72","109.68","","","0","","","","0.0392"
"中证交易所绿色债券指数","930951","2019-02-14","2019-02-13","2016-12-30","","109.76","109.72","","","1","","","","0.0328"
"中证交易所绿色债券指数","930951","2019-02-15","2019-02-14","2016-12-30","","109.80","109.76","","","2","","","","0.0364"
"中证交易所绿色债券指数","930951","2019-02-18","2019-02-15","2016-12-30","","109.83","109.80","","","7","","","","0.0291"
"中证交易所绿色债券指数","930951","2019-02-19","2019-02-18","2016-12-30","","109.83","109.83","","","0","","","","-0.0009"
"中证交易所绿色债券指数","930951","2019-02-20","2019-02-19","2016-12-30","","109.83","109.83","","","3","","","","0.0027"
"中证交易所绿色债券指数","930951","2019-02-21","2019-02-20","2016-12-30","","109.86","109.83","","","7","","","","0.0273"
"中证交易所绿色债券指数","930951","2019-02-22","2019-02-21","2016-12-30","","109.83","109.86","","","7","","","","-0.0282"
"中证交易所绿色债券指数","930951","2019-02-25","2019-02-22","2016-12-30","","109.80","109.83","","","6","","","","-0.0319"
"中证交易所绿色债券指数","930951","2019-02-26","2019-02-25","2016-12-30","","109.74","109.80","","","4","","","","-0.0483"
"中证交易所绿色债券指数","930951","2019-02-27","2019-02-26","2016-12-30","","109.59","109.74","","","1","","","","-0.1385"
"中证交易所绿色债券指数","930951","2019-02-28","2019-02-27","2016-12-30","","109.60","109.59","","","1","","","","0.0046"
"中证交易所绿色债券指数","930951","2019-03-01","2019-02-28","2016-12-30","","109.49","109.60","","","1","","","","-0.1004"
"中证交易所绿色债券指数","930951","2019-03-04","2019-03-01","2016-12-30","","109.42","109.49","","","3","","","","-0.0639"
"中证交易所绿色债券指数","930951","2019-03-05","2019-03-04","2016-12-30","","109.36","109.42","","","3","","","","-0.0503"
"中证交易所绿色债券指数","930951","2019-03-06","2019-03-05","2016-12-30","","109.28","109.36","","","3","","","","-0.0704"
"中证交易所绿色债券指数","930951","2019-03-07","2019-03-06","2016-12-30","","109.26","109.28","","","1","","","","-0.0220"
"中证交易所绿色债券指数","930951","2019-03-08","2019-03-07","2016-12-30","","109.46","109.26","","","2","","","","0.1812"
"中证交易所绿色债券指数","930951","2019-03-11","2019-03-08","2016-12-30","","109.46","109.46","","","3","","","","0.0000"
"中证交易所绿色债券指数","930951","2019-03-12","2019-03-11","2016-12-30","","109.50","109.46","","","2","","","","0.0420"
"中证交易所绿色债券指数","930951","2019-03-13","2019-03-12","2016-12-30","","109.46","109.50","","","6","","","","-0.0393"
"中证交易所绿色债券指数","930951","2019-03-14","2019-03-13","2016-12-30","","109.44","109.46","","","2","","","","-0.0192"
"中证交易所绿色债券指数","930951","2019-03-15","2019-03-14","2016-12-30","","109.39","109.44","","","1","","","","-0.0411"
"中证交易所绿色债券指数","930951","2019-03-18","2019-03-15","2016-12-30","","109.41","109.39","","","0","","","","0.0110"
"中证交易所绿色债券指数","930951","2019-03-19","2019-03-18","2016-12-30","","109.43","109.41","","","4","","","","0.0256"
"中证交易所绿色债券指数","930951","2019-03-20","2019-03-19","2016-12-30","","109.42","109.43","","","1","","","","-0.0155"
"中证交易所绿色债券指数","930951","2019-03-21","2019-03-20","2016-12-30","","109.44","109.42","","","2","","","","0.0210"
"中证交易所绿色债券指数","930951","2019-03-22","2019-03-21","2016-12-30","","109.51","109.44","","","2","","","","0.0630"
"中证交易所绿色债券指数","930951","2019-03-25","2019-03-22","2016-12-30","","109.50","109.51","","","7","","","","-0.0064"
"中证交易所绿色债券指数","930951","2019-03-26","2019-03-25","2016-12-30","","109.61","109.50","","","0","","","","0.0950"
"中证交易所绿色债券指数","930951","2019-03-27","2019-03-26","2016-12-30","","109.67","109.61","","","2","","","","0.0584"
"中证交易所绿色债券指数","930951","2019-03-28","2019-03-27","2016-12-30","","109.73","109.67","","","1","","","","0.0538"
"中证交易所绿色债券指数","930951","2019-03-29","2019-03-28","2016-12-30","","109.79","109.73","","","1","","","","0.0510"
"中证交易所绿色债券指数","930951","2019-04-01","2019-03-29","2016-12-30","","109.75","109.79","","","5","","","","-0.0291"
"中证交易所绿色债券指数","930951","2019-04-02","2019-04-01","2016-12-30","","109.77","109.75","","","1","","","","0.0182"
"中证交易所绿色债券指数","930951","2019-04-03","2019-04-02","2016-12-30","","109.69","109.77","","","1","","","","-0.0756"
"中证交易所绿色债券指数","930951","2019-04-04","2019-04-03","2016-12-30","","109.68","109.69","","","1","","","","-0.0064"
"中证交易所绿色债券指数","930951","2019-04-08","2019-04-04","2016-12-30","","109.63","109.68","","","0","","","","-0.0501"
"中证交易所绿色债券指数","930951","2019-04-09","2019-04-08","2016-12-30","","109.52","109.63","","","2","","","","-0.0958"
"中证交易所绿色债券指数","930951","2019-04-10","2019-04-09","2016-12-30","","109.40","109.52","","","1","","","","-0.1096"
"中证交易所绿色债券指数","930951","2019-04-11","2019-04-10","2016-12-30","","109.31","109.40","","","1","","","","-0.0823"
"中证交易所绿色债券指数","930951","2019-04-12","2019-04-11","2016-12-30","","109.35","109.31","","","0","","","","0.0302"
"中证交易所绿色债券指数","930951","2019-04-15","2019-04-12","2016-12-30","","109.18","109.35","","","2","","","","-0.1500"
"中证交易所绿色债券指数","930951","2019-04-16","2019-04-15","2016-12-30","","109.06","109.18","","","0","","","","-0.1154"
"中证交易所绿色债券指数","930951","2019-04-17","2019-04-16","2016-12-30","","109.01","109.06","","","2","","","","-0.0458"
"中证交易所绿色债券指数","930951","2019-04-18","2019-04-17","2016-12-30","","109.00","109.01","","","6","","","","-0.0037"
"中证交易所绿色债券指数","930951","2019-04-19","2019-04-18","2016-12-30","","109.07","109.00","","","3","","","","0.0661"
"中证交易所绿色债券指数","930951","2019-04-22","2019-04-19","2016-12-30","","109.14","109.07","","","2","","","","0.0596"
"中证交易所绿色债券指数","930951","2019-04-23","2019-04-22","2016-12-30","","109.14","109.14","","","2","","","","-0.0037"
"中证交易所绿色债券指数","930951","2019-04-24","2019-04-23","2016-12-30","","109.15","109.14","","","1","","","","0.0156"
"中证交易所绿色债券指数","930951","2019-04-25","2019-04-24","2016-12-30","","109.17","109.15","","","2","","","","0.0165"
"中证交易所绿色债券指数","930951","2019-04-26","2019-04-25","2016-12-30","","109.22","109.17","","","0","","","","0.0412"
"中证交易所绿色债券指数","930951","2019-04-29","2019-04-26","2016-12-30","","109.08","109.22","","","4","","","","-0.1236"
"中证交易所绿色债券指数","930951","2019-04-30","2019-04-29","2016-12-30","","109.25","109.08","","","1","","","","0.1568"
"中证交易所绿色债券指数","930951","2019-05-06","2019-04-30","2016-12-30","","109.44","109.25","","","3","","","","0.1712"
"中证交易所绿色债券指数","930951","2019-05-07","2019-05-06","2016-12-30","","109.56","109.44","","","5","","","","0.1087"
"中证交易所绿色债券指数","930951","2019-05-08","2019-05-07","2016-12-30","","109.64","109.56","","","4","","","","0.0730"
"中证交易所绿色债券指数","930951","2019-05-09","2019-05-08","2016-12-30","","109.75","109.64","","","4","","","","0.1040"
"中证交易所绿色债券指数","930951","2019-05-10","2019-05-09","2016-12-30","","109.78","109.75","","","2","","","","0.0228"
"中证交易所绿色债券指数","930951","2019-05-13","2019-05-10","2016-12-30","","109.88","109.78","","","2","","","","0.0929"
"中证交易所绿色债券指数","930951","2019-05-14","2019-05-13","2016-12-30","","109.95","109.88","","","4","","","","0.0619"
"中证交易所绿色债券指数","930951","2019-05-15","2019-05-14","2016-12-30","","109.99","109.95","","","2","","","","0.0382"
"中证交易所绿色债券指数","930951","2019-05-16","2019-05-15","2016-12-30","","110.01","109.99","","","4","","","","0.0236"
"中证交易所绿色债券指数","930951","2019-05-17","2019-05-16","2016-12-30","","110.05","110.01","","","2","","","","0.0327"
"中证交易所绿色债券指数","930951","2019-05-20","2019-05-17","2016-12-30","","110.12","110.05","","","1","","","","0.0627"
"中证交易所绿色债券指数","930951","2019-05-21","2019-05-20","2016-12-30","","110.15","110.12","","","3","","","","0.0272"
"中证交易所绿色债券指数","930951","2019-05-22","2019-05-21","2016-12-30","","110.16","110.15","","","3","","","","0.0118"
"中证交易所绿色债券指数","930951","2019-05-23","2019-05-22","2016-12-30","","110.21","110.16","","","4","","","","0.0427"
"中证交易所绿色债券指数","930951","2019-05-24","2019-05-23","2016-12-30","","110.26","110.21","","","1","","","","0.0472"
"中证交易所绿色债券指数","930951","2019-05-27","2019-05-24","2016-12-30","","110.21","110.26","","","3","","","","-0.0499"
"中证交易所绿色债券指数","930951","2019-05-28","2019-05-27","2016-12-30","","110.26","110.21","","","3","","","","0.0508"
"中证交易所绿色债券指数","930951","2019-05-29","2019-05-28","2016-12-30","","110.34","110.26","","","1","","","","0.0707"
"中证交易所绿色债券指数","930951","2019-05-30","2019-05-29","2016-12-30","","110.41","110.34","","","6","","","","0.0634"
"中证交易所绿色债券指数","930951","2019-05-31","2019-05-30","2016-12-30","","110.48","110.41","","","7","","","","0.0607"
"中证交易所绿色债券指数","930951","2019-06-03","2019-05-31","2016-12-30","","110.46","110.48","","","4","","","","-0.0163"
"中证交易所绿色债券指数","930951","2019-06-04","2019-06-03","2016-12-30","","110.45","110.46","","","3","","","","-0.0109"
"中证交易所绿色债券指数","930951","2019-06-05","2019-06-04","2016-12-30","","110.49","110.45","","","4","","","","0.0380"
"中证交易所绿色债券指数","930951","2019-06-06","2019-06-05","2016-12-30","","110.50","110.49","","","3","","","","0.0118"
"中证交易所绿色债券指数","930951","2019-06-10","2019-06-06","2016-12-30","","110.59","110.50","","","5","","","","0.0760"
"中证交易所绿色债券指数","930951","2019-06-11","2019-06-10","2016-12-30","","110.58","110.59","","","6","","","","-0.0081"
"中证交易所绿色债券指数","930951","2019-06-12","2019-06-11","2016-12-30","","110.64","110.58","","","5","","","","0.0606"
"中证交易所绿色债券指数","930951","2019-06-13","2019-06-12","2016-12-30","","110.65","110.64","","","2","","","","0.0045"
"中证交易所绿色债券指数","930951","2019-06-14","2019-06-13","2016-12-30","","110.55","110.65","","","4","","","","-0.0895"
"中证交易所绿色债券指数","930951","2019-06-17","2019-06-14","2016-12-30","","110.52","110.55","","","3","","","","-0.0317"
"中证交易所绿色债券指数","930951","2019-06-18","2019-06-17","2016-12-30","","110.52","110.52","","","3","","","","0.0063"
"中证交易所绿色债券指数","930951","2019-06-19","2019-06-18","2016-12-30","","110.61","110.52","","","9","","","","0.0778"
"中证交易所绿色债券指数","930951","2019-06-20","2019-06-19","2016-12-30","","110.69","110.61","","","4","","","","0.0778"
"中证交易所绿色债券指数","930951","2019-06-21","2019-06-20","2016-12-30","","110.74","110.69","","","3","","","","0.0425"
"中证交易所绿色债券指数","930951","2019-06-24","2019-06-21","2016-12-30","","110.85","110.74","","","2","","","","0.0966"
"中证交易所绿色债券指数","930951","2019-06-25","2019-06-24","2016-12-30","","110.90","110.85","","","3","","","","0.0433"
"中证交易所绿色债券指数","930951","2019-06-26","2019-06-25","2016-12-30","","110.98","110.90","","","2","","","","0.0776"
"中证交易所绿色债券指数","930951","2019-06-27","2019-06-26","2016-12-30","","111.06","110.98","","","2","","","","0.0676"
"中证交易所绿色债券指数","930951","2019-06-28","2019-06-27","2016-12-30","","111.09","111.06","","","3","","","","0.0270"
"中证交易所绿色债券指数","930951","2019-07-01","2019-06-28","2016-12-30","","111.13","111.09","","","6","","","","0.0423"
"中证交易所绿色债券指数","930951","2019-07-02","2019-07-01","2016-12-30","","111.19","111.13","","","7","","","","0.0531"
"中证交易所绿色债券指数","930951","2019-07-03","2019-07-02","2016-12-30","","111.27","111.19","","","5","","","","0.0675"
"中证交易所绿色债券指数","930951","2019-07-04","2019-07-03","2016-12-30","","111.35","111.27","","","2","","","","0.0719"
"中证交易所绿色债券指数","930951","2019-07-05","2019-07-04","2016-12-30","","111.39","111.35","","","3","","","","0.0350"
"中证交易所绿色债券指数","930951","2019-07-08","2019-07-05","2016-12-30","","111.42","111.39","","","0","","","","0.0269"
"中证交易所绿色债券指数","930951","2019-07-09","2019-07-08","2016-12-30","","111.40","111.42","","","1","","","","-0.0144"
"中证交易所绿色债券指数","930951","2019-07-10","2019-07-09","2016-12-30","","111.46","111.40","","","4","","","","0.0512"
"中证交易所绿色债券指数","930951","2019-07-11","2019-07-10","2016-12-30","","111.46","111.46","","","5","","","","0.0054"
"中证交易所绿色债券指数","930951","2019-07-12","2019-07-11","2016-12-30","","111.49","111.46","","","1","","","","0.0197"
"中证交易所绿色债券指数","930951","2019-07-15","2019-07-12","2016-12-30","","111.54","111.49","","","2","","","","0.0493"
"中证交易所绿色债券指数","930951","2019-07-16","2019-07-15","2016-12-30","","111.58","111.54","","","7","","","","0.0323"
"中证交易所绿色债券指数","930951","2019-07-17","2019-07-16","2016-12-30","","111.59","111.58","","","2","","","","0.0108"
"中证交易所绿色债券指数","930951","2019-07-18","2019-07-17","2016-12-30","","111.60","111.59","","","3","","","","0.0099"
"中证交易所绿色债券指数","930951","2019-07-19","2019-07-18","2016-12-30","","111.62","111.60","","","6","","","","0.0134"
"中证交易所绿色债券指数","930951","2019-07-22","2019-07-19","2016-12-30","","111.68","111.62","","","2","","","","0.0618"
"中证交易所绿色债券指数","930951","2019-07-23","2019-07-22","2016-12-30","","111.72","111.68","","","5","","","","0.0349"
"中证交易所绿色债券指数","930951","2019-07-24","2019-07-23","2016-12-30","","111.75","111.72","","","0","","","","0.0260"
"中证交易所绿色债券指数","930951","2019-07-25","2019-07-24","2016-12-30","","111.75","111.75","","","1","","","","0.0018"
"中证交易所绿色债券指数","930951","2019-07-26","2019-07-25","2016-12-30","","111.78","111.75","","","1","","","","0.0224"
"中证交易所绿色债券指数","930951","2019-07-29","2019-07-26","2016-12-30","","111.83","111.78","","","1","","","","0.0412"
"中证交易所绿色债券指数","930951","2019-07-30","2019-07-29","2016-12-30","","111.84","111.83","","","2","","","","0.0152"
"中证交易所绿色债券指数","930951","2019-07-31","2019-07-30","2016-12-30","","111.90","111.84","","","2","","","","0.0492"
"中证交易所绿色债券指数","930951","2019-08-01","2019-07-31","2016-12-30","","111.97","111.90","","","1","","","","0.0661"
"中证交易所绿色债券指数","930951","2019-08-02","2019-08-01","2016-12-30","","112.09","111.97","","","5","","","","0.1063"
"中证交易所绿色债券指数","930951","2019-08-05","2019-08-02","2016-12-30","","112.18","112.09","","","1","","","","0.0803"
"中证交易所绿色债券指数","930951","2019-08-06","2019-08-05","2016-12-30","","112.26","112.18","","","7","","","","0.0677"
"中证交易所绿色债券指数","930951","2019-08-07","2019-08-06","2016-12-30","","112.31","112.26","","","9","","","","0.0481"
"中证交易所绿色债券指数","930951","2019-08-08","2019-08-07","2016-12-30","","112.35","112.31","","","4","","","","0.0312"
"中证交易所绿色债券指数","930951","2019-08-09","2019-08-08","2016-12-30","","112.43","112.35","","","1","","","","0.0739"
"中证交易所绿色债券指数","930951","2019-08-12","2019-08-09","2016-12-30","","112.48","112.43","","","2","","","","0.0436"
"中证交易所绿色债券指数","930951","2019-08-13","2019-08-12","2016-12-30","","112.50","112.48","","","1","","","","0.0204"
"中证交易所绿色债券指数","930951","2019-08-14","2019-08-13","2016-12-30","","112.54","112.50","","","3","","","","0.0391"
"中证交易所绿色债券指数","930951","2019-08-15","2019-08-14","2016-12-30","","112.61","112.54","","","5","","","","0.0613"
"中证交易所绿色债券指数","930951","2019-08-16","2019-08-15","2016-12-30","","112.65","112.61","","","1","","","","0.0346"
"中证交易所绿色债券指数","930951","2019-08-19","2019-08-16","2016-12-30","","112.64","112.65","","","2","","","","-0.0098"
"中证交易所绿色债券指数","930951","2019-08-20","2019-08-19","2016-12-30","","112.64","112.64","","","1","","","","-0.0036"
"中证交易所绿色债券指数","930951","2019-08-21","2019-08-20","2016-12-30","","112.67","112.64","","","1","","","","0.0266"
"中证交易所绿色债券指数","930951","2019-08-22","2019-08-21","2016-12-30","","112.64","112.67","","","2","","","","-0.0222"
"中证交易所绿色债券指数","930951","2019-08-23","2019-08-22","2016-12-30","","112.63","112.64","","","6","","","","-0.0089"
"中证交易所绿色债券指数","930951","2019-08-26","2019-08-23","2016-12-30","","112.66","112.63","","","2","","","","0.0240"
"中证交易所绿色债券指数","930951","2019-08-27","2019-08-26","2016-12-30","","112.66","112.66","","","3","","","","-0.0018"
"中证交易所绿色债券指数","930951","2019-08-28","2019-08-27","2016-12-30","","112.67","112.66","","","1","","","","0.0080"
"中证交易所绿色债券指数","930951","2019-08-29","2019-08-28","2016-12-30","","112.65","112.67","","","2","","","","-0.0160"
"中证交易所绿色债券指数","930951","2019-08-30","2019-08-29","2016-12-30","","112.67","112.65","","","0","","","","0.0222"
"中证交易所绿色债券指数","930951","2019-09-02","2019-08-30","2016-12-30","","112.69","112.67","","","5","","","","0.0186"
"中证交易所绿色债券指数","930951","2019-09-03","2019-09-02","2016-12-30","","112.72","112.69","","","2","","","","0.0248"
"中证交易所绿色债券指数","930951","2019-09-04","2019-09-03","2016-12-30","","112.76","112.72","","","4","","","","0.0319"
"中证交易所绿色债券指数","930951","2019-09-05","2019-09-04","2016-12-30","","112.80","112.76","","","4","","","","0.0390"
"中证交易所绿色债券指数","930951","2019-09-06","2019-09-05","2016-12-30","","112.85","112.80","","","4","","","","0.0408"
"中证交易所绿色债券指数","930951","2019-09-09","2019-09-06","2016-12-30","","112.90","112.85","","","3","","","","0.0496"
"中证交易所绿色债券指数","930951","2019-09-10","2019-09-09","2016-12-30","","112.93","112.90","","","2","","","","0.0230"
"中证交易所绿色债券指数","930951","2019-09-11","2019-09-10","2016-12-30","","112.93","112.93","","","2","","","","0.0000"
"中证交易所绿色债券指数","930951","2019-09-12","2019-09-11","2016-12-30","","112.92","112.93","","","0","","","","-0.0097"
"中证交易所绿色债券指数","930951","2019-09-16","2019-09-12","2016-12-30","","113.00","112.92","","","3","","","","0.0717"
"中证交易所绿色债券指数","930951","2019-09-17","2019-09-16","2016-12-30","","113.02","113.00","","","0","","","","0.0212"
"中证交易所绿色债券指数","930951","2019-09-18","2019-09-17","2016-12-30","","113.01","113.02","","","2","","","","-0.0088"
"中证交易所绿色债券指数","930951","2019-09-19","2019-09-18","2016-12-30","","113.04","113.01","","","2","","","","0.0204"
"中证交易所绿色债券指数","930951","2019-09-20","2019-09-19","2016-12-30","","112.98","113.04","","","2","","","","-0.0522"
"中证交易所绿色债券指数","930951","2019-09-23","2019-09-20","2016-12-30","","112.98","112.98","","","3","","","","0.0044"
"中证交易所绿色债券指数","930951","2019-09-24","2019-09-23","2016-12-30","","113.01","112.98","","","1","","","","0.0257"
"中证交易所绿色债券指数","930951","2019-09-25","2019-09-24","2016-12-30","","113.00","113.01","","","1","","","","-0.0124"
"中证交易所绿色债券指数","930951","2019-09-26","2019-09-25","2016-12-30","","113.02","113.00","","","3","","","","0.0204"
"中证交易所绿色债券指数","930951","2019-09-27","2019-09-26","2016-12-30","","113.03","113.02","","","0","","","","0.0044"
"中证交易所绿色债券指数","930951","2019-09-30","2019-09-27","2016-12-30","","113.09","113.03","","","0","","","","0.0522"
"中证交易所绿色债券指数","930951","2019-10-08","2019-09-30","2016-12-30","","113.21","113.09","","","1","","","","0.1079"
"中证交易所绿色债券指数","930951","2019-10-09","2019-10-08","2016-12-30","","113.20","113.21","","","3","","","","-0.0088"
"中证交易所绿色债券指数","930951","2019-10-10","2019-10-09","2016-12-30","","113.19","113.20","","","1","","","","-0.0062"
"中证交易所绿色债券指数","930951","2019-10-11","2019-10-10","2016-12-30","","113.20","113.19","","","0","","","","0.0044"
"中证交易所绿色债券指数","930951","2019-10-14","2019-10-11","2016-12-30","","113.19","113.20","","","2","","","","-0.0009"
"中证交易所绿色债券指数","930951","2019-10-15","2019-10-14","2016-12-30","","113.16","113.19","","","3","","","","-0.0309"
"中证交易所绿色债券指数","930951","2019-10-16","2019-10-15","2016-12-30","","113.16","113.16","","","5","","","","0.0018"
"中证交易所绿色债券指数","930951","2019-10-17","2019-10-16","2016-12-30","","113.16","113.16","","","0","","","","0.0000"
"中证交易所绿色债券指数","930951","2019-10-18","2019-10-17","2016-12-30","","113.18","113.16","","","2","","","","0.0124"
"中证交易所绿色债券指数","930951","2019-10-21","2019-10-18","2016-12-30","","113.18","113.18","","","2","","","","0.0027"
"中证交易所绿色债券指数","930951","2019-10-22","2019-10-21","2016-12-30","","113.17","113.18","","","6","","","","-0.0035"
"中证交易所绿色债券指数","930951","2019-10-23","2019-10-22","2016-12-30","","113.17","113.17","","","2","","","","-0.0053"
"中证交易所绿色债券指数","930951","2019-10-24","2019-10-23","2016-12-30","","113.15","113.17","","","3","","","","-0.0177"
"中证交易所绿色债券指数","930951","2019-10-25","2019-10-24","2016-12-30","","113.17","113.15","","","1","","","","0.0186"
"中证交易所绿色债券指数","930951","2019-10-28","2019-10-25","2016-12-30","","113.17","113.17","","","4","","","","0.0000"
"中证交易所绿色债券指数","930951","2019-10-29","2019-10-28","2016-12-30","","113.15","113.17","","","0","","","","-0.0141"
"中证交易所绿色债券指数","930951","2019-10-30","2019-10-29","2016-12-30","","113.11","113.15","","","2","","","","-0.0345"
"中证交易所绿色债券指数","930951","2019-10-31","2019-10-30","2016-12-30","","113.03","113.11","","","1","","","","-0.0716"
"中证交易所绿色债券指数","930951","2019-11-01","2019-10-31","2016-12-30","","112.96","113.03","","","1","","","","-0.0672"
"中证交易所绿色债券指数","930951","2019-11-04","2019-11-01","2016-12-30","","113.02","112.96","","","3","","","","0.0584"
"中证交易所绿色债券指数","930951","2019-11-05","2019-11-04","2016-12-30","","113.05","113.02","","","2","","","","0.0230"
"中证交易所绿色债券指数","930951","2019-11-06","2019-11-05","2016-12-30","","113.10","113.05","","","2","","","","0.0451"
"中证交易所绿色债券指数","930951","2019-11-07","2019-11-06","2016-12-30","","113.18","113.10","","","2","","","","0.0725"
"中证交易所绿色债券指数","930951","2019-11-08","2019-11-07","2016-12-30","","113.26","113.18","","","1","","","","0.0689"
"中证交易所绿色债券指数","930951","2019-11-11","2019-11-08","2016-12-30","","113.32","113.26","","","5","","","","0.0530"
"中证交易所绿色债券指数","930951","2019-11-12","2019-11-11","2016-12-30","","113.38","113.32","","","5","","","","0.0494"
"中证交易所绿色债券指数","930951","2019-11-13","2019-11-12","2016-12-30","","113.41","113.38","","","2","","","","0.0265"
"中证交易所绿色债券指数","930951","2019-11-14","2019-11-13","2016-12-30","","113.43","113.41","","","1","","","","0.0229"
"中证交易所绿色债券指数","930951","2019-11-15","2019-11-14","2016-12-30","","113.47","113.43","","","0","","","","0.0291"
"中证交易所绿色债券指数","930951","2019-11-18","2019-11-15","2016-12-30","","113.52","113.47","","","1","","","","0.0458"
"中证交易所绿色债券指数","930951","2019-11-19","2019-11-18","2016-12-30","","113.60","113.52","","","2","","","","0.0731"
"中证交易所绿色债券指数","930951","2019-11-20","2019-11-19","2016-12-30","","113.65","113.60","","","3","","","","0.0396"
"中证交易所绿色债券指数","930951","2019-11-21","2019-11-20","2016-12-30","","113.74","113.65","","","0","","","","0.0854"
"中证交易所绿色债券指数","930951","2019-11-22","2019-11-21","2016-12-30","","113.78","113.74","","","2","","","","0.0334"
"中证交易所绿色债券指数","930951","2019-11-25","2019-11-22","2016-12-30","","113.84","113.78","","","3","","","","0.0562"
"中证交易所绿色债券指数","930951","2019-11-26","2019-11-25","2016-12-30","","113.85","113.84","","","2","","","","0.0079"
"中证交易所绿色债券指数","930951","2019-11-27","2019-11-26","2016-12-30","","113.88","113.85","","","1","","","","0.0193"
"中证交易所绿色债券指数","930951","2019-11-28","2019-11-27","2016-12-30","","113.89","113.88","","","3","","","","0.0141"
"中证交易所绿色债券指数","930951","2019-11-29","2019-11-28","2016-12-30","","113.90","113.89","","","0","","","","0.0070"
"中证交易所绿色债券指数","930951","2019-12-02","2019-11-29","2016-12-30","","113.93","113.90","","","3","","","","0.0290"
"中证交易所绿色债券指数","930951","2019-12-03","2019-12-02","2016-12-30","","113.94","113.93","","","4","","","","0.0097"
"中证交易所绿色债券指数","930951","2019-12-04","2019-12-03","2016-12-30","","113.95","113.94","","","1","","","","0.0088"
"中证交易所绿色债券指数","930951","2019-12-05","2019-12-04","2016-12-30","","113.98","113.95","","","3","","","","0.0202"
"中证交易所绿色债券指数","930951","2019-12-06","2019-12-05","2016-12-30","","114.01","113.98","","","8","","","","0.0272"
"中证交易所绿色债券指数","930951","2019-12-09","2019-12-06","2016-12-30","","114.05","114.01","","","4","","","","0.0351"
"中证交易所绿色债券指数","930951","2019-12-10","2019-12-09","2016-12-30","","114.04","114.05","","","4","","","","-0.0044"
"中证交易所绿色债券指数","930951","2019-12-11","2019-12-10","2016-12-30","","114.06","114.04","","","9","","","","0.0167"
"中证交易所绿色债券指数","930951","2019-12-12","2019-12-11","2016-12-30","","114.12","114.06","","","3","","","","0.0544"
"中证交易所绿色债券指数","930951","2019-12-13","2019-12-12","2016-12-30","","114.12","114.12","","","3","","","","-0.0070"
"中证交易所绿色债券指数","930951","2019-12-16","2019-12-13","2016-12-30","","114.13","114.12","","","4","","","","0.0158"
"中证交易所绿色债券指数","930951","2019-12-17","2019-12-16","2016-12-30","","114.18","114.13","","","1","","","","0.0368"
"中证交易所绿色债券指数","930951","2019-12-18","2019-12-17","2016-12-30","","114.17","114.18","","","4","","","","-0.0026"
"中证交易所绿色债券指数","930951","2019-12-19","2019-12-18","2016-12-30","","114.21","114.17","","","4","","","","0.0333"
"中证交易所绿色债券指数","930951","2019-12-20","2019-12-19","2016-12-30","","114.22","114.21","","","7","","","","0.0070"
"中证交易所绿色债券指数","930951","2019-12-23","2019-12-20","2016-12-30","","114.27","114.22","","","6","","","","0.0473"
"中证交易所绿色债券指数","930951","2019-12-24","2019-12-23","2016-12-30","","114.31","114.27","","","3","","","","0.0324"
"中证交易所绿色债券指数","930951","2019-12-25","2019-12-24","2016-12-30","","114.37","114.31","","","4","","","","0.0490"
"中证交易所绿色债券指数","930951","2019-12-26","2019-12-25","2016-12-30","","114.39","114.37","","","2","","","","0.0201"
"中证交易所绿色债券指数","930951","2019-12-27","2019-12-26","2016-12-30","","114.41","114.39","","","2","","","","0.0166"
"中证交易所绿色债券指数","930951","2019-12-30","2019-12-27","2016-12-30","","114.50","114.41","","","4","","","","0.0769"
"中证交易所绿色债券指数","930951","2019-12-31","2019-12-30","2016-12-30","","114.51","114.50","","","4","","","","0.0157"
"中证交易所绿色债券指数","930951","2020-01-02","2019-12-31","2016-12-30","","114.55","114.51","","","2","","","","0.0314"
"中证交易所绿色债券指数","930951","2020-01-03","2020-01-02","2016-12-30","","114.63","114.55","","","4","","","","0.0725"
"中证交易所绿色债券指数","930951","2020-01-06","2020-01-03","2016-12-30","","114.69","114.63","","","3","","","","0.0480"
"中证交易所绿色债券指数","930951","2020-01-07","2020-01-06","2016-12-30","","114.73","114.69","","","4","","","","0.0392"
"中证交易所绿色债券指数","930951","2020-01-08","2020-01-07","2016-12-30","","114.76","114.73","","","3","","","","0.0261"
"中证交易所绿色债券指数","930951","2020-01-09","2020-01-08","2016-12-30","","114.79","114.76","","","2","","","","0.0253"
"中证交易所绿色债券指数","930951","2020-01-10","2020-01-09","2016-12-30","","114.85","114.79","","","2","","","","0.0479"
"中证交易所绿色债券指数","930951","2020-01-13","2020-01-10","2016-12-30","","114.93","114.85","","","4","","","","0.0705"
"中证交易所绿色债券指数","930951","2020-01-14","2020-01-13","2016-12-30","","114.96","114.93","","","1","","","","0.0244"
"中证交易所绿色债券指数","930951","2020-01-15","2020-01-14","2016-12-30","","114.98","114.96","","","6","","","","0.0217"
"中证交易所绿色债券指数","930951","2020-01-16","2020-01-15","2016-12-30","","115.00","114.98","","","4","","","","0.0200"
"中证交易所绿色债券指数","930951","2020-01-17","2020-01-16","2016-12-30","","115.05","115.00","","","3","","","","0.0400"
"中证交易所绿色债券指数","930951","2020-01-20","2020-01-17","2016-12-30","","115.09","115.05","","","1","","","","0.0374"
"中证交易所绿色债券指数","930951","2020-01-21","2020-01-20","2016-12-30","","115.11","115.09","","","2","","","","0.0182"
"中证交易所绿色债券指数","930951","2020-01-22","2020-01-21","2016-12-30","","115.15","115.11","","","3","","","","0.0330"
"中证交易所绿色债券指数","930951","2020-01-23","2020-01-22","2016-12-30","","115.19","115.15","","","0","","","","0.0347"
"中证交易所绿色债券指数","930951","2020-02-03","2020-01-23","2016-12-30","","115.83","115.19","","","1","","","","0.5582"
"中证交易所绿色债券指数","930951","2020-02-04","2020-02-03","2016-12-30","","115.82","115.83","","","4","","","","-0.0147"
"中证交易所绿色债券指数","930951","2020-02-05","2020-02-04","2016-12-30","","115.80","115.82","","","2","","","","-0.0190"
"中证交易所绿色债券指数","930951","2020-02-06","2020-02-05","2016-12-30","","115.81","115.80","","","0","","","","0.0155"
"中证交易所绿色债券指数","930951","2020-02-07","2020-02-06","2016-12-30","","115.87","115.81","","","0","","","","0.0509"
"中证交易所绿色债券指数","930951","2020-02-10","2020-02-07","2016-12-30","","115.96","115.87","","","1","","","","0.0716"
"中证交易所绿色债券指数","930951","2020-02-11","2020-02-10","2016-12-30","","116.08","115.96","","","2","","","","0.1052"
"中证交易所绿色债券指数","930951","2020-02-12","2020-02-11","2016-12-30","","116.11","116.08","","","2","","","","0.0267"
"中证交易所绿色债券指数","930951","2020-02-13","2020-02-12","2016-12-30","","116.19","116.11","","","5","","","","0.0672"
"中证交易所绿色债券指数","930951","2020-02-14","2020-02-13","2016-12-30","","116.25","116.19","","","1","","","","0.0568"
"中证交易所绿色债券指数","930951","2020-02-17","2020-02-14","2016-12-30","","116.32","116.25","","","2","","","","0.0568"
"中证交易所绿色债券指数","930951","2020-02-18","2020-02-17","2016-12-30","","116.36","116.32","","","1","","","","0.0387"
"中证交易所绿色债券指数","930951","2020-02-19","2020-02-18","2016-12-30","","116.41","116.36","","","2","","","","0.0370"
"中证交易所绿色债券指数","930951","2020-02-20","2020-02-19","2016-12-30","","116.44","116.41","","","5","","","","0.0309"
"中证交易所绿色债券指数","930951","2020-02-21","2020-02-20","2016-12-30","","116.47","116.44","","","0","","","","0.0266"
"中证交易所绿色债券指数","930951","2020-02-24","2020-02-21","2016-12-30","","116.54","116.47","","","5","","","","0.0549"
"中证交易所绿色债券指数","930951","2020-02-25","2020-02-24","2016-12-30","","116.59","116.54","","","9","","","","0.0412"
"中证交易所绿色债券指数","930951","2020-02-26","2020-02-25","2016-12-30","","116.65","116.59","","","3","","","","0.0540"
"中证交易所绿色债券指数","930951","2020-02-27","2020-02-26","2016-12-30","","116.73","116.65","","","2","","","","0.0669"
"中证交易所绿色债券指数","930951","2020-02-28","2020-02-27","2016-12-30","","116.81","116.73","","","5","","","","0.0737"
"中证交易所绿色债券指数","930951","2020-03-02","2020-02-28","2016-12-30","","116.88","116.81","","","4","","","","0.0565"
"中证交易所绿色债券指数","930951","2020-03-03","2020-03-02","2016-12-30","","116.90","116.88","","","2","","","","0.0197"
"中证交易所绿色债券指数","930951","2020-03-04","2020-03-03","2016-12-30","","116.95","116.90","","","3","","","","0.0445"
"中证交易所绿色债券指数","930951","2020-03-05","2020-03-04","2016-12-30","","117.01","116.95","","","2","","","","0.0522"
"中证交易所绿色债券指数","930951","2020-03-06","2020-03-05","2016-12-30","","117.04","117.01","","","2","","","","0.0214"
"中证交易所绿色债券指数","930951","2020-03-09","2020-03-06","2016-12-30","","117.31","117.04","","","2","","","","0.2333"
"中证交易所绿色债券指数","930951","2020-03-10","2020-03-09","2016-12-30","","117.20","117.31","","","2","","","","-0.0929"
"中证交易所绿色债券指数","930951","2020-03-11","2020-03-10","2016-12-30","","117.20","117.20","","","6","","","","-0.0026"
"中证交易所绿色债券指数","930951","2020-03-12","2020-03-11","2016-12-30","","117.13","117.20","","","2","","","","-0.0580"
"中证交易所绿色债券指数","930951","2020-03-13","2020-03-12","2016-12-30","","117.11","117.13","","","2","","","","-0.0171"
"中证交易所绿色债券指数","930951","2020-03-16","2020-03-13","2016-12-30","","117.02","117.11","","","2","","","","-0.0828"
"中证交易所绿色债券指数","930951","2020-03-17","2020-03-16","2016-12-30","","116.93","117.02","","","6","","","","-0.0735"
"中证交易所绿色债券指数","930951","2020-03-18","2020-03-17","2016-12-30","","116.84","116.93","","","3","","","","-0.0735"
"中证交易所绿色债券指数","930951","2020-03-19","2020-03-18","2016-12-30","","116.83","116.84","","","5","","","","-0.0103"
"中证交易所绿色债券指数","930951","2020-03-20","2020-03-19","2016-12-30","","116.87","116.83","","","1","","","","0.0317"
"中证交易所绿色债券指数","930951","2020-03-23","2020-03-20","2016-12-30","","117.02","116.87","","","4","","","","0.1258"
"中证交易所绿色债券指数","930951","2020-03-24","2020-03-23","2016-12-30","","117.15","117.02","","","4","","","","0.1162"
"中证交易所绿色债券指数","930951","2020-03-25","2020-03-24","2016-12-30","","117.10","117.15","","","4","","","","-0.0469"
"中证交易所绿色债券指数","930951","2020-03-26","2020-03-25","2016-12-30","","117.16","117.10","","","4","","","","0.0512"
"中证交易所绿色债券指数","930951","2020-03-27","2020-03-26","2016-12-30","","117.25","117.16","","","4","","","","0.0794"
"中证交易所绿色债券指数","930951","2020-03-30","2020-03-27","2016-12-30","","117.23","117.25","","","6","","","","-0.0136"
"中证交易所绿色债券指数","930951","2020-03-31","2020-03-30","2016-12-30","","117.28","117.23","","","2","","","","0.0384"
"中证交易所绿色债券指数","930951","2020-04-01","2020-03-31","2016-12-30","","117.35","117.28","","","2","","","","0.0614"
"中证交易所绿色债券指数","930951","2020-04-02","2020-04-01","2016-12-30","","117.45","117.35","","","8","","","","0.0818"
"中证交易所绿色债券指数","930951","2020-04-03","2020-04-02","2016-12-30","","117.48","117.45","","","3","","","","0.0264"
"中证交易所绿色债券指数","930951","2020-04-07","2020-04-03","2016-12-30","","117.99","117.48","","","2","","","","0.4358"
"中证交易所绿色债券指数","930951","2020-04-08","2020-04-07","2016-12-30","","117.99","117.99","","","3","","","","0.0042"
"中证交易所绿色债券指数","930951","2020-04-09","2020-04-08","2016-12-30","","118.09","117.99","","","3","","","","0.0771"
"中证交易所绿色债券指数","930951","2020-04-10","2020-04-09","2016-12-30","","118.18","118.09","","","2","","","","0.0788"
"中证交易所绿色债券指数","930951","2020-04-13","2020-04-10","2016-12-30","","118.19","118.18","","","1","","","","0.0135"
"中证交易所绿色债券指数","930951","2020-04-14","2020-04-13","2016-12-30","","118.18","118.19","","","0","","","","-0.0102"
"中证交易所绿色债券指数","930951","2020-04-15","2020-04-14","2016-12-30","","118.31","118.18","","","2","","","","0.1108"
"中证交易所绿色债券指数","930951","2020-04-16","2020-04-15","2016-12-30","","118.38","118.31","","","4","","","","0.0541"
"中证交易所绿色债券指数","930951","2020-04-17","2020-04-16","2016-12-30","","118.44","118.38","","","0","","","","0.0498"
"中证交易所绿色债券指数","930951","2020-04-20","2020-04-17","2016-12-30","","118.47","118.44","","","3","","","","0.0312"
"中证交易所绿色债券指数","930951","2020-04-21","2020-04-20","2016-12-30","","118.49","118.47","","","1","","","","0.0110"
"中证交易所绿色债券指数","930951","2020-04-22","2020-04-21","2016-12-30","","118.54","118.49","","","2","","","","0.0473"
"中证交易所绿色债券指数","930951","2020-04-23","2020-04-22","2016-12-30","","118.60","118.54","","","2","","","","0.0456"
"中证交易所绿色债券指数","930951","2020-04-24","2020-04-23","2016-12-30","","118.69","118.60","","","2","","","","0.0793"
"中证交易所绿色债券指数","930951","2020-04-27","2020-04-24","2016-12-30","","118.72","118.69","","","5","","","","0.0227"
"中证交易所绿色债券指数","930951","2020-04-28","2020-04-27","2016-12-30","","118.73","118.72","","","11","","","","0.0143"
"中证交易所绿色债券指数","930951","2020-04-29","2020-04-28","2016-12-30","","118.76","118.73","","","2","","","","0.0211"
"中证交易所绿色债券指数","930951","2020-04-30","2020-04-29","2016-12-30","","118.77","118.76","","","1","","","","0.0076"
"中证交易所绿色债券指数","930951","2020-05-06","2020-04-30","2016-12-30","","118.85","118.77","","","2","","","","0.0665"
"中证交易所绿色债券指数","930951","2020-05-07","2020-05-06","2016-12-30","","118.76","118.85","","","4","","","","-0.0715"
"中证交易所绿色债券指数","930951","2020-05-08","2020-05-07","2016-12-30","","118.68","118.76","","","5","","","","-0.0724"
"中证交易所绿色债券指数","930951","2020-05-11","2020-05-08","2016-12-30","","118.64","118.68","","","3","","","","-0.0286"
"中证交易所绿色债券指数","930951","2020-05-12","2020-05-11","2016-12-30","","118.52","118.64","","","7","","","","-0.1020"
"中证交易所绿色债券指数","930951","2020-05-13","2020-05-12","2016-12-30","","118.47","118.52","","","2","","","","-0.0397"
"中证交易所绿色债券指数","930951","2020-05-14","2020-05-13","2016-12-30","","118.46","118.47","","","4","","","","-0.0084"
"中证交易所绿色债券指数","930951","2020-05-15","2020-05-14","2016-12-30","","118.45","118.46","","","5","","","","-0.0093"
"中证交易所绿色债券指数","930951","2020-05-18","2020-05-15","2016-12-30","","118.55","118.45","","","6","","","","0.0853"
"中证交易所绿色债券指数","930951","2020-05-19","2020-05-18","2016-12-30","","118.51","118.55","","","4","","","","-0.0405"
"中证交易所绿色债券指数","930951","2020-05-20","2020-05-19","2016-12-30","","118.51","118.51","","","5","","","","0.0034"
"中证交易所绿色债券指数","930951","2020-05-21","2020-05-20","2016-12-30","","118.52","118.51","","","3","","","","0.0118"
"中证交易所绿色债券指数","930951","2020-05-22","2020-05-21","2016-12-30","","118.59","118.52","","","0","","","","0.0532"
"中证交易所绿色债券指数","930951","2020-05-25","2020-05-22","2016-12-30","","118.60","118.59","","","2","","","","0.0084"
"中证交易所绿色债券指数","930951","2020-05-26","2020-05-25","2016-12-30","","118.51","118.60","","","3","","","","-0.0717"
"中证交易所绿色债券指数","930951","2020-05-27","2020-05-26","2016-12-30","","118.44","118.51","","","3","","","","-0.0633"
"中证交易所绿色债券指数","930951","2020-05-28","2020-05-27","2016-12-30","","118.37","118.44","","","3","","","","-0.0574"
"中证交易所绿色债券指数","930951","2020-05-29","2020-05-28","2016-12-30","","118.33","118.37","","","2","","","","-0.0355"
"中证交易所绿色债券指数","930951","2020-06-01","2020-05-29","2016-12-30","","118.37","118.33","","","6","","","","0.0338"
"中证交易所绿色债券指数","930951","2020-06-02","2020-06-01","2016-12-30","","118.11","118.37","","","1","","","","-0.2163"
"中证交易所绿色债券指数","930951","2020-06-03","2020-06-02","2016-12-30","","117.70","118.11","","","4","","","","-0.3454"
"中证交易所绿色债券指数","930951","2020-06-04","2020-06-03","2016-12-30","","117.79","117.70","","","6","","","","0.0739"
"中证交易所绿色债券指数","930951","2020-06-05","2020-06-04","2016-12-30","","117.66","117.79","","","2","","","","-0.1070"
"中证交易所绿色债券指数","930951","2020-06-08","2020-06-05","2016-12-30","","117.49","117.66","","","1","","","","-0.1504"
"中证交易所绿色债券指数","930951","2020-06-09","2020-06-08","2016-12-30","","117.51","117.49","","","5","","","","0.0153"
"中证交易所绿色债券指数","930951","2020-06-10","2020-06-09","2016-12-30","","117.56","117.51","","","9","","","","0.0434"
"中证交易所绿色债券指数","930951","2020-06-11","2020-06-10","2016-12-30","","117.62","117.56","","","7","","","","0.0536"
"中证交易所绿色债券指数","930951","2020-06-12","2020-06-11","2016-12-30","","117.71","117.62","","","6","","","","0.0748"
"中证交易所绿色债券指数","930951","2020-06-15","2020-06-12","2016-12-30","","117.84","117.71","","","5","","","","0.1138"
"中证交易所绿色债券指数","930951","2020-06-16","2020-06-15","2016-12-30","","117.72","117.84","","","2","","","","-0.1061"
"中证交易所绿色债券指数","930951","2020-06-17","2020-06-16","2016-12-30","","117.68","117.72","","","5","","","","-0.0297"
"中证交易所绿色债券指数","930951","2020-06-18","2020-06-17","2016-12-30","","117.73","117.68","","","5","","","","0.0433"
"中证交易所绿色债券指数","930951","2020-06-19","2020-06-18","2016-12-30","","117.73","117.73","","","4","","","","0.0008"
"中证交易所绿色债券指数","930951","2020-06-22","2020-06-19","2016-12-30","","117.65","117.73","","","4","","","","-0.0730"
"中证交易所绿色债券指数","930951","2020-06-23","2020-06-22","2016-12-30","","117.50","117.65","","","5","","","","-0.1216"
"中证交易所绿色债券指数","930951","2020-06-24","2020-06-23","2016-12-30","","117.53","117.50","","","4","","","","0.0196"
"中证交易所绿色债券指数","930951","2020-06-29","2020-06-24","2016-12-30","","117.66","117.53","","","9","","","","0.1098"
"中证交易所绿色债券指数","930951","2020-06-30","2020-06-29","2016-12-30","","117.64","117.66","","","5","","","","-0.0102"
"中证交易所绿色债券指数","930951","2020-07-01","2020-06-30","2016-12-30","","117.66","117.64","","","1","","","","0.0145"
"中证交易所绿色债券指数","930951","2020-07-02","2020-07-01","2016-12-30","","117.70","117.66","","","8","","","","0.0314"
"中证交易所绿色债券指数","930951","2020-07-03","2020-07-02","2016-12-30","","117.76","117.70","","","4","","","","0.0510"
"中证交易所绿色债券指数","930951","2020-07-06","2020-07-03","2016-12-30","","117.62","117.76","","","3","","","","-0.1214"
"中证交易所绿色债券指数","930951","2020-07-07","2020-07-06","2016-12-30","","117.39","117.62","","","2","","","","-0.1879"
"中证交易所绿色债券指数","930951","2020-07-08","2020-07-07","2016-12-30","","117.40","117.39","","","4","","","","0.0034"
"中证交易所绿色债券指数","930951","2020-07-09","2020-07-08","2016-12-30","","117.12","117.40","","","7","","","","-0.2402"
"中证交易所绿色债券指数","930951","2020-07-10","2020-07-09","2016-12-30","","117.06","117.12","","","7","","","","-0.0495"
"中证交易所绿色债券指数","930951","2020-07-13","2020-07-10","2016-12-30","","116.92","117.06","","","3","","","","-0.1187"
"中证交易所绿色债券指数","930951","2020-07-14","2020-07-13","2016-12-30","","116.81","116.92","","","9","","","","-0.0924"
"中证交易所绿色债券指数","930951","2020-07-15","2020-07-14","2016-12-30","","116.83","116.81","","","10","","","","0.0180"
"中证交易所绿色债券指数","930951","2020-07-16","2020-07-15","2016-12-30","","116.88","116.83","","","12","","","","0.0411"
"中证交易所绿色债券指数","930951","2020-07-17","2020-07-16","2016-12-30","","116.91","116.88","","","2","","","","0.0248"
"中证交易所绿色债券指数","930951","2020-07-20","2020-07-17","2016-12-30","","116.92","116.91","","","6","","","","0.0128"
"中证交易所绿色债券指数","930951","2020-07-21","2020-07-20","2016-12-30","","117.19","116.92","","","4","","","","0.2292"
"中证交易所绿色债券指数","930951","2020-07-22","2020-07-21","2016-12-30","","117.25","117.19","","","8","","","","0.0512"
"中证交易所绿色债券指数","930951","2020-07-23","2020-07-22","2016-12-30","","117.32","117.25","","","8","","","","0.0588"
"中证交易所绿色债券指数","930951","2020-07-24","2020-07-23","2016-12-30","","117.44","117.32","","","3","","","","0.1048"
"中证交易所绿色债券指数","930951","2020-07-27","2020-07-24","2016-12-30","","117.54","117.44","","","3","","","","0.0817"
"中证交易所绿色债券指数","930951","2020-07-28","2020-07-27","2016-12-30","","117.58","117.54","","","4","","","","0.0332"
"中证交易所绿色债券指数","930951","2020-07-29","2020-07-28","2016-12-30","","117.57","117.58","","","6","","","","-0.0119"
"中证交易所绿色债券指数","930951","2020-07-30","2020-07-29","2016-12-30","","117.46","117.57","","","3","","","","-0.0885"
"中证交易所绿色债券指数","930951","2020-07-31","2020-07-30","2016-12-30","","117.48","117.46","","","3","","","","0.0153"
"中证交易所绿色债券指数","930951","2020-08-03","2020-07-31","2016-12-30","","117.46","117.48","","","6","","","","-0.0170"
"中证交易所绿色债券指数","930951","2020-08-04","2020-08-03","2016-12-30","","117.49","117.46","","","3","","","","0.0281"
"中证交易所绿色债券指数","930951","2020-08-05","2020-08-04","2016-12-30","","117.49","117.49","","","5","","","","-0.0043"
"中证交易所绿色债券指数","930951","2020-08-06","2020-08-05","2016-12-30","","117.52","117.49","","","3","","","","0.0247"
"中证交易所绿色债券指数","930951","2020-08-07","2020-08-06","2016-12-30","","117.55","117.52","","","4","","","","0.0315"
"中证交易所绿色债券指数","930951","2020-08-10","2020-08-07","2016-12-30","","117.60","117.55","","","7","","","","0.0357"
"中证交易所绿色债券指数","930951","2020-08-11","2020-08-10","2016-12-30","","117.63","117.60","","","3","","","","0.0298"
"中证交易所绿色债券指数","930951","2020-08-12","2020-08-11","2016-12-30","","117.67","117.63","","","9","","","","0.0340"
"中证交易所绿色债券指数","930951","2020-08-13","2020-08-12","2016-12-30","","117.71","117.67","","","4","","","","0.0365"
"中证交易所绿色债券指数","930951","2020-08-14","2020-08-13","2016-12-30","","117.74","117.71","","","1","","","","0.0221"
"中证交易所绿色债券指数","930951","2020-08-17","2020-08-14","2016-12-30","","117.81","117.74","","","4","","","","0.0620"
"中证交易所绿色债券指数","930951","2020-08-18","2020-08-17","2016-12-30","","117.85","117.81","","","10","","","","0.0314"
"中证交易所绿色债券指数","930951","2020-08-19","2020-08-18","2016-12-30","","117.87","117.85","","","3","","","","0.0178"
"中证交易所绿色债券指数","930951","2020-08-20","2020-08-19","2016-12-30","","117.84","117.87","","","2","","","","-0.0297"
"中证交易所绿色债券指数","930951","2020-08-21","2020-08-20","2016-12-30","","117.73","117.84","","","2","","","","-0.0917"
"中证交易所绿色债券指数","930951","2020-08-24","2020-08-21","2016-12-30","","117.85","117.73","","","3","","","","0.1028"
"中证交易所绿色债券指数","930951","2020-08-25","2020-08-24","2016-12-30","","117.79","117.85","","","3","","","","-0.0526"
"中证交易所绿色债券指数","930951","2020-08-26","2020-08-25","2016-12-30","","117.67","117.79","","","0","","","","-0.0993"
"中证交易所绿色债券指数","930951","2020-08-27","2020-08-26","2016-12-30","","117.64","117.67","","","3","","","","-0.0229"
"中证交易所绿色债券指数","930951","2020-08-28","2020-08-27","2016-12-30","","117.56","117.64","","","9","","","","-0.0689"
"中证交易所绿色债券指数","930951","2020-08-31","2020-08-28","2016-12-30","","117.58","117.56","","","2","","","","0.0196"
"中证交易所绿色债券指数","930951","2020-09-01","2020-08-31","2016-12-30","","117.60","117.58","","","4","","","","0.0136"
"中证交易所绿色债券指数","930951","2020-09-02","2020-09-01","2016-12-30","","117.54","117.60","","","1","","","","-0.0553"
"中证交易所绿色债券指数","930951","2020-09-03","2020-09-02","2016-12-30","","117.50","117.54","","","7","","","","-0.0298"
"中证交易所绿色债券指数","930951","2020-09-04","2020-09-03","2016-12-30","","117.48","117.50","","","2","","","","-0.0213"
"中证交易所绿色债券指数","930951","2020-09-07","2020-09-04","2016-12-30","","117.49","117.48","","","4","","","","0.0119"
"中证交易所绿色债券指数","930951","2020-09-08","2020-09-07","2016-12-30","","117.46","117.49","","","4","","","","-0.0272"
"中证交易所绿色债券指数","930951","2020-09-09","2020-09-08","2016-12-30","","117.49","117.46","","","4","","","","0.0264"
"中证交易所绿色债券指数","930951","2020-09-10","2020-09-09","2016-12-30","","117.53","117.49","","","7","","","","0.0315"
"中证交易所绿色债券指数","930951","2020-09-11","2020-09-10","2016-12-30","","117.55","117.53","","","6","","","","0.0179"
"中证交易所绿色债券指数","930951","2020-09-14","2020-09-11","2016-12-30","","117.58","117.55","","","5","","","","0.0272"
"中证交易所绿色债券指数","930951","2020-09-15","2020-09-14","2016-12-30","","117.61","117.58","","","7","","","","0.0238"
"中证交易所绿色债券指数","930951","2020-09-16","2020-09-15","2016-12-30","","117.65","117.61","","","6","","","","0.0374"
"中证交易所绿色债券指数","930951","2020-09-17","2020-09-16","2016-12-30","","117.72","117.65","","","3","","","","0.0552"
"中证交易所绿色债券指数","930951","2020-09-18","2020-09-17","2016-12-30","","117.73","117.72","","","3","","","","0.0127"
"中证交易所绿色债券指数","930951","2020-09-21","2020-09-18","2016-12-30","","117.77","117.73","","","6","","","","0.0340"
"中证交易所绿色债券指数","930951","2020-09-22","2020-09-21","2016-12-30","","117.80","117.77","","","1","","","","0.0272"
"中证交易所绿色债券指数","930951","2020-09-23","2020-09-22","2016-12-30","","117.82","117.80","","","2","","","","0.0127"
"中证交易所绿色债券指数","930951","2020-09-24","2020-09-23","2016-12-30","","117.81","117.82","","","4","","","","-0.0042"
"中证交易所绿色债券指数","930951","2020-09-25","2020-09-24","2016-12-30","","117.81","117.81","","","3","","","","-0.0034"
"中证交易所绿色债券指数","930951","2020-09-28","2020-09-25","2016-12-30","","117.85","117.81","","","5","","","","0.0357"
"中证交易所绿色债券指数","930951","2020-09-29","2020-09-28","2016-12-30","","117.84","117.85","","","1","","","","-0.0119"
"中证交易所绿色债券指数","930951","2020-09-30","2020-09-29","2016-12-30","","117.84","117.84","","","0","","","","0.0068"
"中证交易所绿色债券指数","930951","2020-10-09","2020-09-30","2016-12-30","","117.93","117.84","","","0","","","","0.0687"
"中证交易所绿色债券指数","930951","2020-10-12","2020-10-09","2016-12-30","","117.93","117.93","","","2","","","","0.0034"
"中证交易所绿色债券指数","930951","2020-10-13","2020-10-12","2016-12-30","","117.97","117.93","","","11","","","","0.0373"
"中证交易所绿色债券指数","930951","2020-10-14","2020-10-13","2016-12-30","","117.97","117.97","","","2","","","","0.0000"
"中证交易所绿色债券指数","930951","2020-10-15","2020-10-14","2016-12-30","","118.00","117.97","","","7","","","","0.0263"
"中证交易所绿色债券指数","930951","2020-10-16","2020-10-15","2016-12-30","","118.05","118.00","","","2","","","","0.0356"
"中证交易所绿色债券指数","930951","2020-10-19","2020-10-16","2016-12-30","","118.09","118.05","","","4","","","","0.0390"
"中证交易所绿色债券指数","930951","2020-10-20","2020-10-19","2016-12-30","","118.12","118.09","","","2","","","","0.0254"
"中证交易所绿色债券指数","930951","2020-10-21","2020-10-20","2016-12-30","","118.17","118.12","","","3","","","","0.0381"
"中证交易所绿色债券指数","930951","2020-10-22","2020-10-21","2016-12-30","","118.22","118.17","","","6","","","","0.0449"
"中证交易所绿色债券指数","930951","2020-10-23","2020-10-22","2016-12-30","","118.26","118.22","","","1","","","","0.0347"
"中证交易所绿色债券指数","930951","2020-10-26","2020-10-23","2016-12-30","","118.33","118.26","","","14","","","","0.0575"
"中证交易所绿色债券指数","930951","2020-10-27","2020-10-26","2016-12-30","","118.34","118.33","","","5","","","","0.0059"
"中证交易所绿色债券指数","930951","2020-10-28","2020-10-27","2016-12-30","","118.34","118.34","","","2","","","","0.0042"
"中证交易所绿色债券指数","930951","2020-10-29","2020-10-28","2016-12-30","","118.37","118.34","","","4","","","","0.0203"
"中证交易所绿色债券指数","930951","2020-10-30","2020-10-29","2016-12-30","","118.39","118.37","","","1","","","","0.0211"
"中证交易所绿色债券指数","930951","2020-11-02","2020-10-30","2016-12-30","","118.41","118.39","","","1","","","","0.0194"
"中证交易所绿色债券指数","930951","2020-11-03","2020-11-02","2016-12-30","","118.44","118.41","","","2","","","","0.0253"
"中证交易所绿色债券指数","930951","2020-11-04","2020-11-03","2016-12-30","","118.47","118.44","","","7","","","","0.0220"
"中证交易所绿色债券指数","930951","2020-11-05","2020-11-04","2016-12-30","","118.51","118.47","","","7","","","","0.0304"
"中证交易所绿色债券指数","930951","2020-11-06","2020-11-05","2016-12-30","","118.54","118.51","","","2","","","","0.0287"
"中证交易所绿色债券指数","930951","2020-11-09","2020-11-06","2016-12-30","","118.57","118.54","","","4","","","","0.0287"
"中证交易所绿色债券指数","930951","2020-11-10","2020-11-09","2016-12-30","","118.56","118.57","","","6","","","","-0.0076"
"中证交易所绿色债券指数","930951","2020-11-11","2020-11-10","2016-12-30","","118.53","118.56","","","6","","","","-0.0304"
"中证交易所绿色债券指数","930951","2020-11-12","2020-11-11","2016-12-30","","118.51","118.53","","","7","","","","-0.0135"
"中证交易所绿色债券指数","930951","2020-11-13","2020-11-12","2016-12-30","","118.41","118.51","","","4","","","","-0.0903"
"中证交易所绿色债券指数","930951","2020-11-16","2020-11-13","2016-12-30","","118.33","118.41","","","15","","","","-0.0659"
"中证交易所绿色债券指数","930951","2020-11-17","2020-11-16","2016-12-30","","118.26","118.33","","","4","","","","-0.0600"
"中证交易所绿色债券指数","930951","2020-11-18","2020-11-17","2016-12-30","","118.20","118.26","","","2","","","","-0.0440"
"中证交易所绿色债券指数","930951","2020-11-19","2020-11-18","2016-12-30","","118.11","118.20","","","5","","","","-0.0795"
"中证交易所绿色债券指数","930951","2020-11-20","2020-11-19","2016-12-30","","118.03","118.11","","","4","","","","-0.0669"
"中证交易所绿色债券指数","930951","2020-11-23","2020-11-20","2016-12-30","","117.97","118.03","","","3","","","","-0.0559"
"中证交易所绿色债券指数","930951","2020-11-24","2020-11-23","2016-12-30","","118.00","117.97","","","6","","","","0.0254"
"中证交易所绿色债券指数","930951","2020-11-25","2020-11-24","2016-12-30","","118.02","118.00","","","9","","","","0.0169"
"中证交易所绿色债券指数","930951","2020-11-26","2020-11-25","2016-12-30","","118.07","118.02","","","7","","","","0.0491"
"中证交易所绿色债券指数","930951","2020-11-27","2020-11-26","2016-12-30","","118.10","118.07","","","2","","","","0.0237"
"中证交易所绿色债券指数","930951","2020-11-30","2020-11-27","2016-12-30","","118.19","118.10","","","4","","","","0.0762"
"中证交易所绿色债券指数","930951","2020-12-01","2020-11-30","2016-12-30","","118.22","118.19","","","6","","","","0.0254"
"中证交易所绿色债券指数","930951","2020-12-02","2020-12-01","2016-12-30","","118.30","118.22","","","5","","","","0.0685"
"中证交易所绿色债券指数","930951","2020-12-03","2020-12-02","2016-12-30","","118.33","118.30","","","6","","","","0.0245"
"中证交易所绿色债券指数","930951","2020-12-04","2020-12-03","2016-12-30","","118.36","118.33","","","2","","","","0.0270"
"中证交易所绿色债券指数","930951","2020-12-07","2020-12-04","2016-12-30","","118.39","118.36","","","5","","","","0.0220"
"中证交易所绿色债券指数","930951","2020-12-08","2020-12-07","2016-12-30","","118.39","118.39","","","8","","","","-0.0008"
"中证交易所绿色债券指数","930951","2020-12-09","2020-12-08","2016-12-30","","118.43","118.39","","","12","","","","0.0355"
"中证交易所绿色债券指数","930951","2020-12-10","2020-12-09","2016-12-30","","118.45","118.43","","","8","","","","0.0169"
"中证交易所绿色债券指数","930951","2020-12-11","2020-12-10","2016-12-30","","118.47","118.45","","","4","","","","0.0127"
"中证交易所绿色债券指数","930951","2020-12-14","2020-12-11","2016-12-30","","118.50","118.47","","","7","","","","0.0321"
"中证交易所绿色债券指数","930951","2020-12-15","2020-12-14","2016-12-30","","118.52","118.50","","","7","","","","0.0127"
"中证交易所绿色债券指数","930951","2020-12-16","2020-12-15","2016-12-30","","118.61","118.52","","","8","","","","0.0734"
"中证交易所绿色债券指数","930951","2020-12-17","2020-12-16","2016-12-30","","118.64","118.61","","","5","","","","0.0295"
"中证交易所绿色债券指数","930951","2020-12-18","2020-12-17","2016-12-30","","118.65","118.64","","","1","","","","0.0067"
"中证交易所绿色债券指数","930951","2020-12-21","2020-12-18","2016-12-30","","118.73","118.65","","","5","","","","0.0666"
"中证交易所绿色债券指数","930951","2020-12-22","2020-12-21","2016-12-30","","118.83","118.73","","","5","","","","0.0851"
"中证交易所绿色债券指数","930951","2020-12-23","2020-12-22","2016-12-30","","118.87","118.83","","","6","","","","0.0387"
"中证交易所绿色债券指数","930951","2020-12-24","2020-12-23","2016-12-30","","118.92","118.87","","","14","","","","0.0379"
"中证交易所绿色债券指数","930951","2020-12-25","2020-12-24","2016-12-30","","118.95","118.92","","","9","","","","0.0235"
"中证交易所绿色债券指数","930951","2020-12-28","2020-12-25","2016-12-30","","119.01","118.95","","","9","","","","0.0546"
"中证交易所绿色债券指数","930951","2020-12-29","2020-12-28","2016-12-30","","119.05","119.01","","","12","","","","0.0345"
"中证交易所绿色债券指数","930951","2020-12-30","2020-12-29","2016-12-30","","119.10","119.05","","","7","","","","0.0378"
"中证交易所绿色债券指数","930951","2020-12-31","2020-12-30","2016-12-30","","119.15","119.10","","","1","","","","0.0462"
"中证交易所绿色债券指数","930951","2021-01-04","2020-12-31","2016-12-30","","119.24","119.15","","","4","","","","0.0722"
"中证交易所绿色债券指数","930951","2021-01-05","2021-01-04","2016-12-30","","119.25","119.24","","","13","","","","0.0067"
"中证交易所绿色债券指数","930951","2021-01-06","2021-01-05","2016-12-30","","119.27","119.25","","","4","","","","0.0168"
"中证交易所绿色债券指数","930951","2021-01-07","2021-01-06","2016-12-30","","119.35","119.27","","","7","","","","0.0671"
"中证交易所绿色债券指数","930951","2021-01-08","2021-01-07","2016-12-30","","119.43","119.35","","","3","","","","0.0687"
"中证交易所绿色债券指数","930951","2021-01-11","2021-01-08","2016-12-30","","119.49","119.43","","","7","","","","0.0486"
"中证交易所绿色债券指数","930951","2021-01-12","2021-01-11","2016-12-30","","119.52","119.49","","","4","","","","0.0301"
"中证交易所绿色债券指数","930951","2021-01-13","2021-01-12","2016-12-30","","119.55","119.52","","","3","","","","0.0226"
"中证交易所绿色债券指数","930951","2021-01-14","2021-01-13","2016-12-30","","119.60","119.55","","","3","","","","0.0443"
"中证交易所绿色债券指数","930951","2021-01-15","2021-01-14","2016-12-30","","119.64","119.60","","","2","","","","0.0326"
"中证交易所绿色债券指数","930951","2021-01-18","2021-01-15","2016-12-30","","119.64","119.64","","","2","","","","-0.0033"
"中证交易所绿色债券指数","930951","2021-01-19","2021-01-18","2016-12-30","","119.58","119.64","","","2","","","","-0.0468"
"中证交易所绿色债券指数","930951","2021-01-20","2021-01-19","2016-12-30","","119.53","119.58","","","6","","","","-0.0426"
"中证交易所绿色债券指数","930951","2021-01-21","2021-01-20","2016-12-30","","119.57","119.53","","","4","","","","0.0326"
"中证交易所绿色债券指数","930951","2021-01-22","2021-01-21","2016-12-30","","119.61","119.57","","","2","","","","0.0343"
"中证交易所绿色债券指数","930951","2021-01-25","2021-01-22","2016-12-30","","119.68","119.61","","","2","","","","0.0552"
"中证交易所绿色债券指数","930951","2021-01-26","2021-01-25","2016-12-30","","119.64","119.68","","","3","","","","-0.0334"
"中证交易所绿色债券指数","930951","2021-01-27","2021-01-26","2016-12-30","","119.56","119.64","","","5","","","","-0.0677"
"中证交易所绿色债券指数","930951","2021-01-28","2021-01-27","2016-12-30","","119.48","119.56","","","5","","","","-0.0678"
"中证交易所绿色债券指数","930951","2021-01-29","2021-01-28","2016-12-30","","119.38","119.48","","","1","","","","-0.0778"
"中证交易所绿色债券指数","930951","2021-02-01","2021-01-29","2016-12-30","","119.38","119.38","","","5","","","","-0.0017"
"中证交易所绿色债券指数","930951","2021-02-02","2021-02-01","2016-12-30","","119.45","119.38","","","4","","","","0.0595"
"中证交易所绿色债券指数","930951","2021-02-03","2021-02-02","2016-12-30","","119.47","119.45","","","4","","","","0.0142"
"中证交易所绿色债券指数","930951","2021-02-04","2021-02-03","2016-12-30","","119.48","119.47","","","2","","","","0.0059"
"中证交易所绿色债券指数","930951","2021-02-05","2021-02-04","2016-12-30","","119.42","119.48","","","2","","","","-0.0494"
"中证交易所绿色债券指数","930951","2021-02-08","2021-02-05","2016-12-30","","119.43","119.42","","","5","","","","0.0100"
"中证交易所绿色债券指数","930951","2021-02-09","2021-02-08","2016-12-30","","119.41","119.43","","","3","","","","-0.0142"
"中证交易所绿色债券指数","930951","2021-02-10","2021-02-09","2016-12-30","","119.43","119.41","","","1","","","","0.0126"
"中证交易所绿色债券指数","930951","2021-02-18","2021-02-10","2016-12-30","","119.52","119.43","","","5","","","","0.0754"
"中证交易所绿色债券指数","930951","2021-02-19","2021-02-18","2016-12-30","","119.50","119.52","","","1","","","","-0.0142"
"中证交易所绿色债券指数","930951","2021-02-22","2021-02-19","2016-12-30","","119.56","119.50","","","9","","","","0.0527"
"中证交易所绿色债券指数","930951","2021-02-23","2021-02-22","2016-12-30","","119.60","119.56","","","8","","","","0.0318"
"中证交易所绿色债券指数","930951","2021-02-24","2021-02-23","2016-12-30","","119.64","119.60","","","10","","","","0.0334"
"中证交易所绿色债券指数","930951","2021-02-25","2021-02-24","2016-12-30","","119.67","119.64","","","11","","","","0.0284"
"中证交易所绿色债券指数","930951","2021-02-26","2021-02-25","2016-12-30","","119.67","119.67","","","3","","","","-0.0008"
"中证交易所绿色债券指数","930951","2021-03-01","2021-02-26","2016-12-30","","119.74","119.67","","","6","","","","0.0526"
"中证交易所绿色债券指数","930951","2021-03-02","2021-03-01","2016-12-30","","119.80","119.74","","","3","","","","0.0518"
"中证交易所绿色债券指数","930951","2021-03-03","2021-03-02","2016-12-30","","119.81","119.80","","","2","","","","0.0109"
"中证交易所绿色债券指数","930951","2021-03-04","2021-03-03","2016-12-30","","119.84","119.81","","","5","","","","0.0217"
"中证交易所绿色债券指数","930951","2021-03-05","2021-03-04","2016-12-30","","119.86","119.84","","","1","","","","0.0175"
"中证交易所绿色债券指数","930951","2021-03-08","2021-03-05","2016-12-30","","119.93","119.86","","","4","","","","0.0626"
"中证交易所绿色债券指数","930951","2021-03-09","2021-03-08","2016-12-30","","119.96","119.93","","","3","","","","0.0200"
"中证交易所绿色债券指数","930951","2021-03-10","2021-03-09","2016-12-30","","119.98","119.96","","","4","","","","0.0158"
"中证交易所绿色债券指数","930951","2021-03-11","2021-03-10","2016-12-30","","120.00","119.98","","","4","","","","0.0217"
"中证交易所绿色债券指数","930951","2021-03-12","2021-03-11","2016-12-30","","120.03","120.00","","","3","","","","0.0200"
"中证交易所绿色债券指数","930951","2021-03-15","2021-03-12","2016-12-30","","120.06","120.03","","","4","","","","0.0308"
"中证交易所绿色债券指数","930951","2021-03-16","2021-03-15","2016-12-30","","120.09","120.06","","","5","","","","0.0250"
"中证交易所绿色债券指数","930951","2021-03-17","2021-03-16","2016-12-30","","120.11","120.09","","","0","","","","0.0167"
"中证交易所绿色债券指数","930951","2021-03-18","2021-03-17","2016-12-30","","120.11","120.11","","","0","","","","0.0000"
"中证交易所绿色债券指数","930951","2021-03-19","2021-03-18","2016-12-30","","120.15","120.11","","","0","","","","0.0291"
"中证交易所绿色债券指数","930951","2021-03-22","2021-03-19","2016-12-30","","120.22","120.15","","","0","","","","0.0566"
"中证交易所绿色债券指数","930951","2021-03-23","2021-03-22","2016-12-30","","120.22","120.22","","","0","","","","0.0067"
"中证交易所绿色债券指数","930951","2021-03-24","2021-03-23","2016-12-30","","120.28","120.22","","","0","","","","0.0466"
"中证交易所绿色债券指数","930951","2021-03-25","2021-03-24","2016-12-30","","120.31","120.28","","","0","","","","0.0283"
"中证交易所绿色债券指数","930951","2021-03-26","2021-03-25","2016-12-30","","120.34","120.31","","","0","","","","0.0249"
"中证交易所绿色债券指数","930951","2021-03-29","2021-03-26","2016-12-30","","120.38","120.34","","","0","","","","0.0299"
"中证交易所绿色债券指数","930951","2021-03-30","2021-03-29","2016-12-30","","120.41","120.38","","","0","","","","0.0258"
"中证交易所绿色债券指数","930951","2021-03-31","2021-03-30","2016-12-30","","120.41","120.41","","","0","","","","0.0025"
"中证交易所绿色债券指数","930951","2021-04-01","2021-03-31","2016-12-30","","120.44","120.41","","","0","","","","0.0241"
"中证交易所绿色债券指数","930951","2021-04-02","2021-04-01","2016-12-30","","120.46","120.44","","","0","","","","0.0166"
"中证交易所绿色债券指数","930951","2021-04-06","2021-04-02","2016-12-30","","120.52","120.46","","","0","","","","0.0506"
"中证交易所绿色债券指数","930951","2021-04-07","2021-04-06","2016-12-30","","120.53","120.52","","","0","","","","0.0017"
"中证交易所绿色债券指数","930951","2021-04-08","2021-04-07","2016-12-30","","120.53","120.53","","","0","","","","-0.0008"
"中证交易所绿色债券指数","930951","2021-04-09","2021-04-08","2016-12-30","","120.56","120.53","","","0","","","","0.0299"
"中证交易所绿色债券指数","930951","2021-04-12","2021-04-09","2016-12-30","","120.60","120.56","","","0","","","","0.0282"
"中证交易所绿色债券指数","930951","2021-04-13","2021-04-12","2016-12-30","","120.66","120.60","","","0","","","","0.0547"
"中证交易所绿色债券指数","930951","2021-04-14","2021-04-13","2016-12-30","","120.70","120.66","","","0","","","","0.0298"
"中证交易所绿色债券指数","930951","2021-04-15","2021-04-14","2016-12-30","","120.75","120.70","","","0","","","","0.0464"
"中证交易所绿色债券指数","930951","2021-04-16","2021-04-15","2016-12-30","","120.76","120.75","","","0","","","","0.0066"
"中证交易所绿色债券指数","930951","2021-04-19","2021-04-16","2016-12-30","","120.82","120.76","","","0","","","","0.0464"
"中证交易所绿色债券指数","930951","2021-04-20","2021-04-19","2016-12-30","","120.87","120.82","","","0","","","","0.0430"
"中证交易所绿色债券指数","930951","2021-04-21","2021-04-20","2016-12-30","","120.91","120.87","","","0","","","","0.0356"
"中证交易所绿色债券指数","930951","2021-04-22","2021-04-21","2016-12-30","","120.96","120.91","","","0","","","","0.0356"
"中证交易所绿色债券指数","930951","2021-04-23","2021-04-22","2016-12-30","","120.98","120.96","","","0","","","","0.0223"
"中证交易所绿色债券指数","930951","2021-04-26","2021-04-23","2016-12-30","","121.03","120.98","","","0","","","","0.0405"
"中证交易所绿色债券指数","930951","2021-04-27","2021-04-26","2016-12-30","","121.01","121.03","","","0","","","","-0.0190"
"中证交易所绿色债券指数","930951","2021-04-28","2021-04-27","2016-12-30","","121.03","121.01","","","0","","","","0.0157"
"中证交易所绿色债券指数","930951","2021-04-29","2021-04-28","2016-12-30","","121.03","121.03","","","0","","","","0.0000"
"中证交易所绿色债券指数","930951","2021-04-30","2021-04-29","2016-12-30","","121.07","121.03","","","0","","","","0.0331"
"中证交易所绿色债券指数","930951","2021-05-06","2021-04-30","2016-12-30","","121.16","121.07","","","0","","","","0.0752"
"中证交易所绿色债券指数","930951","2021-05-07","2021-05-06","2016-12-30","","121.19","121.16","","","0","","","","0.0289"
"中证交易所绿色债券指数","930951","2021-05-10","2021-05-07","2016-12-30","","121.26","121.19","","","0","","","","0.0536"
"中证交易所绿色债券指数","930951","2021-05-11","2021-05-10","2016-12-30","","121.32","121.26","","","0","","","","0.0487"
"中证交易所绿色债券指数","930951","2021-05-12","2021-05-11","2016-12-30","","121.36","121.32","","","0","","","","0.0338"
"中证交易所绿色债券指数","930951","2021-05-13","2021-05-12","2016-12-30","","121.41","121.36","","","0","","","","0.0437"
"中证交易所绿色债券指数","930951","2021-05-14","2021-05-13","2016-12-30","","121.44","121.41","","","0","","","","0.0222"
"中证交易所绿色债券指数","930951","2021-05-17","2021-05-14","2016-12-30","","121.50","121.44","","","0","","","","0.0478"
"中证交易所绿色债券指数","930951","2021-05-18","2021-05-17","2016-12-30","","121.51","121.50","","","0","","","","0.0115"
"中证交易所绿色债券指数","930951","2021-05-19","2021-05-18","2016-12-30","","121.55","121.51","","","0","","","","0.0288"
"中证交易所绿色债券指数","930951","2021-05-20","2021-05-19","2016-12-30","","121.59","121.55","","","0","","","","0.0346"
"中证交易所绿色债券指数","930951","2021-05-21","2021-05-20","2016-12-30","","121.62","121.59","","","0","","","","0.0280"
"中证交易所绿色债券指数","930951","2021-05-24","2021-05-21","2016-12-30","","121.72","121.62","","","0","","","","0.0773"
"中证交易所绿色债券指数","930951","2021-05-25","2021-05-24","2016-12-30","","121.75","121.72","","","0","","","","0.0279"
"中证交易所绿色债券指数","930951","2021-05-26","2021-05-25","2016-12-30","","121.78","121.75","","","0","","","","0.0246"
"中证交易所绿色债券指数","930951","2021-05-27","2021-05-26","2016-12-30","","121.80","121.78","","","0","","","","0.0205"
"中证交易所绿色债券指数","930951","2021-05-28","2021-05-27","2016-12-30","","121.84","121.80","","","0","","","","0.0263"
"中证交易所绿色债券指数","930951","2021-05-31","2021-05-28","2016-12-30","","121.88","121.84","","","0","","","","0.0353"
"中证交易所绿色债券指数","930951","2021-06-01","2021-05-31","2016-12-30","","121.90","121.88","","","0","","","","0.0131"
"中证交易所绿色债券指数","930951","2021-06-02","2021-06-01","2016-12-30","","121.93","121.90","","","0","","","","0.0246"
"中证交易所绿色债券指数","930951","2021-06-03","2021-06-02","2016-12-30","","121.94","121.93","","","0","","","","0.0082"
"中证交易所绿色债券指数","930951","2021-06-04","2021-06-03","2016-12-30","","121.95","121.94","","","0","","","","0.0082"
"中证交易所绿色债券指数","930951","2021-06-07","2021-06-04","2016-12-30","","121.91","121.95","","","0","","","","-0.0303"
"中证交易所绿色债券指数","930951","2021-06-08","2021-06-07","2016-12-30","","121.85","121.91","","","0","","","","-0.0517"
"中证交易所绿色债券指数","930951","2021-06-09","2021-06-08","2016-12-30","","121.84","121.85","","","0","","","","-0.0025"
"中证交易所绿色债券指数","930951","2021-06-10","2021-06-09","2016-12-30","","121.85","121.84","","","0","","","","0.0090"
"中证交易所绿色债券指数","930951","2021-06-11","2021-06-10","2016-12-30","","121.87","121.85","","","0","","","","0.0156"
"中证交易所绿色债券指数","930951","2021-06-15","2021-06-11","2016-12-30","","121.90","121.87","","","0","","","","0.0189"
"中证交易所绿色债券指数","930951","2021-06-16","2021-06-15","2016-12-30","","121.90","121.90","","","0","","","","0.0066"
"中证交易所绿色债券指数","930951","2021-06-17","2021-06-16","2016-12-30","","121.90","121.90","","","0","","","","-0.0033"
"中证交易所绿色债券指数","930951","2021-06-18","2021-06-17","2016-12-30","","121.89","121.90","","","0","","","","-0.0049"
"中证交易所绿色债券指数","930951","2021-06-21","2021-06-18","2016-12-30","","121.93","121.89","","","0","","","","0.0295"
"中证交易所绿色债券指数","930951","2021-06-22","2021-06-21","2016-12-30","","121.94","121.93","","","0","","","","0.0066"
"中证交易所绿色债券指数","930951","2021-06-23","2021-06-22","2016-12-30","","121.98","121.94","","","0","","","","0.0320"
"中证交易所绿色债券指数","930951","2021-06-24","2021-06-23","2016-12-30","","122.02","121.98","","","0","","","","0.0336"
"中证交易所绿色债券指数","930951","2021-06-25","2021-06-24","2016-12-30","","122.07","122.02","","","0","","","","0.0410"
"中证交易所绿色债券指数","930951","2021-06-28","2021-06-25","2016-12-30","","122.14","122.07","","","0","","","","0.0573"
"中证交易所绿色债券指数","930951","2021-06-29","2021-06-28","2016-12-30","","122.16","122.14","","","0","","","","0.0205"
"中证交易所绿色债券指数","930951","2021-06-30","2021-06-29","2016-12-30","","122.20","122.16","","","0","","","","0.0303"
"中证交易所绿色债券指数","930951","2021-07-01","2021-06-30","2016-12-30","","122.24","122.20","","","0","","","","0.0344"
"中证交易所绿色债券指数","930951","2021-07-02","2021-07-01","2016-12-30","","122.29","122.24","","","0","","","","0.0434"
"中证交易所绿色债券指数","930951","2021-07-05","2021-07-02","2016-12-30","","122.37","122.29","","","0","","","","0.0621"
"中证交易所绿色债券指数","930951","2021-07-06","2021-07-05","2016-12-30","","122.40","122.37","","","0","","","","0.0253"
"中证交易所绿色债券指数","930951","2021-07-07","2021-07-06","2016-12-30","","122.45","122.40","","","0","","","","0.0359"
"中证交易所绿色债券指数","930951","2021-07-08","2021-07-07","2016-12-30","","122.60","122.45","","","0","","","","0.1258"
"中证交易所绿色债券指数","930951","2021-07-09","2021-07-08","2016-12-30","","122.64","122.60","","","0","","","","0.0351"
"中证交易所绿色债券指数","930951","2021-07-12","2021-07-09","2016-12-30","","122.75","122.64","","","0","","","","0.0897"
"中证交易所绿色债券指数","930951","2021-07-13","2021-07-12","2016-12-30","","122.80","122.75","","","0","","","","0.0424"
"中证交易所绿色债券指数","930951","2021-07-14","2021-07-13","2016-12-30","","122.89","122.80","","","0","","","","0.0717"
"中证交易所绿色债券指数","930951","2021-07-15","2021-07-14","2016-12-30","","122.93","122.89","","","0","","","","0.0325"
"中证交易所绿色债券指数","930951","2021-07-16","2021-07-15","2016-12-30","","123.00","122.93","","","0","","","","0.0586"
"中证交易所绿色债券指数","930951","2021-07-19","2021-07-16","2016-12-30","","123.05","123.00","","","0","","","","0.0406"
"中证交易所绿色债券指数","930951","2021-07-20","2021-07-19","2016-12-30","","123.10","123.05","","","0","","","","0.0341"
"中证交易所绿色债券指数","930951","2021-07-21","2021-07-20","2016-12-30","","123.16","123.10","","","0","","","","0.0496"
"中证交易所绿色债券指数","930951","2021-07-22","2021-07-21","2016-12-30","","123.21","123.16","","","0","","","","0.0463"
"中证交易所绿色债券指数","930951","2021-07-23","2021-07-22","2016-12-30","","123.27","123.21","","","0","","","","0.0446"
"中证交易所绿色债券指数","930951","2021-07-26","2021-07-23","2016-12-30","","123.36","123.27","","","0","","","","0.0746"
"中证交易所绿色债券指数","930951","2021-07-27","2021-07-26","2016-12-30","","123.37","123.36","","","0","","","","0.0032"
"中证交易所绿色债券指数","930951","2021-07-28","2021-07-27","2016-12-30","","123.39","123.37","","","0","","","","0.0178"
"中证交易所绿色债券指数","930951","2021-07-29","2021-07-28","2016-12-30","","123.41","123.39","","","0","","","","0.0195"
"中证交易所绿色债券指数","930951","2021-07-30","2021-07-29","2016-12-30","","123.46","123.41","","","0","","","","0.0405"
"中证交易所绿色债券指数","930951","2021-08-02","2021-07-30","2016-12-30","","123.55","123.46","","","0","","","","0.0721"
"中证交易所绿色债券指数","930951","2021-08-03","2021-08-02","2016-12-30","","123.55","123.55","","","0","","","","0.0000"
"中证交易所绿色债券指数","930951","2021-08-04","2021-08-03","2016-12-30","","123.61","123.55","","","0","","","","0.0510"
"中证交易所绿色债券指数","930951","2021-08-05","2021-08-04","2016-12-30","","123.65","123.61","","","0","","","","0.0332"
"中证交易所绿色债券指数","930951","2021-08-06","2021-08-05","2016-12-30","","123.67","123.65","","","0","","","","0.0129"
"中证交易所绿色债券指数","930951","2021-08-09","2021-08-06","2016-12-30","","123.69","123.67","","","0","","","","0.0121"
"中证交易所绿色债券指数","930951","2021-08-10","2021-08-09","2016-12-30","","123.69","123.69","","","0","","","","0.0065"
"中证交易所绿色债券指数","930951","2021-08-11","2021-08-10","2016-12-30","","123.68","123.69","","","0","","","","-0.0146"
"中证交易所绿色债券指数","930951","2021-08-12","2021-08-11","2016-12-30","","123.70","123.68","","","0","","","","0.0234"
"中证交易所绿色债券指数","930951","2021-08-13","2021-08-12","2016-12-30","","123.74","123.70","","","0","","","","0.0259"
"中证交易所绿色债券指数","930951","2021-08-16","2021-08-13","2016-12-30","","123.76","123.74","","","0","","","","0.0202"
"中证交易所绿色债券指数","930951","2021-08-17","2021-08-16","2016-12-30","","123.77","123.76","","","0","","","","0.0089"
"中证交易所绿色债券指数","930951","2021-08-18","2021-08-17","2016-12-30","","123.80","123.77","","","0","","","","0.0234"
"中证交易所绿色债券指数","930951","2021-08-19","2021-08-18","2016-12-30","","123.83","123.80","","","0","","","","0.0250"
"中证交易所绿色债券指数","930951","2021-08-20","2021-08-19","2016-12-30","","123.86","123.83","","","0","","","","0.0226"
"中证交易所绿色债券指数","930951","2021-08-23","2021-08-20","2016-12-30","","123.90","123.86","","","0","","","","0.0283"
"中证交易所绿色债券指数","930951","2021-08-24","2021-08-23","2016-12-30","","123.89","123.90","","","0","","","","-0.0008"
"中证交易所绿色债券指数","930951","2021-08-25","2021-08-24","2016-12-30","","123.93","123.89","","","0","","","","0.0274"
"中证交易所绿色债券指数","930951","2021-08-26","2021-08-25","2016-12-30","","123.91","123.93","","","0","","","","-0.0161"
"中证交易所绿色债券指数","930951","2021-08-27","2021-08-26","2016-12-30","","123.90","123.91","","","0","","","","-0.0065"
"中证交易所绿色债券指数","930951","2021-08-30","2021-08-27","2016-12-30","","123.92","123.90","","","0","","","","0.0137"
"中证交易所绿色债券指数","930951","2021-08-31","2021-08-30","2016-12-30","","123.93","123.92","","","0","","","","0.0105"
"中证交易所绿色债券指数","930951","2021-09-01","2021-08-31","2016-12-30","","123.97","123.93","","","0","","","","0.0290"
"中证交易所绿色债券指数","930951","2021-09-02","2021-09-01","2016-12-30","","123.98","123.97","","","0","","","","0.0097"
"中证交易所绿色债券指数","930951","2021-09-03","2021-09-02","2016-12-30","","124.00","123.98","","","0","","","","0.0177"
"中证交易所绿色债券指数","930951","2021-09-06","2021-09-03","2016-12-30","","124.04","124.00","","","0","","","","0.0315"
"中证交易所绿色债券指数","930951","2021-09-07","2021-09-06","2016-12-30","","124.06","124.04","","","0","","","","0.0145"
"中证交易所绿色债券指数","930951","2021-09-08","2021-09-07","2016-12-30","","124.06","124.06","","","0","","","","-0.0016"
"中证交易所绿色债券指数","930951","2021-09-09","2021-09-08","2016-12-30","","124.05","124.06","","","0","","","","-0.0073"
"中证交易所绿色债券指数","930951","2021-09-10","2021-09-09","2016-12-30","","124.03","124.05","","","0","","","","-0.0129"
"中证交易所绿色债券指数","930951","2021-09-13","2021-09-10","2016-12-30","","124.04","124.03","","","0","","","","0.0065"
"中证交易所绿色债券指数","930951","2021-09-14","2021-09-13","2016-12-30","","124.01","124.04","","","0","","","","-0.0218"
"中证交易所绿色债券指数","930951","2021-09-15","2021-09-14","2016-12-30","","124.02","124.01","","","0","","","","0.0056"
"中证交易所绿色债券指数","930951","2021-09-16","2021-09-15","2016-12-30","","124.00","124.02","","","0","","","","-0.0161"
"中证交易所绿色债券指数","930951","2021-09-17","2021-09-16","2016-12-30","","124.01","124.00","","","0","","","","0.0089"
"中证交易所绿色债券指数","930951","2021-09-22","2021-09-17","2016-12-30","","124.08","124.01","","","0","","","","0.0573"
"中证交易所绿色债券指数","930951","2021-09-23","2021-09-22","2016-12-30","","124.06","124.08","","","0","","","","-0.0177"
"中证交易所绿色债券指数","930951","2021-09-24","2021-09-23","2016-12-30","","124.06","124.06","","","0","","","","-0.0008"
"中证交易所绿色债券指数","930951","2021-09-27","2021-09-24","2016-12-30","","124.05","124.06","","","0","","","","-0.0024"
"中证交易所绿色债券指数","930951","2021-09-28","2021-09-27","2016-12-30","","124.03","124.05","","","0","","","","-0.0218"
"中证交易所绿色债券指数","930951","2021-09-29","2021-09-28","2016-12-30","","124.02","124.03","","","0","","","","-0.0032"
"中证交易所绿色债券指数","930951","2021-09-30","2021-09-29","2016-12-30","","124.03","124.02","","","0","","","","0.0016"
"中证交易所绿色债券指数","930951","2021-10-08","2021-09-30","2016-12-30","","124.12","124.03","","","0","","","","0.0734"
"中证交易所绿色债券指数","930951","2021-10-11","2021-10-08","2016-12-30","","124.15","124.12","","","0","","","","0.0266"
"中证交易所绿色债券指数","930951","2021-10-12","2021-10-11","2016-12-30","","124.13","124.15","","","0","","","","-0.0193"
"中证交易所绿色债券指数","930951","2021-10-13","2021-10-12","2016-12-30","","124.08","124.13","","","0","","","","-0.0354"
"中证交易所绿色债券指数","930951","2021-10-14","2021-10-13","2016-12-30","","124.08","124.08","","","0","","","","-0.0032"
"中证交易所绿色债券指数","930951","2021-10-15","2021-10-14","2016-12-30","","124.06","124.08","","","0","","","","-0.0153"
"中证交易所绿色债券指数","930951","2021-10-18","2021-10-15","2016-12-30","","124.06","124.06","","","0","","","","0.0048"
"中证交易所绿色债券指数","930951","2021-10-19","2021-10-18","2016-12-30","","124.07","124.06","","","0","","","","0.0064"
"中证交易所绿色债券指数","930951","2021-10-20","2021-10-19","2016-12-30","","124.07","124.07","","","0","","","","0.0008"
"中证交易所绿色债券指数","930951","2021-10-21","2021-10-20","2016-12-30","","124.12","124.07","","","0","","","","0.0355"
"中证交易所绿色债券指数","930951","2021-10-22","2021-10-21","2016-12-30","","124.16","124.12","","","0","","","","0.0322"
"中证交易所绿色债券指数","930951","2021-10-25","2021-10-22","2016-12-30","","124.23","124.16","","","0","","","","0.0556"
"中证交易所绿色债券指数","930951","2021-10-26","2021-10-25","2016-12-30","","124.25","124.23","","","0","","","","0.0209"
"中证交易所绿色债券指数","930951","2021-10-27","2021-10-26","2016-12-30","","124.31","124.25","","","0","","","","0.0475"
"中证交易所绿色债券指数","930951","2021-10-28","2021-10-27","2016-12-30","","124.36","124.31","","","0","","","","0.0410"
"中证交易所绿色债券指数","930951","2021-10-29","2021-10-28","2016-12-30","","124.42","124.36","","","0","","","","0.0434"
"中证交易所绿色债券指数","930951","2021-11-01","2021-10-29","2016-12-30","","124.50","124.42","","","0","","","","0.0707"
"中证交易所绿色债券指数","930951","2021-11-02","2021-11-01","2016-12-30","","124.55","124.50","","","0","","","","0.0369"
"中证交易所绿色债券指数","930951","2021-11-03","2021-11-02","2016-12-30","","124.61","124.55","","","0","","","","0.0450"
"中证交易所绿色债券指数","930951","2021-11-04","2021-11-03","2016-12-30","","124.66","124.61","","","0","","","","0.0441"
"中证交易所绿色债券指数","930951","2021-11-05","2021-11-04","2016-12-30","","124.74","124.66","","","0","","","","0.0650"
"中证交易所绿色债券指数","930951","2021-11-08","2021-11-05","2016-12-30","","124.82","124.74","","","0","","","","0.0633"
"中证交易所绿色债券指数","930951","2021-11-09","2021-11-08","2016-12-30","","124.84","124.82","","","0","","","","0.0136"
"中证交易所绿色债券指数","930951","2021-11-10","2021-11-09","2016-12-30","","124.85","124.84","","","0","","","","0.0080"
"中证交易所绿色债券指数","930951","2021-11-11","2021-11-10","2016-12-30","","124.84","124.85","","","0","","","","-0.0064"
"中证交易所绿色债券指数","930951","2021-11-12","2021-11-11","2016-12-30","","124.85","124.84","","","0","","","","0.0056"
"中证交易所绿色债券指数","930951","2021-11-15","2021-11-12","2016-12-30","","124.89","124.85","","","0","","","","0.0376"
"中证交易所绿色债券指数","930951","2021-11-16","2021-11-15","2016-12-30","","124.92","124.89","","","0","","","","0.0168"
"中证交易所绿色债券指数","930951","2021-11-17","2021-11-16","2016-12-30","","124.93","124.92","","","0","","","","0.0096"
"中证交易所绿色债券指数","930951","2021-11-18","2021-11-17","2016-12-30","","124.97","124.93","","","0","","","","0.0360"
"中证交易所绿色债券指数","930951","2021-11-19","2021-11-18","2016-12-30","","125.00","124.97","","","0","","","","0.0192"
"中证交易所绿色债券指数","930951","2021-11-22","2021-11-19","2016-12-30","","125.06","125.00","","","0","","","","0.0536"
"中证交易所绿色债券指数","930951","2021-11-23","2021-11-22","2016-12-30","","125.09","125.06","","","0","","","","0.0176"
"中证交易所绿色债券指数","930951","2021-11-24","2021-11-23","2016-12-30","","125.13","125.09","","","0","","","","0.0336"
"中证交易所绿色债券指数","930951","2021-11-25","2021-11-24","2016-12-30","","125.14","125.13","","","0","","","","0.0104"
"中证交易所绿色债券指数","930951","2021-11-26","2021-11-25","2016-12-30","","125.19","125.14","","","0","","","","0.0432"
"中证交易所绿色债券指数","930951","2021-11-29","2021-11-26","2016-12-30","","125.23","125.19","","","0","","","","0.0272"
"中证交易所绿色债券指数","930951","2021-11-30","2021-11-29","2016-12-30","","125.25","125.23","","","0","","","","0.0144"
"中证交易所绿色债券指数","930951","2021-12-01","2021-11-30","2016-12-30","","125.26","125.25","","","0","","","","0.0104"
"中证交易所绿色债券指数","930951","2021-12-02","2021-12-01","2016-12-30","","125.27","125.26","","","0","","","","0.0088"
"中证交易所绿色债券指数","930951","2021-12-03","2021-12-02","2016-12-30","","125.29","125.27","","","0","","","","0.0168"
"中证交易所绿色债券指数","930951","2021-12-06","2021-12-03","2016-12-30","","125.39","125.29","","","0","","","","0.0782"
"中证交易所绿色债券指数","930951","2021-12-07","2021-12-06","2016-12-30","","125.42","125.39","","","0","","","","0.0263"
"中证交易所绿色债券指数","930951","2021-12-08","2021-12-07","2016-12-30","","125.45","125.42","","","0","","","","0.0231"
"中证交易所绿色债券指数","930951","2021-12-09","2021-12-08","2016-12-30","","125.47","125.45","","","0","","","","0.0136"
"中证交易所绿色债券指数","930951","2021-12-10","2021-12-09","2016-12-30","","125.47","125.47","","","0","","","","0.0048"
"中证交易所绿色债券指数","930951","2021-12-13","2021-12-10","2016-12-30","","125.52","125.47","","","0","","","","0.0343"
"中证交易所绿色债券指数","930951","2021-12-14","2021-12-13","2016-12-30","","125.54","125.52","","","0","","","","0.0199"
"中证交易所绿色债券指数","930951","2021-12-15","2021-12-14","2016-12-30","","125.56","125.54","","","0","","","","0.0119"
"中证交易所绿色债券指数","930951","2021-12-16","2021-12-15","2016-12-30","","125.57","125.56","","","0","","","","0.0088"
"中证交易所绿色债券指数","930951","2021-12-17","2021-12-16","2016-12-30","","125.59","125.57","","","0","","","","0.0199"
"中证交易所绿色债券指数","930951","2021-12-20","2021-12-17","2016-12-30","","125.64","125.59","","","0","","","","0.0342"
"中证交易所绿色债券指数","930951","2021-12-21","2021-12-20","2016-12-30","","125.61","125.64","","","0","","","","-0.0223"
"中证交易所绿色债券指数","930951","2021-12-22","2021-12-21","2016-12-30","","125.61","125.61","","","0","","","","0.0024"
"中证交易所绿色债券指数","930951","2021-12-23","2021-12-22","2016-12-30","","125.61","125.61","","","0","","","","-0.0016"
"中证交易所绿色债券指数","930951","2021-12-24","2021-12-23","2016-12-30","","125.64","125.61","","","0","","","","0.0215"
"中证交易所绿色债券指数","930951","2021-12-27","2021-12-24","2016-12-30","","125.70","125.64","","","0","","","","0.0541"
"中证交易所绿色债券指数","930951","2021-12-28","2021-12-27","2016-12-30","","125.73","125.70","","","0","","","","0.0215"
"中证交易所绿色债券指数","930951","2021-12-29","2021-12-28","2016-12-30","","125.75","125.73","","","0","","","","0.0159"
"中证交易所绿色债券指数","930951","2021-12-30","2021-12-29","2016-12-30","","125.82","125.75","","","0","","","","0.0533"
"中证交易所绿色债券指数","930951","2021-12-31","2021-12-30","2016-12-30","","125.87","125.82","","","0","","","","0.0429"
"中证交易所绿色债券指数","930951","2022-01-04","2021-12-31","2016-12-30","","125.96","125.87","","","0","","","","0.0659"
"中证交易所绿色债券指数","930951","2022-01-05","2022-01-04","2016-12-30","","126.00","125.96","","","0","","","","0.0326"
"中证交易所绿色债券指数","930951","2022-01-06","2022-01-05","2016-12-30","","126.00","126.00","","","0","","","","-0.0008"
"中证交易所绿色债券指数","930951","2022-01-07","2022-01-06","2016-12-30","","126.03","126.00","","","0","","","","0.0270"
"中证交易所绿色债券指数","930951","2022-01-10","2022-01-07","2016-12-30","","126.09","126.03","","","0","","","","0.0484"
"中证交易所绿色债券指数","930951","2022-01-11","2022-01-10","2016-12-30","","126.10","126.09","","","0","","","","0.0111"
"中证交易所绿色债券指数","930951","2022-01-12","2022-01-11","2016-12-30","","126.16","126.10","","","0","","","","0.0444"
"中证交易所绿色债券指数","930951","2022-01-13","2022-01-12","2016-12-30","","126.18","126.16","","","0","","","","0.0159"
"中证交易所绿色债券指数","930951","2022-01-14","2022-01-13","2016-12-30","","126.20","126.18","","","0","","","","0.0190"
"中证交易所绿色债券指数","930951","2022-01-17","2022-01-14","2016-12-30","","126.28","126.20","","","0","","","","0.0618"
"中证交易所绿色债券指数","930951","2022-01-18","2022-01-17","2016-12-30","","126.34","126.28","","","0","","","","0.0459"
"中证交易所绿色债券指数","930951","2022-01-19","2022-01-18","2016-12-30","","126.42","126.34","","","0","","","","0.0633"
"中证交易所绿色债券指数","930951","2022-01-20","2022-01-19","2016-12-30","","126.51","126.42","","","0","","","","0.0712"
"中证交易所绿色债券指数","930951","2022-01-21","2022-01-20","2016-12-30","","126.56","126.51","","","0","","","","0.0364"
"中证交易所绿色债券指数","930951","2022-01-24","2022-01-21","2016-12-30","","126.63","126.56","","","0","","","","0.0601"
"中证交易所绿色债券指数","930951","2022-01-25","2022-01-24","2016-12-30","","126.66","126.63","","","0","","","","0.0213"
"中证交易所绿色债券指数","930951","2022-01-26","2022-01-25","2016-12-30","","126.68","126.66","","","0","","","","0.0182"
"中证交易所绿色债券指数","930951","2022-01-27","2022-01-26","2016-12-30","","126.70","126.68","","","0","","","","0.0150"
"中证交易所绿色债券指数","930951","2022-01-28","2022-01-27","2016-12-30","","126.71","126.70","","","0","","","","0.0095"
"中证交易所绿色债券指数","930951","2022-02-07","2022-01-28","2016-12-30","","126.83","126.71","","","0","","","","0.0947"
"中证交易所绿色债券指数","930951","2022-02-08","2022-02-07","2016-12-30","","126.85","126.83","","","0","","","","0.0142"
"中证交易所绿色债券指数","930951","2022-02-09","2022-02-08","2016-12-30","","126.87","126.85","","","0","","","","0.0173"
"中证交易所绿色债券指数","930951","2022-02-10","2022-02-09","2016-12-30","","126.90","126.87","","","0","","","","0.0229"
"中证交易所绿色债券指数","930951","2022-02-11","2022-02-10","2016-12-30","","126.82","126.90","","","0","","","","-0.0623"
"中证交易所绿色债券指数","930951","2022-02-14","2022-02-11","2016-12-30","","126.84","126.82","","","0","","","","0.0158"
"中证交易所绿色债券指数","930951","2022-02-15","2022-02-14","2016-12-30","","126.79","126.84","","","0","","","","-0.0410"
"中证交易所绿色债券指数","930951","2022-02-16","2022-02-15","2016-12-30","","126.77","126.79","","","0","","","","-0.0134"
"中证交易所绿色债券指数","930951","2022-02-17","2022-02-16","2016-12-30","","126.77","126.77","","","0","","","","-0.0032"
"中证交易所绿色债券指数","930951","2022-02-18","2022-02-17","2016-12-30","","126.79","126.77","","","0","","","","0.0126"
"中证交易所绿色债券指数","930951","2022-02-21","2022-02-18","2016-12-30","","126.81","126.79","","","0","","","","0.0189"
"中证交易所绿色债券指数","930951","2022-02-22","2022-02-21","2016-12-30","","126.76","126.81","","","0","","","","-0.0371"
"中证交易所绿色债券指数","930951","2022-02-23","2022-02-22","2016-12-30","","126.72","126.76","","","0","","","","-0.0379"
"中证交易所绿色债券指数","930951","2022-02-24","2022-02-23","2016-12-30","","126.72","126.72","","","0","","","","0.0000"
"中证交易所绿色债券指数","930951","2022-02-25","2022-02-24","2016-12-30","","126.71","126.72","","","0","","","","-0.0016"
"中证交易所绿色债券指数","930951","2022-02-28","2022-02-25","2016-12-30","","126.75","126.71","","","0","","","","0.0260"
"中证交易所绿色债券指数","930951","2022-03-01","2022-02-28","2016-12-30","","126.77","126.75","","","0","","","","0.0166"
"中证交易所绿色债券指数","930951","2022-03-02","2022-03-01","2016-12-30","","126.74","126.77","","","0","","","","-0.0205"
"中证交易所绿色债券指数","930951","2022-03-03","2022-03-02","2016-12-30","","126.72","126.74","","","0","","","","-0.0197"
"中证交易所绿色债券指数","930951","2022-03-04","2022-03-03","2016-12-30","","126.65","126.72","","","0","","","","-0.0497"
"中证交易所绿色债券指数","930951","2022-03-07","2022-03-04","2016-12-30","","126.65","126.65","","","0","","","","-0.0024"
"中证交易所绿色债券指数","930951","2022-03-08","2022-03-07","2016-12-30","","126.61","126.65","","","0","","","","-0.0332"
"中证交易所绿色债券指数","930951","2022-03-09","2022-03-08","2016-12-30","","126.56","126.61","","","0","","","","-0.0387"
"中证交易所绿色债券指数","930951","2022-03-10","2022-03-09","2016-12-30","","126.50","126.56","","","0","","","","-0.0482"
"中证交易所绿色债券指数","930951","2022-03-11","2022-03-10","2016-12-30","","126.45","126.50","","","0","","","","-0.0364"
"中证交易所绿色债券指数","930951","2022-03-14","2022-03-11","2016-12-30","","126.56","126.45","","","0","","","","0.0822"
"中证交易所绿色债券指数","930951","2022-03-15","2022-03-14","2016-12-30","","126.53","126.56","","","0","","","","-0.0213"
"中证交易所绿色债券指数","930951","2022-03-16","2022-03-15","2016-12-30","","126.52","126.53","","","0","","","","-0.0047"
"中证交易所绿色债券指数","930951","2022-03-17","2022-03-16","2016-12-30","","126.51","126.52","","","0","","","","-0.0142"
"中证交易所绿色债券指数","930951","2022-03-18","2022-03-17","2016-12-30","","126.51","126.51","","","0","","","","0.0047"
"中证交易所绿色债券指数","930951","2022-03-21","2022-03-18","2016-12-30","","126.57","126.51","","","0","","","","0.0443"
"中证交易所绿色债券指数","930951","2022-03-22","2022-03-21","2016-12-30","","126.57","126.57","","","0","","","","-0.0016"
"中证交易所绿色债券指数","930951","2022-03-23","2022-03-22","2016-12-30","","126.56","126.57","","","0","","","","-0.0055"
"中证交易所绿色债券指数","930951","2022-03-24","2022-03-23","2016-12-30","","126.57","126.56","","","0","","","","0.0071"
"中证交易所绿色债券指数","930951","2022-03-25","2022-03-24","2016-12-30","","126.61","126.57","","","0","","","","0.0316"
"中证交易所绿色债券指数","930951","2022-03-28","2022-03-25","2016-12-30","","126.66","126.61","","","0","","","","0.0442"
"中证交易所绿色债券指数","930951","2022-03-29","2022-03-28","2016-12-30","","126.68","126.66","","","0","","","","0.0134"
"中证交易所绿色债券指数","930951","2022-03-30","2022-03-29","2016-12-30","","126.72","126.68","","","0","","","","0.0292"
"中证交易所绿色债券指数","930951","2022-03-31","2022-03-30","2016-12-30","","126.75","126.72","","","0","","","","0.0292"
"中证交易所绿色债券指数","930951","2022-04-01","2022-03-31","2016-12-30","","126.86","126.75","","","0","","","","0.0820"
"中证交易所绿色债券指数","930951","2022-04-06","2022-04-01","2016-12-30","","126.96","126.86","","","0","","","","0.0836"
"中证交易所绿色债券指数","930951","2022-04-07","2022-04-06","2016-12-30","","127.06","126.96","","","0","","","","0.0717"
"中证交易所绿色债券指数","930951","2022-04-08","2022-04-07","2016-12-30","","127.11","127.06","","","0","","","","0.0456"
"中证交易所绿色债券指数","930951","2022-04-11","2022-04-08","2016-12-30","","127.20","127.11","","","0","","","","0.0700"
"中证交易所绿色债券指数","930951","2022-04-12","2022-04-11","2016-12-30","","127.23","127.20","","","0","","","","0.0212"
"中证交易所绿色债券指数","930951","2022-04-13","2022-04-12","2016-12-30","","127.24","127.23","","","0","","","","0.0047"
"中证交易所绿色债券指数","930951","2022-04-14","2022-04-13","2016-12-30","","127.31","127.24","","","0","","","","0.0574"
"中证交易所绿色债券指数","930951","2022-04-15","2022-04-14","2016-12-30","","127.35","127.31","","","0","","","","0.0361"
"中证交易所绿色债券指数","930951","2022-04-18","2022-04-15","2016-12-30","","127.39","127.35","","","0","","","","0.0243"
"中证交易所绿色债券指数","930951","2022-04-19","2022-04-18","2016-12-30","","127.37","127.39","","","0","","","","-0.0141"
"中证交易所绿色债券指数","930951","2022-04-20","2022-04-19","2016-12-30","","127.37","127.37","","","0","","","","0.0039"
"中证交易所绿色债券指数","930951","2022-04-21","2022-04-20","2016-12-30","","127.38","127.37","","","0","","","","0.0031"
"中证交易所绿色债券指数","930951","2022-04-22","2022-04-21","2016-12-30","","127.40","127.38","","","0","","","","0.0165"
"中证交易所绿色债券指数","930951","2022-04-25","2022-04-22","2016-12-30","","127.45","127.40","","","0","","","","0.0424"
"中证交易所绿色债券指数","930951","2022-04-26","2022-04-25","2016-12-30","","127.49","127.45","","","0","","","","0.0275"
"中证交易所绿色债券指数","930951","2022-04-27","2022-04-26","2016-12-30","","127.50","127.49","","","0","","","","0.0118"
"中证交易所绿色债券指数","930951","2022-04-28","2022-04-27","2016-12-30","","127.52","127.50","","","0","","","","0.0125"
"中证交易所绿色债券指数","930951","2022-04-29","2022-04-28","2016-12-30","","127.54","127.52","","","0","","","","0.0149"
"中证交易所绿色债券指数","930951","2022-05-05","2022-04-29","2016-12-30","","127.62","127.54","","","0","","","","0.0682"
"中证交易所绿色债券指数","930951","2022-05-06","2022-05-05","2016-12-30","","127.63","127.62","","","0","","","","0.0055"
"中证交易所绿色债券指数","930951","2022-05-09","2022-05-06","2016-12-30","","127.69","127.63","","","0","","","","0.0470"
"中证交易所绿色债券指数","930951","2022-05-10","2022-05-09","2016-12-30","","127.75","127.69","","","0","","","","0.0486"
"中证交易所绿色债券指数","930951","2022-05-11","2022-05-10","2016-12-30","","127.78","127.75","","","0","","","","0.0250"
"中证交易所绿色债券指数","930951","2022-05-12","2022-05-11","2016-12-30","","127.85","127.78","","","0","","","","0.0493"
"中证交易所绿色债券指数","930951","2022-05-13","2022-05-12","2016-12-30","","127.92","127.85","","","0","","","","0.0548"
"中证交易所绿色债券指数","930951","2022-05-16","2022-05-13","2016-12-30","","127.99","127.92","","","0","","","","0.0571"
"中证交易所绿色债券指数","930951","2022-05-17","2022-05-16","2016-12-30","","128.04","127.99","","","0","","","","0.0375"
"中证交易所绿色债券指数","930951","2022-05-18","2022-05-17","2016-12-30","","128.12","128.04","","","0","","","","0.0617"
"中证交易所绿色债券指数","930951","2022-05-19","2022-05-18","2016-12-30","","128.18","128.12","","","0","","","","0.0468"
"中证交易所绿色债券指数","930951","2022-05-20","2022-05-19","2016-12-30","","128.21","128.18","","","0","","","","0.0289"
"中证交易所绿色债券指数","930951","2022-05-23","2022-05-20","2016-12-30","","128.28","128.21","","","0","","","","0.0515"
"中证交易所绿色债券指数","930951","2022-05-24","2022-05-23","2016-12-30","","128.31","128.28","","","0","","","","0.0257"
"中证交易所绿色债券指数","930951","2022-05-25","2022-05-24","2016-12-30","","128.32","128.31","","","0","","","","0.0078"
"中证交易所绿色债券指数","930951","2022-05-26","2022-05-25","2016-12-30","","128.39","128.32","","","0","","","","0.0522"
"中证交易所绿色债券指数","930951","2022-05-27","2022-05-26","2016-12-30","","128.40","128.39","","","0","","","","0.0062"
"中证交易所绿色债券指数","930951","2022-05-30","2022-05-27","2016-12-30","","128.44","128.40","","","0","","","","0.0335"
"中证交易所绿色债券指数","930951","2022-05-31","2022-05-30","2016-12-30","","128.39","128.44","","","0","","","","-0.0381"
"中证交易所绿色债券指数","930951","2022-06-01","2022-05-31","2016-12-30","","128.32","128.39","","","0","","","","-0.0600"
"中证交易所绿色债券指数","930951","2022-06-02","2022-06-01","2016-12-30","","128.26","128.32","","","0","","","","-0.0405"
"中证交易所绿色债券指数","930951","2022-06-06","2022-06-02","2016-12-30","","128.23","128.26","","","0","","","","-0.0273"
"中证交易所绿色债券指数","930951","2022-06-07","2022-06-06","2016-12-30","","128.16","128.23","","","0","","","","-0.0554"
"中证交易所绿色债券指数","930951","2022-06-08","2022-06-07","2016-12-30","","128.15","128.16","","","0","","","","-0.0031"
"中证交易所绿色债券指数","930951","2022-06-09","2022-06-08","2016-12-30","","128.18","128.15","","","0","","","","0.0179"
"中证交易所绿色债券指数","930951","2022-06-10","2022-06-09","2016-12-30","","128.23","128.18","","","0","","","","0.0429"
"中证交易所绿色债券指数","930951","2022-06-13","2022-06-10","2016-12-30","","128.27","128.23","","","0","","","","0.0281"
"中证交易所绿色债券指数","930951","2022-06-14","2022-06-13","2016-12-30","","128.29","128.27","","","0","","","","0.0179"
"中证交易所绿色债券指数","930951","2022-06-15","2022-06-14","2016-12-30","","128.30","128.29","","","0","","","","0.0109"
"中证交易所绿色债券指数","930951","2022-06-16","2022-06-15","2016-12-30","","128.32","128.30","","","0","","","","0.0086"
"中证交易所绿色债券指数","930951","2022-06-17","2022-06-16","2016-12-30","","128.38","128.32","","","0","","","","0.0507"
"中证交易所绿色债券指数","930951","2022-06-20","2022-06-17","2016-12-30","","128.44","128.38","","","0","","","","0.0428"
"中证交易所绿色债券指数","930951","2022-06-21","2022-06-20","2016-12-30","","128.43","128.44","","","0","","","","-0.0078"
"中证交易所绿色债券指数","930951","2022-06-22","2022-06-21","2016-12-30","","128.44","128.43","","","0","","","","0.0109"
"中证交易所绿色债券指数","930951","2022-06-23","2022-06-22","2016-12-30","","128.47","128.44","","","0","","","","0.0249"
"中证交易所绿色债券指数","930951","2022-06-24","2022-06-23","2016-12-30","","128.49","128.47","","","0","","","","0.0148"
"中证交易所绿色债券指数","930951","2022-06-27","2022-06-24","2016-12-30","","128.48","128.49","","","0","","","","-0.0062"
"中证交易所绿色债券指数","930951","2022-06-28","2022-06-27","2016-12-30","","128.47","128.48","","","0","","","","-0.0117"
"中证交易所绿色债券指数","930951","2022-06-29","2022-06-28","2016-12-30","","128.48","128.47","","","0","","","","0.0062"
"中证交易所绿色债券指数","930951","2022-06-30","2022-06-29","2016-12-30","","128.49","128.48","","","0","","","","0.0148"
"中证交易所绿色债券指数","930951","2022-07-01","2022-06-30","2016-12-30","","128.52","128.49","","","0","","","","0.0163"
"中证交易所绿色债券指数","930951","2022-07-04","2022-07-01","2016-12-30","","128.51","128.52","","","0","","","","-0.0016"
"中证交易所绿色债券指数","930951","2022-07-05","2022-07-04","2016-12-30","","128.51","128.51","","","0","","","","-0.0031"
"中证交易所绿色债券指数","930951","2022-07-06","2022-07-05","2016-12-30","","128.53","128.51","","","0","","","","0.0125"
"中证交易所绿色债券指数","930951","2022-07-07","2022-07-06","2016-12-30","","128.55","128.53","","","0","","","","0.0210"
"中证交易所绿色债券指数","930951","2022-07-08","2022-07-07","2016-12-30","","128.58","128.55","","","0","","","","0.0249"
"中证交易所绿色债券指数","930951","2022-07-11","2022-07-08","2016-12-30","","128.66","128.58","","","0","","","","0.0583"
"中证交易所绿色债券指数","930951","2022-07-12","2022-07-11","2016-12-30","","128.72","128.66","","","0","","","","0.0443"
"中证交易所绿色债券指数","930951","2022-07-13","2022-07-12","2016-12-30","","128.78","128.72","","","0","","","","0.0513"
"中证交易所绿色债券指数","930951","2022-07-14","2022-07-13","2016-12-30","","128.84","128.78","","","0","","","","0.0443"
"中证交易所绿色债券指数","930951","2022-07-15","2022-07-14","2016-12-30","","128.89","128.84","","","0","","","","0.0404"
"中证交易所绿色债券指数","930951","2022-07-18","2022-07-15","2016-12-30","","128.97","128.89","","","0","","","","0.0644"
"中证交易所绿色债券指数","930951","2022-07-19","2022-07-18","2016-12-30","","129.02","128.97","","","0","","","","0.0380"
"中证交易所绿色债券指数","930951","2022-07-20","2022-07-19","2016-12-30","","129.06","129.02","","","0","","","","0.0295"
"中证交易所绿色债券指数","930951","2022-07-21","2022-07-20","2016-12-30","","129.12","129.06","","","0","","","","0.0449"
"中证交易所绿色债券指数","930951","2022-07-22","2022-07-21","2016-12-30","","129.16","129.12","","","0","","","","0.0325"
"中证交易所绿色债券指数","930951","2022-07-25","2022-07-22","2016-12-30","","129.22","129.16","","","0","","","","0.0441"
"中证交易所绿色债券指数","930951","2022-07-26","2022-07-25","2016-12-30","","129.29","129.22","","","0","","","","0.0534"
"中证交易所绿色债券指数","930951","2022-07-27","2022-07-26","2016-12-30","","129.34","129.29","","","0","","","","0.0387"
"中证交易所绿色债券指数","930951","2022-07-28","2022-07-27","2016-12-30","","129.35","129.34","","","0","","","","0.0070"
"中证交易所绿色债券指数","930951","2022-07-29","2022-07-28","2016-12-30","","129.42","129.35","","","0","","","","0.0533"
"中证交易所绿色债券指数","930951","2022-08-01","2022-07-29","2016-12-30","","129.51","129.42","","","0","","","","0.0726"
"中证交易所绿色债券指数","930951","2022-08-02","2022-08-01","2016-12-30","","129.61","129.51","","","0","","","","0.0772"
"中证交易所绿色债券指数","930951","2022-08-03","2022-08-02","2016-12-30","","129.66","129.61","","","0","","","","0.0378"
"中证交易所绿色债券指数","930951","2022-08-04","2022-08-03","2016-12-30","","129.72","129.66","","","0","","","","0.0478"
"中证交易所绿色债券指数","930951","2022-08-05","2022-08-04","2016-12-30","","129.75","129.72","","","0","","","","0.0262"
"中证交易所绿色债券指数","930951","2022-08-08","2022-08-05","2016-12-30","","129.78","129.75","","","0","","","","0.0193"
"中证交易所绿色债券指数","930951","2022-08-09","2022-08-08","2016-12-30","","129.78","129.78","","","0","","","","0.0031"
"中证交易所绿色债券指数","930951","2022-08-10","2022-08-09","2016-12-30","","129.76","129.78","","","0","","","","-0.0216"
"中证交易所绿色债券指数","930951","2022-08-11","2022-08-10","2016-12-30","","129.74","129.76","","","0","","","","-0.0139"
"中证交易所绿色债券指数","930951","2022-08-12","2022-08-11","2016-12-30","","129.71","129.74","","","0","","","","-0.0239"
"中证交易所绿色债券指数","930951","2022-08-15","2022-08-12","2016-12-30","","129.80","129.71","","","0","","","","0.0702"
"中证交易所绿色债券指数","930951","2022-08-16","2022-08-15","2016-12-30","","129.90","129.80","","","0","","","","0.0817"
"中证交易所绿色债券指数","930951","2022-08-17","2022-08-16","2016-12-30","","129.95","129.90","","","0","","","","0.0370"
"中证交易所绿色债券指数","930951","2022-08-18","2022-08-17","2016-12-30","","129.98","129.95","","","0","","","","0.0215"
"中证交易所绿色债券指数","930951","2022-08-19","2022-08-18","2016-12-30","","130.01","129.98","","","0","","","","0.0223"
"中证交易所绿色债券指数","930951","2022-08-22","2022-08-19","2016-12-30","","130.05","130.01","","","0","","","","0.0292"
"中证交易所绿色债券指数","930951","2022-08-23","2022-08-22","2016-12-30","","130.04","130.05","","","0","","","","-0.0085"
"中证交易所绿色债券指数","930951","2022-08-24","2022-08-23","2016-12-30","","130.04","130.04","","","0","","","","0.0000"
"中证交易所绿色债券指数","930951","2022-08-25","2022-08-24","2016-12-30","","130.01","130.04","","","0","","","","-0.0200"
"中证交易所绿色债券指数","930951","2022-08-26","2022-08-25","2016-12-30","","129.96","130.01","","","0","","","","-0.0369"
"中证交易所绿色债券指数","930951","2022-08-29","2022-08-26","2016-12-30","","129.95","129.96","","","0","","","","-0.0108"
"中证交易所绿色债券指数","930951","2022-08-30","2022-08-29","2016-12-30","","129.96","129.95","","","0","","","","0.0100"
"中证交易所绿色债券指数","930951","2022-08-31","2022-08-30","2016-12-30","","129.98","129.96","","","0","","","","0.0185"
"中证交易所绿色债券指数","930951","2022-09-01","2022-08-31","2016-12-30","","130.01","129.98","","","0","","","","0.0231"
"中证交易所绿色债券指数","930951","2022-09-02","2022-09-01","2016-12-30","","130.06","130.01","","","0","","","","0.0377"
"中证交易所绿色债券指数","930951","2022-09-05","2022-09-02","2016-12-30","","130.12","130.06","","","0","","","","0.0407"
"中证交易所绿色债券指数","930951","2022-09-06","2022-09-05","2016-12-30","","130.15","130.12","","","0","","","","0.0254"
"中证交易所绿色债券指数","930951","2022-09-07","2022-09-06","2016-12-30","","130.18","130.15","","","0","","","","0.0261"
"中证交易所绿色债券指数","930951","2022-09-08","2022-09-07","2016-12-30","","130.20","130.18","","","0","","","","0.0161"
"中证交易所绿色债券指数","930951","2022-09-09","2022-09-08","2016-12-30","","130.22","130.20","","","0","","","","0.0146"
"中证交易所绿色债券指数","930951","2022-09-13","2022-09-09","2016-12-30","","130.27","130.22","","","0","","","","0.0392"
"中证交易所绿色债券指数","930951","2022-09-14","2022-09-13","2016-12-30","","130.29","130.27","","","0","","","","0.0092"
"中证交易所绿色债券指数","930951","2022-09-15","2022-09-14","2016-12-30","","130.30","130.29","","","0","","","","0.0100"
"中证交易所绿色债券指数","930951","2022-09-16","2022-09-15","2016-12-30","","130.31","130.30","","","0","","","","0.0069"
"中证交易所绿色债券指数","930951","2022-09-19","2022-09-16","2016-12-30","","130.34","130.31","","","0","","","","0.0223"
"中证交易所绿色债券指数","930951","2022-09-20","2022-09-19","2016-12-30","","130.34","130.34","","","0","","","","0.0031"
"中证交易所绿色债券指数","930951","2022-09-21","2022-09-20","2016-12-30","","130.36","130.34","","","0","","","","0.0107"
"中证交易所绿色债券指数","930951","2022-09-22","2022-09-21","2016-12-30","","130.38","130.36","","","0","","","","0.0222"
"中证交易所绿色债券指数","930951","2022-09-23","2022-09-22","2016-12-30","","130.40","130.38","","","0","","","","0.0107"
"中证交易所绿色债券指数","930951","2022-09-26","2022-09-23","2016-12-30","","130.42","130.40","","","0","","","","0.0169"
"中证交易所绿色债券指数","930951","2022-09-27","2022-09-26","2016-12-30","","130.38","130.42","","","0","","","","-0.0314"
"中证交易所绿色债券指数","930951","2022-09-28","2022-09-27","2016-12-30","","130.36","130.38","","","0","","","","-0.0130"
"中证交易所绿色债券指数","930951","2022-09-29","2022-09-28","2016-12-30","","130.35","130.36","","","0","","","","-0.0084"
"中证交易所绿色债券指数","930951","2022-09-30","2022-09-29","2016-12-30","","130.32","130.35","","","0","","","","-0.0276"
"中证交易所绿色债券指数","930951","2022-10-10","2022-09-30","2016-12-30","","130.48","130.32","","","0","","","","0.1266"
"中证交易所绿色债券指数","930951","2022-10-11","2022-10-10","2016-12-30","","130.51","130.48","","","0","","","","0.0245"
"中证交易所绿色债券指数","930951","2022-10-12","2022-10-11","2016-12-30","","130.53","130.51","","","0","","","","0.0115"
"中证交易所绿色债券指数","930951","2022-10-13","2022-10-12","2016-12-30","","130.55","130.53","","","0","","","","0.0184"
"中证交易所绿色债券指数","930951","2022-10-14","2022-10-13","2016-12-30","","130.58","130.55","","","0","","","","0.0199"
"中证交易所绿色债券指数","930951","2022-10-17","2022-10-14","2016-12-30","","130.66","130.58","","","0","","","","0.0605"
"中证交易所绿色债券指数","930951","2022-10-18","2022-10-17","2016-12-30","","130.69","130.66","","","0","","","","0.0268"
"中证交易所绿色债券指数","930951","2022-10-19","2022-10-18","2016-12-30","","130.72","130.69","","","0","","","","0.0237"
"中证交易所绿色债券指数","930951","2022-10-20","2022-10-19","2016-12-30","","130.76","130.72","","","0","","","","0.0298"
"中证交易所绿色债券指数","930951","2022-10-21","2022-10-20","2016-12-30","","130.78","130.76","","","0","","","","0.0176"
"中证交易所绿色债券指数","930951","2022-10-24","2022-10-21","2016-12-30","","130.82","130.78","","","0","","","","0.0237"
"中证交易所绿色债券指数","930951","2022-10-25","2022-10-24","2016-12-30","","130.81","130.82","","","0","","","","-0.0008"
"中证交易所绿色债券指数","930951","2022-10-26","2022-10-25","2016-12-30","","130.79","130.81","","","0","","","","-0.0183"
"中证交易所绿色债券指数","930951","2022-10-27","2022-10-26","2016-12-30","","130.82","130.79","","","0","","","","0.0191"
"中证交易所绿色债券指数","930951","2022-10-28","2022-10-27","2016-12-30","","130.83","130.82","","","0","","","","0.0130"
"中证交易所绿色债券指数","930951","2022-10-31","2022-10-28","2016-12-30","","130.86","130.83","","","0","","","","0.0237"
"中证交易所绿色债券指数","930951","2022-11-01","2022-10-31","2016-12-30","","130.88","130.86","","","0","","","","0.0138"
"中证交易所绿色债券指数","930951","2022-11-02","2022-11-01","2016-12-30","","130.89","130.88","","","0","","","","0.0076"
"中证交易所绿色债券指数","930951","2022-11-03","2022-11-02","2016-12-30","","130.89","130.89","","","0","","","","-0.0015"
"中证交易所绿色债券指数","930951","2022-11-04","2022-11-03","2016-12-30","","130.86","130.89","","","0","","","","-0.0222"
"中证交易所绿色债券指数","930951","2022-11-07","2022-11-04","2016-12-30","","130.85","130.86","","","0","","","","-0.0092"
"中证交易所绿色债券指数","930951","2022-11-08","2022-11-07","2016-12-30","","130.81","130.85","","","0","","","","-0.0275"
"中证交易所绿色债券指数","930951","2022-11-09","2022-11-08","2016-12-30","","130.76","130.81","","","0","","","","-0.0367"
"中证交易所绿色债券指数","930951","2022-11-10","2022-11-09","2016-12-30","","130.70","130.76","","","0","","","","-0.0466"
"中证交易所绿色债券指数","930951","2022-11-11","2022-11-10","2016-12-30","","130.63","130.70","","","0","","","","-0.0528"
"中证交易所绿色债券指数","930951","2022-11-14","2022-11-11","2016-12-30","","130.52","130.63","","","0","","","","-0.0857"
"中证交易所绿色债券指数","930951","2022-11-15","2022-11-14","2016-12-30","","130.32","130.52","","","0","","","","-0.1586"
"中证交易所绿色债券指数","930951","2022-11-16","2022-11-15","2016-12-30","","130.01","130.32","","","0","","","","-0.2325"
"中证交易所绿色债券指数","930951","2022-11-17","2022-11-16","2016-12-30","","129.78","130.01","","","0","","","","-0.1754"
"中证交易所绿色债券指数","930951","2022-11-18","2022-11-17","2016-12-30","","129.66","129.78","","","0","","","","-0.0986"
"中证交易所绿色债券指数","930951","2022-11-21","2022-11-18","2016-12-30","","129.73","129.66","","","0","","","","0.0602"
"中证交易所绿色债券指数","930951","2022-11-22","2022-11-21","2016-12-30","","129.75","129.73","","","0","","","","0.0100"
"中证交易所绿色债券指数","930951","2022-11-23","2022-11-22","2016-12-30","","129.77","129.75","","","0","","","","0.0208"
"中证交易所绿色债券指数","930951","2022-11-24","2022-11-23","2016-12-30","","129.88","129.77","","","0","","","","0.0817"
"中证交易所绿色债券指数","930951","2022-11-25","2022-11-24","2016-12-30","","129.95","129.88","","","0","","","","0.0524"
"中证交易所绿色债券指数","930951","2022-11-28","2022-11-25","2016-12-30","","129.98","129.95","","","0","","","","0.0254"
"中证交易所绿色债券指数","930951","2022-11-29","2022-11-28","2016-12-30","","129.86","129.98","","","0","","","","-0.0954"
"中证交易所绿色债券指数","930951","2022-11-30","2022-11-29","2016-12-30","","129.72","129.86","","","0","","","","-0.1024"
"中证交易所绿色债券指数","930951","2022-12-01","2022-11-30","2016-12-30","","129.67","129.72","","","0","","","","-0.0439"
"中证交易所绿色债券指数","930951","2022-12-02","2022-12-01","2016-12-30","","129.61","129.67","","","0","","","","-0.0432"
"中证交易所绿色债券指数","930951","2022-12-05","2022-12-02","2016-12-30","","129.60","129.61","","","0","","","","-0.0108"
"中证交易所绿色债券指数","930951","2022-12-06","2022-12-05","2016-12-30","","129.52","129.60","","","0","","","","-0.0633"
"中证交易所绿色债券指数","930951","2022-12-07","2022-12-06","2016-12-30","","129.35","129.52","","","0","","","","-0.1251"
"中证交易所绿色债券指数","930951","2022-12-08","2022-12-07","2016-12-30","","129.19","129.35","","","0","","","","-0.1245"
"中证交易所绿色债券指数","930951","2022-12-09","2022-12-08","2016-12-30","","129.13","129.19","","","0","","","","-0.0449"
"中证交易所绿色债券指数","930951","2022-12-12","2022-12-09","2016-12-30","","129.07","129.13","","","0","","","","-0.0511"
"中证交易所绿色债券指数","930951","2022-12-13","2022-12-12","2016-12-30","","128.69","129.07","","","0","","","","-0.2960"
"中证交易所绿色债券指数","930951","2022-12-14","2022-12-13","2016-12-30","","128.48","128.69","","","0","","","","-0.1585"
"中证交易所绿色债券指数","930951","2022-12-15","2022-12-14","2016-12-30","","128.59","128.48","","","0","","","","0.0809"
"中证交易所绿色债券指数","930951","2022-12-16","2022-12-15","2016-12-30","","128.56","128.59","","","0","","","","-0.0202"
"中证交易所绿色债券指数","930951","2022-12-19","2022-12-16","2016-12-30","","128.66","128.56","","","0","","","","0.0786"
"中证交易所绿色债券指数","930951","2022-12-20","2022-12-19","2016-12-30","","128.74","128.66","","","0","","","","0.0637"
"中证交易所绿色债券指数","930951","2022-12-21","2022-12-20","2016-12-30","","128.75","128.74","","","0","","","","0.0078"
"中证交易所绿色债券指数","930951","2022-12-22","2022-12-21","2016-12-30","","128.83","128.75","","","0","","","","0.0598"
"中证交易所绿色债券指数","930951","2022-12-23","2022-12-22","2016-12-30","","128.92","128.83","","","0","","","","0.0706"
"中证交易所绿色债券指数","930951","2022-12-26","2022-12-23","2016-12-30","","129.05","128.92","","","0","","","","0.1008"
"中证交易所绿色债券指数","930951","2022-12-27","2022-12-26","2016-12-30","","129.10","129.05","","","0","","","","0.0341"
"中证交易所绿色债券指数","930951","2022-12-28","2022-12-27","2016-12-30","","129.11","129.10","","","0","","","","0.0139"
"中证交易所绿色债券指数","930951","2022-12-29","2022-12-28","2016-12-30","","129.15","129.11","","","0","","","","0.0310"
"中证交易所绿色债券指数","930951","2022-12-30","2022-12-29","2016-12-30","","129.26","129.15","","","0","","","","0.0844"
"中证交易所绿色债券指数","930951","2023-01-03","2022-12-30","2016-12-30","","129.38","129.26","","","0","","","","0.0936"
"中证交易所绿色债券指数","930951","2023-01-04","2023-01-03","2016-12-30","","129.47","129.38","","","0","","","","0.0634"
"中证交易所绿色债券指数","930951","2023-01-05","2023-01-04","2016-12-30","","129.61","129.47","","","0","","","","0.1112"
"中证交易所绿色债券指数","930951","2023-01-06","2023-01-05","2016-12-30","","129.64","129.61","","","0","","","","0.0231"
"中证交易所绿色债券指数","930951","2023-01-09","2023-01-06","2016-12-30","","129.64","129.64","","","0","","","","-0.0015"
"中证交易所绿色债券指数","930951","2023-01-10","2023-01-09","2016-12-30","","129.59","129.64","","","0","","","","-0.0393"
"中证交易所绿色债券指数","930951","2023-01-11","2023-01-10","2016-12-30","","129.53","129.59","","","0","","","","-0.0463"
"中证交易所绿色债券指数","930951","2023-01-12","2023-01-11","2016-12-30","","129.51","129.53","","","0","","","","-0.0154"
"中证交易所绿色债券指数","930951","2023-01-13","2023-01-12","2016-12-30","","129.55","129.51","","","0","","","","0.0317"
"中证交易所绿色债券指数","930951","2023-01-16","2023-01-13","2016-12-30","","129.51","129.55","","","0","","","","-0.0316"
"中证交易所绿色债券指数","930951","2023-01-17","2023-01-16","2016-12-30","","129.51","129.51","","","0","","","","0.0015"
"中证交易所绿色债券指数","930951","2023-01-18","2023-01-17","2016-12-30","","129.50","129.51","","","0","","","","-0.0062"
"中证交易所绿色债券指数","930951","2023-01-19","2023-01-18","2016-12-30","","129.51","129.50","","","0","","","","0.0077"
"中证交易所绿色债券指数","930951","2023-01-20","2023-01-19","2016-12-30","","129.53","129.51","","","0","","","","0.0131"
"中证交易所绿色债券指数","930951","2023-01-30","2023-01-20","2016-12-30","","129.68","129.53","","","0","","","","0.1143"
"中证交易所绿色债券指数","930951","2023-01-31","2023-01-30","2016-12-30","","129.69","129.68","","","0","","","","0.0085"
"中证交易所绿色债券指数","930951","2023-02-01","2023-01-31","2016-12-30","","129.70","129.69","","","0","","","","0.0085"
"中证交易所绿色债券指数","930951","2023-02-02","2023-02-01","2016-12-30","","129.73","129.70","","","0","","","","0.0285"
"中证交易所绿色债券指数","930951","2023-02-03","2023-02-02","2016-12-30","","129.78","129.73","","","0","","","","0.0370"
"中证交易所绿色债券指数","930951","2023-02-06","2023-02-03","2016-12-30","","129.86","129.78","","","0","","","","0.0616"
"中证交易所绿色债券指数","930951","2023-02-07","2023-02-06","2016-12-30","","129.91","129.86","","","0","","","","0.0362"
"中证交易所绿色债券指数","930951","2023-02-08","2023-02-07","2016-12-30","","129.96","129.91","","","0","","","","0.0423"
"中证交易所绿色债券指数","930951","2023-02-09","2023-02-08","2016-12-30","","130.01","129.96","","","0","","","","0.0323"
"中证交易所绿色债券指数","930951","2023-02-10","2023-02-09","2016-12-30","","130.06","130.01","","","0","","","","0.0438"
"中证交易所绿色债券指数","930951","2023-02-13","2023-02-10","2016-12-30","","130.15","130.06","","","0","","","","0.0646"
"中证交易所绿色债券指数","930951","2023-02-14","2023-02-13","2016-12-30","","130.20","130.15","","","0","","","","0.0407"
"中证交易所绿色债券指数","930951","2023-02-15","2023-02-14","2016-12-30","","130.26","130.20","","","0","","","","0.0453"
"中证交易所绿色债券指数","930951","2023-02-16","2023-02-15","2016-12-30","","130.30","130.26","","","0","","","","0.0307"
"中证交易所绿色债券指数","930951","2023-02-17","2023-02-16","2016-12-30","","130.36","130.30","","","0","","","","0.0445"
"中证交易所绿色债券指数","930951","2023-02-20","2023-02-17","2016-12-30","","130.41","130.36","","","0","","","","0.0422"
"中证交易所绿色债券指数","930951","2023-02-21","2023-02-20","2016-12-30","","130.40","130.41","","","0","","","","-0.0061"
"中证交易所绿色债券指数","930951","2023-02-22","2023-02-21","2016-12-30","","130.38","130.40","","","0","","","","-0.0222"
"中证交易所绿色债券指数","930951","2023-02-23","2023-02-22","2016-12-30","","130.39","130.38","","","0","","","","0.0130"
"中证交易所绿色债券指数","930951","2023-02-24","2023-02-23","2016-12-30","","130.41","130.39","","","0","","","","0.0161"
"中证交易所绿色债券指数","930951","2023-02-27","2023-02-24","2016-12-30","","130.46","130.41","","","0","","","","0.0383"
"中证交易所绿色债券指数","930951","2023-02-28","2023-02-27","2016-12-30","","130.47","130.46","","","0","","","","0.0084"
"中证交易所绿色债券指数","930951","2023-03-01","2023-02-28","2016-12-30","","130.48","130.47","","","0","","","","0.0061"
"中证交易所绿色债券指数","930951","2023-03-02","2023-03-01","2016-12-30","","130.51","130.48","","","0","","","","0.0230"
"中证交易所绿色债券指数","930951","2023-03-03","2023-03-02","2016-12-30","","130.52","130.51","","","0","","","","0.0023"
"中证交易所绿色债券指数","930951","2023-03-06","2023-03-03","2016-12-30","","130.59","130.52","","","0","","","","0.0544"
"中证交易所绿色债券指数","930951","2023-03-07","2023-03-06","2016-12-30","","130.63","130.59","","","0","","","","0.0352"
"中证交易所绿色债券指数","930951","2023-03-08","2023-03-07","2016-12-30","","130.68","130.63","","","0","","","","0.0329"
"中证交易所绿色债券指数","930951","2023-03-09","2023-03-08","2016-12-30","","130.74","130.68","","","0","","","","0.0459"
"中证交易所绿色债券指数","930951","2023-03-10","2023-03-09","2016-12-30","","130.78","130.74","","","0","","","","0.0344"
"中证交易所绿色债券指数","930951","2023-03-13","2023-03-10","2016-12-30","","130.87","130.78","","","0","","","","0.0703"
"中证交易所绿色债券指数","930951","2023-03-14","2023-03-13","2016-12-30","","130.89","130.87","","","0","","","","0.0122"
"中证交易所绿色债券指数","930951","2023-03-15","2023-03-14","2016-12-30","","130.94","130.89","","","0","","","","0.0382"
"中证交易所绿色债券指数","930951","2023-03-16","2023-03-15","2016-12-30","","130.97","130.94","","","0","","","","0.0252"
"中证交易所绿色债券指数","930951","2023-03-17","2023-03-16","2016-12-30","","131.01","130.97","","","0","","","","0.0321"
"中证交易所绿色债券指数","930951","2023-03-20","2023-03-17","2016-12-30","","131.10","131.01","","","0","","","","0.0626"
"中证交易所绿色债券指数","930951","2023-03-21","2023-03-20","2016-12-30","","131.14","131.10","","","0","","","","0.0374"
"中证交易所绿色债券指数","930951","2023-03-22","2023-03-21","2016-12-30","","131.17","131.14","","","0","","","","0.0229"
"中证交易所绿色债券指数","930951","2023-03-23","2023-03-22","2016-12-30","","131.20","131.17","","","0","","","","0.0175"
"中证交易所绿色债券指数","930951","2023-03-24","2023-03-23","2016-12-30","","131.21","131.20","","","0","","","","0.0130"
"中证交易所绿色债券指数","930951","2023-03-27","2023-03-24","2016-12-30","","131.26","131.21","","","0","","","","0.0358"
"中证交易所绿色债券指数","930951","2023-03-28","2023-03-27","2016-12-30","","131.27","131.26","","","0","","","","0.0069"
"中证交易所绿色债券指数","930951","2023-03-29","2023-03-28","2016-12-30","","131.30","131.27","","","0","","","","0.0198"
"中证交易所绿色债券指数","930951","2023-03-30","2023-03-29","2016-12-30","","131.31","131.30","","","0","","","","0.0114"
"中证交易所绿色债券指数","930951","2023-03-31","2023-03-30","2016-12-30","","131.33","131.31","","","0","","","","0.0137"
"中证交易所绿色债券指数","930951","2023-04-03","2023-03-31","2016-12-30","","131.42","131.33","","","0","","","","0.0716"
"中证交易所绿色债券指数","930951","2023-04-04","2023-04-03","2016-12-30","","131.47","131.42","","","0","","","","0.0350"
"中证交易所绿色债券指数","930951","2023-04-06","2023-04-04","2016-12-30","","131.52","131.47","","","0","","","","0.0365"
"中证交易所绿色债券指数","930951","2023-04-07","2023-04-06","2016-12-30","","131.54","131.52","","","0","","","","0.0190"
"中证交易所绿色债券指数","930951","2023-04-10","2023-04-07","2016-12-30","","131.60","131.54","","","0","","","","0.0456"
"中证交易所绿色债券指数","930951","2023-04-11","2023-04-10","2016-12-30","","131.65","131.60","","","0","","","","0.0357"
"中证交易所绿色债券指数","930951","2023-04-12","2023-04-11","2016-12-30","","131.69","131.65","","","0","","","","0.0289"
"中证交易所绿色债券指数","930951","2023-04-13","2023-04-12","2016-12-30","","131.72","131.69","","","0","","","","0.0235"
"中证交易所绿色债券指数","930951","2023-04-14","2023-04-13","2016-12-30","","131.75","131.72","","","0","","","","0.0228"
"中证交易所绿色债券指数","930951","2023-04-17","2023-04-14","2016-12-30","","131.78","131.75","","","0","","","","0.0220"
"中证交易所绿色债券指数","930951","2023-04-18","2023-04-17","2016-12-30","","131.79","131.78","","","0","","","","0.0091"
"中证交易所绿色债券指数","930951","2023-04-19","2023-04-18","2016-12-30","","131.81","131.79","","","0","","","","0.0159"
"中证交易所绿色债券指数","930951","2023-04-20","2023-04-19","2016-12-30","","131.86","131.81","","","0","","","","0.0341"
"中证交易所绿色债券指数","930951","2023-04-21","2023-04-20","2016-12-30","","131.88","131.86","","","0","","","","0.0152"
"中证交易所绿色债券指数","930951","2023-04-24","2023-04-21","2016-12-30","","131.92","131.88","","","0","","","","0.0372"
"中证交易所绿色债券指数","930951","2023-04-25","2023-04-24","2016-12-30","","131.95","131.92","","","0","","","","0.0227"
"中证交易所绿色债券指数","930951","2023-04-26","2023-04-25","2016-12-30","","131.97","131.95","","","0","","","","0.0091"
"中证交易所绿色债券指数","930951","2023-04-27","2023-04-26","2016-12-30","","132.04","131.97","","","0","","","","0.0576"
"中证交易所绿色债券指数","930951","2023-04-28","2023-04-27","2016-12-30","","132.07","132.04","","","0","","","","0.0242"
"中证交易所绿色债券指数","930951","2023-05-04","2023-04-28","2016-12-30","","132.19","132.07","","","0","","","","0.0856"
"中证交易所绿色债券指数","930951","2023-05-05","2023-05-04","2016-12-30","","132.26","132.19","","","0","","","","0.0567"
"中证交易所绿色债券指数","930951","2023-05-08","2023-05-05","2016-12-30","","132.35","132.26","","","0","","","","0.0680"
"中证交易所绿色债券指数","930951","2023-05-09","2023-05-08","2016-12-30","","132.40","132.35","","","0","","","","0.0363"
"中证交易所绿色债券指数","930951","2023-05-10","2023-05-09","2016-12-30","","132.43","132.40","","","0","","","","0.0219"
"中证交易所绿色债券指数","930951","2023-05-11","2023-05-10","2016-12-30","","132.51","132.43","","","0","","","","0.0634"
"中证交易所绿色债券指数","930951","2023-05-12","2023-05-11","2016-12-30","","132.55","132.51","","","0","","","","0.0294"
"中证交易所绿色债券指数","930951","2023-05-15","2023-05-12","2016-12-30","","132.60","132.55","","","0","","","","0.0324"
"中证交易所绿色债券指数","930951","2023-05-16","2023-05-15","2016-12-30","","132.61","132.60","","","0","","","","0.0121"
"中证交易所绿色债券指数","930951","2023-05-17","2023-05-16","2016-12-30","","132.62","132.61","","","0","","","","0.0068"
"中证交易所绿色债券指数","930951","2023-05-18","2023-05-17","2016-12-30","","132.61","132.62","","","0","","","","-0.0053"
"中证交易所绿色债券指数","930951","2023-05-19","2023-05-18","2016-12-30","","132.62","132.61","","","0","","","","0.0015"
"中证交易所绿色债券指数","930951","2023-05-22","2023-05-19","2016-12-30","","132.68","132.62","","","0","","","","0.0475"
"中证交易所绿色债券指数","930951","2023-05-23","2023-05-22","2016-12-30","","132.74","132.68","","","0","","","","0.0445"
"中证交易所绿色债券指数","930951","2023-05-24","2023-05-23","2016-12-30","","132.78","132.74","","","0","","","","0.0331"
"中证交易所绿色债券指数","930951","2023-05-25","2023-05-24","2016-12-30","","132.80","132.78","","","0","","","","0.0120"
"中证交易所绿色债券指数","930951","2023-05-26","2023-05-25","2016-12-30","","132.80","132.80","","","0","","","","-0.0015"
"中证交易所绿色债券指数","930951","2023-05-29","2023-05-26","2016-12-30","","132.82","132.80","","","0","","","","0.0218"
"中证交易所绿色债券指数","930951","2023-05-30","2023-05-29","2016-12-30","","132.84","132.82","","","0","","","","0.0120"
"中证交易所绿色债券指数","930951","2023-05-31","2023-05-30","2016-12-30","","132.87","132.84","","","0","","","","0.0196"
"中证交易所绿色债券指数","930951","2023-06-01","2023-05-31","2016-12-30","","132.91","132.87","","","0","","","","0.0331"
"中证交易所绿色债券指数","930951","2023-06-02","2023-06-01","2016-12-30","","132.94","132.91","","","0","","","","0.0203"
"中证交易所绿色债券指数","930951","2023-06-05","2023-06-02","2016-12-30","","132.98","132.94","","","0","","","","0.0308"
"中证交易所绿色债券指数","930951","2023-06-06","2023-06-05","2016-12-30","","132.99","132.98","","","0","","","","0.0068"
"中证交易所绿色债券指数","930951","2023-06-07","2023-06-06","2016-12-30","","133.05","132.99","","","0","","","","0.0436"
"中证交易所绿色债券指数","930951","2023-06-08","2023-06-07","2016-12-30","","133.08","133.05","","","0","","","","0.0241"
"中证交易所绿色债券指数","930951","2023-06-09","2023-06-08","2016-12-30","","133.10","133.08","","","0","","","","0.0195"
"中证交易所绿色债券指数","930951","2023-06-12","2023-06-09","2016-12-30","","133.16","133.10","","","0","","","","0.0413"
"中证交易所绿色债券指数","930951","2023-06-13","2023-06-12","2016-12-30","","133.20","133.16","","","0","","","","0.0300"
"中证交易所绿色债券指数","930951","2023-06-14","2023-06-13","2016-12-30","","133.25","133.20","","","0","","","","0.0383"
"中证交易所绿色债券指数","930951","2023-06-15","2023-06-14","2016-12-30","","133.29","133.25","","","0","","","","0.0270"
"中证交易所绿色债券指数","930951","2023-06-16","2023-06-15","2016-12-30","","133.26","133.29","","","0","","","","-0.0180"
"中证交易所绿色债券指数","930951","2023-06-19","2023-06-16","2016-12-30","","133.21","133.26","","","0","","","","-0.0420"
"中证交易所绿色债券指数","930951","2023-06-20","2023-06-19","2016-12-30","","133.15","133.21","","","0","","","","-0.0390"
"中证交易所绿色债券指数","930951","2023-06-21","2023-06-20","2016-12-30","","133.16","133.15","","","0","","","","0.0030"
"中证交易所绿色债券指数","930951","2023-06-26","2023-06-21","2016-12-30","","133.22","133.16","","","0","","","","0.0451"
"中证交易所绿色债券指数","930951","2023-06-27","2023-06-26","2016-12-30","","133.20","133.22","","","0","","","","-0.0135"
"中证交易所绿色债券指数","930951","2023-06-28","2023-06-27","2016-12-30","","133.19","133.20","","","0","","","","-0.0038"
"中证交易所绿色债券指数","930951","2023-06-29","2023-06-28","2016-12-30","","133.20","133.19","","","0","","","","0.0053"
"中证交易所绿色债券指数","930951","2023-06-30","2023-06-29","2016-12-30","","133.25","133.20","","","0","","","","0.0353"
"中证交易所绿色债券指数","930951","2023-07-03","2023-06-30","2016-12-30","","133.32","133.25","","","0","","","","0.0555"
"中证交易所绿色债券指数","930951","2023-07-04","2023-07-03","2016-12-30","","133.36","133.32","","","0","","","","0.0300"
"中证交易所绿色债券指数","930951","2023-07-05","2023-07-04","2016-12-30","","133.40","133.36","","","0","","","","0.0300"
"中证交易所绿色债券指数","930951","2023-07-06","2023-07-05","2016-12-30","","133.44","133.40","","","0","","","","0.0270"
"中证交易所绿色债券指数","930951","2023-07-07","2023-07-06","2016-12-30","","133.49","133.44","","","0","","","","0.0352"
"中证交易所绿色债券指数","930951","2023-07-10","2023-07-07","2016-12-30","","133.52","133.49","","","0","","","","0.0247"
"中证交易所绿色债券指数","930951","2023-07-11","2023-07-10","2016-12-30","","133.55","133.52","","","0","","","","0.0262"
"中证交易所绿色债券指数","930951","2023-07-12","2023-07-11","2016-12-30","","133.60","133.55","","","0","","","","0.0329"
"中证交易所绿色债券指数","930951","2023-07-13","2023-07-12","2016-12-30","","133.62","133.60","","","0","","","","0.0135"
"中证交易所绿色债券指数","930951","2023-07-14","2023-07-13","2016-12-30","","133.63","133.62","","","0","","","","0.0112"
"中证交易所绿色债券指数","930951","2023-07-17","2023-07-14","2016-12-30","","133.67","133.63","","","0","","","","0.0299"
"中证交易所绿色债券指数","930951","2023-07-18","2023-07-17","2016-12-30","","133.70","133.67","","","0","","","","0.0239"
"中证交易所绿色债券指数","930951","2023-07-19","2023-07-18","2016-12-30","","133.74","133.70","","","0","","","","0.0247"
"中证交易所绿色债券指数","930951","2023-07-20","2023-07-19","2016-12-30","","133.76","133.74","","","0","","","","0.0209"
"中证交易所绿色债券指数","930951","2023-07-21","2023-07-20","2016-12-30","","133.79","133.76","","","0","","","","0.0217"
"中证交易所绿色债券指数","930951","2023-07-24","2023-07-21","2016-12-30","","133.84","133.79","","","0","","","","0.0389"
"中证交易所绿色债券指数","930951","2023-07-25","2023-07-24","2016-12-30","","133.80","133.84","","","0","","","","-0.0306"
"中证交易所绿色债券指数","930951","2023-07-26","2023-07-25","2016-12-30","","133.75","133.80","","","0","","","","-0.0381"
"中证交易所绿色债券指数","930951","2023-07-27","2023-07-26","2016-12-30","","133.76","133.75","","","0","","","","0.0067"
"中证交易所绿色债券指数","930951","2023-07-28","2023-07-27","2016-12-30","","133.78","133.76","","","0","","","","0.0164"
"中证交易所绿色债券指数","930951","2023-07-31","2023-07-28","2016-12-30","","133.78","133.78","","","0","","","","-0.0030"
"中证交易所绿色债券指数","930951","2023-08-01","2023-07-31","2016-12-30","","133.75","133.78","","","0","","","","-0.0232"
"中证交易所绿色债券指数","930951","2023-08-02","2023-08-01","2016-12-30","","133.79","133.75","","","0","","","","0.0277"
"中证交易所绿色债券指数","930951","2023-08-03","2023-08-02","2016-12-30","","133.82","133.79","","","0","","","","0.0262"
"中证交易所绿色债券指数","930951","2023-08-04","2023-08-03","2016-12-30","","133.86","133.82","","","0","","","","0.0306"
"中证交易所绿色债券指数","930951","2023-08-07","2023-08-04","2016-12-30","","133.92","133.86","","","0","","","","0.0448"
"中证交易所绿色债券指数","930951","2023-08-08","2023-08-07","2016-12-30","","133.97","133.92","","","0","","","","0.0329"
"中证交易所绿色债券指数","930951","2023-08-09","2023-08-08","2016-12-30","","134.02","133.97","","","0","","","","0.0388"
"中证交易所绿色债券指数","930951","2023-08-10","2023-08-09","2016-12-30","","134.05","134.02","","","0","","","","0.0216"
"中证交易所绿色债券指数","930951","2023-08-11","2023-08-10","2016-12-30","","134.09","134.05","","","0","","","","0.0291"
"中证交易所绿色债券指数","930951","2023-08-14","2023-08-11","2016-12-30","","134.18","134.09","","","0","","","","0.0701"
"中证交易所绿色债券指数","930951","2023-08-15","2023-08-14","2016-12-30","","134.26","134.18","","","0","","","","0.0626"
"中证交易所绿色债券指数","930951","2023-08-16","2023-08-15","2016-12-30","","134.32","134.26","","","0","","","","0.0432"
"中证交易所绿色债券指数","930951","2023-08-17","2023-08-16","2016-12-30","","134.36","134.32","","","0","","","","0.0320"
"中证交易所绿色债券指数","930951","2023-08-18","2023-08-17","2016-12-30","","134.39","134.36","","","0","","","","0.0216"
"中证交易所绿色债券指数","930951","2023-08-21","2023-08-18","2016-12-30","","134.47","134.39","","","0","","","","0.0536"
"中证交易所绿色债券指数","930951","2023-08-22","2023-08-21","2016-12-30","","134.51","134.47","","","0","","","","0.0305"
"中证交易所绿色债券指数","930951","2023-08-23","2023-08-22","2016-12-30","","134.52","134.51","","","0","","","","0.0089"
"中证交易所绿色债券指数","930951","2023-08-24","2023-08-23","2016-12-30","","134.54","134.52","","","0","","","","0.0126"
"中证交易所绿色债券指数","930951","2023-08-25","2023-08-24","2016-12-30","","134.55","134.54","","","0","","","","0.0126"
"中证交易所绿色债券指数","930951","2023-08-28","2023-08-25","2016-12-30","","134.53","134.55","","","0","","","","-0.0134"
"中证交易所绿色债券指数","930951","2023-08-29","2023-08-28","2016-12-30","","134.54","134.53","","","0","","","","0.0045"
"中证交易所绿色债券指数","930951","2023-08-30","2023-08-29","2016-12-30","","134.52","134.54","","","0","","","","-0.0171"
"中证交易所绿色债券指数","930951","2023-08-31","2023-08-30","2016-12-30","","134.52","134.52","","","0","","","","0.0045"
"中证交易所绿色债券指数","930951","2023-09-01","2023-08-31","2016-12-30","","134.53","134.52","","","0","","","","0.0082"
"中证交易所绿色债券指数","930951","2023-09-04","2023-09-01","2016-12-30","","134.51","134.53","","","0","","","","-0.0149"
"中证交易所绿色债券指数","930951","2023-09-05","2023-09-04","2016-12-30","","134.49","134.51","","","0","","","","-0.0186"
"中证交易所绿色债券指数","930951","2023-09-06","2023-09-05","2016-12-30","","134.45","134.49","","","0","","","","-0.0260"
"中证交易所绿色债券指数","930951","2023-09-07","2023-09-06","2016-12-30","","134.37","134.45","","","0","","","","-0.0632"
"中证交易所绿色债券指数","930951","2023-09-08","2023-09-07","2016-12-30","","134.25","134.37","","","0","","","","-0.0893"
"中证交易所绿色债券指数","930951","2023-09-11","2023-09-08","2016-12-30","","134.17","134.25","","","0","","","","-0.0559"
"中证交易所绿色债券指数","930951","2023-09-12","2023-09-11","2016-12-30","","134.11","134.17","","","0","","","","-0.0455"
"中证交易所绿色债券指数","930951","2023-09-13","2023-09-12","2016-12-30","","134.16","134.11","","","0","","","","0.0328"
"中证交易所绿色债券指数","930951","2023-09-14","2023-09-13","2016-12-30","","134.23","134.16","","","0","","","","0.0567"
"中证交易所绿色债券指数","930951","2023-09-15","2023-09-14","2016-12-30","","134.31","134.23","","","0","","","","0.0544"
"中证交易所绿色债券指数","930951","2023-09-18","2023-09-15","2016-12-30","","134.34","134.31","","","0","","","","0.0246"
"中证交易所绿色债券指数","930951","2023-09-19","2023-09-18","2016-12-30","","134.31","134.34","","","0","","","","-0.0201"
"中证交易所绿色债券指数","930951","2023-09-20","2023-09-19","2016-12-30","","134.32","134.31","","","0","","","","0.0067"
"中证交易所绿色债券指数","930951","2023-09-21","2023-09-20","2016-12-30","","134.33","134.32","","","0","","","","0.0045"
"中证交易所绿色债券指数","930951","2023-09-22","2023-09-21","2016-12-30","","134.32","134.33","","","0","","","","-0.0030"
"中证交易所绿色债券指数","930951","2023-09-25","2023-09-22","2016-12-30","","134.40","134.32","","","0","","","","0.0573"
"中证交易所绿色债券指数","930951","2023-09-26","2023-09-25","2016-12-30","","134.38","134.40","","","0","","","","-0.0164"
"中证交易所绿色债券指数","930951","2023-09-27","2023-09-26","2016-12-30","","134.36","134.38","","","0","","","","-0.0164"
"中证交易所绿色债券指数","930951","2023-09-28","2023-09-27","2016-12-30","","134.38","134.36","","","0","","","","0.0171"
"中证交易所绿色债券指数","930951","2023-10-09","2023-09-28","2016-12-30","","134.59","134.38","","","0","","","","0.1563"
"中证交易所绿色债券指数","930951","2023-10-10","2023-10-09","2016-12-30","","134.58","134.59","","","0","","","","-0.0097"
"中证交易所绿色债券指数","930951","2023-10-11","2023-10-10","2016-12-30","","134.56","134.58","","","0","","","","-0.0134"
"中证交易所绿色债券指数","930951","2023-10-12","2023-10-11","2016-12-30","","134.53","134.56","","","0","","","","-0.0238"
"中证交易所绿色债券指数","930951","2023-10-13","2023-10-12","2016-12-30","","134.54","134.53","","","0","","","","0.0134"
"中证交易所绿色债券指数","930951","2023-10-16","2023-10-13","2016-12-30","","134.59","134.54","","","0","","","","0.0357"
"中证交易所绿色债券指数","930951","2023-10-17","2023-10-16","2016-12-30","","134.61","134.59","","","0","","","","0.0119"
"中证交易所绿色债券指数","930951","2023-10-18","2023-10-17","2016-12-30","","134.62","134.61","","","0","","","","0.0059"
"中证交易所绿色债券指数","930951","2023-10-19","2023-10-18","2016-12-30","","134.58","134.62","","","0","","","","-0.0245"
"中证交易所绿色债券指数","930951","2023-10-20","2023-10-19","2016-12-30","","134.52","134.58","","","0","","","","-0.0505"
"中证交易所绿色债券指数","930951","2023-10-23","2023-10-20","2016-12-30","","134.57","134.52","","","0","","","","0.0379"
"中证交易所绿色债券指数","930951","2023-10-24","2023-10-23","2016-12-30","","134.53","134.57","","","0","","","","-0.0290"
"中证交易所绿色债券指数","930951","2023-10-25","2023-10-24","2016-12-30","","134.53","134.53","","","0","","","","-0.0007"
"中证交易所绿色债券指数","930951","2023-10-26","2023-10-25","2016-12-30","","134.58","134.53","","","0","","","","0.0372"
"中证交易所绿色债券指数","930951","2023-10-27","2023-10-26","2016-12-30","","134.62","134.58","","","0","","","","0.0312"
"中证交易所绿色债券指数","930951","2023-10-30","2023-10-27","2016-12-30","","134.66","134.62","","","0","","","","0.0312"
"中证交易所绿色债券指数","930951","2023-10-31","2023-10-30","2016-12-30","","134.70","134.66","","","0","","","","0.0304"
"中证交易所绿色债券指数","930951","2023-11-01","2023-10-31","2016-12-30","","134.74","134.70","","","0","","","","0.0267"
"中证交易所绿色债券指数","930951","2023-11-02","2023-11-01","2016-12-30","","134.79","134.74","","","0","","","","0.0371"
"中证交易所绿色债券指数","930951","2023-11-03","2023-11-02","2016-12-30","","134.84","134.79","","","0","","","","0.0401"
"中证交易所绿色债券指数","930951","2023-11-06","2023-11-03","2016-12-30","","134.89","134.84","","","0","","","","0.0393"
"中证交易所绿色债券指数","930951","2023-11-07","2023-11-06","2016-12-30","","134.92","134.89","","","0","","","","0.0171"
"中证交易所绿色债券指数","930951","2023-11-08","2023-11-07","2016-12-30","","134.95","134.92","","","0","","","","0.0222"
"中证交易所绿色债券指数","930951","2023-11-09","2023-11-08","2016-12-30","","134.98","134.95","","","0","","","","0.0207"
"中证交易所绿色债券指数","930951","2023-11-10","2023-11-09","2016-12-30","","135.01","134.98","","","0","","","","0.0244"
"中证交易所绿色债券指数","930951","2023-11-13","2023-11-10","2016-12-30","","135.07","135.01","","","0","","","","0.0459"
"中证交易所绿色债券指数","930951","2023-11-14","2023-11-13","2016-12-30","","135.08","135.07","","","0","","","","0.0096"
"中证交易所绿色债券指数","930951","2023-11-15","2023-11-14","2016-12-30","","135.14","135.08","","","0","","","","0.0385"
"中证交易所绿色债券指数","930951","2023-11-16","2023-11-15","2016-12-30","","135.18","135.14","","","0","","","","0.0296"
"中证交易所绿色债券指数","930951","2023-11-17","2023-11-16","2016-12-30","","135.23","135.18","","","0","","","","0.0422"
"中证交易所绿色债券指数","930951","2023-11-20","2023-11-17","2016-12-30","","135.29","135.23","","","0","","","","0.0436"
"中证交易所绿色债券指数","930951","2023-11-21","2023-11-20","2016-12-30","","135.33","135.29","","","0","","","","0.0251"
"中证交易所绿色债券指数","930951","2023-11-22","2023-11-21","2016-12-30","","135.32","135.33","","","0","","","","-0.0059"
"中证交易所绿色债券指数","930951","2023-11-23","2023-11-22","2016-12-30","","135.30","135.32","","","0","","","","-0.0140"
"中证交易所绿色债券指数","930951","2023-11-24","2023-11-23","2016-12-30","","135.29","135.30","","","0","","","","-0.0037"
"中证交易所绿色债券指数","930951","2023-11-27","2023-11-24","2016-12-30","","135.32","135.29","","","0","","","","0.0200"
"中证交易所绿色债券指数","930951","2023-11-28","2023-11-27","2016-12-30","","135.32","135.32","","","0","","","","0.0030"
"中证交易所绿色债券指数","930951","2023-11-29","2023-11-28","2016-12-30","","135.32","135.32","","","0","","","","-0.0030"
"中证交易所绿色债券指数","930951","2023-11-30","2023-11-29","2016-12-30","","135.35","135.32","","","0","","","","0.0236"
"中证交易所绿色债券指数","930951","2023-12-01","2023-11-30","2016-12-30","","135.37","135.35","","","0","","","","0.0140"
"中证交易所绿色债券指数","930951","2023-12-04","2023-12-01","2016-12-30","","135.40","135.37","","","0","","","","0.0199"
"中证交易所绿色债券指数","930951","2023-12-05","2023-12-04","2016-12-30","","135.41","135.40","","","0","","","","0.0081"
"中证交易所绿色债券指数","930951","2023-12-06","2023-12-05","2016-12-30","","135.40","135.41","","","0","","","","-0.0081"
"中证交易所绿色债券指数","930951","2023-12-07","2023-12-06","2016-12-30","","135.39","135.40","","","0","","","","-0.0030"
"中证交易所绿色债券指数","930951","2023-12-08","2023-12-07","2016-12-30","","135.39","135.39","","","0","","","","-0.0022"
"中证交易所绿色债券指数","930951","2023-12-11","2023-12-08","2016-12-30","","135.44","135.39","","","0","","","","0.0340"
"中证交易所绿色债券指数","930951","2023-12-12","2023-12-11","2016-12-30","","135.47","135.44","","","0","","","","0.0214"
"中证交易所绿色债券指数","930951","2023-12-13","2023-12-12","2016-12-30","","135.51","135.47","","","0","","","","0.0288"
"中证交易所绿色债券指数","930951","2023-12-14","2023-12-13","2016-12-30","","135.58","135.51","","","0","","","","0.0583"
"中证交易所绿色债券指数","930951","2023-12-15","2023-12-14","2016-12-30","","135.65","135.58","","","0","","","","0.0450"
"中证交易所绿色债券指数","930951","2023-12-18","2023-12-15","2016-12-30","","135.71","135.65","","","0","","","","0.0464"
"中证交易所绿色债券指数","930951","2023-12-19","2023-12-18","2016-12-30","","135.77","135.71","","","0","","","","0.0449"
"中证交易所绿色债券指数","930951","2023-12-20","2023-12-19","2016-12-30","","135.81","135.77","","","0","","","","0.0287"
"中证交易所绿色债券指数","930951","2023-12-21","2023-12-20","2016-12-30","","135.83","135.81","","","0","","","","0.0133"
"中证交易所绿色债券指数","930951","2023-12-22","2023-12-21","2016-12-30","","135.89","135.83","","","0","","","","0.0449"
"中证交易所绿色债券指数","930951","2023-12-25","2023-12-22","2016-12-30","","135.94","135.89","","","0","","","","0.0412"
"中证交易所绿色债券指数","930951","2023-12-26","2023-12-25","2016-12-30","","135.99","135.94","","","0","","","","0.0331"
"中证交易所绿色债券指数","930951","2023-12-27","2023-12-26","2016-12-30","","136.07","135.99","","","0","","","","0.0632"
"中证交易所绿色债券指数","930951","2023-12-28","2023-12-27","2016-12-30","","136.18","136.07","","","0","","","","0.0779"
"中证交易所绿色债券指数","930951","2023-12-29","2023-12-28","2016-12-30","","136.26","136.18","","","0","","","","0.0609"
"中证交易所绿色债券指数","930951","2024-01-02","2023-12-29","2016-12-30","","136.34","136.26","","","0","","","","0.0594"
"中证交易所绿色债券指数","930951","2024-01-03","2024-01-02","2016-12-30","","136.35","136.34","","","0","","","","0.0022"
"中证交易所绿色债券指数","930951","2024-01-04","2024-01-03","2016-12-30","","136.38","136.35","","","0","","","","0.0227"
"中证交易所绿色债券指数","930951","2024-01-05","2024-01-04","2016-12-30","","136.43","136.38","","","0","","","","0.0367"
"中证交易所绿色债券指数","930951","2024-01-08","2024-01-05","2016-12-30","","136.49","136.43","","","0","","","","0.0432"
"中证交易所绿色债券指数","930951","2024-01-09","2024-01-08","2016-12-30","","136.57","136.49","","","0","","","","0.0601"
"中证交易所绿色债券指数","930951","2024-01-10","2024-01-09","2016-12-30","","136.62","136.57","","","0","","","","0.0395"
"中证交易所绿色债券指数","930951","2024-01-11","2024-01-10","2016-12-30","","136.65","136.62","","","0","","","","0.0176"
"中证交易所绿色债券指数","930951","2024-01-12","2024-01-11","2016-12-30","","136.67","136.65","","","0","","","","0.0183"
"中证交易所绿色债券指数","930951","2024-01-15","2024-01-12","2016-12-30","","136.71","136.67","","","0","","","","0.0249"
"中证交易所绿色债券指数","930951","2024-01-16","2024-01-15","2016-12-30","","136.73","136.71","","","0","","","","0.0154"
"中证交易所绿色债券指数","930951","2024-01-17","2024-01-16","2016-12-30","","136.77","136.73","","","0","","","","0.0300"
"中证交易所绿色债券指数","930951","2024-01-18","2024-01-17","2016-12-30","","136.81","136.77","","","0","","","","0.0285"
"中证交易所绿色债券指数","930951","2024-01-19","2024-01-18","2016-12-30","","136.86","136.81","","","0","","","","0.0373"
"中证交易所绿色债券指数","930951","2024-01-22","2024-01-19","2016-12-30","","136.94","136.86","","","0","","","","0.0621"
"中证交易所绿色债券指数","930951","2024-01-23","2024-01-22","2016-12-30","","136.98","136.94","","","0","","","","0.0277"
"中证交易所绿色债券指数","930951","2024-01-24","2024-01-23","2016-12-30","","136.99","136.98","","","0","","","","0.0066"
"中证交易所绿色债券指数","930951","2024-01-25","2024-01-24","2016-12-30","","137.04","136.99","","","0","","","","0.0350"
"中证交易所绿色债券指数","930951","2024-01-26","2024-01-25","2016-12-30","","137.07","137.04","","","0","","","","0.0248"
"中证交易所绿色债券指数","930951","2024-01-29","2024-01-26","2016-12-30","","137.13","137.07","","","0","","","","0.0416"
"中证交易所绿色债券指数","930951","2024-01-30","2024-01-29","2016-12-30","","137.17","137.13","","","0","","","","0.0299"
"中证交易所绿色债券指数","930951","2024-01-31","2024-01-30","2016-12-30","","137.25","137.17","","","0","","","","0.0598"
"中证交易所绿色债券指数","930951","2024-02-01","2024-01-31","2016-12-30","","137.34","137.25","","","0","","","","0.0641"
"中证交易所绿色债券指数","930951","2024-02-02","2024-02-01","2016-12-30","","137.40","137.34","","","0","","","","0.0451"
"中证交易所绿色债券指数","930951","2024-02-05","2024-02-02","2016-12-30","","137.51","137.40","","","0","","","","0.0815"
"中证交易所绿色债券指数","930951","2024-02-06","2024-02-05","2016-12-30","","137.54","137.51","","","0","","","","0.0153"
"中证交易所绿色债券指数","930951","2024-02-07","2024-02-06","2016-12-30","","137.55","137.54","","","0","","","","0.0073"
"中证交易所绿色债券指数","930951","2024-02-08","2024-02-07","2016-12-30","","137.59","137.55","","","0","","","","0.0342"
"中证交易所绿色债券指数","930951","2024-02-19","2024-02-08","2016-12-30","","137.71","137.59","","","0","","","","0.0850"
"中证交易所绿色债券指数","930951","2024-02-20","2024-02-19","2016-12-30","","137.76","137.71","","","0","","","","0.0349"
"中证交易所绿色债券指数","930951","2024-02-21","2024-02-20","2016-12-30","","137.80","137.76","","","0","","","","0.0327"
"中证交易所绿色债券指数","930951","2024-02-22","2024-02-21","2016-12-30","","137.86","137.80","","","0","","","","0.0385"
"中证交易所绿色债券指数","930951","2024-02-23","2024-02-22","2016-12-30","","137.94","137.86","","","0","","","","0.0624"
"中证交易所绿色债券指数","930951","2024-02-26","2024-02-23","2016-12-30","","138.01","137.94","","","0","","","","0.0515"
"中证交易所绿色债券指数","930951","2024-02-27","2024-02-26","2016-12-30","","138.08","138.01","","","0","","","","0.0493"
"中证交易所绿色债券指数","930951","2024-02-28","2024-02-27","2016-12-30","","138.11","138.08","","","0","","","","0.0225"
"中证交易所绿色债券指数","930951","2024-02-29","2024-02-28","2016-12-30","","138.15","138.11","","","0","","","","0.0290"
"中证交易所绿色债券指数","930951","2024-03-01","2024-02-29","2016-12-30","","138.17","138.15","","","0","","","","0.0130"
"中证交易所绿色债券指数","930951","2024-03-04","2024-03-01","2016-12-30","","138.17","138.17","","","0","","","","-0.0014"
"中证交易所绿色债券指数","930951","2024-03-05","2024-03-04","2016-12-30","","138.20","138.17","","","0","","","","0.0217"
"中证交易所绿色债券指数","930951","2024-03-06","2024-03-05","2016-12-30","","138.23","138.20","","","0","","","","0.0260"
"中证交易所绿色债券指数","930951","2024-03-07","2024-03-06","2016-12-30","","138.28","138.23","","","0","","","","0.0311"
"中证交易所绿色债券指数","930951","2024-03-08","2024-03-07","2016-12-30","","138.29","138.28","","","0","","","","0.0072"
"中证交易所绿色债券指数","930951","2024-03-11","2024-03-08","2016-12-30","","138.32","138.29","","","0","","","","0.0239"
"中证交易所绿色债券指数","930951","2024-03-12","2024-03-11","2016-12-30","","138.29","138.32","","","0","","","","-0.0239"
"中证交易所绿色债券指数","930951","2024-03-13","2024-03-12","2016-12-30","","138.21","138.29","","","0","","","","-0.0550"
"中证交易所绿色债券指数","930951","2024-03-14","2024-03-13","2016-12-30","","138.17","138.21","","","0","","","","-0.0260"
"中证交易所绿色债券指数","930951","2024-03-15","2024-03-14","2016-12-30","","138.17","138.17","","","0","","","","0.0000"
"中证交易所绿色债券指数","930951","2024-03-18","2024-03-15","2016-12-30","","138.23","138.17","","","0","","","","0.0413"
"中证交易所绿色债券指数","930951","2024-03-19","2024-03-18","2016-12-30","","138.28","138.23","","","0","","","","0.0318"
"中证交易所绿色债券指数","930951","2024-03-20","2024-03-19","2016-12-30","","138.29","138.28","","","0","","","","0.0094"
"中证交易所绿色债券指数","930951","2024-03-21","2024-03-20","2016-12-30","","138.32","138.29","","","0","","","","0.0224"
"中证交易所绿色债券指数","930951","2024-03-22","2024-03-21","2016-12-30","","138.32","138.32","","","0","","","","0.0036"
"中证交易所绿色债券指数","930951","2024-03-25","2024-03-22","2016-12-30","","138.34","138.32","","","0","","","","0.0145"
"中证交易所绿色债券指数","930951","2024-03-26","2024-03-25","2016-12-30","","138.32","138.34","","","0","","","","-0.0181"
"中证交易所绿色债券指数","930951","2024-03-27","2024-03-26","2016-12-30","","138.34","138.32","","","0","","","","0.0174"
"中证交易所绿色债券指数","930951","2024-03-28","2024-03-27","2016-12-30","","138.37","138.34","","","0","","","","0.0188"
"中证交易所绿色债券指数","930951","2024-03-29","2024-03-28","2016-12-30","","138.41","138.37","","","0","","","","0.0260"
"中证交易所绿色债券指数","930951","2024-04-01","2024-03-29","2016-12-30","","138.46","138.41","","","0","","","","0.0405"
"中证交易所绿色债券指数","930951","2024-04-02","2024-04-01","2016-12-30","","138.49","138.46","","","0","","","","0.0188"
"中证交易所绿色债券指数","930951","2024-04-03","2024-04-02","2016-12-30","","138.54","138.49","","","0","","","","0.0354"
"中证交易所绿色债券指数","930951","2024-04-08","2024-04-03","2016-12-30","","138.65","138.54","","","0","","","","0.0794"
"中证交易所绿色债券指数","930951","2024-04-09","2024-04-08","2016-12-30","","138.73","138.65","","","0","","","","0.0599"
"中证交易所绿色债券指数","930951","2024-04-10","2024-04-09","2016-12-30","","138.77","138.73","","","0","","","","0.0310"
"中证交易所绿色债券指数","930951","2024-04-11","2024-04-10","2016-12-30","","138.84","138.77","","","0","","","","0.0490"
"中证交易所绿色债券指数","930951","2024-04-12","2024-04-11","2016-12-30","","138.95","138.84","","","0","","","","0.0821"
"中证交易所绿色债券指数","930951","2024-04-15","2024-04-12","2016-12-30","","139.04","138.95","","","0","","","","0.0619"
"中证交易所绿色债券指数","930951","2024-04-16","2024-04-15","2016-12-30","","139.09","139.04","","","0","","","","0.0324"
"中证交易所绿色债券指数","930951","2024-04-17","2024-04-16","2016-12-30","","139.12","139.09","","","0","","","","0.0259"
"中证交易所绿色债券指数","930951","2024-04-18","2024-04-17","2016-12-30","","139.18","139.12","","","0","","","","0.0453"
"中证交易所绿色债券指数","930951","2024-04-19","2024-04-18","2016-12-30","","139.29","139.18","","","0","","","","0.0762"
"中证交易所绿色债券指数","930951","2024-04-22","2024-04-19","2016-12-30","","139.39","139.29","","","0","","","","0.0696"
"中证交易所绿色债券指数","930951","2024-04-23","2024-04-22","2016-12-30","","139.48","139.39","","","0","","","","0.0660"
"中证交易所绿色债券指数","930951","2024-04-24","2024-04-23","2016-12-30","","139.50","139.48","","","0","","","","0.0136"
"中证交易所绿色债券指数","930951","2024-04-25","2024-04-24","2016-12-30","","139.44","139.50","","","0","","","","-0.0387"
"中证交易所绿色债券指数","930951","2024-04-26","2024-04-25","2016-12-30","","139.41","139.44","","","0","","","","-0.0222"
"中证交易所绿色债券指数","930951","2024-04-29","2024-04-26","2016-12-30","","139.22","139.41","","","0","","","","-0.1370"
"中证交易所绿色债券指数","930951","2024-04-30","2024-04-29","2016-12-30","","139.16","139.22","","","0","","","","-0.0481"
"中证交易所绿色债券指数","930951","2024-05-06","2024-04-30","2016-12-30","","139.29","139.16","","","0","","","","0.0985"
"中证交易所绿色债券指数","930951","2024-05-07","2024-05-06","2016-12-30","","139.39","139.29","","","0","","","","0.0732"
"中证交易所绿色债券指数","930951","2024-05-08","2024-05-07","2016-12-30","","139.48","139.39","","","0","","","","0.0603"
"中证交易所绿色债券指数","930951","2024-05-09","2024-05-08","2016-12-30","","139.49","139.48","","","0","","","","0.0108"
"中证交易所绿色债券指数","930951","2024-05-10","2024-05-09","2016-12-30","","139.49","139.49","","","0","","","","-0.0029"
"中证交易所绿色债券指数","930951","2024-05-13","2024-05-10","2016-12-30","","139.52","139.49","","","0","","","","0.0237"
"中证交易所绿色债券指数","930951","2024-05-14","2024-05-13","2016-12-30","","139.61","139.52","","","0","","","","0.0602"
"中证交易所绿色债券指数","930951","2024-05-15","2024-05-14","2016-12-30","","139.64","139.61","","","0","","","","0.0251"
"中证交易所绿色债券指数","930951","2024-05-16","2024-05-15","2016-12-30","","139.66","139.64","","","0","","","","0.0136"
"中证交易所绿色债券指数","930951","2024-05-17","2024-05-16","2016-12-30","","139.64","139.66","","","0","","","","-0.0165"
"中证交易所绿色债券指数","930951","2024-05-20","2024-05-17","2016-12-30","","139.69","139.64","","","0","","","","0.0387"
"中证交易所绿色债券指数","930951","2024-05-21","2024-05-20","2016-12-30","","139.70","139.69","","","0","","","","0.0043"
"中证交易所绿色债券指数","930951","2024-05-22","2024-05-21","2016-12-30","","139.73","139.70","","","0","","","","0.0236"
"中证交易所绿色债券指数","930951","2024-05-23","2024-05-22","2016-12-30","","139.77","139.73","","","0","","","","0.0293"
"中证交易所绿色债券指数","930951","2024-05-24","2024-05-23","2016-12-30","","139.80","139.77","","","0","","","","0.0200"
"中证交易所绿色债券指数","930951","2024-05-27","2024-05-24","2016-12-30","","139.83","139.80","","","0","","","","0.0207"
"中证交易所绿色债券指数","930951","2024-05-28","2024-05-27","2016-12-30","","139.86","139.83","","","0","","","","0.0229"
"中证交易所绿色债券指数","930951","2024-05-29","2024-05-28","2016-12-30","","139.90","139.86","","","0","","","","0.0293"
"中证交易所绿色债券指数","930951","2024-05-30","2024-05-29","2016-12-30","","139.96","139.90","","","0","","","","0.0429"
"中证交易所绿色债券指数","930951","2024-05-31","2024-05-30","2016-12-30","","139.98","139.96","","","0","","","","0.0107"
"中证交易所绿色债券指数","930951","2024-06-03","2024-05-31","2016-12-30","","140.02","139.98","","","0","","","","0.0286"
"中证交易所绿色债券指数","930951","2024-06-04","2024-06-03","2016-12-30","","140.05","140.02","","","0","","","","0.0271"
"中证交易所绿色债券指数","930951","2024-06-05","2024-06-04","2016-12-30","","140.11","140.05","","","0","","","","0.0393"
"中证交易所绿色债券指数","930951","2024-06-06","2024-06-05","2016-12-30","","140.17","140.11","","","0","","","","0.0400"
"中证交易所绿色债券指数","930951","2024-06-07","2024-06-06","2016-12-30","","140.20","140.17","","","0","","","","0.0271"
"中证交易所绿色债券指数","930951","2024-06-11","2024-06-07","2016-12-30","","140.27","140.20","","","0","","","","0.0485"
"中证交易所绿色债券指数","930951","2024-06-12","2024-06-11","2016-12-30","","140.29","140.27","","","0","","","","0.0164"
"中证交易所绿色债券指数","930951","2024-06-13","2024-06-12","2016-12-30","","140.31","140.29","","","0","","","","0.0114"
"中证交易所绿色债券指数","930951","2024-06-14","2024-06-13","2016-12-30","","140.35","140.31","","","0","","","","0.0271"
"中证交易所绿色债券指数","930951","2024-06-17","2024-06-14","2016-12-30","","140.39","140.35","","","0","","","","0.0328"
"中证交易所绿色债券指数","930951","2024-06-18","2024-06-17","2016-12-30","","140.42","140.39","","","0","","","","0.0192"
"中证交易所绿色债券指数","930951","2024-06-19","2024-06-18","2016-12-30","","140.45","140.42","","","0","","","","0.0171"
"中证交易所绿色债券指数","930951","2024-06-20","2024-06-19","2016-12-30","","140.48","140.45","","","0","","","","0.0271"
"中证交易所绿色债券指数","930951","2024-06-21","2024-06-20","2016-12-30","","140.49","140.48","","","0","","","","0.0036"
"中证交易所绿色债券指数","930951","2024-06-24","2024-06-21","2016-12-30","","140.50","140.49","","","0","","","","0.0078"
"中证交易所绿色债券指数","930951","2024-06-25","2024-06-24","2016-12-30","","140.51","140.50","","","0","","","","0.0093"
"中证交易所绿色债券指数","930951","2024-06-26","2024-06-25","2016-12-30","","140.54","140.51","","","0","","","","0.0192"
"中证交易所绿色债券指数","930951","2024-06-27","2024-06-26","2016-12-30","","140.58","140.54","","","0","","","","0.0285"
"中证交易所绿色债券指数","930951","2024-06-28","2024-06-27","2016-12-30","","140.62","140.58","","","0","","","","0.0270"
"中证交易所绿色债券指数","930951","2024-07-01","2024-06-28","2016-12-30","","140.65","140.62","","","0","","","","0.0220"
"中证交易所绿色债券指数","930951","2024-07-02","2024-07-01","2016-12-30","","140.66","140.65","","","0","","","","0.0064"
"中证交易所绿色债券指数","930951","2024-07-03","2024-07-02","2016-12-30","","140.69","140.66","","","0","","","","0.0256"
"中证交易所绿色债券指数","930951","2024-07-04","2024-07-03","2016-12-30","","140.73","140.69","","","0","","","","0.0227"
"中证交易所绿色债券指数","930951","2024-07-05","2024-07-04","2016-12-30","","140.73","140.73","","","0","","","","0.0057"
"中证交易所绿色债券指数","930951","2024-07-08","2024-07-05","2016-12-30","","140.67","140.73","","","0","","","","-0.0441"
"中证交易所绿色债券指数","930951","2024-07-09","2024-07-08","2016-12-30","","140.71","140.67","","","0","","","","0.0299"
"中证交易所绿色债券指数","930951","2024-07-10","2024-07-09","2016-12-30","","140.73","140.71","","","0","","","","0.0135"
"中证交易所绿色债券指数","930951","2024-07-11","2024-07-10","2016-12-30","","140.76","140.73","","","0","","","","0.0213"
"中证交易所绿色债券指数","930951","2024-07-12","2024-07-11","2016-12-30","","140.81","140.76","","","0","","","","0.0320"
"中证交易所绿色债券指数","930951","2024-07-15","2024-07-12","2016-12-30","","140.85","140.81","","","0","","","","0.0312"
"中证交易所绿色债券指数","930951","2024-07-16","2024-07-15","2016-12-30","","140.89","140.85","","","0","","","","0.0284"
"中证交易所绿色债券指数","930951","2024-07-17","2024-07-16","2016-12-30","","140.90","140.89","","","0","","","","0.0050"
"中证交易所绿色债券指数","930951","2024-07-18","2024-07-17","2016-12-30","","140.91","140.90","","","0","","","","0.0114"
"中证交易所绿色债券指数","930951","2024-07-19","2024-07-18","2016-12-30","","140.93","140.91","","","0","","","","0.0114"
"中证交易所绿色债券指数","930951","2024-07-22","2024-07-19","2016-12-30","","141.02","140.93","","","0","","","","0.0639"
"中证交易所绿色债券指数","930951","2024-07-23","2024-07-22","2016-12-30","","141.09","141.02","","","0","","","","0.0489"
"中证交易所绿色债券指数","930951","2024-07-24","2024-07-23","2016-12-30","","141.13","141.09","","","0","","","","0.0262"
"中证交易所绿色债券指数","930951","2024-07-25","2024-07-24","2016-12-30","","141.19","141.13","","","0","","","","0.0439"
"中证交易所绿色债券指数","930951","2024-07-26","2024-07-25","2016-12-30","","141.25","141.19","","","0","","","","0.0460"
"中证交易所绿色债券指数","930951","2024-07-29","2024-07-26","2016-12-30","","141.31","141.25","","","0","","","","0.0432"
"中证交易所绿色债券指数","930951","2024-07-30","2024-07-29","2016-12-30","","141.37","141.31","","","0","","","","0.0389"
"中证交易所绿色债券指数","930951","2024-07-31","2024-07-30","2016-12-30","","141.42","141.37","","","0","","","","0.0368"
"中证交易所绿色债券指数","930951","2024-08-01","2024-07-31","2016-12-30","","141.45","141.42","","","0","","","","0.0212"
"中证交易所绿色债券指数","930951","2024-08-02","2024-08-01","2016-12-30","","141.51","141.45","","","0","","","","0.0410"
"中证交易所绿色债券指数","930951","2024-08-05","2024-08-02","2016-12-30","","141.58","141.51","","","0","","","","0.0509"
"中证交易所绿色债券指数","930951","2024-08-06","2024-08-05","2016-12-30","","141.57","141.58","","","0","","","","-0.0092"
"中证交易所绿色债券指数","930951","2024-08-07","2024-08-06","2016-12-30","","141.59","141.57","","","0","","","","0.0184"
"中证交易所绿色债券指数","930951","2024-08-08","2024-08-07","2016-12-30","","141.59","141.59","","","0","","","","-0.0049"
"中证交易所绿色债券指数","930951","2024-08-09","2024-08-08","2016-12-30","","141.53","141.59","","","0","","","","-0.0417"
"中证交易所绿色债券指数","930951","2024-08-12","2024-08-09","2016-12-30","","141.41","141.53","","","0","","","","-0.0869"
"中证交易所绿色债券指数","930951","2024-08-13","2024-08-12","2016-12-30","","141.33","141.41","","","0","","","","-0.0523"
"中证交易所绿色债券指数","930951","2024-08-14","2024-08-13","2016-12-30","","141.43","141.33","","","0","","","","0.0700"
"中证交易所绿色债券指数","930951","2024-08-15","2024-08-14","2016-12-30","","141.44","141.43","","","0","","","","0.0071"
"中证交易所绿色债券指数","930951","2024-08-16","2024-08-15","2016-12-30","","141.45","141.44","","","0","","","","0.0099"
"中证交易所绿色债券指数","930951","2024-08-19","2024-08-16","2016-12-30","","141.49","141.45","","","0","","","","0.0276"
"中证交易所绿色债券指数","930951","2024-08-20","2024-08-19","2016-12-30","","141.48","141.49","","","0","","","","-0.0106"
"中证交易所绿色债券指数","930951","2024-08-21","2024-08-20","2016-12-30","","141.43","141.48","","","0","","","","-0.0360"
"中证交易所绿色债券指数","930951","2024-08-22","2024-08-21","2016-12-30","","141.41","141.43","","","0","","","","-0.0148"
"中证交易所绿色债券指数","930951","2024-08-23","2024-08-22","2016-12-30","","141.35","141.41","","","0","","","","-0.0396"
"中证交易所绿色债券指数","930951","2024-08-26","2024-08-23","2016-12-30","","141.32","141.35","","","0","","","","-0.0198"
"中证交易所绿色债券指数","930951","2024-08-27","2024-08-26","2016-12-30","","141.17","141.32","","","0","","","","-0.1047"
"中证交易所绿色债券指数","930951","2024-08-28","2024-08-27","2016-12-30","","141.09","141.17","","","0","","","","-0.0588"
"中证交易所绿色债券指数","930951","2024-08-29","2024-08-28","2016-12-30","","141.18","141.09","","","0","","","","0.0631"
"中证交易所绿色债券指数","930951","2024-08-30","2024-08-29","2016-12-30","","141.19","141.18","","","0","","","","0.0092"
"中证交易所绿色债券指数","930951","2024-09-02","2024-08-30","2016-12-30","","141.29","141.19","","","0","","","","0.0673"
"中证交易所绿色债券指数","930951","2024-09-03","2024-09-02","2016-12-30","","141.35","141.29","","","0","","","","0.0446"
"中证交易所绿色债券指数","930951","2024-09-04","2024-09-03","2016-12-30","","141.40","141.35","","","0","","","","0.0333"
"中证交易所绿色债券指数","930951","2024-09-05","2024-09-04","2016-12-30","","141.44","141.40","","","0","","","","0.0276"
"中证交易所绿色债券指数","930951","2024-09-06","2024-09-05","2016-12-30","","141.48","141.44","","","0","","","","0.0269"
"中证交易所绿色债券指数","930951","2024-09-09","2024-09-06","2016-12-30","","141.50","141.48","","","0","","","","0.0141"
"中证交易所绿色债券指数","930951","2024-09-10","2024-09-09","2016-12-30","","141.49","141.50","","","0","","","","-0.0028"
"中证交易所绿色债券指数","930951","2024-09-11","2024-09-10","2016-12-30","","141.51","141.49","","","0","","","","0.0155"
"中证交易所绿色债券指数","930951","2024-09-12","2024-09-11","2016-12-30","","141.53","141.51","","","0","","","","0.0141"
"中证交易所绿色债券指数","930951","2024-09-13","2024-09-12","2016-12-30","","141.56","141.53","","","0","","","","0.0198"
"中证交易所绿色债券指数","930951","2024-09-18","2024-09-13","2016-12-30","","141.62","141.56","","","0","","","","0.0417"
"中证交易所绿色债券指数","930951","2024-09-19","2024-09-18","2016-12-30","","141.64","141.62","","","0","","","","0.0169"
"中证交易所绿色债券指数","930951","2024-09-20","2024-09-19","2016-12-30","","141.62","141.64","","","0","","","","-0.0155"
"中证交易所绿色债券指数","930951","2024-09-23","2024-09-20","2016-12-30","","141.65","141.62","","","0","","","","0.0177"
"中证交易所绿色债券指数","930951","2024-09-24","2024-09-23","2016-12-30","","141.67","141.65","","","0","","","","0.0148"
"中证交易所绿色债券指数","930951","2024-09-25","2024-09-24","2016-12-30","","141.68","141.67","","","0","","","","0.0099"
"中证交易所绿色债券指数","930951","2024-09-26","2024-09-25","2016-12-30","","141.70","141.68","","","0","","","","0.0134"
"中证交易所绿色债券指数","930951","2024-09-27","2024-09-26","2016-12-30","","141.52","141.70","","","0","","","","-0.1306"
"中证交易所绿色债券指数","930951","2024-09-30","2024-09-27","2016-12-30","","140.93","141.52","","","0","","","","-0.4148"
"中证交易所绿色债券指数","930951","2024-10-08","2024-09-30","2016-12-30","","140.94","140.93","","","0","","","","0.0085"
"中证交易所绿色债券指数","930951","2024-10-09","2024-10-08","2016-12-30","","140.49","140.94","","","0","","","","-0.3172"
"中证交易所绿色债券指数","930951","2024-10-10","2024-10-09","2016-12-30","","140.64","140.49","","","0","","","","0.1018"
"中证交易所绿色债券指数","930951","2024-10-11","2024-10-10","2016-12-30","","140.90","140.64","","","0","","","","0.1835"
"中证交易所绿色债券指数","930951","2024-10-14","2024-10-11","2016-12-30","","141.31","140.90","","","0","","","","0.2960"
"中证交易所绿色债券指数","930951","2024-10-15","2024-10-14","2016-12-30","","141.39","141.31","","","0","","","","0.0538"
"中证交易所绿色债券指数","930951","2024-10-16","2024-10-15","2016-12-30","","141.46","141.39","","","0","","","","0.0495"
"中证交易所绿色债券指数","930951","2024-10-17","2024-10-16","2016-12-30","","141.52","141.46","","","0","","","","0.0417"
"中证交易所绿色债券指数","930951","2024-10-18","2024-10-17","2016-12-30","","141.56","141.52","","","0","","","","0.0297"
"中证交易所绿色债券指数","930951","2024-10-21","2024-10-18","2016-12-30","","141.57","141.56","","","0","","","","0.0064"
"中证交易所绿色债券指数","930951","2024-10-22","2024-10-21","2016-12-30","","141.51","141.57","","","0","","","","-0.0389"
"中证交易所绿色债券指数","930951","2024-10-23","2024-10-22","2016-12-30","","141.37","141.51","","","0","","","","-0.0996"
"中证交易所绿色债券指数","930951","2024-10-24","2024-10-23","2016-12-30","","141.39","141.37","","","0","","","","0.0156"
"中证交易所绿色债券指数","930951","2024-10-25","2024-10-24","2016-12-30","","141.35","141.39","","","0","","","","-0.0304"
"中证交易所绿色债券指数","930951","2024-10-28","2024-10-25","2016-12-30","","141.31","141.35","","","0","","","","-0.0318"
"中证交易所绿色债券指数","930951","2024-10-29","2024-10-28","2016-12-30","","141.27","141.31","","","0","","","","-0.0269"
"中证交易所绿色债券指数","930951","2024-10-30","2024-10-29","2016-12-30","","141.28","141.27","","","0","","","","0.0085"
"中证交易所绿色债券指数","930951","2024-10-31","2024-10-30","2016-12-30","","141.30","141.28","","","0","","","","0.0106"
"中证交易所绿色债券指数","930951","2024-11-01","2024-10-31","2016-12-30","","141.37","141.30","","","0","","","","0.0531"
"中证交易所绿色债券指数","930951","2024-11-04","2024-11-01","2016-12-30","","141.45","141.37","","","0","","","","0.0580"
"中证交易所绿色债券指数","930951","2024-11-05","2024-11-04","2016-12-30","","141.48","141.45","","","0","","","","0.0219"
"中证交易所绿色债券指数","930951","2024-11-06","2024-11-05","2016-12-30","","141.50","141.48","","","0","","","","0.0141"
"中证交易所绿色债券指数","930951","2024-11-07","2024-11-06","2016-12-30","","141.58","141.50","","","0","","","","0.0530"
"中证交易所绿色债券指数","930951","2024-11-08","2024-11-07","2016-12-30","","141.64","141.58","","","0","","","","0.0459"
"中证交易所绿色债券指数","930951","2024-11-11","2024-11-08","2016-12-30","","141.72","141.64","","","0","","","","0.0537"
"中证交易所绿色债券指数","930951","2024-11-12","2024-11-11","2016-12-30","","141.77","141.72","","","0","","","","0.0339"
"中证交易所绿色债券指数","930951","2024-11-13","2024-11-12","2016-12-30","","141.82","141.77","","","0","","","","0.0339"
"中证交易所绿色债券指数","930951","2024-11-14","2024-11-13","2016-12-30","","141.81","141.82","","","0","","","","-0.0035"
"中证交易所绿色债券指数","930951","2024-11-15","2024-11-14","2016-12-30","","141.85","141.81","","","0","","","","0.0247"
"中证交易所绿色债券指数","930951","2024-11-18","2024-11-15","2016-12-30","","141.89","141.85","","","0","","","","0.0289"
"中证交易所绿色债券指数","930951","2024-11-19","2024-11-18","2016-12-30","","141.88","141.89","","","0","","","","-0.0021"
"中证交易所绿色债券指数","930951","2024-11-20","2024-11-19","2016-12-30","","141.89","141.88","","","0","","","","0.0070"
"中证交易所绿色债券指数","930951","2024-11-21","2024-11-20","2016-12-30","","141.93","141.89","","","0","","","","0.0247"
"中证交易所绿色债券指数","930951","2024-11-22","2024-11-21","2016-12-30","","141.99","141.93","","","0","","","","0.0416"
"中证交易所绿色债券指数","930951","2024-11-25","2024-11-22","2016-12-30","","142.03","141.99","","","0","","","","0.0282"
"中证交易所绿色债券指数","930951","2024-11-26","2024-11-25","2016-12-30","","142.09","142.03","","","0","","","","0.0422"
"中证交易所绿色债券指数","930951","2024-11-27","2024-11-26","2016-12-30","","142.13","142.09","","","0","","","","0.0282"
"中证交易所绿色债券指数","930951","2024-11-28","2024-11-27","2016-12-30","","142.18","142.13","","","0","","","","0.0380"
"中证交易所绿色债券指数","930951","2024-11-29","2024-11-28","2016-12-30","","142.27","142.18","","","0","","","","0.0605"
"中证交易所绿色债券指数","930951","2024-12-02","2024-11-29","2016-12-30","","142.47","142.27","","","0","","","","0.1427"
"中证交易所绿色债券指数","930951","2024-12-03","2024-12-02","2016-12-30","","142.57","142.47","","","0","","","","0.0723"
"中证交易所绿色债券指数","930951","2024-12-04","2024-12-03","2016-12-30","","142.62","142.57","","","0","","","","0.0337"
"中证交易所绿色债券指数","930951","2024-12-05","2024-12-04","2016-12-30","","142.66","142.62","","","0","","","","0.0301"
"中证交易所绿色债券指数","930951","2024-12-06","2024-12-05","2016-12-30","","142.70","142.66","","","0","","","","0.0266"
"中证交易所绿色债券指数","930951","2024-12-09","2024-12-06","2016-12-30","","142.76","142.70","","","0","","","","0.0413"
"中证交易所绿色债券指数","930951","2024-12-10","2024-12-09","2016-12-30","","142.90","142.76","","","0","","","","0.0967"
"中证交易所绿色债券指数","930951","2024-12-11","2024-12-10","2016-12-30","","142.92","142.90","","","0","","","","0.0119"
"中证交易所绿色债券指数","930951","2024-12-12","2024-12-11","2016-12-30","","142.95","142.92","","","0","","","","0.0259"
"中证交易所绿色债券指数","930951","2024-12-13","2024-12-12","2016-12-30","","143.05","142.95","","","0","","","","0.0651"
"中证交易所绿色债券指数","930951","2024-12-16","2024-12-13","2016-12-30","","143.17","143.05","","","0","","","","0.0839"
"中证交易所绿色债券指数","930951","2024-12-17","2024-12-16","2016-12-30","","143.19","143.17","","","0","","","","0.0161"
"中证交易所绿色债券指数","930951","2024-12-18","2024-12-17","2016-12-30","","143.14","143.19","","","0","","","","-0.0356"
"中证交易所绿色债券指数","930951","2024-12-19","2024-12-18","2016-12-30","","143.10","143.14","","","0","","","","-0.0238"
"中证交易所绿色债券指数","930951","2024-12-20","2024-12-19","2016-12-30","","143.15","143.10","","","0","","","","0.0293"
"中证交易所绿色债券指数","930951","2024-12-23","2024-12-20","2016-12-30","","143.25","143.15","","","0","","","","0.0699"
"中证交易所绿色债券指数","930951","2024-12-24","2024-12-23","2016-12-30","","143.24","143.25","","","0","","","","-0.0014"
"中证交易所绿色债券指数","930951","2024-12-25","2024-12-24","2016-12-30","","143.21","143.24","","","0","","","","-0.0223"
"中证交易所绿色债券指数","930951","2024-12-26","2024-12-25","2016-12-30","","143.19","143.21","","","0","","","","-0.0133"
"中证交易所绿色债券指数","930951","2024-12-27","2024-12-26","2016-12-30","","143.24","143.19","","","0","","","","0.0307"
"中证交易所绿色债券指数","930951","2024-12-30","2024-12-27","2016-12-30","","143.30","143.24","","","0","","","","0.0405"
"中证交易所绿色债券指数","930951","2024-12-31","2024-12-30","2016-12-30","","143.36","143.30","","","0","","","","0.0426"
"中证交易所绿色债券指数","930951","2025-01-02","2024-12-31","2016-12-30","","143.48","143.36","","","0","","","","0.0886"
"中证交易所绿色债券指数","930951","2025-01-03","2025-01-02","2016-12-30","","143.62","143.48","","","0","","","","0.0976"
"中证交易所绿色债券指数","930951","2025-01-06","2025-01-03","2016-12-30","","143.69","143.62","","","0","","","","0.0487"
"中证交易所绿色债券指数","930951","2025-01-07","2025-01-06","2016-12-30","","143.73","143.69","","","0","","","","0.0230"
"中证交易所绿色债券指数","930951","2025-01-08","2025-01-07","2016-12-30","","143.72","143.73","","","0","","","","-0.0077"
"中证交易所绿色债券指数","930951","2025-01-09","2025-01-08","2016-12-30","","143.70","143.72","","","0","","","","-0.0125"
"中证交易所绿色债券指数","930951","2025-01-10","2025-01-09","2016-12-30","","143.61","143.70","","","0","","","","-0.0592"
"中证交易所绿色债券指数","930951","2025-01-13","2025-01-10","2016-12-30","","143.59","143.61","","","0","","","","-0.0139"
"中证交易所绿色债券指数","930951","2025-01-14","2025-01-13","2016-12-30","","143.54","143.59","","","0","","","","-0.0348"
"中证交易所绿色债券指数","930951","2025-01-15","2025-01-14","2016-12-30","","143.56","143.54","","","0","","","","0.0139"
"中证交易所绿色债券指数","930951","2025-01-16","2025-01-15","2016-12-30","","143.54","143.56","","","0","","","","-0.0181"
"中证交易所绿色债券指数","930951","2025-01-17","2025-01-16","2016-12-30","","143.50","143.54","","","0","","","","-0.0279"
"中证交易所绿色债券指数","930951","2025-01-20","2025-01-17","2016-12-30","","143.48","143.50","","","0","","","","-0.0139"
"中证交易所绿色债券指数","930951","2025-01-21","2025-01-20","2016-12-30","","143.47","143.48","","","0","","","","-0.0021"
"中证交易所绿色债券指数","930951","2025-01-22","2025-01-21","2016-12-30","","143.53","143.47","","","0","","","","0.0425"
"中证交易所绿色债券指数","930951","2025-01-23","2025-01-22","2016-12-30","","143.51","143.53","","","0","","","","-0.0153"
"中证交易所绿色债券指数","930951","2025-01-24","2025-01-23","2016-12-30","","143.50","143.51","","","0","","","","-0.0070"
"中证交易所绿色债券指数","930951","2025-01-27","2025-01-24","2016-12-30","","143.57","143.50","","","0","","","","0.0439"
"中证交易所绿色债券指数","930951","2025-02-05","2025-01-27","2016-12-30","","143.66","143.57","","","0","","","","0.0683"
"中证交易所绿色债券指数","930951","2025-02-06","2025-02-05","2016-12-30","","143.73","143.66","","","0","","","","0.0439"
"中证交易所绿色债券指数","930951","2025-02-07","2025-02-06","2016-12-30","","143.80","143.73","","","0","","","","0.0494"
"中证交易所绿色债券指数","930951","2025-02-10","2025-02-07","2016-12-30","","143.82","143.80","","","0","","","","0.0139"
"中证交易所绿色债券指数","930951","2025-02-11","2025-02-10","2016-12-30","","143.81","143.82","","","0","","","","-0.0083"
"中证交易所绿色债券指数","930951","2025-02-12","2025-02-11","2016-12-30","","143.80","143.81","","","0","","","","-0.0056"
"中证交易所绿色债券指数","930951","2025-02-13","2025-02-12","2016-12-30","","143.81","143.80","","","0","","","","0.0070"
"中证交易所绿色债券指数","930951","2025-02-14","2025-02-13","2016-12-30","","143.77","143.81","","","0","","","","-0.0250"
"中证交易所绿色债券指数","930951","2025-02-17","2025-02-14","2016-12-30","","143.71","143.77","","","0","","","","-0.0410"
"中证交易所绿色债券指数","930951","2025-02-18","2025-02-17","2016-12-30","","143.64","143.71","","","0","","","","-0.0494"
"中证交易所绿色债券指数","930951","2025-02-19","2025-02-18","2016-12-30","","143.60","143.64","","","0","","","","-0.0299"
"中证交易所绿色债券指数","930951","2025-02-20","2025-02-19","2016-12-30","","143.56","143.60","","","0","","","","-0.0279"
"中证交易所绿色债券指数","930951","2025-02-21","2025-02-20","2016-12-30","","143.47","143.56","","","0","","","","-0.0592"
"中证交易所绿色债券指数","930951","2025-02-24","2025-02-21","2016-12-30","","143.36","143.47","","","0","","","","-0.0774"
"中证交易所绿色债券指数","930951","2025-02-25","2025-02-24","2016-12-30","","143.26","143.36","","","0","","","","-0.0746"
"中证交易所绿色债券指数","930951","2025-02-26","2025-02-25","2016-12-30","","143.23","143.26","","","0","","","","-0.0181"
"中证交易所绿色债券指数","930951","2025-02-27","2025-02-26","2016-12-30","","143.21","143.23","","","0","","","","-0.0140"
"中证交易所绿色债券指数","930951","2025-02-28","2025-02-27","2016-12-30","","143.17","143.21","","","0","","","","-0.0293"
"中证交易所绿色债券指数","930951","2025-03-03","2025-02-28","2016-12-30","","143.17","143.17","","","0","","","","0.0028"
"中证交易所绿色债券指数","930951","2025-03-04","2025-03-03","2016-12-30","","143.20","143.17","","","0","","","","0.0217"
"中证交易所绿色债券指数","930951","2025-03-05","2025-03-04","2016-12-30","","143.22","143.20","","","0","","","","0.0112"
"中证交易所绿色债券指数","930951","2025-03-06","2025-03-05","2016-12-30","","143.19","143.22","","","0","","","","-0.0182"
"中证交易所绿色债券指数","930951","2025-03-07","2025-03-06","2016-12-30","","143.07","143.19","","","0","","","","-0.0831"
"中证交易所绿色债券指数","930951","2025-03-10","2025-03-07","2016-12-30","","143.02","143.07","","","0","","","","-0.0377"
"中证交易所绿色债券指数","930951","2025-03-11","2025-03-10","2016-12-30","","142.91","143.02","","","0","","","","-0.0762"
"中证交易所绿色债券指数","930951","2025-03-12","2025-03-11","2016-12-30","","142.85","142.91","","","0","","","","-0.0448"
"中证交易所绿色债券指数","930951","2025-03-13","2025-03-12","2016-12-30","","142.94","142.85","","","0","","","","0.0686"
"中证交易所绿色债券指数","930951","2025-03-14","2025-03-13","2016-12-30","","142.99","142.94","","","0","","","","0.0336"
"中证交易所绿色债券指数","930951","2025-03-17","2025-03-14","2016-12-30","","143.01","142.99","","","0","","","","0.0098"
"中证交易所绿色债券指数","930951","2025-03-18","2025-03-17","2016-12-30","","142.99","143.01","","","0","","","","-0.0112"
"中证交易所绿色债券指数","930951","2025-03-19","2025-03-18","2016-12-30","","143.05","142.99","","","0","","","","0.0392"
"中证交易所绿色债券指数","930951","2025-03-20","2025-03-19","2016-12-30","","143.15","143.05","","","0","","","","0.0706"
"中证交易所绿色债券指数","930951","2025-03-21","2025-03-20","2016-12-30","","143.26","143.15","","","0","","","","0.0754"
"中证交易所绿色债券指数","930951","2025-03-24","2025-03-21","2016-12-30","","143.28","143.26","","","0","","","","0.0195"
"中证交易所绿色债券指数","930951","2025-03-25","2025-03-24","2016-12-30","","143.40","143.28","","","0","","","","0.0782"
"中证交易所绿色债券指数","930951","2025-03-26","2025-03-25","2016-12-30","","143.45","143.40","","","0","","","","0.0349"
"中证交易所绿色债券指数","930951","2025-03-27","2025-03-26","2016-12-30","","143.48","143.45","","","0","","","","0.0230"
"中证交易所绿色债券指数","930951","2025-03-28","2025-03-27","2016-12-30","","143.51","143.48","","","0","","","","0.0230"
"中证交易所绿色债券指数","930951","2025-03-31","2025-03-28","2016-12-30","","143.55","143.51","","","0","","","","0.0279"
"中证交易所绿色债券指数","930951","2025-04-01","2025-03-31","2016-12-30","","143.57","143.55","","","0","","","","0.0160"
"中证交易所绿色债券指数","930951","2025-04-02","2025-04-01","2016-12-30","","143.60","143.57","","","0","","","","0.0181"
"中证交易所绿色债券指数","930951","2025-04-03","2025-04-02","2016-12-30","","143.75","143.60","","","0","","","","0.1058"
"中证交易所绿色债券指数","930951","2025-04-07","2025-04-03","2016-12-30","","144.03","143.75","","","0","","","","0.1913"
"中证交易所绿色债券指数","930951","2025-04-08","2025-04-07","2016-12-30","","144.10","144.03","","","0","","","","0.0486"
"中证交易所绿色债券指数","930951","2025-04-09","2025-04-08","2016-12-30","","144.07","144.10","","","0","","","","-0.0173"
"中证交易所绿色债券指数","930951","2025-04-10","2025-04-09","2016-12-30","","144.04","144.07","","","0","","","","-0.0243"
"中证交易所绿色债券指数","930951","2025-04-11","2025-04-10","2016-12-30","","144.06","144.04","","","0","","","","0.0187"
"中证交易所绿色债券指数","930951","2025-04-14","2025-04-11","2016-12-30","","144.07","144.06","","","0","","","","0.0042"
"中证交易所绿色债券指数","930951","2025-04-15","2025-04-14","2016-12-30","","144.08","144.07","","","0","","","","0.0049"
"中证交易所绿色债券指数","930951","2025-04-16","2025-04-15","2016-12-30","","144.07","144.08","","","0","","","","-0.0035"
"中证交易所绿色债券指数","930951","2025-04-17","2025-04-16","2016-12-30","","144.07","144.07","","","0","","","","-0.0035"
"中证交易所绿色债券指数","930951","2025-04-18","2025-04-17","2016-12-30","","144.07","144.07","","","0","","","","0.0042"
"中证交易所绿色债券指数","930951","2025-04-21","2025-04-18","2016-12-30","","144.07","144.07","","","0","","","","-0.0028"
"中证交易所绿色债券指数","930951","2025-04-22","2025-04-21","2016-12-30","","144.05","144.07","","","0","","","","-0.0132"
"中证交易所绿色债券指数","930951","2025-04-23","2025-04-22","2016-12-30","","144.02","144.05","","","0","","","","-0.0180"
"中证交易所绿色债券指数","930951","2025-04-24","2025-04-23","2016-12-30","","144.00","144.02","","","0","","","","-0.0194"
"中证交易所绿色债券指数","930951","2025-04-25","2025-04-24","2016-12-30","","143.98","144.00","","","0","","","","-0.0146"
"中证交易所绿色债券指数","930951","2025-04-28","2025-04-25","2016-12-30","","144.00","143.98","","","0","","","","0.0167"
"中证交易所绿色债券指数","930951","2025-04-29","2025-04-28","2016-12-30","","144.02","144.00","","","0","","","","0.0153"
"中证交易所绿色债券指数","930951","2025-04-30","2025-04-29","2016-12-30","","144.07","144.02","","","0","","","","0.0333"
"中证交易所绿色债券指数","930951","2025-05-06","2025-04-30","2016-12-30","","144.16","144.07","","","0","","","","0.0611"
"中证交易所绿色债券指数","930951","2025-05-07","2025-05-06","2016-12-30","","144.17","144.16","","","0","","","","0.0097"
"中证交易所绿色债券指数","930951","2025-05-08","2025-05-07","2016-12-30","","144.22","144.17","","","0","","","","0.0354"
"中证交易所绿色债券指数","930951","2025-05-09","2025-05-08","2016-12-30","","144.32","144.22","","","0","","","","0.0700"
"中证交易所绿色债券指数","930951","2025-05-12","2025-05-09","2016-12-30","","144.35","144.32","","","0","","","","0.0208"
"中证交易所绿色债券指数","930951","2025-05-13","2025-05-12","2016-12-30","","144.36","144.35","","","0","","","","0.0055"
"中证交易所绿色债券指数","930951","2025-05-14","2025-05-13","2016-12-30","","144.41","144.36","","","0","","","","0.0305"
"中证交易所绿色债券指数","930951","2025-05-15","2025-05-14","2016-12-30","","144.44","144.41","","","0","","","","0.0249"
"中证交易所绿色债券指数","930951","2025-05-16","2025-05-15","2016-12-30","","144.44","144.44","","","0","","","","-0.0007"
"中证交易所绿色债券指数","930951","2025-05-19","2025-05-16","2016-12-30","","144.47","144.44","","","0","","","","0.0235"
"中证交易所绿色债券指数","930951","2025-05-20","2025-05-19","2016-12-30","","144.52","144.47","","","0","","","","0.0291"
"中证交易所绿色债券指数","930951","2025-05-21","2025-05-20","2016-12-30","","144.56","144.52","","","0","","","","0.0318"
"中证交易所绿色债券指数","930951","2025-05-22","2025-05-21","2016-12-30","","144.59","144.56","","","0","","","","0.0187"
"中证交易所绿色债券指数","930951","2025-05-23","2025-05-22","2016-12-30","","144.62","144.59","","","0","","","","0.0180"
"中证交易所绿色债券指数","930951","2025-05-26","2025-05-23","2016-12-30","","144.66","144.62","","","0","","","","0.0318"
"中证交易所绿色债券指数","930951","2025-05-27","2025-05-26","2016-12-30","","144.67","144.66","","","0","","","","0.0062"
"中证交易所绿色债券指数","930951","2025-05-28","2025-05-27","2016-12-30","","144.68","144.67","","","0","","","","0.0035"
"中证交易所绿色债券指数","930951","2025-05-29","2025-05-28","2016-12-30","","144.62","144.68","","","0","","","","-0.0401"
"中证交易所绿色债券指数","930951","2025-05-30","2025-05-29","2016-12-30","","144.63","144.62","","","0","","","","0.0069"
"中证交易所绿色债券指数","930951","2025-06-03","2025-05-30","2016-12-30","","144.68","144.63","","","0","","","","0.0346"
"中证交易所绿色债券指数","930951","2025-06-04","2025-06-03","2016-12-30","","144.69","144.68","","","0","","","","0.0069"
"中证交易所绿色债券指数","930951","2025-06-05","2025-06-04","2016-12-30","","144.71","144.69","","","0","","","","0.0131"
"中证交易所绿色债券指数","930951","2025-06-06","2025-06-05","2016-12-30","","144.72","144.71","","","0","","","","0.0124"
"中证交易所绿色债券指数","930951","2025-06-09","2025-06-06","2016-12-30","","144.77","144.72","","","0","","","","0.0345"
"中证交易所绿色债券指数","930951","2025-06-10","2025-06-09","2016-12-30","","144.81","144.77","","","0","","","","0.0228"
"中证交易所绿色债券指数","930951","2025-06-11","2025-06-10","2016-12-30","","144.84","144.81","","","0","","","","0.0207"
"中证交易所绿色债券指数","930951","2025-06-12","2025-06-11","2016-12-30","","144.86","144.84","","","0","","","","0.0152"
"中证交易所绿色债券指数","930951","2025-06-13","2025-06-12","2016-12-30","","144.89","144.86","","","0","","","","0.0200"
"中证交易所绿色债券指数","930951","2025-06-16","2025-06-13","2016-12-30","","144.92","144.89","","","0","","","","0.0235"
"中证交易所绿色债券指数","930951","2025-06-17","2025-06-16","2016-12-30","","144.96","144.92","","","0","","","","0.0248"
"中证交易所绿色债券指数","930951","2025-06-18","2025-06-17","2016-12-30","","144.99","144.96","","","0","","","","0.0241"
"中证交易所绿色债券指数","930951","2025-06-19","2025-06-18","2016-12-30","","145.03","144.99","","","0","","","","0.0248"
"中证交易所绿色债券指数","930951","2025-06-20","2025-06-19","2016-12-30","","145.07","145.03","","","0","","","","0.0276"
"中证交易所绿色债券指数","930951","2025-06-23","2025-06-20","2016-12-30","","145.13","145.07","","","0","","","","0.0386"
"中证交易所绿色债券指数","930951","2025-06-24","2025-06-23","2016-12-30","","145.14","145.13","","","0","","","","0.0124"
"中证交易所绿色债券指数","930951","2025-06-25","2025-06-24","2016-12-30","","145.15","145.14","","","0","","","","0.0076"
"中证交易所绿色债券指数","930951","2025-06-26","2025-06-25","2016-12-30","","145.17","145.15","","","0","","","","0.0076"
"中证交易所绿色债券指数","930951","2025-06-27","2025-06-26","2016-12-30","","145.15","145.17","","","0","","","","-0.0096"
"中证交易所绿色债券指数","930951","2025-06-30","2025-06-27","2016-12-30","","145.18","145.15","","","0","","","","0.0200"
"中证交易所绿色债券指数","930951","2025-07-01","2025-06-30","2016-12-30","","145.20","145.18","","","0","","","","0.0152"
"中证交易所绿色债券指数","930951","2025-07-02","2025-07-01","2016-12-30","","145.24","145.20","","","0","","","","0.0282"
"中证交易所绿色债券指数","930951","2025-07-03","2025-07-02","2016-12-30","","145.30","145.24","","","0","","","","0.0358"
"中证交易所绿色债券指数","930951","2025-07-04","2025-07-03","2016-12-30","","145.34","145.30","","","0","","","","0.0282"
"中证交易所绿色债券指数","930951","2025-07-07","2025-07-04","2016-12-30","","145.40","145.34","","","0","","","","0.0454"
"中证交易所绿色债券指数","930951","2025-07-08","2025-07-07","2016-12-30","","145.42","145.40","","","0","","","","0.0151"
"中证交易所绿色债券指数","930951","2025-07-09","2025-07-08","2016-12-30","","145.42","145.42","","","0","","","","-0.0014"
"中证交易所绿色债券指数","930951","2025-07-10","2025-07-09","2016-12-30","","145.41","145.42","","","0","","","","-0.0089"
"中证交易所绿色债券指数","930951","2025-07-11","2025-07-10","2016-12-30","","145.38","145.41","","","0","","","","-0.0213"
"中证交易所绿色债券指数","930951","2025-07-14","2025-07-11","2016-12-30","","145.38","145.38","","","0","","","","0.0014"
"中证交易所绿色债券指数","930951","2025-07-15","2025-07-14","2016-12-30","","145.38","145.38","","","0","","","","-0.0007"
"中证交易所绿色债券指数","930951","2025-07-16","2025-07-15","2016-12-30","","145.43","145.38","","","0","","","","0.0316"
"中证交易所绿色债券指数","930951","2025-07-17","2025-07-16","2016-12-30","","145.47","145.43","","","0","","","","0.0282"
"中证交易所绿色债券指数","930951","2025-07-18","2025-07-17","2016-12-30","","145.49","145.47","","","0","","","","0.0137"
"中证交易所绿色债券指数","930951","2025-07-21","2025-07-18","2016-12-30","","145.50","145.49","","","0","","","","0.0062"
"中证交易所绿色债券指数","930951","2025-07-22","2025-07-21","2016-12-30","","145.47","145.50","","","0","","","","-0.0206"
"中证交易所绿色债券指数","930951","2025-07-23","2025-07-22","2016-12-30","","145.40","145.47","","","0","","","","-0.0461"
"中证交易所绿色债券指数","930951","2025-07-24","2025-07-23","2016-12-30","","145.31","145.40","","","0","","","","-0.0585"
"中证交易所绿色债券指数","930951","2025-07-25","2025-07-24","2016-12-30","","145.20","145.31","","","0","","","","-0.0785"
"中证交易所绿色债券指数","930951","2025-07-28","2025-07-25","2016-12-30","","145.25","145.20","","","0","","","","0.0351"
"中证交易所绿色债券指数","930951","2025-07-29","2025-07-28","2016-12-30","","145.24","145.25","","","0","","","","-0.0041"
"中证交易所绿色债券指数","930951","2025-07-30","2025-07-29","2016-12-30","","145.22","145.24","","","0","","","","-0.0158"
"中证交易所绿色债券指数","930951","2025-07-31","2025-07-30","2016-12-30","","145.29","145.22","","","0","","","","0.0461"
"中证交易所绿色债券指数","930951","2025-08-01","2025-07-31","2016-12-30","","145.33","145.29","","","0","","","","0.0296"
"中证交易所绿色债券指数","930951","2025-08-04","2025-08-01","2016-12-30","","145.37","145.33","","","0","","","","0.0241"
"中证交易所绿色债券指数","930951","2025-08-05","2025-08-04","2016-12-30","","145.39","145.37","","","0","","","","0.0131"
"中证交易所绿色债券指数","930951","2025-08-06","2025-08-05","2016-12-30","","145.42","145.39","","","0","","","","0.0241"
"中证交易所绿色债券指数","930951","2025-08-07","2025-08-06","2016-12-30","","145.46","145.42","","","0","","","","0.0261"
"中证交易所绿色债券指数","930951","2025-08-08","2025-08-07","2016-12-30","","145.48","145.46","","","0","","","","0.0117"
"中证交易所绿色债券指数","930951","2025-08-11","2025-08-08","2016-12-30","","145.47","145.48","","","0","","","","-0.0069"
"中证交易所绿色债券指数","930951","2025-08-12","2025-08-11","2016-12-30","","145.41","145.47","","","0","","","","-0.0364"
"中证交易所绿色债券指数","930951","2025-08-13","2025-08-12","2016-12-30","","145.39","145.41","","","0","","","","-0.0158"
"中证交易所绿色债券指数","930951","2025-08-14","2025-08-13","2016-12-30","","145.38","145.39","","","0","","","","-0.0041"
"中证交易所绿色债券指数","930951","2025-08-15","2025-08-14","2016-12-30","","145.38","145.38","","","0","","","","-0.0048"
"中证交易所绿色债券指数","930951","2025-08-18","2025-08-15","2016-12-30","","145.27","145.38","","","0","","","","-0.0764"
"中证交易所绿色债券指数","930951","2025-08-19","2025-08-18","2016-12-30","","145.17","145.27","","","0","","","","-0.0647"
"中证交易所绿色债券指数","930951","2025-08-20","2025-08-19","2016-12-30","","145.19","145.17","","","0","","","","0.0110"
"中证交易所绿色债券指数","930951","2025-08-21","2025-08-20","2016-12-30","","145.14","145.19","","","0","","","","-0.0296"
"中证交易所绿色债券指数","930951","2025-08-22","2025-08-21","2016-12-30","","145.16","145.14","","","0","","","","0.0103"
"中证交易所绿色债券指数","930951","2025-08-25","2025-08-22","2016-12-30","","145.19","145.16","","","0","","","","0.0214"
"中证交易所绿色债券指数","930951","2025-08-26","2025-08-25","2016-12-30","","145.23","145.19","","","0","","","","0.0248"
"中证交易所绿色债券指数","930951","2025-08-27","2025-08-26","2016-12-30","","145.25","145.23","","","0","","","","0.0138"
"中证交易所绿色债券指数","930951","2025-08-28","2025-08-27","2016-12-30","","145.26","145.25","","","0","","","","0.0076"
"中证交易所绿色债券指数","930951","2025-08-29","2025-08-28","2016-12-30","","145.24","145.26","","","0","","","","-0.0131"
"中证交易所绿色债券指数","930951","2025-09-01","2025-08-29","2016-12-30","","145.26","145.24","","","0","","","","0.0179"
"中证交易所绿色债券指数","930951","2025-09-02","2025-09-01","2016-12-30","","145.27","145.26","","","0","","","","0.0062"
"中证交易所绿色债券指数","930951","2025-09-03","2025-09-02","2016-12-30","","145.29","145.27","","","0","","","","0.0103"
"中证交易所绿色债券指数","930951","2025-09-04","2025-09-03","2016-12-30","","145.33","145.29","","","0","","","","0.0310"
"中证交易所绿色债券指数","930951","2025-09-05","2025-09-04","2016-12-30","","145.33","145.33","","","0","","","","-0.0041"
"中证交易所绿色债券指数","930951","2025-09-08","2025-09-05","2016-12-30","","145.32","145.33","","","0","","","","-0.0021"
"中证交易所绿色债券指数","930951","2025-09-09","2025-09-08","2016-12-30","","145.29","145.32","","","0","","","","-0.0220"
"中证交易所绿色债券指数","930951","2025-09-10","2025-09-09","2016-12-30","","145.25","145.29","","","0","","","","-0.0303"
"中证交易所绿色债券指数","930951","2025-09-11","2025-09-10","2016-12-30","","145.21","145.25","","","0","","","","-0.0296"
"中证交易所绿色债券指数","930951","2025-09-12","2025-09-11","2016-12-30","","145.17","145.21","","","0","","","","-0.0241"
"中证交易所绿色债券指数","930951","2025-09-15","2025-09-12","2016-12-30","","145.21","145.17","","","0","","","","0.0248"
"中证交易所绿色债券指数","930951","2025-09-16","2025-09-15","2016-12-30","","145.19","145.21","","","0","","","","-0.0131"
"中证交易所绿色债券指数","930951","2025-09-17","2025-09-16","2016-12-30","","145.21","145.19","","","0","","","","0.0131"
"中证交易所绿色债券指数","930951","2025-09-18","2025-09-17","2016-12-30","","145.20","145.21","","","0","","","","-0.0034"
"中证交易所绿色债券指数","930951","2025-09-19","2025-09-18","2016-12-30","","145.18","145.20","","","0","","","","-0.0158"
"中证交易所绿色债券指数","930951","2025-09-22","2025-09-19","2016-12-30","","145.18","145.18","","","0","","","","0.0000"
"中证交易所绿色债券指数","930951","2025-09-23","2025-09-22","2016-12-30","","145.12","145.18","","","0","","","","-0.0427"
"中证交易所绿色债券指数","930951","2025-09-24","2025-09-23","2016-12-30","","145.06","145.12","","","0","","","","-0.0386"
"中证交易所绿色债券指数","930951","2025-09-25","2025-09-24","2016-12-30","","144.95","145.06","","","0","","","","-0.0765"
"中证交易所绿色债券指数","930951","2025-09-26","2025-09-25","2016-12-30","","144.92","144.95","","","0","","","","-0.0179"
"中证交易所绿色债券指数","930951","2025-09-29","2025-09-26","2016-12-30","","144.95","144.92","","","0","","","","0.0193"
"中证交易所绿色债券指数","930951","2025-09-30","2025-09-29","2016-12-30","","144.96","144.95","","","0","","","","0.0083"
"中证交易所绿色债券指数","930951","2025-10-09","2025-09-30","2016-12-30","","145.07","144.96","","","0","","","","0.0711"
"中证交易所绿色债券指数","930951","2025-10-10","2025-10-09","2016-12-30","","145.12","145.07","","","0","","","","0.0372"
"中证交易所绿色债券指数","930951","2025-10-13","2025-10-10","2016-12-30","","145.20","145.12","","","0","","","","0.0565"
"中证交易所绿色债券指数","930951","2025-10-14","2025-10-13","2016-12-30","","145.20","145.20","","","0","","","","0.0000"
"中证交易所绿色债券指数","930951","2025-10-15","2025-10-14","2016-12-30","","145.21","145.20","","","0","","","","0.0024"
"中证交易所绿色债券指数","930951","2025-10-16","2025-10-15","2016-12-30","","145.24","145.21","","","0","","","","0.0222"
"中证交易所绿色债券指数","930951","2025-10-17","2025-10-16","2016-12-30","","145.30","145.24","","","0","","","","0.0401"
"中证交易所绿色债券指数","930951","2025-10-20","2025-10-17","2016-12-30","","145.33","145.30","","","0","","","","0.0242"
"中证交易所绿色债券指数","930951","2025-10-21","2025-10-20","2016-12-30","","145.37","145.33","","","0","","","","0.0240"
"中证交易所绿色债券指数","930951","2025-10-22","2025-10-21","2016-12-30","","145.40","145.37","","","0","","","","0.0202"
"中证交易所绿色债券指数","930951","2025-10-23","2025-10-22","2016-12-30","","145.45","145.40","","","0","","","","0.0404"
"中证交易所绿色债券指数","930951","2025-10-24","2025-10-23","2016-12-30","","145.47","145.45","","","0","","","","0.0113"
"中证交易所绿色债券指数","930951","2025-10-27","2025-10-24","2016-12-30","","145.53","145.47","","","0","","","","0.0426"
"中证交易所绿色债券指数","930951","2025-10-28","2025-10-27","2016-12-30","","145.62","145.53","","","0","","","","0.0576"
"中证交易所绿色债券指数","930951","2025-10-29","2025-10-28","2016-12-30","","145.66","145.62","","","0","","","","0.0323"
"中证交易所绿色债券指数","930951","2025-10-30","2025-10-29","2016-12-30","","145.72","145.66","","","0","","","","0.0414"
"中证交易所绿色债券指数","930951","2025-10-31","2025-10-30","2016-12-30","","145.79","145.72","","","0","","","","0.0460"
"中证交易所绿色债券指数","930951","2025-11-03","2025-10-31","2016-12-30","","145.84","145.79","","","0","","","","0.0370"
"中证交易所绿色债券指数","930951","2025-11-04","2025-11-03","2016-12-30","","145.86","145.84","","","0","","","","0.0118"
"中证交易所绿色债券指数","930951","2025-11-05","2025-11-04","2016-12-30","","145.90","145.86","","","0","","","","0.0235"
"中证交易所绿色债券指数","930951","2025-11-06","2025-11-05","2016-12-30","","145.90","145.90","","","0","","","","0.0010"
"中证交易所绿色债券指数","930951","2025-11-07","2025-11-06","2016-12-30","","145.87","145.90","","","0","","","","-0.0157"
"中证交易所绿色债券指数","930951","2025-11-10","2025-11-07","2016-12-30","","145.88","145.87","","","0","","","","0.0002"
"中证交易所绿色债券指数","930951","2025-11-11","2025-11-10","2016-12-30","","145.90","145.88","","","0","","","","0.0196"
"中证交易所绿色债券指数","930951","2025-11-12","2025-11-11","2016-12-30","","145.91","145.90","","","0","","","","0.0058"
"中证交易所绿色债券指数","930951","2025-11-13","2025-11-12","2016-12-30","","145.93","145.91","","","0","","","","0.0099"
"中证交易所绿色债券指数","930951","2025-11-14","2025-11-13","2016-12-30","","145.94","145.93","","","0","","","","0.0066"
"中证交易所绿色债券指数","930951","2025-11-17","2025-11-14","2016-12-30","","145.98","145.94","","","0","","","","0.0295"
"中证交易所绿色债券指数","930951","2025-11-18","2025-11-17","2016-12-30","","145.98","145.98","","","0","","","","0.0024"
"中证交易所绿色债券指数","930951","2025-11-19","2025-11-18","2016-12-30","","145.99","145.98","","","0","","","","0.0053"
"中证交易所绿色债券指数","930951","2025-11-20","2025-11-19","2016-12-30","","146.01","145.99","","","0","","","","0.0152"
"中证交易所绿色债券指数","930951","2025-11-21","2025-11-20","2016-12-30","","146.01","146.01","","","0","","","","-0.0004"
"中证交易所绿色债券指数","930951","2025-11-24","2025-11-21","2016-12-30","","146.02","146.01","","","0","","","","0.0074"
"中证交易所绿色债券指数","930951","2025-11-25","2025-11-24","2016-12-30","","146.00","146.02","","","0","","","","-0.0127"
"中证交易所绿色债券指数","930951","2025-11-26","2025-11-25","2016-12-30","","145.97","146.00","","","0","","","","-0.0205"
"中证交易所绿色债券指数","930951","2025-11-27","2025-11-26","2016-12-30","","145.91","145.97","","","0","","","","-0.0412"
"中证交易所绿色债券指数","930951","2025-11-28","2025-11-27","2016-12-30","","145.92","145.91","","","0","","","","0.0023"
"中证交易所绿色债券指数","930951","2025-12-01","2025-11-28","2016-12-30","","145.95","145.92","","","0","","","","0.0198"
"中证交易所绿色债券指数","930951","2025-12-02","2025-12-01","2016-12-30","","145.94","145.95","","","0","","","","-0.0058"
"中证交易所绿色债券指数","930951","2025-12-03","2025-12-02","2016-12-30","","145.94","145.94","","","0","","","","0.0026"
"中证交易所绿色债券指数","930951","2025-12-04","2025-12-03","2016-12-30","","145.89","145.94","","","0","","","","-0.0347"
"中证交易所绿色债券指数","930951","2025-12-05","2025-12-04","2016-12-30","","145.83","145.89","","","0","","","","-0.0417"
"中证交易所绿色债券指数","930951","2025-12-08","2025-12-05","2016-12-30","","145.84","145.83","","","0","","","","0.0067"
"中证交易所绿色债券指数","930951","2025-12-09","2025-12-08","2016-12-30","","145.84","145.84","","","0","","","","-0.0034"
"中证交易所绿色债券指数","930951","2025-12-10","2025-12-09","2016-12-30","","145.84","145.84","","","0","","","","0.0054"
"中证交易所绿色债券指数","930951","2025-12-11","2025-12-10","2016-12-30","","145.88","145.84","","","0","","","","0.0220"
"中证交易所绿色债券指数","930951","2025-12-12","2025-12-11","2016-12-30","","145.90","145.88","","","0","","","","0.0152"
"中证交易所绿色债券指数","930951","2025-12-15","2025-12-12","2016-12-30","","145.90","145.90","","","0","","","","-0.0013"
"中证交易所绿色债券指数","930951","2025-12-16","2025-12-15","2016-12-30","","145.88","145.90","","","0","","","","-0.0084"
"中证交易所绿色债券指数","930951","2025-12-17","2025-12-16","2016-12-30","","145.90","145.88","","","0","","","","0.0126"
"中证交易所绿色债券指数","930951","2025-12-18","2025-12-17","2016-12-30","","145.93","145.90","","","0","","","","0.0162"
"中证交易所绿色债券指数","930951","2025-12-19","2025-12-18","2016-12-30","","145.97","145.93","","","0","","","","0.0310"
"中证交易所绿色债券指数","930951","2025-12-22","2025-12-19","2016-12-30","","146.02","145.97","","","0","","","","0.0363"
"中证交易所绿色债券指数","930951","2025-12-23","2025-12-22","2016-12-30","","146.05","146.02","","","0","","","","0.0148"
"中证交易所绿色债券指数","930951","2025-12-24","2025-12-23","2016-12-30","","146.08","146.05","","","0","","","","0.0206"
"中证交易所绿色债券指数","930951","2025-12-25","2025-12-24","2016-12-30","","146.09","146.08","","","0","","","","0.0125"
"中证交易所绿色债券指数","930951","2025-12-26","2025-12-25","2016-12-30","","146.12","146.09","","","0","","","","0.0159"
"中证交易所绿色债券指数","930951","2025-12-29","2025-12-26","2016-12-30","","146.13","146.12","","","0","","","","0.0058"
"中证交易所绿色债券指数","930951","2025-12-30","2025-12-29","2016-12-30","","146.13","146.13","","","0","","","","0.0006"
"中证交易所绿色债券指数","930951","2025-12-31","2025-12-30","2016-12-30","","146.14","146.13","","","0","","","","0.0087"
"中证交易所绿色债券指数","930951","2026-01-05","2025-12-31","2016-12-30","","146.20","146.14","","","0","","","","0.0416"
"中证交易所绿色债券指数","930951","2026-01-06","2026-01-05","2016-12-30","","146.20","146.20","","","0","","","","-0.0008"
"中证交易所绿色债券指数","930951","2026-01-07","2026-01-06","2016-12-30","","146.19","146.20","","","0","","","","-0.0062"
"中证交易所绿色债券指数","930951","2026-01-08","2026-01-07","2016-12-30","","146.18","146.19","","","0","","","","-0.0041"
"中证交易所绿色债券指数","930951","2026-01-09","2026-01-08","2016-12-30","","146.19","146.18","","","0","","","","0.0057"
"中证交易所绿色债券指数","930951","2026-01-12","2026-01-09","2016-12-30","","146.22","146.19","","","0","","","","0.0168"
"中证交易所绿色债券指数","930951","2026-01-13","2026-01-12","2016-12-30","","146.24","146.22","","","0","","","","0.0127"
"中证交易所绿色债券指数","930951","2026-01-14","2026-01-13","2016-12-30","","146.24","146.24","","","0","","","","0.0038"
"中证交易所绿色债券指数","930951","2026-01-15","2026-01-14","2016-12-30","","146.27","146.24","","","0","","","","0.0190"
"中证交易所绿色债券指数","930951","2026-01-16","2026-01-15","2016-12-30","","146.29","146.27","","","0","","","","0.0174"
"中证交易所绿色债券指数","930951","2026-01-19","2026-01-16","2016-12-30","","146.33","146.29","","","0","","","","0.0256"
"中证交易所绿色债券指数","930951","2026-01-20","2026-01-19","2016-12-30","","146.36","146.33","","","0","","","","0.0180"
"中证交易所绿色债券指数","930951","2026-01-21","2026-01-20","2016-12-30","","146.40","146.36","","","0","","","","0.0292"
"中证交易所绿色债券指数","930951","2026-01-22","2026-01-21","2016-12-30","","146.44","146.40","","","0","","","","0.0255"
"中证交易所绿色债券指数","930951","2026-01-23","2026-01-22","2016-12-30","","146.47","146.44","","","0","","","","0.0218"
"中证交易所绿色债券指数","930951","2026-01-26","2026-01-23","2016-12-30","","146.52","146.47","","","0","","","","0.0335"
"中证交易所绿色债券指数","930951","2026-01-27","2026-01-26","2016-12-30","","146.53","146.52","","","0","","","","0.0070"
"中证交易所绿色债券指数","930951","2026-01-28","2026-01-27","2016-12-30","","146.56","146.53","","","0","","","","0.0196"
"中证交易所绿色债券指数","930951","2026-01-29","2026-01-28","2016-12-30","","146.56","146.56","","","0","","","","0.0048"
"中证交易所绿色债券指数","930951","2026-01-30","2026-01-29","2016-12-30","","146.58","146.56","","","0","","","","0.0087"
"中证交易所绿色债券指数","930951","2026-02-02","2026-01-30","2016-12-30","","146.61","146.58","","","0","","","","0.0211"
"中证交易所绿色债券指数","930951","2026-02-03","2026-02-02","2016-12-30","","146.61","146.61","","","0","","","","-0.0003"
"中证交易所绿色债券指数","930951","2026-02-04","2026-02-03","2016-12-30","","146.61","146.61","","","0","","","","0.0027"
"中证交易所绿色债券指数","930951","2026-02-05","2026-02-04","2016-12-30","","146.61","146.61","","","0","","","","0.0020"
"中证交易所绿色债券指数","930951","2026-02-06","2026-02-05","2016-12-30","","146.64","146.61","","","0","","","","0.0162"
"中证交易所绿色债券指数","930951","2026-02-09","2026-02-06","2016-12-30","","146.69","146.64","","","0","","","","0.0340"
"中证交易所绿色债券指数","930951","2026-02-10","2026-02-09","2016-12-30","","146.71","146.69","","","0","","","","0.0123"
"中证交易所绿色债券指数","930951","2026-02-11","2026-02-10","2016-12-30","","146.74","146.71","","","0","","","","0.0232"
"中证交易所绿色债券指数","930951","2026-02-12","2026-02-11","2016-12-30","","146.77","146.74","","","0","","","","0.0210"
"中证交易所绿色债券指数","930951","2026-02-13","2026-02-12","2016-12-30","","146.80","146.77","","","0","","","","0.0212"
"中证交易所绿色债券指数","930951","2026-02-24","2026-02-13","2016-12-30","","146.90","146.80","","","0","","","","0.0679"
"中证交易所绿色债券指数","930951","2026-02-25","2026-02-24","2016-12-30","","146.92","146.90","","","0","","","","0.0118"
"中证交易所绿色债券指数","930951","2026-02-26","2026-02-25","2016-12-30","","146.91","146.92","","","0","","","","-0.0083"
"中证交易所绿色债券指数","930951","2026-02-27","2026-02-26","2016-12-30","","146.90","146.91","","","0","","","","-0.0030"
"中证交易所绿色债券指数","930951","2026-03-02","2026-02-27","2016-12-30","","146.94","146.90","","","0","","","","0.0236"
"中证交易所绿色债券指数","930951","2026-03-03","2026-03-02","2016-12-30","","146.95","146.94","","","0","","","","0.0095"
"中证交易所绿色债券指数","930951","2026-03-04","2026-03-03","2016-12-30","","146.98","146.95","","","0","","","","0.0222"
"中证交易所绿色债券指数","930951","2026-03-05","2026-03-04","2016-12-30","","147.02","146.98","","","0","","","","0.0238"
"中证交易所绿色债券指数","930951","2026-03-06","2026-03-05","2016-12-30","","147.05","147.02","","","0","","","","0.0212"
"中证交易所绿色债券指数","930951","2026-03-09","2026-03-06","2016-12-30","","147.07","147.05","","","0","","","","0.0131"
"中证交易所绿色债券指数","930951","2026-03-10","2026-03-09","2016-12-30","","147.07","147.07","","","0","","","","-0.0021"
"中证交易所绿色债券指数","930951","2026-03-11","2026-03-10","2016-12-30","","147.09","147.07","","","0","","","","0.0129"
"中证交易所绿色债券指数","930951","2026-03-12","2026-03-11","2016-12-30","","147.09","147.09","","","0","","","","0.0042"
"中证交易所绿色债券指数","930951","2026-03-13","2026-03-12","2016-12-30","","147.11","147.09","","","0","","","","0.0131"
"中证交易所绿色债券指数","930951","2026-03-16","2026-03-13","2016-12-30","","147.14","147.11","","","0","","","","0.0167"
"中证交易所绿色债券指数","930951","2026-03-17","2026-03-16","2016-12-30","","147.14","147.14","","","0","","","","0.0019"
"中证交易所绿色债券指数","930951","2026-03-18","2026-03-17","2016-12-30","","147.15","147.14","","","0","","","","0.0110"
"中证交易所绿色债券指数","930951","2026-03-19","2026-03-18","2016-12-30","","147.19","147.15","","","0","","","","0.0222"
"中证交易所绿色债券指数","930951","2026-03-20","2026-03-19","2016-12-30","","147.21","147.19","","","0","","","","0.0133"
"中证交易所绿色债券指数","930951","2026-03-23","2026-03-20","2016-12-30","","147.23","147.21","","","0","","","","0.0156"
"中证交易所绿色债券指数","930951","2026-03-24","2026-03-23","2016-12-30","","147.23","147.23","","","0","","","","0.0017"
"中证交易所绿色债券指数","930951","2026-03-25","2026-03-24","2016-12-30","","147.26","147.23","","","0","","","","0.0202"
"中证交易所绿色债券指数","930951","2026-03-26","2026-03-25","2016-12-30","","147.27","147.26","","","0","","","","0.0073"
"中证交易所绿色债券指数","930951","2026-03-27","2026-03-26","2016-12-30","","147.30","147.27","","","0","","","","0.0194"
"中证交易所绿色债券指数","930951","2026-03-30","2026-03-27","2016-12-30","","147.36","147.30","","","0","","","","0.0381"
"中证交易所绿色债券指数","930951","2026-03-31","2026-03-30","2016-12-30","","147.38","147.36","","","0","","","","0.0147"
