sample_index,raw_returns,training_returns,scaled_returns
0,0.00097483167907364,0.003178361276965277,0.4251601910308992
1,0.0009738821011673338,0.0028180413777535974,0.37413365538401433
2,0.0009729347839766422,0.0013823065223312904,0.17081272878527948
3,0.0009719891019697169,0.0011528949349547141,0.13832471308953168
4,0.0009710452565625527,-0.0006409041440237755,-0.11570331269283732
5,0.0009701030366313645,0.0003593619599438165,0.02594890835335057
6,0.0009691630543888774,-0.00020052413146427522,-0.053339101173557016
7,-0.00909544341753954,-0.008027062678812202,-1.1616907327423485
8,-0.009178930061932267,-0.008502681719175462,-1.229045302863316
9,-0.00926396312428035,-0.005749413900836951,-0.839142555928608
10,-0.009350586613861567,-0.00689629795324825,-1.0015580098384373
11,-0.00943884535488726,-0.004724072171777933,-0.6939392618487216
12,-0.009528786308407255,-0.007045649977959227,-1.0227084276463974
13,-0.00962045737576378,-0.006628944338650399,-0.9636968515303687
14,0.008303826058345898,0.0028693976691164364,0.38140645280000773
15,0.008235440393802085,0.0052577938711775825,0.7196380747836739
16,0.008168171900985177,0.004840316278291033,0.6605171788192618
17,0.008101993211926617,0.006297167483615612,0.8668284875294974
18,0.008036878689355209,0.0066418156825399505,0.9156356825984434
19,0.007972802244898824,0.0077922618917868605,1.0785555896987564
20,0.007909739456404274,0.00857388672386253,1.1892450282883493
21,0.010216773217247122,0.00981836172661658,1.3654807794323105
22,0.010113446633841283,0.008794236962013735,1.2204498252102551
23,0.010012188692610113,0.007166342806717482,0.9899163483572866
24,0.00991293848203001,0.007573038683765673,1.047510396626736
25,0.00981563667946439,0.006189072886315134,0.8515207211961476
26,0.00972022666523431,0.00742622687268388,1.0267197099953882
27,0.009626653216718184,0.008011875748015778,1.1096561042357882
28,0.0030124644999032224,0.003995685298956822,0.5409051538665655
29,0.0030034166204946366,0.002757227534505159,0.36552153113794955
30,0.002994423312628669,0.002692467368976788,0.3563505502899274
31,0.002985483319474902,0.002047956129577255,0.2650783896238362
32,0.002976596930717834,0.0016747008676354222,0.2122200185748555
33,0.0029677629056044097,0.0010124173125203046,0.11843103964984206
34,0.0029589815405401954,-0.001265176383083193,-0.20410933669933343
35,-0.006604233232284984,-0.005806232233038677,-0.8471888577282892
36,-0.006648139093418548,-0.005358013050936978,-0.7837145058449543
37,-0.006692632646151275,-0.004095775768074883,-0.6049633576299848
38,-0.006737725576302367,-0.005717579323573037,-0.8346343170133702
39,-0.006783430663876877,-0.005256593219872265,-0.7693519834407049
40,-0.006829759866381346,-0.007106171559392642,-1.0312791633708869
41,-0.00687672625537239,-0.006782645940645371,-0.9854632327109213
42,-0.00164595033770365,-0.0019402262029844933,-0.29970620429942396
43,-0.0016486641556766601,-0.0021681653756719624,-0.3319857046709138
44,-0.0016513865384931714,-0.003037530117632378,-0.4551003899626277
45,-0.001654118126900861,-0.0016920573594148398,-0.26456188845520306
46,-0.001656858767021152,-0.0016409989865055334,-0.2573312806230275
47,-0.0016596087042183294,-0.0005365469474310701,-0.10092481662976434
48,-0.0016623673832997232,0.0002295446440882416,0.0075648892925662455
49,-0.0004306384646302064,0.0010231627660297919,0.11995275207189644
50,-0.00043082399401350724,0.0005708780528865355,0.055902661893037435
51,-0.0004310096833268773,-0.0010211181798850035,-0.1695471472874992
52,-0.00043119573400141054,-0.001016279360718179,-0.1688619001522591
53,-0.0004313815426576495,-0.002677011356689986,-0.40404569260384965
54,-0.00043156771300356667,-0.0016025580353120229,-0.25188748312345205
55,-0.0004317540441088896,-0.00305465545363997,-0.4575255864898473
56,-0.013735709937512608,-0.012284168151722917,-1.7645587526360051
57,-0.013927007269666447,-0.012507600073735163,-1.796199960790629
58,-0.01412370825723952,-0.009674897844735342,-1.3950481465796856
59,-0.014326045349502103,-0.011566849899396743,-1.6629760605544344
60,-0.01453426365957533,-0.009732895524796403,-1.4032614611802587
61,-0.014748624050135994,-0.012482571033073073,-1.7926554847893157
62,-0.01496940213447251,-0.011731149806977174,-1.6862433158719308
63,0.002803619313113348,-0.0019444919875534303,-0.3003103014054817
64,0.0027957807850937932,-0.0002405359520969352,-0.059005356621218974
65,0.0027879864086550743,-0.0005062554769982745,-0.0966351040737349
66,0.002780234929686598,0.00165913095729938,0.21001509293372647
67,0.0027725268747809118,0.0025506472157768357,0.33626675497766045
68,0.002764861002803709,0.003987945604627491,0.5398091006387098
69,0.002757237843347138,0.005056806716793857,0.691175372001605
70,0.009842519685039353,0.008155558293213818,1.130003641328309
71,0.009746588693956948,0.008212131851438093,1.138015279574539
72,0.009652509652509744,0.00649178167210784,0.8943886856984425
73,0.00956022944550683,0.007225309446982591,0.998266881808388
74,0.009469696969696795,0.005809889334599913,0.7978228181365601
75,0.009380863039399667,0.007862619401391388,1.0885192358357476
76,0.009293680297397744,0.008349561012930972,1.1574772466298702
77,0.0007892660118682393,0.001590019492737924,0.20022790488841177
78,0.0007886435623090104,0.0011961200670856736,0.14444602015679958
79,0.0007880220937577231,0.0032369316921549074,0.43345461325144596
80,0.0007874013997561935,0.0020885258968667713,0.27082365842889927
81,0.0007867820905778089,0.0032045097082114412,0.4288631890113373
82,0.000786163551175667,0.0012405501263586696,0.15073796242323229
83,0.0007855459835555134,0.0006719595091755016,0.07021726551013563
84,0.0072678644688644045,0.004671068263510657,0.6365491995923309
85,0.0072154235449541915,0.00525432558718495,0.719146915352372
86,0.007163734369347585,0.0051129121518175575,0.699120717197594
87,0.007112780300646104,0.005866054970527709,0.8057766886557012
88,0.007062545962849276,0.006436524141208667,0.8865634160523467
89,0.007013016017138662,0.006860924033255546,0.946664610206328
90,0.006964176333331462,0.007267795757061373,1.0042835609329177
91,0.011342259682416644,0.009911485394193236,1.3786684444865165
92,0.011215055417866271,0.010361864614030361,1.4424486891133455
93,0.011090673095950354,0.009307976220290904,1.2932027723359532
94,0.010969019101558786,0.009715360348089128,1.3508942869166094
95,0.010850005372650129,0.008548411201261612,1.1856373239540543
96,0.010733546153967932,0.009554806579825766,1.328157539383498
97,0.010619560791334859,0.009814764043179974,1.3649712951586808
98,0.003613716720487936,0.005433438232778764,0.7445118697032039
99,0.0036007047933706016,0.004445921685333174,0.6046651711989995
100,0.0035877862342794664,0.005078117991844659,0.6941933583477364
101,0.003574960219333345,0.004313998046575722,0.5859828661959966
102,0.0035622252283693534,0.004759400591583771,0.6490583413218226
103,0.0035495808220149527,0.0038121330432119072,0.514911486180364
104,0.0035370258628451,0.003404897276797964,0.45724098172843003
105,0.004999375153105889,0.005026640347890026,0.6869033756406597
106,0.004974505558638986,0.005098890481099633,0.6971350447929271
107,0.004949882514662773,0.004596337937926428,0.6259662991456176
108,0.004925501686741773,0.0045837548593571625,0.6241843523018076
109,0.0049013602011958035,0.004110771765074393,0.5572030704642061
110,0.004877453871360071,0.004006576939321744,0.5424475684724467
111,0.004853779954242521,0.00313190141178046,0.41858079874035625
112,0.000579640067624565,0.0013996023479370039,0.17326206911797581
113,0.0005793044486166465,0.0009382339036425682,0.10792559055921756
114,0.0005789688804049842,0.0007142285683886644,0.07620317875394912
115,0.0005786340381694899,0.00043592815539591703,0.03679179466113049
116,0.0005782992457734615,0.00022285394143450827,0.006617388535016177
117,0.0005779651776176564,0.0003043188437035634,0.01815400293987275
118,0.0005776311583496341,0.0008319011342074125,0.09286732466303557
119,0.0007216221586126004,0.0008885703269985275,0.10089250615415622
120,0.0007211019638353466,0.0011648232270049163,0.1400139326437049
121,0.0007205821823514924,0.0015407642177280596,0.19325264193017186
122,0.0007200633175545867,0.001431059892119186,0.17771691466796463
123,0.0007195451994512769,0.0015228568922285163,0.1907167043232233
124,0.0007190279942037581,0.0010728902037817766,0.12699488013818241
125,0.0007185111967658031,0.000567685913700832,0.05545060858067395
126,7.179946389679337e-05,0.0005666692079742519,0.0553066282700854
127,7.179447662419847e-05,0.00015126281788205927,-0.0035209552698689858
128,7.178915503902594e-05,-0.00018892995923642706,-0.05169719784328088
129,7.178416922237751e-05,-0.00014493224441145883,-0.045466481835617925
130,7.177884914133514e-05,-6.184498798741329e-05,-0.033700118498485865
131,7.177386477996706e-05,0.00023380088995276536,0.008167635579416306
132,7.176854620194462e-05,0.0006027354831084944,0.06041413711934445
133,0.0013874269926323901,0.0013612765461221321,0.16783457844432553
134,0.0013855048732209774,0.0017297157012669474,0.22001091875979725
135,0.0013835877384504869,0.0015913593140436917,0.20041764306209794
136,0.001381676068383797,0.0016318604771462099,0.20615319651699288
137,0.0013797696736459475,0.0011586369634997635,0.13913786780255313
138,0.0013778686987251376,0.0011668716865115142,0.14030402428800015
139,0.001375972622823296,0.000673966079037306,0.07050142497178438
140,-0.0027718550580431156,-0.0017326029082845042,-0.2703037275799554
141,-0.0027795594280654035,-0.002427591245425885,-0.3687241790645966
142,-0.002787307080037049,-0.0021145483677890977,-0.3243927569319741
143,-0.002795097876136743,-0.0024886796901106094,-0.37737519086588095
144,-0.0028029323463849565,-0.002067782317325054,-0.31777000435492136
145,-0.002810810690893284,-0.0024908171865896944,-0.3776778914397981
146,-0.002818733786122185,-0.002172807778471078,-0.33264313639320986
147,0.0020052668696093345,0.000435683531292182,0.036757152331976226
148,0.0020012538216231945,0.0012423568827814792,0.1509938253972602
149,0.0019972568038117977,0.0011166802407654595,0.13319618594453647
150,0.00199327555220985,0.0015425502343329963,0.1935055678444972
151,0.0019893104763792913,0.0014215257788062062,0.1763667456268138
152,0.001985360976988204,0.001759499927777668,0.22422879820272898
153,0.001981427128887825,0.0014657078822147165,0.1826235737383366
154,-0.0008338892595064484,-3.105976199389138e-05,-0.02934048297740407
155,-0.0008345852111499852,-0.0004135563273013335,-0.08350755692245188
156,-0.0008352823254259567,-0.00043910922274382585,-0.0871262183758718
157,-0.0008359806052500307,-0.0008623285825554156,-0.14706023200410903
158,-0.0008366800535474228,-0.0009849808788871845,-0.16442958014346495
159,-0.0008373806732541178,-0.0012838175518948935,-0.20674919718705806
160,-0.0008380824673147602,-0.000833818414249984,-0.143022777723847
161,4.79305485656667e-05,0.00039856634935937703,0.031500819803159864
162,4.792841908729528e-05,1.9877738778662716e-05,-0.02212699239689353
163,4.792595432312474e-05,-0.0005971954307720944,-0.1095135235091261
164,4.792365753591987e-05,-0.0002312879461186264,-0.05769570453775868
165,4.7921360969205296e-05,-0.0005820855657937316,-0.1073737469782576
166,4.7919232339266316e-05,-0.00016121289293047694,-0.047772058335355
167,4.79167684876991e-05,-0.000980332576823522,-0.16377131299955233
168,-0.006468460338755699,-0.00391351686606329,-0.5791528476337188
169,-0.006510573557896637,-0.004401574616653695,-0.6482689199425903
170,-0.006553239071708017,-0.004608533337360974,-0.6775772833238747
171,-0.006596467127927386,-0.005637813662311003,-0.8233383398367298
172,-0.006640269619210604,-0.0064100453229756745,-0.9326975688073447
173,-0.006684657374332881,-0.007172535955487894,-1.0406773265876483
174,-0.006729642904708566,-0.00782590642247678,-1.1332040826657084
175,-0.010514165290707922,-0.009593591845937449,-1.3835340352163024
176,-0.010625887629606035,-0.010040178895632869,-1.4467772534248342
177,-0.010740009766526004,-0.009517306828035026,-1.3727309677369943
178,-0.010856609681105023,-0.009696780797134888,-1.3981470907487905
179,-0.010975769507978295,-0.008924651718699687,-1.2888023889130917
180,-0.011097573921437731,-0.00942340792583596,-1.359433518190781
181,-0.011222112140471308,-0.00914081257433882,-1.3194139083708374
182,-0.005011105612438449,-0.0057785173029461885,-0.8432640207392433
183,-0.00503634345098114,-0.005013518105472206,-0.7349290136937064
184,-0.005061836407055487,-0.0054746176629538994,-0.8002274139710114
185,-0.005087589142530158,-0.005147477171745773,-0.7538995648217081
186,-0.005113604870645938,-0.005785400384671575,-0.8442387651699265
187,-0.005139888422606043,-0.005477292794572023,-0.800606251496141
188,-0.005166443169557167,-0.005759175081360695,-0.8405248809876463
189,-0.007719731577913169,-0.007766820694434434,-1.1248366846541882
190,-0.007779789662341274,-0.008295625715092295,-1.1997231627418115
191,-0.007840789154720751,-0.008052118981361952,-1.1652390694232566
192,-0.00790275297453602,-0.008024444030621532,-1.1613198940916376
193,-0.007965703965241544,-0.007301100169142629,-1.0588838881606273
194,-0.008029666111186495,-0.007017249365253168,-1.0186864880316004
195,-0.008094663350784015,-0.0059589778862730435,-0.8688198626678507
196,-0.0030268859576235707,-0.0032065037178014284,-0.47902950809146916
197,-0.0030360756045096915,-0.002141698454974774,-0.32823760395437535
198,-0.0030453216396058025,-0.0022181685877180977,-0.3390668863861427
199,-0.0030546237423966227,-0.002183045009619324,-0.3340928771409572
200,-0.003063983268064674,-0.002798889066468438,-0.42130534802720265
201,-0.0030733999036721693,-0.0030259578526452453,-0.45346158901609934
202,-0.003082875022388687,-0.004029326936913054,-0.5955532371803758
203,-0.009853262096774174,-0.007145025213479375,-1.0367814055995452
204,-0.00995131522612891,-0.009164797601553216,-1.3228105368912841
205,-0.010051339055175634,-0.009610950953204182,-1.3859923371521155
206,-0.010153394482167344,-0.009601205169934795,-1.3846121925681216
207,-0.010257543145452463,-0.009291846235260599,-1.3408024703119508
208,-0.010363851015326886,-0.008906619054772047,-1.286248701562698
209,-0.010472385030335207,-0.008194025249198563,-1.1853350598199106
210,-0.004461232961021189,-0.006099868785047276,-0.8887720620449978
211,-0.0044812245196075295,-0.0041812600387592285,-0.6170691730314267
212,-0.004501396517019973,-0.003513421542659689,-0.5224935337116416
213,-0.004521750478877817,-0.0033328189165778717,-0.4969175764640766
214,-0.004542289811044542,-0.003458649577354522,-0.5147370272122541
215,-0.00456301612058907,-0.0036145684511864457,-0.5368174063170807
216,-0.004583932913515776,-0.004643950196272432,-0.6825928253955174
217,-0.006890756235294226,-0.007776791723675502,-1.1262487273421402
218,-0.006938568454429528,-0.007439194819657495,-1.07844009813559
219,-0.006987048330639456,-0.005385306072687889,-0.787579594479612
220,-0.00703621067468807,-0.005779171913895274,-0.843356723165619
221,-0.0070860697543350115,-0.0034549754880685993,-0.5142167227596603
222,-0.007136640730325272,-0.0043494408214437294,-0.6408860166793823
223,-0.0071879382192977515,-0.0012598647660032492,-0.20335713450660042
224,0.01684619456118641,0.011647448770698999,1.6245060940494653
225,0.01656710193861377,0.012974550598288647,1.8124430047244064
226,0.016297106120215732,0.010850091402048179,1.5115886995792112
227,0.016035769718554027,0.01349221575033449,1.8857519154779014
228,0.015782682028675277,0.012263682104088331,1.7117736921526627
229,0.015537459249801877,0.014702254001315033,2.05711092196863
230,0.015299740160525488,0.013639374376229425,1.906591716128387
231,0.002622101503759522,0.005979902827066205,0.8218992001314556
232,0.002615244068354894,0.004199280948985546,0.5697372575512921
233,0.00260842240712722,0.0035178387077044546,0.47323513015811364
234,0.002601636021446252,0.0019463855037571227,0.2506945124901378
235,0.002594885293809135,0.0009679497764235861,0.11213379012037505
236,0.0025881692913773957,0.0008948656404654311,0.10178401405513551
237,0.0025814879635039922,0.0008908042219840867,0.10120885815792126
238,-0.004405149619978288,-0.002751200267836721,-0.41455192089575005
239,-0.004424641042942379,-0.002463144291482516,-0.37375900721572863
240,-0.004444305280377203,-0.0003991408043270714,-0.08146610931291384
241,-0.004464145304928224,-0.0012640017648856213,-0.2039429936873016
242,-0.004484163261297747,-0.00022520712261241927,-0.0568345715332237
243,-0.0045043617759392696,-0.002612937654327194,-0.39497192491908967
244,-0.004524742631649259,-0.0038227676713786752,-0.5663014424583964
245,0.00016004615729325877,0.00043052192668425034,0.03602619408598987
246,0.00016002032259110344,-8.677601152465547e-05,-0.03723071385005999
247,0.00015999494417728855,-0.0015662985009147086,-0.24675260595315998
248,0.0001599693498899324,-0.0004850194925439896,-0.09362777997055882
249,0.0001599437637898049,-0.0006460988726490621,-0.11643896178120021
250,0.00015991796198822072,0.0010212893420295656,0.11968744799976937
251,0.00015989261617210815,0.0020206938812936536,0.261217658959499
252,0.0032612867054611083,0.0022222265211561108,0.28975761041500037
253,0.0032506850656590647,0.0038384648005435956,0.5186404457994972
254,0.0032401525731651226,0.004432227595040601,0.6027258889445518
255,0.0032296876699873245,0.004323564270278549,0.5873375825351339
256,0.003219290588512891,0.003956152790036532,0.5353067759250605
257,0.003208959793518984,0.0039833319194863635,0.5391557357542494
258,0.0031986955283993534,0.003907038242860708,0.528351442073861
259,-0.0005001562363240453,0.0008741293422343906,0.09884745278503754
260,-0.0005004067366921605,0.0002421849164346041,0.009354935606630855
261,-0.0005006570499250795,0.0015310924940465534,0.19188298526041556
262,-0.0005009078329628602,0.0008738216586981797,0.09880388032355877
263,-0.0005011588673651257,0.0023804109100876783,0.31215881939140344
264,-0.0005014103728767649,0.000956118849057966,0.11045835882091506
265,-0.000501661691885702,0.00197581579159204,0.2548622690714202
266,0.012830164909969355,0.010865243315454912,1.513734430778789
267,0.01266763725456066,0.010629842188500683,1.4803982092097707
268,0.012509175342167111,0.007512743019067043,1.038971653996011
269,0.012354629331663203,0.009239451648851,1.2834986968882311
270,0.01220385501508603,0.007140308027731848,0.9862294451890861
271,0.012056716800166623,0.009540881813150805,1.3261855899999946
272,0.011913083914839362,0.007809017459679596,1.0809284216856465
273,-0.006821910739472137,-0.0031770454785234135,-0.47485779317951804
274,-0.006868768867576813,-0.004404204216339779,-0.6486413094842519
275,-0.0069162751630966746,-0.003502743044369821,-0.5209813031220037
276,-0.006964442962706152,-0.005938881519015298,-0.8659739249261557
277,-0.007013286804336993,-0.006481412450155929,-0.942804191469724
278,-0.007062820389375224,-0.008268349416971904,-1.1958604424163444
279,-0.007113058645004,-0.008504889202101051,-1.229357914535441
280,-0.008040626322471378,-0.008888333719136101,-1.283659232225356
281,-0.008105802047781663,-0.008106338736335133,-1.1729173749122328
282,-0.008172043010752694,-0.005840511642051939,-0.8520433203594019
283,-0.008239375542064109,-0.005764471975042906,-0.8412749981332285
284,-0.008307826847398392,-0.0033867614421258887,-0.5045566222364053
285,-0.00837742504409178,-0.00496925888778328,-0.7286612650790775
286,-0.008448199199644235,-0.004467500060697908,-0.6576049211679417
287,0.006374119058295991,0.005590056796936877,0.7666913351295165
288,0.006333747223622677,0.006248272857352467,0.8599042976764918
289,0.006293883135989109,0.0031463276836767454,0.42062376855350836
290,0.0062545181510673675,0.004704066755842727,0.6412222658008853
291,0.006215642084819173,0.0027018034099244585,0.357672669404801
292,0.006177246748600762,0.005474571643530002,0.7503369586160507
293,0.006139322421842008,0.005667507148068926,0.7776594307344209
294,-0.007052402446877104,-0.00238093237294253,-0.36211660444764016
295,-0.007102492079396616,-0.00440472725395392,-0.6487153792137368
296,-0.007153298324085178,-0.004340260835317148,-0.6395859971957214
297,-0.007204836450885321,-0.005685048329001584,-0.8300274552836668
298,-0.007257123054877468,-0.006475817172450607,-0.9420118188089038
299,-0.007310173886322935,-0.007447450212483497,-1.079609181767209
300,-0.007364006051056249,-0.008451886341406886,-1.2218519389661904
301,-0.011450504854368937,-0.0117871229497188,-1.6941699265576646
302,-0.011583137399607257,-0.01164201358360617,-1.6736203308821476
303,-0.011718879013793426,-0.00985163950563774,-1.4200773350315499
304,-0.011857839601447817,-0.010681617540417455,-1.5376142900275833
305,-0.012000135280803237,-0.009160892236750599,-1.3222574804635077
306,-0.012145887335309968,-0.011058371469121288,-1.5909681231496784
307,-0.012295223980030023,-0.011739263961780487,-1.6873923981463803
308,-0.001227295041728138,-0.005436324206549536,-0.7948045038776897
309,-0.0012288031457360349,-0.0033314468056468314,-0.49672326561006214
310,-0.0012303149606298636,-0.0033218403684871466,-0.49536285446085654
311,-0.001231830500123321,-0.002126245080689269,-0.32604918151207024
312,-0.0012333497779969393,-0.0015926318538289246,-0.2504817915299739
313,-0.001234872808100862,-0.00028603693228364653,-0.06544895685685694
314,-0.0012363996043520675,0.00208764276835333,0.2706985945934839
315,0.004668765288437626,0.005705080828468716,0.7829804100822149
316,0.004647069213003174,0.005296230280880179,0.725081229142117
317,0.004625573851166909,0.0038096245626243657,0.5145562488637468
318,0.004604276186340073,0.004657971563524796,0.6346945164894904
319,0.004583174230538889,0.0035010945763107523,0.47086391774573744
320,0.004562264577096187,0.004756698965541427,0.6486757518010778
321,0.004541544847911361,0.0045002213579073205,0.6123547941820231
322,-0.005959516422920141,-0.0009664963380412674,-0.16181190045257343
323,-0.005995245185060116,-0.0032178933855949122,-0.48064245062098776
324,-0.0060314049364643685,-0.004046770590301632,-0.598023512076077
325,-0.006068003278751566,-0.005127222988388623,-0.7510312780261875
326,-0.006105048980094896,-0.006064137988362131,-0.8837120618209329
327,-0.006142549545935627,-0.006540819999026134,-0.9512171639887321
328,-0.006180513657294773,-0.008833516387161773,-1.2758963011461264
329,-0.01554737478108581,-0.014789926190803134,-2.1194105168137036
330,-0.01579291312025144,-0.014444416183783046,-2.070481277190419
331,-0.01604633143855938,-0.012350099158299294,-1.7738955415967728
332,-0.0163080155188976,-0.013864320075237736,-1.9883312354467713
333,-0.016578375664077716,-0.01297035349195525,-1.861732571790426
334,-0.016857851458445205,-0.015441372005270985,-2.2116647141163885
335,-0.01714691154626302,-0.01551678561571326,-2.2223443776318144
336,-0.003569423357664192,-0.009026860973085062,-1.3032767051352798
337,-0.0035822094991814213,-0.006798934575527654,-0.9877699401957933
338,-0.0035950881398131296,-0.005744860200272605,-0.8384976857322068
339,-0.0036080594314830128,-0.004057869700423509,-0.5995953074155009
340,-0.003621124664481279,-0.0019072279713552016,-0.2950331750101728
341,-0.003634284577193947,-0.0008400079590177517,-0.14389930723948427
342,-0.003647541065274984,0.0022236092163713164,0.2899534201575148
343,0.013862037719551079,0.011507687278199867,1.6047138350188888
344,0.013672508885656853,0.012617689290904467,1.761906255957347
345,0.013488092816769104,0.01028786721827296,1.4319695821846061
346,0.01330858565831794,0.011596236421626526,1.6172536809542561
347,0.013133793170450714,0.009626300264440144,1.3382820844182963
348,0.012963532811743228,0.011751387123341738,1.6392252757205488
349,0.012797630311289998,0.01147563918963106,1.600175359799095
350,-0.003974503149606345,0.0028744114127742266,0.3821164717860207
351,-0.003990362859358942,-0.0011576774410872884,-0.18888592381606675
352,-0.004006349648196683,-0.0024498392342912154,-0.37187481770373915
353,-0.00402246531526762,-0.0037211706330063134,-0.551913824923347
354,-0.004038710623032737,-0.004964758799788252,-0.72802398720185
355,-0.004055087949812908,-0.005521851246869027,-0.8069163760812041
356,-0.004071598640396079,-0.007554982561383625,-1.0948373255537451
357,-0.014964517008639322,-0.013212734500748006,-1.8960572460933174
358,-0.015191856067126919,-0.013076243030060438,-1.8767280696870947
359,-0.015426208532738017,-0.011836648081489726,-1.7011834051561396
360,-0.01566790518368044,-0.013475562030203593,-1.9332774449501933
361,-0.015917295578923407,-0.013462686748868033,-1.9314541179469664
362,-0.01617475420976433,-0.015663037871235748,-2.243055823061786
363,-0.01644067784107306,-0.017894261363864516,-2.5590295045927736
364,-0.01611235554885404,-0.018752530188373504,-2.6805728466736105
365,-0.01637621525312516,-0.01705734937640248,-2.440510601099051
366,-0.0166488602660545,-0.014420975409297147,-2.067161722768051
367,-0.01693073806999268,-0.014664592166284744,-2.1016613969792255
368,-0.017222324416763857,-0.01200951992597263,-1.7256645713480392
369,-0.0175241310084564,-0.013264341386748878,-1.9033655313529145
370,-0.017836703407740795,-0.00947503761004396,-1.3667450320079217
371,0.013450519714479858,0.006692103569944213,0.9227571784826678
372,0.013272004022815587,0.008764759864781889,1.2162754397379063
373,0.013098165453617305,0.006578857432026419,0.9067198791107017
374,0.012928821282340408,0.010088112521006113,1.4036814132463389
375,0.01276380071078842,0.009645856703906958,1.341051560535943
376,0.012602938986641554,0.013242099442051307,1.8503318103202304
377,0.012446082091900346,0.014053734471268777,1.9652711290790186
378,0.0063462475924200845,0.00937907944738404,1.303272022909719
379,0.006306227025000943,0.007418352891398976,1.0256046397825131
380,0.006266707436510588,0.0056170028102957535,0.770507282331451
381,0.006227680690377824,0.004365748472348957,0.5933114787739772
382,0.006189136420152508,0.002073962512765044,0.2687612715342762
383,0.0061510669307529575,0.0023969740970102263,0.3145044074363005
384,0.006113462313781293,0.0009932443426352365,0.11571586839941292
385,-0.011600237953599102,-0.008544946420943432,-1.2350305990295467
386,-0.011736382786638355,-0.010260130083403464,-1.477925539011908
387,-0.01187576126674783,-0.008312601254318912,-1.2021271458672709
388,-0.012018489984591652,-0.0098199171994431,-1.4155849953317896
389,-0.01216469120399255,-0.008615418052770147,-1.2450104065321779
390,-0.012314493211240896,-0.011205739464072932,-1.611837573502162
391,-0.012468030690537146,-0.012690222203655586,-1.8220619091389774
392,-0.006705822596309474,-0.00831650007166564,-1.2026792750801139
393,-0.006751093910676187,-0.00652743821019265,-0.9493221081607726
394,-0.006796981295626892,-0.006261448581299251,-0.9116541100565182
395,-0.006843496412741068,-0.005666671373724899,-0.8274250112733346
396,-0.006890652568877553,-0.0051597732224386,-0.7556408643457314
397,-0.006938462772553167,-0.004685839617111979,-0.6885249763268785
398,-0.00698694174268899,-0.0036897269322304993,-0.5474609398009395
399,0.0009704969429347177,-0.0010303282043691998,-0.17085142063926165
400,0.0009695559918088126,0.0003248915216163392,0.021067393194379433
401,0.000968616863525007,0.0012402908823280585,0.1507012496999046
402,0.0009676792141037893,0.0023059013408338836,0.30160718125018265
403,0.00096674405466457,0.003515660407008197,0.4729266511138799
404,0.0009658103632379511,0.004485765884896717,0.6103076890665912
405,0.0009648784736089322,0.007067308827136471,0.975891697205909
406,0.015133988866396608,0.012105300232031456,1.6893445166949321
407,0.014908365824000125,0.01264628155066201,1.7659553355805797
408,0.014689371302892162,0.012213654017594607,1.704688987854059
409,0.014476717102654302,0.013126625023706418,1.8339789540475957
410,0.014270132750536568,0.01296601936585752,1.811234858194861
411,0.014069361099925626,0.013410050934118947,1.8741161830836737
412,0.013874160525533474,0.012680089344946393,1.7707430107102877
413,0.01368430231848694,0.011181205653636618,1.5584792909643497
414,0.013499570119797744,0.010590743858222047,1.4748613172755163
415,0.013319759097877304,0.009996944398985935,1.3907706818704144
416,0.013144674897880293,0.009685545536345604,1.3466720761600994
417,0.012974134411987581,0.0094392876874359,1.3117983849395818
418,0.012807962189003819,0.009773411262079134,1.3591151402153752
419,0.012645992791487926,0.009978463273070415,1.3881534857833095
420,0.010260897271714864,0.009114984577876477,1.2658723502783435
421,0.010156680615299729,0.009374529329668826,1.3026276600968385
422,0.010054559664064433,0.009695827817769648,1.3481281966817893
423,0.009954471563011547,0.009110904849438398,1.2652946014250863
424,0.009856357007547834,0.008517798391172894,1.181302105031478
425,0.009760157411648596,0.007431629249486158,1.0274847650841648
426,0.00966581751122697,0.006546687856004098,0.9021641995014449
427,0.003487940519480537,0.005423483257391777,0.7431021004743622
428,0.003475817335099496,0.0035446284651779038,0.47702894925520234
429,0.003463777617972452,0.0023579233690832774,0.30897425668703354
430,0.003451821533743571,0.002530286835265398,0.33338342912132
431,0.003439947192897641,0.002372061645483102,0.31097644215133763
432,0.0034281547776595644,0.0031623931018417285,0.4228988653063414
433,0.0034164424289362394,0.0030817383144705834,0.41147697494755253
434,7.244269776873757e-05,0.0019293268377102426,0.24827875739852664
435,7.243770373577263e-05,0.002854194104402984,0.379253407024551
436,7.243220338204459e-05,0.00294395166905884,0.39196438297261804
437,7.242695733777893e-05,0.0020284372202051056,0.2623142283131638
438,7.2421712053794e-05,0.0008429065946058635,0.09442585784024995
439,7.241672098690088e-05,6.547474562749068e-05,-0.015669793389974082
440,7.241122374579412e-05,-0.00151572745186949,-0.23959101026429616
441,-0.009666208058793813,-0.007172580126143231,-1.0406835817945463
442,-0.00976055562018785,-0.008570581059117515,-1.2386608364420422
443,-0.00985676310470629,-0.007056610174328132,-1.0242605507790314
444,-0.009954886319307188,-0.007809734780610339,-1.13091394309259
445,-0.010054982263695167,-0.0059055982982878725,-0.8612605370377633
446,-0.010157111843128286,-0.007357790412495555,-1.0669120507173095
447,-0.010261337394706582,-0.005623900740484102,-0.8213680678558987
448,0.0113773153030714,0.005655181841256934,0.7759139881186319
449,0.01124932814976387,0.00787595358346975,1.090407549855129
450,0.011124188502894983,0.006448702630249077,0.8882880671374108
451,0.011001802116513693,0.008539832986078147,1.1844225239837962
452,0.010882079889791951,0.007735292912878435,1.070487954135477
453,0.010764935007036902,0.009906177175615856,1.37791672357115
454,0.010650285377145519,0.009156342192736503,1.2717291897522174
455,0.0023018270392749507,0.002457861673639752,0.32312697340097873
456,0.0022965407995658715,0.0018865674265544784,0.24222340319146518
457,0.0022912787843540894,0.002941439340171024,0.3916086006807399
458,0.0022860410775416007,0.001591290783997238,0.20040793821130867
459,0.0022808267638330104,0.0020705334905525515,0.26827567214178494
460,0.0022756364313558652,0.0011251502216656764,0.13439565836690037
461,0.002270469667863262,0.0029796993775863243,0.39702677815940324
462,0.011928359018830381,0.008295463714139546,1.1498162827163583
463,0.011787750498855942,0.008583426115448288,1.190595944809655
464,0.011650418275022556,0.008338254893946717,1.1558761358262752
465,0.011516249394612599,0.009721064503333973,1.3517020782197633
466,0.011385135100197452,0.010165986628236881,1.4147095188749035
467,0.011256972942428556,0.010664404320764657,1.4852927095630915
468,0.01113166410084121,0.009456207662377137,1.3141944993545012
469,0.0071542908758290835,0.008277595426550292,1.147285873444995
470,0.007103470808115686,0.007605717823751458,1.0521382379006774
471,0.007053367193109006,0.006008135723295812,0.8258973886551166
472,0.007003965651560584,0.005251516525342309,0.7187491113605264
473,0.006955251310285293,0.003377908340170749,0.4534189559677294
474,0.0069072101501521654,0.0039297923389914145,0.5315737528589893
475,0.006859827658145079,0.003519154519449201,0.47342146822893566
476,-0.00391986062717764,-0.002653562913676781,-0.4007250522065388
477,-0.003935286401399174,-0.0032184163075502075,-0.4807165039714988
478,-0.003950834064969211,-0.0013291671162601992,-0.21317135474127497
479,-0.003966505068311976,-0.0020801673585278757,-0.31952390622880217
480,-0.0039823008849557695,-0.0006913951782802481,-0.12285357712445123
481,-0.003998223011994706,-0.0022960174379127395,-0.35009141525123383
482,-0.004014272970562116,-0.0021846847325098485,-0.33432508573867104
483,0.004958096059113348,0.003192212738806117,0.4271217593842691
484,0.004933634624723293,0.004377463529677863,0.5949705011918525
485,0.004909413372919724,0.003955420690225846,0.5352030999494378
486,0.004885429004149788,0.0045158731301433086,0.6145713126581991
487,0.004861677403720455,0.004411341376525586,0.5997680967828734
488,0.004838155850745096,0.004845654741438999,0.6612731828054841
489,0.004814860803776799,0.004752558517673955,0.6480894041939491
490,0.00476087426963856,0.00462380967467002,0.629856696421193
491,0.004738315744130972,0.004026471243285271,0.5452648911143152
492,0.00471596998928181,0.0033863262065455518,0.4546110482157133
493,0.004693834008961062,0.00366960434960264,0.4947273512461881
494,0.0046719048630281534,0.003312917186318851,0.4442152638152518
495,0.004650179666032539,0.004051403069689927,0.5487956001635864
496,0.004628655585945607,0.004940989229071727,0.6747739321180027
497,0.004727000837696282,0.004491820087628341,0.6111650521824628
498,0.004704761218053299,0.004652627361791048,0.6339376998361003
499,0.004682730298588789,0.004699872094423042,0.6406282407666687
500,0.004660904333186222,0.004369046264361536,0.5937784940624862
501,0.004639281293398634,0.004091498962043347,0.5544737613890465
502,0.004617857547724036,0.003666216371419579,0.49424756428491545
503,0.0045966311643961255,0.002390512718568315,0.31358938232079747
504,-0.0020561234542874063,-0.0005169363924163882,-0.09814767696386986
505,-0.002060359808413903,-0.0014465653460705857,-0.22979665068359437
506,-0.00206461365540922,-0.0013105390570715832,-0.21053335076675184
507,-0.0020688853078209,-0.002017810753984406,-0.3106933045564621
508,-0.0020731742636206363,-0.0019842328816312895,-0.30593818971456355
509,-0.002077481244269541,-0.0027346785198018933,-0.41221220119974533
510,-0.002081806157516075,-0.002518369618640569,-0.3815797163439407
511,0.0013222071164129545,0.00013006533643656305,-0.006522826787287895
512,0.0013204613986315117,0.0003382120963593506,0.02295378021726754
513,0.001318719874536356,-0.00028051766928594463,-0.06466734898365059
514,0.0013169833475559223,0.0005365537543264766,0.051041842249545506
515,0.0013152509790543832,0.0003284463766274605,0.021570812340369824
516,0.0013135235704870851,0.0012567008467027668,0.15302513920465338
517,0.0013118002855663224,0.0008814141257723165,0.09987908403185755
518,-0.0031733093539840773,-0.0021278537803604784,-0.326276996770949
519,-0.003183411098409694,-0.0016650477246227143,-0.26073693153346483
520,-0.0031935777737778226,-0.000875191622270448,-0.14888182541591452
521,-0.003203809182482087,-0.002035130558808867,-0.31314604069511554
522,-0.00321410677302425,-0.0021164939092579715,-0.32466827388602293
523,-0.003224470358632825,-0.0032373217529029943,-0.4833937898591913
524,-0.003234901409416846,-0.00300426098432349,-0.450388997057487
525,-0.0010123265944141924,-0.0013985011827630071,-0.2229900664574175
526,-0.0010133524380369074,-0.002190324815086208,-0.3351238034205522
527,-0.0010143803628506198,-0.0023868125267967185,-0.3629493197123435
528,-0.0010154101661404846,-0.0015813636276480435,-0.24888604689817906
529,-0.0010164424812243444,-0.0008450915051909398,-0.1446192112763867
530,-0.0010174766877532049,-0.0004938425772599589,-0.09487725702625262
531,-0.0010185130009880972,-0.00016824123085870408,-0.04876737315592878
532,0.0040482187237615985,0.0027641048676483107,0.36649546148582185
533,0.004031896933012646,0.003340192188019953,0.4480778005489017
534,0.004015705812003834,0.0018632807703046375,0.23892567415171764
535,0.0039996444166741085,0.0019225598775028494,0.24732045746283327
536,0.0039837109892582045,0.00013725936300601761,-0.005504048046524384
537,0.003967904212206497,0.001019766077441512,0.11947173159062292
538,0.003952221968267944,-0.0002381119596706155,-0.058662084056423106
539,-0.010439448254745853,-0.008782060381199134,-1.2686093826932645
540,-0.010549580049784901,-0.009913626960944156,-1.4288556598056537
541,-0.010662060308505139,-0.007982694903113235,-1.1554076107354057
542,-0.010776965169561725,-0.009434455774074627,-1.3609980541023559
543,-0.010894373239788258,-0.008070638080328383,-1.1678616430463793
544,-0.011014367874412456,-0.010041010493766392,-1.4468950198093635
545,-0.011137035277994811,-0.008986844039586559,-1.2976097256314896
546,0.0016988077515966982,-0.0006645813123721913,-0.11905634392256123
547,0.0016959264783331651,0.0005389452777825232,0.05138051673615396
548,0.0016930554006922005,-0.0005351837433009617,-0.10073176710823878
549,0.0016901938089357582,0.001011934023446169,0.11836259889144075
550,0.0016873418741465418,0.0007747329055796979,0.08477147244304034
551,0.001684499329162037,0.0021341682068412387,0.27728727301697426
552,0.0016816667809587127,0.0013761580530618203,0.16994201615730975
553,-0.005471786071817197,-0.002200153924045924,-0.3365157481335901
554,-0.005501891243693158,-0.003169077064251412,-0.4737293498829113
555,-0.005532329519031154,-0.0038624927186489116,-0.5719270866291561
556,-0.005563106678361018,-0.0046903283183354965,-0.6891606416717321
557,-0.005594227742817592,-0.005745240281337031,-0.8385515107361133
558,-0.005625699185272559,-0.00552975673154957,-0.8080359076328619
559,-0.005657526728781392,-0.005031129116049176,-0.7374229888001311
560,-0.008372935053179376,-0.007698771475125628,-1.1151999259783552
561,-0.008443633044271981,-0.008015686170751784,-1.160079653822333
562,-0.008515535097813665,-0.006482716926790829,-0.9429889243242151
563,-0.008588672237697215,-0.006479870112968697,-0.9425857741032784
564,-0.008663076562865801,-0.005176307246108849,-0.757982322450161
565,-0.008738781294284514,-0.006329828944769862,-0.921337763559458
566,-0.008815820824398357,-0.007012953557388959,-1.018078139190488
567,0.0006868132211539368,-0.003129214487163845,-0.46808422949076645
568,0.0006863418325089299,-0.001105563877321042,-0.1815058856193909
569,0.0006858710904880105,-0.0006708419281464522,-0.11994293812586694
570,0.0006854007538705797,-0.0002143143957602377,-0.055292003064952425
571,0.0006849315411663337,0.0005772877511527998,0.05681036834440156
572,0.0006844627310529372,0.0012068237089086424,0.1459618114362325
573,0.0006839945622669763,0.0026982985480702294,0.3571763300165699
574,0.009193438038277435,0.006112630252343763,0.8406953329902345
575,0.009109688916906444,0.006873419230577055,0.9484341117879387
576,0.009027451405831721,0.007059637768500878,0.9748053637900338
577,0.008946685868822746,0.007870598033040778,1.089649126061521
578,0.008867352221198166,0.00803579296528591,1.113043129882384
579,0.008789413625511777,0.008378483701104363,1.161573119720177
580,0.008712832706285534,0.009664227112085328,1.3436530773819795
581,0.012940307709597754,0.012166372691617062,1.6979932647738083
582,0.012774995117025068,0.01056580070065645,1.4713290035691367
583,0.012613853423037114,0.008308409334720535,1.1516495707792493
584,0.012456725889437692,0.009030234756933733,1.2538705436369024
585,0.012303465212169407,0.007764507877339787,1.0746252177969378
586,0.012153929549063358,0.009263423836693136,1.2868935071669219
587,0.012007985549775668,0.007638539811090093,1.0567863084363336
588,-0.0025909787716406063,-0.00017810345399589588,-0.05016400731787333
589,-0.0025977091748669023,-0.00034584023821376906,-0.07391797432861262
590,-0.002604475050236754,0.0005273727760373219,0.04974168226124131
591,-0.00261127584585219,-0.0016795613159624602,-0.2627922670491611
592,-0.0026181126679388766,-0.0024521070282662143,-0.3721959702971936
593,-0.0026249849660728852,-0.004400517062742362,-0.6481191549352365
594,-0.0026318938566844974,-0.0056367825682120615,-0.8231923219234532
595,-0.009595777917716153,-0.007864254367062236,-1.1386347090775595
596,-0.009688748789493218,-0.008629229269669608,-1.2469662756168136
597,-0.009783539255553642,-0.00742316274235956,-1.0761697229342022
598,-0.00988020260559841,-0.007533714625217932,-1.091825476623756
599,-0.00997879512317501,-0.0058045836207682834,-0.8469553902651622
600,-0.01007937492220723,-0.006909409949789218,-1.0034148591558447
601,-0.010182003372140702,-0.005785666943431664,-0.8442765137652812
602,0.00462903442844298,0.0034632946737690015,0.46551090205408313
603,0.004607704978438987,0.004612648202198029,0.6282760696664403
604,0.004586571633474978,0.00231662957683932,0.3031264554233751
605,0.004565630817719324,0.003953593929793747,0.5349444041168991
606,0.004544880791853556,0.0022206546572033324,0.28953501162932693
607,0.004524318084563106,0.004709885761587637,0.6420463216044136
608,0.004503941042584669,0.0038694720804955895,0.5230315273890651
609,-0.008874081517000865,-0.005891479604657634,-0.8592611247783044
610,-0.008953535704750326,-0.006740465091896258,-0.9794898113511201
611,-0.00903442598024784,-0.004763299845357763,-0.69949447067467
612,-0.009116790953292764,-0.006514724939630438,-0.9475217242381792
613,-0.00920067155246651,-0.005421763987574093,-0.7927425652109595
614,-0.009286109772501994,-0.007236555926651744,-1.0497434851535552
615,-0.009373150101336991,-0.006029860573985933,-0.8788578816594244
616,0.00481391726702296,0.0006369921543552386,0.06526537975218251
617,0.00479085425858794,0.0023291875705645456,0.3049048498886142
618,0.004768011640995162,0.0030921748996718475,0.4129549471271884
619,0.004745385587273887,0.004471874521866915,0.6083404701248263
620,0.00472297325804627,0.00586325481660053,0.805380146154178
621,0.004700771412367688,0.005974110137651043,0.8210788711027763
622,0.004678777774494325,0.005947847566376321,0.8173597092350573
623,0.012076053507194207,0.009981112083345785,1.3885285958236757
624,0.011931962267584861,0.009806470430756942,1.3637967990765294
625,0.011791269506879365,0.007725999404691846,1.0691718582778653
626,0.011653855752902897,0.008363574843532217,1.1594618087600446
627,0.011519607904058704,0.006775665350099553,0.9345907412782344
628,0.011388417584378363,0.008605255025811376,1.1936872358407964
629,0.011260182140109043,0.00937104906980355,1.3021348047078787
630,0.004649372097843996,0.00453454667431727,0.6172157579678559
631,0.004627855682060034,0.0038428893099304675,0.5192670206471344
632,0.004606537086890183,0.004645442415971027,0.6329202070614621
633,0.0045854144107353445,0.003965848318427461,0.5366798036877166
634,0.004564484154869097,0.004126067909012244,0.5593692268036486
635,0.004543744508567871,0.0031019993293183337,0.4143462291814505
636,0.004523192076820282,0.0020714052369256177,0.26839912410066263
637,0.0015487424212003997,0.0012410167992928272,0.15080405009466627
638,0.0015463473267349759,0.0013962688271974175,0.17278999412233922
639,0.001543960028724367,0.0017015785325851644,0.21602628664848567
640,0.0015415798909914624,0.00096405107189181,0.11158167688376897
641,0.0015392070803084135,0.0012197008859407184,0.14778540689764344
642,0.0015368413636733802,0.0003431163482234798,0.02364829357363168
643,0.0015344833054777851,7.11391977254589e-05,-0.014867624629576963
644,0.001418640913604774,0.0022984340674737404,0.3005497067917084
645,0.0014166312225927236,0.001557540563259246,0.19562841633270808
646,0.0014146272175084018,0.00014479151984759844,-0.004437385143876698
647,0.0014126290720226642,0.0006708124150716386,0.07005482030988676
648,0.001410636168592605,-0.00046448726127604504,-0.09072011754892732
649,0.0014086490772555749,0.00035097361414304607,0.024760996647785978
650,0.0014066675762722802,0.00023630109328404557,0.008521700716221535
651,-0.006040174237954776,-0.0032076180770390745,-0.4791873175587997
652,-0.006076879452011186,-0.00411593498824203,-0.6078181962573348
653,-0.006114033896819526,-0.004561192954978767,-0.6708731969982294
654,-0.006151645264487748,-0.005245593827005023,-0.7677943095141126
655,-0.006189722239993922,-0.005851854277198919,-0.8536496023824688
656,-0.006228273320355804,-0.005914654802123102,-0.8625430696339245
657,-0.00626730803053388,-0.007069821284605887,-1.0261314360423701
658,-0.013581695482546285,-0.01168483140783551,-1.6796839572295699
659,-0.013768697742475688,-0.011356742027711784,-1.633221731615956
660,-0.01396092145012895,-0.009457946638830692,-1.3643247020351343
661,-0.014158588604554101,-0.010863251356259696,-1.5633362787354816
662,-0.014361933092719492,-0.009885719794043658,-1.424903599290075
663,-0.014571203745999739,-0.01212975088397962,-1.7426910227819596
664,-0.014786663228627539,-0.0119227695058546,-1.7133794507809554
665,-0.002139453369639277,-0.0051165817164317935,-0.7495243192264617
666,-0.0021440406715904636,-0.004650223593695563,-0.683481229666108
667,-0.002148647231244749,-0.005220447216970476,-0.7642331839805703
668,-0.002153274085533785,-0.003127679496929322,-0.4678668525596259
669,-0.0021579204513426653,-0.0021429041482479805,-0.32840834764885096
670,-0.0021625873717303623,-0.00023448221673580958,-0.058148059691804005
671,-0.0021672740618823294,0.001335838656422027,0.16423220347584955
672,0.007503208707670961,0.004365416359918297,0.5932644468259252
673,0.007447329608938791,0.0060531188264768224,0.8322676499784438
674,0.00739227711336099,0.005746494094240152,0.7888451305341337
675,0.0073380321195108955,0.0059965874546433285,0.8242619859384058
676,0.007284577878353016,0.0050186613455406,0.6857734329183724
677,0.007231896342587918,0.005839024040069128,0.8019487159580208
678,0.00717997175315821,0.005772769173876497,0.792566063767691
679,0.0011568645217772122,0.0005525542670833367,0.053307747453067766
680,0.0011555279513526528,-0.00032773430577835196,-0.07135391109242388
681,0.001154194029277189,0.0015959193466202092,0.20106340996347002
682,0.0011528634012227812,0.0011696660646952463,0.14069974886029007
683,0.0011515358377003349,0.003265674595824426,0.4375250262425032
684,0.0011502115457426854,0.001997687567919077,0.2579596305461929
685,0.0011488898617513232,0.0033471170770455988,0.4490584655010481
686,0.017430680416847588,0.013153241976715182,1.8377483015204514
687,0.017132057219676255,0.01430707241664445,2.001147464881461
688,0.01684349331503543,0.012093299036471673,1.6876449729440146
689,0.016564489447755015,0.013594702055215646,1.9002654660777354
690,0.016294578081075484,0.011948712281161912,1.667169386555302
691,0.016033322065733824,0.013727340118055882,1.9190489439163405
692,0.01578031105656308,0.012106876894844408,1.6895677950689665
693,-0.0004975675309596417,0.0031525698047995647,0.42150774364531585
694,-0.0004978150340587684,0.0014335005567349983,0.17806254825715387
695,-0.0004980631709879946,0.0017660760546888295,0.22516007336955982
696,-0.000498311167736909,4.396055901907588e-05,-0.01871651496235963
697,-0.0004985597994406898,-0.0003331641611329679,-0.07212285754366321
698,-0.000498808291317876,-0.0013148622709869082,-0.21114558070310024
699,-0.0004990574192775821,-0.000607706800334629,-0.11100208624144735
700,0.0011095700970873423,0.0005245434094924642,0.04934100282839525
701,0.0011083401218558997,0.0009802546626343292,0.11387634088217599
702,0.001107113257772685,0.0019336537802240902,0.248891515358628
703,0.0011058889134947236,0.0022744787947684077,0.297157291942282
704,0.0011046672742032193,0.0032370788072683928,0.4334754468901067
705,0.00110344813783958,0.0024392064161680984,0.3204851177541999
706,0.001102232075012477,0.0012511528909195425,0.15223946801591418
707,0.003082851637765005,0.0030676290984963314,0.4094789048619567
708,0.00307337687283904,0.003379516105305439,0.45364663888265183
709,0.003063960168517843,0.002419153466356396,0.31764532855401784
710,0.0030546009927452378,0.002294354631415856,0.29997199934373714
711,0.0030452988199467512,0.0015410499558150808,0.1932931065970275
712,0.0030360531309296945,0.0022157990331859285,0.2888473846829551
713,0.003026863412788572,0.0031128772767916343,0.4158867046748265
714,0.0018860807242548905,0.0023505670038345807,0.3079324884293953
715,0.0018825301204818956,0.001923377145556453,0.2474361944997316
716,0.0018789928598270667,0.0020620832568078733,0.26707899620370684
717,0.0018754688672169006,0.002261713281485651,0.29534950969101453
718,0.0018719580681392234,0.0023229270855651164,0.3040182742049257
719,0.0018684603886396367,0.002215660825812592,0.28882781250978995
720,0.0018649757553153012,0.0020382472476858583,0.26370347081139583
721,0.0007180087490692433,0.0016772697547770235,0.21258381033764887
722,0.0007174935823996975,0.0012532261709310491,0.1525330746045166
723,0.0007169791544576753,0.0006659487932645053,0.06936606076022651
724,0.0007164652779050318,0.00022802402071947302,0.007349546918465579
725,0.0007159525085422835,-0.00029262891658499184,-0.06638247766065439
726,0.000715440287273994,-0.00039451314196335273,-0.08081076505054959
727,0.0007149287984091757,-0.0013649203905086865,-0.21823453811506227
728,-0.0042865080570475556,-0.003926010079415825,-0.5809220682564821
729,-0.0043049613083813165,-0.0041219999740888524,-0.6086770864190711
730,-0.004323574127715002,-0.0034847632229971217,-0.5184350990455542
731,-0.004342348781380734,-0.0038360975878041254,-0.5681891523993167
732,-0.00436128682226633,-0.0035000231057199832,-0.52059612026983
733,-0.004380390963652503,-0.004022503275658166,-0.5945869075521022
734,-0.004399663208614735,-0.0035624881590378852,-0.5294420798651339
735,0.00013639220928007845,-0.0011565575188850793,-0.18872732655208607
736,0.00013637341805927683,-0.0004901776966580705,-0.09435825665718343
737,0.00013635501378295167,-0.0003779403086815019,-0.07846381094094754
738,0.0001363364236279807,0.000143374098969931,-0.004638112544997686
739,0.00013631783854162194,0.00048416520831498326,0.0436228625695654
740,0.0001362990677022946,0.00077256386978465,0.08446430544350042
741,0.0001362806835911723,0.0009771312995864097,0.11343402727071153
742,0.0020439309423883056,0.0017329654457212448,0.22047112981559314
743,0.0020397616197318502,0.0019640422560059127,0.2531949652822324
744,0.002035609651669379,0.0017846289566327996,0.22778743398569104
745,0.0020314743628493392,0.0018470237205279886,0.23662343957695156
746,0.0020273558414329873,0.001747366320171988,0.22251050298125744
747,0.0020232537968094544,0.002111542652546707,0.27408316562444246
748,0.0020191686949182497,0.002550540422935711,0.33625163155892507
749,0.0017732877562535165,0.0022858724731740694,0.2987708024327867
750,0.0017701489608503707,0.0017166815094392027,0.2181650877208181
751,0.0017670208829276834,0.0015001688981600143,0.1875037545510193
752,0.0017639042147561401,0.0015591420160203714,0.1958552053237717
753,0.0017607981484000224,0.0012869715873031447,0.1573119161150659
754,0.0017577033743043646,0.0011296414715545474,0.13503168463981768
755,0.001754619087989795,0.0005459830098207763,0.05237716189926825
756,7.9615641835451e-05,-0.00045437449491202413,-0.08928800282395294
757,7.960948944485402e-05,-0.0005284454351995367,-0.09977752472726202
758,7.960296653797272e-05,-0.0006042847298456327,-0.11051747131405931
759,7.959681613578518e-05,-0.0008389951684608886,-0.1437558813738419
760,7.959029527615513e-05,-0.000838608432228894,-0.14370111390146253
761,7.95841468612668e-05,-0.0007970988033603609,-0.1378227470341782
762,7.95776280473337e-05,-0.000978387160660288,-0.16349581379060366
763,-0.0012200945042704081,-0.0017252836233062462,-0.26926721042764185
764,-0.0012215847674649227,-0.001139542365592764,-0.18631773349905997
765,-0.0012230790480930454,-0.00037645754302989803,-0.07825382976992959
766,-0.0012245766159740823,-0.0008176077661129081,-0.14072711429577842
767,-0.0012260782290512973,-0.0006243707356177361,-0.11336194171876392
768,-0.0012275831554554584,-0.0014856654526905796,-0.23533379417360745
769,-0.0012290921550877076,-0.0011617425798975923,-0.18946160656594352
770,0.0015783840823970774,0.00143820662817365,0.17872899638435008
771,0.0015758968990817745,0.0006389597612436535,0.06554402149040019
772,0.0015734171688737142,-0.0004930388988113898,-0.09476344447497731
773,0.0015709456027674928,0.00038181189010291213,0.029128144815281833
774,0.0015684814173986261,0.00025100474122083,0.010603951008883849
775,0.0015660253218729991,0.0014359148424205612,0.17840444620635307
776,0.00156357653562611,0.0015278582563199234,0.19142497018267646
777,-0.0017463550657529359,4.486421215016282e-05,-0.018588544542722223
778,-0.001749410342586244,0.00015461896636202185,-0.0030456758572589096
779,-0.0017524759566064363,-0.0003307594671778612,-0.07178231792293022
780,-0.0017555527063833898,-0.0011215682928516248,-0.18377234351240634
781,-0.0017586399052337276,-0.0025048137329773583,-0.37966000587407145
782,-0.0017617383551301602,-0.002837267179366602,-0.4267402467106858
783,-0.0017648473675775378,-0.004241574080630602,-0.6256105181369583
784,-0.012965096006000376,-0.010431689724462366,-1.5022208781236566
785,-0.013135397698235018,-0.011635700820384776,-1.672726351842268
786,-0.013310232900843655,-0.01014479322671205,-1.4615921634691191
787,-0.013489785277168598,-0.01104030912824589,-1.5884102331120726
788,-0.013674247748015844,-0.00943049082947683,-1.360436560309479
789,-0.013863825127545137,-0.010864630535521195,-1.5635315905678404
790,-0.014058732942575869,-0.009934576123777888,-1.4318223657978748
791,0.0008543734790678048,-0.0016864670976006989,-0.26377022611748935
792,0.0008536441481470369,0.00016595679207463362,-0.0014400749200126446
793,0.0008529160613424125,-0.0005406570264159227,-0.10150686356164608
794,0.0008521894211741543,0.0008970103952934843,0.10208774251678004
795,0.0008514636071947912,0.00039496050629348085,0.030990180007407338
796,0.0008507392336980502,0.0016019406206839568,0.20191610990129105
797,0.0008500160916595778,0.0011713532995126594,0.14093868583752545
798,-0.0023721666666666197,-0.0023145189515183504,-0.3527114985316286
799,-0.0023778070162081555,-0.0027330564141348182,-0.4119824874569709
800,-0.002383474664477858,-0.0021779556143708433,-0.33337214478996613
801,-0.0023891689822370665,-0.0025038504792021816,-0.37952359513682493
802,-0.002394890987972631,-0.0017170216372826806,-0.26809719310340335
803,-0.0024006400522331717,-0.0015355219222913312,-0.2423941950253962
804,-0.002406417201211597,0.00040833241297281607,0.032883836378683876
805,0.007832276214300604,0.004713590782878297,0.6425710064785322
806,0.007771408190316409,0.006003551772776946,0.8252482346254163
807,0.007711479343430971,0.006407205039151209,0.8824114049934442
808,0.007652467294713139,0.007040205877514922,0.9720535255478201
809,0.007594351968328583,0.007095537816329969,0.9798893324364609
810,0.007537112282697933,0.00676557851628977,0.9331622989799179
811,0.007480729385967111,0.005637795520698109,0.7734518323850628
812,0.004630152371541518,0.004675310795284176,0.637150003764535
813,0.004608813062438877,0.0032138019137240804,0.4301791003913811
814,0.004587669156188134,0.0019351659266079765,0.2491056572684406
815,0.004566718757215815,0.0019568267833623763,0.2521731494656204
816,0.00454595844857808,0.0015510508839181425,0.19470938339847335
817,0.004525386423966049,0.0025338365484218425,0.33388612010594176
818,0.004504999367830109,0.0033135464800184053,0.4443043809510606
819,0.002570553407350795,0.002782612175801684,0.3691163653584142
820,0.0025639627954747723,0.0035407694500385026,0.4764824566135155
821,0.0025574055119554906,0.00374985944431953,0.5060926393148598
822,0.0025508820625537165,0.0033125849289661205,0.4441682113441279
823,0.0025443914301350734,0.002404638316712312,0.3155897723597744
824,0.002537934121781271,0.0017432840827828612,0.2219323988240597
825,0.002531509129387155,5.841943361552964e-05,-0.016668928132922953
826,-0.009563208537043955,-0.005312192521954093,-0.7772256528545433
827,-0.009655546542165938,-0.007165593081396731,-1.0396941146887784
828,-0.009749685080229442,-0.006823427273930967,-0.9912384623365338
829,-0.009845677140039255,-0.007843867251618458,-1.135747597166158
830,-0.009943578598127778,-0.007072459376240468,-1.026505028167385
831,-0.010043446396770017,-0.008041433662229204,-1.1637258729031132
832,-0.010145340581073192,-0.007301186300133305,-1.0588960855609808
833,-0.0008349167674325253,-0.0014825772097348756,-0.23489645407773643
834,-0.0008356144359360496,-0.0002988240443704707,-0.06725979781275909
835,-0.0008363132713786747,-0.0011340180538233064,-0.1855354106463797
836,-0.0008370134787279992,-1.0350532437525392e-05,-0.02640775502513343
837,-0.0008377144549804871,-0.0008730185863396279,-0.1485740919389998
838,-0.0008384168088605426,0.0001709054734189034,-0.000739269703395647
839,-0.0008391203414594983,-0.0010319857118771354,-0.1710861477973334
840,-0.009006399959456624,-0.0071972127377959005,-1.0441719176852944
841,-0.009088252600021551,-0.007655667989334049,-1.1090958458010987
842,-0.009171606269992472,-0.006387994422732489,-0.9295748407821468
843,-0.009256503481799072,-0.007691158609994795,-1.1141218336087044
844,-0.009342986662020825,-0.006752520301774011,-0.9811970043146607
845,-0.009431101528098229,-0.007942529240197714,-1.1497195689841073
846,-0.009520893832192345,-0.006299157167518978,-0.9169941940295218
847,0.00500710882734734,0.0006168546821651253,0.062413620954527786
848,0.004982162597028772,0.0021928890240776487,0.2856029943537179
849,0.004957463706772636,0.0025228693327665522,0.33233300294031726
850,0.004933008709342213,0.004083030541680888,0.5532745099615145
851,0.004908793375712817,0.004930438555388567,0.6732798033508427
852,0.004884814829038353,0.005572852967086094,0.7642550227330474
853,0.0048610694051234304,0.005583722090946247,0.7657942486745342
854,0.007435499372909549,0.007062151328205145,0.9751613203834136
855,0.0073806205643021094,0.006325253019947478,0.8708058077494887
856,0.007326546313403348,0.004472958915706949,0.6084940360562523
857,0.0072732582440617755,0.0045016943776602725,0.6125633951921172
858,0.007220740140773785,0.0029407573824372724,0.3915120255521193
859,0.007168974634866654,0.004033696193264921,0.5462880490594917
860,0.007117946458788937,0.004136266007798567,0.5608134258400861
861,-0.0015043570435128162,-0.0006313676724738297,-0.11435280969105074
862,-0.001506623344263991,-0.0013733159884730369,-0.21942347683241345
863,-0.0015088968825193172,-0.0007150131578880327,-0.1261982263680836
864,-0.001511176893334354,-0.0013567566110745668,-0.21707842827150436
865,-0.0015134642050593783,-0.0011606548286146796,-0.18930756517179925
866,-0.0015157580507211277,-0.0019396261179429294,-0.29962122353418863
867,-0.0015180592614626454,-0.0029271144024633745,-0.43946391959733844
868,-0.0061388411646585705,-0.004212633672969045,-0.6215121357095414
869,-0.006176759106925167,-0.0042854634154725554,-0.6318258859635222
870,-0.006215148785832625,-0.00403346151140276,-0.5961387530318324
871,-0.006254018236381609,-0.004906302131200687,-0.7197456731536738
872,-0.006293377337590167,-0.005099385640920771,-0.7470891049572264
873,-0.006333234566627155,-0.006294686946300193,-0.9163611457219792
874,-0.006373600279392488,-0.0068498581068876865,-0.9949814525044195
875,-0.005485282626940813,-0.005312548951964057,-0.777276128525326
876,-0.005515536905707941,-0.005746911671082491,-0.8387882038208226
877,-0.005546126772606019,-0.006385927566367315,-0.9292821438752447
878,-0.005577058055748263,-0.005520126698162194,-0.8066721549148003
879,-0.005608335857089308,-0.005237248507526165,-0.7666124909611983
880,-0.005639966684478637,-0.003992350804891884,-0.5903168793694692
881,-0.005671956329211247,-0.0031440634158531175,-0.4701870536499065
882,-0.0033976497927121763,-0.0030853735270871528,-0.46187571223418056
883,-0.0034092329541544064,-0.001943236183792461,-0.30013246133748994
884,-0.0034208958038031145,-0.0014212861578514985,-0.2262167501518511
885,-0.003432638282007572,-0.001985238017446036,-0.30608053155744636
886,-0.0034444620949000138,-0.0025814522227692325,-0.39051313011129574
887,-0.0034563671995007095,-0.0033556730835455815,-0.5001540587344399
888,-0.003468355331071815,-0.004068435535280236,-0.601091583225234
889,-0.005523979883772956,-0.0060461020027541956,-0.8811579040723226
890,-0.005554663509748203,-0.006953517854579018,-1.0096611796643435
891,-0.005585690364950491,-0.006100745154453636,-0.8888961686925944
892,-0.005617065553893963,-0.00571878600657215,-0.8348052008674217
893,-0.005648795206871671,-0.0037329003120765572,-0.5535749179923497
894,-0.005680885135029068,-0.0036144988596877948,-0.5368075511492302
895,-0.005713342205699301,-0.0017743968767743197,-0.27622236107101744
896,0.01006410462683105,0.006657275626293374,0.9178250353729053
897,0.009963827853335161,0.008855573281593636,1.2291359397000183
898,0.009865529188630484,0.007581238732426522,1.0486716427200393
899,0.00976915134092815,0.008553489881697152,1.1863565389317732
900,0.009674638334866259,0.0067800943004019815,0.9352179450240713
901,0.009581936785426182,0.007878212364697552,1.0907274261125637
902,0.009490994455161106,0.0064501079671959284,0.888487083278266
903,-0.005616234361424777,-0.002461824732027232,-0.3735721384146145
904,-0.005647954598110627,-0.005050323163693377,-0.7401411449676579
905,-0.005680035178916687,-0.004284069789681065,-0.6316285282925096
906,-0.005712482058296997,-0.005288174095843359,-0.7738242945648601
907,-0.0057453022150446564,-0.0041176364068328825,-0.6080591418630766
908,-0.005778501452237683,-0.00479487102546204,-0.7039654087231364
909,-0.005812086603114497,-0.0031079461266699557,-0.46507232046973657
910,0.007460999321727391,0.00385907310637779,0.5215588814855947
911,0.007405745062836644,0.006170997046358241,0.848960919492368
912,0.0073513031855647615,0.006170346786697366,0.848868833271657
913,0.007297655904467071,0.007168292802293171,0.9901924960776091
914,0.007244785949506172,0.006717583353847774,0.9263654862793632
915,0.007192676547515209,0.0069795545965145225,0.9634644224792217
916,0.00714131140445784,0.004862883014237348,0.6637129566786523
917,-0.0023635582294799784,-0.0007611045406209632,-0.132725436186863
918,-0.002369157872065486,-0.001800854559949833,-0.27996915362020214
919,-0.0023747841105353773,-0.0011752964133567344,-0.19138102641388413
920,-0.00238043713481928,-0.002222188015395289,-0.3396360957750746
921,-0.0023861171366593714,-0.001386253009604252,-0.22125554708820755
922,-0.002391824309632473,-0.001909365418867322,-0.2953358686496559
923,-0.0023975588491716993,0.0008118236789964672,0.09002406514208924
924,0.012297512344330297,0.008941195852320673,1.241261340397953
925,0.012148120896133374,0.010046996378680235,1.3978587697935518
926,0.01200231510537031,0.009123893308439546,1.2671339560310078
927,0.011859968031911805,0.010808279100546677,1.5056674698671901
928,0.011720957846548474,0.010146528584603038,1.4119539770375718
929,0.0115851687798747,0.011161690547299364,1.5557156682187026
930,0.011452489549664158,0.009290987891219512,1.2907969779825497
931,-0.000373595453631137,0.0028760170646017595,0.38234385542592886
932,-0.00037373507935756223,0.0011548344103344535,0.1385993709971772
933,-0.0003738748094890276,0.00048248149109345897,0.043384423735042664
934,-0.0003740144427505365,-0.0012024262301083763,-0.19522300284815772
935,-0.00037415458336098606,-0.0020647918518718546,-0.31734651097478245
936,-0.00037429462741134234,-0.0025476750555054523,-0.3857297922129258
937,-0.00037443477633647415,-0.002254477991367837,-0.3442088257675204
938,-0.0021898231141589397,-0.002907493882566567,-0.4366853687592769
939,-0.002194628963389955,-0.0025175900333495073,-0.3814693157340073
940,-0.0021994559531285374,-0.0013317608232205492,-0.21353866135120528
941,-0.002204304020146486,-0.0011569592863528045,-0.18878422266595182
942,-0.0022091739141145705,-0.0003454765432369308,-0.07386646983291079
943,-0.0022140651691305857,-0.0012380478031639884,-0.2002675354185126
944,-0.0022189781313219914,-0.00197565524350121,-0.30472347146345347
945,-0.0009071222859483585,-0.00020912232823395424,-0.05455673082689239
946,-0.0009079461089324115,-0.00021776767179793578,-0.05578103715166718
947,-0.0009087710190228693,-0.0011485293451680466,-0.18759042044934848
948,-0.0009095978403856897,-0.0012344309675157194,-0.1997553389132985
949,-0.0009104257562941864,-0.0018052139806229988,-0.28058651095979326
950,-0.0009112555924362109,-0.0012985269748738133,-0.2088322653096377
951,-0.0009120865306208037,-0.0008628840248836484,-0.14713889071217198
952,-0.0018847365491651003,-0.001541922931256282,-0.24330067094537922
953,-0.0018882954886881853,-0.0017152387493043248,-0.26784471024808226
954,-0.0018918678942984046,-0.001546788945615193,-0.24398976931515134
955,-0.0018954540498833383,-0.0012884903449198947,-0.20741093260711782
956,-0.0018990534110470136,-0.0011371335621238768,-0.18597661191143622
957,-0.0019026666766894795,-0.0008970511580239047,-0.15197745344752878
958,-0.001906293718223262,-0.0008212175831774223,-0.1412383168675047
959,-0.0017308782118236055,-0.0014634851755710376,-0.2321927445019844
960,-0.001733879555066653,-0.0013561368242016605,-0.21699065744054827
961,-0.0017368909054356063,-0.0010297701243020987,-0.17077238838903053
962,-0.0017399129444050088,-0.0014287745938763522,-0.22727722155128705
963,-0.001742945517872796,-0.001401007901189316,-0.2233450542263878
964,-0.001745988891741601,-0.0020494806024255515,-0.31517821547575664
965,-0.0017490424897771417,-0.0024886327933915176,-0.3773685496087267
966,0.0005739661662085283,-0.0017497001106743654,-0.27272493997792996
967,0.000573636706685976,-0.0014468833791485872,-0.22984168879064046
968,0.0005733080474854546,-0.0010880604515613073,-0.17902714608703163
969,0.0005729795536963955,-0.0005786877224116105,-0.10689256296138909
970,0.0005726514361321655,0.0002825488974368887,0.01507106208193627
971,0.0005723234832906154,0.0007574847814302462,0.0823288873299799
972,0.0005719963272161621,0.0018773883810045916,0.24092351690713726
973,0.007251173336141559,0.0050716317287696315,0.6932748092064398
974,0.007198972548961846,0.0060708102232553355,0.8347730089395698
975,0.007147517557175798,0.0057964096691016116,0.7959139015500435
976,0.00709679330999724,0.00606262806512967,0.8336142964061207
977,0.007046783537599577,0.005421115272367153,0.742766759371818
978,0.006997474057286235,0.005597317520714245,0.7677195591644883
979,0.006948849460214346,0.0053129591019231434,0.7274502733862643
980,0.002204850671477132,0.0029640885131208728,0.3948160528182056
981,0.0021999999999999797,0.0014509369915018918,0.18053180089108842
982,0.0021951706246257086,0.001068158726701906,0.12632483420287144
983,0.0021903624054162574,0.0010639141468553443,0.12572373999375205
984,0.0021855752036559206,0.001298885677262753,0.1589991244467573
985,0.002180808881839802,0.0016311955144533885,0.2060590281332224
986,0.0021760633036598254,0.0019157581627445006,0.24635723577750265
987,0.002848119028819651,0.002670017481853568,0.3531713199225018
988,0.002840030481357614,0.0034367159185391344,0.4617469639419948
989,0.002831987354115162,0.003279626540143744,0.43950082437552496
990,0.0028239900462923018,0.002965133293244654,0.39496400887155125
991,0.0028160373890138146,0.002043747990994381,0.26448245602739634
992,0.0028081297857149856,0.0016798188562258422,0.21294480015872244
993,0.002800266080503544,0.00013613985276140773,-0.005662586971320429
994,-0.006580220630927114,-0.004790130022907513,-0.7032940138421436
995,-0.006623806740697402,-0.005818474484477691,-0.8489225384959007
996,-0.00666797411257114,-0.004859397404971133,-0.7131032820723151
997,-0.006712734452122282,-0.00557030755383648,-0.8137784935501552
998,-0.006758099781355664,-0.004385280198517394,-0.6459613934648789
999,-0.006804082449469617,-0.005203680009359561,-0.7618587036403811
1000,-0.00685069514406611,-0.0037031237579772283,-0.5493581250744038
1001,0.0062603252180970514,0.003502587629995729,0.47107535585183663
1002,0.006221377372441106,0.004953059504597548,0.676483258596317
1003,0.006182911148923331,0.004268494801254197,0.579538945184341
1004,0.006144917469817823,0.00560535950422308,0.768858420934496
1005,0.00610738827207058,0.005074858820872657,0.6937318123600016
1006,0.006070314504458274,0.0061226957873297,0.8421207590654765
1007,0.006033688119948533,0.005242260293804747,0.7174382944183021
1008,5.553236151589758e-05,0.0008730358960405356,0.09869260490871773
1009,5.5529472196891305e-05,0.00015987541525676175,-0.0023012862815227596
1010,5.552619450366336e-05,0.0005064670734174052,0.04678113086707125
1011,5.5523111516908585e-05,-0.00026463292190241855,-0.062417837839857
1012,5.5520028871880456e-05,0.00010606607472596162,-0.009921471119322135
1013,5.551714087914661e-05,-9.327045711551607e-05,-0.03815042175454661
1014,5.55138645983444e-05,0.0012463546175366822,0.15155996275309164
1015,0.0067445669321934965,0.004442386713629821,0.6041645678184299
1016,0.006699382305541679,0.005349835807678163,0.7326725509925387
1017,0.006654799452826543,0.005734336938436576,0.7871235005455235
1018,0.006610805865569613,0.0063510197821499146,0.874454755845067
1019,0.006567390124413874,0.006572781345807193,0.9058594169748686
1020,0.00652454073086739,0.006345398339679882,0.8736586778732103
1021,0.006482247232719729,0.005477013901751353,0.7506828178829501
1022,0.004611714842300607,0.004997052959366945,0.6827133713181833
1023,0.004590544559819998,0.004026018659788344,0.5452007987120092
1024,0.00456956775541939,0.002946574824802204,0.3923358599583159
1025,0.004548781605833829,0.002825145836022693,0.37513974995140553
1026,0.0045281840684323615,0.0022650693857479394,0.29582478284175917
1027,0.00450777204686581,0.0029548631222714623,0.3935096033657502
1028,0.004487543224957147,0.0034038906614026017,0.45709843035542363
1029,0.0028242785765635325,0.0022245732600197827,0.2900899427523014
1030,0.0028163243124166293,0.002626138492428424,0.34695741715734796
1031,0.0028084150839569055,0.003198803430038644,0.4280550970707248
1032,0.002800549977157729,0.002966760954969895,0.3951945094329296
1033,0.002792728800579125,0.0028367718152253526,0.3767861576116884
1034,0.00278495100996623,0.002246450011508054,0.2931880087822281
1035,0.0027772167745292453,0.0014113812681409298,0.17493013544731928
1036,-0.00047837257666560884,-0.00020448416539989064,-0.05389989954528348
1037,-0.00047860135018396033,-0.0005712569895597048,-0.10584026317006535
1038,-0.00047883069552823176,-0.00019017372503629345,-0.05187333316098637
1039,-0.0004790600842017323,-0.0006208608187590562,-0.1128648864684187
1040,-0.0004792896927621193,2.48948424778631e-05,-0.021416497580172434
1041,-0.0004795193448612345,-0.0004921668963585048,-0.09463995625147466
1042,-0.00047974957072627333,0.00018274670003636635,0.00093762011984404
1043,0.006062902564102579,0.0044329395232601656,0.6028267083296401
1044,0.006026365474251172,0.004950796089838104,0.6761627261634452
1045,0.005990265767678249,0.0040451082266954,0.5479041588883348
1046,0.005954596154175595,0.004853796475311732,0.6624261706770765
1047,0.005919348822442272,0.004127157431176708,0.5595235189803637
1048,0.005884516489338187,0.005062074914106138,0.6919214253240499
1049,0.00585009135864234,0.004630621588861148,0.6308213624944728
1050,-0.0014297830364716768,0.00065988929664366,0.06850794795268465
1051,-0.0014318304129423698,-0.0003964983700818907,-0.08109190221110996
1052,-0.0014338833208116242,-0.0005026586488574591,-0.0961257409224225
1053,-0.0014359424648833219,-0.0013469393466619176,-0.21568816091851356
1054,-0.0014380071901064495,-0.0017072354087493448,-0.26671132088208743
1055,-0.0014400782035284276,-0.0022090137032888344,-0.3377704216677218
1056,-0.0014421548484351288,-0.0023778406521650364,-0.36167877184164715
1057,-0.002447860520904621,-0.002878572320810747,-0.4325896551860725
1058,-0.0024538674174297004,-0.0026473402590119215,-0.3998438338481595
1059,-0.0024599035227633737,-0.0020357065100293443,-0.3132276037604551
1060,-0.002465969569995785,-0.0020727077254954237,-0.31846751375179533
1061,-0.0024720656085613912,-0.0014566712230134043,-0.23122778976637598
1062,-0.0024781920349069564,-0.0018678977567175908,-0.289463444879818
1063,-0.0024843485542326293,-0.0021874371942706707,-0.33471487433614394
1064,-0.0001494321827056888,-0.0008160102045642206,-0.14050087635696198
1065,-0.00014945451602033089,-0.0003974447330397368,-0.08122592096308308
1066,-0.00014947685601141014,-0.00041859884956868526,-0.08422165137792928
1067,-0.00014949902826655315,-0.000260951238787257,-0.06189645799065262
1068,-0.00014952155600966854,-0.0003376001683160384,-0.07275106064638391
1069,-0.00014954391604848905,-0.00016286306876214427,-0.048005747221487635
1070,-0.00014956628277629225,0.00048141787338428003,0.043233800005765384
1071,0.002916978359511546,0.0015974533749538197,0.20128065067545836
1072,0.00290849417043737,0.0016606371915014492,0.21022839759264927
1073,0.0029000595381889482,0.0016583312214556436,0.20990183871260856
1074,0.002891673512836812,0.002326205743891226,0.304482579885287
1075,0.002883335846939783,0.002748280438733873,0.36425449231409207
1076,0.002875045951379107,0.0034178584702821407,0.4590764751407935
1077,0.002866803930356987,0.0038353757395986872,0.5182029898644639
1078,0.004764348041730759,0.004146718762131169,0.5622936878037678
1079,0.0047417566626606344,0.004870024810087165,0.6647243387902445
1080,0.004719378518128758,0.005049997247632055,0.6902110521800207
1081,0.00469721043469451,0.004649045258972757,0.6334304220045173
1082,0.004675249970366613,0.004400335787324202,0.5982095453652914
1083,0.0046534937239717244,0.004048185868856508,0.5483399977575888
1084,0.004631939024789977,0.003733605884169082,0.503790898921892
1085,0.002411689672293882,0.002745298904536138,0.36383226372955935
1086,0.002405887253344341,0.0016130796009978896,0.20349355143949743
1087,0.0024001130171396046,0.0015124193322719748,0.1892385941040703
1088,0.002394366103174006,0.0017177738467960902,0.2183197785697043
1089,0.0023886469721505765,0.0019880974056276615,0.25660152415491966
1090,0.002382954770526524,0.0019492259905085044,0.2510967667058805
1091,0.002377289959612394,0.002266146579378369,0.2959773291188368
1092,0.006649925618489538,0.004537828974228755,0.6176805793496435
1093,0.0066059962348916645,0.005220150012499619,0.7143071571715192
1094,0.006562643437055371,0.004557899890745768,0.620522912896477
1095,0.006519855787636031,0.0048517124221767564,0.6621310384575835
1096,0.0064776227808351905,0.004150621955095237,0.562846436667634
1097,0.006435933233108537,0.004816664194775385,0.6571676999665124
1098,0.006394776876093244,0.0038988213792431493,0.5271878147382509
1099,-0.002066207465007741,-0.0011622409356092786,-0.18953218097924354
1100,-0.0020704856734834465,-0.0010697296873096616,-0.17643124339731717
1101,-0.0020747813226447143,0.000462298936722125,0.04052628064517391
1102,-0.0020790949900980626,-0.0008449596179440356,-0.14460053412499915
1103,-0.0020834266319709194,-4.830626177040691e-05,-0.03178283805564349
1104,-0.0020877765179870833,-0.001663820477768562,-0.260563135538606
1105,-0.0020921442905648124,-0.0005499370600694303,-0.10282105122949624
1106,0.006244505128609745,0.005780709682754331,0.7936905552548268
1107,0.006205753113661228,0.0051045870328121565,0.6979417593253726
1108,0.006167479415896793,0.003321928329679662,0.44549137270883665
1109,0.006129674618007286,0.004842848119975116,0.660875724406746
1110,0.00609233076763771,0.004241244507841776,0.5756799075035492
1111,0.006055438877097252,0.005646235429007313,0.7746470460913784
1112,0.006018991395625006,0.004755851498909414,0.6485557382064843
1113,-0.0014903451768976117,0.0009190422399426507,0.10520777199285646
1114,-0.0014925696208329953,0.0002275861354501936,0.007287535998860481
1115,-0.0014948007149695464,-0.0008276735399551429,-0.14215257419654434
1116,-0.0014970383372998608,-0.002000191985147216,-0.30819823076760944
1117,-0.0014992829732627388,-0.0037563296858843936,-0.556892857912974
1118,-0.0015015341979196517,-0.003650963261154802,-0.5419714404747139
1119,-0.0015037921933243048,-0.004820358101224243,-0.7075747491530161
1120,-0.013641820320855702,-0.012663148547551767,-1.8182278858688348
1121,-0.013830493582038916,-0.012846833026922449,-1.8442402783425607
1122,-0.014024458611961776,-0.009662025039528677,-1.3932251702323053
1123,-0.014223941693541686,-0.011103045926123586,-1.597294675687355
1124,-0.014429181530314472,-0.008801712779043893,-1.2713924479121612
1125,-0.014640431130383602,-0.011801934041248767,-1.6962673924250133
1126,-0.0148579578754241,-0.011001694011264518,-1.582941771205113
1127,0.005984555912162071,0.001195908088324126,0.1444160008826597
1128,0.005948954231861592,0.002880112058957542,0.3829237661550512
1129,0.005913773297264502,0.0012249226556273884,0.14852488539339023
1130,0.005879006353398442,0.00364893934893213,0.4918008867471036
1131,0.005844645479551103,0.0036327636403975495,0.48951017127466034
1132,0.005810684255056486,0.006204374323578662,0.8536876271474542
1133,0.005777115099298014,0.0069728975072623515,0.962521681867966
1134,0.0043311099221789995,0.005372150774034348,0.7358326746180285
1135,0.00431243214241106,0.005008231820251489,0.6842964605249263
1136,0.0042939150864036435,0.004014202116830519,0.5435274044537971
1137,0.004275556211086107,0.0035132195686094114,0.47258099291449535
1138,0.004257353656218488,0.0018922719286920688,0.24303124361967446
1139,0.004239305275039795,0.0024884987522689654,0.32746562910167754
1140,0.004221409589788339,0.0025653072859266094,0.338342834022198
1141,-0.005170282140047111,-0.0034901907399804443,-0.5192037143494258
1142,-0.005197152886797007,-0.005124846896144883,-0.750694788823563
1143,-0.005224304395467283,-0.003739193710284222,-0.554466154664779
1144,-0.005251740929689608,-0.004444497048364464,-0.6543473602300468
1145,-0.005279467485003075,-0.0032006691479718827,-0.4782032481873037
1146,-0.005307488196362953,-0.004908217405244466,-0.7200169038003359
1147,-0.005335807933990577,-0.005975531914762199,-0.8711641537454445
1148,0.0018425655510203587,-0.0016144459055008591,-0.2535709783544491
1149,0.0018391769102685807,0.00012560776758813194,-0.007154083335262477
1150,0.001835800385622477,-0.00013560990021105343,-0.044146302379264715
1151,0.001832436398176096,0.00033871032045364885,0.023024335991632124
1152,0.0018290847167656832,0.0002554613556777469,0.01123507240114617
1153,0.001825745435763304,0.0010095037333724072,0.1180184344882191
1154,0.0018224180026380488,0.0012995290187566878,0.15909023095446115
1155,0.0006907985170858666,0.0003535803728555338,0.025130151575550434
1156,0.0006903218049927329,0.0007406353503916378,0.0799427629571592
1157,0.0006898454285764188,0.0015505498760975895,0.1946384334080045
1158,0.0006893698699230733,0.001475954378787434,0.18407462660487922
1159,0.000688894966489606,0.0019615507479176955,0.2528421315182464
1160,0.0006884208775543854,0.001664132595165599,0.2107233975636728
1161,0.0006879471197629439,0.0034642517075242018,0.4656464319460814
1162,0.008112195861404992,0.008011692945898206,1.109630216798572
1163,0.00804691752991138,0.00706630724671263,0.9757498588580628
1164,0.007982681707662032,0.005360622806323729,0.7342001468097975
1165,0.007919462997408422,0.006549795863034947,0.902604338477664
1166,0.00785723804802485,0.005886463349547393,0.8086668117985567
1167,0.00779598299841866,0.007263119567278357,1.0036213444825448
1168,0.007735675954355203,0.0057270920898612725,0.7860975246699395
1169,-0.002038338038858556,-0.00010539834038971038,-0.039867906327466014
1170,-0.0020425014991497514,-0.00036283794638102267,-0.07632509689833272
1171,-0.0020466816974840096,-0.000122710163597877,-0.042319512153224555
1172,-0.002050879347119894,-0.0017337418633109618,-0.2704650201685271
1173,-0.0020550939441214,-0.002602285298479796,-0.3934633964793345
1174,-0.002059326205975265,-0.0035545787277667367,-0.5283219894188754
1175,-0.0020635756279897555,-0.004226710112379832,-0.6235055641572823
1176,-0.006335518478595592,-0.007021276060110208,-1.019256726558841
1177,-0.006375913194456961,-0.006702493548503516,-0.9741124888198471
1178,-0.0064168263220704125,-0.004336876956677558,-0.6391067907893987
1179,-0.00645826806253369,-0.004495936089656506,-0.6616318762389392
1180,-0.006500248251241403,-0.0022072736713065954,-0.3375240078444423
1181,-0.00654277793205249,-0.003782781797962506,-0.5606388615137805
1182,-0.00658586780257453,-0.00237718127791504,-0.3615853948626191
1183,0.012269232516919137,0.008657068771855805,1.201024815489656
1184,0.012120523001981187,0.009977169812361207,1.3879703129440335
1185,0.011975375191514814,0.007715502638320663,1.0676853635697239
1186,0.01183366279690734,0.009625602384013481,1.3381832544048937
1187,0.011695264821277807,0.008495980511563212,1.1782123761153716
1188,0.011560066778946165,0.011059029656781636,1.5411773937548037
1189,0.01142795881193348,0.01100860279119667,1.5340362165398858
1190,0.0020986581095119305,0.0047959243043212505,0.6542306299854046
1191,0.0020942629675515523,0.00349425431980044,0.4698952379880529
1192,0.002089886196284141,0.003520604061802016,0.4736267444978828
1193,0.002085527828233902,0.0023701297116322483,0.3107028522338125
1194,0.0020811873067283493,0.0016623138820597322,0.21046584134951146
1195,0.0020768649617319834,0.0010890531244692344,0.129283784665578
1196,0.0020725605333793418,0.0010411033860043327,0.12249340466050165
1197,-0.0005849663644339476,-0.0007744345980176327,-0.13461316609135707
1198,-0.0005853087503658871,-0.001049188506303294,-0.17352231356262388
1199,-0.0005856515373351412,-1.668820104754683e-05,-0.027305261030088818
1200,-0.0005859947260475895,-0.0002544553341592945,-0.060976543465302555
1201,-0.0005863383172088898,0.000745334678438954,0.0806082561221146
1202,-0.0005866823115283637,-0.0004523303688862217,-0.08899852486353349
1203,-0.0005870267097153326,-0.0014883118122565766,-0.23570855715790073
1204,0.003398363729809173,0.0015240621218525117,0.1908873823582306
1205,0.003386853968125658,0.0024601608012417356,0.3234525632915066
1206,0.0033754219070456504,0.0018168651856229558,0.23235255262411797
1207,0.0033640669077599217,0.001969834282334854,0.2540152004082636
1208,0.0033527877600469935,0.0014678224041646927,0.18292302078495445
1209,0.0033415841376507327,0.002119729014609362,0.2752424734964814
1210,0.003330455141578703,0.0028974688253629254,0.38538173659086844
1211,0.002008032128514081,0.002297890457380309,0.3004727237000968
1212,0.002004008016032177,0.0017469622252003856,0.22245327725900807
1213,0.0020000000000000018,0.0016654056791624054,0.21090368476425944
1214,0.001996007984031989,0.0018025021354089808,0.23031853592022555
1215,0.0019920318725099584,0.0017058472945765265,0.21663080540084118
1216,0.001988071570576455,0.0017426230333836747,0.22183878461955495
1217,0.001984126984126977,0.0019430490608866229,0.2502220236782853
1218,0.0011719538896746151,0.0019082488555154156,0.24529380871214593
1219,0.001170582162798528,0.0012719670209715846,0.15518705140329594
1220,0.0011692133612162259,0.0005047724484893428,0.04654114734273895
1221,0.0011678478978502937,0.0003452562022697671,0.023951328013336222
1222,0.001166485620071045,-0.00029217787453591284,-0.06631860354977145
1223,0.0011651266573622365,-0.00016014074199602253,-0.04762022617733244
1224,0.0011637705766216477,-0.0015263838831355327,-0.24110011584257524
1225,-0.0068141735409652515,-0.005524692970440511,-0.8073188054486529
1226,-0.006860924933823953,-0.00561914186091551,-0.8206941413298388
1227,-0.006908322557564461,-0.004908431666890541,-0.7200472463641109
1228,-0.006956379327561768,-0.005882146395474786,-0.8579394066824947
1229,-0.007005109670883303,-0.005714496279810966,-0.8341977131988977
1230,-0.00705452726381961,-0.006671081392213256,-0.9696640708551517
1231,-0.007104647337401571,-0.0063744022642361784,-0.9276499935518175
1232,-0.004356427371832505,-0.004278043406931479,-0.6307751048905096
1233,-0.00437548872335336,-0.004066493266359298,-0.6008165297115455
1234,-0.004394717909974255,-0.003896894758013224,-0.5767989155006372
1235,-0.004414116558456693,-0.0033063015062716685,-0.49316232568494145
1236,-0.004433687521228968,-0.002794279580952406,-0.42065257787070504
1237,-0.004453432499396559,-0.0026265433834304574,-0.3968986939446374
1238,-0.004473354432004473,-0.002278077388574228,-0.3475508434729856
1239,-0.0001519525907917041,-0.0002913292514631665,-0.06619842618635911
1240,-0.00015197568389047067,-0.00018156864171425024,-0.0506547282717274
1241,-0.00015199878400984357,-0.0008708945272344331,-0.14827329429256278
1242,-0.0001520218911523763,-0.00037818548122333176,-0.0784985309369086
1243,-0.00015204500532139953,-0.0008060205403404449,-0.1390861946845644
1244,-0.00015206812652079904,0.00016489380868767446,-0.0015906088200425533
1245,-0.0001520912547529063,0.0001768760848106649,0.00010625566359618666
1246,-0.0014776826893823092,-0.0025583152985838757,-0.3872366053085126
1247,-0.001479869314536586,-0.001941625507258844,-0.2999043661261569
1248,-0.0014820627260266894,-0.0004219339506106797,-0.08469395016735948
1249,-0.001484262496147859,-0.0008511796737317087,-0.14548138444458936
1250,-0.0014864688060481912,0.0001883366993039265,0.0017292452771452958
1251,-0.0014886815316886848,-0.0006940925437300821,-0.12323556328336104
1252,-0.0014909011619603785,-2.3987337954216287e-05,-0.028338924922575802
1253,0.007729129111589295,0.004384346189682505,0.5959451859007475
1254,0.007669848019683068,0.005231795292254551,0.7159562980705731
1255,0.0076114690562896214,0.005312462897003603,0.7273800035563979
1256,0.007553972230405659,0.006194095204756538,0.8522319544961708
1257,0.007497337550745442,0.006744748108816712,0.9302124104730977
1258,0.007441545918192016,0.007148004990828922,0.9873194470532763
1259,0.0073865782092841226,0.007796587155565829,1.0791681099255954
1260,0.011602716389617962,0.010530449345630343,1.4663227377998802
1261,0.011469637295175028,0.010072861641698117,1.4015216670364894
1262,0.011339576608536905,0.008310350845774146,1.1519245169679073
1263,0.011212432231768599,0.008819388147710213,1.2240115987240427
1264,0.011088107716331175,0.007451041472636732,1.0302338180749797
1265,0.010966509735760965,0.008777343030386913,1.218057398907245
1266,0.010847550109693627,0.008339180690552441,1.1560072420838179
1267,-0.0006743088334458802,0.002157786261984126,0.2806319329574751
1268,-0.0006747638326585204,0.0011467993123395327,0.13746148431603342
1269,-0.0006752194463199857,0.0016130057663874082,0.20348309538533016
1270,-0.0006756756756756133,0.00019680623088378719,0.002928654069215056
1271,-0.0006761325219742931,-0.00016225574699421967,-0.047919741630600386
1272,-0.0006765899864683567,-0.0015431790978246744,-0.24347856239217616
1273,-0.0006770480704129112,-0.002699787037217183,-0.4072710600532902
1274,-0.005400696883468892,-0.004096614295189218,-0.6050821052589227
1275,-0.005430022790631206,-0.0045702759912814245,-0.6721594869774772
1276,-0.005459668917281557,-0.004149659453885272,-0.6125940708401207
1277,-0.005489640399355955,-0.004477633370738576,-0.6590399451761698
1278,-0.005519943039400177,-0.00397196358834772,-0.5874297531407832
1279,-0.005550581935519827,-0.004769018069116805,-0.7003042542839459
1280,-0.0055815628574883425,-0.004965010372945749,-0.7280596136180344
1281,-0.0011064840163358403,-0.0018206670007076078,-0.28277488324210265
1282,-0.0011077096793906671,-0.0010807468548847995,-0.17799143448093593
1283,-0.0011089380608144683,-0.0017276868018648757,-0.2696075354462046
1284,-0.00111016902836647,-0.0011979244499480388,-0.19458548533572373
1285,-0.001111403014865786,-0.0016418662936213402,-0.2574541039185445
1286,-0.0011126396058782628,-0.0007470778896644468,-0.1307390585080143
1287,-0.0011138789517162184,-0.000382710896753076,-0.07913939556123457
1288,-0.0035886622196990015,-0.0024387366860561064,-0.3703025354775021
1289,-0.0036015872416890193,-0.0025459118417540927,-0.38548009551414875
1290,-0.0036146054160030028,-0.002000367552963325,-0.30822309372257456
1291,-0.0036277181858054286,-0.0024792562935886065,-0.3760407009318065
1292,-0.0036409264408681086,-0.002212960332486832,-0.3383293217337388
1293,-0.003654231372484551,-0.0027763628568435233,-0.4181153092840478
1294,-0.0036676336097666296,-0.0024042261196967523,-0.3654153376058818
1295,-0.00041594744504291903,-0.0005082602940469123,-0.09691901531155889
1296,-0.00041612052931394583,-0.0009529079557199515,-0.1598875879835172
1297,-0.0004162937576926984,-0.0015057480769530246,-0.2381777857073879
1298,-0.00041646698459596454,-0.000983230603623551,-0.16418171572263487
1299,-0.00041664064743351936,-0.001047809508866367,-0.17332702747926776
1300,-0.00041681430921713947,-0.0006465309222468041,-0.1165001462848833
1301,-0.0004169881158305744,-0.0012066254575229033,-0.19581767449361923
1302,-0.0017937967586507675,-0.002267061345874386,-0.3459908116880609
1303,-0.001797020394015636,-0.002074794454245673,-0.31876302487730607
1304,-0.001800255343312851,-0.002177883626251773,-0.3333619502258248
1305,-0.0018035021076189262,-0.002467882033878632,-0.3744299404108979
1306,-0.001806760604176283,-0.002856541413641414,-0.42946975847076846
1307,-0.0018100310440209988,-0.002739408456503333,-0.4128820289950782
1308,-0.001813313049605303,-0.0027393379443032733,-0.41287204344252404
1309,-0.0036332144018925705,-0.00453012940131216,-0.6664741462326296
1310,-0.0036464626345892315,-0.004068566927152639,-0.601110190224391
1311,-0.0036598081366115975,-0.002577094839866839,-0.38989606134966875
1312,-0.003673251382965259,-0.002795628799719926,-0.4208436468615848
1313,-0.0036867940538150012,-0.0015792674512853139,-0.24858919785340247
1314,-0.0037004366516144582,-0.0024796669613246065,-0.37609885745304183
1315,-0.0037141808933223164,-0.001625838532335835,-0.25518433992725814
1316,0.006090556364739985,0.004176492523120861,0.5665100851767861
1317,0.006053686048645979,0.0045931266661096235,0.6255115363745619
1318,0.006017259449068391,0.003496583279777762,0.47022505257659764
1319,0.005981268753042723,0.004731417814736104,0.6450955733385938
1320,0.005945705740085128,0.004445924805229569,0.6046656130216825
1321,0.005910563270122848,0.005863517454821998,0.8054173395442719
1322,0.0058758337827848894,0.005948363948519958,0.8174328364531692
1323,0.0022451354772992094,0.0037599929821479318,0.5075276955811423
1324,0.002240106280733567,0.0033462089783911674,0.4489298655306812
1325,0.002235099275615937,0.002906130612086885,0.3866083715061279
1326,0.002230114892303181,0.0023982850003702793,0.31469005040849746
1327,0.0022251524022487423,0.0015360010637944742,0.19257811009189305
1328,0.0022202122358816467,0.0016149876733222335,0.20376376221799727
1329,0.0022152936698669468,0.001225359563702107,0.1485867579280402
1330,-0.004195661031518583,-0.0025672825897166502,-0.38850650408913395
1331,-0.004213338916690512,-0.003086664954377647,-0.4620585971118072
1332,-0.004231166109653017,-0.001882979353466384,-0.2915992182184483
1333,-0.004249144947751193,-0.002484873889672688,-0.3768362341994981
1334,-0.004267277227221644,-0.0015555684285058753,-0.24523307171855102
1335,-0.0042855650671504986,-0.002816523726824608,-0.4238026722861556
1336,-0.004304010035872441,-0.0030223053003157847,-0.45294433450962024
1337,0.00261465476014755,0.001055095066617526,0.12447483003037696
1338,0.002607836021678356,0.0019495105710280786,0.25113706744435826
1339,0.002601053049059443,0.0015867502593163029,0.19976493391153452
1340,0.0025943051238068726,0.002348760073172358,0.30767660078053366
1341,0.0025875921203106778,0.002380648044324211,0.31219240104648277
1342,0.00258091362248436,0.003172877814748448,0.42438365306869524
1343,0.0025742698001856024,0.003532323120670807,0.4752863335919756
1344,0.0037065413828090144,0.0033923382854446718,0.45546244598455426
1345,0.003692853523455275,0.003785233761788472,0.5111021568998233
1346,0.003679266674964099,0.003956494916015413,0.5353552259371062
1347,0.0036657791520102734,0.0039075783683776445,0.5284279316987861
1348,0.003652390438639852,0.003911860307115063,0.5290343164699316
1349,0.0036390988858332474,0.004020327067991961,0.5443947865757908
1350,0.0036259040049198,0.004780923064331487,0.6521062363319876
1351,0.004985266176886105,0.005411591853098176,0.7414181047627557
1352,0.004960536722228515,0.0049117913608420416,0.6706390895314716
1353,0.004936051118808793,0.004647458126840259,0.6332056610226442
1354,0.004911806192357648,0.004800350282389888,0.6548574128197298
1355,0.004887798274525679,0.004712781113397485,0.6424563455100005
1356,0.004864024044713533,0.004634904757981391,0.6314279215057123
1357,0.004840479697231226,0.003983290091316093,0.539149812277289
1358,0.002125792354948919,0.003328469285652633,0.44641766715954484
1359,0.0021212828116463633,0.002732815517718316,0.3620644346869584
1360,0.0021167926320493358,0.0018228751128919237,0.23320364569085147
1361,0.002112321150261165,0.0015360681795258424,0.1925876146551065
1362,0.002107868790087508,0.0006236438066152381,0.06337505966918869
1363,0.0021034348899633404,0.0008581651784777575,0.09658669512834758
1364,0.0020990198734098797,9.340665679236391e-05,-0.011714228726855897
1365,-0.005765017890772217,-0.0037906510503018997,-0.5617532620392273
1366,-0.005798446035907845,-0.0039448165300675795,-0.5835853350554366
1367,-0.005832264104585261,-0.0031630230407708477,-0.47287201215159547
1368,-0.005866478822355137,-0.004157253209482501,-0.6136694570220204
1369,-0.00590109762347657,-0.003994865780026792,-0.5906730364084036
1370,-0.0059361272901209405,-0.005211932320867416,-0.7630273509125579
1371,-0.005971575321350842,-0.005340021198035225,-0.7811665979290902
1372,-0.0044455124754696485,-0.003603794282936404,-0.5352916274703418
1373,-0.004465363162944103,-0.003938646352980137,-0.5827115482848785
1374,-0.004485392208884886,-0.004328187019786569,-0.6378761694012729
1375,-0.00450560159919422,-0.004047855097560943,-0.5981770940693214
1376,-0.004525993924658911,-0.004014363612255231,-0.5934342128891313
1377,-0.004546571537102584,-0.003957185534823564,-0.5853369659353258
1378,-0.004567337406716443,-0.004068639127755952,-0.6011204148793899
1379,-0.003162202401620573,-0.003154060883670121,-0.4716028404245448
1380,-0.003172233646475675,-0.003178425796729094,-0.4750532663029295
1381,-0.0031823287367686026,-0.0040134014756113105,-0.5932979603539102
1382,-0.0031924881379150616,-0.003881225018044379,-0.5745798525322944
1383,-0.0032027129069410742,-0.0046516723931158905,-0.683686400725015
1384,-0.0032130032338681946,-0.003945256794005607,-0.5836476828291148
1385,-0.003223359899649725,-0.004215553798934649,-0.6219256679957217
1386,-0.009405448882971013,-0.008034743458018367,-1.1627784427323231
1387,-0.009494751131443158,-0.00808631683118448,-1.1700819820873471
1388,-0.00958576574091341,-0.007049801242708505,-1.0232963070812333
1389,-0.009678541824771791,-0.00805299238774277,-1.1653627564633633
1390,-0.009773131640358645,-0.007650134794931322,-1.108312265038422
1391,-0.009869588272042762,-0.009022913570542796,-1.3027176955524724
1392,-0.009967968169032004,-0.008958072929832878,-1.2935353182488873
1393,-0.006674510136205347,-0.00585421203634045,-0.8539834953513148
1394,-0.006719358563043065,-0.0062947950177674105,-0.9163764502127566
1395,-0.00676481377239202,-0.00722427605117947,-1.048004476275899
1396,-0.006810888324049746,-0.006501457464626378,-0.9456428569102298
1397,-0.006857594472559736,-0.006582565571486117,-0.9571289438984437
1398,-0.0069049457906469325,-0.005785802235843652,-0.8442956731375452
1399,-0.0069529555719561875,-0.005930326495959826,-0.8647624092983621
1400,-0.008852918092706386,-0.006863551382289174,-0.9969206193584437
1401,-0.008931992456468696,-0.007191032798371768,-1.0432967484259474
1402,-0.009012491797594446,-0.00792836047382394,-1.1477130656962637
1403,-0.009094455503220633,-0.008284735539315025,-1.1981809555428322
1404,-0.009177923722123449,-0.009532526623182281,-1.3748863119778172
1405,-0.009262938436778945,-0.009387477050053585,-1.3543451838580272
1406,-0.009349542499528685,-0.010273908634488332,-1.4798767821423389
1407,-0.015282627346794198,-0.015573194751295073,-2.2303327312416834
1408,-0.015519811012101314,-0.015600743224186047,-2.234233995471231
1409,-0.01576447246560775,-0.013422035519434213,-1.9256973129180666
1410,-0.016016971572951788,-0.014258190290527313,-2.044108983566402
1411,-0.016277690885132423,-0.01230899121863836,-1.7680740597605824
1412,-0.016547038654056268,-0.013940335381099175,-1.9990961077803109
1413,-0.01682544983101142,-0.01294726450297095,-1.8584628353089396
1414,0.0014450047600158555,-0.0038557028144955803,-0.570965537497185
1415,0.0014429199321797093,-0.0013535798933056824,-0.21662855885594137
1416,0.0014408407163428727,-0.0013591394842846632,-0.2174158777575389
1417,0.0014387676812865902,0.000235185916771712,0.008363775510914658
1418,0.00143670060289125,0.0007211503736196556,0.07718340699594382
1419,0.0014346396524320681,0.0018508124400658538,0.23715997733958386
1420,0.0014325842134026434,0.002922493373401725,0.3889255763714153
1421,0.004712350284704625,0.004849386873417025,0.661801706947038
1422,0.004690248192300128,0.0037652814568602372,0.5082766204782004
1423,0.004668352460610814,0.0019174895069602235,0.24660241928675067
1424,0.004646660212971998,0.002613657000230184,0.34518985642042166
1425,0.004625168625939535,0.001511364475381452,0.18908921103406948
1426,0.004603874928064355,0.003244086004777996,0.4344677679200881
1427,0.004582776398701638,0.0038062317536059153,0.5140757777859579
1428,-0.003828712602166884,-0.0007228155831220764,-0.1273031632039567
1429,-0.0038434279833222673,-0.0017175317991658943,-0.2681694394422163
1430,-0.0038582569159195668,-0.0016960300645294001,-0.2651244812500672
1431,-0.0038732009116684285,-0.0026345057774394332,-0.398026284684484
1432,-0.0038882607344032927,-0.00347547732090089,-0.5171200803209056
1433,-0.0039034383203533363,-0.004363267574356315,-0.6428440858893212
1434,-0.003918734860173911,-0.006885668343062581,-1.0000527025150334
1435,-0.015652901757812643,-0.013131009082745022,-1.8844837388734565
1436,-0.015901811247033604,-0.013699363591273436,-1.9649709993687625
1437,-0.016158764876078147,-0.012035986379747305,-1.7294126059415622
1438,-0.016424159204576738,-0.013370582063053105,-1.9184107555230123
1439,-0.016698416449877795,-0.012051158568277041,-1.7315612083932936
1440,-0.016981988770515044,-0.013960050418523644,-2.001888043674277
1441,-0.017275358718275347,-0.013264200184936,-1.9033455351235806
1442,-0.0008147150690941407,-0.004906977087821391,-0.7198412568229127
1443,-0.000815379151429485,-0.0023121301096541884,-0.3523732037974129
1444,-0.000816044756835943,-0.001921926143324222,-0.29711464982619634
1445,-0.0008167112297529089,-1.0415050402283097e-05,-0.02641689170683149
1446,-0.0008173787921913478,0.001037935052182932,0.12204472253377861
1447,-0.0008180472265819638,0.002489988754319965,0.3276766350520444
1448,-0.0008187171961572259,0.004132708588198151,0.5603096435109706
1449,0.008288424663578375,0.006947567528848096,0.9589345887062573
1450,0.00822029117882539,0.007342010524537821,1.0147934508569751
1451,0.00815326915113479,0.006910478537389256,0.9536822483583551
1452,0.008087330749810162,0.007430187244195969,1.0272805561728506
1453,0.008022450752403376,0.007140509968099262,0.98625804288069
1454,0.007958603037948375,0.007969358943975364,1.1036351067230052
1455,0.007895763998429395,0.00903891431483434,1.2550996952091122
1456,0.010812581943286048,0.009118438334030832,1.2663614523565563
1457,0.010696920612621064,0.008412594457346694,1.1664036986672448
1458,0.010583707533349918,0.00808060858937531,1.1193896737317197
1459,0.010472865582890956,0.008512993302706726,1.180621634653789
1460,0.0103643216374798,0.008608006972855856,1.194076951546953
1461,0.010258004380719443,0.008976367216629751,1.246242116865179
1462,0.010153846182102244,0.008103798353007756,1.12267368136833
1463,0.006119679976739567,0.006141142310173969,0.8447330548546723
1464,0.0060824570920281484,0.0064930980703599124,0.894575106827228
1465,0.006045684667105755,0.006532854039281763,0.9002051299533598
1466,0.006009353817380214,0.005457617279711027,0.7479359742361372
1467,0.005973457388759762,0.004685440475985738,0.6385845138055863
1468,0.005937986887905478,0.003795725886114235,0.5125879942268525
1469,0.0059029355222550706,0.003132301857723968,0.418637507707182
1470,-0.0002920871747211784,0.0013007944081094892,0.1592694284816007
1471,-0.00029217232863754106,4.658539674497696e-05,-0.01834479978348383
1472,-0.00029225790423792475,0.00012943581678750076,-0.006611975920831642
1473,-0.00029234315785442444,0.0002515339600365754,0.010678896086371147
1474,-0.00029242883345959036,0.0008071772490185025,0.08936606311272564
1475,-0.0002925141869509762,0.0007032049825022505,0.07464207874415162
1476,-0.0002925999627367837,0.0012473993677925507,0.1517079145767067
1477,0.0041774205624884875,0.004328732266646516,0.5880694459472573
1478,0.00416004250165547,0.004931597448322313,0.6734439194369208
1479,0.004142808058576142,0.0039103927378204804,0.5288264873239752
1480,0.00412571619299551,0.004162386785022189,0.5645125076089298
1481,0.004108764413173649,0.002939757779513453,0.39137046724702257
1482,0.004091951730715637,0.003593042488865111,0.4838850787970046
1483,0.004075275716749482,0.002126162196139788,0.27615350551942364
1484,-0.006566361563517864,-0.004824768384365748,-0.7081993093575044
1485,-0.006609763843728134,-0.005256557858069698,-0.769346975695412
1486,-0.006653743333681517,-0.0034844962479677107,-0.518397291500412
1487,-0.006698312183720967,-0.004876943197076406,-0.7155880212950761
1488,-0.00674348213224818,-0.0035747087361639868,-0.5311726912349606
1489,-0.006789265609420281,-0.005263186740754643,-0.7702857218467136
1490,-0.006835674633017708,-0.0037935785325516587,-0.5621678360821812
1491,0.007776934749620601,0.00450178200669055,0.6125758047366552
1492,0.007716920760398871,0.00554756386634659,0.7606737184443162
1493,0.007657825924542561,0.004718244076889433,0.6432299805547743
1494,0.007599629286376253,0.0063361587740029925,0.8723502210591265
1495,0.00754231052244303,0.006260174375810223,0.8615897257007707
1496,0.007485849917838072,0.007337339363160441,1.0141319465019376
1497,0.0074302283436027405,0.0069017811703534,0.9524505747537052
1498,0.00429162493254176,0.0052757779903174935,0.7221848874864367
1499,0.004273285593544784,0.004157704126121071,0.563849375037393
1500,0.004255102326075733,0.0027036198144340397,0.3579298986881686
1501,0.004237072968673372,0.002329972820779733,0.3050160527341541
1502,0.004219196104511269,0.0009517992801651078,0.1098466450727351
1503,0.004201469281684744,0.0018518343260466464,0.2373046912494735
1504,0.004183890793039824,0.0018787475611619707,0.24111599657562846
1505,-0.0036425328326930018,-0.003214725368260911,-0.4801938133134812
1506,-0.0036558493841059025,-0.003250428340608917,-0.48524987320692886
1507,-0.003669263659395239,-0.0014546337628821805,-0.23093925579353003
1508,-0.0036827765616750385,-0.0023102340028196937,-0.3521046875062163
1509,-0.0036963897156542247,-0.0013159727530160019,-0.21130284110133732
1510,-0.0037101037048328234,-0.0030200161285310586,-0.4526201545075423
1511,-0.0037239198336040946,-0.00370167536501712,-0.5491530115761726
1512,0.0006912442652331485,-0.0005875973601549942,-0.10815429718397368
1513,0.0006907667766600234,-1.1994998490850962e-06,-0.02511183578336673
1514,0.0006902899472980284,-6.476141682944632e-05,-0.034113127218224036
1515,0.0006898135969426455,0.0003841001785079788,0.029452199717958448
1516,0.0006893382608779142,0.0008590715816928381,0.09671505499985608
1517,0.0006888634009791783,0.0011840997501703773,0.1427437685439768
1518,0.0006883891948570309,0.0020165519232929175,0.2606310974955475
1519,0.006242197253433224,0.005145123623194652,0.7036823297981136
1520,0.006203473945409543,0.005382545634580759,0.7373047379799919
1521,0.006165228113440113,0.004464965436509984,0.6073620432019056
1522,0.006127450980392135,0.005333314885570828,0.7303329482598734
1523,0.006090133982947554,0.0046315149673568,0.6309478778763719
1524,0.006053268765133124,0.005911235042278994,0.812174843591883
1525,0.006016847172081841,0.006147286849332535,0.8456032109218067
1526,0.0012694072112098276,0.0024057685229713984,0.3157498259957068
1527,0.0012677980301296632,0.002022791207171227,0.2615146707922878
1528,0.0012661925830022014,0.00268615123181196,0.35545609345061097
1529,0.001264591537026405,0.0018474643340036768,0.2366858368502437
1530,0.0012629941950228485,0.0020795935059971884,0.26955870203288596
1531,0.0012614012226193072,0.0011556799594237353,0.1387191130398449
1532,0.0012598119245135209,0.0007053014173915437,0.07493896440004777
1533,0.002661633807587993,0.0014631146065259288,0.18225632820272886
1534,0.0026545681498790774,0.0016828521759322636,0.2133743623240837
1535,0.0026475402428021155,0.0020696683308507567,0.2681531529513087
1536,0.002640549282314053,0.0022429530178530764,0.29269278364538986
1537,0.0026335951445453087,0.002821056739788864,0.37456067448209196
1538,0.0026266773721792536,0.0026003588962107737,0.3433066515786491
1539,0.002619796179985645,0.002840634808668476,0.37733321363901423
1540,0.006983704689058845,0.0056540531666436165,0.7757541513860057
1541,0.006935270805812355,0.005926373485953536,0.8143186672815748
1542,0.006887504099704955,0.005068589245582195,0.6928439493589587
1543,0.006840390879478964,0.005598641035407647,0.7679069880848166
1544,0.006793917825946405,0.004889083498669776,0.667423326146955
1545,0.006748071979434389,0.005734483692189544,0.7871442830102818
1546,0.0067028407277369695,0.005831414369979573,0.800871076052661
1547,0.0018344053582752817,0.003029441158878986,0.404070937479559
1548,0.0018310463185682302,0.0025931141126715063,0.34228068491311336
1549,0.0018276998736816985,0.0028277928779561192,0.37551460956884625
1550,0.0018243653234613078,0.0022469942144865197,0.2932650758349792
1551,0.0018210432329954784,0.0022739359672082323,0.2970804196687551
1552,0.0018177329054145375,0.0018332144403736528,0.2346678447635797
1553,0.0018144349044721952,0.0016423376211836026,0.2076369124174225
1554,0.00024595852246034333,0.0015159019846769392,0.18973178831142998
1555,0.0002458978852610816,0.0012384403538146255,0.15043918796153585
1556,0.00024583759079765954,0.0011591837528073057,0.13921530111709857
1557,0.00024577701312678,0.0009487735229421184,0.10941815386496258
1558,0.00024571677799478664,0.0007888654780236761,0.08677285014427905
1559,0.0002456562597650258,0.00036526964662907655,0.026785522667174398
1560,0.0002455960838763094,-0.00027696284250255357,-0.06416393383511713
1561,-0.0015625000000000222,-0.0005788876421356495,-0.10692087450051728
1562,-0.0015649452269170805,-0.0011767675869981398,-0.1915893659877466
1563,-0.0015673981191222097,-0.0018173547603289228,-0.2823058218549192
1564,-0.0015698587127158659,-0.0018326105315868062,-0.28446626083598636
1565,-0.0015723270440252124,-0.002323675062718766,-0.354008136978678
1566,-0.0015748031496063408,-0.0020961461835911103,-0.3217867401396362
1567,-0.001577287066246047,-0.002277994222348318,-0.3475390659264213
1568,-0.003069284518167348,-0.0037871809790904704,-0.5612618495117632
1569,-0.003078734187322074,-0.0031785348623290096,-0.4750687115773484
1570,-0.0030882419047887355,-0.002394856910297847,-0.36408852135614833
1571,-0.003097808846836303,-0.002870745679331304,-0.43148128897782273
1572,-0.0031074349267974366,-0.0024539334705746176,-0.37245462107879246
1573,-0.003117121338456985,-0.003027941546557833,-0.4537425089107946
1574,-0.0031268680049979514,-0.0028759633491330667,-0.4322201868702672
1575,-0.0006457862447529772,-0.0014027560797065476,-0.22359262171744726
1576,-0.0006462035541194844,-0.0013564378887990847,-0.21703329256407627
1577,-0.0006466214031684014,-0.0012619755656963039,-0.2036560544275283
1578,-0.0006470397929472238,-0.0010737610814809835,-0.17700214741577314
1579,-0.0006474587245063335,-0.0008587295624220408,-0.14655055843478554
1580,-0.0006478781988985549,-0.0010772291875186238,-0.17749328164606126
1581,-0.0006482982171800433,-0.0006373919396290321,-0.11520593349413191
1582,0.002548538112228327,0.0021716507767134702,0.2825953497896053
1583,0.0025420594147467224,0.0015202189100063694,0.19034312769259942
1584,0.002535613895339184,-0.00030951166193100344,-0.06877331982368866
1585,0.0025292008185995307,0.0004490727260329859,0.03865325694407079
1586,0.0025228200999376504,-0.0006006795622822156,-0.11000692717927751
1587,0.002516471334929715,0.0009939548935047448,0.11581649273171102
1588,0.0025101547625625553,0.0003270201858839634,0.021368842998761083
1589,-0.009400892288081497,-0.0062333297230795824,-0.9076720709728185
1590,-0.009490107769020484,-0.006571713332831508,-0.9555921091475198
1591,-0.009581032802858047,-0.005665418589602001,-0.8272475988299898
1592,-0.009673717002787408,-0.007509832028731274,-1.0884433537833778
1593,-0.00976821192052979,-0.008023974138666947,-1.1612533505601168
1594,-0.009864571141949607,-0.00986126474183423,-1.4214404083976457
1595,-0.009962850388382294,-0.01079818163201853,-1.5541214598737172
1596,-0.012499695377792941,-0.011643017507503533,-1.6737625010999113
1597,-0.012657915637946271,-0.012518414084672082,-1.7977313819410172
1598,-0.012820192378819484,-0.011746897433552998,-1.6884734087160485
1599,-0.01298668416821902,-0.011326065507809898,-1.6288774904576946
1600,-0.013157557208105963,-0.00971026826377795,-1.4000571120908094
1601,-0.013332986925875923,-0.010093261689770844,-1.4542945487317094
1602,-0.013513157496167993,-0.009318015463658742,-1.3445084134714342
1603,0.0013084112149532867,-0.0019806878718422994,-0.3054361647951455
1604,0.0013067015120402647,0.0005363975203968582,0.0510197172539614
1605,0.0013049962714393182,-0.00021039339677062603,-0.05473673260902548
1606,0.001303295475702848,0.0009164894960410197,0.10484626634751486
1607,0.00130159910747496,0.00019945480890979056,0.0033037312196946655
1608,0.0012999071494892434,0.0019260273644732507,0.24781150402420107
1609,0.0012982195845696598,0.002188214159248443,0.28494096553606524
1610,-0.003916069086868035,-0.0030356470861025676,-0.4548337253246483
1611,-0.003931464975323928,-0.0035764101838058823,-0.5314136409547525
1612,-0.003946982398381316,-0.0017147811843900625,-0.2677799124046674
1613,-0.00396262298824912,-0.0024009479836557346,-0.3649511058886819
1614,-0.003978387651190296,-0.0009232206754528759,-0.1556834375379792
1615,-0.00399427843920841,-0.0022636931825044736,-0.3455138307923752
1616,-0.004010296680775238,-0.00037121703474717353,-0.07751169761658121
1617,0.013385205484669482,0.008884637188707327,1.2332518114451512
1618,0.013208408414357775,0.009429502542911075,1.3104126662296292
1619,0.013036220501865259,0.0076820566347813556,1.0629489232688187
1620,0.012868464362909782,0.009760112886872662,1.3572318969695725
1621,0.01270497089768119,0.009336202112633623,1.2971999690074165
1622,0.012545579851534816,0.011386293499866935,1.587522711323063
1623,0.0123901382048206,0.010020274105744707,1.3940745074880456
1624,0.0025870003482499904,0.004059153441534632,0.5498931654828365
1625,0.0025803250464564442,0.003982257730252047,0.5390036149433358
1626,0.002573684104898666,0.004145855486566784,0.5621714354345382
1627,0.002567077086177205,0.0023124170875950677,0.3025299057100391
1628,0.0025605042471792405,0.0011232586859279974,0.13412778940946227
1629,0.002553964809437703,0.00018486040453679947,0.0012369514037234507
1630,0.0025474586895908313,0.0004695889848511461,0.04155865743462364
1631,-0.002345525226611911,-0.0015084089491491583,-0.23855460389107655
1632,-0.002351039477988537,-0.002596565341775864,-0.3926533674598704
1633,-0.002356580062177538,-0.0014244308487971285,-0.22666208410367197
1634,-0.002362146649876662,-0.001081329228653781,-0.17807390707250736
1635,-0.002367739598036045,0.0006235185986415198,0.06335732839997987
1636,-0.002373358921286539,-0.00029112412185489415,-0.06616937685188816
1637,-0.0023790053278627266,-0.00027467223192469386,-0.06383955007901594
1638,0.0067069081898800675,0.006207032731727766,0.8540640963862641
1639,0.0066622250840184805,0.007168223455115388,0.9901826755091451
1640,0.006618133759997535,0.004807423441636789,0.6558590749905888
1641,0.006574621861515473,0.005262647411900922,0.7203254067053217
1642,0.006531678714301048,0.003061592649152639,0.4086240558838946
1643,0.006489292570805549,0.0046776685840313826,0.637483900925975
1644,0.00644745332806429,0.0033275039407923796,0.4462809602942536
1645,-0.010866728284338212,-0.006972567235965418,-1.0123588489867732
1646,-0.01098611153942386,-0.008504437806329332,-1.2292939903322901
1647,-0.011108146710269273,-0.006666510559259296,-0.9690167744633301
1648,-0.011232923846112186,-0.008428056042348765,-1.218477222201933
1649,-0.01136053570687634,-0.007450548840571605,-1.0800479925487956
1650,-0.011491080713262658,-0.009570666479324553,-1.3802874700411616
1651,-0.011624660449119806,-0.008393112468009613,-1.2135287041057987
1652,0.0014637528312062553,-0.0008880566738214186,-0.15070370373293454
1653,0.0014616133904676865,0.00016016426651397492,-0.0022603807445122264
1654,0.0014594801946721248,-0.00040066569456530135,-0.08168205593775708
1655,0.001457353395489136,0.0010206578597097,0.11959802092350882
1656,0.0014552324285950213,0.0012945665757212446,0.15838747688232224
1657,0.001453117804443238,0.0020728298187864306,0.2686008656010952
1658,0.0014510093169703975,0.0009438481258730451,0.10872064604019357
1659,-0.0013726487544484245,-0.0006813731226222104,-0.12143430835409257
1660,-0.001374535330722182,-0.0007894603164627757,-0.13674102624989556
1661,-0.0013764274570725599,-0.0014820649024415871,-0.23482390391766939
1662,-0.001378324620925464,-0.0020896729378857455,-0.3208700344471155
1663,-0.0013802270218122858,-0.002975572752139336,-0.4463263263435089
1664,-0.001382134502281751,-0.002399771790961317,-0.3647845399050085
1665,-0.00138404762141775,-0.0011948728649857458,-0.19415333654461167
1666,-0.002977259971253976,-0.0027233501624820333,-0.4106079411245534
1667,-0.0029861503374597476,-0.0031381264154392127,-0.4693462880859771
1668,-0.0029950943195714563,-0.0020556598296234243,-0.3160532838735117
1669,-0.003004091676749643,-0.0018505484476959635,-0.28700653051794756
1670,-0.00301314361769367,-0.0010097474986646992,-0.16793689353274788
1671,-0.0030222499088902177,-0.0018958463595456234,-0.2934213733250839
1672,-0.0030314117752288094,-0.0025090737267076495,-0.3802632829131964
1673,0.0009698557798165641,-5.5465147954577557e-05,-0.03279664040702007
1674,0.000968916254273422,0.0003295419221941097,0.021725957518395563
1675,0.0009679781811713362,-0.000513672875181424,-0.09768551548211864
1676,0.0009670421055130163,-0.00026418964404612986,-0.06235506325154013
1677,0.000966107838554553,-0.0005194206349987842,-0.09849948182661396
1678,0.0009651755576598475,0.0004304746977543637,0.03601950578295777
1679,0.0009642447096338547,0.00044447624552382395,0.038002328485597904
1680,-0.0018224895206851999,-0.0016072963186227068,-0.2525584929199874
1681,-0.00182581705313134,-0.0010290082870081962,-0.17066450115349485
1682,-0.001829156758734296,4.500589807331482e-05,-0.01856847975633603
1683,-0.0018325087044164245,-0.0004004038649844479,-0.08164497706292932
1684,-0.0018358729575913557,-0.00017715134562800014,-0.050029174932317
1685,-0.0018392495861687674,-0.0010096417205877257,-0.16792191381936775
1686,-0.0018426386585590482,-0.0002935463629068493,-0.06651240139661453
1687,0.002452596270998697,0.002258661488529993,0.2949173314450184
1688,0.0024465959435149287,0.0014253498656353098,0.17690829191201465
1689,0.0024406245372701196,0.0007108443162016953,0.0757239194478874
1690,0.0024346823916845395,0.0016277081072403202,0.20556516057591526
1691,0.0024287691102982123,0.0019354308389987764,0.24914317271397118
1692,0.0024228846656750846,0.002702520203964193,0.3577741778607592
1693,0.002417028302496682,0.0024755278101470965,0.32562875514050227
1694,0.0036816177858438603,0.002626643045649295,0.3470288692280408
1695,0.0036681133758869056,0.003556242682791822,0.47867369130354287
1696,0.0036547073142800812,0.003247680806713131,0.4349768441312215
1697,0.0036413990664774243,0.0028293499479133226,0.37573511330968806
1698,0.0036281873883088345,0.0018922654371884063,0.2430303243283898
1699,0.0036150714106630844,0.002112675218971899,0.27424355349420476
1700,0.00360204956604937,0.0015727156624094863,0.1977774309706142
1701,-0.004221009023354538,-0.0031363751532522822,-0.4690982839024614
1702,-0.0042389014646860845,-0.003780039231313477,-0.5602504742079815
1703,-0.004256946240339343,-0.002160330729604177,-0.3308762048965932
1704,-0.004275145124870705,-0.0029182620438044154,-0.43821029692576624
1705,-0.004293500642408521,-0.001594575185618039,-0.250756995561247
1706,-0.004312014278483156,-0.003249352198854726,-0.48509747589081764
1707,-0.0043306882681311,-0.0021735441345477244,-0.3327474151179653
1708,0.008438598723792046,0.0062800377072788315,0.8644026621871163
1709,0.008367984839916742,0.006601455560111391,0.909920102553269
1710,0.008298542580618795,0.004332374172699739,0.5885851927862578
1711,0.008230243554036898,0.00601855017929801,0.8273722270184757
1712,0.00816305958550223,0.004924344726430933,0.6724168285853274
1713,0.008096963764195664,0.007151658870759459,0.9878368895673671
1714,0.008031929348371047,0.0060443132840868816,0.8310206571711259
1715,-0.005361139094508638,-0.0016358863240221134,-0.25660725329333667
1716,-0.005390035826297601,-0.0024130390735994265,-0.3666633799911428
1717,-0.005419245755069135,-0.0020053565173262363,-0.30892960360021965
1718,-0.005448774175401794,-0.0039754211638177,-0.5879193960896093
1719,-0.005478625795190872,-0.00490950286458974,-0.7201989435301642
1720,-0.005508806484497364,-0.006263402445883829,-0.9119308056847427
1721,-0.005539321534888675,-0.006423117837674574,-0.9345488269219734
1722,-0.007920893221248337,-0.007834646150983221,-1.1344417552703958
1723,-0.007984134879955529,-0.008296963678169414,-1.199912637763308
1724,-0.008048394164242967,-0.00679452246934705,-0.9871451218224673
1725,-0.008113696390926073,-0.0064565036122465665,-0.939276737925567
1726,-0.00818006697078455,-0.0044157473315240975,-0.6502759823949553
1727,-0.00824753252388466,-0.005328209841946999,-0.779493938207014
1728,-0.008316119806224598,-0.005111979062583585,-0.7488725165334389
1729,0.005112668055292424,0.002451345229981238,0.3222041502503296
1730,0.005086661642803358,0.00432883751787423,0.5880843510511236
1731,0.0050609184629801796,0.002895070391752618,0.38504208352596475
1732,0.005035434539351069,0.003764598326036904,0.5081798792230421
1733,0.005010205975134463,0.0024703250148604954,0.3248919636956334
1734,0.004985228951255527,0.004057578128797448,0.5496700782991567
1735,0.004960499724416811,0.0041555788728803835,0.5635484082840112
1736,-0.002402716087751444,-0.0012483090205226885,-0.2017206729623443
1737,-0.0024085030367451132,-0.0022641628014137562,-0.34558033565671215
1738,-0.0024143179288084182,-0.0011635272885109956,-0.18971434724965366
1739,-0.0024201611509637733,-0.0016506790012719974,-0.2587021114309402
1740,-0.0024260323560802988,-0.0006079370858718129,-0.11103469802114029
1741,-0.0024319323025341344,-0.0012162826055919329,-0.19718526704476527
1742,-0.0024378610154867086,0.00022975411991446988,0.007594554114680105
1743,0.00765021513573827,0.005589406447299477,0.7665992361668216
1744,0.007592133679748869,0.006181685833650302,0.8504746071542861
1745,0.007534927502879762,0.005410310751439175,0.7412366821446509
1746,0.007478577149375054,0.006200172320543254,0.8530925624337272
1747,0.007423063018138221,0.005568604698038649,0.7636534060794535
1748,0.007368367164336753,0.005947447460522618,0.8173030484298918
1749,0.007314471453057525,0.004034064586324465,0.546340218872
1750,-0.001159800388280896,-0.0006331368148804538,-0.11460334597359723
1751,-0.0011611469104272354,-0.0013519844487948581,-0.21640262072046146
1752,-0.001162496916826905,-0.0012455341466356073,-0.2013277104819913
1753,-0.001163849711626419,-0.002039758059277963,-0.3138013620308478
1754,-0.001165206013416853,-0.0019267726666801726,-0.2978009879866114
1755,-0.0011665651248013997,-0.0019331691919073093,-0.29870682894414047
1756,-0.0011679277661222898,-0.0005864486670013275,-0.10799162553502743
1757,0.0026436197508896697,0.001549044024504601,0.19442518293208944
1758,0.002636649452321338,0.0026922744196011743,0.3563232258534632
1759,0.0026297158135617504,0.0034909340898497177,0.4694250451613257
1760,0.0026228183696188623,0.0037368491943130192,0.5042501987858062
1761,0.0026159573651234336,0.004003857484536074,0.542062454142473
1762,0.0026091319870851226,0.0032968723236143672,0.4419430780144372
1763,0.002602342132984825,0.0025917926539176916,0.3420935471437175
1764,0.001197963487072018,0.002947646428403719,0.39248761460603776
1765,0.001196530087715697,0.001467390432533901,0.18286184732252492
1766,0.0011951001144709927,7.095404391424991e-05,-0.01489384510079846
1767,0.0011936733809914113,0.00034069021891664083,0.02330471839549076
1768,0.0011922503975057008,-4.7180860446094494e-05,-0.031623464868323785
1769,0.0011908306292145454,0.0010655870757481623,0.1259606510441016
1770,0.0011894142383088724,0.0015099951085023149,0.18889528877769446
1771,0.00012375017325028104,0.00047594625958794395,0.04245893995214201
1772,0.0001237346878109058,0.0011943545511452634,0.14419599743458641
1773,0.0001237195526393453,0.001547834534492904,0.19425390156425096
1774,0.00012370424800534074,0.0012002883696459895,0.14503631239335465
1775,0.00012368894715697465,0.0005513505179908804,0.053137279082848654
1776,0.00012367347695052544,6.300477102757249e-05,-0.016019577698987732
1777,0.00012365835683447735,-0.0012085186495132618,-0.19608577800051347
1778,-0.006429436904968111,-0.005464668978522569,-0.7988185356329415
1779,-0.006471042061612531,-0.005769779259084664,-0.8420265867047656
1780,-0.006513189182769441,-0.004143058179367029,-0.6116592344065599
1781,-0.006555889104120971,-0.004904578162219141,-0.7195015340847979
1782,-0.006599152237868888,-0.0030859007451426636,-0.46195037397493394
1783,-0.006642990342453414,-0.004304067488458217,-0.6344604931430231
1784,-0.0066874147742145285,-0.0026155506218871263,-0.39534195910990944
1785,0.010435278049664598,0.007157028137138669,0.9885972557389157
1786,0.010327507456537877,0.008483071916114486,1.176384331349438
1787,0.010221940469504753,0.007029522605231666,0.9705406188913196
1788,0.010118509490302463,0.008930979949536164,1.239814620056558
1789,0.010017151028312465,0.008044282731757542,1.11424540422928
1790,0.009917802726536529,0.00981316289601277,1.3647445494441586
1791,0.009820406048918429,0.009270356326302326,1.2878752484721865
1792,0.0020994207770268503,0.004106425738442958,0.5565876099156315
1793,0.0020950226119460513,0.0028435085392740636,0.3777401756677737
1794,0.0020906425000699613,0.002533471517025321,0.3338344263537854
1795,0.0020862810005555232,0.0016535975884577202,0.20923148746796108
1796,0.002081937326405603,0.0012590851966633458,0.15336279782002354
1797,0.0020776120358705352,0.0013470096942782602,0.16581418482806157
1798,0.002073304346641658,0.0018031953261458608,0.23041670180538174
1799,0.0008799257532878801,0.0005943020402868422,0.05921983902005411
1800,0.000879152330983235,0.0013104865411470714,0.16064197541286523
1801,0.0008783799348899279,0.0027883434780400923,0.3699280010704885
1802,0.0008776090607003351,0.0023371429551757123,0.3060314479958364
1803,0.0008768395383766947,0.0030189447566830938,0.40258449434393284
1804,0.000876071530109046,0.001384899215969829,0.17117989189411079
1805,0.0008753045349825239,0.0003608687747004193,0.026162295227234757
1806,0.0030254324950365064,0.002931059569657796,0.3901386742868369
1807,0.003016307027194687,0.0022644215575009573,0.2957330409446005
1808,0.003007236114814793,0.0008908655530902737,0.1012175435341188
1809,0.002998219760072196,0.0014231106131696424,0.1765911812111854
1810,0.0029892573097380915,0.0011778031944414875,0.1418520847206417
1811,0.002980348444838965,0.002353571799537967,0.3083580111812775
1812,0.0029714921996948362,0.003253369863042153,0.435782497208404
1813,0.0030784186649384093,0.0034731349344896533,0.4669044260185811
1814,0.0030689710870619447,0.003854113759954746,0.5208565659387866
1815,0.0030595813204508104,0.003453454402080821,0.4641173765364236
1816,0.0030502488360892865,0.003297950423123433,0.4420957525770983
1817,0.0030409731113956173,0.00199785256826418,0.2579829969936458
1818,0.0030317536301260883,0.002025754182771495,0.2619342712096355
1819,0.003022589882277993,0.0007677882871743142,0.08378801352391983
1820,-0.009085759555907957,-0.005656725126639819,-0.826016478098925
1821,-0.009169067658610253,-0.007209092155908942,-1.0458542159794924
1822,-0.009253917292312175,-0.006324061476403851,-0.9205210061979733
1823,-0.009340352138482722,-0.007547387473029208,-1.0937617506340533
1824,-0.009428416872177325,-0.006550473933279533,-0.952584301416866
1825,-0.009518158200129245,-0.007990989673295519,-1.156582270773097
1826,-0.009609623955024627,-0.007656567556378684,-1.1092232375714959
1827,-0.0012098335027100893,-0.001613718805381273,-0.25346801040776595
1828,-0.0012112989727890433,-0.00026379657894639344,-0.062299399519486674
1829,-0.0012127679974186512,-0.001178762216254868,-0.19187183448613773
1830,-0.0012142407595404636,-0.0002949017088500558,-0.06670433808464146
1831,-0.0012157167623916276,-0.0009898200437881092,-0.16511487623967952
1832,-0.001217196528614739,2.6406316330721008e-06,-0.024568017342054656
1833,-0.0012186799015604377,-0.0007153442663445806,-0.12624511613880673
1834,-0.010615452169456807,-0.00559873851191671,-0.8178047305110611
1835,-0.01072934906122558,-0.007282006811114326,-1.0561799911064222
1836,-0.010845716539800265,-0.007379721989771538,-1.0700178808757705
1837,-0.010964636048877208,-0.00822583799979529,-1.1898402077617833
1838,-0.011086191932138667,-0.008631235493427949,-1.2472503860651807
1839,-0.011210473391810583,-0.0091696475690723,-1.3234973627952662
1840,-0.011337572951713337,-0.008648612158647392,-1.2497111744623348
1841,-0.006933277172910035,-0.007330024817277582,-1.0629800388099833
1842,-0.006981682931270106,-0.006538854824921432,-0.9509388667680531
1843,-0.007030769722056629,-0.005711827447521983,-0.8338197677503467
1844,-0.00708055126034246,-0.0049644074505957704,-0.7279742310486821
1845,-0.007131043165471196,-0.0038405965739964744,-0.5688262742452679
1846,-0.007182259981626027,-0.003612393933268791,-0.5365094629692868
1847,-0.007234218208727716,-0.004156146232150106,-0.613512692939783
1848,-0.003435664468580346,-0.0034483881841612814,-0.5132838647676954
1849,-0.003447508757976281,-0.0015462707052589799,-0.2439163789471261
1850,-0.003459435386386156,-0.000614223415005151,-0.11192493360988273
1851,-0.0034714446247627873,-0.0014457064008359703,-0.2296750115520096
1852,-0.0034835375324049345,-0.0012101570378179498,-0.19631779760147225
1853,-0.0034957147894251195,-0.002215506151142907,-0.33868984666363844
1854,-0.003507977876909041,-0.0007761888597893394,-0.1348615950596816
1855,0.0049114240858505465,0.00407774236608838,0.5525256274241678
1856,0.004887419696308459,0.0023867203369830918,0.3130523259590246
1857,0.004863649199173148,0.0006994104958534713,0.07410472427477822
1858,0.00484010860881412,0.002454908090265397,0.32270870305935373
1859,0.0048167947988411175,0.002317043698969127,0.30318510113698954
1860,0.004793704313935665,0.003907976871866834,0.5284843655858431
1861,0.004770834537795476,0.00405149387698901,0.5488084597971892
1862,0.003650336215177852,0.003223214377209198,0.4315120420485006
1863,0.0036370597243491343,0.0029577771963806916,0.3939222786210929
1864,0.0036238794583254297,0.0011062798367298585,0.13172333754391893
1865,0.003610794374762527,0.0001698001301956185,-0.0008958023720281227
1866,0.003597803446316883,-0.0027888123074950684,-0.4198783324721787
1867,0.003584905660377391,-0.0026158095140790824,-0.3953786220077689
1868,0.0035721000188007057,-0.00579805994880982,-0.8460315434821636
1869,-0.02306910022480335,-0.01958761823908784,-2.7988334542095528
1870,-0.023613850508886314,-0.020669719287797178,-2.952074693053984
1871,-0.024184950310073172,-0.01760148648082488,-2.5175683251280274
1872,-0.024784358997287148,-0.020721619016925086,-2.959424449157388
1873,-0.025414234302619354,-0.018429877326668558,-2.634880511097981
1874,-0.02607696028110351,-0.022199448497373275,-3.1687065865832924
1875,-0.026775175468310097,-0.020599498158835813,-2.9421303603986106
1876,-0.011106855674709482,-0.0065354752723614205,-0.9504602729974864
1877,-0.011231603247562116,-0.00655312392551772,-0.952959578840349
1878,-0.011359185336399014,-0.010386598394454551,-1.4958352903083758
1879,-0.011489698956303251,-0.008384727721041839,-1.2123413020473022
1880,-0.011623246560174327,-0.01121783361003321,-1.6135502803809962
1881,-0.011759934949827078,-0.009338691354157854,-1.3474364201285527
1882,-0.011899876965401401,-0.011912065503008079,-1.7118636083753396
1883,-0.0330495569282947,-0.02367700779031269,-3.377950461530278
1884,-0.03417916337630944,-0.028871117925291786,-4.113511962674719
1885,-0.035388719967219595,-0.03148366974917556,-4.4834872792264795
1886,-0.03668702715710592,-0.033493987201593675,-4.768177454184329
1887,-0.03808422384256549,-0.035879781100142824,-5.106040552161384
1888,-0.03959205687825573,-0.035824059637619886,-5.098149583053257
1889,-0.041224207766712984,-0.037780437179794894,-5.3752010826039704
1890,-0.04187114497321143,-0.04744304619816615,-6.743566983561822
1891,-0.04370095395158602,-0.04337584975636087,-6.167592843152945
1892,-0.04569800015190384,-0.03631026211724641,-5.167002922023835
1893,-0.04788630833343588,-0.04018243121166778,-5.715358354958673
1894,-0.050294738026559704,-0.036354198461273975,-5.173224947034448
1895,-0.0529582598311078,-0.04403388096777975,-6.260779628394863
1896,-0.05591966814647831,-0.044252374761173906,-6.2917215257523
1897,-0.005859499331252849,-0.021614181058026767,-3.0858242092233037
1898,-0.005894035427901012,-0.017254216202722817,-2.468389805530728
1899,-0.00592898105227424,-0.016604754524982966,-2.3764165908318384
1900,-0.005964343985874088,-0.010890350703920191,-1.567173940303524
1901,-0.006000130373573387,-0.005705583599124044,-0.8329355480512731
1902,-0.006036349256090312,-0.0012195857813751148,-0.19765304475345474
1903,-0.006073008053737561,0.008125836576872048,1.1257946142340018
1904,0.04536096187819605,0.033919944266516795,4.778615228318425
1905,0.04339262997902282,0.035022283924296516,4.93472254841297
1906,0.04158801699090242,0.025933875613417423,3.647671814709044
1907,0.039927510576414305,0.030101651886656786,4.2378895213635195
1908,0.03839451363633639,0.022143097804604137,3.110842570989714
1909,0.03697488068227739,0.029393424160965874,4.137594180001179
1910,0.03565648671923616,0.025388126014469155,3.570385738014604
1911,-0.02812783556810161,-0.013064636964877242,-1.875084482141455
1912,-0.02894190845735911,-0.02151194404593878,-3.0713459621069155
1913,-0.029804508167427857,-0.018746354733909548,-2.6796983125498213
1914,-0.030720105812006238,-0.02619500323748592,-3.734535220587387
1915,-0.03169374088558985,-0.025836731334257863,-3.683798710943206
1916,-0.03273111186638866,-0.03265714369273292,-4.649668248256011
1917,-0.03383869023240271,-0.0357863702943786,-5.0928122241657325
1918,-0.028182274604569568,-0.031235065952812405,-4.448281367743853
1919,-0.02899954782477554,-0.02827088423114915,-4.028510146073307
1920,-0.029865637816966273,-0.025025836774354368,-3.5689642534033728
1921,-0.030785053541833696,-0.024510857279272092,-3.4960356707169273
1922,-0.031762874865258084,-0.021546696859757086,-3.0762674657402402
1923,-0.032804851250501144,-0.02440122170574448,-3.480509679748866
1924,-0.03391751012493727,-0.02625306052395105,-3.7427569763212665
1925,-0.010399562123700079,-0.015097398753349527,-2.1629531013546575
1926,-0.01050884955752196,-0.011142049738486074,-1.6028181825106893
1927,-0.01062045835662384,-0.011128226578844857,-1.600860622160211
1928,-0.010734463276836026,-0.008511480764620074,-1.2302913756087301
1929,-0.010850942318675116,-0.007089054660092336,-1.0288551616040622
1930,-0.010969976905311873,-0.0032605174764598335,-0.4866786415077343
1931,-0.011091652072387492,0.004606651308982876,0.6274268224112013
1932,0.023950076151121547,0.015625075120999882,2.187795807433792
1933,0.023389886009704375,0.01879964098031185,2.6373604813193223
1934,0.022855303639373492,0.020326956449525483,2.85365055412511
1935,0.02234461022465073,0.023575891662519357,3.313747009588588
1936,0.021856241576397872,0.025768333649558113,3.6242286661668652
1937,0.021388763065115945,0.027626413995911238,3.8873598538570135
1938,0.020940864405163184,0.028885758552540407,4.065701349986256
1939,0.03582262032355921,0.03147690203108638,4.432644933628149
1940,0.03458374013146104,0.030348432035457534,4.2728371778412075
1941,0.03342768573481214,0.028350122785093006,3.9898475388556514
1942,0.032346419323266096,0.02769160376514089,3.8965916728342247
1943,0.03133291226114965,0.02613029630910611,3.675487840557943
1944,0.030380987447063745,0.025839115527444667,3.6342524090215718
1945,0.029485198016257597,0.024422186455209632,3.433594654699118
1946,0.027081649151172282,0.0218873527122898,3.074625348188408
1947,0.02636757182211724,0.020657071195422254,2.900399600974638
1948,0.025690184049079745,0.020023938177700797,2.8107387619017326
1949,0.025046728971962695,0.02022419597825118,2.8390981775784887
1950,0.024434719183078046,0.019996746336180614,2.8068880018585887
1951,0.023851904592381734,0.02041979240990392,2.8667974756576897
1952,0.023296244784422715,0.020219506703740866,2.83843410814052
1953,0.01854278933061493,0.018177023098219235,2.549188738308475
1954,0.018205213551226507,0.019158802177138202,2.6882229278645555
1955,0.01787970994701049,0.01978672459906108,2.7771458708267005
1956,0.017565641052323056,0.01811171275085616,2.5399398437147447
1957,0.017262415971554423,0.017085804105219603,2.3946562660062938
1958,0.016969481408334985,0.01508464455920067,2.1112629837217356
1959,0.016686323463506625,0.013782755834899357,1.926896614991676
1960,0.009624060150375868,0.012275094033366107,1.713389787231969
1961,0.00953232052427766,0.009874149613700235,1.3733811552238404
1962,0.009442313366774924,0.00920112741094348,1.278071427686596
1963,0.009353990061385486,0.009751057119648963,1.355949468688312
1964,0.009267303793802473,0.010807934677147066,1.5056186945069716
1965,0.009182209469153602,0.011542910173308238,1.6097019089963902
1966,0.00909866363377887,0.012671933899549489,1.7695880810875502
1967,0.016342631727247037,0.017408308265484024,2.4403275432962928
1968,0.01607984474632662,0.01880490546791395,2.6381060092928785
1969,0.015825375170531952,0.016728478117539552,2.3440537117543485
1970,0.015578834273435538,0.0161090734015214,2.2563369997689775
1971,0.015339857180640015,0.012577441666293586,1.7562066072385205
1972,0.015108101067986324,0.012467481681785967,1.7406346749597743
1973,0.014883243520656952,0.008868592163785601,1.230979602672017
1974,-0.01188369152970925,-0.006271816343494443,-0.913122335898024
1975,-0.0120266120777891,-0.00995707171568112,-1.435008068626554
1976,-0.012173012173012143,-0.007914135614107393,-1.1456986187756621
1977,-0.012323020450970112,-0.010360438141532735,-1.4921306182068155
1978,-0.012476771967082523,-0.00801740911881415,-1.1603236483142119
1979,-0.012634408602150704,-0.010736861706027822,-1.5454376669544951
1980,-0.012796079499047042,-0.008404712581220017,-1.2151714487655678
1981,0.013749901544401588,0.006895205368357882,0.9515193455996528
1982,0.013563406046653181,0.010176896498386483,1.416254515083299
1983,0.013381901877808078,0.00851518328911131,1.1809317685641953
1984,0.013205191038646369,0.010856038314665646,1.5124308688552572
1985,0.013033086901154123,0.009498635019514947,1.320202829885599
1986,0.012865410883095452,0.011292670910838548,1.5742643917385426
1987,0.012701994504756842,0.008755641978811214,1.2149842145390628
1988,-0.00452830188679243,-0.001461299938626026,-0.23188328318409582
1989,-0.004548900682335044,-0.003775486554006277,-0.5596057489196672
1990,-0.004569687738004591,-0.0035189068261431717,-0.5232703295916792
1991,-0.004590665646518777,-0.005452935249175159,-0.7971568689858135
1992,-0.004611837048424272,-0.00533488645082612,-0.7804394430811998
1993,-0.004633204633204602,-0.005999981658230066,-0.8746265928428959
1994,-0.004654771140418901,-0.003050666521196318,-0.4569606956692894
1995,0.008016924655754654,0.0034936772621341483,0.4698135182339018
1996,0.00795316473331309,0.00470628158811008,0.6415359182466404
1997,0.007890410994857211,0.004951957060779164,0.6763271365255668
1998,0.007828639555525818,0.0066124934355304725,0.9114832261686171
1999,0.0077678282814868105,0.0070362137691006976,0.9714881849636606
2000,0.007707954216729762,0.007247862401990178,1.001460708086523
2001,0.007648996104948846,0.0047083701762434,0.6418316926878235
2002,-0.00035143198031972744,0.0007456281833903484,0.08064982068987125
2003,-0.0003515557742642672,1.2660494636106546e-05,-0.023149059083518747
2004,-0.00035167916301559465,-0.0007575902747909236,-0.13222776505895287
2005,-0.0003518031310218994,-0.0022671356689018696,-0.3460013369091757
2006,-0.00035192669367256624,-0.003146783058804063,-0.4705721946268185
2007,-0.0003520508361078978,-0.0032010869097072814,-0.4782624093219784
2008,-0.0003521745730254988,-0.00193685353642036,-0.2992285856859743
2009,0.0001409196054253936,-0.0014213816576267551,-0.22623027430829395
2010,0.0001408995033138627,-0.0013015771947800289,-0.20926422078896553
2011,0.00014087989998023964,-0.00023539837579912202,-0.05827780113324148
2012,0.00014085980912503793,0.0007101350147572189,0.07562347205233651
2013,0.00014084021690341508,0.001635768290179139,0.20670659964977123
2014,0.00014082013729499465,0.00137071058322187,0.16917057523888782
2015,0.00014080055617671228,0.0010659540006076437,0.12601261293813804
2016,0.002463661000246198,0.0028454508058763294,0.3780152288531045
2017,0.0024576062914720698,0.0030102378867686245,0.4013514749935293
2018,0.0024515812699190676,0.0018258544307372146,0.23362556040765936
2019,0.0024455857177794194,0.0015629280916658736,0.19639136867281154
2020,0.0024396194193705423,0.0007114624550598046,0.07581145689599128
2021,0.0024336821611097292,0.001366605786770282,0.16858927639050778
2022,0.0024277737314881698,0.0009678507200982791,0.11211976230474405
2023,-0.0035290455316057123,-0.0027522446179852997,-0.41469981605835654
2024,-0.0035415435578842747,-0.0029683844253214848,-0.44530835477042885
2025,-0.003554130910360831,-0.0018087077486401175,-0.2810812792994201
2026,-0.0035668075674767374,-0.0023263237735676565,-0.35438323293880925
2027,-0.003579575469129348,-0.001712363487287468,-0.26743753134922527
2028,-0.0035924346142920394,-0.0026914753282505353,-0.40609400123749606
2029,-0.0036053869778084335,-0.0020880450861379095,-0.3206395069757753
2030,0.0033701090141542434,0.0016606930900155922,0.21023631363484058
2031,0.0033587892798021546,0.0016294137130982152,0.20580669915954003
2032,0.003347545826256848,0.0010093961458933725,0.11800319853720409
2033,0.003336376905012539,0.0018796530292053205,0.2412442240132254
2034,0.0033252827542669117,0.0018253600463742886,0.2335555483950747
2035,0.003314261652131112,0.002444306323893654,0.3212073388247631
2036,0.003303313849922107,0.0019312947034141696,0.2485574357887832
2037,0.0027379218825813734,0.0009537585435370772,0.1101241052477356
2038,0.002730446376298934,0.0017198817132041586,0.21861828309483738
2039,0.0027230110985740907,0.0018916028126925637,0.24293648706730156
2040,0.0027156164448554065,0.0015068622619637169,0.1884516321660898
2041,0.0027082618444533857,0.001404735448461974,0.17398899077145505
2042,0.002700947212147531,0.0015959894500249608,0.20107333762466595
2043,0.0026936715082723772,0.0022571866804261317,0.29470847717843857
2044,0.001122181861461513,0.0018000783434336761,0.22997529174220735
2045,0.001120923743130442,0.0016507844553464235,0.20883310692529033
2046,0.001119668917428207,0.0021320203286578385,0.2769831022428088
2047,0.0011184166610560542,0.0018829948204370948,0.24171747023078277
2048,0.001117167202643321,0.0021766367113451213,0.2833014306132612
2049,0.001115920296112849,0.001314205917432967,0.16116869316298577
2050,0.0011146766425342847,0.0013185624927062759,0.16178564755259398
2051,0.002125649504014948,0.0038581854867812174,0.5214331816475217
2052,0.0021211407023333795,0.0020284770721898486,0.26231987193352596
2053,0.002116650987770363,-0.0004741142519815669,-0.0920834393790074
2054,0.0021121802393804234,0.0002555129978584385,0.011242385684647048
2055,0.002107728337236381,-0.0013499461014842983,-0.2161139611101247
2056,0.002103295162421137,0.00016548481818774691,-0.0015069132834122606
2057,0.002098880597014796,-0.0013796983810665173,-0.22032731640357273
2058,-0.010638651617407402,-0.009391538573112937,-1.3549203545650077
2059,-0.010753049330337383,-0.009038842684975382,-1.3049734897153704
2060,-0.01086993450753726,-0.007398191689044125,-1.0726334587841289
2061,-0.01098938844015962,-0.009252019331031565,-1.3351624017151453
2062,-0.011111496996809467,-0.009050380490908854,-1.3066074107589742
2063,-0.01123634941654228,-0.010731845420324309,-1.5447272879778544
2064,-0.011364039986408225,-0.011052833449728272,-1.5901838590982367
2065,-0.00876468267538344,-0.010401124282459113,-1.4978923672105648
2066,-0.008842181591188325,-0.009002602177468079,-1.2998413070292951
2067,-0.008921063252453232,-0.006423571371737952,-0.9346130539383072
2068,-0.009001364740731321,-0.006346985361136067,-0.9237673615172677
2069,-0.009083125524801838,-0.003702097288943842,-0.5492127621376438
2070,-0.009166384949910511,-0.005343010448701742,-0.7815899192777757
2071,-0.00925118487168719,-0.003191405461175525,-0.47689137547205784
2072,0.014465577283685915,0.011003745773843297,1.533348392276886
2073,0.014259308159493056,0.011176985967129096,1.557881722013909
2074,0.014058838844051236,0.007033097705983231,0.9710469051284664
2075,0.013863928112965329,0.01005173375321309,1.3985296508939355
2076,0.01367434793618627,0.008049218706634912,1.1149444100254722
2077,0.013489882588058943,0.012377726359905262,1.7279240166212715
2078,0.013310327828444546,0.012200523560696348,1.7028295242817035
2079,-0.00298849768912679,0.0011278658931994322,0.1347802369334064
2080,-0.0029974558221743663,-0.0003341093516997173,-0.07225671026801415
2081,-0.003006467331201579,0.00017157205576759122,-0.000644871952809795
2082,-0.003015533433956663,-0.0023238390600236747,-0.3540313613810583
2083,-0.003024654380367031,-0.003845322304541603,-0.5694955063877228
2084,-0.0030338309165308663,-0.005676897981857716,-0.8288732476476719
2085,-0.0030430628076177912,-0.007375550096544662,-1.0694270801486336
2086,-0.011357586583850887,-0.01308257856415394,-1.8776252734134817
2087,-0.011488063005671512,-0.013277879788655087,-1.9052827658686333
2088,-0.01162157261540342,-0.009985978412164758,-1.4391016770611234
2089,-0.01175822164204443,-0.010682479522162851,-1.537736359173236
2090,-0.011898122402375977,-0.007125042580567611,-1.033951574294581
2091,-0.012041392099195525,-0.00972728581407065,-1.4024670445939347
2092,-0.012188154712459598,-0.00884018707579975,-1.2768409676281045
2093,0.013688066396761123,0.006658934211227719,0.918059915110219
2094,0.013503232977291502,0.00988459400240246,1.3748602324926509
2095,0.013323325278287612,0.007466184259896728,1.0323782568795141
2096,0.013148148222709155,0.009712837604893327,1.3505370298073291
2097,0.012977517893877577,0.00801300029424268,1.1098153563288842
2098,0.012811259291287236,0.010919269127717696,1.5213852711606557
2099,0.012649207269741725,0.01171818306588009,1.6345230985013754
2100,0.0009852216748769127,0.005193369532832546,0.7105146519466834
2101,0.0009842519685039353,0.00218703509964883,0.28477399355694033
2102,0.000983284169124854,0.0012630764390903918,0.15392801576780993
2103,0.0009823182711197198,0.0006713049245099582,0.07012456680589163
2104,0.0009813542688910104,-0.00012849177924019456,-0.04313827297469112
2105,0.0009803921568629637,0.00022377416827567003,0.006747706032929815
2106,0.0009794319294809117,0.0006588905325164107,0.06836650843337579
2107,-0.0035993850293543073,-0.0017296879327376048,-0.26989092466793446
2108,-0.003612387156988972,-0.0020144193879824356,-0.3102130378307837
2109,-0.0036254840545273392,-0.0017242908909288076,-0.26912662509178886
2110,-0.0036386760164045517,-0.002511054898999424,-0.38054384570972805
2111,-0.003651964331430113,-0.0028528942021703576,-0.4289532603074787
2112,-0.0036653498100066573,-0.004107134512239915,-0.6065719209241823
2113,-0.003678834273613818,-0.007681268722235864,-1.112721281734165
2114,-0.014554579673776602,-0.013431532592026214,-1.927042236454671
2115,-0.014769544181309047,-0.013341159742932776,-1.9142441272859412
2116,-0.014990953734815182,-0.01163194848940347,-1.6721949672282197
2117,-0.015219102597743284,-0.013071056434452104,-1.8759935723521608
2118,-0.015454303224087362,-0.011775931394702182,-1.692585039677287
2119,-0.015696887686062366,-0.01340111801867933,-1.9227350907364775
2120,-0.01594720923838322,-0.010929864955542748,-1.5727697327462664
2121,0.005388576138586121,-5.364552156077618e-05,-0.032538954858010824
2122,0.005359695291834221,0.0020059343890426523,0.2591275003001428
2123,0.005331121825376428,0.0019141686516589743,0.2461321379012983
2124,0.005302851677063902,0.00481779390437553,0.6573276832683187
2125,0.005274879772018792,0.005743922027291149,0.7884808884643879
2126,0.005247201687490044,0.007792188017999644,1.078545128096594
2127,0.0052198120090307665,0.008842712717611886,1.227314696888035
2128,0.011500884760366148,0.009846771301877003,1.3695039882750928
2129,0.01137011807344046,0.01014637667097385,1.411932463859332
2130,0.011242292150463573,0.009231710321626117,1.282402412418628
2131,0.011117308124599878,0.009048236912273874,1.2564199105278075
2132,0.010995072515591842,0.00824024446767389,1.1419964347025837
2133,0.010875495397641988,0.009222624408712346,1.28111571506943
2134,0.010758491725011421,0.009641219197728031,1.340394822246247
2135,0.007190915275355092,0.006203375124410503,0.8535461260200286
2136,0.007139575195025616,0.00572494203870021,0.7857930461705488
2137,0.007088963010557059,0.0070173968546833766,0.9688234363433915
2138,0.007039063106905941,0.006622921711639957,0.912960021660069
2139,0.006989861276202491,0.007459350611039838,1.0314105128616085
2140,0.0069413422567567995,0.0060741152839198075,0.8352410535748502
2141,0.006893492168272619,0.005745770415666323,0.7887426471280684
2142,0.01145568540925268,0.009536939435371861,1.3256272919967178
2143,0.01132593924949421,0.009134349301288886,1.2686146766157376
2144,0.011199098703369659,0.007446569896395513,1.029600577876563
2145,0.011075067924536386,0.008051438156202668,1.1152587163480852
2146,0.0109537543510696,0.00706296721004099,0.9752768611117261
2147,0.010835069884036042,0.008134408780178057,1.1270085628350184
2148,0.010718929311469338,0.007340941690685078,1.0146420884459428
2149,0.0022904834175268007,0.0028358808129467644,0.3766599787366684
2150,0.0022852493115093075,0.0029928051221121458,0.39888274210058133
2151,0.002280038635653625,0.003713399008634105,0.5009293116016982
2152,0.0022748521036008995,0.002719691893113271,0.36020593866664213
2153,0.0022696886793973636,0.002547916652374894,0.33588006750613836
2154,0.0022645490756378894,0.0018928140110950704,0.24310801036811336
2155,0.0022594322632460972,0.0021501955011697595,0.2795569708803635
2156,0.0009573218763512248,0.0018512134932162578,0.23721677229573299
2157,0.0009564065036518077,0.0016713052178432897,0.2117391452022173
2158,0.0009554924484971306,0.0024470907546734998,0.32160165470005875
2159,0.0009545805697279697,0.002366109395599796,0.31013351704086173
2160,0.0009536699993260012,0.0032959931355977527,0.44181857221065496
2161,0.0009527615945217338,0.0023619978754077465,0.3095512660130903
2162,0.0009518544889812741,0.0023993308445794093,0.31483815715179697
2163,0.007760974232338347,0.0071557288549532845,0.9884132584939871
2164,0.0077012053758585,0.006942617820394694,0.9582336380360561
2165,0.007642350068427284,0.0048400754949825195,0.6604830804025439
2166,0.007584387733759579,0.005637407388278828,0.7733968671922675
2167,0.00752729758047721,0.004254580429326072,0.5775684678480967
2168,0.00747106068347092,0.005902412483445286,0.810925441008762
2169,0.007415657853638402,0.0052972995860538314,0.7252326582990416
2170,-0.0025312771894093755,-0.00132283683487236,-0.2122748948743676
2171,-0.0025377010177750625,-0.0018054759333920988,-0.28062360727986757
2172,-0.0025441571237145855,-0.0006698502264940368,-0.11980249875566074
2173,-0.002550646574068449,-0.0020552235011352953,-0.31599149341674826
2174,-0.0025571688026897466,-0.0020067809223814166,-0.3091313200624044
2175,-0.002563724885735641,-0.0034922401172705394,-0.519493935965206
2176,-0.0025703142580865146,-0.0035793877301869242,-0.5318353048064711
2177,0.0008589792660169682,-0.002042739634368831,-0.3142235964064426
2178,0.0008582420538874036,-0.001467955096598075,-0.23282575029801147
2179,0.0008575061060858147,-0.00043164252599863125,-0.08606882557445641
2180,0.0008567716261691505,0.00010699007521348589,-0.00979061921822661
2181,0.0008560379903010951,0.0017288059536337238,0.2198820852700624
2182,0.0008553058160292171,0.001470059751005729,0.1832398616216342
2183,0.0008545748931529928,0.0021482017096522343,0.27927462101802164
2184,0.01095277349546575,0.008339981956601107,1.1561207130041982
2185,0.01083410994323275,0.00927071128192742,1.2879255153486386
2186,0.010717990060546079,0.0075750644269958565,1.0477972713160677
2187,0.010604333125194376,0.008352602048664526,1.15790790149684
2188,0.010493061011184635,0.006882993143365641,0.9497899170133945
2189,0.010384100016168851,0.008376063172508932,1.1612303376841884
2190,0.010277378687968852,0.008450840632683304,1.1718199130740545
2191,0.00032815581929557247,0.002795020616616254,0.3708735809574754
2192,0.00032804797701868615,0.0008406626650462621,0.0941080847949294
2193,0.0003279405881335684,0.0008581070613813439,0.09657846490265556
2194,0.0003278330783611505,0.00018699148542056075,0.0015387434360801104
2195,0.0003277256390559202,0.00010277221483074819,-0.01038792956285154
2196,0.00032761807903836093,-0.0003830823705071574,-0.07919200164487299
2197,0.00032751097163363774,-0.0007517965905333822,-0.13140729514613086
2198,-0.0002455527119938905,-0.0012431724693853345,-0.20099326265199044
2199,-0.0002456132139700973,-0.0007036411514154841,-0.12458778493834945
2200,-0.00024567336356218217,-4.1370285555058554e-05,-0.030800602996262267
2201,-0.000245733733795106,-0.00031500082423450146,-0.06955066500102627
2202,-0.0002457941337054015,-3.378480060938604e-05,-0.029726388058852228
2203,-0.00024585475453497985,-0.0007096516342003231,-0.12543895667420576
2204,-0.0002459150226921114,-0.0018320002344166303,-0.28437983388488736
2205,-0.00019131432944341498,-0.0021035524866786907,-0.3228355803211995
2206,-0.00019135093761957211,-0.0011419471859319024,-0.18665829101760908
2207,-0.00019138755980852018,-5.0898127886983026e-05,-0.03214988397533533
2208,-0.00019142419601847482,-3.2698818382324694e-05,-0.02957259718873302
2209,-0.00019146084625687454,0.0011142236526613149,0.13284829735792192
2210,-0.00019149751053237907,0.0009540655124334022,0.11016757650581786
2211,-0.00019153418885264895,0.0031865790763320133,0.4263239508821956
2212,0.012725779885057298,0.010131601975580029,1.4098401522139468
2213,0.012565869586209866,0.01079057561279901,1.5031603986490671
2214,0.012409927861958714,0.00971048043198907,1.3502032198582032
2215,0.012257809516924123,0.011127102470662871,1.5508174937650836
2216,0.012109374921244198,0.010662833035501723,1.4850701927283123
2217,0.011964492577176467,0.011978116862544713,1.6713335027292737
2218,0.011823035773316448,0.011754057644830644,1.6396034603843643
2219,0.006583741600703519,0.008451936929883299,1.1719751646942884
2220,0.0065406796320148786,0.006881970523477177,0.9496450991715099
2221,0.006498176963553259,0.005888603897958344,0.8089699445703914
2222,0.006456223454644139,0.005209944661422939,0.7128619311053416
2223,0.006414807849256299,0.004116876842468015,0.5580676381717744
2224,0.006373920545100775,0.004241753472471103,0.5757519842938075
2225,0.006333550825077916,0.0033247343414865627,0.44588874477128354
2226,-0.0005524994114679549,-0.0011616103582667197,-0.18944288206092513
2227,-0.000552805004059298,-0.0009412381745832997,-0.15823497733263864
2228,-0.0005531105981209095,0.0006982441565529426,0.07393955367491684
2229,-0.000553416698762077,-0.0001663254564666294,-0.04849607165267442
2230,-0.0005537231383934138,0.0007732519827816765,0.08456175224687895
2231,-0.0005540300861959224,-0.000840149356040869,-0.14391933111342586
2232,-0.0005543370369744949,-0.0011878603421356184,-0.19316026136899833
2233,0.005449985482781861,0.0026227638093418893,0.34647951297501234
2234,0.005420444308793737,0.003767583769961474,0.5086026614817297
2235,0.005391221325949935,0.003917212434527424,0.5297922555146278
2236,0.005362311915594331,0.004398725582089451,0.5979815168967288
2237,0.005333710894112498,0.004941739828485168,0.6748802279063018
2238,0.005305413517440183,0.005212308529547928,0.7131966891950506
2239,0.005277414486956955,0.006459412622703024,0.8898047577585085
2240,0.010662020975609643,0.010238075838838859,1.4249183990466217
2241,0.010549541381515315,0.00949678949291124,1.3199414764903594
2242,0.010439410548818362,0.007569656691411769,1.0470314573458872
2243,0.01033155504489014,0.008376932728668449,1.1613534794769886
2244,0.010225905694881687,0.006905559888786576,0.9529856962145289
2245,0.01012239488344635,0.008259423809326236,1.1447125082878848
2246,0.010020958934374047,0.007703746294149906,1.0660204943348617
2247,-0.0010375462248449763,0.0015977619170257245,0.20132434471807176
2248,-0.0010386238450943441,0.00026257277556752717,0.012242152835226387
2249,-0.0010397037061555814,0.00012006195246356307,-0.00793945137561764
2250,-0.0010407856632433932,-0.0012210593358710955,-0.19786172149093523
2251,-0.0010418701785696038,-0.001847623283242074,-0.2865922847085822
2252,-0.0010429568041611104,-0.0026736173810148743,-0.4035650563105179
2253,-0.0010440456987267366,-0.004197097645343826,-0.6193120083528129
2254,-0.009123173754000846,-0.008078997520335309,-1.1690454612713361
2255,-0.009207172387475038,-0.007942863196474295,-1.1497668620475454
2256,-0.009292732174556617,-0.006420862651415118,-0.9342294597643165
2257,-0.009379896888921824,-0.007610156726175649,-1.1026507893471875
2258,-0.009468712593423745,-0.006827414694424955,-0.9918031390430402
2259,-0.00955922615853444,-0.008878245137602646,-1.282230542423961
2260,-0.009651486904621809,-0.008867196238602052,-1.2806658577092225
2261,-0.0010466576033865138,-0.0029689945758412176,-0.4453947609536933
2262,-0.0010477544063157707,-0.0028017275663408414,-0.421707320871999
2263,-0.001048853183876819,-0.0039016010046947313,-0.5774653884447694
2264,-0.001049954595251923,-0.0022635724092004506,-0.34549672753686145
2265,-0.0010510579950974153,-0.0020881385787368924,-0.3206527468868798
2266,-0.0010521640440259716,-0.00020891985941669147,-0.05452805829910793
2267,-0.0010532720953834174,0.000825878650323883,0.09201445339714646
2268,0.0011246749220927832,0.0007554685881485307,0.08204336505217744
2269,0.001123411449408529,0.0015803497368499287,0.19885852688682215
2270,0.0011221508123380186,0.0014952314002601866,0.18680453307270745
2271,0.0011208928378823035,0.001136585538719453,0.13601506549527317
2272,0.0011196380071227807,0.00023211101109954442,0.00792832416827457
2273,0.0011183858198522412,0.0003083038739523274,0.018718341152908866
2274,0.0011171364303097508,-0.0001783644155795074,-0.050200963271673706
2275,-0.004951760943856853,-0.004623553234688363,-0.6797043191275185
2276,-0.004976403064928525,-0.005520302747095982,-0.8066970860030226
2277,-0.005001291342952352,-0.004020337321283476,-0.5942801769264792
2278,-0.005026430148903804,-0.004502602796722567,-0.6625759788724545
2279,-0.005051822617226143,-0.002716473035098761,-0.4096340399152712
2280,-0.00507747327759045,-0.003918081843821494,-0.579799314844705
2281,-0.005103385413788963,-0.003006429935593043,-0.45069615208698804
2282,0.00917541655428189,0.005384498130560798,0.7375812397939183
2283,0.009091993891594763,0.006629949534725504,0.913955263571435
2284,0.009010074185096473,0.004998232237785569,0.682880374285261
2285,0.008929617831529235,0.006366964508628134,0.8767127609005766
2286,0.0088505853229488,0.0050726075214589635,0.6934129956362071
2287,0.008772939833032511,0.006629694273138382,0.9139191148199975
2288,0.008696644532616205,0.005668369731560989,0.7777815850961491
2289,-0.0022402751465230297,-0.0011150149689798847,-0.1828442975874421
2290,-0.0022453052480666535,-0.0022049194646691344,-0.3371906179618148
2291,-0.002250357988668572,-0.0015340832367023534,-0.24219045623203161
2292,-0.002255433680986796,-0.0025797671090595307,-0.3902744935137465
2293,-0.002260532001524873,-0.0022330029690308547,-0.341167650425295
2294,-0.0022656535839556957,-0.002767043530390527,-0.4167955571845962
2295,-0.002270798426549314,-0.0015967981855427643,-0.25107180466601803
2296,0.003310497103315102,0.0012762553907663136,0.15579434690564403
2297,0.003299573713168469,0.0024097261376658102,0.31631028176771064
2298,0.0032887224912823143,0.003191736615155392,0.4270543333539855
2299,0.003277942089538799,0.0036395599030296846,0.4904726208596623
2300,0.00326723245011884,0.004270218998978526,0.5797831166465202
2301,0.00325659224742747,0.003748293269359353,0.5058708461732389
2302,0.0032460214374856466,0.0028264291119026582,0.3753214804708053
2303,0.0029658922617175065,0.0037162105132203414,0.5013274615215467
2304,0.0029571217571808806,0.002951316462509768,0.3930073447862118
2305,0.002948402970607722,0.0016230900373842229,0.2049111747520751
2306,0.002939735289991141,0.0017350977255094534,0.22077309163024783
2307,0.0029311187327083488,0.001013111614701181,0.11852936293162501
2308,0.0029225523846663215,0.001995411160306261,0.2576372581364084
2309,0.002914035961917083,0.0027841426857121757,0.3693331078105421
2310,0.0010345587057010164,0.0015188645840676232,0.19015133545203175
2311,0.0010334893462176087,0.001445592638564489,0.17977496282506278
2312,0.0010324225024842537,0.0016348465191298536,0.20657606346953933
2313,0.0010313577055811596,0.001551180327519385,0.1947277144941123
2314,0.0010302951027878482,0.0011925922846913765,0.14394643488690223
2315,0.0010292345340394693,0.0009093956297954772,0.10384167176463349
2316,0.0010281764526176573,-0.00019019005386251045,-0.051875645560148495
2317,-0.003911798837387237,-0.0034740217098336917,-0.5169139446337817
2318,-0.003927160948042685,-0.0035725813814163824,-0.5308714268776501
2319,-0.003942644501135573,-0.0024761644264543695,-0.375602847599571
2320,-0.003958250320815315,-0.0032375530385689625,-0.4834265432716588
2321,-0.003973980485137529,-0.002194293729334472,-0.3356858593736415
2322,-0.0039898358595754635,-0.0031481810908542225,-0.47077017628811174
2323,-0.0040058185741967955,-0.002459654910456649,-0.3732648601378361
2324,0.006156473262032058,0.003103797677457429,0.4146009014202744
2325,0.006118803014875329,0.004365021158722379,0.5932084805916004
2326,0.006081590957787597,0.004193881759671612,0.5689726538572012
2327,0.006044828936157209,0.005405168074096677,0.7405084042745927
2328,0.006008508376430299,0.00556240200847916,0.7627750150702246
2329,0.005972621828146618,0.0064315453132645336,0.8858583416389522
2330,0.0059371614083219,0.00698740929687463,0.9645767622328615
2331,0.00710839218938486,0.0072468581166536495,1.0013184866837193
2332,0.007058219596335347,0.006715591570362093,0.9260834207835209
2333,0.0070087502976385885,0.005802706015396886,0.7968055557145343
2334,0.006959969756208828,0.0058266933103276195,0.8002025053765798
2335,0.006911863249398076,0.005150459755649042,0.7044380037242447
2336,0.006864417335488371,0.005810624445012947,0.79792692045724
2337,0.006817618357846111,0.005878665894016533,0.8075625787448981
2338,0.0026470225509911405,0.003113980351681914,0.41604291611453104
2339,0.002640034463866625,0.002688060105949831,0.35572641777756203
2340,0.0026330828910305915,0.0032183186614639175,0.43081873753065375
2341,0.00262616811557681,0.002705944592630457,0.3582591210757473
2342,0.0026192892790815048,0.0027711191623537653,0.36748878758190673
2343,0.002612446667664692,0.0019529774106114377,0.25162802232630993
2344,0.0026056394318529907,0.0010564591753306739,0.12466800765401072
2345,0.0014706770554222537,0.0007696531205837751,0.08405210104351435
2346,0.0014685174814808022,0.0008408181071374182,0.09413009765467638
2347,0.001466363959555128,0.0010263048415526635,0.12039771564183468
2348,0.0014642170250906972,0.0009065383919563283,0.10343704535135483
2349,0.0014620760879864303,0.0012446888976837059,0.15132407260758046
2350,0.0014599416823619649,0.0010266761859395435,0.12045030340519679
2351,0.0014578132200824268,0.0013643527165248088,0.1682702088911909
2352,0.0048057748464545025,0.0035744821041151726,0.48125665850677174
2353,0.004782789974286938,0.004285580357524897,0.5819585083225444
2354,0.004760023642015554,0.004124556049212544,0.5591551254783229
2355,0.004737473295383987,0.004478911085090469,0.6093369497667883
2356,0.004715135330070508,0.004292816076116577,0.582983191259726
2357,0.00469300730248845,0.0047442832308832745,0.6469175032877358
2358,0.004671085726750901,0.005082413824765575,0.694801710737243
2359,0.002141410263335697,0.004149369046430009,0.5626690065872849
2360,0.0021368344241685655,0.003112143474960693,0.41578278766839366
2361,0.0021322780989248002,0.0024971624184469,0.3286925301749413
2362,0.00212774102886093,0.0022581029667679184,0.2948382366443582
2363,0.0021232234933028504,0.0016886213805015707,0.21419136555719398
2364,0.002118724966677421,0.0015332839328735955,0.19219332485495552
2365,0.0021142454620313167,0.0009569217872223003,0.11057206653718132
2366,-0.0011404242948376275,-0.0005354627679680882,-0.10077128105724532
2367,-0.0011417262141009132,-0.000961780139459084,-0.16114401817463633
2368,-0.0011430313761878752,-0.0012570135686245654,-0.2029533635103329
2369,-0.0011443392585116507,-0.001556089632305542,-0.24530688175324844
2370,-0.0011456504047526739,-0.0017516444827791995,-0.2730002913330319
2371,-0.0011469642911979827,-0.0017158398673070556,-0.26792983729563485
2372,-0.0011482814628445137,-0.0024801356356232655,-0.3761652285467828
2373,-0.0052690067060086054,-0.004946500707576827,-0.7254383759294539
2374,-0.005296916327780954,-0.004573199720724433,-0.6725735295684413
2375,-0.005325122923511394,-0.0035031566892482395,-0.5210398812498839
2376,-0.00535363167024272,-0.0044142211236244825,-0.6500598491701053
2377,-0.005382447310628091,-0.0042912127801543925,-0.6326400795801571
2378,-0.005411574964751198,-0.0058120361807123605,-0.8480107810900347
2379,-0.005441019310887696,-0.005628693824217634,-0.8220468381889351
2380,0.000517237989138053,-0.0019469795739145835,-0.3006625797959059
2381,0.0005169704531240438,-0.002125593436489562,-0.3259568992205338
2382,0.0005167034718804864,-0.002743428199613955,-0.41345128305396933
2383,0.0005164366272820686,-0.0013866051261641097,-0.22130541191175115
2384,0.0005161700581579609,-0.0005378871365754674,-0.10111460689474772
2385,0.0005159036251851656,0.001000258140350473,0.11670912411445825
2386,0.0005156377447002036,0.0020178896254178878,0.26082053556242657
2387,0.0037265357291522694,0.0036773060420653286,0.49581802285729953
2388,0.0037127002191339464,0.004804035299617277,0.6553792648276932
2389,0.0036989670633076344,0.004098703908161341,0.5554940864966191
2390,0.0036853349928243073,0.003466900470963563,0.4660215353537878
2391,0.0036718033048379617,0.0015350847902712687,0.19244835244127081
2392,0.0036583704879900036,0.0013263131933596455,0.16288325943593088
2393,0.0036450355973332016,-1.3999700900054141e-05,-0.026924530326864187
2394,-0.010953346855983814,-0.007473087609141486,-1.0832398098211253
2395,-0.011074651353568554,-0.010633807548265066,-1.530843700131831
2396,-0.011198672749896388,-0.010162197681642537,-1.4640568872933324
2397,-0.011325503355704702,-0.010727277321656918,-1.544080378800759
2398,-0.011455239711497534,-0.00936673278779987,-1.3514074947665466
2399,-0.011587982832618082,-0.010138377216856767,-1.4606835632049995
2400,-0.01172383847155889,-0.009435466643198265,-1.3611412078651222
2401,0.00033475600468646505,-0.0026410016428844536,-0.39894619366095985
2402,0.00033464412701134094,-1.581819268212773e-05,-0.027182055198359093
2403,0.0003345320314251943,-0.0006080538394184285,-0.11105123202057056
2404,0.00033442015717044526,2.651639423904286e-05,-0.02118686227852483
2405,0.00033430835771697254,-0.0012882234162411728,-0.20737313162590704
2406,0.0003341967792003242,-0.0006269450515081524,-0.11372650227130644
2407,0.0003340849828641357,-0.0026329885313041,-0.3978114205757321
2408,-0.012774484365867811,-0.01137362316993202,-1.6356123467530759
2409,-0.012939783574957398,-0.012425054288964678,-1.7845102777109367
2410,-0.013109416438460864,-0.010087101299685635,-1.45342214794294
2411,-0.013283556259190754,-0.01139292889952964,-1.6383463187087113
2412,-0.013462384448458486,-0.009028761124820643,-1.3035457942432704
2413,-0.013646093560166661,-0.010612236063320174,-1.5277888642820625
2414,-0.01383488554664769,-0.006921860126209974,-1.0051779851234464
2415,0.014716669768934487,0.008198576948281909,1.1360957082419472
2416,0.014503230356729624,0.010474591329176091,1.458412430670013
2417,0.014295893872871002,0.008802739949689355,1.221653971871831
2418,0.0140944018005289,0.01183139110868681,1.6505550030518303
2419,0.013898510607596837,0.011140480308952512,1.5527119901386064
2420,0.013707989814213395,0.01350738580841269,1.887900216226725
2421,0.013522621999053186,0.011732604397697976,1.636565368727613
2422,0.0011430234215887847,0.0038271279727639775,0.5170349861840697
2423,0.0011417184107043177,0.002068938047965536,0.2680497342787443
2424,0.0011404163763315545,0.0014861692005176223,0.18552119385326707
2425,0.001139117163320158,-0.0002515801778232952,-0.06056937953239125
2426,0.0011378211966446283,-0.0011726717693396902,-0.19100933866699837
2427,0.0011365280309605374,-0.0012624849418965943,-0.2037281895022179
2428,0.0011352378013775866,-5.1767118330260176e-05,-0.032272945654492374
2429,0.0008865430798092877,-0.0007041713373625721,-0.12466286697569393
2430,0.0008857578173462333,-8.096330174588254e-05,-0.03640754964686037
2431,0.0008849739447565064,0.001866490237247347,0.2393801813263643
2432,0.0008841916022916951,0.002212751614941806,0.288415825959707
2433,0.0008834103543369221,0.0036520658353261046,0.4922436426697731
2434,0.0008826306292997188,0.0022759501913039745,0.29736566308119794
2435,0.0008818522794675765,0.001085013333673454,0.1287116915630382
2436,0.004610277825588094,0.0043050905344247745,0.5847214329882003
2437,0.004589120704166838,0.004462495669907079,0.6070122883482926
2438,0.004568156880844887,0.003138856245282701,0.4195657042656871
2439,0.004547383860095122,0.0033603938563151327,0.45093865044824333
2440,0.004526798627603634,0.0027552134819594067,0.3652363120194791
2441,0.004506399066494193,0.003920824512573589,0.5303037782742234
2442,0.004486182537694061,0.004813509624529861,0.6567209669622125
2443,0.003989757676809758,0.003968668873513184,0.5370792352898585
2444,0.003973902629340609,0.004206515669480448,0.5707617991434607
2445,0.003958173372164309,0.00470900653613656,0.6419218104993671
2446,0.003942568004471125,0.0049177828633351454,0.6714875733821044
2447,0.003927085203994984,0.004967458230154825,0.6785223274474284
2448,0.003911723396159639,0.004933615430516741,0.6737296950507685
2449,0.003896481574252153,0.00501330633956251,0.6850150862269238
2450,0.003668945255474343,0.0042414944658395026,0.5757153051896308
2451,0.0036555333039027804,0.003915935275195145,0.5296113911872957
2452,0.003642219050862261,0.004127027898748987,0.5595051753056041
2453,0.0036290015664086628,0.0037955224853747234,0.5125591897253303
2454,0.0036158794006992956,0.004136263232398638,0.5608130328031106
2455,0.003602851922648531,0.00362502602929231,0.4884144130616195
2456,0.0035899179797529435,0.0032964214580333408,0.44187922889399583
2457,0.0065328715076438115,0.00500380286467867,0.6836692560327254
2458,0.006490469969521628,0.005437157320758707,0.7450385466250105
2459,0.006448615554849324,0.00520209784377606,0.7117507076584848
2460,0.006407297228191888,0.005585116732361159,0.7659917501725871
2461,0.0063665052659021,0.005460855575774954,0.7483945640334332
2462,0.0063262291661714265,0.005922881546085126,0.8138241578343808
2463,0.006286459709026637,0.00620004206070895,0.8530741157476214
2464,0.005275002268430917,0.005718417778432755,0.7848691160744448
2465,0.005247322629656326,0.005626015570875926,0.7717836202468068
2466,0.005219931962544111,0.005443822163831237,0.7459823852899451
2467,0.005192825641294974,0.005130756955429777,0.701647800796426
2468,0.005165999630013962,0.004773903904541493,0.651112221269209
2469,0.005139449237156368,0.004529634501082503,0.6165201228302576
2470,0.005113170357662122,0.004402725080578224,0.598547904022873
2471,0.0025696228731162396,0.003570867513073421,0.48074477987047004
2472,0.002563036835040444,0.0026442153194498556,0.3495173586438151
2473,0.0025564844711722934,0.0021896096514977545,0.2851385875246377
2474,0.002549965644514929,0.0020229352421029427,0.26153506823243383
2475,0.002543479737959098,0.0017144900480388066,0.21785474492956308
2476,0.002537026861542113,0.0015888540668653006,0.20006286364322012
2477,0.0025306066445092146,0.0008863533863903816,0.10057855513669622
2478,-0.00032405515759326153,-0.00033336449143140474,-0.0721512272260946
2479,-0.00032416008395141915,-0.0005009633283655214,-0.09588565889613414
2480,-0.0003242653172513821,-0.0007163495697583631,-0.12638748171614936
2481,-0.0003243704993544094,-0.0011693056296045166,-0.190532644347409
2482,-0.00032447574971516957,-0.0016842567830330853,-0.26345721344369055
2483,-0.0003245809488181539,-0.0020189990838516535,-0.3108615893402446
2484,-0.0003246864554387052,-0.0026291977375791317,-0.39727458907805385
2485,-0.003931691157113781,-0.0043291052346073645,-0.6380062019678542
2486,-0.003947210369217635,-0.0040854421217629755,-0.6034999630934897
2487,-0.003962852582021115,-0.003408306512345659,-0.5076077173771093
2488,-0.003978619142554596,-0.0039169042652621895,-0.5796325526024175
2489,-0.00399451190517397,-0.0033735753368976888,-0.5026892780515785
2490,-0.004010532023086322,-0.004028653434005648,-0.5954578593780724
2491,-0.004026681156812595,-0.0034071637160089712,-0.5074458808031685
2492,-0.0008437483696319692,-0.00013718697380272815,-0.044369638925537656
2493,-0.0008444608821246424,-0.0005898796596154174,-0.10847750396502834
2494,-0.0008451745990121218,-0.0018480078921359713,-0.2866467509189622
2495,-0.0008458893999918615,-0.0013572956348623746,-0.21715476187556917
2496,-0.0008466056581027948,-0.002276326075111774,-0.3473028320281104
2497,-0.0008473230065545456,-0.0016741941326396522,-0.26203219586868004
2498,-0.0008480415716886069,-0.002332273162959568,-0.35522575296212117
2499,-0.00829310558237406,-0.00575439540534111,-0.8398480093818108
2500,-0.008362456315526678,-0.007208103994629907,-1.0457142779776227
2501,-0.008432976714915053,-0.008092456210649813,-1.1709514074669138
2502,-0.0085046966235085,-0.008612342145353499,-1.244574813327957
2503,-0.008577646908206393,-0.009437944077649859,-1.3614920485975757
2504,-0.008651859504132275,-0.009187150503720869,-1.3259760327791452
2505,-0.008727367461247915,-0.010113837069317006,-1.4572083215767768
2506,-0.014923972273324537,-0.014800320832193566,-2.1208825491399947
2507,-0.015150071387240671,-0.013969739324211963,-2.0032601335659703
2508,-0.015383126992736362,-0.011736334539295203,-1.6869775493378711
2509,-0.015623464597253611,-0.013052338909805138,-1.8733428987681886
2510,-0.015871431482696208,-0.011941639973667527,-1.7160517833405404
2511,-0.016127396206839006,-0.014175046451319263,-2.032334607284519
2512,-0.016391752638161283,-0.014095381379160839,-2.021052874987199
2513,-0.003961848862802819,-0.007926029656961589,-1.1473829881458053
2514,-0.003977607542722361,-0.006912112734874306,-1.003797612813891
2515,-0.003993492086969308,-0.006594632448495123,-0.9588377890973733
2516,-0.004009504009504172,-0.004793571151467898,-0.7037813276694848
2517,-0.004025644848665522,-0.0031155068997392814,-0.4661430358462229
2518,-0.004041916167664583,-0.0017875837519915547,-0.27808981429748486
2519,-0.0040583195550878415,0.0005969873006534699,0.05960011092321202
2520,0.011664007546030808,0.007858558394156959,1.0879441381770747
2521,0.011529527204634293,0.009244187216552515,1.2841693221150317
2522,0.011398112210639688,0.007603815746820701,1.0518688761570636
2523,0.011269659368581042,0.008864282144374288,1.2303692412692433
2524,0.011144069501321185,0.00730447598568502,1.0094780145212299
2525,0.011021248090799407,0.009343305965632072,1.2982059778596853
2526,0.0109011041746232,0.008993439820335635,1.248659845731915
2527,-0.0016145429049811977,0.0004700797802819519,0.04162816120224827
2528,-0.001617153729533083,-0.0012084358787833828,-0.1960740564619364
2529,-0.0016197732917068164,9.481421255577163e-05,-0.011514898369321833
2530,-0.0016224010736537453,-0.001260263785201394,-0.20341364142554239
2531,-0.0016250376767328323,-0.00034824378299890793,-0.07425835121017287
2532,-0.001627682581818779,-0.001890426078957237,-0.2926537827999296
2533,-0.0016303363926314374,-0.00166302961640097,-0.2604511380723171
2534,0.005907019898391264,0.003016111651838601,0.40218328551351534
2535,0.005872331916908058,0.003884732959369166,0.5251926896827631
2536,0.005838048955693065,0.0036680361621384376,0.49450527310474157
2537,0.005804163823668107,0.004595873319504354,0.6259005024229608
2538,0.005770670048003135,0.004650534591673081,0.6336413331650982
2539,0.005737560479594839,0.0050714434670715795,0.6932481486132623
2540,0.005704828680017648,0.004078586208452836,0.5526451277697898
2541,0.002749114243122186,0.002372715635935208,0.311069056706321
2542,0.0027415774689734107,0.0026879501486904212,0.3557108462311968
2543,0.0027340816372105614,0.0029420977434105734,0.39170184015057324
2544,0.002726626816898614,0.0026249413185067566,0.34678787992689486
2545,0.002719212539068927,0.0026229172709206464,0.3465012453654132
2546,0.0027118386075690726,0.0028706972656249493,0.38159049455766053
2547,0.002704504294726018,0.004440903547159413,0.6039545298856426
2548,0.007008946416700024,0.006217845016178151,0.8555952730410613
2549,0.00696016287509571,0.006674927421937848,0.9203247862377754
2550,0.00691205398559025,0.0071875684484753325,0.9929222077842972
2551,0.006864605462046924,0.007610570182693079,1.0528254024648545
2552,0.006817803927963828,0.008225208331314637,1.1398670992159634
2553,0.006771636111349899,0.007888906397578206,1.092241856626081
2554,0.006726089608528163,0.0075607466814135585,1.0457696704066077
2555,0.008908202027883227,0.009045569767137222,1.2560422040045527
2556,0.008829546768200247,0.00829547932393683,1.149818493290571
2557,0.008752268082216963,0.006773112084752228,0.9342291617886024
2558,0.00867633051160932,0.006775368058838467,0.9345486405139842
2559,0.008601699325301748,0.005747436513705604,0.7889785908302579
2560,0.008528341220759073,0.006543641565217132,0.9017328004425198
2561,0.00845622353963571,0.006088058178965443,0.8372155701991705
2562,0.0022497188021952663,0.002151771886074576,0.279780209898566
2563,0.00224466892830244,0.0016267308093351623,0.20542676098570592
2564,0.0022396416742258562,0.0023158897729860083,0.303021688443324
2565,0.002234636769820497,0.0017611236892535957,0.2244587464321072
2566,0.0022296544205717694,0.0015938010280186024,0.20076342525578988
2567,0.002224694121489401,0.0006407456167312849,0.06579692458817296
2568,0.0022197558437127007,0.0001375232319157029,-0.005466680373088591
2569,0.0028188865398166563,0.00034992755603805494,0.02461285961372313
2570,0.0028109627547436844,0.0013717063020623817,0.16931158350132575
2571,0.002803083391730743,0.0022766066518757327,0.29745862744103174
2572,0.002795248078266921,0.0022823169826873334,0.2982672932942115
2573,0.0027874564459930973,0.0037237562227961265,0.5023960436883719
2574,0.002779708130646208,0.003659971819044948,0.49336324489250866
2575,0.002772002772002624,0.004662501950646128,0.6353360851634565
2576,0.009033468210089879,0.009282477705274534,1.2895918119413927
2577,0.00895259533987014,0.00980996216183211,1.3642912789555652
2578,0.008873157437792933,0.0087740045439706,1.2175846206995984
2579,0.008795117092286198,0.009021513128612414,1.2526354342815482
2580,0.008718437303200766,0.0076382423492294335,1.056744183512704
2581,0.008643083235073679,0.007916352676565047,1.0961286487132247
2582,0.008569020368581759,0.007736000434346548,1.0705881494604996
2583,0.001222588451955442,0.004556998677963379,0.6203952880656901
2584,0.0012210956628297964,0.0011090227439980434,0.13211177308634206
2585,0.0012196062986697953,-0.0005989872790651332,-0.10976727527526112
2586,0.00121812067102689,1.4925958813538599e-05,-0.022828236423267707
2587,0.0012166386583278843,-0.0005169654117768627,-0.09815178652716332
2588,0.0012151603550676349,0.0008000144723970282,0.08835170981887215
2589,0.001213685424982902,-0.00021374105218751861,-0.05521080928044241
2590,-0.0031149301825992293,-0.00499632352796447,-0.7324940115635127
2591,-0.0031246632905937988,-0.0018650173245012057,-0.2890555338055493
2592,-0.0031344574146129345,0.0009393099475188192,0.10807797401438965
2593,-0.0031443131302180127,-0.0011001250482362995,-0.1807356683575158
2594,-0.0031542310202304913,-0.0004457912912739462,-0.08807249641600527
2595,-0.003164211674850037,-0.002843157642489198,-0.4275744219176599
2596,-0.003174255691768879,-0.0035843242967861563,-0.5325343943990805
2597,0.0008156990227299321,-0.0021479303015617215,-0.329120124022544
2598,0.0008150343098451973,-0.0017143814394079287,-0.267723302704162
2599,0.0008143704602632251,0.0007878448396212673,0.0866283129096244
2600,0.0008137079102046307,0.00164609698924496,0.20816929358430308
2601,0.0008130462185276244,0.0051026081166675435,0.6976615160320763
2602,0.0008123858207567114,0.004079461294350042,0.5527690526538319
2603,0.0008117262764797406,0.008587136886220325,1.1911214438939162
2604,0.037574282891145394,0.029198563414482345,4.1099990656364875
2605,0.03621358346165504,0.02924110046151751,4.116022929851598
2606,0.0349479913546864,0.022335597166548867,3.138103278976604
2607,0.03376787244656132,0.026049062170929244,3.663983905703125
2608,0.03266484995963803,0.021387943206340358,3.0039017023018633
2609,0.03163160730390846,0.02684884240919315,3.7772444137314984
2610,0.030661728468863947,0.023353320980242304,3.2822277655001852
2611,-0.007841830048409548,-0.0010678643505519425,-0.17616708459629218
2612,-0.007903809514906657,-0.0033019344635632527,-0.4925438889543585
2613,-0.007966778284198561,-0.0004632146050952519,-0.09053989093330729
2614,-0.008030756663765737,-0.006093654643351581,-0.8878920492468041
2615,-0.00809577272984452,-0.006312382569720331,-0.9188671032370014
2616,-0.008161848306340813,-0.010921474901815116,-1.5715815791734302
2617,-0.008229013163221222,-0.011072510023829082,-1.5929703480264368
2618,-0.0060498362754961565,-0.007676923740941318,-1.1121059692204895
2619,-0.006086658649126164,-0.0076946931002892256,-1.1146223688147725
2620,-0.006123933864377817,-0.0055410444736354895,-0.8096344160005101
2621,-0.00616166750869529,-0.004340093200409646,-0.6395622576559346
2622,-0.006199869040319328,-0.0011595334510194873,-0.18914876180301535
2623,-0.006238546272867795,-0.0030416105870988974,-0.4556782437562842
2624,-0.0062777110066633,-0.0032570966120294203,-0.48619419737577396
2625,0.012552872015281658,0.01044080821646569,1.4536282508099736
2626,0.012397250911251545,0.011119348693809324,1.5497194462470834
2627,0.01224544110534942,0.0052668298516852265,0.7209177009783043
2628,0.01209730519872343,0.007342441510569588,1.0148544847442553
2629,0.011952708713023563,0.002841180041260022,0.3774104264999449
2630,0.011811528948052041,0.008044960009548683,1.1143413166099956
2631,0.011673645348093675,0.007506301794382478,1.0380594829455205
2632,-0.018349429323968436,-0.012737439187281957,-1.828748520406966
2633,-0.01869242464895804,-0.014293747593807308,-2.049144414602249
2634,-0.0190484870579658,-0.009843378326672841,-1.4189074319985506
2635,-0.01941837777571298,-0.013766940433003659,-1.9745408625125835
2636,-0.01980291832480574,-0.011989729982038231,-1.722862027603362
2637,-0.02020299661672309,-0.016916431767947025,-2.420554619242768
2638,-0.02061957379636936,-0.016539433731422186,-2.3671662169046583
2639,-0.001453467412108278,-0.006050485588437279,-0.8817786835286013
2640,-0.0014555831555259635,-0.004696552589032386,-0.6900420888837387
2641,-0.0014577048652916202,-0.004276649359174758,-0.6305776874630864
2642,-0.0014598329719462955,-0.00214304302446187,-0.3284280145395612
2643,-0.0014619670985441813,0.00020681152074019868,0.004345548558341423
2644,-0.0014641076771212402,0.0005889722861933911,0.05846506836255333
2645,-0.0014662543298693542,0.0006300065731411012,0.06427611990387204
2646,0.012634119377162634,0.009020509329707667,1.252493281764556
2647,0.012476489512174505,0.00989087746027176,1.3757500614686662
2648,0.012322745609326224,0.0061558903186067805,0.8468215872384343
2649,0.012172743981870182,0.007550288947754925,1.0442887032979762
2650,0.012026350298648403,0.004275135219297631,0.5804793249100926
2651,0.011883434978099627,0.008058346830306073,1.1162370850315284
2652,0.011743878320921164,0.009122779606501017,1.2669762396467874
2653,-0.006518400187003337,-0.003756757274468087,-0.5569534106722188
2654,-0.006561167567888382,-0.0052818698551089895,-0.7729315224330333
2655,-0.0066045017517351035,-0.0021472039147140917,-0.32901725708553853
2656,-0.006648410241454128,-0.004088119564553502,-0.6038791279142288
2657,-0.0066929083958434665,-0.0023676645807153627,-0.36023769219628743
2658,-0.0067380042812204,-0.0054037588561687624,-0.7901927768659611
2659,-0.006783713941316605,-0.005856087570686959,-0.8542490982791533
2660,0.0036669511119820086,0.0006010972446345703,0.06018213873659991
2661,0.0036535537091455517,0.0016518882756843304,0.20898942393121533
2662,0.0036402538462034784,0.0015136113275702589,0.1894073979661714
2663,0.003627051430868722,0.0025435298400642166,0.33525883111248733
2664,0.0036139425064702912,0.003414983615104958,0.4586693538563486
2665,0.003600928956252636,0.003858263302344592,0.5214442014624893
2666,0.003588008791499897,0.003405491142943213,0.45732508180754394
2667,0.0069320307574745055,0.005924148525951781,0.814003580601403
2668,0.006884308519076177,0.006631533157928486,0.9141795276378798
2669,0.006837238857363648,0.005390640269406551,0.7384510559418653
2670,0.006790807542025101,0.0058471590163481114,0.803100746856104
2671,0.006745004450671832,0.004495871639845035,0.611738810873178
2672,0.006699814174248031,0.006019396579833109,0.8274920896382485
2673,0.006655225400774789,0.007468204032043731,1.0326642859766666
2674,0.0009370237769883438,0.0033696284317140776,0.4522464005664273
2675,0.0009361474955218441,0.0022639264837210514,0.29566293130054955
2676,0.0009352710337431347,0.00319839866567329,0.4279977765525893
2677,0.0009343980276255159,0.0026671847759687254,0.35277016759057034
2678,0.000933524835418531,0.003257861436365402,0.436418569284331
2679,0.0009326550863266725,0.002031128024386785,0.2626952853011227
2680,0.0009317851454238024,0.0011064875091879645,0.13175274698289138
2681,0.003542660874287451,0.0026563511514342488,0.351235968869648
2682,0.0035301538313692316,0.0027318881114325095,0.3619331004753165
2683,0.003517736581960973,0.002246361294138191,0.2931754451129838
2684,0.0035054054888385977,0.0023653279616421942,0.3100228546328724
2685,0.0034931605446917313,0.0023207464791001925,0.3037094686303302
2686,0.0034809999605600606,0.002686135182583255,0.355453820646521
2687,0.003468925520267563,0.0021631894124722506,0.2813970976114145
2688,0.0023214439636138895,0.0012920629813598019,0.1580329315263511
2689,0.0023160682241736286,0.002272352142705551,0.2968561270953466
2690,0.002310715568158539,0.003000998092821113,0.400042985853007
2691,0.0023053893481777,0.0026503375496309974,0.3503843554354437
2692,0.002300085877645408,0.0026570642612018013,0.35133695557910744
2693,0.00229480849606456,0.002119926689450249,0.2752704671275217
2694,0.0022895535361326935,0.0031403030016104562,0.4197705859929858
2695,0.004717624923959329,0.005272463658357137,0.7217155299008835
2696,0.004695474306378067,0.00444943070882719,0.6051620999359217
2697,0.004673529006054222,0.0036452089700942524,0.4912726108756799
2698,0.004651789593372868,0.004197550548476221,0.5694922076845885
2699,0.004630249788682539,0.004248981003145269,0.5767755077028426
2700,0.004608910235977204,0.004776430434491916,0.6514700146379911
2701,0.004587764790862758,0.0045779952112842675,0.6233687024075107
2702,0.0021632278960208584,0.00426875476659734,0.5795757600560089
2703,0.0021585576027443043,0.0035188374732377037,0.4733765698765325
2704,0.00215390910530866,0.0019927959883950202,0.257266911777399
2705,0.0021492789162498305,0.0015784292245593855,0.1985865544282705
2706,0.002144670257514081,-0.00030908215506881073,-0.06871249540832274
2707,0.0021400796582837778,0.00010308003549618831,-0.010344337681880512
2708,0.0021355103283235977,-0.0017519586724192662,-0.27304478515339486
2709,-0.013152754620038176,-0.010506271326965886,-1.5127827172201753
2710,-0.013328054420689517,-0.011532009311653529,-1.6580421268573862
2711,-0.01350809184365287,-0.009747180654632055,-1.4052844432258633
2712,-0.013693058078705578,-0.011460011855092706,-1.6478462403917107
2713,-0.013883161883440631,-0.010434072871260101,-1.5025583663536777
2714,-0.014078616723785187,-0.012761445441826717,-1.832148155025971
2715,-0.014279655406238989,-0.01248924585238034,-1.793600736234112
2716,-0.0025295993063161326,-0.005680798114959522,-0.8294255631905612
2717,-0.0025360134915434207,-0.003741842033892227,-0.5548411957859716
2718,-0.002542462124850209,-0.003572862245198343,-0.530911201272052
2719,-0.002548941795440629,-0.002397953694261712,-0.36452707098293435
2720,-0.002555456424849778,-0.0015797174347948867,-0.24865292205970352
2721,-0.002562002588753831,-0.0008225377769287415,-0.14142527549415804
2722,-0.002568584232641502,-0.00011097746064885061,-0.04065799085902843
2723,0.0010752118565322544,0.002217135107683075,0.2890365922540737
2724,0.0010740570176923647,0.001608040398567348,0.20277992712117235
2725,0.0010729046569160072,1.3080177670444333e-05,-0.023089625864984656
2726,0.0010717538400286664,0.0003564302241568071,0.02553373194768889
2727,0.0010706073387101167,-0.0010592976777832428,-0.17495391919975534
2728,0.0010694623644540435,3.652966379502359e-06,-0.024424656025795636
2729,0.0010683198365957214,0.0003831307353578376,0.029314912475242916
2730,-0.00479572074149226,-0.00345584769455224,-0.514340239876884
2731,-0.004818830506903904,-0.004799448309781735,-0.7046136187221286
2732,-0.004842164074867261,-0.004836526983066192,-0.7098644978665442
2733,-0.004865724712267316,-0.005083499390847702,-0.7448393810107492
2734,-0.004889515749882389,-0.005013136966830886,-0.7348750389215378
2735,-0.0049135405839553226,-0.00511469717071801,-0.7492574401580201
2736,-0.004937802677808301,-0.006494205911428207,-0.9446159315625837
2737,-0.009815549193625372,-0.009596442685022327,-1.3839377554729586
2738,-0.009912850216867608,-0.008419059733244973,-1.2172032140547857
2739,-0.010012097677754572,-0.006814880894824764,-0.9900281708176125
2740,-0.010113353561461591,-0.008261121631362965,-1.1948368829048397
2741,-0.010216678840092364,-0.007916176114184308,-1.1459875832490094
2742,-0.010322136696333528,-0.009957658870463742,-1.435091218279158
2743,-0.01042979446046921,-0.00999737349042731,-1.440715385791713
2744,-0.004230527103186832,-0.005693962983630554,-0.8312898999701802
2745,-0.004248500602603622,-0.005898465076022604,-0.860250369070376
2746,-0.004266627268218803,-0.0062393078443345315,-0.9085186598456075
2747,-0.004284909379418833,-0.004529815041236245,-0.6664296282760728
2748,-0.004303348839223009,-0.0032135961495179974,-0.48003389952419434
2749,-0.004321947792472192,-0.0016287374605492826,-0.2555948703035845
2750,-0.004340708001151716,0.0005390364935649925,0.05139343421694231
2751,0.005913410770855387,0.005749862407735577,0.7893221326897745
2752,0.00587864791098025,0.006798302441552271,0.9377964825000794
2753,0.00584429137967013,0.005058469494035256,0.6914108454305403
2754,0.00581033409421039,0.005460497585808811,0.7483438674501787
2755,0.005776769135547699,0.002997775649095504,0.3995866409772602
2756,0.005743589743589794,0.0041333966920580984,0.5604070890204059
2757,0.005710789312665776,0.002061295565006457,0.26696744759406393
2758,-0.013920676738998217,-0.01027581527590002,-1.4801467902828058
2759,-0.014117197787254399,-0.012680417919190709,-1.8206734799352786
2760,-0.014319346734458116,-0.010482230558055194,-1.509378194865224
2761,-0.014527369170753812,-0.012308671883790796,-1.768028837304043
2762,-0.014741524742832524,-0.010212924897972125,-1.4712405985398442
2763,-0.01496208885324568,-0.012459974808821465,-1.7894555309572284
2764,-0.015189353196408573,-0.011160651399901219,-1.6054524481767485
2765,0.004943264801707592,6.772772852943736e-05,-0.015350738259770276
2766,0.0049189491335941415,0.0033188621088089576,0.44505715126033346
2767,0.004894871509622867,0.0029361883723064714,0.39086498729855523
2768,0.004871028451234327,0.00452162506753747,0.6153858706082983
2769,0.004847416547317351,0.004207608142142454,0.5709165091535187
2770,0.0048240324525821165,0.005033727099339708,0.6879069626650205
2771,0.0048008728859791905,0.0040051575363396754,0.542246560376529
2772,-0.0020476862851559474,0.0003825260452000729,0.029229279558609652
2773,-0.002051887907883465,-0.001548225902315208,-0.24419326327270618
2774,-0.0020561068085812595,-0.00241780919744989,-0.36733889887097226
2775,-0.0020603429847844135,-0.002831357470858613,-0.42590334607737257
2776,-0.002064596871725999,-0.003135455185464782,-0.46896800309031206
2777,-0.00206886825064434,-0.0024015032726279295,-0.36502974287930057
2778,-0.002073157340043874,-0.00012766355814649807,-0.04302098482809287
2779,0.0036040857111381275,0.0023890278537957773,0.3133791038837407
2780,0.0035911428144652646,0.0027411946307819885,0.36325103890273497
2781,0.003578292763890989,0.002572548905962753,0.3393683526897041
2782,0.0035655342385259026,0.0032664265873860107,0.4376315191792167
2783,0.003552866371832275,0.0026556043031876267,0.3511302043011008
2784,0.0035402880927180025,0.0026330402845579685,0.3479348112532502
2785,0.0035277987769331,-0.00033452561634554124,-0.07231565939304208
2786,-0.00950231796690304,-0.0075379547726868185,-1.092425943143764
2787,-0.00959347835610902,-0.007847719832215156,-1.13629317858306
2788,-0.00968640456011649,-0.006769154480506452,-0.9835526458318363
2789,-0.00978114883432779,-0.008747858402743244,-1.2637658853546727
2790,-0.009877764609513173,-0.007922421735751688,-1.146872054054652
2791,-0.009976308346737461,-0.009286727940569296,-1.340077645379749
2792,-0.010076837875728217,-0.007606700325070117,-1.1021613127054388
2793,-0.0001315594566594358,-0.0006675563535835549,-0.1194776530058362
2794,-0.00013157676682729047,0.00013788386168502465,-0.005415609955329581
2795,-0.00013159408155116736,-0.00022589354951680566,-0.05693177956137392
2796,-0.00013161151599250243,0.0013056369008245295,0.15995519584467
2797,-0.00013162872468841513,0.0011071606352387846,0.131848071416824
2798,-0.00013164605309068378,0.001588745300155496,0.2000474606959858
2799,-0.000131663386055636,0.0011955169556756833,0.1443606108138012
2800,-0.0027652955409610547,0.000227354016650252,0.007254664602511169
2801,-0.002772963604852574,-0.0018295206668301192,-0.2840286910695203
2802,-0.0027806743135211365,-0.004099064230279156,-0.6054290516820117
2803,-0.0027884280237016057,-0.003954773356918222,-0.5849953664784464
2804,-0.0027962250961202084,-0.00521859129181315,-0.763970357998976
2805,-0.002804065895548602,-0.003379936375559025,-0.5035900935955271
2806,-0.002811950790861051,-0.003900543105898437,-0.5773155745966915
2807,-0.010692045588062471,-0.011163174105962792,-1.6058097000272822
2808,-0.010807600950118679,-0.009300742202010645,-1.3420622685231454
2809,-0.010925681354304384,-0.005641276209287574,-0.8238286868231592
2810,-0.011046370478271395,-0.007482925178202505,-1.084632952607491
2811,-0.011169755738308584,-0.006051196510845382,-0.8818793604761653
2812,-0.011295928500496433,-0.009212626238572741,-1.329583767171261
2813,-0.011424984306340424,-0.009362752616134474,-1.350843844599544
2814,0.001360717043434212,-0.0026058200545354387,-0.39396396932105343
2815,0.0013588678817471056,-0.001780852317657315,-0.2771365453418645
2816,0.0013570239922573446,-0.00113547507520051,-0.18574174605390179
2817,0.0013551849737338806,0.0008226309376629989,0.09155453007283378
2818,0.0013533509328853555,0.0034208223144742292,0.4594961985633697
2819,0.0013515217233874832,0.004471380482390844,0.6082705069532339
2820,0.0013496977037628088,0.007756443951462378,1.0734832486685668
2821,0.02363280198767148,0.02025742252070364,2.8438035389992224
2822,0.02308718706725843,0.021259230117684946,2.985674057864614
2823,0.022566197054465498,0.016919858916594737,2.3711560149756914
2824,0.022068201549536814,0.01873467613891469,2.6281605153929366
2825,0.021591711427429994,0.014762296587966994,2.0656138250689873
2826,0.02113536277351047,0.018169572546112827,2.548133631822604
2827,0.020697905041800135,0.016037972131599305,2.246268026359082
2828,-0.010840735211571695,-0.003193734279567566,-0.47722117001006864
2829,-0.01095954484320083,-0.007047256791651671,-1.022935975823267
2830,-0.011080987311419488,-0.0049334715639089075,-0.7235932597832904
2831,-0.011205151564060656,-0.008385420278265509,-1.2124393782177785
2832,-0.011332129683130132,-0.0074901315076126,-1.0856534736093337
2833,-0.011462018880350477,-0.010897639876813294,-1.5682061931468447
2834,-0.011594919957690686,-0.01121528076757792,-1.613188760779024
2835,-0.0009344702721644227,-0.004950076250235186,-0.7259447247470264
2836,-0.0009353443236290726,-0.0026533348184497986,-0.40069275060661064
2837,-0.000936220011702682,-0.0014042545820021997,-0.22380483142602378
2838,-0.0009370973409862371,-0.00033262306979791207,-0.07204623114485247
2839,-0.0009379763160981547,0.0010031552323140334,0.11711939445110726
2840,-0.0009388569416735049,0.00034909307371485917,0.024494684786009187
2841,-0.0009397392223657874,-0.0007168545708337471,-0.12645899720955167
2842,0.004787100058789129,0.003008507788469161,0.40110646792413535
2843,0.004764292794892544,0.004071049166303366,0.551577773036528
2844,0.00474170205497404,0.00295241010705105,0.3931622207514106
2845,0.0047193244246519495,0.0033840742170167075,0.45429213376158134
2846,0.004697157016815723,0.0029235763718072857,0.38907894468903464
2847,0.004675196768142653,0.004727941253442935,0.64460324172121
2848,0.004653441130040292,0.00798698452148262,1.106131144718516
2849,0.007654802502844005,0.009448501483831792,1.313103192448872
2850,0.007596651747797445,0.008346822957886071,1.1570894982328
2851,0.007539377608806852,0.007458755496440718,1.0313262359832778
2852,0.007482960742140055,0.007849821223194834,1.0867068277578413
2853,0.00742738193470549,0.00670768573892168,0.9249638401256247
2854,0.007372622759992398,0.0065664305488728515,0.9049600518083449
2855,0.007318664895042737,0.004329981464681275,0.5882463505483913
2856,-0.005630370046431299,-0.001866500602170937,-0.2892655874857773
2857,-0.005662250612676223,-0.004525892305971334,-0.6658741119383236
2858,-0.005694494266324623,-0.005827660175302151,-0.8502233658477096
2859,-0.0057271073555329455,-0.007131542661733577,-1.0348720802784261
2860,-0.0057600959334871416,-0.008051786749226072,-1.1651920205232051
2861,-0.005793466858378893,-0.008219714652273087,-1.188973052738418
2862,-0.005827226703160049,-0.009947018422017657,-1.4335843761005247
2863,-0.014260020571043142,-0.014605107718685038,-2.0932375344822542
2864,-0.014466310455728881,-0.012719710521698638,-1.8262378836413082
2865,-0.01467865645711064,-0.010088902144320646,-1.4536771737218765
2866,-0.014897329117646851,-0.011642226968255159,-1.6736505492503864
2867,-0.015122615820072016,-0.010877913050788073,-1.5654125878156429
2868,-0.01535482087718365,-0.01355233594991842,-1.944149748033233
2869,-0.015594268070111217,-0.013268997230357234,-1.9040248664891861
2870,-0.006778935314685208,-0.007421849837796516,-1.0759837965625705
2871,-0.006825203049542927,-0.007576162355798468,-1.0978366923305096
2872,-0.006872106445685255,-0.00799545054479033,-1.1572139950238092
2873,-0.006919659079447249,-0.006296850473786805,-0.9166675326649711
2874,-0.006967874394767315,-0.00469673450602666,-0.6900678509746292
2875,-0.007016766470547164,-0.0031779274196036007,-0.4749826888571231
2876,-0.007066349263874727,-0.0006507729980421316,-0.1171008858839469
2877,0.007528653775563665,0.006796316128961562,0.9375151917624948
2878,0.007472396818142268,0.007385304733849753,1.0209245402572338
2879,0.007416974114254238,0.004625459299302857,0.6300903072495586
2880,0.00736236775236665,0.005815304358861288,0.798589664289399
2881,0.007308559322692476,0.002800665281495123,0.37167294756000413
2882,0.0072555319641782745,0.00503149028096081,0.6875901966662616
2883,0.0072032682944809245,0.0026580603519545916,0.35147801650973043
2884,-0.015655577334993787,-0.013057840303338808,-1.8741219760655223
2885,-0.015904572474820244,-0.01492959157532359,-2.139189165557392
2886,-0.016161616197456707,-0.011688182407762246,-1.6801585075321992
2887,-0.016427104759820343,-0.014362246818166939,-2.058844900534938
2888,-0.01670146141614548,-0.011919618378997092,-1.712933205410455
2889,-0.016985137908723247,-0.015061112449220702,-2.157814433201236
2890,-0.017278617749174274,-0.013698698778505523,-1.9648768522165385
2891,0.005894105874125977,-0.0011300436378763202,-0.1849725755727739
2892,0.005859568954332373,0.002714651921994776,0.35949220549092853
2893,0.005825434419661102,0.003406684882214312,0.4574941326415476
2894,0.005791695416067277,0.005435105986387365,0.744748047858076
2895,0.0057583447000335575,0.0064258586166247005,0.8850530227280613
2896,0.005725376011422645,0.006903433493761703,0.9526845677679086
2897,0.00569278268997131,0.007098663407356922,0.9803319615621444
2898,0.009383095097380778,0.010194250021192083,1.418712026178235
2899,0.009295871055256422,0.008344276234738435,1.1567288452137467
2900,0.00921025372424955,0.005220115406401103,0.7143022564449054
2901,0.009126198984222622,0.006297154031742009,0.8668265825486473
2902,0.009043664830077791,0.004724304286700934,0.6440881943604806
2903,0.008962609989331405,0.007844019270626291,1.0858851869319863
2904,0.008882995168102648,0.00970007340409614,1.348729433423098
2905,0.0020346429291655532,0.004479101217109836,0.6093638752246525
2906,0.0020305115631709114,0.004039842602640046,0.5471584699764777
2907,0.0020263969407512405,0.00477762839224599,0.6516396628705073
2908,0.0020222990856000322,0.0036911242472451086,0.4977748815840161
2909,0.0020182175208778297,0.0026147994142941547,0.3453516388589887
2910,0.002014152522966217,0.0009197625573924247,0.10530977941489554
2911,0.0020101038671906934,-0.002856022617352999,-0.429396289374662
2912,-0.012036428855474068,-0.011019945932185445,-1.5855265085330636
2913,-0.012183069504809962,-0.011537234256592605,-1.6587820550150318
2914,-0.012333327288390206,-0.009098183805423756,-1.3133770550041868
2915,-0.012487337582419267,-0.010855915380881065,-1.5622973979798493
2916,-0.012645243131134909,-0.008114907560873751,-1.17413084503067
2917,-0.01280719320301471,-0.010362823068428343,-1.4924683585245726
2918,-0.012973345343315734,-0.008183986830742226,-1.183913473839449
2919,0.012445960917356391,0.00687837891721459,0.9491364755140643
2920,0.012292963044048255,0.010011908832212799,1.3928898631511502
2921,0.01214368135200461,0.008545530585420192,1.1852293868758115
2922,0.01199798168554822,0.011086992583123702,1.5451373506178756
2923,0.011855736772878434,0.009913351529880036,1.3789327164275131
2924,0.01171682505000371,0.011928671107696567,1.6643312650569553
2925,0.011581131090884211,0.012116159242514494,1.6908823104352029
2926,0.0027283913369116064,0.0072327643481291766,0.9993226041815694
2927,0.002720967472830793,0.003673779271097837,0.49531858082014085
2928,0.0027135838993062045,0.001538748367304641,0.19296716820608836
2929,0.002706240165414542,0.0012271966512285176,0.14884691622725688
2930,0.002698936319358358,8.501167481534129e-05,-0.01290308021144694
2931,0.0026916716689311393,0.0015193358982215285,0.19021808038765076
2932,0.002684446021627984,0.001754810611368665,0.2235647228312965
2933,-0.003902148824105889,-0.003002029919803756,-0.45007304588882885
2934,-0.003917435239418787,-0.0018951095374924328,-0.29331702861127595
2935,-0.003932841892841044,-2.6781328738816493e-05,-0.028734594633517064
2936,-0.003948370084665864,-0.0015333829580853786,-0.24209128660001852
2937,-0.003964021633036663,-0.0015639474682859688,-0.24641966555630748
2938,-0.003979797636964544,-0.004046925045254479,-0.5980453851426895
2939,-0.003995699713241541,-0.00710647228270004,-1.031321750162786
2940,-0.011171676866893354,-0.010125973909804093,-1.4589270746212515
2941,-0.011297893152541594,-0.010629826000165672,-1.5302798550417651
2942,-0.011426994239869703,-0.009358889409296332,-1.3502967583523813
2943,-0.011559079777910042,-0.009969825241436605,-1.436814153269699
2944,-0.011694254599772025,-0.00789879926535136,-1.1435267688495137
2945,-0.01183262823511877,-0.008926932253034363,-1.2891253457266811
2946,-0.011974315998072749,-0.005692531191262569,-0.8310871373571139
2947,0.012782982103825002,0.0085273830540996,1.1826594326327646
2948,0.012621639771888127,0.010073034090950426,1.4015460883574862
2949,0.01246431975285378,0.007249840064507616,1.0017407738479875
2950,0.012310872962604691,0.010154339253469119,1.413060081291578
2951,0.012161158615379142,0.008032919717775932,1.1126362362669855
2952,0.012015041658038683,0.011142589503754945,1.5530106827836923
2953,0.011872394472278724,0.009644195573993371,1.3408163203925725
2954,-0.006108374420062734,-0.0028313927772823447,-0.4259083459802174
2955,-0.006145915849835815,-0.004852939180490171,-0.7121887036035311
2956,-0.006183921839244211,-0.0038863278749342502,-0.5753024912473962
2957,-0.00622240067869384,-0.006419461043249338,-0.9340309716730658
2958,-0.006261361377981722,-0.006116313277561165,-0.8911008412361853
2959,-0.00630081291609208,-0.007659091879756749,-1.1095807184575552
2960,-0.006340765019567374,-0.007023027050715628,-1.0195046922824669
2961,0.00024327259627976439,-0.0038434431175450212,-0.5692293861915361
2962,0.00024321342911748367,-0.0018447743848011464,-0.2861888392753203
2963,0.00024315429072863104,0.0001886538825526038,0.0017741630360052331
2964,0.00024309505019481925,0.0007046361567091921,0.07484475381662797
2965,0.0002430361002192516,0.0023113261147787154,0.30237540809992886
2966,0.00024297704802522802,0.0008620774452331256,0.09714072897296643
2967,0.00024291802452047762,0.00038946851683694956,0.030212434464102284
2968,0.005996749444226568,0.006406546729194993,0.882318178733887
2969,0.005961002803974713,0.005244613327799273,0.7177715182376435
2970,0.005925679810011797,0.0018173643305862898,0.23242323880692456
2971,0.0058907728470660725,0.0029702849483011053,0.3956935581164128
2972,0.005856274989830101,0.0011171506419686953,0.13326280159306925
2973,0.005822178710263248,0.0039670511755655865,0.5368501457442364
2974,0.005788477161767114,0.0049166362621282855,0.6713251979832364
2975,-0.00537865750502009,-0.001223914477310131,-0.1982660510234828
2976,-0.005407743907372753,-0.0020808982532565775,-0.31962741154729785
2977,-0.005437146603792686,-0.0018637593593506727,-0.28887738765337556
2978,-0.005466870654136757,-0.0029297610744109725,-0.4398387268194075
2979,-0.005496921741855454,-0.004089307943631607,-0.604047419666984
2980,-0.005527304904358266,-0.004875865618049322,-0.7154354204402298
2981,-0.005558025807663292,-0.0072628376168745795,-1.0534653545422568
2982,-0.01851851851851849,-0.015547578021632952,-2.2267050299348154
2983,-0.018867924528301883,-0.016226637839628077,-2.3228697715577566
2984,-0.019230769230769273,-0.013437756607505059,-1.9279236475240926
2985,-0.019607843137254943,-0.015323869257641703,-2.195024616931553
2986,-0.020000000000000018,-0.012932461795165487,-1.8563665566988534
2987,-0.020408163265306145,-0.016070591780425574,-2.3007713811555806
2988,-0.02083333333333337,-0.0153887682859472,-2.2042152627674443
2989,0.005394066526820396,-0.0018233966295181068,-0.2831614383618904
2990,0.005365126676602161,0.0014982374215856498,0.18723022939049233
2991,0.00533649570115613,0.0010674838503063268,0.12622926189467643
2992,0.005308168681805059,0.004053340143177115,0.5490699179283307
2993,0.005280140803754829,0.00486685782981582,0.6642758483458857
2994,0.005252407353370181,0.0074969271671402535,1.0367318994504147
2995,0.005224963715529718,0.00958934695963674,1.3330489592732615
2996,0.013221401819231815,0.011423404067286688,1.592778107140677
2997,0.013048877225756872,0.01163485028823608,1.6227219657903897
2998,0.012880797424099422,0.010760804895828981,1.4989444323534837
2999,0.012716992282007178,0.010924654231556117,1.5221478801466555
3000,0.012557301316951541,0.009911986264545576,1.3787393750094878
3001,0.012401570917011995,0.010800389852034133,1.5045502375929438
3002,0.012249656073932691,0.011776813902879706,1.6428260773285592
3003,0.009496120391172092,0.009232517409252607,1.2825167077590556
3004,0.009406792358441551,0.0075491358097606355,1.0441254021949837
3005,0.009319129244675484,0.007384892592977177,1.0208661751184445
3006,0.009233084804366909,0.007278627230442401,1.0058174550192407
3007,0.009148614994769932,0.007459400803841349,1.031417620891948
3008,0.009065676609799844,0.007057097658071857,0.9744456472280647
3009,0.00898422849963354,0.005356663823807459,0.7336394973343348
3010,0.0032218091697644446,0.0037810672291923616,0.5105121153159294
3011,0.0032114624505930056,0.003854139254697708,0.5208601763650035
3012,0.0032011819748831716,0.0032260259361982114,0.4319101996725732
3013,0.0031909671084928704,0.0021679075961908993,0.2820652610135328
3014,0.0031808172253486866,0.0007819812846324853,0.08579794828555799
3015,0.003170731707317076,0.00017762415926130893,0.0002121938804579916
3016,0.003160709944079576,-0.0010612518216976217,-0.17523065438514018
3017,-0.008326985700436218,-0.005609248514338021,-0.819293099636311
3018,-0.008396906499603674,-0.006625406805286407,-0.9631958853814141
3019,-0.008468011724491964,-0.005852442574827868,-0.8537329138787259
3020,-0.008540331350499253,-0.006491839750023223,-0.9442808487110903
3021,-0.008613896884108296,-0.005744319922451642,-0.8384211745388177
3022,-0.008688740674977269,-0.0066680496734189965,-0.9692347354022248
3023,-0.00876489671603331,-0.005755396502048261,-0.8399897792283421
3024,-0.0017096530691030898,-0.0007427848566666615,-0.13013110262832514
3025,-0.0017125811173499539,-0.00022472593342457873,-0.056766428149247525
3026,-0.0017155189538128335,-0.0013519520766950488,-0.2163980363605399
3027,-0.0017184670165512062,-0.0006558629584024205,-0.11782169826298493
3028,-0.001721425229028739,-0.0015073456380667787,-0.23840402358461144
3029,-0.001724393773545052,-0.0006406405056345345,-0.11566597766444749
3030,-0.0017273723138143682,-0.0019295367431728277,-0.2981924213989534
3031,-0.010121683511331026,-0.007455839160151733,-1.0807971787059558
3032,-0.010225179410932927,-0.008348602870671044,-1.2072254980930475
3033,-0.010330813968798758,-0.007778322784973844,-1.1264655478788033
3034,-0.010438653758866323,-0.008891355743617194,-1.2840871948226136
3035,-0.010548768702938638,-0.008687011629677785,-1.2551490977678217
3036,-0.010661231431661977,-0.009587368921113091,-1.382652778599411
3037,-0.01077611825954694,-0.008824086015464003,-1.2745608234257662
3038,-0.002603228062798002,-0.005476303930532311,-0.8004662139731435
3039,-0.002610022406196344,-0.004186411554553037,-0.6177987025546736
3040,-0.002616852590631269,-0.0033609781902762385,-0.5009053389670739
3041,-0.002623718333842895,-0.0025543975399190282,-0.3866817937296764
3042,-0.0026306204823089985,-0.001484871454106157,-0.23522135243181005
3043,-0.00263755875674887,-0.0014924824541089677,-0.23629918067221958
3044,-0.002644534012613664,-0.001323838503966124,-0.212416745779164
3045,0.0030798727869787434,0.0015142690540350596,0.18950054159486213
3046,0.003070416153048816,0.001755159585017449,0.223614142572944
3047,0.003061017697203683,0.0009031240247155447,0.10295352131589472
3048,0.0030516763200802988,0.0012693003150933417,0.15480940708541724
3049,0.003042392065725652,0.000710854862214583,0.07572541291661816
3050,0.0030331638510530112,0.0016161438720772201,0.20392749676919825
3051,0.0030239917292640417,0.0024442728104234522,0.3212025928302021
3052,0.002236198462613581,0.0016195243054875044,0.20440621528096842
3053,0.0022312090363967307,0.0009531167766944034,0.11003322173354077
3054,0.002226241825518338,0.0007658182268259125,0.08350902434010245
3055,0.0022212966819379343,0.00110428657482958,0.13144106268307817
3056,0.0022163734589277784,0.0010219798283108885,0.11978523089470439
3057,0.002211472011057536,0.001372398630024128,0.16940962720498096
3058,0.002206592194180068,0.0008175635163750417,0.09083690955408519
3059,-0.0018282254025044908,-0.001484487704894814,-0.23516700796497686
3060,-0.0018315740703549466,-0.0011659891708995936,-0.19006298558390905
3061,-0.0018349347514058367,-0.0006335711352190832,-0.1146648520471994
3062,-0.0018383079265039681,-0.001550361187963571,-0.2444956507608545
3063,-0.001841693526311583,-0.0016249609959274954,-0.2550600680152168
3064,-0.0018450917584809101,-0.0025646696331166254,-0.3881364714503964
3065,-0.0018485022759177072,-0.003109270142383857,-0.4652598203418508
3066,-0.003126368971285043,-0.003015050226122946,-0.45191691053794497
3067,-0.0031361739475959105,-0.003269520817699528,-0.4879536455075507
3068,-0.003146040337510758,-0.002970779898032428,-0.44564758852894043
3069,-0.003155969284453053,-0.002656971817861551,-0.40120780259385175
3070,-0.0031659608188412403,-0.0019746479001439368,-0.3045808170004582
3071,-0.0031760161025392586,-0.001947292287386134,-0.30070686456934814
3072,-0.003186135177562277,-0.0009967059927396226,-0.16609002671126258
3073,0.0032777540259369964,0.002847829688447329,0.3783521132066316
3074,0.0032670454545453698,0.003247595776762653,0.4349648026541657
3075,0.003256406626079622,0.00211513053716927,0.2745912622435597
3076,0.0032458368614169952,0.00278028008113235,0.368786106851912
3077,0.0032353354902234788,0.0017890346525760196,0.22841134457621878
3078,0.0032249018508132554,0.002844218715116138,0.3778407468907354
3079,0.0032145352900070367,0.0020401204720559957,0.26396874661300035
3080,-0.005214345360824657,-0.0037280963357672436,-0.5528946051122389
3081,-0.0052416774164587565,-0.004240306211621796,-0.6254309694544821
3082,-0.005269297232719405,-0.003019515748029604,-0.45254929335457694
3083,-0.00529720994721794,-0.004091946777010803,-0.6044211168338192
3084,-0.005325419671747933,-0.0033158229420377824,-0.4945106994011644
3085,-0.005353931747479113,-0.004439855998422424,-0.6536901200919789
3086,-0.005382750483135856,-0.0037842972817976814,-0.5608534760552117
3087,0.0030570932620013203,0.0005823592387349938,0.05752856470952523
3088,0.003047775926751317,0.0016445788317931294,0.20795430041988752
3089,0.0030385152132312854,0.0019779922278537333,0.2551704840846166
3090,0.00302931075014512,0.0029417808390312236,0.39165696188366395
3091,0.0030201615988680874,0.003591565641063277,0.483675935679541
3092,0.0030110676878658538,0.003857631856435983,0.5213547795425919
3093,0.0030020283772209666,0.0039685470050772375,0.5370619769477444
3094,0.006511891279728177,0.005851580564833322,0.8037269023970237
3095,0.006469760900140731,0.0057795051610594035,0.7935199774728666
3096,0.006428172163219559,0.0047038411472642505,0.6411903163465336
3097,0.006387114690363793,0.005043475262123285,0.6892874442228143
3098,0.00634657836644581,0.004317096613124015,0.5864216682626509
3099,0.006306553331505427,0.005413959542611551,0.7417534040166113
3100,0.006267029972751859,0.005953902215063365,0.8182171355046992
3101,0.003017291362036323,0.003318638448404516,0.44502547769574535
3102,0.0030082148367853723,0.003080217203112962,0.41126156346713644
3103,0.0029991924864651853,0.0037564852824851134,0.5070309543179621
3104,0.0029902242284265412,0.0033652331934316345,0.4516239709326871
3105,0.002981309444692659,0.0035815282478988534,0.4822544948953189
3106,0.00297244779179362,0.0028759937021749383,0.38234054696667474
3107,0.0029636383980029546,0.0023030419683602054,0.30120225254162375
3108,0.0031253552108194693,0.002353437482035507,0.3083389898703749
3109,0.0031156176663202917,0.0023130252613831146,0.3026160319593614
3110,0.0031059408742397654,0.002481340183821392,0.326451871746422
3111,0.0030963237439960434,0.0023907887841877955,0.3136284772256421
3112,0.0030867662477302993,0.002700629680023108,0.35750645218842714
3113,0.0030772673119028315,0.0024055317492831683,0.3157162953995084
3114,0.0030678269189572394,0.002453432165465716,0.32249969065241246
3115,0.006506144673673386,0.004529639812722021,0.6165208750356279
3116,0.0064640883794928605,0.005128096246916329,0.7012710057925851
3117,0.006422572304493057,0.004819262693474819,0.6575356851563537
3118,0.0063815862335758755,0.005231746674888533,0.7159494131448013
3119,0.0063411197040987854,0.005030908754512053,0.6875078440675515
3120,0.006301163273506383,0.005628972292679683,0.7722023350356579
3121,0.006261707233854885,0.0060315998330267165,0.8292202476873984
3122,0.0039712087366592375,0.005008482918338122,0.6843320196641703
3123,0.003955500618046948,0.004545665364173043,0.6187903260822274
3124,0.003939916276779254,0.004329960483035074,0.588243379242282
3125,0.003924454255580079,0.003922907309588274,0.5305987326088232
3126,0.003909113119960894,0.0035248436334549666,0.4742271294739835
3127,0.0038938914577755224,0.003174262885335526,0.4245797991983972
3128,0.003878787878787815,0.002837481710187267,0.3768866890579363
3129,0.0006382170973195933,0.0019683440632469766,0.25380416372231973
3130,0.0006378101567166006,0.0009842488038296236,0.11444196933768531
3131,0.0006374034936273976,0.0004200091445737358,0.03453743131634066
3132,0.0006369974692150837,0.0004581406194081497,0.03993740246465476
3133,0.0006365919617465909,0.00021394935032760772,0.005356368989519849
3134,0.0006361870905948752,0.00047956282342519473,0.04297109796496466
3135,0.0006357824936202849,-0.00022381781885757153,-0.05663782592542855
3136,-0.0033314444043754943,-0.002347537523578974,-0.35738740832164223
3137,-0.0033425799032837933,-0.0019461535213141864,-0.3005455987394819
3138,-0.0033537903360694177,-0.0014017837903456884,-0.22345493140991912
3139,-0.003365076095759534,-0.0021251099095097406,-0.3258884247712289
3140,-0.003376438066786891,-0.0023207236599711058,-0.35359017544549237
3141,-0.003387876901492559,-0.003141356136255127,-0.46980366350349717
3142,-0.0033993937513046024,-0.003429841255852307,-0.5106573501051175
3143,-0.002496703261538502,-0.0034409555281283925,-0.5122312926259874
3144,-0.0025029525143213105,-0.003120156919761953,-0.46680154627810494
3145,-0.002509232881686474,-0.0021191605614738727,-0.32504591060453397
3146,-0.002515544969840411,-0.0017821511706969137,-0.2773204818135114
3147,-0.0025218888947639018,-0.0002542912594805223,-0.06095330810565843
3148,-0.0025282650225658676,-0.0003184758998265337,-0.07004278622153172
3149,-0.0025346732235880243,0.0011725035935691336,0.14110158419758131
3150,0.010236037329324876,0.007643431278985572,1.0574790113968981
3151,0.01013232237400552,0.008605194426824487,1.1936786541433342
3152,0.010030688330207704,0.007480961647025079,1.0344709497136382
3153,0.009931072833827104,0.008447238319924803,1.1713097732211488
3154,0.00983341645876945,0.007372508708022645,1.0191124369861297
3155,0.009737661854084534,0.008356296209807199,1.1584310484161313
3156,0.009643754354345502,0.00778569419848439,1.0776255088535145
3157,0.0032729398012858457,0.0033095661549483856,0.44374070905973323
3158,0.003262262612140354,0.0020512186749071203,0.265540413469697
3159,0.003251654860062736,0.002116056666675944,0.27472241564471606
3160,0.003241115869892397,0.0016874817269000514,0.2140299740402385
3161,0.0032306449751933197,0.0020749399840896705,0.26889969568320327
3162,0.003220241518113953,0.0021645381559321987,0.28158809929183276
3163,0.003209904849249101,0.0027895892140054447,0.37010441539226685
3164,0.005321840818192092,0.00410071847807491,0.5557793788818933
3165,0.005293668642062155,0.005354408090601861,0.7333200527211531
3166,0.005265793390383688,0.0059060091220935005,0.8114347773251676
3167,0.005238209946003325,0.005534245524509873,0.7587876476334189
3168,0.005210914195911576,0.005171527174645322,0.7074214565081555
3169,0.005183901219565579,0.00415471132482723,0.5634255508682635
3170,0.005157167086129011,0.0028920727398172824,0.3846175724354865
3171,-0.0011646390878042867,0.0013299223457703244,0.16339436788301212
3172,-0.0011659969432521455,-0.0006586061814675848,-0.11821017852685105
3173,-0.0011673581896298746,-0.0016907416599921,-0.26437556629081
3174,-0.0011687223968656069,-0.0015509381193419846,-0.24457735263080627
3175,-0.0011700900178306384,-0.0014999136874994053,-0.23735155134707572
3176,-0.0011714606215259549,-0.0007508947939662655,-0.13127958764294023
3177,-0.0011728346619617191,0.00021988855914693785,0.006197447295760722
3178,0.0012059472398089355,0.0018417715976315756,0.23587966262546492
3179,0.0012044946827709513,0.002765412493743877,0.36668064034972636
3180,0.001203045620717491,0.0022854519101555065,0.29871124459569415
3181,0.0012015999303767178,0.00219462202067346,0.2858484118640069
3182,0.0012001579313636324,0.0007510875648638059,0.08142294846875552
3183,0.0011987192789135737,0.0007180076818205576,0.0767383561523332
3184,0.0011972840714149502,-0.001529021311342347,-0.24147361401657438
3185,-0.012587918713514723,-0.010125269057085334,-1.4588272572299328
3186,-0.012748394578338873,-0.011314208702888934,-1.6271983945202195
3187,-0.012913014673038292,-0.009304673155419552,-1.3426189486695506
3188,-0.013081941981801126,-0.010966744109691786,-1.5779923570807255
3189,-0.013255347670981465,-0.009025602903120107,-1.3030985441398604
3190,-0.013433412337912398,-0.011107813777743981,-1.5979698727863756
3191,-0.013616325941266383,-0.009176424160801274,-1.3244570266944276
3192,0.008455127430849085,0.0030619696296594495,0.4086774418037703
3193,0.00838423763324947,0.005324492320705309,0.7290835448225603
3194,0.008314526665874844,0.004183711248968706,0.5675323616944195
3195,0.008245965366945551,0.006519240939933346,0.8982773171939582
3196,0.008178525528683256,0.006074792447699696,0.8353369498099148
3197,0.00811217985861612,0.007903132319259895,1.094256453936384
3198,0.008046901942752038,0.007335154022393966,1.0138224704814205
3199,0.0006353551146083269,0.0030192159511895915,0.40262289942836843
3200,0.0006349515808359296,0.0014319089263316914,0.17783715025474353
3201,0.000634548787046052,0.00030921088552920343,0.01884678717729125
3202,0.0006341462764021255,-0.000647058749687654,-0.11657489432345917
3203,0.0006337445035060618,-0.0017788706907761389,-0.27685591816886523
3204,0.0006333430121043815,-0.001371172094013308,-0.21911987021143065
3205,0.0006329422562263431,-0.0006330156887677783,-0.11458619275524952
3206,-0.0041196314713897175,-0.003102730075013487,-0.4643336517301884
3207,-0.004136673153834147,-0.0034908456550106675,-0.5192964598381109
3208,-0.004153856185197591,-0.0026497023881937483,-0.4001783456782381
3209,-0.004171182678164853,-0.003006862416248849,-0.45075739763475925
3210,-0.004188654320511298,-0.0026784469037528383,-0.4042489869362905
3211,-0.004206273059771948,-0.003925868213710435,-0.5809019780103174
3212,-0.004224040411235919,-0.005892740110850236,-0.8594396307789739
3213,-0.008400414192190953,-0.0069718000257435,-1.012250200866525
3214,-0.008471578964353133,-0.007347155090930105,-1.0654059345795028
3215,-0.008543959794419909,-0.007726012583138921,-1.1190576628731035
3216,-0.008617588000922716,-0.008325251197090648,-1.203918561654146
3217,-0.008692496474163036,-0.008570338209526775,-1.2386264454097238
3218,-0.008768718529059805,-0.008747470161556636,-1.2637109047588428
3219,-0.008846289148630837,-0.008316189237988242,-1.20263525651285
3220,-0.005926504285181933,-0.006949932589054171,-1.0091534539475364
3221,-0.005961837013582438,-0.006197661978587688,-0.9026209998558985
3222,-0.005997593815331714,-0.005677675607254033,-0.8289833707080188
3223,-0.0060337819888712785,-0.005085728694049377,-0.745155082751166
3224,-0.00607040951647686,-0.004635286089100759,-0.6813658618711295
3225,-0.006107484320191592,-0.004417279227938335,-0.6504929211961691
3226,-0.006145015031142953,-0.003842169194641614,-0.5690489801895796
3227,-0.0023695366074899527,-0.0026122859175806406,-0.39487962952157446
3228,-0.002375164776961869,-0.0022575279688352608,-0.344640746913991
3229,-0.0023808194856526077,-0.0022718834642157194,-0.34667369374363394
3230,-0.0023865013144848124,-0.00222607379218855,-0.34018637825597825
3231,-0.002392210327575972,-0.0020164321444036313,-0.3104980733991754
3232,-0.0023979468516234226,-0.0018225351613778017,-0.2830394419501848
3233,-0.0024037106909692296,-0.0014812632477318331,-0.2347103779572291
3234,-0.000658848333113693,-0.0006282955925408811,-0.11391775851416142
3235,-0.0006592827004219259,-0.0009613019350604369,-0.16107629748019936
3236,-0.0006597176408498218,-0.0013414756572392497,-0.21491442307139708
3237,-0.0006601531555320284,-0.001002330506511653,-0.1668865396241292
3238,-0.0006605892456070794,-0.0013084586947740126,-0.21023874122348854
3239,-0.0006610259122157292,-0.0010229666292321704,-0.16980891458570013
3240,-0.0006614631565021734,-0.00122539293139481,-0.19847542161394757
3241,-0.0027799841143766324,-0.002413627529269409,-0.3667467138683077
3242,-0.00278773397052956,-0.0027042149510442997,-0.40789811701915596
3243,-0.0027955271565496265,-0.002938539557833129,-0.4410818876835348
3244,-0.0028033640368441137,-0.003123198498511977,-0.46723227804410083
3245,-0.0028112449799198025,-0.003300931618180065,-0.4924018714698801
3246,-0.002819170358437262,-0.0031821007669247106,-0.47557369550514156
3247,-0.0028271405492731327,-0.003557846939117622,-0.5287848156556788
3248,-0.005477444174429524,-0.005406447747918354,-0.7905735630257356
3249,-0.005507611674905877,-0.004862810348869815,-0.7135866045418428
3250,-0.005538113589720672,-0.003683546243467521,-0.5465856644243189
3251,-0.005568954958353189,-0.00420185054937214,-0.619985088655504
3252,-0.005600142034365985,-0.0036246921146094973,-0.5382510642240228
3253,-0.005631680104813297,-0.004573564212273605,-0.6726251468703652
3254,-0.005663575690158629,-0.004196947683228456,-0.6192907715372988
3255,0.0004011151200336016,-0.0007287898954891564,-0.1281492126828542
3256,0.0004009542912051245,-0.0007242631899042943,-0.1275081653679702
3257,0.00040079359129463477,-0.0011251314058533367,-0.1842769321099096
3258,0.00040063287992619934,-2.20111697825857e-05,-0.028059070782200646
3259,0.0004004725776656226,0.0004229694940845802,0.03495665984125096
3260,0.00040031226358161476,0.001373792592576135,0.16960703256617812
3261,0.0004001520777978662,0.002026989468358772,0.2621092056059628
3262,0.004259914741705062,0.00350850159292009,0.4719128589723539
3263,0.004241844983724263,0.004366535608424097,0.5934229486847009
3264,0.004223927598226762,0.003850754847833451,0.5203808951543892
3265,0.004206161216595783,0.003802806286344904,0.5135906818262742
3266,0.004188543389605837,0.0029988200764395835,0.3997345470718718
3267,0.004171072807820586,0.003551985204081315,0.4780707704277799
3268,0.004153747089208792,0.0031901144644150203,0.42682461322817705
3269,-0.0037093140293638083,-0.0014864194511301247,-0.2354405713134138
3270,-0.003723124402888023,-0.0026710774863176467,-0.4032053702993069
3271,-0.003737037722778558,-0.001687543316446456,-0.26392263435088703
3272,-0.0037510555589024275,-0.0024599384862317177,-0.3733050185898861
3273,-0.0037651789543493575,-0.0018173260128774398,-0.28230175079789166
3274,-0.003779409244487386,-0.0032161812858534913,-0.48039999240905507
3275,-0.0037937472293247954,-0.0029756477699653013,-0.44633694995818884
3276,0.004306649406838892,0.0021133546709070565,0.27433977376531804
3277,0.0042881817116140475,0.0024524691353794746,0.322363311592771
3278,0.004269871725768537,0.001240633358901306,0.15074974936120908
3279,0.004251717299908364,0.002493846838933919,0.328222995917801
3280,0.004233716870434501,0.0021895709084881884,0.2851331009512816
3281,0.004215868078626617,0.0037600468959229833,0.5075353305554264
3282,0.0041981691513128805,0.0030824254943231533,0.411574289604111
3283,-0.00218708264462808,-0.0013394465384227129,-0.21462707034996728
3284,-0.002191876459592068,-0.0004346910006826467,-0.08650053390495069
3285,-0.002196691335619727,0.0008300176627201974,0.09260059772069203
3286,-0.0022015275481879204,-0.0006448793245607031,-0.11626625604349355
3287,-0.0022063848287926513,-0.0007287867695516086,-0.1281487700046561
3288,-0.0022112637275335523,-0.0020733987488339594,-0.31856537270183877
3289,-0.0022161642511564494,-0.0012655970069761632,-0.204168903157127
3290,0.00112037107870111,0.0010133441795570101,0.11856229749597226
3291,0.001119117252098123,-5.46837629470581e-05,-0.032685984931073934
3292,0.0011178662287161245,-4.2209445640613145e-05,-0.030919440263126177
3293,0.001116618136292935,0.0011733555875969308,0.14122223893723196
3294,0.0011153725539421178,0.0024192576047918335,0.31766007607032126
3295,0.0011141298840477987,0.0027787666942965224,0.3685717892760722
3296,0.001112889980063425,0.003173866892661216,0.4245237208792264
3297,0.009283276450511968,0.007896389727591473,1.0933016049400508
3298,0.009197889895847355,0.008784450145033528,1.219063869656308
3299,0.009114059777509897,0.006587579754868462,0.9079550868202867
3300,0.009031743923495705,0.006898802505870721,0.952028752562541
3301,0.008950901671712641,0.004556773947591202,0.6203634629781168
3302,0.008871493803000563,0.006216107524385327,0.8553492189455293
3303,0.008793482477693182,0.004624268924890663,0.6299217329284904
3304,-0.010493160235867216,-0.00749269708954785,-1.0860167973068604
3305,-0.010604434263808082,-0.008660155156096172,-1.2513458306999745
3306,-0.010718093582638422,-0.005606781721836623,-0.8189437659587057
3307,-0.010834215588271467,-0.007851820988934959,-1.136873961992509
3308,-0.010952881601206998,-0.006009413325049329,-0.8759622539712867
3309,-0.011074175736883851,-0.009227214182348535,-1.3316496320727522
3310,-0.01119818642124737,-0.007775347157143685,-1.1260441557217793
3311,0.00901257014388479,0.004292919245960946,0.5829978016094538
3312,0.0089320692432997,0.0055742650258260055,0.7644549907775134
3313,0.008852993690644295,0.00410759963530327,0.5567538507758213
3314,0.00877530609703503,0.006669875177398532,0.9196093149672565
3315,0.008698969839258108,0.0068993598089500474,0.9521076747800084
3316,0.008623950355222565,0.009049898696774392,1.256655243370203
3317,0.008550213736433276,0.00842494858699632,1.1681532230158362
3318,0.004369004294638268,0.0057871825057294185,0.7946072010825952
3319,0.00434999900018429,0.005612173398418475,0.7698233674051631
3320,0.0043311585942040765,0.004512816967256767,0.6141385155664648
3321,0.004312480428520615,0.0034146790177400016,0.4586262184415827
3322,0.0042939629258986756,0.0013945164267488296,0.17254182874442608
3323,0.004275603515014215,0.00177209869282862,0.22601296648037789
3324,0.004257400685038881,0.0021696332577961614,0.28230963978253226
3325,-0.004870744917287451,-0.003659871115369208,-0.5432329221236682
3326,-0.0048945850663431045,-0.0050062521381872,-0.7339000471018289
3327,-0.004918659992987795,-0.0030030292053644545,-0.45021455925069415
3328,-0.004942972667372536,-0.00333455047971265,-0.49716279097544525
3329,-0.004967527146432782,-0.0012835109187770005,-0.2067057734800829
3330,-0.004992326535232738,-0.0029905887778925457,-0.4484528138759683
3331,-0.005017375039209071,-0.003283289117558171,-0.48990343691532784
3332,0.006499449078311015,0.004038874086336129,0.5470213139886609
3333,0.006457478892339719,0.005711079115652207,0.7838298547436348
3334,0.006416047530729774,0.00421357020957331,0.571760824571444
3335,0.006375144301873581,0.004817569291620447,0.6572958748370358
3336,0.006334759297236037,0.0035900859851733793,0.48346639489598675
3337,0.006294882603713914,0.004811616538249817,0.6564528784254355
3338,0.006255505060353217,0.004136862668263158,0.5608979216354395
3339,-0.0035013129923721076,-0.0014981120341845348,-0.23709641104731513
3340,-0.003513615259129188,-0.002585200662575758,-0.39104396367842964
3341,-0.003526004281576678,-0.0017445215648021412,-0.27199158260264705
3342,-0.003538480980664782,-0.00232808167420225,-0.3546321772230162
3343,-0.0035510462904249085,-0.0017593565989962728,-0.2740924390992928
3344,-0.0035637011582027034,-0.0022780154975028874,-0.3475420787975822
3345,-0.003576446544897194,-0.0005337429667738394,-0.10052773220763728
3346,0.005548739136008063,0.004227759651861959,0.5737702558693967
3347,0.00551812065217705,0.004745336392411004,0.6470666462697199
3348,0.0054878379726428506,0.0042834109034113515,0.5816512820830242
3349,0.005457885978718657,0.0052076254799577025,0.7125335012962569
3350,0.005428259159165005,0.00506156286040093,0.6918489110757414
3351,0.005398952371907351,0.005487152758344945,0.7521186273637018
3352,0.005369960088422943,0.0036705187986424506,0.4948568505234393
3353,-0.000722747161895354,-0.00020302385957449482,-0.05369309901215184
3354,-0.0007232699031651801,-0.0002641062795638381,-0.062343257628990144
3355,-0.0007237934011483649,7.961503911379435e-05,-0.0136673222769024
3356,-0.0007243175338252916,-0.0009348027458100545,-0.15732362706744538
3357,-0.0007248426737470615,-0.0008420834828492469,-0.14419323158561517
3358,-0.0007253684517550818,-0.0011672068734493734,-0.19023542996652457
3359,-0.0007258949930822878,0.00015195396010958979,-0.0034230794834155844
3360,0.004500274587622588,0.002831511266358539,0.3760411874203059
3361,0.004480112973083372,0.003370244926505141,0.4523337051907379
3362,0.004460130959044406,0.003922274620218145,0.5305091345966986
3363,0.004440326521258697,0.004663072879084692,0.6354169369298617
3364,0.004420697182317523,0.005147166455138437,0.7039716244977076
3365,0.004401240751558566,0.004832270779286696,0.6593778192039867
3366,0.004381954593137838,0.004616358744610287,0.6288015364116369
3367,0.006424019598412878,0.006358654398742934,0.875535928537961
3368,0.006383015104520107,0.00553385818901914,0.7587327952972908
3369,0.00634253051696132,0.003742529781013197,0.5050546524404226
3370,0.006302556478869681,0.0039680559667613965,0.536992438784068
3371,0.006263082927028041,0.0029260517108289754,0.38942948867815297
3372,0.006224100983644565,0.004225116767499438,0.5733959850244342
3373,0.006185601061499346,0.0038853142516448898,0.5252750091191677
3374,-0.002054670693821037,-0.0009083015436700866,-0.15357067160026494
3375,-0.002058901057485518,-0.0007496842822476573,-0.13110816158655073
3376,-0.002063148876889964,0.0003414340660384392,0.023410057961135954
3377,-0.002067414144523827,-0.0008277564391170758,-0.14216431392296724
3378,-0.002071697316634591,-0.0009326549571197134,-0.157019468966798
3379,-0.0020759981564447694,-0.0023745509646578536,-0.36121290426891633
3380,-0.0020803168904741653,-0.002946387212732741,-0.44219322969754954
3381,-0.004202661685734244,-0.0029487137581829556,-0.44252270235395624
3382,-0.004220398593200447,-0.0037560515558304306,-0.5568534706541963
3383,-0.0042382858488344555,-0.003763329506989319,-0.5578841343368234
3384,-0.004256325372428482,-0.003691524891142289,-0.5477155569195188
3385,-0.0042745191165993734,-0.003050766195873877,-0.4569748110525882
3386,-0.004292869067493488,-0.0033655769334220466,-0.5015565878477874
3387,-0.004311377245509007,-0.003099650320972299,-0.463897513788015
3388,0.0012199731777724487,0.000782587968418744,0.08588386352896711
3389,0.0012184866567339636,0.0012558222271217296,0.15290071389961213
3390,0.001217003753898327,-0.00020542189194393772,-0.05403269525551634
3391,0.0012155245759128963,0.00040315032029875184,0.032149976724701074
3392,0.0012140487499803232,-0.0009564937282255722,-0.16039538549617188
3393,0.001212576622847239,0.0003869901418439122,0.029861460537307653
3394,0.0012111080615240244,-0.00036373191601511755,-0.07645169599402846
3395,-0.00977936791890277,-0.007663386232859727,-1.1101888612833297
3396,-0.009875948452366723,-0.008356215970203968,-1.2083036236574416
3397,-0.00997445566232813,-0.006731612056318279,-0.9782360928179743
3398,-0.010074947782282906,-0.00820882576771652,-1.1874310283950604
3399,-0.01017748541640806,-0.007370711033702602,-1.068741798505438
3400,-0.010282131661441873,-0.00923152102130552,-1.3322595430769593
3401,-0.010388952236158766,-0.008661481168742083,-1.2515336133666906
3402,0.00027433836896673114,-0.0028599457915214257,-0.42995186786752937
3403,0.0002742631280676644,-0.00190389677272598,-0.29456142885912
3404,0.00027418792842892614,-0.0019700974710737435,-0.3039364100951864
3405,0.0002741128979353302,-0.0006401048016773324,-0.11559011419665635
3406,0.00027403765276101666,0.00015186765780577315,-0.0034353011442001887
3407,0.0002739625766994269,0.0009334491227214973,0.10724799602512239
3408,0.0002738875417629405,0.0010826867401736702,0.12838221210211398
3409,0.0032857508305648153,0.002788468588036647,0.36994571846470664
3410,0.00327498990199504,0.0030612005013446455,0.4085685220536865
3411,0.0032642994815166304,0.0019084646366777772,0.245324366461516
3412,0.003253678500474644,0.0019679574342189067,0.25374941143157453
3413,0.003243126409800734,0.0006919350099669618,0.07304608680318615
3414,0.0032326424156872147,0.0016816995151609,0.21321112880279489
3415,0.0032222262361971676,0.0020604255886586104,0.26684424629648795
3416,-0.004175439795153668,-0.0024013129746869814,-0.3650027939245285
3417,-0.004192947319155316,-0.003587244587889514,-0.5329479500711674
3418,-0.0042106020262031585,-0.002772962267990646,-0.4176337364686097
3419,-0.004228406288246167,-0.0032068871950078487,-0.47908381403845124
3420,-0.0042463615034387114,-0.0025768287424798547,-0.38985837809145235
3421,-0.00426447011218356,-0.003488197627599284,-0.5189214606626658
3422,-0.004282733573938491,-0.003955981694800018,-0.5851664846879424
3423,-0.0013418130468347833,-0.0020223794711778415,-0.3113403013258368
3424,-0.0013436160570570177,-0.0013261669648577737,-0.21274648968992244
3425,-0.0013454236610519477,-0.0014694771267889783,-0.23304129189857717
3426,-0.0013472363937860887,-0.0013332116258221434,-0.21374411608969962
3427,-0.00134905375892036,-0.0013741983023810534,-0.21954842530785887
3428,-0.0013508762930226625,-0.0011532300772926951,-0.188256112452065
3429,-0.0013527034985741926,-0.0015948274774687202,-0.25079272375483375
3430,-0.0027090716976229112,-0.002745481633551006,-0.41374207914992933
3431,-0.0027164307031596335,-0.0023155850212843118,-0.35286246950779143
3432,-0.002723829798053079,-0.0014836485837811074,-0.23504817621709315
3433,-0.002731269179837126,-0.001572043281726101,-0.2475661504271049
3434,-0.002738749573088728,-0.0010076899653342253,-0.1676455169030869
3435,-0.0027462709214023384,-0.0012655383985951383,-0.20416060335839226
3436,-0.0027538336948005337,0.000179286539105462,0.0004476110321665819
3437,0.005522876472924709,0.004296502586687436,0.5835052547468331
3438,0.0054925417111340025,0.004559833967323019,0.6207968062552085
3439,0.005462538621576751,0.004067377590344327,0.5510578245075568
3440,0.005432861406319045,0.005096735425162512,0.6968298575444927
3441,0.005403504913018331,0.005229516283197684,0.7156335572584941
3442,0.00537446384170881,0.006072170619615052,0.8349656608399917
3443,0.005345733519042994,0.00580482389051164,0.797105477618029
3444,0.004151871128106999,0.00458236149968546,0.6239870323172255
3445,0.0041347042414738855,0.004480363657098188,0.6095426550789115
3446,0.004117678983657891,0.00409295186858275,0.5546795140757192
3447,0.00410079310764222,0.0035460518744510586,0.4772305247001768
3448,0.004084045408282,0.0028429157670985705,0.37765623051068004
3449,0.004067433698973,0.002837047702817149,0.37682522730522494
3450,0.004050956825545127,0.0025764966923081827,0.3399274166246188
3451,-0.00015926099343499533,9.757048052126631e-05,-0.011124570757937104
3452,-0.00015928648542851143,-0.00038526893173283707,-0.07950165050015504
3453,-0.00015931173774585972,0.00040787102490877174,0.03281849712168332
3454,-0.00015933712201965378,0.00014002382659874103,-0.005112559815185413
3455,-0.00015936251438419813,0.0007446105512404443,0.08050570918427274
3456,-0.00015938803881132557,-0.000146701696599961,-0.045717061987781596
3457,-0.0001594133234198436,-0.0001221805158428442,-0.04224450633169873
3458,0.0044642857142858094,0.0031952890975707584,0.42755741650592693
3459,0.004444444444444473,0.0036606129755730934,0.4934540419772942
3460,0.004424778761061843,0.0027922070211479372,0.3704751349383294
3461,0.004405286343612369,0.0032354604545015457,0.43324626461255994
3462,0.004385964912280604,0.002774616256774823,0.3679840269886867
3463,0.004366812227074135,0.003592451205841515,0.4838013445254672
3464,0.004347826086956497,0.003324156228168304,0.445806875521468
3465,-0.0016319659692158872,0.0004872341864470378,0.04405747448635768
3466,-0.0016346335152348512,4.781153075711982e-05,-0.018171161383230754
3467,-0.0016373100375436378,0.00016799707826663522,-0.0011511407358785195
3468,-0.001639995097334257,-0.0005641363230401874,-0.10483187327879742
3469,-0.0016426892204438603,-0.0009872190782439485,-0.16474654170876463
3470,-0.0016453919670513795,-0.0015611231240246716,-0.2460196973518218
3471,-0.0016481038651514623,-0.001497307121816381,-0.23698242375508932
3472,-0.00361443692981378,-0.0017043861261804394,-0.2663078210507198
3473,-0.003627548352905574,-0.002658365395627299,-0.401405153463721
3474,-0.0036407554915732776,-0.0030536308426730168,-0.4573804866823046
3475,-0.003654059027042744,-0.002861240355742664,-0.4301351969801505
3476,-0.0036674601428839937,-0.002826937918154616,-0.42527747316808506
3477,-0.003680959792787486,-0.0028034362214081894,-0.4219492912680083
3478,-0.0036945594414219407,-0.0036184878979175256,-0.5373724569506346
3479,-0.005294967053537936,-0.004503685034633398,-0.6627292394929648
3480,-0.005323153098613309,-0.003954921287009887,-0.5850163155298646
3481,-0.005351640575262717,-0.003942764271181746,-0.5832947053638106
3482,-0.005380434854877492,-0.004554346136500977,-0.6699035879705598
3483,-0.005409540407824931,-0.004993725200735797,-0.7321260506564237
3484,-0.005438962824498406,-0.005252321939925955,-0.7687471081093257
3485,-0.0054687067892321695,-0.005453397036147852,-0.7972222647340776
3486,-0.006739243131156036,-0.007014192831183246,-1.0182536383749037
3487,-0.006784968684759862,-0.007019114552660286,-1.0189506256824092
3488,-0.006831318970047406,-0.005706622285024668,-0.833082641074029
3489,-0.006878306878306817,-0.005713436283221004,-0.8340476022727411
3490,-0.006925945657964783,-0.004417220142820124,-0.6504845538845185
3491,-0.006974248927038573,-0.005182633936005685,-0.7588782737097333
3492,-0.007023230686115767,-0.003946517724382989,-0.5838262489005154
3493,0.006451111398259046,0.003145584553901598,0.4205185305745769
3494,0.006409761449131635,0.004010308880550708,0.5429760656011604
3495,0.006368937941099384,0.0026826360078361696,0.3549582866353341
3496,0.0063286314146522304,0.004077447257347231,0.5524838357364679
3497,0.006288831584092769,0.0035180671429048517,0.4732674799032195
3498,0.006249529478319582,0.005170393823250195,0.7072609574752394
3499,0.0062107152982147085,0.004838119488007938,0.6602060813807513
3500,-0.00035323867777192763,0.0006431539965228077,0.06613798617692296
3501,-0.00035336336924085554,0.0003073067744225715,0.018577137364803088
3502,-0.0003534884092826207,0.0004776688559332245,0.042702884635768865
3503,-0.0003536134075234898,-0.0006160929117184028,-0.1121896815210838
3504,-0.00035373849419795267,-0.0010327237529259353,-0.17119066513863995
3505,-0.0003538635390284428,-0.0015765614902801958,-0.24820599443891211
3506,-0.0003539889331760637,-0.0013017954935731358,-0.20929513507144762
3507,-0.003392041748206176,-0.001961235393788717,-0.3026814111248847
3508,-0.00340358685691855,-0.00304564899475855,-0.45625014098664185
3509,-0.003415210823591086,-0.002994508643709019,-0.4490079238581061
3510,-0.0034269144589429423,-0.002877285314289752,-0.43240739635367104
3511,-0.0034386985848433582,-0.002733661184886769,-0.41206813178691254
3512,-0.003450564034505499,-0.0033192275443721464,-0.49499284058392445
3513,-0.00346251165268352,-0.004337913700529398,-0.6392536087898154
3514,-0.004161814379259665,-0.003767229440405574,-0.5584364216013358
3515,-0.004179207464981238,-0.0037430642648137455,-0.5550142814518536
3516,-0.004196746539447682,-0.00467792500558524,-0.6874041522811236
3517,-0.0042144335837639435,-0.004613142524886342,-0.6782300112805624
3518,-0.004232270069554844,-0.00528849904562484,-0.7738703121776661
3519,-0.00425025831059056,-0.004353602708462815,-0.6414754003820373
3520,-0.004268400113646376,-0.0046445218190906004,-0.6826737754961686
3521,-0.009792547419132935,-0.008867321913246577,-1.2806836550658014
3522,-0.009889389737079424,-0.007766343498227714,-1.124769106734384
3523,-0.00998816660943902,-0.005445971275986919,-0.796170669148083
3524,-0.010088936730814568,-0.006555703152841281,-0.9533248349232216
3525,-0.010191760617042966,-0.00535128186199188,-0.7827612716400036
3526,-0.010296702140403236,-0.007233668130327611,-1.0493345312145785
3527,-0.010403827250723863,-0.006121089888706296,-0.8917772788112445
3528,0.002068863602778137,0.0009589396450519147,0.11085782453916354
3529,0.002064592243032015,0.0005735113063804287,0.056275568866999734
3530,0.0020603384841795247,-0.0005394405597007667,-0.10133459419117845
3531,0.0020561022176530663,0.0013817987081105663,0.17074081490960272
3532,0.0020518833357761057,0.0018671007444368572,0.23946663801925408
3533,0.0020476817317536256,0.0034343591094588228,0.46141320551562837
3534,0.002043497299664354,0.003914785157533638,0.5294485178073314
3535,0.006804702986161537,0.005399047986487132,0.7396417109022486
3536,0.006758711814031759,0.006024254105175335,0.8281799858398544
3537,0.0067133384388951,0.004681586032214906,0.6380386685361422
3538,0.006668570071104218,0.004780656003910544,0.6520684166941633
3539,0.006624394830001767,0.0030624846787134933,0.4087503802370169
3540,0.006580800864967928,0.00443282233519884,0.6028101127966105
3541,0.006537777196014893,0.0035749230043330615,0.4813190963869278
3542,-0.007428889182425014,-0.005998743114301538,-0.8744511970180816
3543,-0.007484490774015362,-0.006305773132923422,-0.9179311109061278
3544,-0.007540930659882594,-0.003006631018748928,-0.4507246283849783
3545,-0.0075982285153956,-0.004944718954936778,-0.7251860538545413
3546,-0.007656403476402618,-0.002836348452053998,-0.4266101415678143
3547,-0.007715476420189882,-0.006175645286700412,-0.8995031162311794
3548,-0.007775467713582507,-0.0051298341934889555,-0.7514010626271073
3549,0.011524116896450387,0.007230221655103081,0.9989625218863118
3550,0.011392824508364985,0.007842120804067291,1.0856163364694966
3551,0.011264490292288265,0.00549348730881238,0.7530156917943389
3552,0.011139014824564919,0.008175475596675509,1.1328242210334578
3553,0.011016304190642812,0.007886969113901719,1.0919675090954764
3554,0.01089626745362371,0.010728430501948374,1.4943597475580859
3555,0.010778818700904136,0.01053197828241618,1.4665392574746887
3556,0.0036451062703581893,0.00657244358666766,0.9058115853707547
3557,0.0036318677265352317,0.006077162087871413,0.8356725253053481
3558,0.0036187249960111245,0.004901397860638314,0.6691672188138074
3559,0.0036056769081163065,0.0035367526403928934,0.4759136179759136
3560,0.003592722844572238,0.0008847362476288248,0.1003495447799464
3561,0.0035798613947588542,0.000835397251659725,0.09336242571683923
3562,0.003567091700887426,-6.218498107781931e-05,-0.033748266462517974
3563,-0.011986689915299165,-0.00934242826033057,-1.3479656203654764
3564,-0.012132113667503441,-0.010998571479331948,-1.5824995752916637
3565,-0.01228110961931883,-0.008348893828637762,-1.2072667019707488
3566,-0.012433810473129525,-0.009558436282726205,-1.3785554964142281
3567,-0.012590356719652362,-0.006748986500400917,-0.9806965666698687
3568,-0.012750894895876108,-0.009277192479159183,-1.338727285428447
3569,-0.012915580242854774,-0.00908900033663426,-1.3120765423248302
3570,0.005283361600693537,0.002254490370231401,0.2943266404589915
3571,0.0052555942513701215,0.004810510267566816,0.656296214415025
3572,0.005228117530638121,0.0031486162961519497,0.4209478693492274
3573,0.005200926333541744,0.004339460352761091,0.5895886988937248
3574,0.005174016795552516,0.002777059211185564,0.3683299848461243
3575,0.0051473840027920215,0.004154222917450355,0.5633563852837903
3576,0.005121024265160257,0.003446685614959811,0.4631588178832045
3577,-0.005373562134299181,-0.00267236994879829,-0.40338840177490703
3578,-0.0054025931650434345,-0.005090935574647936,-0.7458924527355959
3579,-0.005431939866305413,-0.005285893201913678,-0.7735012868273906
3580,-0.005461606845434841,-0.005532559551384567,-0.8084328276656859
3581,-0.005491599946894632,-0.005223222255347124,-0.764626169755037
3582,-0.005521924002076295,-0.004784736031504248,-0.7025301462477648
3583,-0.005552585098164364,-0.0028337721204446066,-0.4262452955601627
3584,0.002688394470179656,0.000412693184871388,0.03350138507143507
3585,0.0026811862391609154,0.0023453244810699276,0.3071900709961216
3586,0.002674016846360594,0.0029576797392055682,0.3939084772683745
3587,0.0026668854058726765,0.0030554450915786227,0.40775347236525433
3588,0.0026597921885040954,0.002923752000155949,0.38910381621628937
3589,0.0026527363179478236,0.0023271849375892696,0.3046212479473278
3590,0.0026457180683803205,-0.00022616275544336088,-0.05696990303398195
3591,-0.006820119352088483,-0.005152492099919902,-0.7546097515524537
3592,-0.006866952789699621,-0.006376820754567773,-0.9279924869400172
3593,-0.006914433880726101,-0.0057706844696135936,-0.8421547776745771
3594,-0.006962576153176747,-0.006752682987070003,-0.981220042917506
3595,-0.007011393514460895,-0.005827794503421944,-0.8502423886621807
3596,-0.007060900264783787,-0.00660559920396385,-0.9603908410938906
3597,-0.007111111111111179,-0.004021691894963926,-0.5944720042508734
3598,0.008995182632050014,0.0054535972276150025,0.7473666764204215
3599,0.008914990810753531,0.006388744236965984,0.8797970870419921
3600,0.008836215879506781,0.004681854432965491,0.6380766779841281
3601,0.008758821045895315,0.006960230139125933,0.960727798396142
3602,0.008682770215396207,0.005855737114055593,0.8043155301900551
3603,0.008608028823144043,0.007945981347425503,1.1003244992147887
3604,0.008534562916776567,0.0061741841769725764,0.8494122635182169
3605,-0.006497152442447973,-0.003305363435926378,-0.4930294812874547
3606,-0.006539641631416959,-0.0042110584037779565,-0.6212890546926217
3607,-0.006582689923196772,-0.0032935202513863365,-0.4913523141939159
3608,-0.006626308859755903,-0.005689284362666449,-0.8306273392292234
3609,-0.0066705097173953565,-0.005720319901291886,-0.8350224226577432
3610,-0.006715304364530272,-0.007240233739483371,-1.0502643169143495
3611,-0.006760704407259843,-0.006552541196570999,-0.9528770559504466
3612,-0.0016806722058824164,-0.003822135887316157,-0.5662119726509899
3613,-0.0016835017675704833,-0.003008475335568066,-0.45098581045713637
3614,-0.0016863405776073037,-0.0014949779256357093,-0.2366525757167166
3615,-0.0016891892735773073,-0.00038384426352468004,-0.07929989677168332
3616,-0.0016920473139462322,0.0014628739963153353,0.1822222542991928
3617,-0.0016949153389472782,0.0009296170762960021,0.10670532254536495
3618,-0.0016977928057106961,0.0012282741508474384,0.14899950583675292
3619,0.00869472782738101,0.007811313593298549,1.081253587584654
3620,0.008619781323649711,0.008174329410621087,1.13266190442621
3621,0.008546115529095566,0.005566476157018348,0.7633519737286845
3622,0.008473698469284363,0.0064543393566643,0.889086309538087
3623,0.008402498089062238,0.004587673741807013,0.6247393230249365
3624,0.008332484547383778,0.006873046532280011,0.9483813322912157
3625,0.008263627853380529,0.006874547924738626,0.9485939512888817
3626,-0.003667114181512221,-0.0010569576348666847,-0.17462253510590364
3627,-0.0036806114037875037,-0.001973586552626031,-0.30443051476326666
3628,-0.003694208349165562,-0.0004082999950174443,-0.08276318386050735
3629,-0.003707906268770045,-0.0016272545360294971,-0.2553848666345226
3630,-0.0037217058634392286,-0.0010590733504693538,-0.17492215119109478
3631,-0.0037356087002422544,-0.0026002410227839055,-0.3931738973234548
3632,-0.0037496157976386613,-0.0026359895832582213,-0.39823641315829594
3633,0.0014808111143105318,-6.278096194803091e-05,-0.03383266601742806
3634,0.0014786216988325052,0.0005354825090503879,0.050890138345912966
3635,0.0014764384611321013,0.0010593323109771037,0.12507488542790451
3636,0.0014742618043026567,0.0015116564461742032,0.18913055834266043
3637,0.0014720915559491843,0.002507896060008277,0.3302125698534346
3638,0.001469927830721529,0.002222703738358607,0.28982519130811163
3639,0.0014677701715879454,0.001968121491499336,0.2537726443273604
3640,0.007694499857509252,0.0054112489901058086,0.7413695503788865
3641,0.0076357466063350365,0.006277671226295455,0.8640675340786768
3642,0.007577883805781616,0.005456573470134453,0.7477881556263849
3643,0.007520891364902527,0.00595070196019208,0.8177639328932808
3644,0.007464749792645664,0.005231619903113018,0.7159314604185253
3645,0.007409440175631277,0.006311546785189848,0.8688648056622464
3646,0.0073549441569054075,0.0073471990416309725,1.0155282203020917
3647,0.005041335045970818,0.005665229997277793,0.7773369530797833
3648,0.005016047604597729,0.004924562294135773,0.6724476393350831
3649,0.0049910123147018925,0.004984525165170793,0.6809392535452672
3650,0.004966225820474568,0.004842801987880295,0.6608691914315037
3651,0.0049416843003056155,0.004838134041218938,0.6602081423269869
3652,0.004917384272184799,0.004538134174060669,0.6177238000824885
3653,0.004893321796659134,0.00416113186480835,0.5643347926640556
3654,0.002444075486483177,0.0037590068287964603,0.5073880419310046
3655,0.0024381164153195467,0.0031294678699875966,0.41823617384644
3656,0.002432186591546648,0.00235849917665831,0.30905579941009
3657,0.0024262854126988476,0.001959628749099151,0.25256994854572035
3658,0.002420412800428151,0.001204796918764798,0.14567478848870752
3659,0.002414568418784846,0.0010967834545326874,0.13037851177725837
3660,0.002408752450212548,-0.0002247516263553345,-0.05677006664173698
3661,-0.005906522855675278,-0.003818911366451537,-0.565755333622164
3662,-0.005941617153190526,-0.004338567704155863,-0.6393462252104793
3663,-0.005977130977130929,-0.004056684780951388,-0.5994275055932449
3664,-0.006013071895424771,-0.0048303255428237945,-0.7089862837787765
3665,-0.00604944765912685,-0.004957303785745474,-0.7269682488409266
3666,-0.006086266207991464,-0.005683538581994879,-0.8298136531605425
3667,-0.006123535676251457,-0.005615103169107915,-0.8201222038600018
3668,-0.005128008840075027,-0.0047739783236851316,-0.7010066984373277
3669,-0.0051544409929931145,-0.0045139739481714816,-0.6641862992184125
3670,-0.0051811467736833094,-0.0042372838852601435,-0.6250029641065489
3671,-0.005208130864106986,-0.004120121066892595,-0.6084110058466775
3672,-0.005235397499409378,-0.0037474711716308515,-0.5556383635197258
3673,-0.005262951278115713,-0.003971882884942487,-0.5874183243654284
3674,-0.005290796344031734,-0.003976344844538889,-0.5880502027071434
3675,-0.0019449847179772162,-0.0024896257839119567,-0.37750917150138114
3676,-0.0019487750556792527,-0.0022477856674947656,-0.34326109542174454
3677,-0.0019525801952580135,-0.0024978662937328753,-0.3786761474831284
3678,-0.0019564002235885614,-0.002198778491929716,-0.33632096695147634
3679,-0.001960235228227414,-0.002203242037501902,-0.3369530698904174
3680,-0.0019640852974186496,-0.0016551728434933194,-0.2593385048158169
3681,-0.001967950520101236,-0.0011554474869998103,-0.18857012990075825
3682,-0.0005231388732395148,-0.001037868974649676,-0.17191930333006925
3683,-0.0005234125498458919,-0.0008425412254989236,-0.14425805459894842
3684,-0.0005236867950054735,-0.000645039796277994,-0.11628898117141619
3685,-0.0005239611865599514,-0.000547665729980889,-0.10249939787096023
3686,-0.0005242358658061885,-0.0005114153691400627,-0.09736581980962147
3687,-0.0005245106919824494,-0.0005804977636577343,-0.10714889111414928
3688,-0.0005247860891117728,-0.0005574056895209184,-0.10387871773021827
3689,-0.0006866190274242845,-0.00046383246033257844,-0.09062738821658538
3690,-0.0006870907970391027,-0.000636407168053241,-0.11506647552351723
3691,-0.0006875632153969802,-0.0008687116196696111,-0.1479641628487709
3692,-0.0006880361421818249,-0.0008723921815190541,-0.14848538391044985
3693,-0.0006885100036033709,-0.0008403268260787812,-0.1439444634506506
3694,-0.0006889843762385439,-0.0006675408493762753,-0.11947545738470294
3695,-0.0006894594029952517,-0.0007046655545474196,-0.12473285531343241
3696,-0.0021509740056818716,-0.0010795199110219939,-0.17781768139405632
3697,-0.0021556106681953624,-0.0013666367337258083,-0.218477597264841
3698,-0.002160267363570667,-0.0016021370889674434,-0.2518278710018232
3699,-0.002164944364885124,-0.0017559952738131143,-0.2736164265902572
3700,-0.0021696413747851473,-0.0022803310192373518,-0.3478699903355885
3701,-0.0021743589539354735,-0.0024386177152991807,-0.37028568748886065
3702,-0.0021790970932114018,-0.0029682695943160976,-0.4452920930307842
3703,-0.0047385553792903545,-0.0047610889110509145,-0.6991813702367864
3704,-0.0047611161920337874,-0.0050694546297751645,-0.7428504386762077
3705,-0.004783892861798811,-0.004603654881859553,-0.6768864231074679
3706,-0.004806888355091576,-0.0046390348716532845,-0.6818967439760795
3707,-0.00483010628303393,-0.004028704811379477,-0.5954651351610719
3708,-0.004853549442692007,-0.004139965481361377,-0.6112212634108538
3709,-0.004877221277304389,-0.0038314528164467344,-0.5675313852547375
3710,0.0002983293556084732,-0.0016871925982084397,-0.26387296755004336
3711,0.00029824038174752765,1.6732868320548576e-05,-0.02257235177029167
3712,0.00029815146094214207,0.0007613545266480278,0.08287689950674697
3713,0.0002980625931447989,0.0008149524317215411,0.09046714201018774
3714,0.00029797377830753646,0.001192996107934365,0.14400362212842976
3715,0.00029788501638372544,0.0009360466936804231,0.10761584983342141
3716,0.0002977963073258483,0.0014296890241449246,0.1775227798346988
3717,0.002339131586781784,0.003251965764850629,0.43558365649331093
3718,0.002333672670471243,0.00233610302758753,0.30588417913207216
3719,0.002328239470155813,0.0013449086634255932,0.16551664831694082
3720,0.0023228313624952257,0.0018760704830148524,0.2407368833936968
3721,0.002317448320854565,0.0016561693574866116,0.20959568734788828
3722,0.0023120900242361575,0.002417777834200002,0.3174505190433058
3723,0.002306756742117555,0.002969766709740989,0.395620168002741
3724,0.0012971797012302222,0.0030521548005183904,0.4072875193206379
3725,0.0012954992059572845,0.0021151535793545503,0.27459452535195633
3726,0.0012938230592114408,0.0006121556866803727,0.06174817488526582
3727,0.0012921510982477624,0.0005863241257689613,0.05809005035052714
3728,0.0012904837441485295,-0.0011643745210947504,-0.18983432769961145
3729,0.0012888205421897059,-0.0006343302763822927,-0.11477235747143569
3730,0.0012871616218503856,-0.002937787588418744,-0.44097539788318674
3731,-0.014327182293178642,-0.012503761283889653,-1.7956563323445696
3732,-0.014535433960097377,-0.01291417072740288,-1.8537762756090492
3733,-0.014749829276719528,-0.010612169305212305,-1.5277794103635352
3734,-0.014970643715688237,-0.012690452910215422,-1.822094580541598
3735,-0.015198170105467868,-0.011292476521876968,-1.624120801771338
3736,-0.015432719040676668,-0.013770451128379501,-1.9750380280122761
3737,-0.01567462122240837,-0.013086716049735901,-1.8782112015179198
3738,-0.0011292143894175988,-0.004926170956761893,-0.7225593876833979
3739,-0.0011304909560723164,-0.002732352076902569,-0.41188274306603545
3740,-0.001131770412287847,-0.0021578392577772864,-0.3305233762677382
3741,-0.0011330527678860003,-0.0005483234548233045,-0.10259254126989763
3742,-0.0011343380327337726,0.0006356252423891338,0.06507180514717957
3743,-0.001135626216742347,0.0012382062062816454,0.15040602926709687
3744,-0.0011369173298684254,0.0025119296631606084,0.33078378669571323
3745,0.007386759512195029,0.007643244661299823,1.0574525836197617
3746,0.007332595554833121,0.006802819568714693,0.9384361733711057
3747,0.007279219818539628,0.003940641454727331,0.533110145359229
3748,0.00722661585343265,0.005031501246603499,0.6875917495606724
3749,0.007174766413646783,0.0031259102903040707,0.417732368847229
3750,0.007123656003743761,0.005609961528573747,0.7695101344815161
3751,0.007073268316624137,0.005672763477079451,0.7784038033328096
3752,-0.005190387909709493,-0.002540017107801927,-0.3846453154956231
3753,-0.005217468440213313,-0.0036808657226616768,-0.5462060637118662
3754,-0.005244833348095335,-0.0027339227225800333,-0.41210516932621455
3755,-0.00527248650491452,-0.004373076312316357,-0.6442331457726751
3756,-0.005300433124084236,-0.00458364373216247,-0.6740525534111582
3757,-0.00532867726367503,-0.006316801733372981,-0.9194929210509626
3758,-0.005357224341948852,-0.008148866261956845,-1.1789398907567856
3759,-0.009259471522541252,-0.010525940523759065,-1.5155681614143721
3760,-0.009346010479993838,-0.010091801402657925,-1.4540877508485366
3761,-0.009434182611486763,-0.00816269123285017,-1.1808977076068925
3762,-0.009524034088273625,-0.008665128362178733,-1.252050108976046
3763,-0.009615613519210142,-0.006813182152613541,-0.9897876042261322
3764,-0.009708971066043293,-0.00833210309616005,-1.2048888901674437
3765,-0.00980415953552538,-0.007342626958501994,-1.064764685202873
3766,0.006690684508491973,0.002473080236646295,0.3252821431527651
3767,0.00664621676891608,0.004327799521740659,0.5879373557094095
3768,0.006602336211274817,0.00308999722563963,0.4126465568276924
3769,0.006559031281533789,0.00518936289166209,0.7099472533129808
3770,0.006516290726817031,0.004854021784714395,0.662458077763784
3771,0.006474103585657476,0.007271318416017468,1.0047824206494869
3772,0.00643245917862445,0.008602611913618547,1.1933129327317502
3773,0.003441494591936989,0.006332160799535217,0.8717840497565101
3774,0.003429691327780482,0.0055300549673567385,0.7581942038230088
3775,0.00341796875,0.004923897251796264,0.6723534596721839
3776,0.003406326034063323,0.004419109928610343,0.6008682366883984
3777,0.003394762366634385,0.003596573398880149,0.48438510698346465
3778,0.003383276945384317,0.00385404000604605,0.5208461213131653
3779,0.00337186897880537,0.003540719141867136,0.47647533224512734
3780,-0.003566284845575307,-0.0006301457816332039,-0.11417977218556684
3781,-0.0035790489135026915,-0.0021187121222800503,-0.3249824050957927
3782,-0.003591904354280917,-0.001539544494238503,-0.24296384968866513
3783,-0.0036048526401757375,-0.002137490758001937,-0.3276417328963364
3784,-0.00361789461713824,-0.0018491066943766969,-0.286802357289379
3785,-0.00363103146868482,-0.0031628125752979183,-0.4728422071811224
3786,-0.0036442637420817103,-0.0047194881174508945,-0.6932900931182749
3787,-0.000328245527654758,-0.0037532780704306614,-0.556460704803831
3788,-0.00032835330815950137,-0.002300307952502478,-0.35069901448773383
3789,-0.00032846115946794097,-0.0014994810267558768,-0.23729028029626512
3790,-0.0003285690816493547,-0.0011922991326667888,-0.1937888586342711
3791,-0.0003286770747741308,-0.00023762922427576156,-0.058593721707056845
3792,-0.00032878513891165806,0.00010852058181137327,-0.009573877235211642
3793,-0.00032889327413254676,0.0013341145264137882,0.16398804160325317
3794,0.008906540055930279,0.0047517568664208875,0.6479758787230259
3795,0.008827913887282879,0.007197020608579239,0.9942607710597013
3796,0.008750663780968004,0.00870384766429323,1.2076493866768212
3797,0.008674754086198888,0.009021921869076382,1.2526933178730475
3798,0.008600149741863738,0.010008557687038738,1.3924152922793882
3799,0.008526817831689959,0.009517065967453733,1.3228129200417684
3800,0.008454725923919604,0.011522334789416194,1.6067881355358828
3801,0.018581604211830305,0.0180476455465444,2.5308669962484722
3802,0.01824262693827916,0.01595367196137631,2.2343298967960656
3803,0.0179157957599283,0.012701920256726316,1.773834585171147
3804,0.017600469345849135,0.014328606011670384,2.0041969349679043
3805,0.017296050735082114,0.013033028886964301,1.8207243804913442
3806,0.017001983564749246,0.015445853442410533,2.1624154124257955
3807,0.016717748676511546,0.014637536386910881,2.047945966978357
3808,0.0038170927651410835,0.008030993257351357,1.1123634214661877
3809,0.003802577972274346,0.006683511635952505,0.9215404357297342
3810,0.0037881731485045478,0.005408429324290336,0.7409702447103396
3811,0.0037738769133299765,0.0034657065567625113,0.46585245974716
3812,0.0037596884473698466,0.00048134377375651564,0.04322330642129832
3813,0.0037456061352545422,-0.00041560644615705185,-0.08379788355470431
3814,0.0037316289230659994,-0.004014678817169486,-0.5934788504870784
3815,-0.020705038969705214,-0.017697362139124644,-2.531145712073919
3816,-0.021142801498663655,-0.018887657142767546,-2.699708787736893
3817,-0.021599474909142935,-0.014981526214221714,-2.1465438653917364
3818,-0.022076311790981795,-0.017669487760573373,-2.52719829486523
3819,-0.022574677262513165,-0.014418132697518647,-2.0667591534561236
3820,-0.023096063440722014,-0.018581345007847857,-2.6563305366168493
3821,-0.02364210295033531,-0.0170571908097612,-2.4404881457575853
3822,0.006533033088809148,0.0008364681697812274,0.09351408329062655
3823,0.0064906295909243905,0.004301516346356431,0.5842152760002656
3824,0.006448772994103624,0.002669308280887705,0.3530708867561832
3825,0.006407452632539945,0.0057572922588768425,0.7903743076180543
3826,0.006366658721433716,0.005297306224773514,0.7252335984382547
3827,0.006326380813850063,0.007955452505732968,1.1016657529119909
3828,0.00628660932920555,0.008502021019139243,1.1790677997981265
3829,0.0030916844776121,0.005719220276893705,0.7849827615223198
3830,0.003082155276731502,0.0034960722732114797,0.47015268661838316
3831,0.0030726849334439255,0.001501614533242319,0.18770847749366276
3832,0.0030632724623018692,0.0014351033169767158,0.178289522406476
3833,0.0030539174809804948,5.99533112362918e-06,-0.024092943127408152
3834,0.0030446193173934155,0.001737833903634791,0.2211605742282232
3835,0.0030353778942029397,0.002834926178558861,0.3765247886299586
3836,-0.002316602337472773,-0.002128621246422301,-0.3263856811218468
3837,-0.0023219814451158616,-0.0018194626749085986,-0.28260433320185213
3838,-0.0023273855912744335,7.091965371315318e-05,-0.01489871525319916
3839,-0.0023328148040645535,-0.001162128437750516,-0.1895162496470776
3840,-0.002338269701354312,-0.0006551743681707649,-0.1177241838762454
3841,-0.0023437500210158335,-0.003088356861888021,-0.46229819581029213
3842,-0.0023492560900262305,-0.005880108665162414,-0.8576508344480706
3843,-0.006364292099792168,-0.006758545285001814,-0.9820502295240316
3844,-0.006405055745471788,-0.007142284672564877,-1.0363933051672034
3845,-0.006446344944193716,-0.006860141146377708,-0.9964376803792715
3846,-0.006488169774200081,-0.007143681006889926,-1.0365910464059416
3847,-0.006530541185519878,-0.006116451021090941,-0.8911203477223594
3848,-0.0065734694988136555,-0.006372918906125879,-0.9274399284800359
3849,-0.006616965922479512,-0.004316622693142455,-0.6362384926395145
3850,0.006638838358719257,0.003976076731202561,0.538128295625635
3851,0.006595054701167058,0.005172406064767969,0.7075459201258214
3852,0.006551845078877516,0.003531245615736806,0.47513374322978685
3853,0.006509197823152402,0.005369571467316892,0.7354674072918261
3854,0.006467102175748085,0.003924824472005081,0.5308702306765571
3855,0.006425547353076766,0.006003963701209798,0.8253065696796524
3856,0.006384523445779999,0.00530614612218308,0.7264854564157656
3857,-0.007320022872419396,-0.003465012148055408,-0.5156380597152741
3858,-0.007374000876015363,-0.005029885417607603,-0.7372468630213391
3859,-0.007428780560760684,-0.004196110962806964,-0.6191722797623312
3860,-0.007484380380238687,-0.006041064393365426,-0.8804445053518702
3861,-0.007540818736037624,-0.0056678605905457966,-0.8275934216626474
3862,-0.007598114896207764,-0.007035113654821631,-1.021216331125101
3863,-0.00765628809869523,-0.006905889934318644,-1.0029163737952533
3864,-0.002415242798998185,-0.004175373236390099,-0.6162355162403592
3865,-0.00242109047688166,-0.0031427017386958323,-0.46999422036993005
3866,-0.0024269662247736745,-0.0022091408248045624,-0.3377884239222961
3867,-0.002432870877525972,-0.0016224561329661105,-0.2547053430070524
3868,-0.0024388040151043233,-0.0007410276455465843,-0.1298822559893971
3869,-0.0024447664794809976,-0.0013302700137327397,-0.21332754105604854
3870,-0.0024507578516691497,-0.0017697042835348648,-0.27555782165275816
3871,0.001956323885350386,0.0013075882643111402,0.16023153728106418
3872,0.0019525043137607057,0.001413402474082929,0.17521636759068623
3873,0.0019486993110249262,7.978172150278212e-05,-0.013643717627583834
3874,0.001944909267675099,0.0006786336679828487,0.07116242341854191
3875,0.0019411339382886528,3.9188141405921455e-05,-0.019392358672330204
3876,0.0019373733950396321,0.0016042758181780707,0.20224680781288742
3877,0.001933627079686362,0.002803710661385289,0.37210421762270074
3878,-0.00044881291234688536,0.0008720577147585161,0.09855408021950327
3879,-0.00044901443582345824,0.000771858444587882,0.0843644069809735
3880,-0.000449216140355313,0.001254033925295325,0.152647464364707
3881,-0.0004494178688900785,0.000896183874772194,0.10197069519595549
3882,-0.00044962009349058807,0.000657952895332209,0.06823372537779605
3883,-0.000449822342654449,-2.87580602975683e-06,-0.025349225106771515
3884,-0.0004500247738524754,-0.0008852854135111276,-0.1503112529875851
3885,-0.0035793075953356457,-0.0026982901775152055,-0.4070590829598562
3886,-0.0035921649008694434,-0.003523370900137809,-0.523902507362921
3887,-0.003605115227398592,-0.003370806698080162,-0.5022971985477127
3888,-0.003618159107893537,-0.003595576135874404,-0.5341278183803416
3889,-0.003631297720815607,-0.0029160890152013495,-0.43790256448656806
3890,-0.003644531941479623,-0.003159969117360379,-0.47243953220222806
3891,-0.0036578633015709183,-0.0031022254822740906,-0.4642621940630979
3892,0.0018933709390658304,-0.00031631018284649097,-0.06973608921444167
3893,0.0018897926988596936,0.0011417793087332964,0.13675057883032052
3894,0.0018862282797520447,0.0012900066107170867,0.1577417195501786
3895,0.001882677120924825,0.001564541272698049,0.19661981855754804
3896,0.0018791393083419372,0.0011395435047100776,0.13643395647907147
3897,0.0018756146067928636,0.0012003581627002531,0.14504619610440997
3898,0.0018721034223816435,0.0012382461211703129,0.15041168179556919
3899,-2.2787844951244196e-05,1.566875820521179e-05,-0.022723045231438945
3900,-2.2788364249071158e-05,-0.0006314839754238345,-0.11436927987945067
3901,-2.2788883570434848e-05,-0.00047740164887130214,-0.09254898256700932
3902,-2.2789562441505318e-05,-0.00038499817849086,-0.07946330790519018
3903,-2.2789922287769215e-05,0.0004211829100268242,0.034703653567357426
3904,-2.27904416802982e-05,0.0006528241595214611,0.06750742183129989
3905,-2.2790961096363915e-05,0.0018842286588873346,0.2418921996914687
3906,0.005606709795788145,0.005686394101536593,0.7803340979023666
3907,0.005575449866406235,0.0060877092455669,0.8371661561575423
3908,0.0055445365806683355,0.004903893482802632,0.669520635190775
3909,0.0055139643613335565,0.0052020303335170645,0.7117411472244242
3910,0.005483727128478444,0.003708105070210325,0.5001796129636701
3911,0.0054538198685119,0.004151137179381757,0.5629193999163467
3912,0.005424237056680381,0.002296788558146731,0.3003166787504716
3913,-0.00934251504451944,-0.005281042243984291,-0.7728143206669121
3914,-0.00943062076085699,-0.007497798565243585,-1.0867392404247944
3915,-0.009520404081237221,-0.007335053121464971,-1.0636921197786517
3916,-0.009611913222672186,-0.008524941558019649,-1.2321976196317261
3917,-0.00970519891034971,-0.008326339100638857,-1.2040726246112694
3918,-0.009800312896392716,-0.009150200143422792,-1.3207433246188685
3919,-0.009897309627575401,-0.00884093471472895,-1.2769468441687986
3920,-0.0046461422470434055,-0.006279976951932577,-0.914277996682454
3921,-0.00466782981259517,-0.004382878914762655,-0.6456213367780917
3922,-0.00468972046456817,-0.0033892253526829875,-0.5049055477888036
3923,-0.004711817571860344,-0.0031582191676401672,-0.4721917138830789
3924,-0.0047341239000397994,-0.002677789231103442,-0.40415585092864337
3925,-0.004756642602837813,-0.003178390253662159,-0.47504823288796705
3926,-0.004779376219213094,-0.0038072238987887485,-0.564100218302078
3927,-0.0032985689303903776,-0.003539455770821323,-0.5261803588751565
3928,-0.00330948566676581,-0.0035913755232206994,-0.5335329505648756
3929,-0.0033204745593857776,-0.0032775636131027455,-0.48909262225360545
3930,-0.0033315370141917544,-0.0030971458031646346,-0.46354283765863485
3931,-0.0033426730818140182,-0.002223452076949635,-0.3398151052666508
3932,-0.0033538841922723384,-0.0019436070544042146,-0.30018498200740695
3933,-0.0033651704114934233,0.00037199065920096486,0.027737315749746128
3934,0.009831669968717538,0.00698412665339303,0.9641118921965511
3935,0.009735949155991408,0.0075871290239392306,1.0495057936245586
3936,0.00964207458022015,0.00626687846099638,0.862539121619452
3937,0.009549992668231866,0.0077815717476710615,1.0770417098908731
3938,0.009459653218167441,0.00686860504417834,0.9477523530107458
3939,0.009371006578414054,0.008395178557431552,1.1639373540668305
3940,0.009284006260323885,0.0071697918560880355,0.9904047838864912
3941,-0.002090592357723575,0.00019431630850406858,0.002576044864603662
3942,-0.0020949720903653546,-0.0007561202307044077,-0.13201958544648293
3943,-0.002099370212367613,-0.00031688536910417153,-0.06981754394992908
3944,-0.0021037866761643986,-0.00202753177205137,-0.3120699420277846
3945,-0.002108222089334033,-0.0022003301252638725,-0.33654070078746334
3946,-0.002112676079712994,-0.003327105976003026,-0.49610854103048363
3947,-0.002117148929613788,-0.003238836221259663,-0.4836082605941041
3948,-0.002003771782178254,-0.0022897510487567365,-0.3492040034531466
3949,-0.0020077949450334476,-0.0022040910787336915,-0.33707330647122896
3950,-0.0020118342957629043,-0.001568425706688854,-0.2470538492136631
3951,-0.002015890098279405,-0.0011526487896484502,-0.1881737936715451
3952,-0.0020199619535660185,-0.0004780804364352453,-0.09264510875350078
3953,-0.0020240504584843055,-0.0010203941894826958,-0.16944461972198815
3954,-0.0020281555476503454,-0.0013958021787521529,-0.22260784825444774
3955,0.0008129109623431496,0.001102261695483598,0.1311543103323075
3956,0.0008122506748653446,0.0010397012089066089,0.12229483600021732
3957,0.0008115914591548812,-0.00037723042959005227,-0.07836328174218811
3958,0.0008109331456476188,-2.494083425866908e-05,-0.02847395386012485
3959,0.0008102762327502067,-0.0009883880375575165,-0.16491208334055915
3960,0.0008096202167311439,0.00026464848511008473,0.012536103480743382
3961,0.0008089652621001697,0.00030193706584927455,0.017816708572143614
3962,-0.004826094192045383,-0.003951437585120995,-0.5845229727003246
3963,-0.004849498327759161,-0.003744463987075512,-0.5552125024716807
3964,-0.0048731305662913504,-0.002290584002692865,-0.3493219618390339
3965,-0.0048969942586963855,-0.0031446728786144722,-0.47027336243658674
3966,-0.004921092821992157,-0.0025422870496199074,-0.3849667722548666
3967,-0.004945429740791263,-0.003842624218103481,-0.5691134181263906
3968,-0.004970008568980222,-0.0036508101359029542,-0.5419497557130925
3969,0.0005659169824319132,-0.0005460124435765977,-0.10226526848252607
3970,0.0005655970736784255,-0.0004836889523770801,-0.09343935614105356
3971,0.0005652771824200542,-0.0006683235274216835,-0.11958629597361087
3972,0.000564957824652712,-4.5153421097696785e-07,-0.0250059129759418
3973,0.0005646388275288849,0.0005670202020644665,0.05535633413561036
3974,0.0005643203621878978,0.0008725323077402383,0.09862128948480499
3975,0.0005640019126746942,0.0011344830107405729,0.13571731696931716
3976,0.004386932406930777,0.003662588804292154,0.4937338480462509
3977,0.00436777111870823,0.0038385170661495846,0.5186478473690829
3978,0.004348776827685086,0.0024655816065816518,0.3242202281291057
3979,0.004329946685808883,0.0028129864431734744,0.37341780316461254
3980,0.0043112792458541715,0.0014626298668702427,0.18218768202089308
3981,0.004292771739548895,0.0026081210904257282,0.34440589111738673
3982,0.004274422786083587,0.0022513804839532137,0.29388623535403097
3983,-0.006277344540612462,-0.00397809900204448,-0.5882986169098702
3984,-0.006316998349268577,-0.004984239226062931,-0.7307826987464974
3985,-0.0063571566649230915,-0.0038947671302419183,-0.5764976124792017
3986,-0.006397828664055916,-0.005019071224513247,-0.7357154160748101
3987,-0.006439024439181429,-0.004502822030333774,-0.6626070255387687
3988,-0.006480754001852107,-0.0059350547434118715,-0.8654319978714243
3989,-0.006523028315550294,-0.006103279873210468,-0.8892551217154036
3990,-0.0019399124303621784,-0.003169378860308835,-0.47377208859180825
3991,-0.0019436830051844378,-0.002589102058101719,-0.39159645799893095
3992,-0.00194746826615666,-0.002553351716766434,-0.38653368996828846
3993,-0.0019512684743620001,-0.0019496246378544655,-0.30103715930070696
3994,-0.00195508319144444,-0.0014907554451286244,-0.236054611095322
3995,-0.0019589130293816703,-0.0011974806380298099,-0.19452263511647253
3996,-0.0019627579014082075,-0.0013362780063792732,-0.214178360152122
3997,0.00020170437698574517,-0.0004283036134405214,-0.0855959870189368
3998,0.00020166370053442684,0.00016440179416236732,-0.001660285229170379
3999,0.00020162304048598756,3.4381789084509805e-05,-0.020073008030293972
4000,0.00020158257321489792,0.00013883436578553257,-0.005281004757356365
4001,0.0002015417695218069,-0.00011186540668028336,-0.04078373692502296
4002,0.00020150115862160867,0.00035969031154506705,0.025995407713287615
4003,0.0002014605640845435,0.001293185032109257,0.15819183022356417
4004,0.001460295029961145,0.0011842906637081153,0.14277080467620312
4005,0.0014581658538543874,0.0009784017061051067,0.11361393530147573
4006,0.001456042526375212,0.0013829143133209745,0.1708988008247889
4007,0.0014539255489458558,0.0016565448874054452,0.2096488678434195
4008,0.0014518147184343633,0.002188120328160538,0.2849276776900089
4009,0.0014497101830719394,0.002066429331213204,0.2676944635177597
4010,0.001447611391132364,0.002066039645119133,0.26763927830202866
4011,0.0044860931612003,0.003568195754639882,0.4803664200373131
4012,0.004466057835228909,0.003755002583258338,0.5068209825536655
4013,0.0044462010180152944,0.003214940504423231,0.4303403413859099
4014,0.0044265198210806656,0.0033672254867381877,0.45190610862657604
4015,0.004407012094691964,0.0029974496765698844,0.39954047852901675
4016,0.004387675384819545,0.003461177733665106,0.4652111125617179
4017,0.004368507960604173,0.00310262848459438,0.4144353267144783
4018,0.0007732457713125473,0.0008790684355226312,0.0995469001935406
4019,0.0007726481552463582,0.0008758156357339497,0.09908625645798097
4020,0.0007720517998641707,0.0015258716475436967,0.19114363750091692
4021,0.0007714560269638238,0.001169355335770559,0.1406557451275327
4022,0.0007708615099619731,0.0014257312962005378,0.17696230802485216
4023,0.0007702675717125018,0.0009066386929455755,0.10345124942949324
4024,0.0007696748846042212,0.0013692669952138315,0.1689661421917185
4025,0.003917515814266581,0.003344704533384803,0.44871681424787946
4026,0.0039022289389243348,0.003420904225749247,0.45950779839064465
4027,0.0038870605710958905,0.003228184963903454,0.4322159493811105
4028,0.003872009834338108,0.0037251810997623687,0.5025978269800231
4029,0.0038570752012270226,0.003917882893952145,0.5298872023155404
4030,0.0038422554984685053,0.004258683823681693,0.5781495681393057
4031,0.0038275489126085027,0.004123744090724949,0.5590401403531556
