sample_index,before_vmd_return,after_vmd_return
0,0.00097483167907364,0.003178361276965277
1,0.0009738821011673338,0.0028180413777535974
2,0.0009729347839766422,0.0013823065223312904
3,0.0009719891019697169,0.0011528949349547141
4,0.0009710452565625527,-0.0006409041440237755
5,0.0009701030366313645,0.0003593619599438165
6,0.0009691630543888774,-0.00020052413146427522
7,-0.00909544341753954,-0.008027062678812202
8,-0.009178930061932267,-0.008502681719175462
9,-0.00926396312428035,-0.005749413900836951
10,-0.009350586613861567,-0.00689629795324825
11,-0.00943884535488726,-0.004724072171777933
12,-0.009528786308407255,-0.007045649977959227
13,-0.00962045737576378,-0.006628944338650399
14,0.008303826058345898,0.0028693976691164364
15,0.008235440393802085,0.0052577938711775825
16,0.008168171900985177,0.004840316278291033
17,0.008101993211926617,0.006297167483615612
18,0.008036878689355209,0.0066418156825399505
19,0.007972802244898824,0.0077922618917868605
20,0.007909739456404274,0.00857388672386253
21,0.010216773217247122,0.00981836172661658
22,0.010113446633841283,0.008794236962013735
23,0.010012188692610113,0.007166342806717482
24,0.00991293848203001,0.007573038683765673
25,0.00981563667946439,0.006189072886315134
26,0.00972022666523431,0.00742622687268388
27,0.009626653216718184,0.008011875748015778
28,0.0030124644999032224,0.003995685298956822
29,0.0030034166204946366,0.002757227534505159
30,0.002994423312628669,0.002692467368976788
31,0.002985483319474902,0.002047956129577255
32,0.002976596930717834,0.0016747008676354222
33,0.0029677629056044097,0.0010124173125203046
34,0.0029589815405401954,-0.001265176383083193
35,-0.006604233232284984,-0.005806232233038677
36,-0.006648139093418548,-0.005358013050936978
37,-0.006692632646151275,-0.004095775768074883
38,-0.006737725576302367,-0.005717579323573037
39,-0.006783430663876877,-0.005256593219872265
40,-0.006829759866381346,-0.007106171559392642
41,-0.00687672625537239,-0.006782645940645371
42,-0.00164595033770365,-0.0019402262029844933
43,-0.0016486641556766601,-0.0021681653756719624
44,-0.0016513865384931714,-0.003037530117632378
45,-0.001654118126900861,-0.0016920573594148398
46,-0.001656858767021152,-0.0016409989865055334
47,-0.0016596087042183294,-0.0005365469474310701
48,-0.0016623673832997232,0.0002295446440882416
49,-0.0004306384646302064,0.0010231627660297919
50,-0.00043082399401350724,0.0005708780528865355
51,-0.0004310096833268773,-0.0010211181798850035
52,-0.00043119573400141054,-0.001016279360718179
53,-0.0004313815426576495,-0.002677011356689986
54,-0.00043156771300356667,-0.0016025580353120229
55,-0.0004317540441088896,-0.00305465545363997
56,-0.013735709937512608,-0.012284168151722917
57,-0.013927007269666447,-0.012507600073735163
58,-0.01412370825723952,-0.009674897844735342
59,-0.014326045349502103,-0.011566849899396743
60,-0.01453426365957533,-0.009732895524796403
61,-0.014748624050135994,-0.012482571033073073
62,-0.01496940213447251,-0.011731149806977174
63,0.002803619313113348,-0.0019444919875534303
64,0.0027957807850937932,-0.0002405359520969352
65,0.0027879864086550743,-0.0005062554769982745
66,0.002780234929686598,0.00165913095729938
67,0.0027725268747809118,0.0025506472157768357
68,0.002764861002803709,0.003987945604627491
69,0.002757237843347138,0.005056806716793857
70,0.009842519685039353,0.008155558293213818
71,0.009746588693956948,0.008212131851438093
72,0.009652509652509744,0.00649178167210784
73,0.00956022944550683,0.007225309446982591
74,0.009469696969696795,0.005809889334599913
75,0.009380863039399667,0.007862619401391388
76,0.009293680297397744,0.008349561012930972
77,0.0007892660118682393,0.001590019492737924
78,0.0007886435623090104,0.0011961200670856736
79,0.0007880220937577231,0.0032369316921549074
80,0.0007874013997561935,0.0020885258968667713
81,0.0007867820905778089,0.0032045097082114412
82,0.000786163551175667,0.0012405501263586696
83,0.0007855459835555134,0.0006719595091755016
84,0.0072678644688644045,0.004671068263510657
85,0.0072154235449541915,0.00525432558718495
86,0.007163734369347585,0.0051129121518175575
87,0.007112780300646104,0.005866054970527709
88,0.007062545962849276,0.006436524141208667
89,0.007013016017138662,0.006860924033255546
90,0.006964176333331462,0.007267795757061373
91,0.011342259682416644,0.009911485394193236
92,0.011215055417866271,0.010361864614030361
93,0.011090673095950354,0.009307976220290904
94,0.010969019101558786,0.009715360348089128
95,0.010850005372650129,0.008548411201261612
96,0.010733546153967932,0.009554806579825766
97,0.010619560791334859,0.009814764043179974
98,0.003613716720487936,0.005433438232778764
99,0.0036007047933706016,0.004445921685333174
100,0.0035877862342794664,0.005078117991844659
101,0.003574960219333345,0.004313998046575722
102,0.0035622252283693534,0.004759400591583771
103,0.0035495808220149527,0.0038121330432119072
104,0.0035370258628451,0.003404897276797964
105,0.004999375153105889,0.005026640347890026
106,0.004974505558638986,0.005098890481099633
107,0.004949882514662773,0.004596337937926428
108,0.004925501686741773,0.0045837548593571625
109,0.0049013602011958035,0.004110771765074393
110,0.004877453871360071,0.004006576939321744
111,0.004853779954242521,0.00313190141178046
112,0.000579640067624565,0.0013996023479370039
113,0.0005793044486166465,0.0009382339036425682
114,0.0005789688804049842,0.0007142285683886644
115,0.0005786340381694899,0.00043592815539591703
116,0.0005782992457734615,0.00022285394143450827
117,0.0005779651776176564,0.0003043188437035634
118,0.0005776311583496341,0.0008319011342074125
119,0.0007216221586126004,0.0008885703269985275
120,0.0007211019638353466,0.0011648232270049163
121,0.0007205821823514924,0.0015407642177280596
122,0.0007200633175545867,0.001431059892119186
123,0.0007195451994512769,0.0015228568922285163
124,0.0007190279942037581,0.0010728902037817766
125,0.0007185111967658031,0.000567685913700832
126,7.179946389679337e-05,0.0005666692079742519
127,7.179447662419847e-05,0.00015126281788205927
128,7.178915503902594e-05,-0.00018892995923642706
129,7.178416922237751e-05,-0.00014493224441145883
130,7.177884914133514e-05,-6.184498798741329e-05
131,7.177386477996706e-05,0.00023380088995276536
132,7.176854620194462e-05,0.0006027354831084944
133,0.0013874269926323901,0.0013612765461221321
134,0.0013855048732209774,0.0017297157012669474
135,0.0013835877384504869,0.0015913593140436917
136,0.001381676068383797,0.0016318604771462099
137,0.0013797696736459475,0.0011586369634997635
138,0.0013778686987251376,0.0011668716865115142
139,0.001375972622823296,0.000673966079037306
140,-0.0027718550580431156,-0.0017326029082845042
141,-0.0027795594280654035,-0.002427591245425885
142,-0.002787307080037049,-0.0021145483677890977
143,-0.002795097876136743,-0.0024886796901106094
144,-0.0028029323463849565,-0.002067782317325054
145,-0.002810810690893284,-0.0024908171865896944
146,-0.002818733786122185,-0.002172807778471078
147,0.0020052668696093345,0.000435683531292182
148,0.0020012538216231945,0.0012423568827814792
149,0.0019972568038117977,0.0011166802407654595
150,0.00199327555220985,0.0015425502343329963
151,0.0019893104763792913,0.0014215257788062062
152,0.001985360976988204,0.001759499927777668
153,0.001981427128887825,0.0014657078822147165
154,-0.0008338892595064484,-3.105976199389138e-05
155,-0.0008345852111499852,-0.0004135563273013335
156,-0.0008352823254259567,-0.00043910922274382585
157,-0.0008359806052500307,-0.0008623285825554156
158,-0.0008366800535474228,-0.0009849808788871845
159,-0.0008373806732541178,-0.0012838175518948935
160,-0.0008380824673147602,-0.000833818414249984
161,4.79305485656667e-05,0.00039856634935937703
162,4.792841908729528e-05,1.9877738778662716e-05
163,4.792595432312474e-05,-0.0005971954307720944
164,4.792365753591987e-05,-0.0002312879461186264
165,4.7921360969205296e-05,-0.0005820855657937316
166,4.7919232339266316e-05,-0.00016121289293047694
167,4.79167684876991e-05,-0.000980332576823522
168,-0.006468460338755699,-0.00391351686606329
169,-0.006510573557896637,-0.004401574616653695
170,-0.006553239071708017,-0.004608533337360974
171,-0.006596467127927386,-0.005637813662311003
172,-0.006640269619210604,-0.0064100453229756745
173,-0.006684657374332881,-0.007172535955487894
174,-0.006729642904708566,-0.00782590642247678
175,-0.010514165290707922,-0.009593591845937449
176,-0.010625887629606035,-0.010040178895632869
177,-0.010740009766526004,-0.009517306828035026
178,-0.010856609681105023,-0.009696780797134888
179,-0.010975769507978295,-0.008924651718699687
180,-0.011097573921437731,-0.00942340792583596
181,-0.011222112140471308,-0.00914081257433882
182,-0.005011105612438449,-0.0057785173029461885
183,-0.00503634345098114,-0.005013518105472206
184,-0.005061836407055487,-0.0054746176629538994
185,-0.005087589142530158,-0.005147477171745773
186,-0.005113604870645938,-0.005785400384671575
187,-0.005139888422606043,-0.005477292794572023
188,-0.005166443169557167,-0.005759175081360695
189,-0.007719731577913169,-0.007766820694434434
190,-0.007779789662341274,-0.008295625715092295
191,-0.007840789154720751,-0.008052118981361952
192,-0.00790275297453602,-0.008024444030621532
193,-0.007965703965241544,-0.007301100169142629
194,-0.008029666111186495,-0.007017249365253168
195,-0.008094663350784015,-0.0059589778862730435
196,-0.0030268859576235707,-0.0032065037178014284
197,-0.0030360756045096915,-0.002141698454974774
198,-0.0030453216396058025,-0.0022181685877180977
199,-0.0030546237423966227,-0.002183045009619324
200,-0.003063983268064674,-0.002798889066468438
201,-0.0030733999036721693,-0.0030259578526452453
202,-0.003082875022388687,-0.004029326936913054
203,-0.009853262096774174,-0.007145025213479375
204,-0.00995131522612891,-0.009164797601553216
205,-0.010051339055175634,-0.009610950953204182
206,-0.010153394482167344,-0.009601205169934795
207,-0.010257543145452463,-0.009291846235260599
208,-0.010363851015326886,-0.008906619054772047
209,-0.010472385030335207,-0.008194025249198563
210,-0.004461232961021189,-0.006099868785047276
211,-0.0044812245196075295,-0.0041812600387592285
212,-0.004501396517019973,-0.003513421542659689
213,-0.004521750478877817,-0.0033328189165778717
214,-0.004542289811044542,-0.003458649577354522
215,-0.00456301612058907,-0.0036145684511864457
216,-0.004583932913515776,-0.004643950196272432
217,-0.006890756235294226,-0.007776791723675502
218,-0.006938568454429528,-0.007439194819657495
219,-0.006987048330639456,-0.005385306072687889
220,-0.00703621067468807,-0.005779171913895274
221,-0.0070860697543350115,-0.0034549754880685993
222,-0.007136640730325272,-0.0043494408214437294
223,-0.0071879382192977515,-0.0012598647660032492
224,0.01684619456118641,0.011647448770698999
225,0.01656710193861377,0.012974550598288647
226,0.016297106120215732,0.010850091402048179
227,0.016035769718554027,0.01349221575033449
228,0.015782682028675277,0.012263682104088331
229,0.015537459249801877,0.014702254001315033
230,0.015299740160525488,0.013639374376229425
231,0.002622101503759522,0.005979902827066205
232,0.002615244068354894,0.004199280948985546
233,0.00260842240712722,0.0035178387077044546
234,0.002601636021446252,0.0019463855037571227
235,0.002594885293809135,0.0009679497764235861
236,0.0025881692913773957,0.0008948656404654311
237,0.0025814879635039922,0.0008908042219840867
238,-0.004405149619978288,-0.002751200267836721
239,-0.004424641042942379,-0.002463144291482516
240,-0.004444305280377203,-0.0003991408043270714
241,-0.004464145304928224,-0.0012640017648856213
242,-0.004484163261297747,-0.00022520712261241927
243,-0.0045043617759392696,-0.002612937654327194
244,-0.004524742631649259,-0.0038227676713786752
245,0.00016004615729325877,0.00043052192668425034
246,0.00016002032259110344,-8.677601152465547e-05
247,0.00015999494417728855,-0.0015662985009147086
248,0.0001599693498899324,-0.0004850194925439896
249,0.0001599437637898049,-0.0006460988726490621
250,0.00015991796198822072,0.0010212893420295656
251,0.00015989261617210815,0.0020206938812936536
252,0.0032612867054611083,0.0022222265211561108
253,0.0032506850656590647,0.0038384648005435956
254,0.0032401525731651226,0.004432227595040601
255,0.0032296876699873245,0.004323564270278549
256,0.003219290588512891,0.003956152790036532
257,0.003208959793518984,0.0039833319194863635
258,0.0031986955283993534,0.003907038242860708
259,-0.0005001562363240453,0.0008741293422343906
260,-0.0005004067366921605,0.0002421849164346041
261,-0.0005006570499250795,0.0015310924940465534
262,-0.0005009078329628602,0.0008738216586981797
263,-0.0005011588673651257,0.0023804109100876783
264,-0.0005014103728767649,0.000956118849057966
265,-0.000501661691885702,0.00197581579159204
266,0.012830164909969355,0.010865243315454912
267,0.01266763725456066,0.010629842188500683
268,0.012509175342167111,0.007512743019067043
269,0.012354629331663203,0.009239451648851
270,0.01220385501508603,0.007140308027731848
271,0.012056716800166623,0.009540881813150805
272,0.011913083914839362,0.007809017459679596
273,-0.006821910739472137,-0.0031770454785234135
274,-0.006868768867576813,-0.004404204216339779
275,-0.0069162751630966746,-0.003502743044369821
276,-0.006964442962706152,-0.005938881519015298
277,-0.007013286804336993,-0.006481412450155929
278,-0.007062820389375224,-0.008268349416971904
279,-0.007113058645004,-0.008504889202101051
280,-0.008040626322471378,-0.008888333719136101
281,-0.008105802047781663,-0.008106338736335133
282,-0.008172043010752694,-0.005840511642051939
283,-0.008239375542064109,-0.005764471975042906
284,-0.008307826847398392,-0.0033867614421258887
285,-0.00837742504409178,-0.00496925888778328
286,-0.008448199199644235,-0.004467500060697908
287,0.006374119058295991,0.005590056796936877
288,0.006333747223622677,0.006248272857352467
289,0.006293883135989109,0.0031463276836767454
290,0.0062545181510673675,0.004704066755842727
291,0.006215642084819173,0.0027018034099244585
292,0.006177246748600762,0.005474571643530002
293,0.006139322421842008,0.005667507148068926
294,-0.007052402446877104,-0.00238093237294253
295,-0.007102492079396616,-0.00440472725395392
296,-0.007153298324085178,-0.004340260835317148
297,-0.007204836450885321,-0.005685048329001584
298,-0.007257123054877468,-0.006475817172450607
299,-0.007310173886322935,-0.007447450212483497
300,-0.007364006051056249,-0.008451886341406886
301,-0.011450504854368937,-0.0117871229497188
302,-0.011583137399607257,-0.01164201358360617
303,-0.011718879013793426,-0.00985163950563774
304,-0.011857839601447817,-0.010681617540417455
305,-0.012000135280803237,-0.009160892236750599
306,-0.012145887335309968,-0.011058371469121288
307,-0.012295223980030023,-0.011739263961780487
308,-0.001227295041728138,-0.005436324206549536
309,-0.0012288031457360349,-0.0033314468056468314
310,-0.0012303149606298636,-0.0033218403684871466
311,-0.001231830500123321,-0.002126245080689269
312,-0.0012333497779969393,-0.0015926318538289246
313,-0.001234872808100862,-0.00028603693228364653
314,-0.0012363996043520675,0.00208764276835333
315,0.004668765288437626,0.005705080828468716
316,0.004647069213003174,0.005296230280880179
317,0.004625573851166909,0.0038096245626243657
318,0.004604276186340073,0.004657971563524796
319,0.004583174230538889,0.0035010945763107523
320,0.004562264577096187,0.004756698965541427
321,0.004541544847911361,0.0045002213579073205
322,-0.005959516422920141,-0.0009664963380412674
323,-0.005995245185060116,-0.0032178933855949122
324,-0.0060314049364643685,-0.004046770590301632
325,-0.006068003278751566,-0.005127222988388623
326,-0.006105048980094896,-0.006064137988362131
327,-0.006142549545935627,-0.006540819999026134
328,-0.006180513657294773,-0.008833516387161773
329,-0.01554737478108581,-0.014789926190803134
330,-0.01579291312025144,-0.014444416183783046
331,-0.01604633143855938,-0.012350099158299294
332,-0.0163080155188976,-0.013864320075237736
333,-0.016578375664077716,-0.01297035349195525
334,-0.016857851458445205,-0.015441372005270985
335,-0.01714691154626302,-0.01551678561571326
336,-0.003569423357664192,-0.009026860973085062
337,-0.0035822094991814213,-0.006798934575527654
338,-0.0035950881398131296,-0.005744860200272605
339,-0.0036080594314830128,-0.004057869700423509
340,-0.003621124664481279,-0.0019072279713552016
341,-0.003634284577193947,-0.0008400079590177517
342,-0.003647541065274984,0.0022236092163713164
343,0.013862037719551079,0.011507687278199867
344,0.013672508885656853,0.012617689290904467
345,0.013488092816769104,0.01028786721827296
346,0.01330858565831794,0.011596236421626526
347,0.013133793170450714,0.009626300264440144
348,0.012963532811743228,0.011751387123341738
349,0.012797630311289998,0.01147563918963106
350,-0.003974503149606345,0.0028744114127742266
351,-0.003990362859358942,-0.0011576774410872884
352,-0.004006349648196683,-0.0024498392342912154
353,-0.00402246531526762,-0.0037211706330063134
354,-0.004038710623032737,-0.004964758799788252
355,-0.004055087949812908,-0.005521851246869027
356,-0.004071598640396079,-0.007554982561383625
357,-0.014964517008639322,-0.013212734500748006
358,-0.015191856067126919,-0.013076243030060438
359,-0.015426208532738017,-0.011836648081489726
360,-0.01566790518368044,-0.013475562030203593
361,-0.015917295578923407,-0.013462686748868033
362,-0.01617475420976433,-0.015663037871235748
363,-0.01644067784107306,-0.017894261363864516
364,-0.01611235554885404,-0.018752530188373504
365,-0.01637621525312516,-0.01705734937640248
366,-0.0166488602660545,-0.014420975409297147
367,-0.01693073806999268,-0.014664592166284744
368,-0.017222324416763857,-0.01200951992597263
369,-0.0175241310084564,-0.013264341386748878
370,-0.017836703407740795,-0.00947503761004396
371,0.013450519714479858,0.006692103569944213
372,0.013272004022815587,0.008764759864781889
373,0.013098165453617305,0.006578857432026419
374,0.012928821282340408,0.010088112521006113
375,0.01276380071078842,0.009645856703906958
376,0.012602938986641554,0.013242099442051307
377,0.012446082091900346,0.014053734471268777
378,0.0063462475924200845,0.00937907944738404
379,0.006306227025000943,0.007418352891398976
380,0.006266707436510588,0.0056170028102957535
381,0.006227680690377824,0.004365748472348957
382,0.006189136420152508,0.002073962512765044
383,0.0061510669307529575,0.0023969740970102263
384,0.006113462313781293,0.0009932443426352365
385,-0.011600237953599102,-0.008544946420943432
386,-0.011736382786638355,-0.010260130083403464
387,-0.01187576126674783,-0.008312601254318912
388,-0.012018489984591652,-0.0098199171994431
389,-0.01216469120399255,-0.008615418052770147
390,-0.012314493211240896,-0.011205739464072932
391,-0.012468030690537146,-0.012690222203655586
392,-0.006705822596309474,-0.00831650007166564
393,-0.006751093910676187,-0.00652743821019265
394,-0.006796981295626892,-0.006261448581299251
395,-0.006843496412741068,-0.005666671373724899
396,-0.006890652568877553,-0.0051597732224386
397,-0.006938462772553167,-0.004685839617111979
398,-0.00698694174268899,-0.0036897269322304993
399,0.0009704969429347177,-0.0010303282043691998
400,0.0009695559918088126,0.0003248915216163392
401,0.000968616863525007,0.0012402908823280585
402,0.0009676792141037893,0.0023059013408338836
403,0.00096674405466457,0.003515660407008197
404,0.0009658103632379511,0.004485765884896717
405,0.0009648784736089322,0.007067308827136471
406,0.015133988866396608,0.012105300232031456
407,0.014908365824000125,0.01264628155066201
408,0.014689371302892162,0.012213654017594607
409,0.014476717102654302,0.013126625023706418
410,0.014270132750536568,0.01296601936585752
411,0.014069361099925626,0.013410050934118947
412,0.013874160525533474,0.012680089344946393
413,0.01368430231848694,0.011181205653636618
414,0.013499570119797744,0.010590743858222047
415,0.013319759097877304,0.009996944398985935
416,0.013144674897880293,0.009685545536345604
417,0.012974134411987581,0.0094392876874359
418,0.012807962189003819,0.009773411262079134
419,0.012645992791487926,0.009978463273070415
420,0.010260897271714864,0.009114984577876477
421,0.010156680615299729,0.009374529329668826
422,0.010054559664064433,0.009695827817769648
423,0.009954471563011547,0.009110904849438398
424,0.009856357007547834,0.008517798391172894
425,0.009760157411648596,0.007431629249486158
426,0.00966581751122697,0.006546687856004098
427,0.003487940519480537,0.005423483257391777
428,0.003475817335099496,0.0035446284651779038
429,0.003463777617972452,0.0023579233690832774
430,0.003451821533743571,0.002530286835265398
431,0.003439947192897641,0.002372061645483102
432,0.0034281547776595644,0.0031623931018417285
433,0.0034164424289362394,0.0030817383144705834
434,7.244269776873757e-05,0.0019293268377102426
435,7.243770373577263e-05,0.002854194104402984
436,7.243220338204459e-05,0.00294395166905884
437,7.242695733777893e-05,0.0020284372202051056
438,7.2421712053794e-05,0.0008429065946058635
439,7.241672098690088e-05,6.547474562749068e-05
440,7.241122374579412e-05,-0.00151572745186949
441,-0.009666208058793813,-0.007172580126143231
442,-0.00976055562018785,-0.008570581059117515
443,-0.00985676310470629,-0.007056610174328132
444,-0.009954886319307188,-0.007809734780610339
445,-0.010054982263695167,-0.0059055982982878725
446,-0.010157111843128286,-0.007357790412495555
447,-0.010261337394706582,-0.005623900740484102
448,0.0113773153030714,0.005655181841256934
449,0.01124932814976387,0.00787595358346975
450,0.011124188502894983,0.006448702630249077
451,0.011001802116513693,0.008539832986078147
452,0.010882079889791951,0.007735292912878435
453,0.010764935007036902,0.009906177175615856
454,0.010650285377145519,0.009156342192736503
455,0.0023018270392749507,0.002457861673639752
456,0.0022965407995658715,0.0018865674265544784
457,0.0022912787843540894,0.002941439340171024
458,0.0022860410775416007,0.001591290783997238
459,0.0022808267638330104,0.0020705334905525515
460,0.0022756364313558652,0.0011251502216656764
461,0.002270469667863262,0.0029796993775863243
462,0.011928359018830381,0.008295463714139546
463,0.011787750498855942,0.008583426115448288
464,0.011650418275022556,0.008338254893946717
465,0.011516249394612599,0.009721064503333973
466,0.011385135100197452,0.010165986628236881
467,0.011256972942428556,0.010664404320764657
468,0.01113166410084121,0.009456207662377137
469,0.0071542908758290835,0.008277595426550292
470,0.007103470808115686,0.007605717823751458
471,0.007053367193109006,0.006008135723295812
472,0.007003965651560584,0.005251516525342309
473,0.006955251310285293,0.003377908340170749
474,0.0069072101501521654,0.0039297923389914145
475,0.006859827658145079,0.003519154519449201
476,-0.00391986062717764,-0.002653562913676781
477,-0.003935286401399174,-0.0032184163075502075
478,-0.003950834064969211,-0.0013291671162601992
479,-0.003966505068311976,-0.0020801673585278757
480,-0.0039823008849557695,-0.0006913951782802481
481,-0.003998223011994706,-0.0022960174379127395
482,-0.004014272970562116,-0.0021846847325098485
483,0.004958096059113348,0.003192212738806117
484,0.004933634624723293,0.004377463529677863
485,0.004909413372919724,0.003955420690225846
486,0.004885429004149788,0.0045158731301433086
487,0.004861677403720455,0.004411341376525586
488,0.004838155850745096,0.004845654741438999
489,0.004814860803776799,0.004752558517673955
490,0.00476087426963856,0.00462380967467002
491,0.004738315744130972,0.004026471243285271
492,0.00471596998928181,0.0033863262065455518
493,0.004693834008961062,0.00366960434960264
494,0.0046719048630281534,0.003312917186318851
495,0.004650179666032539,0.004051403069689927
496,0.004628655585945607,0.004940989229071727
497,0.004727000837696282,0.004491820087628341
498,0.004704761218053299,0.004652627361791048
499,0.004682730298588789,0.004699872094423042
500,0.004660904333186222,0.004369046264361536
501,0.004639281293398634,0.004091498962043347
502,0.004617857547724036,0.003666216371419579
503,0.0045966311643961255,0.002390512718568315
504,-0.0020561234542874063,-0.0005169363924163882
505,-0.002060359808413903,-0.0014465653460705857
506,-0.00206461365540922,-0.0013105390570715832
507,-0.0020688853078209,-0.002017810753984406
508,-0.0020731742636206363,-0.0019842328816312895
509,-0.002077481244269541,-0.0027346785198018933
510,-0.002081806157516075,-0.002518369618640569
511,0.0013222071164129545,0.00013006533643656305
512,0.0013204613986315117,0.0003382120963593506
513,0.001318719874536356,-0.00028051766928594463
514,0.0013169833475559223,0.0005365537543264766
515,0.0013152509790543832,0.0003284463766274605
516,0.0013135235704870851,0.0012567008467027668
517,0.0013118002855663224,0.0008814141257723165
518,-0.0031733093539840773,-0.0021278537803604784
519,-0.003183411098409694,-0.0016650477246227143
520,-0.0031935777737778226,-0.000875191622270448
521,-0.003203809182482087,-0.002035130558808867
522,-0.00321410677302425,-0.0021164939092579715
523,-0.003224470358632825,-0.0032373217529029943
524,-0.003234901409416846,-0.00300426098432349
525,-0.0010123265944141924,-0.0013985011827630071
526,-0.0010133524380369074,-0.002190324815086208
527,-0.0010143803628506198,-0.0023868125267967185
528,-0.0010154101661404846,-0.0015813636276480435
529,-0.0010164424812243444,-0.0008450915051909398
530,-0.0010174766877532049,-0.0004938425772599589
531,-0.0010185130009880972,-0.00016824123085870408
532,0.0040482187237615985,0.0027641048676483107
533,0.004031896933012646,0.003340192188019953
534,0.004015705812003834,0.0018632807703046375
535,0.0039996444166741085,0.0019225598775028494
536,0.0039837109892582045,0.00013725936300601761
537,0.003967904212206497,0.001019766077441512
538,0.003952221968267944,-0.0002381119596706155
539,-0.010439448254745853,-0.008782060381199134
540,-0.010549580049784901,-0.009913626960944156
541,-0.010662060308505139,-0.007982694903113235
542,-0.010776965169561725,-0.009434455774074627
543,-0.010894373239788258,-0.008070638080328383
544,-0.011014367874412456,-0.010041010493766392
545,-0.011137035277994811,-0.008986844039586559
546,0.0016988077515966982,-0.0006645813123721913
547,0.0016959264783331651,0.0005389452777825232
548,0.0016930554006922005,-0.0005351837433009617
549,0.0016901938089357582,0.001011934023446169
550,0.0016873418741465418,0.0007747329055796979
551,0.001684499329162037,0.0021341682068412387
552,0.0016816667809587127,0.0013761580530618203
553,-0.005471786071817197,-0.002200153924045924
554,-0.005501891243693158,-0.003169077064251412
555,-0.005532329519031154,-0.0038624927186489116
556,-0.005563106678361018,-0.0046903283183354965
557,-0.005594227742817592,-0.005745240281337031
558,-0.005625699185272559,-0.00552975673154957
559,-0.005657526728781392,-0.005031129116049176
560,-0.008372935053179376,-0.007698771475125628
561,-0.008443633044271981,-0.008015686170751784
562,-0.008515535097813665,-0.006482716926790829
563,-0.008588672237697215,-0.006479870112968697
564,-0.008663076562865801,-0.005176307246108849
565,-0.008738781294284514,-0.006329828944769862
566,-0.008815820824398357,-0.007012953557388959
567,0.0006868132211539368,-0.003129214487163845
568,0.0006863418325089299,-0.001105563877321042
569,0.0006858710904880105,-0.0006708419281464522
570,0.0006854007538705797,-0.0002143143957602377
571,0.0006849315411663337,0.0005772877511527998
572,0.0006844627310529372,0.0012068237089086424
573,0.0006839945622669763,0.0026982985480702294
574,0.009193438038277435,0.006112630252343763
575,0.009109688916906444,0.006873419230577055
576,0.009027451405831721,0.007059637768500878
577,0.008946685868822746,0.007870598033040778
578,0.008867352221198166,0.00803579296528591
579,0.008789413625511777,0.008378483701104363
580,0.008712832706285534,0.009664227112085328
581,0.012940307709597754,0.012166372691617062
582,0.012774995117025068,0.01056580070065645
583,0.012613853423037114,0.008308409334720535
584,0.012456725889437692,0.009030234756933733
585,0.012303465212169407,0.007764507877339787
586,0.012153929549063358,0.009263423836693136
587,0.012007985549775668,0.007638539811090093
588,-0.0025909787716406063,-0.00017810345399589588
589,-0.0025977091748669023,-0.00034584023821376906
590,-0.002604475050236754,0.0005273727760373219
591,-0.00261127584585219,-0.0016795613159624602
592,-0.0026181126679388766,-0.0024521070282662143
593,-0.0026249849660728852,-0.004400517062742362
594,-0.0026318938566844974,-0.0056367825682120615
595,-0.009595777917716153,-0.007864254367062236
596,-0.009688748789493218,-0.008629229269669608
597,-0.009783539255553642,-0.00742316274235956
598,-0.00988020260559841,-0.007533714625217932
599,-0.00997879512317501,-0.0058045836207682834
600,-0.01007937492220723,-0.006909409949789218
601,-0.010182003372140702,-0.005785666943431664
602,0.00462903442844298,0.0034632946737690015
603,0.004607704978438987,0.004612648202198029
604,0.004586571633474978,0.00231662957683932
605,0.004565630817719324,0.003953593929793747
606,0.004544880791853556,0.0022206546572033324
607,0.004524318084563106,0.004709885761587637
608,0.004503941042584669,0.0038694720804955895
609,-0.008874081517000865,-0.005891479604657634
610,-0.008953535704750326,-0.006740465091896258
611,-0.00903442598024784,-0.004763299845357763
612,-0.009116790953292764,-0.006514724939630438
613,-0.00920067155246651,-0.005421763987574093
614,-0.009286109772501994,-0.007236555926651744
615,-0.009373150101336991,-0.006029860573985933
616,0.00481391726702296,0.0006369921543552386
617,0.00479085425858794,0.0023291875705645456
618,0.004768011640995162,0.0030921748996718475
619,0.004745385587273887,0.004471874521866915
620,0.00472297325804627,0.00586325481660053
621,0.004700771412367688,0.005974110137651043
622,0.004678777774494325,0.005947847566376321
623,0.012076053507194207,0.009981112083345785
624,0.011931962267584861,0.009806470430756942
625,0.011791269506879365,0.007725999404691846
626,0.011653855752902897,0.008363574843532217
627,0.011519607904058704,0.006775665350099553
628,0.011388417584378363,0.008605255025811376
629,0.011260182140109043,0.00937104906980355
630,0.004649372097843996,0.00453454667431727
631,0.004627855682060034,0.0038428893099304675
632,0.004606537086890183,0.004645442415971027
633,0.0045854144107353445,0.003965848318427461
634,0.004564484154869097,0.004126067909012244
635,0.004543744508567871,0.0031019993293183337
636,0.004523192076820282,0.0020714052369256177
637,0.0015487424212003997,0.0012410167992928272
638,0.0015463473267349759,0.0013962688271974175
639,0.001543960028724367,0.0017015785325851644
640,0.0015415798909914624,0.00096405107189181
641,0.0015392070803084135,0.0012197008859407184
642,0.0015368413636733802,0.0003431163482234798
643,0.0015344833054777851,7.11391977254589e-05
644,0.001418640913604774,0.0022984340674737404
645,0.0014166312225927236,0.001557540563259246
646,0.0014146272175084018,0.00014479151984759844
647,0.0014126290720226642,0.0006708124150716386
648,0.001410636168592605,-0.00046448726127604504
649,0.0014086490772555749,0.00035097361414304607
650,0.0014066675762722802,0.00023630109328404557
651,-0.006040174237954776,-0.0032076180770390745
652,-0.006076879452011186,-0.00411593498824203
653,-0.006114033896819526,-0.004561192954978767
654,-0.006151645264487748,-0.005245593827005023
655,-0.006189722239993922,-0.005851854277198919
656,-0.006228273320355804,-0.005914654802123102
657,-0.00626730803053388,-0.007069821284605887
658,-0.013581695482546285,-0.01168483140783551
659,-0.013768697742475688,-0.011356742027711784
660,-0.01396092145012895,-0.009457946638830692
661,-0.014158588604554101,-0.010863251356259696
662,-0.014361933092719492,-0.009885719794043658
663,-0.014571203745999739,-0.01212975088397962
664,-0.014786663228627539,-0.0119227695058546
665,-0.002139453369639277,-0.0051165817164317935
666,-0.0021440406715904636,-0.004650223593695563
667,-0.002148647231244749,-0.005220447216970476
668,-0.002153274085533785,-0.003127679496929322
669,-0.0021579204513426653,-0.0021429041482479805
670,-0.0021625873717303623,-0.00023448221673580958
671,-0.0021672740618823294,0.001335838656422027
672,0.007503208707670961,0.004365416359918297
673,0.007447329608938791,0.0060531188264768224
674,0.00739227711336099,0.005746494094240152
675,0.0073380321195108955,0.0059965874546433285
676,0.007284577878353016,0.0050186613455406
677,0.007231896342587918,0.005839024040069128
678,0.00717997175315821,0.005772769173876497
679,0.0011568645217772122,0.0005525542670833367
680,0.0011555279513526528,-0.00032773430577835196
681,0.001154194029277189,0.0015959193466202092
682,0.0011528634012227812,0.0011696660646952463
683,0.0011515358377003349,0.003265674595824426
684,0.0011502115457426854,0.001997687567919077
685,0.0011488898617513232,0.0033471170770455988
686,0.017430680416847588,0.013153241976715182
687,0.017132057219676255,0.01430707241664445
688,0.01684349331503543,0.012093299036471673
689,0.016564489447755015,0.013594702055215646
690,0.016294578081075484,0.011948712281161912
691,0.016033322065733824,0.013727340118055882
692,0.01578031105656308,0.012106876894844408
693,-0.0004975675309596417,0.0031525698047995647
694,-0.0004978150340587684,0.0014335005567349983
695,-0.0004980631709879946,0.0017660760546888295
696,-0.000498311167736909,4.396055901907588e-05
697,-0.0004985597994406898,-0.0003331641611329679
698,-0.000498808291317876,-0.0013148622709869082
699,-0.0004990574192775821,-0.000607706800334629
700,0.0011095700970873423,0.0005245434094924642
701,0.0011083401218558997,0.0009802546626343292
702,0.001107113257772685,0.0019336537802240902
703,0.0011058889134947236,0.0022744787947684077
704,0.0011046672742032193,0.0032370788072683928
705,0.00110344813783958,0.0024392064161680984
706,0.001102232075012477,0.0012511528909195425
707,0.003082851637765005,0.0030676290984963314
708,0.00307337687283904,0.003379516105305439
709,0.003063960168517843,0.002419153466356396
710,0.0030546009927452378,0.002294354631415856
711,0.0030452988199467512,0.0015410499558150808
712,0.0030360531309296945,0.0022157990331859285
713,0.003026863412788572,0.0031128772767916343
714,0.0018860807242548905,0.0023505670038345807
715,0.0018825301204818956,0.001923377145556453
716,0.0018789928598270667,0.0020620832568078733
717,0.0018754688672169006,0.002261713281485651
718,0.0018719580681392234,0.0023229270855651164
719,0.0018684603886396367,0.002215660825812592
720,0.0018649757553153012,0.0020382472476858583
721,0.0007180087490692433,0.0016772697547770235
722,0.0007174935823996975,0.0012532261709310491
723,0.0007169791544576753,0.0006659487932645053
724,0.0007164652779050318,0.00022802402071947302
725,0.0007159525085422835,-0.00029262891658499184
726,0.000715440287273994,-0.00039451314196335273
727,0.0007149287984091757,-0.0013649203905086865
728,-0.0042865080570475556,-0.003926010079415825
729,-0.0043049613083813165,-0.0041219999740888524
730,-0.004323574127715002,-0.0034847632229971217
731,-0.004342348781380734,-0.0038360975878041254
732,-0.00436128682226633,-0.0035000231057199832
733,-0.004380390963652503,-0.004022503275658166
734,-0.004399663208614735,-0.0035624881590378852
735,0.00013639220928007845,-0.0011565575188850793
736,0.00013637341805927683,-0.0004901776966580705
737,0.00013635501378295167,-0.0003779403086815019
738,0.0001363364236279807,0.000143374098969931
739,0.00013631783854162194,0.00048416520831498326
740,0.0001362990677022946,0.00077256386978465
741,0.0001362806835911723,0.0009771312995864097
742,0.0020439309423883056,0.0017329654457212448
743,0.0020397616197318502,0.0019640422560059127
744,0.002035609651669379,0.0017846289566327996
745,0.0020314743628493392,0.0018470237205279886
746,0.0020273558414329873,0.001747366320171988
747,0.0020232537968094544,0.002111542652546707
748,0.0020191686949182497,0.002550540422935711
749,0.0017732877562535165,0.0022858724731740694
750,0.0017701489608503707,0.0017166815094392027
751,0.0017670208829276834,0.0015001688981600143
752,0.0017639042147561401,0.0015591420160203714
753,0.0017607981484000224,0.0012869715873031447
754,0.0017577033743043646,0.0011296414715545474
755,0.001754619087989795,0.0005459830098207763
756,7.9615641835451e-05,-0.00045437449491202413
757,7.960948944485402e-05,-0.0005284454351995367
758,7.960296653797272e-05,-0.0006042847298456327
759,7.959681613578518e-05,-0.0008389951684608886
760,7.959029527615513e-05,-0.000838608432228894
761,7.95841468612668e-05,-0.0007970988033603609
762,7.95776280473337e-05,-0.000978387160660288
763,-0.0012200945042704081,-0.0017252836233062462
764,-0.0012215847674649227,-0.001139542365592764
765,-0.0012230790480930454,-0.00037645754302989803
766,-0.0012245766159740823,-0.0008176077661129081
767,-0.0012260782290512973,-0.0006243707356177361
768,-0.0012275831554554584,-0.0014856654526905796
769,-0.0012290921550877076,-0.0011617425798975923
770,0.0015783840823970774,0.00143820662817365
771,0.0015758968990817745,0.0006389597612436535
772,0.0015734171688737142,-0.0004930388988113898
773,0.0015709456027674928,0.00038181189010291213
774,0.0015684814173986261,0.00025100474122083
775,0.0015660253218729991,0.0014359148424205612
776,0.00156357653562611,0.0015278582563199234
777,-0.0017463550657529359,4.486421215016282e-05
778,-0.001749410342586244,0.00015461896636202185
779,-0.0017524759566064363,-0.0003307594671778612
780,-0.0017555527063833898,-0.0011215682928516248
781,-0.0017586399052337276,-0.0025048137329773583
782,-0.0017617383551301602,-0.002837267179366602
783,-0.0017648473675775378,-0.004241574080630602
784,-0.012965096006000376,-0.010431689724462366
785,-0.013135397698235018,-0.011635700820384776
786,-0.013310232900843655,-0.01014479322671205
787,-0.013489785277168598,-0.01104030912824589
788,-0.013674247748015844,-0.00943049082947683
789,-0.013863825127545137,-0.010864630535521195
790,-0.014058732942575869,-0.009934576123777888
791,0.0008543734790678048,-0.0016864670976006989
792,0.0008536441481470369,0.00016595679207463362
793,0.0008529160613424125,-0.0005406570264159227
794,0.0008521894211741543,0.0008970103952934843
795,0.0008514636071947912,0.00039496050629348085
796,0.0008507392336980502,0.0016019406206839568
797,0.0008500160916595778,0.0011713532995126594
798,-0.0023721666666666197,-0.0023145189515183504
799,-0.0023778070162081555,-0.0027330564141348182
800,-0.002383474664477858,-0.0021779556143708433
801,-0.0023891689822370665,-0.0025038504792021816
802,-0.002394890987972631,-0.0017170216372826806
803,-0.0024006400522331717,-0.0015355219222913312
804,-0.002406417201211597,0.00040833241297281607
805,0.007832276214300604,0.004713590782878297
806,0.007771408190316409,0.006003551772776946
807,0.007711479343430971,0.006407205039151209
808,0.007652467294713139,0.007040205877514922
809,0.007594351968328583,0.007095537816329969
810,0.007537112282697933,0.00676557851628977
811,0.007480729385967111,0.005637795520698109
812,0.004630152371541518,0.004675310795284176
813,0.004608813062438877,0.0032138019137240804
814,0.004587669156188134,0.0019351659266079765
815,0.004566718757215815,0.0019568267833623763
816,0.00454595844857808,0.0015510508839181425
817,0.004525386423966049,0.0025338365484218425
818,0.004504999367830109,0.0033135464800184053
819,0.002570553407350795,0.002782612175801684
820,0.0025639627954747723,0.0035407694500385026
821,0.0025574055119554906,0.00374985944431953
822,0.0025508820625537165,0.0033125849289661205
823,0.0025443914301350734,0.002404638316712312
824,0.002537934121781271,0.0017432840827828612
825,0.002531509129387155,5.841943361552964e-05
826,-0.009563208537043955,-0.005312192521954093
827,-0.009655546542165938,-0.007165593081396731
828,-0.009749685080229442,-0.006823427273930967
829,-0.009845677140039255,-0.007843867251618458
830,-0.009943578598127778,-0.007072459376240468
831,-0.010043446396770017,-0.008041433662229204
832,-0.010145340581073192,-0.007301186300133305
833,-0.0008349167674325253,-0.0014825772097348756
834,-0.0008356144359360496,-0.0002988240443704707
835,-0.0008363132713786747,-0.0011340180538233064
836,-0.0008370134787279992,-1.0350532437525392e-05
837,-0.0008377144549804871,-0.0008730185863396279
838,-0.0008384168088605426,0.0001709054734189034
839,-0.0008391203414594983,-0.0010319857118771354
840,-0.009006399959456624,-0.0071972127377959005
841,-0.009088252600021551,-0.007655667989334049
842,-0.009171606269992472,-0.006387994422732489
843,-0.009256503481799072,-0.007691158609994795
844,-0.009342986662020825,-0.006752520301774011
845,-0.009431101528098229,-0.007942529240197714
846,-0.009520893832192345,-0.006299157167518978
847,0.00500710882734734,0.0006168546821651253
848,0.004982162597028772,0.0021928890240776487
849,0.004957463706772636,0.0025228693327665522
850,0.004933008709342213,0.004083030541680888
851,0.004908793375712817,0.004930438555388567
852,0.004884814829038353,0.005572852967086094
853,0.0048610694051234304,0.005583722090946247
854,0.007435499372909549,0.007062151328205145
855,0.0073806205643021094,0.006325253019947478
856,0.007326546313403348,0.004472958915706949
857,0.0072732582440617755,0.0045016943776602725
858,0.007220740140773785,0.0029407573824372724
859,0.007168974634866654,0.004033696193264921
860,0.007117946458788937,0.004136266007798567
861,-0.0015043570435128162,-0.0006313676724738297
862,-0.001506623344263991,-0.0013733159884730369
863,-0.0015088968825193172,-0.0007150131578880327
864,-0.001511176893334354,-0.0013567566110745668
865,-0.0015134642050593783,-0.0011606548286146796
866,-0.0015157580507211277,-0.0019396261179429294
867,-0.0015180592614626454,-0.0029271144024633745
868,-0.0061388411646585705,-0.004212633672969045
869,-0.006176759106925167,-0.0042854634154725554
870,-0.006215148785832625,-0.00403346151140276
871,-0.006254018236381609,-0.004906302131200687
872,-0.006293377337590167,-0.005099385640920771
873,-0.006333234566627155,-0.006294686946300193
874,-0.006373600279392488,-0.0068498581068876865
875,-0.005485282626940813,-0.005312548951964057
876,-0.005515536905707941,-0.005746911671082491
877,-0.005546126772606019,-0.006385927566367315
878,-0.005577058055748263,-0.005520126698162194
879,-0.005608335857089308,-0.005237248507526165
880,-0.005639966684478637,-0.003992350804891884
881,-0.005671956329211247,-0.0031440634158531175
882,-0.0033976497927121763,-0.0030853735270871528
883,-0.0034092329541544064,-0.001943236183792461
884,-0.0034208958038031145,-0.0014212861578514985
885,-0.003432638282007572,-0.001985238017446036
886,-0.0034444620949000138,-0.0025814522227692325
887,-0.0034563671995007095,-0.0033556730835455815
888,-0.003468355331071815,-0.004068435535280236
889,-0.005523979883772956,-0.0060461020027541956
890,-0.005554663509748203,-0.006953517854579018
891,-0.005585690364950491,-0.006100745154453636
892,-0.005617065553893963,-0.00571878600657215
893,-0.005648795206871671,-0.0037329003120765572
894,-0.005680885135029068,-0.0036144988596877948
895,-0.005713342205699301,-0.0017743968767743197
896,0.01006410462683105,0.006657275626293374
897,0.009963827853335161,0.008855573281593636
898,0.009865529188630484,0.007581238732426522
899,0.00976915134092815,0.008553489881697152
900,0.009674638334866259,0.0067800943004019815
901,0.009581936785426182,0.007878212364697552
902,0.009490994455161106,0.0064501079671959284
903,-0.005616234361424777,-0.002461824732027232
904,-0.005647954598110627,-0.005050323163693377
905,-0.005680035178916687,-0.004284069789681065
906,-0.005712482058296997,-0.005288174095843359
907,-0.0057453022150446564,-0.0041176364068328825
908,-0.005778501452237683,-0.00479487102546204
909,-0.005812086603114497,-0.0031079461266699557
910,0.007460999321727391,0.00385907310637779
911,0.007405745062836644,0.006170997046358241
912,0.0073513031855647615,0.006170346786697366
913,0.007297655904467071,0.007168292802293171
914,0.007244785949506172,0.006717583353847774
915,0.007192676547515209,0.0069795545965145225
916,0.00714131140445784,0.004862883014237348
917,-0.0023635582294799784,-0.0007611045406209632
918,-0.002369157872065486,-0.001800854559949833
919,-0.0023747841105353773,-0.0011752964133567344
920,-0.00238043713481928,-0.002222188015395289
921,-0.0023861171366593714,-0.001386253009604252
922,-0.002391824309632473,-0.001909365418867322
923,-0.0023975588491716993,0.0008118236789964672
924,0.012297512344330297,0.008941195852320673
925,0.012148120896133374,0.010046996378680235
926,0.01200231510537031,0.009123893308439546
927,0.011859968031911805,0.010808279100546677
928,0.011720957846548474,0.010146528584603038
929,0.0115851687798747,0.011161690547299364
930,0.011452489549664158,0.009290987891219512
931,-0.000373595453631137,0.0028760170646017595
932,-0.00037373507935756223,0.0011548344103344535
933,-0.0003738748094890276,0.00048248149109345897
934,-0.0003740144427505365,-0.0012024262301083763
935,-0.00037415458336098606,-0.0020647918518718546
936,-0.00037429462741134234,-0.0025476750555054523
937,-0.00037443477633647415,-0.002254477991367837
938,-0.0021898231141589397,-0.002907493882566567
939,-0.002194628963389955,-0.0025175900333495073
940,-0.0021994559531285374,-0.0013317608232205492
941,-0.002204304020146486,-0.0011569592863528045
942,-0.0022091739141145705,-0.0003454765432369308
943,-0.0022140651691305857,-0.0012380478031639884
944,-0.0022189781313219914,-0.00197565524350121
945,-0.0009071222859483585,-0.00020912232823395424
946,-0.0009079461089324115,-0.00021776767179793578
947,-0.0009087710190228693,-0.0011485293451680466
948,-0.0009095978403856897,-0.0012344309675157194
949,-0.0009104257562941864,-0.0018052139806229988
950,-0.0009112555924362109,-0.0012985269748738133
951,-0.0009120865306208037,-0.0008628840248836484
952,-0.0018847365491651003,-0.001541922931256282
953,-0.0018882954886881853,-0.0017152387493043248
954,-0.0018918678942984046,-0.001546788945615193
955,-0.0018954540498833383,-0.0012884903449198947
956,-0.0018990534110470136,-0.0011371335621238768
957,-0.0019026666766894795,-0.0008970511580239047
958,-0.001906293718223262,-0.0008212175831774223
959,-0.0017308782118236055,-0.0014634851755710376
960,-0.001733879555066653,-0.0013561368242016605
961,-0.0017368909054356063,-0.0010297701243020987
962,-0.0017399129444050088,-0.0014287745938763522
963,-0.001742945517872796,-0.001401007901189316
964,-0.001745988891741601,-0.0020494806024255515
965,-0.0017490424897771417,-0.0024886327933915176
966,0.0005739661662085283,-0.0017497001106743654
967,0.000573636706685976,-0.0014468833791485872
968,0.0005733080474854546,-0.0010880604515613073
969,0.0005729795536963955,-0.0005786877224116105
970,0.0005726514361321655,0.0002825488974368887
971,0.0005723234832906154,0.0007574847814302462
972,0.0005719963272161621,0.0018773883810045916
973,0.007251173336141559,0.0050716317287696315
974,0.007198972548961846,0.0060708102232553355
975,0.007147517557175798,0.0057964096691016116
976,0.00709679330999724,0.00606262806512967
977,0.007046783537599577,0.005421115272367153
978,0.006997474057286235,0.005597317520714245
979,0.006948849460214346,0.0053129591019231434
980,0.002204850671477132,0.0029640885131208728
981,0.0021999999999999797,0.0014509369915018918
982,0.0021951706246257086,0.001068158726701906
983,0.0021903624054162574,0.0010639141468553443
984,0.0021855752036559206,0.001298885677262753
985,0.002180808881839802,0.0016311955144533885
986,0.0021760633036598254,0.0019157581627445006
987,0.002848119028819651,0.002670017481853568
988,0.002840030481357614,0.0034367159185391344
989,0.002831987354115162,0.003279626540143744
990,0.0028239900462923018,0.002965133293244654
991,0.0028160373890138146,0.002043747990994381
992,0.0028081297857149856,0.0016798188562258422
993,0.002800266080503544,0.00013613985276140773
994,-0.006580220630927114,-0.004790130022907513
995,-0.006623806740697402,-0.005818474484477691
996,-0.00666797411257114,-0.004859397404971133
997,-0.006712734452122282,-0.00557030755383648
998,-0.006758099781355664,-0.004385280198517394
999,-0.006804082449469617,-0.005203680009359561
1000,-0.00685069514406611,-0.0037031237579772283
1001,0.0062603252180970514,0.003502587629995729
1002,0.006221377372441106,0.004953059504597548
1003,0.006182911148923331,0.004268494801254197
1004,0.006144917469817823,0.00560535950422308
1005,0.00610738827207058,0.005074858820872657
1006,0.006070314504458274,0.0061226957873297
1007,0.006033688119948533,0.005242260293804747
1008,5.553236151589758e-05,0.0008730358960405356
1009,5.5529472196891305e-05,0.00015987541525676175
1010,5.552619450366336e-05,0.0005064670734174052
1011,5.5523111516908585e-05,-0.00026463292190241855
1012,5.5520028871880456e-05,0.00010606607472596162
1013,5.551714087914661e-05,-9.327045711551607e-05
1014,5.55138645983444e-05,0.0012463546175366822
1015,0.0067445669321934965,0.004442386713629821
1016,0.006699382305541679,0.005349835807678163
1017,0.006654799452826543,0.005734336938436576
1018,0.006610805865569613,0.0063510197821499146
1019,0.006567390124413874,0.006572781345807193
1020,0.00652454073086739,0.006345398339679882
1021,0.006482247232719729,0.005477013901751353
1022,0.004611714842300607,0.004997052959366945
1023,0.004590544559819998,0.004026018659788344
1024,0.00456956775541939,0.002946574824802204
1025,0.004548781605833829,0.002825145836022693
1026,0.0045281840684323615,0.0022650693857479394
1027,0.00450777204686581,0.0029548631222714623
1028,0.004487543224957147,0.0034038906614026017
1029,0.0028242785765635325,0.0022245732600197827
1030,0.0028163243124166293,0.002626138492428424
1031,0.0028084150839569055,0.003198803430038644
1032,0.002800549977157729,0.002966760954969895
1033,0.002792728800579125,0.0028367718152253526
1034,0.00278495100996623,0.002246450011508054
1035,0.0027772167745292453,0.0014113812681409298
1036,-0.00047837257666560884,-0.00020448416539989064
1037,-0.00047860135018396033,-0.0005712569895597048
1038,-0.00047883069552823176,-0.00019017372503629345
1039,-0.0004790600842017323,-0.0006208608187590562
1040,-0.0004792896927621193,2.48948424778631e-05
1041,-0.0004795193448612345,-0.0004921668963585048
1042,-0.00047974957072627333,0.00018274670003636635
1043,0.006062902564102579,0.0044329395232601656
1044,0.006026365474251172,0.004950796089838104
1045,0.005990265767678249,0.0040451082266954
1046,0.005954596154175595,0.004853796475311732
1047,0.005919348822442272,0.004127157431176708
1048,0.005884516489338187,0.005062074914106138
1049,0.00585009135864234,0.004630621588861148
1050,-0.0014297830364716768,0.00065988929664366
1051,-0.0014318304129423698,-0.0003964983700818907
1052,-0.0014338833208116242,-0.0005026586488574591
1053,-0.0014359424648833219,-0.0013469393466619176
1054,-0.0014380071901064495,-0.0017072354087493448
1055,-0.0014400782035284276,-0.0022090137032888344
1056,-0.0014421548484351288,-0.0023778406521650364
1057,-0.002447860520904621,-0.002878572320810747
1058,-0.0024538674174297004,-0.0026473402590119215
1059,-0.0024599035227633737,-0.0020357065100293443
1060,-0.002465969569995785,-0.0020727077254954237
1061,-0.0024720656085613912,-0.0014566712230134043
1062,-0.0024781920349069564,-0.0018678977567175908
1063,-0.0024843485542326293,-0.0021874371942706707
1064,-0.0001494321827056888,-0.0008160102045642206
1065,-0.00014945451602033089,-0.0003974447330397368
1066,-0.00014947685601141014,-0.00041859884956868526
1067,-0.00014949902826655315,-0.000260951238787257
1068,-0.00014952155600966854,-0.0003376001683160384
1069,-0.00014954391604848905,-0.00016286306876214427
1070,-0.00014956628277629225,0.00048141787338428003
1071,0.002916978359511546,0.0015974533749538197
1072,0.00290849417043737,0.0016606371915014492
1073,0.0029000595381889482,0.0016583312214556436
1074,0.002891673512836812,0.002326205743891226
1075,0.002883335846939783,0.002748280438733873
1076,0.002875045951379107,0.0034178584702821407
1077,0.002866803930356987,0.0038353757395986872
1078,0.004764348041730759,0.004146718762131169
1079,0.0047417566626606344,0.004870024810087165
1080,0.004719378518128758,0.005049997247632055
1081,0.00469721043469451,0.004649045258972757
1082,0.004675249970366613,0.004400335787324202
1083,0.0046534937239717244,0.004048185868856508
1084,0.004631939024789977,0.003733605884169082
1085,0.002411689672293882,0.002745298904536138
1086,0.002405887253344341,0.0016130796009978896
1087,0.0024001130171396046,0.0015124193322719748
1088,0.002394366103174006,0.0017177738467960902
1089,0.0023886469721505765,0.0019880974056276615
1090,0.002382954770526524,0.0019492259905085044
1091,0.002377289959612394,0.002266146579378369
1092,0.006649925618489538,0.004537828974228755
1093,0.0066059962348916645,0.005220150012499619
1094,0.006562643437055371,0.004557899890745768
1095,0.006519855787636031,0.0048517124221767564
1096,0.0064776227808351905,0.004150621955095237
1097,0.006435933233108537,0.004816664194775385
1098,0.006394776876093244,0.0038988213792431493
1099,-0.002066207465007741,-0.0011622409356092786
1100,-0.0020704856734834465,-0.0010697296873096616
1101,-0.0020747813226447143,0.000462298936722125
1102,-0.0020790949900980626,-0.0008449596179440356
1103,-0.0020834266319709194,-4.830626177040691e-05
1104,-0.0020877765179870833,-0.001663820477768562
1105,-0.0020921442905648124,-0.0005499370600694303
1106,0.006244505128609745,0.005780709682754331
1107,0.006205753113661228,0.0051045870328121565
1108,0.006167479415896793,0.003321928329679662
1109,0.006129674618007286,0.004842848119975116
1110,0.00609233076763771,0.004241244507841776
1111,0.006055438877097252,0.005646235429007313
1112,0.006018991395625006,0.004755851498909414
1113,-0.0014903451768976117,0.0009190422399426507
1114,-0.0014925696208329953,0.0002275861354501936
1115,-0.0014948007149695464,-0.0008276735399551429
1116,-0.0014970383372998608,-0.002000191985147216
1117,-0.0014992829732627388,-0.0037563296858843936
1118,-0.0015015341979196517,-0.003650963261154802
1119,-0.0015037921933243048,-0.004820358101224243
1120,-0.013641820320855702,-0.012663148547551767
1121,-0.013830493582038916,-0.012846833026922449
1122,-0.014024458611961776,-0.009662025039528677
1123,-0.014223941693541686,-0.011103045926123586
1124,-0.014429181530314472,-0.008801712779043893
1125,-0.014640431130383602,-0.011801934041248767
1126,-0.0148579578754241,-0.011001694011264518
1127,0.005984555912162071,0.001195908088324126
1128,0.005948954231861592,0.002880112058957542
1129,0.005913773297264502,0.0012249226556273884
1130,0.005879006353398442,0.00364893934893213
1131,0.005844645479551103,0.0036327636403975495
1132,0.005810684255056486,0.006204374323578662
1133,0.005777115099298014,0.0069728975072623515
1134,0.0043311099221789995,0.005372150774034348
1135,0.00431243214241106,0.005008231820251489
1136,0.0042939150864036435,0.004014202116830519
1137,0.004275556211086107,0.0035132195686094114
1138,0.004257353656218488,0.0018922719286920688
1139,0.004239305275039795,0.0024884987522689654
1140,0.004221409589788339,0.0025653072859266094
1141,-0.005170282140047111,-0.0034901907399804443
1142,-0.005197152886797007,-0.005124846896144883
1143,-0.005224304395467283,-0.003739193710284222
1144,-0.005251740929689608,-0.004444497048364464
1145,-0.005279467485003075,-0.0032006691479718827
1146,-0.005307488196362953,-0.004908217405244466
1147,-0.005335807933990577,-0.005975531914762199
1148,0.0018425655510203587,-0.0016144459055008591
1149,0.0018391769102685807,0.00012560776758813194
1150,0.001835800385622477,-0.00013560990021105343
1151,0.001832436398176096,0.00033871032045364885
1152,0.0018290847167656832,0.0002554613556777469
1153,0.001825745435763304,0.0010095037333724072
1154,0.0018224180026380488,0.0012995290187566878
1155,0.0006907985170858666,0.0003535803728555338
1156,0.0006903218049927329,0.0007406353503916378
1157,0.0006898454285764188,0.0015505498760975895
1158,0.0006893698699230733,0.001475954378787434
1159,0.000688894966489606,0.0019615507479176955
1160,0.0006884208775543854,0.001664132595165599
1161,0.0006879471197629439,0.0034642517075242018
1162,0.008112195861404992,0.008011692945898206
1163,0.00804691752991138,0.00706630724671263
1164,0.007982681707662032,0.005360622806323729
1165,0.007919462997408422,0.006549795863034947
1166,0.00785723804802485,0.005886463349547393
1167,0.00779598299841866,0.007263119567278357
1168,0.007735675954355203,0.0057270920898612725
1169,-0.002038338038858556,-0.00010539834038971038
1170,-0.0020425014991497514,-0.00036283794638102267
1171,-0.0020466816974840096,-0.000122710163597877
1172,-0.002050879347119894,-0.0017337418633109618
1173,-0.0020550939441214,-0.002602285298479796
1174,-0.002059326205975265,-0.0035545787277667367
1175,-0.0020635756279897555,-0.004226710112379832
1176,-0.006335518478595592,-0.007021276060110208
1177,-0.006375913194456961,-0.006702493548503516
1178,-0.0064168263220704125,-0.004336876956677558
1179,-0.00645826806253369,-0.004495936089656506
1180,-0.006500248251241403,-0.0022072736713065954
1181,-0.00654277793205249,-0.003782781797962506
1182,-0.00658586780257453,-0.00237718127791504
1183,0.012269232516919137,0.008657068771855805
1184,0.012120523001981187,0.009977169812361207
1185,0.011975375191514814,0.007715502638320663
1186,0.01183366279690734,0.009625602384013481
1187,0.011695264821277807,0.008495980511563212
1188,0.011560066778946165,0.011059029656781636
1189,0.01142795881193348,0.01100860279119667
1190,0.0020986581095119305,0.0047959243043212505
1191,0.0020942629675515523,0.00349425431980044
1192,0.002089886196284141,0.003520604061802016
1193,0.002085527828233902,0.0023701297116322483
1194,0.0020811873067283493,0.0016623138820597322
1195,0.0020768649617319834,0.0010890531244692344
1196,0.0020725605333793418,0.0010411033860043327
1197,-0.0005849663644339476,-0.0007744345980176327
1198,-0.0005853087503658871,-0.001049188506303294
1199,-0.0005856515373351412,-1.668820104754683e-05
1200,-0.0005859947260475895,-0.0002544553341592945
1201,-0.0005863383172088898,0.000745334678438954
1202,-0.0005866823115283637,-0.0004523303688862217
1203,-0.0005870267097153326,-0.0014883118122565766
1204,0.003398363729809173,0.0015240621218525117
1205,0.003386853968125658,0.0024601608012417356
1206,0.0033754219070456504,0.0018168651856229558
1207,0.0033640669077599217,0.001969834282334854
1208,0.0033527877600469935,0.0014678224041646927
1209,0.0033415841376507327,0.002119729014609362
1210,0.003330455141578703,0.0028974688253629254
1211,0.002008032128514081,0.002297890457380309
1212,0.002004008016032177,0.0017469622252003856
1213,0.0020000000000000018,0.0016654056791624054
1214,0.001996007984031989,0.0018025021354089808
1215,0.0019920318725099584,0.0017058472945765265
1216,0.001988071570576455,0.0017426230333836747
1217,0.001984126984126977,0.0019430490608866229
1218,0.0011719538896746151,0.0019082488555154156
1219,0.001170582162798528,0.0012719670209715846
1220,0.0011692133612162259,0.0005047724484893428
1221,0.0011678478978502937,0.0003452562022697671
1222,0.001166485620071045,-0.00029217787453591284
1223,0.0011651266573622365,-0.00016014074199602253
1224,0.0011637705766216477,-0.0015263838831355327
1225,-0.0068141735409652515,-0.005524692970440511
1226,-0.006860924933823953,-0.00561914186091551
1227,-0.006908322557564461,-0.004908431666890541
1228,-0.006956379327561768,-0.005882146395474786
1229,-0.007005109670883303,-0.005714496279810966
1230,-0.00705452726381961,-0.006671081392213256
1231,-0.007104647337401571,-0.0063744022642361784
1232,-0.004356427371832505,-0.004278043406931479
1233,-0.00437548872335336,-0.004066493266359298
1234,-0.004394717909974255,-0.003896894758013224
1235,-0.004414116558456693,-0.0033063015062716685
1236,-0.004433687521228968,-0.002794279580952406
1237,-0.004453432499396559,-0.0026265433834304574
1238,-0.004473354432004473,-0.002278077388574228
1239,-0.0001519525907917041,-0.0002913292514631665
1240,-0.00015197568389047067,-0.00018156864171425024
1241,-0.00015199878400984357,-0.0008708945272344331
1242,-0.0001520218911523763,-0.00037818548122333176
1243,-0.00015204500532139953,-0.0008060205403404449
1244,-0.00015206812652079904,0.00016489380868767446
1245,-0.0001520912547529063,0.0001768760848106649
1246,-0.0014776826893823092,-0.0025583152985838757
1247,-0.001479869314536586,-0.001941625507258844
1248,-0.0014820627260266894,-0.0004219339506106797
1249,-0.001484262496147859,-0.0008511796737317087
1250,-0.0014864688060481912,0.0001883366993039265
1251,-0.0014886815316886848,-0.0006940925437300821
1252,-0.0014909011619603785,-2.3987337954216287e-05
1253,0.007729129111589295,0.004384346189682505
1254,0.007669848019683068,0.005231795292254551
1255,0.0076114690562896214,0.005312462897003603
1256,0.007553972230405659,0.006194095204756538
1257,0.007497337550745442,0.006744748108816712
1258,0.007441545918192016,0.007148004990828922
1259,0.0073865782092841226,0.007796587155565829
1260,0.011602716389617962,0.010530449345630343
1261,0.011469637295175028,0.010072861641698117
1262,0.011339576608536905,0.008310350845774146
1263,0.011212432231768599,0.008819388147710213
1264,0.011088107716331175,0.007451041472636732
1265,0.010966509735760965,0.008777343030386913
1266,0.010847550109693627,0.008339180690552441
1267,-0.0006743088334458802,0.002157786261984126
1268,-0.0006747638326585204,0.0011467993123395327
1269,-0.0006752194463199857,0.0016130057663874082
1270,-0.0006756756756756133,0.00019680623088378719
1271,-0.0006761325219742931,-0.00016225574699421967
1272,-0.0006765899864683567,-0.0015431790978246744
1273,-0.0006770480704129112,-0.002699787037217183
1274,-0.005400696883468892,-0.004096614295189218
1275,-0.005430022790631206,-0.0045702759912814245
1276,-0.005459668917281557,-0.004149659453885272
1277,-0.005489640399355955,-0.004477633370738576
1278,-0.005519943039400177,-0.00397196358834772
1279,-0.005550581935519827,-0.004769018069116805
1280,-0.0055815628574883425,-0.004965010372945749
1281,-0.0011064840163358403,-0.0018206670007076078
1282,-0.0011077096793906671,-0.0010807468548847995
1283,-0.0011089380608144683,-0.0017276868018648757
1284,-0.00111016902836647,-0.0011979244499480388
1285,-0.001111403014865786,-0.0016418662936213402
1286,-0.0011126396058782628,-0.0007470778896644468
1287,-0.0011138789517162184,-0.000382710896753076
1288,-0.0035886622196990015,-0.0024387366860561064
1289,-0.0036015872416890193,-0.0025459118417540927
1290,-0.0036146054160030028,-0.002000367552963325
1291,-0.0036277181858054286,-0.0024792562935886065
1292,-0.0036409264408681086,-0.002212960332486832
1293,-0.003654231372484551,-0.0027763628568435233
1294,-0.0036676336097666296,-0.0024042261196967523
1295,-0.00041594744504291903,-0.0005082602940469123
1296,-0.00041612052931394583,-0.0009529079557199515
1297,-0.0004162937576926984,-0.0015057480769530246
1298,-0.00041646698459596454,-0.000983230603623551
1299,-0.00041664064743351936,-0.001047809508866367
1300,-0.00041681430921713947,-0.0006465309222468041
1301,-0.0004169881158305744,-0.0012066254575229033
1302,-0.0017937967586507675,-0.002267061345874386
1303,-0.001797020394015636,-0.002074794454245673
1304,-0.001800255343312851,-0.002177883626251773
1305,-0.0018035021076189262,-0.002467882033878632
1306,-0.001806760604176283,-0.002856541413641414
1307,-0.0018100310440209988,-0.002739408456503333
1308,-0.001813313049605303,-0.0027393379443032733
1309,-0.0036332144018925705,-0.00453012940131216
1310,-0.0036464626345892315,-0.004068566927152639
1311,-0.0036598081366115975,-0.002577094839866839
1312,-0.003673251382965259,-0.002795628799719926
1313,-0.0036867940538150012,-0.0015792674512853139
1314,-0.0037004366516144582,-0.0024796669613246065
1315,-0.0037141808933223164,-0.001625838532335835
1316,0.006090556364739985,0.004176492523120861
1317,0.006053686048645979,0.0045931266661096235
1318,0.006017259449068391,0.003496583279777762
1319,0.005981268753042723,0.004731417814736104
1320,0.005945705740085128,0.004445924805229569
1321,0.005910563270122848,0.005863517454821998
1322,0.0058758337827848894,0.005948363948519958
1323,0.0022451354772992094,0.0037599929821479318
1324,0.002240106280733567,0.0033462089783911674
1325,0.002235099275615937,0.002906130612086885
1326,0.002230114892303181,0.0023982850003702793
1327,0.0022251524022487423,0.0015360010637944742
1328,0.0022202122358816467,0.0016149876733222335
1329,0.0022152936698669468,0.001225359563702107
1330,-0.004195661031518583,-0.0025672825897166502
1331,-0.004213338916690512,-0.003086664954377647
1332,-0.004231166109653017,-0.001882979353466384
1333,-0.004249144947751193,-0.002484873889672688
1334,-0.004267277227221644,-0.0015555684285058753
1335,-0.0042855650671504986,-0.002816523726824608
1336,-0.004304010035872441,-0.0030223053003157847
1337,0.00261465476014755,0.001055095066617526
1338,0.002607836021678356,0.0019495105710280786
1339,0.002601053049059443,0.0015867502593163029
1340,0.0025943051238068726,0.002348760073172358
1341,0.0025875921203106778,0.002380648044324211
1342,0.00258091362248436,0.003172877814748448
1343,0.0025742698001856024,0.003532323120670807
1344,0.0037065413828090144,0.0033923382854446718
1345,0.003692853523455275,0.003785233761788472
1346,0.003679266674964099,0.003956494916015413
1347,0.0036657791520102734,0.0039075783683776445
1348,0.003652390438639852,0.003911860307115063
1349,0.0036390988858332474,0.004020327067991961
1350,0.0036259040049198,0.004780923064331487
1351,0.004985266176886105,0.005411591853098176
1352,0.004960536722228515,0.0049117913608420416
1353,0.004936051118808793,0.004647458126840259
1354,0.004911806192357648,0.004800350282389888
1355,0.004887798274525679,0.004712781113397485
1356,0.004864024044713533,0.004634904757981391
1357,0.004840479697231226,0.003983290091316093
1358,0.002125792354948919,0.003328469285652633
1359,0.0021212828116463633,0.002732815517718316
1360,0.0021167926320493358,0.0018228751128919237
1361,0.002112321150261165,0.0015360681795258424
1362,0.002107868790087508,0.0006236438066152381
1363,0.0021034348899633404,0.0008581651784777575
1364,0.0020990198734098797,9.340665679236391e-05
1365,-0.005765017890772217,-0.0037906510503018997
1366,-0.005798446035907845,-0.0039448165300675795
1367,-0.005832264104585261,-0.0031630230407708477
1368,-0.005866478822355137,-0.004157253209482501
1369,-0.00590109762347657,-0.003994865780026792
1370,-0.0059361272901209405,-0.005211932320867416
1371,-0.005971575321350842,-0.005340021198035225
1372,-0.0044455124754696485,-0.003603794282936404
1373,-0.004465363162944103,-0.003938646352980137
1374,-0.004485392208884886,-0.004328187019786569
1375,-0.00450560159919422,-0.004047855097560943
1376,-0.004525993924658911,-0.004014363612255231
1377,-0.004546571537102584,-0.003957185534823564
1378,-0.004567337406716443,-0.004068639127755952
1379,-0.003162202401620573,-0.003154060883670121
1380,-0.003172233646475675,-0.003178425796729094
1381,-0.0031823287367686026,-0.0040134014756113105
1382,-0.0031924881379150616,-0.003881225018044379
1383,-0.0032027129069410742,-0.0046516723931158905
1384,-0.0032130032338681946,-0.003945256794005607
1385,-0.003223359899649725,-0.004215553798934649
1386,-0.009405448882971013,-0.008034743458018367
1387,-0.009494751131443158,-0.00808631683118448
1388,-0.00958576574091341,-0.007049801242708505
1389,-0.009678541824771791,-0.00805299238774277
1390,-0.009773131640358645,-0.007650134794931322
1391,-0.009869588272042762,-0.009022913570542796
1392,-0.009967968169032004,-0.008958072929832878
1393,-0.006674510136205347,-0.00585421203634045
1394,-0.006719358563043065,-0.0062947950177674105
1395,-0.00676481377239202,-0.00722427605117947
1396,-0.006810888324049746,-0.006501457464626378
1397,-0.006857594472559736,-0.006582565571486117
1398,-0.0069049457906469325,-0.005785802235843652
1399,-0.0069529555719561875,-0.005930326495959826
1400,-0.008852918092706386,-0.006863551382289174
1401,-0.008931992456468696,-0.007191032798371768
1402,-0.009012491797594446,-0.00792836047382394
1403,-0.009094455503220633,-0.008284735539315025
1404,-0.009177923722123449,-0.009532526623182281
1405,-0.009262938436778945,-0.009387477050053585
1406,-0.009349542499528685,-0.010273908634488332
1407,-0.015282627346794198,-0.015573194751295073
1408,-0.015519811012101314,-0.015600743224186047
1409,-0.01576447246560775,-0.013422035519434213
1410,-0.016016971572951788,-0.014258190290527313
1411,-0.016277690885132423,-0.01230899121863836
1412,-0.016547038654056268,-0.013940335381099175
1413,-0.01682544983101142,-0.01294726450297095
1414,0.0014450047600158555,-0.0038557028144955803
1415,0.0014429199321797093,-0.0013535798933056824
1416,0.0014408407163428727,-0.0013591394842846632
1417,0.0014387676812865902,0.000235185916771712
1418,0.00143670060289125,0.0007211503736196556
1419,0.0014346396524320681,0.0018508124400658538
1420,0.0014325842134026434,0.002922493373401725
1421,0.004712350284704625,0.004849386873417025
1422,0.004690248192300128,0.0037652814568602372
1423,0.004668352460610814,0.0019174895069602235
1424,0.004646660212971998,0.002613657000230184
1425,0.004625168625939535,0.001511364475381452
1426,0.004603874928064355,0.003244086004777996
1427,0.004582776398701638,0.0038062317536059153
1428,-0.003828712602166884,-0.0007228155831220764
1429,-0.0038434279833222673,-0.0017175317991658943
1430,-0.0038582569159195668,-0.0016960300645294001
1431,-0.0038732009116684285,-0.0026345057774394332
1432,-0.0038882607344032927,-0.00347547732090089
1433,-0.0039034383203533363,-0.004363267574356315
1434,-0.003918734860173911,-0.006885668343062581
1435,-0.015652901757812643,-0.013131009082745022
1436,-0.015901811247033604,-0.013699363591273436
1437,-0.016158764876078147,-0.012035986379747305
1438,-0.016424159204576738,-0.013370582063053105
1439,-0.016698416449877795,-0.012051158568277041
1440,-0.016981988770515044,-0.013960050418523644
1441,-0.017275358718275347,-0.013264200184936
1442,-0.0008147150690941407,-0.004906977087821391
1443,-0.000815379151429485,-0.0023121301096541884
1444,-0.000816044756835943,-0.001921926143324222
1445,-0.0008167112297529089,-1.0415050402283097e-05
1446,-0.0008173787921913478,0.001037935052182932
1447,-0.0008180472265819638,0.002489988754319965
1448,-0.0008187171961572259,0.004132708588198151
1449,0.008288424663578375,0.006947567528848096
1450,0.00822029117882539,0.007342010524537821
1451,0.00815326915113479,0.006910478537389256
1452,0.008087330749810162,0.007430187244195969
1453,0.008022450752403376,0.007140509968099262
1454,0.007958603037948375,0.007969358943975364
1455,0.007895763998429395,0.00903891431483434
1456,0.010812581943286048,0.009118438334030832
1457,0.010696920612621064,0.008412594457346694
1458,0.010583707533349918,0.00808060858937531
1459,0.010472865582890956,0.008512993302706726
1460,0.0103643216374798,0.008608006972855856
1461,0.010258004380719443,0.008976367216629751
1462,0.010153846182102244,0.008103798353007756
1463,0.006119679976739567,0.006141142310173969
1464,0.0060824570920281484,0.0064930980703599124
1465,0.006045684667105755,0.006532854039281763
1466,0.006009353817380214,0.005457617279711027
1467,0.005973457388759762,0.004685440475985738
1468,0.005937986887905478,0.003795725886114235
1469,0.0059029355222550706,0.003132301857723968
1470,-0.0002920871747211784,0.0013007944081094892
1471,-0.00029217232863754106,4.658539674497696e-05
1472,-0.00029225790423792475,0.00012943581678750076
1473,-0.00029234315785442444,0.0002515339600365754
1474,-0.00029242883345959036,0.0008071772490185025
1475,-0.0002925141869509762,0.0007032049825022505
1476,-0.0002925999627367837,0.0012473993677925507
1477,0.0041774205624884875,0.004328732266646516
1478,0.00416004250165547,0.004931597448322313
1479,0.004142808058576142,0.0039103927378204804
1480,0.00412571619299551,0.004162386785022189
1481,0.004108764413173649,0.002939757779513453
1482,0.004091951730715637,0.003593042488865111
1483,0.004075275716749482,0.002126162196139788
1484,-0.006566361563517864,-0.004824768384365748
1485,-0.006609763843728134,-0.005256557858069698
1486,-0.006653743333681517,-0.0034844962479677107
1487,-0.006698312183720967,-0.004876943197076406
1488,-0.00674348213224818,-0.0035747087361639868
1489,-0.006789265609420281,-0.005263186740754643
1490,-0.006835674633017708,-0.0037935785325516587
1491,0.007776934749620601,0.00450178200669055
1492,0.007716920760398871,0.00554756386634659
1493,0.007657825924542561,0.004718244076889433
1494,0.007599629286376253,0.0063361587740029925
1495,0.00754231052244303,0.006260174375810223
1496,0.007485849917838072,0.007337339363160441
1497,0.0074302283436027405,0.0069017811703534
1498,0.00429162493254176,0.0052757779903174935
1499,0.004273285593544784,0.004157704126121071
1500,0.004255102326075733,0.0027036198144340397
1501,0.004237072968673372,0.002329972820779733
1502,0.004219196104511269,0.0009517992801651078
1503,0.004201469281684744,0.0018518343260466464
1504,0.004183890793039824,0.0018787475611619707
1505,-0.0036425328326930018,-0.003214725368260911
1506,-0.0036558493841059025,-0.003250428340608917
1507,-0.003669263659395239,-0.0014546337628821805
1508,-0.0036827765616750385,-0.0023102340028196937
1509,-0.0036963897156542247,-0.0013159727530160019
1510,-0.0037101037048328234,-0.0030200161285310586
1511,-0.0037239198336040946,-0.00370167536501712
1512,0.0006912442652331485,-0.0005875973601549942
1513,0.0006907667766600234,-1.1994998490850962e-06
1514,0.0006902899472980284,-6.476141682944632e-05
1515,0.0006898135969426455,0.0003841001785079788
1516,0.0006893382608779142,0.0008590715816928381
1517,0.0006888634009791783,0.0011840997501703773
1518,0.0006883891948570309,0.0020165519232929175
1519,0.006242197253433224,0.005145123623194652
1520,0.006203473945409543,0.005382545634580759
1521,0.006165228113440113,0.004464965436509984
1522,0.006127450980392135,0.005333314885570828
1523,0.006090133982947554,0.0046315149673568
1524,0.006053268765133124,0.005911235042278994
1525,0.006016847172081841,0.006147286849332535
1526,0.0012694072112098276,0.0024057685229713984
1527,0.0012677980301296632,0.002022791207171227
1528,0.0012661925830022014,0.00268615123181196
1529,0.001264591537026405,0.0018474643340036768
1530,0.0012629941950228485,0.0020795935059971884
1531,0.0012614012226193072,0.0011556799594237353
1532,0.0012598119245135209,0.0007053014173915437
1533,0.002661633807587993,0.0014631146065259288
1534,0.0026545681498790774,0.0016828521759322636
1535,0.0026475402428021155,0.0020696683308507567
1536,0.002640549282314053,0.0022429530178530764
1537,0.0026335951445453087,0.002821056739788864
1538,0.0026266773721792536,0.0026003588962107737
1539,0.002619796179985645,0.002840634808668476
1540,0.006983704689058845,0.0056540531666436165
1541,0.006935270805812355,0.005926373485953536
1542,0.006887504099704955,0.005068589245582195
1543,0.006840390879478964,0.005598641035407647
1544,0.006793917825946405,0.004889083498669776
1545,0.006748071979434389,0.005734483692189544
1546,0.0067028407277369695,0.005831414369979573
1547,0.0018344053582752817,0.003029441158878986
1548,0.0018310463185682302,0.0025931141126715063
1549,0.0018276998736816985,0.0028277928779561192
1550,0.0018243653234613078,0.0022469942144865197
1551,0.0018210432329954784,0.0022739359672082323
1552,0.0018177329054145375,0.0018332144403736528
1553,0.0018144349044721952,0.0016423376211836026
1554,0.00024595852246034333,0.0015159019846769392
1555,0.0002458978852610816,0.0012384403538146255
1556,0.00024583759079765954,0.0011591837528073057
1557,0.00024577701312678,0.0009487735229421184
1558,0.00024571677799478664,0.0007888654780236761
1559,0.0002456562597650258,0.00036526964662907655
1560,0.0002455960838763094,-0.00027696284250255357
1561,-0.0015625000000000222,-0.0005788876421356495
1562,-0.0015649452269170805,-0.0011767675869981398
1563,-0.0015673981191222097,-0.0018173547603289228
1564,-0.0015698587127158659,-0.0018326105315868062
1565,-0.0015723270440252124,-0.002323675062718766
1566,-0.0015748031496063408,-0.0020961461835911103
1567,-0.001577287066246047,-0.002277994222348318
1568,-0.003069284518167348,-0.0037871809790904704
1569,-0.003078734187322074,-0.0031785348623290096
1570,-0.0030882419047887355,-0.002394856910297847
1571,-0.003097808846836303,-0.002870745679331304
1572,-0.0031074349267974366,-0.0024539334705746176
1573,-0.003117121338456985,-0.003027941546557833
1574,-0.0031268680049979514,-0.0028759633491330667
1575,-0.0006457862447529772,-0.0014027560797065476
1576,-0.0006462035541194844,-0.0013564378887990847
1577,-0.0006466214031684014,-0.0012619755656963039
1578,-0.0006470397929472238,-0.0010737610814809835
1579,-0.0006474587245063335,-0.0008587295624220408
1580,-0.0006478781988985549,-0.0010772291875186238
1581,-0.0006482982171800433,-0.0006373919396290321
1582,0.002548538112228327,0.0021716507767134702
1583,0.0025420594147467224,0.0015202189100063694
1584,0.002535613895339184,-0.00030951166193100344
1585,0.0025292008185995307,0.0004490727260329859
1586,0.0025228200999376504,-0.0006006795622822156
1587,0.002516471334929715,0.0009939548935047448
1588,0.0025101547625625553,0.0003270201858839634
1589,-0.009400892288081497,-0.0062333297230795824
1590,-0.009490107769020484,-0.006571713332831508
1591,-0.009581032802858047,-0.005665418589602001
1592,-0.009673717002787408,-0.007509832028731274
1593,-0.00976821192052979,-0.008023974138666947
1594,-0.009864571141949607,-0.00986126474183423
1595,-0.009962850388382294,-0.01079818163201853
1596,-0.012499695377792941,-0.011643017507503533
1597,-0.012657915637946271,-0.012518414084672082
1598,-0.012820192378819484,-0.011746897433552998
1599,-0.01298668416821902,-0.011326065507809898
1600,-0.013157557208105963,-0.00971026826377795
1601,-0.013332986925875923,-0.010093261689770844
1602,-0.013513157496167993,-0.009318015463658742
1603,0.0013084112149532867,-0.0019806878718422994
1604,0.0013067015120402647,0.0005363975203968582
1605,0.0013049962714393182,-0.00021039339677062603
1606,0.001303295475702848,0.0009164894960410197
1607,0.00130159910747496,0.00019945480890979056
1608,0.0012999071494892434,0.0019260273644732507
1609,0.0012982195845696598,0.002188214159248443
1610,-0.003916069086868035,-0.0030356470861025676
1611,-0.003931464975323928,-0.0035764101838058823
1612,-0.003946982398381316,-0.0017147811843900625
1613,-0.00396262298824912,-0.0024009479836557346
1614,-0.003978387651190296,-0.0009232206754528759
1615,-0.00399427843920841,-0.0022636931825044736
1616,-0.004010296680775238,-0.00037121703474717353
1617,0.013385205484669482,0.008884637188707327
1618,0.013208408414357775,0.009429502542911075
1619,0.013036220501865259,0.0076820566347813556
1620,0.012868464362909782,0.009760112886872662
1621,0.01270497089768119,0.009336202112633623
1622,0.012545579851534816,0.011386293499866935
1623,0.0123901382048206,0.010020274105744707
1624,0.0025870003482499904,0.004059153441534632
1625,0.0025803250464564442,0.003982257730252047
1626,0.002573684104898666,0.004145855486566784
1627,0.002567077086177205,0.0023124170875950677
1628,0.0025605042471792405,0.0011232586859279974
1629,0.002553964809437703,0.00018486040453679947
1630,0.0025474586895908313,0.0004695889848511461
1631,-0.002345525226611911,-0.0015084089491491583
1632,-0.002351039477988537,-0.002596565341775864
1633,-0.002356580062177538,-0.0014244308487971285
1634,-0.002362146649876662,-0.001081329228653781
1635,-0.002367739598036045,0.0006235185986415198
1636,-0.002373358921286539,-0.00029112412185489415
1637,-0.0023790053278627266,-0.00027467223192469386
1638,0.0067069081898800675,0.006207032731727766
1639,0.0066622250840184805,0.007168223455115388
1640,0.006618133759997535,0.004807423441636789
1641,0.006574621861515473,0.005262647411900922
1642,0.006531678714301048,0.003061592649152639
1643,0.006489292570805549,0.0046776685840313826
1644,0.00644745332806429,0.0033275039407923796
1645,-0.010866728284338212,-0.006972567235965418
1646,-0.01098611153942386,-0.008504437806329332
1647,-0.011108146710269273,-0.006666510559259296
1648,-0.011232923846112186,-0.008428056042348765
1649,-0.01136053570687634,-0.007450548840571605
1650,-0.011491080713262658,-0.009570666479324553
1651,-0.011624660449119806,-0.008393112468009613
1652,0.0014637528312062553,-0.0008880566738214186
1653,0.0014616133904676865,0.00016016426651397492
1654,0.0014594801946721248,-0.00040066569456530135
1655,0.001457353395489136,0.0010206578597097
1656,0.0014552324285950213,0.0012945665757212446
1657,0.001453117804443238,0.0020728298187864306
1658,0.0014510093169703975,0.0009438481258730451
1659,-0.0013726487544484245,-0.0006813731226222104
1660,-0.001374535330722182,-0.0007894603164627757
1661,-0.0013764274570725599,-0.0014820649024415871
1662,-0.001378324620925464,-0.0020896729378857455
1663,-0.0013802270218122858,-0.002975572752139336
1664,-0.001382134502281751,-0.002399771790961317
1665,-0.00138404762141775,-0.0011948728649857458
1666,-0.002977259971253976,-0.0027233501624820333
1667,-0.0029861503374597476,-0.0031381264154392127
1668,-0.0029950943195714563,-0.0020556598296234243
1669,-0.003004091676749643,-0.0018505484476959635
1670,-0.00301314361769367,-0.0010097474986646992
1671,-0.0030222499088902177,-0.0018958463595456234
1672,-0.0030314117752288094,-0.0025090737267076495
1673,0.0009698557798165641,-5.5465147954577557e-05
1674,0.000968916254273422,0.0003295419221941097
1675,0.0009679781811713362,-0.000513672875181424
1676,0.0009670421055130163,-0.00026418964404612986
1677,0.000966107838554553,-0.0005194206349987842
1678,0.0009651755576598475,0.0004304746977543637
1679,0.0009642447096338547,0.00044447624552382395
1680,-0.0018224895206851999,-0.0016072963186227068
1681,-0.00182581705313134,-0.0010290082870081962
1682,-0.001829156758734296,4.500589807331482e-05
1683,-0.0018325087044164245,-0.0004004038649844479
1684,-0.0018358729575913557,-0.00017715134562800014
1685,-0.0018392495861687674,-0.0010096417205877257
1686,-0.0018426386585590482,-0.0002935463629068493
1687,0.002452596270998697,0.002258661488529993
1688,0.0024465959435149287,0.0014253498656353098
1689,0.0024406245372701196,0.0007108443162016953
1690,0.0024346823916845395,0.0016277081072403202
1691,0.0024287691102982123,0.0019354308389987764
1692,0.0024228846656750846,0.002702520203964193
1693,0.002417028302496682,0.0024755278101470965
1694,0.0036816177858438603,0.002626643045649295
1695,0.0036681133758869056,0.003556242682791822
1696,0.0036547073142800812,0.003247680806713131
1697,0.0036413990664774243,0.0028293499479133226
1698,0.0036281873883088345,0.0018922654371884063
1699,0.0036150714106630844,0.002112675218971899
1700,0.00360204956604937,0.0015727156624094863
1701,-0.004221009023354538,-0.0031363751532522822
1702,-0.0042389014646860845,-0.003780039231313477
1703,-0.004256946240339343,-0.002160330729604177
1704,-0.004275145124870705,-0.0029182620438044154
1705,-0.004293500642408521,-0.001594575185618039
1706,-0.004312014278483156,-0.003249352198854726
1707,-0.0043306882681311,-0.0021735441345477244
1708,0.008438598723792046,0.0062800377072788315
1709,0.008367984839916742,0.006601455560111391
1710,0.008298542580618795,0.004332374172699739
1711,0.008230243554036898,0.00601855017929801
1712,0.00816305958550223,0.004924344726430933
1713,0.008096963764195664,0.007151658870759459
1714,0.008031929348371047,0.0060443132840868816
1715,-0.005361139094508638,-0.0016358863240221134
1716,-0.005390035826297601,-0.0024130390735994265
1717,-0.005419245755069135,-0.0020053565173262363
1718,-0.005448774175401794,-0.0039754211638177
1719,-0.005478625795190872,-0.00490950286458974
1720,-0.005508806484497364,-0.006263402445883829
1721,-0.005539321534888675,-0.006423117837674574
1722,-0.007920893221248337,-0.007834646150983221
1723,-0.007984134879955529,-0.008296963678169414
1724,-0.008048394164242967,-0.00679452246934705
1725,-0.008113696390926073,-0.0064565036122465665
1726,-0.00818006697078455,-0.0044157473315240975
1727,-0.00824753252388466,-0.005328209841946999
1728,-0.008316119806224598,-0.005111979062583585
1729,0.005112668055292424,0.002451345229981238
1730,0.005086661642803358,0.00432883751787423
1731,0.0050609184629801796,0.002895070391752618
1732,0.005035434539351069,0.003764598326036904
1733,0.005010205975134463,0.0024703250148604954
1734,0.004985228951255527,0.004057578128797448
1735,0.004960499724416811,0.0041555788728803835
1736,-0.002402716087751444,-0.0012483090205226885
1737,-0.0024085030367451132,-0.0022641628014137562
1738,-0.0024143179288084182,-0.0011635272885109956
1739,-0.0024201611509637733,-0.0016506790012719974
1740,-0.0024260323560802988,-0.0006079370858718129
1741,-0.0024319323025341344,-0.0012162826055919329
1742,-0.0024378610154867086,0.00022975411991446988
1743,0.00765021513573827,0.005589406447299477
1744,0.007592133679748869,0.006181685833650302
1745,0.007534927502879762,0.005410310751439175
1746,0.007478577149375054,0.006200172320543254
1747,0.007423063018138221,0.005568604698038649
1748,0.007368367164336753,0.005947447460522618
1749,0.007314471453057525,0.004034064586324465
1750,-0.001159800388280896,-0.0006331368148804538
1751,-0.0011611469104272354,-0.0013519844487948581
1752,-0.001162496916826905,-0.0012455341466356073
1753,-0.001163849711626419,-0.002039758059277963
1754,-0.001165206013416853,-0.0019267726666801726
1755,-0.0011665651248013997,-0.0019331691919073093
1756,-0.0011679277661222898,-0.0005864486670013275
1757,0.0026436197508896697,0.001549044024504601
1758,0.002636649452321338,0.0026922744196011743
1759,0.0026297158135617504,0.0034909340898497177
1760,0.0026228183696188623,0.0037368491943130192
1761,0.0026159573651234336,0.004003857484536074
1762,0.0026091319870851226,0.0032968723236143672
1763,0.002602342132984825,0.0025917926539176916
1764,0.001197963487072018,0.002947646428403719
1765,0.001196530087715697,0.001467390432533901
1766,0.0011951001144709927,7.095404391424991e-05
1767,0.0011936733809914113,0.00034069021891664083
1768,0.0011922503975057008,-4.7180860446094494e-05
1769,0.0011908306292145454,0.0010655870757481623
1770,0.0011894142383088724,0.0015099951085023149
1771,0.00012375017325028104,0.00047594625958794395
1772,0.0001237346878109058,0.0011943545511452634
1773,0.0001237195526393453,0.001547834534492904
1774,0.00012370424800534074,0.0012002883696459895
1775,0.00012368894715697465,0.0005513505179908804
1776,0.00012367347695052544,6.300477102757249e-05
1777,0.00012365835683447735,-0.0012085186495132618
1778,-0.006429436904968111,-0.005464668978522569
1779,-0.006471042061612531,-0.005769779259084664
1780,-0.006513189182769441,-0.004143058179367029
1781,-0.006555889104120971,-0.004904578162219141
1782,-0.006599152237868888,-0.0030859007451426636
1783,-0.006642990342453414,-0.004304067488458217
1784,-0.0066874147742145285,-0.0026155506218871263
1785,0.010435278049664598,0.007157028137138669
1786,0.010327507456537877,0.008483071916114486
1787,0.010221940469504753,0.007029522605231666
1788,0.010118509490302463,0.008930979949536164
1789,0.010017151028312465,0.008044282731757542
1790,0.009917802726536529,0.00981316289601277
1791,0.009820406048918429,0.009270356326302326
1792,0.0020994207770268503,0.004106425738442958
1793,0.0020950226119460513,0.0028435085392740636
1794,0.0020906425000699613,0.002533471517025321
1795,0.0020862810005555232,0.0016535975884577202
1796,0.002081937326405603,0.0012590851966633458
1797,0.0020776120358705352,0.0013470096942782602
1798,0.002073304346641658,0.0018031953261458608
1799,0.0008799257532878801,0.0005943020402868422
1800,0.000879152330983235,0.0013104865411470714
1801,0.0008783799348899279,0.0027883434780400923
1802,0.0008776090607003351,0.0023371429551757123
1803,0.0008768395383766947,0.0030189447566830938
1804,0.000876071530109046,0.001384899215969829
1805,0.0008753045349825239,0.0003608687747004193
1806,0.0030254324950365064,0.002931059569657796
1807,0.003016307027194687,0.0022644215575009573
1808,0.003007236114814793,0.0008908655530902737
1809,0.002998219760072196,0.0014231106131696424
1810,0.0029892573097380915,0.0011778031944414875
1811,0.002980348444838965,0.002353571799537967
1812,0.0029714921996948362,0.003253369863042153
1813,0.0030784186649384093,0.0034731349344896533
1814,0.0030689710870619447,0.003854113759954746
1815,0.0030595813204508104,0.003453454402080821
1816,0.0030502488360892865,0.003297950423123433
1817,0.0030409731113956173,0.00199785256826418
1818,0.0030317536301260883,0.002025754182771495
1819,0.003022589882277993,0.0007677882871743142
1820,-0.009085759555907957,-0.005656725126639819
1821,-0.009169067658610253,-0.007209092155908942
1822,-0.009253917292312175,-0.006324061476403851
1823,-0.009340352138482722,-0.007547387473029208
1824,-0.009428416872177325,-0.006550473933279533
1825,-0.009518158200129245,-0.007990989673295519
1826,-0.009609623955024627,-0.007656567556378684
1827,-0.0012098335027100893,-0.001613718805381273
1828,-0.0012112989727890433,-0.00026379657894639344
1829,-0.0012127679974186512,-0.001178762216254868
1830,-0.0012142407595404636,-0.0002949017088500558
1831,-0.0012157167623916276,-0.0009898200437881092
1832,-0.001217196528614739,2.6406316330721008e-06
1833,-0.0012186799015604377,-0.0007153442663445806
1834,-0.010615452169456807,-0.00559873851191671
1835,-0.01072934906122558,-0.007282006811114326
1836,-0.010845716539800265,-0.007379721989771538
1837,-0.010964636048877208,-0.00822583799979529
1838,-0.011086191932138667,-0.008631235493427949
1839,-0.011210473391810583,-0.0091696475690723
1840,-0.011337572951713337,-0.008648612158647392
1841,-0.006933277172910035,-0.007330024817277582
1842,-0.006981682931270106,-0.006538854824921432
1843,-0.007030769722056629,-0.005711827447521983
1844,-0.00708055126034246,-0.0049644074505957704
1845,-0.007131043165471196,-0.0038405965739964744
1846,-0.007182259981626027,-0.003612393933268791
1847,-0.007234218208727716,-0.004156146232150106
1848,-0.003435664468580346,-0.0034483881841612814
1849,-0.003447508757976281,-0.0015462707052589799
1850,-0.003459435386386156,-0.000614223415005151
1851,-0.0034714446247627873,-0.0014457064008359703
1852,-0.0034835375324049345,-0.0012101570378179498
1853,-0.0034957147894251195,-0.002215506151142907
1854,-0.003507977876909041,-0.0007761888597893394
1855,0.0049114240858505465,0.00407774236608838
1856,0.004887419696308459,0.0023867203369830918
1857,0.004863649199173148,0.0006994104958534713
1858,0.00484010860881412,0.002454908090265397
1859,0.0048167947988411175,0.002317043698969127
1860,0.004793704313935665,0.003907976871866834
1861,0.004770834537795476,0.00405149387698901
1862,0.003650336215177852,0.003223214377209198
1863,0.0036370597243491343,0.0029577771963806916
1864,0.0036238794583254297,0.0011062798367298585
1865,0.003610794374762527,0.0001698001301956185
1866,0.003597803446316883,-0.0027888123074950684
1867,0.003584905660377391,-0.0026158095140790824
1868,0.0035721000188007057,-0.00579805994880982
1869,-0.02306910022480335,-0.01958761823908784
1870,-0.023613850508886314,-0.020669719287797178
1871,-0.024184950310073172,-0.01760148648082488
1872,-0.024784358997287148,-0.020721619016925086
1873,-0.025414234302619354,-0.018429877326668558
1874,-0.02607696028110351,-0.022199448497373275
1875,-0.026775175468310097,-0.020599498158835813
1876,-0.011106855674709482,-0.0065354752723614205
1877,-0.011231603247562116,-0.00655312392551772
1878,-0.011359185336399014,-0.010386598394454551
1879,-0.011489698956303251,-0.008384727721041839
1880,-0.011623246560174327,-0.01121783361003321
1881,-0.011759934949827078,-0.009338691354157854
1882,-0.011899876965401401,-0.011912065503008079
1883,-0.0330495569282947,-0.02367700779031269
1884,-0.03417916337630944,-0.028871117925291786
1885,-0.035388719967219595,-0.03148366974917556
1886,-0.03668702715710592,-0.033493987201593675
1887,-0.03808422384256549,-0.035879781100142824
1888,-0.03959205687825573,-0.035824059637619886
1889,-0.041224207766712984,-0.037780437179794894
1890,-0.04187114497321143,-0.04744304619816615
1891,-0.04370095395158602,-0.04337584975636087
1892,-0.04569800015190384,-0.03631026211724641
1893,-0.04788630833343588,-0.04018243121166778
1894,-0.050294738026559704,-0.036354198461273975
1895,-0.0529582598311078,-0.04403388096777975
1896,-0.05591966814647831,-0.044252374761173906
1897,-0.005859499331252849,-0.021614181058026767
1898,-0.005894035427901012,-0.017254216202722817
1899,-0.00592898105227424,-0.016604754524982966
1900,-0.005964343985874088,-0.010890350703920191
1901,-0.006000130373573387,-0.005705583599124044
1902,-0.006036349256090312,-0.0012195857813751148
1903,-0.006073008053737561,0.008125836576872048
1904,0.04536096187819605,0.033919944266516795
1905,0.04339262997902282,0.035022283924296516
1906,0.04158801699090242,0.025933875613417423
1907,0.039927510576414305,0.030101651886656786
1908,0.03839451363633639,0.022143097804604137
1909,0.03697488068227739,0.029393424160965874
1910,0.03565648671923616,0.025388126014469155
1911,-0.02812783556810161,-0.013064636964877242
1912,-0.02894190845735911,-0.02151194404593878
1913,-0.029804508167427857,-0.018746354733909548
1914,-0.030720105812006238,-0.02619500323748592
1915,-0.03169374088558985,-0.025836731334257863
1916,-0.03273111186638866,-0.03265714369273292
1917,-0.03383869023240271,-0.0357863702943786
1918,-0.028182274604569568,-0.031235065952812405
1919,-0.02899954782477554,-0.02827088423114915
1920,-0.029865637816966273,-0.025025836774354368
1921,-0.030785053541833696,-0.024510857279272092
1922,-0.031762874865258084,-0.021546696859757086
1923,-0.032804851250501144,-0.02440122170574448
1924,-0.03391751012493727,-0.02625306052395105
1925,-0.010399562123700079,-0.015097398753349527
1926,-0.01050884955752196,-0.011142049738486074
1927,-0.01062045835662384,-0.011128226578844857
1928,-0.010734463276836026,-0.008511480764620074
1929,-0.010850942318675116,-0.007089054660092336
1930,-0.010969976905311873,-0.0032605174764598335
1931,-0.011091652072387492,0.004606651308982876
1932,0.023950076151121547,0.015625075120999882
1933,0.023389886009704375,0.01879964098031185
1934,0.022855303639373492,0.020326956449525483
1935,0.02234461022465073,0.023575891662519357
1936,0.021856241576397872,0.025768333649558113
1937,0.021388763065115945,0.027626413995911238
1938,0.020940864405163184,0.028885758552540407
1939,0.03582262032355921,0.03147690203108638
1940,0.03458374013146104,0.030348432035457534
1941,0.03342768573481214,0.028350122785093006
1942,0.032346419323266096,0.02769160376514089
1943,0.03133291226114965,0.02613029630910611
1944,0.030380987447063745,0.025839115527444667
1945,0.029485198016257597,0.024422186455209632
1946,0.027081649151172282,0.0218873527122898
1947,0.02636757182211724,0.020657071195422254
1948,0.025690184049079745,0.020023938177700797
1949,0.025046728971962695,0.02022419597825118
1950,0.024434719183078046,0.019996746336180614
1951,0.023851904592381734,0.02041979240990392
1952,0.023296244784422715,0.020219506703740866
1953,0.01854278933061493,0.018177023098219235
1954,0.018205213551226507,0.019158802177138202
1955,0.01787970994701049,0.01978672459906108
1956,0.017565641052323056,0.01811171275085616
1957,0.017262415971554423,0.017085804105219603
1958,0.016969481408334985,0.01508464455920067
1959,0.016686323463506625,0.013782755834899357
1960,0.009624060150375868,0.012275094033366107
1961,0.00953232052427766,0.009874149613700235
1962,0.009442313366774924,0.00920112741094348
1963,0.009353990061385486,0.009751057119648963
1964,0.009267303793802473,0.010807934677147066
1965,0.009182209469153602,0.011542910173308238
1966,0.00909866363377887,0.012671933899549489
1967,0.016342631727247037,0.017408308265484024
1968,0.01607984474632662,0.01880490546791395
1969,0.015825375170531952,0.016728478117539552
1970,0.015578834273435538,0.0161090734015214
1971,0.015339857180640015,0.012577441666293586
1972,0.015108101067986324,0.012467481681785967
1973,0.014883243520656952,0.008868592163785601
1974,-0.01188369152970925,-0.006271816343494443
1975,-0.0120266120777891,-0.00995707171568112
1976,-0.012173012173012143,-0.007914135614107393
1977,-0.012323020450970112,-0.010360438141532735
1978,-0.012476771967082523,-0.00801740911881415
1979,-0.012634408602150704,-0.010736861706027822
1980,-0.012796079499047042,-0.008404712581220017
1981,0.013749901544401588,0.006895205368357882
1982,0.013563406046653181,0.010176896498386483
1983,0.013381901877808078,0.00851518328911131
1984,0.013205191038646369,0.010856038314665646
1985,0.013033086901154123,0.009498635019514947
1986,0.012865410883095452,0.011292670910838548
1987,0.012701994504756842,0.008755641978811214
1988,-0.00452830188679243,-0.001461299938626026
1989,-0.004548900682335044,-0.003775486554006277
1990,-0.004569687738004591,-0.0035189068261431717
1991,-0.004590665646518777,-0.005452935249175159
1992,-0.004611837048424272,-0.00533488645082612
1993,-0.004633204633204602,-0.005999981658230066
1994,-0.004654771140418901,-0.003050666521196318
1995,0.008016924655754654,0.0034936772621341483
1996,0.00795316473331309,0.00470628158811008
1997,0.007890410994857211,0.004951957060779164
1998,0.007828639555525818,0.0066124934355304725
1999,0.0077678282814868105,0.0070362137691006976
2000,0.007707954216729762,0.007247862401990178
2001,0.007648996104948846,0.0047083701762434
2002,-0.00035143198031972744,0.0007456281833903484
2003,-0.0003515557742642672,1.2660494636106546e-05
2004,-0.00035167916301559465,-0.0007575902747909236
2005,-0.0003518031310218994,-0.0022671356689018696
2006,-0.00035192669367256624,-0.003146783058804063
2007,-0.0003520508361078978,-0.0032010869097072814
2008,-0.0003521745730254988,-0.00193685353642036
2009,0.0001409196054253936,-0.0014213816576267551
2010,0.0001408995033138627,-0.0013015771947800289
2011,0.00014087989998023964,-0.00023539837579912202
2012,0.00014085980912503793,0.0007101350147572189
2013,0.00014084021690341508,0.001635768290179139
2014,0.00014082013729499465,0.00137071058322187
2015,0.00014080055617671228,0.0010659540006076437
2016,0.002463661000246198,0.0028454508058763294
2017,0.0024576062914720698,0.0030102378867686245
2018,0.0024515812699190676,0.0018258544307372146
2019,0.0024455857177794194,0.0015629280916658736
2020,0.0024396194193705423,0.0007114624550598046
2021,0.0024336821611097292,0.001366605786770282
2022,0.0024277737314881698,0.0009678507200982791
2023,-0.0035290455316057123,-0.0027522446179852997
2024,-0.0035415435578842747,-0.0029683844253214848
2025,-0.003554130910360831,-0.0018087077486401175
2026,-0.0035668075674767374,-0.0023263237735676565
2027,-0.003579575469129348,-0.001712363487287468
2028,-0.0035924346142920394,-0.0026914753282505353
2029,-0.0036053869778084335,-0.0020880450861379095
2030,0.0033701090141542434,0.0016606930900155922
2031,0.0033587892798021546,0.0016294137130982152
2032,0.003347545826256848,0.0010093961458933725
2033,0.003336376905012539,0.0018796530292053205
2034,0.0033252827542669117,0.0018253600463742886
2035,0.003314261652131112,0.002444306323893654
2036,0.003303313849922107,0.0019312947034141696
2037,0.0027379218825813734,0.0009537585435370772
2038,0.002730446376298934,0.0017198817132041586
2039,0.0027230110985740907,0.0018916028126925637
2040,0.0027156164448554065,0.0015068622619637169
2041,0.0027082618444533857,0.001404735448461974
2042,0.002700947212147531,0.0015959894500249608
2043,0.0026936715082723772,0.0022571866804261317
2044,0.001122181861461513,0.0018000783434336761
2045,0.001120923743130442,0.0016507844553464235
2046,0.001119668917428207,0.0021320203286578385
2047,0.0011184166610560542,0.0018829948204370948
2048,0.001117167202643321,0.0021766367113451213
2049,0.001115920296112849,0.001314205917432967
2050,0.0011146766425342847,0.0013185624927062759
2051,0.002125649504014948,0.0038581854867812174
2052,0.0021211407023333795,0.0020284770721898486
2053,0.002116650987770363,-0.0004741142519815669
2054,0.0021121802393804234,0.0002555129978584385
2055,0.002107728337236381,-0.0013499461014842983
2056,0.002103295162421137,0.00016548481818774691
2057,0.002098880597014796,-0.0013796983810665173
2058,-0.010638651617407402,-0.009391538573112937
2059,-0.010753049330337383,-0.009038842684975382
2060,-0.01086993450753726,-0.007398191689044125
2061,-0.01098938844015962,-0.009252019331031565
2062,-0.011111496996809467,-0.009050380490908854
2063,-0.01123634941654228,-0.010731845420324309
2064,-0.011364039986408225,-0.011052833449728272
2065,-0.00876468267538344,-0.010401124282459113
2066,-0.008842181591188325,-0.009002602177468079
2067,-0.008921063252453232,-0.006423571371737952
2068,-0.009001364740731321,-0.006346985361136067
2069,-0.009083125524801838,-0.003702097288943842
2070,-0.009166384949910511,-0.005343010448701742
2071,-0.00925118487168719,-0.003191405461175525
2072,0.014465577283685915,0.011003745773843297
2073,0.014259308159493056,0.011176985967129096
2074,0.014058838844051236,0.007033097705983231
2075,0.013863928112965329,0.01005173375321309
2076,0.01367434793618627,0.008049218706634912
2077,0.013489882588058943,0.012377726359905262
2078,0.013310327828444546,0.012200523560696348
2079,-0.00298849768912679,0.0011278658931994322
2080,-0.0029974558221743663,-0.0003341093516997173
2081,-0.003006467331201579,0.00017157205576759122
2082,-0.003015533433956663,-0.0023238390600236747
2083,-0.003024654380367031,-0.003845322304541603
2084,-0.0030338309165308663,-0.005676897981857716
2085,-0.0030430628076177912,-0.007375550096544662
2086,-0.011357586583850887,-0.01308257856415394
2087,-0.011488063005671512,-0.013277879788655087
2088,-0.01162157261540342,-0.009985978412164758
2089,-0.01175822164204443,-0.010682479522162851
2090,-0.011898122402375977,-0.007125042580567611
2091,-0.012041392099195525,-0.00972728581407065
2092,-0.012188154712459598,-0.00884018707579975
2093,0.013688066396761123,0.006658934211227719
2094,0.013503232977291502,0.00988459400240246
2095,0.013323325278287612,0.007466184259896728
2096,0.013148148222709155,0.009712837604893327
2097,0.012977517893877577,0.00801300029424268
2098,0.012811259291287236,0.010919269127717696
2099,0.012649207269741725,0.01171818306588009
2100,0.0009852216748769127,0.005193369532832546
2101,0.0009842519685039353,0.00218703509964883
2102,0.000983284169124854,0.0012630764390903918
2103,0.0009823182711197198,0.0006713049245099582
2104,0.0009813542688910104,-0.00012849177924019456
2105,0.0009803921568629637,0.00022377416827567003
2106,0.0009794319294809117,0.0006588905325164107
2107,-0.0035993850293543073,-0.0017296879327376048
2108,-0.003612387156988972,-0.0020144193879824356
2109,-0.0036254840545273392,-0.0017242908909288076
2110,-0.0036386760164045517,-0.002511054898999424
2111,-0.003651964331430113,-0.0028528942021703576
2112,-0.0036653498100066573,-0.004107134512239915
2113,-0.003678834273613818,-0.007681268722235864
2114,-0.014554579673776602,-0.013431532592026214
2115,-0.014769544181309047,-0.013341159742932776
2116,-0.014990953734815182,-0.01163194848940347
2117,-0.015219102597743284,-0.013071056434452104
2118,-0.015454303224087362,-0.011775931394702182
2119,-0.015696887686062366,-0.01340111801867933
2120,-0.01594720923838322,-0.010929864955542748
2121,0.005388576138586121,-5.364552156077618e-05
2122,0.005359695291834221,0.0020059343890426523
2123,0.005331121825376428,0.0019141686516589743
2124,0.005302851677063902,0.00481779390437553
2125,0.005274879772018792,0.005743922027291149
2126,0.005247201687490044,0.007792188017999644
2127,0.0052198120090307665,0.008842712717611886
2128,0.011500884760366148,0.009846771301877003
2129,0.01137011807344046,0.01014637667097385
2130,0.011242292150463573,0.009231710321626117
2131,0.011117308124599878,0.009048236912273874
2132,0.010995072515591842,0.00824024446767389
2133,0.010875495397641988,0.009222624408712346
2134,0.010758491725011421,0.009641219197728031
2135,0.007190915275355092,0.006203375124410503
2136,0.007139575195025616,0.00572494203870021
2137,0.007088963010557059,0.0070173968546833766
2138,0.007039063106905941,0.006622921711639957
2139,0.006989861276202491,0.007459350611039838
2140,0.0069413422567567995,0.0060741152839198075
2141,0.006893492168272619,0.005745770415666323
2142,0.01145568540925268,0.009536939435371861
2143,0.01132593924949421,0.009134349301288886
2144,0.011199098703369659,0.007446569896395513
2145,0.011075067924536386,0.008051438156202668
2146,0.0109537543510696,0.00706296721004099
2147,0.010835069884036042,0.008134408780178057
2148,0.010718929311469338,0.007340941690685078
2149,0.0022904834175268007,0.0028358808129467644
2150,0.0022852493115093075,0.0029928051221121458
2151,0.002280038635653625,0.003713399008634105
2152,0.0022748521036008995,0.002719691893113271
2153,0.0022696886793973636,0.002547916652374894
2154,0.0022645490756378894,0.0018928140110950704
2155,0.0022594322632460972,0.0021501955011697595
2156,0.0009573218763512248,0.0018512134932162578
2157,0.0009564065036518077,0.0016713052178432897
2158,0.0009554924484971306,0.0024470907546734998
2159,0.0009545805697279697,0.002366109395599796
2160,0.0009536699993260012,0.0032959931355977527
2161,0.0009527615945217338,0.0023619978754077465
2162,0.0009518544889812741,0.0023993308445794093
2163,0.007760974232338347,0.0071557288549532845
2164,0.0077012053758585,0.006942617820394694
2165,0.007642350068427284,0.0048400754949825195
2166,0.007584387733759579,0.005637407388278828
2167,0.00752729758047721,0.004254580429326072
2168,0.00747106068347092,0.005902412483445286
2169,0.007415657853638402,0.0052972995860538314
2170,-0.0025312771894093755,-0.00132283683487236
2171,-0.0025377010177750625,-0.0018054759333920988
2172,-0.0025441571237145855,-0.0006698502264940368
2173,-0.002550646574068449,-0.0020552235011352953
2174,-0.0025571688026897466,-0.0020067809223814166
2175,-0.002563724885735641,-0.0034922401172705394
2176,-0.0025703142580865146,-0.0035793877301869242
2177,0.0008589792660169682,-0.002042739634368831
2178,0.0008582420538874036,-0.001467955096598075
2179,0.0008575061060858147,-0.00043164252599863125
2180,0.0008567716261691505,0.00010699007521348589
2181,0.0008560379903010951,0.0017288059536337238
2182,0.0008553058160292171,0.001470059751005729
2183,0.0008545748931529928,0.0021482017096522343
2184,0.01095277349546575,0.008339981956601107
2185,0.01083410994323275,0.00927071128192742
2186,0.010717990060546079,0.0075750644269958565
2187,0.010604333125194376,0.008352602048664526
2188,0.010493061011184635,0.006882993143365641
2189,0.010384100016168851,0.008376063172508932
2190,0.010277378687968852,0.008450840632683304
2191,0.00032815581929557247,0.002795020616616254
2192,0.00032804797701868615,0.0008406626650462621
2193,0.0003279405881335684,0.0008581070613813439
2194,0.0003278330783611505,0.00018699148542056075
2195,0.0003277256390559202,0.00010277221483074819
2196,0.00032761807903836093,-0.0003830823705071574
2197,0.00032751097163363774,-0.0007517965905333822
2198,-0.0002455527119938905,-0.0012431724693853345
2199,-0.0002456132139700973,-0.0007036411514154841
2200,-0.00024567336356218217,-4.1370285555058554e-05
2201,-0.000245733733795106,-0.00031500082423450146
2202,-0.0002457941337054015,-3.378480060938604e-05
2203,-0.00024585475453497985,-0.0007096516342003231
2204,-0.0002459150226921114,-0.0018320002344166303
2205,-0.00019131432944341498,-0.0021035524866786907
2206,-0.00019135093761957211,-0.0011419471859319024
2207,-0.00019138755980852018,-5.0898127886983026e-05
2208,-0.00019142419601847482,-3.2698818382324694e-05
2209,-0.00019146084625687454,0.0011142236526613149
2210,-0.00019149751053237907,0.0009540655124334022
2211,-0.00019153418885264895,0.0031865790763320133
2212,0.012725779885057298,0.010131601975580029
2213,0.012565869586209866,0.01079057561279901
2214,0.012409927861958714,0.00971048043198907
2215,0.012257809516924123,0.011127102470662871
2216,0.012109374921244198,0.010662833035501723
2217,0.011964492577176467,0.011978116862544713
2218,0.011823035773316448,0.011754057644830644
2219,0.006583741600703519,0.008451936929883299
2220,0.0065406796320148786,0.006881970523477177
2221,0.006498176963553259,0.005888603897958344
2222,0.006456223454644139,0.005209944661422939
2223,0.006414807849256299,0.004116876842468015
2224,0.006373920545100775,0.004241753472471103
2225,0.006333550825077916,0.0033247343414865627
2226,-0.0005524994114679549,-0.0011616103582667197
2227,-0.000552805004059298,-0.0009412381745832997
2228,-0.0005531105981209095,0.0006982441565529426
2229,-0.000553416698762077,-0.0001663254564666294
2230,-0.0005537231383934138,0.0007732519827816765
2231,-0.0005540300861959224,-0.000840149356040869
2232,-0.0005543370369744949,-0.0011878603421356184
2233,0.005449985482781861,0.0026227638093418893
2234,0.005420444308793737,0.003767583769961474
2235,0.005391221325949935,0.003917212434527424
2236,0.005362311915594331,0.004398725582089451
2237,0.005333710894112498,0.004941739828485168
2238,0.005305413517440183,0.005212308529547928
2239,0.005277414486956955,0.006459412622703024
2240,0.010662020975609643,0.010238075838838859
2241,0.010549541381515315,0.00949678949291124
2242,0.010439410548818362,0.007569656691411769
2243,0.01033155504489014,0.008376932728668449
2244,0.010225905694881687,0.006905559888786576
2245,0.01012239488344635,0.008259423809326236
2246,0.010020958934374047,0.007703746294149906
2247,-0.0010375462248449763,0.0015977619170257245
2248,-0.0010386238450943441,0.00026257277556752717
2249,-0.0010397037061555814,0.00012006195246356307
2250,-0.0010407856632433932,-0.0012210593358710955
2251,-0.0010418701785696038,-0.001847623283242074
2252,-0.0010429568041611104,-0.0026736173810148743
2253,-0.0010440456987267366,-0.004197097645343826
2254,-0.009123173754000846,-0.008078997520335309
2255,-0.009207172387475038,-0.007942863196474295
2256,-0.009292732174556617,-0.006420862651415118
2257,-0.009379896888921824,-0.007610156726175649
2258,-0.009468712593423745,-0.006827414694424955
2259,-0.00955922615853444,-0.008878245137602646
2260,-0.009651486904621809,-0.008867196238602052
2261,-0.0010466576033865138,-0.0029689945758412176
2262,-0.0010477544063157707,-0.0028017275663408414
2263,-0.001048853183876819,-0.0039016010046947313
2264,-0.001049954595251923,-0.0022635724092004506
2265,-0.0010510579950974153,-0.0020881385787368924
2266,-0.0010521640440259716,-0.00020891985941669147
2267,-0.0010532720953834174,0.000825878650323883
2268,0.0011246749220927832,0.0007554685881485307
2269,0.001123411449408529,0.0015803497368499287
2270,0.0011221508123380186,0.0014952314002601866
2271,0.0011208928378823035,0.001136585538719453
2272,0.0011196380071227807,0.00023211101109954442
2273,0.0011183858198522412,0.0003083038739523274
2274,0.0011171364303097508,-0.0001783644155795074
2275,-0.004951760943856853,-0.004623553234688363
2276,-0.004976403064928525,-0.005520302747095982
2277,-0.005001291342952352,-0.004020337321283476
2278,-0.005026430148903804,-0.004502602796722567
2279,-0.005051822617226143,-0.002716473035098761
2280,-0.00507747327759045,-0.003918081843821494
2281,-0.005103385413788963,-0.003006429935593043
2282,0.00917541655428189,0.005384498130560798
2283,0.009091993891594763,0.006629949534725504
2284,0.009010074185096473,0.004998232237785569
2285,0.008929617831529235,0.006366964508628134
2286,0.0088505853229488,0.0050726075214589635
2287,0.008772939833032511,0.006629694273138382
2288,0.008696644532616205,0.005668369731560989
2289,-0.0022402751465230297,-0.0011150149689798847
2290,-0.0022453052480666535,-0.0022049194646691344
2291,-0.002250357988668572,-0.0015340832367023534
2292,-0.002255433680986796,-0.0025797671090595307
2293,-0.002260532001524873,-0.0022330029690308547
2294,-0.0022656535839556957,-0.002767043530390527
2295,-0.002270798426549314,-0.0015967981855427643
2296,0.003310497103315102,0.0012762553907663136
2297,0.003299573713168469,0.0024097261376658102
2298,0.0032887224912823143,0.003191736615155392
2299,0.003277942089538799,0.0036395599030296846
2300,0.00326723245011884,0.004270218998978526
2301,0.00325659224742747,0.003748293269359353
2302,0.0032460214374856466,0.0028264291119026582
2303,0.0029658922617175065,0.0037162105132203414
2304,0.0029571217571808806,0.002951316462509768
2305,0.002948402970607722,0.0016230900373842229
2306,0.002939735289991141,0.0017350977255094534
2307,0.0029311187327083488,0.001013111614701181
2308,0.0029225523846663215,0.001995411160306261
2309,0.002914035961917083,0.0027841426857121757
2310,0.0010345587057010164,0.0015188645840676232
2311,0.0010334893462176087,0.001445592638564489
2312,0.0010324225024842537,0.0016348465191298536
2313,0.0010313577055811596,0.001551180327519385
2314,0.0010302951027878482,0.0011925922846913765
2315,0.0010292345340394693,0.0009093956297954772
2316,0.0010281764526176573,-0.00019019005386251045
2317,-0.003911798837387237,-0.0034740217098336917
2318,-0.003927160948042685,-0.0035725813814163824
2319,-0.003942644501135573,-0.0024761644264543695
2320,-0.003958250320815315,-0.0032375530385689625
2321,-0.003973980485137529,-0.002194293729334472
2322,-0.0039898358595754635,-0.0031481810908542225
2323,-0.0040058185741967955,-0.002459654910456649
2324,0.006156473262032058,0.003103797677457429
2325,0.006118803014875329,0.004365021158722379
2326,0.006081590957787597,0.004193881759671612
2327,0.006044828936157209,0.005405168074096677
2328,0.006008508376430299,0.00556240200847916
2329,0.005972621828146618,0.0064315453132645336
2330,0.0059371614083219,0.00698740929687463
2331,0.00710839218938486,0.0072468581166536495
2332,0.007058219596335347,0.006715591570362093
2333,0.0070087502976385885,0.005802706015396886
2334,0.006959969756208828,0.0058266933103276195
2335,0.006911863249398076,0.005150459755649042
2336,0.006864417335488371,0.005810624445012947
2337,0.006817618357846111,0.005878665894016533
2338,0.0026470225509911405,0.003113980351681914
2339,0.002640034463866625,0.002688060105949831
2340,0.0026330828910305915,0.0032183186614639175
2341,0.00262616811557681,0.002705944592630457
2342,0.0026192892790815048,0.0027711191623537653
2343,0.002612446667664692,0.0019529774106114377
2344,0.0026056394318529907,0.0010564591753306739
2345,0.0014706770554222537,0.0007696531205837751
2346,0.0014685174814808022,0.0008408181071374182
2347,0.001466363959555128,0.0010263048415526635
2348,0.0014642170250906972,0.0009065383919563283
2349,0.0014620760879864303,0.0012446888976837059
2350,0.0014599416823619649,0.0010266761859395435
2351,0.0014578132200824268,0.0013643527165248088
2352,0.0048057748464545025,0.0035744821041151726
2353,0.004782789974286938,0.004285580357524897
2354,0.004760023642015554,0.004124556049212544
2355,0.004737473295383987,0.004478911085090469
2356,0.004715135330070508,0.004292816076116577
2357,0.00469300730248845,0.0047442832308832745
2358,0.004671085726750901,0.005082413824765575
2359,0.002141410263335697,0.004149369046430009
2360,0.0021368344241685655,0.003112143474960693
2361,0.0021322780989248002,0.0024971624184469
2362,0.00212774102886093,0.0022581029667679184
2363,0.0021232234933028504,0.0016886213805015707
2364,0.002118724966677421,0.0015332839328735955
2365,0.0021142454620313167,0.0009569217872223003
2366,-0.0011404242948376275,-0.0005354627679680882
2367,-0.0011417262141009132,-0.000961780139459084
2368,-0.0011430313761878752,-0.0012570135686245654
2369,-0.0011443392585116507,-0.001556089632305542
2370,-0.0011456504047526739,-0.0017516444827791995
2371,-0.0011469642911979827,-0.0017158398673070556
2372,-0.0011482814628445137,-0.0024801356356232655
2373,-0.0052690067060086054,-0.004946500707576827
2374,-0.005296916327780954,-0.004573199720724433
2375,-0.005325122923511394,-0.0035031566892482395
2376,-0.00535363167024272,-0.0044142211236244825
2377,-0.005382447310628091,-0.0042912127801543925
2378,-0.005411574964751198,-0.0058120361807123605
2379,-0.005441019310887696,-0.005628693824217634
2380,0.000517237989138053,-0.0019469795739145835
2381,0.0005169704531240438,-0.002125593436489562
2382,0.0005167034718804864,-0.002743428199613955
2383,0.0005164366272820686,-0.0013866051261641097
2384,0.0005161700581579609,-0.0005378871365754674
2385,0.0005159036251851656,0.001000258140350473
2386,0.0005156377447002036,0.0020178896254178878
2387,0.0037265357291522694,0.0036773060420653286
2388,0.0037127002191339464,0.004804035299617277
2389,0.0036989670633076344,0.004098703908161341
2390,0.0036853349928243073,0.003466900470963563
2391,0.0036718033048379617,0.0015350847902712687
2392,0.0036583704879900036,0.0013263131933596455
2393,0.0036450355973332016,-1.3999700900054141e-05
2394,-0.010953346855983814,-0.007473087609141486
2395,-0.011074651353568554,-0.010633807548265066
2396,-0.011198672749896388,-0.010162197681642537
2397,-0.011325503355704702,-0.010727277321656918
2398,-0.011455239711497534,-0.00936673278779987
2399,-0.011587982832618082,-0.010138377216856767
2400,-0.01172383847155889,-0.009435466643198265
2401,0.00033475600468646505,-0.0026410016428844536
2402,0.00033464412701134094,-1.581819268212773e-05
2403,0.0003345320314251943,-0.0006080538394184285
2404,0.00033442015717044526,2.651639423904286e-05
2405,0.00033430835771697254,-0.0012882234162411728
2406,0.0003341967792003242,-0.0006269450515081524
2407,0.0003340849828641357,-0.0026329885313041
2408,-0.012774484365867811,-0.01137362316993202
2409,-0.012939783574957398,-0.012425054288964678
2410,-0.013109416438460864,-0.010087101299685635
2411,-0.013283556259190754,-0.01139292889952964
2412,-0.013462384448458486,-0.009028761124820643
2413,-0.013646093560166661,-0.010612236063320174
2414,-0.01383488554664769,-0.006921860126209974
2415,0.014716669768934487,0.008198576948281909
2416,0.014503230356729624,0.010474591329176091
2417,0.014295893872871002,0.008802739949689355
2418,0.0140944018005289,0.01183139110868681
2419,0.013898510607596837,0.011140480308952512
2420,0.013707989814213395,0.01350738580841269
2421,0.013522621999053186,0.011732604397697976
2422,0.0011430234215887847,0.0038271279727639775
2423,0.0011417184107043177,0.002068938047965536
2424,0.0011404163763315545,0.0014861692005176223
2425,0.001139117163320158,-0.0002515801778232952
2426,0.0011378211966446283,-0.0011726717693396902
2427,0.0011365280309605374,-0.0012624849418965943
2428,0.0011352378013775866,-5.1767118330260176e-05
2429,0.0008865430798092877,-0.0007041713373625721
2430,0.0008857578173462333,-8.096330174588254e-05
2431,0.0008849739447565064,0.001866490237247347
2432,0.0008841916022916951,0.002212751614941806
2433,0.0008834103543369221,0.0036520658353261046
2434,0.0008826306292997188,0.0022759501913039745
2435,0.0008818522794675765,0.001085013333673454
2436,0.004610277825588094,0.0043050905344247745
2437,0.004589120704166838,0.004462495669907079
2438,0.004568156880844887,0.003138856245282701
2439,0.004547383860095122,0.0033603938563151327
2440,0.004526798627603634,0.0027552134819594067
2441,0.004506399066494193,0.003920824512573589
2442,0.004486182537694061,0.004813509624529861
2443,0.003989757676809758,0.003968668873513184
2444,0.003973902629340609,0.004206515669480448
2445,0.003958173372164309,0.00470900653613656
2446,0.003942568004471125,0.0049177828633351454
2447,0.003927085203994984,0.004967458230154825
2448,0.003911723396159639,0.004933615430516741
2449,0.003896481574252153,0.00501330633956251
2450,0.003668945255474343,0.0042414944658395026
2451,0.0036555333039027804,0.003915935275195145
2452,0.003642219050862261,0.004127027898748987
2453,0.0036290015664086628,0.0037955224853747234
2454,0.0036158794006992956,0.004136263232398638
2455,0.003602851922648531,0.00362502602929231
2456,0.0035899179797529435,0.0032964214580333408
2457,0.0065328715076438115,0.00500380286467867
2458,0.006490469969521628,0.005437157320758707
2459,0.006448615554849324,0.00520209784377606
2460,0.006407297228191888,0.005585116732361159
2461,0.0063665052659021,0.005460855575774954
2462,0.0063262291661714265,0.005922881546085126
2463,0.006286459709026637,0.00620004206070895
2464,0.005275002268430917,0.005718417778432755
2465,0.005247322629656326,0.005626015570875926
2466,0.005219931962544111,0.005443822163831237
2467,0.005192825641294974,0.005130756955429777
2468,0.005165999630013962,0.004773903904541493
2469,0.005139449237156368,0.004529634501082503
2470,0.005113170357662122,0.004402725080578224
2471,0.0025696228731162396,0.003570867513073421
2472,0.002563036835040444,0.0026442153194498556
2473,0.0025564844711722934,0.0021896096514977545
2474,0.002549965644514929,0.0020229352421029427
2475,0.002543479737959098,0.0017144900480388066
2476,0.002537026861542113,0.0015888540668653006
2477,0.0025306066445092146,0.0008863533863903816
2478,-0.00032405515759326153,-0.00033336449143140474
2479,-0.00032416008395141915,-0.0005009633283655214
2480,-0.0003242653172513821,-0.0007163495697583631
2481,-0.0003243704993544094,-0.0011693056296045166
2482,-0.00032447574971516957,-0.0016842567830330853
2483,-0.0003245809488181539,-0.0020189990838516535
2484,-0.0003246864554387052,-0.0026291977375791317
2485,-0.003931691157113781,-0.0043291052346073645
2486,-0.003947210369217635,-0.0040854421217629755
2487,-0.003962852582021115,-0.003408306512345659
2488,-0.003978619142554596,-0.0039169042652621895
2489,-0.00399451190517397,-0.0033735753368976888
2490,-0.004010532023086322,-0.004028653434005648
2491,-0.004026681156812595,-0.0034071637160089712
2492,-0.0008437483696319692,-0.00013718697380272815
2493,-0.0008444608821246424,-0.0005898796596154174
2494,-0.0008451745990121218,-0.0018480078921359713
2495,-0.0008458893999918615,-0.0013572956348623746
2496,-0.0008466056581027948,-0.002276326075111774
2497,-0.0008473230065545456,-0.0016741941326396522
2498,-0.0008480415716886069,-0.002332273162959568
2499,-0.00829310558237406,-0.00575439540534111
2500,-0.008362456315526678,-0.007208103994629907
2501,-0.008432976714915053,-0.008092456210649813
2502,-0.0085046966235085,-0.008612342145353499
2503,-0.008577646908206393,-0.009437944077649859
2504,-0.008651859504132275,-0.009187150503720869
2505,-0.008727367461247915,-0.010113837069317006
2506,-0.014923972273324537,-0.014800320832193566
2507,-0.015150071387240671,-0.013969739324211963
2508,-0.015383126992736362,-0.011736334539295203
2509,-0.015623464597253611,-0.013052338909805138
2510,-0.015871431482696208,-0.011941639973667527
2511,-0.016127396206839006,-0.014175046451319263
2512,-0.016391752638161283,-0.014095381379160839
2513,-0.003961848862802819,-0.007926029656961589
2514,-0.003977607542722361,-0.006912112734874306
2515,-0.003993492086969308,-0.006594632448495123
2516,-0.004009504009504172,-0.004793571151467898
2517,-0.004025644848665522,-0.0031155068997392814
2518,-0.004041916167664583,-0.0017875837519915547
2519,-0.0040583195550878415,0.0005969873006534699
2520,0.011664007546030808,0.007858558394156959
2521,0.011529527204634293,0.009244187216552515
2522,0.011398112210639688,0.007603815746820701
2523,0.011269659368581042,0.008864282144374288
2524,0.011144069501321185,0.00730447598568502
2525,0.011021248090799407,0.009343305965632072
2526,0.0109011041746232,0.008993439820335635
2527,-0.0016145429049811977,0.0004700797802819519
2528,-0.001617153729533083,-0.0012084358787833828
2529,-0.0016197732917068164,9.481421255577163e-05
2530,-0.0016224010736537453,-0.001260263785201394
2531,-0.0016250376767328323,-0.00034824378299890793
2532,-0.001627682581818779,-0.001890426078957237
2533,-0.0016303363926314374,-0.00166302961640097
2534,0.005907019898391264,0.003016111651838601
2535,0.005872331916908058,0.003884732959369166
2536,0.005838048955693065,0.0036680361621384376
2537,0.005804163823668107,0.004595873319504354
2538,0.005770670048003135,0.004650534591673081
2539,0.005737560479594839,0.0050714434670715795
2540,0.005704828680017648,0.004078586208452836
2541,0.002749114243122186,0.002372715635935208
2542,0.0027415774689734107,0.0026879501486904212
2543,0.0027340816372105614,0.0029420977434105734
2544,0.002726626816898614,0.0026249413185067566
2545,0.002719212539068927,0.0026229172709206464
2546,0.0027118386075690726,0.0028706972656249493
2547,0.002704504294726018,0.004440903547159413
2548,0.007008946416700024,0.006217845016178151
2549,0.00696016287509571,0.006674927421937848
2550,0.00691205398559025,0.0071875684484753325
2551,0.006864605462046924,0.007610570182693079
2552,0.006817803927963828,0.008225208331314637
2553,0.006771636111349899,0.007888906397578206
2554,0.006726089608528163,0.0075607466814135585
2555,0.008908202027883227,0.009045569767137222
2556,0.008829546768200247,0.00829547932393683
2557,0.008752268082216963,0.006773112084752228
2558,0.00867633051160932,0.006775368058838467
2559,0.008601699325301748,0.005747436513705604
2560,0.008528341220759073,0.006543641565217132
2561,0.00845622353963571,0.006088058178965443
2562,0.0022497188021952663,0.002151771886074576
2563,0.00224466892830244,0.0016267308093351623
2564,0.0022396416742258562,0.0023158897729860083
2565,0.002234636769820497,0.0017611236892535957
2566,0.0022296544205717694,0.0015938010280186024
2567,0.002224694121489401,0.0006407456167312849
2568,0.0022197558437127007,0.0001375232319157029
2569,0.0028188865398166563,0.00034992755603805494
2570,0.0028109627547436844,0.0013717063020623817
2571,0.002803083391730743,0.0022766066518757327
2572,0.002795248078266921,0.0022823169826873334
2573,0.0027874564459930973,0.0037237562227961265
2574,0.002779708130646208,0.003659971819044948
2575,0.002772002772002624,0.004662501950646128
2576,0.009033468210089879,0.009282477705274534
2577,0.00895259533987014,0.00980996216183211
2578,0.008873157437792933,0.0087740045439706
2579,0.008795117092286198,0.009021513128612414
2580,0.008718437303200766,0.0076382423492294335
2581,0.008643083235073679,0.007916352676565047
2582,0.008569020368581759,0.007736000434346548
2583,0.001222588451955442,0.004556998677963379
2584,0.0012210956628297964,0.0011090227439980434
2585,0.0012196062986697953,-0.0005989872790651332
2586,0.00121812067102689,1.4925958813538599e-05
2587,0.0012166386583278843,-0.0005169654117768627
2588,0.0012151603550676349,0.0008000144723970282
2589,0.001213685424982902,-0.00021374105218751861
2590,-0.0031149301825992293,-0.00499632352796447
2591,-0.0031246632905937988,-0.0018650173245012057
2592,-0.0031344574146129345,0.0009393099475188192
2593,-0.0031443131302180127,-0.0011001250482362995
2594,-0.0031542310202304913,-0.0004457912912739462
2595,-0.003164211674850037,-0.002843157642489198
2596,-0.003174255691768879,-0.0035843242967861563
2597,0.0008156990227299321,-0.0021479303015617215
2598,0.0008150343098451973,-0.0017143814394079287
2599,0.0008143704602632251,0.0007878448396212673
2600,0.0008137079102046307,0.00164609698924496
2601,0.0008130462185276244,0.0051026081166675435
2602,0.0008123858207567114,0.004079461294350042
2603,0.0008117262764797406,0.008587136886220325
2604,0.037574282891145394,0.029198563414482345
2605,0.03621358346165504,0.02924110046151751
2606,0.0349479913546864,0.022335597166548867
2607,0.03376787244656132,0.026049062170929244
2608,0.03266484995963803,0.021387943206340358
2609,0.03163160730390846,0.02684884240919315
2610,0.030661728468863947,0.023353320980242304
2611,-0.007841830048409548,-0.0010678643505519425
2612,-0.007903809514906657,-0.0033019344635632527
2613,-0.007966778284198561,-0.0004632146050952519
2614,-0.008030756663765737,-0.006093654643351581
2615,-0.00809577272984452,-0.006312382569720331
2616,-0.008161848306340813,-0.010921474901815116
2617,-0.008229013163221222,-0.011072510023829082
2618,-0.0060498362754961565,-0.007676923740941318
2619,-0.006086658649126164,-0.0076946931002892256
2620,-0.006123933864377817,-0.0055410444736354895
2621,-0.00616166750869529,-0.004340093200409646
2622,-0.006199869040319328,-0.0011595334510194873
2623,-0.006238546272867795,-0.0030416105870988974
2624,-0.0062777110066633,-0.0032570966120294203
2625,0.012552872015281658,0.01044080821646569
2626,0.012397250911251545,0.011119348693809324
2627,0.01224544110534942,0.0052668298516852265
2628,0.01209730519872343,0.007342441510569588
2629,0.011952708713023563,0.002841180041260022
2630,0.011811528948052041,0.008044960009548683
2631,0.011673645348093675,0.007506301794382478
2632,-0.018349429323968436,-0.012737439187281957
2633,-0.01869242464895804,-0.014293747593807308
2634,-0.0190484870579658,-0.009843378326672841
2635,-0.01941837777571298,-0.013766940433003659
2636,-0.01980291832480574,-0.011989729982038231
2637,-0.02020299661672309,-0.016916431767947025
2638,-0.02061957379636936,-0.016539433731422186
2639,-0.001453467412108278,-0.006050485588437279
2640,-0.0014555831555259635,-0.004696552589032386
2641,-0.0014577048652916202,-0.004276649359174758
2642,-0.0014598329719462955,-0.00214304302446187
2643,-0.0014619670985441813,0.00020681152074019868
2644,-0.0014641076771212402,0.0005889722861933911
2645,-0.0014662543298693542,0.0006300065731411012
2646,0.012634119377162634,0.009020509329707667
2647,0.012476489512174505,0.00989087746027176
2648,0.012322745609326224,0.0061558903186067805
2649,0.012172743981870182,0.007550288947754925
2650,0.012026350298648403,0.004275135219297631
2651,0.011883434978099627,0.008058346830306073
2652,0.011743878320921164,0.009122779606501017
2653,-0.006518400187003337,-0.003756757274468087
2654,-0.006561167567888382,-0.0052818698551089895
2655,-0.0066045017517351035,-0.0021472039147140917
2656,-0.006648410241454128,-0.004088119564553502
2657,-0.0066929083958434665,-0.0023676645807153627
2658,-0.0067380042812204,-0.0054037588561687624
2659,-0.006783713941316605,-0.005856087570686959
2660,0.0036669511119820086,0.0006010972446345703
2661,0.0036535537091455517,0.0016518882756843304
2662,0.0036402538462034784,0.0015136113275702589
2663,0.003627051430868722,0.0025435298400642166
2664,0.0036139425064702912,0.003414983615104958
2665,0.003600928956252636,0.003858263302344592
2666,0.003588008791499897,0.003405491142943213
2667,0.0069320307574745055,0.005924148525951781
2668,0.006884308519076177,0.006631533157928486
2669,0.006837238857363648,0.005390640269406551
2670,0.006790807542025101,0.0058471590163481114
2671,0.006745004450671832,0.004495871639845035
2672,0.006699814174248031,0.006019396579833109
2673,0.006655225400774789,0.007468204032043731
2674,0.0009370237769883438,0.0033696284317140776
2675,0.0009361474955218441,0.0022639264837210514
2676,0.0009352710337431347,0.00319839866567329
2677,0.0009343980276255159,0.0026671847759687254
2678,0.000933524835418531,0.003257861436365402
2679,0.0009326550863266725,0.002031128024386785
2680,0.0009317851454238024,0.0011064875091879645
2681,0.003542660874287451,0.0026563511514342488
2682,0.0035301538313692316,0.0027318881114325095
2683,0.003517736581960973,0.002246361294138191
2684,0.0035054054888385977,0.0023653279616421942
2685,0.0034931605446917313,0.0023207464791001925
2686,0.0034809999605600606,0.002686135182583255
2687,0.003468925520267563,0.0021631894124722506
2688,0.0023214439636138895,0.0012920629813598019
2689,0.0023160682241736286,0.002272352142705551
2690,0.002310715568158539,0.003000998092821113
2691,0.0023053893481777,0.0026503375496309974
2692,0.002300085877645408,0.0026570642612018013
2693,0.00229480849606456,0.002119926689450249
2694,0.0022895535361326935,0.0031403030016104562
2695,0.004717624923959329,0.005272463658357137
2696,0.004695474306378067,0.00444943070882719
2697,0.004673529006054222,0.0036452089700942524
2698,0.004651789593372868,0.004197550548476221
2699,0.004630249788682539,0.004248981003145269
2700,0.004608910235977204,0.004776430434491916
2701,0.004587764790862758,0.0045779952112842675
2702,0.0021632278960208584,0.00426875476659734
2703,0.0021585576027443043,0.0035188374732377037
2704,0.00215390910530866,0.0019927959883950202
2705,0.0021492789162498305,0.0015784292245593855
2706,0.002144670257514081,-0.00030908215506881073
2707,0.0021400796582837778,0.00010308003549618831
2708,0.0021355103283235977,-0.0017519586724192662
2709,-0.013152754620038176,-0.010506271326965886
2710,-0.013328054420689517,-0.011532009311653529
2711,-0.01350809184365287,-0.009747180654632055
2712,-0.013693058078705578,-0.011460011855092706
2713,-0.013883161883440631,-0.010434072871260101
2714,-0.014078616723785187,-0.012761445441826717
2715,-0.014279655406238989,-0.01248924585238034
2716,-0.0025295993063161326,-0.005680798114959522
2717,-0.0025360134915434207,-0.003741842033892227
2718,-0.002542462124850209,-0.003572862245198343
2719,-0.002548941795440629,-0.002397953694261712
2720,-0.002555456424849778,-0.0015797174347948867
2721,-0.002562002588753831,-0.0008225377769287415
2722,-0.002568584232641502,-0.00011097746064885061
2723,0.0010752118565322544,0.002217135107683075
2724,0.0010740570176923647,0.001608040398567348
2725,0.0010729046569160072,1.3080177670444333e-05
2726,0.0010717538400286664,0.0003564302241568071
2727,0.0010706073387101167,-0.0010592976777832428
2728,0.0010694623644540435,3.652966379502359e-06
2729,0.0010683198365957214,0.0003831307353578376
2730,-0.00479572074149226,-0.00345584769455224
2731,-0.004818830506903904,-0.004799448309781735
2732,-0.004842164074867261,-0.004836526983066192
2733,-0.004865724712267316,-0.005083499390847702
2734,-0.004889515749882389,-0.005013136966830886
2735,-0.0049135405839553226,-0.00511469717071801
2736,-0.004937802677808301,-0.006494205911428207
2737,-0.009815549193625372,-0.009596442685022327
2738,-0.009912850216867608,-0.008419059733244973
2739,-0.010012097677754572,-0.006814880894824764
2740,-0.010113353561461591,-0.008261121631362965
2741,-0.010216678840092364,-0.007916176114184308
2742,-0.010322136696333528,-0.009957658870463742
2743,-0.01042979446046921,-0.00999737349042731
2744,-0.004230527103186832,-0.005693962983630554
2745,-0.004248500602603622,-0.005898465076022604
2746,-0.004266627268218803,-0.0062393078443345315
2747,-0.004284909379418833,-0.004529815041236245
2748,-0.004303348839223009,-0.0032135961495179974
2749,-0.004321947792472192,-0.0016287374605492826
2750,-0.004340708001151716,0.0005390364935649925
2751,0.005913410770855387,0.005749862407735577
2752,0.00587864791098025,0.006798302441552271
2753,0.00584429137967013,0.005058469494035256
2754,0.00581033409421039,0.005460497585808811
2755,0.005776769135547699,0.002997775649095504
2756,0.005743589743589794,0.0041333966920580984
2757,0.005710789312665776,0.002061295565006457
2758,-0.013920676738998217,-0.01027581527590002
2759,-0.014117197787254399,-0.012680417919190709
2760,-0.014319346734458116,-0.010482230558055194
2761,-0.014527369170753812,-0.012308671883790796
2762,-0.014741524742832524,-0.010212924897972125
2763,-0.01496208885324568,-0.012459974808821465
2764,-0.015189353196408573,-0.011160651399901219
2765,0.004943264801707592,6.772772852943736e-05
2766,0.0049189491335941415,0.0033188621088089576
2767,0.004894871509622867,0.0029361883723064714
2768,0.004871028451234327,0.00452162506753747
2769,0.004847416547317351,0.004207608142142454
2770,0.0048240324525821165,0.005033727099339708
2771,0.0048008728859791905,0.0040051575363396754
2772,-0.0020476862851559474,0.0003825260452000729
2773,-0.002051887907883465,-0.001548225902315208
2774,-0.0020561068085812595,-0.00241780919744989
2775,-0.0020603429847844135,-0.002831357470858613
2776,-0.002064596871725999,-0.003135455185464782
2777,-0.00206886825064434,-0.0024015032726279295
2778,-0.002073157340043874,-0.00012766355814649807
2779,0.0036040857111381275,0.0023890278537957773
2780,0.0035911428144652646,0.0027411946307819885
2781,0.003578292763890989,0.002572548905962753
2782,0.0035655342385259026,0.0032664265873860107
2783,0.003552866371832275,0.0026556043031876267
2784,0.0035402880927180025,0.0026330402845579685
2785,0.0035277987769331,-0.00033452561634554124
2786,-0.00950231796690304,-0.0075379547726868185
2787,-0.00959347835610902,-0.007847719832215156
2788,-0.00968640456011649,-0.006769154480506452
2789,-0.00978114883432779,-0.008747858402743244
2790,-0.009877764609513173,-0.007922421735751688
2791,-0.009976308346737461,-0.009286727940569296
2792,-0.010076837875728217,-0.007606700325070117
2793,-0.0001315594566594358,-0.0006675563535835549
2794,-0.00013157676682729047,0.00013788386168502465
2795,-0.00013159408155116736,-0.00022589354951680566
2796,-0.00013161151599250243,0.0013056369008245295
2797,-0.00013162872468841513,0.0011071606352387846
2798,-0.00013164605309068378,0.001588745300155496
2799,-0.000131663386055636,0.0011955169556756833
2800,-0.0027652955409610547,0.000227354016650252
2801,-0.002772963604852574,-0.0018295206668301192
2802,-0.0027806743135211365,-0.004099064230279156
2803,-0.0027884280237016057,-0.003954773356918222
2804,-0.0027962250961202084,-0.00521859129181315
2805,-0.002804065895548602,-0.003379936375559025
2806,-0.002811950790861051,-0.003900543105898437
2807,-0.010692045588062471,-0.011163174105962792
2808,-0.010807600950118679,-0.009300742202010645
2809,-0.010925681354304384,-0.005641276209287574
2810,-0.011046370478271395,-0.007482925178202505
2811,-0.011169755738308584,-0.006051196510845382
2812,-0.011295928500496433,-0.009212626238572741
2813,-0.011424984306340424,-0.009362752616134474
2814,0.001360717043434212,-0.0026058200545354387
2815,0.0013588678817471056,-0.001780852317657315
2816,0.0013570239922573446,-0.00113547507520051
2817,0.0013551849737338806,0.0008226309376629989
2818,0.0013533509328853555,0.0034208223144742292
2819,0.0013515217233874832,0.004471380482390844
2820,0.0013496977037628088,0.007756443951462378
2821,0.02363280198767148,0.02025742252070364
2822,0.02308718706725843,0.021259230117684946
2823,0.022566197054465498,0.016919858916594737
2824,0.022068201549536814,0.01873467613891469
2825,0.021591711427429994,0.014762296587966994
2826,0.02113536277351047,0.018169572546112827
2827,0.020697905041800135,0.016037972131599305
2828,-0.010840735211571695,-0.003193734279567566
2829,-0.01095954484320083,-0.007047256791651671
2830,-0.011080987311419488,-0.0049334715639089075
2831,-0.011205151564060656,-0.008385420278265509
2832,-0.011332129683130132,-0.0074901315076126
2833,-0.011462018880350477,-0.010897639876813294
2834,-0.011594919957690686,-0.01121528076757792
2835,-0.0009344702721644227,-0.004950076250235186
2836,-0.0009353443236290726,-0.0026533348184497986
2837,-0.000936220011702682,-0.0014042545820021997
2838,-0.0009370973409862371,-0.00033262306979791207
2839,-0.0009379763160981547,0.0010031552323140334
2840,-0.0009388569416735049,0.00034909307371485917
2841,-0.0009397392223657874,-0.0007168545708337471
2842,0.004787100058789129,0.003008507788469161
2843,0.004764292794892544,0.004071049166303366
2844,0.00474170205497404,0.00295241010705105
2845,0.0047193244246519495,0.0033840742170167075
2846,0.004697157016815723,0.0029235763718072857
2847,0.004675196768142653,0.004727941253442935
2848,0.004653441130040292,0.00798698452148262
2849,0.007654802502844005,0.009448501483831792
2850,0.007596651747797445,0.008346822957886071
2851,0.007539377608806852,0.007458755496440718
2852,0.007482960742140055,0.007849821223194834
2853,0.00742738193470549,0.00670768573892168
2854,0.007372622759992398,0.0065664305488728515
2855,0.007318664895042737,0.004329981464681275
2856,-0.005630370046431299,-0.001866500602170937
2857,-0.005662250612676223,-0.004525892305971334
2858,-0.005694494266324623,-0.005827660175302151
2859,-0.0057271073555329455,-0.007131542661733577
2860,-0.0057600959334871416,-0.008051786749226072
2861,-0.005793466858378893,-0.008219714652273087
2862,-0.005827226703160049,-0.009947018422017657
2863,-0.014260020571043142,-0.014605107718685038
2864,-0.014466310455728881,-0.012719710521698638
2865,-0.01467865645711064,-0.010088902144320646
2866,-0.014897329117646851,-0.011642226968255159
2867,-0.015122615820072016,-0.010877913050788073
2868,-0.01535482087718365,-0.01355233594991842
2869,-0.015594268070111217,-0.013268997230357234
2870,-0.006778935314685208,-0.007421849837796516
2871,-0.006825203049542927,-0.007576162355798468
2872,-0.006872106445685255,-0.00799545054479033
2873,-0.006919659079447249,-0.006296850473786805
2874,-0.006967874394767315,-0.00469673450602666
2875,-0.007016766470547164,-0.0031779274196036007
2876,-0.007066349263874727,-0.0006507729980421316
2877,0.007528653775563665,0.006796316128961562
2878,0.007472396818142268,0.007385304733849753
2879,0.007416974114254238,0.004625459299302857
2880,0.00736236775236665,0.005815304358861288
2881,0.007308559322692476,0.002800665281495123
2882,0.0072555319641782745,0.00503149028096081
2883,0.0072032682944809245,0.0026580603519545916
2884,-0.015655577334993787,-0.013057840303338808
2885,-0.015904572474820244,-0.01492959157532359
2886,-0.016161616197456707,-0.011688182407762246
2887,-0.016427104759820343,-0.014362246818166939
2888,-0.01670146141614548,-0.011919618378997092
2889,-0.016985137908723247,-0.015061112449220702
2890,-0.017278617749174274,-0.013698698778505523
2891,0.005894105874125977,-0.0011300436378763202
2892,0.005859568954332373,0.002714651921994776
2893,0.005825434419661102,0.003406684882214312
2894,0.005791695416067277,0.005435105986387365
2895,0.0057583447000335575,0.0064258586166247005
2896,0.005725376011422645,0.006903433493761703
2897,0.00569278268997131,0.007098663407356922
2898,0.009383095097380778,0.010194250021192083
2899,0.009295871055256422,0.008344276234738435
2900,0.00921025372424955,0.005220115406401103
2901,0.009126198984222622,0.006297154031742009
2902,0.009043664830077791,0.004724304286700934
2903,0.008962609989331405,0.007844019270626291
2904,0.008882995168102648,0.00970007340409614
2905,0.0020346429291655532,0.004479101217109836
2906,0.0020305115631709114,0.004039842602640046
2907,0.0020263969407512405,0.00477762839224599
2908,0.0020222990856000322,0.0036911242472451086
2909,0.0020182175208778297,0.0026147994142941547
2910,0.002014152522966217,0.0009197625573924247
2911,0.0020101038671906934,-0.002856022617352999
2912,-0.012036428855474068,-0.011019945932185445
2913,-0.012183069504809962,-0.011537234256592605
2914,-0.012333327288390206,-0.009098183805423756
2915,-0.012487337582419267,-0.010855915380881065
2916,-0.012645243131134909,-0.008114907560873751
2917,-0.01280719320301471,-0.010362823068428343
2918,-0.012973345343315734,-0.008183986830742226
2919,0.012445960917356391,0.00687837891721459
2920,0.012292963044048255,0.010011908832212799
2921,0.01214368135200461,0.008545530585420192
2922,0.01199798168554822,0.011086992583123702
2923,0.011855736772878434,0.009913351529880036
2924,0.01171682505000371,0.011928671107696567
2925,0.011581131090884211,0.012116159242514494
2926,0.0027283913369116064,0.0072327643481291766
2927,0.002720967472830793,0.003673779271097837
2928,0.0027135838993062045,0.001538748367304641
2929,0.002706240165414542,0.0012271966512285176
2930,0.002698936319358358,8.501167481534129e-05
2931,0.0026916716689311393,0.0015193358982215285
2932,0.002684446021627984,0.001754810611368665
2933,-0.003902148824105889,-0.003002029919803756
2934,-0.003917435239418787,-0.0018951095374924328
2935,-0.003932841892841044,-2.6781328738816493e-05
2936,-0.003948370084665864,-0.0015333829580853786
2937,-0.003964021633036663,-0.0015639474682859688
2938,-0.003979797636964544,-0.004046925045254479
2939,-0.003995699713241541,-0.00710647228270004
2940,-0.011171676866893354,-0.010125973909804093
2941,-0.011297893152541594,-0.010629826000165672
2942,-0.011426994239869703,-0.009358889409296332
2943,-0.011559079777910042,-0.009969825241436605
2944,-0.011694254599772025,-0.00789879926535136
2945,-0.01183262823511877,-0.008926932253034363
2946,-0.011974315998072749,-0.005692531191262569
2947,0.012782982103825002,0.0085273830540996
2948,0.012621639771888127,0.010073034090950426
2949,0.01246431975285378,0.007249840064507616
2950,0.012310872962604691,0.010154339253469119
2951,0.012161158615379142,0.008032919717775932
2952,0.012015041658038683,0.011142589503754945
2953,0.011872394472278724,0.009644195573993371
2954,-0.006108374420062734,-0.0028313927772823447
2955,-0.006145915849835815,-0.004852939180490171
2956,-0.006183921839244211,-0.0038863278749342502
2957,-0.00622240067869384,-0.006419461043249338
2958,-0.006261361377981722,-0.006116313277561165
2959,-0.00630081291609208,-0.007659091879756749
2960,-0.006340765019567374,-0.007023027050715628
2961,0.00024327259627976439,-0.0038434431175450212
2962,0.00024321342911748367,-0.0018447743848011464
2963,0.00024315429072863104,0.0001886538825526038
2964,0.00024309505019481925,0.0007046361567091921
2965,0.0002430361002192516,0.0023113261147787154
2966,0.00024297704802522802,0.0008620774452331256
2967,0.00024291802452047762,0.00038946851683694956
2968,0.005996749444226568,0.006406546729194993
2969,0.005961002803974713,0.005244613327799273
2970,0.005925679810011797,0.0018173643305862898
2971,0.0058907728470660725,0.0029702849483011053
2972,0.005856274989830101,0.0011171506419686953
2973,0.005822178710263248,0.0039670511755655865
2974,0.005788477161767114,0.0049166362621282855
2975,-0.00537865750502009,-0.001223914477310131
2976,-0.005407743907372753,-0.0020808982532565775
2977,-0.005437146603792686,-0.0018637593593506727
2978,-0.005466870654136757,-0.0029297610744109725
2979,-0.005496921741855454,-0.004089307943631607
2980,-0.005527304904358266,-0.004875865618049322
2981,-0.005558025807663292,-0.0072628376168745795
2982,-0.01851851851851849,-0.015547578021632952
2983,-0.018867924528301883,-0.016226637839628077
2984,-0.019230769230769273,-0.013437756607505059
2985,-0.019607843137254943,-0.015323869257641703
2986,-0.020000000000000018,-0.012932461795165487
2987,-0.020408163265306145,-0.016070591780425574
2988,-0.02083333333333337,-0.0153887682859472
2989,0.005394066526820396,-0.0018233966295181068
2990,0.005365126676602161,0.0014982374215856498
2991,0.00533649570115613,0.0010674838503063268
2992,0.005308168681805059,0.004053340143177115
2993,0.005280140803754829,0.00486685782981582
2994,0.005252407353370181,0.0074969271671402535
2995,0.005224963715529718,0.00958934695963674
2996,0.013221401819231815,0.011423404067286688
2997,0.013048877225756872,0.01163485028823608
2998,0.012880797424099422,0.010760804895828981
2999,0.012716992282007178,0.010924654231556117
3000,0.012557301316951541,0.009911986264545576
3001,0.012401570917011995,0.010800389852034133
3002,0.012249656073932691,0.011776813902879706
3003,0.009496120391172092,0.009232517409252607
3004,0.009406792358441551,0.0075491358097606355
3005,0.009319129244675484,0.007384892592977177
3006,0.009233084804366909,0.007278627230442401
3007,0.009148614994769932,0.007459400803841349
3008,0.009065676609799844,0.007057097658071857
3009,0.00898422849963354,0.005356663823807459
3010,0.0032218091697644446,0.0037810672291923616
3011,0.0032114624505930056,0.003854139254697708
3012,0.0032011819748831716,0.0032260259361982114
3013,0.0031909671084928704,0.0021679075961908993
3014,0.0031808172253486866,0.0007819812846324853
3015,0.003170731707317076,0.00017762415926130893
3016,0.003160709944079576,-0.0010612518216976217
3017,-0.008326985700436218,-0.005609248514338021
3018,-0.008396906499603674,-0.006625406805286407
3019,-0.008468011724491964,-0.005852442574827868
3020,-0.008540331350499253,-0.006491839750023223
3021,-0.008613896884108296,-0.005744319922451642
3022,-0.008688740674977269,-0.0066680496734189965
3023,-0.00876489671603331,-0.005755396502048261
3024,-0.0017096530691030898,-0.0007427848566666615
3025,-0.0017125811173499539,-0.00022472593342457873
3026,-0.0017155189538128335,-0.0013519520766950488
3027,-0.0017184670165512062,-0.0006558629584024205
3028,-0.001721425229028739,-0.0015073456380667787
3029,-0.001724393773545052,-0.0006406405056345345
3030,-0.0017273723138143682,-0.0019295367431728277
3031,-0.010121683511331026,-0.007455839160151733
3032,-0.010225179410932927,-0.008348602870671044
3033,-0.010330813968798758,-0.007778322784973844
3034,-0.010438653758866323,-0.008891355743617194
3035,-0.010548768702938638,-0.008687011629677785
3036,-0.010661231431661977,-0.009587368921113091
3037,-0.01077611825954694,-0.008824086015464003
3038,-0.002603228062798002,-0.005476303930532311
3039,-0.002610022406196344,-0.004186411554553037
3040,-0.002616852590631269,-0.0033609781902762385
3041,-0.002623718333842895,-0.0025543975399190282
3042,-0.0026306204823089985,-0.001484871454106157
3043,-0.00263755875674887,-0.0014924824541089677
3044,-0.002644534012613664,-0.001323838503966124
3045,0.0030798727869787434,0.0015142690540350596
3046,0.003070416153048816,0.001755159585017449
3047,0.003061017697203683,0.0009031240247155447
3048,0.0030516763200802988,0.0012693003150933417
3049,0.003042392065725652,0.000710854862214583
3050,0.0030331638510530112,0.0016161438720772201
3051,0.0030239917292640417,0.0024442728104234522
3052,0.002236198462613581,0.0016195243054875044
3053,0.0022312090363967307,0.0009531167766944034
3054,0.002226241825518338,0.0007658182268259125
3055,0.0022212966819379343,0.00110428657482958
3056,0.0022163734589277784,0.0010219798283108885
3057,0.002211472011057536,0.001372398630024128
3058,0.002206592194180068,0.0008175635163750417
3059,-0.0018282254025044908,-0.001484487704894814
3060,-0.0018315740703549466,-0.0011659891708995936
3061,-0.0018349347514058367,-0.0006335711352190832
3062,-0.0018383079265039681,-0.001550361187963571
3063,-0.001841693526311583,-0.0016249609959274954
3064,-0.0018450917584809101,-0.0025646696331166254
3065,-0.0018485022759177072,-0.003109270142383857
3066,-0.003126368971285043,-0.003015050226122946
3067,-0.0031361739475959105,-0.003269520817699528
3068,-0.003146040337510758,-0.002970779898032428
3069,-0.003155969284453053,-0.002656971817861551
3070,-0.0031659608188412403,-0.0019746479001439368
3071,-0.0031760161025392586,-0.001947292287386134
3072,-0.003186135177562277,-0.0009967059927396226
3073,0.0032777540259369964,0.002847829688447329
3074,0.0032670454545453698,0.003247595776762653
3075,0.003256406626079622,0.00211513053716927
3076,0.0032458368614169952,0.00278028008113235
3077,0.0032353354902234788,0.0017890346525760196
3078,0.0032249018508132554,0.002844218715116138
3079,0.0032145352900070367,0.0020401204720559957
3080,-0.005214345360824657,-0.0037280963357672436
3081,-0.0052416774164587565,-0.004240306211621796
3082,-0.005269297232719405,-0.003019515748029604
3083,-0.00529720994721794,-0.004091946777010803
3084,-0.005325419671747933,-0.0033158229420377824
3085,-0.005353931747479113,-0.004439855998422424
3086,-0.005382750483135856,-0.0037842972817976814
3087,0.0030570932620013203,0.0005823592387349938
3088,0.003047775926751317,0.0016445788317931294
3089,0.0030385152132312854,0.0019779922278537333
3090,0.00302931075014512,0.0029417808390312236
3091,0.0030201615988680874,0.003591565641063277
3092,0.0030110676878658538,0.003857631856435983
3093,0.0030020283772209666,0.0039685470050772375
3094,0.006511891279728177,0.005851580564833322
3095,0.006469760900140731,0.0057795051610594035
3096,0.006428172163219559,0.0047038411472642505
3097,0.006387114690363793,0.005043475262123285
3098,0.00634657836644581,0.004317096613124015
3099,0.006306553331505427,0.005413959542611551
3100,0.006267029972751859,0.005953902215063365
3101,0.003017291362036323,0.003318638448404516
3102,0.0030082148367853723,0.003080217203112962
3103,0.0029991924864651853,0.0037564852824851134
3104,0.0029902242284265412,0.0033652331934316345
3105,0.002981309444692659,0.0035815282478988534
3106,0.00297244779179362,0.0028759937021749383
3107,0.0029636383980029546,0.0023030419683602054
3108,0.0031253552108194693,0.002353437482035507
3109,0.0031156176663202917,0.0023130252613831146
3110,0.0031059408742397654,0.002481340183821392
3111,0.0030963237439960434,0.0023907887841877955
3112,0.0030867662477302993,0.002700629680023108
3113,0.0030772673119028315,0.0024055317492831683
3114,0.0030678269189572394,0.002453432165465716
3115,0.006506144673673386,0.004529639812722021
3116,0.0064640883794928605,0.005128096246916329
3117,0.006422572304493057,0.004819262693474819
3118,0.0063815862335758755,0.005231746674888533
3119,0.0063411197040987854,0.005030908754512053
3120,0.006301163273506383,0.005628972292679683
3121,0.006261707233854885,0.0060315998330267165
3122,0.0039712087366592375,0.005008482918338122
3123,0.003955500618046948,0.004545665364173043
3124,0.003939916276779254,0.004329960483035074
3125,0.003924454255580079,0.003922907309588274
3126,0.003909113119960894,0.0035248436334549666
3127,0.0038938914577755224,0.003174262885335526
3128,0.003878787878787815,0.002837481710187267
3129,0.0006382170973195933,0.0019683440632469766
3130,0.0006378101567166006,0.0009842488038296236
3131,0.0006374034936273976,0.0004200091445737358
3132,0.0006369974692150837,0.0004581406194081497
3133,0.0006365919617465909,0.00021394935032760772
3134,0.0006361870905948752,0.00047956282342519473
3135,0.0006357824936202849,-0.00022381781885757153
3136,-0.0033314444043754943,-0.002347537523578974
3137,-0.0033425799032837933,-0.0019461535213141864
3138,-0.0033537903360694177,-0.0014017837903456884
3139,-0.003365076095759534,-0.0021251099095097406
3140,-0.003376438066786891,-0.0023207236599711058
3141,-0.003387876901492559,-0.003141356136255127
3142,-0.0033993937513046024,-0.003429841255852307
3143,-0.002496703261538502,-0.0034409555281283925
3144,-0.0025029525143213105,-0.003120156919761953
3145,-0.002509232881686474,-0.0021191605614738727
3146,-0.002515544969840411,-0.0017821511706969137
3147,-0.0025218888947639018,-0.0002542912594805223
3148,-0.0025282650225658676,-0.0003184758998265337
3149,-0.0025346732235880243,0.0011725035935691336
3150,0.010236037329324876,0.007643431278985572
3151,0.01013232237400552,0.008605194426824487
3152,0.010030688330207704,0.007480961647025079
3153,0.009931072833827104,0.008447238319924803
3154,0.00983341645876945,0.007372508708022645
3155,0.009737661854084534,0.008356296209807199
3156,0.009643754354345502,0.00778569419848439
3157,0.0032729398012858457,0.0033095661549483856
3158,0.003262262612140354,0.0020512186749071203
3159,0.003251654860062736,0.002116056666675944
3160,0.003241115869892397,0.0016874817269000514
3161,0.0032306449751933197,0.0020749399840896705
3162,0.003220241518113953,0.0021645381559321987
3163,0.003209904849249101,0.0027895892140054447
3164,0.005321840818192092,0.00410071847807491
3165,0.005293668642062155,0.005354408090601861
3166,0.005265793390383688,0.0059060091220935005
3167,0.005238209946003325,0.005534245524509873
3168,0.005210914195911576,0.005171527174645322
3169,0.005183901219565579,0.00415471132482723
3170,0.005157167086129011,0.0028920727398172824
3171,-0.0011646390878042867,0.0013299223457703244
3172,-0.0011659969432521455,-0.0006586061814675848
3173,-0.0011673581896298746,-0.0016907416599921
3174,-0.0011687223968656069,-0.0015509381193419846
3175,-0.0011700900178306384,-0.0014999136874994053
3176,-0.0011714606215259549,-0.0007508947939662655
3177,-0.0011728346619617191,0.00021988855914693785
3178,0.0012059472398089355,0.0018417715976315756
3179,0.0012044946827709513,0.002765412493743877
3180,0.001203045620717491,0.0022854519101555065
3181,0.0012015999303767178,0.00219462202067346
3182,0.0012001579313636324,0.0007510875648638059
3183,0.0011987192789135737,0.0007180076818205576
3184,0.0011972840714149502,-0.001529021311342347
3185,-0.012587918713514723,-0.010125269057085334
3186,-0.012748394578338873,-0.011314208702888934
3187,-0.012913014673038292,-0.009304673155419552
3188,-0.013081941981801126,-0.010966744109691786
3189,-0.013255347670981465,-0.009025602903120107
3190,-0.013433412337912398,-0.011107813777743981
3191,-0.013616325941266383,-0.009176424160801274
3192,0.008455127430849085,0.0030619696296594495
3193,0.00838423763324947,0.005324492320705309
3194,0.008314526665874844,0.004183711248968706
3195,0.008245965366945551,0.006519240939933346
3196,0.008178525528683256,0.006074792447699696
3197,0.00811217985861612,0.007903132319259895
3198,0.008046901942752038,0.007335154022393966
3199,0.0006353551146083269,0.0030192159511895915
3200,0.0006349515808359296,0.0014319089263316914
3201,0.000634548787046052,0.00030921088552920343
3202,0.0006341462764021255,-0.000647058749687654
3203,0.0006337445035060618,-0.0017788706907761389
3204,0.0006333430121043815,-0.001371172094013308
3205,0.0006329422562263431,-0.0006330156887677783
3206,-0.0041196314713897175,-0.003102730075013487
3207,-0.004136673153834147,-0.0034908456550106675
3208,-0.004153856185197591,-0.0026497023881937483
3209,-0.004171182678164853,-0.003006862416248849
3210,-0.004188654320511298,-0.0026784469037528383
3211,-0.004206273059771948,-0.003925868213710435
3212,-0.004224040411235919,-0.005892740110850236
3213,-0.008400414192190953,-0.0069718000257435
3214,-0.008471578964353133,-0.007347155090930105
3215,-0.008543959794419909,-0.007726012583138921
3216,-0.008617588000922716,-0.008325251197090648
3217,-0.008692496474163036,-0.008570338209526775
3218,-0.008768718529059805,-0.008747470161556636
3219,-0.008846289148630837,-0.008316189237988242
3220,-0.005926504285181933,-0.006949932589054171
3221,-0.005961837013582438,-0.006197661978587688
3222,-0.005997593815331714,-0.005677675607254033
3223,-0.0060337819888712785,-0.005085728694049377
3224,-0.00607040951647686,-0.004635286089100759
3225,-0.006107484320191592,-0.004417279227938335
3226,-0.006145015031142953,-0.003842169194641614
3227,-0.0023695366074899527,-0.0026122859175806406
3228,-0.002375164776961869,-0.0022575279688352608
3229,-0.0023808194856526077,-0.0022718834642157194
3230,-0.0023865013144848124,-0.00222607379218855
3231,-0.002392210327575972,-0.0020164321444036313
3232,-0.0023979468516234226,-0.0018225351613778017
3233,-0.0024037106909692296,-0.0014812632477318331
3234,-0.000658848333113693,-0.0006282955925408811
3235,-0.0006592827004219259,-0.0009613019350604369
3236,-0.0006597176408498218,-0.0013414756572392497
3237,-0.0006601531555320284,-0.001002330506511653
3238,-0.0006605892456070794,-0.0013084586947740126
3239,-0.0006610259122157292,-0.0010229666292321704
3240,-0.0006614631565021734,-0.00122539293139481
3241,-0.0027799841143766324,-0.002413627529269409
3242,-0.00278773397052956,-0.0027042149510442997
3243,-0.0027955271565496265,-0.002938539557833129
3244,-0.0028033640368441137,-0.003123198498511977
3245,-0.0028112449799198025,-0.003300931618180065
3246,-0.002819170358437262,-0.0031821007669247106
3247,-0.0028271405492731327,-0.003557846939117622
3248,-0.005477444174429524,-0.005406447747918354
3249,-0.005507611674905877,-0.004862810348869815
3250,-0.005538113589720672,-0.003683546243467521
3251,-0.005568954958353189,-0.00420185054937214
3252,-0.005600142034365985,-0.0036246921146094973
3253,-0.005631680104813297,-0.004573564212273605
3254,-0.005663575690158629,-0.004196947683228456
3255,0.0004011151200336016,-0.0007287898954891564
3256,0.0004009542912051245,-0.0007242631899042943
3257,0.00040079359129463477,-0.0011251314058533367
3258,0.00040063287992619934,-2.20111697825857e-05
3259,0.0004004725776656226,0.0004229694940845802
3260,0.00040031226358161476,0.001373792592576135
3261,0.0004001520777978662,0.002026989468358772
3262,0.004259914741705062,0.00350850159292009
3263,0.004241844983724263,0.004366535608424097
3264,0.004223927598226762,0.003850754847833451
3265,0.004206161216595783,0.003802806286344904
3266,0.004188543389605837,0.0029988200764395835
3267,0.004171072807820586,0.003551985204081315
3268,0.004153747089208792,0.0031901144644150203
3269,-0.0037093140293638083,-0.0014864194511301247
3270,-0.003723124402888023,-0.0026710774863176467
3271,-0.003737037722778558,-0.001687543316446456
3272,-0.0037510555589024275,-0.0024599384862317177
3273,-0.0037651789543493575,-0.0018173260128774398
3274,-0.003779409244487386,-0.0032161812858534913
3275,-0.0037937472293247954,-0.0029756477699653013
3276,0.004306649406838892,0.0021133546709070565
3277,0.0042881817116140475,0.0024524691353794746
3278,0.004269871725768537,0.001240633358901306
3279,0.004251717299908364,0.002493846838933919
3280,0.004233716870434501,0.0021895709084881884
3281,0.004215868078626617,0.0037600468959229833
3282,0.0041981691513128805,0.0030824254943231533
3283,-0.00218708264462808,-0.0013394465384227129
3284,-0.002191876459592068,-0.0004346910006826467
3285,-0.002196691335619727,0.0008300176627201974
3286,-0.0022015275481879204,-0.0006448793245607031
3287,-0.0022063848287926513,-0.0007287867695516086
3288,-0.0022112637275335523,-0.0020733987488339594
3289,-0.0022161642511564494,-0.0012655970069761632
3290,0.00112037107870111,0.0010133441795570101
3291,0.001119117252098123,-5.46837629470581e-05
3292,0.0011178662287161245,-4.2209445640613145e-05
3293,0.001116618136292935,0.0011733555875969308
3294,0.0011153725539421178,0.0024192576047918335
3295,0.0011141298840477987,0.0027787666942965224
3296,0.001112889980063425,0.003173866892661216
3297,0.009283276450511968,0.007896389727591473
3298,0.009197889895847355,0.008784450145033528
3299,0.009114059777509897,0.006587579754868462
3300,0.009031743923495705,0.006898802505870721
3301,0.008950901671712641,0.004556773947591202
3302,0.008871493803000563,0.006216107524385327
3303,0.008793482477693182,0.004624268924890663
3304,-0.010493160235867216,-0.00749269708954785
3305,-0.010604434263808082,-0.008660155156096172
3306,-0.010718093582638422,-0.005606781721836623
3307,-0.010834215588271467,-0.007851820988934959
3308,-0.010952881601206998,-0.006009413325049329
3309,-0.011074175736883851,-0.009227214182348535
3310,-0.01119818642124737,-0.007775347157143685
3311,0.00901257014388479,0.004292919245960946
3312,0.0089320692432997,0.0055742650258260055
3313,0.008852993690644295,0.00410759963530327
3314,0.00877530609703503,0.006669875177398532
3315,0.008698969839258108,0.0068993598089500474
3316,0.008623950355222565,0.009049898696774392
3317,0.008550213736433276,0.00842494858699632
3318,0.004369004294638268,0.0057871825057294185
3319,0.00434999900018429,0.005612173398418475
3320,0.0043311585942040765,0.004512816967256767
3321,0.004312480428520615,0.0034146790177400016
3322,0.0042939629258986756,0.0013945164267488296
3323,0.004275603515014215,0.00177209869282862
3324,0.004257400685038881,0.0021696332577961614
3325,-0.004870744917287451,-0.003659871115369208
3326,-0.0048945850663431045,-0.0050062521381872
3327,-0.004918659992987795,-0.0030030292053644545
3328,-0.004942972667372536,-0.00333455047971265
3329,-0.004967527146432782,-0.0012835109187770005
3330,-0.004992326535232738,-0.0029905887778925457
3331,-0.005017375039209071,-0.003283289117558171
3332,0.006499449078311015,0.004038874086336129
3333,0.006457478892339719,0.005711079115652207
3334,0.006416047530729774,0.00421357020957331
3335,0.006375144301873581,0.004817569291620447
3336,0.006334759297236037,0.0035900859851733793
3337,0.006294882603713914,0.004811616538249817
3338,0.006255505060353217,0.004136862668263158
3339,-0.0035013129923721076,-0.0014981120341845348
3340,-0.003513615259129188,-0.002585200662575758
3341,-0.003526004281576678,-0.0017445215648021412
3342,-0.003538480980664782,-0.00232808167420225
3343,-0.0035510462904249085,-0.0017593565989962728
3344,-0.0035637011582027034,-0.0022780154975028874
3345,-0.003576446544897194,-0.0005337429667738394
3346,0.005548739136008063,0.004227759651861959
3347,0.00551812065217705,0.004745336392411004
3348,0.0054878379726428506,0.0042834109034113515
3349,0.005457885978718657,0.0052076254799577025
3350,0.005428259159165005,0.00506156286040093
3351,0.005398952371907351,0.005487152758344945
3352,0.005369960088422943,0.0036705187986424506
3353,-0.000722747161895354,-0.00020302385957449482
3354,-0.0007232699031651801,-0.0002641062795638381
3355,-0.0007237934011483649,7.961503911379435e-05
3356,-0.0007243175338252916,-0.0009348027458100545
3357,-0.0007248426737470615,-0.0008420834828492469
3358,-0.0007253684517550818,-0.0011672068734493734
3359,-0.0007258949930822878,0.00015195396010958979
3360,0.004500274587622588,0.002831511266358539
3361,0.004480112973083372,0.003370244926505141
3362,0.004460130959044406,0.003922274620218145
3363,0.004440326521258697,0.004663072879084692
3364,0.004420697182317523,0.005147166455138437
3365,0.004401240751558566,0.004832270779286696
3366,0.004381954593137838,0.004616358744610287
3367,0.006424019598412878,0.006358654398742934
3368,0.006383015104520107,0.00553385818901914
3369,0.00634253051696132,0.003742529781013197
3370,0.006302556478869681,0.0039680559667613965
3371,0.006263082927028041,0.0029260517108289754
3372,0.006224100983644565,0.004225116767499438
3373,0.006185601061499346,0.0038853142516448898
3374,-0.002054670693821037,-0.0009083015436700866
3375,-0.002058901057485518,-0.0007496842822476573
3376,-0.002063148876889964,0.0003414340660384392
3377,-0.002067414144523827,-0.0008277564391170758
3378,-0.002071697316634591,-0.0009326549571197134
3379,-0.0020759981564447694,-0.0023745509646578536
3380,-0.0020803168904741653,-0.002946387212732741
3381,-0.004202661685734244,-0.0029487137581829556
3382,-0.004220398593200447,-0.0037560515558304306
3383,-0.0042382858488344555,-0.003763329506989319
3384,-0.004256325372428482,-0.003691524891142289
3385,-0.0042745191165993734,-0.003050766195873877
3386,-0.004292869067493488,-0.0033655769334220466
3387,-0.004311377245509007,-0.003099650320972299
3388,0.0012199731777724487,0.000782587968418744
3389,0.0012184866567339636,0.0012558222271217296
3390,0.001217003753898327,-0.00020542189194393772
3391,0.0012155245759128963,0.00040315032029875184
3392,0.0012140487499803232,-0.0009564937282255722
3393,0.001212576622847239,0.0003869901418439122
3394,0.0012111080615240244,-0.00036373191601511755
3395,-0.00977936791890277,-0.007663386232859727
3396,-0.009875948452366723,-0.008356215970203968
3397,-0.00997445566232813,-0.006731612056318279
3398,-0.010074947782282906,-0.00820882576771652
3399,-0.01017748541640806,-0.007370711033702602
3400,-0.010282131661441873,-0.00923152102130552
3401,-0.010388952236158766,-0.008661481168742083
3402,0.00027433836896673114,-0.0028599457915214257
3403,0.0002742631280676644,-0.00190389677272598
3404,0.00027418792842892614,-0.0019700974710737435
3405,0.0002741128979353302,-0.0006401048016773324
3406,0.00027403765276101666,0.00015186765780577315
3407,0.0002739625766994269,0.0009334491227214973
3408,0.0002738875417629405,0.0010826867401736702
3409,0.0032857508305648153,0.002788468588036647
3410,0.00327498990199504,0.0030612005013446455
3411,0.0032642994815166304,0.0019084646366777772
3412,0.003253678500474644,0.0019679574342189067
3413,0.003243126409800734,0.0006919350099669618
3414,0.0032326424156872147,0.0016816995151609
3415,0.0032222262361971676,0.0020604255886586104
3416,-0.004175439795153668,-0.0024013129746869814
3417,-0.004192947319155316,-0.003587244587889514
3418,-0.0042106020262031585,-0.002772962267990646
3419,-0.004228406288246167,-0.0032068871950078487
3420,-0.0042463615034387114,-0.0025768287424798547
3421,-0.00426447011218356,-0.003488197627599284
3422,-0.004282733573938491,-0.003955981694800018
3423,-0.0013418130468347833,-0.0020223794711778415
3424,-0.0013436160570570177,-0.0013261669648577737
3425,-0.0013454236610519477,-0.0014694771267889783
3426,-0.0013472363937860887,-0.0013332116258221434
3427,-0.00134905375892036,-0.0013741983023810534
3428,-0.0013508762930226625,-0.0011532300772926951
3429,-0.0013527034985741926,-0.0015948274774687202
3430,-0.0027090716976229112,-0.002745481633551006
3431,-0.0027164307031596335,-0.0023155850212843118
3432,-0.002723829798053079,-0.0014836485837811074
3433,-0.002731269179837126,-0.001572043281726101
3434,-0.002738749573088728,-0.0010076899653342253
3435,-0.0027462709214023384,-0.0012655383985951383
3436,-0.0027538336948005337,0.000179286539105462
3437,0.005522876472924709,0.004296502586687436
3438,0.0054925417111340025,0.004559833967323019
3439,0.005462538621576751,0.004067377590344327
3440,0.005432861406319045,0.005096735425162512
3441,0.005403504913018331,0.005229516283197684
3442,0.00537446384170881,0.006072170619615052
3443,0.005345733519042994,0.00580482389051164
3444,0.004151871128106999,0.00458236149968546
3445,0.0041347042414738855,0.004480363657098188
3446,0.004117678983657891,0.00409295186858275
3447,0.00410079310764222,0.0035460518744510586
3448,0.004084045408282,0.0028429157670985705
3449,0.004067433698973,0.002837047702817149
3450,0.004050956825545127,0.0025764966923081827
3451,-0.00015926099343499533,9.757048052126631e-05
3452,-0.00015928648542851143,-0.00038526893173283707
3453,-0.00015931173774585972,0.00040787102490877174
3454,-0.00015933712201965378,0.00014002382659874103
3455,-0.00015936251438419813,0.0007446105512404443
3456,-0.00015938803881132557,-0.000146701696599961
3457,-0.0001594133234198436,-0.0001221805158428442
3458,0.0044642857142858094,0.0031952890975707584
3459,0.004444444444444473,0.0036606129755730934
3460,0.004424778761061843,0.0027922070211479372
3461,0.004405286343612369,0.0032354604545015457
3462,0.004385964912280604,0.002774616256774823
3463,0.004366812227074135,0.003592451205841515
3464,0.004347826086956497,0.003324156228168304
3465,-0.0016319659692158872,0.0004872341864470378
3466,-0.0016346335152348512,4.781153075711982e-05
3467,-0.0016373100375436378,0.00016799707826663522
3468,-0.001639995097334257,-0.0005641363230401874
3469,-0.0016426892204438603,-0.0009872190782439485
3470,-0.0016453919670513795,-0.0015611231240246716
3471,-0.0016481038651514623,-0.001497307121816381
3472,-0.00361443692981378,-0.0017043861261804394
3473,-0.003627548352905574,-0.002658365395627299
3474,-0.0036407554915732776,-0.0030536308426730168
3475,-0.003654059027042744,-0.002861240355742664
3476,-0.0036674601428839937,-0.002826937918154616
3477,-0.003680959792787486,-0.0028034362214081894
3478,-0.0036945594414219407,-0.0036184878979175256
3479,-0.005294967053537936,-0.004503685034633398
3480,-0.005323153098613309,-0.003954921287009887
3481,-0.005351640575262717,-0.003942764271181746
3482,-0.005380434854877492,-0.004554346136500977
3483,-0.005409540407824931,-0.004993725200735797
3484,-0.005438962824498406,-0.005252321939925955
3485,-0.0054687067892321695,-0.005453397036147852
3486,-0.006739243131156036,-0.007014192831183246
3487,-0.006784968684759862,-0.007019114552660286
3488,-0.006831318970047406,-0.005706622285024668
3489,-0.006878306878306817,-0.005713436283221004
3490,-0.006925945657964783,-0.004417220142820124
3491,-0.006974248927038573,-0.005182633936005685
3492,-0.007023230686115767,-0.003946517724382989
3493,0.006451111398259046,0.003145584553901598
3494,0.006409761449131635,0.004010308880550708
3495,0.006368937941099384,0.0026826360078361696
3496,0.0063286314146522304,0.004077447257347231
3497,0.006288831584092769,0.0035180671429048517
3498,0.006249529478319582,0.005170393823250195
3499,0.0062107152982147085,0.004838119488007938
3500,-0.00035323867777192763,0.0006431539965228077
3501,-0.00035336336924085554,0.0003073067744225715
3502,-0.0003534884092826207,0.0004776688559332245
3503,-0.0003536134075234898,-0.0006160929117184028
3504,-0.00035373849419795267,-0.0010327237529259353
3505,-0.0003538635390284428,-0.0015765614902801958
3506,-0.0003539889331760637,-0.0013017954935731358
3507,-0.003392041748206176,-0.001961235393788717
3508,-0.00340358685691855,-0.00304564899475855
3509,-0.003415210823591086,-0.002994508643709019
3510,-0.0034269144589429423,-0.002877285314289752
3511,-0.0034386985848433582,-0.002733661184886769
3512,-0.003450564034505499,-0.0033192275443721464
3513,-0.00346251165268352,-0.004337913700529398
3514,-0.004161814379259665,-0.003767229440405574
3515,-0.004179207464981238,-0.0037430642648137455
3516,-0.004196746539447682,-0.00467792500558524
3517,-0.0042144335837639435,-0.004613142524886342
3518,-0.004232270069554844,-0.00528849904562484
3519,-0.00425025831059056,-0.004353602708462815
3520,-0.004268400113646376,-0.0046445218190906004
3521,-0.009792547419132935,-0.008867321913246577
3522,-0.009889389737079424,-0.007766343498227714
3523,-0.00998816660943902,-0.005445971275986919
3524,-0.010088936730814568,-0.006555703152841281
3525,-0.010191760617042966,-0.00535128186199188
3526,-0.010296702140403236,-0.007233668130327611
3527,-0.010403827250723863,-0.006121089888706296
3528,0.002068863602778137,0.0009589396450519147
3529,0.002064592243032015,0.0005735113063804287
3530,0.0020603384841795247,-0.0005394405597007667
3531,0.0020561022176530663,0.0013817987081105663
3532,0.0020518833357761057,0.0018671007444368572
3533,0.0020476817317536256,0.0034343591094588228
3534,0.002043497299664354,0.003914785157533638
3535,0.006804702986161537,0.005399047986487132
3536,0.006758711814031759,0.006024254105175335
3537,0.0067133384388951,0.004681586032214906
3538,0.006668570071104218,0.004780656003910544
3539,0.006624394830001767,0.0030624846787134933
3540,0.006580800864967928,0.00443282233519884
3541,0.006537777196014893,0.0035749230043330615
3542,-0.007428889182425014,-0.005998743114301538
3543,-0.007484490774015362,-0.006305773132923422
3544,-0.007540930659882594,-0.003006631018748928
3545,-0.0075982285153956,-0.004944718954936778
3546,-0.007656403476402618,-0.002836348452053998
3547,-0.007715476420189882,-0.006175645286700412
3548,-0.007775467713582507,-0.0051298341934889555
3549,0.011524116896450387,0.007230221655103081
3550,0.011392824508364985,0.007842120804067291
3551,0.011264490292288265,0.00549348730881238
3552,0.011139014824564919,0.008175475596675509
3553,0.011016304190642812,0.007886969113901719
3554,0.01089626745362371,0.010728430501948374
3555,0.010778818700904136,0.01053197828241618
3556,0.0036451062703581893,0.00657244358666766
3557,0.0036318677265352317,0.006077162087871413
3558,0.0036187249960111245,0.004901397860638314
3559,0.0036056769081163065,0.0035367526403928934
3560,0.003592722844572238,0.0008847362476288248
3561,0.0035798613947588542,0.000835397251659725
3562,0.003567091700887426,-6.218498107781931e-05
3563,-0.011986689915299165,-0.00934242826033057
3564,-0.012132113667503441,-0.010998571479331948
3565,-0.01228110961931883,-0.008348893828637762
3566,-0.012433810473129525,-0.009558436282726205
3567,-0.012590356719652362,-0.006748986500400917
3568,-0.012750894895876108,-0.009277192479159183
3569,-0.012915580242854774,-0.00908900033663426
3570,0.005283361600693537,0.002254490370231401
3571,0.0052555942513701215,0.004810510267566816
3572,0.005228117530638121,0.0031486162961519497
3573,0.005200926333541744,0.004339460352761091
3574,0.005174016795552516,0.002777059211185564
3575,0.0051473840027920215,0.004154222917450355
3576,0.005121024265160257,0.003446685614959811
3577,-0.005373562134299181,-0.00267236994879829
3578,-0.0054025931650434345,-0.005090935574647936
3579,-0.005431939866305413,-0.005285893201913678
3580,-0.005461606845434841,-0.005532559551384567
3581,-0.005491599946894632,-0.005223222255347124
3582,-0.005521924002076295,-0.004784736031504248
3583,-0.005552585098164364,-0.0028337721204446066
3584,0.002688394470179656,0.000412693184871388
3585,0.0026811862391609154,0.0023453244810699276
3586,0.002674016846360594,0.0029576797392055682
3587,0.0026668854058726765,0.0030554450915786227
3588,0.0026597921885040954,0.002923752000155949
3589,0.0026527363179478236,0.0023271849375892696
3590,0.0026457180683803205,-0.00022616275544336088
3591,-0.006820119352088483,-0.005152492099919902
3592,-0.006866952789699621,-0.006376820754567773
3593,-0.006914433880726101,-0.0057706844696135936
3594,-0.006962576153176747,-0.006752682987070003
3595,-0.007011393514460895,-0.005827794503421944
3596,-0.007060900264783787,-0.00660559920396385
3597,-0.007111111111111179,-0.004021691894963926
3598,0.008995182632050014,0.0054535972276150025
3599,0.008914990810753531,0.006388744236965984
3600,0.008836215879506781,0.004681854432965491
3601,0.008758821045895315,0.006960230139125933
3602,0.008682770215396207,0.005855737114055593
3603,0.008608028823144043,0.007945981347425503
3604,0.008534562916776567,0.0061741841769725764
3605,-0.006497152442447973,-0.003305363435926378
3606,-0.006539641631416959,-0.0042110584037779565
3607,-0.006582689923196772,-0.0032935202513863365
3608,-0.006626308859755903,-0.005689284362666449
3609,-0.0066705097173953565,-0.005720319901291886
3610,-0.006715304364530272,-0.007240233739483371
3611,-0.006760704407259843,-0.006552541196570999
3612,-0.0016806722058824164,-0.003822135887316157
3613,-0.0016835017675704833,-0.003008475335568066
3614,-0.0016863405776073037,-0.0014949779256357093
3615,-0.0016891892735773073,-0.00038384426352468004
3616,-0.0016920473139462322,0.0014628739963153353
3617,-0.0016949153389472782,0.0009296170762960021
3618,-0.0016977928057106961,0.0012282741508474384
3619,0.00869472782738101,0.007811313593298549
3620,0.008619781323649711,0.008174329410621087
3621,0.008546115529095566,0.005566476157018348
3622,0.008473698469284363,0.0064543393566643
3623,0.008402498089062238,0.004587673741807013
3624,0.008332484547383778,0.006873046532280011
3625,0.008263627853380529,0.006874547924738626
3626,-0.003667114181512221,-0.0010569576348666847
3627,-0.0036806114037875037,-0.001973586552626031
3628,-0.003694208349165562,-0.0004082999950174443
3629,-0.003707906268770045,-0.0016272545360294971
3630,-0.0037217058634392286,-0.0010590733504693538
3631,-0.0037356087002422544,-0.0026002410227839055
3632,-0.0037496157976386613,-0.0026359895832582213
3633,0.0014808111143105318,-6.278096194803091e-05
3634,0.0014786216988325052,0.0005354825090503879
3635,0.0014764384611321013,0.0010593323109771037
3636,0.0014742618043026567,0.0015116564461742032
3637,0.0014720915559491843,0.002507896060008277
3638,0.001469927830721529,0.002222703738358607
3639,0.0014677701715879454,0.001968121491499336
3640,0.007694499857509252,0.0054112489901058086
3641,0.0076357466063350365,0.006277671226295455
3642,0.007577883805781616,0.005456573470134453
3643,0.007520891364902527,0.00595070196019208
3644,0.007464749792645664,0.005231619903113018
3645,0.007409440175631277,0.006311546785189848
3646,0.0073549441569054075,0.0073471990416309725
3647,0.005041335045970818,0.005665229997277793
3648,0.005016047604597729,0.004924562294135773
3649,0.0049910123147018925,0.004984525165170793
3650,0.004966225820474568,0.004842801987880295
3651,0.0049416843003056155,0.004838134041218938
3652,0.004917384272184799,0.004538134174060669
3653,0.004893321796659134,0.00416113186480835
3654,0.002444075486483177,0.0037590068287964603
3655,0.0024381164153195467,0.0031294678699875966
3656,0.002432186591546648,0.00235849917665831
3657,0.0024262854126988476,0.001959628749099151
3658,0.002420412800428151,0.001204796918764798
3659,0.002414568418784846,0.0010967834545326874
3660,0.002408752450212548,-0.0002247516263553345
3661,-0.005906522855675278,-0.003818911366451537
3662,-0.005941617153190526,-0.004338567704155863
3663,-0.005977130977130929,-0.004056684780951388
3664,-0.006013071895424771,-0.0048303255428237945
3665,-0.00604944765912685,-0.004957303785745474
3666,-0.006086266207991464,-0.005683538581994879
3667,-0.006123535676251457,-0.005615103169107915
3668,-0.005128008840075027,-0.0047739783236851316
3669,-0.0051544409929931145,-0.0045139739481714816
3670,-0.0051811467736833094,-0.0042372838852601435
3671,-0.005208130864106986,-0.004120121066892595
3672,-0.005235397499409378,-0.0037474711716308515
3673,-0.005262951278115713,-0.003971882884942487
3674,-0.005290796344031734,-0.003976344844538889
3675,-0.0019449847179772162,-0.0024896257839119567
3676,-0.0019487750556792527,-0.0022477856674947656
3677,-0.0019525801952580135,-0.0024978662937328753
3678,-0.0019564002235885614,-0.002198778491929716
3679,-0.001960235228227414,-0.002203242037501902
3680,-0.0019640852974186496,-0.0016551728434933194
3681,-0.001967950520101236,-0.0011554474869998103
3682,-0.0005231388732395148,-0.001037868974649676
3683,-0.0005234125498458919,-0.0008425412254989236
3684,-0.0005236867950054735,-0.000645039796277994
3685,-0.0005239611865599514,-0.000547665729980889
3686,-0.0005242358658061885,-0.0005114153691400627
3687,-0.0005245106919824494,-0.0005804977636577343
3688,-0.0005247860891117728,-0.0005574056895209184
3689,-0.0006866190274242845,-0.00046383246033257844
3690,-0.0006870907970391027,-0.000636407168053241
3691,-0.0006875632153969802,-0.0008687116196696111
3692,-0.0006880361421818249,-0.0008723921815190541
3693,-0.0006885100036033709,-0.0008403268260787812
3694,-0.0006889843762385439,-0.0006675408493762753
3695,-0.0006894594029952517,-0.0007046655545474196
3696,-0.0021509740056818716,-0.0010795199110219939
3697,-0.0021556106681953624,-0.0013666367337258083
3698,-0.002160267363570667,-0.0016021370889674434
3699,-0.002164944364885124,-0.0017559952738131143
3700,-0.0021696413747851473,-0.0022803310192373518
3701,-0.0021743589539354735,-0.0024386177152991807
3702,-0.0021790970932114018,-0.0029682695943160976
3703,-0.0047385553792903545,-0.0047610889110509145
3704,-0.0047611161920337874,-0.0050694546297751645
3705,-0.004783892861798811,-0.004603654881859553
3706,-0.004806888355091576,-0.0046390348716532845
3707,-0.00483010628303393,-0.004028704811379477
3708,-0.004853549442692007,-0.004139965481361377
3709,-0.004877221277304389,-0.0038314528164467344
3710,0.0002983293556084732,-0.0016871925982084397
3711,0.00029824038174752765,1.6732868320548576e-05
3712,0.00029815146094214207,0.0007613545266480278
3713,0.0002980625931447989,0.0008149524317215411
3714,0.00029797377830753646,0.001192996107934365
3715,0.00029788501638372544,0.0009360466936804231
3716,0.0002977963073258483,0.0014296890241449246
3717,0.002339131586781784,0.003251965764850629
3718,0.002333672670471243,0.00233610302758753
3719,0.002328239470155813,0.0013449086634255932
3720,0.0023228313624952257,0.0018760704830148524
3721,0.002317448320854565,0.0016561693574866116
3722,0.0023120900242361575,0.002417777834200002
3723,0.002306756742117555,0.002969766709740989
3724,0.0012971797012302222,0.0030521548005183904
3725,0.0012954992059572845,0.0021151535793545503
3726,0.0012938230592114408,0.0006121556866803727
3727,0.0012921510982477624,0.0005863241257689613
3728,0.0012904837441485295,-0.0011643745210947504
3729,0.0012888205421897059,-0.0006343302763822927
3730,0.0012871616218503856,-0.002937787588418744
3731,-0.014327182293178642,-0.012503761283889653
3732,-0.014535433960097377,-0.01291417072740288
3733,-0.014749829276719528,-0.010612169305212305
3734,-0.014970643715688237,-0.012690452910215422
3735,-0.015198170105467868,-0.011292476521876968
3736,-0.015432719040676668,-0.013770451128379501
3737,-0.01567462122240837,-0.013086716049735901
3738,-0.0011292143894175988,-0.004926170956761893
3739,-0.0011304909560723164,-0.002732352076902569
3740,-0.001131770412287847,-0.0021578392577772864
3741,-0.0011330527678860003,-0.0005483234548233045
3742,-0.0011343380327337726,0.0006356252423891338
3743,-0.001135626216742347,0.0012382062062816454
3744,-0.0011369173298684254,0.0025119296631606084
3745,0.007386759512195029,0.007643244661299823
3746,0.007332595554833121,0.006802819568714693
3747,0.007279219818539628,0.003940641454727331
3748,0.00722661585343265,0.005031501246603499
3749,0.007174766413646783,0.0031259102903040707
3750,0.007123656003743761,0.005609961528573747
3751,0.007073268316624137,0.005672763477079451
3752,-0.005190387909709493,-0.002540017107801927
3753,-0.005217468440213313,-0.0036808657226616768
3754,-0.005244833348095335,-0.0027339227225800333
3755,-0.00527248650491452,-0.004373076312316357
3756,-0.005300433124084236,-0.00458364373216247
3757,-0.00532867726367503,-0.006316801733372981
3758,-0.005357224341948852,-0.008148866261956845
3759,-0.009259471522541252,-0.010525940523759065
3760,-0.009346010479993838,-0.010091801402657925
3761,-0.009434182611486763,-0.00816269123285017
3762,-0.009524034088273625,-0.008665128362178733
3763,-0.009615613519210142,-0.006813182152613541
3764,-0.009708971066043293,-0.00833210309616005
3765,-0.00980415953552538,-0.007342626958501994
3766,0.006690684508491973,0.002473080236646295
3767,0.00664621676891608,0.004327799521740659
3768,0.006602336211274817,0.00308999722563963
3769,0.006559031281533789,0.00518936289166209
3770,0.006516290726817031,0.004854021784714395
3771,0.006474103585657476,0.007271318416017468
3772,0.00643245917862445,0.008602611913618547
3773,0.003441494591936989,0.006332160799535217
3774,0.003429691327780482,0.0055300549673567385
3775,0.00341796875,0.004923897251796264
3776,0.003406326034063323,0.004419109928610343
3777,0.003394762366634385,0.003596573398880149
3778,0.003383276945384317,0.00385404000604605
3779,0.00337186897880537,0.003540719141867136
3780,-0.003566284845575307,-0.0006301457816332039
3781,-0.0035790489135026915,-0.0021187121222800503
3782,-0.003591904354280917,-0.001539544494238503
3783,-0.0036048526401757375,-0.002137490758001937
3784,-0.00361789461713824,-0.0018491066943766969
3785,-0.00363103146868482,-0.0031628125752979183
3786,-0.0036442637420817103,-0.0047194881174508945
3787,-0.000328245527654758,-0.0037532780704306614
3788,-0.00032835330815950137,-0.002300307952502478
3789,-0.00032846115946794097,-0.0014994810267558768
3790,-0.0003285690816493547,-0.0011922991326667888
3791,-0.0003286770747741308,-0.00023762922427576156
3792,-0.00032878513891165806,0.00010852058181137327
3793,-0.00032889327413254676,0.0013341145264137882
3794,0.008906540055930279,0.0047517568664208875
3795,0.008827913887282879,0.007197020608579239
3796,0.008750663780968004,0.00870384766429323
3797,0.008674754086198888,0.009021921869076382
3798,0.008600149741863738,0.010008557687038738
3799,0.008526817831689959,0.009517065967453733
3800,0.008454725923919604,0.011522334789416194
3801,0.018581604211830305,0.0180476455465444
3802,0.01824262693827916,0.01595367196137631
3803,0.0179157957599283,0.012701920256726316
3804,0.017600469345849135,0.014328606011670384
3805,0.017296050735082114,0.013033028886964301
3806,0.017001983564749246,0.015445853442410533
3807,0.016717748676511546,0.014637536386910881
3808,0.0038170927651410835,0.008030993257351357
3809,0.003802577972274346,0.006683511635952505
3810,0.0037881731485045478,0.005408429324290336
3811,0.0037738769133299765,0.0034657065567625113
3812,0.0037596884473698466,0.00048134377375651564
3813,0.0037456061352545422,-0.00041560644615705185
3814,0.0037316289230659994,-0.004014678817169486
3815,-0.020705038969705214,-0.017697362139124644
3816,-0.021142801498663655,-0.018887657142767546
3817,-0.021599474909142935,-0.014981526214221714
3818,-0.022076311790981795,-0.017669487760573373
3819,-0.022574677262513165,-0.014418132697518647
3820,-0.023096063440722014,-0.018581345007847857
3821,-0.02364210295033531,-0.0170571908097612
3822,0.006533033088809148,0.0008364681697812274
3823,0.0064906295909243905,0.004301516346356431
3824,0.006448772994103624,0.002669308280887705
3825,0.006407452632539945,0.0057572922588768425
3826,0.006366658721433716,0.005297306224773514
3827,0.006326380813850063,0.007955452505732968
3828,0.00628660932920555,0.008502021019139243
3829,0.0030916844776121,0.005719220276893705
3830,0.003082155276731502,0.0034960722732114797
3831,0.0030726849334439255,0.001501614533242319
3832,0.0030632724623018692,0.0014351033169767158
3833,0.0030539174809804948,5.99533112362918e-06
3834,0.0030446193173934155,0.001737833903634791
3835,0.0030353778942029397,0.002834926178558861
3836,-0.002316602337472773,-0.002128621246422301
3837,-0.0023219814451158616,-0.0018194626749085986
3838,-0.0023273855912744335,7.091965371315318e-05
3839,-0.0023328148040645535,-0.001162128437750516
3840,-0.002338269701354312,-0.0006551743681707649
3841,-0.0023437500210158335,-0.003088356861888021
3842,-0.0023492560900262305,-0.005880108665162414
3843,-0.006364292099792168,-0.006758545285001814
3844,-0.006405055745471788,-0.007142284672564877
3845,-0.006446344944193716,-0.006860141146377708
3846,-0.006488169774200081,-0.007143681006889926
3847,-0.006530541185519878,-0.006116451021090941
3848,-0.0065734694988136555,-0.006372918906125879
3849,-0.006616965922479512,-0.004316622693142455
3850,0.006638838358719257,0.003976076731202561
3851,0.006595054701167058,0.005172406064767969
3852,0.006551845078877516,0.003531245615736806
3853,0.006509197823152402,0.005369571467316892
3854,0.006467102175748085,0.003924824472005081
3855,0.006425547353076766,0.006003963701209798
3856,0.006384523445779999,0.00530614612218308
3857,-0.007320022872419396,-0.003465012148055408
3858,-0.007374000876015363,-0.005029885417607603
3859,-0.007428780560760684,-0.004196110962806964
3860,-0.007484380380238687,-0.006041064393365426
3861,-0.007540818736037624,-0.0056678605905457966
3862,-0.007598114896207764,-0.007035113654821631
3863,-0.00765628809869523,-0.006905889934318644
3864,-0.002415242798998185,-0.004175373236390099
3865,-0.00242109047688166,-0.0031427017386958323
3866,-0.0024269662247736745,-0.0022091408248045624
3867,-0.002432870877525972,-0.0016224561329661105
3868,-0.0024388040151043233,-0.0007410276455465843
3869,-0.0024447664794809976,-0.0013302700137327397
3870,-0.0024507578516691497,-0.0017697042835348648
3871,0.001956323885350386,0.0013075882643111402
3872,0.0019525043137607057,0.001413402474082929
3873,0.0019486993110249262,7.978172150278212e-05
3874,0.001944909267675099,0.0006786336679828487
3875,0.0019411339382886528,3.9188141405921455e-05
3876,0.0019373733950396321,0.0016042758181780707
3877,0.001933627079686362,0.002803710661385289
3878,-0.00044881291234688536,0.0008720577147585161
3879,-0.00044901443582345824,0.000771858444587882
3880,-0.000449216140355313,0.001254033925295325
3881,-0.0004494178688900785,0.000896183874772194
3882,-0.00044962009349058807,0.000657952895332209
3883,-0.000449822342654449,-2.87580602975683e-06
3884,-0.0004500247738524754,-0.0008852854135111276
3885,-0.0035793075953356457,-0.0026982901775152055
3886,-0.0035921649008694434,-0.003523370900137809
3887,-0.003605115227398592,-0.003370806698080162
3888,-0.003618159107893537,-0.003595576135874404
3889,-0.003631297720815607,-0.0029160890152013495
3890,-0.003644531941479623,-0.003159969117360379
3891,-0.0036578633015709183,-0.0031022254822740906
3892,0.0018933709390658304,-0.00031631018284649097
3893,0.0018897926988596936,0.0011417793087332964
3894,0.0018862282797520447,0.0012900066107170867
3895,0.001882677120924825,0.001564541272698049
3896,0.0018791393083419372,0.0011395435047100776
3897,0.0018756146067928636,0.0012003581627002531
3898,0.0018721034223816435,0.0012382461211703129
3899,-2.2787844951244196e-05,1.566875820521179e-05
3900,-2.2788364249071158e-05,-0.0006314839754238345
3901,-2.2788883570434848e-05,-0.00047740164887130214
3902,-2.2789562441505318e-05,-0.00038499817849086
3903,-2.2789922287769215e-05,0.0004211829100268242
3904,-2.27904416802982e-05,0.0006528241595214611
3905,-2.2790961096363915e-05,0.0018842286588873346
3906,0.005606709795788145,0.005686394101536593
3907,0.005575449866406235,0.0060877092455669
3908,0.0055445365806683355,0.004903893482802632
3909,0.0055139643613335565,0.0052020303335170645
3910,0.005483727128478444,0.003708105070210325
3911,0.0054538198685119,0.004151137179381757
3912,0.005424237056680381,0.002296788558146731
3913,-0.00934251504451944,-0.005281042243984291
3914,-0.00943062076085699,-0.007497798565243585
3915,-0.009520404081237221,-0.007335053121464971
3916,-0.009611913222672186,-0.008524941558019649
3917,-0.00970519891034971,-0.008326339100638857
3918,-0.009800312896392716,-0.009150200143422792
3919,-0.009897309627575401,-0.00884093471472895
3920,-0.0046461422470434055,-0.006279976951932577
3921,-0.00466782981259517,-0.004382878914762655
3922,-0.00468972046456817,-0.0033892253526829875
3923,-0.004711817571860344,-0.0031582191676401672
3924,-0.0047341239000397994,-0.002677789231103442
3925,-0.004756642602837813,-0.003178390253662159
3926,-0.004779376219213094,-0.0038072238987887485
3927,-0.0032985689303903776,-0.003539455770821323
3928,-0.00330948566676581,-0.0035913755232206994
3929,-0.0033204745593857776,-0.0032775636131027455
3930,-0.0033315370141917544,-0.0030971458031646346
3931,-0.0033426730818140182,-0.002223452076949635
3932,-0.0033538841922723384,-0.0019436070544042146
3933,-0.0033651704114934233,0.00037199065920096486
3934,0.009831669968717538,0.00698412665339303
3935,0.009735949155991408,0.0075871290239392306
3936,0.00964207458022015,0.00626687846099638
3937,0.009549992668231866,0.0077815717476710615
3938,0.009459653218167441,0.00686860504417834
3939,0.009371006578414054,0.008395178557431552
3940,0.009284006260323885,0.0071697918560880355
3941,-0.002090592357723575,0.00019431630850406858
3942,-0.0020949720903653546,-0.0007561202307044077
3943,-0.002099370212367613,-0.00031688536910417153
3944,-0.0021037866761643986,-0.00202753177205137
3945,-0.002108222089334033,-0.0022003301252638725
3946,-0.002112676079712994,-0.003327105976003026
3947,-0.002117148929613788,-0.003238836221259663
3948,-0.002003771782178254,-0.0022897510487567365
3949,-0.0020077949450334476,-0.0022040910787336915
3950,-0.0020118342957629043,-0.001568425706688854
3951,-0.002015890098279405,-0.0011526487896484502
3952,-0.0020199619535660185,-0.0004780804364352453
3953,-0.0020240504584843055,-0.0010203941894826958
3954,-0.0020281555476503454,-0.0013958021787521529
3955,0.0008129109623431496,0.001102261695483598
3956,0.0008122506748653446,0.0010397012089066089
3957,0.0008115914591548812,-0.00037723042959005227
3958,0.0008109331456476188,-2.494083425866908e-05
3959,0.0008102762327502067,-0.0009883880375575165
3960,0.0008096202167311439,0.00026464848511008473
3961,0.0008089652621001697,0.00030193706584927455
3962,-0.004826094192045383,-0.003951437585120995
3963,-0.004849498327759161,-0.003744463987075512
3964,-0.0048731305662913504,-0.002290584002692865
3965,-0.0048969942586963855,-0.0031446728786144722
3966,-0.004921092821992157,-0.0025422870496199074
3967,-0.004945429740791263,-0.003842624218103481
3968,-0.004970008568980222,-0.0036508101359029542
3969,0.0005659169824319132,-0.0005460124435765977
3970,0.0005655970736784255,-0.0004836889523770801
3971,0.0005652771824200542,-0.0006683235274216835
3972,0.000564957824652712,-4.5153421097696785e-07
3973,0.0005646388275288849,0.0005670202020644665
3974,0.0005643203621878978,0.0008725323077402383
3975,0.0005640019126746942,0.0011344830107405729
3976,0.004386932406930777,0.003662588804292154
3977,0.00436777111870823,0.0038385170661495846
3978,0.004348776827685086,0.0024655816065816518
3979,0.004329946685808883,0.0028129864431734744
3980,0.0043112792458541715,0.0014626298668702427
3981,0.004292771739548895,0.0026081210904257282
3982,0.004274422786083587,0.0022513804839532137
3983,-0.006277344540612462,-0.00397809900204448
3984,-0.006316998349268577,-0.004984239226062931
3985,-0.0063571566649230915,-0.0038947671302419183
3986,-0.006397828664055916,-0.005019071224513247
3987,-0.006439024439181429,-0.004502822030333774
3988,-0.006480754001852107,-0.0059350547434118715
3989,-0.006523028315550294,-0.006103279873210468
3990,-0.0019399124303621784,-0.003169378860308835
3991,-0.0019436830051844378,-0.002589102058101719
3992,-0.00194746826615666,-0.002553351716766434
3993,-0.0019512684743620001,-0.0019496246378544655
3994,-0.00195508319144444,-0.0014907554451286244
3995,-0.0019589130293816703,-0.0011974806380298099
3996,-0.0019627579014082075,-0.0013362780063792732
3997,0.00020170437698574517,-0.0004283036134405214
3998,0.00020166370053442684,0.00016440179416236732
3999,0.00020162304048598756,3.4381789084509805e-05
4000,0.00020158257321489792,0.00013883436578553257
4001,0.0002015417695218069,-0.00011186540668028336
4002,0.00020150115862160867,0.00035969031154506705
4003,0.0002014605640845435,0.001293185032109257
4004,0.001460295029961145,0.0011842906637081153
4005,0.0014581658538543874,0.0009784017061051067
4006,0.001456042526375212,0.0013829143133209745
4007,0.0014539255489458558,0.0016565448874054452
4008,0.0014518147184343633,0.002188120328160538
4009,0.0014497101830719394,0.002066429331213204
4010,0.001447611391132364,0.002066039645119133
4011,0.0044860931612003,0.003568195754639882
4012,0.004466057835228909,0.003755002583258338
4013,0.0044462010180152944,0.003214940504423231
4014,0.0044265198210806656,0.0033672254867381877
4015,0.004407012094691964,0.0029974496765698844
4016,0.004387675384819545,0.003461177733665106
4017,0.004368507960604173,0.00310262848459438
4018,0.0007732457713125473,0.0008790684355226312
4019,0.0007726481552463582,0.0008758156357339497
4020,0.0007720517998641707,0.0015258716475436967
4021,0.0007714560269638238,0.001169355335770559
4022,0.0007708615099619731,0.0014257312962005378
4023,0.0007702675717125018,0.0009066386929455755
4024,0.0007696748846042212,0.0013692669952138315
4025,0.003917515814266581,0.003344704533384803
4026,0.0039022289389243348,0.003420904225749247
4027,0.0038870605710958905,0.003228184963903454
4028,0.003872009834338108,0.0037251810997623687
4029,0.0038570752012270226,0.003917882893952145
4030,0.0038422554984685053,0.004258683823681693
4031,0.0038275489126085027,0.004123744090724949
