Date,WTI_Futures,US10Y,WTI_Futures_Lag1,Stocks_MA_20,BB_Lower_20,WTI_Price_t_plus_H,Split
2015-02-02,148.9600067138672,1.68,142.55999755859375,1058826.25,129.4839083155653,156.9600067138672,train
2015-02-03,156.9600067138672,1.79,148.9600067138672,1058826.25,131.15478043487133,146.24000549316406,train
2015-02-04,146.24000549316406,1.81,156.9600067138672,1058826.25,130.05440965977968,152.24000549316406,train
2015-02-05,152.24000549316406,1.83,146.24000549316406,1058826.25,130.04669223394785,155.75999450683594,train
2015-02-06,155.75999450683594,1.95,152.24000549316406,1058826.25,129.66866809378183,158.16000366210938,train
2015-02-09,158.16000366210938,1.96,155.75999450683594,1059702.85,128.94896032312306,151.52000427246094,train
2015-02-10,151.52000427246094,2.01,158.16000366210938,1061182.95,128.0028089471371,148.0800018310547,train
2015-02-11,148.0800018310547,2.0,151.52000427246094,1062663.05,128.34621411596297,153.44000244140625,train
2015-02-12,153.44000244140625,1.99,148.0800018310547,1064143.15,128.67727284913195,156.9600067138672,train
2015-02-13,156.9600067138672,2.02,153.44000244140625,1065623.25,128.54510297081436,156.9600067138672,train
2015-02-16,156.9600067138672,2.02,156.9600067138672,1067489.1,128.7420918248756,158.32000732421875,train
2015-03-17,127.68000030517578,2.06,130.8000030517578,1098589.9,133.25617143709854,134.0800018310547,train
2015-03-18,134.0800018310547,1.93,127.68000030517578,1100266.35,130.6209988536456,128.63999938964844,train
2015-03-19,128.63999938964844,1.98,134.0800018310547,1101942.8,129.64040630478678,131.44000244140625,train
2015-03-20,131.44000244140625,1.93,128.63999938964844,1103619.25,127.65090237968751,134.24000549316406,train
2015-03-23,134.24000549316406,1.92,131.44000244140625,1105282.8,126.37419077015359,134.32000732421875,train
2015-03-24,134.32000732421875,1.88,134.24000549316406,1106946.35,125.60672144651157,138.8800048828125,train
2015-03-25,138.8800048828125,1.93,134.32000732421875,1108609.9,124.92621095659331,145.67999267578125,train
2015-03-26,145.67999267578125,2.01,138.8800048828125,1110273.45,124.9697537146134,137.1199951171875,train
2015-03-27,137.1199951171875,1.95,145.67999267578125,1111937.0,124.93933264953597,137.83999633789062,train
2015-03-30,137.83999633789062,1.96,137.1199951171875,1113323.7,124.68607099507636,134.72000122070312,train
2015-03-31,134.72000122070312,1.94,137.83999633789062,1114710.4,124.60709937309022,140.63999938964844,train
2015-04-01,140.63999938964844,1.87,134.72000122070312,1116097.1,124.43898078824265,140.47999572753906,train
2015-04-02,140.47999572753906,1.92,140.63999938964844,1117483.8,125.35047873277455,147.44000244140625,train
2015-04-06,147.44000244140625,1.92,140.47999572753906,1118870.5,126.09379924783192,152.47999572753906,train
2015-04-07,152.47999572753906,1.89,147.44000244140625,1120582.3,125.91277651648997,144.55999755859375,train
2015-04-08,144.55999755859375,1.92,152.47999572753906,1122294.1,125.01999123514769,144.24000549316406,train
2015-04-09,144.24000549316406,1.97,144.55999755859375,1124005.9,124.95601440462946,147.27999877929688,train
2015-04-10,147.27999877929688,1.96,144.24000549316406,1125717.7,124.88160897738403,148.0,train
2015-04-13,148.0,1.94,147.27999877929688,1127494.1,124.62994888940278,150.55999755859375,train
2015-04-14,150.55999755859375,1.9,148.0,1128789.4,124.79531187495115,157.67999267578125,train
2015-04-15,157.67999267578125,1.91,150.55999755859375,1130084.7,125.44877727435835,159.52000427246094,train
2015-04-16,159.52000427246094,1.9,157.67999267578125,1131380.0,126.14132003841858,158.72000122070312,train
2015-04-17,158.72000122070312,1.87,159.52000427246094,1132675.3,125.87149205584367,159.1199951171875,train
2015-04-20,159.1199951171875,1.9,158.72000122070312,1134236.35,127.32316439880499,155.60000610351562,train
2015-04-21,155.60000610351562,1.92,159.1199951171875,1135388.95,128.605815893388,154.8800048828125,train
2015-04-22,154.8800048828125,1.99,155.60000610351562,1136541.55,130.01709388966233,158.0800018310547,train
2015-04-23,158.0800018310547,1.96,154.8800048828125,1137694.15,131.74765709676393,157.36000061035156,train
2015-04-24,157.36000061035156,1.93,158.0800018310547,1138846.75,132.65024626775053,156.16000366210938,train
2015-04-27,156.16000366210938,1.94,157.36000061035156,1140094.75,132.85702522441417,156.8000030517578,train
2015-04-28,156.8000030517578,2.0,156.16000366210938,1141104.45,134.59545280543432,160.9600067138672,train
2015-04-29,160.9600067138672,2.06,156.8000030517578,1142114.15,136.4406710462529,163.0399932861328,train
2015-04-30,163.0399932861328,2.05,160.9600067138672,1143123.85,139.3460754486878,163.0399932861328,train
2015-05-01,163.0399932861328,2.12,163.1999969482422,1144133.55,140.80342885658735,162.24000549316406,train
2015-05-04,162.24000549316406,2.16,163.1999969482422,1144938.15,142.87378914186638,163.0399932861328,train
2015-05-05,163.0399932861328,2.19,162.24000549316406,1145158.8,143.7095032171182,163.0399932861328,train
2015-05-06,163.0399932861328,2.25,163.1999969482422,1145379.45,143.60384373530277,161.60000610351562,train
2015-05-07,161.60000610351562,2.18,163.1999969482422,1145600.1,145.1685010723062,163.0399932861328,train
2015-05-08,163.0399932861328,2.16,161.60000610351562,1145820.75,147.59676949189424,163.0399932861328,train
2015-05-11,163.0399932861328,2.28,163.1999969482422,1145867.2,149.511979001876,163.0399932861328,train
2015-05-12,163.0399932861328,2.28,163.0399932861328,1145913.65,151.6585034724747,163.0399932861328,train
2015-05-13,163.0399932861328,2.27,163.1999969482422,1145960.1,153.23257322071132,163.0399932861328,train
2015-05-14,163.0399932861328,2.23,163.1999969482422,1146006.55,153.47907772924404,163.0399932861328,train
2015-05-15,163.0399932861328,2.14,163.1999969482422,1146053.0,153.60171227582768,163.0399932861328,train
2015-05-18,163.0399932861328,2.23,163.1999969482422,1145715.65,153.84945600990397,157.0399932861328,train
2015-05-19,157.0399932861328,2.27,163.1999969482422,1145378.3,154.09471802998505,158.72000122070312,train
2015-05-20,158.72000122070312,2.26,157.0399932861328,1145040.95,154.38502454419842,163.0399932861328,train
2015-05-21,163.0399932861328,2.19,158.72000122070312,1144703.6,155.15201466339997,162.0,train
2015-05-22,162.0,2.21,163.1999969482422,1144366.25,155.6368282063599,157.52000427246094,train
2015-05-26,157.52000427246094,2.14,162.0,1143822.75,156.27327516354654,155.83999633789062,train
2015-05-27,155.83999633789062,2.14,157.52000427246094,1143279.25,156.60861488593983,156.47999572753906,train
2015-05-28,156.47999572753906,2.13,155.83999633789062,1142735.75,156.35308177559534,162.47999572753906,train
2015-05-29,162.47999572753906,2.12,156.47999572753906,1142192.25,155.59308994611197,162.8800048828125,train
2015-06-01,162.8800048828125,2.19,162.47999572753906,1141576.3,155.5690009433055,163.0399932861328,train
2015-06-02,163.0399932861328,2.27,162.8800048828125,1141165.45,155.562270166875,161.36000061035156,train
2015-06-03,161.36000061035156,2.38,163.1999969482422,1140754.6,155.55689921078192,157.27999877929688,train
2015-06-04,157.27999877929688,2.31,161.36000061035156,1140343.75,155.5537467354909,159.1999969482422,train
2015-06-05,159.1999969482422,2.41,157.27999877929688,1139932.9,155.11988073096703,157.67999267578125,train
2015-06-08,157.67999267578125,2.39,159.1999969482422,1139221.15,154.91235742680388,161.67999267578125,train
2015-06-09,161.67999267578125,2.42,157.67999267578125,1138619.0,154.4829494997495,163.0399932861328,train
2015-06-10,163.0399932861328,2.5,161.67999267578125,1138016.85,154.4668498697858,163.0399932861328,train
2015-06-11,163.0399932861328,2.39,163.1999969482422,1137414.7,154.53986925067736,162.16000366210938,train
2015-06-12,162.16000366210938,2.39,163.1999969482422,1136812.55,154.59622713689367,161.1999969482422,train
2015-06-15,161.1999969482422,2.36,162.16000366210938,1136106.55,154.6454698604971,162.0800018310547,train
2015-06-16,162.0800018310547,2.32,161.1999969482422,1135518.6,154.6818077180337,161.67999267578125,train
2015-06-17,161.67999267578125,2.32,162.0800018310547,1134930.65,154.71315987243526,162.8800048828125,train
2015-06-18,162.8800048828125,2.35,161.67999267578125,1134342.7,155.18815034689652,160.16000366210938,train
2015-06-19,160.16000366210938,2.26,162.8800048828125,1133754.75,155.43283533164112,161.27999877929688,train
2015-06-22,161.27999877929688,2.37,160.16000366210938,1132937.6,155.38883407525756,163.0399932861328,train
2015-06-23,163.0399932861328,2.42,161.27999877929688,1132231.2,155.37210373953596,161.67999267578125,train
2015-06-24,161.67999267578125,2.38,163.1999969482422,1131524.8,155.78743279397207,159.83999633789062,train
2015-06-25,159.83999633789062,2.4,161.67999267578125,1130818.4,156.70626157755592,159.83999633789062,train
2015-06-26,159.83999633789062,2.49,159.83999633789062,1130112.0,157.41018306107685,156.0800018310547,train
2015-06-29,156.0800018310547,2.33,159.83999633789062,1129617.25,157.21857340197113,159.0399932861328,train
2015-06-30,159.0399932861328,2.35,156.0800018310547,1129122.5,156.28949621122104,152.8000030517578,train
2015-07-01,152.8000030517578,2.43,159.0399932861328,1128627.75,156.3047181017738,151.44000244140625,train
2015-07-02,151.44000244140625,2.4,152.8000030517578,1128133.0,154.6317150835962,151.44000244140625,train
2015-07-03,151.44000244140625,2.4,151.44000244140625,1127638.25,153.19585297974717,141.83999633789062,train
2015-08-03,120.8000030517578,2.16,124.72000122070312,1124937.4,122.28953817483058,121.76000213623048,train
2015-08-04,121.76000213623048,2.23,120.8000030517578,1124458.55,120.30574259515639,120.23999786376952,train
2015-08-05,120.23999786376952,2.28,121.76000213623048,1123979.7,118.95713227868393,118.95999908447266,train
2015-08-06,118.95999908447266,2.23,120.23999786376952,1123500.85,117.34782177761308,116.4800033569336,train
2015-08-07,116.4800033569336,2.18,118.95999908447266,1123022.0,116.00391773975811,119.12000274658205,train
2015-08-10,119.12000274658205,2.24,116.4800033569336,1122670.3,114.4604621872362,115.91999816894533,train
2015-08-11,115.91999816894533,2.15,119.12000274658205,1122318.6,113.71522776707715,115.5199966430664,train
2015-08-12,115.5199966430664,2.14,115.91999816894533,1121966.9,112.9659365383863,112.72000122070312,train
2015-08-13,112.72000122070312,2.19,115.5199966430664,1121615.2,112.00377336168013,111.91999816894533,train
2015-08-14,111.91999816894533,2.2,112.72000122070312,1121263.5,110.6314091960876,111.12000274658205,train
2015-08-17,111.12000274658205,2.16,111.91999816894533,1120893.7,109.44308166384093,112.4000015258789,train
2015-08-18,112.4000015258789,2.2,111.12000274658205,1120523.9,108.18480217720774,107.44000244140624,train
2015-08-19,107.44000244140624,2.12,112.4000015258789,1120154.1,107.83643628368077,106.95999908447266,train
2015-08-20,106.95999908447266,2.09,107.44000244140624,1119784.3,106.17561879515611,105.83999633789062,train
2015-08-21,105.83999633789062,2.05,106.95999908447266,1119414.5,104.64261444586624,99.91999816894533,train
2015-08-24,99.91999816894533,2.01,105.83999633789062,1118982.3,103.14269519997262,101.83999633789062,train
2015-08-25,101.83999633789062,2.12,99.91999816894533,1118550.1,100.3305353298662,102.16000366210938,train
2015-08-26,102.16000366210938,2.18,101.83999633789062,1118117.9,98.622552195331,111.5999984741211,train
2015-08-27,111.5999984741211,2.18,102.16000366210938,1117685.7,97.8165779394977,119.04000091552734,train
2015-08-28,119.04000091552734,2.19,111.5999984741211,1117253.5,98.61210491481414,127.12000274658205,train
2015-08-31,127.12000274658205,2.21,119.04000091552734,1117275.0,99.11722950906957,118.4800033569336,train
2015-09-01,118.4800033569336,2.17,127.12000274658205,1117296.5,98.36774504709624,120.72000122070312,train
2015-09-02,120.72000122070312,2.2,118.4800033569336,1117318.0,98.55466304913266,122.72000122070312,train
2015-09-03,122.72000122070312,2.18,120.72000122070312,1117339.5,98.5237170017945,120.63999938964844,train
2015-09-04,120.63999938964844,2.13,122.72000122070312,1117361.0,98.27472404025302,120.63999938964844,train
2015-09-07,120.63999938964844,2.13,120.63999938964844,1117572.8,98.15789619967255,120.16000366210938,train
2015-10-06,125.91999816894533,2.05,120.0,1119936.15,113.58950553250747,124.55999755859376,train
2015-10-07,124.55999755859376,2.08,125.91999816894533,1120084.35,112.6944133388211,128.32000732421875,train
2015-10-08,128.32000732421875,2.12,124.55999755859376,1120232.55,112.56796245987582,127.91999816894533,train
2015-10-09,127.91999816894533,2.12,128.32000732421875,1120380.75,111.65996680079142,122.4800033569336,train
2015-10-12,122.4800033569336,2.12,127.91999816894533,1121012.25,111.30778287488513,120.4800033569336,train
2015-10-13,120.4800033569336,2.06,122.4800033569336,1121643.75,111.87836887526537,120.4000015258789,train
2015-10-14,120.4000015258789,1.99,120.4800033569336,1122275.25,112.24195017158497,121.04000091552734,train
2015-10-15,121.04000091552734,2.04,120.4000015258789,1122906.75,112.21209302172205,121.76000213623048,train
2015-10-16,121.76000213623048,2.04,121.04000091552734,1123538.25,112.2001849948078,118.63999938964844,train
2015-10-19,118.63999938964844,2.04,121.76000213623048,1124667.35,112.55097130076634,117.83999633789062,train
2015-10-20,117.83999633789062,2.08,118.63999938964844,1125796.45,112.42614365570279,115.44000244140624,train
2015-10-21,115.44000244140624,2.04,117.83999633789062,1126925.55,112.28442252042198,116.08000183105467,train
2015-10-22,116.08000183105467,2.04,115.44000244140624,1128054.65,112.27041200851038,114.16000366210938,train
2015-10-23,114.16000366210938,2.09,116.08000183105467,1129183.75,112.17462278280361,112.08000183105467,train
2015-10-26,112.08000183105467,2.07,114.16000366210938,1130284.0,111.61453382886648,110.55999755859376,train
2015-10-27,110.55999755859376,2.05,112.08000183105467,1131384.25,111.00683136480417,117.5199966430664,train
2015-10-28,117.5199966430664,2.1,110.55999755859376,1132484.5,109.83568489839547,117.04000091552734,train
2015-10-29,117.04000091552734,2.19,117.5199966430664,1133584.75,109.84320324264021,118.4800033569336,train
2015-10-30,118.4800033569336,2.16,117.04000091552734,1134685.0,109.88651484957728,118.0,train
2015-11-02,118.0,2.2,118.4800033569336,1135775.6,109.91096624098876,122.23999786376952,train
2015-11-03,122.23999786376952,2.23,118.0,1136866.2,109.7897292864612,118.8000030517578,train
2015-11-04,118.8000030517578,2.25,122.23999786376952,1137956.8,109.9939097021769,115.83999633789062,train
2015-11-05,115.83999633789062,2.26,118.8000030517578,1139047.4,110.04915494909041,113.83999633789062,train
2015-11-06,113.83999633789062,2.34,115.83999633789062,1140138.0,110.5002797179974,112.63999938964844,train
2015-11-09,112.63999938964844,2.36,113.83999633789062,1141049.5,110.97895562235055,112.72000122070312,train
2015-11-10,112.72000122070312,2.32,112.63999938964844,1141961.0,110.54006926750706,110.08000183105467,train
2015-11-11,110.08000183105467,2.32,112.72000122070312,1142872.5,110.06604671812599,106.8000030517578,train
2015-11-12,106.8000030517578,2.32,110.08000183105467,1143784.0,109.15326529240059,104.4800033569336,train
2015-11-13,104.4800033569336,2.28,106.8000030517578,1144695.5,107.65414929053094,107.12000274658205,train
2015-11-16,107.12000274658205,2.27,104.4800033569336,1145218.25,105.92475148600103,104.08000183105467,train
2015-11-17,104.08000183105467,2.25,107.12000274658205,1145741.0,104.94300993473328,104.4000015258789,train
2015-11-18,104.4000015258789,2.27,104.08000183105467,1146263.75,103.41198436546081,103.68000030517578,train
2015-11-19,103.68000030517578,2.24,104.4000015258789,1146786.5,102.14033953167115,103.44000244140624,train
2015-11-20,103.44000244140624,2.26,103.68000030517578,1147309.25,100.89082437716843,104.16000366210938,train
2015-11-23,104.16000366210938,2.25,103.44000244140624,1147711.2,99.7423228292032,106.55999755859376,train
2015-11-24,106.55999755859376,2.24,104.16000366210938,1148113.15,98.88446608556504,107.12000274658205,train
2015-11-25,107.12000274658205,2.23,106.55999755859376,1148515.1,98.5068873203594,107.12000274658205,train
2015-11-26,107.12000274658205,2.23,107.12000274658205,1148917.05,98.24768293116404,104.23999786376952,train
2015-12-28,87.44000244140625,2.24,90.4000015258789,1150522.5,80.03285812006415,90.08000183105467,train
2015-12-29,90.08000183105467,2.32,87.44000244140625,1150416.95,80.0479079265455,87.44000244140625,train
2015-12-30,87.44000244140625,2.31,90.08000183105467,1150311.4,80.51921419197778,88.0,train
2015-12-31,88.0,2.27,87.44000244140625,1150205.85,81.09203017232967,87.83999633789062,train
2016-01-04,87.83999633789062,2.24,88.0,1150100.3,81.39461838988268,85.27999877929688,train
2016-01-05,85.27999877929688,2.25,87.83999633789062,1149787.25,82.61470315649933,80.87999725341797,train
2016-01-06,80.87999725341797,2.18,85.27999877929688,1149657.25,83.51552878412915,79.19999694824219,train
2016-01-07,79.19999694824219,2.16,80.87999725341797,1149527.25,82.29286999331389,78.4000015258789,train
2016-01-08,78.4000015258789,2.13,79.19999694824219,1149397.25,80.85372461928108,74.0,train
2016-01-11,74.0,2.17,78.4000015258789,1149278.9,79.43211416088874,73.36000061035156,train
2016-01-12,73.36000061035156,2.12,74.0,1149160.55,76.89484637216398,72.72000122070312,train
2016-01-13,72.72000122070312,2.08,73.36000061035156,1148802.15,74.63354937742257,73.83999633789062,train
2016-01-14,73.83999633789062,2.1,72.72000122070312,1148443.75,72.62810978616996,70.31999969482422,train
2016-01-15,70.31999969482422,2.03,73.83999633789062,1148085.35,71.33424244349652,70.31999969482422,train
2016-01-18,70.31999969482422,2.03,70.31999969482422,1147925.85,69.3128565313753,67.91999816894531,train
2016-02-17,70.23999786376953,1.81,66.4800033569336,1162067.7,61.65905389580362,69.27999877929688,train
2016-02-18,69.27999877929688,1.75,70.23999786376953,1162950.3,61.83189556655758,68.4000015258789,train
2016-02-19,68.4000015258789,1.76,69.27999877929688,1163832.9,62.22424447334163,71.27999877929688,train
2016-02-22,71.27999877929688,1.77,68.4000015258789,1164890.55,62.21641543939247,67.83999633789062,train
2016-02-23,67.83999633789062,1.74,71.27999877929688,1165529.05,62.26478060431467,68.72000122070312,train
2016-02-24,68.72000122070312,1.75,67.83999633789062,1166167.55,62.2146963703018,70.4000015258789,train
2016-02-25,70.4000015258789,1.71,68.72000122070312,1166806.05,62.08024734807673,70.23999786376953,train
2016-02-26,70.23999786376953,1.76,70.4000015258789,1167444.55,62.09664359411141,72.0,train
2016-02-29,72.0,1.74,70.23999786376953,1168601.75,62.65084511887553,73.19999694824219,train
2016-03-01,73.19999694824219,1.83,72.0,1169369.4,63.309566177691565,74.4000015258789,train
2016-03-02,74.4000015258789,1.84,73.19999694824219,1170137.05,63.23270158968571,74.0,train
2016-03-03,74.0,1.83,74.4000015258789,1170904.7,63.10528808065549,77.19999694824219,train
2016-03-04,77.19999694824219,1.88,74.0,1171672.35,63.18546828025991,80.87999725341797,train
2016-03-07,80.87999725341797,1.91,77.19999694824219,1172647.05,62.66047128670261,77.19999694824219,train
2016-03-08,77.19999694824219,1.83,80.87999725341797,1173655.2,61.55097134291917,81.19999694824219,train
2016-03-09,81.19999694824219,1.9,77.19999694824219,1174663.35,61.42076748198283,80.31999969482422,train
2016-03-10,80.31999969482422,1.93,81.19999694824219,1175671.5,61.39176498887339,81.5199966430664,train
2016-03-11,81.5199966430664,1.98,80.31999969482422,1176679.65,62.14535224094691,79.04000091552734,train
2016-03-14,79.04000091552734,1.97,81.5199966430664,1177753.75,62.992950088252016,77.5999984741211,train
2016-03-15,77.5999984741211,1.97,79.04000091552734,1178720.5,63.75432218379317,81.44000244140625,train
2016-03-16,81.44000244140625,1.94,77.5999984741211,1179687.25,64.77588332944767,84.4000015258789,train
2016-03-17,84.4000015258789,1.91,81.44000244140625,1180654.0,65.01473115794161,83.83999633789062,train
2016-03-18,83.83999633789062,1.88,84.4000015258789,1181620.75,65.24712025519685,84.72000122070312,train
2016-03-21,84.72000122070312,1.92,83.83999633789062,1182880.3,65.96569667903091,84.31999969482422,train
2016-03-22,84.31999969482422,1.94,84.72000122070312,1184139.85,66.28147780603058,80.87999725341797,train
2016-03-23,80.87999725341797,1.88,84.31999969482422,1185399.4,67.54802824631406,80.4800033569336,train
2016-03-24,80.4800033569336,1.91,80.87999725341797,1186658.95,69.02300665671804,80.08000183105469,train
2016-03-28,80.08000183105469,1.89,80.4800033569336,1187918.5,70.29081562856005,78.4000015258789,train
2016-03-29,78.4000015258789,1.81,80.08000183105469,1188774.2,71.80837490875,77.83999633789062,train
2016-03-30,77.83999633789062,1.83,78.4000015258789,1189629.9,72.94904765667494,77.5999984741211,train
2016-03-31,77.5999984741211,1.78,77.83999633789062,1190485.6,73.83721453092515,74.63999938964844,train
2016-04-01,74.63999938964844,1.79,77.5999984741211,1191341.3,74.46019950314843,72.63999938964844,train
2016-04-04,72.63999938964844,1.78,74.63999938964844,1191936.1,74.63236338293441,73.04000091552734,train
2016-04-05,73.04000091552734,1.73,72.63999938964844,1192323.85,73.57574807581238,76.80000305175781,train
2016-04-06,76.80000305175781,1.76,73.04000091552734,1192711.6,72.49697467066238,76.08000183105469,train
2016-04-07,76.08000183105469,1.7,76.80000305175781,1193099.35,72.44663763983966,80.23999786376953,train
2016-04-08,80.23999786376953,1.72,76.08000183105469,1193487.1,72.07428051326055,82.23999786376953,train
2016-04-11,82.23999786376953,1.73,80.23999786376953,1194206.55,72.07261220511818,85.12000274658203,train
2016-04-12,85.12000274658203,1.79,82.23999786376953,1194860.05,72.05451309026931,84.08000183105469,train
2016-04-13,84.08000183105469,1.77,85.12000274658203,1195513.55,71.9118278842799,83.83999633789062,train
2016-04-14,83.83999633789062,1.8,84.08000183105469,1196167.05,72.0508013051785,82.0,train
2016-04-15,82.0,1.76,83.83999633789062,1196820.55,72.00383062468221,81.36000061035156,train
2016-04-18,81.36000061035156,1.78,82.0,1197578.05,72.0867303404328,83.5199966430664,train
2016-04-19,83.5199966430664,1.79,81.36000061035156,1197867.7,72.14546252765112,86.08000183105469,train
2016-04-20,86.08000183105469,1.85,83.5199966430664,1198157.35,72.22934720062929,85.76000213623047,train
2016-04-21,85.76000213623047,1.88,86.08000183105469,1198447.0,72.05637273143564,86.08000183105469,train
2016-04-22,86.08000183105469,1.89,85.76000213623047,1198736.65,71.8705143652889,84.4000015258789,train
2016-04-25,84.4000015258789,1.91,86.08000183105469,1199126.2,71.72447468171009,86.4800033569336,train
2016-04-26,86.4800033569336,1.94,84.4000015258789,1199400.9,71.75731235166879,89.12000274658203,train
2016-04-27,89.12000274658203,1.87,86.4800033569336,1199675.6,71.848995824968,89.76000213623047,train
2016-04-28,89.76000213623047,1.84,89.12000274658203,1199950.3,71.85693510017408,90.4000015258789,train
2016-04-29,90.4000015258789,1.83,89.76000213623047,1200225.0,71.99590003174002,88.4000015258789,train
2016-05-02,88.4000015258789,1.88,90.4000015258789,1200899.65,72.79630736956744,85.91999816894531,train
2016-05-03,85.91999816894531,1.81,88.4000015258789,1201574.3,74.55385030973999,86.31999969482422,train
2016-05-04,86.31999969482422,1.79,85.91999816894531,1202248.95,76.6680140167911,87.19999694824219,train
2016-05-05,87.19999694824219,1.76,86.31999969482422,1202923.6,77.98521526906232,87.68000030517578,train
2016-05-06,87.68000030517578,1.79,87.19999694824219,1203598.25,79.85860247457317,85.44000244140625,train
2016-05-09,85.44000244140625,1.77,87.68000030517578,1203760.75,80.71445297406383,87.91999816894531,train
2016-05-10,87.91999816894531,1.77,85.44000244140625,1203923.25,81.15129177187467,90.72000122070312,train
2016-05-11,90.72000122070312,1.73,87.91999816894531,1204085.75,81.22999193062189,91.5999984741211,train
2016-05-12,91.5999984741211,1.75,90.72000122070312,1204248.25,81.24272081183105,90.95999908447266,train
2016-05-13,90.95999908447266,1.71,91.5999984741211,1204410.75,81.29275579621127,94.08000183105467,train
2016-05-16,94.08000183105467,1.75,90.95999908447266,1204534.75,81.93289722601777,95.36000061035156,train
2016-05-17,95.36000061035156,1.76,94.08000183105467,1204658.75,82.49594854157279,93.5999984741211,train
2016-05-18,93.5999984741211,1.87,95.36000061035156,1204782.75,82.53766418047698,94.31999969482422,train
2016-05-19,94.31999969482422,1.85,93.5999984741211,1204906.75,82.61042683212884,94.0,train
2016-05-20,94.0,1.85,94.31999969482422,1205030.75,82.76581986330912,93.27999877929688,train
2016-05-23,93.27999877929688,1.84,94.0,1204843.5,83.02169708138958,94.55999755859376,train
2016-05-24,94.55999755859376,1.86,93.27999877929688,1204656.25,83.7718561336321,96.23999786376952,train
2016-05-25,96.23999786376952,1.87,94.55999755859376,1204469.0,84.12520913071774,95.5999984741211,train
2016-05-26,95.5999984741211,1.83,96.23999786376952,1204281.75,84.03578703122463,95.83999633789062,train
2016-05-27,95.83999633789062,1.85,95.5999984741211,1204094.5,84.03855394020931,94.95999908447266,train
2016-05-31,94.95999908447266,1.84,95.83999633789062,1203699.9,84.02688314106751,95.44000244140624,train
2016-06-01,95.44000244140624,1.85,94.95999908447266,1203305.3,84.34298851251488,94.87999725341795,train
2016-06-02,94.87999725341795,1.81,95.44000244140624,1202910.7,85.18876075057413,94.55999755859376,train
2016-06-03,94.55999755859376,1.71,94.87999725341795,1202516.1,86.11087313309318,96.31999969482422,train
2016-06-06,96.31999969482422,1.73,94.55999755859376,1202003.35,86.96551648419536,97.76000213623048,train
2016-06-07,97.76000213623048,1.72,96.31999969482422,1201671.05,87.7890519020639,99.44000244140624,train
2016-06-08,99.44000244140624,1.71,97.76000213623048,1201338.75,89.5106932093575,98.0,train
2016-06-09,98.0,1.68,99.44000244140624,1201006.45,90.47748059595385,94.95999908447266,train
2016-06-10,94.95999908447266,1.64,98.0,1200674.15,91.02738634761666,94.08000183105467,train
2016-06-13,94.08000183105467,1.62,94.95999908447266,1200295.2,91.53481451748581,93.83999633789062,train
2016-06-14,93.83999633789062,1.62,94.08000183105467,1199850.75,92.22415324324989,91.76000213623048,train
2016-06-15,91.76000213623048,1.6,93.83999633789062,1199406.3,92.18973589668451,89.12000274658203,train
2016-06-16,89.12000274658203,1.57,91.76000213623048,1198961.85,91.6252009150051,93.27999877929688,train
2016-06-17,93.27999877929688,1.62,89.12000274658203,1198517.4,90.52542805727269,95.27999877929688,train
2016-06-20,95.27999877929688,1.67,93.27999877929688,1198027.1,90.4182258308454,95.12000274658205,train
2016-06-21,95.12000274658205,1.71,95.27999877929688,1197748.15,90.49959135433105,93.91999816894533,train
2016-06-22,93.91999816894533,1.69,95.12000274658205,1197469.2,90.66214747898039,95.83999633789062,train
2016-06-23,95.83999633789062,1.74,93.91999816894533,1197190.25,90.60578362100209,91.1999969482422,train
2016-06-24,91.1999969482422,1.57,95.83999633789062,1196911.3,90.60547693331294,89.5199966430664,train
2016-06-27,89.5199966430664,1.46,91.1999969482422,1196429.7,90.081887676417,91.76000213623048,train
2016-06-28,91.76000213623048,1.46,89.5199966430664,1196016.4,89.24480161088199,94.31999969482422,train
2016-06-29,94.31999969482422,1.5,91.76000213623048,1195603.1,88.95425861003802,92.55999755859376,train
2016-06-30,92.55999755859376,1.49,94.31999969482422,1195189.8,88.92494642798832,94.23999786376952,train
2016-07-01,94.23999786376952,1.46,92.55999755859376,1194776.5,88.76599431079735,94.23999786376952,train
2016-07-04,94.23999786376952,1.46,94.23999786376952,1194370.1,88.75346050727859,89.44000244140625,train
2016-08-02,74.63999938964844,1.55,75.27999877929688,1185974.55,75.62146734678164,77.5199966430664,train
2016-08-03,77.5199966430664,1.55,74.63999938964844,1185884.2,74.23072102741686,78.72000122070312,train
2016-08-04,78.72000122070312,1.51,77.5199966430664,1185793.85,73.83325443108622,78.87999725341797,train
2016-08-05,78.87999725341797,1.59,78.72000122070312,1185703.5,73.43105712973717,80.80000305175781,train
2016-08-08,80.80000305175781,1.59,78.87999725341797,1185793.15,73.12521289810496,80.55999755859375,train
2016-08-09,80.55999755859375,1.55,80.80000305175781,1185882.8,73.00867793291634,78.16000366210938,train
2016-08-10,78.16000366210938,1.5,80.55999755859375,1185972.45,73.30814701098828,81.68000030517578,train
2016-08-11,81.68000030517578,1.57,78.16000366210938,1186062.1,73.08672427256204,84.0,train
2016-08-12,84.0,1.51,81.68000030517578,1186151.75,73.3122472046777,86.08000183105469,train
2016-08-15,86.08000183105469,1.55,84.0,1186233.15,73.72260347004527,87.36000061035156,train
2016-08-16,87.36000061035156,1.57,86.08000183105469,1186314.55,73.78356695252332,87.91999816894531,train
2016-08-17,87.91999816894531,1.56,87.36000061035156,1186395.95,73.55832203599138,90.4000015258789,train
2016-08-18,90.4000015258789,1.53,87.91999816894531,1186477.35,73.29123795715114,90.72000122070312,train
2016-08-19,90.72000122070312,1.58,90.4000015258789,1186558.75,72.55157343849723,87.76000213623047,train
2016-08-22,87.76000213623047,1.55,90.72000122070312,1186681.6,71.92890014478299,88.72000122070312,train
2016-08-23,88.72000122070312,1.55,87.76000213623047,1186804.45,71.86049417144011,86.55999755859375,train
2016-08-24,86.55999755859375,1.56,88.72000122070312,1186927.3,71.81379997637197,87.5999984741211,train
2016-08-25,87.5999984741211,1.58,86.55999755859375,1187050.15,72.10682366491581,87.5999984741211,train
2016-08-26,87.5999984741211,1.62,87.5999984741211,1187173.0,72.68834915898937,86.80000305175781,train
2016-08-29,86.80000305175781,1.57,87.5999984741211,1187338.95,73.25546622576772,85.83999633789062,train
2016-08-30,85.83999633789062,1.57,86.80000305175781,1187504.9,74.51285153267386,82.87999725341797,train
2016-08-31,82.87999725341797,1.58,85.83999633789062,1187670.85,76.15536439379241,80.4800033569336,train
2016-09-01,80.4800033569336,1.57,82.87999725341797,1187836.8,77.0579820208001,81.91999816894531,train
2016-09-02,81.91999816894531,1.6,80.4800033569336,1188002.75,77.40345660542124,81.91999816894531,train
2016-09-05,81.91999816894531,1.6,81.91999816894531,1187390.4,77.96148760411984,83.12000274658203,train
2016-10-04,88.72000122070312,1.69,88.80000305175781,1170665.85,78.2047642839961,90.8000030517578,train
2016-10-05,90.8000030517578,1.72,88.72000122070312,1170084.9,78.02775400234134,92.08000183105467,train
2016-10-06,92.08000183105467,1.75,90.8000030517578,1169503.95,77.59010196770676,90.63999938964844,train
2016-10-07,90.63999938964844,1.73,92.08000183105467,1168923.0,77.07357186776112,93.36000061035156,train
2016-10-10,93.36000061035156,1.73,90.63999938964844,1168612.45,76.86202119859206,92.63999938964844,train
2016-10-11,92.63999938964844,1.77,93.36000061035156,1168301.9,76.37568708687922,91.44000244140624,train
2016-10-12,91.44000244140624,1.79,92.63999938964844,1167991.35,76.31441150990737,91.91999816894533,train
2016-10-13,91.91999816894533,1.75,91.44000244140624,1167680.8,76.80494689743517,91.5199966430664,train
2016-10-14,91.5199966430664,1.8,91.91999816894533,1167370.25,77.32309810591977,90.95999908447266,train
2016-10-17,90.95999908447266,1.77,91.5199966430664,1167107.35,78.22228024181281,91.5999984741211,train
2016-10-18,91.5999984741211,1.75,90.95999908447266,1166844.45,79.35352296663774,93.27999877929688,train
2016-10-19,93.27999877929688,1.76,91.5999984741211,1166581.55,80.48099009750528,91.44000244140624,train
2016-10-20,91.44000244140624,1.76,93.27999877929688,1166318.65,81.09204921560621,91.83999633789062,train
2016-10-21,91.83999633789062,1.74,91.44000244140624,1166055.75,81.69458589273499,91.44000244140624,train
2016-10-24,91.44000244140624,1.77,91.83999633789062,1165859.3,83.07263717451393,89.91999816894531,train
2016-10-25,89.91999816894531,1.77,91.44000244140624,1165662.85,84.14133862207882,88.72000122070312,train
2016-10-26,88.72000122070312,1.79,89.91999816894531,1165466.4,86.29092999319762,89.68000030517578,train
2016-10-27,89.68000030517578,1.85,88.72000122070312,1165269.95,87.16452022879115,88.08000183105469,train
2016-10-28,88.08000183105469,1.86,89.68000030517578,1165073.5,87.72575773148651,84.23999786376953,train
2016-10-31,84.23999786376953,1.84,88.08000183105469,1165746.85,87.89466421276606,84.55999755859375,train
2016-11-01,84.55999755859375,1.83,84.23999786376953,1166420.2,86.52390516378456,82.23999786376953,train
2016-11-02,82.23999786376953,1.81,84.55999755859375,1167093.55,85.55512815243888,80.63999938964844,train
2016-11-03,80.63999938964844,1.82,82.23999786376953,1167766.9,83.90478833034815,79.83999633789062,train
2016-11-04,79.83999633789062,1.79,80.63999938964844,1168440.25,82.11379443301712,81.27999877929688,train
2016-11-07,81.27999877929688,1.83,79.83999633789062,1168992.7,80.43250524513567,80.80000305175781,train
2016-11-08,80.80000305175781,1.88,81.27999877929688,1169545.15,79.43646660024808,82.23999786376953,train
2016-11-09,82.23999786376953,2.07,80.80000305175781,1170097.6,78.47571188438965,80.31999969482422,train
2016-11-10,80.31999969482422,2.15,82.23999786376953,1170650.05,77.87058583747555,78.16000366210938,train
2016-11-11,78.16000366210938,2.15,80.31999969482422,1171202.5,77.06008918652351,78.95999908447266,train
2016-11-14,78.95999908447266,2.23,78.16000366210938,1172281.05,75.9491592475244,82.72000122070312,train
2016-11-15,82.72000122070312,2.23,78.95999908447266,1173359.6,75.15030416371462,81.83999633789062,train
2016-11-16,81.83999633789062,2.22,82.72000122070312,1174438.15,75.06002916204216,81.04000091552734,train
2016-11-17,81.04000091552734,2.29,81.83999633789062,1175516.7,75.19658755537591,82.55999755859375,train
2016-11-18,82.55999755859375,2.34,81.04000091552734,1176595.25,75.17568473926147,86.16000366210938,train
2016-11-21,86.16000366210938,2.33,82.55999755859375,1177638.65,75.53231584350604,85.04000091552734,train
2016-11-22,85.04000091552734,2.31,86.16000366210938,1178682.05,76.07571900359578,85.36000061035156,train
2016-11-23,85.36000061035156,2.36,85.04000091552734,1179725.45,76.4976386564819,85.36000061035156,train
2016-11-24,85.36000061035156,2.36,85.36000061035156,1180768.85,76.80353632427484,82.63999938964844,train
2016-12-23,92.4800033569336,2.55,91.68000030517578,1180719.75,82.60642241709809,93.83999633789062,train
2016-12-27,93.83999633789062,2.57,92.4800033569336,1180615.5,83.86617641339126,94.0,train
2016-12-28,94.0,2.51,93.83999633789062,1180511.25,85.0645927326402,93.76000213623048,train
2016-12-29,93.76000213623048,2.49,94.0,1180407.0,88.21194716595963,93.76000213623048,train
2016-12-30,93.76000213623048,2.45,93.76000213623048,1180302.75,89.00166074132841,91.5199966430664,train
2017-01-03,91.5199966430664,2.45,93.76000213623048,1179845.95,89.09807440813368,92.63999938964844,train
2017-01-04,92.63999938964844,2.46,91.5199966430664,1179508.65,89.07451136749941,93.5999984741211,train
2017-01-05,93.5999984741211,2.37,92.63999938964844,1179171.35,89.21000028357636,93.44000244140624,train
2017-01-06,93.44000244140624,2.42,93.5999984741211,1178834.05,89.42573904792627,90.4800033569336,train
2017-01-09,90.4800033569336,2.38,93.44000244140624,1178701.6,90.15989246204843,88.55999755859375,train
2017-01-10,88.55999755859375,2.38,90.4800033569336,1178569.15,90.15989246204843,90.95999908447266,train
2017-01-11,90.95999908447266,2.38,88.55999755859375,1178564.85,89.44529909928478,92.31999969482422,train
2017-01-12,92.31999969482422,2.36,90.95999908447266,1178560.55,89.29718299622898,91.27999877929688,train
2017-01-13,91.27999877929688,2.4,92.31999969482422,1178556.25,89.3176716639444,91.27999877929688,train
2017-01-16,91.27999877929688,2.4,91.27999877929688,1178669.25,89.42181161089363,91.44000244140624,train
2017-02-14,91.04000091552734,2.47,90.55999755859376,1192622.25,88.99536543182157,90.87999725341795,train
2017-02-15,90.87999725341795,2.51,91.04000091552734,1194255.25,88.99240494553469,91.27999877929688,train
2017-02-16,91.27999877929688,2.45,90.87999725341795,1195888.25,89.22581656257958,91.12000274658205,train
2017-02-17,91.12000274658205,2.42,91.27999877929688,1197521.25,89.48608398749172,91.12000274658205,train
2017-02-20,91.12000274658205,2.42,91.12000274658205,1199040.45,89.48608398749172,92.31999969482422,train
2017-03-21,80.87999725341797,2.43,82.16000366210938,1219874.2,78.84972695282066,80.95999908447266,train
2017-03-22,80.95999908447266,2.4,80.87999725341797,1220510.8,78.13206777241054,80.08000183105469,train
2017-03-23,80.08000183105469,2.41,80.95999908447266,1221147.4,77.47723690142813,80.72000122070312,train
2017-03-24,80.72000122070312,2.4,80.08000183105469,1221784.0,76.90512713545053,80.31999969482422,train
2017-03-27,80.31999969482422,2.38,80.72000122070312,1222352.8,76.55326747906238,81.19999694824219,train
2017-03-28,81.19999694824219,2.42,80.31999969482422,1222921.6,76.30605608543893,82.95999908447266,train
2017-03-29,82.95999908447266,2.39,81.19999694824219,1223490.4,76.34470194587023,84.55999755859375,train
2017-03-30,84.55999755859375,2.42,82.95999908447266,1224059.2,76.68434893447387,85.12000274658203,train
2017-03-31,85.12000274658203,2.4,84.55999755859375,1224628.0,76.95404958405659,84.4000015258789,train
2017-04-03,84.4000015258789,2.35,85.12000274658203,1224851.0,77.48684859061736,85.68000030517578,train
2017-04-04,85.68000030517578,2.36,84.4000015258789,1225074.0,78.21114973891474,85.44000244140625,train
2017-04-05,85.44000244140625,2.34,85.68000030517578,1225297.0,79.17548903213518,86.87999725341797,train
2017-04-06,86.87999725341797,2.34,85.44000244140625,1225520.0,79.16631427058763,87.68000030517578,train
2017-04-07,87.68000030517578,2.38,86.87999725341797,1225743.0,78.87531879558574,89.12000274658203,train
2017-04-10,89.12000274658203,2.37,87.68000030517578,1225879.1,78.58851790347896,89.36000061035156,train
2017-04-11,89.36000061035156,2.32,89.12000274658203,1226015.2,78.20296370505761,88.87999725341797,train
2017-04-12,88.87999725341797,2.28,89.36000061035156,1226151.3,78.04365418332588,89.04000091552734,train
2017-04-13,89.04000091552734,2.24,88.87999725341797,1226287.4,77.92153119912338,88.4800033569336,train
2017-04-17,88.4800033569336,2.26,89.04000091552734,1226423.5,77.88025392048283,88.31999969482422,train
2017-04-18,88.31999969482422,2.18,88.4800033569336,1226281.55,77.9846065790965,84.95999908447266,train
2017-04-19,84.95999908447266,2.21,88.31999969482422,1226139.6,78.21766488092682,84.31999969482422,train
2017-04-20,84.31999969482422,2.24,84.95999908447266,1225997.65,78.70423030484055,82.55999755859375,train
2017-04-21,82.55999755859375,2.24,84.31999969482422,1225855.7,79.16736600805856,82.0,train
2017-04-24,82.0,2.28,82.55999755859375,1225506.65,79.64789894747759,82.87999725341797,train
2017-04-25,82.87999725341797,2.35,82.0,1225150.45,79.90726936401242,82.08000183105469,train
2017-04-26,82.08000183105469,2.32,82.87999725341797,1224794.25,80.43302240440545,81.91999816894531,train
2017-04-27,81.91999816894531,2.3,82.08000183105469,1224438.05,80.6225559540575,81.91999816894531,train
2017-04-28,81.91999816894531,2.29,81.91999816894531,1224081.85,80.43240708517972,81.19999694824219,train
2017-05-01,81.19999694824219,2.33,81.91999816894531,1223605.55,80.05449471722173,79.36000061035156,train
2017-05-02,79.36000061035156,2.29,81.19999694824219,1223077.15,79.52428663751749,79.44000244140625,train
2017-05-03,79.44000244140625,2.33,79.36000061035156,1222548.75,78.69167337837796,75.68000030517578,train
2017-05-04,75.68000030517578,2.36,79.44000244140625,1222020.35,77.90780934914271,77.27999877929688,train
2017-05-05,77.27999877929688,2.36,75.68000030517578,1221491.95,76.31772044996806,77.36000061035156,train
2017-05-08,77.36000061035156,2.39,77.27999877929688,1220673.65,75.35049997883668,76.55999755859375,train
2017-05-09,76.55999755859375,2.42,77.36000061035156,1219994.9,74.57041768568766,78.87999725341797,train
2017-05-10,78.87999725341797,2.41,76.55999755859375,1219316.15,73.89593693604158,79.5199966430664,train
2017-05-11,79.5199966430664,2.39,78.87999725341797,1218637.4,73.81037436247897,79.5999984741211,train
2017-05-12,79.5999984741211,2.33,79.5199966430664,1217958.65,73.89879220445746,81.36000061035156,train
2017-05-15,81.36000061035156,2.34,79.5999984741211,1217155.85,74.19658343330369,80.87999725341797,train
2017-05-16,80.87999725341797,2.33,81.36000061035156,1216414.7,74.72531427851297,81.5199966430664,train
2017-05-17,81.5199966430664,2.22,80.87999725341797,1215673.55,75.45454649172599,82.08000183105469,train
2017-05-18,82.08000183105469,2.23,81.5199966430664,1214932.4,75.70893649945619,83.83999633789062,train
2017-05-19,83.83999633789062,2.23,82.08000183105469,1214191.25,75.9084035188394,84.31999969482422,train
2017-05-22,84.31999969482422,2.25,83.83999633789062,1213415.7,75.79032342897933,85.12000274658203,train
2017-05-23,85.12000274658203,2.29,84.31999969482422,1212640.15,75.60718522491034,84.80000305175781,train
2017-05-24,84.80000305175781,2.26,85.12000274658203,1211864.6,75.37978962255967,80.31999969482422,train
2017-05-25,80.31999969482422,2.25,84.80000305175781,1211089.05,75.20342831332069,82.23999786376953,train
2017-05-26,82.23999786376953,2.25,80.31999969482422,1210313.5,75.15629013300862,82.23999786376953,train
2017-05-29,82.23999786376953,2.25,82.23999786376953,1209287.7,75.15334536685512,81.91999816894531,train
2017-06-27,72.80000305175781,2.21,71.44000244140625,1195489.25,68.1436706226507,73.5999984741211,train
2017-06-28,73.5999984741211,2.22,72.80000305175781,1195242.0,68.33196383599656,73.68000030517578,train
2017-06-29,73.68000030517578,2.27,73.5999984741211,1194994.75,68.42392864218911,76.0,train
2017-06-30,76.0,2.31,73.68000030517578,1194747.5,68.56007465944293,76.95999908447266,train
2017-07-03,76.95999908447266,2.35,76.0,1194083.4,68.77390657848841,76.95999908447266,train
2017-07-04,76.95999908447266,2.35,76.95999908447266,1193419.3,68.91066506472859,74.0,train
2017-08-02,81.12000274658203,2.27,80.72000122070312,1169122.15,71.0925342156641,80.16000366210938,train
2017-08-03,80.16000366210938,2.24,81.12000274658203,1167913.2,71.29202871256388,81.04000091552734,train
2017-08-04,81.04000091552734,2.27,80.16000366210938,1166704.25,71.56744047947761,80.80000305175781,train
2017-08-07,80.80000305175781,2.26,81.04000091552734,1165708.4,72.19258417267545,80.4800033569336,train
2017-08-08,80.4800033569336,2.29,80.80000305175781,1164712.55,72.91063999450321,81.19999694824219,train
2017-08-09,81.19999694824219,2.24,80.4800033569336,1163716.7,73.49874699302951,79.27999877929688,train
2017-08-10,79.27999877929688,2.2,81.19999694824219,1162720.85,74.04534137704685,79.91999816894531,train
2017-08-11,79.91999816894531,2.19,79.27999877929688,1161725.0,74.44684206315878,77.76000213623047,train
2017-08-14,77.76000213623047,2.22,79.91999816894531,1160518.35,74.72571719843928,78.0,train
2017-08-15,78.0,2.27,77.76000213623047,1159311.7,75.10345295309743,76.55999755859375,train
2017-08-16,76.55999755859375,2.23,78.0,1158105.05,75.37589762037457,76.95999908447266,train
2017-08-17,76.95999908447266,2.19,76.55999755859375,1156898.4,75.21240461385744,79.76000213623047,train
2017-08-18,79.76000213623047,2.19,76.95999908447266,1155691.75,75.22630619246493,77.68000030517578,train
2017-08-21,77.68000030517578,2.18,79.76000213623047,1154679.15,76.1003459617804,78.16000366210938,train
2017-08-22,78.16000366210938,2.22,77.68000030517578,1153666.55,76.4800131667517,79.04000091552734,train
2017-08-23,79.04000091552734,2.17,78.16000366210938,1152653.95,76.43562717164646,77.68000030517578,train
2017-08-24,77.68000030517578,2.19,79.04000091552734,1151641.35,76.39147843613709,78.0,train
2017-08-25,78.0,2.17,77.68000030517578,1150628.75,76.16435043562144,76.23999786376953,train
2017-08-28,76.23999786376953,2.16,78.0,1149422.8,76.05374587872525,75.68000030517578,train
2017-08-29,75.68000030517578,2.13,76.23999786376953,1148216.85,75.7777514682203,75.04000091552734,train
2017-08-30,75.04000091552734,2.15,75.68000030517578,1147010.9,75.3041368964384,77.04000091552734,train
2017-08-31,77.04000091552734,2.12,75.04000091552734,1145804.95,74.80505699699536,77.36000061035156,train
2017-09-01,77.36000061035156,2.16,77.04000091552734,1144599.0,74.68614457581184,77.36000061035156,train
2017-09-04,77.36000061035156,2.16,77.36000061035156,1143930.65,74.71680401818432,79.36000061035156,train
2017-10-03,81.44000244140625,2.33,81.68000030517578,1144770.15,77.63058304776308,80.63999938964844,train
2017-10-04,80.63999938964844,2.33,81.44000244140625,1144653.1,77.85711250931041,82.0,train
2017-10-05,82.0,2.35,80.63999938964844,1144536.05,77.89195906329422,79.76000213623047,train
2017-10-06,79.76000213623047,2.37,82.0,1144419.0,78.02376777404461,80.0,train
2017-10-09,80.0,2.37,79.76000213623047,1143889.85,78.45738261283395,82.23999786376953,train
2017-10-10,82.23999786376953,2.35,80.0,1143360.7,78.76741417726365,82.87999725341797,train
2017-10-11,82.87999725341797,2.35,82.23999786376953,1142831.55,79.23264054242377,81.83999633789062,train
2017-10-12,81.83999633789062,2.33,82.87999725341797,1142302.4,79.39594827493696,82.95999908447266,train
2017-10-13,82.95999908447266,2.28,81.83999633789062,1141773.25,79.47554228796186,83.68000030517578,train
2017-10-16,83.68000030517578,2.3,82.95999908447266,1140770.6,79.52489195355089,83.91999816894531,train
2017-10-17,83.91999816894531,2.3,83.68000030517578,1139767.95,79.58224657703938,83.83999633789062,train
2017-10-18,83.83999633789062,2.34,83.91999816894531,1138765.3,79.71899416761148,82.80000305175781,train
2017-10-19,82.80000305175781,2.33,83.83999633789062,1137762.65,79.75267509132465,83.44000244140625,train
2017-10-20,83.44000244140625,2.39,82.80000305175781,1136760.0,79.80051039820991,83.36000061035156,train
2017-10-23,83.36000061035156,2.38,83.44000244140625,1135916.55,79.86558410319026,84.31999969482422,train
2017-10-24,84.31999969482422,2.42,83.36000061035156,1135073.1,79.91729161929923,83.83999633789062,train
2017-10-25,83.83999633789062,2.44,84.31999969482422,1134229.65,79.8889445949995,84.55999755859375,train
2017-10-26,84.55999755859375,2.46,83.83999633789062,1133386.2,79.90846953959051,86.72000122070312,train
2017-10-27,86.72000122070312,2.42,84.55999755859375,1132542.75,79.84380315681939,86.95999908447266,train
2017-10-30,86.95999908447266,2.37,86.72000122070312,1131886.8,79.47310744491075,87.44000244140625,train
2017-10-31,87.44000244140625,2.38,86.95999908447266,1131230.85,79.30017935002316,87.19999694824219,train
2017-11-01,87.19999694824219,2.37,87.44000244140625,1130574.9,79.20745527688364,87.91999816894531,train
2017-11-02,87.91999816894531,2.35,87.19999694824219,1129918.95,79.40577876275194,89.44000244140625,train
2017-11-03,89.44000244140625,2.34,87.91999816894531,1129263.0,79.38626833358865,92.08000183105467,train
2017-11-06,92.08000183105467,2.32,89.44000244140625,1128882.2,79.70738089836351,91.91999816894533,train
2017-11-07,91.91999816894533,2.32,92.08000183105467,1128501.4,79.67541549169889,91.27999877929688,train
2017-11-08,91.27999877929688,2.32,91.91999816894533,1128120.6,79.52931235980867,91.68000030517578,train
2017-11-09,91.68000030517578,2.33,91.27999877929688,1127739.8,79.5753461399518,91.36000061035156,train
2017-11-10,91.36000061035156,2.4,91.68000030517578,1127359.0,79.89552845770224,91.04000091552734,train
2017-11-13,91.04000091552734,2.4,91.36000061035156,1127360.05,80.18709409012038,89.04000091552734,train
2017-11-14,89.04000091552734,2.38,91.04000091552734,1127361.1,80.48882634714772,88.72000122070312,train
2017-11-15,88.72000122070312,2.33,89.04000091552734,1127362.15,80.89038373054545,88.55999755859375,train
2017-11-16,88.55999755859375,2.37,88.72000122070312,1127363.2,81.34790513195745,90.8000030517578,train
2017-11-17,90.8000030517578,2.35,88.55999755859375,1127364.25,82.07075926295143,90.23999786376952,train
2017-11-20,90.23999786376952,2.37,90.8000030517578,1127159.2,82.73344565967221,91.1999969482422,train
2017-11-21,91.1999969482422,2.36,90.23999786376952,1126954.15,83.55234601752076,92.8000030517578,train
2017-11-22,92.8000030517578,2.32,91.1999969482422,1126749.1,84.23230015736647,92.8000030517578,train
2017-11-23,92.8000030517578,2.32,92.8000030517578,1126544.05,85.08629929692286,94.31999969482422,train
2017-12-22,93.27999877929688,2.48,93.12000274658205,1108818.0,89.91037495903733,95.5999984741211,train
2017-12-26,95.5999984741211,2.47,93.27999877929688,1107640.5,90.05238244448664,95.36000061035156,train
2017-12-27,95.36000061035156,2.42,95.5999984741211,1106463.0,89.61961681495394,95.76000213623048,train
2017-12-28,95.76000213623048,2.43,95.36000061035156,1105285.5,89.37164893451944,96.08000183105467,train
2017-12-29,96.08000183105467,2.4,95.76000213623048,1104108.0,89.18884262286565,96.55999755859376,train
2018-01-02,96.55999755859376,2.46,96.08000183105467,1102577.35,89.04837110864112,98.72000122070312,train
2018-01-03,98.72000122070312,2.44,96.55999755859376,1101449.6,88.81987139239438,98.95999908447266,train
2018-01-04,98.95999908447266,2.46,98.72000122070312,1100321.85,88.40581780354479,98.4800033569336,train
2018-01-05,98.4800033569336,2.47,98.95999908447266,1099194.1,88.10620759797469,99.04000091552734,train
2018-01-08,99.04000091552734,2.49,98.4800033569336,1097818.9,88.44396618227752,100.55999755859376,train
2018-01-09,100.55999755859376,2.55,99.04000091552734,1096443.7,88.6504254553135,101.44000244140624,train
2018-01-10,101.44000244140624,2.55,100.55999755859376,1095311.95,88.5793547050235,101.5999984741211,train
2018-01-11,101.5999984741211,2.54,101.44000244140624,1094180.2,88.42528803438508,102.95999908447266,train
2018-01-12,102.95999908447266,2.55,101.5999984741211,1093048.45,88.60308331087863,102.95999908447266,train
2018-01-15,102.95999908447266,2.55,102.95999908447266,1091597.2,88.95083449084443,102.08000183105467,train
2018-02-13,94.95999908447266,2.83,95.12000274658205,1081418.1,95.47933120084775,97.44000244140624,train
2018-02-14,97.44000244140624,2.91,94.95999908447266,1081957.65,94.39376582582968,98.63999938964844,train
2018-02-15,98.63999938964844,2.9,97.44000244140624,1082497.2,93.91286464516271,99.04000091552734,train
2018-02-16,99.04000091552734,2.87,98.63999938964844,1083036.75,93.64091598394789,99.04000091552734,train
2018-02-19,99.04000091552734,2.87,99.04000091552734,1083502.45,93.44111705241929,99.12000274658205,train
2018-03-20,102.4800033569336,2.89,100.4000015258789,1091311.3,96.73229664828578,105.44000244140624,train
2018-03-21,105.44000244140624,2.89,102.4800033569336,1091731.95,96.6493610983834,103.5999984741211,train
2018-03-22,103.5999984741211,2.83,105.44000244140624,1092152.6,96.20735803981853,106.23999786376952,train
2018-03-23,106.23999786376952,2.82,103.5999984741211,1092573.25,96.06675996598781,105.68000030517578,train
2018-03-26,105.68000030517578,2.85,106.23999786376952,1092904.65,95.56236034832119,104.63999938964844,train
2018-03-27,104.63999938964844,2.78,105.68000030517578,1093236.05,95.27997227768773,104.31999969482422,train
2018-03-28,104.31999969482422,2.77,104.63999938964844,1093567.45,95.16545472629375,104.72000122070312,train
2018-03-29,104.72000122070312,2.74,104.31999969482422,1093898.85,95.29904747850979,101.91999816894533,train
2018-04-02,101.91999816894533,2.73,104.72000122070312,1094230.25,95.48423231165674,102.4800033569336,train
2018-04-03,102.4800033569336,2.79,101.91999816894533,1094201.45,95.7411111043698,102.55999755859376,train
2018-04-04,102.55999755859376,2.79,102.4800033569336,1094172.65,95.82783240784929,102.63999938964844,train
2018-04-05,102.63999938964844,2.83,102.55999755859376,1094143.85,95.93611985595635,100.08000183105467,train
2018-04-06,100.08000183105467,2.77,102.63999938964844,1094115.05,96.28385689925051,102.16000366210938,train
2018-04-09,102.16000366210938,2.78,100.08000183105467,1094251.55,96.80061457500119,106.0,train
2018-04-10,106.0,2.8,102.16000366210938,1094136.95,97.0332606726989,107.5999984741211,train
2018-04-11,107.5999984741211,2.79,106.0,1094022.35,97.34967571154434,108.16000366210938,train
2018-04-12,108.16000366210938,2.83,107.5999984741211,1093907.75,97.83918480921034,108.4000015258789,train
2018-04-13,108.4000015258789,2.82,108.16000366210938,1093793.15,98.36106847720906,107.04000091552734,train
2018-04-16,107.04000091552734,2.83,108.4000015258789,1093625.0,98.9224021436246,107.27999877929688,train
2018-04-17,107.27999877929688,2.82,107.04000091552734,1093587.95,99.37768097790138,111.04000091552734,train
2018-04-18,111.04000091552734,2.87,107.27999877929688,1093550.9,99.91871232336516,110.16000366210938,train
2018-04-19,110.16000366210938,2.92,111.04000091552734,1093513.85,99.68261695141324,110.0,train
2018-04-20,110.0,2.96,110.16000366210938,1093476.8,99.464081244772,111.36000061035156,train
2018-04-23,111.36000061035156,2.98,110.0,1093511.35,99.49212435250172,109.44000244140624,train
2018-04-24,109.44000244140624,3.0,111.36000061035156,1093463.75,99.24152608359847,109.76000213623048,train
2018-04-25,109.76000213623048,3.03,109.44000244140624,1093416.15,99.24759528458472,110.16000366210938,train
2018-04-26,110.16000366210938,3.0,109.76000213623048,1093368.55,99.35236690181775,109.83999633789062,train
2018-04-27,109.83999633789062,2.96,110.16000366210938,1093320.95,99.51598909327282,110.4000015258789,train
2018-04-30,110.4000015258789,2.95,109.83999633789062,1093561.65,99.69621982519374,108.87999725341795,train
2018-05-01,108.87999725341795,2.97,110.4000015258789,1094033.3,100.36103044957851,109.36000061035156,train
2018-05-02,109.36000061035156,2.97,108.87999725341795,1094504.95,101.03993005499667,110.55999755859376,train
2018-05-03,110.55999755859376,2.94,109.36000061035156,1094976.6,101.7955180698369,112.72000122070312,train
2018-05-04,112.72000122070312,2.95,110.55999755859376,1095448.25,102.63439696730212,112.8000030517578,train
2018-05-07,112.8000030517578,2.95,112.72000122070312,1095609.3,104.45342400547342,112.4800033569336,train
2018-05-08,112.4800033569336,2.97,112.8000030517578,1095770.35,105.97810453527775,114.95999908447266,train
2018-05-09,114.95999908447266,3.0,112.4800033569336,1095931.4,106.48647247953919,115.27999877929688,train
2018-05-10,115.27999877929688,2.97,114.95999908447266,1096092.45,106.33424773528515,114.0,train
2018-05-11,114.0,2.97,115.27999877929688,1096253.5,106.21899650685022,115.04000091552734,train
2018-05-14,115.04000091552734,3.0,114.0,1096321.9,106.37575297724163,115.1999969482422,train
2018-05-15,115.1999969482422,3.08,115.04000091552734,1096390.3,106.78924602821043,115.68000030517578,train
2018-05-16,115.68000030517578,3.09,115.1999969482422,1096458.7,107.27306547933193,115.91999816894533,train
2018-05-17,115.91999816894533,3.11,115.68000030517578,1096527.1,107.16883196908822,115.44000244140624,train
2018-05-18,115.44000244140624,3.06,115.91999816894533,1096595.5,107.20926190249482,117.36000061035156,train
2018-05-21,117.36000061035156,3.06,115.44000244140624,1096846.15,107.39196228373109,116.4800033569336,train
2018-05-22,116.4800033569336,3.06,117.36000061035156,1097096.8,107.27432656449876,116.08000183105467,train
2018-05-23,116.08000183105467,3.01,116.4800033569336,1097347.45,107.62092896167785,114.31999969482422,train
2018-05-24,114.31999969482422,2.98,116.08000183105467,1097598.1,108.02332200229812,109.44000244140624,train
2018-05-25,109.44000244140624,2.93,114.31999969482422,1097848.75,108.44541067629004,108.08000183105467,train
2018-05-29,108.08000183105467,2.77,109.44000244140624,1097602.15,108.36112703016057,110.63999938964844,train
2018-05-30,110.63999938964844,2.84,108.08000183105467,1097355.55,107.85797004747921,108.4000015258789,train
2018-05-31,108.4000015258789,2.83,110.63999938964844,1097108.95,108.20028961237489,106.0,train
2018-06-01,106.0,2.89,108.4000015258789,1096862.35,107.97933674459149,104.95999908447266,train
2018-06-04,104.95999908447266,2.94,106.0,1096688.9,106.9243278464109,105.76000213623048,train
2018-06-05,105.76000213623048,2.92,104.95999908447266,1096660.75,105.52230285624579,105.27999877929688,train
2018-06-06,105.27999877929688,2.97,105.76000213623048,1096632.6,104.50530706196766,106.8000030517578,train
2018-06-07,106.8000030517578,2.93,105.27999877929688,1096604.45,103.50996046965284,106.16000366210938,train
2018-06-08,106.16000366210938,2.93,106.8000030517578,1096576.3,102.88138640225631,106.87999725341795,train
2018-06-11,106.87999725341795,2.96,106.16000366210938,1096341.0,102.2422896945235,107.1999969482422,train
2018-06-12,107.1999969482422,2.96,106.87999725341795,1096251.9,101.76630411595768,107.76000213623048,train
2018-06-13,107.76000213623048,2.98,107.1999969482422,1096162.8,101.43170705515591,108.16000366210938,train
2018-06-14,108.16000366210938,2.94,107.76000213623048,1096073.7,101.24288968357205,104.4000015258789,train
2018-06-15,104.4000015258789,2.93,108.16000366210938,1095984.6,101.20359614880816,106.31999969482422,train
2018-06-18,106.31999969482422,2.92,104.4000015258789,1095592.2,100.79515559192156,105.12000274658205,train
2018-06-19,105.12000274658205,2.89,106.31999969482422,1094945.95,100.76341283951074,106.23999786376952,train
2018-06-20,106.23999786376952,2.93,105.12000274658205,1094299.7,101.07444187311931,106.4800033569336,train
2018-06-21,106.4800033569336,2.9,106.23999786376952,1093653.45,101.67769809149918,112.16000366210938,train
2018-06-22,112.16000366210938,2.9,106.4800033569336,1093007.2,102.65630906959035,110.16000366210938,train
2018-06-25,110.16000366210938,2.87,112.16000366210938,1091866.4,103.2000771012737,114.16000366210938,train
2018-06-26,114.16000366210938,2.88,110.16000366210938,1090934.55,103.13395296287051,117.1999969482422,train
2018-06-27,117.1999969482422,2.83,114.16000366210938,1090002.7,102.36360365433124,118.87999725341795,train
2018-06-28,118.87999725341795,2.84,117.1999969482422,1089070.85,101.19941702069376,120.4800033569336,train
2018-06-29,120.4800033569336,2.85,118.87999725341795,1088139.0,100.05742696113633,119.68000030517578,train
2018-07-02,119.68000030517578,2.87,120.4800033569336,1087196.25,99.2355065625431,119.36000061035156,train
2018-07-03,119.36000061035156,2.83,119.68000030517578,1086253.5,99.08619301984359,119.36000061035156,train
2018-07-04,119.36000061035156,2.83,119.36000061035156,1085310.75,99.1267832871092,118.23999786376952,train
2018-08-02,114.87999725341795,2.98,112.72000122070312,1067973.65,109.61973926473671,114.16000366210938,train
2018-08-03,114.16000366210938,2.95,114.87999725341795,1067516.5,109.65686901217762,114.4800033569336,train
2018-08-06,114.4800033569336,2.94,114.16000366210938,1067623.45,109.87625612221441,114.87999725341795,train
2018-08-07,114.87999725341795,2.98,114.4800033569336,1067730.4,110.38169103035887,111.1999969482422,train
2018-08-08,111.1999969482422,2.96,114.87999725341795,1067837.35,111.34982026914037,111.04000091552734,train
2018-08-09,111.04000091552734,2.93,111.1999969482422,1067944.3,110.90825372608977,112.63999938964844,train
2018-08-10,112.63999938964844,2.87,111.04000091552734,1068051.25,110.50311466193521,112.08000183105467,train
2018-08-13,112.08000183105467,2.88,112.63999938964844,1068206.7,110.4671541989186,111.91999816894533,train
2018-08-14,111.91999816894533,2.89,112.08000183105467,1068362.15,110.56333602645347,108.08000183105467,train
2018-08-15,108.08000183105467,2.86,111.91999816894533,1068517.6,110.62040374103884,109.04000091552734,train
2018-08-16,109.04000091552734,2.87,108.08000183105467,1068673.05,109.50112552828625,109.5199966430664,train
2018-08-17,109.5199966430664,2.87,109.04000091552734,1068828.5,108.84412500308677,110.08000183105467,train
2018-08-20,110.08000183105467,2.82,109.5199966430664,1068999.45,108.36411824956956,110.63999938964844,train
2018-08-21,110.63999938964844,2.85,110.08000183105467,1069170.4,108.05391500634646,114.16000366210938,train
2018-08-22,114.16000366210938,2.82,110.63999938964844,1069341.35,107.8212715963505,114.16000366210938,train
2018-08-23,114.16000366210938,2.82,114.16000366210938,1069512.3,107.87224931116533,115.44000244140624,train
2018-08-24,115.44000244140624,2.82,114.16000366210938,1069683.25,107.96421950227351,116.0,train
2018-08-27,116.0,2.85,115.44000244140624,1069535.75,107.91055235184204,115.44000244140624,train
2018-08-28,115.44000244140624,2.88,116.0,1069388.25,107.94650494820988,117.27999877929688,train
2018-08-29,117.27999877929688,2.89,115.44000244140624,1069240.75,107.88553035059678,118.0,train
2018-08-30,118.0,2.86,117.27999877929688,1069093.25,107.67658153403798,117.68000030517578,train
2018-08-31,117.68000030517578,2.86,118.0,1068945.75,107.40556155982753,117.68000030517578,train
2018-09-03,117.68000030517578,2.86,117.68000030517578,1068650.75,107.2204470290643,116.63999938964844,train
2018-10-02,126.95999908447266,3.05,127.5999984741211,1058826.25,111.2685115755509,128.63999938964844,train
2018-10-03,128.63999938964844,3.15,126.95999908447266,1058826.25,110.95176710186641,125.91999816894533,train
2018-10-04,125.91999816894533,3.17,128.63999938964844,1058826.25,110.69439985100529,125.5199966430664,train
2018-10-05,125.5199966430664,3.17,125.91999816894533,1058826.25,111.23290811048494,125.44000244140624,train
2018-10-08,125.44000244140624,3.17,125.5199966430664,1058826.25,111.98464066750229,126.55999755859376,train
2018-10-09,126.55999755859376,3.17,125.44000244140624,1058826.25,113.03189674646923,123.04000091552734,train
2018-10-10,123.04000091552734,3.17,126.55999755859376,1059448.75,113.52574945697549,119.5999984741211,train
2018-10-11,119.5999984741211,3.14,123.04000091552734,1060071.25,113.93886452850657,120.95999908447266,train
2018-10-12,120.95999908447266,3.15,119.5999984741211,1060693.75,114.55889487279991,121.04000091552734,train
2018-10-15,121.04000091552734,3.16,120.95999908447266,1061690.15,115.36345024556643,121.5199966430664,train
2018-10-16,121.5199966430664,3.16,121.04000091552734,1062686.55,116.327908334315,118.55999755859376,train
2018-10-17,118.55999755859376,3.17,121.5199966430664,1063682.95,116.98906543997896,116.4800033569336,train
2018-10-18,116.4800033569336,3.17,118.55999755859376,1064679.35,116.80919081578025,117.76000213623048,train
2018-10-19,117.76000213623048,3.17,116.4800033569336,1065675.75,116.36289842226789,117.91999816894533,train
2018-10-22,117.91999816894533,3.17,117.76000213623048,1066838.95,116.01531108419584,112.31999969482422,train
2018-10-23,112.31999969482422,3.17,117.91999816894533,1068002.15,115.46991072046968,112.4000015258789,train
2018-10-24,112.4000015258789,3.1,112.31999969482422,1069165.35,113.61781709640844,113.68000030517578,train
2018-10-25,113.68000030517578,3.14,112.4000015258789,1070328.55,112.14937123190087,114.63999938964844,train
2018-10-26,114.63999938964844,3.08,113.68000030517578,1071491.75,111.08018467687535,112.87999725341795,train
2018-10-29,112.87999725341795,3.08,114.63999938964844,1072340.0,110.28264892868265,112.23999786376952,train
2018-10-30,112.23999786376952,3.12,112.87999725341795,1073188.25,109.48219427780764,110.31999969482422,train
2018-10-31,110.31999969482422,3.15,112.23999786376952,1074036.5,108.7100372167162,107.68000030517578,train
2018-11-01,107.68000030517578,3.14,110.31999969482422,1074884.75,108.00701588103473,106.4800033569336,train
2018-11-02,106.4800033569336,3.17,107.68000030517578,1075733.0,106.66796886077263,106.4000015258789,train
2018-11-05,106.4000015258789,3.17,106.4800033569336,1076624.6,105.33438172630608,105.44000244140624,train
2018-11-06,105.44000244140624,3.17,106.4000015258789,1077516.2,104.31838207417726,104.4800033569336,train
2018-11-07,104.4800033569336,3.17,105.44000244140624,1078407.8,103.62368397370341,102.72000122070312,train
2018-11-08,102.72000122070312,3.17,104.4800033569336,1079299.4,102.57355053706586,101.5999984741211,train
2018-11-09,101.5999984741211,3.17,102.72000122070312,1080191.0,101.08731669266973,99.83999633789062,train
2018-11-12,99.83999633789062,3.17,101.5999984741211,1081256.55,99.76542534734605,93.5199966430664,train
2018-11-13,93.5199966430664,3.14,99.83999633789062,1082322.1,98.39203511208095,95.5999984741211,train
2018-11-14,95.5999984741211,3.12,93.5199966430664,1083387.65,95.83270814057275,95.83999633789062,train
2018-11-15,95.83999633789062,3.11,95.5999984741211,1084453.2,94.08585648526368,96.55999755859376,train
2018-11-16,96.55999755859376,3.08,95.83999633789062,1085518.75,92.58689727687306,97.12000274658205,train
2018-11-19,97.12000274658205,3.06,96.55999755859376,1086529.45,91.68115973457365,90.16000366210938,train
2018-11-20,90.16000366210938,3.06,97.12000274658205,1087540.15,91.2328172784276,92.16000366210938,train
2018-11-21,92.16000366210938,3.06,90.16000366210938,1088550.85,89.05683633414462,92.16000366210938,train
2018-11-22,92.16000366210938,3.06,92.16000366210938,1089561.55,87.70771884602708,86.63999938964844,train
2019-01-07,82.31999969482422,2.7,81.44000244140625,1090829.15,71.87162126021359,84.0,train
2019-01-08,84.0,2.73,82.31999969482422,1090636.85,71.99966374835495,88.4000015258789,train
2019-01-09,88.4000015258789,2.74,84.0,1090504.85,72.33931136357192,88.80000305175781,train
2019-01-10,88.80000305175781,2.74,88.4000015258789,1090372.85,72.12206794885074,87.19999694824219,train
2019-01-11,87.19999694824219,2.71,88.80000305175781,1090240.85,71.99336508118793,85.5199966430664,train
2019-01-14,85.5199966430664,2.71,87.19999694824219,1089974.7,71.9457972269822,88.0,train
2019-01-15,88.0,2.72,85.5199966430664,1089708.55,72.34772873484296,88.4800033569336,train
2019-01-16,88.4800033569336,2.73,88.0,1089488.55,72.21240347508972,88.23999786376953,train
2019-01-17,88.23999786376953,2.75,88.4800033569336,1089268.55,71.93627329638234,90.4800033569336,train
2019-01-18,90.4800033569336,2.79,88.23999786376953,1089048.55,72.09554568583515,90.4800033569336,train
2019-01-21,90.4800033569336,2.79,90.4800033569336,1089227.05,71.95156082954998,88.95999908447266,train
2019-03-19,98.23999786376952,2.61,98.4800033569336,1098224.05,91.88454646956104,100.0,train
2019-03-20,100.0,2.54,98.23999786376952,1097471.95,91.83165783622093,99.5199966430664,train
2019-03-21,99.5199966430664,2.54,100.0,1096719.85,91.48191482470764,97.83999633789062,train
2019-03-22,97.83999633789062,2.44,99.5199966430664,1095967.75,91.34841917645602,98.0,train
2019-03-25,98.0,2.43,97.83999633789062,1095788.0,91.36732780559808,99.76000213623048,train
2019-03-26,99.76000213623048,2.41,98.0,1095608.25,91.83279449862839,98.72000122070312,train
2019-03-27,98.72000122070312,2.39,99.76000213623048,1095428.5,92.14663919345945,98.8000030517578,train
2019-03-28,98.8000030517578,2.39,98.72000122070312,1095248.75,92.2695618147873,100.0,train
2019-03-29,100.0,2.41,98.8000030517578,1095069.0,92.36285722351242,102.55999755859376,train
2019-04-01,102.55999755859376,2.49,100.0,1094898.35,92.81669280913458,104.08000183105467,train
2019-04-02,104.08000183105467,2.48,102.55999755859376,1094727.7,92.81085353826778,103.91999816894533,train
2019-04-03,103.91999816894533,2.52,104.08000183105467,1094557.05,92.694597635337,103.36000061035156,train
2019-04-04,103.36000061035156,2.51,103.91999816894533,1094386.4,92.94254819271,105.1999969482422,train
2019-04-05,105.1999969482422,2.5,103.36000061035156,1094215.75,93.33945393810168,107.1999969482422,train
2019-04-08,107.1999969482422,2.52,105.1999969482422,1094589.65,93.80860832539845,106.63999938964844,train
2019-04-09,106.63999938964844,2.51,107.1999969482422,1094963.55,93.92231679828082,107.27999877929688,train
2019-04-10,107.27999877929688,2.48,106.63999938964844,1095337.45,94.34223556743669,106.16000366210938,train
2019-04-11,106.16000366210938,2.51,107.27999877929688,1095711.35,94.39785267322239,106.4000015258789,train
2019-04-12,106.4000015258789,2.56,106.16000366210938,1096085.25,94.68945974197435,105.91999816894533,train
2019-04-15,105.91999816894533,2.55,106.4000015258789,1096868.8,95.09978962571363,106.95999908447266,train
2019-04-16,106.95999908447266,2.6,105.91999816894533,1097652.35,95.49282943377878,106.23999786376952,train
2019-04-17,106.23999786376952,2.59,106.95999908447266,1098435.9,95.9546256509835,106.55999755859376,train
2019-04-18,106.55999755859376,2.57,106.23999786376952,1099219.45,96.25757344628431,109.36000061035156,train
2019-04-22,109.36000061035156,2.59,106.55999755859376,1100003.0,96.68740501041633,110.31999969482422,train
2019-04-23,110.31999969482422,2.57,109.36000061035156,1100920.5,97.3583595663292,109.44000244140624,train
2019-04-24,109.44000244140624,2.53,110.31999969482422,1101838.0,98.09135959912659,108.23999786376952,train
2019-04-25,108.23999786376952,2.54,109.44000244140624,1102755.5,98.70286415833996,104.72000122070312,train
2019-04-26,104.72000122070312,2.51,108.23999786376952,1103673.0,99.82686381596936,105.83999633789062,train
2019-04-29,105.83999633789062,2.54,104.72000122070312,1105060.25,101.06806038158454,106.31999969482422,train
2019-04-30,106.31999969482422,2.51,105.83999633789062,1106085.6,102.24574069800599,105.76000213623048,train
2019-05-01,105.76000213623048,2.52,106.31999969482422,1107110.95,102.83724655006323,102.55999755859376,train
2019-05-02,102.55999755859376,2.55,105.76000213623048,1108136.3,103.08181173310302,102.95999908447266,train
2019-05-03,102.95999908447266,2.54,102.55999755859376,1109161.65,102.75287079023313,104.55999755859376,train
2019-05-06,104.55999755859376,2.51,102.95999908447266,1109945.35,102.65870385064932,101.83999633789062,train
2019-05-07,101.83999633789062,2.45,104.55999755859376,1110377.6,102.57076735537329,103.12000274658205,train
2019-05-08,103.12000274658205,2.49,101.83999633789062,1110809.85,101.80825631326185,102.4800033569336,train
2019-05-09,102.4800033569336,2.45,103.12000274658205,1111242.1,101.42860447520822,102.72000122070312,train
2019-05-10,102.72000122070312,2.47,102.4800033569336,1111674.35,100.96803377730025,101.44000244140624,train
2019-05-13,101.44000244140624,2.4,102.72000122070312,1112289.95,100.61000555777218,102.95999908447266,train
2019-05-14,102.95999908447266,2.42,101.44000244140624,1112975.35,100.04418816206672,103.76000213623048,train
2019-05-15,103.76000213623048,2.37,102.95999908447266,1113660.75,99.79714773237858,105.12000274658205,train
2019-05-16,105.12000274658205,2.4,103.76000213623048,1114346.15,99.66454791954709,104.63999938964844,train
2019-05-17,104.63999938964844,2.39,105.12000274658205,1115031.55,99.63694135124263,105.1999969482422,train
2019-05-20,105.1999969482422,2.41,104.63999938964844,1115897.2,99.5896641458547,105.04000091552734,train
2019-05-21,105.04000091552734,2.43,105.1999969482422,1116488.9,99.80635236126342,101.91999816894533,train
2019-05-22,101.91999816894533,2.39,105.04000091552734,1117080.6,100.30934029403367,96.72000122070312,train
2019-05-23,96.72000122070312,2.31,101.91999816894533,1117672.3,100.52515148648251,97.83999633789062,train
2019-05-24,97.83999633789062,2.32,96.72000122070312,1118264.0,99.15248376850076,97.83999633789062,train
2019-05-28,97.83999633789062,2.26,97.83999633789062,1118371.85,98.17528189814445,97.91999816894533,train
2019-05-29,97.91999816894533,2.25,97.83999633789062,1118479.7,97.41518068680415,94.08000183105467,train
2019-05-30,94.08000183105467,2.22,97.91999816894533,1118587.55,96.86071341907687,88.80000305175781,train
2019-05-31,88.80000305175781,2.14,94.08000183105467,1118695.4,95.39796230802804,87.91999816894531,train
2019-06-03,87.91999816894531,2.07,88.80000305175781,1119141.8,92.48854752470254,89.27999877929688,train
2019-06-04,89.27999877929688,2.12,87.91999816894531,1119829.85,89.98112886742774,86.16000366210938,train
2019-06-05,86.16000366210938,2.12,89.27999877929688,1120517.9,88.32222633358475,88.4800033569336,train
2019-06-06,88.4800033569336,2.12,86.16000366210938,1121205.95,86.11495512968915,89.83999633789062,train
2019-06-07,89.83999633789062,2.09,88.4800033569336,1121894.0,84.76798898925291,88.87999725341797,train
2019-06-10,88.87999725341797,2.15,89.83999633789062,1122692.35,83.83018675375313,88.87999725341797,train
2019-06-11,88.87999725341797,2.15,88.87999725341797,1123307.35,82.87461431681145,85.12000274658203,train
2019-06-12,85.12000274658203,2.13,88.87999725341797,1123922.35,82.01546081806275,87.04000091552734,train
2019-06-13,87.04000091552734,2.1,85.12000274658203,1124537.35,80.70774378511375,87.5199966430664,train
2019-06-14,87.5199966430664,2.09,87.04000091552734,1125152.35,80.02981754628476,86.4800033569336,train
2019-06-17,86.4800033569336,2.09,87.5199966430664,1125612.05,79.79204226205027,90.0,train
2019-06-18,90.0,2.06,86.4800033569336,1125891.5,79.61956432615509,90.63999938964844,train
2019-06-19,90.63999938964844,2.03,90.0,1126170.95,80.28236404429927,94.8000030517578,train
2019-06-20,94.8000030517578,2.01,90.63999938964844,1126450.4,81.39832141952435,95.76000213623048,train
2019-06-21,95.76000213623048,2.07,94.8000030517578,1126729.85,82.279419254967,96.08000183105467,train
2019-06-24,96.08000183105467,2.02,95.76000213623048,1126369.9,82.36555184273382,96.0,train
2019-06-25,96.0,2.0,96.08000183105467,1126024.05,82.56563302350773,98.31999969482422,train
2019-06-26,98.31999969482422,2.05,96.0,1125678.2,82.78884441342072,98.31999969482422,train
2019-06-27,98.31999969482422,2.01,98.31999969482422,1125332.35,82.72583814499234,96.31999969482422,train
2019-06-28,96.31999969482422,2.0,98.31999969482422,1124986.5,82.3207978172114,98.23999786376952,train
2019-07-01,98.23999786376952,2.03,96.31999969482422,1124247.85,82.39011270771653,93.5999984741211,train
2019-07-02,93.5999984741211,1.98,98.23999786376952,1123509.2,82.48439664653549,94.16000366210938,train
2019-07-03,94.16000366210938,1.96,93.5999984741211,1122770.55,82.72795106743129,94.16000366210938,train
2019-07-04,94.16000366210938,1.96,94.16000366210938,1122031.9,83.47989448657707,95.5999984741211,train
2019-08-02,91.83999633789062,1.86,90.4800033569336,1093931.5,89.80329812056677,90.95999908447266,train
2019-08-05,90.95999908447266,1.75,91.83999633789062,1092928.4,89.39727510821298,89.12000274658203,train
2019-08-06,89.12000274658203,1.73,90.95999908447266,1091925.3,88.87496183265432,86.72000122070312,train
2019-08-07,86.72000122070312,1.71,89.12000274658203,1090922.2,88.02055648399848,87.68000030517578,train
2019-08-08,87.68000030517578,1.72,86.72000122070312,1089919.1,87.01162475686884,90.23999786376952,train
2019-08-09,90.23999786376952,1.74,87.68000030517578,1088916.0,86.5424804068029,90.87999725341795,train
2019-08-12,90.87999725341795,1.65,90.23999786376952,1088147.7,86.74843318678042,94.95999908447266,train
2019-08-13,94.95999908447266,1.68,90.87999725341795,1087379.4,86.92853146674608,91.5199966430664,train
2019-08-14,91.5199966430664,1.59,94.95999908447266,1086611.1,87.05951145253874,90.8000030517578,train
2019-08-15,90.8000030517578,1.52,91.5199966430664,1085842.8,86.9829502959944,91.1999969482422,train
2019-08-16,91.1999969482422,1.55,90.8000030517578,1085074.5,86.86274182130238,93.27999877929688,train
2019-08-19,93.27999877929688,1.6,91.1999969482422,1084711.35,86.77184373008022,93.04000091552734,train
2019-08-20,93.04000091552734,1.55,93.27999877929688,1084348.2,86.77241252313232,92.87999725341795,train
2019-08-21,92.87999725341795,1.59,93.04000091552734,1083985.05,86.80403700101316,92.23999786376952,train
2019-08-22,92.23999786376952,1.62,92.87999725341795,1083621.9,86.80648697727284,89.5199966430664,train
2019-08-23,89.5199966430664,1.52,92.23999786376952,1083258.75,86.79173684913532,89.44000244140625,train
2019-08-26,89.44000244140625,1.54,89.5199966430664,1082819.05,86.53643314427575,91.36000061035156,train
2019-08-27,91.36000061035156,1.49,89.44000244140625,1082379.35,86.36053221727153,93.12000274658205,train
2019-08-28,93.12000274658205,1.47,91.36000061035156,1081939.65,86.70593680808346,94.23999786376952,train
2019-08-29,94.23999786376952,1.5,93.12000274658205,1081499.95,87.11498671801624,91.68000030517578,train
2019-08-30,91.68000030517578,1.5,94.23999786376952,1081060.25,87.06897916574772,91.68000030517578,train
2019-09-02,91.68000030517578,1.5,91.68000030517578,1080262.75,87.06510422107577,89.76000213623047,train
2019-10-01,89.5199966430664,1.65,90.72000122070312,1063712.2,88.87459193038083,87.83999633789062,train
2019-10-02,87.83999633789062,1.6,89.5199966430664,1063695.3,88.81864090449426,87.44000244140625,train
2019-10-03,87.44000244140625,1.54,87.83999633789062,1063678.4,87.76419962183165,88.31999969482422,train
2019-10-04,88.31999969482422,1.52,87.44000244140625,1063661.5,86.74465174171586,88.31999969482422,train
2019-10-07,88.31999969482422,1.56,88.31999969482422,1064126.55,85.98903467562693,87.12000274658203,train
2019-10-08,87.12000274658203,1.54,88.31999969482422,1064591.6,85.2833760919573,87.91999816894531,train
2019-10-09,87.91999816894531,1.59,87.12000274658203,1065056.65,84.43306824143015,89.5199966430664,train
2019-10-10,89.5199966430664,1.67,87.91999816894531,1065521.7,83.84756197484398,91.36000061035156,train
2019-10-11,91.36000061035156,1.76,89.5199966430664,1065986.75,83.6208420962876,89.44000244140625,train
2019-10-14,89.44000244140625,1.76,91.36000061035156,1066799.5,83.6078552318317,88.4800033569336,train
2019-10-15,88.4800033569336,1.77,89.44000244140625,1067612.25,84.10119556882441,89.12000274658203,train
2019-10-16,89.12000274658203,1.75,88.4800033569336,1068425.0,84.00843153182551,90.23999786376952,train
2019-10-17,90.23999786376952,1.76,89.12000274658203,1069237.75,83.95072506067619,89.76000213623047,train
2019-10-18,89.76000213623047,1.76,90.23999786376952,1070050.5,84.19998318022878,89.68000030517578,train
2019-10-21,89.68000030517578,1.8,89.76000213623047,1070607.75,84.58796199413838,90.72000122070312,train
2019-10-22,90.72000122070312,1.78,89.68000030517578,1071165.0,85.24316512451257,93.1999969482422,train
2019-10-23,93.1999969482422,1.77,90.72000122070312,1071722.25,85.63392697161005,93.83999633789062,train
2019-10-24,93.83999633789062,1.77,93.1999969482422,1072279.5,85.81583447671402,94.63999938964844,train
2019-10-25,94.63999938964844,1.8,93.83999633789062,1072836.75,85.91693373035169,93.1999969482422,train
2019-10-28,93.1999969482422,1.85,94.63999938964844,1073489.0,85.69065976093624,92.63999938964844,train
2019-10-29,92.63999938964844,1.84,93.1999969482422,1074141.25,85.566818014479,91.76000213623048,train
2019-10-30,91.76000213623048,1.78,92.63999938964844,1074793.5,85.57394863840416,90.4000015258789,train
2019-10-31,90.4000015258789,1.69,91.76000213623048,1075445.75,85.84981122972498,93.5199966430664,train
2019-11-01,93.5199966430664,1.73,90.4000015258789,1076098.0,86.20978866075947,94.4800033569336,train
2019-11-04,94.4800033569336,1.79,93.5199966430664,1076975.35,86.39212011000123,95.44000244140624,train
2019-11-05,95.44000244140624,1.86,94.4800033569336,1077852.7,86.55301219229025,94.4800033569336,train
2019-11-06,94.4800033569336,1.81,95.44000244140624,1078730.05,86.96123136386989,95.04000091552734,train
2019-11-07,95.04000091552734,1.92,94.4800033569336,1079607.4,87.42361706539175,95.91999816894533,train
2019-11-08,95.91999816894533,1.94,95.04000091552734,1080484.75,87.60860395299792,95.12000274658205,train
2019-11-11,95.12000274658205,1.94,95.91999816894533,1081000.3,87.53412320604295,94.95999908447266,train
2019-11-12,94.95999908447266,1.92,95.12000274658205,1081515.85,87.85894434265406,95.68000030517578,train
2019-11-13,95.68000030517578,1.88,94.95999908447266,1082031.4,88.4890863912982,95.27999877929688,train
2019-11-14,95.27999877929688,1.82,95.68000030517578,1082546.95,89.03235058339808,96.63999938964844,train
2019-11-15,96.63999938964844,1.84,95.27999877929688,1083062.5,89.43915365499615,95.1999969482422,train
2019-11-18,95.1999969482422,1.81,96.63999938964844,1083683.3,89.95119942661296,92.55999755859376,train
2019-11-19,92.55999755859376,1.79,95.1999969482422,1084304.1,90.71616106947076,95.1999969482422,train
2019-11-20,95.1999969482422,1.73,92.55999755859376,1084924.9,91.10857839324417,97.5999984741211,train
2019-11-21,97.5999984741211,1.77,95.1999969482422,1085545.7,91.21539629227776,96.87999725341795,train
2019-11-22,96.87999725341795,1.77,97.5999984741211,1086166.5,91.08006154308062,96.87999725341795,train
2019-11-25,96.87999725341795,1.76,96.87999725341795,1086547.35,91.02775658554359,97.5199966430664,train
2019-11-26,97.5199966430664,1.74,96.87999725341795,1086928.2,91.13706485775975,97.12000274658205,train
2019-11-27,97.12000274658205,1.77,97.5199966430664,1087309.05,91.33237315068193,97.12000274658205,train
2019-11-28,97.12000274658205,1.77,97.12000274658205,1087689.9,91.82782702349601,92.95999908447266,train
2019-12-30,103.12000274658205,1.9,103.27999877929688,1080245.35,93.15645194901965,102.4800033569336,train
2019-12-31,102.4800033569336,1.92,103.12000274658205,1079375.4,94.2287633538217,102.4800033569336,train
2020-01-02,102.4800033569336,1.88,102.4800033569336,1078505.45,95.47825944746148,105.44000244140624,train
2020-01-03,105.44000244140624,1.8,102.4800033569336,1077635.5,96.80232198728953,105.27999877929688,train
2020-01-06,105.27999877929688,1.81,105.44000244140624,1076823.75,96.96967839230555,105.04000091552734,train
2020-01-07,105.04000091552734,1.83,105.27999877929688,1076012.0,97.32555736608039,101.27999877929688,train
2020-01-08,101.27999877929688,1.87,105.04000091552734,1075169.05,97.6086985458406,99.91999816894533,train
2020-01-09,99.91999816894533,1.85,101.27999877929688,1074326.1,98.00424035450884,99.27999877929688,train
2020-01-10,99.27999877929688,1.83,99.91999816894533,1073483.15,98.15053051492582,97.5999984741211,train
2020-01-13,97.5999984741211,1.85,99.27999877929688,1072512.75,98.35090602174151,98.23999786376952,train
2020-01-14,98.23999786376952,1.82,97.5999984741211,1071542.35,98.00422671772087,97.44000244140624,train
2020-01-15,97.44000244140624,1.79,98.23999786376952,1070626.25,97.67352560888085,98.31999969482422,train
2020-01-16,98.31999969482422,1.81,97.44000244140624,1069710.15,97.08364536775952,98.63999938964844,train
2020-01-17,98.63999938964844,1.84,98.31999969482422,1068794.05,96.66743351115677,98.63999938964844,train
2020-01-20,98.63999938964844,1.84,98.63999938964844,1067857.7,96.33676097041953,97.91999816894533,train
2020-03-17,45.68000030517578,1.02,48.400001525878906,1081582.4,44.854790881751924,37.68000030517578,train
2020-03-18,37.68000030517578,1.18,45.68000030517578,1082125.1,41.05466782673527,42.959999084472656,train
2020-03-19,42.959999084472656,1.12,37.68000030517578,1082667.8,36.23787601805959,39.52000045776367,train
2020-03-20,39.52000045776367,0.92,42.959999084472656,1083210.5,33.60188492791387,39.040000915527344,train
2020-03-23,39.040000915527344,0.76,39.52000045776367,1083811.75,30.90189260189112,39.84000015258789,train
2020-03-24,39.84000015258789,0.84,39.040000915527344,1084413.0,28.507561733335393,40.63999938964844,train
2020-03-25,40.63999938964844,0.88,39.84000015258789,1085014.25,26.653379976820283,38.63999938964844,train
2020-03-26,38.63999938964844,0.83,40.63999938964844,1085615.5,25.35425015493131,35.7599983215332,train
2020-03-27,35.7599983215332,0.72,38.63999938964844,1086216.75,23.945254852261815,33.84000015258789,train
2020-03-30,33.84000015258789,0.7,35.7599983215332,1087470.45,22.328044591684534,33.68000030517578,train
2020-03-31,33.68000030517578,0.7,33.84000015258789,1088724.15,21.46006862784448,35.040000915527344,train
2020-04-01,35.040000915527344,0.62,33.68000030517578,1089977.85,21.379638475052047,40.880001068115234,train
2020-04-02,40.880001068115234,0.63,35.040000915527344,1091231.55,22.532870646962543,47.20000076293945,train
2020-04-03,47.20000076293945,0.62,40.880001068115234,1092485.25,25.35071233339224,43.84000015258789,train
2020-04-06,43.84000015258789,0.67,47.20000076293945,1094114.6,28.135515692145137,40.720001220703125,train
2020-04-07,40.720001220703125,0.75,43.84000015258789,1095743.95,28.24750420831101,42.959999084472656,train
2020-04-08,42.959999084472656,0.77,40.720001220703125,1097373.3,29.066577305567137,39.84000015258789,train
2020-04-09,39.84000015258789,0.73,42.959999084472656,1099002.65,29.96183315899897,39.43999862670898,train
2020-04-13,39.43999862670898,0.76,39.84000015258789,1100632.0,30.43417232107437,37.27999877929688,train
2020-04-14,37.27999877929688,0.76,39.43999862670898,1103126.05,32.11999971590144,35.439998626708984,train
2020-04-15,35.439998626708984,0.63,37.27999877929688,1105620.1,32.42346657295587,34.880001068115234,train
2020-04-16,34.880001068115234,0.61,35.439998626708984,1108114.15,32.241379761094464,33.68000030517578,train
2020-04-17,33.68000030517578,0.65,34.880001068115234,1110608.2,31.863415426591427,30.0,train
2020-04-20,30.0,0.63,33.68000030517578,1113853.35,31.259835397242668,22.479999542236328,train
2020-04-21,22.479999542236328,0.6,30.0,1117017.35,29.857586236837562,21.46999931335449,train
2020-04-22,21.46999931335449,0.63,22.479999542236328,1120181.35,26.488201496607424,21.46999931335449,train
2020-04-23,21.46999931335449,0.61,21.46999931335449,1123345.35,23.126098654319883,21.46999931335449,train
2020-04-24,21.46999931335449,0.6,21.46999931335449,1126509.35,20.68937398214014,21.46999931335449,train
2020-04-27,21.46999931335449,0.67,21.46999931335449,1130180.4,18.470523421037356,21.46999931335449,train
2020-04-28,21.46999931335449,0.62,21.46999931335449,1133159.8,15.920091096178247,21.46999931335449,train
2020-04-29,21.46999931335449,0.63,21.46999931335449,1136139.2,15.920091096178247,21.46999931335449,train
2020-04-30,21.46999931335449,0.64,21.46999931335449,1139118.6,15.920091096178247,21.46999931335449,train
2020-05-01,21.46999931335449,0.64,21.46999931335449,1142098.0,15.920091096178247,21.46999931335449,train
2020-05-04,21.46999931335449,0.64,21.46999931335449,1145392.7,15.920091096178247,21.51000022888184,train
2020-05-05,21.51000022888184,0.66,21.46999931335449,1147928.55,15.920091096178247,21.46999931335449,train
2020-05-06,21.46999931335449,0.72,21.51000022888184,1150464.4,15.920091096178247,21.46999931335449,train
2020-05-07,21.46999931335449,0.63,21.46999931335449,1153000.25,15.920091096178247,21.46999931335449,train
2020-05-08,21.46999931335449,0.69,21.46999931335449,1155536.1,15.920091096178247,21.46999931335449,train
2020-05-11,21.46999931335449,0.73,21.46999931335449,1158131.35,15.920091096178247,21.46999931335449,train
2020-05-12,21.46999931335449,0.69,21.46999931335449,1159764.2,15.920091096178247,21.46999931335449,train
2020-05-13,21.46999931335449,0.64,21.46999931335449,1161397.05,15.920091096178247,21.46999931335449,train
2020-05-14,21.46999931335449,0.63,21.46999931335449,1163029.9,15.920091096178247,22.38999938964844,train
2020-05-15,22.38999938964844,0.64,21.46999931335449,1164662.75,15.920091096178247,24.309999465942383,train
2020-05-18,24.309999465942383,0.73,22.38999938964844,1165389.5,15.920091096178247,24.440000534057617,train
2020-05-19,24.440000534057617,0.7,24.309999465942383,1166116.25,16.969073565281715,25.34000015258789,train
2020-05-20,25.34000015258789,0.68,24.440000534057617,1166843.0,16.738405450565132,26.600000381469727,train
2020-05-21,26.600000381469727,0.68,25.34000015258789,1167569.75,16.463045656781343,25.56999969482422,train
2020-05-22,25.56999969482422,0.66,26.600000381469727,1168296.5,16.03475426152051,25.65999984741211,train
2020-05-26,25.65999984741211,0.69,25.56999969482422,1169018.15,15.920091096178247,25.0,train
2020-05-27,25.0,0.68,25.65999984741211,1169739.8,16.32111717141765,25.030000686645508,train
2020-05-28,25.030000686645508,0.7,25.0,1170461.45,17.02044643193117,25.8799991607666,train
2020-05-29,25.8799991607666,0.65,25.030000686645508,1171183.1,17.617143953442667,26.21999931335449,train
2020-06-01,26.21999931335449,0.66,25.8799991607666,1172001.9,18.01144351789256,27.06999969482422,train
2020-06-02,27.06999969482422,0.68,26.21999931335449,1172505.4,18.54386814997892,27.1200008392334,train
2020-06-03,27.1200008392334,0.77,27.06999969482422,1173008.9,18.92885225202035,27.5,train
2020-06-04,27.5,0.82,27.1200008392334,1173512.4,19.06622512050402,28.8700008392334,train
2020-06-05,28.8700008392334,0.91,27.5,1174015.9,19.361573042189185,28.3700008392334,train
2020-06-08,28.3700008392334,0.88,28.8700008392334,1174916.4,19.6923579993586,28.420000076293945,train
2020-06-09,28.420000076293945,0.84,28.3700008392334,1175757.5,20.003807054591874,28.43000030517578,train
2020-06-10,28.43000030517578,0.75,28.420000076293945,1176598.6,20.479360787394306,26.36000061035156,train
2020-06-11,26.36000061035156,0.66,28.43000030517578,1177439.7,21.127322696092385,26.43000030517578,train
2020-06-12,26.43000030517578,0.71,26.36000061035156,1178280.8,22.094204279296452,26.979999542236328,train
2020-06-15,26.979999542236328,0.71,26.43000030517578,1179269.2,22.98197363243805,27.63999938964844,train
2020-06-16,27.63999938964844,0.75,26.979999542236328,1180412.6,23.753104489510196,27.280000686645508,train
2020-06-17,27.280000686645508,0.74,27.63999938964844,1181556.0,24.075280480365905,27.88999938964844,train
2020-06-18,27.88999938964844,0.71,27.280000686645508,1182699.4,24.425074331126968,28.229999542236328,train
2020-06-19,28.229999542236328,0.7,27.88999938964844,1183842.8,24.607093499864586,28.979999542236328,train
2020-06-22,28.979999542236328,0.71,28.229999542236328,1185157.85,24.621462669305362,28.71999931335449,train
2020-06-23,28.71999931335449,0.72,28.979999542236328,1185970.95,24.734569633918504,27.25,train
2020-06-24,27.25,0.69,28.71999931335449,1186784.05,24.90204072403766,27.940000534057617,train
2020-06-25,27.940000534057617,0.68,27.25,1187597.15,25.27363383010331,27.36000061035156,train
2020-06-26,27.36000061035156,0.64,27.940000534057617,1188410.25,25.73137376185188,28.270000457763672,train
2020-06-29,28.270000457763672,0.64,27.36000061035156,1188851.05,25.981755999353144,28.059999465942383,train
2020-06-30,28.059999465942383,0.66,28.270000457763672,1189291.85,26.207388026580134,28.350000381469727,train
2020-07-01,28.350000381469727,0.69,28.059999465942383,1189732.65,26.286143437661483,28.75,train
2020-07-02,28.75,0.68,28.350000381469727,1190173.45,26.364918261602774,28.75,train
2020-07-03,28.75,0.68,28.75,1190614.25,26.38810645245616,28.959999084472656,train
2020-08-03,29.34000015258789,0.6,29.06999969482422,1188447.65,28.41890127819339,29.780000686645508,train
2020-08-04,29.780000686645508,0.6,29.34000015258789,1187424.3,28.440947173007615,30.229999542236328,train
2020-08-05,30.229999542236328,0.6,29.780000686645508,1186400.95,28.470554717367325,30.18000030517578,train
2020-08-06,30.18000030517578,0.6,30.229999542236328,1185377.6,28.40496675219838,29.850000381469727,train
2020-08-07,29.850000381469727,0.6,30.18000030517578,1184354.25,28.510149707176186,30.15999984741211,train
2020-08-10,30.15999984741211,0.6,29.850000381469727,1183361.55,28.543036538088252,29.81999969482422,train
2020-08-11,29.81999969482422,0.64,30.15999984741211,1182368.85,28.679927190593393,30.559999465942383,train
2020-08-12,30.559999465942383,0.69,29.81999969482422,1181376.15,28.77041929250182,30.399999618530277,train
2020-08-13,30.399999618530277,0.71,30.559999465942383,1180383.45,28.723740467934935,30.32999992370605,train
2020-08-14,30.32999992370605,0.71,30.399999618530277,1179390.75,28.746674251137765,30.770000457763672,train
2020-08-17,30.770000457763672,0.69,30.32999992370605,1177938.4,28.805597562524238,30.600000381469727,train
2020-08-18,30.600000381469727,0.67,30.770000457763672,1176486.05,28.827650126482222,30.65999984741211,train
2020-08-19,30.65999984741211,0.68,30.600000381469727,1175033.7,28.813727656026344,30.520000457763672,train
2020-08-20,30.520000457763672,0.65,30.65999984741211,1173581.35,28.80247306875757,30.18000030517578,train
2020-08-21,30.18000030517578,0.64,30.520000457763672,1172129.0,28.851915283530346,30.350000381469727,train
2020-08-24,30.350000381469727,0.65,30.18000030517578,1170884.6,28.91334876306331,30.920000076293945,train
2020-08-25,30.920000076293945,0.69,30.350000381469727,1169640.2,28.942625647652186,30.93000030517578,train
2020-08-26,30.93000030517578,0.69,30.920000076293945,1168395.8,29.002109648532862,30.670000076293945,train
2020-08-27,30.670000076293945,0.74,30.93000030517578,1167151.4,29.043322212035488,30.71999931335449,train
2020-08-28,30.71999931335449,0.74,30.670000076293945,1165907.0,29.275935677409137,30.57999992370605,train
2020-08-31,30.57999992370605,0.72,30.71999931335449,1164498.45,29.515540319514617,30.61000061035156,train
2020-09-01,30.61000061035156,0.68,30.57999992370605,1163089.9,29.721443589956134,29.86000061035156,train
2020-09-02,29.86000061035156,0.66,30.61000061035156,1161681.35,29.825712680241832,29.63999938964844,train
2020-09-03,29.63999938964844,0.63,29.86000061035156,1160272.8,29.759555778106158,28.51000022888184,train
2020-09-04,28.51000022888184,0.72,29.63999938964844,1158864.25,29.651411256451812,28.51000022888184,train
2020-09-07,28.51000022888184,0.72,28.51000022888184,1157879.8,29.224483372527214,26.75,train
2020-10-06,28.38999938964844,0.76,27.93000030517578,1139915.65,26.24010639394777,28.38999938964844,train
2020-10-07,28.38999938964844,0.81,28.38999938964844,1139247.6,26.394703155662388,29.13999938964844,train
2020-10-08,29.13999938964844,0.78,28.38999938964844,1138579.55,26.452916190997136,28.690000534057617,train
2020-10-09,28.690000534057617,0.79,29.13999938964844,1137911.5,26.5986947850711,28.06999969482422,train
2020-10-12,28.06999969482422,0.79,28.690000534057617,1137320.4,26.748680158049776,28.459999084472656,train
2020-10-13,28.459999084472656,0.74,28.06999969482422,1136729.3,26.92845444811799,28.979999542236328,train
2020-10-14,28.979999542236328,0.73,28.459999084472656,1136138.2,27.01861174388639,28.940000534057617,train
2020-10-15,28.940000534057617,0.74,28.979999542236328,1135547.1,27.008130859570407,28.71999931335449,train
2020-10-16,28.71999931335449,0.76,28.940000534057617,1134956.0,27.030769589795398,28.59000015258789,train
2020-10-19,28.59000015258789,0.78,28.71999931335449,1134397.5,27.048284133833974,29.049999237060547,train
2020-10-20,29.049999237060547,0.81,28.59000015258789,1133839.0,27.055460482665044,28.100000381469727,train
2020-10-21,28.100000381469727,0.83,29.049999237060547,1133280.5,27.056326745702588,28.51000022888184,train
2020-10-22,28.51000022888184,0.87,28.100000381469727,1132722.0,27.062994248530153,27.8799991607666,train
2020-10-23,27.8799991607666,0.85,28.51000022888184,1132163.5,27.06322639272258,27.11000061035156,train
2020-10-26,27.11000061035156,0.81,27.8799991607666,1131977.15,27.02314620299042,27.690000534057617,train
2020-10-27,27.690000534057617,0.79,27.11000061035156,1131790.8,26.85014244995177,26.309999465942383,train
2020-10-28,26.309999465942383,0.79,27.690000534057617,1131604.45,26.848817514630785,25.600000381469727,train
2020-10-29,25.600000381469727,0.85,26.309999465942383,1131418.1,26.50465853562464,25.25,train
2020-10-30,25.25,0.88,25.600000381469727,1131231.75,26.066957622433335,26.26000022888184,train
2020-11-02,26.26000022888184,0.87,25.25,1130670.05,25.76745537048534,26.71999931335449,train
2020-11-03,26.71999931335449,0.9,26.26000022888184,1130108.35,25.552848814871265,27.440000534057617,train
2020-11-04,27.440000534057617,0.78,26.71999931335449,1129546.65,25.423525587115652,27.15999984741211,train
2020-11-05,27.15999984741211,0.79,27.440000534057617,1128984.95,25.38569306054105,26.46999931335449,train
2020-11-06,26.46999931335449,0.83,27.15999984741211,1128423.25,25.361830407298424,28.06999969482422,train
2020-11-09,28.06999969482422,0.96,26.46999931335449,1128296.05,25.242566547383785,28.90999984741211,train
2020-11-10,28.90999984741211,0.98,28.06999969482422,1128168.85,25.242566547383785,29.040000915527344,train
2020-11-11,29.040000915527344,0.98,28.90999984741211,1128041.65,25.220299820409075,28.65999984741211,train
2020-11-12,28.65999984741211,0.88,29.040000915527344,1127914.45,25.215733497118897,28.1299991607666,train
2020-11-13,28.1299991607666,0.89,28.65999984741211,1127787.25,25.232105387885994,28.809999465942383,train
2020-11-16,28.809999465942383,0.91,28.1299991607666,1127766.65,25.248759990756852,28.8700008392334,train
2020-11-17,28.8700008392334,0.87,28.809999465942383,1127746.05,25.236764900810346,29.0,train
2020-11-18,29.0,0.88,28.8700008392334,1127725.45,25.25082767885646,29.09000015258789,train
2020-11-19,29.09000015258789,0.86,29.0,1127704.85,25.216579693939366,29.270000457763672,train
2020-11-20,29.270000457763672,0.83,29.09000015258789,1127684.25,25.185189158998586,29.520000457763672,train
2020-11-23,29.520000457763672,0.86,29.270000457763672,1127437.3,25.147042454271133,30.799999237060547,train
2020-11-24,30.799999237060547,0.88,29.520000457763672,1127190.35,25.15795320917164,31.3700008392334,train
2020-11-25,31.3700008392334,0.88,30.799999237060547,1126943.4,24.998372414373023,31.3700008392334,train
2020-11-26,31.3700008392334,0.88,31.3700008392334,1126696.45,24.995422022512255,31.21999931335449,train
2020-12-28,32.59000015258789,0.94,32.91999816894531,1135837.25,30.325330335008083,32.779998779296875,train
2020-12-29,32.779998779296875,0.94,32.59000015258789,1136103.35,30.410326305698625,32.90999984741211,train
2020-12-30,32.90999984741211,0.93,32.779998779296875,1136369.45,30.549173408044318,33.0099983215332,train
2020-12-31,33.0099983215332,0.93,32.90999984741211,1136635.55,30.79647866414943,32.380001068115234,train
2021-01-04,32.380001068115234,0.93,33.0099983215332,1136901.65,30.99037209883925,33.939998626708984,val
2021-01-05,33.939998626708984,0.96,32.380001068115234,1136767.25,31.1481404777379,34.11000061035156,val
2021-01-06,34.11000061035156,1.04,33.939998626708984,1135878.65,31.154017747213253,34.529998779296875,val
2021-01-07,34.529998779296875,1.08,34.11000061035156,1134990.05,31.219130259564462,35.43000030517578,val
2021-01-08,35.43000030517578,1.13,34.529998779296875,1134101.45,31.268295353911242,35.2599983215332,val
2021-01-11,35.2599983215332,1.15,35.43000030517578,1133050.45,31.225999419786124,35.900001525878906,val
2021-01-12,35.900001525878906,1.15,35.2599983215332,1131999.45,31.174580195222052,35.79999923706055,val
2021-01-13,35.79999923706055,1.1,35.900001525878906,1131105.15,31.11623856006324,36.2400016784668,val
2021-01-14,36.2400016784668,1.15,35.79999923706055,1130210.85,31.12512995454206,35.34000015258789,val
2021-01-15,35.34000015258789,1.11,36.2400016784668,1129316.55,31.080087662783935,35.34000015258789,val
2021-01-18,35.34000015258789,1.11,35.34000015258789,1128639.85,31.16061739895709,35.75,val
2021-03-16,43.83000183105469,1.62,44.2599983215332,1118628.95,38.907183616921856,43.81999969482422,val
2021-03-17,43.81999969482422,1.63,43.83000183105469,1120581.05,39.10061398408197,40.470001220703125,val
2021-03-18,40.470001220703125,1.71,43.81999969482422,1122533.15,39.25747364154736,41.77000045776367,val
2021-03-19,41.77000045776367,1.74,40.470001220703125,1124485.25,39.295238925751114,41.709999084472656,val
2021-03-22,41.709999084472656,1.69,41.77000045776367,1126468.7,39.66082925512239,39.369998931884766,val
2021-03-23,39.369998931884766,1.63,41.709999084472656,1128452.15,39.71683979762522,41.45000076293945,val
2021-03-24,41.45000076293945,1.62,39.369998931884766,1130435.6,39.284497208561355,39.88999938964844,val
2021-03-25,39.88999938964844,1.63,41.45000076293945,1132419.05,39.19754665190973,41.52999877929688,val
2021-03-26,41.52999877929688,1.67,39.88999938964844,1134402.5,38.87316295995976,41.91999816894531,val
2021-03-29,41.91999816894531,1.73,41.52999877929688,1135264.0,38.896401213641184,41.16999816894531,val
2021-03-30,41.16999816894531,1.73,41.91999816894531,1136125.5,39.05319891292797,40.52999877929688,val
2021-03-31,40.52999877929688,1.74,41.16999816894531,1136987.0,39.23576021427642,41.84000015258789,val
2021-04-01,41.84000015258789,1.69,40.52999877929688,1137848.5,39.14182838767149,40.27999877929688,val
2021-04-05,40.27999877929688,1.73,41.84000015258789,1138710.0,39.08500274221399,40.70000076293945,val
2021-04-06,40.70000076293945,1.67,40.27999877929688,1138705.5,38.90354381108046,40.86000061035156,val
2021-04-07,40.86000061035156,1.68,40.70000076293945,1138701.0,38.7659002324341,40.81999969482422,val
2021-04-08,40.81999969482422,1.64,40.86000061035156,1138696.5,38.656935515740976,40.63999938964844,val
2021-04-09,40.63999938964844,1.67,40.81999969482422,1138692.0,38.59697268627158,40.900001525878906,val
2021-04-12,40.900001525878906,1.69,40.63999938964844,1138337.7,38.66330334247491,41.400001525878906,val
2021-04-13,41.400001525878906,1.64,40.900001525878906,1137863.6,38.79529241904557,43.040000915527344,val
2021-04-14,43.040000915527344,1.64,41.400001525878906,1137389.5,39.03150481121411,43.27000045776367,val
2021-04-15,43.27000045776367,1.56,43.040000915527344,1136915.4,39.16478269665291,43.18000030517578,val
2021-04-16,43.18000030517578,1.59,43.27000045776367,1136441.3,39.2754846990237,43.31999969482422,val
2021-04-19,43.31999969482422,1.61,43.18000030517578,1135959.75,39.2445581810967,42.7400016784668,val
2021-04-20,42.7400016784668,1.58,43.31999969482422,1135382.6,39.14178978604974,41.77000045776367,val
2021-04-21,41.77000045776367,1.57,42.7400016784668,1134805.45,39.11667275203633,42.09000015258789,val
2021-04-22,42.09000015258789,1.57,41.77000045776367,1134228.3,39.448935386827316,42.459999084472656,val
2021-04-23,42.459999084472656,1.58,42.09000015258789,1133651.15,39.46876252971344,42.33000183105469,val
2021-04-26,42.33000183105469,1.58,42.459999084472656,1133006.05,39.72417767106758,43.11000061035156,val
2021-04-27,43.11000061035156,1.63,42.33000183105469,1132404.75,39.74848271395335,43.52999877929688,val
2021-04-28,43.52999877929688,1.63,43.11000061035156,1131803.45,39.72008115985407,44.2599983215332,val
2021-04-29,44.2599983215332,1.65,43.52999877929688,1131202.15,39.730137086524316,43.27000045776367,val
2021-04-30,43.27000045776367,1.65,44.2599983215332,1130600.85,39.791822459141294,43.97999954223633,val
2021-05-03,43.97999954223633,1.63,43.27000045776367,1129547.65,39.81328933267962,44.869998931884766,val
2021-05-04,44.869998931884766,1.61,43.97999954223633,1128670.55,40.05146077592618,44.65999984741211,val
2021-05-05,44.65999984741211,1.59,44.869998931884766,1127793.45,40.15062439973649,44.40999984741211,val
2021-05-06,44.40999984741211,1.58,44.65999984741211,1126916.35,40.316819467849825,44.43000030517578,val
2021-05-07,44.43000030517578,1.6,44.40999984741211,1126039.25,40.57633406443393,44.47999954223633,val
2021-05-10,44.47999954223633,1.63,44.43000030517578,1125420.7,40.947092019322135,44.869998931884766,val
2021-05-11,44.869998931884766,1.64,44.47999954223633,1124802.15,41.32316030253019,45.220001220703125,val
2021-05-12,45.220001220703125,1.69,44.869998931884766,1124183.6,41.60198610853475,43.810001373291016,val
2021-05-13,43.810001373291016,1.66,45.220001220703125,1123565.05,41.57760642248805,44.709999084472656,val
2021-05-14,44.709999084472656,1.63,43.810001373291016,1122946.5,41.609416708227016,45.38999938964844,val
2021-05-17,45.38999938964844,1.64,44.709999084472656,1122306.35,41.64394707113952,44.84000015258789,val
2021-05-18,44.84000015258789,1.64,45.38999938964844,1121666.2,41.627414761485106,43.43000030517578,val
2021-05-19,43.43000030517578,1.68,44.84000015258789,1121026.05,41.74901529915471,42.47999954223633,val
2021-05-20,42.47999954223633,1.63,43.43000030517578,1120385.9,42.06379940829244,43.70000076293945,val
2021-05-21,43.70000076293945,1.63,42.47999954223633,1119745.75,42.15790427093437,45.02000045776367,val
2021-05-24,45.02000045776367,1.61,43.70000076293945,1119008.15,42.36189291335024,44.91999816894531,val
2021-05-25,44.91999816894531,1.56,45.02000045776367,1118270.55,42.66214743954007,45.20000076293945,val
2021-05-26,45.20000076293945,1.58,44.91999816894531,1117532.95,42.81585518125117,45.54999923706055,val
2021-05-27,45.54999923706055,1.61,45.20000076293945,1116795.35,42.89718609921005,45.41999816894531,val
2021-05-28,45.41999816894531,1.58,45.54999923706055,1116057.75,42.877993351809224,46.33000183105469,val
2021-06-01,46.33000183105469,1.62,45.41999816894531,1115485.7,43.035060881178225,46.900001525878906,val
2021-06-02,46.900001525878906,1.59,46.33000183105469,1114913.65,42.99120823650077,46.970001220703125,val
2021-06-03,46.970001220703125,1.63,46.900001525878906,1114341.6,42.82475165063345,47.2599983215332,val
2021-06-04,47.2599983215332,1.56,46.970001220703125,1113769.55,42.71344182125174,47.27000045776367,val
2021-06-07,47.27000045776367,1.57,47.2599983215332,1112868.0,42.63191023219061,47.880001068115234,val
2021-06-08,47.880001068115234,1.53,47.27000045776367,1112057.7,42.59887454989363,47.58000183105469,val
2021-06-09,47.58000183105469,1.5,47.880001068115234,1111247.4,42.52938586711534,47.83000183105469,val
2021-06-10,47.83000183105469,1.45,47.58000183105469,1110437.1,42.508149554304275,48.06999969482422,val
2021-06-11,48.06999969482422,1.47,47.83000183105469,1109626.8,42.4659223663216,48.31999969482422,val
2021-06-14,48.31999969482422,1.51,48.06999969482422,1108404.2,42.6201262933033,48.97999954223633,val
2021-06-15,48.97999954223633,1.51,48.31999969482422,1107210.65,42.66477584672171,48.75,val
2021-06-16,48.75,1.57,48.97999954223633,1106017.1,42.609679016957564,48.040000915527344,val
2021-06-17,48.040000915527344,1.52,48.75,1104823.55,42.69229662767886,48.36000061035156,val
2021-06-18,48.36000061035156,1.45,48.040000915527344,1103630.0,43.13146808309703,49.36000061035156,val
2021-06-21,49.36000061035156,1.5,48.36000061035156,1101970.5,43.94248200692606,49.41999816894531,val
2021-06-22,49.41999816894531,1.48,49.36000061035156,1100476.4,44.4454967946836,49.720001220703125,val
2021-06-23,49.720001220703125,1.5,49.41999816894531,1098982.3,44.696095750431695,49.84000015258789,val
2021-06-24,49.84000015258789,1.49,49.720001220703125,1097488.2,45.0191491695018,50.25,val
2021-06-25,50.25,1.54,49.84000015258789,1095994.1,45.34777707516474,49.540000915527344,val
2021-06-28,49.540000915527344,1.49,50.25,1094094.05,45.625914711185594,49.88999938964844,val
2021-06-29,49.88999938964844,1.49,49.540000915527344,1092480.35,46.10729107940371,49.880001068115234,val
2021-06-30,49.880001068115234,1.45,49.88999938964844,1090866.65,46.39310760634848,50.619998931884766,val
2021-07-01,50.619998931884766,1.48,49.880001068115234,1089252.95,46.60097110277079,50.93000030517578,val
2021-07-02,50.93000030517578,1.44,50.619998931884766,1087639.25,46.76739700051919,50.93000030517578,val
2021-07-05,50.93000030517578,1.44,50.93000030517578,1085952.6,46.89207866451891,49.900001525878906,val
2021-08-03,48.84999847412109,1.19,49.18000030517578,1060264.15,46.74219504947224,47.20000076293945,val
2021-08-04,47.20000076293945,1.19,48.84999847412109,1059951.6,46.69653875134751,48.09999847412109,val
2021-08-05,48.09999847412109,1.23,47.20000076293945,1059639.05,46.472353417868156,47.56999969482422,val
2021-08-06,47.56999969482422,1.31,48.09999847412109,1059326.5,46.363150259047316,46.59999847412109,val
2021-08-09,46.59999847412109,1.33,47.56999969482422,1059386.35,46.20732984064858,47.68000030517578,val
2021-08-10,47.68000030517578,1.36,46.59999847412109,1059446.2,45.90194262430262,48.29999923706055,val
2021-08-11,48.29999923706055,1.35,47.68000030517578,1059506.05,45.91193353545682,48.09999847412109,val
2021-08-12,48.09999847412109,1.36,48.29999923706055,1059565.9,45.88697341611814,47.43000030517578,val
2021-08-13,47.43000030517578,1.29,48.09999847412109,1059625.75,45.84290583782916,47.040000915527344,val
2021-08-16,47.040000915527344,1.26,47.43000030517578,1059418.5,45.73329293221633,46.58000183105469,val
2021-08-17,46.58000183105469,1.26,47.040000915527344,1059211.25,45.98948879167456,45.400001525878906,val
2021-08-18,45.400001525878906,1.27,46.58000183105469,1059004.0,46.00447812726653,44.77000045776367,val
2021-08-19,44.77000045776367,1.24,45.400001525878906,1058796.75,45.50245490822277,43.43000030517578,val
2021-08-20,43.43000030517578,1.26,44.77000045776367,1058589.5,44.89702002843024,45.84999847412109,val
2021-08-23,45.84999847412109,1.25,43.43000030517578,1058437.7,44.04271014333959,47.369998931884766,val
2021-08-24,47.369998931884766,1.29,45.84999847412109,1058285.9,43.85938325791332,47.810001373291016,val
2021-08-25,47.810001373291016,1.35,47.369998931884766,1058134.1,43.85471720144101,47.47999954223633,val
2021-08-26,47.47999954223633,1.34,47.810001373291016,1057982.3,43.90335283335859,48.150001525878906,val
2021-08-27,48.150001525878906,1.31,47.47999954223633,1057830.5,44.08462597883314,48.400001525878906,val
2021-08-30,48.400001525878906,1.29,48.150001525878906,1057138.9,44.3473705588663,48.040000915527344,val
2021-08-31,48.040000915527344,1.3,48.400001525878906,1056447.3,44.407887671003856,47.93000030517578,val
2021-09-01,47.93000030517578,1.31,48.040000915527344,1055755.7,44.454757317239846,48.95000076293945,val
2021-09-02,48.95000076293945,1.29,47.93000030517578,1055064.1,44.46304557745829,48.65999984741211,val
2021-09-03,48.65999984741211,1.33,48.95000076293945,1054372.5,44.412095877783216,48.65999984741211,val
2021-09-06,48.65999984741211,1.33,48.65999984741211,1053626.9,44.38844101971446,48.040000915527344,val
2021-10-05,55.630001068115234,1.54,54.4900016784668,1037886.55,46.98518279869664,54.15999984741211,val
2021-10-06,54.15999984741211,1.53,55.630001068115234,1037560.95,46.98975746928536,55.36000061035156,val
2021-10-07,55.36000061035156,1.58,54.15999984741211,1037235.35,47.230730511696294,55.470001220703125,val
2021-10-08,55.470001220703125,1.61,55.36000061035156,1036909.75,47.6178931557669,56.18000030517578,val
2021-10-11,56.18000030517578,1.61,55.470001220703125,1037196.1,47.882260828869114,56.11000061035156,val
2021-10-12,56.11000061035156,1.59,56.18000030517578,1037482.45,48.03171337942605,56.15999984741211,val
2021-10-13,56.15999984741211,1.56,56.11000061035156,1037768.8,48.33638511078132,56.810001373291016,val
2021-10-14,56.810001373291016,1.52,56.15999984741211,1038055.15,48.47754097093264,57.150001525878906,val
2021-10-15,57.150001525878906,1.59,56.810001373291016,1038341.5,48.628559373579805,56.959999084472656,val
2021-10-18,56.959999084472656,1.59,57.150001525878906,1038755.85,48.90525520376643,57.41999816894531,val
2021-10-19,57.41999816894531,1.65,56.959999084472656,1039170.2,49.47008712376138,58.119998931884766,val
2021-10-20,58.119998931884766,1.65,57.41999816894531,1039584.55,50.14235078574913,57.40999984741211,val
2021-10-21,57.40999984741211,1.68,58.119998931884766,1039998.9,50.65414651890292,58.02999877929688,val
2021-10-22,58.02999877929688,1.66,57.40999984741211,1040413.25,51.13863637996274,57.83000183105469,val
2021-10-25,57.83000183105469,1.64,58.02999877929688,1040801.6,51.570466120201864,58.45000076293945,val
2021-10-26,58.45000076293945,1.63,57.83000183105469,1041189.95,51.8698930734931,56.900001525878906,val
2021-10-27,56.900001525878906,1.54,58.45000076293945,1041578.3,52.31425556830489,57.400001525878906,val
2021-10-28,57.400001525878906,1.57,56.900001525878906,1041966.65,52.95944684377575,57.150001525878906,val
2021-10-29,57.150001525878906,1.55,57.400001525878906,1042355.0,53.65945313321525,57.52999877929688,val
2021-11-01,57.52999877929688,1.58,57.150001525878906,1042754.3,54.28293578385193,57.52999877929688,val
2021-11-02,57.52999877929688,1.56,57.52999877929688,1043153.6,54.639077634133564,55.34000015258789,val
2021-11-03,55.34000015258789,1.6,57.52999877929688,1043552.9,54.78607093372952,54.91999816894531,val
2021-11-04,54.91999816894531,1.53,55.34000015258789,1043952.2,55.118848366820515,56.54999923706055,val
2021-11-05,56.54999923706055,1.45,54.91999816894531,1044351.5,55.007967852032465,57.09000015258789,val
2021-11-08,57.09000015258789,1.51,56.54999923706055,1044379.25,55.178293794480886,57.970001220703125,val
2021-11-09,57.970001220703125,1.46,57.09000015258789,1044407.0,55.264826845099186,56.31999969482422,val
2021-11-10,56.31999969482422,1.56,57.970001220703125,1044434.75,55.36876090631292,56.220001220703125,val
2021-11-11,56.220001220703125,1.56,56.31999969482422,1044462.5,55.3939992849532,55.97999954223633,val
2021-11-12,55.97999954223633,1.58,56.220001220703125,1044490.25,55.32143143282664,56.06999969482422,val
2021-11-15,56.06999969482422,1.63,55.97999954223633,1044356.75,55.19283414633882,56.20000076293945,val
2021-11-16,56.20000076293945,1.63,56.06999969482422,1044223.25,55.09687687655239,55.0,val
2021-11-17,55.0,1.6,56.20000076293945,1044089.75,55.013073533668845,55.54999923706055,val
2021-11-18,55.54999923706055,1.59,55.0,1043956.25,54.75387555521384,53.77999877929688,val
2021-11-19,53.77999877929688,1.54,55.54999923706055,1043822.75,54.610080603340926,54.45000076293945,val
2021-11-22,54.45000076293945,1.63,53.77999877929688,1043499.1,54.12062045948827,56.20000076293945,val
2021-11-23,56.20000076293945,1.67,54.45000076293945,1043175.45,53.87344209718715,55.880001068115234,val
2021-11-24,55.880001068115234,1.64,56.20000076293945,1042851.8,53.97585257774441,55.880001068115234,val
2021-11-25,55.880001068115234,1.64,55.880001068115234,1042528.15,53.944957726837956,49.630001068115234,val
2021-12-24,53.130001068115234,1.5,53.130001068115234,1029139.75,47.228460431065734,54.52000045776367,val
2022-02-15,64.27999877929688,2.05,66.36000061035156,1002742.9,59.10400749071282,63.540000915527344,val
2022-02-16,63.540000915527344,2.03,64.27999877929688,1002267.35,59.305125748658654,64.16999816894531,val
2022-02-17,64.16999816894531,1.97,63.540000915527344,1001791.8,59.52730317886375,64.73999786376953,val
2022-02-18,64.73999786376953,1.92,64.16999816894531,1001316.25,59.851961786119276,64.73999786376953,val
2022-02-21,64.73999786376953,1.92,64.73999786376953,1000887.95,60.18524094010066,65.54000091552734,val
2022-03-22,78.55999755859375,2.38,79.54000091552734,991713.85,61.709746971764034,81.94999694824219,val
2022-03-23,81.94999694824219,2.32,78.55999755859375,991029.65,62.71797599780751,79.75,val
2022-03-24,79.75,2.34,81.94999694824219,990345.45,63.54731341247806,80.73999786376953,val
2022-03-25,80.73999786376953,2.48,79.75,989661.25,64.7193671287319,74.52999877929688,val
2022-03-28,74.52999877929688,2.46,80.73999786376953,988902.6,66.20809310951452,76.1500015258789,val
2022-03-29,76.1500015258789,2.41,74.52999877929688,988143.95,67.38246842237896,77.91000366210938,val
2022-03-30,77.91000366210938,2.35,76.1500015258789,987385.3,67.85812874845828,74.12000274658203,val
2022-03-31,74.12000274658203,2.32,77.91000366210938,986626.65,67.98375060049723,74.16999816894531,val
2022-04-01,74.16999816894531,2.39,74.12000274658203,985868.0,67.9395351450975,76.86000061035156,val
2022-04-04,76.86000061035156,2.42,74.16999816894531,985262.65,67.70318848220928,74.80000305175781,val
2022-04-05,74.80000305175781,2.54,76.86000061035156,984657.3,67.87512116702736,73.05000305175781,val
2022-04-06,73.05000305175781,2.61,74.80000305175781,984051.95,68.56278477954295,73.11000061035156,val
2022-04-07,73.11000061035156,2.66,73.05000305175781,983446.6,68.34661739785682,74.11000061035156,val
2022-04-08,74.11000061035156,2.72,73.11000061035156,982841.25,68.24576308758554,72.30000305175781,val
2022-04-11,72.30000305175781,2.79,74.11000061035156,982391.95,68.11973530546025,75.9800033569336,val
2022-04-12,75.9800033569336,2.72,72.30000305175781,981942.65,68.04916508335806,78.41999816894531,val
2022-04-13,78.41999816894531,2.7,75.9800033569336,981493.35,69.1357079507307,79.56999969482422,val
2022-04-14,79.56999969482422,2.83,78.41999816894531,981044.05,70.55490038349704,80.41000366210938,val
2022-04-18,80.41000366210938,2.85,79.56999969482422,980594.75,70.79292136494847,76.86000061035156,val
2022-04-19,76.86000061035156,2.93,80.41000366210938,979844.3,70.9000191261467,77.23999786376953,val
2022-04-20,77.23999786376953,2.85,76.86000061035156,979093.85,70.90783199212997,78.12000274658203,val
2022-04-21,78.12000274658203,2.9,77.23999786376953,978343.4,70.90321730142159,76.30999755859375,val
2022-04-22,76.30999755859375,2.9,78.12000274658203,977592.95,71.23515182104418,74.6500015258789,val
2022-04-25,74.6500015258789,2.81,76.30999755859375,976731.55,71.30768049607683,76.45999908447266,val
2022-04-26,76.45999908447266,2.77,74.6500015258789,976192.65,71.44110648798592,76.37000274658203,val
2022-04-27,76.37000274658203,2.82,76.45999908447266,975653.75,71.58184878732357,78.08000183105469,val
2022-04-28,78.08000183105469,2.85,76.37000274658203,975114.85,71.59051186232935,77.16000366210938,val
2022-04-29,77.16000366210938,2.89,78.08000183105469,974575.95,71.58336015507157,78.37999725341797,val
2022-05-02,78.37999725341797,2.99,77.16000366210938,973947.95,71.80548277818471,76.69000244140625,val
2022-05-03,76.69000244140625,2.97,78.37999725341797,973386.0,72.02238944178573,80.22000122070312,val
2022-05-04,80.22000122070312,2.93,76.69000244140625,972824.05,72.01688479704079,80.4800033569336,val
2022-05-05,80.4800033569336,3.05,80.22000122070312,972262.1,72.0421875000903,82.12999725341797,val
2022-05-06,82.12999725341797,3.12,80.4800033569336,971700.15,72.44596264574449,76.56999969482422,val
2022-05-09,76.56999969482422,3.05,82.12999725341797,971213.0,72.75528058182681,74.52999877929688,val
2022-05-10,74.52999877929688,2.99,76.56999969482422,970451.7,73.12711617495354,78.18000030517578,val
2022-05-11,78.18000030517578,2.91,74.52999877929688,969690.4,73.70839231943185,79.2300033569336,val
2022-05-12,79.2300033569336,2.84,78.18000030517578,968929.1,73.9005665186038,81.27999877929688,val
2022-05-13,81.27999877929688,2.93,79.2300033569336,968167.8,73.89960427560844,83.11000061035156,val
2022-05-16,83.11000061035156,2.88,81.27999877929688,966986.3,73.76516091989046,81.11000061035156,val
2022-05-17,81.11000061035156,2.98,83.11000061035156,966440.85,73.42335602831763,79.29000091552734,val
2022-05-18,79.29000091552734,2.89,81.11000061035156,965895.4,73.48970547681068,80.58000183105469,val
2022-05-19,80.58000183105469,2.84,79.29000091552734,965349.95,73.60127016175497,81.6500015258789,val
2022-05-20,81.6500015258789,2.78,80.58000183105469,964804.5,73.6315037527127,81.97000122070312,val
2022-05-23,81.97000122070312,2.86,81.6500015258789,964020.5,73.82892020736708,82.0,val
2022-05-24,82.0,2.76,81.97000122070312,963236.5,74.41021474885864,82.4800033569336,val
2022-05-25,82.4800033569336,2.75,82.0,962452.5,74.70733574832653,84.58999633789062,val
2022-05-26,84.58999633789062,2.75,82.4800033569336,961668.5,75.0614243146128,85.45999908447266,val
2022-05-27,85.45999908447266,2.74,84.58999633789062,960884.5,74.99022797217296,85.45999908447266,val
2022-05-30,85.45999908447266,2.74,85.45999908447266,959665.15,75.066105881372,85.47000122070312,val
2022-08-02,75.93000030517578,2.75,75.12999725341797,905912.5,71.94034544105146,73.52999877929688,val
2022-08-03,73.52999877929688,2.73,75.93000030517578,904941.5,72.02889049644507,71.52999877929688,val
2022-08-04,71.52999877929688,2.68,73.52999877929688,903970.5,72.00450865641564,71.54000091552734,val
2022-08-05,71.54000091552734,2.83,71.52999877929688,902999.5,71.31227512605965,73.54000091552734,val
2022-08-08,73.54000091552734,2.77,71.54000091552734,902217.85,70.8254318921384,73.44999694824219,val
2022-08-09,73.44999694824219,2.8,73.54000091552734,901436.2,70.75628993478385,74.31999969482422,val
2022-08-10,74.31999969482422,2.78,73.44999694824219,900654.55,70.84925109761346,76.27999877929688,val
2022-08-11,76.27999877929688,2.87,74.31999969482422,899872.9,70.98211302149555,74.9800033569336,val
2022-08-12,74.9800033569336,2.84,76.27999877929688,899091.25,71.26781487958178,72.87999725341797,val
2022-08-15,72.87999725341797,2.79,74.9800033569336,898058.85,71.39302839495798,71.23999786376953,val
2022-08-16,71.23999786376953,2.82,72.87999725341797,897026.45,71.11072358791101,72.05000305175781,val
2022-08-17,72.05000305175781,2.89,71.23999786376953,895994.05,70.64916079668801,74.20999908447266,val
2022-08-18,74.20999908447266,2.88,72.05000305175781,894961.65,70.41581605777753,74.05999755859375,val
2022-08-19,74.05999755859375,2.98,74.20999908447266,893929.25,70.37404532304392,74.68000030517578,val
2022-08-22,74.68000030517578,3.03,74.05999755859375,892834.55,70.34640686372124,76.83000183105469,val
2022-08-23,76.83000183105469,3.05,74.68000030517578,891739.85,70.35178666732553,78.04000091552734,val
2022-08-24,78.04000091552734,3.11,76.83000183105469,890645.15,70.30000448711755,76.5,val
2022-08-25,76.5,3.03,78.04000091552734,889550.45,70.27860405287085,75.8499984741211,val
2022-08-26,75.8499984741211,3.04,76.5,888455.75,70.32248471325099,78.69000244140625,val
2022-08-29,78.69000244140625,3.12,75.8499984741211,887052.55,70.51219444377531,75.47000122070312,val
2022-08-30,75.47000122070312,3.11,78.69000244140625,885649.35,70.22861288398792,73.11000061035156,val
2022-08-31,73.11000061035156,3.15,75.47000122070312,884246.15,70.23297901998238,70.94999694824219,val
2022-09-01,70.94999694824219,3.26,73.11000061035156,882842.95,70.18806133187195,71.43000030517578,val
2022-09-02,71.43000030517578,3.2,70.94999694824219,881439.75,70.06838177948501,71.43000030517578,val
2022-09-05,71.43000030517578,3.2,71.43000030517578,880094.45,70.04728170159724,71.41999816894531,val
2022-10-04,70.27999877929688,3.62,67.88999938964844,858699.5,63.198380512448,71.94000244140625,val
2022-10-05,71.94000244140625,3.76,70.27999877929688,857496.0,63.24380975736507,72.98999786376953,val
2022-10-06,72.98999786376953,3.83,71.94000244140625,856292.5,63.26876169074539,75.0999984741211,val
2022-10-07,75.0999984741211,3.89,72.98999786376953,855089.0,63.20970910165883,73.77999877929688,val
2022-10-10,73.77999877929688,3.89,75.0999984741211,854293.55,62.8546938394721,71.75,val
2022-10-11,71.75,3.93,73.77999877929688,853498.1,62.748074710174656,70.93000030517578,val
2022-10-12,70.93000030517578,3.91,71.75,852702.65,62.7570596953802,72.5199966430664,val
2022-10-13,72.5199966430664,3.97,70.93000030517578,851907.2,62.82144097653662,70.16999816894531,val
2022-10-14,70.16999816894531,4.0,72.5199966430664,851111.75,62.78754185217925,70.12999725341797,val
2022-10-17,70.12999725341797,4.02,70.16999816894531,850339.75,62.79474665121313,68.69999694824219,val
2022-10-18,68.69999694824219,4.01,70.12999725341797,849567.75,62.79676310326428,70.04000091552734,val
2022-10-19,70.04000091552734,4.14,68.69999694824219,848795.75,62.76488651185318,70.18000030517578,val
2022-10-20,70.18000030517578,4.24,70.04000091552734,848023.75,62.831637469225385,70.56999969482422,val
2022-10-21,70.56999969482422,4.21,70.18000030517578,847251.75,62.88515263730007,70.37999725341797,val
2022-10-24,70.37999725341797,4.25,70.56999969482422,846677.8,63.42601132937629,70.61000061035156,val
2022-10-25,70.61000061035156,4.1,70.37999725341797,846103.85,64.57817740065143,72.97000122070312,val
2022-10-26,72.97000122070312,4.04,70.61000061035156,845529.9,65.57059597206916,73.62000274658203,val
2022-10-27,73.62000274658203,3.96,72.97000122070312,844955.95,65.98040725226961,72.81999969482422,val
2022-10-28,72.81999969482422,4.02,73.62000274658203,844382.0,66.52021356457023,71.52999877929688,val
2022-10-31,71.52999877929688,4.1,72.81999969482422,843933.5,67.73116439866251,73.12000274658203,val
2022-11-01,73.12000274658203,4.07,71.52999877929688,843485.0,68.30259743541878,74.08000183105469,val
2022-11-02,74.08000183105469,4.1,73.12000274658203,843036.5,68.43017859081914,73.29000091552734,val
2022-11-03,73.29000091552734,4.14,74.08000183105469,842588.0,68.3670556967948,76.81999969482422,val
2022-11-04,76.81999969482422,4.17,73.29000091552734,842139.5,68.3576150585148,76.55999755859375,val
2022-11-07,76.55999755859375,4.22,76.81999969482422,841599.15,68.03771232133519,74.47000122070312,val
2022-11-08,74.47000122070312,4.14,76.55999755859375,841058.8,67.71898958929681,71.66999816894531,val
2022-11-09,71.66999816894531,4.12,74.47000122070312,840518.45,67.72410273250496,72.23999786376953,val
2022-11-10,72.23999786376953,3.82,71.66999816894531,839978.1,67.7925013970924,74.37999725341797,val
2022-11-11,74.37999725341797,3.82,72.23999786376953,839437.75,67.78082925070187,71.91000366210938,val
2022-11-14,71.91000366210938,3.88,74.37999725341797,838686.85,67.9971014683054,73.25,val
2022-11-15,73.25,3.8,71.91000366210938,837935.95,68.20958864866981,72.04000091552734,val
2022-11-16,72.04000091552734,3.67,73.25,837185.05,68.81976099370156,70.13999938964844,val
2022-11-17,70.13999938964844,3.77,72.04000091552734,836434.15,69.11156351385645,69.02999877929688,val
2022-11-18,69.02999877929688,3.82,70.13999938964844,835683.25,69.10352669593252,69.02999877929688,val
2022-11-21,69.02999877929688,3.83,69.02999877929688,834709.25,68.77488317204582,69.9800033569336,val
2022-11-22,69.9800033569336,3.76,69.02999877929688,833735.25,68.49768355296825,67.41000366210938,val
2022-11-23,67.41000366210938,3.71,69.9800033569336,832761.25,68.39172600471736,67.41000366210938,val
2022-11-24,67.41000366210938,3.71,67.41000366210938,831787.25,67.51776485184426,66.95999908447266,val
2022-12-23,69.31999969482422,3.75,67.69999694824219,803093.75,62.094830654029884,69.52999877929688,val
2022-12-27,69.52999877929688,3.84,69.31999969482422,802387.75,62.04946001447013,68.58000183105469,val
2022-12-28,68.58000183105469,3.88,69.52999877929688,801681.75,62.0120745706216,68.52999877929688,val
2022-12-29,68.52999877929688,3.83,68.58000183105469,800975.75,62.007073328280335,70.11000061035156,val
2022-12-30,70.11000061035156,3.88,68.52999877929688,800269.75,62.1170196436601,67.63999938964844,val
2023-01-03,67.63999938964844,3.79,70.11000061035156,799511.05,62.1548217539203,64.30000305175781,test
2023-01-04,64.30000305175781,3.69,67.63999938964844,799116.5,62.25732528504789,64.77999877929688,test
2023-01-05,64.77999877929688,3.71,64.30000305175781,798721.95,61.99918382552666,64.83000183105469,test
2023-01-06,64.83000183105469,3.55,64.77999877929688,798327.4,61.94614053430283,65.87999725341797,test
2023-01-09,65.87999725341797,3.53,64.83000183105469,798840.9,62.13002660364542,65.9000015258789,test
2023-01-10,65.9000015258789,3.61,65.87999725341797,799354.4,62.6521889531403,68.05000305175781,test
2023-01-11,68.05000305175781,3.54,65.9000015258789,799593.75,63.20235647571429,68.61000061035156,test
2023-01-12,68.61000061035156,3.43,68.05000305175781,799833.1,63.52919021158062,70.05000305175781,test
2023-01-13,70.05000305175781,3.49,68.61000061035156,800072.45,63.637068867340226,70.05000305175781,test
2023-01-16,70.05000305175781,3.49,70.05000305175781,800732.15,63.53425543695231,70.86000061035156,test
2023-02-14,69.4000015258789,3.77,69.5,825007.4,65.07456837695902,69.0199966430664,test
2023-02-15,69.0199966430664,3.81,69.4000015258789,826176.35,65.09321493255416,68.44999694824219,test
2023-02-16,68.44999694824219,3.86,69.0199966430664,827345.3,65.0779303561167,67.0199966430664,test
2023-02-17,67.0199966430664,3.82,68.44999694824219,828514.25,65.04974640388009,67.0199966430664,test
2023-02-20,67.0199966430664,3.82,67.0199966430664,830038.9,64.97767341837003,66.69000244140625,test
2023-03-21,61.22999954223633,3.59,59.790000915527344,851248.9,58.6473290030232,61.61000061035156,test
2023-03-22,61.61000061035156,3.48,61.22999954223633,851355.85,58.14087598055094,60.9900016784668,test
2023-03-23,60.9900016784668,3.38,61.61000061035156,851462.8,57.79186237786868,60.959999084472656,test
2023-03-24,60.959999084472656,3.38,60.9900016784668,851569.75,57.32915931450147,64.1500015258789,test
2023-03-27,64.1500015258789,3.53,60.959999084472656,851243.95,56.91514568735088,64.55000305175781,test
2023-03-28,64.55000305175781,3.55,64.1500015258789,850918.15,56.85413499460587,64.1500015258789,test
2023-03-29,64.1500015258789,3.57,64.55000305175781,850592.35,56.837246574081114,65.31999969482422,test
2023-03-30,65.31999969482422,3.55,64.1500015258789,850266.55,56.860790867040436,66.44000244140625,test
2023-03-31,66.44000244140625,3.48,65.31999969482422,849940.75,56.96153023220441,70.2699966430664,test
2023-04-03,70.2699966430664,3.43,66.44000244140625,849492.5,57.252932949835426,70.2699966430664,test
2023-04-04,70.2699966430664,3.35,70.2699966430664,849044.25,57.289467439073846,70.23999786376953,test
2023-04-05,70.23999786376953,3.3,70.2699966430664,848596.0,57.00697575565249,70.26000213623047,test
2023-04-06,70.26000213623047,3.3,70.23999786376953,848147.75,56.721226586169294,69.76000213623047,test
2023-04-10,69.76000213623047,3.41,70.26000213623047,847699.5,56.45696872434873,71.06999969482422,test
2023-04-11,71.06999969482422,3.43,69.76000213623047,847123.6,56.29687864335684,72.43000030517578,test
2023-04-12,72.43000030517578,3.41,71.06999969482422,846547.7,56.04737600197839,71.80000305175781,test
2023-04-13,71.80000305175781,3.45,72.43000030517578,845971.8,55.891972823796195,72.08999633789062,test
2023-04-14,72.08999633789062,3.52,71.80000305175781,845395.9,56.346242077882046,70.83999633789062,test
2023-04-17,70.83999633789062,3.6,72.08999633789062,844510.35,56.929563241835325,70.7300033569336,test
2023-04-18,70.7300033569336,3.58,70.83999633789062,843568.95,58.061047872822854,69.30000305175781,test
2023-04-19,69.30000305175781,3.6,70.7300033569336,842627.55,59.12392517166277,67.5999984741211,test
2023-04-20,67.5999984741211,3.54,69.30000305175781,841686.15,60.03081087275974,68.20999908447266,test
2023-04-21,68.20999908447266,3.57,67.5999984741211,840744.75,60.89954186448162,69.25,test
2023-04-24,69.25,3.52,68.20999908447266,839499.6,62.09124413321103,67.62000274658203,test
2023-04-25,67.62000274658203,3.4,69.25,838628.9,63.57888137893133,65.36000061035156,test
2023-04-26,65.36000061035156,3.43,67.62000274658203,837758.2,64.19889730951496,65.80999755859375,test
2023-04-27,65.80999755859375,3.53,65.36000061035156,836887.5,64.3865776952009,67.5,test
2023-04-28,67.5,3.44,65.80999755859375,836016.8,64.78929051434261,66.55000305175781,test
2023-05-01,66.55000305175781,3.59,67.5,834981.85,65.20616148818348,63.04999923706055,test
2023-05-02,63.04999923706055,3.44,66.55000305175781,834154.05,65.22765003318712,60.310001373291016,test
2023-05-03,60.310001373291016,3.38,63.04999923706055,833326.25,64.02715260106052,60.70000076293945,test
2023-05-04,60.70000076293945,3.37,60.310001373291016,832498.45,62.239207655783964,63.02999877929688,test
2023-05-05,63.02999877929688,3.44,60.70000076293945,831670.65,60.92477683642131,64.26000213623047,test
2023-05-08,64.26000213623047,3.52,63.02999877929688,830844.2,60.312930199186766,64.87000274658203,test
2023-05-09,64.87000274658203,3.53,64.26000213623047,830067.9,59.95898003561775,64.38999938964844,test
2023-05-10,64.38999938964844,3.43,64.87000274658203,829291.6,59.78208215415358,63.25,test
2023-05-11,63.25,3.39,64.38999938964844,828515.3,59.74857023617675,62.06999969482422,test
2023-05-12,62.06999969482422,3.46,63.25,827739.0,59.60687108293936,62.9900016784668,test
2023-05-15,62.9900016784668,3.5,62.06999969482422,827402.95,59.46381815671985,62.540000915527344,test
2023-05-16,62.540000915527344,3.54,62.9900016784668,827066.9,59.445139687468696,64.5999984741211,test
2023-05-17,64.5999984741211,3.57,62.540000915527344,826730.85,59.49096862924188,64.04000091552734,test
2023-05-18,64.04000091552734,3.65,64.5999984741211,826394.8,59.658988161251266,63.900001525878906,test
2023-05-19,63.900001525878906,3.7,64.04000091552734,826058.75,59.66444480181717,63.90999984741211,test
2023-05-22,63.90999984741211,3.72,63.900001525878906,825322.05,59.76630007115477,64.87000274658203,test
2023-05-23,64.87000274658203,3.7,63.90999984741211,824585.35,60.14150020604852,65.66000366210938,test
2023-05-24,65.66000366210938,3.73,64.87000274658203,823848.65,60.35836840035915,64.08999633789062,test
2023-05-25,64.08999633789062,3.83,65.66000366210938,823111.95,60.344905244228734,64.80000305175781,test
2023-05-26,64.80000305175781,3.8,64.08999633789062,822375.25,60.36997118255593,62.29999923706055,test
2023-05-30,62.29999923706055,3.69,64.80000305175781,821901.35,60.65269521526818,60.630001068115234,test
2023-05-31,60.630001068115234,3.64,62.29999923706055,821427.45,60.697384820810704,62.54999923706055,test
2023-06-01,62.54999923706055,3.61,60.630001068115234,820953.55,60.30072034698413,64.1500015258789,test
2023-06-02,64.1500015258789,3.69,62.54999923706055,820479.65,60.735956401969815,64.02999877929688,test
2023-06-05,64.02999877929688,3.69,64.1500015258789,819889.8,61.22802867189725,63.790000915527344,test
2023-06-06,63.790000915527344,3.7,64.02999877929688,819298.6,61.29025422107156,64.70999908447266,test
2023-06-07,64.70999908447266,3.79,63.790000915527344,818707.4,61.28085747344876,63.459999084472656,test
2023-06-08,63.459999084472656,3.73,64.70999908447266,818116.2,61.288726375769976,62.93000030517578,test
2023-06-09,62.93000030517578,3.75,63.459999084472656,817525.0,61.26581983475941,60.2400016784668,test
2023-06-12,60.2400016784668,3.73,62.93000030517578,817235.65,61.23499567351659,62.13999938964844,test
2023-06-13,62.13999938964844,3.84,60.2400016784668,816815.7,60.78050215399741,61.83000183105469,test
2023-06-14,61.83000183105469,3.83,62.13999938964844,816395.75,60.67811904240424,63.40999984741211,test
2023-06-15,63.40999984741211,3.72,61.83000183105469,815975.8,60.575663849610095,64.3499984741211,test
2023-06-16,64.3499984741211,3.77,63.40999984741211,815555.85,60.5695830460307,64.3499984741211,test
2023-06-19,64.3499984741211,3.77,64.3499984741211,814858.4,60.566161293471886,63.91999816894531,test
2023-08-02,71.4800033569336,4.08,72.95999908447266,801074.6,63.3277240091981,73.13999938964844,test
2023-08-03,73.13999938964844,4.2,71.4800033569336,800434.05,63.88626091781934,73.79000091552734,test
2023-08-04,73.79000091552734,4.05,73.13999938964844,799793.5,64.48011588534571,73.81999969482422,test
2023-08-07,73.81999969482422,4.09,73.79000091552734,799218.0,64.81804361220244,74.05999755859375,test
2023-08-08,74.05999755859375,4.02,73.81999969482422,798642.5,65.36174956233911,75.0999984741211,test
2023-08-09,75.0999984741211,4.0,74.05999755859375,798067.0,65.67912288483292,74.19999694824219,test
2023-08-10,74.19999694824219,4.09,75.0999984741211,797491.5,65.82993819724534,74.25,test
2023-08-11,74.25,4.16,74.19999694824219,796916.0,65.97192431235139,73.80999755859375,test
2023-08-14,73.80999755859375,4.19,74.25,796107.85,66.4580985559646,72.62000274658203,test
2023-08-15,72.62000274658203,4.21,73.80999755859375,795299.7,67.30451469421807,71.37000274658203,test
2023-08-16,71.37000274658203,4.28,72.62000274658203,794491.55,67.9257128572563,71.9800033569336,test
2023-08-17,71.9800033569336,4.3,71.37000274658203,793683.4,68.64096102513571,72.79000091552734,test
2023-08-18,72.79000091552734,4.26,71.9800033569336,792875.25,69.42650003924828,72.58000183105469,test
2023-08-21,72.58000183105469,4.34,72.79000091552734,791820.1,70.10267832262781,72.27999877929688,test
2023-08-22,72.27999877929688,4.34,72.58000183105469,790764.95,70.37613575498423,71.36000061035156,test
2023-08-23,71.36000061035156,4.19,72.27999877929688,789709.8,70.54366429406711,71.41000366210938,test
2023-08-24,71.41000366210938,4.23,71.36000061035156,788654.65,70.70090814611677,72.44999694824219,test
2023-08-25,72.44999694824219,4.25,71.41000366210938,787599.5,70.69706915161757,72.41000366210938,test
2023-08-28,72.41000366210938,4.2,72.44999694824219,786897.3,70.73748245342492,73.31999969482422,test
2023-08-29,73.31999969482422,4.12,72.41000366210938,786195.1,70.69060186895554,73.66000366210938,test
2023-08-30,73.66000366210938,4.12,73.31999969482422,785492.9,70.70042697941716,75.05999755859375,test
2023-08-31,75.05999755859375,4.09,73.66000366210938,784790.7,70.89312236425125,76.91999816894531,test
2023-09-01,76.91999816894531,4.18,75.05999755859375,784088.5,70.80128686585557,76.91999816894531,test
2023-09-04,76.91999816894531,4.18,76.91999816894531,782768.55,70.4079695261087,77.76000213623047,test
2023-10-03,79.93000030517578,4.81,79.38999938964844,768624.6,77.32985491423645,75.58999633789062,test
2023-10-04,75.58999633789062,4.73,79.93000030517578,768542.9,77.66704661908501,73.98999786376953,test
2023-10-05,73.98999786376953,4.72,75.58999633789062,768461.2,76.8595833960361,74.16000366210938,test
2023-10-06,74.16000366210938,4.78,73.98999786376953,768379.5,75.75217040210678,77.12999725341797,test
2023-10-09,77.12999725341797,4.78,74.16000366210938,768594.05,74.85326106829969,76.70999908447266,test
2023-10-10,76.70999908447266,4.66,77.12999725341797,768808.6,74.68905960372317,75.66999816894531,test
2023-10-11,75.66999816894531,4.58,76.70999908447266,769023.15,74.36993800390458,75.41999816894531,test
2023-10-12,75.41999816894531,4.7,75.66999816894531,769237.7,73.89452975455993,78.98999786376953,test
2023-10-13,78.98999786376953,4.63,75.41999816894531,769452.25,73.41858615351909,78.38999938964844,test
2023-10-16,78.38999938964844,4.71,78.98999786376953,769519.05,73.40840569123012,78.80000305175781,test
2023-10-17,78.80000305175781,4.83,78.38999938964844,769585.85,73.38767752429874,79.83999633789062,test
2023-10-18,79.83999633789062,4.91,78.80000305175781,769652.65,73.41301213255572,81.68000030517578,test
2023-10-19,81.68000030517578,4.98,79.83999633789062,769719.45,73.41509520697795,80.69999694824219,test
2023-10-20,80.69999694824219,4.93,81.68000030517578,769786.25,73.35431937301723,78.88999938964844,test
2023-10-23,78.88999938964844,4.86,80.69999694824219,770042.6,73.35220451084055,76.93000030517578,test
2023-10-24,76.93000030517578,4.83,78.88999938964844,770298.95,73.33884568840553,78.45999908447266,test
2023-10-25,78.45999908447266,4.95,76.93000030517578,770555.3,73.2099732814592,76.88999938964844,test
2023-10-26,76.88999938964844,4.86,78.45999908447266,770811.65,73.44487774848949,78.36000061035156,test
2023-10-27,78.36000061035156,4.84,76.88999938964844,771068.0,73.4671945438135,76.05000305175781,test
2023-10-30,76.05000305175781,4.88,78.36000061035156,771459.2,73.55422007563563,75.0199966430664,test
2023-10-31,75.0199966430664,4.88,76.05000305175781,771850.4,73.38846404033612,74.75,test
2023-11-01,74.75,4.77,75.0199966430664,772241.6,73.13535291217914,76.18000030517578,test
2023-11-02,76.18000030517578,4.67,74.75,772632.8,73.00304383749757,74.8499984741211,test
2023-11-03,74.8499984741211,4.57,76.18000030517578,773024.0,73.36554016173694,74.91000366210938,test
2023-11-06,74.91000366210938,4.67,74.8499984741211,773600.15,73.5067955736554,71.80000305175781,test
2023-11-07,71.80000305175781,4.58,74.91000366210938,774176.3,73.23347831091569,70.19000244140625,test
2023-11-08,70.19000244140625,4.49,71.80000305175781,774752.45,72.29749529812042,70.25,test
2023-11-09,70.25,4.62,70.19000244140625,775328.6,71.13521347880906,71.79000091552734,test
2023-11-10,71.79000091552734,4.61,70.25,775904.75,70.17890667171076,72.91999816894531,test
2023-11-13,72.91999816894531,4.63,71.79000091552734,776885.05,69.58086939973012,72.69000244140625,test
2023-11-14,72.69000244140625,4.44,72.91999816894531,777865.35,69.23085678157406,71.33999633789062,test
2023-11-15,71.33999633789062,4.53,72.69000244140625,778845.65,68.91290141155338,68.05000305175781,test
2023-11-16,68.05000305175781,4.45,71.33999633789062,779825.95,68.52648209543926,70.75,test
2023-11-17,70.75,4.44,68.05000305175781,780806.25,67.83354644229031,72.30000305175781,test
2023-11-20,72.30000305175781,4.42,70.75,782152.95,67.79541592117742,72.52999877929688,test
2023-11-21,72.52999877929688,4.41,72.30000305175781,783499.65,67.8563582035093,71.61000061035156,test
2023-11-22,71.61000061035156,4.42,72.52999877929688,784846.35,67.81526678842474,71.61000061035156,test
2023-11-23,71.61000061035156,4.42,71.61000061035156,786193.05,67.92203048318152,70.81999969482422,test
2023-12-22,68.69000244140625,3.9,69.02999877929688,796776.25,63.58218614932255,70.20999908447266,test
2023-12-26,70.20999908447266,3.89,68.69000244140625,796208.75,63.64605599435531,68.91999816894531,test
2023-12-27,68.91999816894531,3.79,70.20999908447266,795641.25,63.63369432067924,67.18000030517578,test
2023-12-28,67.18000030517578,3.84,68.91999816894531,795073.75,63.76202075752963,66.6500015258789,test
2023-12-29,66.6500015258789,3.88,67.18000030517578,794506.25,64.10301246928142,65.7699966430664,test
2024-01-02,65.7699966430664,3.95,66.6500015258789,793716.35,64.10816438656424,68.19000244140625,test
2024-01-03,68.19000244140625,3.91,65.7699966430664,793141.6,63.962361667938026,67.56999969482422,test
2024-01-04,67.56999969482422,3.99,68.19000244140625,792566.85,63.96692556632005,69.02999877929688,test
2024-01-05,69.02999877929688,4.05,67.56999969482422,791992.1,63.96661485094302,66.4000015258789,test
2024-01-08,66.4000015258789,4.01,69.02999877929688,791514.55,64.31560931517176,67.38999938964844,test
2024-01-09,67.38999938964844,4.02,66.4000015258789,791037.0,64.53510545854532,66.55999755859375,test
2024-01-10,66.55999755859375,4.04,67.38999938964844,790772.65,64.6152957938412,67.6500015258789,test
2024-01-11,67.6500015258789,3.98,66.55999755859375,790508.3,64.58788590667635,68.0199966430664,test
2024-01-12,68.0199966430664,3.96,67.6500015258789,790243.95,65.20160373922101,68.0199966430664,test
2024-01-15,68.0199966430664,3.96,68.0199966430664,789884.8,65.60480558874127,67.25,test
2024-02-13,72.6500015258789,4.31,72.11000061035156,783134.2,66.46125151698772,71.55000305175781,test
2024-02-14,71.55000305175781,4.27,72.6500015258789,783769.8,66.82669630633248,72.83999633789062,test
2024-02-15,72.83999633789062,4.24,71.55000305175781,784405.4,67.16727262948322,73.41000366210938,test
2024-02-16,73.41000366210938,4.3,72.83999633789062,785041.0,67.28977365349189,73.41000366210938,test
2024-02-19,73.41000366210938,4.3,73.41000366210938,786305.35,67.45227593329608,72.41999816894531,test
2024-03-19,78.43000030517578,4.3,77.9800033569336,807470.3,71.20085224568642,77.25,test
2024-03-20,77.25,4.27,78.43000030517578,807713.95,71.02171622962274,76.81999969482422,test
2024-03-21,76.81999969482422,4.27,77.25,807957.6,71.0431897724163,76.68000030517578,test
2024-03-22,76.68000030517578,4.22,76.81999969482422,808201.25,71.1029603957666,77.76000213623047,test
2024-03-25,77.76000213623047,4.25,76.68000030517578,808393.25,71.50153337044456,77.29000091552734,test
2024-03-26,77.29000091552734,4.24,77.76000213623047,808585.25,71.70245642776219,77.51000213623047,test
2024-03-27,77.51000213623047,4.2,77.29000091552734,808777.25,71.8247445911099,78.7300033569336,test
2024-03-28,78.7300033569336,4.2,77.51000213623047,808969.25,72.00642373919572,79.66999816894531,test
2024-04-01,79.66999816894531,4.33,78.7300033569336,809161.25,72.18044972375051,80.79000091552734,test
2024-04-02,80.79000091552734,4.36,79.66999816894531,809439.65,72.0764872650042,81.25,test
2024-04-03,81.25,4.36,80.79000091552734,809718.05,72.03674889472221,82.2699966430664,test
2024-04-04,82.2699966430664,4.31,81.25,809996.45,72.17138769992157,82.4000015258789,test
2024-04-05,82.4000015258789,4.39,82.2699966430664,810274.85,72.13456475027513,82.19999694824219,test
2024-04-08,82.19999694824219,4.42,82.4000015258789,810875.05,72.256012768129,81.1500015258789,test
2024-04-09,81.1500015258789,4.36,82.19999694824219,811522.25,72.72745326956118,82.08999633789062,test
2024-04-10,82.08999633789062,4.55,81.1500015258789,812169.45,73.37382243900149,81.55000305175781,test
2024-04-11,81.55000305175781,4.56,82.08999633789062,812816.65,74.17105937797997,81.52999877929688,test
2024-04-12,81.52999877929688,4.5,81.55000305175781,813463.85,74.7122202216218,81.6500015258789,test
2024-04-15,81.6500015258789,4.63,81.52999877929688,814280.2,75.0820055933465,81.33000183105469,test
2024-04-16,81.33000183105469,4.67,81.6500015258789,815156.65,75.5105332902243,78.91000366210938,test
2024-04-17,78.91000366210938,4.59,81.33000183105469,816033.1,75.70787408325553,78.77999877929688,test
2024-04-18,78.77999877929688,4.64,78.91000366210938,816909.55,75.76221825099387,78.8499984741211,test
2024-04-19,78.8499984741211,4.62,78.77999877929688,817786.0,75.99299263666964,78.77999877929688,test
2024-04-22,78.77999877929688,4.62,78.8499984741211,818383.7,76.33910100566756,79.9800033569336,test
2024-04-23,79.9800033569336,4.61,78.77999877929688,818785.95,76.74137265825573,79.63999938964844,test
2024-04-24,79.63999938964844,4.65,79.9800033569336,819188.2,77.04700514759607,80.44000244140625,test
2024-04-25,80.44000244140625,4.7,79.63999938964844,819590.45,77.46883210178174,80.38999938964844,test
2024-04-26,80.38999938964844,4.67,80.44000244140625,819992.7,77.95535405020635,79.5,test
2024-04-29,79.5,4.63,80.38999938964844,820787.9,78.18531169854411,78.37999725341797,test
2024-04-30,78.37999725341797,4.69,79.5,821393.05,78.16119243354123,75.93000030517578,test
2024-05-01,75.93000030517578,4.63,78.37999725341797,821998.2,77.84091527111264,75.93000030517578,test
2024-05-02,75.93000030517578,4.58,75.93000030517578,822603.35,76.90246894629996,75.12999725341797,test
2024-05-03,75.12999725341797,4.5,75.93000030517578,823208.5,76.20150477496331,75.66000366210938,test
2024-05-06,75.66000366210938,4.49,75.12999725341797,823471.1,75.44297751977238,75.5,test
2024-05-07,75.5,4.47,75.66000366210938,823733.7,74.94951558750407,76.11000061035156,test
2024-05-08,76.11000061035156,4.48,75.5,823996.3,74.44898776279926,76.5199966430664,test
2024-05-09,76.5199966430664,4.45,76.11000061035156,824258.9,74.22027966623742,75.30000305175781,test
2024-05-10,75.30000305175781,4.5,76.5199966430664,824521.5,74.07945342482992,76.12999725341797,test
2024-05-13,76.12999725341797,4.48,75.30000305175781,824519.2,73.80527553961869,75.20999908447266,test
2024-05-14,75.20999908447266,4.45,76.12999725341797,824516.9,73.77581438063368,75.87999725341797,test
2024-05-15,75.87999725341797,4.36,75.20999908447266,824514.6,73.65164952439982,76.25,test
2024-05-16,76.25,4.38,75.87999725341797,824512.3,73.48664425141969,76.97000122070312,test
2024-05-17,76.97000122070312,4.42,76.25,824510.0,73.38419457239823,76.7300033569336,test
2024-05-20,76.7300033569336,4.44,76.97000122070312,824927.35,73.36013943913808,76.16000366210938,test
2024-05-21,76.16000366210938,4.41,76.7300033569336,825344.7,73.32886171353799,74.87000274658203,test
2024-05-22,74.87000274658203,4.43,76.16000366210938,825762.05,73.37858661807542,74.44999694824219,test
2024-05-23,74.44999694824219,4.47,74.87000274658203,826179.4,73.28209961194818,75.3499984741211,test
2024-05-24,75.3499984741211,4.46,74.44999694824219,826596.75,73.35744822050069,77.66000366210938,test
2024-05-28,77.66000366210938,4.54,75.3499984741211,826437.6,73.76082591847036,76.56999969482422,test
2024-05-29,76.56999969482422,4.61,77.66000366210938,826278.45,74.13414270379816,75.52999877929688,test
2024-05-30,75.52999877929688,4.55,76.56999969482422,826119.3,74.38258303157198,74.81999969482422,test
2024-05-31,74.81999969482422,4.51,75.52999877929688,825960.15,74.35297195022856,71.83000183105469,test
2024-06-03,71.83000183105469,4.41,74.81999969482422,825907.55,74.22454685899689,71.08999633789062,test
2024-06-04,71.08999633789062,4.33,71.83000183105469,825875.7,73.2720413146255,71.88999938964844,test
2024-06-05,71.88999938964844,4.29,71.08999633789062,825843.85,72.28737631443411,73.26000213623047,test
2024-06-06,73.26000213623047,4.28,71.88999938964844,825812.0,71.72973593239675,73.0199966430664,test
2024-06-07,73.0199966430664,4.43,73.26000213623047,825780.15,71.50177926838441,75.45999908447266,test
2024-06-10,75.45999908447266,4.47,73.0199966430664,825951.75,71.2730590620631,75.51000213623047,test
2024-06-11,75.51000213623047,4.39,75.45999908447266,826219.1,71.27714313936467,75.9800033569336,test
2024-06-12,75.9800033569336,4.31,75.51000213623047,826486.45,71.27745919187946,75.73999786376953,test
2024-06-13,75.73999786376953,4.24,75.9800033569336,826753.8,71.2871780636457,76.08000183105469,test
2024-06-14,76.08000183105469,4.2,75.73999786376953,827021.15,71.28699401573154,77.79000091552734,test
2024-06-17,77.79000091552734,4.28,76.08000183105469,827180.45,71.290334806686,78.66999816894531,test
2024-06-18,78.66999816894531,4.22,77.79000091552734,827198.85,71.21927427997016,78.66999816894531,test
2024-06-19,78.66999816894531,4.22,78.66999816894531,827217.25,71.03816304613238,79.41000366210938,test
2024-08-02,73.38999938964844,3.8,76.29000091552734,812789.75,74.29252644141101,73.22000122070312,test
2024-08-05,73.22000122070312,3.78,73.38999938964844,812139.05,73.54679207522861,72.44999694824219,test
2024-08-06,72.44999694824219,3.9,73.22000122070312,811488.35,72.84321302596727,74.69000244140625,test
2024-08-07,74.69000244140625,3.96,72.44999694824219,810837.65,72.04907075599947,75.36000061035156,test
2024-08-08,75.36000061035156,3.99,74.69000244140625,810186.95,71.85102073280342,76.22000122070312,test
2024-08-09,76.22000122070312,3.94,75.36000061035156,809536.25,71.86096655660873,78.62999725341797,test
2024-08-12,78.62999725341797,3.9,76.22000122070312,809199.1,71.93846011361677,77.63999938964844,test
2024-08-13,77.63999938964844,3.85,78.62999725341797,808861.95,72.06103895810111,76.58999633789062,test
2024-08-14,76.58999633789062,3.83,77.63999938964844,808524.8,72.11968579936647,77.41000366210938,test
2024-08-15,77.41000366210938,3.92,76.58999633789062,808187.65,72.39530839762146,76.31999969482422,test
2024-08-16,76.31999969482422,3.89,77.41000366210938,807850.5,72.63006904593821,74.37999725341797,test
2024-08-19,74.37999725341797,3.86,76.31999969482422,807465.25,72.66097167051673,73.83000183105469,test
2024-08-20,73.83000183105469,3.82,74.37999725341797,807080.0,72.51325471001815,72.5999984741211,test
2024-08-21,72.5999984741211,3.79,73.83000183105469,806694.75,72.277548348718,73.58000183105469,test
2024-08-22,73.58000183105469,3.86,72.5999984741211,806309.5,71.84217984905646,75.55000305175781,test
2024-08-23,75.55000305175781,3.81,73.58000183105469,805924.25,71.67463403733224,77.83000183105469,test
2024-08-26,77.83000183105469,3.82,75.55000305175781,805671.5,71.66418036284695,76.48999786376953,test
2024-08-27,76.48999786376953,3.83,77.83000183105469,805418.75,71.62090277077051,75.4800033569336,test
2024-08-28,75.4800033569336,3.84,76.48999786376953,805166.0,71.72068278560957,76.7699966430664,test
2024-08-29,76.7699966430664,3.87,75.4800033569336,804913.25,71.75570244641064,74.33999633789062,test
2024-08-30,74.33999633789062,3.91,76.7699966430664,804660.5,71.74874250234026,74.33999633789062,test
2024-09-02,74.33999633789062,3.91,74.33999633789062,804301.9,71.88332712953317,71.08999633789062,test
2024-10-01,72.11000061035156,3.74,69.91999816894531,797682.7,67.09217192577611,72.76000213623047,test
2024-10-02,72.76000213623047,3.79,72.11000061035156,797757.8,67.06982921920739,75.7300033569336,test
2024-10-03,75.7300033569336,3.85,72.76000213623047,797832.9,67.10653529159124,76.3499984741211,test
2024-10-04,76.3499984741211,3.98,75.7300033569336,797908.0,66.7498401670928,79.19999694824219,test
2024-10-07,79.19999694824219,4.03,76.3499984741211,798236.85,66.5829820749619,75.79000091552734,test
2024-10-08,75.79000091552734,4.04,79.19999694824219,798565.7,66.0075319101031,75.25,test
2024-10-09,75.25,4.06,75.79000091552734,798894.55,66.65775048660547,77.7699966430664,test
2024-10-10,77.7699966430664,4.09,75.25,799223.4,67.27593809504647,77.48999786376953,test
2024-10-11,77.48999786376953,4.08,77.7699966430664,799552.25,67.35846794233562,75.93000030517578,test
2024-10-14,75.93000030517578,4.08,77.48999786376953,799867.9,67.60655221211468,72.76000213623047,test
2024-10-15,72.76000213623047,4.03,75.93000030517578,800183.55,67.87772759781203,72.4000015258789,test
2024-10-16,72.4000015258789,4.02,72.76000213623047,800499.2,67.98395166252425,72.62000274658203,test
2024-10-17,72.62000274658203,4.09,72.4000015258789,800814.85,68.21398866967739,71.37999725341797,test
2024-10-18,71.37999725341797,4.08,72.62000274658203,801130.5,68.20215693017262,72.26000213623047,test
2024-10-21,72.26000213623047,4.19,71.37999725341797,801917.05,68.03402250846705,73.9800033569336,test
2024-10-22,73.9800033569336,4.2,72.26000213623047,802703.6,68.03505642594779,73.55000305175781,test
2024-10-23,73.55000305175781,4.24,73.9800033569336,803490.15,68.07137469419237,73.05999755859375,test
2024-10-24,73.05999755859375,4.21,73.55000305175781,804276.7,68.27286155999091,74.2300033569336,test
2024-10-25,74.2300033569336,4.25,73.05999755859375,805063.25,68.9388126249078,70.43000030517578,test
2024-10-28,70.43000030517578,4.28,74.2300033569336,805656.05,69.45429838234158,69.66000366210938,test
2024-10-29,69.66000366210938,4.28,70.43000030517578,806248.85,69.57213416940834,71.36000061035156,test
2024-10-30,71.36000061035156,4.29,69.66000366210938,806841.65,69.09845208013816,73.08000183105469,test
2024-10-31,73.08000183105469,4.28,71.36000061035156,807434.45,68.91062577381025,72.0199966430664,test
2024-11-01,72.0199966430664,4.37,73.08000183105469,808027.25,68.82287613396302,74.29000091552734,test
2024-11-04,74.29000091552734,4.31,72.0199966430664,808487.75,68.67211412454304,74.7300033569336,test
2024-11-05,74.7300033569336,4.26,74.29000091552734,808948.25,69.12220481127333,74.54000091552734,test
2024-11-06,74.54000091552734,4.42,74.7300033569336,809408.75,69.16379756755057,74.66000366210938,test
2024-11-07,74.66000366210938,4.31,74.54000091552734,809869.25,69.18140982180684,73.12999725341797,test
2024-11-08,73.12999725341797,4.3,74.66000366210938,810329.75,69.50869958392711,70.94000244140625,test
2024-11-11,70.94000244140625,4.3,73.12999725341797,810985.0,69.88088136515906,70.69000244140625,test
2024-11-12,70.69000244140625,4.43,70.94000244140625,811640.25,69.8244886888414,70.7300033569336,test
2024-11-13,70.7300033569336,4.44,70.69000244140625,812295.5,69.5790531801177,71.29000091552734,test
2024-11-14,71.29000091552734,4.43,70.7300033569336,812950.75,69.37831623810821,69.75,test
2024-11-15,69.75,4.43,71.29000091552734,813606.0,69.26139445399401,72.06999969482422,test
2024-11-18,72.06999969482422,4.42,69.75,814046.8,68.98502274226833,72.30999755859375,test
2024-11-19,72.30999755859375,4.39,72.06999969482422,814487.6,68.97262046664142,72.0199966430664,test
2024-11-20,72.0199966430664,4.41,72.30999755859375,814928.4,68.96957151540055,73.19999694824219,test
2024-11-21,73.19999694824219,4.43,72.0199966430664,815369.2,68.94113484715713,74.25,test
2024-11-22,74.25,4.41,73.19999694824219,815810.0,68.94033103660989,72.0999984741211,test
2024-11-25,72.0999984741211,4.27,74.25,816183.5,68.93881443810342,71.61000061035156,test
2024-11-26,71.61000061035156,4.3,72.0999984741211,816557.0,69.13375296026166,71.72000122070312,test
2024-11-27,71.72000122070312,4.25,71.61000061035156,816930.5,69.4643284653222,71.72000122070312,test
2024-11-28,71.72000122070312,4.25,71.72000122070312,817304.0,69.50554454055633,71.61000061035156,test
2024-12-30,74.81999969482422,4.55,73.8499984741211,813408.6,70.38806000405401,75.55000305175781,test
2024-12-31,75.55000305175781,4.58,74.81999969482422,813108.05,70.38975251256086,76.93000030517578,test
2025-01-02,76.93000030517578,4.57,75.55000305175781,812807.5,70.45064729046466,77.91999816894531,test
2025-01-03,77.91999816894531,4.6,76.93000030517578,812506.95,70.0900104835389,77.30000305175781,test
2025-01-06,77.30000305175781,4.62,77.91999816894531,812170.8,69.8012994360923,78.16999816894531,test
2025-01-07,78.16999816894531,4.67,77.30000305175781,811834.65,69.84746189743461,77.30000305175781,test
2025-01-08,77.30000305175781,4.67,78.16999816894531,811533.55,70.14490113023962,77.30000305175781,test
2025-01-09,77.30000305175781,4.68,77.30000305175781,811232.45,70.47900616648135,80.63999938964844,test
2025-03-18,72.20999908447266,4.29,72.70999908447266,828797.25,69.40153591272622,72.41999816894531,test
2025-03-19,72.41999816894531,4.25,72.20999908447266,829048.5,69.38934413225523,73.7300033569336,test
2025-03-20,73.7300033569336,4.24,72.41999816894531,829299.75,69.5569604851198,73.79000091552734,test
2025-03-21,73.79000091552734,4.25,73.7300033569336,829551.0,70.00458715779129,74.87999725341797,test
2025-03-24,74.87999725341797,4.34,73.79000091552734,829766.1,70.09806175404216,74.81999969482422,test
2025-03-25,74.81999969482422,4.31,74.87999725341797,829981.2,70.24747854750326,75.41999816894531,test
2025-03-26,75.41999816894531,4.35,74.81999969482422,830196.3,70.20019845386416,75.4800033569336,test
2025-03-27,75.4800033569336,4.38,75.41999816894531,830411.4,70.08946941173213,74.7699966430664,test
2025-03-28,74.7699966430664,4.27,75.4800033569336,830626.5,70.06632091048988,77.33000183105469,test
2025-03-31,77.33000183105469,4.23,74.7699966430664,830983.4,70.10662289409169,77.08000183105469,test
2025-04-01,77.08000183105469,4.17,77.33000183105469,831340.3,69.72902400656673,77.73999786376953,test
2025-04-02,77.73999786376953,4.2,77.08000183105469,831697.2,69.51563146866022,72.25,test
2025-04-03,72.25,4.06,77.73999786376953,832054.1,69.50235584402729,67.91999816894531,test
2025-04-04,67.91999816894531,4.01,72.25,832411.0,69.67537101606024,65.9800033569336,test
2025-04-07,65.9800033569336,4.15,67.91999816894531,832823.2,68.7449546458299,63.34000015258789,test
2025-04-08,63.34000015258789,4.26,65.9800033569336,833235.4,67.52412712694388,67.58000183105469,test
2025-04-09,67.58000183105469,4.34,63.34000015258789,833647.6,65.62491169273916,65.31999969482422,test
2025-04-10,65.31999969482422,4.4,67.58000183105469,834059.8,64.98150567702687,66.45999908447266,test
2025-04-11,66.45999908447266,4.48,65.31999969482422,834472.0,63.99839054640847,66.66000366210938,test
2025-04-14,66.66000366210938,4.38,66.45999908447266,834823.9,63.30117524219287,66.4800033569336,test
2025-04-15,66.4800033569336,4.35,66.66000366210938,835175.8,62.68090494949203,67.75,test
2025-04-16,67.75,4.29,66.4800033569336,835527.7,62.097518266638104,69.4800033569336,test
2025-04-17,69.4800033569336,4.34,67.75,835879.6,61.731688173092294,68.62000274658203,test
2025-04-21,68.62000274658203,4.42,69.4800033569336,836231.5,61.563736440668436,69.37000274658203,test
2025-04-22,69.37000274658203,4.41,68.62000274658203,836771.75,61.34070098088972,68.05000305175781,test
2025-04-23,68.05000305175781,4.4,69.37000274658203,837312.0,61.25095537167935,68.45999908447266,test
2025-04-24,68.45999908447266,4.32,68.05000305175781,837852.25,61.085534190274075,69.02999877929688,test
2025-04-25,69.02999877929688,4.29,68.45999908447266,838392.5,61.05995813258003,67.76000213623047,test
2025-04-28,67.76000213623047,4.23,69.02999877929688,838851.2,61.152572181764256,65.8499984741211,test
2025-04-29,65.8499984741211,4.19,67.76000213623047,838987.4,61.15622986958278,63.560001373291016,test
2025-04-30,63.560001373291016,4.17,65.8499984741211,839123.6,61.462153017298974,64.5199966430664,test
2025-05-01,64.5199966430664,4.25,63.560001373291016,839259.8,61.684903408099395,64.01000213623047,test
2025-05-02,64.01000213623047,4.33,64.5199966430664,839396.0,62.920496857493724,62.369998931884766,test
2025-05-05,62.369998931884766,4.36,64.01000213623047,839459.6,62.984044409927066,64.5999984741211,test
2025-05-06,64.5999984741211,4.3,62.369998931884766,839381.75,62.26582149089347,63.5099983215332,test
2025-05-07,63.5099983215332,4.26,64.5999984741211,839303.9,62.11534389500296,65.5999984741211,test
2025-05-08,65.5999984741211,4.37,63.5099983215332,839226.05,62.14896082129087,66.61000061035156,test
2025-05-09,66.61000061035156,4.37,65.5999984741211,839148.2,62.06614183556954,67.5999984741211,test
2025-05-12,67.5999984741211,4.45,66.61000061035156,839269.45,62.15849296124254,69.58999633789062,test
2025-05-13,69.58999633789062,4.49,67.5999984741211,839350.0,62.18397561582731,68.7300033569336,test
2025-05-14,68.7300033569336,4.53,69.58999633789062,839430.55,62.11311163570938,67.58999633789062,test
2025-05-15,67.58999633789062,4.45,68.7300033569336,839511.1,62.1316227077392,68.0999984741211,test
2025-05-16,68.0999984741211,4.43,67.58999633789062,839591.65,62.13033613776583,68.51000213623047,test
2025-05-19,68.51000213623047,4.46,68.0999984741211,839780.75,62.19412045791958,68.66000366210938,test
2025-05-20,68.66000366210938,4.48,68.51000213623047,839934.25,62.19840217781628,67.58999633789062,test
2025-05-21,67.58999633789062,4.58,68.66000366210938,840087.75,62.242540660394376,67.13999938964844,test
2025-05-22,67.13999938964844,4.54,67.58999633789062,840241.25,62.245985948427936,67.98999786376953,test
2025-05-23,67.98999786376953,4.51,67.13999938964844,840394.75,62.258364746015985,67.27999877929688,test
2025-05-27,67.27999877929688,4.43,67.98999786376953,840531.05,62.309178941785966,67.88999938964844,test
2025-05-28,67.88999938964844,4.47,67.27999877929688,840667.35,62.310304353359896,67.19000244140625,test
2025-05-29,67.19000244140625,4.43,67.88999938964844,840803.65,62.376481588889966,67.1500015258789,test
2025-05-30,67.1500015258789,4.41,67.19000244140625,840939.95,62.79956139059006,69.55000305175781,test
2025-06-02,69.55000305175781,4.46,67.1500015258789,840886.5,63.07143403543722,69.88999938964844,test
2025-06-03,69.88999938964844,4.46,69.55000305175781,840905.65,63.42379118944972,69.33999633789062,test
2025-06-04,69.33999633789062,4.37,69.88999938964844,840924.8,64.3583344608462,69.93000030517578,test
2025-06-05,69.93000030517578,4.4,69.33999633789062,840943.95,64.81875479242638,71.37999725341797,test
2025-06-06,71.37999725341797,4.51,69.93000030517578,840963.1,65.76084175587638,72.05000305175781,test
2025-06-09,72.05000305175781,4.49,71.37999725341797,840811.9,65.92353273103994,71.5999984741211,test
2025-06-10,71.5999984741211,4.47,72.05000305175781,840461.6,65.84446270252946,74.81999969482422,test
2025-06-11,74.81999969482422,4.41,71.5999984741211,840111.3,65.80264741811433,75.05000305175781,test
2025-06-12,75.05000305175781,4.36,74.81999969482422,839761.0,65.06736498234,80.22000122070312,test
2025-06-13,80.22000122070312,4.41,75.05000305175781,839410.7,64.6008417711027,78.58999633789062,test
2025-06-16,78.58999633789062,4.46,80.22000122070312,838498.25,63.324026455801366,82.30000305175781,test
2025-06-17,82.30000305175781,4.39,78.58999633789062,837477.25,62.923977329887364,82.2699966430664,test
2025-06-18,82.2699966430664,4.38,82.30000305175781,836456.25,62.07544001049428,82.2699966430664,test
2025-06-19,82.2699966430664,4.38,82.2699966430664,835435.25,61.62839613033549,83.12000274658203,test
2025-08-04,76.11000061035156,4.22,77.45999908447266,826084.95,73.26614014036157,75.0199966430664,test
2025-08-05,75.0199966430664,4.22,76.11000061035156,825965.65,73.23924978907934,73.79000091552734,test
2025-08-06,73.79000091552734,4.22,75.0199966430664,825846.35,73.06950561849328,73.41999816894531,test
2025-08-07,73.41999816894531,4.23,73.79000091552734,825727.05,72.7066979833379,73.30000305175781,test
2025-08-08,73.30000305175781,4.27,73.41999816894531,825607.75,72.39585974684313,73.80000305175781,test
2025-08-11,73.80000305175781,4.27,73.30000305175781,825859.5,72.00614100152474,72.94999694824219,test
2025-08-12,72.94999694824219,4.29,73.80000305175781,826111.25,71.7911203492317,72.45999908447266,test
2025-08-13,72.45999908447266,4.24,72.94999694824219,826363.0,71.46780306462037,73.73999786376953,test
2025-08-14,73.73999786376953,4.29,72.45999908447266,826614.75,71.07868027071905,72.80000305175781,test
2025-08-15,72.80000305175781,4.33,73.73999786376953,826866.5,70.87698955365127,73.16999816894531,test
2025-08-18,73.16999816894531,4.34,72.80000305175781,826997.15,70.55800768677263,72.30000305175781,test
2025-08-19,72.30000305175781,4.3,73.16999816894531,827127.8,70.33052034511473,73.5199966430664,test
2025-08-20,73.5199966430664,4.29,72.30000305175781,827258.45,69.99515486114984,74.12999725341797,test
2025-08-21,74.12999725341797,4.33,73.5199966430664,827389.1,69.85318988984957,74.63999938964844,test
2025-08-22,74.63999938964844,4.26,74.12999725341797,827519.75,69.7583250760311,75.75,test
2025-08-25,75.75,4.28,74.63999938964844,827172.8,69.74555110891149,74.05000305175781,test
2025-08-26,74.05000305175781,4.26,75.75,826825.85,69.75955660410736,74.68000030517578,test
2025-08-27,74.68000030517578,4.24,74.05000305175781,826478.9,69.99616723713332,75.23999786376953,test
2025-08-28,75.23999786376953,4.22,74.68000030517578,826131.95,70.77586802135339,74.83999633789062,test
2025-08-29,74.83999633789062,4.23,75.23999786376953,825785.0,71.50536425159709,74.83999633789062,test
2025-09-01,74.83999633789062,4.23,74.83999633789062,825723.95,71.8635901346611,76.76000213623047,test
2025-09-30,73.75,4.16,74.58999633789062,824054.9,71.87598340634844,73.13999938964844,test
2025-10-01,73.13999938964844,4.12,73.75,823946.35,71.89441134110889,71.54000091552734,test
2025-10-02,71.54000091552734,4.1,73.13999938964844,823837.8,71.74940362852841,71.70999908447266,test
2025-10-03,71.70999908447266,4.13,71.54000091552734,823729.25,71.32576775119004,72.87000274658203,test
2025-10-06,72.87000274658203,4.18,71.70999908447266,823598.05,71.14647931329296,73.19999694824219,test
2025-10-07,73.19999694824219,4.14,72.87000274658203,823466.85,71.12341621582532,73.52999877929688,test
2025-10-08,73.52999877929688,4.13,73.19999694824219,823335.65,71.10223815038098,72.51000213623047,test
2025-10-09,72.51000213623047,4.14,73.52999877929688,823204.45,71.03998145065721,69.38999938964844,test
2025-10-10,69.38999938964844,4.05,72.51000213623047,823073.25,70.97029900966537,70.27999877929688,test
2025-10-13,70.27999877929688,4.05,69.38999938964844,823595.3,70.13907049396576,69.0,test
2025-10-14,69.0,4.03,70.27999877929688,824117.35,69.61265805659833,68.98999786376953,test
2025-10-15,68.98999786376953,4.05,69.0,824639.4,68.88344576633403,67.80999755859375,test
2025-10-16,67.80999755859375,3.99,68.98999786376953,825161.45,68.24708760468897,67.9800033569336,test
2025-10-17,67.9800033569336,4.02,67.80999755859375,825683.5,67.42930749976465,67.83000183105469,test
2025-10-20,67.83000183105469,4.0,67.9800033569336,826217.3,66.76064176165488,68.2699966430664,test
2025-10-21,68.2699966430664,3.98,67.83000183105469,826751.1,66.1411144994715,70.62999725341797,test
2025-10-22,70.62999725341797,3.97,68.2699966430664,827284.9,65.72015929907369,73.29000091552734,test
2025-10-23,73.29000091552734,4.01,70.62999725341797,827818.7,65.80296176145683,73.18000030517578,test
2025-10-24,73.18000030517578,4.02,73.29000091552734,828352.5,66.14049929069353,73.12000274658203,test
2025-10-27,73.12000274658203,4.01,73.18000030517578,828443.35,66.57891608970392,71.38999938964844,test
2025-10-28,71.38999938964844,3.99,73.12000274658203,828534.2,66.69219504351166,71.80000305175781,test
2025-10-29,71.80000305175781,4.08,71.38999938964844,828625.05,66.74989102447404,71.70999908447266,test
2025-10-30,71.70999908447266,4.11,71.80000305175781,828715.9,66.78546377142152,72.55999755859375,test
2025-10-31,72.55999755859375,4.11,71.70999908447266,828806.75,66.78786187013996,72.73999786376953,test
2025-11-03,72.73999786376953,4.13,72.55999755859375,828982.6,66.77923201809969,71.93000030517578,test
2025-11-04,71.93000030517578,4.1,72.73999786376953,829158.45,66.78478273522504,71.02999877929688,test
2025-11-05,71.02999877929688,4.17,71.93000030517578,829334.3,66.82739892321835,70.87999725341797,test
2025-11-06,70.87999725341797,4.11,71.02999877929688,829510.15,66.8938464587707,71.26000213623047,test
2025-11-07,71.26000213623047,4.11,70.87999725341797,829686.0,66.89858256679146,71.68000030517578,test
2025-11-10,71.68000030517578,4.13,71.26000213623047,830008.2,67.03512755857734,72.72000122070312,test
2025-11-11,72.72000122070312,4.13,71.68000030517578,830330.4,67.09249108634648,69.79000091552734,test
2025-11-12,69.79000091552734,4.08,72.72000122070312,830652.6,67.2966484690962,69.8499984741211,test
2025-11-13,69.8499984741211,4.11,69.79000091552734,830974.8,67.41255526093364,71.37999725341797,test
2025-11-14,71.37999725341797,4.14,69.8499984741211,831297.0,67.79471345742186,71.30000305175781,test
2025-11-17,71.30000305175781,4.13,71.37999725341797,831481.65,68.31855296084217,72.5,test
2025-11-18,72.5,4.12,71.30000305175781,831666.3,68.98302955163851,70.87999725341797,test
2025-11-19,70.87999725341797,4.13,72.5,831850.95,69.67677822287517,70.1500015258789,test
2025-11-20,70.1500015258789,4.1,70.87999725341797,832035.6,69.71468129263249,69.30000305175781,test
2025-11-21,69.30000305175781,4.06,70.1500015258789,832220.25,69.57366316534103,70.41999816894531,test
2025-11-24,70.41999816894531,4.04,69.30000305175781,832884.75,69.2788054786263,69.25,test
2025-11-25,69.25,4.01,70.41999816894531,833549.25,69.2649928866506,70.04000091552734,test
2025-11-26,70.04000091552734,4.0,69.25,834213.75,68.96653028249497,70.04000091552734,test
2025-11-27,70.04000091552734,4.0,70.04000091552734,834878.25,68.846199606129,71.06999969482422,test
2025-12-29,69.61000061035156,4.12,68.4800033569336,835963.45,66.49918919736135,69.73999786376953,test
2025-12-30,69.73999786376953,4.14,69.61000061035156,835963.45,66.50918018235713,69.73999786376953,test
2025-12-31,69.73999786376953,4.18,69.73999786376953,835963.45,66.53268384536601,69.73999786376953,test
