"Bndidxnme","Bndidxcd","Trddt","Pretrdd","Bchmrkdt","Opnidx","Clsindex","Preclsindx","Hiindex","Loindex","Dlbndtrd","Dnvaltrd","Didexvolt","Dperchg","Dretindex"
"中证10年期国债指数","930916","2016-12-05","","2008-12-31","","130.15","","","","2","","","",""
"中证10年期国债指数","930916","2016-12-06","2016-12-05","2008-12-31","","129.57","130.15","","","1","","","","-0.4403"
"中证10年期国债指数","930916","2016-12-07","2016-12-06","2008-12-31","","129.33","129.57","","","0","","","","-0.1852"
"中证10年期国债指数","930916","2016-12-08","2016-12-07","2008-12-31","","129.19","129.33","","","0","","","","-0.1082"
"中证10年期国债指数","930916","2016-12-09","2016-12-08","2008-12-31","","129.30","129.19","","","4","","","","0.0828"
"中证10年期国债指数","930916","2016-12-12","2016-12-09","2008-12-31","","128.73","129.30","","","4","","","","-0.4416"
"中证10年期国债指数","930916","2016-12-13","2016-12-12","2008-12-31","","128.54","128.73","","","5","","","","-0.1491"
"中证10年期国债指数","930916","2016-12-14","2016-12-13","2008-12-31","","128.23","128.54","","","3","","","","-0.2427"
"中证10年期国债指数","930916","2016-12-15","2016-12-14","2008-12-31","","127.08","128.23","","","0","","","","-0.8922"
"中证10年期国债指数","930916","2016-12-16","2016-12-15","2008-12-31","","127.30","127.08","","","1","","","","0.1739"
"中证10年期国债指数","930916","2016-12-19","2016-12-16","2008-12-31","","127.31","127.30","","","0","","","","0.0016"
"中证10年期国债指数","930916","2016-12-20","2016-12-19","2008-12-31","","126.52","127.31","","","0","","","","-0.6151"
"中证10年期国债指数","930916","2016-12-21","2016-12-20","2008-12-31","","127.22","126.52","","","3","","","","0.5548"
"中证10年期国债指数","930916","2016-12-22","2016-12-21","2008-12-31","","127.91","127.22","","","1","","","","0.5408"
"中证10年期国债指数","930916","2016-12-23","2016-12-22","2008-12-31","","128.37","127.91","","","0","","","","0.3588"
"中证10年期国债指数","930916","2016-12-26","2016-12-23","2008-12-31","","128.66","128.37","","","6","","","","0.2282"
"中证10年期国债指数","930916","2016-12-27","2016-12-26","2008-12-31","","128.65","128.66","","","1","","","","-0.0085"
"中证10年期国债指数","930916","2016-12-28","2016-12-27","2008-12-31","","128.72","128.65","","","0","","","","0.0529"
"中证10年期国债指数","930916","2016-12-29","2016-12-28","2008-12-31","","129.41","128.72","","","0","","","","0.5368"
"中证10年期国债指数","930916","2016-12-30","2016-12-29","2008-12-31","","130.01","129.41","","","0","","","","0.4605"
"中证10年期国债指数","930916","2017-01-03","2016-12-30","2008-12-31","","129.67","130.01","","","0","","","","-0.2592"
"中证10年期国债指数","930916","2017-01-04","2017-01-03","2008-12-31","","128.86","129.67","","","0","","","","-0.6285"
"中证10年期国债指数","930916","2017-01-05","2017-01-04","2008-12-31","","128.08","128.86","","","1","","","","-0.6022"
"中证10年期国债指数","930916","2017-01-06","2017-01-05","2008-12-31","","128.32","128.08","","","0","","","","0.1874"
"中证10年期国债指数","930916","2017-01-09","2017-01-06","2008-12-31","","128.57","128.32","","","0","","","","0.1933"
"中证10年期国债指数","930916","2017-01-10","2017-01-09","2008-12-31","","128.83","128.57","","","0","","","","0.2069"
"中证10年期国债指数","930916","2017-01-11","2017-01-10","2008-12-31","","128.40","128.83","","","0","","","","-0.3400"
"中证10年期国债指数","930916","2017-01-12","2017-01-11","2008-12-31","","128.56","128.40","","","0","","","","0.1277"
"中证10年期国债指数","930916","2017-01-13","2017-01-12","2008-12-31","","128.57","128.56","","","0","","","","0.0078"
"中证10年期国债指数","930916","2017-01-16","2017-01-13","2008-12-31","","128.22","128.57","","","0","","","","-0.2691"
"中证10年期国债指数","930916","2017-01-17","2017-01-16","2008-12-31","","127.69","128.22","","","0","","","","-0.4188"
"中证10年期国债指数","930916","2017-01-18","2017-01-17","2008-12-31","","127.69","127.69","","","0","","","","-0.0016"
"中证10年期国债指数","930916","2017-01-19","2017-01-18","2008-12-31","","127.77","127.69","","","0","","","","0.0681"
"中证10年期国债指数","930916","2017-01-20","2017-01-19","2008-12-31","","127.70","127.77","","","0","","","","-0.0548"
"中证10年期国债指数","930916","2017-01-23","2017-01-20","2008-12-31","","127.84","127.70","","","0","","","","0.1088"
"中证10年期国债指数","930916","2017-01-24","2017-01-23","2008-12-31","","127.67","127.84","","","0","","","","-0.1314"
"中证10年期国债指数","930916","2017-01-25","2017-01-24","2008-12-31","","126.97","127.67","","","0","","","","-0.5538"
"中证10年期国债指数","930916","2017-01-26","2017-01-25","2008-12-31","","127.10","126.97","","","0","","","","0.1016"
"中证10年期国债指数","930916","2017-02-03","2017-01-26","2008-12-31","","126.33","127.10","","","0","","","","-0.6058"
"中证10年期国债指数","930916","2017-02-06","2017-02-03","2008-12-31","","125.72","126.33","","","0","","","","-0.4829"
"中证10年期国债指数","930916","2017-02-07","2017-02-06","2008-12-31","","125.23","125.72","","","0","","","","-0.3826"
"中证10年期国债指数","930916","2017-02-08","2017-02-07","2008-12-31","","125.32","125.23","","","2","","","","0.0687"
"中证10年期国债指数","930916","2017-02-09","2017-02-08","2008-12-31","","125.73","125.32","","","0","","","","0.3288"
"中证10年期国债指数","930916","2017-02-10","2017-02-09","2008-12-31","","125.73","125.73","","","0","","","","-0.0040"
"中证10年期国债指数","930916","2017-02-13","2017-02-10","2008-12-31","","125.75","125.73","","","0","","","","0.0143"
"中证10年期国债指数","930916","2017-02-14","2017-02-13","2008-12-31","","125.75","125.75","","","3","","","","0.0072"
"中证10年期国债指数","930916","2017-02-15","2017-02-14","2008-12-31","","125.62","125.75","","","2","","","","-0.1074"
"中证10年期国债指数","930916","2017-02-16","2017-02-15","2008-12-31","","125.91","125.62","","","0","","","","0.2293"
"中证10年期国债指数","930916","2017-02-17","2017-02-16","2008-12-31","","126.17","125.91","","","0","","","","0.2113"
"中证10年期国债指数","930916","2017-02-20","2017-02-17","2008-12-31","","126.80","126.17","","","0","","","","0.4938"
"中证10年期国债指数","930916","2017-02-21","2017-02-20","2008-12-31","","126.75","126.80","","","1","","","","-0.0355"
"中证10年期国债指数","930916","2017-02-22","2017-02-21","2008-12-31","","126.71","126.75","","","1","","","","-0.0347"
"中证10年期国债指数","930916","2017-02-23","2017-02-22","2008-12-31","","126.82","126.71","","","0","","","","0.0892"
"中证10年期国债指数","930916","2017-02-24","2017-02-23","2008-12-31","","126.86","126.82","","","0","","","","0.0284"
"中证10年期国债指数","930916","2017-02-27","2017-02-24","2008-12-31","","126.82","126.86","","","0","","","","-0.0292"
"中证10年期国债指数","930916","2017-02-28","2017-02-27","2008-12-31","","126.84","126.82","","","0","","","","0.0197"
"中证10年期国债指数","930916","2017-03-01","2017-02-28","2008-12-31","","126.71","126.84","","","0","","","","-0.1080"
"中证10年期国债指数","930916","2017-03-02","2017-03-01","2008-12-31","","126.43","126.71","","","0","","","","-0.2194"
"中证10年期国债指数","930916","2017-03-03","2017-03-02","2008-12-31","","126.36","126.43","","","1","","","","-0.0554"
"中证10年期国债指数","930916","2017-03-06","2017-03-03","2008-12-31","","126.31","126.36","","","1","","","","-0.0419"
"中证10年期国债指数","930916","2017-03-07","2017-03-06","2008-12-31","","126.27","126.31","","","0","","","","-0.0285"
"中证10年期国债指数","930916","2017-03-08","2017-03-07","2008-12-31","","126.12","126.27","","","0","","","","-0.1212"
"中证10年期国债指数","930916","2017-03-09","2017-03-08","2008-12-31","","125.82","126.12","","","0","","","","-0.2387"
"中证10年期国债指数","930916","2017-03-10","2017-03-09","2008-12-31","","125.89","125.82","","","0","","","","0.0580"
"中证10年期国债指数","930916","2017-03-13","2017-03-10","2008-12-31","","125.96","125.89","","","0","","","","0.0540"
"中证10年期国债指数","930916","2017-03-14","2017-03-13","2008-12-31","","126.34","125.96","","","0","","","","0.3025"
"中证10年期国债指数","930916","2017-03-15","2017-03-14","2008-12-31","","126.43","126.34","","","0","","","","0.0736"
"中证10年期国债指数","930916","2017-03-16","2017-03-15","2008-12-31","","126.88","126.43","","","0","","","","0.3559"
"中证10年期国债指数","930916","2017-03-17","2017-03-16","2008-12-31","","126.84","126.88","","","0","","","","-0.0292"
"中证10年期国债指数","930916","2017-03-20","2017-03-17","2008-12-31","","126.92","126.84","","","0","","","","0.0607"
"中证10年期国债指数","930916","2017-03-21","2017-03-20","2008-12-31","","126.77","126.92","","","0","","","","-0.1213"
"中证10年期国债指数","930916","2017-03-22","2017-03-21","2008-12-31","","126.99","126.77","","","0","","","","0.1743"
"中证10年期国债指数","930916","2017-03-23","2017-03-22","2008-12-31","","126.98","126.99","","","0","","","","-0.0087"
"中证10年期国债指数","930916","2017-03-24","2017-03-23","2008-12-31","","127.25","126.98","","","0","","","","0.2142"
"中证10年期国债指数","930916","2017-03-27","2017-03-24","2008-12-31","","127.70","127.25","","","0","","","","0.3536"
"中证10年期国债指数","930916","2017-03-28","2017-03-27","2008-12-31","","127.77","127.70","","","0","","","","0.0517"
"中证10年期国债指数","930916","2017-03-29","2017-03-28","2008-12-31","","127.58","127.77","","","4","","","","-0.1464"
"中证10年期国债指数","930916","2017-03-30","2017-03-29","2008-12-31","","127.33","127.58","","","1","","","","-0.1944"
"中证10年期国债指数","930916","2017-03-31","2017-03-30","2008-12-31","","127.45","127.33","","","0","","","","0.0927"
"中证10年期国债指数","930916","2017-04-05","2017-03-31","2008-12-31","","127.42","127.45","","","1","","","","-0.0196"
"中证10年期国债指数","930916","2017-04-06","2017-04-05","2008-12-31","","127.17","127.42","","","0","","","","-0.2001"
"中证10年期国债指数","930916","2017-04-07","2017-04-06","2008-12-31","","127.36","127.17","","","0","","","","0.1526"
"中证10年期国债指数","930916","2017-04-10","2017-04-07","2008-12-31","","127.30","127.36","","","0","","","","-0.0463"
"中证10年期国债指数","930916","2017-04-11","2017-04-10","2008-12-31","","127.12","127.30","","","0","","","","-0.1422"
"中证10年期国债指数","930916","2017-04-12","2017-04-11","2008-12-31","","127.26","127.12","","","1","","","","0.1093"
"中证10年期国债指数","930916","2017-04-13","2017-04-12","2008-12-31","","127.26","127.26","","","0","","","","0.0008"
"中证10年期国债指数","930916","2017-04-14","2017-04-13","2008-12-31","","127.05","127.26","","","2","","","","-0.1697"
"中证10年期国债指数","930916","2017-04-17","2017-04-14","2008-12-31","","126.38","127.05","","","1","","","","-0.5258"
"中证10年期国债指数","930916","2017-04-18","2017-04-17","2008-12-31","","126.22","126.38","","","1","","","","-0.1242"
"中证10年期国债指数","930916","2017-04-19","2017-04-18","2008-12-31","","126.18","126.22","","","1","","","","-0.0293"
"中证10年期国债指数","930916","2017-04-20","2017-04-19","2008-12-31","","126.13","126.18","","","0","","","","-0.0460"
"中证10年期国债指数","930916","2017-04-21","2017-04-20","2008-12-31","","125.94","126.13","","","1","","","","-0.1514"
"中证10年期国债指数","930916","2017-04-24","2017-04-21","2008-12-31","","125.57","125.94","","","0","","","","-0.2874"
"中证10年期国债指数","930916","2017-04-25","2017-04-24","2008-12-31","","125.76","125.57","","","2","","","","0.1521"
"中证10年期国债指数","930916","2017-04-26","2017-04-25","2008-12-31","","126.10","125.76","","","0","","","","0.2703"
"中证10年期国债指数","930916","2017-04-27","2017-04-26","2008-12-31","","126.18","126.10","","","0","","","","0.0619"
"中证10年期国债指数","930916","2017-04-28","2017-04-27","2008-12-31","","126.04","126.18","","","0","","","","-0.1165"
"中证10年期国债指数","930916","2017-05-02","2017-04-28","2008-12-31","","126.01","126.04","","","0","","","","-0.0190"
"中证10年期国债指数","930916","2017-05-03","2017-05-02","2008-12-31","","125.27","126.01","","","0","","","","-0.5912"
"中证10年期国债指数","930916","2017-05-04","2017-05-03","2008-12-31","","125.20","125.27","","","1","","","","-0.0519"
"中证10年期国债指数","930916","2017-05-05","2017-05-04","2008-12-31","","124.65","125.20","","","0","","","","-0.4425"
"中证10年期国债指数","930916","2017-05-08","2017-05-05","2008-12-31","","124.40","124.65","","","0","","","","-0.1958"
"中证10年期国债指数","930916","2017-05-09","2017-05-08","2008-12-31","","124.15","124.40","","","0","","","","-0.2018"
"中证10年期国债指数","930916","2017-05-10","2017-05-09","2008-12-31","","123.53","124.15","","","1","","","","-0.5026"
"中证10年期国债指数","930916","2017-05-11","2017-05-10","2008-12-31","","123.90","123.53","","","1","","","","0.3003"
"中证10年期国债指数","930916","2017-05-12","2017-05-11","2008-12-31","","123.89","123.90","","","0","","","","-0.0040"
"中证10年期国债指数","930916","2017-05-15","2017-05-12","2008-12-31","","124.29","123.89","","","0","","","","0.3164"
"中证10年期国债指数","930916","2017-05-16","2017-05-15","2008-12-31","","124.20","124.29","","","0","","","","-0.0660"
"中证10年期国债指数","930916","2017-05-17","2017-05-16","2008-12-31","","124.18","124.20","","","0","","","","-0.0169"
"中证10年期国债指数","930916","2017-05-18","2017-05-17","2008-12-31","","124.46","124.18","","","2","","","","0.2231"
"中证10年期国债指数","930916","2017-05-19","2017-05-18","2008-12-31","","124.26","124.46","","","1","","","","-0.1583"
"中证10年期国债指数","930916","2017-05-22","2017-05-19","2008-12-31","","124.07","124.26","","","0","","","","-0.1569"
"中证10年期国债指数","930916","2017-05-23","2017-05-22","2008-12-31","","123.87","124.07","","","1","","","","-0.1628"
"中证10年期国债指数","930916","2017-05-24","2017-05-23","2008-12-31","","123.80","123.87","","","0","","","","-0.0549"
"中证10年期国债指数","930916","2017-05-25","2017-05-24","2008-12-31","","123.95","123.80","","","0","","","","0.1252"
"中证10年期国债指数","930916","2017-05-26","2017-05-25","2008-12-31","","123.96","123.95","","","1","","","","0.0016"
"中证10年期国债指数","930916","2017-05-31","2017-05-26","2008-12-31","","124.29","123.96","","","0","","","","0.2719"
"中证10年期国债指数","930916","2017-06-01","2017-05-31","2008-12-31","","124.39","124.29","","","0","","","","0.0813"
"中证10年期国债指数","930916","2017-06-02","2017-06-01","2008-12-31","","124.28","124.39","","","0","","","","-0.0884"
"中证10年期国债指数","930916","2017-06-05","2017-06-02","2008-12-31","","124.52","124.28","","","0","","","","0.1915"
"中证10年期国债指数","930916","2017-06-06","2017-06-05","2008-12-31","","124.38","124.52","","","0","","","","-0.1108"
"中证10年期国债指数","930916","2017-06-07","2017-06-06","2008-12-31","","123.98","124.38","","","1","","","","-0.3264"
"中证10年期国债指数","930916","2017-06-08","2017-06-07","2008-12-31","","124.26","123.98","","","1","","","","0.2299"
"中证10年期国债指数","930916","2017-06-09","2017-06-08","2008-12-31","","124.38","124.26","","","0","","","","0.0942"
"中证10年期国债指数","930916","2017-06-12","2017-06-09","2008-12-31","","124.55","124.38","","","1","","","","0.1359"
"中证10年期国债指数","930916","2017-06-13","2017-06-12","2008-12-31","","124.58","124.55","","","2","","","","0.0217"
"中证10年期国债指数","930916","2017-06-14","2017-06-13","2008-12-31","","124.87","124.58","","","1","","","","0.2368"
"中证10年期国债指数","930916","2017-06-15","2017-06-14","2008-12-31","","125.32","124.87","","","3","","","","0.3612"
"中证10年期国债指数","930916","2017-06-16","2017-06-15","2008-12-31","","125.32","125.32","","","2","","","","-0.0024"
"中证10年期国债指数","930916","2017-06-19","2017-06-16","2008-12-31","","125.80","125.32","","","0","","","","0.3862"
"中证10年期国债指数","930916","2017-06-20","2017-06-19","2008-12-31","","126.00","125.80","","","0","","","","0.1598"
"中证10年期国债指数","930916","2017-06-21","2017-06-20","2008-12-31","","125.70","126.00","","","0","","","","-0.2397"
"中证10年期国债指数","930916","2017-06-22","2017-06-21","2008-12-31","","125.47","125.70","","","0","","","","-0.1806"
"中证10年期国债指数","930916","2017-06-23","2017-06-22","2008-12-31","","125.38","125.47","","","0","","","","-0.0773"
"中证10年期国债指数","930916","2017-06-26","2017-06-23","2008-12-31","","125.83","125.38","","","0","","","","0.3621"
"中证10年期国债指数","930916","2017-06-27","2017-06-26","2008-12-31","","126.02","125.83","","","1","","","","0.1502"
"中证10年期国债指数","930916","2017-06-28","2017-06-27","2008-12-31","","125.85","126.02","","","1","","","","-0.1317"
"中证10年期国债指数","930916","2017-06-29","2017-06-28","2008-12-31","","125.63","125.85","","","0","","","","-0.1812"
"中证10年期国债指数","930916","2017-06-30","2017-06-29","2008-12-31","","125.43","125.63","","","0","","","","-0.1584"
"中证10年期国债指数","930916","2017-07-03","2017-06-30","2008-12-31","","125.31","125.43","","","0","","","","-0.0925"
"中证10年期国债指数","930916","2017-07-04","2017-07-03","2008-12-31","","125.09","125.31","","","0","","","","-0.1780"
"中证10年期国债指数","930916","2017-07-05","2017-07-04","2008-12-31","","125.14","125.09","","","0","","","","0.0416"
"中证10年期国债指数","930916","2017-07-06","2017-07-05","2008-12-31","","125.48","125.14","","","0","","","","0.2701"
"中证10年期国债指数","930916","2017-07-07","2017-07-06","2008-12-31","","125.40","125.48","","","0","","","","-0.0661"
"中证10年期国债指数","930916","2017-07-10","2017-07-07","2008-12-31","","125.39","125.40","","","2","","","","-0.0008"
"中证10年期国债指数","930916","2017-07-11","2017-07-10","2008-12-31","","125.40","125.39","","","2","","","","0.0072"
"中证10年期国债指数","930916","2017-07-12","2017-07-11","2008-12-31","","125.50","125.40","","","1","","","","0.0766"
"中证10年期国债指数","930916","2017-07-13","2017-07-12","2008-12-31","","125.74","125.50","","","0","","","","0.1888"
"中证10年期国债指数","930916","2017-07-14","2017-07-13","2008-12-31","","125.67","125.74","","","0","","","","-0.0493"
"中证10年期国债指数","930916","2017-07-17","2017-07-14","2008-12-31","","125.82","125.67","","","0","","","","0.1170"
"中证10年期国债指数","930916","2017-07-18","2017-07-17","2008-12-31","","125.51","125.82","","","0","","","","-0.2488"
"中证10年期国债指数","930916","2017-07-19","2017-07-18","2008-12-31","","125.49","125.51","","","1","","","","-0.0135"
"中证10年期国债指数","930916","2017-07-20","2017-07-19","2008-12-31","","125.50","125.49","","","0","","","","0.0088"
"中证10年期国债指数","930916","2017-07-21","2017-07-20","2008-12-31","","125.59","125.50","","","0","","","","0.0725"
"中证10年期国债指数","930916","2017-07-24","2017-07-21","2008-12-31","","125.58","125.59","","","0","","","","-0.0096"
"中证10年期国债指数","930916","2017-07-25","2017-07-24","2008-12-31","","125.55","125.58","","","1","","","","-0.0271"
"中证10年期国债指数","930916","2017-07-26","2017-07-25","2008-12-31","","125.34","125.55","","","0","","","","-0.1649"
"中证10年期国债指数","930916","2017-07-27","2017-07-26","2008-12-31","","125.38","125.34","","","0","","","","0.0319"
"中证10年期国债指数","930916","2017-07-28","2017-07-27","2008-12-31","","125.34","125.38","","","0","","","","-0.0311"
"中证10年期国债指数","930916","2017-07-31","2017-07-28","2008-12-31","","125.20","125.34","","","0","","","","-0.1149"
"中证10年期国债指数","930916","2017-08-01","2017-07-31","2008-12-31","","125.07","125.20","","","1","","","","-0.1022"
"中证10年期国债指数","930916","2017-08-02","2017-08-01","2008-12-31","","125.15","125.07","","","1","","","","0.0656"
"中证10年期国债指数","930916","2017-08-03","2017-08-02","2008-12-31","","125.17","125.15","","","0","","","","0.0144"
"中证10年期国债指数","930916","2017-08-04","2017-08-03","2008-12-31","","126.75","125.17","","","0","","","","1.2607"
"中证10年期国债指数","930916","2017-08-07","2017-08-04","2008-12-31","","126.55","126.75","","","2","","","","-0.1586"
"中证10年期国债指数","930916","2017-08-08","2017-08-07","2008-12-31","","126.46","126.55","","","0","","","","-0.0664"
"中证10年期国债指数","930916","2017-08-09","2017-08-08","2008-12-31","","126.46","126.46","","","0","","","","-0.0040"
"中证10年期国债指数","930916","2017-08-10","2017-08-09","2008-12-31","","126.42","126.46","","","0","","","","-0.0316"
"中证10年期国债指数","930916","2017-08-11","2017-08-10","2008-12-31","","126.68","126.42","","","0","","","","0.2065"
"中证10年期国债指数","930916","2017-08-14","2017-08-11","2008-12-31","","126.93","126.68","","","0","","","","0.1997"
"中证10年期国债指数","930916","2017-08-15","2017-08-14","2008-12-31","","127.00","126.93","","","0","","","","0.0567"
"中证10年期国债指数","930916","2017-08-16","2017-08-15","2008-12-31","","126.88","127.00","","","1","","","","-0.1008"
"中证10年期国债指数","930916","2017-08-17","2017-08-16","2008-12-31","","126.81","126.88","","","0","","","","-0.0536"
"中证10年期国债指数","930916","2017-08-18","2017-08-17","2008-12-31","","126.90","126.81","","","0","","","","0.0694"
"中证10年期国债指数","930916","2017-08-21","2017-08-18","2008-12-31","","126.74","126.90","","","0","","","","-0.1221"
"中证10年期国债指数","930916","2017-08-22","2017-08-21","2008-12-31","","126.57","126.74","","","0","","","","-0.1318"
"中证10年期国债指数","930916","2017-08-23","2017-08-22","2008-12-31","","126.65","126.57","","","0","","","","0.0624"
"中证10年期国债指数","930916","2017-08-24","2017-08-23","2008-12-31","","126.53","126.65","","","2","","","","-0.0987"
"中证10年期国债指数","930916","2017-08-25","2017-08-24","2008-12-31","","126.50","126.53","","","0","","","","-0.0229"
"中证10年期国债指数","930916","2017-08-28","2017-08-25","2008-12-31","","126.48","126.50","","","0","","","","-0.0158"
"中证10年期国债指数","930916","2017-08-29","2017-08-28","2008-12-31","","126.47","126.48","","","2","","","","-0.0103"
"中证10年期国债指数","930916","2017-08-30","2017-08-29","2008-12-31","","126.49","126.47","","","0","","","","0.0206"
"中证10年期国债指数","930916","2017-08-31","2017-08-30","2008-12-31","","126.53","126.49","","","0","","","","0.0308"
"中证10年期国债指数","930916","2017-09-01","2017-08-31","2008-12-31","","126.57","126.53","","","0","","","","0.0308"
"中证10年期国债指数","930916","2017-09-04","2017-09-01","2008-12-31","","126.39","126.57","","","4","","","","-0.1406"
"中证10年期国债指数","930916","2017-09-05","2017-09-04","2008-12-31","","126.33","126.39","","","0","","","","-0.0475"
"中证10年期国债指数","930916","2017-09-06","2017-09-05","2008-12-31","","126.33","126.33","","","2","","","","0.0000"
"中证10年期国债指数","930916","2017-09-07","2017-09-06","2008-12-31","","126.55","126.33","","","0","","","","0.1741"
"中证10年期国债指数","930916","2017-09-08","2017-09-07","2008-12-31","","126.87","126.55","","","0","","","","0.2537"
"中证10年期国债指数","930916","2017-09-11","2017-09-08","2008-12-31","","126.85","126.87","","","3","","","","-0.0181"
"中证10年期国债指数","930916","2017-09-12","2017-09-11","2008-12-31","","126.90","126.85","","","0","","","","0.0410"
"中证10年期国债指数","930916","2017-09-13","2017-09-12","2008-12-31","","126.85","126.90","","","3","","","","-0.0394"
"中证10年期国债指数","930916","2017-09-14","2017-09-13","2008-12-31","","127.06","126.85","","","1","","","","0.1671"
"中证10年期国债指数","930916","2017-09-15","2017-09-14","2008-12-31","","127.16","127.06","","","1","","","","0.0763"
"中证10年期国债指数","930916","2017-09-18","2017-09-15","2008-12-31","","127.11","127.16","","","2","","","","-0.0362"
"中证10年期国债指数","930916","2017-09-19","2017-09-18","2008-12-31","","127.03","127.11","","","2","","","","-0.0637"
"中证10年期国债指数","930916","2017-09-20","2017-09-19","2008-12-31","","126.93","127.03","","","1","","","","-0.0787"
"中证10年期国债指数","930916","2017-09-21","2017-09-20","2008-12-31","","126.90","126.93","","","0","","","","-0.0291"
"中证10年期国债指数","930916","2017-09-22","2017-09-21","2008-12-31","","126.86","126.90","","","1","","","","-0.0276"
"中证10年期国债指数","930916","2017-09-25","2017-09-22","2008-12-31","","126.97","126.86","","","1","","","","0.0883"
"中证10年期国债指数","930916","2017-09-26","2017-09-25","2008-12-31","","127.11","126.97","","","1","","","","0.1063"
"中证10年期国债指数","930916","2017-09-27","2017-09-26","2008-12-31","","127.09","127.11","","","1","","","","-0.0126"
"中证10年期国债指数","930916","2017-09-28","2017-09-27","2008-12-31","","127.17","127.09","","","10","","","","0.0629"
"中证10年期国债指数","930916","2017-09-29","2017-09-28","2008-12-31","","127.18","127.17","","","1","","","","0.0031"
"中证10年期国债指数","930916","2017-10-09","2017-09-29","2008-12-31","","127.16","127.18","","","0","","","","-0.0110"
"中证10年期国债指数","930916","2017-10-10","2017-10-09","2008-12-31","","127.07","127.16","","","1","","","","-0.0723"
"中证10年期国债指数","930916","2017-10-11","2017-10-10","2008-12-31","","126.94","127.07","","","1","","","","-0.0992"
"中证10年期国债指数","930916","2017-10-12","2017-10-11","2008-12-31","","126.91","126.94","","","0","","","","-0.0307"
"中证10年期国债指数","930916","2017-10-13","2017-10-12","2008-12-31","","126.87","126.91","","","1","","","","-0.0299"
"中证10年期国债指数","930916","2017-10-16","2017-10-13","2008-12-31","","126.85","126.87","","","10","","","","-0.0118"
"中证10年期国债指数","930916","2017-10-17","2017-10-16","2008-12-31","","126.62","126.85","","","2","","","","-0.1868"
"中证10年期国债指数","930916","2017-10-18","2017-10-17","2008-12-31","","126.40","126.62","","","2","","","","-0.1682"
"中证10年期国债指数","930916","2017-10-19","2017-10-18","2008-12-31","","126.45","126.40","","","0","","","","0.0348"
"中证10年期国债指数","930916","2017-10-20","2017-10-19","2008-12-31","","126.51","126.45","","","0","","","","0.0538"
"中证10年期国债指数","930916","2017-10-23","2017-10-20","2008-12-31","","126.43","126.51","","","1","","","","-0.0688"
"中证10年期国债指数","930916","2017-10-24","2017-10-23","2008-12-31","","126.43","126.43","","","0","","","","0.0024"
"中证10年期国债指数","930916","2017-10-25","2017-10-24","2008-12-31","","126.19","126.43","","","3","","","","-0.1906"
"中证10年期国债指数","930916","2017-10-26","2017-10-25","2008-12-31","","125.95","126.19","","","0","","","","-0.1926"
"中证10年期国债指数","930916","2017-10-27","2017-10-26","2008-12-31","","125.66","125.95","","","0","","","","-0.2247"
"中证10年期国债指数","930916","2017-10-30","2017-10-27","2008-12-31","","125.06","125.66","","","1","","","","-0.4775"
"中证10年期国债指数","930916","2017-10-31","2017-10-30","2008-12-31","","124.63","125.06","","","1","","","","-0.3446"
"中证10年期国债指数","930916","2017-11-01","2017-10-31","2008-12-31","","124.73","124.63","","","1","","","","0.0762"
"中证10年期国债指数","930916","2017-11-02","2017-11-01","2008-12-31","","124.82","124.73","","","0","","","","0.0778"
"中证10年期国债指数","930916","2017-11-03","2017-11-02","2008-12-31","","124.84","124.82","","","1","","","","0.0136"
"中证10年期国债指数","930916","2017-11-06","2017-11-03","2008-12-31","","124.97","124.84","","","1","","","","0.0993"
"中证10年期国债指数","930916","2017-11-07","2017-11-06","2008-12-31","","124.80","124.97","","","1","","","","-0.1296"
"中证10年期国债指数","930916","2017-11-08","2017-11-07","2008-12-31","","124.74","124.80","","","3","","","","-0.0489"
"中证10年期国债指数","930916","2017-11-09","2017-11-08","2008-12-31","","124.71","124.74","","","1","","","","-0.0281"
"中证10年期国债指数","930916","2017-11-10","2017-11-09","2008-12-31","","124.61","124.71","","","6","","","","-0.0810"
"中证10年期国债指数","930916","2017-11-13","2017-11-10","2008-12-31","","124.27","124.61","","","1","","","","-0.2729"
"中证10年期国债指数","930916","2017-11-14","2017-11-13","2008-12-31","","124.09","124.27","","","3","","","","-0.1400"
"中证10年期国债指数","930916","2017-11-15","2017-11-14","2008-12-31","","124.05","124.09","","","4","","","","-0.0347"
"中证10年期国债指数","930916","2017-11-16","2017-11-15","2008-12-31","","124.19","124.05","","","4","","","","0.1153"
"中证10年期国债指数","930916","2017-11-17","2017-11-16","2008-12-31","","124.37","124.19","","","1","","","","0.1401"
"中证10年期国债指数","930916","2017-11-20","2017-11-17","2008-12-31","","124.30","124.37","","","0","","","","-0.0547"
"中证10年期国债指数","930916","2017-11-21","2017-11-20","2008-12-31","","124.16","124.30","","","0","","","","-0.1134"
"中证10年期国债指数","930916","2017-11-22","2017-11-21","2008-12-31","","124.02","124.16","","","0","","","","-0.1128"
"中证10年期国债指数","930916","2017-11-23","2017-11-22","2008-12-31","","123.80","124.02","","","1","","","","-0.1742"
"中证10年期国债指数","930916","2017-11-24","2017-11-23","2008-12-31","","123.98","123.80","","","0","","","","0.1430"
"中证10年期国债指数","930916","2017-11-27","2017-11-24","2008-12-31","","124.13","123.98","","","1","","","","0.1250"
"中证10年期国债指数","930916","2017-11-28","2017-11-27","2008-12-31","","124.19","124.13","","","2","","","","0.0419"
"中证10年期国债指数","930916","2017-11-29","2017-11-28","2008-12-31","","124.08","124.19","","","1","","","","-0.0854"
"中证10年期国债指数","930916","2017-11-30","2017-11-29","2008-12-31","","124.28","124.08","","","1","","","","0.1612"
"中证10年期国债指数","930916","2017-12-01","2017-11-30","2008-12-31","","124.56","124.28","","","1","","","","0.2245"
"中证10年期国债指数","930916","2017-12-04","2017-12-01","2008-12-31","","124.79","124.56","","","0","","","","0.1895"
"中证10年期国债指数","930916","2017-12-05","2017-12-04","2008-12-31","","124.85","124.79","","","1","","","","0.0465"
"中证10年期国债指数","930916","2017-12-06","2017-12-05","2008-12-31","","124.76","124.85","","","1","","","","-0.0737"
"中证10年期国债指数","930916","2017-12-07","2017-12-06","2008-12-31","","124.90","124.76","","","0","","","","0.1130"
"中证10年期国债指数","930916","2017-12-08","2017-12-07","2008-12-31","","124.95","124.90","","","0","","","","0.0352"
"中证10年期国债指数","930916","2017-12-11","2017-12-08","2008-12-31","","124.84","124.95","","","2","","","","-0.0816"
"中证10年期国债指数","930916","2017-12-12","2017-12-11","2008-12-31","","124.51","124.84","","","1","","","","-0.2667"
"中证10年期国债指数","930916","2017-12-13","2017-12-12","2008-12-31","","124.49","124.51","","","1","","","","-0.0137"
"中证10年期国债指数","930916","2017-12-14","2017-12-13","2008-12-31","","124.53","124.49","","","1","","","","0.0313"
"中证10年期国债指数","930916","2017-12-15","2017-12-14","2008-12-31","","124.64","124.53","","","4","","","","0.0891"
"中证10年期国债指数","930916","2017-12-18","2017-12-15","2008-12-31","","125.05","124.64","","","3","","","","0.3241"
"中证10年期国债指数","930916","2017-12-19","2017-12-18","2008-12-31","","125.00","125.05","","","1","","","","-0.0408"
"中证10年期国债指数","930916","2017-12-20","2017-12-19","2008-12-31","","124.95","125.00","","","2","","","","-0.0368"
"中证10年期国债指数","930916","2017-12-21","2017-12-20","2008-12-31","","124.97","124.95","","","2","","","","0.0128"
"中证10年期国债指数","930916","2017-12-22","2017-12-21","2008-12-31","","125.20","124.97","","","0","","","","0.1865"
"中证10年期国债指数","930916","2017-12-25","2017-12-22","2008-12-31","","125.21","125.20","","","1","","","","0.0048"
"中证10年期国债指数","930916","2017-12-26","2017-12-25","2008-12-31","","125.30","125.21","","","1","","","","0.0727"
"中证10年期国债指数","930916","2017-12-27","2017-12-26","2008-12-31","","125.11","125.30","","","1","","","","-0.1477"
"中证10年期国债指数","930916","2017-12-28","2017-12-27","2008-12-31","","125.19","125.11","","","2","","","","0.0663"
"中证10年期国债指数","930916","2017-12-29","2017-12-28","2008-12-31","","125.16","125.19","","","0","","","","-0.0248"
"中证10年期国债指数","930916","2018-01-02","2017-12-29","2008-12-31","","125.22","125.16","","","0","","","","0.0463"
"中证10年期国债指数","930916","2018-01-03","2018-01-02","2008-12-31","","125.09","125.22","","","0","","","","-0.1022"
"中证10年期国债指数","930916","2018-01-04","2018-01-03","2008-12-31","","124.92","125.09","","","3","","","","-0.1351"
"中证10年期国债指数","930916","2018-01-05","2018-01-04","2008-12-31","","124.99","124.92","","","0","","","","0.0520"
"中证10年期国债指数","930916","2018-01-08","2018-01-05","2008-12-31","","125.04","124.99","","","0","","","","0.0384"
"中证10年期国债指数","930916","2018-01-09","2018-01-08","2008-12-31","","125.19","125.04","","","0","","","","0.1232"
"中证10年期国债指数","930916","2018-01-10","2018-01-09","2008-12-31","","125.14","125.19","","","2","","","","-0.0391"
"中证10年期国债指数","930916","2018-01-11","2018-01-10","2008-12-31","","124.87","125.14","","","0","","","","-0.2174"
"中证10年期国债指数","930916","2018-01-12","2018-01-11","2008-12-31","","124.77","124.87","","","0","","","","-0.0825"
"中证10年期国债指数","930916","2018-01-15","2018-01-12","2008-12-31","","124.61","124.77","","","0","","","","-0.1226"
"中证10年期国债指数","930916","2018-01-16","2018-01-15","2008-12-31","","124.69","124.61","","","1","","","","0.0610"
"中证10年期国债指数","930916","2018-01-17","2018-01-16","2008-12-31","","124.71","124.69","","","1","","","","0.0152"
"中证10年期国债指数","930916","2018-01-18","2018-01-17","2008-12-31","","124.56","124.71","","","1","","","","-0.1187"
"中证10年期国债指数","930916","2018-01-19","2018-01-18","2008-12-31","","124.53","124.56","","","0","","","","-0.0217"
"中证10年期国债指数","930916","2018-01-22","2018-01-19","2008-12-31","","124.73","124.53","","","0","","","","0.1542"
"中证10年期国债指数","930916","2018-01-23","2018-01-22","2008-12-31","","124.79","124.73","","","0","","","","0.0481"
"中证10年期国债指数","930916","2018-01-24","2018-01-23","2008-12-31","","124.77","124.79","","","1","","","","-0.0120"
"中证10年期国债指数","930916","2018-01-25","2018-01-24","2008-12-31","","124.70","124.77","","","3","","","","-0.0609"
"中证10年期国债指数","930916","2018-01-26","2018-01-25","2008-12-31","","124.82","124.70","","","3","","","","0.0986"
"中证10年期国债指数","930916","2018-01-29","2018-01-26","2008-12-31","","124.88","124.82","","","0","","","","0.0457"
"中证10年期国债指数","930916","2018-01-30","2018-01-29","2008-12-31","","124.90","124.88","","","0","","","","0.0216"
"中证10年期国债指数","930916","2018-01-31","2018-01-30","2008-12-31","","125.07","124.90","","","0","","","","0.1313"
"中证10年期国债指数","930916","2018-02-01","2018-01-31","2008-12-31","","125.15","125.07","","","0","","","","0.0704"
"中证10年期国债指数","930916","2018-02-02","2018-02-01","2008-12-31","","125.20","125.15","","","2","","","","0.0392"
"中证10年期国债指数","930916","2018-02-05","2018-02-02","2008-12-31","","125.14","125.20","","","1","","","","-0.0511"
"中证10年期国债指数","930916","2018-02-06","2018-02-05","2008-12-31","","125.46","125.14","","","1","","","","0.2549"
"中证10年期国债指数","930916","2018-02-07","2018-02-06","2008-12-31","","125.52","125.46","","","1","","","","0.0502"
"中证10年期国债指数","930916","2018-02-08","2018-02-07","2008-12-31","","125.36","125.52","","","3","","","","-0.1275"
"中证10年期国债指数","930916","2018-02-09","2018-02-08","2008-12-31","","125.37","125.36","","","3","","","","0.0032"
"中证10年期国债指数","930916","2018-02-12","2018-02-09","2008-12-31","","125.45","125.37","","","0","","","","0.0710"
"中证10年期国债指数","930916","2018-02-13","2018-02-12","2008-12-31","","125.44","125.45","","","0","","","","-0.0088"
"中证10年期国债指数","930916","2018-02-14","2018-02-13","2008-12-31","","125.45","125.44","","","0","","","","0.0024"
"中证10年期国债指数","930916","2018-02-22","2018-02-14","2008-12-31","","125.55","125.45","","","0","","","","0.0853"
"中证10年期国债指数","930916","2018-02-23","2018-02-22","2008-12-31","","125.61","125.55","","","0","","","","0.0486"
"中证10年期国债指数","930916","2018-02-26","2018-02-23","2008-12-31","","125.84","125.61","","","0","","","","0.1799"
"中证10年期国债指数","930916","2018-02-27","2018-02-26","2008-12-31","","126.01","125.84","","","3","","","","0.1351"
"中证10年期国债指数","930916","2018-02-28","2018-02-27","2008-12-31","","126.19","126.01","","","0","","","","0.1452"
"中证10年期国债指数","930916","2018-03-01","2018-02-28","2008-12-31","","126.23","126.19","","","0","","","","0.0317"
"中证10年期国债指数","930916","2018-03-02","2018-03-01","2008-12-31","","126.17","126.23","","","0","","","","-0.0539"
"中证10年期国债指数","930916","2018-03-05","2018-03-02","2008-12-31","","126.14","126.17","","","0","","","","-0.0230"
"中证10年期国债指数","930916","2018-03-06","2018-03-05","2008-12-31","","126.03","126.14","","","0","","","","-0.0872"
"中证10年期国债指数","930916","2018-03-07","2018-03-06","2008-12-31","","126.20","126.03","","","0","","","","0.1381"
"中证10年期国债指数","930916","2018-03-08","2018-03-07","2008-12-31","","126.34","126.20","","","0","","","","0.1070"
"中证10年期国债指数","930916","2018-03-09","2018-03-08","2008-12-31","","126.35","126.34","","","0","","","","0.0119"
"中证10年期国债指数","930916","2018-03-12","2018-03-09","2008-12-31","","126.42","126.35","","","0","","","","0.0522"
"中证10年期国债指数","930916","2018-03-13","2018-03-12","2008-12-31","","126.35","126.42","","","0","","","","-0.0530"
"中证10年期国债指数","930916","2018-03-14","2018-03-13","2008-12-31","","126.25","126.35","","","0","","","","-0.0815"
"中证10年期国债指数","930916","2018-03-15","2018-03-14","2008-12-31","","126.28","126.25","","","0","","","","0.0293"
"中证10年期国债指数","930916","2018-03-16","2018-03-15","2008-12-31","","126.41","126.28","","","0","","","","0.1014"
"中证10年期国债指数","930916","2018-03-19","2018-03-16","2008-12-31","","126.53","126.41","","","0","","","","0.0965"
"中证10年期国债指数","930916","2018-03-20","2018-03-19","2008-12-31","","126.68","126.53","","","0","","","","0.1130"
"中证10年期国债指数","930916","2018-03-21","2018-03-20","2008-12-31","","126.87","126.68","","","1","","","","0.1555"
"中证10年期国债指数","930916","2018-03-22","2018-03-21","2008-12-31","","126.93","126.87","","","0","","","","0.0457"
"中证10年期国债指数","930916","2018-03-23","2018-03-22","2008-12-31","","127.41","126.93","","","0","","","","0.3734"
"中证10年期国债指数","930916","2018-03-26","2018-03-23","2008-12-31","","127.63","127.41","","","0","","","","0.1742"
"中证10年期国债指数","930916","2018-03-27","2018-03-26","2008-12-31","","127.38","127.63","","","0","","","","-0.1943"
"中证10年期国债指数","930916","2018-03-28","2018-03-27","2008-12-31","","127.37","127.38","","","1","","","","-0.0102"
"中证10年期国债指数","930916","2018-03-29","2018-03-28","2008-12-31","","127.34","127.37","","","0","","","","-0.0181"
"中证10年期国债指数","930916","2018-03-30","2018-03-29","2008-12-31","","127.33","127.34","","","0","","","","-0.0094"
"中证10年期国债指数","930916","2018-04-02","2018-03-30","2008-12-31","","127.39","127.33","","","0","","","","0.0487"
"中证10年期国债指数","930916","2018-04-03","2018-04-02","2008-12-31","","127.42","127.39","","","0","","","","0.0204"
"中证10年期国债指数","930916","2018-04-04","2018-04-03","2008-12-31","","127.41","127.42","","","0","","","","-0.0039"
"中证10年期国债指数","930916","2018-04-09","2018-04-04","2008-12-31","","127.87","127.41","","","0","","","","0.3595"
"中证10年期国债指数","930916","2018-04-10","2018-04-09","2008-12-31","","127.82","127.87","","","2","","","","-0.0399"
"中证10年期国债指数","930916","2018-04-11","2018-04-10","2008-12-31","","127.86","127.82","","","1","","","","0.0266"
"中证10年期国债指数","930916","2018-04-12","2018-04-11","2008-12-31","","127.89","127.86","","","0","","","","0.0235"
"中证10年期国债指数","930916","2018-04-13","2018-04-12","2008-12-31","","127.90","127.89","","","0","","","","0.0109"
"中证10年期国债指数","930916","2018-04-16","2018-04-13","2008-12-31","","128.31","127.90","","","0","","","","0.3182"
"中证10年期国债指数","930916","2018-04-17","2018-04-16","2008-12-31","","128.29","128.31","","","2","","","","-0.0148"
"中证10年期国债指数","930916","2018-04-18","2018-04-17","2008-12-31","","129.11","128.29","","","2","","","","0.6446"
"中证10年期国债指数","930916","2018-04-19","2018-04-18","2008-12-31","","129.64","129.11","","","0","","","","0.4043"
"中证10年期国债指数","930916","2018-04-20","2018-04-19","2008-12-31","","129.86","129.64","","","0","","","","0.1743"
"中证10年期国债指数","930916","2018-04-23","2018-04-20","2008-12-31","","129.63","129.86","","","0","","","","-0.1756"
"中证10年期国债指数","930916","2018-04-24","2018-04-23","2008-12-31","","129.18","129.63","","","0","","","","-0.3487"
"中证10年期国债指数","930916","2018-04-25","2018-04-24","2008-12-31","","129.21","129.18","","","1","","","","0.0224"
"中证10年期国债指数","930916","2018-04-26","2018-04-25","2008-12-31","","129.15","129.21","","","2","","","","-0.0449"
"中证10年期国债指数","930916","2018-04-27","2018-04-26","2008-12-31","","128.93","129.15","","","0","","","","-0.1758"
"中证10年期国债指数","930916","2018-05-02","2018-04-27","2008-12-31","","128.72","128.93","","","0","","","","-0.1590"
"中证10年期国债指数","930916","2018-05-03","2018-05-02","2008-12-31","","128.78","128.72","","","4","","","","0.0466"
"中证10年期国债指数","930916","2018-05-04","2018-05-03","2008-12-31","","128.90","128.78","","","3","","","","0.0885"
"中证10年期国债指数","930916","2018-05-07","2018-05-04","2008-12-31","","129.01","128.90","","","0","","","","0.0900"
"中证10年期国债指数","930916","2018-05-08","2018-05-07","2008-12-31","","128.69","129.01","","","4","","","","-0.2465"
"中证10年期国债指数","930916","2018-05-09","2018-05-08","2008-12-31","","128.42","128.69","","","2","","","","-0.2160"
"中证10年期国债指数","930916","2018-05-10","2018-05-09","2008-12-31","","128.41","128.42","","","1","","","","-0.0055"
"中证10年期国债指数","930916","2018-05-11","2018-05-10","2008-12-31","","128.55","128.41","","","0","","","","0.1114"
"中证10年期国债指数","930916","2018-05-14","2018-05-11","2008-12-31","","128.53","128.55","","","3","","","","-0.0148"
"中证10年期国债指数","930916","2018-05-15","2018-05-14","2008-12-31","","128.38","128.53","","","1","","","","-0.1190"
"中证10年期国债指数","930916","2018-05-16","2018-05-15","2008-12-31","","128.34","128.38","","","0","","","","-0.0343"
"中证10年期国债指数","930916","2018-05-17","2018-05-16","2008-12-31","","128.44","128.34","","","0","","","","0.0795"
"中证10年期国债指数","930916","2018-05-18","2018-05-17","2008-12-31","","128.47","128.44","","","0","","","","0.0241"
"中证10年期国债指数","930916","2018-05-21","2018-05-18","2008-12-31","","128.52","128.47","","","0","","","","0.0366"
"中证10年期国债指数","930916","2018-05-22","2018-05-21","2008-12-31","","128.81","128.52","","","0","","","","0.2319"
"中证10年期国债指数","930916","2018-05-23","2018-05-22","2008-12-31","","128.90","128.81","","","1","","","","0.0683"
"中证10年期国债指数","930916","2018-05-24","2018-05-23","2008-12-31","","129.06","128.90","","","2","","","","0.1226"
"中证10年期国债指数","930916","2018-05-25","2018-05-24","2008-12-31","","129.12","129.06","","","0","","","","0.0480"
"中证10年期国债指数","930916","2018-05-28","2018-05-25","2008-12-31","","129.34","129.12","","","0","","","","0.1665"
"中证10年期国债指数","930916","2018-05-29","2018-05-28","2008-12-31","","129.42","129.34","","","0","","","","0.0673"
"中证10年期国债指数","930916","2018-05-30","2018-05-29","2008-12-31","","129.55","129.42","","","8","","","","0.0950"
"中证10年期国债指数","930916","2018-05-31","2018-05-30","2008-12-31","","129.53","129.55","","","0","","","","-0.0154"
"中证10年期国债指数","930916","2018-06-01","2018-05-31","2008-12-31","","129.50","129.53","","","0","","","","-0.0239"
"中证10年期国债指数","930916","2018-06-04","2018-06-01","2008-12-31","","129.21","129.50","","","0","","","","-0.2178"
"中证10年期国债指数","930916","2018-06-05","2018-06-04","2008-12-31","","129.16","129.21","","","2","","","","-0.0441"
"中证10年期国债指数","930916","2018-06-06","2018-06-05","2008-12-31","","129.08","129.16","","","1","","","","-0.0573"
"中证10年期国债指数","930916","2018-06-07","2018-06-06","2008-12-31","","129.02","129.08","","","0","","","","-0.0511"
"中证10年期国债指数","930916","2018-06-08","2018-06-07","2008-12-31","","129.18","129.02","","","0","","","","0.1302"
"中证10年期国债指数","930916","2018-06-11","2018-06-08","2008-12-31","","129.26","129.18","","","0","","","","0.0565"
"中证10年期国债指数","930916","2018-06-12","2018-06-11","2008-12-31","","129.09","129.26","","","0","","","","-0.1277"
"中证10年期国债指数","930916","2018-06-13","2018-06-12","2008-12-31","","129.03","129.09","","","1","","","","-0.0504"
"中证10年期国债指数","930916","2018-06-14","2018-06-13","2008-12-31","","129.35","129.03","","","0","","","","0.2465"
"中证10年期国债指数","930916","2018-06-15","2018-06-14","2008-12-31","","129.73","129.35","","","0","","","","0.2961"
"中证10年期国债指数","930916","2018-06-19","2018-06-15","2008-12-31","","129.89","129.73","","","1","","","","0.1249"
"中证10年期国债指数","930916","2018-06-20","2018-06-19","2008-12-31","","129.95","129.89","","","0","","","","0.0470"
"中证10年期国债指数","930916","2018-06-21","2018-06-20","2008-12-31","","129.99","129.95","","","2","","","","0.0308"
"中证10年期国债指数","930916","2018-06-22","2018-06-21","2008-12-31","","130.03","129.99","","","2","","","","0.0300"
"中证10年期国债指数","930916","2018-06-25","2018-06-22","2008-12-31","","130.08","130.03","","","4","","","","0.0415"
"中证10年期国债指数","930916","2018-06-26","2018-06-25","2008-12-31","","130.16","130.08","","","5","","","","0.0546"
"中证10年期国债指数","930916","2018-06-27","2018-06-26","2008-12-31","","130.27","130.16","","","0","","","","0.0907"
"中证10年期国债指数","930916","2018-06-28","2018-06-27","2008-12-31","","130.61","130.27","","","3","","","","0.2595"
"中证10年期国债指数","930916","2018-06-29","2018-06-28","2008-12-31","","130.70","130.61","","","0","","","","0.0651"
"中证10年期国债指数","930916","2018-07-02","2018-06-29","2008-12-31","","131.25","130.70","","","1","","","","0.4201"
"中证10年期国债指数","930916","2018-07-03","2018-07-02","2008-12-31","","131.29","131.25","","","3","","","","0.0328"
"中证10年期国债指数","930916","2018-07-04","2018-07-03","2008-12-31","","131.44","131.29","","","4","","","","0.1181"
"中证10年期国债指数","930916","2018-07-05","2018-07-04","2008-12-31","","131.08","131.44","","","3","","","","-0.2800"
"中证10年期国债指数","930916","2018-07-06","2018-07-05","2008-12-31","","131.05","131.08","","","2","","","","-0.0168"
"中证10年期国债指数","930916","2018-07-09","2018-07-06","2008-12-31","","130.95","131.05","","","1","","","","-0.0755"
"中证10年期国债指数","930916","2018-07-10","2018-07-09","2008-12-31","","130.82","130.95","","","1","","","","-0.1023"
"中证10年期国债指数","930916","2018-07-11","2018-07-10","2008-12-31","","131.03","130.82","","","0","","","","0.1567"
"中证10年期国债指数","930916","2018-07-12","2018-07-11","2008-12-31","","131.04","131.03","","","0","","","","0.0122"
"中证10年期国债指数","930916","2018-07-13","2018-07-12","2008-12-31","","131.17","131.04","","","2","","","","0.0984"
"中证10年期国债指数","930916","2018-07-16","2018-07-13","2008-12-31","","131.39","131.17","","","2","","","","0.1662"
"中证10年期国债指数","930916","2018-07-17","2018-07-16","2008-12-31","","131.49","131.39","","","1","","","","0.0761"
"中证10年期国债指数","930916","2018-07-18","2018-07-17","2008-12-31","","131.57","131.49","","","0","","","","0.0624"
"中证10年期国债指数","930916","2018-07-19","2018-07-18","2008-12-31","","131.60","131.57","","","0","","","","0.0190"
"中证10年期国债指数","930916","2018-07-20","2018-07-19","2008-12-31","","131.67","131.60","","","0","","","","0.0600"
"中证10年期国债指数","930916","2018-07-23","2018-07-20","2008-12-31","","131.33","131.67","","","0","","","","-0.2635"
"中证10年期国债指数","930916","2018-07-24","2018-07-23","2008-12-31","","130.85","131.33","","","0","","","","-0.3602"
"中证10年期国债指数","930916","2018-07-25","2018-07-24","2008-12-31","","130.90","130.85","","","0","","","","0.0382"
"中证10年期国债指数","930916","2018-07-26","2018-07-25","2008-12-31","","130.96","130.90","","","0","","","","0.0428"
"中证10年期国债指数","930916","2018-07-27","2018-07-26","2008-12-31","","131.14","130.96","","","0","","","","0.1397"
"中证10年期国债指数","930916","2018-07-30","2018-07-27","2008-12-31","","131.25","131.14","","","0","","","","0.0808"
"中证10年期国债指数","930916","2018-07-31","2018-07-30","2008-12-31","","131.48","131.25","","","0","","","","0.1745"
"中证10年期国债指数","930916","2018-08-01","2018-07-31","2008-12-31","","131.59","131.48","","","0","","","","0.0814"
"中证10年期国债指数","930916","2018-08-02","2018-08-01","2008-12-31","","131.82","131.59","","","0","","","","0.1809"
"中证10年期国债指数","930916","2018-08-03","2018-08-02","2008-12-31","","131.82","131.82","","","0","","","","0.0000"
"中证10年期国债指数","930916","2018-08-06","2018-08-03","2008-12-31","","131.94","131.82","","","0","","","","0.0850"
"中证10年期国债指数","930916","2018-08-07","2018-08-06","2008-12-31","","131.93","131.94","","","0","","","","-0.0015"
"中证10年期国债指数","930916","2018-08-08","2018-08-07","2008-12-31","","131.66","131.93","","","0","","","","-0.2077"
"中证10年期国债指数","930916","2018-08-09","2018-08-08","2008-12-31","","131.29","131.66","","","0","","","","-0.2841"
"中证10年期国债指数","930916","2018-08-10","2018-08-09","2008-12-31","","131.25","131.29","","","1","","","","-0.0236"
"中证10年期国债指数","930916","2018-08-13","2018-08-10","2008-12-31","","130.92","131.25","","","2","","","","-0.2522"
"中证10年期国债指数","930916","2018-08-14","2018-08-13","2008-12-31","","130.95","130.92","","","0","","","","0.0183"
"中证10年期国债指数","930916","2018-08-15","2018-08-14","2008-12-31","","130.94","130.95","","","0","","","","-0.0084"
"中证10年期国债指数","930916","2018-08-16","2018-08-15","2008-12-31","","130.79","130.94","","","0","","","","-0.1146"
"中证10年期国债指数","930916","2018-08-17","2018-08-16","2008-12-31","","130.49","130.79","","","1","","","","-0.2294"
"中证10年期国债指数","930916","2018-08-20","2018-08-17","2008-12-31","","130.46","130.49","","","0","","","","-0.0169"
"中证10年期国债指数","930916","2018-08-21","2018-08-20","2008-12-31","","130.36","130.46","","","0","","","","-0.0820"
"中证10年期国债指数","930916","2018-08-22","2018-08-21","2008-12-31","","130.58","130.36","","","0","","","","0.1711"
"中证10年期国债指数","930916","2018-08-23","2018-08-22","2008-12-31","","130.49","130.58","","","0","","","","-0.0666"
"中证10年期国债指数","930916","2018-08-24","2018-08-23","2008-12-31","","130.49","130.49","","","0","","","","-0.0008"
"中证10年期国债指数","930916","2018-08-27","2018-08-24","2008-12-31","","130.43","130.49","","","1","","","","-0.0498"
"中证10年期国债指数","930916","2018-08-28","2018-08-27","2008-12-31","","130.40","130.43","","","0","","","","-0.0222"
"中证10年期国债指数","930916","2018-08-29","2018-08-28","2008-12-31","","130.50","130.40","","","2","","","","0.0775"
"中证10年期国债指数","930916","2018-08-30","2018-08-29","2008-12-31","","130.76","130.50","","","0","","","","0.2031"
"中证10年期国债指数","930916","2018-08-31","2018-08-30","2008-12-31","","130.85","130.76","","","0","","","","0.0650"
"中证10年期国债指数","930916","2018-09-03","2018-08-31","2008-12-31","","130.81","130.85","","","0","","","","-0.0298"
"中证10年期国债指数","930916","2018-09-04","2018-09-03","2008-12-31","","130.76","130.81","","","0","","","","-0.0382"
"中证10年期国债指数","930916","2018-09-05","2018-09-04","2008-12-31","","130.63","130.76","","","0","","","","-0.1009"
"中证10年期国债指数","930916","2018-09-06","2018-09-05","2008-12-31","","130.54","130.63","","","0","","","","-0.0651"
"中证10年期国债指数","930916","2018-09-07","2018-09-06","2008-12-31","","130.48","130.54","","","0","","","","-0.0467"
"中证10年期国债指数","930916","2018-09-10","2018-09-07","2008-12-31","","130.34","130.48","","","0","","","","-0.1081"
"中证10年期国债指数","930916","2018-09-11","2018-09-10","2008-12-31","","130.18","130.34","","","0","","","","-0.1274"
"中证10年期国债指数","930916","2018-09-12","2018-09-11","2008-12-31","","130.10","130.18","","","82","","","","-0.0599"
"中证10年期国债指数","930916","2018-09-13","2018-09-12","2008-12-31","","130.25","130.10","","","0","","","","0.1138"
"中证10年期国债指数","930916","2018-09-14","2018-09-13","2008-12-31","","130.36","130.25","","","0","","","","0.0860"
"中证10年期国债指数","930916","2018-09-17","2018-09-14","2008-12-31","","130.51","130.36","","","0","","","","0.1174"
"中证10年期国债指数","930916","2018-09-18","2018-09-17","2008-12-31","","130.49","130.51","","","0","","","","-0.0146"
"中证10年期国债指数","930916","2018-09-19","2018-09-18","2008-12-31","","130.37","130.49","","","0","","","","-0.0966"
"中证10年期国债指数","930916","2018-09-20","2018-09-19","2008-12-31","","130.17","130.37","","","0","","","","-0.1511"
"中证10年期国债指数","930916","2018-09-21","2018-09-20","2008-12-31","","130.00","130.17","","","0","","","","-0.1321"
"中证10年期国债指数","930916","2018-09-25","2018-09-21","2008-12-31","","130.22","130.00","","","0","","","","0.1700"
"中证10年期国债指数","930916","2018-09-26","2018-09-25","2008-12-31","","130.23","130.22","","","0","","","","0.0131"
"中证10年期国债指数","930916","2018-09-27","2018-09-26","2008-12-31","","130.58","130.23","","","0","","","","0.2672"
"中证10年期国债指数","930916","2018-09-28","2018-09-27","2008-12-31","","130.65","130.58","","","0","","","","0.0528"
"中证10年期国债指数","930916","2018-10-08","2018-09-28","2008-12-31","","130.88","130.65","","","0","","","","0.1768"
"中证10年期国债指数","930916","2018-10-09","2018-10-08","2008-12-31","","131.00","130.88","","","0","","","","0.0871"
"中证10年期国债指数","930916","2018-10-10","2018-10-09","2008-12-31","","131.04","131.00","","","0","","","","0.0321"
"中证10年期国债指数","930916","2018-10-11","2018-10-10","2008-12-31","","131.03","131.04","","","0","","","","-0.0076"
"中证10年期国债指数","930916","2018-10-12","2018-10-11","2008-12-31","","131.35","131.03","","","1","","","","0.2473"
"中证10年期国债指数","930916","2018-10-15","2018-10-12","2008-12-31","","131.45","131.35","","","0","","","","0.0723"
"中证10年期国债指数","930916","2018-10-16","2018-10-15","2008-12-31","","131.39","131.45","","","0","","","","-0.0449"
"中证10年期国债指数","930916","2018-10-17","2018-10-16","2008-12-31","","131.51","131.39","","","0","","","","0.0898"
"中证10年期国债指数","930916","2018-10-18","2018-10-17","2008-12-31","","131.69","131.51","","","0","","","","0.1376"
"中证10年期国债指数","930916","2018-10-19","2018-10-18","2008-12-31","","131.76","131.69","","","0","","","","0.0554"
"中证10年期国债指数","930916","2018-10-22","2018-10-19","2008-12-31","","131.60","131.76","","","0","","","","-0.1230"
"中证10年期国债指数","930916","2018-10-23","2018-10-22","2008-12-31","","131.57","131.60","","","0","","","","-0.0243"
"中证10年期国债指数","930916","2018-10-24","2018-10-23","2008-12-31","","131.74","131.57","","","0","","","","0.1285"
"中证10年期国债指数","930916","2018-10-25","2018-10-24","2008-12-31","","132.04","131.74","","","0","","","","0.2330"
"中证10年期国债指数","930916","2018-10-26","2018-10-25","2008-12-31","","132.00","132.04","","","0","","","","-0.0295"
"中证10年期国债指数","930916","2018-10-29","2018-10-26","2008-12-31","","132.24","132.00","","","0","","","","0.1765"
"中证10年期国债指数","930916","2018-10-30","2018-10-29","2008-12-31","","132.32","132.24","","","0","","","","0.0597"
"中证10年期国债指数","930916","2018-10-31","2018-10-30","2008-12-31","","132.33","132.32","","","0","","","","0.0106"
"中证10年期国债指数","930916","2018-11-01","2018-10-31","2008-12-31","","132.51","132.33","","","0","","","","0.1345"
"中证10年期国债指数","930916","2018-11-02","2018-11-01","2008-12-31","","132.28","132.51","","","0","","","","-0.1743"
"中证10年期国债指数","930916","2018-11-05","2018-11-02","2008-12-31","","132.28","132.28","","","0","","","","-0.0008"
"中证10年期国债指数","930916","2018-11-06","2018-11-05","2008-12-31","","132.33","132.28","","","0","","","","0.0416"
"中证10年期国债指数","930916","2018-11-07","2018-11-06","2008-12-31","","132.44","132.33","","","0","","","","0.0839"
"中证10年期国债指数","930916","2018-11-08","2018-11-07","2008-12-31","","132.80","132.44","","","0","","","","0.2680"
"中证10年期国债指数","930916","2018-11-09","2018-11-08","2008-12-31","","132.83","132.80","","","0","","","","0.0241"
"中证10年期国债指数","930916","2018-11-12","2018-11-09","2008-12-31","","132.83","132.83","","","0","","","","0.0045"
"中证10年期国债指数","930916","2018-11-13","2018-11-12","2008-12-31","","132.90","132.83","","","0","","","","0.0512"
"中证10年期国债指数","930916","2018-11-14","2018-11-13","2008-12-31","","133.39","132.90","","","0","","","","0.3687"
"中证10年期国债指数","930916","2018-11-15","2018-11-14","2008-12-31","","133.52","133.39","","","0","","","","0.0945"
"中证10年期国债指数","930916","2018-11-16","2018-11-15","2008-12-31","","133.80","133.52","","","0","","","","0.2127"
"中证10年期国债指数","930916","2018-11-19","2018-11-16","2008-12-31","","134.29","133.80","","","0","","","","0.3617"
"中证10年期国债指数","930916","2018-11-20","2018-11-19","2008-12-31","","134.29","134.29","","","1","","","","0.0022"
"中证10年期国债指数","930916","2018-11-21","2018-11-20","2008-12-31","","134.15","134.29","","","0","","","","-0.1028"
"中证10年期国债指数","930916","2018-11-22","2018-11-21","2008-12-31","","134.13","134.15","","","0","","","","-0.0142"
"中证10年期国债指数","930916","2018-11-23","2018-11-22","2008-12-31","","133.97","134.13","","","0","","","","-0.1245"
"中证10年期国债指数","930916","2018-11-26","2018-11-23","2008-12-31","","133.98","133.97","","","1","","","","0.0075"
"中证10年期国债指数","930916","2018-11-27","2018-11-26","2008-12-31","","133.83","133.98","","","0","","","","-0.1060"
"中证10年期国债指数","930916","2018-11-28","2018-11-27","2008-12-31","","133.94","133.83","","","0","","","","0.0777"
"中证10年期国债指数","930916","2018-11-29","2018-11-28","2008-12-31","","134.23","133.94","","","0","","","","0.2180"
"中证10年期国债指数","930916","2018-11-30","2018-11-29","2008-12-31","","134.11","134.23","","","0","","","","-0.0924"
"中证10年期国债指数","930916","2018-12-03","2018-11-30","2008-12-31","","134.02","134.11","","","0","","","","-0.0634"
"中证10年期国债指数","930916","2018-12-04","2018-12-03","2008-12-31","","134.32","134.02","","","0","","","","0.2253"
"中证10年期国债指数","930916","2018-12-05","2018-12-04","2008-12-31","","134.76","134.32","","","0","","","","0.3268"
"中证10年期国债指数","930916","2018-12-06","2018-12-05","2008-12-31","","134.79","134.76","","","0","","","","0.0200"
"中证10年期国债指数","930916","2018-12-07","2018-12-06","2008-12-31","","134.81","134.79","","","0","","","","0.0171"
"中证10年期国债指数","930916","2018-12-10","2018-12-07","2008-12-31","","134.99","134.81","","","0","","","","0.1343"
"中证10年期国债指数","930916","2018-12-11","2018-12-10","2008-12-31","","135.12","134.99","","","0","","","","0.0956"
"中证10年期国债指数","930916","2018-12-12","2018-12-11","2008-12-31","","135.21","135.12","","","1","","","","0.0629"
"中证10年期国债指数","930916","2018-12-13","2018-12-12","2008-12-31","","134.87","135.21","","","0","","","","-0.2485"
"中证10年期国债指数","930916","2018-12-14","2018-12-13","2008-12-31","","134.51","134.87","","","0","","","","-0.2647"
"中证10年期国债指数","930916","2018-12-17","2018-12-14","2008-12-31","","134.37","134.51","","","0","","","","-0.1071"
"中证10年期国债指数","930916","2018-12-18","2018-12-17","2008-12-31","","134.13","134.37","","","0","","","","-0.1764"
"中证10年期国债指数","930916","2018-12-19","2018-12-18","2008-12-31","","134.14","134.13","","","0","","","","0.0075"
"中证10年期国债指数","930916","2018-12-20","2018-12-19","2008-12-31","","134.33","134.14","","","0","","","","0.1416"
"中证10年期国债指数","930916","2018-12-21","2018-12-20","2008-12-31","","134.59","134.33","","","1","","","","0.1883"
"中证10年期国债指数","930916","2018-12-24","2018-12-21","2008-12-31","","134.70","134.59","","","2","","","","0.0817"
"中证10年期国债指数","930916","2018-12-25","2018-12-24","2008-12-31","","134.72","134.70","","","1","","","","0.0163"
"中证10年期国债指数","930916","2018-12-26","2018-12-25","2008-12-31","","134.89","134.72","","","3","","","","0.1284"
"中证10年期国债指数","930916","2018-12-27","2018-12-26","2008-12-31","","135.06","134.89","","","0","","","","0.1238"
"中证10年期国债指数","930916","2018-12-28","2018-12-27","2008-12-31","","135.43","135.06","","","0","","","","0.2762"
"中证10年期国债指数","930916","2019-01-02","2018-12-28","2008-12-31","","135.53","135.43","","","0","","","","0.0746"
"中证10年期国债指数","930916","2019-01-03","2019-01-02","2008-12-31","","136.36","135.53","","","2","","","","0.6117"
"中证10年期国债指数","930916","2019-01-04","2019-01-03","2008-12-31","","136.68","136.36","","","1","","","","0.2310"
"中证10年期国债指数","930916","2019-01-07","2019-01-04","2008-12-31","","136.79","136.68","","","0","","","","0.0805"
"中证10年期国债指数","930916","2019-01-08","2019-01-07","2008-12-31","","136.83","136.79","","","2","","","","0.0322"
"中证10年期国债指数","930916","2019-01-09","2019-01-08","2008-12-31","","136.96","136.83","","","0","","","","0.0957"
"中证10年期国债指数","930916","2019-01-10","2019-01-09","2008-12-31","","137.12","136.96","","","1","","","","0.1197"
"中证10年期国债指数","930916","2019-01-11","2019-01-10","2008-12-31","","137.08","137.12","","","0","","","","-0.0328"
"中证10年期国债指数","930916","2019-01-14","2019-01-11","2008-12-31","","137.02","137.08","","","0","","","","-0.0401"
"中证10年期国债指数","930916","2019-01-15","2019-01-14","2008-12-31","","136.88","137.02","","","0","","","","-0.1066"
"中证10年期国债指数","930916","2019-01-16","2019-01-15","2008-12-31","","137.21","136.88","","","0","","","","0.2426"
"中证10年期国债指数","930916","2019-01-17","2019-01-16","2008-12-31","","137.47","137.21","","","0","","","","0.1866"
"中证10年期国债指数","930916","2019-01-18","2019-01-17","2008-12-31","","137.35","137.47","","","0","","","","-0.0880"
"中证10年期国债指数","930916","2019-01-21","2019-01-18","2008-12-31","","137.29","137.35","","","0","","","","-0.0400"
"中证10年期国债指数","930916","2019-01-22","2019-01-21","2008-12-31","","137.28","137.29","","","0","","","","-0.0095"
"中证10年期国债指数","930916","2019-01-23","2019-01-22","2008-12-31","","137.28","137.28","","","0","","","","0.0000"
"中证10年期国债指数","930916","2019-01-24","2019-01-23","2008-12-31","","137.26","137.28","","","0","","","","-0.0131"
"中证10年期国债指数","930916","2019-01-25","2019-01-24","2008-12-31","","137.11","137.26","","","0","","","","-0.1100"
"中证10年期国债指数","930916","2019-01-28","2019-01-25","2008-12-31","","137.09","137.11","","","0","","","","-0.0117"
"中证10年期国债指数","930916","2019-01-29","2019-01-28","2008-12-31","","137.19","137.09","","","0","","","","0.0686"
"中证10年期国债指数","930916","2019-01-30","2019-01-29","2008-12-31","","137.27","137.19","","","0","","","","0.0641"
"中证10年期国债指数","930916","2019-01-31","2019-01-30","2008-12-31","","137.39","137.27","","","0","","","","0.0874"
"中证10年期国债指数","930916","2019-02-01","2019-01-31","2008-12-31","","137.56","137.39","","","0","","","","0.1179"
"中证10年期国债指数","930916","2019-02-11","2019-02-01","2008-12-31","","137.89","137.56","","","0","","","","0.2399"
"中证10年期国债指数","930916","2019-02-12","2019-02-11","2008-12-31","","137.95","137.89","","","0","","","","0.0493"
"中证10年期国债指数","930916","2019-02-13","2019-02-12","2008-12-31","","137.98","137.95","","","0","","","","0.0196"
"中证10年期国债指数","930916","2019-02-14","2019-02-13","2008-12-31","","137.93","137.98","","","0","","","","-0.0406"
"中证10年期国债指数","930916","2019-02-15","2019-02-14","2008-12-31","","137.93","137.93","","","0","","","","0.0065"
"中证10年期国债指数","930916","2019-02-18","2019-02-15","2008-12-31","","137.85","137.93","","","0","","","","-0.0594"
"中证10年期国债指数","930916","2019-02-19","2019-02-18","2008-12-31","","137.56","137.85","","","0","","","","-0.2111"
"中证10年期国债指数","930916","2019-02-20","2019-02-19","2008-12-31","","137.54","137.56","","","0","","","","-0.0131"
"中证10年期国债指数","930916","2019-02-21","2019-02-20","2008-12-31","","137.53","137.54","","","0","","","","-0.0102"
"中证10年期国债指数","930916","2019-02-22","2019-02-21","2008-12-31","","137.39","137.53","","","0","","","","-0.1047"
"中证10年期国债指数","930916","2019-02-25","2019-02-22","2008-12-31","","137.18","137.39","","","0","","","","-0.1499"
"中证10年期国债指数","930916","2019-02-26","2019-02-25","2008-12-31","","136.94","137.18","","","0","","","","-0.1757"
"中证10年期国债指数","930916","2019-02-27","2019-02-26","2008-12-31","","136.97","136.94","","","0","","","","0.0248"
"中证10年期国债指数","930916","2019-02-28","2019-02-27","2008-12-31","","137.07","136.97","","","0","","","","0.0708"
"中证10年期国债指数","930916","2019-03-01","2019-02-28","2008-12-31","","137.01","137.07","","","0","","","","-0.0423"
"中证10年期国债指数","930916","2019-03-04","2019-03-01","2008-12-31","","137.00","137.01","","","0","","","","-0.0080"
"中证10年期国债指数","930916","2019-03-05","2019-03-04","2008-12-31","","136.74","137.00","","","0","","","","-0.1876"
"中证10年期国债指数","930916","2019-03-06","2019-03-05","2008-12-31","","136.72","136.74","","","0","","","","-0.0190"
"中证10年期国债指数","930916","2019-03-07","2019-03-06","2008-12-31","","136.85","136.72","","","0","","","","0.0944"
"中证10年期国债指数","930916","2019-03-08","2019-03-07","2008-12-31","","137.36","136.85","","","0","","","","0.3771"
"中证10年期国债指数","930916","2019-03-11","2019-03-08","2008-12-31","","137.45","137.36","","","0","","","","0.0633"
"中证10年期国债指数","930916","2019-03-12","2019-03-11","2008-12-31","","137.44","137.45","","","0","","","","-0.0095"
"中证10年期国债指数","930916","2019-03-13","2019-03-12","2008-12-31","","137.53","137.44","","","0","","","","0.0706"
"中证10年期国债指数","930916","2019-03-14","2019-03-13","2008-12-31","","137.47","137.53","","","0","","","","-0.0436"
"中证10年期国债指数","930916","2019-03-15","2019-03-14","2008-12-31","","137.39","137.47","","","0","","","","-0.0640"
"中证10年期国债指数","930916","2019-03-18","2019-03-15","2008-12-31","","137.53","137.39","","","1","","","","0.1026"
"中证10年期国债指数","930916","2019-03-19","2019-03-18","2008-12-31","","137.53","137.53","","","0","","","","0.0044"
"中证10年期国债指数","930916","2019-03-20","2019-03-19","2008-12-31","","137.52","137.53","","","0","","","","-0.0080"
"中证10年期国债指数","930916","2019-03-21","2019-03-20","2008-12-31","","137.57","137.52","","","0","","","","0.0371"
"中证10年期国债指数","930916","2019-03-22","2019-03-21","2008-12-31","","137.60","137.57","","","0","","","","0.0196"
"中证10年期国债指数","930916","2019-03-25","2019-03-22","2008-12-31","","137.93","137.60","","","0","","","","0.2420"
"中证10年期国债指数","930916","2019-03-26","2019-03-25","2008-12-31","","138.21","137.93","","","0","","","","0.2008"
"中证10年期国债指数","930916","2019-03-27","2019-03-26","2008-12-31","","138.30","138.21","","","0","","","","0.0687"
"中证10年期国债指数","930916","2019-03-28","2019-03-27","2008-12-31","","138.33","138.30","","","0","","","","0.0195"
"中证10年期国债指数","930916","2019-03-29","2019-03-28","2008-12-31","","138.39","138.33","","","0","","","","0.0448"
"中证10年期国债指数","930916","2019-04-01","2019-03-29","2008-12-31","","137.91","138.39","","","0","","","","-0.3490"
"中证10年期国债指数","930916","2019-04-02","2019-04-01","2008-12-31","","137.56","137.91","","","0","","","","-0.2531"
"中证10年期国债指数","930916","2019-04-03","2019-04-02","2008-12-31","","137.34","137.56","","","0","","","","-0.1592"
"中证10年期国债指数","930916","2019-04-04","2019-04-03","2008-12-31","","136.58","137.34","","","0","","","","-0.5519"
"中证10年期国债指数","930916","2019-04-08","2019-04-04","2008-12-31","","136.63","136.58","","","0","","","","0.0329"
"中证10年期国债指数","930916","2019-04-09","2019-04-08","2008-12-31","","136.48","136.63","","","0","","","","-0.1105"
"中证10年期国债指数","930916","2019-04-10","2019-04-09","2008-12-31","","136.07","136.48","","","0","","","","-0.3004"
"中证10年期国债指数","930916","2019-04-11","2019-04-10","2008-12-31","","136.33","136.07","","","0","","","","0.1948"
"中证10年期国债指数","930916","2019-04-12","2019-04-11","2008-12-31","","136.22","136.33","","","0","","","","-0.0851"
"中证10年期国债指数","930916","2019-04-15","2019-04-12","2008-12-31","","135.48","136.22","","","0","","","","-0.5425"
"中证10年期国债指数","930916","2019-04-16","2019-04-15","2008-12-31","","135.27","135.48","","","0","","","","-0.1528"
"中证10年期国债指数","930916","2019-04-17","2019-04-16","2008-12-31","","135.26","135.27","","","0","","","","-0.0067"
"中证10年期国债指数","930916","2019-04-18","2019-04-17","2008-12-31","","135.31","135.26","","","0","","","","0.0325"
"中证10年期国债指数","930916","2019-04-19","2019-04-18","2008-12-31","","135.57","135.31","","","0","","","","0.1929"
"中证10年期国债指数","930916","2019-04-22","2019-04-19","2008-12-31","","135.39","135.57","","","0","","","","-0.1320"
"中证10年期国债指数","930916","2019-04-23","2019-04-22","2008-12-31","","135.25","135.39","","","0","","","","-0.1049"
"中证10年期国债指数","930916","2019-04-24","2019-04-23","2008-12-31","","135.17","135.25","","","0","","","","-0.0584"
"中证10年期国债指数","930916","2019-04-25","2019-04-24","2008-12-31","","135.08","135.17","","","0","","","","-0.0673"
"中证10年期国债指数","930916","2019-04-26","2019-04-25","2008-12-31","","135.12","135.08","","","0","","","","0.0355"
"中证10年期国债指数","930916","2019-04-29","2019-04-26","2008-12-31","","135.13","135.12","","","0","","","","0.0030"
"中证10年期国债指数","930916","2019-04-30","2019-04-29","2008-12-31","","135.24","135.13","","","0","","","","0.0807"
"中证10年期国债指数","930916","2019-05-06","2019-04-30","2008-12-31","","135.77","135.24","","","0","","","","0.3919"
"中证10年期国债指数","930916","2019-05-07","2019-05-06","2008-12-31","","135.86","135.77","","","0","","","","0.0663"
"中证10年期国债指数","930916","2019-05-08","2019-05-07","2008-12-31","","135.98","135.86","","","0","","","","0.0927"
"中证10年期国债指数","930916","2019-05-09","2019-05-08","2008-12-31","","136.06","135.98","","","0","","","","0.0544"
"中证10年期国债指数","930916","2019-05-10","2019-05-09","2008-12-31","","136.29","136.06","","","0","","","","0.1698"
"中证10年期国债指数","930916","2019-05-13","2019-05-10","2008-12-31","","136.51","136.29","","","0","","","","0.1651"
"中证10年期国债指数","930916","2019-05-14","2019-05-13","2008-12-31","","136.70","136.51","","","0","","","","0.1363"
"中证10年期国债指数","930916","2019-05-15","2019-05-14","2008-12-31","","136.64","136.70","","","0","","","","-0.0402"
"中证10年期国债指数","930916","2019-05-16","2019-05-15","2008-12-31","","136.81","136.64","","","180","","","","0.1193"
"中证10年期国债指数","930916","2019-05-17","2019-05-16","2008-12-31","","136.86","136.81","","","0","","","","0.0387"
"中证10年期国债指数","930916","2019-05-20","2019-05-17","2008-12-31","","136.84","136.86","","","0","","","","-0.0124"
"中证10年期国债指数","930916","2019-05-21","2019-05-20","2008-12-31","","136.85","136.84","","","0","","","","0.0051"
"中证10年期国债指数","930916","2019-05-22","2019-05-21","2008-12-31","","136.49","136.85","","","0","","","","-0.2638"
"中证10年期国债指数","930916","2019-05-23","2019-05-22","2008-12-31","","136.53","136.49","","","0","","","","0.0264"
"中证10年期国债指数","930916","2019-05-24","2019-05-23","2008-12-31","","136.57","136.53","","","0","","","","0.0352"
"中证10年期国债指数","930916","2019-05-27","2019-05-24","2008-12-31","","136.59","136.57","","","0","","","","0.0154"
"中证10年期国债指数","930916","2019-05-28","2019-05-27","2008-12-31","","136.60","136.59","","","0","","","","0.0066"
"中证10年期国债指数","930916","2019-05-29","2019-05-28","2008-12-31","","136.83","136.60","","","0","","","","0.1640"
"中证10年期国债指数","930916","2019-05-30","2019-05-29","2008-12-31","","136.90","136.83","","","0","","","","0.0548"
"中证10年期国债指数","930916","2019-05-31","2019-05-30","2008-12-31","","136.87","136.90","","","0","","","","-0.0205"
"中证10年期国债指数","930916","2019-06-03","2019-05-31","2008-12-31","","137.11","136.87","","","0","","","","0.1732"
"中证10年期国债指数","930916","2019-06-04","2019-06-03","2008-12-31","","137.49","137.11","","","0","","","","0.2735"
"中证10年期国债指数","930916","2019-06-05","2019-06-04","2008-12-31","","137.59","137.49","","","0","","","","0.0749"
"中证10年期国债指数","930916","2019-06-06","2019-06-05","2008-12-31","","137.66","137.59","","","0","","","","0.0531"
"中证10年期国债指数","930916","2019-06-10","2019-06-06","2008-12-31","","137.70","137.66","","","0","","","","0.0283"
"中证10年期国债指数","930916","2019-06-11","2019-06-10","2008-12-31","","137.42","137.70","","","0","","","","-0.2012"
"中证10年期国债指数","930916","2019-06-12","2019-06-11","2008-12-31","","137.30","137.42","","","0","","","","-0.0880"
"中证10年期国债指数","930916","2019-06-13","2019-06-12","2008-12-31","","137.31","137.30","","","0","","","","0.0073"
"中证10年期国债指数","930916","2019-06-14","2019-06-13","2008-12-31","","137.45","137.31","","","0","","","","0.0969"
"中证10年期国债指数","930916","2019-06-17","2019-06-14","2008-12-31","","137.68","137.45","","","0","","","","0.1717"
"中证10年期国债指数","930916","2019-06-18","2019-06-17","2008-12-31","","137.62","137.68","","","4","","","","-0.0429"
"中证10年期国债指数","930916","2019-06-19","2019-06-18","2008-12-31","","137.56","137.62","","","0","","","","-0.0429"
"中证10年期国债指数","930916","2019-06-20","2019-06-19","2008-12-31","","137.59","137.56","","","0","","","","0.0182"
"中证10年期国债指数","930916","2019-06-21","2019-06-20","2008-12-31","","137.69","137.59","","","0","","","","0.0763"
"中证10年期国债指数","930916","2019-06-24","2019-06-21","2008-12-31","","137.65","137.69","","","2","","","","-0.0327"
"中证10年期国债指数","930916","2019-06-25","2019-06-24","2008-12-31","","137.63","137.65","","","0","","","","-0.0116"
"中证10年期国债指数","930916","2019-06-26","2019-06-25","2008-12-31","","137.60","137.63","","","0","","","","-0.0240"
"中证10年期国债指数","930916","2019-06-27","2019-06-26","2008-12-31","","137.54","137.60","","","0","","","","-0.0451"
"中证10年期国债指数","930916","2019-06-28","2019-06-27","2008-12-31","","137.64","137.54","","","0","","","","0.0771"
"中证10年期国债指数","930916","2019-07-01","2019-06-28","2008-12-31","","137.75","137.64","","","0","","","","0.0792"
"中证10年期国债指数","930916","2019-07-02","2019-07-01","2008-12-31","","137.92","137.75","","","0","","","","0.1212"
"中证10年期国债指数","930916","2019-07-03","2019-07-02","2008-12-31","","137.94","137.92","","","1","","","","0.0174"
"中证10年期国债指数","930916","2019-07-04","2019-07-03","2008-12-31","","138.59","137.94","","","0","","","","0.4712"
"中证10年期国债指数","930916","2019-07-05","2019-07-04","2008-12-31","","138.60","138.59","","","0","","","","0.0036"
"中证10年期国债指数","930916","2019-07-08","2019-07-05","2008-12-31","","138.60","138.60","","","0","","","","0.0014"
"中证10年期国债指数","930916","2019-07-09","2019-07-08","2008-12-31","","138.57","138.60","","","0","","","","-0.0260"
"中证10年期国债指数","930916","2019-07-10","2019-07-09","2008-12-31","","138.58","138.57","","","0","","","","0.0101"
"中证10年期国债指数","930916","2019-07-11","2019-07-10","2008-12-31","","138.72","138.58","","","0","","","","0.0996"
"中证10年期国债指数","930916","2019-07-12","2019-07-11","2008-12-31","","138.70","138.72","","","0","","","","-0.0159"
"中证10年期国债指数","930916","2019-07-15","2019-07-12","2008-12-31","","138.71","138.70","","","0","","","","0.0101"
"中证10年期国债指数","930916","2019-07-16","2019-07-15","2008-12-31","","138.61","138.71","","","2","","","","-0.0721"
"中证10年期国债指数","930916","2019-07-17","2019-07-16","2008-12-31","","138.61","138.61","","","0","","","","-0.0022"
"中证10年期国债指数","930916","2019-07-18","2019-07-17","2008-12-31","","138.72","138.61","","","0","","","","0.0851"
"中证10年期国债指数","930916","2019-07-19","2019-07-18","2008-12-31","","138.78","138.72","","","0","","","","0.0404"
"中证10年期国债指数","930916","2019-07-22","2019-07-19","2008-12-31","","138.79","138.78","","","0","","","","0.0079"
"中证10年期国债指数","930916","2019-07-23","2019-07-22","2008-12-31","","138.89","138.79","","","0","","","","0.0677"
"中证10年期国债指数","930916","2019-07-24","2019-07-23","2008-12-31","","138.84","138.89","","","0","","","","-0.0317"
"中证10年期国债指数","930916","2019-07-25","2019-07-24","2008-12-31","","138.85","138.84","","","0","","","","0.0065"
"中证10年期国债指数","930916","2019-07-26","2019-07-25","2008-12-31","","138.96","138.85","","","0","","","","0.0778"
"中证10年期国债指数","930916","2019-07-29","2019-07-26","2008-12-31","","138.88","138.96","","","0","","","","-0.0533"
"中证10年期国债指数","930916","2019-07-30","2019-07-29","2008-12-31","","138.74","138.88","","","0","","","","-0.1051"
"中证10年期国债指数","930916","2019-07-31","2019-07-30","2008-12-31","","138.95","138.74","","","0","","","","0.1535"
"中证10年期国债指数","930916","2019-08-01","2019-07-31","2008-12-31","","139.03","138.95","","","2","","","","0.0576"
"中证10年期国债指数","930916","2019-08-02","2019-08-01","2008-12-31","","139.48","139.03","","","1","","","","0.3229"
"中证10年期国债指数","930916","2019-08-05","2019-08-02","2008-12-31","","139.66","139.48","","","0","","","","0.1305"
"中证10年期国债指数","930916","2019-08-06","2019-08-05","2008-12-31","","139.55","139.66","","","1","","","","-0.0838"
"中证10年期国债指数","930916","2019-08-07","2019-08-06","2008-12-31","","140.15","139.55","","","0","","","","0.4336"
"中证10年期国债指数","930916","2019-08-08","2019-08-07","2008-12-31","","140.20","140.15","","","0","","","","0.0350"
"中证10年期国债指数","930916","2019-08-09","2019-08-08","2008-12-31","","140.41","140.20","","","0","","","","0.1519"
"中证10年期国债指数","930916","2019-08-12","2019-08-09","2008-12-31","","140.40","140.41","","","0","","","","-0.0064"
"中证10年期国债指数","930916","2019-08-13","2019-08-12","2008-12-31","","140.57","140.40","","","0","","","","0.1218"
"中证10年期国债指数","930916","2019-08-14","2019-08-13","2008-12-31","","140.67","140.57","","","0","","","","0.0647"
"中证10年期国债指数","930916","2019-08-15","2019-08-14","2008-12-31","","140.77","140.67","","","0","","","","0.0768"
"中证10年期国债指数","930916","2019-08-16","2019-08-15","2008-12-31","","140.78","140.77","","","0","","","","0.0043"
"中证10年期国债指数","930916","2019-08-19","2019-08-16","2008-12-31","","140.65","140.78","","","0","","","","-0.0895"
"中证10年期国债指数","930916","2019-08-20","2019-08-19","2008-12-31","","140.63","140.65","","","0","","","","-0.0164"
"中证10年期国债指数","930916","2019-08-21","2019-08-20","2008-12-31","","140.58","140.63","","","0","","","","-0.0391"
"中证10年期国债指数","930916","2019-08-22","2019-08-21","2008-12-31","","140.36","140.58","","","0","","","","-0.1508"
"中证10年期国债指数","930916","2019-08-23","2019-08-22","2008-12-31","","140.40","140.36","","","0","","","","0.0278"
"中证10年期国债指数","930916","2019-08-26","2019-08-23","2008-12-31","","140.46","140.40","","","0","","","","0.0406"
"中证10年期国债指数","930916","2019-08-27","2019-08-26","2008-12-31","","140.45","140.46","","","0","","","","-0.0043"
"中证10年期国债指数","930916","2019-08-28","2019-08-27","2008-12-31","","140.40","140.45","","","0","","","","-0.0377"
"中证10年期国债指数","930916","2019-08-29","2019-08-28","2008-12-31","","140.44","140.40","","","0","","","","0.0256"
"中证10年期国债指数","930916","2019-08-30","2019-08-29","2008-12-31","","140.49","140.44","","","0","","","","0.0377"
"中证10年期国债指数","930916","2019-09-02","2019-08-30","2008-12-31","","140.48","140.49","","","0","","","","-0.0057"
"中证10年期国债指数","930916","2019-09-03","2019-09-02","2008-12-31","","140.52","140.48","","","0","","","","0.0270"
"中证10年期国债指数","930916","2019-09-04","2019-09-03","2008-12-31","","140.50","140.52","","","0","","","","-0.0157"
"中证10年期国债指数","930916","2019-09-05","2019-09-04","2008-12-31","","140.67","140.50","","","0","","","","0.1260"
"中证10年期国债指数","930916","2019-09-06","2019-09-05","2008-12-31","","140.92","140.67","","","0","","","","0.1763"
"中证10年期国债指数","930916","2019-09-09","2019-09-06","2008-12-31","","141.00","140.92","","","0","","","","0.0525"
"中证10年期国债指数","930916","2019-09-10","2019-09-09","2008-12-31","","140.84","141.00","","","0","","","","-0.1121"
"中证10年期国债指数","930916","2019-09-11","2019-09-10","2008-12-31","","140.61","140.84","","","0","","","","-0.1598"
"中证10年期国债指数","930916","2019-09-12","2019-09-11","2008-12-31","","140.38","140.61","","","0","","","","-0.1650"
"中证10年期国债指数","930916","2019-09-16","2019-09-12","2008-12-31","","140.31","140.38","","","0","","","","-0.0499"
"中证10年期国债指数","930916","2019-09-17","2019-09-16","2008-12-31","","140.37","140.31","","","0","","","","0.0406"
"中证10年期国债指数","930916","2019-09-18","2019-09-17","2008-12-31","","140.38","140.37","","","0","","","","0.0100"
"中证10年期国债指数","930916","2019-09-19","2019-09-18","2008-12-31","","140.12","140.38","","","0","","","","-0.1838"
"中证10年期国债指数","930916","2019-09-20","2019-09-19","2008-12-31","","140.17","140.12","","","1","","","","0.0314"
"中证10年期国债指数","930916","2019-09-23","2019-09-20","2008-12-31","","140.25","140.17","","","0","","","","0.0606"
"中证10年期国债指数","930916","2019-09-24","2019-09-23","2008-12-31","","140.27","140.25","","","1","","","","0.0121"
"中证10年期国债指数","930916","2019-09-25","2019-09-24","2008-12-31","","140.12","140.27","","","0","","","","-0.1098"
"中证10年期国债指数","930916","2019-09-26","2019-09-25","2008-12-31","","140.09","140.12","","","0","","","","-0.0164"
"中证10年期国债指数","930916","2019-09-27","2019-09-26","2008-12-31","","139.91","140.09","","","0","","","","-0.1285"
"中证10年期国债指数","930916","2019-09-30","2019-09-27","2008-12-31","","139.93","139.91","","","0","","","","0.0129"
"中证10年期国债指数","930916","2019-10-08","2019-09-30","2008-12-31","","140.07","139.93","","","0","","","","0.0993"
"中证10年期国债指数","930916","2019-10-09","2019-10-08","2008-12-31","","140.35","140.07","","","0","","","","0.1999"
"中证10年期国债指数","930916","2019-10-10","2019-10-09","2008-12-31","","140.36","140.35","","","0","","","","0.0093"
"中证10年期国债指数","930916","2019-10-11","2019-10-10","2008-12-31","","140.00","140.36","","","0","","","","-0.2565"
"中证10年期国债指数","930916","2019-10-14","2019-10-11","2008-12-31","","139.90","140.00","","","0","","","","-0.0757"
"中证10年期国债指数","930916","2019-10-15","2019-10-14","2008-12-31","","139.78","139.90","","","0","","","","-0.0829"
"中证10年期国债指数","930916","2019-10-16","2019-10-15","2008-12-31","","139.81","139.78","","","0","","","","0.0172"
"中证10年期国债指数","930916","2019-10-17","2019-10-16","2008-12-31","","139.86","139.81","","","0","","","","0.0365"
"中证10年期国债指数","930916","2019-10-18","2019-10-17","2008-12-31","","139.81","139.86","","","1","","","","-0.0329"
"中证10年期国债指数","930916","2019-10-21","2019-10-18","2008-12-31","","139.52","139.81","","","0","","","","-0.2067"
"中证10年期国债指数","930916","2019-10-22","2019-10-21","2008-12-31","","139.33","139.52","","","0","","","","-0.1340"
"中证10年期国债指数","930916","2019-10-23","2019-10-22","2008-12-31","","139.28","139.33","","","0","","","","-0.0402"
"中证10年期国债指数","930916","2019-10-24","2019-10-23","2008-12-31","","139.28","139.28","","","2","","","","0.0007"
"中证10年期国债指数","930916","2019-10-25","2019-10-24","2008-12-31","","139.33","139.28","","","0","","","","0.0366"
"中证10年期国债指数","930916","2019-10-28","2019-10-25","2008-12-31","","138.87","139.33","","","0","","","","-0.3273"
"中证10年期国债指数","930916","2019-10-29","2019-10-28","2008-12-31","","138.66","138.87","","","0","","","","-0.1548"
"中证10年期国债指数","930916","2019-10-30","2019-10-29","2008-12-31","","138.48","138.66","","","1","","","","-0.1269"
"中证10年期国债指数","930916","2019-10-31","2019-10-30","2008-12-31","","138.70","138.48","","","1","","","","0.1531"
"中证10年期国债指数","930916","2019-11-01","2019-10-31","2008-12-31","","138.75","138.70","","","1","","","","0.0425"
"中证10年期国债指数","930916","2019-11-04","2019-11-01","2008-12-31","","138.76","138.75","","","0","","","","0.0014"
"中证10年期国债指数","930916","2019-11-05","2019-11-04","2008-12-31","","138.82","138.76","","","0","","","","0.0461"
"中证10年期国债指数","930916","2019-11-06","2019-11-05","2008-12-31","","139.17","138.82","","","0","","","","0.2521"
"中证10年期国债指数","930916","2019-11-07","2019-11-06","2008-12-31","","139.21","139.17","","","0","","","","0.0266"
"中证10年期国债指数","930916","2019-11-08","2019-11-07","2008-12-31","","139.12","139.21","","","0","","","","-0.0647"
"中证10年期国债指数","930916","2019-11-11","2019-11-08","2008-12-31","","139.16","139.12","","","0","","","","0.0323"
"中证10年期国债指数","930916","2019-11-12","2019-11-11","2008-12-31","","139.36","139.16","","","0","","","","0.1408"
"中证10年期国债指数","930916","2019-11-13","2019-11-12","2008-12-31","","139.42","139.36","","","0","","","","0.0431"
"中证10年期国债指数","930916","2019-11-14","2019-11-13","2008-12-31","","139.47","139.42","","","0","","","","0.0359"
"中证10年期国债指数","930916","2019-11-15","2019-11-14","2008-12-31","","139.50","139.47","","","0","","","","0.0201"
"中证10年期国债指数","930916","2019-11-18","2019-11-15","2008-12-31","","139.79","139.50","","","0","","","","0.2086"
"中证10年期国债指数","930916","2019-11-19","2019-11-18","2008-12-31","","140.12","139.79","","","0","","","","0.2411"
"中证10年期国债指数","930916","2019-11-20","2019-11-19","2008-12-31","","140.24","140.12","","","0","","","","0.0806"
"中证10年期国债指数","930916","2019-11-21","2019-11-20","2008-12-31","","140.33","140.24","","","0","","","","0.0663"
"中证10年期国债指数","930916","2019-11-22","2019-11-21","2008-12-31","","140.36","140.33","","","0","","","","0.0235"
"中证10年期国债指数","930916","2019-11-25","2019-11-22","2008-12-31","","140.26","140.36","","","0","","","","-0.0705"
"中证10年期国债指数","930916","2019-11-26","2019-11-25","2008-12-31","","140.30","140.26","","","0","","","","0.0242"
"中证10年期国债指数","930916","2019-11-27","2019-11-26","2008-12-31","","140.35","140.30","","","0","","","","0.0364"
"中证10年期国债指数","930916","2019-11-28","2019-11-27","2008-12-31","","140.24","140.35","","","0","","","","-0.0798"
"中证10年期国债指数","930916","2019-11-29","2019-11-28","2008-12-31","","140.30","140.24","","","0","","","","0.0456"
"中证10年期国债指数","930916","2019-12-02","2019-11-29","2008-12-31","","140.31","140.30","","","0","","","","0.0078"
"中证10年期国债指数","930916","2019-12-03","2019-12-02","2008-12-31","","140.06","140.31","","","0","","","","-0.1832"
"中证10年期国债指数","930916","2019-12-04","2019-12-03","2008-12-31","","140.28","140.06","","","0","","","","0.1578"
"中证10年期国债指数","930916","2019-12-05","2019-12-04","2008-12-31","","140.27","140.28","","","0","","","","-0.0036"
"中证10年期国债指数","930916","2019-12-06","2019-12-05","2008-12-31","","140.30","140.27","","","0","","","","0.0214"
"中证10年期国债指数","930916","2019-12-09","2019-12-06","2008-12-31","","140.17","140.30","","","0","","","","-0.0962"
"中证10年期国债指数","930916","2019-12-10","2019-12-09","2008-12-31","","140.18","140.17","","","0","","","","0.0128"
"中证10年期国债指数","930916","2019-12-11","2019-12-10","2008-12-31","","140.32","140.18","","","0","","","","0.0963"
"中证10年期国债指数","930916","2019-12-12","2019-12-11","2008-12-31","","140.45","140.32","","","0","","","","0.0948"
"中证10年期国债指数","930916","2019-12-13","2019-12-12","2008-12-31","","140.32","140.45","","","0","","","","-0.0926"
"中证10年期国债指数","930916","2019-12-16","2019-12-13","2008-12-31","","140.36","140.32","","","0","","","","0.0264"
"中证10年期国债指数","930916","2019-12-17","2019-12-16","2008-12-31","","140.26","140.36","","","0","","","","-0.0691"
"中证10年期国债指数","930916","2019-12-18","2019-12-17","2008-12-31","","140.12","140.26","","","0","","","","-0.0991"
"中证10年期国债指数","930916","2019-12-19","2019-12-18","2008-12-31","","140.09","140.12","","","0","","","","-0.0250"
"中证10年期国债指数","930916","2019-12-20","2019-12-19","2008-12-31","","140.29","140.09","","","0","","","","0.1406"
"中证10年期国债指数","930916","2019-12-23","2019-12-20","2008-12-31","","140.53","140.29","","","0","","","","0.1739"
"中证10年期国债指数","930916","2019-12-24","2019-12-23","2008-12-31","","140.83","140.53","","","0","","","","0.2106"
"中证10年期国债指数","930916","2019-12-25","2019-12-24","2008-12-31","","140.85","140.83","","","0","","","","0.0199"
"中证10年期国债指数","930916","2019-12-26","2019-12-25","2008-12-31","","141.01","140.85","","","0","","","","0.1122"
"中证10年期国债指数","930916","2019-12-27","2019-12-26","2008-12-31","","141.19","141.01","","","0","","","","0.1255"
"中证10年期国债指数","930916","2019-12-30","2019-12-27","2008-12-31","","141.15","141.19","","","0","","","","-0.0305"
"中证10年期国债指数","930916","2019-12-31","2019-12-30","2008-12-31","","141.16","141.15","","","0","","","","0.0099"
"中证10年期国债指数","930916","2020-01-02","2019-12-31","2008-12-31","","141.13","141.16","","","0","","","","-0.0205"
"中证10年期国债指数","930916","2020-01-03","2020-01-02","2008-12-31","","140.97","141.13","","","0","","","","-0.1105"
"中证10年期国债指数","930916","2020-01-06","2020-01-03","2008-12-31","","141.07","140.97","","","0","","","","0.0674"
"中证10年期国债指数","930916","2020-01-07","2020-01-06","2008-12-31","","141.09","141.07","","","0","","","","0.0156"
"中证10年期国债指数","930916","2020-01-08","2020-01-07","2008-12-31","","141.15","141.09","","","0","","","","0.0425"
"中证10年期国债指数","930916","2020-01-09","2020-01-08","2008-12-31","","141.17","141.15","","","0","","","","0.0128"
"中证10年期国债指数","930916","2020-01-10","2020-01-09","2008-12-31","","141.39","141.17","","","0","","","","0.1558"
"中证10年期国债指数","930916","2020-01-13","2020-01-10","2008-12-31","","141.64","141.39","","","2","","","","0.1796"
"中证10年期国债指数","930916","2020-01-14","2020-01-13","2008-12-31","","141.64","141.64","","","0","","","","-0.0035"
"中证10年期国债指数","930916","2020-01-15","2020-01-14","2008-12-31","","141.66","141.64","","","0","","","","0.0127"
"中证10年期国债指数","930916","2020-01-16","2020-01-15","2008-12-31","","141.66","141.66","","","0","","","","-0.0007"
"中证10年期国债指数","930916","2020-01-17","2020-01-16","2008-12-31","","141.71","141.66","","","0","","","","0.0374"
"中证10年期国债指数","930916","2020-01-20","2020-01-17","2008-12-31","","141.87","141.71","","","0","","","","0.1136"
"中证10年期国债指数","930916","2020-01-21","2020-01-20","2008-12-31","","142.33","141.87","","","0","","","","0.3221"
"中证10年期国债指数","930916","2020-01-22","2020-01-21","2008-12-31","","142.62","142.33","","","0","","","","0.2059"
"中证10年期国债指数","930916","2020-01-23","2020-01-22","2008-12-31","","142.81","142.62","","","0","","","","0.1311"
"中证10年期国债指数","930916","2020-02-03","2020-01-23","2008-12-31","","143.79","142.81","","","0","","","","0.6876"
"中证10年期国债指数","930916","2020-02-04","2020-02-03","2008-12-31","","143.48","143.79","","","0","","","","-0.2135"
"中证10年期国债指数","930916","2020-02-05","2020-02-04","2008-12-31","","143.94","143.48","","","1","","","","0.3206"
"中证10年期国债指数","930916","2020-02-06","2020-02-05","2008-12-31","","144.53","143.94","","","1","","","","0.4078"
"中证10年期国债指数","930916","2020-02-07","2020-02-06","2008-12-31","","145.12","144.53","","","1","","","","0.4117"
"中证10年期国债指数","930916","2020-02-10","2020-02-07","2008-12-31","","145.29","145.12","","","0","","","","0.1123"
"中证10年期国债指数","930916","2020-02-11","2020-02-10","2008-12-31","","145.16","145.29","","","0","","","","-0.0860"
"中证10年期国债指数","930916","2020-02-12","2020-02-11","2008-12-31","","144.89","145.16","","","0","","","","-0.1874"
"中证10年期国债指数","930916","2020-02-13","2020-02-12","2008-12-31","","145.00","144.89","","","0","","","","0.0759"
"中证10年期国债指数","930916","2020-02-14","2020-02-13","2008-12-31","","144.85","145.00","","","0","","","","-0.1007"
"中证10年期国债指数","930916","2020-02-17","2020-02-14","2008-12-31","","144.56","144.85","","","0","","","","-0.2009"
"中证10年期国债指数","930916","2020-02-18","2020-02-17","2008-12-31","","144.56","144.56","","","0","","","","-0.0028"
"中证10年期国债指数","930916","2020-02-19","2020-02-18","2008-12-31","","144.60","144.56","","","0","","","","0.0311"
"中证10年期国债指数","930916","2020-02-20","2020-02-19","2008-12-31","","144.45","144.60","","","0","","","","-0.1058"
"中证10年期国债指数","930916","2020-02-21","2020-02-20","2008-12-31","","144.61","144.45","","","1","","","","0.1080"
"中证10年期国债指数","930916","2020-02-24","2020-02-21","2008-12-31","","144.80","144.61","","","0","","","","0.1355"
"中证10年期国债指数","930916","2020-02-25","2020-02-24","2008-12-31","","145.18","144.80","","","0","","","","0.2604"
"中证10年期国债指数","930916","2020-02-26","2020-02-25","2008-12-31","","145.23","145.18","","","0","","","","0.0365"
"中证10年期国债指数","930916","2020-02-27","2020-02-26","2008-12-31","","145.31","145.23","","","0","","","","0.0530"
"中证10年期国债指数","930916","2020-02-28","2020-02-27","2008-12-31","","145.12","145.31","","","0","","","","-0.1314"
"中证10年期国债指数","930916","2020-03-02","2020-02-28","2008-12-31","","145.80","145.12","","","0","","","","0.4665"
"中证10年期国债指数","930916","2020-03-03","2020-03-02","2008-12-31","","146.05","145.80","","","0","","","","0.1770"
"中证10年期国债指数","930916","2020-03-04","2020-03-03","2008-12-31","","146.18","146.05","","","0","","","","0.0856"
"中证10年期国债指数","930916","2020-03-05","2020-03-04","2008-12-31","","146.68","146.18","","","0","","","","0.3462"
"中证10年期国债指数","930916","2020-03-06","2020-03-05","2008-12-31","","146.91","146.68","","","0","","","","0.1548"
"中证10年期国债指数","930916","2020-03-09","2020-03-06","2008-12-31","","147.82","146.91","","","0","","","","0.6187"
"中证10年期国债指数","930916","2020-03-10","2020-03-09","2008-12-31","","148.12","147.82","","","0","","","","0.2009"
"中证10年期国债指数","930916","2020-03-11","2020-03-10","2008-12-31","","147.81","148.12","","","0","","","","-0.2046"
"中证10年期国债指数","930916","2020-03-12","2020-03-11","2008-12-31","","147.57","147.81","","","0","","","","-0.1671"
"中证10年期国债指数","930916","2020-03-13","2020-03-12","2008-12-31","","147.14","147.57","","","1","","","","-0.2866"
"中证10年期国债指数","930916","2020-03-16","2020-03-13","2008-12-31","","147.05","147.14","","","0","","","","-0.0632"
"中证10年期国债指数","930916","2020-03-17","2020-03-16","2008-12-31","","146.80","147.05","","","0","","","","-0.1700"
"中证10年期国债指数","930916","2020-03-18","2020-03-17","2008-12-31","","146.78","146.80","","","0","","","","-0.0129"
"中证10年期国债指数","930916","2020-03-19","2020-03-18","2008-12-31","","146.49","146.78","","","0","","","","-0.1976"
"中证10年期国债指数","930916","2020-03-20","2020-03-19","2008-12-31","","146.42","146.49","","","0","","","","-0.0491"
"中证10年期国债指数","930916","2020-03-23","2020-03-20","2008-12-31","","146.64","146.42","","","1","","","","0.1503"
"中证10年期国债指数","930916","2020-03-24","2020-03-23","2008-12-31","","147.41","146.64","","","0","","","","0.5251"
"中证10年期国债指数","930916","2020-03-25","2020-03-24","2008-12-31","","147.37","147.41","","","2","","","","-0.0258"
"中证10年期国债指数","930916","2020-03-26","2020-03-25","2008-12-31","","147.49","147.37","","","1","","","","0.0814"
"中证10年期国债指数","930916","2020-03-27","2020-03-26","2008-12-31","","147.78","147.49","","","0","","","","0.1932"
"中证10年期国债指数","930916","2020-03-30","2020-03-27","2008-12-31","","147.70","147.78","","","0","","","","-0.0521"
"中证10年期国债指数","930916","2020-03-31","2020-03-30","2008-12-31","","147.69","147.70","","","0","","","","-0.0054"
"中证10年期国债指数","930916","2020-04-01","2020-03-31","2008-12-31","","147.84","147.69","","","7","","","","0.1022"
"中证10年期国债指数","930916","2020-04-02","2020-04-01","2008-12-31","","148.12","147.84","","","1","","","","0.1840"
"中证10年期国债指数","930916","2020-04-03","2020-04-02","2008-12-31","","147.82","148.12","","","0","","","","-0.1985"
"中证10年期国债指数","930916","2020-04-07","2020-04-03","2008-12-31","","148.67","147.82","","","0","","","","0.5743"
"中证10年期国债指数","930916","2020-04-08","2020-04-07","2008-12-31","","148.76","148.67","","","0","","","","0.0619"
"中证10年期国债指数","930916","2020-04-09","2020-04-08","2008-12-31","","149.05","148.76","","","0","","","","0.1902"
"中证10年期国债指数","930916","2020-04-10","2020-04-09","2008-12-31","","148.96","149.05","","","0","","","","-0.0590"
"中证10年期国债指数","930916","2020-04-13","2020-04-10","2008-12-31","","148.58","148.96","","","0","","","","-0.2544"
"中证10年期国债指数","930916","2020-04-14","2020-04-13","2008-12-31","","148.59","148.58","","","0","","","","0.0074"
"中证10年期国债指数","930916","2020-04-15","2020-04-14","2008-12-31","","148.75","148.59","","","0","","","","0.1057"
"中证10年期国债指数","930916","2020-04-16","2020-04-15","2008-12-31","","148.80","148.75","","","0","","","","0.0390"
"中证10年期国债指数","930916","2020-04-17","2020-04-16","2008-12-31","","148.89","148.80","","","0","","","","0.0605"
"中证10年期国债指数","930916","2020-04-20","2020-04-17","2008-12-31","","149.00","148.89","","","1","","","","0.0678"
"中证10年期国债指数","930916","2020-04-21","2020-04-20","2008-12-31","","148.74","149.00","","","1","","","","-0.1691"
"中证10年期国债指数","930916","2020-04-22","2020-04-21","2008-12-31","","148.66","148.74","","","0","","","","-0.0538"
"中证10年期国债指数","930916","2020-04-23","2020-04-22","2008-12-31","","148.95","148.66","","","0","","","","0.1931"
"中证10年期国债指数","930916","2020-04-24","2020-04-23","2008-12-31","","149.50","148.95","","","0","","","","0.3659"
"中证10年期国债指数","930916","2020-04-27","2020-04-24","2008-12-31","","149.52","149.50","","","0","","","","0.0187"
"中证10年期国债指数","930916","2020-04-28","2020-04-27","2008-12-31","","149.49","149.52","","","1","","","","-0.0194"
"中证10年期国债指数","930916","2020-04-29","2020-04-28","2008-12-31","","149.52","149.49","","","0","","","","0.0194"
"中证10年期国债指数","930916","2020-04-30","2020-04-29","2008-12-31","","149.58","149.52","","","0","","","","0.0361"
"中证10年期国债指数","930916","2020-05-06","2020-04-30","2008-12-31","","149.49","149.58","","","0","","","","-0.0615"
"中证10年期国债指数","930916","2020-05-07","2020-05-06","2008-12-31","","149.51","149.49","","","0","","","","0.0194"
"中证10年期国债指数","930916","2020-05-08","2020-05-07","2008-12-31","","148.43","149.51","","","0","","","","-0.7250"
"中证10年期国债指数","930916","2020-05-11","2020-05-08","2008-12-31","","147.87","148.43","","","0","","","","-0.3753"
"中证10年期国债指数","930916","2020-05-12","2020-05-11","2008-12-31","","147.95","147.87","","","0","","","","0.0548"
"中证10年期国债指数","930916","2020-05-13","2020-05-12","2008-12-31","","147.95","147.95","","","0","","","","-0.0034"
"中证10年期国债指数","930916","2020-05-14","2020-05-13","2008-12-31","","147.57","147.95","","","0","","","","-0.2535"
"中证10年期国债指数","930916","2020-05-15","2020-05-14","2008-12-31","","147.65","147.57","","","0","","","","0.0529"
"中证10年期国债指数","930916","2020-05-18","2020-05-15","2008-12-31","","147.58","147.65","","","0","","","","-0.0474"
"中证10年期国债指数","930916","2020-05-19","2020-05-18","2008-12-31","","147.23","147.58","","","0","","","","-0.2399"
"中证10年期国债指数","930916","2020-05-20","2020-05-19","2008-12-31","","147.22","147.23","","","0","","","","-0.0075"
"中证10年期国债指数","930916","2020-05-21","2020-05-20","2008-12-31","","147.46","147.22","","","0","","","","0.1637"
"中证10年期国债指数","930916","2020-05-22","2020-05-21","2008-12-31","","148.20","147.46","","","1","","","","0.5012"
"中证10年期国债指数","930916","2020-05-25","2020-05-22","2008-12-31","","148.06","148.20","","","0","","","","-0.0911"
"中证10年期国债指数","930916","2020-05-26","2020-05-25","2008-12-31","","147.98","148.06","","","0","","","","-0.0561"
"中证10年期国债指数","930916","2020-05-27","2020-05-26","2008-12-31","","147.15","147.98","","","1","","","","-0.5602"
"中证10年期国债指数","930916","2020-05-28","2020-05-27","2008-12-31","","147.53","147.15","","","1","","","","0.2576"
"中证10年期国债指数","930916","2020-05-29","2020-05-28","2008-12-31","","147.49","147.53","","","1","","","","-0.0264"
"中证10年期国债指数","930916","2020-06-01","2020-05-29","2008-12-31","","147.52","147.49","","","577","","","","0.0210"
"中证10年期国债指数","930916","2020-06-02","2020-06-01","2008-12-31","","147.06","147.49","","","1","","","","-0.2936"
"中证10年期国债指数","930916","2020-06-03","2020-06-02","2008-12-31","","146.26","147.06","","","1","","","","-0.5426"
"中证10年期国债指数","930916","2020-06-04","2020-06-03","2008-12-31","","146.14","146.26","","","1","","","","-0.0800"
"中证10年期国债指数","930916","2020-06-05","2020-06-04","2008-12-31","","145.85","146.14","","","0","","","","-0.2005"
"中证10年期国债指数","930916","2020-06-08","2020-06-05","2008-12-31","","146.01","145.85","","","0","","","","0.1104"
"中证10年期国债指数","930916","2020-06-09","2020-06-08","2008-12-31","","146.24","146.01","","","0","","","","0.1548"
"中证10年期国债指数","930916","2020-06-10","2020-06-09","2008-12-31","","146.34","146.24","","","0","","","","0.0725"
"中证10年期国债指数","930916","2020-06-11","2020-06-10","2008-12-31","","146.56","146.34","","","1","","","","0.1462"
"中证10年期国债指数","930916","2020-06-12","2020-06-11","2008-12-31","","147.01","146.56","","","0","","","","0.3064"
"中证10年期国债指数","930916","2020-06-15","2020-06-12","2008-12-31","","147.14","147.01","","","0","","","","0.0898"
"中证10年期国债指数","930916","2020-06-16","2020-06-15","2008-12-31","","146.51","147.14","","","0","","","","-0.4289"
"中证10年期国债指数","930916","2020-06-17","2020-06-16","2008-12-31","","145.98","146.51","","","1","","","","-0.3624"
"中证10年期国债指数","930916","2020-06-18","2020-06-17","2008-12-31","","145.84","145.98","","","1","","","","-0.0945"
"中证10年期国债指数","930916","2020-06-19","2020-06-18","2008-12-31","","145.79","145.84","","","1","","","","-0.0295"
"中证10年期国债指数","930916","2020-06-22","2020-06-19","2008-12-31","","145.74","145.79","","","0","","","","-0.0357"
"中证10年期国债指数","930916","2020-06-23","2020-06-22","2008-12-31","","145.53","145.74","","","0","","","","-0.1434"
"中证10年期国债指数","930916","2020-06-24","2020-06-23","2008-12-31","","145.76","145.53","","","0","","","","0.1567"
"中证10年期国债指数","930916","2020-06-29","2020-06-24","2008-12-31","","146.12","145.76","","","338","","","","0.2484"
"中证10年期国债指数","930916","2020-06-30","2020-06-29","2008-12-31","","146.09","146.12","","","0","","","","-0.0233"
"中证10年期国债指数","930916","2020-07-01","2020-06-30","2008-12-31","","146.26","146.09","","","276","","","","0.1150"
"中证10年期国债指数","930916","2020-07-02","2020-07-01","2008-12-31","","146.24","146.26","","","0","","","","-0.0089"
"中证10年期国债指数","930916","2020-07-03","2020-07-02","2008-12-31","","145.62","146.24","","","0","","","","-0.4239"
"中证10年期国债指数","930916","2020-07-06","2020-07-03","2008-12-31","","144.45","145.62","","","0","","","","-0.8034"
"中证10年期国债指数","930916","2020-07-07","2020-07-06","2008-12-31","","144.42","144.45","","","1","","","","-0.0222"
"中证10年期国债指数","930916","2020-07-08","2020-07-07","2008-12-31","","143.93","144.42","","","1","","","","-0.3441"
"中证10年期国债指数","930916","2020-07-09","2020-07-08","2008-12-31","","143.38","143.93","","","355","","","","-0.3780"
"中证10年期国债指数","930916","2020-07-10","2020-07-09","2008-12-31","","143.76","143.38","","","1","","","","0.2636"
"中证10年期国债指数","930916","2020-07-13","2020-07-10","2008-12-31","","143.67","143.76","","","0","","","","-0.0633"
"中证10年期国债指数","930916","2020-07-14","2020-07-13","2008-12-31","","143.96","143.67","","","1","","","","0.2060"
"中证10年期国债指数","930916","2020-07-15","2020-07-14","2008-12-31","","144.39","143.96","","","0","","","","0.2987"
"中证10年期国债指数","930916","2020-07-16","2020-07-15","2008-12-31","","145.05","144.39","","","0","","","","0.4571"
"中证10年期国债指数","930916","2020-07-17","2020-07-16","2008-12-31","","145.08","145.05","","","0","","","","0.0200"
"中证10年期国债指数","930916","2020-07-20","2020-07-17","2008-12-31","","145.07","145.08","","","0","","","","-0.0117"
"中证10年期国债指数","930916","2020-07-21","2020-07-20","2008-12-31","","145.14","145.07","","","155","","","","0.0503"
"中证10年期国债指数","930916","2020-07-22","2020-07-21","2008-12-31","","145.45","145.14","","","0","","","","0.2108"
"中证10年期国债指数","930916","2020-07-23","2020-07-22","2008-12-31","","145.59","145.45","","","0","","","","0.0990"
"中证10年期国债指数","930916","2020-07-24","2020-07-23","2008-12-31","","145.93","145.59","","","0","","","","0.2308"
"中证10年期国债指数","930916","2020-07-27","2020-07-24","2008-12-31","","146.02","145.93","","","0","","","","0.0651"
"中证10年期国债指数","930916","2020-07-28","2020-07-27","2008-12-31","","145.79","146.02","","","0","","","","-0.1555"
"中证10年期国债指数","930916","2020-07-29","2020-07-28","2008-12-31","","145.45","145.79","","","0","","","","-0.2353"
"中证10年期国债指数","930916","2020-07-30","2020-07-29","2008-12-31","","145.20","145.45","","","0","","","","-0.1705"
"中证10年期国债指数","930916","2020-07-31","2020-07-30","2008-12-31","","145.05","145.20","","","0","","","","-0.1026"
"中证10年期国债指数","930916","2020-08-03","2020-07-31","2008-12-31","","144.96","145.05","","","0","","","","-0.0648"
"中证10年期国债指数","930916","2020-08-04","2020-08-03","2008-12-31","","145.13","144.96","","","0","","","","0.1159"
"中证10年期国债指数","930916","2020-08-05","2020-08-04","2008-12-31","","145.13","145.13","","","0","","","","0.0028"
"中证10年期国债指数","930916","2020-08-06","2020-08-05","2008-12-31","","144.90","145.13","","","0","","","","-0.1626"
"中证10年期国债指数","930916","2020-08-07","2020-08-06","2008-12-31","","144.68","144.90","","","0","","","","-0.1477"
"中证10年期国债指数","930916","2020-08-10","2020-08-07","2008-12-31","","144.79","144.68","","","0","","","","0.0740"
"中证10年期国债指数","930916","2020-08-11","2020-08-10","2008-12-31","","144.98","144.79","","","0","","","","0.1340"
"中证10年期国债指数","930916","2020-08-12","2020-08-11","2008-12-31","","145.04","144.98","","","0","","","","0.0428"
"中证10年期国债指数","930916","2020-08-13","2020-08-12","2008-12-31","","145.02","145.04","","","0","","","","-0.0172"
"中证10年期国债指数","930916","2020-08-14","2020-08-13","2008-12-31","","145.14","145.02","","","0","","","","0.0834"
"中证10年期国债指数","930916","2020-08-17","2020-08-14","2008-12-31","","145.45","145.14","","","0","","","","0.2129"
"中证10年期国债指数","930916","2020-08-18","2020-08-17","2008-12-31","","145.42","145.45","","","0","","","","-0.0179"
"中证10年期国债指数","930916","2020-08-19","2020-08-18","2008-12-31","","144.99","145.42","","","0","","","","-0.2984"
"中证10年期国债指数","930916","2020-08-20","2020-08-19","2008-12-31","","144.84","144.99","","","0","","","","-0.1014"
"中证10年期国债指数","930916","2020-08-21","2020-08-20","2008-12-31","","144.84","144.84","","","0","","","","-0.0007"
"中证10年期国债指数","930916","2020-08-24","2020-08-21","2008-12-31","","144.89","144.84","","","0","","","","0.0338"
"中证10年期国债指数","930916","2020-08-25","2020-08-24","2008-12-31","","144.61","144.89","","","0","","","","-0.1912"
"中证10年期国债指数","930916","2020-08-26","2020-08-25","2008-12-31","","144.52","144.61","","","0","","","","-0.0636"
"中证10年期国债指数","930916","2020-08-27","2020-08-26","2008-12-31","","144.25","144.52","","","0","","","","-0.1875"
"中证10年期国债指数","930916","2020-08-28","2020-08-27","2008-12-31","","144.06","144.25","","","0","","","","-0.1338"
"中证10年期国债指数","930916","2020-08-31","2020-08-28","2008-12-31","","144.32","144.06","","","0","","","","0.1853"
"中证10年期国债指数","930916","2020-09-01","2020-08-31","2008-12-31","","144.53","144.32","","","0","","","","0.1420"
"中证10年期国债指数","930916","2020-09-02","2020-09-01","2008-12-31","","144.16","144.53","","","0","","","","-0.2553"
"中证10年期国债指数","930916","2020-09-03","2020-09-02","2008-12-31","","143.93","144.16","","","0","","","","-0.1595"
"中证10年期国债指数","930916","2020-09-04","2020-09-03","2008-12-31","","143.92","143.93","","","0","","","","-0.0056"
"中证10年期国债指数","930916","2020-09-07","2020-09-04","2008-12-31","","143.55","143.92","","","0","","","","-0.2578"
"中证10年期国债指数","930916","2020-09-08","2020-09-07","2008-12-31","","143.68","143.55","","","167","","","","0.0920"
"中证10年期国债指数","930916","2020-09-09","2020-09-08","2008-12-31","","143.85","143.68","","","0","","","","0.1127"
"中证10年期国债指数","930916","2020-09-10","2020-09-09","2008-12-31","","144.06","143.85","","","0","","","","0.1522"
"中证10年期国债指数","930916","2020-09-11","2020-09-10","2008-12-31","","144.11","144.06","","","0","","","","0.0333"
"中证10年期国债指数","930916","2020-09-14","2020-09-11","2008-12-31","","143.80","144.11","","","0","","","","-0.2144"
"中证10年期国债指数","930916","2020-09-15","2020-09-14","2008-12-31","","143.70","143.80","","","155","","","","-0.0730"
"中证10年期国债指数","930916","2020-09-16","2020-09-15","2008-12-31","","143.84","143.70","","","0","","","","0.0953"
"中证10年期国债指数","930916","2020-09-17","2020-09-16","2008-12-31","","143.79","143.84","","","0","","","","-0.0299"
"中证10年期国债指数","930916","2020-09-18","2020-09-17","2008-12-31","","143.75","143.79","","","0","","","","-0.0292"
"中证10年期国债指数","930916","2020-09-21","2020-09-18","2008-12-31","","143.94","143.75","","","0","","","","0.1315"
"中证10年期国债指数","930916","2020-09-22","2020-09-21","2008-12-31","","144.23","143.94","","","0","","","","0.1987"
"中证10年期国债指数","930916","2020-09-23","2020-09-22","2008-12-31","","144.26","144.23","","","0","","","","0.0229"
"中证10年期国债指数","930916","2020-09-24","2020-09-23","2008-12-31","","144.31","144.26","","","0","","","","0.0360"
"中证10年期国债指数","930916","2020-09-25","2020-09-24","2008-12-31","","144.25","144.31","","","0","","","","-0.0450"
"中证10年期国债指数","930916","2020-09-28","2020-09-25","2008-12-31","","143.99","144.25","","","0","","","","-0.1761"
"中证10年期国债指数","930916","2020-09-29","2020-09-28","2008-12-31","","144.04","143.99","","","0","","","","0.0347"
"中证10年期国债指数","930916","2020-09-30","2020-09-29","2008-12-31","","143.89","144.04","","","0","","","","-0.1048"
"中证10年期国债指数","930916","2020-10-09","2020-09-30","2008-12-31","","143.70","143.89","","","0","","","","-0.1300"
"中证10年期国债指数","930916","2020-10-12","2020-10-09","2008-12-31","","143.42","143.70","","","0","","","","-0.1990"
"中证10年期国债指数","930916","2020-10-13","2020-10-12","2008-12-31","","143.44","143.42","","","0","","","","0.0181"
"中证10年期国债指数","930916","2020-10-14","2020-10-13","2008-12-31","","143.43","143.44","","","0","","","","-0.0084"
"中证10年期国债指数","930916","2020-10-15","2020-10-14","2008-12-31","","143.25","143.43","","","0","","","","-0.1283"
"中证10年期国债指数","930916","2020-10-16","2020-10-15","2008-12-31","","143.14","143.25","","","0","","","","-0.0754"
"中证10年期国债指数","930916","2020-10-19","2020-10-16","2008-12-31","","143.13","143.14","","","0","","","","-0.0070"
"中证10年期国债指数","930916","2020-10-20","2020-10-19","2008-12-31","","143.34","143.13","","","0","","","","0.1474"
"中证10年期国债指数","930916","2020-10-21","2020-10-20","2008-12-31","","143.39","143.34","","","0","","","","0.0377"
"中证10年期国债指数","930916","2020-10-22","2020-10-21","2008-12-31","","143.70","143.39","","","0","","","","0.2120"
"中证10年期国债指数","930916","2020-10-23","2020-10-22","2008-12-31","","143.72","143.70","","","0","","","","0.0174"
"中证10年期国债指数","930916","2020-10-26","2020-10-23","2008-12-31","","143.75","143.72","","","0","","","","0.0153"
"中证10年期国债指数","930916","2020-10-27","2020-10-26","2008-12-31","","143.75","143.75","","","0","","","","0.0035"
"中证10年期国债指数","930916","2020-10-28","2020-10-27","2008-12-31","","143.79","143.75","","","0","","","","0.0306"
"中证10年期国债指数","930916","2020-10-29","2020-10-28","2008-12-31","","143.87","143.79","","","0","","","","0.0522"
"中证10年期国债指数","930916","2020-10-30","2020-10-29","2008-12-31","","143.80","143.87","","","0","","","","-0.0473"
"中证10年期国债指数","930916","2020-11-02","2020-10-30","2008-12-31","","143.83","143.80","","","0","","","","0.0229"
"中证10年期国债指数","930916","2020-11-03","2020-11-02","2008-12-31","","143.93","143.83","","","0","","","","0.0633"
"中证10年期国债指数","930916","2020-11-04","2020-11-03","2008-12-31","","143.95","143.93","","","0","","","","0.0188"
"中证10年期国债指数","930916","2020-11-05","2020-11-04","2008-12-31","","144.02","143.95","","","0","","","","0.0479"
"中证10年期国债指数","930916","2020-11-06","2020-11-05","2008-12-31","","144.00","144.02","","","0","","","","-0.0125"
"中证10年期国债指数","930916","2020-11-09","2020-11-06","2008-12-31","","143.70","144.00","","","0","","","","-0.2090"
"中证10年期国债指数","930916","2020-11-10","2020-11-09","2008-12-31","","143.60","143.70","","","0","","","","-0.0731"
"中证10年期国债指数","930916","2020-11-11","2020-11-10","2008-12-31","","143.50","143.60","","","0","","","","-0.0655"
"中证10年期国债指数","930916","2020-11-12","2020-11-11","2008-12-31","","143.40","143.50","","","0","","","","-0.0732"
"中证10年期国债指数","930916","2020-11-13","2020-11-12","2008-12-31","","143.22","143.40","","","0","","","","-0.1220"
"中证10年期国债指数","930916","2020-11-16","2020-11-13","2008-12-31","","143.20","143.22","","","0","","","","-0.0147"
"中证10年期国债指数","930916","2020-11-17","2020-11-16","2008-12-31","","143.14","143.20","","","0","","","","-0.0461"
"中证10年期国债指数","930916","2020-11-18","2020-11-17","2008-12-31","","142.76","143.14","","","0","","","","-0.2613"
"中证10年期国债指数","930916","2020-11-19","2020-11-18","2008-12-31","","142.58","142.76","","","0","","","","-0.1247"
"中证10年期国债指数","930916","2020-11-20","2020-11-19","2008-12-31","","142.62","142.58","","","0","","","","0.0274"
"中证10年期国债指数","930916","2020-11-23","2020-11-20","2008-12-31","","143.08","142.62","","","0","","","","0.3190"
"中证10年期国债指数","930916","2020-11-24","2020-11-23","2008-12-31","","142.92","143.08","","","0","","","","-0.1083"
"中证10年期国债指数","930916","2020-11-25","2020-11-24","2008-12-31","","143.01","142.92","","","0","","","","0.0616"
"中证10年期国债指数","930916","2020-11-26","2020-11-25","2008-12-31","","142.97","143.01","","","0","","","","-0.0259"
"中证10年期国债指数","930916","2020-11-27","2020-11-26","2008-12-31","","142.89","142.97","","","0","","","","-0.0595"
"中证10年期国债指数","930916","2020-11-30","2020-11-27","2008-12-31","","143.45","142.89","","","0","","","","0.3905"
"中证10年期国债指数","930916","2020-12-01","2020-11-30","2008-12-31","","143.15","143.45","","","0","","","","-0.2084"
"中证10年期国债指数","930916","2020-12-02","2020-12-01","2008-12-31","","142.92","143.15","","","0","","","","-0.1628"
"中证10年期国债指数","930916","2020-12-03","2020-12-02","2008-12-31","","142.99","142.92","","","0","","","","0.0504"
"中证10年期国债指数","930916","2020-12-04","2020-12-03","2008-12-31","","143.23","142.99","","","0","","","","0.1699"
"中证10年期国债指数","930916","2020-12-07","2020-12-04","2008-12-31","","143.14","143.23","","","0","","","","-0.0628"
"中证10年期国债指数","930916","2020-12-08","2020-12-07","2008-12-31","","143.40","143.14","","","0","","","","0.1816"
"中证10年期国债指数","930916","2020-12-09","2020-12-08","2008-12-31","","143.38","143.40","","","0","","","","-0.0126"
"中证10年期国债指数","930916","2020-12-10","2020-12-09","2008-12-31","","143.44","143.38","","","0","","","","0.0418"
"中证10年期国债指数","930916","2020-12-11","2020-12-10","2008-12-31","","143.09","143.44","","","0","","","","-0.2454"
"中证10年期国债指数","930916","2020-12-14","2020-12-11","2008-12-31","","143.13","143.09","","","0","","","","0.0294"
"中证10年期国债指数","930916","2020-12-15","2020-12-14","2008-12-31","","143.28","143.13","","","0","","","","0.1048"
"中证10年期国债指数","930916","2020-12-16","2020-12-15","2008-12-31","","143.33","143.28","","","0","","","","0.0328"
"中证10年期国债指数","930916","2020-12-17","2020-12-16","2008-12-31","","143.27","143.33","","","0","","","","-0.0405"
"中证10年期国债指数","930916","2020-12-18","2020-12-17","2008-12-31","","143.21","143.27","","","0","","","","-0.0440"
"中证10年期国债指数","930916","2020-12-21","2020-12-18","2008-12-31","","143.42","143.21","","","0","","","","0.1487"
"中证10年期国债指数","930916","2020-12-22","2020-12-21","2008-12-31","","143.91","143.42","","","0","","","","0.3396"
"中证10年期国债指数","930916","2020-12-23","2020-12-22","2008-12-31","","143.96","143.91","","","0","","","","0.0340"
"中证10年期国债指数","930916","2020-12-24","2020-12-23","2008-12-31","","143.80","143.96","","","0","","","","-0.1098"
"中证10年期国债指数","930916","2020-12-25","2020-12-24","2008-12-31","","144.17","143.80","","","0","","","","0.2573"
"中证10年期国债指数","930916","2020-12-28","2020-12-25","2008-12-31","","144.46","144.17","","","0","","","","0.2032"
"中证10年期国债指数","930916","2020-12-29","2020-12-28","2008-12-31","","144.59","144.46","","","0","","","","0.0914"
"中证10年期国债指数","930916","2020-12-30","2020-12-29","2008-12-31","","144.90","144.59","","","0","","","","0.2082"
"中证10年期国债指数","930916","2020-12-31","2020-12-30","2008-12-31","","144.76","144.90","","","5","","","","-0.0939"
"中证10年期国债指数","930916","2021-01-04","2020-12-31","2008-12-31","","144.50","144.76","","","10","","","","-0.1803"
"中证10年期国债指数","930916","2021-01-05","2021-01-04","2008-12-31","","144.79","144.50","","","0","","","","0.2014"
"中证10年期国债指数","930916","2021-01-06","2021-01-05","2008-12-31","","144.88","144.79","","","0","","","","0.0608"
"中证10年期国债指数","930916","2021-01-07","2021-01-06","2008-12-31","","145.10","144.88","","","0","","","","0.1539"
"中证10年期国债指数","930916","2021-01-08","2021-01-07","2008-12-31","","144.88","145.10","","","0","","","","-0.1530"
"中证10年期国债指数","930916","2021-01-11","2021-01-08","2008-12-31","","144.74","144.88","","","0","","","","-0.0987"
"中证10年期国债指数","930916","2021-01-12","2021-01-11","2008-12-31","","144.77","144.74","","","0","","","","0.0269"
"中证10年期国债指数","930916","2021-01-13","2021-01-12","2008-12-31","","145.02","144.77","","","0","","","","0.1706"
"中证10年期国债指数","930916","2021-01-14","2021-01-13","2008-12-31","","145.34","145.02","","","0","","","","0.2213"
"中证10年期国债指数","930916","2021-01-15","2021-01-14","2008-12-31","","145.00","145.34","","","0","","","","-0.2332"
"中证10年期国债指数","930916","2021-01-18","2021-01-15","2008-12-31","","144.84","145.00","","","0","","","","-0.1110"
"中证10年期国债指数","930916","2021-01-19","2021-01-18","2008-12-31","","144.91","144.84","","","0","","","","0.0490"
"中证10年期国债指数","930916","2021-01-20","2021-01-19","2008-12-31","","144.94","144.91","","","0","","","","0.0214"
"中证10年期国债指数","930916","2021-01-21","2021-01-20","2008-12-31","","145.18","144.94","","","0","","","","0.1642"
"中证10年期国债指数","930916","2021-01-22","2021-01-21","2008-12-31","","145.35","145.18","","","0","","","","0.1123"
"中证10年期国债指数","930916","2021-01-25","2021-01-22","2008-12-31","","145.33","145.35","","","1","","","","-0.0110"
"中证10年期国债指数","930916","2021-01-26","2021-01-25","2008-12-31","","144.99","145.33","","","1","","","","-0.2353"
"中证10年期国债指数","930916","2021-01-27","2021-01-26","2008-12-31","","145.05","144.99","","","0","","","","0.0441"
"中证10年期国债指数","930916","2021-01-28","2021-01-27","2008-12-31","","144.68","145.05","","","3","","","","-0.2551"
"中证10年期国债指数","930916","2021-01-29","2021-01-28","2008-12-31","","144.80","144.68","","","1","","","","0.0788"
"中证10年期国债指数","930916","2021-02-01","2021-01-29","2008-12-31","","144.93","144.80","","","0","","","","0.0925"
"中证10年期国债指数","930916","2021-02-02","2021-02-01","2008-12-31","","144.89","144.93","","","0","","","","-0.0276"
"中证10年期国债指数","930916","2021-02-03","2021-02-02","2008-12-31","","144.58","144.89","","","0","","","","-0.2112"
"中证10年期国债指数","930916","2021-02-04","2021-02-03","2008-12-31","","144.41","144.58","","","0","","","","-0.1169"
"中证10年期国债指数","930916","2021-02-05","2021-02-04","2008-12-31","","144.37","144.41","","","0","","","","-0.0319"
"中证10年期国债指数","930916","2021-02-08","2021-02-05","2008-12-31","","144.35","144.37","","","0","","","","-0.0159"
"中证10年期国债指数","930916","2021-02-09","2021-02-08","2008-12-31","","144.44","144.35","","","0","","","","0.0651"
"中证10年期国债指数","930916","2021-02-10","2021-02-09","2008-12-31","","144.23","144.44","","","0","","","","-0.1461"
"中证10年期国债指数","930916","2021-02-18","2021-02-10","2008-12-31","","143.95","144.23","","","3","","","","-0.1941"
"中证10年期国债指数","930916","2021-02-19","2021-02-18","2008-12-31","","144.11","143.95","","","0","","","","0.1153"
"中证10年期国债指数","930916","2021-02-22","2021-02-19","2008-12-31","","144.06","144.11","","","0","","","","-0.0402"
"中证10年期国债指数","930916","2021-02-23","2021-02-22","2008-12-31","","144.08","144.06","","","0","","","","0.0160"
"中证10年期国债指数","930916","2021-02-24","2021-02-23","2008-12-31","","144.19","144.08","","","0","","","","0.0757"
"中证10年期国债指数","930916","2021-02-25","2021-02-24","2008-12-31","","144.16","144.19","","","0","","","","-0.0222"
"中证10年期国债指数","930916","2021-02-26","2021-02-25","2008-12-31","","143.98","144.16","","","0","","","","-0.1221"
"中证10年期国债指数","930916","2021-03-01","2021-02-26","2008-12-31","","144.36","143.98","","","0","","","","0.2646"
"中证10年期国债指数","930916","2021-03-02","2021-03-01","2008-12-31","","144.38","144.36","","","0","","","","0.0145"
"中证10年期国债指数","930916","2021-03-03","2021-03-02","2008-12-31","","144.36","144.38","","","0","","","","-0.0159"
"中证10年期国债指数","930916","2021-03-04","2021-03-03","2008-12-31","","144.35","144.36","","","0","","","","-0.0097"
"中证10年期国债指数","930916","2021-03-05","2021-03-04","2008-12-31","","144.50","144.35","","","0","","","","0.1060"
"中证10年期国债指数","930916","2021-03-08","2021-03-05","2008-12-31","","144.68","144.50","","","0","","","","0.1239"
"中证10年期国债指数","930916","2021-03-09","2021-03-08","2008-12-31","","144.64","144.68","","","0","","","","-0.0235"
"中证10年期国债指数","930916","2021-03-10","2021-03-09","2008-12-31","","144.65","144.64","","","0","","","","0.0048"
"中证10年期国债指数","930916","2021-03-11","2021-03-10","2008-12-31","","144.60","144.65","","","0","","","","-0.0373"
"中证10年期国债指数","930916","2021-03-12","2021-03-11","2008-12-31","","144.55","144.60","","","0","","","","-0.0346"
"中证10年期国债指数","930916","2021-03-15","2021-03-12","2008-12-31","","144.42","144.55","","","2","","","","-0.0865"
"中证10年期国债指数","930916","2021-03-16","2021-03-15","2008-12-31","","144.55","144.42","","","0","","","","0.0914"
"中证10年期国债指数","930916","2021-03-17","2021-03-16","2008-12-31","","144.60","144.55","","","0","","","","0.0339"
"中证10年期国债指数","930916","2021-03-18","2021-03-17","2008-12-31","","144.61","144.60","","","0","","","","0.0062"
"中证10年期国债指数","930916","2021-03-19","2021-03-18","2008-12-31","","144.74","144.61","","","0","","","","0.0857"
"中证10年期国债指数","930916","2021-03-22","2021-03-19","2008-12-31","","144.94","144.74","","","0","","","","0.1389"
"中证10年期国债指数","930916","2021-03-23","2021-03-22","2008-12-31","","144.99","144.94","","","0","","","","0.0359"
"中证10年期国债指数","930916","2021-03-24","2021-03-23","2008-12-31","","145.36","144.99","","","0","","","","0.2559"
"中证10年期国债指数","930916","2021-03-25","2021-03-24","2008-12-31","","145.35","145.36","","","0","","","","-0.0041"
"中证10年期国债指数","930916","2021-03-26","2021-03-25","2008-12-31","","145.31","145.35","","","0","","","","-0.0303"
"中证10年期国债指数","930916","2021-03-29","2021-03-26","2008-12-31","","145.32","145.31","","","0","","","","0.0048"
"中证10年期国债指数","930916","2021-03-30","2021-03-29","2008-12-31","","145.36","145.32","","","0","","","","0.0317"
"中证10年期国债指数","930916","2021-03-31","2021-03-30","2008-12-31","","145.45","145.36","","","0","","","","0.0612"
"中证10年期国债指数","930916","2021-04-01","2021-03-31","2008-12-31","","145.40","145.45","","","0","","","","-0.0371"
"中证10年期国债指数","930916","2021-04-02","2021-04-01","2008-12-31","","145.44","145.40","","","0","","","","0.0309"
"中证10年期国债指数","930916","2021-04-06","2021-04-02","2008-12-31","","145.40","145.44","","","0","","","","-0.0303"
"中证10年期国债指数","930916","2021-04-07","2021-04-06","2008-12-31","","145.22","145.40","","","0","","","","-0.1197"
"中证10年期国债指数","930916","2021-04-08","2021-04-07","2008-12-31","","145.23","145.22","","","0","","","","0.0034"
"中证10年期国债指数","930916","2021-04-09","2021-04-08","2008-12-31","","145.25","145.23","","","0","","","","0.0131"
"中证10年期国债指数","930916","2021-04-12","2021-04-09","2008-12-31","","145.52","145.25","","","0","","","","0.1866"
"中证10年期国债指数","930916","2021-04-13","2021-04-12","2008-12-31","","145.91","145.52","","","0","","","","0.2659"
"中证10年期国债指数","930916","2021-04-14","2021-04-13","2008-12-31","","145.94","145.91","","","0","","","","0.0199"
"中证10年期国债指数","930916","2021-04-15","2021-04-14","2008-12-31","","145.89","145.94","","","0","","","","-0.0336"
"中证10年期国债指数","930916","2021-04-16","2021-04-15","2008-12-31","","145.96","145.89","","","0","","","","0.0473"
"中证10年期国债指数","930916","2021-04-19","2021-04-16","2008-12-31","","146.08","145.96","","","0","","","","0.0863"
"中证10年期国债指数","930916","2021-04-20","2021-04-19","2008-12-31","","146.18","146.08","","","0","","","","0.0698"
"中证10年期国债指数","930916","2021-04-21","2021-04-20","2008-12-31","","146.20","146.18","","","0","","","","0.0096"
"中证10年期国债指数","930916","2021-04-22","2021-04-21","2008-12-31","","146.15","146.20","","","0","","","","-0.0301"
"中证10年期国债指数","930916","2021-04-23","2021-04-22","2008-12-31","","146.14","146.15","","","0","","","","-0.0103"
"中证10年期国债指数","930916","2021-04-26","2021-04-23","2008-12-31","","145.72","146.14","","","0","","","","-0.2888"
"中证10年期国债指数","930916","2021-04-27","2021-04-26","2008-12-31","","145.66","145.72","","","0","","","","-0.0405"
"中证10年期国债指数","930916","2021-04-28","2021-04-27","2008-12-31","","145.83","145.66","","","0","","","","0.1174"
"中证10年期国债指数","930916","2021-04-29","2021-04-28","2008-12-31","","145.91","145.83","","","0","","","","0.0528"
"中证10年期国债指数","930916","2021-04-30","2021-04-29","2008-12-31","","146.21","145.91","","","0","","","","0.2063"
"中证10年期国债指数","930916","2021-05-06","2021-04-30","2008-12-31","","146.37","146.21","","","0","","","","0.1094"
"中证10年期国债指数","930916","2021-05-07","2021-05-06","2008-12-31","","146.41","146.37","","","0","","","","0.0307"
"中证10年期国债指数","930916","2021-05-10","2021-05-07","2008-12-31","","146.47","146.41","","","0","","","","0.0410"
"中证10年期国债指数","930916","2021-05-11","2021-05-10","2008-12-31","","146.63","146.47","","","0","","","","0.1072"
"中证10年期国债指数","930916","2021-05-12","2021-05-11","2008-12-31","","146.71","146.63","","","0","","","","0.0587"
"中证10年期国债指数","930916","2021-05-13","2021-05-12","2008-12-31","","146.64","146.71","","","0","","","","-0.0491"
"中证10年期国债指数","930916","2021-05-14","2021-05-13","2008-12-31","","146.60","146.64","","","0","","","","-0.0307"
"中证10年期国债指数","930916","2021-05-17","2021-05-14","2008-12-31","","146.66","146.60","","","0","","","","0.0437"
"中证10年期国债指数","930916","2021-05-18","2021-05-17","2008-12-31","","146.62","146.66","","","0","","","","-0.0280"
"中证10年期国债指数","930916","2021-05-19","2021-05-18","2008-12-31","","146.90","146.62","","","0","","","","0.1937"
"中证10年期国债指数","930916","2021-05-20","2021-05-19","2008-12-31","","147.19","146.90","","","0","","","","0.1947"
"中证10年期国债指数","930916","2021-05-21","2021-05-20","2008-12-31","","147.45","147.19","","","0","","","","0.1753"
"中证10年期国债指数","930916","2021-05-24","2021-05-21","2008-12-31","","147.44","147.45","","","0","","","","-0.0027"
"中证10年期国债指数","930916","2021-05-25","2021-05-24","2008-12-31","","147.50","147.44","","","0","","","","0.0400"
"中证10年期国债指数","930916","2021-05-26","2021-05-25","2008-12-31","","147.59","147.50","","","0","","","","0.0603"
"中证10年期国债指数","930916","2021-05-27","2021-05-26","2008-12-31","","147.51","147.59","","","0","","","","-0.0549"
"中证10年期国债指数","930916","2021-05-28","2021-05-27","2008-12-31","","147.37","147.51","","","0","","","","-0.0949"
"中证10年期国债指数","930916","2021-05-31","2021-05-28","2008-12-31","","147.50","147.37","","","0","","","","0.0855"
"中证10年期国债指数","930916","2021-06-01","2021-05-31","2008-12-31","","147.58","147.50","","","0","","","","0.0583"
"中证10年期国债指数","930916","2021-06-02","2021-06-01","2008-12-31","","147.36","147.58","","","0","","","","-0.1538"
"中证10年期国债指数","930916","2021-06-03","2021-06-02","2008-12-31","","147.37","147.36","","","0","","","","0.0075"
"中证10年期国债指数","930916","2021-06-04","2021-06-03","2008-12-31","","146.91","147.37","","","0","","","","-0.3074"
"中证10年期国债指数","930916","2021-06-07","2021-06-04","2008-12-31","","146.77","146.91","","","0","","","","-0.0980"
"中证10年期国债指数","930916","2021-06-08","2021-06-07","2008-12-31","","146.78","146.77","","","0","","","","0.0041"
"中证10年期国债指数","930916","2021-06-09","2021-06-08","2008-12-31","","146.77","146.78","","","0","","","","-0.0014"
"中证10年期国债指数","930916","2021-06-10","2021-06-09","2008-12-31","","146.91","146.77","","","0","","","","0.0913"
"中证10年期国债指数","930916","2021-06-11","2021-06-10","2008-12-31","","146.74","146.91","","","0","","","","-0.1116"
"中证10年期国债指数","930916","2021-06-15","2021-06-11","2008-12-31","","146.76","146.74","","","0","","","","0.0095"
"中证10年期国债指数","930916","2021-06-16","2021-06-15","2008-12-31","","146.71","146.76","","","0","","","","-0.0361"
"中证10年期国债指数","930916","2021-06-17","2021-06-16","2008-12-31","","146.62","146.71","","","0","","","","-0.0566"
"中证10年期国债指数","930916","2021-06-18","2021-06-17","2008-12-31","","146.83","146.62","","","0","","","","0.1412"
"中证10年期国债指数","930916","2021-06-21","2021-06-18","2008-12-31","","147.20","146.83","","","0","","","","0.2554"
"中证10年期国债指数","930916","2021-06-22","2021-06-21","2008-12-31","","147.27","147.20","","","0","","","","0.0435"
"中证10年期国债指数","930916","2021-06-23","2021-06-22","2008-12-31","","147.35","147.27","","","0","","","","0.0523"
"中证10年期国债指数","930916","2021-06-24","2021-06-23","2008-12-31","","147.35","147.35","","","0","","","","0.0020"
"中证10年期国债指数","930916","2021-06-25","2021-06-24","2008-12-31","","147.32","147.35","","","0","","","","-0.0204"
"中证10年期国债指数","930916","2021-06-28","2021-06-25","2008-12-31","","147.28","147.32","","","0","","","","-0.0272"
"中证10年期国债指数","930916","2021-06-29","2021-06-28","2008-12-31","","147.31","147.28","","","0","","","","0.0217"
"中证10年期国债指数","930916","2021-06-30","2021-06-29","2008-12-31","","147.44","147.31","","","0","","","","0.0855"
"中证10年期国债指数","930916","2021-07-01","2021-06-30","2008-12-31","","147.44","147.44","","","0","","","","0.0014"
"中证10年期国债指数","930916","2021-07-02","2021-07-01","2008-12-31","","147.42","147.44","","","0","","","","-0.0156"
"中证10年期国债指数","930916","2021-07-05","2021-07-02","2008-12-31","","147.49","147.42","","","0","","","","0.0522"
"中证10年期国债指数","930916","2021-07-06","2021-07-05","2008-12-31","","147.42","147.49","","","0","","","","-0.0468"
"中证10年期国债指数","930916","2021-07-07","2021-07-06","2008-12-31","","147.85","147.42","","","0","","","","0.2917"
"中证10年期国债指数","930916","2021-07-08","2021-07-07","2008-12-31","","148.51","147.85","","","0","","","","0.4423"
"中证10年期国债指数","930916","2021-07-09","2021-07-08","2008-12-31","","148.45","148.51","","","0","","","","-0.0364"
"中证10年期国债指数","930916","2021-07-12","2021-07-09","2008-12-31","","149.15","148.45","","","0","","","","0.4675"
"中证10年期国债指数","930916","2021-07-13","2021-07-12","2008-12-31","","149.34","149.15","","","0","","","","0.1267"
"中证10年期国债指数","930916","2021-07-14","2021-07-13","2008-12-31","","149.35","149.34","","","0","","","","0.0121"
"中证10年期国债指数","930916","2021-07-15","2021-07-14","2008-12-31","","148.99","149.35","","","0","","","","-0.2437"
"中证10年期国债指数","930916","2021-07-16","2021-07-15","2008-12-31","","149.21","148.99","","","0","","","","0.1470"
"中证10年期国债指数","930916","2021-07-19","2021-07-16","2008-12-31","","149.21","149.21","","","0","","","","-0.0027"
"中证10年期国债指数","930916","2021-07-20","2021-07-19","2008-12-31","","149.40","149.21","","","0","","","","0.1280"
"中证10年期国债指数","930916","2021-07-21","2021-07-20","2008-12-31","","149.58","149.40","","","0","","","","0.1232"
"中证10年期国债指数","930916","2021-07-22","2021-07-21","2008-12-31","","149.48","149.58","","","0","","","","-0.0648"
"中证10年期国债指数","930916","2021-07-23","2021-07-22","2008-12-31","","149.64","149.48","","","0","","","","0.1017"
"中证10年期国债指数","930916","2021-07-26","2021-07-23","2008-12-31","","150.02","149.64","","","0","","","","0.2566"
"中证10年期国债指数","930916","2021-07-27","2021-07-26","2008-12-31","","149.83","150.02","","","0","","","","-0.1267"
"中证10年期国债指数","930916","2021-07-28","2021-07-27","2008-12-31","","149.75","149.83","","","0","","","","-0.0541"
"中证10年期国债指数","930916","2021-07-29","2021-07-28","2008-12-31","","150.01","149.75","","","0","","","","0.1743"
"中证10年期国债指数","930916","2021-07-30","2021-07-29","2008-12-31","","150.69","150.01","","","0","","","","0.4566"
"中证10年期国债指数","930916","2021-08-02","2021-07-30","2008-12-31","","150.93","150.69","","","0","","","","0.1593"
"中证10年期国债指数","930916","2021-08-03","2021-08-02","2008-12-31","","150.75","150.93","","","0","","","","-0.1239"
"中证10年期国债指数","930916","2021-08-04","2021-08-03","2008-12-31","","150.65","150.75","","","0","","","","-0.0624"
"中证10年期国债指数","930916","2021-08-05","2021-08-04","2008-12-31","","151.13","150.65","","","0","","","","0.3140"
"中证10年期国债指数","930916","2021-08-06","2021-08-05","2008-12-31","","150.97","151.13","","","0","","","","-0.1026"
"中证10年期国债指数","930916","2021-08-09","2021-08-06","2008-12-31","","150.39","150.97","","","0","","","","-0.3882"
"中证10年期国债指数","930916","2021-08-10","2021-08-09","2008-12-31","","150.36","150.39","","","0","","","","-0.0173"
"中证10年期国债指数","930916","2021-08-11","2021-08-10","2008-12-31","","150.19","150.36","","","0","","","","-0.1117"
"中证10年期国债指数","930916","2021-08-12","2021-08-11","2008-12-31","","150.36","150.19","","","0","","","","0.1132"
"中证10年期国债指数","930916","2021-08-13","2021-08-12","2008-12-31","","150.34","150.36","","","0","","","","-0.0166"
"中证10年期国债指数","930916","2021-08-16","2021-08-13","2008-12-31","","150.18","150.34","","","0","","","","-0.1058"
"中证10年期国债指数","930916","2021-08-17","2021-08-16","2008-12-31","","150.30","150.18","","","0","","","","0.0799"
"中证10年期国债指数","930916","2021-08-18","2021-08-17","2008-12-31","","150.76","150.30","","","0","","","","0.3101"
"中证10年期国债指数","930916","2021-08-19","2021-08-18","2008-12-31","","150.91","150.76","","","0","","","","0.0982"
"中证10年期国债指数","930916","2021-08-20","2021-08-19","2008-12-31","","150.77","150.91","","","0","","","","-0.0921"
"中证10年期国债指数","930916","2021-08-23","2021-08-20","2008-12-31","","150.71","150.77","","","0","","","","-0.0438"
"中证10年期国债指数","930916","2021-08-24","2021-08-23","2008-12-31","","150.76","150.71","","","0","","","","0.0338"
"中证10年期国债指数","930916","2021-08-25","2021-08-24","2008-12-31","","150.91","150.76","","","0","","","","0.1002"
"中证10年期国债指数","930916","2021-08-26","2021-08-25","2008-12-31","","150.42","150.91","","","0","","","","-0.3267"
"中证10年期国债指数","930916","2021-08-27","2021-08-26","2008-12-31","","150.59","150.42","","","0","","","","0.1157"
"中证10年期国债指数","930916","2021-08-30","2021-08-27","2008-12-31","","150.70","150.59","","","0","","","","0.0711"
"中证10年期国债指数","930916","2021-08-31","2021-08-30","2008-12-31","","150.81","150.70","","","0","","","","0.0750"
"中证10年期国债指数","930916","2021-09-01","2021-08-31","2008-12-31","","151.27","150.81","","","0","","","","0.3070"
"中证10年期国债指数","930916","2021-09-02","2021-09-01","2008-12-31","","151.20","151.27","","","0","","","","-0.0469"
"中证10年期国债指数","930916","2021-09-03","2021-09-02","2008-12-31","","151.22","151.20","","","0","","","","0.0106"
"中证10年期国债指数","930916","2021-09-06","2021-09-03","2008-12-31","","151.27","151.22","","","0","","","","0.0344"
"中证10年期国债指数","930916","2021-09-07","2021-09-06","2008-12-31","","151.04","151.27","","","0","","","","-0.1540"
"中证10年期国债指数","930916","2021-09-08","2021-09-07","2008-12-31","","150.75","151.04","","","0","","","","-0.1913"
"中证10年期国债指数","930916","2021-09-09","2021-09-08","2008-12-31","","150.75","150.75","","","0","","","","-0.0013"
"中证10年期国债指数","930916","2021-09-10","2021-09-09","2008-12-31","","150.79","150.75","","","0","","","","0.0285"
"中证10年期国债指数","930916","2021-09-13","2021-09-10","2008-12-31","","150.52","150.79","","","0","","","","-0.1751"
"中证10年期国债指数","930916","2021-09-14","2021-09-13","2008-12-31","","150.47","150.52","","","0","","","","-0.0392"
"中证10年期国债指数","930916","2021-09-15","2021-09-14","2008-12-31","","150.39","150.47","","","0","","","","-0.0512"
"中证10年期国债指数","930916","2021-09-16","2021-09-15","2008-12-31","","150.49","150.39","","","0","","","","0.0678"
"中证10年期国债指数","930916","2021-09-17","2021-09-16","2008-12-31","","150.64","150.49","","","0","","","","0.1023"
"中证10年期国债指数","930916","2021-09-22","2021-09-17","2008-12-31","","150.84","150.64","","","0","","","","0.1275"
"中证10年期国债指数","930916","2021-09-23","2021-09-22","2008-12-31","","151.01","150.84","","","0","","","","0.1180"
"中证10年期国债指数","930916","2021-09-24","2021-09-23","2008-12-31","","150.95","151.01","","","0","","","","-0.0437"
"中证10年期国债指数","930916","2021-09-27","2021-09-24","2008-12-31","","150.93","150.95","","","0","","","","-0.0126"
"中证10年期国债指数","930916","2021-09-28","2021-09-27","2008-12-31","","150.76","150.93","","","0","","","","-0.1126"
"中证10年期国债指数","930916","2021-09-29","2021-09-28","2008-12-31","","150.89","150.76","","","0","","","","0.0876"
"中证10年期国债指数","930916","2021-09-30","2021-09-29","2008-12-31","","151.00","150.89","","","0","","","","0.0709"
"中证10年期国债指数","930916","2021-10-08","2021-09-30","2008-12-31","","150.56","151.00","","","0","","","","-0.2907"
"中证10年期国债指数","930916","2021-10-11","2021-10-08","2008-12-31","","150.00","150.56","","","0","","","","-0.3713"
"中证10年期国债指数","930916","2021-10-12","2021-10-11","2008-12-31","","150.00","150.00","","","0","","","","-0.0020"
"中证10年期国债指数","930916","2021-10-13","2021-10-12","2008-12-31","","150.01","150.00","","","0","","","","0.0087"
"中证10年期国债指数","930916","2021-10-14","2021-10-13","2008-12-31","","150.04","150.01","","","0","","","","0.0207"
"中证10年期国债指数","930916","2021-10-15","2021-10-14","2008-12-31","","150.00","150.04","","","0","","","","-0.0307"
"中证10年期国债指数","930916","2021-10-18","2021-10-15","2008-12-31","","149.27","150.00","","","0","","","","-0.4813"
"中证10年期国债指数","930916","2021-10-19","2021-10-18","2008-12-31","","149.63","149.27","","","0","","","","0.2378"
"中证10年期国债指数","930916","2021-10-20","2021-10-19","2008-12-31","","149.57","149.63","","","0","","","","-0.0394"
"中证10年期国债指数","930916","2021-10-21","2021-10-20","2008-12-31","","150.01","149.57","","","0","","","","0.2935"
"中证10年期国债指数","930916","2021-10-22","2021-10-21","2008-12-31","","149.97","150.01","","","0","","","","-0.0273"
"中证10年期国债指数","930916","2021-10-25","2021-10-22","2008-12-31","","149.89","149.97","","","0","","","","-0.0513"
"中证10年期国债指数","930916","2021-10-26","2021-10-25","2008-12-31","","149.99","149.89","","","0","","","","0.0640"
"中证10年期国债指数","930916","2021-10-27","2021-10-26","2008-12-31","","150.05","149.99","","","0","","","","0.0447"
"中证10年期国债指数","930916","2021-10-28","2021-10-27","2008-12-31","","150.15","150.05","","","0","","","","0.0626"
"中证10年期国债指数","930916","2021-10-29","2021-10-28","2008-12-31","","150.14","150.15","","","0","","","","-0.0073"
"中证10年期国债指数","930916","2021-11-01","2021-10-29","2008-12-31","","150.46","150.14","","","0","","","","0.2185"
"中证10年期国债指数","930916","2021-11-02","2021-11-01","2008-12-31","","150.79","150.46","","","0","","","","0.2153"
"中证10年期国债指数","930916","2021-11-03","2021-11-02","2008-12-31","","150.62","150.79","","","0","","","","-0.1088"
"中证10年期国债指数","930916","2021-11-04","2021-11-03","2008-12-31","","150.76","150.62","","","0","","","","0.0883"
"中证10年期国债指数","930916","2021-11-05","2021-11-04","2008-12-31","","151.26","150.76","","","0","","","","0.3330"
"中证10年期国债指数","930916","2021-11-08","2021-11-05","2008-12-31","","151.22","151.26","","","0","","","","-0.0264"
"中证10年期国债指数","930916","2021-11-09","2021-11-08","2008-12-31","","151.24","151.22","","","0","","","","0.0112"
"中证10年期国债指数","930916","2021-11-10","2021-11-09","2008-12-31","","151.15","151.24","","","0","","","","-0.0588"
"中证10年期国债指数","930916","2021-11-11","2021-11-10","2008-12-31","","150.90","151.15","","","0","","","","-0.1621"
"中证10年期国债指数","930916","2021-11-12","2021-11-11","2008-12-31","","150.92","150.90","","","0","","","","0.0113"
"中证10年期国债指数","930916","2021-11-15","2021-11-12","2008-12-31","","151.13","150.92","","","0","","","","0.1378"
"中证10年期国债指数","930916","2021-11-16","2021-11-15","2008-12-31","","151.14","151.13","","","0","","","","0.0060"
"中证10年期国债指数","930916","2021-11-17","2021-11-16","2008-12-31","","151.09","151.14","","","0","","","","-0.0291"
"中证10年期国债指数","930916","2021-11-18","2021-11-17","2008-12-31","","151.26","151.09","","","0","","","","0.1119"
"中证10年期国债指数","930916","2021-11-19","2021-11-18","2008-12-31","","151.06","151.26","","","0","","","","-0.1362"
"中证10年期国债指数","930916","2021-11-22","2021-11-19","2008-12-31","","151.26","151.06","","","0","","","","0.1384"
"中证10年期国债指数","930916","2021-11-23","2021-11-22","2008-12-31","","151.27","151.26","","","0","","","","0.0059"
"中证10年期国债指数","930916","2021-11-24","2021-11-23","2008-12-31","","151.61","151.27","","","0","","","","0.2241"
"中证10年期国债指数","930916","2021-11-25","2021-11-24","2008-12-31","","151.64","151.61","","","0","","","","0.0198"
"中证10年期国债指数","930916","2021-11-26","2021-11-25","2008-12-31","","151.95","151.64","","","0","","","","0.2011"
"中证10年期国债指数","930916","2021-11-29","2021-11-26","2008-12-31","","152.00","151.95","","","0","","","","0.0375"
"中证10年期国债指数","930916","2021-11-30","2021-11-29","2008-12-31","","151.99","152.00","","","0","","","","-0.0072"
"中证10年期国债指数","930916","2021-12-01","2021-11-30","2008-12-31","","151.92","151.99","","","0","","","","-0.0487"
"中证10年期国债指数","930916","2021-12-02","2021-12-01","2008-12-31","","151.70","151.92","","","0","","","","-0.1442"
"中证10年期国债指数","930916","2021-12-03","2021-12-02","2008-12-31","","151.42","151.70","","","0","","","","-0.1826"
"中证10年期国债指数","930916","2021-12-06","2021-12-03","2008-12-31","","152.15","151.42","","","0","","","","0.4821"
"中证10年期国债指数","930916","2021-12-07","2021-12-06","2008-12-31","","151.96","152.15","","","0","","","","-0.1295"
"中证10年期国债指数","930916","2021-12-08","2021-12-07","2008-12-31","","151.70","151.96","","","0","","","","-0.1658"
"中证10年期国债指数","930916","2021-12-09","2021-12-08","2008-12-31","","151.82","151.70","","","0","","","","0.0791"
"中证10年期国债指数","930916","2021-12-10","2021-12-09","2008-12-31","","151.94","151.82","","","0","","","","0.0751"
"中证10年期国债指数","930916","2021-12-13","2021-12-10","2008-12-31","","151.84","151.94","","","0","","","","-0.0652"
"中证10年期国债指数","930916","2021-12-14","2021-12-13","2008-12-31","","151.92","151.84","","","0","","","","0.0560"
"中证10年期国债指数","930916","2021-12-15","2021-12-14","2008-12-31","","151.97","151.92","","","0","","","","0.0329"
"中证10年期国债指数","930916","2021-12-16","2021-12-15","2008-12-31","","151.79","151.97","","","0","","","","-0.1237"
"中证10年期国债指数","930916","2021-12-17","2021-12-16","2008-12-31","","151.87","151.79","","","0","","","","0.0547"
"中证10年期国债指数","930916","2021-12-20","2021-12-17","2008-12-31","","151.83","151.87","","","0","","","","-0.0244"
"中证10年期国债指数","930916","2021-12-21","2021-12-20","2008-12-31","","151.88","151.83","","","0","","","","0.0329"
"中证10年期国债指数","930916","2021-12-22","2021-12-21","2008-12-31","","152.15","151.88","","","0","","","","0.1791"
"中证10年期国债指数","930916","2021-12-23","2021-12-22","2008-12-31","","152.36","152.15","","","0","","","","0.1341"
"中证10年期国债指数","930916","2021-12-24","2021-12-23","2008-12-31","","152.27","152.36","","","0","","","","-0.0551"
"中证10年期国债指数","930916","2021-12-27","2021-12-24","2008-12-31","","152.40","152.27","","","0","","","","0.0814"
"中证10年期国债指数","930916","2021-12-28","2021-12-27","2008-12-31","","152.53","152.40","","","0","","","","0.0860"
"中证10年期国债指数","930916","2021-12-29","2021-12-28","2008-12-31","","152.74","152.53","","","0","","","","0.1370"
"中证10年期国债指数","930916","2021-12-30","2021-12-29","2008-12-31","","153.11","152.74","","","0","","","","0.2403"
"中证10年期国债指数","930916","2021-12-31","2021-12-30","2008-12-31","","152.97","153.11","","","0","","","","-0.0882"
"中证10年期国债指数","930916","2022-01-04","2021-12-31","2008-12-31","","152.83","152.97","","","0","","","","-0.0928"
"中证10年期国债指数","930916","2022-01-05","2022-01-04","2008-12-31","","152.72","152.83","","","0","","","","-0.0739"
"中证10年期国债指数","930916","2022-01-06","2022-01-05","2008-12-31","","152.46","152.72","","","0","","","","-0.1644"
"中证10年期国债指数","930916","2022-01-07","2022-01-06","2008-12-31","","152.50","152.46","","","0","","","","0.0236"
"中证10年期国债指数","930916","2022-01-10","2022-01-07","2008-12-31","","152.67","152.50","","","0","","","","0.1108"
"中证10年期国债指数","930916","2022-01-11","2022-01-10","2008-12-31","","152.80","152.67","","","0","","","","0.0878"
"中证10年期国债指数","930916","2022-01-12","2022-01-11","2008-12-31","","152.86","152.80","","","0","","","","0.0347"
"中证10年期国债指数","930916","2022-01-13","2022-01-12","2008-12-31","","152.94","152.86","","","0","","","","0.0576"
"中证10年期国债指数","930916","2022-01-14","2022-01-13","2008-12-31","","152.99","152.94","","","0","","","","0.0327"
"中证10年期国债指数","930916","2022-01-17","2022-01-14","2008-12-31","","153.05","152.99","","","0","","","","0.0333"
"中证10年期国债指数","930916","2022-01-18","2022-01-17","2008-12-31","","153.40","153.05","","","0","","","","0.2346"
"中证10年期国债指数","930916","2022-01-19","2022-01-18","2008-12-31","","153.86","153.40","","","0","","","","0.2953"
"中证10年期国债指数","930916","2022-01-20","2022-01-19","2008-12-31","","153.93","153.86","","","0","","","","0.0481"
"中证10年期国债指数","930916","2022-01-21","2022-01-20","2008-12-31","","154.12","153.93","","","0","","","","0.1195"
"中证10年期国债指数","930916","2022-01-24","2022-01-21","2008-12-31","","154.45","154.12","","","0","","","","0.2141"
"中证10年期国债指数","930916","2022-01-25","2022-01-24","2008-12-31","","154.46","154.45","","","0","","","","0.0071"
"中证10年期国债指数","930916","2022-01-26","2022-01-25","2008-12-31","","154.13","154.46","","","0","","","","-0.2111"
"中证10年期国债指数","930916","2022-01-27","2022-01-26","2008-12-31","","153.88","154.13","","","0","","","","-0.1622"
"中证10年期国债指数","930916","2022-01-28","2022-01-27","2008-12-31","","154.26","153.88","","","0","","","","0.2482"
"中证10年期国债指数","930916","2022-02-07","2022-01-28","2008-12-31","","154.11","154.26","","","0","","","","-0.0959"
"中证10年期国债指数","930916","2022-02-08","2022-02-07","2008-12-31","","154.20","154.11","","","0","","","","0.0565"
"中证10年期国债指数","930916","2022-02-09","2022-02-08","2008-12-31","","154.06","154.20","","","0","","","","-0.0927"
"中证10年期国债指数","930916","2022-02-10","2022-02-09","2008-12-31","","154.07","154.06","","","0","","","","0.0058"
"中证10年期国债指数","930916","2022-02-11","2022-02-10","2008-12-31","","153.38","154.07","","","0","","","","-0.4466"
"中证10年期国债指数","930916","2022-02-14","2022-02-11","2008-12-31","","153.33","153.38","","","0","","","","-0.0339"
"中证10年期国债指数","930916","2022-02-15","2022-02-14","2008-12-31","","153.35","153.33","","","0","","","","0.0176"
"中证10年期国债指数","930916","2022-02-16","2022-02-15","2008-12-31","","153.40","153.35","","","0","","","","0.0313"
"中证10年期国债指数","930916","2022-02-17","2022-02-16","2008-12-31","","153.56","153.40","","","0","","","","0.1050"
"中证10年期国债指数","930916","2022-02-18","2022-02-17","2008-12-31","","153.39","153.56","","","0","","","","-0.1107"
"中证10年期国债指数","930916","2022-02-21","2022-02-18","2008-12-31","","152.89","153.39","","","0","","","","-0.3305"
"中证10年期国债指数","930916","2022-02-22","2022-02-21","2008-12-31","","152.88","152.89","","","0","","","","-0.0072"
"中证10年期国债指数","930916","2022-02-23","2022-02-22","2008-12-31","","153.20","152.88","","","0","","","","0.2139"
"中证10年期国债指数","930916","2022-02-24","2022-02-23","2008-12-31","","153.40","153.20","","","0","","","","0.1299"
"中证10年期国债指数","930916","2022-02-25","2022-02-24","2008-12-31","","153.49","153.40","","","0","","","","0.0600"
"中证10年期国债指数","930916","2022-02-28","2022-02-25","2008-12-31","","153.62","153.49","","","0","","","","0.0853"
"中证10年期国债指数","930916","2022-03-01","2022-02-28","2008-12-31","","153.25","153.62","","","0","","","","-0.2421"
"中证10年期国债指数","930916","2022-03-02","2022-03-01","2008-12-31","","153.06","153.25","","","0","","","","-0.1240"
"中证10年期国债指数","930916","2022-03-03","2022-03-02","2008-12-31","","152.90","153.06","","","0","","","","-0.1071"
"中证10年期国债指数","930916","2022-03-04","2022-03-03","2008-12-31","","153.05","152.90","","","0","","","","0.1014"
"中证10年期国债指数","930916","2022-03-07","2022-03-04","2008-12-31","","153.17","153.05","","","0","","","","0.0771"
"中证10年期国债指数","930916","2022-03-08","2022-03-07","2008-12-31","","153.15","153.17","","","0","","","","-0.0137"
"中证10年期国债指数","930916","2022-03-09","2022-03-08","2008-12-31","","152.82","153.15","","","0","","","","-0.2181"
"中证10年期国债指数","930916","2022-03-10","2022-03-09","2008-12-31","","152.78","152.82","","","0","","","","-0.0249"
"中证10年期国债指数","930916","2022-03-11","2022-03-10","2008-12-31","","153.50","152.78","","","0","","","","0.4739"
"中证10年期国债指数","930916","2022-03-14","2022-03-11","2008-12-31","","153.90","153.50","","","0","","","","0.2606"
"中证10年期国债指数","930916","2022-03-15","2022-03-14","2008-12-31","","153.22","153.90","","","0","","","","-0.4431"
"中证10年期国债指数","930916","2022-03-16","2022-03-15","2008-12-31","","153.40","153.22","","","0","","","","0.1149"
"中证10年期国债指数","930916","2022-03-17","2022-03-16","2008-12-31","","153.48","153.40","","","0","","","","0.0561"
"中证10年期国债指数","930916","2022-03-18","2022-03-17","2008-12-31","","153.59","153.48","","","0","","","","0.0723"
"中证10年期国债指数","930916","2022-03-21","2022-03-18","2008-12-31","","153.61","153.59","","","0","","","","0.0117"
"中证10年期国债指数","930916","2022-03-22","2022-03-21","2008-12-31","","153.17","153.61","","","0","","","","-0.2845"
"中证10年期国债指数","930916","2022-03-23","2022-03-22","2008-12-31","","153.21","153.17","","","0","","","","0.0222"
"中证10年期国债指数","930916","2022-03-24","2022-03-23","2008-12-31","","153.45","153.21","","","0","","","","0.1593"
"中证10年期国债指数","930916","2022-03-25","2022-03-24","2008-12-31","","153.56","153.45","","","0","","","","0.0730"
"中证10年期国债指数","930916","2022-03-28","2022-03-25","2008-12-31","","153.66","153.56","","","0","","","","0.0645"
"中证10年期国债指数","930916","2022-03-29","2022-03-28","2008-12-31","","153.65","153.66","","","0","","","","-0.0085"
"中证10年期国债指数","930916","2022-03-30","2022-03-29","2008-12-31","","153.86","153.65","","","0","","","","0.1347"
"中证10年期国债指数","930916","2022-03-31","2022-03-30","2008-12-31","","153.65","153.86","","","0","","","","-0.1365"
"中证10年期国债指数","930916","2022-04-01","2022-03-31","2008-12-31","","153.80","153.65","","","0","","","","0.0983"
"中证10年期国债指数","930916","2022-04-06","2022-04-01","2008-12-31","","154.00","153.80","","","0","","","","0.1300"
"中证10年期国债指数","930916","2022-04-07","2022-04-06","2008-12-31","","154.32","154.00","","","0","","","","0.2104"
"中证10年期国债指数","930916","2022-04-08","2022-04-07","2008-12-31","","154.24","154.32","","","0","","","","-0.0505"
"中证10年期国债指数","930916","2022-04-11","2022-04-08","2008-12-31","","154.07","154.24","","","0","","","","-0.1141"
"中证10年期国债指数","930916","2022-04-12","2022-04-11","2008-12-31","","154.05","154.07","","","0","","","","-0.0110"
"中证10年期国债指数","930916","2022-04-13","2022-04-12","2008-12-31","","154.15","154.05","","","0","","","","0.0656"
"中证10年期国债指数","930916","2022-04-14","2022-04-13","2008-12-31","","154.17","154.15","","","0","","","","0.0143"
"中证10年期国债指数","930916","2022-04-15","2022-04-14","2008-12-31","","154.18","154.17","","","0","","","","0.0052"
"中证10年期国债指数","930916","2022-04-18","2022-04-15","2008-12-31","","153.66","154.18","","","0","","","","-0.3412"
"中证10年期国债指数","930916","2022-04-19","2022-04-18","2008-12-31","","153.61","153.66","","","0","","","","-0.0332"
"中证10年期国债指数","930916","2022-04-20","2022-04-19","2008-12-31","","153.51","153.61","","","0","","","","-0.0618"
"中证10年期国债指数","930916","2022-04-21","2022-04-20","2008-12-31","","153.59","153.51","","","0","","","","0.0521"
"中证10年期国债指数","930916","2022-04-22","2022-04-21","2008-12-31","","153.48","153.59","","","0","","","","-0.0703"
"中证10年期国债指数","930916","2022-04-25","2022-04-22","2008-12-31","","153.73","153.48","","","0","","","","0.1590"
"中证10年期国债指数","930916","2022-04-26","2022-04-25","2008-12-31","","153.70","153.73","","","0","","","","-0.0182"
"中证10年期国债指数","930916","2022-04-27","2022-04-26","2008-12-31","","153.53","153.70","","","0","","","","-0.1119"
"中证10年期国债指数","930916","2022-04-28","2022-04-27","2008-12-31","","153.42","153.53","","","0","","","","-0.0716"
"中证10年期国债指数","930916","2022-04-29","2022-04-28","2008-12-31","","153.60","153.42","","","0","","","","0.1199"
"中证10年期国债指数","930916","2022-05-05","2022-04-29","2008-12-31","","153.76","153.60","","","0","","","","0.1048"
"中证10年期国债指数","930916","2022-05-06","2022-05-05","2008-12-31","","153.76","153.76","","","0","","","","0.0020"
"中证10年期国债指数","930916","2022-05-09","2022-05-06","2008-12-31","","153.89","153.76","","","0","","","","0.0845"
"中证10年期国债指数","930916","2022-05-10","2022-05-09","2008-12-31","","154.06","153.89","","","0","","","","0.1059"
"中证10年期国债指数","930916","2022-05-11","2022-05-10","2008-12-31","","153.89","154.06","","","0","","","","-0.1071"
"中证10年期国债指数","930916","2022-05-12","2022-05-11","2008-12-31","","154.04","153.89","","","0","","","","0.0929"
"中证10年期国债指数","930916","2022-05-13","2022-05-12","2008-12-31","","153.96","154.04","","","0","","","","-0.0519"
"中证10年期国债指数","930916","2022-05-16","2022-05-13","2008-12-31","","153.97","153.96","","","0","","","","0.0117"
"中证10年期国债指数","930916","2022-05-17","2022-05-16","2008-12-31","","154.00","153.97","","","0","","","","0.0169"
"中证10年期国债指数","930916","2022-05-18","2022-05-17","2008-12-31","","154.13","154.00","","","0","","","","0.0844"
"中证10年期国债指数","930916","2022-05-19","2022-05-18","2008-12-31","","154.22","154.13","","","0","","","","0.0558"
"中证10年期国债指数","930916","2022-05-20","2022-05-19","2008-12-31","","154.18","154.22","","","0","","","","-0.0240"
"中证10年期国债指数","930916","2022-05-23","2022-05-20","2008-12-31","","154.37","154.18","","","0","","","","0.1271"
"中证10年期国债指数","930916","2022-05-24","2022-05-23","2008-12-31","","154.42","154.37","","","0","","","","0.0279"
"中证10年期国债指数","930916","2022-05-25","2022-05-24","2008-12-31","","154.60","154.42","","","0","","","","0.1166"
"中证10年期国债指数","930916","2022-05-26","2022-05-25","2008-12-31","","155.17","154.60","","","0","","","","0.3719"
"中证10年期国债指数","930916","2022-05-27","2022-05-26","2008-12-31","","155.22","155.17","","","0","","","","0.0335"
"中证10年期国债指数","930916","2022-05-30","2022-05-27","2008-12-31","","155.06","155.22","","","0","","","","-0.1031"
"中证10年期国债指数","930916","2022-05-31","2022-05-30","2008-12-31","","154.66","155.06","","","0","","","","-0.2605"
"中证10年期国债指数","930916","2022-06-01","2022-05-31","2008-12-31","","154.57","154.66","","","0","","","","-0.0582"
"中证10年期国债指数","930916","2022-06-02","2022-06-01","2008-12-31","","154.59","154.57","","","0","","","","0.0155"
"中证10年期国债指数","930916","2022-06-06","2022-06-02","2008-12-31","","154.36","154.59","","","0","","","","-0.1540"
"中证10年期国债指数","930916","2022-06-07","2022-06-06","2008-12-31","","154.52","154.36","","","0","","","","0.1030"
"中证10年期国债指数","930916","2022-06-08","2022-06-07","2008-12-31","","154.49","154.52","","","0","","","","-0.0175"
"中证10年期国债指数","930916","2022-06-09","2022-06-08","2008-12-31","","154.65","154.49","","","0","","","","0.1029"
"中证10年期国债指数","930916","2022-06-10","2022-06-09","2008-12-31","","154.66","154.65","","","0","","","","0.0058"
"中证10年期国债指数","930916","2022-06-13","2022-06-10","2008-12-31","","154.59","154.66","","","0","","","","-0.0407"
"中证10年期国债指数","930916","2022-06-14","2022-06-13","2008-12-31","","154.58","154.59","","","0","","","","-0.0091"
"中证10年期国债指数","930916","2022-06-15","2022-06-14","2008-12-31","","154.56","154.58","","","0","","","","-0.0116"
"中证10年期国债指数","930916","2022-06-16","2022-06-15","2008-12-31","","154.57","154.56","","","0","","","","0.0071"
"中证10年期国债指数","930916","2022-06-17","2022-06-16","2008-12-31","","154.61","154.57","","","0","","","","0.0246"
"中证10年期国债指数","930916","2022-06-20","2022-06-17","2008-12-31","","154.46","154.61","","","0","","","","-0.0970"
"中证10年期国债指数","930916","2022-06-21","2022-06-20","2008-12-31","","154.46","154.46","","","0","","","","0.0006"
"中证10年期国债指数","930916","2022-06-22","2022-06-21","2008-12-31","","154.54","154.46","","","0","","","","0.0492"
"中证10年期国债指数","930916","2022-06-23","2022-06-22","2008-12-31","","154.47","154.54","","","0","","","","-0.0408"
"中证10年期国债指数","930916","2022-06-24","2022-06-23","2008-12-31","","154.33","154.47","","","0","","","","-0.0952"
"中证10年期国债指数","930916","2022-06-27","2022-06-24","2008-12-31","","153.86","154.33","","","0","","","","-0.3033"
"中证10年期国债指数","930916","2022-06-28","2022-06-27","2008-12-31","","153.78","153.86","","","0","","","","-0.0507"
"中证10年期国债指数","930916","2022-06-29","2022-06-28","2008-12-31","","153.90","153.78","","","0","","","","0.0787"
"中证10年期国债指数","930916","2022-06-30","2022-06-29","2008-12-31","","154.20","153.90","","","0","","","","0.1917"
"中证10年期国债指数","930916","2022-07-01","2022-06-30","2008-12-31","","154.12","154.20","","","0","","","","-0.0532"
"中证10年期国债指数","930916","2022-07-04","2022-07-01","2008-12-31","","153.94","154.12","","","0","","","","-0.1148"
"中证10年期国债指数","930916","2022-07-05","2022-07-04","2008-12-31","","153.95","153.94","","","0","","","","0.0104"
"中证10年期国债指数","930916","2022-07-06","2022-07-05","2008-12-31","","154.10","153.95","","","0","","","","0.0968"
"中证10年期国债指数","930916","2022-07-07","2022-07-06","2008-12-31","","154.09","154.10","","","0","","","","-0.0058"
"中证10年期国债指数","930916","2022-07-08","2022-07-07","2008-12-31","","154.05","154.09","","","0","","","","-0.0279"
"中证10年期国债指数","930916","2022-07-11","2022-07-08","2008-12-31","","154.29","154.05","","","0","","","","0.1558"
"中证10年期国债指数","930916","2022-07-12","2022-07-11","2008-12-31","","154.49","154.29","","","0","","","","0.1277"
"中证10年期国债指数","930916","2022-07-13","2022-07-12","2008-12-31","","154.56","154.49","","","0","","","","0.0440"
"中证10年期国债指数","930916","2022-07-14","2022-07-13","2008-12-31","","154.74","154.56","","","0","","","","0.1197"
"中证10年期国债指数","930916","2022-07-15","2022-07-14","2008-12-31","","154.88","154.74","","","0","","","","0.0872"
"中证10年期国债指数","930916","2022-07-18","2022-07-15","2008-12-31","","154.85","154.88","","","0","","","","-0.0187"
"中证10年期国债指数","930916","2022-07-19","2022-07-18","2008-12-31","","154.86","154.85","","","0","","","","0.0103"
"中证10年期国债指数","930916","2022-07-20","2022-07-19","2008-12-31","","155.06","154.86","","","0","","","","0.1272"
"中证10年期国债指数","930916","2022-07-21","2022-07-20","2008-12-31","","155.18","155.06","","","0","","","","0.0742"
"中证10年期国债指数","930916","2022-07-22","2022-07-21","2008-12-31","","154.94","155.18","","","0","","","","-0.1521"
"中证10年期国债指数","930916","2022-07-25","2022-07-22","2008-12-31","","155.03","154.94","","","0","","","","0.0581"
"中证10年期国债指数","930916","2022-07-26","2022-07-25","2008-12-31","","155.19","155.03","","","0","","","","0.1006"
"中证10年期国债指数","930916","2022-07-27","2022-07-26","2008-12-31","","155.19","155.19","","","0","","","","0.0026"
"中证10年期国债指数","930916","2022-07-28","2022-07-27","2008-12-31","","155.05","155.19","","","0","","","","-0.0902"
"中证10年期国债指数","930916","2022-07-29","2022-07-28","2008-12-31","","155.41","155.05","","","0","","","","0.2341"
"中证10年期国债指数","930916","2022-08-01","2022-07-29","2008-12-31","","155.72","155.41","","","0","","","","0.1988"
"中证10年期国债指数","930916","2022-08-02","2022-08-01","2008-12-31","","155.81","155.72","","","0","","","","0.0565"
"中证10年期国债指数","930916","2022-08-03","2022-08-02","2008-12-31","","155.83","155.81","","","0","","","","0.0148"
"中证10年期国债指数","930916","2022-08-04","2022-08-03","2008-12-31","","155.90","155.83","","","0","","","","0.0456"
"中证10年期国债指数","930916","2022-08-05","2022-08-04","2008-12-31","","155.94","155.90","","","0","","","","0.0237"
"中证10年期国债指数","930916","2022-08-08","2022-08-05","2008-12-31","","155.73","155.94","","","0","","","","-0.1321"
"中证10年期国债指数","930916","2022-08-09","2022-08-08","2008-12-31","","155.72","155.73","","","0","","","","-0.0090"
"中证10年期国债指数","930916","2022-08-10","2022-08-09","2008-12-31","","155.78","155.72","","","0","","","","0.0353"
"中证10年期国债指数","930916","2022-08-11","2022-08-10","2008-12-31","","155.84","155.78","","","0","","","","0.0443"
"中证10年期国债指数","930916","2022-08-12","2022-08-11","2008-12-31","","155.82","155.84","","","0","","","","-0.0173"
"中证10年期国债指数","930916","2022-08-15","2022-08-12","2008-12-31","","156.75","155.82","","","0","","","","0.6013"
"中证10年期国债指数","930916","2022-08-16","2022-08-15","2008-12-31","","157.08","156.75","","","0","","","","0.2099"
"中证10年期国债指数","930916","2022-08-17","2022-08-16","2008-12-31","","157.00","157.08","","","0","","","","-0.0547"
"中证10年期国债指数","930916","2022-08-18","2022-08-17","2008-12-31","","157.34","157.00","","","0","","","","0.2204"
"中证10年期国债指数","930916","2022-08-19","2022-08-18","2008-12-31","","157.44","157.34","","","0","","","","0.0597"
"中证10年期国债指数","930916","2022-08-22","2022-08-19","2008-12-31","","157.36","157.44","","","0","","","","-0.0470"
"中证10年期国债指数","930916","2022-08-23","2022-08-22","2008-12-31","","157.16","157.36","","","0","","","","-0.1290"
"中证10年期国债指数","930916","2022-08-24","2022-08-23","2008-12-31","","157.23","157.16","","","0","","","","0.0452"
"中证10年期国债指数","930916","2022-08-25","2022-08-24","2008-12-31","","156.84","157.23","","","0","","","","-0.2512"
"中证10年期国债指数","930916","2022-08-26","2022-08-25","2008-12-31","","156.78","156.84","","","0","","","","-0.0332"
"中证10年期国债指数","930916","2022-08-29","2022-08-26","2008-12-31","","157.03","156.78","","","0","","","","0.1556"
"中证10年期国债指数","930916","2022-08-30","2022-08-29","2008-12-31","","157.17","157.03","","","0","","","","0.0904"
"中证10年期国债指数","930916","2022-08-31","2022-08-30","2008-12-31","","157.12","157.17","","","0","","","","-0.0318"
"中证10年期国债指数","930916","2022-09-01","2022-08-31","2008-12-31","","157.26","157.12","","","0","","","","0.0904"
"中证10年期国债指数","930916","2022-09-02","2022-09-01","2008-12-31","","157.20","157.26","","","0","","","","-0.0369"
"中证10年期国债指数","930916","2022-09-05","2022-09-02","2008-12-31","","157.32","157.20","","","0","","","","0.0763"
"中证10年期国债指数","930916","2022-09-06","2022-09-05","2008-12-31","","157.35","157.32","","","0","","","","0.0140"
"中证10年期国债指数","930916","2022-09-07","2022-09-06","2008-12-31","","157.34","157.35","","","0","","","","-0.0044"
"中证10年期国债指数","930916","2022-09-08","2022-09-07","2008-12-31","","157.31","157.34","","","0","","","","-0.0197"
"中证10年期国债指数","930916","2022-09-09","2022-09-08","2008-12-31","","157.01","157.31","","","0","","","","-0.1920"
"中证10年期国债指数","930916","2022-09-13","2022-09-09","2008-12-31","","157.07","157.01","","","0","","","","0.0433"
"中证10年期国债指数","930916","2022-09-14","2022-09-13","2008-12-31","","156.85","157.07","","","0","","","","-0.1432"
"中证10年期国债指数","930916","2022-09-15","2022-09-14","2008-12-31","","156.83","156.85","","","0","","","","-0.0153"
"中证10年期国债指数","930916","2022-09-16","2022-09-15","2008-12-31","","156.66","156.83","","","0","","","","-0.1065"
"中证10年期国债指数","930916","2022-09-19","2022-09-16","2008-12-31","","156.78","156.66","","","0","","","","0.0779"
"中证10年期国债指数","930916","2022-09-20","2022-09-19","2008-12-31","","156.85","156.78","","","0","","","","0.0421"
"中证10年期国债指数","930916","2022-09-21","2022-09-20","2008-12-31","","157.04","156.85","","","0","","","","0.1218"
"中证10年期国债指数","930916","2022-09-22","2022-09-21","2008-12-31","","157.09","157.04","","","0","","","","0.0338"
"中证10年期国债指数","930916","2022-09-23","2022-09-22","2008-12-31","","156.79","157.09","","","0","","","","-0.1929"
"中证10年期国债指数","930916","2022-09-26","2022-09-23","2008-12-31","","156.46","156.79","","","0","","","","-0.2092"
"中证10年期国债指数","930916","2022-09-27","2022-09-26","2008-12-31","","156.53","156.46","","","0","","","","0.0447"
"中证10年期国债指数","930916","2022-09-28","2022-09-27","2008-12-31","","156.20","156.53","","","0","","","","-0.2127"
"中证10年期国债指数","930916","2022-09-29","2022-09-28","2008-12-31","","155.91","156.20","","","0","","","","-0.1825"
"中证10年期国债指数","930916","2022-09-30","2022-09-29","2008-12-31","","155.91","155.91","","","0","","","","-0.0013"
"中证10年期国债指数","930916","2022-10-10","2022-09-30","2008-12-31","","156.21","155.91","","","0","","","","0.1956"
"中证10年期国债指数","930916","2022-10-11","2022-10-10","2008-12-31","","156.20","156.21","","","0","","","","-0.0064"
"中证10年期国债指数","930916","2022-10-12","2022-10-11","2008-12-31","","156.16","156.20","","","0","","","","-0.0275"
"中证10年期国债指数","930916","2022-10-13","2022-10-12","2008-12-31","","156.35","156.16","","","0","","","","0.1185"
"中证10年期国债指数","930916","2022-10-14","2022-10-13","2008-12-31","","156.73","156.35","","","0","","","","0.2475"
"中证10年期国债指数","930916","2022-10-17","2022-10-14","2008-12-31","","156.69","156.73","","","0","","","","-0.0293"
"中证10年期国债指数","930916","2022-10-18","2022-10-17","2008-12-31","","156.74","156.69","","","0","","","","0.0319"
"中证10年期国债指数","930916","2022-10-19","2022-10-18","2008-12-31","","156.70","156.74","","","0","","","","-0.0268"
"中证10年期国债指数","930916","2022-10-20","2022-10-19","2008-12-31","","156.48","156.70","","","0","","","","-0.1398"
"中证10年期国债指数","930916","2022-10-21","2022-10-20","2008-12-31","","156.42","156.48","","","0","","","","-0.0377"
"中证10年期国债指数","930916","2022-10-24","2022-10-21","2008-12-31","","156.53","156.42","","","0","","","","0.0722"
"中证10年期国债指数","930916","2022-10-25","2022-10-24","2008-12-31","","156.57","156.53","","","0","","","","0.0224"
"中证10年期国债指数","930916","2022-10-26","2022-10-25","2008-12-31","","156.65","156.57","","","0","","","","0.0556"
"中证10年期国债指数","930916","2022-10-27","2022-10-26","2008-12-31","","156.85","156.65","","","0","","","","0.1283"
"中证10年期国债指数","930916","2022-10-28","2022-10-27","2008-12-31","","157.13","156.85","","","0","","","","0.1753"
"中证10年期国债指数","930916","2022-10-31","2022-10-28","2008-12-31","","157.55","157.13","","","0","","","","0.2686"
"中证10年期国债指数","930916","2022-11-01","2022-10-31","2008-12-31","","157.26","157.55","","","0","","","","-0.1841"
"中证10年期国债指数","930916","2022-11-02","2022-11-01","2008-12-31","","157.19","157.26","","","0","","","","-0.0477"
"中证10年期国债指数","930916","2022-11-03","2022-11-02","2008-12-31","","157.11","157.19","","","0","","","","-0.0471"
"中证10年期国债指数","930916","2022-11-04","2022-11-03","2008-12-31","","156.99","157.11","","","0","","","","-0.0745"
"中证10年期国债指数","930916","2022-11-07","2022-11-04","2008-12-31","","156.93","156.99","","","0","","","","-0.0389"
"中证10年期国债指数","930916","2022-11-08","2022-11-07","2008-12-31","","157.00","156.93","","","0","","","","0.0433"
"中证10年期国债指数","930916","2022-11-09","2022-11-08","2008-12-31","","157.03","157.00","","","0","","","","0.0210"
"中证10年期国债指数","930916","2022-11-10","2022-11-09","2008-12-31","","157.03","157.03","","","0","","","","-0.0051"
"中证10年期国债指数","930916","2022-11-11","2022-11-10","2008-12-31","","156.48","157.03","","","0","","","","-0.3464"
"中证10年期国债指数","930916","2022-11-14","2022-11-11","2008-12-31","","155.28","156.48","","","0","","","","-0.7707"
"中证10年期国债指数","930916","2022-11-15","2022-11-14","2008-12-31","","155.41","155.28","","","0","","","","0.0857"
"中证10年期国债指数","930916","2022-11-16","2022-11-15","2008-12-31","","155.17","155.41","","","0","","","","-0.1551"
"中证10年期国债指数","930916","2022-11-17","2022-11-16","2008-12-31","","155.64","155.17","","","0","","","","0.3055"
"中证10年期国债指数","930916","2022-11-18","2022-11-17","2008-12-31","","155.40","155.64","","","0","","","","-0.1529"
"中证10年期国债指数","930916","2022-11-21","2022-11-18","2008-12-31","","155.42","155.40","","","0","","","","0.0103"
"中证10年期国债指数","930916","2022-11-22","2022-11-21","2008-12-31","","155.42","155.42","","","0","","","","-0.0013"
"中证10年期国债指数","930916","2022-11-23","2022-11-22","2008-12-31","","155.61","155.42","","","0","","","","0.1229"
"中证10年期国债指数","930916","2022-11-24","2022-11-23","2008-12-31","","155.76","155.61","","","0","","","","0.0958"
"中证10年期国债指数","930916","2022-11-25","2022-11-24","2008-12-31","","155.45","155.76","","","0","","","","-0.2003"
"中证10年期国债指数","930916","2022-11-28","2022-11-25","2008-12-31","","155.07","155.45","","","0","","","","-0.2419"
"中证10年期国债指数","930916","2022-11-29","2022-11-28","2008-12-31","","154.70","155.07","","","0","","","","-0.2405"
"中证10年期国债指数","930916","2022-11-30","2022-11-29","2008-12-31","","154.65","154.70","","","0","","","","-0.0291"
"中证10年期国债指数","930916","2022-12-01","2022-11-30","2008-12-31","","154.86","154.65","","","0","","","","0.1364"
"中证10年期国债指数","930916","2022-12-02","2022-12-01","2008-12-31","","154.86","154.86","","","0","","","","0.0006"
"中证10年期国债指数","930916","2022-12-05","2022-12-02","2008-12-31","","154.72","154.86","","","0","","","","-0.0904"
"中证10年期国债指数","930916","2022-12-06","2022-12-05","2008-12-31","","154.34","154.72","","","0","","","","-0.2462"
"中证10年期国债指数","930916","2022-12-07","2022-12-06","2008-12-31","","154.81","154.34","","","0","","","","0.3000"
"中证10年期国债指数","930916","2022-12-08","2022-12-07","2008-12-31","","154.95","154.81","","","0","","","","0.0924"
"中证10年期国债指数","930916","2022-12-09","2022-12-08","2008-12-31","","154.71","154.95","","","0","","","","-0.1517"
"中证10年期国债指数","930916","2022-12-12","2022-12-09","2008-12-31","","154.77","154.71","","","0","","","","0.0355"
"中证10年期国债指数","930916","2022-12-13","2022-12-12","2008-12-31","","154.68","154.77","","","0","","","","-0.0588"
"中证10年期国债指数","930916","2022-12-14","2022-12-13","2008-12-31","","155.09","154.68","","","0","","","","0.2644"
"中证10年期国债指数","930916","2022-12-15","2022-12-14","2008-12-31","","154.93","155.09","","","0","","","","-0.1006"
"中证10年期国债指数","930916","2022-12-16","2022-12-15","2008-12-31","","154.92","154.93","","","0","","","","-0.0052"
"中证10年期国债指数","930916","2022-12-19","2022-12-16","2008-12-31","","155.17","154.92","","","0","","","","0.1581"
"中证10年期国债指数","930916","2022-12-20","2022-12-19","2008-12-31","","155.14","155.17","","","0","","","","-0.0187"
"中证10年期国债指数","930916","2022-12-21","2022-12-20","2008-12-31","","155.27","155.14","","","0","","","","0.0851"
"中证10年期国债指数","930916","2022-12-22","2022-12-21","2008-12-31","","155.38","155.27","","","0","","","","0.0708"
"中证10年期国债指数","930916","2022-12-23","2022-12-22","2008-12-31","","155.65","155.38","","","0","","","","0.1744"
"中证10年期国债指数","930916","2022-12-26","2022-12-23","2008-12-31","","155.59","155.65","","","0","","","","-0.0418"
"中证10年期国债指数","930916","2022-12-27","2022-12-26","2008-12-31","","155.22","155.59","","","0","","","","-0.2346"
"中证10年期国债指数","930916","2022-12-28","2022-12-27","2008-12-31","","155.30","155.22","","","0","","","","0.0528"
"中证10年期国债指数","930916","2022-12-29","2022-12-28","2008-12-31","","155.62","155.30","","","0","","","","0.2003"
"中证10年期国债指数","930916","2022-12-30","2022-12-29","2008-12-31","","155.63","155.62","","","0","","","","0.0090"
"中证10年期国债指数","930916","2023-01-03","2022-12-30","2008-12-31","","155.75","155.63","","","0","","","","0.0745"
"中证10年期国债指数","930916","2023-01-04","2023-01-03","2008-12-31","","155.96","155.75","","","0","","","","0.1380"
"中证10年期国债指数","930916","2023-01-05","2023-01-04","2008-12-31","","155.94","155.96","","","0","","","","-0.0154"
"中证10年期国债指数","930916","2023-01-06","2023-01-05","2008-12-31","","155.70","155.94","","","0","","","","-0.1507"
"中证10年期国债指数","930916","2023-01-09","2023-01-06","2008-12-31","","155.67","155.70","","","0","","","","-0.0218"
"中证10年期国债指数","930916","2023-01-10","2023-01-09","2008-12-31","","155.37","155.67","","","0","","","","-0.1901"
"中证10年期国债指数","930916","2023-01-11","2023-01-10","2008-12-31","","155.29","155.37","","","0","","","","-0.0534"
"中证10年期国债指数","930916","2023-01-12","2023-01-11","2008-12-31","","155.27","155.29","","","0","","","","-0.0109"
"中证10年期国债指数","930916","2023-01-13","2023-01-12","2008-12-31","","155.13","155.27","","","0","","","","-0.0921"
"中证10年期国债指数","930916","2023-01-16","2023-01-13","2008-12-31","","154.86","155.13","","","0","","","","-0.1753"
"中证10年期国债指数","930916","2023-01-17","2023-01-16","2008-12-31","","154.97","154.86","","","0","","","","0.0730"
"中证10年期国债指数","930916","2023-01-18","2023-01-17","2008-12-31","","154.91","154.97","","","0","","","","-0.0381"
"中证10年期国债指数","930916","2023-01-19","2023-01-18","2008-12-31","","154.94","154.91","","","0","","","","0.0187"
"中证10年期国债指数","930916","2023-01-20","2023-01-19","2008-12-31","","154.81","154.94","","","0","","","","-0.0839"
"中证10年期国债指数","930916","2023-01-30","2023-01-20","2008-12-31","","155.12","154.81","","","0","","","","0.2028"
"中证10年期国债指数","930916","2023-01-31","2023-01-30","2008-12-31","","155.29","155.12","","","0","","","","0.1089"
"中证10年期国债指数","930916","2023-02-01","2023-01-31","2008-12-31","","155.18","155.29","","","0","","","","-0.0753"
"中证10年期国债指数","930916","2023-02-02","2023-02-01","2008-12-31","","155.25","155.18","","","0","","","","0.0451"
"中证10年期国债指数","930916","2023-02-03","2023-02-02","2008-12-31","","155.37","155.25","","","0","","","","0.0825"
"中证10年期国债指数","930916","2023-02-06","2023-02-03","2008-12-31","","155.41","155.37","","","0","","","","0.0257"
"中证10年期国债指数","930916","2023-02-07","2023-02-06","2008-12-31","","155.43","155.41","","","0","","","","0.0090"
"中证10年期国债指数","930916","2023-02-08","2023-02-07","2008-12-31","","155.48","155.43","","","0","","","","0.0367"
"中证10年期国债指数","930916","2023-02-09","2023-02-08","2008-12-31","","155.55","155.48","","","0","","","","0.0424"
"中证10年期国债指数","930916","2023-02-10","2023-02-09","2008-12-31","","155.50","155.55","","","0","","","","-0.0321"
"中证10年期国债指数","930916","2023-02-13","2023-02-10","2008-12-31","","155.57","155.50","","","0","","","","0.0476"
"中证10年期国债指数","930916","2023-02-14","2023-02-13","2008-12-31","","155.61","155.57","","","0","","","","0.0257"
"中证10年期国债指数","930916","2023-02-15","2023-02-14","2008-12-31","","155.63","155.61","","","0","","","","0.0090"
"中证10年期国债指数","930916","2023-02-16","2023-02-15","2008-12-31","","155.69","155.63","","","0","","","","0.0405"
"中证10年期国债指数","930916","2023-02-17","2023-02-16","2008-12-31","","155.68","155.69","","","0","","","","-0.0077"
"中证10年期国债指数","930916","2023-02-20","2023-02-17","2008-12-31","","155.48","155.68","","","0","","","","-0.1265"
"中证10年期国债指数","930916","2023-02-21","2023-02-20","2008-12-31","","155.41","155.48","","","0","","","","-0.0470"
"中证10年期国债指数","930916","2023-02-22","2023-02-21","2008-12-31","","155.46","155.41","","","0","","","","0.0302"
"中证10年期国债指数","930916","2023-02-23","2023-02-22","2008-12-31","","155.47","155.46","","","0","","","","0.0090"
"中证10年期国债指数","930916","2023-02-24","2023-02-23","2008-12-31","","155.49","155.47","","","0","","","","0.0122"
"中证10年期国债指数","930916","2023-02-27","2023-02-24","2008-12-31","","155.56","155.49","","","0","","","","0.0437"
"中证10年期国债指数","930916","2023-02-28","2023-02-27","2008-12-31","","155.61","155.56","","","0","","","","0.0354"
"中证10年期国债指数","930916","2023-03-01","2023-02-28","2008-12-31","","155.66","155.61","","","0","","","","0.0276"
"中证10年期国债指数","930916","2023-03-02","2023-03-01","2008-12-31","","155.62","155.66","","","0","","","","-0.0244"
"中证10年期国债指数","930916","2023-03-03","2023-03-02","2008-12-31","","155.61","155.62","","","0","","","","-0.0051"
"中证10年期国债指数","930916","2023-03-06","2023-03-03","2008-12-31","","155.91","155.61","","","0","","","","0.1960"
"中证10年期国债指数","930916","2023-03-07","2023-03-06","2008-12-31","","156.00","155.91","","","0","","","","0.0539"
"中证10年期国债指数","930916","2023-03-08","2023-03-07","2008-12-31","","155.99","156.00","","","0","","","","-0.0077"
"中证10年期国债指数","930916","2023-03-09","2023-03-08","2008-12-31","","156.07","155.99","","","0","","","","0.0526"
"中证10年期国债指数","930916","2023-03-10","2023-03-09","2008-12-31","","156.17","156.07","","","0","","","","0.0634"
"中证10年期国债指数","930916","2023-03-13","2023-03-10","2008-12-31","","156.21","156.17","","","0","","","","0.0301"
"中证10年期国债指数","930916","2023-03-14","2023-03-13","2008-12-31","","156.24","156.21","","","0","","","","0.0186"
"中证10年期国债指数","930916","2023-03-15","2023-03-14","2008-12-31","","156.22","156.24","","","0","","","","-0.0134"
"中证10年期国债指数","930916","2023-03-16","2023-03-15","2008-12-31","","156.41","156.22","","","0","","","","0.1229"
"中证10年期国债指数","930916","2023-03-17","2023-03-16","2008-12-31","","156.41","156.41","","","0","","","","-0.0058"
"中证10年期国债指数","930916","2023-03-20","2023-03-17","2008-12-31","","156.47","156.41","","","0","","","","0.0390"
"中证10年期国债指数","930916","2023-03-21","2023-03-20","2008-12-31","","156.42","156.47","","","0","","","","-0.0294"
"中证10年期国债指数","930916","2023-03-22","2023-03-21","2008-12-31","","156.43","156.42","","","0","","","","0.0032"
"中证10年期国债指数","930916","2023-03-23","2023-03-22","2008-12-31","","156.37","156.43","","","0","","","","-0.0339"
"中证10年期国债指数","930916","2023-03-24","2023-03-23","2008-12-31","","156.35","156.37","","","0","","","","-0.0134"
"中证10年期国债指数","930916","2023-03-27","2023-03-24","2008-12-31","","156.44","156.35","","","0","","","","0.0576"
"中证10年期国债指数","930916","2023-03-28","2023-03-27","2008-12-31","","156.46","156.44","","","0","","","","0.0134"
"中证10年期国债指数","930916","2023-03-29","2023-03-28","2008-12-31","","156.47","156.46","","","0","","","","0.0070"
"中证10年期国债指数","930916","2023-03-30","2023-03-29","2008-12-31","","156.48","156.47","","","0","","","","0.0026"
"中证10年期国债指数","930916","2023-03-31","2023-03-30","2008-12-31","","156.53","156.48","","","0","","","","0.0313"
"中证10年期国债指数","930916","2023-04-03","2023-03-31","2008-12-31","","156.49","156.53","","","0","","","","-0.0243"
"中证10年期国债指数","930916","2023-04-04","2023-04-03","2008-12-31","","156.49","156.49","","","0","","","","-0.0019"
"中证10年期国债指数","930916","2023-04-06","2023-04-04","2008-12-31","","156.52","156.49","","","0","","","","0.0211"
"中证10年期国债指数","930916","2023-04-07","2023-04-06","2008-12-31","","156.63","156.52","","","0","","","","0.0728"
"中证10年期国债指数","930916","2023-04-10","2023-04-07","2008-12-31","","156.73","156.63","","","0","","","","0.0600"
"中证10年期国债指数","930916","2023-04-11","2023-04-10","2008-12-31","","156.80","156.73","","","0","","","","0.0472"
"中证10年期国债指数","930916","2023-04-12","2023-04-11","2008-12-31","","157.13","156.80","","","0","","","","0.2073"
"中证10年期国债指数","930916","2023-04-13","2023-04-12","2008-12-31","","157.08","157.13","","","0","","","","-0.0286"
"中证10年期国债指数","930916","2023-04-14","2023-04-13","2008-12-31","","157.03","157.08","","","0","","","","-0.0299"
"中证10年期国债指数","930916","2023-04-17","2023-04-14","2008-12-31","","156.99","157.03","","","0","","","","-0.0267"
"中证10年期国债指数","930916","2023-04-18","2023-04-17","2008-12-31","","156.97","156.99","","","0","","","","-0.0134"
"中证10年期国债指数","930916","2023-04-19","2023-04-18","2008-12-31","","157.07","156.97","","","0","","","","0.0663"
"中证10年期国债指数","930916","2023-04-20","2023-04-19","2008-12-31","","157.08","157.07","","","0","","","","0.0025"
"中证10年期国债指数","930916","2023-04-21","2023-04-20","2008-12-31","","157.11","157.08","","","0","","","","0.0216"
"中证10年期国债指数","930916","2023-04-24","2023-04-21","2008-12-31","","157.30","157.11","","","0","","","","0.1178"
"中证10年期国债指数","930916","2023-04-25","2023-04-24","2008-12-31","","157.35","157.30","","","0","","","","0.0305"
"中证10年期国债指数","930916","2023-04-26","2023-04-25","2008-12-31","","157.38","157.35","","","0","","","","0.0210"
"中证10年期国债指数","930916","2023-04-27","2023-04-26","2008-12-31","","157.76","157.38","","","0","","","","0.2434"
"中证10年期国债指数","930916","2023-04-28","2023-04-27","2008-12-31","","157.69","157.76","","","0","","","","-0.0450"
"中证10年期国债指数","930916","2023-05-04","2023-04-28","2008-12-31","","158.08","157.69","","","0","","","","0.2492"
"中证10年期国债指数","930916","2023-05-05","2023-05-04","2008-12-31","","158.43","158.08","","","0","","","","0.2182"
"中证10年期国债指数","930916","2023-05-08","2023-05-05","2008-12-31","","158.42","158.43","","","0","","","","-0.0069"
"中证10年期国债指数","930916","2023-05-09","2023-05-08","2008-12-31","","158.35","158.42","","","0","","","","-0.0429"
"中证10年期国债指数","930916","2023-05-10","2023-05-09","2008-12-31","","158.54","158.35","","","0","","","","0.1206"
"中证10年期国债指数","930916","2023-05-11","2023-05-10","2008-12-31","","158.81","158.54","","","0","","","","0.1722"
"中证10年期国债指数","930916","2023-05-12","2023-05-11","2008-12-31","","158.72","158.81","","","0","","","","-0.0560"
"中证10年期国债指数","930916","2023-05-15","2023-05-12","2008-12-31","","158.70","158.72","","","0","","","","-0.0151"
"中证10年期国债指数","930916","2023-05-16","2023-05-15","2008-12-31","","158.70","158.70","","","0","","","","0.0019"
"中证10年期国债指数","930916","2023-05-17","2023-05-16","2008-12-31","","158.65","158.70","","","0","","","","-0.0321"
"中证10年期国债指数","930916","2023-05-18","2023-05-17","2008-12-31","","158.66","158.65","","","0","","","","0.0057"
"中证10年期国债指数","930916","2023-05-19","2023-05-18","2008-12-31","","158.70","158.66","","","0","","","","0.0258"
"中证10年期国债指数","930916","2023-05-22","2023-05-19","2008-12-31","","158.77","158.70","","","0","","","","0.0410"
"中证10年期国债指数","930916","2023-05-23","2023-05-22","2008-12-31","","158.96","158.77","","","0","","","","0.1197"
"中证10年期国债指数","930916","2023-05-24","2023-05-23","2008-12-31","","158.98","158.96","","","0","","","","0.0126"
"中证10年期国债指数","930916","2023-05-25","2023-05-24","2008-12-31","","159.01","158.98","","","0","","","","0.0182"
"中证10年期国债指数","930916","2023-05-26","2023-05-25","2008-12-31","","158.87","159.01","","","0","","","","-0.0836"
"中证10年期国债指数","930916","2023-05-29","2023-05-26","2008-12-31","","158.87","158.87","","","0","","","","-0.0013"
"中证10年期国债指数","930916","2023-05-30","2023-05-29","2008-12-31","","158.86","158.87","","","0","","","","-0.0069"
"中证10年期国债指数","930916","2023-05-31","2023-05-30","2008-12-31","","158.94","158.86","","","0","","","","0.0478"
"中证10年期国债指数","930916","2023-06-01","2023-05-31","2008-12-31","","159.02","158.94","","","0","","","","0.0554"
"中证10年期国债指数","930916","2023-06-02","2023-06-01","2008-12-31","","159.03","159.02","","","0","","","","0.0038"
"中证10年期国债指数","930916","2023-06-05","2023-06-02","2008-12-31","","158.98","159.03","","","0","","","","-0.0302"
"中证10年期国债指数","930916","2023-06-06","2023-06-05","2008-12-31","","159.09","158.98","","","0","","","","0.0704"
"中证10年期国债指数","930916","2023-06-07","2023-06-06","2008-12-31","","159.15","159.09","","","0","","","","0.0327"
"中证10年期国债指数","930916","2023-06-08","2023-06-07","2008-12-31","","159.20","159.15","","","0","","","","0.0333"
"中证10年期国债指数","930916","2023-06-09","2023-06-08","2008-12-31","","159.27","159.20","","","0","","","","0.0459"
"中证10年期国债指数","930916","2023-06-12","2023-06-09","2008-12-31","","159.40","159.27","","","0","","","","0.0785"
"中证10年期国债指数","930916","2023-06-13","2023-06-12","2008-12-31","","159.97","159.40","","","0","","","","0.3563"
"中证10年期国债指数","930916","2023-06-14","2023-06-13","2008-12-31","","160.15","159.97","","","0","","","","0.1131"
"中证10年期国债指数","930916","2023-06-15","2023-06-14","2008-12-31","","159.65","160.15","","","0","","","","-0.3097"
"中证10年期国债指数","930916","2023-06-16","2023-06-15","2008-12-31","","159.33","159.65","","","0","","","","-0.2017"
"中证10年期国债指数","930916","2023-06-19","2023-06-16","2008-12-31","","159.22","159.33","","","0","","","","-0.0665"
"中证10年期国债指数","930916","2023-06-20","2023-06-19","2008-12-31","","159.30","159.22","","","0","","","","0.0458"
"中证10年期国债指数","930916","2023-06-21","2023-06-20","2008-12-31","","159.36","159.30","","","0","","","","0.0421"
"中证10年期国债指数","930916","2023-06-26","2023-06-21","2008-12-31","","159.53","159.36","","","0","","","","0.1054"
"中证10年期国债指数","930916","2023-06-27","2023-06-26","2008-12-31","","159.42","159.53","","","0","","","","-0.0690"
"中证10年期国债指数","930916","2023-06-28","2023-06-27","2008-12-31","","159.57","159.42","","","0","","","","0.0953"
"中证10年期国债指数","930916","2023-06-29","2023-06-28","2008-12-31","","159.62","159.57","","","0","","","","0.0307"
"中证10年期国债指数","930916","2023-06-30","2023-06-29","2008-12-31","","159.86","159.62","","","0","","","","0.1516"
"中证10年期国债指数","930916","2023-07-03","2023-06-30","2008-12-31","","159.87","159.86","","","0","","","","0.0013"
"中证10年期国债指数","930916","2023-07-04","2023-07-03","2008-12-31","","159.91","159.87","","","0","","","","0.0307"
"中证10年期国债指数","930916","2023-07-05","2023-07-04","2008-12-31","","159.90","159.91","","","0","","","","-0.0113"
"中证10年期国债指数","930916","2023-07-06","2023-07-05","2008-12-31","","159.90","159.90","","","0","","","","0.0050"
"中证10年期国债指数","930916","2023-07-07","2023-07-06","2008-12-31","","159.94","159.90","","","0","","","","0.0244"
"中证10年期国债指数","930916","2023-07-10","2023-07-07","2008-12-31","","159.98","159.94","","","0","","","","0.0219"
"中证10年期国债指数","930916","2023-07-11","2023-07-10","2008-12-31","","160.10","159.98","","","0","","","","0.0775"
"中证10年期国债指数","930916","2023-07-12","2023-07-11","2008-12-31","","160.07","160.10","","","0","","","","-0.0194"
"中证10年期国债指数","930916","2023-07-13","2023-07-12","2008-12-31","","160.09","160.07","","","0","","","","0.0112"
"中证10年期国债指数","930916","2023-07-14","2023-07-13","2008-12-31","","160.03","160.09","","","0","","","","-0.0381"
"中证10年期国债指数","930916","2023-07-17","2023-07-14","2008-12-31","","160.17","160.03","","","0","","","","0.0887"
"中证10年期国债指数","930916","2023-07-18","2023-07-17","2008-12-31","","160.30","160.17","","","0","","","","0.0837"
"中证10年期国债指数","930916","2023-07-19","2023-07-18","2008-12-31","","160.33","160.30","","","0","","","","0.0131"
"中证10年期国债指数","930916","2023-07-20","2023-07-19","2008-12-31","","160.40","160.33","","","0","","","","0.0455"
"中证10年期国债指数","930916","2023-07-21","2023-07-20","2008-12-31","","160.52","160.40","","","0","","","","0.0779"
"中证10年期国债指数","930916","2023-07-24","2023-07-21","2008-12-31","","160.61","160.52","","","0","","","","0.0536"
"中证10年期国债指数","930916","2023-07-25","2023-07-24","2008-12-31","","160.05","160.61","","","0","","","","-0.3468"
"中证10年期国债指数","930916","2023-07-26","2023-07-25","2008-12-31","","160.15","160.05","","","0","","","","0.0587"
"中证10年期国债指数","930916","2023-07-27","2023-07-26","2008-12-31","","160.35","160.15","","","0","","","","0.1274"
"中证10年期国债指数","930916","2023-07-28","2023-07-27","2008-12-31","","160.26","160.35","","","0","","","","-0.0574"
"中证10年期国债指数","930916","2023-07-31","2023-07-28","2008-12-31","","160.04","160.26","","","0","","","","-0.1335"
"中证10年期国债指数","930916","2023-08-01","2023-07-31","2008-12-31","","160.21","160.04","","","0","","","","0.1006"
"中证10年期国债指数","930916","2023-08-02","2023-08-01","2008-12-31","","160.24","160.21","","","0","","","","0.0237"
"中证10年期国债指数","930916","2023-08-03","2023-08-02","2008-12-31","","160.32","160.24","","","0","","","","0.0499"
"中证10年期国债指数","930916","2023-08-04","2023-08-03","2008-12-31","","160.35","160.32","","","0","","","","0.0156"
"中证10年期国债指数","930916","2023-08-07","2023-08-04","2008-12-31","","160.42","160.35","","","0","","","","0.0437"
"中证10年期国债指数","930916","2023-08-08","2023-08-07","2008-12-31","","160.44","160.42","","","0","","","","0.0143"
"中证10年期国债指数","930916","2023-08-09","2023-08-08","2008-12-31","","160.47","160.44","","","0","","","","0.0199"
"中证10年期国债指数","930916","2023-08-10","2023-08-09","2008-12-31","","160.46","160.47","","","0","","","","-0.0100"
"中证10年期国债指数","930916","2023-08-11","2023-08-10","2008-12-31","","160.51","160.46","","","0","","","","0.0337"
"中证10年期国债指数","930916","2023-08-14","2023-08-11","2008-12-31","","160.83","160.51","","","0","","","","0.1956"
"中证10年期国债指数","930916","2023-08-15","2023-08-14","2008-12-31","","161.45","160.83","","","0","","","","0.3886"
"中证10年期国债指数","930916","2023-08-16","2023-08-15","2008-12-31","","161.57","161.45","","","0","","","","0.0756"
"中证10年期国债指数","930916","2023-08-17","2023-08-16","2008-12-31","","161.54","161.57","","","0","","","","-0.0217"
"中证10年期国债指数","930916","2023-08-18","2023-08-17","2008-12-31","","161.64","161.54","","","0","","","","0.0613"
"中证10年期国债指数","930916","2023-08-21","2023-08-18","2008-12-31","","161.94","161.64","","","0","","","","0.1893"
"中证10年期国债指数","930916","2023-08-22","2023-08-21","2008-12-31","","161.95","161.94","","","0","","","","0.0019"
"中证10年期国债指数","930916","2023-08-23","2023-08-22","2008-12-31","","161.88","161.95","","","0","","","","-0.0389"
"中证10年期国债指数","930916","2023-08-24","2023-08-23","2008-12-31","","161.82","161.88","","","0","","","","-0.0389"
"中证10年期国债指数","930916","2023-08-25","2023-08-24","2008-12-31","","161.73","161.82","","","0","","","","-0.0544"
"中证10年期国债指数","930916","2023-08-28","2023-08-25","2008-12-31","","161.42","161.73","","","0","","","","-0.1929"
"中证10年期国债指数","930916","2023-08-29","2023-08-28","2008-12-31","","161.32","161.42","","","0","","","","-0.0601"
"中证10年期国债指数","930916","2023-08-30","2023-08-29","2008-12-31","","161.42","161.32","","","0","","","","0.0583"
"中证10年期国债指数","930916","2023-08-31","2023-08-30","2008-12-31","","161.48","161.42","","","0","","","","0.0415"
"中证10年期国债指数","930916","2023-09-01","2023-08-31","2008-12-31","","161.13","161.48","","","0","","","","-0.2174"
"中证10年期国债指数","930916","2023-09-04","2023-09-01","2008-12-31","","160.77","161.13","","","0","","","","-0.2228"
"中证10年期国债指数","930916","2023-09-05","2023-09-04","2008-12-31","","160.78","160.77","","","0","","","","0.0062"
"中证10年期国债指数","930916","2023-09-06","2023-09-05","2008-12-31","","160.48","160.78","","","0","","","","-0.1866"
"中证10年期国债指数","930916","2023-09-07","2023-09-06","2008-12-31","","160.40","160.48","","","0","","","","-0.0542"
"中证10年期国债指数","930916","2023-09-08","2023-09-07","2008-12-31","","160.50","160.40","","","0","","","","0.0623"
"中证10年期国债指数","930916","2023-09-11","2023-09-08","2008-12-31","","160.59","160.50","","","0","","","","0.0586"
"中证10年期国债指数","930916","2023-09-12","2023-09-11","2008-12-31","","160.71","160.59","","","0","","","","0.0735"
"中证10年期国债指数","930916","2023-09-13","2023-09-12","2008-12-31","","160.84","160.71","","","0","","","","0.0790"
"中证10年期国债指数","930916","2023-09-14","2023-09-13","2008-12-31","","161.05","160.84","","","0","","","","0.1318"
"中证10年期国债指数","930916","2023-09-15","2023-09-14","2008-12-31","","160.77","161.05","","","0","","","","-0.1751"
"中证10年期国债指数","930916","2023-09-18","2023-09-15","2008-12-31","","160.49","160.77","","","0","","","","-0.1735"
"中证10年期国债指数","930916","2023-09-19","2023-09-18","2008-12-31","","160.47","160.49","","","0","","","","-0.0081"
"中证10年期国债指数","930916","2023-09-20","2023-09-19","2008-12-31","","160.42","160.47","","","0","","","","-0.0330"
"中证10年期国债指数","930916","2023-09-21","2023-09-20","2008-12-31","","160.51","160.42","","","0","","","","0.0580"
"中证10年期国债指数","930916","2023-09-22","2023-09-21","2008-12-31","","160.33","160.51","","","0","","","","-0.1140"
"中证10年期国债指数","930916","2023-09-25","2023-09-22","2008-12-31","","160.18","160.33","","","0","","","","-0.0942"
"中证10年期国债指数","930916","2023-09-26","2023-09-25","2008-12-31","","160.04","160.18","","","0","","","","-0.0887"
"中证10年期国债指数","930916","2023-09-27","2023-09-26","2008-12-31","","160.07","160.04","","","0","","","","0.0194"
"中证10年期国债指数","930916","2023-09-28","2023-09-27","2008-12-31","","160.34","160.07","","","0","","","","0.1674"
"中证10年期国债指数","930916","2023-10-09","2023-09-28","2008-12-31","","160.53","160.34","","","0","","","","0.1204"
"中证10年期国债指数","930916","2023-10-10","2023-10-09","2008-12-31","","160.45","160.53","","","0","","","","-0.0498"
"中证10年期国债指数","930916","2023-10-11","2023-10-10","2008-12-31","","160.20","160.45","","","0","","","","-0.1577"
"中证10年期国债指数","930916","2023-10-12","2023-10-11","2008-12-31","","160.22","160.20","","","0","","","","0.0125"
"中证10年期国债指数","930916","2023-10-13","2023-10-12","2008-12-31","","160.38","160.22","","","0","","","","0.1042"
"中证10年期国债指数","930916","2023-10-16","2023-10-13","2008-12-31","","160.56","160.38","","","0","","","","0.1129"
"中证10年期国债指数","930916","2023-10-17","2023-10-16","2008-12-31","","160.45","160.56","","","0","","","","-0.0741"
"中证10年期国债指数","930916","2023-10-18","2023-10-17","2008-12-31","","160.32","160.45","","","0","","","","-0.0767"
"中证10年期国债指数","930916","2023-10-19","2023-10-18","2008-12-31","","160.05","160.32","","","0","","","","-0.1697"
"中证10年期国债指数","930916","2023-10-20","2023-10-19","2008-12-31","","160.32","160.05","","","0","","","","0.1687"
"中证10年期国债指数","930916","2023-10-23","2023-10-20","2008-12-31","","160.40","160.32","","","0","","","","0.0493"
"中证10年期国债指数","930916","2023-10-24","2023-10-23","2008-12-31","","160.17","160.40","","","0","","","","-0.1415"
"中证10年期国债指数","930916","2023-10-25","2023-10-24","2008-12-31","","160.36","160.17","","","0","","","","0.1199"
"中证10年期国债指数","930916","2023-10-26","2023-10-25","2008-12-31","","160.38","160.36","","","0","","","","0.0106"
"中证10年期国债指数","930916","2023-10-27","2023-10-26","2008-12-31","","160.29","160.38","","","0","","","","-0.0549"
"中证10年期国债指数","930916","2023-10-30","2023-10-27","2008-12-31","","160.41","160.29","","","0","","","","0.0749"
"中证10年期国债指数","930916","2023-10-31","2023-10-30","2008-12-31","","160.68","160.41","","","0","","","","0.1658"
"中证10年期国债指数","930916","2023-11-01","2023-10-31","2008-12-31","","160.75","160.68","","","0","","","","0.0454"
"中证10年期国债指数","930916","2023-11-02","2023-11-01","2008-12-31","","161.09","160.75","","","0","","","","0.2090"
"中证10年期国债指数","930916","2023-11-03","2023-11-02","2008-12-31","","161.07","161.09","","","0","","","","-0.0099"
"中证10年期国债指数","930916","2023-11-06","2023-11-03","2008-12-31","","161.17","161.07","","","0","","","","0.0590"
"中证10年期国债指数","930916","2023-11-07","2023-11-06","2008-12-31","","161.13","161.17","","","0","","","","-0.0223"
"中证10年期国债指数","930916","2023-11-08","2023-11-07","2008-12-31","","161.25","161.13","","","0","","","","0.0763"
"中证10年期国债指数","930916","2023-11-09","2023-11-08","2008-12-31","","161.25","161.25","","","0","","","","-0.0006"
"中证10年期国债指数","930916","2023-11-10","2023-11-09","2008-12-31","","161.32","161.25","","","0","","","","0.0422"
"中证10年期国债指数","930916","2023-11-13","2023-11-10","2008-12-31","","161.36","161.32","","","0","","","","0.0260"
"中证10年期国债指数","930916","2023-11-14","2023-11-13","2008-12-31","","161.24","161.36","","","0","","","","-0.0781"
"中证10年期国债指数","930916","2023-11-15","2023-11-14","2008-12-31","","161.19","161.24","","","0","","","","-0.0323"
"中证10年期国债指数","930916","2023-11-16","2023-11-15","2008-12-31","","161.29","161.19","","","0","","","","0.0639"
"中证10年期国债指数","930916","2023-11-17","2023-11-16","2008-12-31","","161.35","161.29","","","0","","","","0.0378"
"中证10年期国债指数","930916","2023-11-20","2023-11-17","2008-12-31","","161.33","161.35","","","0","","","","-0.0143"
"中证10年期国债指数","930916","2023-11-21","2023-11-20","2008-12-31","","161.28","161.33","","","0","","","","-0.0279"
"中证10年期国债指数","930916","2023-11-22","2023-11-21","2008-12-31","","161.14","161.28","","","0","","","","-0.0893"
"中证10年期国债指数","930916","2023-11-23","2023-11-22","2008-12-31","","160.87","161.14","","","0","","","","-0.1645"
"中证10年期国债指数","930916","2023-11-24","2023-11-23","2008-12-31","","160.93","160.87","","","0","","","","0.0385"
"中证10年期国债指数","930916","2023-11-27","2023-11-24","2008-12-31","","160.76","160.93","","","0","","","","-0.1069"
"中证10年期国债指数","930916","2023-11-28","2023-11-27","2008-12-31","","161.05","160.76","","","0","","","","0.1767"
"中证10年期国债指数","930916","2023-11-29","2023-11-28","2008-12-31","","161.09","161.05","","","0","","","","0.0292"
"中证10年期国债指数","930916","2023-11-30","2023-11-29","2008-12-31","","161.19","161.09","","","0","","","","0.0590"
"中证10年期国债指数","930916","2023-12-01","2023-11-30","2008-12-31","","161.24","161.19","","","0","","","","0.0298"
"中证10年期国债指数","930916","2023-12-04","2023-12-01","2008-12-31","","161.20","161.24","","","0","","","","-0.0254"
"中证10年期国债指数","930916","2023-12-05","2023-12-04","2008-12-31","","161.27","161.20","","","0","","","","0.0434"
"中证10年期国债指数","930916","2023-12-06","2023-12-05","2008-12-31","","161.22","161.27","","","0","","","","-0.0310"
"中证10年期国债指数","930916","2023-12-07","2023-12-06","2008-12-31","","161.31","161.22","","","0","","","","0.0571"
"中证10年期国债指数","930916","2023-12-08","2023-12-07","2008-12-31","","161.26","161.31","","","0","","","","-0.0298"
"中证10年期国债指数","930916","2023-12-11","2023-12-08","2008-12-31","","161.61","161.26","","","0","","","","0.2170"
"中证10年期国债指数","930916","2023-12-12","2023-12-11","2008-12-31","","161.59","161.61","","","0","","","","-0.0130"
"中证10年期国债指数","930916","2023-12-13","2023-12-12","2008-12-31","","161.91","161.59","","","0","","","","0.2005"
"中证10年期国债指数","930916","2023-12-14","2023-12-13","2008-12-31","","161.80","161.91","","","0","","","","-0.0710"
"中证10年期国债指数","930916","2023-12-15","2023-12-14","2008-12-31","","161.97","161.80","","","0","","","","0.1038"
"中证10年期国债指数","930916","2023-12-18","2023-12-15","2008-12-31","","162.12","161.97","","","0","","","","0.0945"
"中证10年期国债指数","930916","2023-12-19","2023-12-18","2008-12-31","","162.05","162.12","","","0","","","","-0.0395"
"中证10年期国债指数","930916","2023-12-20","2023-12-19","2008-12-31","","162.05","162.05","","","0","","","","-0.0049"
"中证10年期国债指数","930916","2023-12-21","2023-12-20","2008-12-31","","162.33","162.05","","","0","","","","0.1746"
"中证10年期国债指数","930916","2023-12-22","2023-12-21","2008-12-31","","162.40","162.33","","","0","","","","0.0425"
"中证10年期国债指数","930916","2023-12-25","2023-12-22","2008-12-31","","162.77","162.40","","","0","","","","0.2266"
"中证10年期国债指数","930916","2023-12-26","2023-12-25","2008-12-31","","162.70","162.77","","","0","","","","-0.0412"
"中证10年期国债指数","930916","2023-12-27","2023-12-26","2008-12-31","","162.79","162.70","","","0","","","","0.0553"
"中证10年期国债指数","930916","2023-12-28","2023-12-27","2008-12-31","","162.84","162.79","","","0","","","","0.0319"
"中证10年期国债指数","930916","2023-12-29","2023-12-28","2008-12-31","","162.92","162.84","","","0","","","","0.0504"
"中证10年期国债指数","930916","2024-01-02","2023-12-29","2008-12-31","","163.02","162.92","","","0","","","","0.0614"
"中证10年期国债指数","930916","2024-01-03","2024-01-02","2008-12-31","","163.03","163.02","","","0","","","","0.0043"
"中证10年期国债指数","930916","2024-01-04","2024-01-03","2008-12-31","","163.11","163.03","","","0","","","","0.0491"
"中证10年期国债指数","930916","2024-01-05","2024-01-04","2008-12-31","","163.46","163.11","","","0","","","","0.2134"
"中证10年期国债指数","930916","2024-01-08","2024-01-05","2008-12-31","","163.53","163.46","","","0","","","","0.0428"
"中证10年期国债指数","930916","2024-01-09","2024-01-08","2008-12-31","","163.83","163.53","","","0","","","","0.1865"
"中证10年期国债指数","930916","2024-01-10","2024-01-09","2008-12-31","","163.73","163.83","","","0","","","","-0.0635"
"中证10年期国债指数","930916","2024-01-11","2024-01-10","2008-12-31","","163.74","163.73","","","0","","","","0.0061"
"中证10年期国债指数","930916","2024-01-12","2024-01-11","2008-12-31","","163.54","163.74","","","0","","","","-0.1234"
"中证10年期国债指数","930916","2024-01-15","2024-01-12","2008-12-31","","163.50","163.54","","","0","","","","-0.0257"
"中证10年期国债指数","930916","2024-01-16","2024-01-15","2008-12-31","","163.46","163.50","","","0","","","","-0.0220"
"中证10年期国债指数","930916","2024-01-17","2024-01-16","2008-12-31","","163.64","163.46","","","0","","","","0.1126"
"中证10年期国债指数","930916","2024-01-18","2024-01-17","2008-12-31","","163.68","163.64","","","0","","","","0.0196"
"中证10年期国债指数","930916","2024-01-19","2024-01-18","2008-12-31","","163.85","163.68","","","0","","","","0.1063"
"中证10年期国债指数","930916","2024-01-22","2024-01-19","2008-12-31","","163.99","163.85","","","0","","","","0.0879"
"中证10年期国债指数","930916","2024-01-23","2024-01-22","2008-12-31","","163.92","163.99","","","0","","","","-0.0445"
"中证10年期国债指数","930916","2024-01-24","2024-01-23","2008-12-31","","163.93","163.92","","","0","","","","0.0079"
"中证10年期国债指数","930916","2024-01-25","2024-01-24","2008-12-31","","164.02","163.93","","","0","","","","0.0531"
"中证10年期国债指数","930916","2024-01-26","2024-01-25","2008-12-31","","164.00","164.02","","","0","","","","-0.0098"
"中证10年期国债指数","930916","2024-01-29","2024-01-26","2008-12-31","","164.10","164.00","","","0","","","","0.0561"
"中证10年期国债指数","930916","2024-01-30","2024-01-29","2008-12-31","","164.57","164.10","","","0","","","","0.2907"
"中证10年期国债指数","930916","2024-01-31","2024-01-30","2008-12-31","","165.04","164.57","","","0","","","","0.2844"
"中证10年期国债指数","930916","2024-02-01","2024-01-31","2008-12-31","","164.95","165.04","","","0","","","","-0.0582"
"中证10年期国债指数","930916","2024-02-02","2024-02-01","2008-12-31","","164.97","164.95","","","0","","","","0.0170"
"中证10年期国债指数","930916","2024-02-05","2024-02-02","2008-12-31","","165.35","164.97","","","0","","","","0.2297"
"中证10年期国债指数","930916","2024-02-06","2024-02-05","2008-12-31","","164.85","165.35","","","0","","","","-0.3042"
"中证10年期国债指数","930916","2024-02-07","2024-02-06","2008-12-31","","165.12","164.85","","","0","","","","0.1650"
"中证10年期国债指数","930916","2024-02-08","2024-02-07","2008-12-31","","164.95","165.12","","","0","","","","-0.1042"
"中证10年期国债指数","930916","2024-02-19","2024-02-08","2008-12-31","","165.14","164.95","","","0","","","","0.1128"
"中证10年期国债指数","930916","2024-02-20","2024-02-19","2008-12-31","","165.31","165.14","","","0","","","","0.1066"
"中证10年期国债指数","930916","2024-02-21","2024-02-20","2008-12-31","","165.44","165.31","","","0","","","","0.0762"
"中证10年期国债指数","930916","2024-02-22","2024-02-21","2008-12-31","","165.60","165.44","","","0","","","","0.1003"
"中证10年期国债指数","930916","2024-02-23","2024-02-22","2008-12-31","","165.70","165.60","","","0","","","","0.0580"
"中证10年期国债指数","930916","2024-02-26","2024-02-23","2008-12-31","","165.91","165.70","","","0","","","","0.1243"
"中证10年期国债指数","930916","2024-02-27","2024-02-26","2008-12-31","","166.01","165.91","","","0","","","","0.0645"
"中证10年期国债指数","930916","2024-02-28","2024-02-27","2008-12-31","","166.25","166.01","","","0","","","","0.1416"
"中证10年期国债指数","930916","2024-02-29","2024-02-28","2008-12-31","","166.47","166.25","","","0","","","","0.1341"
"中证10年期国债指数","930916","2024-03-01","2024-02-29","2008-12-31","","165.89","166.47","","","0","","","","-0.3466"
"中证10年期国债指数","930916","2024-03-04","2024-03-01","2008-12-31","","166.27","165.89","","","0","","","","0.2285"
"中证10年期国债指数","930916","2024-03-05","2024-03-04","2008-12-31","","166.53","166.27","","","0","","","","0.1534"
"中证10年期国债指数","930916","2024-03-06","2024-03-05","2008-12-31","","167.08","166.53","","","0","","","","0.3327"
"中证10年期国债指数","930916","2024-03-07","2024-03-06","2008-12-31","","167.26","167.08","","","0","","","","0.1083"
"中证10年期国债指数","930916","2024-03-08","2024-03-07","2008-12-31","","167.11","167.26","","","0","","","","-0.0915"
"中证10年期国债指数","930916","2024-03-11","2024-03-08","2008-12-31","","167.09","167.11","","","0","","","","-0.0096"
"中证10年期国债指数","930916","2024-03-12","2024-03-11","2008-12-31","","166.33","167.09","","","0","","","","-0.4584"
"中证10年期国债指数","930916","2024-03-13","2024-03-12","2008-12-31","","166.50","166.33","","","0","","","","0.1034"
"中证10年期国债指数","930916","2024-03-14","2024-03-13","2008-12-31","","166.37","166.50","","","0","","","","-0.0763"
"中证10年期国债指数","930916","2024-03-15","2024-03-14","2008-12-31","","166.58","166.37","","","0","","","","0.1226"
"中证10年期国债指数","930916","2024-03-18","2024-03-15","2008-12-31","","166.75","166.58","","","0","","","","0.1045"
"中证10年期国债指数","930916","2024-03-19","2024-03-18","2008-12-31","","167.23","166.75","","","0","","","","0.2903"
"中证10年期国债指数","930916","2024-03-20","2024-03-19","2008-12-31","","166.95","167.23","","","0","","","","-0.1692"
"中证10年期国债指数","930916","2024-03-21","2024-03-20","2008-12-31","","167.05","166.95","","","0","","","","0.0581"
"中证10年期国债指数","930916","2024-03-22","2024-03-21","2008-12-31","","166.80","167.05","","","0","","","","-0.1461"
"中证10年期国债指数","930916","2024-03-25","2024-03-22","2008-12-31","","166.71","166.80","","","0","","","","-0.0540"
"中证10年期国债指数","930916","2024-03-26","2024-03-25","2008-12-31","","166.71","166.71","","","0","","","","-0.0030"
"中证10年期国债指数","930916","2024-03-27","2024-03-26","2008-12-31","","166.95","166.71","","","0","","","","0.1446"
"中证10年期国债指数","930916","2024-03-28","2024-03-27","2008-12-31","","166.84","166.95","","","0","","","","-0.0647"
"中证10年期国债指数","930916","2024-03-29","2024-03-28","2008-12-31","","167.15","166.84","","","0","","","","0.1822"
"中证10年期国债指数","930916","2024-04-01","2024-03-29","2008-12-31","","166.82","167.15","","","0","","","","-0.1974"
"中证10年期国债指数","930916","2024-04-02","2024-04-01","2008-12-31","","166.92","166.82","","","0","","","","0.0611"
"中证10年期国债指数","930916","2024-04-03","2024-04-02","2008-12-31","","167.16","166.92","","","0","","","","0.1450"
"中证10年期国债指数","930916","2024-04-08","2024-04-03","2008-12-31","","167.26","167.16","","","0","","","","0.0580"
"中证10年期国债指数","930916","2024-04-09","2024-04-08","2008-12-31","","167.37","167.26","","","0","","","","0.0664"
"中证10年期国债指数","930916","2024-04-10","2024-04-09","2008-12-31","","167.20","167.37","","","0","","","","-0.0980"
"中证10年期国债指数","930916","2024-04-11","2024-04-10","2008-12-31","","167.18","167.20","","","0","","","","-0.0126"
"中证10年期国债指数","930916","2024-04-12","2024-04-11","2008-12-31","","167.47","167.18","","","0","","","","0.1711"
"中证10年期国债指数","930916","2024-04-15","2024-04-12","2008-12-31","","167.53","167.47","","","0","","","","0.0352"
"中证10年期国债指数","930916","2024-04-16","2024-04-15","2008-12-31","","167.62","167.53","","","0","","","","0.0531"
"中证10年期国债指数","930916","2024-04-17","2024-04-16","2008-12-31","","167.67","167.62","","","0","","","","0.0304"
"中证10年期国债指数","930916","2024-04-18","2024-04-17","2008-12-31","","168.00","167.67","","","0","","","","0.1974"
"中证10年期国债指数","930916","2024-04-19","2024-04-18","2008-12-31","","167.93","168.00","","","0","","","","-0.0435"
"中证10年期国债指数","930916","2024-04-22","2024-04-19","2008-12-31","","168.09","167.93","","","0","","","","0.0971"
"中证10年期国债指数","930916","2024-04-23","2024-04-22","2008-12-31","","168.47","168.09","","","0","","","","0.2273"
"中证10年期国债指数","930916","2024-04-24","2024-04-23","2008-12-31","","167.91","168.47","","","0","","","","-0.3342"
"中证10年期国债指数","930916","2024-04-25","2024-04-24","2008-12-31","","167.81","167.91","","","0","","","","-0.0602"
"中证10年期国债指数","930916","2024-04-26","2024-04-25","2008-12-31","","167.45","167.81","","","0","","","","-0.2157"
"中证10年期国债指数","930916","2024-04-29","2024-04-26","2008-12-31","","166.78","167.45","","","0","","","","-0.3971"
"中证10年期国债指数","930916","2024-04-30","2024-04-29","2008-12-31","","167.33","166.78","","","0","","","","0.3322"
"中证10年期国债指数","930916","2024-05-06","2024-04-30","2008-12-31","","167.40","167.33","","","0","","","","0.0406"
"中证10年期国债指数","930916","2024-05-07","2024-05-06","2008-12-31","","167.73","167.40","","","0","","","","0.1947"
"中证10年期国债指数","930916","2024-05-08","2024-05-07","2008-12-31","","167.76","167.73","","","0","","","","0.0185"
"中证10年期国债指数","930916","2024-05-09","2024-05-08","2008-12-31","","167.40","167.76","","","0","","","","-0.2116"
"中证10年期国债指数","930916","2024-05-10","2024-05-09","2008-12-31","","167.46","167.40","","","0","","","","0.0323"
"中证10年期国债指数","930916","2024-05-13","2024-05-10","2008-12-31","","167.75","167.46","","","0","","","","0.1750"
"中证10年期国债指数","930916","2024-05-14","2024-05-13","2008-12-31","","167.76","167.75","","","0","","","","0.0048"
"中证10年期国债指数","930916","2024-05-15","2024-05-14","2008-12-31","","167.75","167.76","","","0","","","","-0.0083"
"中证10年期国债指数","930916","2024-05-16","2024-05-15","2008-12-31","","167.52","167.75","","","0","","","","-0.1371"
"中证10年期国债指数","930916","2024-05-17","2024-05-16","2008-12-31","","167.38","167.52","","","0","","","","-0.0812"
"中证10年期国债指数","930916","2024-05-20","2024-05-17","2008-12-31","","167.67","167.38","","","0","","","","0.1756"
"中证10年期国债指数","930916","2024-05-21","2024-05-20","2008-12-31","","167.57","167.67","","","0","","","","-0.0614"
"中证10年期国债指数","930916","2024-05-22","2024-05-21","2008-12-31","","167.62","167.57","","","0","","","","0.0269"
"中证10年期国债指数","930916","2024-05-23","2024-05-22","2008-12-31","","167.78","167.62","","","0","","","","0.0955"
"中证10年期国债指数","930916","2024-05-24","2024-05-23","2008-12-31","","167.72","167.78","","","0","","","","-0.0340"
"中证10年期国债指数","930916","2024-05-27","2024-05-24","2008-12-31","","167.76","167.72","","","0","","","","0.0238"
"中证10年期国债指数","930916","2024-05-28","2024-05-27","2008-12-31","","167.90","167.76","","","0","","","","0.0846"
"中证10年期国债指数","930916","2024-05-29","2024-05-28","2008-12-31","","167.99","167.90","","","0","","","","0.0548"
"中证10年期国债指数","930916","2024-05-30","2024-05-29","2008-12-31","","167.93","167.99","","","0","","","","-0.0375"
"中证10年期国债指数","930916","2024-05-31","2024-05-30","2008-12-31","","167.68","167.93","","","0","","","","-0.1471"
"中证10年期国债指数","930916","2024-06-03","2024-05-31","2008-12-31","","167.85","167.68","","","0","","","","0.1026"
"中证10年期国债指数","930916","2024-06-04","2024-06-03","2008-12-31","","167.90","167.85","","","0","","","","0.0262"
"中证10年期国债指数","930916","2024-06-05","2024-06-04","2008-12-31","","167.95","167.90","","","0","","","","0.0328"
"中证10年期国债指数","930916","2024-06-06","2024-06-05","2008-12-31","","168.03","167.95","","","0","","","","0.0458"
"中证10年期国债指数","930916","2024-06-07","2024-06-06","2008-12-31","","168.05","168.03","","","0","","","","0.0095"
"中证10年期国债指数","930916","2024-06-11","2024-06-07","2008-12-31","","168.13","168.05","","","0","","","","0.0482"
"中证10年期国债指数","930916","2024-06-12","2024-06-11","2008-12-31","","168.14","168.13","","","0","","","","0.0083"
"中证10年期国债指数","930916","2024-06-13","2024-06-12","2008-12-31","","168.23","168.14","","","0","","","","0.0523"
"中证10年期国债指数","930916","2024-06-14","2024-06-13","2008-12-31","","168.42","168.23","","","0","","","","0.1112"
"中证10年期国债指数","930916","2024-06-17","2024-06-14","2008-12-31","","168.44","168.42","","","0","","","","0.0160"
"中证10年期国债指数","930916","2024-06-18","2024-06-17","2008-12-31","","168.53","168.44","","","0","","","","0.0516"
"中证10年期国债指数","930916","2024-06-19","2024-06-18","2008-12-31","","168.62","168.53","","","0","","","","0.0504"
"中证10年期国债指数","930916","2024-06-20","2024-06-19","2008-12-31","","168.74","168.62","","","0","","","","0.0724"
"中证10年期国债指数","930916","2024-06-21","2024-06-20","2008-12-31","","168.53","168.74","","","0","","","","-0.1227"
"中证10年期国债指数","930916","2024-06-24","2024-06-21","2008-12-31","","168.68","168.53","","","0","","","","0.0902"
"中证10年期国债指数","930916","2024-06-25","2024-06-24","2008-12-31","","168.92","168.68","","","0","","","","0.1429"
"中证10年期国债指数","930916","2024-06-26","2024-06-25","2008-12-31","","168.99","168.92","","","0","","","","0.0414"
"中证10年期国债指数","930916","2024-06-27","2024-06-26","2008-12-31","","169.22","168.99","","","0","","","","0.1314"
"中证10年期国债指数","930916","2024-06-28","2024-06-27","2008-12-31","","169.38","169.22","","","0","","","","0.0957"
"中证10年期国债指数","930916","2024-07-01","2024-06-28","2008-12-31","","168.88","169.38","","","0","","","","-0.2928"
"中证10年期国债指数","930916","2024-07-02","2024-07-01","2008-12-31","","169.03","168.88","","","0","","","","0.0853"
"中证10年期国债指数","930916","2024-07-03","2024-07-02","2008-12-31","","169.10","169.03","","","0","","","","0.0438"
"中证10年期国债指数","930916","2024-07-04","2024-07-03","2008-12-31","","169.04","169.10","","","0","","","","-0.0355"
"中证10年期国债指数","930916","2024-07-05","2024-07-04","2008-12-31","","168.97","169.04","","","0","","","","-0.0408"
"中证10年期国债指数","930916","2024-07-08","2024-07-05","2008-12-31","","168.48","168.97","","","0","","","","-0.2930"
"中证10年期国债指数","930916","2024-07-09","2024-07-08","2008-12-31","","168.49","168.48","","","0","","","","0.0089"
"中证10年期国债指数","930916","2024-07-10","2024-07-09","2008-12-31","","168.78","168.49","","","0","","","","0.1739"
"中证10年期国债指数","930916","2024-07-11","2024-07-10","2008-12-31","","168.79","168.78","","","0","","","","0.0047"
"中证10年期国债指数","930916","2024-07-12","2024-07-11","2008-12-31","","168.93","168.79","","","0","","","","0.0794"
"中证10年期国债指数","930916","2024-07-15","2024-07-12","2008-12-31","","169.03","168.93","","","0","","","","0.0598"
"中证10年期国债指数","930916","2024-07-16","2024-07-15","2008-12-31","","169.03","169.03","","","0","","","","0.0018"
"中证10年期国债指数","930916","2024-07-17","2024-07-16","2008-12-31","","169.07","169.03","","","0","","","","0.0248"
"中证10年期国债指数","930916","2024-07-18","2024-07-17","2008-12-31","","169.04","169.07","","","0","","","","-0.0160"
"中证10年期国债指数","930916","2024-07-19","2024-07-18","2008-12-31","","169.06","169.04","","","0","","","","0.0112"
"中证10年期国债指数","930916","2024-07-22","2024-07-19","2008-12-31","","169.34","169.06","","","0","","","","0.1615"
"中证10年期国债指数","930916","2024-07-23","2024-07-22","2008-12-31","","169.66","169.34","","","0","","","","0.1931"
"中证10年期国债指数","930916","2024-07-24","2024-07-23","2008-12-31","","169.67","169.66","","","0","","","","0.0029"
"中证10年期国债指数","930916","2024-07-25","2024-07-24","2008-12-31","","169.89","169.67","","","0","","","","0.1303"
"中证10年期国债指数","930916","2024-07-26","2024-07-25","2008-12-31","","170.25","169.89","","","0","","","","0.2113"
"中证10年期国债指数","930916","2024-07-29","2024-07-26","2008-12-31","","170.56","170.25","","","0","","","","0.1815"
"中证10年期国债指数","930916","2024-07-30","2024-07-29","2008-12-31","","170.79","170.56","","","0","","","","0.1343"
"中证10年期国债指数","930916","2024-07-31","2024-07-30","2008-12-31","","170.86","170.79","","","0","","","","0.0410"
"中证10年期国债指数","930916","2024-08-01","2024-07-31","2008-12-31","","171.04","170.86","","","0","","","","0.1065"
"中证10年期国债指数","930916","2024-08-02","2024-08-01","2008-12-31","","171.15","171.04","","","0","","","","0.0667"
"中证10年期国债指数","930916","2024-08-05","2024-08-02","2008-12-31","","171.71","171.15","","","0","","","","0.3266"
"中证10年期国债指数","930916","2024-08-06","2024-08-05","2008-12-31","","170.90","171.71","","","0","","","","-0.4706"
"中证10年期国债指数","930916","2024-08-07","2024-08-06","2008-12-31","","171.26","170.90","","","0","","","","0.2077"
"中证10年期国债指数","930916","2024-08-08","2024-08-07","2008-12-31","","170.83","171.26","","","0","","","","-0.2487"
"中证10年期国债指数","930916","2024-08-09","2024-08-08","2008-12-31","","170.48","170.83","","","0","","","","-0.2084"
"中证10年期国债指数","930916","2024-08-12","2024-08-09","2008-12-31","","169.62","170.48","","","0","","","","-0.4998"
"中证10年期国债指数","930916","2024-08-13","2024-08-12","2008-12-31","","169.84","169.62","","","0","","","","0.1285"
"中证10年期国债指数","930916","2024-08-14","2024-08-13","2008-12-31","","170.39","169.84","","","0","","","","0.3215"
"中证10年期国债指数","930916","2024-08-15","2024-08-14","2008-12-31","","170.29","170.39","","","0","","","","-0.0587"
"中证10年期国债指数","930916","2024-08-16","2024-08-15","2008-12-31","","170.46","170.29","","","0","","","","0.1034"
"中证10年期国债指数","930916","2024-08-19","2024-08-16","2008-12-31","","170.63","170.46","","","0","","","","0.0956"
"中证10年期国债指数","930916","2024-08-20","2024-08-19","2008-12-31","","170.76","170.63","","","0","","","","0.0774"
"中证10年期国债指数","930916","2024-08-21","2024-08-20","2008-12-31","","170.76","170.76","","","0","","","","-0.0006"
"中证10年期国债指数","930916","2024-08-22","2024-08-21","2008-12-31","","170.95","170.76","","","0","","","","0.1136"
"中证10年期国债指数","930916","2024-08-23","2024-08-22","2008-12-31","","171.00","170.95","","","0","","","","0.0292"
"中证10年期国债指数","930916","2024-08-26","2024-08-23","2008-12-31","","171.05","171.00","","","0","","","","0.0275"
"中证10年期国债指数","930916","2024-08-27","2024-08-26","2008-12-31","","170.67","171.05","","","0","","","","-0.2192"
"中证10年期国债指数","930916","2024-08-28","2024-08-27","2008-12-31","","170.76","170.67","","","0","","","","0.0527"
"中证10年期国债指数","930916","2024-08-29","2024-08-28","2008-12-31","","170.72","170.76","","","0","","","","-0.0258"
"中证10年期国债指数","930916","2024-08-30","2024-08-29","2008-12-31","","170.72","170.72","","","0","","","","-0.0018"
"中证10年期国债指数","930916","2024-09-02","2024-08-30","2008-12-31","","171.09","170.72","","","0","","","","0.2191"
"中证10年期国债指数","930916","2024-09-03","2024-09-02","2008-12-31","","171.17","171.09","","","0","","","","0.0462"
"中证10年期国债指数","930916","2024-09-04","2024-09-03","2008-12-31","","171.25","171.17","","","0","","","","0.0462"
"中证10年期国债指数","930916","2024-09-05","2024-09-04","2008-12-31","","171.44","171.25","","","0","","","","0.1139"
"中证10年期国债指数","930916","2024-09-06","2024-09-05","2008-12-31","","171.51","171.44","","","0","","","","0.0373"
"中证10年期国债指数","930916","2024-09-09","2024-09-06","2008-12-31","","171.47","171.51","","","0","","","","-0.0227"
"中证10年期国债指数","930916","2024-09-10","2024-09-09","2008-12-31","","171.60","171.47","","","0","","","","0.0746"
"中证10年期国债指数","930916","2024-09-11","2024-09-10","2008-12-31","","171.87","171.60","","","0","","","","0.1608"
"中证10年期国债指数","930916","2024-09-12","2024-09-11","2008-12-31","","171.90","171.87","","","0","","","","0.0163"
"中证10年期国债指数","930916","2024-09-13","2024-09-12","2008-12-31","","172.36","171.90","","","0","","","","0.2670"
"中证10年期国债指数","930916","2024-09-18","2024-09-13","2008-12-31","","172.96","172.36","","","0","","","","0.3493"
"中证10年期国债指数","930916","2024-09-19","2024-09-18","2008-12-31","","172.80","172.96","","","0","","","","-0.0937"
"中证10年期国债指数","930916","2024-09-20","2024-09-19","2008-12-31","","172.90","172.80","","","0","","","","0.0584"
"中证10年期国债指数","930916","2024-09-23","2024-09-20","2008-12-31","","172.93","172.90","","","0","","","","0.0179"
"中证10年期国债指数","930916","2024-09-24","2024-09-23","2008-12-31","","172.59","172.93","","","0","","","","-0.1978"
"中证10年期国债指数","930916","2024-09-25","2024-09-24","2008-12-31","","172.90","172.59","","","0","","","","0.1796"
"中证10年期国债指数","930916","2024-09-26","2024-09-25","2008-12-31","","172.57","172.90","","","0","","","","-0.1920"
"中证10年期国债指数","930916","2024-09-27","2024-09-26","2008-12-31","","171.38","172.57","","","0","","","","-0.6907"
"中证10年期国债指数","930916","2024-09-30","2024-09-27","2008-12-31","","171.05","171.38","","","0","","","","-0.1926"
"中证10年期国债指数","930916","2024-10-08","2024-09-30","2008-12-31","","170.78","171.05","","","0","","","","-0.1573"
"中证10年期国债指数","930916","2024-10-09","2024-10-08","2008-12-31","","171.03","170.78","","","0","","","","0.1505"
"中证10年期国债指数","930916","2024-10-10","2024-10-09","2008-12-31","","171.54","171.03","","","0","","","","0.2935"
"中证10年期国债指数","930916","2024-10-11","2024-10-10","2008-12-31","","171.61","171.54","","","0","","","","0.0455"
"中证10年期国债指数","930916","2024-10-14","2024-10-11","2008-12-31","","171.76","171.61","","","0","","","","0.0845"
"中证10年期国债指数","930916","2024-10-15","2024-10-14","2008-12-31","","171.84","171.76","","","0","","","","0.0472"
"中证10年期国债指数","930916","2024-10-16","2024-10-15","2008-12-31","","171.83","171.84","","","0","","","","-0.0064"
"中证10年期国债指数","930916","2024-10-17","2024-10-16","2008-12-31","","172.12","171.83","","","0","","","","0.1694"
"中证10年期国债指数","930916","2024-10-18","2024-10-17","2008-12-31","","172.05","172.12","","","0","","","","-0.0395"
"中证10年期国债指数","930916","2024-10-21","2024-10-18","2008-12-31","","172.09","172.05","","","0","","","","0.0209"
"中证10年期国债指数","930916","2024-10-22","2024-10-21","2008-12-31","","171.77","172.09","","","0","","","","-0.1842"
"中证10年期国债指数","930916","2024-10-23","2024-10-22","2008-12-31","","171.54","171.77","","","0","","","","-0.1322"
"中证10年期国债指数","930916","2024-10-24","2024-10-23","2008-12-31","","171.51","171.54","","","0","","","","-0.0181"
"中证10年期国债指数","930916","2024-10-25","2024-10-24","2008-12-31","","171.46","171.51","","","0","","","","-0.0286"
"中证10年期国债指数","930916","2024-10-28","2024-10-25","2008-12-31","","171.52","171.46","","","0","","","","0.0297"
"中证10年期国债指数","930916","2024-10-29","2024-10-28","2008-12-31","","171.58","171.52","","","0","","","","0.0396"
"中证10年期国债指数","930916","2024-10-30","2024-10-29","2008-12-31","","171.60","171.58","","","0","","","","0.0117"
"中证10年期国债指数","930916","2024-10-31","2024-10-30","2008-12-31","","171.63","171.60","","","0","","","","0.0140"
"中证10年期国债指数","930916","2024-11-01","2024-10-31","2008-12-31","","171.95","171.63","","","0","","","","0.1870"
"中证10年期国债指数","930916","2024-11-04","2024-11-01","2008-12-31","","172.03","171.95","","","0","","","","0.0448"
"中证10年期国债指数","930916","2024-11-05","2024-11-04","2008-12-31","","172.19","172.03","","","0","","","","0.0953"
"中证10年期国债指数","930916","2024-11-06","2024-11-05","2008-12-31","","172.21","172.19","","","0","","","","0.0105"
"中证10年期国债指数","930916","2024-11-07","2024-11-06","2008-12-31","","172.28","172.21","","","0","","","","0.0430"
"中证10年期国债指数","930916","2024-11-08","2024-11-07","2008-12-31","","172.37","172.28","","","0","","","","0.0517"
"中证10年期国债指数","930916","2024-11-11","2024-11-08","2008-12-31","","172.50","172.37","","","0","","","","0.0754"
"中证10年期国债指数","930916","2024-11-12","2024-11-11","2008-12-31","","172.82","172.50","","","0","","","","0.1861"
"中证10年期国债指数","930916","2024-11-13","2024-11-12","2008-12-31","","172.85","172.82","","","0","","","","0.0168"
"中证10年期国债指数","930916","2024-11-14","2024-11-13","2008-12-31","","172.79","172.85","","","0","","","","-0.0376"
"中证10年期国债指数","930916","2024-11-15","2024-11-14","2008-12-31","","172.76","172.79","","","0","","","","-0.0162"
"中证10年期国债指数","930916","2024-11-18","2024-11-15","2008-12-31","","172.49","172.76","","","0","","","","-0.1540"
"中证10年期国债指数","930916","2024-11-19","2024-11-18","2008-12-31","","172.62","172.49","","","0","","","","0.0759"
"中证10年期国债指数","930916","2024-11-20","2024-11-19","2008-12-31","","172.60","172.62","","","0","","","","-0.0104"
"中证10年期国债指数","930916","2024-11-21","2024-11-20","2008-12-31","","172.88","172.60","","","0","","","","0.1611"
"中证10年期国债指数","930916","2024-11-22","2024-11-21","2008-12-31","","172.93","172.88","","","0","","","","0.0295"
"中证10年期国债指数","930916","2024-11-25","2024-11-22","2008-12-31","","173.10","172.93","","","0","","","","0.0966"
"中证10年期国债指数","930916","2024-11-26","2024-11-25","2008-12-31","","173.26","173.10","","","0","","","","0.0936"
"中证10年期国债指数","930916","2024-11-27","2024-11-26","2008-12-31","","173.26","173.26","","","0","","","","-0.0040"
"中证10年期国债指数","930916","2024-11-28","2024-11-27","2008-12-31","","173.40","173.26","","","0","","","","0.0848"
"中证10年期国债指数","930916","2024-11-29","2024-11-28","2008-12-31","","173.64","173.40","","","0","","","","0.1384"
"中证10年期国债指数","930916","2024-12-02","2024-11-29","2008-12-31","","174.47","173.64","","","0","","","","0.4791"
"中证10年期国债指数","930916","2024-12-03","2024-12-02","2008-12-31","","174.22","174.47","","","0","","","","-0.1439"
"中证10年期国债指数","930916","2024-12-04","2024-12-03","2008-12-31","","174.79","174.22","","","0","","","","0.3272"
"中证10年期国债指数","930916","2024-12-05","2024-12-04","2008-12-31","","174.96","174.79","","","0","","","","0.0955"
"中证10年期国债指数","930916","2024-12-06","2024-12-05","2008-12-31","","174.89","174.96","","","0","","","","-0.0417"
"中证10年期国债指数","930916","2024-12-09","2024-12-06","2008-12-31","","175.14","174.89","","","0","","","","0.1452"
"中证10年期国债指数","930916","2024-12-10","2024-12-09","2008-12-31","","176.65","175.14","","","0","","","","0.8604"
"中证10年期国债指数","930916","2024-12-11","2024-12-10","2008-12-31","","176.73","176.65","","","0","","","","0.0459"
"中证10年期国债指数","930916","2024-12-12","2024-12-11","2008-12-31","","177.03","176.73","","","0","","","","0.1726"
"中证10年期国债指数","930916","2024-12-13","2024-12-12","2008-12-31","","177.70","177.03","","","0","","","","0.3751"
"中证10年期国债指数","930916","2024-12-16","2024-12-13","2008-12-31","","178.47","177.70","","","0","","","","0.4344"
"中证10年期国债指数","930916","2024-12-17","2024-12-16","2008-12-31","","178.46","178.47","","","0","","","","-0.0073"
"中证10年期国债指数","930916","2024-12-18","2024-12-17","2008-12-31","","178.35","178.46","","","0","","","","-0.0588"
"中证10年期国债指数","930916","2024-12-19","2024-12-18","2008-12-31","","178.07","178.35","","","0","","","","-0.1598"
"中证10年期国债指数","930916","2024-12-20","2024-12-19","2008-12-31","","178.72","178.07","","","0","","","","0.3656"
"中证10年期国债指数","930916","2024-12-23","2024-12-20","2008-12-31","","178.72","178.72","","","0","","","","0.0006"
"中证10年期国债指数","930916","2024-12-24","2024-12-23","2008-12-31","","178.59","178.72","","","0","","","","-0.0739"
"中证10年期国债指数","930916","2024-12-25","2024-12-24","2008-12-31","","178.41","178.59","","","0","","","","-0.1019"
"中证10年期国债指数","930916","2024-12-26","2024-12-25","2008-12-31","","178.31","178.41","","","0","","","","-0.0521"
"中证10年期国债指数","930916","2024-12-27","2024-12-26","2008-12-31","","179.08","178.31","","","0","","","","0.4301"
"中证10年期国债指数","930916","2024-12-30","2024-12-27","2008-12-31","","178.93","179.08","","","0","","","","-0.0854"
"中证10年期国债指数","930916","2024-12-31","2024-12-30","2008-12-31","","179.40","178.93","","","0","","","","0.2649"
"中证10年期国债指数","930916","2025-01-02","2024-12-31","2008-12-31","","180.24","179.40","","","0","","","","0.4693"
"中证10年期国债指数","930916","2025-01-03","2025-01-02","2008-12-31","","180.54","180.24","","","0","","","","0.1637"
"中证10年期国债指数","930916","2025-01-06","2025-01-03","2008-12-31","","180.71","180.54","","","0","","","","0.0931"
"中证10年期国债指数","930916","2025-01-07","2025-01-06","2008-12-31","","180.55","180.71","","","0","","","","-0.0858"
"中证10年期国债指数","930916","2025-01-08","2025-01-07","2008-12-31","","180.49","180.55","","","0","","","","-0.0354"
"中证10年期国债指数","930916","2025-01-09","2025-01-08","2008-12-31","","180.08","180.49","","","0","","","","-0.2227"
"中证10年期国债指数","930916","2025-01-10","2025-01-09","2008-12-31","","180.04","180.08","","","0","","","","-0.0272"
"中证10年期国债指数","930916","2025-01-13","2025-01-10","2008-12-31","","179.95","180.04","","","0","","","","-0.0489"
"中证10年期国债指数","930916","2025-01-14","2025-01-13","2008-12-31","","179.95","179.95","","","0","","","","-0.0011"
"中证10年期国债指数","930916","2025-01-15","2025-01-14","2008-12-31","","180.26","179.95","","","0","","","","0.1745"
"中证10年期国债指数","930916","2025-01-16","2025-01-15","2008-12-31","","180.12","180.26","","","0","","","","-0.0782"
"中证10年期国债指数","930916","2025-01-17","2025-01-16","2008-12-31","","179.91","180.12","","","0","","","","-0.1166"
"中证10年期国债指数","930916","2025-01-20","2025-01-17","2008-12-31","","179.68","179.91","","","0","","","","-0.1284"
"中证10年期国债指数","930916","2025-01-21","2025-01-20","2008-12-31","","179.79","179.68","","","0","","","","0.0623"
"中证10年期国债指数","930916","2025-01-22","2025-01-21","2008-12-31","","179.90","179.79","","","0","","","","0.0606"
"中证10年期国债指数","930916","2025-01-23","2025-01-22","2008-12-31","","179.88","179.90","","","0","","","","-0.0128"
"中证10年期国债指数","930916","2025-01-24","2025-01-23","2008-12-31","","179.77","179.88","","","0","","","","-0.0567"
"中证10年期国债指数","930916","2025-01-27","2025-01-24","2008-12-31","","180.27","179.77","","","0","","","","0.2737"
"中证10年期国债指数","930916","2025-02-05","2025-01-27","2008-12-31","","180.51","180.27","","","0","","","","0.1370"
"中证10年期国债指数","930916","2025-02-06","2025-02-05","2008-12-31","","180.60","180.51","","","0","","","","0.0471"
"中证10年期国债指数","930916","2025-02-07","2025-02-06","2008-12-31","","180.74","180.60","","","0","","","","0.0803"
"中证10年期国债指数","930916","2025-02-10","2025-02-07","2008-12-31","","180.51","180.74","","","0","","","","-0.1295"
"中证10年期国债指数","930916","2025-02-11","2025-02-10","2008-12-31","","180.50","180.51","","","0","","","","-0.0022"
"中证10年期国债指数","930916","2025-02-12","2025-02-11","2008-12-31","","180.43","180.50","","","0","","","","-0.0393"
"中证10年期国债指数","930916","2025-02-13","2025-02-12","2008-12-31","","180.40","180.43","","","0","","","","-0.0205"
"中证10年期国债指数","930916","2025-02-14","2025-02-13","2008-12-31","","180.20","180.40","","","0","","","","-0.1092"
"中证10年期国债指数","930916","2025-02-17","2025-02-14","2008-12-31","","179.71","180.20","","","0","","","","-0.2719"
"中证10年期国债指数","930916","2025-02-18","2025-02-17","2008-12-31","","179.50","179.71","","","0","","","","-0.1157"
"中证10年期国债指数","930916","2025-02-19","2025-02-18","2008-12-31","","179.63","179.50","","","0","","","","0.0713"
"中证10年期国债指数","930916","2025-02-20","2025-02-19","2008-12-31","","179.41","179.63","","","0","","","","-0.1241"
"中证10年期国债指数","930916","2025-02-21","2025-02-20","2008-12-31","","178.93","179.41","","","0","","","","-0.2653"
"中证10年期国债指数","930916","2025-02-24","2025-02-21","2008-12-31","","178.07","178.93","","","0","","","","-0.4829"
"中证10年期国债指数","930916","2025-02-25","2025-02-24","2008-12-31","","178.26","178.07","","","0","","","","0.1067"
"中证10年期国债指数","930916","2025-02-26","2025-02-25","2008-12-31","","178.53","178.26","","","0","","","","0.1515"
"中证10年期国债指数","930916","2025-02-27","2025-02-26","2008-12-31","","178.44","178.53","","","0","","","","-0.0482"
"中证10年期国债指数","930916","2025-02-28","2025-02-27","2008-12-31","","178.54","178.44","","","0","","","","0.0549"
"中证10年期国债指数","930916","2025-03-03","2025-02-28","2008-12-31","","178.88","178.54","","","0","","","","0.1921"
"中证10年期国债指数","930916","2025-03-04","2025-03-03","2008-12-31","","178.87","178.88","","","0","","","","-0.0045"
"中证10年期国债指数","930916","2025-03-05","2025-03-04","2008-12-31","","178.87","178.87","","","0","","","","0.0006"
"中证10年期国债指数","930916","2025-03-06","2025-03-05","2008-12-31","","178.59","178.87","","","0","","","","-0.1593"
"中证10年期国债指数","930916","2025-03-07","2025-03-06","2008-12-31","","177.69","178.59","","","0","","","","-0.5051"
"中证10年期国债指数","930916","2025-03-10","2025-03-07","2008-12-31","","177.56","177.69","","","0","","","","-0.0732"
"中证10年期国债指数","930916","2025-03-11","2025-03-10","2008-12-31","","176.50","177.56","","","0","","","","-0.5981"
"中证10年期国债指数","930916","2025-03-12","2025-03-11","2008-12-31","","176.95","176.50","","","0","","","","0.2561"
"中证10年期国债指数","930916","2025-03-13","2025-03-12","2008-12-31","","176.98","176.95","","","0","","","","0.0158"
"中证10年期国债指数","930916","2025-03-14","2025-03-13","2008-12-31","","176.88","176.98","","","0","","","","-0.0559"
"中证10年期国债指数","930916","2025-03-17","2025-03-14","2008-12-31","","176.17","176.88","","","0","","","","-0.4008"
"中证10年期国债指数","930916","2025-03-18","2025-03-17","2008-12-31","","176.04","176.17","","","0","","","","-0.0698"
"中证10年期国债指数","930916","2025-03-19","2025-03-18","2008-12-31","","176.12","176.04","","","0","","","","0.0415"
"中证10年期国债指数","930916","2025-03-20","2025-03-19","2008-12-31","","176.94","176.12","","","0","","","","0.4696"
"中证10年期国债指数","930916","2025-03-21","2025-03-20","2008-12-31","","176.91","176.94","","","0","","","","-0.0203"
"中证10年期国债指数","930916","2025-03-24","2025-03-21","2008-12-31","","176.97","176.91","","","0","","","","0.0356"
"中证10年期国债指数","930916","2025-03-25","2025-03-24","2008-12-31","","177.22","176.97","","","0","","","","0.1413"
"中证10年期国债指数","930916","2025-03-26","2025-03-25","2008-12-31","","177.57","177.22","","","0","","","","0.1969"
"中证10年期国债指数","930916","2025-03-27","2025-03-26","2008-12-31","","177.53","177.57","","","0","","","","-0.0242"
"中证10年期国债指数","930916","2025-03-28","2025-03-27","2008-12-31","","177.41","177.53","","","0","","","","-0.0659"
"中证10年期国债指数","930916","2025-03-31","2025-03-28","2008-12-31","","177.36","177.41","","","0","","","","-0.0259"
"中证10年期国债指数","930916","2025-04-01","2025-03-31","2008-12-31","","177.44","177.36","","","0","","","","0.0417"
"中证10年期国债指数","930916","2025-04-02","2025-04-01","2008-12-31","","177.78","177.44","","","0","","","","0.1950"
"中证10年期国债指数","930916","2025-04-03","2025-04-02","2008-12-31","","178.88","177.78","","","0","","","","0.6187"
"中证10年期国债指数","930916","2025-04-07","2025-04-03","2008-12-31","","180.10","178.88","","","0","","","","0.6798"
"中证10年期国债指数","930916","2025-04-08","2025-04-07","2008-12-31","","179.72","180.10","","","0","","","","-0.2127"
"中证10年期国债指数","930916","2025-04-09","2025-04-08","2008-12-31","","179.88","179.72","","","0","","","","0.0913"
"中证10年期国债指数","930916","2025-04-10","2025-04-09","2008-12-31","","179.91","179.88","","","0","","","","0.0133"
"中证10年期国债指数","930916","2025-04-11","2025-04-10","2008-12-31","","179.90","179.91","","","0","","","","-0.0017"
"中证10年期国债指数","930916","2025-04-14","2025-04-11","2008-12-31","","179.90","179.90","","","0","","","","0.0006"
"中证10年期国债指数","930916","2025-04-15","2025-04-14","2008-12-31","","179.89","179.90","","","0","","","","-0.0061"
"中证10年期国债指数","930916","2025-04-16","2025-04-15","2008-12-31","","180.18","179.89","","","0","","","","0.1573"
"中证10年期国债指数","930916","2025-04-17","2025-04-16","2008-12-31","","180.00","180.18","","","0","","","","-0.0966"
"中证10年期国债指数","930916","2025-04-18","2025-04-17","2008-12-31","","180.06","180.00","","","0","","","","0.0311"
"中证10年期国债指数","930916","2025-04-21","2025-04-18","2008-12-31","","179.96","180.06","","","0","","","","-0.0522"
"中证10年期国债指数","930916","2025-04-22","2025-04-21","2008-12-31","","179.99","179.96","","","0","","","","0.0167"
"中证10年期国债指数","930916","2025-04-23","2025-04-22","2008-12-31","","179.91","179.99","","","0","","","","-0.0439"
"中证10年期国债指数","930916","2025-04-24","2025-04-23","2008-12-31","","179.84","179.91","","","0","","","","-0.0428"
"中证10年期国债指数","930916","2025-04-25","2025-04-24","2008-12-31","","179.91","179.84","","","0","","","","0.0384"
"中证10年期国债指数","930916","2025-04-28","2025-04-25","2008-12-31","","179.98","179.91","","","0","","","","0.0406"
"中证10年期国债指数","930916","2025-04-29","2025-04-28","2008-12-31","","180.36","179.98","","","0","","","","0.2106"
"中证10年期国债指数","930916","2025-04-30","2025-04-29","2008-12-31","","180.48","180.36","","","0","","","","0.0649"
"中证10年期国债指数","930916","2025-05-06","2025-04-30","2008-12-31","","180.53","180.48","","","0","","","","0.0288"
"中证10年期国债指数","930916","2025-05-07","2025-05-06","2008-12-31","","180.26","180.53","","","0","","","","-0.1496"
"中证10年期国债指数","930916","2025-05-08","2025-05-07","2008-12-31","","180.45","180.26","","","0","","","","0.1060"
"中证10年期国债指数","930916","2025-05-09","2025-05-08","2008-12-31","","180.49","180.45","","","0","","","","0.0238"
"中证10年期国债指数","930916","2025-05-12","2025-05-09","2008-12-31","","180.12","180.49","","","0","","","","-0.2039"
"中证10年期国债指数","930916","2025-05-13","2025-05-12","2008-12-31","","180.05","180.12","","","0","","","","-0.0411"
"中证10年期国债指数","930916","2025-05-14","2025-05-13","2008-12-31","","179.92","180.05","","","0","","","","-0.0711"
"中证10年期国债指数","930916","2025-05-15","2025-05-14","2008-12-31","","179.97","179.92","","","0","","","","0.0278"
"中证10年期国债指数","930916","2025-05-16","2025-05-15","2008-12-31","","179.84","179.97","","","0","","","","-0.0745"
"中证10年期国债指数","930916","2025-05-19","2025-05-16","2008-12-31","","179.99","179.84","","","0","","","","0.0873"
"中证10年期国债指数","930916","2025-05-20","2025-05-19","2008-12-31","","180.00","179.99","","","0","","","","0.0028"
"中证10年期国债指数","930916","2025-05-21","2025-05-20","2008-12-31","","179.86","180.00","","","0","","","","-0.0783"
"中证10年期国债指数","930916","2025-05-22","2025-05-21","2008-12-31","","179.75","179.86","","","0","","","","-0.0589"
"中证10年期国债指数","930916","2025-05-23","2025-05-22","2008-12-31","","179.77","179.75","","","0","","","","0.0078"
"中证10年期国债指数","930916","2025-05-26","2025-05-23","2008-12-31","","179.72","179.77","","","0","","","","-0.0267"
"中证10年期国债指数","930916","2025-05-27","2025-05-26","2008-12-31","","179.65","179.72","","","0","","","","-0.0362"
"中证10年期国债指数","930916","2025-05-28","2025-05-27","2008-12-31","","179.59","179.65","","","0","","","","-0.0356"
"中证10年期国债指数","930916","2025-05-29","2025-05-28","2008-12-31","","179.32","179.59","","","0","","","","-0.1498"
"中证10年期国债指数","930916","2025-05-30","2025-05-29","2008-12-31","","179.66","179.32","","","0","","","","0.1885"
"中证10年期国债指数","930916","2025-06-03","2025-05-30","2008-12-31","","179.71","179.66","","","0","","","","0.0306"
"中证10年期国债指数","930916","2025-06-04","2025-06-03","2008-12-31","","179.81","179.71","","","0","","","","0.0556"
"中证10年期国债指数","930916","2025-06-05","2025-06-04","2008-12-31","","179.75","179.81","","","0","","","","-0.0361"
"中证10年期国债指数","930916","2025-06-06","2025-06-05","2008-12-31","","179.93","179.75","","","0","","","","0.1035"
"中证10年期国债指数","930916","2025-06-09","2025-06-06","2008-12-31","","180.07","179.93","","","0","","","","0.0778"
"中证10年期国债指数","930916","2025-06-10","2025-06-09","2008-12-31","","180.11","180.07","","","0","","","","0.0217"
"中证10年期国债指数","930916","2025-06-11","2025-06-10","2008-12-31","","180.23","180.11","","","0","","","","0.0622"
"中证10年期国债指数","930916","2025-06-12","2025-06-11","2008-12-31","","180.21","180.23","","","0","","","","-0.0089"
"中证10年期国债指数","930916","2025-06-13","2025-06-12","2008-12-31","","180.25","180.21","","","0","","","","0.0250"
"中证10年期国债指数","930916","2025-06-16","2025-06-13","2008-12-31","","180.29","180.25","","","0","","","","0.0178"
"中证10年期国债指数","930916","2025-06-17","2025-06-16","2008-12-31","","180.42","180.29","","","0","","","","0.0754"
"中证10年期国债指数","930916","2025-06-18","2025-06-17","2008-12-31","","180.44","180.42","","","0","","","","0.0100"
"中证10年期国债指数","930916","2025-06-19","2025-06-18","2008-12-31","","180.45","180.44","","","0","","","","0.0033"
"中证10年期国债指数","930916","2025-06-20","2025-06-19","2008-12-31","","180.49","180.45","","","0","","","","0.0244"
"中证10年期国债指数","930916","2025-06-23","2025-06-20","2008-12-31","","180.54","180.49","","","0","","","","0.0299"
"中证10年期国债指数","930916","2025-06-24","2025-06-23","2008-12-31","","180.40","180.54","","","0","","","","-0.0792"
"中证10年期国债指数","930916","2025-06-25","2025-06-24","2008-12-31","","180.31","180.40","","","0","","","","-0.0504"
"中证10年期国债指数","930916","2025-06-26","2025-06-25","2008-12-31","","180.34","180.31","","","0","","","","0.0166"
"中证10年期国债指数","930916","2025-06-27","2025-06-26","2008-12-31","","180.37","180.34","","","0","","","","0.0172"
"中证10年期国债指数","930916","2025-06-30","2025-06-27","2008-12-31","","180.29","180.37","","","0","","","","-0.0455"
"中证10年期国债指数","930916","2025-07-01","2025-06-30","2008-12-31","","180.46","180.29","","","0","","","","0.0926"
"中证10年期国债指数","930916","2025-07-02","2025-07-01","2008-12-31","","180.66","180.46","","","0","","","","0.1147"
"中证10年期国债指数","930916","2025-07-03","2025-07-02","2008-12-31","","180.62","180.66","","","0","","","","-0.0255"
"中证10年期国债指数","930916","2025-07-04","2025-07-03","2008-12-31","","180.62","180.62","","","0","","","","0.0033"
"中证10年期国债指数","930916","2025-07-07","2025-07-04","2008-12-31","","180.65","180.62","","","0","","","","0.0138"
"中证10年期国债指数","930916","2025-07-08","2025-07-07","2008-12-31","","180.62","180.65","","","0","","","","-0.0138"
"中证10年期国债指数","930916","2025-07-09","2025-07-08","2008-12-31","","180.62","180.62","","","0","","","","0.0000"
"中证10年期国债指数","930916","2025-07-10","2025-07-09","2008-12-31","","180.42","180.62","","","0","","","","-0.1146"
"中证10年期国债指数","930916","2025-07-11","2025-07-10","2008-12-31","","180.36","180.42","","","0","","","","-0.0310"
"中证10年期国债指数","930916","2025-07-14","2025-07-11","2008-12-31","","180.24","180.36","","","0","","","","-0.0649"
"中证10年期国债指数","930916","2025-07-15","2025-07-14","2008-12-31","","180.36","180.24","","","0","","","","0.0644"
"中证10年期国债指数","930916","2025-07-16","2025-07-15","2008-12-31","","180.45","180.36","","","0","","","","0.0510"
"中证10年期国债指数","930916","2025-07-17","2025-07-16","2008-12-31","","180.47","180.45","","","0","","","","0.0105"
"中证10年期国债指数","930916","2025-07-18","2025-07-17","2008-12-31","","180.40","180.47","","","0","","","","-0.0377"
"中证10年期国债指数","930916","2025-07-21","2025-07-18","2008-12-31","","180.26","180.40","","","0","","","","-0.0782"
"中证10年期国债指数","930916","2025-07-22","2025-07-21","2008-12-31","","180.08","180.26","","","0","","","","-0.1015"
"中证10年期国债指数","930916","2025-07-23","2025-07-22","2008-12-31","","179.84","180.08","","","0","","","","-0.1333"
"中证10年期国债指数","930916","2025-07-24","2025-07-23","2008-12-31","","179.45","179.84","","","0","","","","-0.2157"
"中证10年期国债指数","930916","2025-07-25","2025-07-24","2008-12-31","","179.26","179.45","","","0","","","","-0.1042"
"中证10年期国债指数","930916","2025-07-28","2025-07-25","2008-12-31","","179.63","179.26","","","0","","","","0.2070"
"中证10年期国债指数","930916","2025-07-29","2025-07-28","2008-12-31","","179.41","179.63","","","0","","","","-0.1258"
"中证10年期国债指数","930916","2025-07-30","2025-07-29","2008-12-31","","179.44","179.41","","","0","","","","0.0190"
"中证10年期国债指数","930916","2025-07-31","2025-07-30","2008-12-31","","179.90","179.44","","","0","","","","0.2547"
"中证10年期国债指数","930916","2025-08-01","2025-07-31","2008-12-31","","179.85","179.90","","","0","","","","-0.0250"
"中证10年期国债指数","930916","2025-08-04","2025-08-01","2008-12-31","","179.87","179.85","","","0","","","","0.0078"
"中证10年期国债指数","930916","2025-08-05","2025-08-04","2008-12-31","","179.99","179.87","","","0","","","","0.0673"
"中证10年期国债指数","930916","2025-08-06","2025-08-05","2008-12-31","","180.07","179.99","","","0","","","","0.0422"
"中证10年期国债指数","930916","2025-08-07","2025-08-06","2008-12-31","","180.17","180.07","","","0","","","","0.0572"
"中证10年期国债指数","930916","2025-08-08","2025-08-07","2008-12-31","","180.22","180.17","","","0","","","","0.0311"
"中证10年期国债指数","930916","2025-08-11","2025-08-08","2008-12-31","","179.88","180.22","","","0","","","","-0.1925"
"中证10年期国债指数","930916","2025-08-12","2025-08-11","2008-12-31","","179.73","179.88","","","0","","","","-0.0839"
"中证10年期国债指数","930916","2025-08-13","2025-08-12","2008-12-31","","179.82","179.73","","","0","","","","0.0523"
"中证10年期国债指数","930916","2025-08-14","2025-08-13","2008-12-31","","179.58","179.82","","","0","","","","-0.1362"
"中证10年期国债指数","930916","2025-08-15","2025-08-14","2008-12-31","","179.48","179.58","","","0","","","","-0.0512"
"中证10年期国债指数","930916","2025-08-18","2025-08-15","2008-12-31","","178.83","179.48","","","0","","","","-0.3644"
"中证10年期国债指数","930916","2025-08-19","2025-08-18","2008-12-31","","179.01","178.83","","","0","","","","0.1007"
"中证10年期国债指数","930916","2025-08-20","2025-08-19","2008-12-31","","178.80","179.01","","","0","","","","-0.1168"
"中证10年期国债指数","930916","2025-08-21","2025-08-20","2008-12-31","","179.06","178.80","","","0","","","","0.1443"
"中证10年期国债指数","930916","2025-08-22","2025-08-21","2008-12-31","","178.88","179.06","","","0","","","","-0.0983"
"中证10年期国债指数","930916","2025-08-25","2025-08-22","2008-12-31","","179.22","178.88","","","0","","","","0.1878"
"中证10年期国债指数","930916","2025-08-26","2025-08-25","2008-12-31","","179.26","179.22","","","0","","","","0.0246"
"中证10年期国债指数","930916","2025-08-27","2025-08-26","2008-12-31","","179.26","179.26","","","0","","","","-0.0006"
"中证10年期国债指数","930916","2025-08-28","2025-08-27","2008-12-31","","178.99","179.26","","","0","","","","-0.1501"
"中证10年期国债指数","930916","2025-08-29","2025-08-28","2008-12-31","","178.98","178.99","","","0","","","","-0.0045"
"中证10年期国债指数","930916","2025-09-01","2025-08-29","2008-12-31","","179.19","178.98","","","0","","","","0.1173"
"中证10年期国债指数","930916","2025-09-02","2025-09-01","2008-12-31","","179.27","179.19","","","0","","","","0.0441"
"中证10年期国债指数","930916","2025-09-03","2025-09-02","2008-12-31","","179.46","179.27","","","0","","","","0.1049"
"中证10年期国债指数","930916","2025-09-04","2025-09-03","2008-12-31","","179.51","179.46","","","0","","","","0.0262"
"中证10年期国债指数","930916","2025-09-05","2025-09-04","2008-12-31","","179.13","179.51","","","0","","","","-0.2100"
"中证10年期国债指数","930916","2025-09-08","2025-09-05","2008-12-31","","178.97","179.13","","","0","","","","-0.0927"
"中证10年期国债指数","930916","2025-09-09","2025-09-08","2008-12-31","","178.65","178.97","","","0","","","","-0.1749"
"中证10年期国债指数","930916","2025-09-10","2025-09-09","2008-12-31","","178.23","178.65","","","0","","","","-0.2345"
"中证10年期国债指数","930916","2025-09-11","2025-09-10","2008-12-31","","178.60","178.23","","","0","","","","0.2065"
"中证10年期国债指数","930916","2025-09-12","2025-09-11","2008-12-31","","178.76","178.60","","","0","","","","0.0913"
"中证10年期国债指数","930916","2025-09-15","2025-09-12","2008-12-31","","178.87","178.76","","","0","","","","0.0571"
"中证10年期国债指数","930916","2025-09-16","2025-09-15","2008-12-31","","179.04","178.87","","","0","","","","0.0978"
"中证10年期国债指数","930916","2025-09-17","2025-09-16","2008-12-31","","179.30","179.04","","","0","","","","0.1424"
"中证10年期国债指数","930916","2025-09-18","2025-09-17","2008-12-31","","179.08","179.30","","","0","","","","-0.1194"
"中证10年期国债指数","930916","2025-09-19","2025-09-18","2008-12-31","","178.80","179.08","","","0","","","","-0.1558"
"中证10年期国债指数","930916","2025-09-22","2025-09-19","2008-12-31","","178.99","178.80","","","0","","","","0.1063"
"中证10年期国债指数","930916","2025-09-23","2025-09-22","2008-12-31","","178.79","178.99","","","0","","","","-0.1151"
"中证10年期国债指数","930916","2025-09-24","2025-09-23","2008-12-31","","178.47","178.79","","","0","","","","-0.1762"
"中证10年期国债指数","930916","2025-09-25","2025-09-24","2008-12-31","","178.61","178.47","","","0","","","","0.0751"
"中证10年期国债指数","930916","2025-09-26","2025-09-25","2008-12-31","","178.78","178.61","","","0","","","","0.0974"
"中证10年期国债指数","930916","2025-09-29","2025-09-26","2008-12-31","","178.68","178.78","","","0","","","","-0.0571"
"中证10年期国债指数","930916","2025-09-30","2025-09-29","2008-12-31","","179.08","178.68","","","0","","","","0.2239"
"中证10年期国债指数","930916","2025-10-09","2025-09-30","2008-12-31","","179.34","179.08","","","0","","","","0.1435"
"中证10年期国债指数","930916","2025-10-10","2025-10-09","2008-12-31","","179.35","179.34","","","0","","","","0.0106"
"中证10年期国债指数","930916","2025-10-13","2025-10-10","2008-12-31","","179.53","179.35","","","0","","","","0.0987"
"中证10年期国债指数","930916","2025-10-14","2025-10-13","2008-12-31","","179.65","179.53","","","0","","","","0.0641"
"中证10年期国债指数","930916","2025-10-15","2025-10-14","2008-12-31","","179.51","179.65","","","0","","","","-0.0782"
"中证10年期国债指数","930916","2025-10-16","2025-10-15","2008-12-31","","179.59","179.51","","","0","","","","0.0493"
"中证10年期国债指数","930916","2025-10-17","2025-10-16","2008-12-31","","179.80","179.59","","","0","","","","0.1141"
"中证10年期国债指数","930916","2025-10-20","2025-10-17","2008-12-31","","179.51","179.80","","","0","","","","-0.1630"
"中证10年期国债指数","930916","2025-10-21","2025-10-20","2008-12-31","","179.59","179.51","","","0","","","","0.0487"
"中证10年期国债指数","930916","2025-10-22","2025-10-21","2008-12-31","","179.70","179.59","","","0","","","","0.0607"
"中证10年期国债指数","930916","2025-10-23","2025-10-22","2008-12-31","","179.56","179.70","","","0","","","","-0.0792"
"中证10年期国债指数","930916","2025-10-24","2025-10-23","2008-12-31","","179.42","179.56","","","0","","","","-0.0764"
"中证10年期国债指数","930916","2025-10-27","2025-10-24","2008-12-31","","179.59","179.42","","","0","","","","0.0946"
"中证10年期国债指数","930916","2025-10-28","2025-10-27","2008-12-31","","179.92","179.59","","","0","","","","0.1825"
"中证10年期国债指数","930916","2025-10-29","2025-10-28","2008-12-31","","179.94","179.92","","","0","","","","0.0104"
"中证10年期国债指数","930916","2025-10-30","2025-10-29","2008-12-31","","180.03","179.94","","","0","","","","0.0519"
"中证10年期国债指数","930916","2025-10-31","2025-10-30","2008-12-31","","180.34","180.03","","","0","","","","0.1718"
"中证10年期国债指数","930916","2025-11-03","2025-10-31","2008-12-31","","180.33","180.34","","","0","","","","-0.0059"
"中证10年期国债指数","930916","2025-11-04","2025-11-03","2008-12-31","","180.32","180.33","","","0","","","","-0.0059"
"中证10年期国债指数","930916","2025-11-05","2025-11-04","2008-12-31","","180.34","180.32","","","0","","","","0.0123"
"中证10年期国债指数","930916","2025-11-06","2025-11-05","2008-12-31","","180.17","180.34","","","0","","","","-0.0969"
"中证10年期国债指数","930916","2025-11-07","2025-11-06","2008-12-31","","180.09","180.17","","","0","","","","-0.0405"
"中证10年期国债指数","930916","2025-11-10","2025-11-07","2008-12-31","","180.15","180.09","","","0","","","","0.0316"
"中证10年期国债指数","930916","2025-11-11","2025-11-10","2008-12-31","","180.17","180.15","","","0","","","","0.0092"
"中证10年期国债指数","930916","2025-11-12","2025-11-11","2008-12-31","","180.22","180.17","","","0","","","","0.0300"
"中证10年期国债指数","930916","2025-11-13","2025-11-12","2008-12-31","","180.17","180.22","","","0","","","","-0.0310"
"中证10年期国债指数","930916","2025-11-14","2025-11-13","2008-12-31","","180.16","180.17","","","0","","","","-0.0012"
"中证10年期国债指数","930916","2025-11-17","2025-11-14","2008-12-31","","180.22","180.16","","","0","","","","0.0316"
"中证10年期国债指数","930916","2025-11-18","2025-11-17","2008-12-31","","180.25","180.22","","","0","","","","0.0137"
"中证10年期国债指数","930916","2025-11-19","2025-11-18","2008-12-31","","180.16","180.25","","","0","","","","-0.0480"
"中证10年期国债指数","930916","2025-11-20","2025-11-19","2008-12-31","","180.16","180.16","","","0","","","","0.0020"
"中证10年期国债指数","930916","2025-11-21","2025-11-20","2008-12-31","","180.15","180.16","","","0","","","","-0.0082"
"中证10年期国债指数","930916","2025-11-24","2025-11-21","2008-12-31","","180.17","180.15","","","0","","","","0.0112"
"中证10年期国债指数","930916","2025-11-25","2025-11-24","2008-12-31","","180.06","180.17","","","0","","","","-0.0591"
"中证10年期国债指数","930916","2025-11-26","2025-11-25","2008-12-31","","179.75","180.06","","","0","","","","-0.1716"
"中证10年期国债指数","930916","2025-11-27","2025-11-26","2008-12-31","","179.68","179.75","","","0","","","","-0.0409"
"中证10年期国债指数","930916","2025-11-28","2025-11-27","2008-12-31","","179.85","179.68","","","0","","","","0.0957"
"中证10年期国债指数","930916","2025-12-01","2025-11-28","2008-12-31","","179.98","179.85","","","0","","","","0.0701"
"中证10年期国债指数","930916","2025-12-02","2025-12-01","2008-12-31","","179.84","179.98","","","0","","","","-0.0757"
"中证10年期国债指数","930916","2025-12-03","2025-12-02","2008-12-31","","179.76","179.84","","","0","","","","-0.0462"
"中证10年期国债指数","930916","2025-12-04","2025-12-03","2008-12-31","","179.46","179.76","","","0","","","","-0.1679"
"中证10年期国债指数","930916","2025-12-05","2025-12-04","2008-12-31","","179.79","179.46","","","0","","","","0.1853"
"中证10年期国债指数","930916","2025-12-08","2025-12-05","2008-12-31","","179.77","179.79","","","0","","","","-0.0109"
"中证10年期国债指数","930916","2025-12-09","2025-12-08","2008-12-31","","179.86","179.77","","","0","","","","0.0514"
"中证10年期国债指数","930916","2025-12-10","2025-12-09","2008-12-31","","179.84","179.86","","","0","","","","-0.0123"
"中证10年期国债指数","930916","2025-12-11","2025-12-10","2008-12-31","","179.95","179.84","","","0","","","","0.0602"
"中证10年期国债指数","930916","2025-12-12","2025-12-11","2008-12-31","","179.82","179.95","","","0","","","","-0.0716"
"中证10年期国债指数","930916","2025-12-15","2025-12-12","2008-12-31","","179.72","179.82","","","0","","","","-0.0537"
"中证10年期国债指数","930916","2025-12-16","2025-12-15","2008-12-31","","179.75","179.72","","","0","","","","0.0132"
"中证10年期国债指数","930916","2025-12-17","2025-12-16","2008-12-31","","179.97","179.75","","","0","","","","0.1247"
"中证10年期国债指数","930916","2025-12-18","2025-12-17","2008-12-31","","179.95","179.97","","","0","","","","-0.0137"
"中证10年期国债指数","930916","2025-12-19","2025-12-18","2008-12-31","","180.09","179.95","","","0","","","","0.0779"
"中证10年期国债指数","930916","2025-12-22","2025-12-19","2008-12-31","","179.94","180.09","","","0","","","","-0.0810"
"中证10年期国债指数","930916","2025-12-23","2025-12-22","2008-12-31","","180.08","179.94","","","0","","","","0.0763"
"中证10年期国债指数","930916","2025-12-24","2025-12-23","2008-12-31","","180.08","180.08","","","0","","","","0.0041"
"中证10年期国债指数","930916","2025-12-25","2025-12-24","2008-12-31","","180.06","180.08","","","0","","","","-0.0163"
"中证10年期国债指数","930916","2025-12-26","2025-12-25","2008-12-31","","180.09","180.06","","","0","","","","0.0217"
"中证10年期国债指数","930916","2025-12-29","2025-12-26","2008-12-31","","179.77","180.09","","","0","","","","-0.1783"
"中证10年期国债指数","930916","2025-12-30","2025-12-29","2008-12-31","","179.76","179.77","","","0","","","","-0.0077"
"中证10年期国债指数","930916","2025-12-31","2025-12-30","2008-12-31","","179.87","179.76","","","0","","","","0.0636"
"中证10年期国债指数","930916","2026-01-05","2025-12-31","2008-12-31","","179.79","179.87","","","0","","","","-0.0448"
"中证10年期国债指数","930916","2026-01-06","2026-01-05","2008-12-31","","179.47","179.79","","","0","","","","-0.1776"
"中证10年期国债指数","930916","2026-01-07","2026-01-06","2008-12-31","","179.26","179.47","","","0","","","","-0.1218"
"中证10年期国债指数","930916","2026-01-08","2026-01-07","2008-12-31","","179.45","179.26","","","0","","","","0.1066"
"中证10年期国债指数","930916","2026-01-09","2026-01-08","2008-12-31","","179.55","179.45","","","0","","","","0.0587"
"中证10年期国债指数","930916","2026-01-12","2026-01-09","2008-12-31","","179.85","179.55","","","0","","","","0.1646"
"中证10年期国债指数","930916","2026-01-13","2026-01-12","2008-12-31","","179.96","179.85","","","0","","","","0.0629"
"中证10年期国债指数","930916","2026-01-14","2026-01-13","2008-12-31","","180.10","179.96","","","0","","","","0.0751"
"中证10年期国债指数","930916","2026-01-15","2026-01-14","2008-12-31","","180.16","180.10","","","0","","","","0.0370"
"中证10年期国债指数","930916","2026-01-16","2026-01-15","2008-12-31","","180.24","180.16","","","0","","","","0.0405"
"中证10年期国债指数","930916","2026-01-19","2026-01-16","2008-12-31","","180.32","180.24","","","0","","","","0.0478"
"中证10年期国债指数","930916","2026-01-20","2026-01-19","2008-12-31","","180.52","180.32","","","0","","","","0.1125"
"中证10年期国债指数","930916","2026-01-21","2026-01-20","2008-12-31","","180.49","180.52","","","0","","","","-0.0192"
"中证10年期国债指数","930916","2026-01-22","2026-01-21","2008-12-31","","180.38","180.49","","","0","","","","-0.0597"
"中证10年期国债指数","930916","2026-01-23","2026-01-22","2008-12-31","","180.55","180.38","","","0","","","","0.0926"
"中证10年期国债指数","930916","2026-01-26","2026-01-23","2008-12-31","","180.66","180.55","","","0","","","","0.0608"
"中证10年期国债指数","930916","2026-01-27","2026-01-26","2008-12-31","","180.63","180.66","","","0","","","","-0.0155"
"中证10年期国债指数","930916","2026-01-28","2026-01-27","2008-12-31","","180.80","180.63","","","0","","","","0.0964"
"中证10年期国债指数","930916","2026-01-29","2026-01-28","2008-12-31","","180.81","180.80","","","0","","","","0.0049"
"中证10年期国债指数","930916","2026-01-30","2026-01-29","2008-12-31","","180.96","180.81","","","0","","","","0.0785"
"中证10年期国债指数","930916","2026-02-02","2026-01-30","2008-12-31","","180.89","180.96","","","0","","","","-0.0338"
"中证10年期国债指数","930916","2026-02-03","2026-02-02","2008-12-31","","180.91","180.89","","","0","","","","0.0080"
"中证10年期国债指数","930916","2026-02-04","2026-02-03","2008-12-31","","180.88","180.91","","","0","","","","-0.0160"
"中证10年期国债指数","930916","2026-02-05","2026-02-04","2008-12-31","","180.95","180.88","","","0","","","","0.0412"
"中证10年期国债指数","930916","2026-02-06","2026-02-05","2008-12-31","","181.08","180.95","","","0","","","","0.0692"
"中证10年期国债指数","930916","2026-02-09","2026-02-06","2008-12-31","","181.14","181.08","","","0","","","","0.0345"
"中证10年期国债指数","930916","2026-02-10","2026-02-09","2008-12-31","","181.19","181.14","","","0","","","","0.0284"
"中证10年期国债指数","930916","2026-02-11","2026-02-10","2008-12-31","","181.30","181.19","","","0","","","","0.0566"
"中证10年期国债指数","930916","2026-02-12","2026-02-11","2008-12-31","","181.49","181.30","","","0","","","","0.1071"
"中证10年期国债指数","930916","2026-02-13","2026-02-12","2008-12-31","","181.39","181.49","","","0","","","","-0.0560"
"中证10年期国债指数","930916","2026-02-24","2026-02-13","2008-12-31","","181.43","181.39","","","0","","","","0.0205"
"中证10年期国债指数","930916","2026-02-25","2026-02-24","2008-12-31","","181.20","181.43","","","0","","","","-0.1226"
"中证10年期国债指数","930916","2026-02-26","2026-02-25","2008-12-31","","181.03","181.20","","","0","","","","-0.0978"
"中证10年期国债指数","930916","2026-02-27","2026-02-26","2008-12-31","","181.23","181.03","","","0","","","","0.1141"
"中证10年期国债指数","930916","2026-03-02","2026-02-27","2008-12-31","","181.43","181.23","","","0","","","","0.1062"
"中证10年期国债指数","930916","2026-03-03","2026-03-02","2008-12-31","","181.43","181.43","","","0","","","","0.0018"
"中证10年期国债指数","930916","2026-03-04","2026-03-03","2008-12-31","","181.48","181.43","","","0","","","","0.0281"
"中证10年期国债指数","930916","2026-03-05","2026-03-04","2008-12-31","","181.46","181.48","","","0","","","","-0.0096"
"中证10年期国债指数","930916","2026-03-06","2026-03-05","2008-12-31","","181.45","181.46","","","0","","","","-0.0046"
"中证10年期国债指数","930916","2026-03-09","2026-03-06","2008-12-31","","181.13","181.45","","","0","","","","-0.1810"
"中证10年期国债指数","930916","2026-03-10","2026-03-09","2008-12-31","","181.16","181.13","","","0","","","","0.0180"
"中证10年期国债指数","930916","2026-03-11","2026-03-10","2008-12-31","","181.10","181.16","","","0","","","","-0.0337"
"中证10年期国债指数","930916","2026-03-12","2026-03-11","2008-12-31","","181.13","181.10","","","0","","","","0.0173"
"中证10年期国债指数","930916","2026-03-13","2026-03-12","2008-12-31","","181.05","181.13","","","0","","","","-0.0446"
"中证10年期国债指数","930916","2026-03-16","2026-03-13","2008-12-31","","180.76","181.05","","","0","","","","-0.1586"
"中证10年期国债指数","930916","2026-03-17","2026-03-16","2008-12-31","","180.85","180.76","","","0","","","","0.0476"
"中证10年期国债指数","930916","2026-03-18","2026-03-17","2008-12-31","","181.02","180.85","","","0","","","","0.0978"
"中证10年期国债指数","930916","2026-03-19","2026-03-18","2008-12-31","","181.00","181.02","","","0","","","","-0.0134"
"中证10年期国债指数","930916","2026-03-20","2026-03-19","2008-12-31","","180.91","181.00","","","0","","","","-0.0492"
"中证10年期国债指数","930916","2026-03-23","2026-03-20","2008-12-31","","180.92","180.91","","","0","","","","0.0050"
"中证10年期国债指数","930916","2026-03-24","2026-03-23","2008-12-31","","180.99","180.92","","","0","","","","0.0416"
"中证10年期国债指数","930916","2026-03-25","2026-03-24","2008-12-31","","181.06","180.99","","","0","","","","0.0360"
"中证10年期国债指数","930916","2026-03-26","2026-03-25","2008-12-31","","181.16","181.06","","","0","","","","0.0551"
"中证10年期国债指数","930916","2026-03-27","2026-03-26","2008-12-31","","181.20","181.16","","","0","","","","0.0243"
"中证10年期国债指数","930916","2026-03-30","2026-03-27","2008-12-31","","181.41","181.20","","","0","","","","0.1138"
"中证10年期国债指数","930916","2026-03-31","2026-03-30","2008-12-31","","181.33","181.41","","","0","","","","-0.0429"
"中证10年期国债指数","930916","2026-04-01","2026-03-31","2008-12-31","","181.15","181.33","","","0","","","","-0.1011"
