sample_index,raw_feature_0,scaled_feature_0
0,0.00097483167907364,0.08900876133219399
1,0.00097483167907364,0.08900876133219399
2,0.0009738821011673338,0.088896470165875
3,0.0009729347839766422,0.08878444633769794
4,0.0009719891019697169,0.08867261587616415
5,0.0009710452565625527,0.08856100259947412
6,0.0009701030366313645,0.0884495815414446
7,0.0009691630543888774,0.08833842509853766
8,-0.00909544341753954,-1.1018392230637821
9,-0.009178930061932267,-1.1117118334190343
10,-0.00926396312428035,-1.121767313525858
11,-0.009350586613861567,-1.1320108676472176
12,-0.00943884535488726,-1.1424477964150443
13,-0.009528786308407255,-1.1530836531504738
14,-0.00962045737576378,-1.1639241023677607
15,0.008303826058345898,0.9556899691912621
16,0.008235440393802085,0.9476031066177693
17,0.008168171900985177,0.9396483538115314
18,0.008101993211926617,0.9318224744071189
19,0.008036878689355209,0.9241224367005872
20,0.007972802244898824,0.9165451556436072
21,0.007909739456404274,0.9090877432245184
22,0.010216773217247122,1.1819031805065792
23,0.010113446633841283,1.1696844225875678
24,0.010012188692610113,1.1577102894022908
25,0.00991293848203001,1.1459735779335103
26,0.00981563667946439,1.1344672730558678
27,0.00972022666523431,1.1231846792789317
28,0.009626653216718184,1.1121192663195691
29,0.0030124644999032224,0.32996652210280847
30,0.0030034166204946366,0.3288965762618656
31,0.002994423312628669,0.32783308371151393
32,0.002985483319474902,0.3267758958268197
33,0.002976596930717834,0.3257250468640667
34,0.0029677629056044097,0.32468039009952976
35,0.0029589815405401954,0.32364196058428424
36,-0.006604233232284984,-0.8072442294458962
37,-0.006648139093418548,-0.8124362630033171
38,-0.006692632646151275,-0.8176977933073108
39,-0.006737725576302367,-0.8230302022500413
40,-0.006783430663876877,-0.8284350011152731
41,-0.006829759866381346,-0.8339136039232218
42,-0.00687672625537239,-0.8394675564347228
43,-0.00164595033770365,-0.22090858971118427
44,-0.0016486641556766601,-0.22122950891469875
45,-0.0016513865384931714,-0.22155144094323756
46,-0.001654118126900861,-0.2218744615676285
47,-0.001656858767021152,-0.2221985525911499
48,-0.0016596087042183294,-0.2225237430290532
49,-0.0016623673832997232,-0.22284996722771266
50,-0.0004306384646302064,-0.0771933802876854
51,-0.00043082399401350724,-0.07721531983650909
52,-0.0004310096833268773,-0.07723727829766622
53,-0.00043119573400141054,-0.07725927949114283
54,-0.0004313815426576495,-0.07728125206504402
55,-0.00043156771300356667,-0.07730326741011283
56,-0.0004317540441088896,-0.07732530176558726
57,-0.013735709937512608,-1.6505682279177314
58,-0.013927007269666447,-1.6731898584323082
59,-0.01412370825723952,-1.6964504915662404
60,-0.014326045349502103,-1.7203776153218244
61,-0.01453426365957533,-1.7450002152494501
62,-0.014748624050135994,-1.770349139343823
63,-0.01496940213447251,-1.7964569799150667
64,0.002803619313113348,0.30526979164078105
65,0.0027957807850937932,0.3043428561595589
66,0.0027879864086550743,0.3034211417691751
67,0.002780234929686598,0.30250450016632535
68,0.0027725268747809118,0.301592993622563
69,0.002764861002803709,0.30068647536907855
70,0.002757237843347138,0.2997850080321396
71,0.009842519685039353,1.1376462897854323
72,0.009746588693956948,1.1263020885321804
73,0.009652509652509744,1.1151768873031707
74,0.00956022944550683,1.1042644050268897
75,0.009469696969696795,1.0935585985512537
76,0.009380863039399667,1.0830536514842282
77,0.009293680297397744,1.0727439636563334
78,0.0007892660118682393,0.06706492180004797
79,0.0007886435623090104,0.06699131479369666
80,0.0007880220937577231,0.06691782379523178
81,0.0007874013997561935,0.066844424390195
82,0.0007867820905778089,0.06677118874571442
83,0.000786163551175667,0.06669804413017577
84,0.0007855459835555134,0.06662501443151983
85,0.0072678644688644045,0.8331836067622364
86,0.0072154235449541915,0.8269822698633722
87,0.007163734369347585,0.8208698300347008
88,0.007112780300646104,0.8148443193681312
89,0.007062545962849276,0.8089039195936565
90,0.007013016017138662,0.8030468168381852
91,0.006964176333331462,0.7972713401543455
92,0.011342259682416644,1.3149961968992336
93,0.011215055417866271,1.299953813191431
94,0.011090673095950354,1.2852451348358738
95,0.010969019101558786,1.2708590914929623
96,0.010850005372650129,1.2567852694943966
97,0.010733546153967932,1.243013527957895
98,0.010619560791334859,1.2295343292230074
99,0.003613716720487936,0.4010668632680379
100,0.0036007047933706016,0.3995281538452937
101,0.0035877862342794664,0.39800048554354567
102,0.003574960219333345,0.3964837609357385
103,0.0035622252283693534,0.3949778002568817
104,0.0035495808220149527,0.39348255154951656
105,0.0035370258628451,0.391997880308845
106,0.004999375153105889,0.5649261953829411
107,0.004974505558638986,0.561985272105322
108,0.004949882514662773,0.5590735043524602
109,0.004925501686741773,0.5561903795610239
110,0.0049013602011958035,0.5533355579075011
111,0.004877453871360071,0.5505085443030007
112,0.004853779954242521,0.5477090143783739
113,0.000579640067624565,0.04227586382648388
114,0.0005793044486166465,0.04223617561387099
115,0.0005789688804049842,0.04219649340810683
116,0.0005786340381694899,0.042156897051760706
117,0.0005782992457734615,0.04211730658911926
118,0.0005779651776176564,0.04207780177061384
119,0.0005776311583496341,0.042038302733272984
120,0.0007216221586126004,0.05906578120722082
121,0.0007211019638353466,0.059004266214229786
122,0.0007205821823514924,0.05894280009474092
123,0.0007200633175545867,0.05888144237693866
124,0.0007195451994512769,0.05882017295846835
125,0.0007190279942037581,0.05875901148863581
126,0.0007185111967658031,0.05869789824382121
127,7.179946389679337e-05,-0.017778201583014692
128,7.179447662419847e-05,-0.01777879134679575
129,7.178915503902594e-05,-0.017779420644299115
130,7.178416922237751e-05,-0.017780010235909013
131,7.177884914133514e-05,-0.017780639355543318
132,7.177386477996706e-05,-0.017781228775060835
133,7.176854620194462e-05,-0.017781857716957367
134,0.0013874269926323901,0.1377997122058111
135,0.0013855048732209774,0.13757241434106665
136,0.0013835877384504869,0.13734570592889808
137,0.001381676068383797,0.13711964373855
138,0.0013797696736459475,0.13689420537571972
139,0.0013778686987251376,0.1366694079266813
140,0.001375972622823296,0.13644518980509998
141,-0.0027718550580431156,-0.3540510663540614
142,-0.0027795594280654035,-0.35496213714647384
143,-0.002787307080037049,-0.3558783261925247
144,-0.002795097876136743,-0.3567996171943247
145,-0.0028029323463849565,-0.3577260728287922
146,-0.002810810690893284,-0.3586577167598775
147,-0.002818733786122185,-0.3595946526323332
148,0.0020052668696093345,0.21086160625723574
149,0.0020012538216231945,0.210387048207954
150,0.0019972568038117977,0.20991438578725236
151,0.00199327555220985,0.2094435877802399
152,0.0019893104763792913,0.20897470261915962
153,0.001985360976988204,0.20850765943075347
154,0.001981427128887825,0.20804246706646226
155,-0.0008338892595064484,-0.12487930660820386
156,-0.0008345852111499852,-0.12496160551304922
157,-0.0008352823254259567,-0.1250440419035619
158,-0.0008359806052500307,-0.12512661612453055
159,-0.0008366800535474228,-0.12520932852187297
160,-0.0008373806732541178,-0.12529217944278043
161,-0.0008380824673147602,-0.1253751692354682
162,4.79305485656667e-05,-0.02060079078133262
163,4.792841908729528e-05,-0.02060104260017591
164,4.792595432312474e-05,-0.020601334067828613
165,4.792365753591987e-05,-0.020601605671572033
166,4.7921360969205296e-05,-0.020601877249241646
167,4.7919232339266316e-05,-0.0206021289677546
168,4.79167684876991e-05,-0.020602420327488522
169,-0.006468460338755699,-0.791188573066724
170,-0.006510573557896637,-0.7961686199521638
171,-0.006553239071708017,-0.8012139777639468
172,-0.006596467127927386,-0.8063258583356606
173,-0.006640269619210604,-0.8115056680186836
174,-0.006684657374332881,-0.8167546873564974
175,-0.006729642904708566,-0.8220743958710031
176,-0.010514165290707922,-1.269608431637762
177,-0.010625887629606035,-1.2828200192867991
178,-0.010740009766526004,-1.296315392096606
179,-0.010856609681105023,-1.3101037714531805
180,-0.010975769507978295,-1.3241948700866957
181,-0.011097573921437731,-1.3385987010513023
182,-0.011222112140471308,-1.3533258148285892
183,-0.005011105612438449,-0.6188508840031427
184,-0.00503634345098114,-0.621835353530612
185,-0.005061836407055487,-0.6248499916677211
186,-0.005087589142530158,-0.6278953496980106
187,-0.005113604870645938,-0.6309718075993137
188,-0.005139888422606043,-0.6340799366796189
189,-0.005166443169557167,-0.6372201355897288
190,-0.007719731577913169,-0.9391561130582052
191,-0.007779789662341274,-0.9462582078969
192,-0.007840789154720751,-0.9534716277739506
193,-0.00790275297453602,-0.960799083004772
194,-0.007965703965241544,-0.9682432749139498
195,-0.008029666111186495,-0.9758070397411692
196,-0.008094663350784015,-0.9834932082940065
197,-0.0030268859576235707,-0.38420943142456665
198,-0.0030360756045096915,-0.3852961418040406
199,-0.0030453216396058025,-0.38638952030186946
200,-0.0030546237423966227,-0.3874895290159132
201,-0.003063983268064674,-0.3885963282016127
202,-0.0030733999036721693,-0.38970988085289515
203,-0.003082875022388687,-0.3908303493522386
204,-0.009853262096774174,-1.1914541380533135
205,-0.00995131522612891,-1.2030492901554717
206,-0.010051339055175634,-1.2148774849236483
207,-0.010153394482167344,-1.2269459238057818
208,-0.010257543145452463,-1.2392618957688846
209,-0.010363851015326886,-1.2518332020490837
210,-0.010472385030335207,-1.2646677583815646
211,-0.004461232961021189,-0.5538263705382681
212,-0.0044812245196075295,-0.556190447688006
213,-0.004501396517019973,-0.5585758624089929
214,-0.004521750478877817,-0.5609827951114609
215,-0.004542289811044542,-0.5634116485516026
216,-0.00456301612058907,-0.5658626127713755
217,-0.004583932913515776,-0.5683361023690106
218,-0.006890756235294226,-0.8411266544385751
219,-0.006938568454429528,-0.8467806295525144
220,-0.006987048330639456,-0.8525135576318849
221,-0.00703621067468807,-0.8583271901053576
222,-0.0070860697543350115,-0.8642232141892843
223,-0.007136640730325272,-0.8702034226989002
224,-0.0071879382192977515,-0.8762695441068443
225,0.01684619456118641,1.9658572402915875
226,0.01656710193861377,1.9328534857901642
227,0.016297106120215732,1.9009254626676597
228,0.016035769718554027,1.8700214482110136
229,0.015782682028675277,1.8400928750115675
230,0.015537459249801877,1.81109435718085
231,0.015299740160525488,1.782983178925904
232,0.002622101503759522,0.28380462655570055
233,0.002615244068354894,0.2829937089738687
234,0.00260842240712722,0.2821870218232923
235,0.002601636021446252,0.2813845061390651
236,0.002594885293809135,0.28058620715291616
237,0.0025881692913773957,0.27979201455318026
238,0.0025814879635039922,0.27900192235065374
239,-0.004405149619978288,-0.5471943040854269
240,-0.004424641042942379,-0.5494992383128546
241,-0.004444305280377203,-0.5518246085027733
242,-0.004464145304928224,-0.5541707661817126
243,-0.004484163261297747,-0.5565379649688033
244,-0.0045043617759392696,-0.5589265154520706
245,-0.004524742631649259,-0.5613366284539159
246,0.00016004615729325877,-0.007342697492750693
247,0.00016002032259110344,-0.007345752543649899
248,0.00015999494417728855,-0.007348753636733125
249,0.0001599693498899324,-0.007351780257676219
250,0.0001599437637898049,-0.007354805910448666
251,0.00015991796198822072,-0.007357857070731332
252,0.00015989261617210815,-0.007360854309013401
253,0.0032612867054611083,0.359390685704975
254,0.0032506850656590647,0.3581370018414824
255,0.0032401525731651226,0.3568914949077845
256,0.0032296876699873245,0.35565398066546045
257,0.003219290588512891,0.35442448659517495
258,0.003208959793518984,0.3532028311510412
259,0.0031986955283993534,0.35198904311528745
260,-0.0005001562363240453,-0.08541411879850819
261,-0.0005004067366921605,-0.08544374141115765
262,-0.0005006570499250795,-0.08547334189436487
263,-0.0005009078329628602,-0.08550299793376763
264,-0.0005011588673651257,-0.0855326836979681
265,-0.0005014103728767649,-0.08556242517262759
266,-0.000501661691885702,-0.08559214459263963
267,0.012830164909969355,1.4909465978767893
268,0.01266763725456066,1.4717270900683936
269,0.012509175342167111,1.452988371695064
270,0.012354629331663203,1.4347127234789676
271,0.01220385501508603,1.4168830922849804
272,0.012056716800166623,1.399483443816258
273,0.011913083914839362,1.3824983137831697
274,-0.006821910739472137,-0.8329854150833514
275,-0.006868768867576813,-0.8385265653370113
276,-0.0069162751630966746,-0.8441443638304181
277,-0.006964442962706152,-0.8498403876755887
278,-0.007013286804336993,-0.8556163560377446
279,-0.007062820389375224,-0.8614738891574228
280,-0.007113058645004,-0.8674147522302915
281,-0.008040626322471378,-0.9771031260339406
282,-0.008105802047781663,-0.9848104011950135
283,-0.008172043010752694,-0.9926436447242822
284,-0.008239375542064109,-1.0006059703238526
285,-0.008307826847398392,-1.0087005951682144
286,-0.00837742504409178,-1.0169308442383505
287,-0.008448199199644235,-1.025300154875685
288,0.006374119058295991,0.7274948434933463
289,0.006333747223622677,0.7227207218843693
290,0.006293883135989109,0.7180066432765084
291,0.0062545181510673675,0.7133515854454071
292,0.006215642084819173,0.7087543440901558
293,0.006177246748600762,0.7042139508727672
294,0.006139322421842008,0.6997292562991875
295,-0.007052402446877104,-0.8602419281924626
296,-0.007102492079396616,-0.8661652160225097
297,-0.007153298324085178,-0.8721732459424124
298,-0.007204836450885321,-0.8782678236804263
299,-0.007257123054877468,-0.8844509116673572
300,-0.007310173886322935,-0.8907243724309676
301,-0.007364006051056249,-0.8970902288006609
302,-0.011450504854368937,-1.3803341140444856
303,-0.011583137399607257,-1.39601841240248
304,-0.011718879013793426,-1.412070369881439
305,-0.011857839601447817,-1.42850298310512
306,-0.012000135280803237,-1.4453299834921947
307,-0.012145887335309968,-1.4625657132677683
308,-0.012295223980030023,-1.4802253343461582
309,-0.001227295041728138,-0.17140102307709973
310,-0.0012288031457360349,-0.1715793620599809
311,-0.0012303149606298636,-0.17175813986910957
312,-0.001231830500123321,-0.17193735812618213
313,-0.0012333497779969393,-0.17211701846079847
314,-0.001234872808100862,-0.17229712251079016
315,-0.0012363996043520675,-0.17247767192189245
316,0.004668765288437626,0.5258303328385268
317,0.004647069213003174,0.5232646901472849
318,0.004625573851166909,0.5207227825955053
319,0.004604276186340073,0.5182042534601982
320,0.004583174230538889,0.5157088676547891
321,0.004562264577096187,0.5132362223280458
322,0.004541544847911361,0.5107860362606086
323,-0.005959516422920141,-0.731004036842167
324,-0.005995245185060116,-0.7352290976246337
325,-0.0060314049364643685,-0.7395051245119723
326,-0.006068003278751566,-0.7438330164242399
327,-0.006105048980094896,-0.748213810230963
328,-0.006142549545935627,-0.7526483934788588
329,-0.006180513657294773,-0.7571377927313805
330,-0.01554737478108581,-1.864804423718954
331,-0.01579291312025144,-1.8938402577435542
332,-0.01604633143855938,-1.9238079290008692
333,-0.0163080155188976,-1.954753057771392
334,-0.016578375664077716,-1.9867241639090014
335,-0.016857851458445205,-2.0197732299193154
336,-0.01714691154626302,-2.0539556747527183
337,-0.003569423357664192,-0.4483665237680614
338,-0.0035822094991814213,-0.4498785331926217
339,-0.0035950881398131296,-0.4514014809860924
340,-0.0036080594314830128,-0.4529353851140231
341,-0.003621124664481279,-0.45448039815809393
342,-0.003634284577193947,-0.45603660743523455
343,-0.003647541065274984,-0.4576042371136712
344,0.013862037719551079,1.612969446672318
345,0.013672508885656853,1.5905569477422972
346,0.013488092816769104,1.5687490525439758
347,0.01330858565831794,1.5475216545061494
348,0.013133793170450714,1.526851784034165
349,0.012963532811743228,1.5067178549166245
350,0.012797630311289998,1.487099258962138
351,-0.003974503149606345,-0.4962687358849966
352,-0.003990362859358942,-0.49814420633747086
353,-0.004006349648196683,-0.5000347043707163
354,-0.00402246531526762,-0.501940442740771
355,-0.004038710623032737,-0.5038615116115199
356,-0.004055087949812908,-0.5057981922283702
357,-0.004071598640396079,-0.5077506436175648
358,-0.014964517008639322,-1.7958792953735663
359,-0.015191856067126919,-1.8227629958660665
360,-0.015426208532738017,-1.8504760581840027
361,-0.01566790518368044,-1.8790575980971322
362,-0.015917295578923407,-1.90854895227103
363,-0.01617475420976433,-1.938994405713049
364,-0.01644067784107306,-1.9704408773644304
365,-0.01611235554885404,-1.9316155288838532
366,-0.01637621525312516,-1.9628179333842286
367,-0.0166488602660545,-1.9950592337447037
368,-0.01693073806999268,-2.0283923464397717
369,-0.017222324416763857,-2.062873530915718
370,-0.0175241310084564,-2.0985632978730635
371,-0.017836703407740795,-2.135526162153784
372,0.013450519714479858,1.564305891587658
373,0.013272004022815587,1.5431957382341563
374,0.013098165453617305,1.5226386722400331
375,0.012928821282340408,1.502613085739211
376,0.01276380071078842,1.48309878120123
377,0.012602938986641554,1.464076276043334
378,0.012446082091900346,1.4455273570566023
379,0.0063462475924200845,0.7241989376077517
380,0.006306227025000943,0.7194663546754845
381,0.006266707436510588,0.7147930143897036
382,0.006227680690377824,0.7101779545701992
383,0.006189136420152508,0.7056199493451712
384,0.0061510669307529575,0.7011180887422086
385,0.006113462313781293,0.6966712010559178
386,-0.011600237953599102,-1.3980406173629076
387,-0.011736382786638355,-1.4141402569909498
388,-0.01187576126674783,-1.4306222875724546
389,-0.012018489984591652,-1.447500496392877
390,-0.01216469120399255,-1.4647893416100597
391,-0.012314493211240896,-1.4825039935613413
392,-0.012468030690537146,-1.500660379161043
393,-0.006705822596309474,-0.8192575546255947
394,-0.006751093910676187,-0.824611058174141
395,-0.006796981295626892,-0.830037414391175
396,-0.006843496412741068,-0.8355380023024217
397,-0.006890652568877553,-0.8411143954940915
398,-0.006938462772553167,-0.8467681322723265
399,-0.00698694174268899,-0.8525009532050192
400,0.0009704969429347177,0.0884961624464237
401,0.0009695559918088126,0.08838489142940095
402,0.000968616863525007,0.08827383597032662
403,0.0009676792141037893,0.08816295539232705
404,0.00096674405466457,0.08805236926408337
405,0.0009658103632379511,0.08794195673386254
406,0.0009648784736089322,0.08783175727299876
407,0.015133988866396608,1.763382463689159
408,0.014908365824000125,1.7367016885669875
409,0.014689371302892162,1.7108047610696555
410,0.014476717102654302,1.6856576004114763
411,0.014270132750536568,1.6612282221703705
412,0.014069361099925626,1.6374862177901421
413,0.013874160525533474,1.6144030141698151
414,0.01368430231848694,1.5919515656231475
415,0.013499570119797744,1.570106286884332
416,0.013319759097877304,1.548842955846022
417,0.013144674897880293,1.5281385893152462
418,0.012974134411987581,1.507971534102271
419,0.012807962189003819,1.4883210424419822
420,0.012645992791487926,1.4691675507334487
421,0.010260897271714864,1.1871210162481232
422,0.010156680615299729,1.1747970038411344
423,0.010054559664064433,1.16272081647024
424,0.009954471563011547,1.1508850212950976
425,0.009856357007547834,1.139282605324042
426,0.009760157411648596,1.1279066405388452
427,0.00966581751122697,1.1167505917529492
428,0.003487940519480537,0.386193353456472
429,0.003475817335099496,0.38475974121190887
430,0.003463777617972452,0.3833359992847137
431,0.003451821533743571,0.3819221472629333
432,0.003439947192897641,0.3805179617042724
433,0.0034281547776595644,0.3791234641575125
434,0.0034164424289362394,0.3777384347778876
435,7.244269776873757e-05,-0.01770213675335005
436,7.243770373577263e-05,-0.017702727316570344
437,7.243220338204459e-05,-0.017703377754129165
438,7.242695733777893e-05,-0.017703998118635583
439,7.2421712053794e-05,-0.017704618393235942
440,7.241672098690088e-05,-0.017705208605707064
441,7.241122374579412e-05,-0.01770585867518669
442,-0.009666208058793813,-1.1693342930674544
443,-0.00976055562018785,-1.1804912477922116
444,-0.00985676310470629,-1.1918681454363607
445,-0.009954886319307188,-1.2034715853830245
446,-0.010054982263695167,-1.2153083080621025
447,-0.010157111843128286,-1.2273855157499085
448,-0.010261337394706582,-1.2397105800434665
449,0.0113773153030714,1.319141656164046
450,0.01124932814976387,1.3040066929100522
451,0.011124188502894983,1.289208458024497
452,0.011001802116513693,1.2747358065684624
453,0.010882079889791951,1.2605782020332168
454,0.010764935007036902,1.2467253781358765
455,0.010650285377145519,1.2331676272941128
456,0.0023018270392749507,0.24593096403646872
457,0.0022965407995658715,0.24530584626737142
458,0.0022912787843540894,0.24468359313638008
459,0.0022860410775416007,0.24406421456522198
460,0.0022808267638330104,0.243447602316767
461,0.0022756364313558652,0.2428338259393141
462,0.002270469667863262,0.24222283668311326
463,0.011928359018830381,1.3843046524009956
464,0.011787750498855942,1.3676771649695176
465,0.011650418275022556,1.3514371119048694
466,0.011516249394612599,1.33557113612248
467,0.011385135100197452,1.320066376646516
468,0.011256972942428556,1.304910718455385
469,0.01113166410084121,1.2900924756566878
470,0.0071542908758290835,0.8197531013342161
471,0.007103470808115686,0.8137434367895285
472,0.007053367193109006,0.8078184954776746
473,0.007003965651560584,0.8019765769983296
474,0.006955251310285293,0.7962159225412961
475,0.0069072101501521654,0.7905348742915
476,0.006859827658145079,0.7849317160300863
477,-0.00391986062717764,-0.4898070516636371
478,-0.003935286401399174,-0.49163120760408785
479,-0.003950834064969211,-0.4934697774193923
480,-0.003966505068311976,-0.4953229326276816
481,-0.0039823008849557695,-0.4971908474792308
482,-0.003998223011994706,-0.49907369901106147
483,-0.004014272970562116,-0.500971667102923
484,0.004958096059113348,0.5600447869400632
485,0.004933634624723293,0.5571521301298606
486,0.004909413372919724,0.5542878758157429
487,0.004885429004149788,0.5514516338131491
488,0.004861677403720455,0.5486429175441205
489,0.004838155850745096,0.5458614052535586
490,0.004814860803776799,0.5431066781520184
491,0.00476087426963856,0.5367225670183843
492,0.004738315744130972,0.5340549363554751
493,0.00471596998928181,0.5314124666248436
494,0.004693834008961062,0.528794803522824
495,0.0046719048630281534,0.526201599366712
496,0.004650179666032539,0.5236325129411054
497,0.004628655585945607,0.5210872093479473
498,0.004727000837696282,0.5327169060244159
499,0.004704761218053299,0.5300869871819319
500,0.004682730298588789,0.52748174792213
501,0.004660904333186222,0.5249007452526117
502,0.004639281293398634,0.5223437393018782
503,0.004617857547724036,0.5198103006311324
504,0.0045966311643961255,0.5173002008017286
505,-0.0020561234542874063,-0.2694131066634032
506,-0.002060359808413903,-0.26991407150540864
507,-0.00206461365540922,-0.27041710494508153
508,-0.0020688853078209,-0.27092224394234693
509,-0.0020731742636206363,-0.2714294291304653
510,-0.002077481244269541,-0.2719387458249323
511,-0.002081806157516075,-0.2724501831166558
512,0.0013222071164129545,0.1300872160333291
513,0.0013204613986315117,0.12988077832617503
514,0.001318719874536356,0.12967483653823017
515,0.0013169833475559223,0.12946948567793498
516,0.0013152509790543832,0.12926462657344212
517,0.0013135235704870851,0.12906035399986696
518,0.0013118002855663224,0.12885656906303633
519,-0.0031733093539840773,-0.40152454990459363
520,-0.003183411098409694,-0.40271911925575016
521,-0.0031935777737778226,-0.4039213669355793
522,-0.003203809182482087,-0.40513126957638224
523,-0.00321410677302425,-0.40634899846895184
524,-0.003224470358632825,-0.4075745315268558
525,-0.003234901409416846,-0.4088080425960282
526,-0.0010123265944141924,-0.14598019397992437
527,-0.0010133524380369074,-0.1461015038546493
528,-0.0010143803628506198,-0.14622305983805353
529,-0.0010154101661404846,-0.14634483795834263
530,-0.0010164424812243444,-0.14646691310773846
531,-0.0010174766877532049,-0.14658921192763433
532,-0.0010185130009880972,-0.14671175987345852
533,0.0040482187237615985,0.45244836276535305
534,0.004031896933012646,0.4505182494935061
535,0.004015705812003834,0.4486035884109166
536,0.0039996444166741085,0.4467042678788069
537,0.0039837109892582045,0.44482008003480944
538,0.003967904212206497,0.4429508690737153
539,0.003952221968267944,0.44109638462260903
540,-0.010439448254745853,-1.2607728605315272
541,-0.010549580049784901,-1.2737963603745721
542,-0.010662060308505139,-1.287097574899127
543,-0.010776965169561725,-1.3006855077881256
544,-0.010894373239788258,-1.3145694545959055
545,-0.011014367874412456,-1.3287592723923047
546,-0.011137035277994811,-1.343265155191501
547,0.0016988077515966982,0.17462166052746567
548,0.0016959264783331651,0.17428093910471862
549,0.0016930554006922005,0.1739414233527669
550,0.0016901938089357582,0.17360302934241167
551,0.0016873418741465418,0.17326577730482737
552,0.001684499329162037,0.1729296356470398
553,0.0016816667809587127,0.17259467614630405
554,-0.005471786071817197,-0.6733280845998076
555,-0.005501891243693158,-0.6768881346386034
556,-0.005532329519031154,-0.6804875754172305
557,-0.005563106678361018,-0.6841270905051281
558,-0.005594227742817592,-0.6878072736704154
559,-0.005625699185272559,-0.691528890354565
560,-0.005657526728781392,-0.6952926173304562
561,-0.008372935053179376,-1.0163998858904708
562,-0.008443633044271981,-1.024760189793369
563,-0.008515535097813665,-1.0332628786189049
564,-0.008588672237697215,-1.0419116210593278
565,-0.008663076562865801,-1.0507102129356463
566,-0.008738781294284514,-1.0596625827521902
567,-0.008815820824398357,-1.068772797545204
568,0.0006868132211539368,0.05494949316007937
569,0.0006863418325089299,0.0548937496761737
570,0.0006858710904880105,0.05483808265800348
571,0.0006854007538705797,0.05478246358032372
572,0.0006849315411663337,0.05472697740961401
573,0.0006844627310529372,0.0546715388467896
574,0.0006839945622669763,0.054616176123351574
575,0.009193438038277435,1.0608899387087065
576,0.009109688916906444,1.0509862894615156
577,0.009027451405831721,1.0412613938290207
578,0.008946685868822746,1.0317105646775764
579,0.008867352221198166,1.022329061842536
580,0.008789413625511777,1.0131125291570482
581,0.008712832706285534,1.0040565468299683
582,0.012940307709597754,1.5039713990540005
583,0.012774995117025068,1.4844225619297133
584,0.012613853423037114,1.4653669492829202
585,0.012456725889437692,1.4467860262311842
586,0.012303465212169407,1.4286623735145387
587,0.012153929549063358,1.4109792177619176
588,0.012007985549775668,1.393720789792568
589,-0.0025909787716406063,-0.332661763775833
590,-0.0025977091748669023,-0.33345765932380095
591,-0.002604475050236754,-0.3342577495864366
592,-0.00261127584585219,-0.33506196929972476
593,-0.0026181126679388766,-0.3358704492790197
594,-0.0026249849660728852,-0.3366831244346175
595,-0.0026318938566844974,-0.3375001267886066
596,-0.009595777917716153,-1.161005663438333
597,-0.009688748789493218,-1.1719998194272285
598,-0.009783539255553642,-1.1832091492980654
599,-0.00988020260559841,-1.1946399547588307
600,-0.00997879512317501,-1.206298891551144
601,-0.01007937492220723,-1.2181928318655206
602,-0.010182003372140702,-1.2303290328702043
603,0.00462903442844298,0.5211320089010947
604,0.004607704978438987,0.5186097210487924
605,0.004586571633474978,0.5161106233565756
606,0.004565630817719324,0.5136342929688769
607,0.004544880791853556,0.5111805242047321
608,0.004524318084563106,0.5087489065681104
609,0.004503941042584669,0.506339244554395
610,-0.008874081517000865,-1.0756623440262671
611,-0.008953535704750326,-1.0850581011853826
612,-0.00903442598024784,-1.094623681133228
613,-0.009116790953292764,-1.1043636496240952
614,-0.00920067155246651,-1.1142828466169932
615,-0.009286109772501994,-1.124386238147365
616,-0.009373150101336991,-1.1346790850815247
617,0.00481391726702296,0.5429951013747474
618,0.00479085425858794,0.5402678137043055
619,0.004768011640995162,0.5375665880815977
620,0.004745385587273887,0.5348909719529106
621,0.00472297325804627,0.5322406295511123
622,0.004700771412367688,0.5296151776222865
623,0.004678777774494325,0.5270143470511496
624,0.012076053507194207,1.4017700823010795
625,0.011931962267584861,1.3847307501466266
626,0.011791269506879365,1.368093300931203
627,0.011653855752902897,1.3518436066198536
628,0.011519607904058704,1.335968292522489
629,0.011388417584378363,1.3204545427723813
630,0.011260182140109043,1.3052902181763628
631,0.004649372097843996,0.5235370149591374
632,0.004627855682060034,0.5209926176986918
633,0.004606537086890183,0.518471613471438
634,0.0045854144107353445,0.5159737774061155
635,0.004564484154869097,0.5134986957651388
636,0.004543744508567871,0.511046154423621
637,0.004523192076820282,0.5086157519086705
638,0.0015487424212003997,0.15687586962149033
639,0.0015463473267349759,0.1565926406739964
640,0.001543960028724367,0.15631033368666872
641,0.0015415798909914624,0.15602887342916616
642,0.0015392070803084135,0.1557482796229242
643,0.0015368413636733802,0.15546852471459713
644,0.0015344833054777851,0.1551896754455978
645,0.001418640913604774,0.14149087600406324
646,0.0014166312225927236,0.14125322246749164
647,0.0014146272175084018,0.14101624131330387
648,0.0014126290720226642,0.14077995307873312
649,0.001410636168592605,0.1405442847370033
650,0.0014086490772555749,0.1403093036971796
651,0.0014066675762722802,0.1400749837377548
652,-0.006040174237954776,-0.7405421274641483
653,-0.006076879452011186,-0.7448826573659182
654,-0.006114033896819526,-0.7492763104972259
655,-0.006151645264487748,-0.7537239964788275
656,-0.006189722239993922,-0.758226742342113
657,-0.006228273320355804,-0.7627855528914568
658,-0.00626730803053388,-0.7674015544893353
659,-0.013581695482546285,-1.6323554381473533
660,-0.013768697742475688,-1.6544691601835386
661,-0.01396092145012895,-1.677200338092372
662,-0.014158588604554101,-1.7005752240979832
663,-0.014361933092719492,-1.724621476215885
664,-0.014571203745999739,-1.7493685196939548
665,-0.014786663228627539,-1.7748474155676741
666,-0.002139453369639277,-0.2792671832188725
667,-0.0021440406715904636,-0.2798096489638474
668,-0.002148647231244749,-0.2803543920047948
669,-0.002153274085533785,-0.2809015349627906
670,-0.0021579204513426653,-0.2814509852315456
671,-0.0021625873717303623,-0.28200286615671466
672,-0.0021672740618823294,-0.2825570849310196
673,0.007503208707670961,0.8610139499984653
674,0.007447329608938791,0.8544060359686442
675,0.00739227711336099,0.8478958708772415
676,0.0073380321195108955,0.8414811959085624
677,0.007284577878353016,0.8351600304260339
678,0.007231896342587918,0.828930240268479
679,0.00717997175315821,0.822789961867966
680,0.0011568645217772122,0.11053483105200965
681,0.0011555279513526528,0.11037677656185724
682,0.001154194029277189,0.11021903524896683
683,0.0011528634012227812,0.11006168346648124
684,0.0011515358377003349,0.10990469407645012
685,0.0011502115457426854,0.10974809156128655
686,0.0011488898617513232,0.10959179744796571
687,0.017430680416847588,2.034974895613254
688,0.017132057219676255,1.9996615770560513
689,0.01684349331503543,1.96553780775341
690,0.016564489447755015,1.9325445488998059
691,0.016294578081075484,1.900626512511308
692,0.016033322065733824,1.8697320040399779
693,0.01578031105656308,1.8398124986232582
694,-0.0004975675309596417,-0.08510799463250285
695,-0.0004978150340587684,-0.0851372628067979
696,-0.0004980631709879946,-0.08516660593389108
697,-0.000498311167736909,-0.08519593248413407
698,-0.0004985597994406898,-0.08522533412018311
699,-0.000498808291317876,-0.08525471922121033
700,-0.0004990574192775821,-0.08528417954139289
701,0.0011095700970873423,0.10494208708277683
702,0.0011083401218558997,0.10479663787596091
703,0.001107113257772685,0.10465155657414868
704,0.0011058889134947236,0.10450677324880463
705,0.0011046672742032193,0.10436230979830403
706,0.00110344813783958,0.10421814232845686
707,0.001102232075012477,0.10407433831588907
708,0.003082851637765005,0.338290066439576
709,0.00307337687283904,0.3371696397772988
710,0.003063960168517843,0.3360560790003622
711,0.0030546009927452378,0.3349493211911179
712,0.0030452988199467512,0.33384930419840375
713,0.0030360531309296945,0.33275596662572743
714,0.003026863412788572,0.33166924782008095
715,0.0018860807242548905,0.19676739536412913
716,0.0018825301204818956,0.19634752308597442
717,0.0018789928598270667,0.19592922868183218
718,0.0018754688672169006,0.19551250327397773
719,0.0018719580681392234,0.1950973380510657
720,0.0018684603886396367,0.19468372426770966
721,0.0018649757553153012,0.19427165324374732
722,0.0007180087490692433,0.058638481910009844
723,0.0007174935823996975,0.058577561509705896
724,0.0007169791544576753,0.05851672846671583
725,0.0007164652779050318,0.05845596062759793
726,0.0007159525085422835,0.058395323717858084
727,0.000715440287273994,0.058334751622353714
728,0.0007149287984091757,0.058274266136320196
729,-0.0042865080570475556,-0.5331644921164205
730,-0.0043049613083813165,-0.5353466586357594
731,-0.004323574127715002,-0.5375476946724909
732,-0.004342348781380734,-0.5397678682289302
733,-0.00436128682226633,-0.5420073629399144
734,-0.004380390963652503,-0.5442664996611138
735,-0.004399663208614735,-0.546545515263754
736,0.00013639220928007845,-0.010139865995523424
737,0.00013637341805927683,-0.010142088128206122
738,0.00013635501378295167,-0.01014426450324611
739,0.0001363364236279807,-0.010146462859136528
740,0.00013631783854162194,-0.010148660615644452
741,0.0001362990677022946,-0.010150880338141
742,0.0001362806835911723,-0.010153054328569751
743,0.0020439309423883056,0.21543377858576152
744,0.0020397616197318502,0.21494074046772577
745,0.002035609651669379,0.21444975459583698
746,0.0020314743628493392,0.21396074110722876
747,0.0020273558414329873,0.21347371042730187
748,0.0020232537968094544,0.2129886281902258
749,0.0020191686949182497,0.2125055494951036
750,0.0017732877562535165,0.1834292017884988
751,0.0017701489608503707,0.1830580274021581
752,0.0017670208829276834,0.18268812039827512
753,0.0017639042147561401,0.1823195626404675
754,0.0017607981484000224,0.18195225858729153
755,0.0017577033743043646,0.1815862898864748
756,0.001754619087989795,0.18122156140529946
757,7.9615641835451e-05,-0.01685390908309469
758,7.960948944485402e-05,-0.01685463662647075
759,7.960296653797272e-05,-0.01685540798479388
760,7.959681613578518e-05,-0.01685613529303303
761,7.959029527615513e-05,-0.016856906409260984
762,7.95841468612668e-05,-0.01685763348249451
763,7.95776280473337e-05,-0.01685840435681109
764,-0.0012200945042704081,-0.17054953238435894
765,-0.0012215847674649227,-0.17072576162381678
766,-0.0012230790480930454,-0.17090246593994018
767,-0.0012245766159740823,-0.1710795589861102
768,-0.0012260782290512973,-0.17125713039197432
769,-0.0012275831554554584,-0.17143509361123754
770,-0.0012290921550877076,-0.1716135385050739
771,0.0015783840823970774,0.16038110777551887
772,0.0015758968990817745,0.16008698897444978
773,0.0015734171688737142,0.1597937515314024
774,0.0015709456027674928,0.1595014795241675
775,0.0015684814173986261,0.15921008031694225
776,0.0015660253218729991,0.15891963776417023
777,0.00156357653562611,0.15863005956115717
778,-0.0017463550657529359,-0.23278182722199772
779,-0.001749410342586244,-0.233143125222679
780,-0.0017524759566064363,-0.23350564563466952
781,-0.0017555527063833898,-0.233869482891867
782,-0.0017586399052337276,-0.23423455579137406
783,-0.0017617383551301602,-0.2346009591694863
784,-0.0017648473675775378,-0.23496861160905738
785,-0.012965096006000376,-1.5594402261218885
786,-0.013135397698235018,-1.5795790430847987
787,-0.013310232900843655,-1.600253964735944
788,-0.013489785277168598,-1.621486709957768
789,-0.013674247748015844,-1.643300092362686
790,-0.013863825127545137,-1.6657183319970188
791,-0.014058732942575869,-1.6887669157194667
792,0.0008543734790678048,0.07476412518226794
793,0.0008536441481470369,0.07467787905208563
794,0.0008529160613424125,0.07459178004332628
795,0.0008521894211741543,0.07450585210476952
796,0.0008514636071947912,0.07442002186616346
797,0.0008507392336980502,0.07433436197005655
798,0.0008500160916595778,0.0742488476985312
799,-0.0023721666666666197,-0.30678640767385845
800,-0.0023778070162081555,-0.30745340026526097
801,-0.002383474664477858,-0.3081236210341564
802,-0.0023891689822370665,-0.30879699557070156
803,-0.002394890987972631,-0.30947364431480495
804,-0.0024006400522331717,-0.31015349283146865
805,-0.002406417201211597,-0.3108366624718717
806,0.007832276214300604,0.8999274228917642
807,0.007771408190316409,0.8927295496479516
808,0.007711479343430971,0.8856427376357653
809,0.007652467294713139,0.8786643404622518
810,0.007594351968328583,0.8717919840843374
811,0.007537112282697933,0.8650231755258062
812,0.007480729385967111,0.8583556854838621
813,0.004630152371541518,0.5212642098859528
814,0.004608813062438877,0.5187407561580769
815,0.004587669156188134,0.516240409553899
816,0.004566718757215815,0.5137629459147113
817,0.00454595844857808,0.5113079611740263
818,0.004525386423966049,0.5088752417290112
819,0.004504999367830109,0.5064643955034283
820,0.002570553407350795,0.2777088698738968
821,0.0025639627954747723,0.2769295051799633
822,0.0025574055119554906,0.2761540816898269
823,0.0025508820625537165,0.2753826592116044
824,0.0025443914301350734,0.2746151174653222
825,0.002537934121781271,0.27385151641530375
826,0.002531509129387155,0.2730917368493149
827,-0.009563208537043955,-1.157154211421937
828,-0.009655546542165938,-1.1680735285436352
829,-0.009749685080229442,-1.1792057654717616
830,-0.009845677140039255,-1.1905571883321935
831,-0.009943578598127778,-1.2021344047354827
832,-0.010043446396770017,-1.2139441483202604
833,-0.010145340581073192,-1.2259935196467615
834,-0.0008349167674325253,-0.12500081329307397
835,-0.0008356144359360496,-0.12508331522308358
836,-0.0008363132713786747,-0.12516595514804002
837,-0.0008370134787279992,-0.12524875730613427
838,-0.0008377144549804871,-0.12533165038992553
839,-0.0008384168088605426,-0.12541470638336885
840,-0.0008391203414594983,-0.12549790176476464
841,-0.009006399959456624,-1.0913094985463903
842,-0.009088252600021551,-1.1009888817905495
843,-0.009171606269992472,-1.1108457674192513
844,-0.009256503481799072,-1.1208851826875323
845,-0.009342986662020825,-1.1311121446983183
846,-0.009431101528098229,-1.1415320597112546
847,-0.009520893832192345,-1.1521503380918234
848,0.00500710882734734,0.5658407315097151
849,0.004982162597028772,0.5628907457538012
850,0.004957463706772636,0.5599700088924785
851,0.004933008709342213,0.557078113277013
852,0.004908793375712817,0.5542145588092963
853,0.004884814829038353,0.5513790052914352
854,0.0048610694051234304,0.5485710194185147
855,0.007435499372909549,0.8530070659707848
856,0.0073806205643021094,0.8465174400182425
857,0.007326546313403348,0.8401229560470778
858,0.0072732582440617755,0.8338214410081185
859,0.007220740140773785,0.8276109773569481
860,0.007168974634866654,0.8214895111825555
861,0.007117946458788937,0.8154552370394402
862,-0.0015043570435128162,-0.20416464901706663
863,-0.001506623344263991,-0.20443264762243535
864,-0.0015088968825193172,-0.20470150208994764
865,-0.001511176893334354,-0.20497112196204037
866,-0.0015134642050593783,-0.20524160519425583
867,-0.0015157580507211277,-0.20551286108911498
868,-0.0015180592614626454,-0.20578498793241526
869,-0.0061388411646585705,-0.7522098634161954
870,-0.006176759106925167,-0.7566938029995149
871,-0.006215148785832625,-0.7612335272185613
872,-0.006254018236381609,-0.7658299862424468
873,-0.006293377337590167,-0.7704843483022888
874,-0.006333234566627155,-0.7751976158552546
875,-0.006373600279392488,-0.7799710135255398
876,-0.005485282626940813,-0.6749241031108264
877,-0.005515536905707941,-0.6785017856014771
878,-0.005546126772606019,-0.6821191526534228
879,-0.005577058055748263,-0.685776893463017
880,-0.005608335857089308,-0.6894756113556244
881,-0.005639966684478637,-0.6932160759089738
882,-0.005671956329211247,-0.6969989719655258
883,-0.0033976497927121763,-0.42805365230892767
884,-0.0034092329541544064,-0.4294234048056645
885,-0.0034208958038031145,-0.43080258073315714
886,-0.003432638282007572,-0.432191173037482
887,-0.0034444620949000138,-0.4335893834752063
888,-0.0034563671995007095,-0.4349972069638149
889,-0.003468355331071815,-0.43641484870459774
890,-0.005523979883772956,-0.6795001995787083
891,-0.005554663509748203,-0.6831286539949013
892,-0.005585690364950491,-0.6867976965608006
893,-0.005617065553893963,-0.6905079309044426
894,-0.005648795206871671,-0.6942600819560851
895,-0.005680885135029068,-0.69805483690558
896,-0.005713342205699301,-0.7018930078409544
897,0.01006410462683105,1.1638495442917454
898,0.009963827853335161,1.1519914378891236
899,0.009865529188630484,1.140367250306428
900,0.00976915134092815,1.1289702065736955
901,0.009674638334866259,1.1177936873934142
902,0.009581936785426182,1.1068313797859262
903,0.009490994455161106,1.0960771064762662
904,-0.005616234361424777,-0.6904096392622502
905,-0.005647954598110627,-0.6941606768018912
906,-0.005680035178916687,-0.697954326391861
907,-0.005712482058296997,-0.7017912921687915
908,-0.0057453022150446564,-0.7056723994012697
909,-0.005778501452237683,-0.7095983343251424
910,-0.005812086603114497,-0.713569904996607
911,0.007460999321727391,0.8560225310261675
912,0.007405745062836644,0.849488506662576
913,0.0073513031855647615,0.8430505494872295
914,0.007297655904467071,0.8367065563042632
915,0.007244785949506172,0.830454484866665
916,0.007192676547515209,0.824292351684237
917,0.00714131140445784,0.8182182299257708
918,-0.0023635582294799784,-0.30576842753189004
919,-0.002369157872065486,-0.30643060637232034
920,-0.0023747841105353773,-0.3070959302763172
921,-0.00238043713481928,-0.30776442170377494
922,-0.0023861171366593714,-0.3084361033289287
923,-0.002391824309632473,-0.30911099804296716
924,-0.0023975588491716993,-0.30978912895659266
925,0.012297512344330297,1.4279584244565866
926,0.012148120896133374,1.4102923226605064
927,0.01200231510537031,1.3930502383700927
928,0.011859968031911805,1.3762171604366273
929,0.011720957846548474,1.3597786820969335
930,0.0115851687798747,1.3437211131824698
931,0.011452489549664158,1.3280312941505574
932,-0.000373595453631137,-0.07044782924559269
933,-0.00037373507935756223,-0.0704643405139829
934,-0.0003738748094890276,-0.07048086412866258
935,-0.0003740144427505365,-0.07049737628810483
936,-0.00037415458336098606,-0.07051394844347146
937,-0.00037429462741134234,-0.07053050918024314
938,-0.00037443477633647415,-0.0705470823188523
939,-0.0021898231141589397,-0.2852235953486617
940,-0.002194628963389955,-0.28579190513316705
941,-0.0021994559531285374,-0.28636271486236936
942,-0.002204304020146486,-0.28693601705929567
943,-0.0022091739141145705,-0.2875119003753399
944,-0.0022140651691305857,-0.2880903097158104
945,-0.0022189781313219914,-0.28867128601158376
946,-0.0009071222859483585,-0.1335393879955431
947,-0.0009079461089324115,-0.1336368081683434
948,-0.0009087710190228693,-0.1337343568955733
949,-0.0009095978403856897,-0.13383213163796354
950,-0.0009104257562941864,-0.13393003581450527
951,-0.0009112555924362109,-0.13402816706589893
952,-0.0009120865306208037,-0.13412642863797977
953,-0.0018847365491651003,-0.24914595918642873
954,-0.0018882954886881853,-0.2495668171984485
955,-0.0018918678942984046,-0.24998926762602475
956,-0.0018954540498833383,-0.25041334403993376
957,-0.0018990534110470136,-0.2508389820632999
958,-0.0019026666766894795,-0.25126626434368815
959,-0.001906293718223262,-0.251695175675145
960,-0.0017308782118236055,-0.2309516309135838
961,-0.001733879555066653,-0.23130655106394452
962,-0.0017368909054356063,-0.23166265459465982
963,-0.0017399129444050088,-0.23202002209266284
964,-0.001742945517872796,-0.23237863533480374
965,-0.001745988891741601,-0.232738525765071
966,-0.0017490424897771417,-0.233099625241589
967,0.0005739661662085283,0.04160490359946672
968,0.000573636706685976,0.04156594376921308
969,0.0005733080474854546,0.04152707858005597
970,0.0005729795536963955,0.04148823295142769
971,0.0005726514361321655,0.041449431812803424
972,0.0005723234832906154,0.04141065015325689
973,0.0005719963272161621,0.0413719627144225
974,0.007251173336141559,0.8312098174099503
975,0.007198972548961846,0.8250368775845278
976,0.007147517557175798,0.8189521308752611
977,0.00709679330999724,0.8129537974699599
978,0.007046783537599577,0.807039953400309
979,0.006997474057286235,0.801208921508985
980,0.006948849460214346,0.7954588796422439
981,0.002204850671477132,0.23446314304666135
982,0.0021999999999999797,0.23388953286261815
983,0.0021951706246257086,0.23331844102300428
984,0.0021903624054162574,0.23274985097961662
985,0.0021855752036559206,0.23218374632880018
986,0.002180808881839802,0.23162011081008266
987,0.0021760633036598254,0.2310589283045204
988,0.002848119028819651,0.31053205073962803
989,0.002840030481357614,0.3095755495170251
990,0.002831987354115162,0.30862441940657404
991,0.0028239900462923018,0.3076787076151802
992,0.0028160373890138146,0.3067382759189435
993,0.0028081297857149856,0.30580317202560686
994,0.002800266080503544,0.3048732592465529
995,-0.006580220630927114,-0.8044046488333725
996,-0.006623806740697402,-0.8095588705869635
997,-0.00666797411257114,-0.814781828775027
998,-0.006712734452122282,-0.8200749076258008
999,-0.006758099781355664,-0.8254395287866668
1000,-0.006804082449469617,-0.830877152596871
1001,-0.00685069514406611,-0.836389279413165
1002,0.0062603252180970514,0.7140382930081307
1003,0.006221377372441106,0.7094325634673809
1004,0.006182911148923331,0.7048837875596727
1005,0.006144917469817823,0.7003908918097048
1006,0.00610738827207058,0.6959529227309521
1007,0.006070314504458274,0.6915688099821428
1008,0.006033688119948533,0.6872376019713698
1009,5.553236151589758e-05,-0.019701847749221988
1010,5.5529472196891305e-05,-0.019702189422084137
1011,5.552619450366336e-05,-0.019702577021661755
1012,5.5523111516908585e-05,-0.019702941596465087
1013,5.5520028871880456e-05,-0.019703306130857957
1014,5.551714087914661e-05,-0.019703647646883392
1015,5.55138645983444e-05,-0.019704035079436348
1016,0.0067445669321934965,0.7713017007760222
1017,0.006699382305541679,0.7659584483764827
1018,0.006654799452826543,0.7606863580130032
1019,0.006610805865569613,0.7554839505108603
1020,0.006567390124413874,0.7503498754880481
1021,0.00652454073086739,0.745282773204558
1022,0.006482247232719729,0.7402814076471131
1023,0.004611714842300607,0.5190839025633489
1024,0.004590544559819998,0.516580436870579
1025,0.00456956775541939,0.5140998506899757
1026,0.004548781605833829,0.5116418101598174
1027,0.0045281840684323615,0.5092060737312953
1028,0.00450777204686581,0.5067922752494495
1029,0.004487543224957147,0.5044001408176167
1030,0.0028242785765635325,0.30771282740720535
1031,0.0028163243124166293,0.30677220569272223
1032,0.0028084150839569055,0.3058369096179847
1033,0.002800549977157729,0.3049068310958986
1034,0.002792728800579125,0.30398194748796536
1035,0.00278495100996623,0.3030621944339962
1036,0.0027772167745292453,0.302147591943735
1037,-0.00047837257666560884,-0.08283811894268088
1038,-0.00047860135018396033,-0.08286517227345867
1039,-0.00047883069552823176,-0.08289229322480668
1040,-0.0004790600842017323,-0.08291941929999933
1041,-0.0004792896927621193,-0.08294657137764504
1042,-0.0004795193448612345,-0.08297372860390945
1043,-0.00047974957072627333,-0.08300095368015682
1044,0.006062902564102579,0.6906923200999536
1045,0.006026365474251172,0.6863716715190746
1046,0.005990265767678249,0.6821027451593459
1047,0.005954596154175595,0.6778846789261698
1048,0.005919348822442272,0.6737165491037699
1049,0.005884516489338187,0.6695974944333807
1050,0.00585009135864234,0.6655265929824853
1051,-0.0014297830364716768,-0.19534599161979857
1052,-0.0014318304129423698,-0.19558810160388873
1053,-0.0014338833208116242,-0.19583086569670624
1054,-0.0014359424648833219,-0.19607436724396654
1055,-0.0014380071901064495,-0.19631852878341843
1056,-0.0014400782035284276,-0.19656343392608422
1057,-0.0014421548484351288,-0.1968090050130432
1058,-0.002447860520904621,-0.31573749122278777
1059,-0.0024538674174297004,-0.3164478293764864
1060,-0.0024599035227633737,-0.31716162158188743
1061,-0.002465969569995785,-0.31787895452966336
1062,-0.0024720656085613912,-0.318599834065625
1063,-0.0024781920349069564,-0.3193243070710963
1064,-0.0024843485542326293,-0.3200523386848839
1065,-0.0001494321827056888,-0.043939677601656235
1066,-0.00014945451602033089,-0.04394231860028549
1067,-0.00014947685601141014,-0.04394496038842861
1068,-0.00014949902826655315,-0.043947582341165074
1069,-0.00014952155600966854,-0.04395024633169409
1070,-0.00014954391604848905,-0.043952890490558165
1071,-0.00014956628277629225,-0.04395553544041966
1072,0.002916978359511546,0.31867492612034903
1073,0.00290849417043737,0.31767163878596283
1074,0.0029000595381889482,0.31667421173299853
1075,0.002891673512836812,0.3156825326287163
1076,0.002883335846939783,0.3146965722122642
1077,0.002875045951379107,0.3137162608181292
1078,0.002866803930356987,0.31274161076861445
1079,0.004764348041730759,0.5371333536607112
1080,0.0047417566626606344,0.5344618379402091
1081,0.004719378518128758,0.5318155380075221
1082,0.00469721043469451,0.5291940785913365
1083,0.004675249970366613,0.52659717091698
1084,0.0046534937239717244,0.524024412782886
1085,0.004631939024789977,0.5214754883663646
1086,0.002411689672293882,0.2589226344561804
1087,0.002405887253344341,0.25823647654645204
1088,0.0024001130171396046,0.2575536513525158
1089,0.002394366103174006,0.2568740571163333
1090,0.0023886469721505765,0.2561977483177745
1091,0.002382954770526524,0.2555246240221872
1092,0.002377289959612394,0.254854738781282
1093,0.006649925618489538,0.7601100087334831
1094,0.0066059962348916645,0.754915193556003
1095,0.006562643437055371,0.7497885618179446
1096,0.006519855787636031,0.7447287610101991
1097,0.0064776227808351905,0.7397345487825037
1098,0.006435933233108537,0.7348046026385933
1099,0.006394776876093244,0.7299377083058629
1100,-0.002066207465007741,-0.27060557893707293
1101,-0.0020704856734834465,-0.27111149321361866
1102,-0.0020747813226447143,-0.27161946991696495
1103,-0.0020790949900980626,-0.2721295773512596
1104,-0.0020834266319709194,-0.2726418103284055
1105,-0.0020877765179870833,-0.27315620074425856
1106,-0.0020921442905648124,-0.27367270631342994
1107,0.006244505128609745,0.7121675078013533
1108,0.006205753113661228,0.7075849359798303
1109,0.006167479415896793,0.7030589269680718
1110,0.006129674618007286,0.6985883671337771
1111,0.00609233076763771,0.694172316080996
1112,0.006055438877097252,0.6898097109814157
1113,0.006018991395625006,0.6854996589291008
1114,-0.0014903451768976117,-0.2025076929799914
1115,-0.0014925696208329953,-0.20277074185913715
1116,-0.0014948007149695464,-0.20303457714963513
1117,-0.0014970383372998608,-0.20329918442364997
1118,-0.0014992829732627388,-0.2035646210861494
1119,-0.0015015341979196517,-0.2038308368865508
1120,-0.0015037921933243048,-0.204097853353391
1121,-0.013641820320855702,-1.6394654268841042
1122,-0.013830493582038916,-1.6617767511164494
1123,-0.014024458611961776,-1.6847138469465948
1124,-0.014223941693541686,-1.7083034731823692
1125,-0.014429181530314472,-1.7325738574165428
1126,-0.014640431130383602,-1.7575549188109219
1127,-0.0148579578754241,-1.783278276256322
1128,0.005984555912162071,0.6814275332244784
1129,0.005948954231861592,0.6772175003484953
1130,0.005913773297264502,0.6730572222377015
1131,0.005879006353398442,0.6689459000911565
1132,0.005844645479551103,0.6648825972547773
1133,0.005810684255056486,0.6608665544606102
1134,0.005777115099298014,0.6568968752721741
1135,0.0043311099221789995,0.4859013131770079
1136,0.00431243214241106,0.48369259532409414
1137,0.0042939150864036435,0.48150288366161975
1138,0.004275556211086107,0.47933187746189654
1139,0.004257353656218488,0.4771793567445378
1140,0.004239305275039795,0.4750450676469654
1141,0.004221409589788339,0.47292883541828984
1142,-0.005170282140047111,-0.6376741083189985
1143,-0.005197152886797007,-0.6408516753962962
1144,-0.005224304395467283,-0.6440624436288523
1145,-0.005251740929689608,-0.6473069172071815
1146,-0.005279467485003075,-0.6505856868726091
1147,-0.005307488196362953,-0.6538992415991799
1148,-0.005335807933990577,-0.6572481573089227
1149,0.0018425655510203587,0.19162156212324657
1150,0.0018391769102685807,0.191220842582779
1151,0.001835800385622477,0.19082155581747223
1152,0.001832436398176096,0.1904237516232846
1153,0.0018290847167656832,0.19002740266423085
1154,0.001825745435763304,0.1896325201001634
1155,0.0018224180026380488,0.18923903859221977
1156,0.0006907985170858666,0.055420769424355025
1157,0.0006903218049927329,0.05536439642264463
1158,0.0006898454285764188,0.05530806311598332
1159,0.0006893698699230733,0.055251826512875114
1160,0.000688894966489606,0.055195667391987
1161,0.0006884208775543854,0.055139604588586355
1162,0.0006879471197629439,0.05508358094418564
1163,0.008112195861404992,0.9330289761610687
1164,0.00804691752991138,0.9253095674321011
1165,0.007982681707662032,0.9177134393504185
1166,0.007919462997408422,0.9102375885956616
1167,0.00785723804802485,0.9028792538092079
1168,0.00779598299841866,0.8956356133269195
1169,0.007735675954355203,0.8885040780730317
1170,-0.002038338038858556,-0.2673099142568507
1171,-0.0020425014991497514,-0.2678022591280996
1172,-0.0020466816974840096,-0.26829658333602524
1173,-0.002050879347119894,-0.268792971226141
1174,-0.0020550939441214,-0.26929136320611513
1175,-0.002059326205975265,-0.2697918441214583
1176,-0.0020635756279897555,-0.27029435429047105
1177,-0.006335518478595592,-0.7754676970534401
1178,-0.006375913194456961,-0.7802445244491423
1179,-0.0064168263220704125,-0.7850826559883889
1180,-0.00645826806253369,-0.7899832979894353
1181,-0.006500248251241403,-0.7949476135247633
1182,-0.00654277793205249,-0.7999769085723158
1183,-0.00658586780257453,-0.8050724481645075
1184,0.012269232516919137,1.42461422828036
1185,0.012120523001981187,1.4070287676623159
1186,0.011975375191514814,1.3898644920218717
1187,0.01183366279690734,1.3731064672546045
1188,0.011695264821277807,1.3567403850233115
1189,0.011560066778946165,1.3407527069648377
1190,0.01142795881193348,1.3251304419591265
1191,0.0020986581095119305,0.22190547236131575
1192,0.0020942629675515523,0.22138573025949265
1193,0.002089886196284141,0.22086816056135083
1194,0.002085527828233902,0.2203527671130002
1195,0.0020811873067283493,0.21983948408582124
1196,0.0020768649617319834,0.21932835049935967
1197,0.0020725605333793418,0.2188193356235452
1198,-0.0005849663644339476,-0.09544323609144177
1199,-0.0005853087503658871,-0.09548372451832426
1200,-0.0005856515373351412,-0.09552426036938068
1201,-0.0005859947260475895,-0.09556484372808395
1202,-0.0005863383172088898,-0.09560547467788079
1203,-0.0005866823115283637,-0.09564615330265111
1204,-0.0005870267097153326,-0.09568687968627487
1205,0.003398363729809173,0.3756005604686536
1206,0.003386853968125658,0.3742394877700238
1207,0.0033754219070456504,0.37288760346060734
1208,0.0033640669077599217,0.37154483199880534
1209,0.0033527877600469935,0.3702110302713667
1210,0.0033415841376507327,0.368886159697274
1211,0.003330455141578703,0.36757011396728356
1212,0.002008032128514081,0.21118860854480562
1213,0.002004008016032177,0.21071274207719842
1214,0.0020000000000000018,0.21023877907543811
1215,0.001996007984031989,0.20976670814156823
1216,0.0019920318725099584,0.20929651796837861
1217,0.001988071570576455,0.20882819733861768
1218,0.001984126984126977,0.20836173512407336
1219,0.0011719538896746151,0.11231920567673812
1220,0.001170582162798528,0.11215699380369014
1221,0.0011692133612162259,0.11199512785765746
1222,0.0011678478978502937,0.11183365666829208
1223,0.001166485620071045,0.11167256218655826
1224,0.0011651266573622365,0.11151185972439831
1225,0.0011637705766216477,0.11135149806584227
1226,-0.0068141735409652515,-0.8320704621989069
1227,-0.006860924933823953,-0.8375989906074519
1228,-0.006908322557564461,-0.8432039382533734
1229,-0.006956379327561768,-0.8488868324284412
1230,-0.007005109670883303,-0.8546493791877536
1231,-0.00705452726381961,-0.8604931958042128
1232,-0.007104647337401571,-0.866420083404625
1233,-0.004356427371832505,-0.5414327146111573
1234,-0.00437548872335336,-0.5436867912695107
1235,-0.004394717909974255,-0.5459607150610035
1236,-0.004414116558456693,-0.5482546783563148
1237,-0.004433687521228968,-0.5505690184658407
1238,-0.004453432499396559,-0.5529039365517157
1239,-0.004473354432004473,-0.5552597801670888
1240,-0.0001519525907917041,-0.04423772535708409
1241,-0.00015197568389047067,-0.04424045620304965
1242,-0.00015199878400984357,-0.04424318787922836
1243,-0.0001520218911523763,-0.0442459203859222
1244,-0.00015204500532139953,-0.04424865372352502
1245,-0.00015206812652079904,-0.04425138789249633
1246,-0.0001520912547529063,-0.044254122893111834
1247,-0.0014776826893823092,-0.20101030610720294
1248,-0.001479869314536586,-0.20126888277294624
1249,-0.0014820627260266894,-0.2015282619484783
1250,-0.001484262496147859,-0.20178839305609922
1251,-0.0014864688060481912,-0.20204929751725412
1252,-0.0014886815316886848,-0.20231096066386361
1253,-0.0014909011619603785,-0.20257344030913566
1254,0.007729129111589295,0.8877298892413321
1255,0.007669848019683068,0.8807196766967845
1256,0.0076114690562896214,0.8738161442489377
1257,0.007553972230405659,0.8670169278863072
1258,0.007497337550745442,0.8603196635640085
1259,0.007441545918192016,0.8537220927394783
1260,0.0073865782092841226,0.8472219539913477
1261,0.011602716389617962,1.3457961841704271
1262,0.011469637295175028,1.3300590796859717
1263,0.011339576608536905,1.314678913300621
1264,0.011212432231768599,1.2996436115487608
1265,0.011088107716331175,1.2849417690271545
1266,0.010966509735760965,1.2705623495297311
1267,0.010847550109693627,1.2564949253960616
1268,-0.0006743088334458802,-0.10600831977814285
1269,-0.0006747638326585204,-0.10606212514990042
1270,-0.0006752194463199857,-0.10611600318254738
1271,-0.0006756756756756133,-0.10616995402334954
1272,-0.0006761325219742931,-0.10622397781999286
1273,-0.0006765899864683567,-0.10627807472057024
1274,-0.0006770480704129112,-0.10633224487350283
1275,-0.005400696883468892,-0.6649215201470254
1276,-0.005430022790631206,-0.6683894191964338
1277,-0.005459668917281557,-0.6718951854071893
1278,-0.005489640399355955,-0.6754394261230819
1279,-0.005519943039400177,-0.6790228275170196
1280,-0.005550581935519827,-0.6826459924592041
1281,-0.0055815628574883425,-0.6863096032470904
1282,-0.0011064840163358403,-0.1571146639954482
1283,-0.0011077096793906671,-0.15725960327112698
1284,-0.0011089380608144683,-0.15740486400418235
1285,-0.00111016902836647,-0.15755043055664436
1286,-0.001111403014865786,-0.15769635411100452
1287,-0.0011126396058782628,-0.15784258565886217
1288,-0.0011138789517162184,-0.15798914297521546
1289,-0.0035886622196990015,-0.45064159171371565
1290,-0.0036015872416890193,-0.4521700242776148
1291,-0.0036146054160030028,-0.45370947245490806
1292,-0.0036277181858054286,-0.45526010690523394
1293,-0.0036409264408681086,-0.4568220328474627
1294,-0.003654231372484551,-0.45839539115654165
1295,-0.0036676336097666296,-0.4599802562273208
1296,-0.00041594744504291903,-0.07545611185197734
1297,-0.00041612052931394583,-0.07547657971936979
1298,-0.0004162937576926984,-0.07549706462804394
1299,-0.00041646698459596454,-0.07551754936223626
1300,-0.00041664064743351936,-0.07553808564730122
1301,-0.00041681430921713947,-0.07555862180773443
1302,-0.0004169881158305744,-0.0755791750948391
1303,-0.0017937967586507675,-0.23839198621186647
1304,-0.001797020394015636,-0.23877319324343727
1305,-0.001800255343312851,-0.2391557381901495
1306,-0.0018035021076189262,-0.2395396803061895
1307,-0.001806760604176283,-0.23992500980516165
1308,-0.0018100310440209988,-0.24031175164287746
1309,-0.001813313049605303,-0.24069986117289016
1310,-0.0036332144018925705,-0.45591005517242467
1311,-0.0036464626345892315,-0.45747670862054485
1312,-0.0036598081366115975,-0.45905486453303146
1313,-0.003673251382965259,-0.4606445790810859
1314,-0.0036867940538150012,-0.46224605095052645
1315,-0.0037004366516144582,-0.46385933955838904
1316,-0.0037141808933223164,-0.46548464794150946
1317,0.006090556364739985,0.6939624862507292
1318,0.006053686048645979,0.6896024324107545
1319,0.006017259449068391,0.6852948497211854
1320,0.005981268753042723,0.6810388142695234
1321,0.005945705740085128,0.676833353952571
1322,0.005910563270122848,0.6726776244298144
1323,0.0058758337827848894,0.6685707316588887
1324,0.0022451354772992094,0.2392269731659734
1325,0.002240106280733567,0.23863225171736663
1326,0.002235099275615937,0.2380401544911255
1327,0.002230114892303181,0.2374507323785708
1328,0.0022251524022487423,0.23686389922632647
1329,0.0022202122358816467,0.23627970593424696
1330,0.0022152936698669468,0.23569806696524861
1331,-0.004195661031518583,-0.5224214889510023
1332,-0.004213338916690512,-0.5245119654993993
1333,-0.004231166109653017,-0.5266200982567633
1334,-0.004249144947751193,-0.5287461636229611
1335,-0.004267277227221644,-0.5308903740097413
1336,-0.0042855650671504986,-0.533052980007025
1337,-0.004304010035872441,-0.5352341670762997
1338,0.00261465476014755,0.2829240210572854
1339,0.002607836021678356,0.2821176795339149
1340,0.002601053049059443,0.28131556745713937
1341,0.0025943051238068726,0.2805175998635251
1342,0.0025875921203106778,0.2797237618992201
1343,0.00258091362248436,0.2789340043604277
1344,0.0025742698001856024,0.27814834733345917
1345,0.0037065413828090144,0.4120437294377089
1346,0.003692853523455275,0.41042508848046455
1347,0.003679266674964099,0.4088183924384217
1348,0.0036657791520102734,0.40722344201552224
1349,0.003652390438639852,0.40564017619826725
1350,0.0036390988858332474,0.4040683999838755
1351,0.0036259040049198,0.4025080555851998
1352,0.004985266176886105,0.5632577557691244
1353,0.004960536722228515,0.5603334045521345
1354,0.004936051118808793,0.5574378896630824
1355,0.004911806192357648,0.5545708357326605
1356,0.004887798274525679,0.5517318089647264
1357,0.004864024044713533,0.5489204166858916
1358,0.004840479697231226,0.546136208858972
1359,0.002125792354948919,0.2251141991514717
1360,0.0021212828116463633,0.22458092865976484
1361,0.0021167926320493358,0.22404994799921718
1362,0.002112321150261165,0.2235211784250377
1363,0.002107868790087508,0.2229946700538426
1364,0.0021034348899633404,0.22247034465307436
1365,0.0020990198734098797,0.2219482523057132
1366,-0.005765017890772217,-0.7080038523631721
1367,-0.005798446035907845,-0.7119568565139968
1368,-0.005832264104585261,-0.7159559705932347
1369,-0.005866478822355137,-0.7200019899226011
1370,-0.00590109762347657,-0.7240957936312534
1371,-0.0059361272901209405,-0.7282381837365189
1372,-0.005971575321350842,-0.7324300470308126
1373,-0.0044455124754696485,-0.551967363872296
1374,-0.004465363162944103,-0.5543147824821191
1375,-0.004485392208884886,-0.5566832926528072
1376,-0.00450560159919422,-0.5590731292247829
1377,-0.004525993924658911,-0.5614845985683504
1378,-0.004546571537102584,-0.5639179787955173
1379,-0.004567337406716443,-0.5663736211425878
1380,-0.003162202401620573,-0.4002111109262176
1381,-0.003172233646475675,-0.4013973434374524
1382,-0.0031823287367686026,-0.4025911259123394
1383,-0.0031924881379150616,-0.40379251338804006
1384,-0.0032027129069410742,-0.40500163086186525
1385,-0.0032130032338681946,-0.40621850080457994
1386,-0.003223359899649725,-0.4074432155668555
1387,-0.009405448882971013,-1.1384985377417858
1388,-0.009494751131443158,-1.1490588651980684
1389,-0.00958576574091341,-1.1598216857961559
1390,-0.009678541824771791,-1.170792807379524
1391,-0.009773131640358645,-1.1819784095756223
1392,-0.009869588272042762,-1.1933847698111324
1393,-0.009967968169032004,-1.2050185634176371
1394,-0.006674510136205347,-0.8155547382036262
1395,-0.006719358563043065,-0.820858233708033
1396,-0.00676481377239202,-0.8262334835313179
1397,-0.006810888324049746,-0.8316819729168764
1398,-0.006857594472559736,-0.8372051510106632
1399,-0.0069049457906469325,-0.8428046228385575
1400,-0.0069529555719561875,-0.8484819604241658
1401,-0.008852918092706386,-1.073159689339855
1402,-0.008931992456468696,-1.0825105308809577
1403,-0.009012491797594446,-1.0920298813659355
1404,-0.009094455503220633,-1.1017223984721858
1405,-0.009177923722123449,-1.1115928299438116
1406,-0.009262938436778945,-1.1216461403668352
1407,-0.009349542499528685,-1.1318873971921541
1408,-0.015282627346794198,-1.833497041797858
1409,-0.015519811012101314,-1.8615449041504586
1410,-0.01576447246560775,-1.8904770431409332
1411,-0.016016971572951788,-1.9203360142373196
1412,-0.016277690885132423,-1.9511670555370586
1413,-0.016547038654056268,-1.9830184443667827
1414,-0.01682544983101142,-2.015941615355613
1415,0.0014450047600158555,0.14460850020582117
1416,0.0014429199321797093,0.14436196145661437
1417,0.0014408407163428727,0.14411608634747722
1418,0.0014387676812865902,0.14387094213893553
1419,0.00143670060289125,0.14362650232800053
1420,0.0014346396524320681,0.1433827871686121
1421,0.0014325842134026434,0.14313972375656464
1422,0.004712350284704625,0.530984422916157
1423,0.004690248192300128,0.5283707671879555
1424,0.004668352460610814,0.5257815143920845
1425,0.004646660212971998,0.5232163243521034
1426,0.004625168625939535,0.5206748631851005
1427,0.004603874928064355,0.5181568031567778
1428,0.004582776398701638,0.5156618225406314
1429,-0.003828712602166884,-0.47902845417505024
1430,-0.0038434279833222673,-0.4807686034580028
1431,-0.0038582569159195668,-0.4825221806269301
1432,-0.0038732009116684285,-0.4842893644471953
1433,-0.0038882607344032927,-0.48607024524509973
1434,-0.0039034383203533363,-0.4878650519870411
1435,-0.003918734860173911,-0.48967392547250244
1436,-0.015652901757812643,-1.8772833864413145
1437,-0.015901811247033604,-1.9067178716656061
1438,-0.016158764876078147,-1.9371036067418839
1439,-0.016424159204576738,-1.9684874863410582
1440,-0.016698416449877795,-2.0009194392558896
1441,-0.016981988770515044,-2.034452934937147
1442,-0.017275358718275347,-2.069145036952335
1443,-0.0008147150690941407,-0.12261188632565362
1444,-0.000815379151429485,-0.12269041656469185
1445,-0.000816044756835943,-0.12276912691262962
1446,-0.0008167112297529089,-0.12284793984695454
1447,-0.0008173787921913478,-0.1229268816213
1448,-0.0008180472265819638,-0.12300592650727672
1449,-0.0008187171961572259,-0.12308515293462385
1450,0.008288424663578375,0.9538686962131327
1451,0.00822029117882539,0.9458116548503547
1452,0.00815326915113479,0.9378860474742141
1453,0.008087330749810162,0.930088582999968
1454,0.008022450752403376,0.9224162787780634
1455,0.007958603037948375,0.9148660459058156
1456,0.007895763998429395,0.9074350926463833
1457,0.010812581943286048,1.252359807925587
1458,0.010696920612621064,1.2386824196543098
1459,0.010583707533349918,1.2252945463376566
1460,0.010472865582890956,1.2121870679396765
1461,0.0103643216374798,1.1993513372996334
1462,0.010258004380719443,1.1867789209847939
1463,0.010153846182102244,1.1744618214327347
1464,0.006119679976739567,0.697406463134707
1465,0.0060824570920281484,0.6930047167269148
1466,0.006045684667105755,0.6886562388869288
1467,0.006009353817380214,0.6843599789782393
1468,0.005973457388759762,0.6801150910025319
1469,0.005937986887905478,0.6759205705904682
1470,0.0059029355222550706,0.6717756144959568
1471,-0.0002920871747211784,-0.06080916806501048
1472,-0.00029217232863754106,-0.06081923783656002
1473,-0.00029225790423792475,-0.06082935747383435
1474,-0.00029234315785442444,-0.06083943903530085
1475,-0.00029242883345959036,-0.06084957049851759
1476,-0.0002925141869509762,-0.0608596638705658
1477,-0.0002925999627367837,-0.06086980718052098
1478,0.0041774205624884875,0.4677269671482577
1479,0.00416004250165547,0.46567194595795575
1480,0.004142808058576142,0.46363390810831373
1481,0.00412571619299551,0.46161273058525804
1482,0.004108764413173649,0.4596081187311512
1483,0.004091951730715637,0.4576199556645686
1484,0.004075275716749482,0.45564795416224285
1485,-0.006566361563517864,-0.8027657618782919
1486,-0.006609763843728134,-0.8078982450935688
1487,-0.006653743333681517,-0.8130989855364354
1488,-0.006698312183720967,-0.81836942003074
1489,-0.00674348213224818,-0.8237109366867241
1490,-0.006789265609420281,-0.8291250054173164
1491,-0.006835674633017708,-0.8346130473703479
1492,0.007776934749620601,0.8933830861149201
1493,0.007716920760398871,0.8862862057005713
1494,0.007657825924542561,0.8792980186359134
1495,0.007599629286376253,0.8724160468333478
1496,0.00754231052244303,0.8656378869674964
1497,0.007485849917838072,0.8589612076765598
1498,0.0074302283436027405,0.8523837468890831
1499,0.00429162493254176,0.4812320643360089
1500,0.004273285593544784,0.47906336837982316
1501,0.004255102326075733,0.476913128470038
1502,0.004237072968673372,0.47478108900571625
1503,0.004219196104511269,0.47266708244179223
1504,0.004201469281684744,0.4705708188312965
1505,0.004183890793039824,0.4684920962968375
1506,-0.0036425328326930018,-0.4570119947351442
1507,-0.0036558493841059025,-0.45858672712894855
1508,-0.003669263659395239,-0.46017301573945646
1509,-0.0036827765616750385,-0.4617709673633055
1510,-0.0036963897156542247,-0.46338077412844914
1511,-0.0037101037048328234,-0.4650025050359648
1512,-0.0037239198336040946,-0.46663631433527153
1513,0.0006912442652331485,0.05547348082276731
1514,0.0006907667766600234,0.05541701599937143
1515,0.0006902899472980284,0.05536062913017622
1516,0.0006898135969426455,0.05530429890531823
1517,0.0006893382608779142,0.055248088624152585
1518,0.0006888634009791783,0.05519193465141054
1519,0.0006883891948570309,0.05513585799021412
1520,0.006242197253433224,0.711894592863496
1521,0.006203473945409543,0.7073154157440296
1522,0.006165228113440113,0.7027927019675547
1523,0.006127450980392135,0.6983254136050379
1524,0.006090133982947554,0.6939125380118444
1525,0.006053268765133124,0.6895530870626446
1526,0.006016847172081841,0.6852460964136803
1527,0.0012694072112098276,0.12384342824360041
1528,0.0012677980301296632,0.1236531365159706
1529,0.0012661925830022014,0.12346328634232091
1530,0.001264591537026405,0.1232739566214433
1531,0.0012629941950228485,0.1230850649092431
1532,0.0012614012226193072,0.12289668991871346
1533,0.0012598119245135209,0.1227087494277415
1534,0.002661633807587993,0.2884794704781369
1535,0.0026545681498790774,0.2876439298240465
1536,0.0026475402428021155,0.28681285332446443
1537,0.002640549282314053,0.285986145898269
1538,0.0026335951445453087,0.2851637928974154
1539,0.0026266773721792536,0.28434574024248865
1540,0.002619796179985645,0.28353201333082206
1541,0.006983704689058845,0.7995806418202298
1542,0.006935270805812355,0.7938531525821303
1543,0.006887504099704955,0.7882045595552762
1544,0.006840390879478964,0.7826332436968451
1545,0.006793917825946405,0.7771376299626594
1546,0.006748071979434389,0.7717161858225562
1547,0.0067028407277369695,0.7663674198356474
1548,0.0018344053582752817,0.19065658857589773
1549,0.0018310463185682302,0.1902593694705335
1550,0.0018276998736816985,0.18986363975016482
1551,0.0018243653234613078,0.18946931661889752
1552,0.0018210432329954784,0.18907646690056715
1553,0.0018177329054145375,0.18868500818770836
1554,0.0018144349044721952,0.18829500714632222
1555,0.00024595852246034333,0.002816763486455523
1556,0.0002458978852610816,0.0028095929091051033
1557,0.00024583759079765954,0.0028024628615594786
1558,0.00024577701312678,0.0027952993236646153
1559,0.00024571677799478664,0.0027881762922840458
1560,0.0002456562597650258,0.002781019783525498
1561,0.0002455960838763094,0.0027739037578857124
1562,-0.0015625000000000222,-0.21104027275875556
1563,-0.0015649452269170805,-0.21132943005760124
1564,-0.0015673981191222097,-0.2116194938056513
1565,-0.0015698587127158659,-0.2119104682719207
1566,-0.0015723270440252124,-0.21220235775223345
1567,-0.0015748031496063408,-0.2124951665694851
1568,-0.001577287066246047,-0.212788899073853
1569,-0.003069284518167348,-0.3892232210063258
1570,-0.003078734187322074,-0.39034067999906963
1571,-0.0030882419047887355,-0.3914650034234802
1572,-0.003097808846836303,-0.39259633037779645
1573,-0.0031074349267974366,-0.393734650613279
1574,-0.003117121338456985,-0.39488010529948536
1575,-0.0031268680049979514,-0.3960326853525162
1576,-0.0006457862447529772,-0.1026354161653982
1577,-0.0006462035541194844,-0.10268476457079993
1578,-0.0006466214031684014,-0.10273417679568067
1579,-0.0006470397929472238,-0.10278365296391068
1580,-0.0006474587245063335,-0.10283319319970159
1581,-0.0006478781988985549,-0.10288279762755388
1582,-0.0006482982171800433,-0.10293246637236186
1583,0.002548538112228327,0.2751054782514285
1584,0.0025420594147467224,0.27433934785643316
1585,0.002535613895339184,0.27357714089374213
1586,0.0025292008185995307,0.2728187703988029
1587,0.0025228200999376504,0.27206422636851585
1588,0.002516471334929715,0.2713134609782391
1589,0.0025101547625625553,0.270566502489066
1590,-0.009400892288081497,-1.1379597032225865
1591,-0.009490107769020484,-1.1485097700910518
1592,-0.009581032802858047,-1.159261998032969
1593,-0.009673717002787408,-1.1702222539954257
1594,-0.00976821192052979,-1.1813966341637514
1595,-0.009864571141949607,-1.192791475268375
1596,-0.009962850388382294,-1.2044133665672216
1597,-0.012499695377792941,-1.5044048477712175
1598,-0.012657915637946271,-1.5231149898563694
1599,-0.012820192378819484,-1.5423048260752634
1600,-0.01298668416821902,-1.5619931076686429
1601,-0.013157557208105963,-1.5821994886448105
1602,-0.013332986925875923,-1.602944713954472
1603,-0.013513157496167993,-1.624250562942842
1604,0.0013084112149532867,0.1284557986898549
1605,0.0013067015120402647,0.12825361987662937
1606,0.0013049962714393182,0.12805196874862487
1607,0.001303295475702848,0.12785084324259716
1608,0.00130159910747496,0.12765024130614627
1609,0.0012999071494892434,0.12745016089745406
1610,0.0012982195845696598,0.12725059998538926
1611,-0.003916069086868035,-0.4893586877319538
1612,-0.003931464975323928,-0.4911793095679801
1613,-0.003946982398381316,-0.4930143033286892
1614,-0.00396262298824912,-0.49486386202893795
1615,-0.003978387651190296,-0.4967280928377363
1616,-0.00399427843920841,-0.49860723841223986
1617,-0.004010296680775238,-0.5005014558492432
1618,0.013385205484669482,1.5565822377474345
1619,0.013208408414357775,1.5356753178462474
1620,0.013036220501865259,1.5153134482288002
1621,0.012868464362909782,1.4954756525351782
1622,0.01270497089768119,1.4761419340755046
1623,0.012545579851534816,1.457293342134058
1624,0.0123901382048206,1.438911781560497
1625,0.0025870003482499904,0.27965378262269286
1626,0.0025803250464564442,0.27886440302682136
1627,0.002573684104898666,0.2780790866583309
1628,0.002567077086177205,0.27729778179308806
1629,0.0025605042471792405,0.2765205188089698
1630,0.002553964809437703,0.27574720564931127
1631,0.0025474586895908313,0.2749778324562699
1632,-0.002345525226611911,-0.3036359569775089
1633,-0.002351039477988537,-0.30428803798565496
1634,-0.002356580062177538,-0.3049432329481111
1635,-0.002362146649876662,-0.3056015029236448
1636,-0.002367739598036045,-0.30626289012295504
1637,-0.002373358921286539,-0.30692739627619514
1638,-0.0023790053278627266,-0.30759510513477384
1639,0.0067069081898800675,0.7668484125640729
1640,0.0066622250840184805,0.7615644668881778
1641,0.006618133759997535,0.7563505016453266
1642,0.006574621861515473,0.7512050556562658
1643,0.006531678714301048,0.7461268666481903
1644,0.006489292570805549,0.7411145454291891
1645,0.00644745332806429,0.7361668972856107
1646,-0.010866728284338212,-1.311300334421872
1647,-0.01098611153942386,-1.3254178542835875
1648,-0.011108146710269273,-1.3398489731787957
1649,-0.011232923846112186,-1.3546043397692487
1650,-0.01136053570687634,-1.3696949232655349
1651,-0.011491080713262658,-1.3851323622864797
1652,-0.011624660449119806,-1.4009286695050513
1653,0.0014637528312062553,0.14682553028436476
1654,0.0014616133904676865,0.14657253335361398
1655,0.0014594801946721248,0.14632027491091054
1656,0.001457353395489136,0.1460687728917523
1657,0.0014552324285950213,0.14581796056273494
1658,0.001453117804443238,0.14556789828690367
1659,0.0014510093169703975,0.1453185616964861
1660,-0.0013726487544484245,-0.1885896474351016
1661,-0.001374535330722182,-0.18881274218985847
1662,-0.0013764274570725599,-0.18903649326209362
1663,-0.001378324620925464,-0.18926084003798851
1664,-0.0013802270218122858,-0.18948580611288224
1665,-0.001382134502281751,-0.18971137286756812
1666,-0.00138404762141775,-0.1899376064158234
1667,-0.002977259971253976,-0.3783409714991998
1668,-0.0029861503374597476,-0.3793922908102528
1669,-0.0029950943195714563,-0.3804499504042577
1670,-0.003004091676749643,-0.3815139218010409
1671,-0.00301314361769367,-0.38258434793385737
1672,-0.0030222499088902177,-0.3836612011888771
1673,-0.0030314117752288094,-0.38474462641390267
1674,0.0009698557798165641,0.08842034249119936
1675,0.000968916254273422,0.08830924005471123
1676,0.0009679781811713362,0.08819830937485218
1677,0.0009670421055130163,0.08808761490024669
1678,0.000966107838554553,0.08797713431121611
1679,0.0009651755576598475,0.08786688858171025
1680,0.0009642447096338547,0.08775681229433004
1681,-0.0018224895206851999,-0.24178501346361939
1682,-0.00182581705313134,-0.242178506716632
1683,-0.001829156758734296,-0.24257343949131793
1684,-0.0018325087044164245,-0.24296981970149809
1685,-0.0018358729575913557,-0.2433676553190883
1686,-0.0018392495861687674,-0.24376695437466395
1687,-0.0018426386585590482,-0.24416772495801128
1688,0.002452596270998697,0.26375999392737376
1689,0.0024465959435149287,0.26305043258756844
1690,0.0024406245372701196,0.2623442912932723
1691,0.0024346823916845395,0.26164161018221155
1692,0.0024287691102982123,0.26094234237149977
1693,0.0024228846656750846,0.2602464846167203
1694,0.002417028302496682,0.25955394759861666
1695,0.0036816177858438603,0.40909642016113973
1696,0.0036681133758869056,0.4074994727864742
1697,0.0036547073142800812,0.40591415547488013
1698,0.0036413990664774243,0.40434040501428287
1699,0.0036281873883088345,0.40277807427687884
1700,0.0036150714106630844,0.4012270604869897
1701,0.00360204956604937,0.39968717828292016
1702,-0.004221009023354538,-0.5254189845205608
1703,-0.0042389014646860845,-0.5275348331434808
1704,-0.004256946240339343,-0.5296686958740817
1705,-0.004275145124870705,-0.5318207825603447
1706,-0.004293500642408521,-0.5339913916899607
1707,-0.004312014278483156,-0.5361806989324942
1708,-0.0043306882681311,-0.5383889685894337
1709,0.008438598723792046,0.9716273448298081
1710,0.008367984839916742,0.9632769869223505
1711,0.008298542580618795,0.9550651780369434
1712,0.008230243554036898,0.9469885607289799
1713,0.00816305958550223,0.9390438032376835
1714,0.008096963764195664,0.9312277232572674
1715,0.008031929348371047,0.9235371584754613
1716,-0.005361139094508638,-0.660243662511704
1717,-0.005390035826297601,-0.6636608099556791
1718,-0.005419245755069135,-0.6671149941232626
1719,-0.005448774175401794,-0.6706068411183232
1720,-0.005478625795190872,-0.6741369076672238
1721,-0.005508806484497364,-0.6777058879268002
1722,-0.005539321534888675,-0.681314407644842
1723,-0.007920893221248337,-0.9629442355479308
1724,-0.007984134879955529,-0.970422800043815
1725,-0.008048394164242967,-0.9780217025999288
1726,-0.008113696390926073,-0.9857439370251134
1727,-0.00818006697078455,-0.9935925082398404
1728,-0.00824753252388466,-1.0015705641672743
1729,-0.008316119806224598,-1.0096812688050436
1730,0.005112668055292424,0.5783235080601865
1731,0.005086661642803358,0.5752481517668525
1732,0.0050609184629801796,0.5722039237283667
1733,0.005035434539351069,0.5691903537119494
1734,0.005010205975134463,0.566206980908494
1735,0.004985228951255527,0.5632533536980076
1736,0.004960499724416811,0.5603290294214582
1737,-0.002402716087751444,-0.31039899185594916
1738,-0.0024085030367451132,-0.31108332038509046
1739,-0.0024143179288084182,-0.3117709532875318
1740,-0.0024201611509637733,-0.31246193633013236
1741,-0.0024260323560802988,-0.31315622846335733
1742,-0.0024319323025341344,-0.31385391936804347
1743,-0.0024378610154867086,-0.3145550120196245
1744,0.00765021513573827,0.8783980141752308
1745,0.007592133679748869,0.8715296630991988
1746,0.007534927502879762,0.8647648170780124
1747,0.007478577149375054,0.8581011753952097
1748,0.007423063018138221,0.8515364201472512
1749,0.007368367164336753,0.84506842929006
1750,0.007314471453057525,0.8386950583018095
1751,-0.001159800388280896,-0.16341952592394005
1752,-0.0011611469104272354,-0.16357875724270035
1753,-0.001162496916826905,-0.16373840058754888
1754,-0.001163849711626419,-0.1638983736711883
1755,-0.001165206013416853,-0.16405876146972165
1756,-0.0011665651248013997,-0.164219481513348
1757,-0.0011679277661222898,-0.16438061898525108
1758,0.0026436197508896697,0.2863492403797349
1759,0.002636649452321338,0.2855249763034211
1760,0.0026297158135617504,0.2847050473876597
1761,0.0026228183696188623,0.28388939864538904
1762,0.0026159573651234336,0.28307805900511834
1763,0.0026091319870851226,0.28227093232767564
1764,0.002602342132984825,0.28146800648979053
1765,0.001197963487072018,0.11539493859748673
1766,0.001196530087715697,0.11522543372121147
1767,0.0011951001144709927,0.11505633399554767
1768,0.0011936733809914113,0.11488761738432011
1769,0.0011922503975057008,0.11471934422400129
1770,0.0011908306292145454,0.11455145127255645
1771,0.0011894142383088724,0.11438395770967406
1772,0.00012375017325028104,-0.011634834403070575
1773,0.0001237346878109058,-0.011636665614640327
1774,0.0001237195526393453,-0.011638455405720846
1775,0.00012370424800534074,-0.01164026523637407
1776,0.00012368894715697465,-0.011642074619361278
1777,0.00012367347695052544,-0.011643904029580114
1778,0.00012365835683447735,-0.011645692040289549
1779,-0.006429436904968111,-0.7865739049445205
1780,-0.006471042061612531,-0.7914938715248923
1781,-0.006513189182769441,-0.7964779274514954
1782,-0.006555889104120971,-0.8015273540845809
1783,-0.006599152237868888,-0.8066433827062506
1784,-0.006642990342453414,-0.8118274037963775
1785,-0.0066874147742145285,-0.8170807602849656
1786,0.010435278049664598,1.2077422004706557
1787,0.010327507456537877,1.1949979216529623
1788,0.010221940469504753,1.1825142275610867
1789,0.010118509490302463,1.1702831244456837
1790,0.010017151028312465,1.158297104301819
1791,0.009917802726536529,1.146548793179432
1792,0.009820406048918429,1.1350312689692557
1793,0.0020994207770268503,0.2219956606694
1794,0.0020950226119460513,0.2214755610721932
1795,0.0020906425000699613,0.2209575963344846
1796,0.0020862810005555232,0.22044183257869016
1797,0.002081937326405603,0.21992817673943257
1798,0.0020776120358705352,0.21941669483191797
1799,0.002073304346641658,0.2189072943451986
1800,0.0008799257532878801,0.07778577791367582
1801,0.000879152330983235,0.07769431781117242
1802,0.0008783799348899279,0.0776029790620275
1803,0.0008776090607003351,0.07751182028373271
1804,0.0008768395383766947,0.07742082136868192
1805,0.000876071530109046,0.07733000149645852
1806,0.0008753045349825239,0.0772393014319918
1807,0.0030254324950365064,0.3315000364028619
1808,0.003016307027194687,0.33042091543726326
1809,0.003007236114814793,0.32934824586065337
1810,0.002998219760072196,0.3282820279302781
1811,0.0029892573097380915,0.3272221843993693
1812,0.002980348444838965,0.32616867754810674
1813,0.0029714921996948362,0.3251213931811931
1814,0.0030784186649384093,0.33776585069524057
1815,0.0030689710870619447,0.3366486390040331
1816,0.0030595813204508104,0.33553826371283785
1817,0.0030502488360892865,0.3344346622635522
1818,0.0030409731113956173,0.33333777285891386
1819,0.0030317536301260883,0.332247534451158
1820,0.003022589882277993,0.33116388673054237
1821,-0.009085759555907957,-1.1006940699279937
1822,-0.009169067658610253,-1.1105455670554403
1823,-0.009253917292312175,-1.1205793560335242
1824,-0.009340352138482722,-1.1308006023605872
1825,-0.009428416872177325,-1.1412145890303116
1826,-0.009518158200129245,-1.15182683928994
1827,-0.009609623955024627,-1.1626430095348872
1828,-0.0012098335027100893,-0.16933613027679395
1829,-0.0012112989727890433,-0.16950942763689308
1830,-0.0012127679974186512,-0.1696831453360039
1831,-0.0012142407595404636,-0.16985730500765428
1832,-0.0012157167623916276,-0.17003184790776457
1833,-0.001217196528614739,-0.17020683584079155
1834,-0.0012186799015604377,-0.17038225028235798
1835,-0.010615452169456807,-1.2815859867935726
1836,-0.01072934906122558,-1.2950547235153156
1837,-0.010845716539800265,-1.3088156164383413
1838,-0.010964636048877208,-1.3228782965866983
1839,-0.011086191932138667,-1.3372527379186998
1840,-0.011210473391810583,-1.3519494889337604
1841,-0.011337572951713337,-1.3669794909223572
1842,-0.006933277172910035,-0.8461549155703334
1843,-0.006981682931270106,-0.8518790789346129
1844,-0.007030769722056629,-0.8576837769500879
1845,-0.00708055126034246,-0.8635706314758149
1846,-0.007131043165471196,-0.8695414895580424
1847,-0.007182259981626027,-0.875598071101249
1848,-0.007234218208727716,-0.8817423272832519
1849,-0.003435664468580346,-0.43254903100521586
1850,-0.003447508757976281,-0.4339496628666528
1851,-0.003459435386386156,-0.4353600316268187
1852,-0.0034714446247627873,-0.4367801693269051
1853,-0.0034835375324049345,-0.43821020123298293
1854,-0.0034957147894251195,-0.4396502077709211
1855,-0.003507977876909041,-0.44110036408468567
1856,0.0049114240858505465,0.5545256501980608
1857,0.004887419696308459,0.5516870406637031
1858,0.004863649199173148,0.5488760897879722
1859,0.00484010860881412,0.5460923262550408
1860,0.0048167947988411175,0.5433353803574775
1861,0.004793704313935665,0.54060484349085
1862,0.004770834537795476,0.5379004062675521
1863,0.003650336215177852,0.40539725653164915
1864,0.0036370597243491343,0.4038272614529102
1865,0.0036238794583254297,0.40226864532002915
1866,0.003610794374762527,0.4007212848718746
1867,0.003597803446316883,0.39918505862120035
1868,0.003584905660377391,0.3976598468229268
1869,0.0035721000188007057,0.39614553144284137
1870,-0.02306910022480335,-2.7542768063397074
1871,-0.023613850508886314,-2.8186955805614273
1872,-0.024184950310073172,-2.886230284490324
1873,-0.024784358997287148,-2.9571126208863046
1874,-0.025414234302619354,-3.031597749701497
1875,-0.02607696028110351,-3.1099675944289897
1876,-0.026775175468310097,-3.1925341718444624
1877,-0.011106855674709482,-1.33969630335802
1878,-0.011231603247562116,-1.3544481740134515
1879,-0.011359185336399014,-1.3695352368671312
1880,-0.011489698956303251,-1.3849689643182765
1881,-0.011623246560174327,-1.4007614718083916
1882,-0.011759934949827078,-1.41692538905461
1883,-0.011899876965401401,-1.433474059828762
1884,-0.0330495569282947,-3.93450342722926
1885,-0.03417916337630944,-4.068083647121313
1886,-0.035388719967219595,-4.211118272737713
1887,-0.03668702715710592,-4.364647991178366
1888,-0.03808422384256549,-4.529871765178725
1889,-0.03959205687825573,-4.708178704575175
1890,-0.041224207766712984,-4.9011866986073445
1891,-0.04187114497321143,-4.977689461540657
1892,-0.04370095395158602,-5.1940712696662255
1893,-0.04569800015190384,-5.4302295095929525
1894,-0.04788630833343588,-5.689005199652411
1895,-0.050294738026559704,-5.973811088081468
1896,-0.0529582598311078,-6.288782580112265
1897,-0.05591966814647831,-6.638980274762981
1898,-0.005859499331252849,-0.7191766387945009
1899,-0.005894035427901012,-0.7232606623874812
1900,-0.00592898105227424,-0.7273931141774341
1901,-0.005964343985874088,-0.7315749143562466
1902,-0.006000130373573387,-0.7358067895782905
1903,-0.006036349256090312,-0.7400898089425639
1904,-0.006073008053737561,-0.74442484992901
1905,0.04536096187819605,5.337835945858575
1906,0.04339262997902282,5.105073280264556
1907,0.04158801699090242,4.891670992948619
1908,0.039927510576414305,4.695309851093139
1909,0.03839451363633639,4.514027185161704
1910,0.03697488068227739,4.346150237838603
1911,0.03565648671923616,4.190245182766622
1912,-0.02812783556810161,-3.3524913267340377
1913,-0.02894190845735911,-3.4487585140772854
1914,-0.029804508167427857,-3.5507641808759405
1915,-0.030720105812006238,-3.6590370531761787
1916,-0.03169374088558985,-3.774173070195636
1917,-0.03273111186638866,-3.8968460984598408
1918,-0.03383869023240271,-4.027821414632883
1919,-0.028182274604569568,-3.358928947973613
1920,-0.02899954782477554,-3.4555745865133596
1921,-0.029865637816966273,-3.5579929923275895
1922,-0.030785053541833696,-3.666717367012107
1923,-0.031762874865258084,-3.7823484238529437
1924,-0.032804851250501144,-3.905566058550155
1925,-0.03391751012493727,-4.037142163992217
1926,-0.010399562123700079,-1.2560561752070927
1927,-0.01050884955752196,-1.2689798261538643
1928,-0.01062045835662384,-1.2821779872940728
1929,-0.010734463276836026,-1.2956594987864019
1930,-0.010850942318675116,-1.3094335844859182
1931,-0.010969976905311873,-1.3235098729894432
1932,-0.011091652072387492,-1.337898420082042
1933,0.023950076151121547,2.8059180123758645
1934,0.023389886009704375,2.7396734168325416
1935,0.022855303639373492,2.6764570367342206
1936,0.02234461022465073,2.6160656156725026
1937,0.021856241576397872,2.5583141823864652
1938,0.021388763065115945,2.5030330865308272
1939,0.020940864405163184,2.4500673818900687
1940,0.03582262032355921,4.20989110762473
1941,0.03458374013146104,4.063388855649074
1942,0.03342768573481214,3.926681066150408
1943,0.032346419323266096,3.7988172377612783
1944,0.03133291226114965,3.6789662078228442
1945,0.030380987447063745,3.5663975108135677
1946,0.029485198016257597,3.460467034447784
1947,0.027081649151172282,3.1762383223298087
1948,0.02636757182211724,3.09179598685736
1949,0.025690184049079745,3.0116923296645712
1950,0.025046728971962695,2.935601341654531
1951,0.024434719183078046,2.863228877493249
1952,0.023851904592381734,2.7943088555525684
1953,0.023296244784422715,2.728599989015209
1954,0.01854278933061493,2.1664859661334663
1955,0.018205213551226507,2.126566357919307
1956,0.01787970994701049,2.0880743299185394
1957,0.017565641052323056,2.0509344994162135
1958,0.017262415971554423,2.015076990779426
1959,0.016969481408334985,1.980436374627132
1960,0.016686323463506625,1.9469518804470312
1961,0.009624060150375868,1.1118126264514894
1962,0.00953232052427766,1.1009640699046048
1963,0.009442313366774924,1.090320384298698
1964,0.009353990061385486,1.0798758205515193
1965,0.009267303793802473,1.069624842694841
1966,0.009182209469153602,1.0595621180900556
1967,0.00909866363377887,1.0496825081780943
1968,0.016342631727247037,1.906309037282207
1969,0.01607984474632662,1.8752334863610778
1970,0.015825375170531952,1.845141499943835
1971,0.015578834273435538,1.8159871096653428
1972,0.015339857180640015,1.787727167752925
1973,0.015108101067986324,1.7603211339576896
1974,0.014883243520656952,1.733730881512306
1975,-0.01188369152970925,-1.4315600710562955
1976,-0.0120266120777891,-1.448460964525124
1977,-0.012173012173012143,-1.4657733275578255
1978,-0.012323020450970112,-1.4835123717979413
1979,-0.012476771967082523,-1.5016940680578446
1980,-0.012634408602150704,-1.5203351942770322
1981,-0.012796079499047042,-1.5394533871622735
1982,0.013749901544401588,1.599708921326833
1983,0.013563406046653181,1.5776551258285048
1984,0.013381901877808078,1.556191573784991
1985,0.013205191038646369,1.5352948510422908
1986,0.013033086901154123,1.5149428881343683
1987,0.012865410883095452,1.495114567038764
1988,0.012701994504756842,1.4757899643943664
1989,-0.00452830188679243,-0.5617575237892003
1990,-0.004548900682335044,-0.5641934089976548
1991,-0.004569687738004591,-0.5666515566756594
1992,-0.004590665646518777,-0.5691322734218546
1993,-0.004611837048424272,-0.5716358714908364
1994,-0.004633204633204602,-0.574162668924168
1995,-0.004654771140418901,-0.5767129896850425
1996,0.008016924655754654,0.9217627970218478
1997,0.00795316473331309,0.9142229458860713
1998,0.007890410994857211,0.9068020797988452
1999,0.007828639555525818,0.8994973742853118
2000,0.0077678282814868105,0.8923062119364046
2001,0.007707954216729762,0.8852258781173706
2002,0.007648996104948846,0.8782538591899325
2003,-0.00035143198031972744,-0.067826914993808
2004,-0.0003515557742642672,-0.06784155409432126
2005,-0.00035167916301559465,-0.06785614527921002
2006,-0.0003518031310218994,-0.06787080496318304
2007,-0.00035192669367256624,-0.0678854167123241
2008,-0.0003520508361078978,-0.06790009702318693
2009,-0.0003521745730254988,-0.06791472938004978
2010,0.0001409196054253936,-0.009604484337873979
2011,0.0001408995033138627,-0.00960686148832608
2012,0.00014087989998023964,-0.009609179656410715
2013,0.00014085980912503793,-0.009611555475759464
2014,0.00014084021690341508,-0.009613872329808192
2015,0.00014082013729499465,-0.009616246819182666
2016,0.00014080055617671228,-0.009618562360219535
2017,0.002463661000246198,0.26506843986314615
2018,0.0024576062914720698,0.2643524477307962
2019,0.0024515812699190676,0.2636399662242336
2020,0.0024455857177794194,0.2629309695868684
2021,0.0024396194193705423,0.2622254323134223
2022,0.0024336821611097292,0.2615233291469353
2023,0.0024277737314881698,0.2608246350756933
2024,-0.0035290455316057123,-0.44359169365520745
2025,-0.0035415435578842747,-0.44506963236690755
2026,-0.003554130910360831,-0.44655813423818513
2027,-0.0035668075674767374,-0.44805719671964933
2028,-0.003579575469129348,-0.4495670492114736
2029,-0.0035924346142920394,-0.45108769159225587
2030,-0.0036053869778084335,-0.4526193573946975
2031,0.0033701090141542434,0.37225933385224563
2032,0.0033587892798021546,0.37092073260175784
2033,0.003347545826256848,0.36959115184416946
2034,0.003336376905012539,0.3682703848120815
2035,0.0033252827542669117,0.3669584596732679
2036,0.003314261652131112,0.36565517280788196
2037,0.003303313849922107,0.3643605539351022
2038,0.0027379218825813734,0.2975008228709697
2039,0.002730446376298934,0.29661681607836715
2040,0.0027230110985740907,0.2957375664643192
2041,0.0027156164448554065,0.2948631207921088
2042,0.0027082618444533857,0.29399341157555225
2043,0.002700947212147531,0.29312842873700456
2044,0.0026936715082723772,0.292268049332106
2045,0.001122181861461513,0.1064334757529542
2046,0.001120923743130442,0.10628469851853768
2047,0.001119668917428207,0.10613631064989075
2048,0.0011184166610560542,0.10598822661420966
2049,0.001117167202643321,0.10584047344777528
2050,0.001115920296112849,0.10569302205103615
2051,0.0011146766425342847,0.10554595532812029
2052,0.002125649504014948,0.22509730649013368
2053,0.0021211407023333795,0.2245641236979036
2054,0.002116650987770363,0.22403319802938046
2055,0.0021121802393804234,0.22350451518230594
2056,0.002107728337236381,0.22297806097483902
2057,0.002103295162421137,0.22245382134458466
2058,0.002098880597014796,0.22193178234707076
2059,-0.010638651617407402,-1.284329408950963
2060,-0.010753049330337383,-1.297857369662582
2061,-0.01086993450753726,-1.3116794823992093
2062,-0.01098938844015962,-1.32580536014602
2063,-0.011111496996809467,-1.340245157189189
2064,-0.01123634941654228,-1.3550094263833625
2065,-0.011364039986408225,-1.3701093175275851
2066,-0.00876468267538344,-1.0627255186877835
2067,-0.008842181591188325,-1.0718900575701582
2068,-0.008921063252453232,-1.0812181113146595
2069,-0.009001364740731321,-1.0907140649547067
2070,-0.009083125524801838,-1.1003825858222007
2071,-0.009166384949910511,-1.1102283266407387
2072,-0.00925118487168719,-1.1202562369963016
2073,0.014465577283685915,1.6843402748332008
2074,0.014259308159493056,1.6599481734822852
2075,0.014058838844051236,1.6362419213752875
2076,0.013863928112965329,1.6131929928183246
2077,0.01367434793618627,1.5907744223986644
2078,0.013489882588058943,1.5689606997445327
2079,0.013310327828444546,1.5477276726897482
2080,-0.00298849768912679,-0.37966987399189855
2081,-0.0029974558221743663,-0.3807292069874038
2082,-0.003006467331201579,-0.3817948518936717
2083,-0.003015533433956663,-0.38286695271402066
2084,-0.003024654380367031,-0.3839455390033092
2085,-0.0030338309165308663,-0.3850306989904594
2086,-0.0030430628076177912,-0.3861224049058941
2087,-0.011357586583850887,-1.3693461783527194
2088,-0.011488063005671512,-1.3847755069902803
2089,-0.01162157261540342,-1.4005635215302412
2090,-0.01175822164204443,-1.4167227839519647
2091,-0.011898122402375977,-1.43326657613817
2092,-0.012041392099195525,-1.4502087577613871
2093,-0.012188154712459598,-1.4675639899187476
2094,0.013688066396761123,1.5923966820656392
2095,0.013503232977291502,1.570539433588044
2096,0.013323325278287612,1.5492646701202462
2097,0.013148148222709155,1.5285493230669978
2098,0.012977517893877577,1.5083716435878896
2099,0.012811259291287236,1.4887109372135634
2100,0.012649207269741725,1.469547674902123
2101,0.0009852216748769127,0.0902374174951593
2102,0.0009842519685039353,0.09012274606179355
2103,0.000983284169124854,0.09000830013764334
2104,0.0009823182711197198,0.08989407905812856
2105,0.0009813542688910104,0.08978008216132105
2106,0.0009803921568629637,0.08966630878786594
2107,0.0009794319294809117,0.08955275828090284
2108,-0.0035993850293543073,-0.451909604369038
2109,-0.003612387156988972,-0.4534471549660229
2110,-0.0036254840545273392,-0.4549959124613023
2111,-0.0036386760164045517,-0.4565559116729416
2112,-0.003651964331430113,-0.4581273050075219
2113,-0.0036653498100066573,-0.4597101882982092
2114,-0.003678834273613818,-0.4613047769418351
2115,-0.014554579673776602,-1.747402660498506
2116,-0.014769544181309047,-1.7728230237016702
2117,-0.014990953734815182,-1.7990055378821883
2118,-0.015219102597743284,-1.8259850008018794
2119,-0.015454303224087362,-1.853798361323154
2120,-0.015696887686062366,-1.882484888236989
2121,-0.01594720923838322,-1.9120863552448182
2122,0.005388576138586121,0.6109506787895501
2123,0.005359695291834221,0.6075354098110773
2124,0.005331121825376428,0.6041564897108794
2125,0.005302851677063902,0.600813438124546
2126,0.005274879772018792,0.5975056549286443
2127,0.005247201687490044,0.594232617116193
2128,0.0052198120090307665,0.5909936844084407
2129,0.011500884760366148,1.3337542102145155
2130,0.01137011807344046,1.3182905566342904
2131,0.011242292150463573,1.3031746594745617
2132,0.011117308124599878,1.2883948273593961
2133,0.010995072515591842,1.273940005896019
2134,0.010875495397641988,1.2597995610199546
2135,0.010758491725011421,1.2459634357520464
2136,0.007190915275355092,0.8240840746131812
2137,0.007139575195025616,0.8180129166167481
2138,0.007088963010557059,0.8120278350492616
2139,0.007039063106905941,0.806126983372978
2140,0.006989861276202491,0.8003086814537483
2141,0.0069413422567567995,0.7945711245392204
2142,0.006893492168272619,0.7889126712320491
2143,0.01145568540925268,1.3284092165918902
2144,0.01132593924949421,1.3130662441954901
2145,0.011199098703369659,1.2980668715623722
2146,0.011075067924536386,1.2833997645012811
2147,0.0109537543510696,1.2690539772157499
2148,0.010835069884036042,1.2550190916748813
2149,0.010718929311469338,1.241285031242494
2150,0.0022904834175268007,0.2445895380113666
2151,0.0022852493115093075,0.2439705852477879
2152,0.002280038635653625,0.24335440318915005
2153,0.0022748521036008995,0.24274107622620836
2154,0.0022696886793973636,0.24213048185352531
2155,0.0022645490756378894,0.2415227043381303
2156,0.0022594322632460972,0.2409176219878629
2157,0.0009573218763512248,0.08693816116694407
2158,0.0009564065036518077,0.08682991489525696
2159,0.0009554924484971306,0.08672182442820109
2160,0.0009545805697279697,0.08661399132693517
2161,0.0009536699993260012,0.08650631294502091
2162,0.0009527615945217338,0.08639889065319681
2163,0.0009518544889812741,0.0862916220042148
2164,0.007760974232338347,0.8914956947921268
2165,0.0077012053758585,0.8844278022483951
2166,0.007642350068427284,0.877467940322772
2167,0.007584387733759579,0.8706136757919912
2168,0.00752729758047721,0.8638625499972221
2169,0.00747106068347092,0.8572123249729675
2170,0.007415657853638402,0.8506607315355572
2171,-0.0025312771894093755,-0.32560182666555265
2172,-0.0025377010177750625,-0.32636146858079257
2173,-0.0025441571237145855,-0.3271249274407907
2174,-0.002550646574068449,-0.3278923294034576
2175,-0.0025571688026897466,-0.3286636075197877
2176,-0.002563724885735641,-0.32943888904942153
2177,-0.0025703142580865146,-0.3302181071648344
2178,0.0008589792660169682,0.07530877684792234
2179,0.0008582420538874036,0.07522159873509605
2180,0.0008575061060858147,0.07513457013381807
2181,0.0008567716261691505,0.07504771511546479
2182,0.0008560379903010951,0.07496095990904067
2183,0.0008553058160292171,0.07487437754187319
2184,0.0008545748931529928,0.07478794315695819
2185,0.01095277349546575,1.2689379873438127
2186,0.01083410994323275,1.254905575056937
2187,0.010717990060546079,1.241173961280842
2188,0.010604333125194376,1.2277336003097976
2189,0.010493061011184635,1.214575253450679
2190,0.010384100016168851,1.2016902051230554
2191,0.010277378687968852,1.189070005837559
2192,0.00032815581929557247,0.01253690363356538
2193,0.00032804797701868615,0.012524150877872942
2194,0.0003279405881335684,0.012511451737465944
2195,0.0003278330783611505,0.012498738301680083
2196,0.0003277256390559202,0.012486033198904747
2197,0.00032761807903836093,0.012473313821441548
2198,0.00032751097163363774,0.012460647967152086
2199,-0.0002455527119938905,-0.05530629246210091
2200,-0.0002456132139700973,-0.05531344704881543
2201,-0.00024567336356218217,-0.05532055996477943
2202,-0.000245733733795106,-0.05532769897235421
2203,-0.0002457941337054015,-0.055334841489390045
2204,-0.00024585475453497985,-0.05534201013096371
2205,-0.0002459150226921114,-0.05534913706769134
2206,-0.00019131432944341498,-0.048892399304519316
2207,-0.00019135093761957211,-0.048896728359323766
2208,-0.00019138755980852018,-0.048901059071193555
2209,-0.00019142419601847482,-0.04890539144110022
2210,-0.00019146084625687454,-0.048909725469923386
2211,-0.00019149751053237907,-0.0489140611586871
2212,-0.00019153418885264895,-0.04891839850829725
2213,0.012725779885057298,1.4786026752604693
2214,0.012565869586209866,1.4596926797300922
2215,0.012409927861958714,1.4412519831030286
2216,0.012257809516924123,1.4232634154783945
2217,0.012109374921244198,1.405710465098765
2218,0.011964492577176467,1.388577581860486
2219,0.011823035773316448,1.3718497816624107
2220,0.006583741600703519,0.7522834991869648
2221,0.0065406796320148786,0.7471912590917328
2222,0.006498176963553259,0.7421651583563127
2223,0.006456223454644139,0.7372039978077228
2224,0.006414807849256299,0.7323064463778483
2225,0.006373920545100775,0.7274713685598285
2226,0.006333550825077916,0.7226974970162379
2227,-0.0005524994114679549,-0.09160389653734811
2228,-0.000552805004059298,-0.09164003401303333
2229,-0.0005531105981209095,-0.09167617166258332
2230,-0.000553416698762077,-0.09171236921707508
2231,-0.0005537231383934138,-0.09174860685843199
2232,-0.0005540300861959224,-0.09178490459294524
2233,-0.0005543370369744949,-0.09182120267938924
2234,0.005449985482781861,0.618212565188579
2235,0.005420444308793737,0.6147192100256919
2236,0.005391221325949935,0.6112634821648628
2237,0.005362311915594331,0.6078448354325977
2238,0.005333710894112498,0.6044626568469539
2239,0.005305413517440183,0.6011163854044534
2240,0.005277414486956955,0.5978053945232602
2241,0.010662020975609643,1.234555406043214
2242,0.010549541381515315,1.221254270113178
2243,0.010439410548818362,1.208230884070713
2244,0.01033155504489014,1.1954765642307184
2245,0.010225905694881687,1.1829831304065894
2246,0.01012239488344635,1.1707425868287462
2247,0.010020958934374047,1.158747403545355
2248,-0.0010375462248449763,-0.14896251032953542
2249,-0.0010386238450943441,-0.14908994298550482
2250,-0.0010397037061555814,-0.14921764062592327
2251,-0.0010407856632433932,-0.14934558612938392
2252,-0.0010418701785696038,-0.1494738341541771
2253,-0.0010429568041611104,-0.14960233172579496
2254,-0.0010440456987267366,-0.14973109761215408
2255,-0.009123173754000846,-1.1051184398641927
2256,-0.009207172387475038,-1.1150515948579822
2257,-0.009292732174556617,-1.1251693621497332
2258,-0.009379896888921824,-1.135476918141641
2259,-0.009468712593423745,-1.1459797099396918
2260,-0.00955922615853444,-1.1566832801538576
2261,-0.009651486904621809,-1.1675934611035284
2262,-0.0010466576033865138,-0.15003996518227403
2263,-0.0010477544063157707,-0.1501696662624386
2264,-0.001048853183876819,-0.15029960085025476
2265,-0.001049954595251923,-0.1504298468965097
2266,-0.0010510579950974153,-0.15056032808688247
2267,-0.0010521640440259716,-0.15069112254131178
2268,-0.0010532720953834174,-0.15082215379050432
2269,0.0011246749220927832,0.10672828956878763
2270,0.001123411449408529,0.106578879161927
2271,0.0011221508123380186,0.10642980407707882
2272,0.0011208928378823035,0.1062810438564654
2273,0.0011196380071227807,0.10613265538977512
2274,0.0011183858198522412,0.10598457952562025
2275,0.0011171364303097508,0.10583683450335166
2276,-0.004951760943856853,-0.6118331532771164
2277,-0.004976403064928525,-0.6147471769684166
2278,-0.005001291342952352,-0.6176903096470591
2279,-0.005026430148903804,-0.6206630681973668
2280,-0.005051822617226143,-0.6236658232790692
2281,-0.00507747327759045,-0.6266991105428434
2282,-0.005103385413788963,-0.6297633183094985
2283,0.00917541655428189,1.058758830304415
2284,0.009091993891594763,1.048893786026993
2285,0.009010074185096473,1.0392064719834462
2286,0.008929617831529235,1.02969220493928
2287,0.0088505853229488,1.0203463129311836
2288,0.008772939833032511,1.011164441107707
2289,0.008696644532616205,1.002142234281381
2290,-0.0022402751465230297,-0.291189738326192
2291,-0.0022453052480666535,-0.2917845667918559
2292,-0.002250357988668572,-0.2923820724114883
2293,-0.002255433680986796,-0.2929822921580773
2294,-0.002260532001524873,-0.2935851877769483
2295,-0.0022656535839556957,-0.294190834202309
2296,-0.002270798426549314,-0.2947992312295864
2297,0.003310497103315102,0.36521000072204557
2298,0.003299573713168469,0.36391826866764876
2299,0.0032887224912823143,0.36263507078205115
2300,0.003277942089538799,0.36136024764523716
2301,0.00326723245011884,0.3600937924198824
2302,0.00325659224742747,0.3588355483493858
2303,0.0032460214374856466,0.35758551023306
2304,0.0029658922617175065,0.32445917940956653
2305,0.0029571217571808806,0.323422034192641
2306,0.002948402970607722,0.32239100481981714
2307,0.002939735289991141,0.3213660189189737
2308,0.0029311187327083488,0.3203470785450313
2309,0.0029225523846663215,0.31933407560304483
2310,0.002914035961917083,0.3183269765150958
2311,0.0010345587057010164,0.09607170733821689
2312,0.0010334893462176087,0.09594525154895657
2313,0.0010324225024842537,0.09581909325662168
2314,0.0010313577055811596,0.09569317700967951
2315,0.0010302951027878482,0.09556752022448861
2316,0.0010292345340394693,0.09544210397277716
2317,0.0010281764526176573,0.09531698185680683
2318,-0.003911798837387237,-0.4888537146365528
2319,-0.003927160948042685,-0.4906703421203701
2320,-0.003942644501135573,-0.49250133063012336
2321,-0.003958250320815315,-0.4943467776245872
2322,-0.003973980485137529,-0.4962069288416702
2323,-0.0039898358595754635,-0.49808188662684605
2324,-0.0040058185741967955,-0.49997190286864573
2325,0.006156473262032058,0.7017574077920784
2326,0.006118803014875329,0.6973027590890478
2327,0.006081590957787597,0.6929022930885651
2328,0.006044828936157209,0.6885550454770683
2329,0.006008508376430299,0.6842600023994991
2330,0.005972621828146618,0.6800162828108532
2331,0.0059371614083219,0.6758229545185306
2332,0.00710839218938486,0.814325408672979
2333,0.007058219596335347,0.8083923104475862
2334,0.0070087502976385885,0.8025423794300781
2335,0.006959969756208828,0.7967738965552744
2336,0.006911863249398076,0.7910851208145618
2337,0.006864417335488371,0.7854744626741303
2338,0.006817618357846111,0.7799403071855856
2339,0.0026470225509911405,0.28675163431666933
2340,0.002640034463866625,0.2859252666765429
2341,0.0026330828910305915,0.2851032169886494
2342,0.00262616811557681,0.2842855187298942
2343,0.0026192892790815048,0.2834720703884304
2344,0.002612446667664692,0.2826629057990284
2345,0.0026056394318529907,0.28185792450825925
2346,0.0014706770554222537,0.1476443458948639
2347,0.0014685174814808022,0.14738896813699146
2348,0.001466363959555128,0.14713430605279437
2349,0.0014642170250906972,0.14688042296071702
2350,0.0014620760879864303,0.14662724907908273
2351,0.0014599416823619649,0.14637484756955166
2352,0.0014578132200824268,0.14612314888295835
2353,0.0048057748464545025,0.542032229454266
2354,0.004782789974286938,0.5393141816919413
2355,0.004760023642015554,0.5366219770960029
2356,0.004737473295383987,0.5339553136160088
2357,0.004715135330070508,0.5313137650273302
2358,0.00469300730248845,0.528697042366634
2359,0.004671085726750901,0.5261047334146548
2360,0.002141410263335697,0.22696107568110405
2361,0.0021368344241685655,0.22641996545354617
2362,0.0021322780989248002,0.2258811628209731
2363,0.00212774102886093,0.22534463718599412
2364,0.0021232234933028504,0.2248104215799492
2365,0.002118724966677421,0.22427845385183365
2366,0.0021142454620313167,0.22374873554446587
2367,-0.0011404242948376275,-0.1611282298470191
2368,-0.0011417262141009132,-0.1612821867067529
2369,-0.0011430313761878752,-0.1614365270426084
2370,-0.0011443392585116507,-0.16159118905671954
2371,-0.0011456504047526739,-0.16174623704134666
2372,-0.0011469642911979827,-0.16190160906545825
2373,-0.0011482814628445137,-0.16205736957699607
2374,-0.0052690067060086054,-0.6493486603305073
2375,-0.005296916327780954,-0.6526490782946633
2376,-0.005325122923511394,-0.6559846145486395
2377,-0.00535363167024272,-0.6593558812972583
2378,-0.005382447310628091,-0.6627634393771303
2379,-0.005411574964751198,-0.6662078942574494
2380,-0.005441019310887696,-0.6696897991619438
2381,0.000517237989138053,0.03489658285601916
2382,0.0005169704531240438,0.034864945714036484
2383,0.0005167034718804864,0.03483337417575062
2384,0.0005164366272820686,0.034801818796267536
2385,0.0005161700581579609,0.03477029599265986
2386,0.0005159036251851656,0.03473878928945801
2387,0.0005156377447002036,0.03470734792002474
2388,0.0037265357291522694,0.4144081362502088
2389,0.0037127002191339464,0.4127720350453915
2390,0.0036989670633076344,0.41114803760954594
2391,0.0036853349928243073,0.4095359938964925
2392,0.0036718033048379617,0.4079358207920423
2393,0.0036583704879900036,0.4063473395723454
2394,0.0036450355973332016,0.40477043849383026
2395,-0.010953346855983814,-1.32154330697881
2396,-0.011074651353568554,-1.335888021007083
2397,-0.011198672749896388,-1.3505540185515439
2398,-0.011325503355704702,-1.3655522157048021
2399,-0.011455239711497534,-1.380894028745315
2400,-0.011587982832618082,-1.3965914031181363
2401,-0.01172383847155889,-1.4126568444540835
2402,0.00033475600468646505,0.01331740043171418
2403,0.00033464412701134094,0.013304170474970968
2404,0.0003345320314251943,0.013290914749428045
2405,0.00033442015717044526,0.013277685197157076
2406,0.00033430835771697254,0.013264464490418952
2407,0.0003341967792003242,0.013251269910293007
2408,0.0003340849828641357,0.013238049572185488
2409,-0.012774484365867811,-1.5368996812731566
2410,-0.012939783574957398,-1.5564469357501258
2411,-0.013109416438460864,-1.576506661194802
2412,-0.013283556259190754,-1.5970993513179357
2413,-0.013462384448458486,-1.6182464586908298
2414,-0.013646093560166661,-1.6399707535381902
2415,-0.01383488554664769,-1.66229611748447
2416,0.014716669768934487,1.7140329075653296
2417,0.014503230356729624,1.6887928926326385
2418,0.014295893872871002,1.6642745719784362
2419,0.0140944018005289,1.640447375013275
2420,0.013898510607596837,1.6172825031477065
2421,0.013707989814213395,1.594752701269454
2422,0.013522621999053186,1.5728322584873438
2423,0.0011430234215887847,0.10889806878850852
2424,0.0011417184107043177,0.1087437463329179
2425,0.0011404163763315545,0.10858977586105455
2426,0.001139117163320158,0.10843613902580634
2427,0.0011378211966446283,0.1082828860820096
2428,0.0011365280309605374,0.10812996436600728
2429,0.0011352378013775866,0.10797738985503072
2430,0.0008865430798092877,0.07856830171511184
2431,0.0008857578173462333,0.07847544146925174
2432,0.0008849739447565064,0.07838274558115099
2433,0.0008841916022916951,0.07829023063608845
2434,0.0008834103543369221,0.07819784512096306
2435,0.0008826306292997188,0.07810563969658008
2436,0.0008818522794675765,0.07801359689537861
2437,0.004610277825588094,0.5189139699210703
2438,0.004589120704166838,0.5164120605731721
2439,0.004568156880844887,0.5139330094540447
2440,0.004547383860095122,0.5114765214582011
2441,0.004526798627603634,0.5090422401316607
2442,0.004506399066494193,0.5066299151458308
2443,0.004486182537694061,0.5042392344204137
2444,0.003989757676809758,0.4455351236273585
2445,0.003973902629340609,0.4436602045074738
2446,0.003958173372164309,0.44180016056381405
2447,0.003942568004471125,0.43995476701846437
2448,0.003927085203994984,0.438123867508478
2449,0.003911723396159639,0.4363072758342791
2450,0.003896481574252153,0.43450487294826895
2451,0.003668945255474343,0.4075978456829895
2452,0.0036555333039027804,0.40601183186086626
2453,0.003642219050862261,0.4044373712582584
2454,0.0036290015664086628,0.4028743539057686
2455,0.0036158794006992956,0.4013226083540343
2456,0.003602851922648531,0.39978205997480154
2457,0.0035899179797529435,0.3982525724801964
2458,0.0065328715076438115,0.7462679189565338
2459,0.006490469969521628,0.7412537772649058
2460,0.006448615554849324,0.7363043349832992
2461,0.006407297228191888,0.7314182871299322
2462,0.0063665052659021,0.7265944838468732
2463,0.0063262291661714265,0.7218316832556823
2464,0.006286459709026637,0.7171287950597757
2465,0.005275002268430917,0.5975201405910592
2466,0.005247322629656326,0.5942469189831792
2467,0.005219931962544111,0.5910078693634907
2468,0.005192825641294974,0.5878024447137926
2469,0.005165999630013962,0.5846301677742957
2470,0.005139449237156368,0.5814904837521561
2471,0.005113170357662122,0.5783829072085488
2472,0.0025696228731162396,0.2775988306935367
2473,0.002563036835040444,0.2768200068687185
2474,0.0025564844711722934,0.27604516514587013
2475,0.002549965644514929,0.27527428932459685
2476,0.002543479737959098,0.27450730642940374
2477,0.002537026861542113,0.2737442294726176
2478,0.0025306066445092146,0.2729850146110908
2479,-0.00032405515759326153,-0.06458950252491304
2480,-0.00032416008395141915,-0.0646019104622259
2481,-0.0003242653172513821,-0.06461435469656407
2482,-0.0003243704993544094,-0.06462679287667165
2483,-0.00032447574971516957,-0.06463923912851341
2484,-0.0003245809488181539,-0.06465167931892998
2485,-0.0003246864554387052,-0.06466415587445787
2486,-0.003931691157113781,-0.49120605641709486
2487,-0.003947210369217635,-0.49304126173929147
2488,-0.003962852582021115,-0.4948910123578005
2489,-0.003978619142554596,-0.4967554675640409
2490,-0.00399451190517397,-0.4986348466425856
2491,-0.004010532023086322,-0.500529285964519
2492,-0.004026681156812595,-0.5024389818927009
2493,-0.0008437483696319692,-0.1260451835389009
2494,-0.0008444608821246424,-0.12612944082657343
2495,-0.0008451745990121218,-0.12621384053847107
2496,-0.0008458893999918615,-0.1262983684483644
2497,-0.0008466056581027948,-0.12638306866951315
2498,-0.0008473230065545456,-0.12646789782757303
2499,-0.0008480415716886069,-0.12655287086290173
2500,-0.00829310558237406,-1.0069597500955827
2501,-0.008362456315526678,-1.0151607356693486
2502,-0.008432976714915053,-1.0235000386838897
2503,-0.0085046966235085,-1.0319811881828043
2504,-0.008577646908206393,-1.0406078342932779
2505,-0.008651859504132275,-1.0493837534640313
2506,-0.008727367461247915,-1.058312853977607
2507,-0.014923972273324537,-1.7910847276120838
2508,-0.015150071387240671,-1.8178217999857371
2509,-0.015383126992736362,-1.8453815037072439
2510,-0.015623464597253611,-1.8738023312584373
2511,-0.015871431482696208,-1.9031253500333243
2512,-0.016127396206839006,-1.9333941433778514
2513,-0.016391752638161283,-1.9646552877241585
2514,-0.003961848862802819,-0.4947723187772836
2515,-0.003977607542722361,-0.4966358420712242
2516,-0.003993492086969308,-0.49851424929625493
2517,-0.004009504009504172,-0.5004077194839125
2518,-0.004025644848665522,-0.5023164345485305
2519,-0.004041916167664583,-0.504240579345728
2520,-0.0040583195550878415,-0.5061803417318442
2521,0.011664007546030808,1.3530440944186866
2522,0.011529527204634293,1.3371412872007604
2523,0.011398112210639688,1.321600968866208
2524,0.011269659368581042,1.3064109361622436
2525,0.011144069501321185,1.2915594610186045
2526,0.011021248090799407,1.277035366318379
2527,0.0109011041746232,1.262827895415822
2528,-0.0016145429049811977,-0.21719454241915317
2529,-0.001617153729533083,-0.217503282262444
2530,-0.0016197732917068164,-0.21781305536244994
2531,-0.0016224010736537453,-0.21812380048161603
2532,-0.0016250376767328323,-0.2184355887329061
2533,-0.001627682581818779,-0.21874835872779708
2534,-0.0016303363926314374,-0.21906218185843682
2535,0.005907019898391264,0.6722586073678135
2536,0.005872331916908058,0.6681566228206453
2537,0.005838048955693065,0.6641025334466886
2538,0.005804163823668107,0.6600954888738463
2539,0.005770670048003135,0.6561347236655694
2540,0.005737560479594839,0.652219392413447
2541,0.005704828680017648,0.6483487337493893
2542,0.002749114243122186,0.2988243616882104
2543,0.0027415774689734107,0.29793310973949894
2544,0.0027340816372105614,0.2970466993822325
2545,0.002726626816898614,0.29616513878360473
2546,0.002719212539068927,0.29528837248630624
2547,0.0027118386075690726,0.2944163772945732
2548,0.002704504294726018,0.2935490671583269
2549,0.007008946416700024,0.802565571248253
2550,0.00696016287509571,0.7967967335915009
2551,0.00691205398559025,0.7911076760881589
2552,0.006864605462046924,0.7854967093487162
2553,0.006817803927963828,0.7799622515514075
2554,0.006771636111349899,0.7745027332332683
2555,0.006726089608528163,0.7691166876127478
2556,0.008908202027883227,1.0271597054433481
2557,0.008829546768200247,1.0178584245392026
2558,0.008752268082216963,1.0087199286632644
2559,0.00867633051160932,0.9997400247350736
2560,0.008601699325301748,0.9909146056740449
2561,0.008528341220759073,0.9822397333298788
2562,0.00845622353963571,0.9737115457301228
2563,0.0022497188021952663,0.23976896860918995
2564,0.00224466892830244,0.23917180198871216
2565,0.0022396416742258562,0.23857731024675768
2566,0.002234636769820497,0.23798546143766003
2567,0.0022296544205717694,0.23739627986084297
2568,0.002224694121489401,0.23680970579930355
2569,0.0022197558437127007,0.23622573584015627
2570,0.0028188865398166563,0.3070751987396463
2571,0.0028109627547436844,0.3061381812905292
2572,0.002803083391730743,0.30520641691743466
2573,0.002795248078266921,0.3042798615695434
2574,0.0027874564459930973,0.30335847168700103
2575,0.002779708130646208,0.3024422041943274
2576,0.002772002772002624,0.3015310164937207
2577,0.009033468210089879,1.0419729036094973
2578,0.00895259533987014,1.0324093819013482
2579,0.008873157437792933,1.0230155505843566
2580,0.008795117092286198,1.0137869855991242
2581,0.008718437303200766,1.004719311538561
2582,0.008643083235073679,0.9958084089778795
2583,0.008569020368581759,0.9870501958770126
2584,0.001222588451955442,0.11830693350486614
2585,0.0012210956628297964,0.11813040556453201
2586,0.0012196062986697953,0.1179542826392938
2587,0.00121812067102689,0.11777860157128486
2588,0.0012166386583278843,0.11760334798401657
2589,0.0012151603550676349,0.11742853305186182
2590,0.001213685424982902,0.11725411701042521
2591,-0.0031149301825992293,-0.39462099286097974
2592,-0.0031246632905937988,-0.3957719695647979
2593,-0.0031344574146129345,-0.3969301616434864
2594,-0.0031443131302180127,-0.3980956371593474
2595,-0.0031542310202304913,-0.39926846503321484
2596,-0.003164211674850037,-0.4004487150584238
2597,-0.003174255691768879,-0.4016364579143329
2598,0.0008156990227299321,0.07019072495876708
2599,0.0008150343098451973,0.07011212015488692
2600,0.0008143704602632251,0.07003361743981218
2601,0.0008137079102046307,0.06995526839827468
2602,0.0008130462185276244,0.06987702086359515
2603,0.0008123858207567114,0.06979892633818782
2604,0.0008117262764797406,0.0697209327416559
2605,0.037574282891145394,4.417031808145755
2606,0.03621358346165504,4.256123972219575
2607,0.0349479913546864,4.1064629356349895
2608,0.03376787244656132,3.966909426956664
2609,0.03266484995963803,3.836472860656921
2610,0.03163160730390846,3.714288022391547
2611,0.030661728468863947,3.599596194736361
2612,-0.007841830048409548,-0.9535947173757124
2613,-0.007903809514906657,-0.9609240228856327
2614,-0.007966778284198561,-0.9683703171796564
2615,-0.008030756663765737,-0.9759360016938874
2616,-0.00809577272984452,-0.9836243965490897
2617,-0.008161848306340813,-0.9914380825043898
2618,-0.008229013163221222,-0.9993805799705392
2619,-0.0060498362754961565,-0.7416846998190169
2620,-0.006086658649126164,-0.7460390842819317
2621,-0.006123933864377817,-0.750447018973337
2622,-0.00616166750869529,-0.7549091646295654
2623,-0.006199869040319328,-0.7594266397232323
2624,-0.006238546272867795,-0.7640003682440993
2625,-0.0062777110066633,-0.7686317456247895
2626,0.012552872015281658,1.4581556679808196
2627,0.012397250911251545,1.439752885903291
2628,0.01224544110534942,1.4218008041939354
2629,0.01209730519872343,1.4042831749206734
2630,0.011952708713023563,1.3871840955117765
2631,0.011811528948052041,1.3704890562064076
2632,0.011673645348093675,1.354183800836879
2633,-0.018349429323968436,-2.196157934178822
2634,-0.01869242464895804,-2.236718424086241
2635,-0.0190484870579658,-2.2788241459278096
2636,-0.01941837777571298,-2.3225651173958237
2637,-0.01980291832480574,-2.368038486634728
2638,-0.02020299661672309,-2.4153492525233973
2639,-0.02061957379636936,-2.4646110740692615
2640,-0.001453467412108278,-0.19814675830372058
2641,-0.0014555831555259635,-0.19839695293696324
2642,-0.0014577048652916202,-0.1986478531133403
2643,-0.0014598329719462955,-0.19889950974595322
2644,-0.0014619670985441813,-0.19915187825953962
2645,-0.0014641076771212402,-0.1994050097439803
2646,-0.0014662543298693542,-0.1996588595220414
2647,0.012634119377162634,1.4677634747393453
2648,0.012476489512174505,1.4491231491076397
2649,0.012322745609326224,1.4309423531449137
2650,0.012172743981870182,1.413204095351716
2651,0.012026350298648403,1.3958924905623304
2652,0.011883434978099627,1.3789922152687537
2653,0.011743878320921164,1.362489114577303
2654,-0.006518400187003337,-0.7970941483420946
2655,-0.006561167567888382,-0.8021515523192689
2656,-0.0066045017517351035,-0.8072759828829055
2657,-0.006648410241454128,-0.8124683272804639
2658,-0.0066929083958434665,-0.8177304017476954
2659,-0.0067380042812204,-0.8230631601570197
2660,-0.006783713941316605,-0.8284684997401754
2661,0.0036669511119820086,0.40736203069922194
2662,0.0036535537091455517,0.4057777373198582
2663,0.0036402538462034784,0.40420497840062697
2664,0.003627051430868722,0.4026437430282347
2665,0.0036139425064702912,0.4010935633114243
2666,0.003600928956252636,0.3995546619509498
2667,0.003588008791499897,0.3980268037736655
2668,0.0069320307574745055,0.7934700046546451
2669,0.006884308519076177,0.7878266701019846
2670,0.006837238857363648,0.7822605052019396
2671,0.006790807542025101,0.7767698271665046
2672,0.006745004450671832,0.7713534389850646
2673,0.006699814174248031,0.7660095184786944
2674,0.006655225400774789,0.7607367279632538
2675,0.0009370237769883438,0.08453783441504774
2676,0.0009361474955218441,0.08443421082898546
2677,0.0009352710337431347,0.0843305659203248
2678,0.0009343980276255159,0.08422732965661227
2679,0.000933524835418531,0.08412407138713084
2680,0.0009326550863266725,0.08402122027898998
2681,0.0009317851454238024,0.08391834648847409
2682,0.003542660874287451,0.3926642416499
2683,0.0035301538313692316,0.39118523668657734
2684,0.003517736581960973,0.3897168501442335
2685,0.0035054054888385977,0.38825865190741293
2686,0.0034931605446917313,0.3868106411116362
2687,0.0034809999605600606,0.3853726062056039
2688,0.003468925520267563,0.3839447581332244
2689,0.0023214439636138895,0.24825073927447888
2690,0.0023160682241736286,0.2476150378248506
2691,0.002310715568158539,0.24698206607724876
2692,0.0023053893481777,0.24635222049033279
2693,0.002300085877645408,0.2457250651114487
2694,0.00229480849606456,0.24510099484940043
2695,0.0022895535361326935,0.24447957603185003
2696,0.004717624923959329,0.5316081688878032
2697,0.004695474306378067,0.5289887748745608
2698,0.004673529006054222,0.5263936604008356
2699,0.004651789593372868,0.5238228929168123
2700,0.004630249788682539,0.5212757298300374
2701,0.004608910235977204,0.518752247295225
2702,0.004587764790862758,0.5162517187146143
2703,0.0021632278960208584,0.22954109297538375
2704,0.0021585576027443043,0.22898881319339517
2705,0.00215390910530866,0.22843911085174132
2706,0.0021492789162498305,0.2278915735446489
2707,0.002144670257514081,0.22734658227940707
2708,0.0021400796582837778,0.22680372661874942
2709,0.0021355103283235977,0.22626338612944635
2710,-0.013152754620038176,-1.5816315645051482
2711,-0.013328054420689517,-1.6023614266258834
2712,-0.01350809184365287,-1.623651530440809
2713,-0.013693058078705578,-1.6455244848616777
2714,-0.013883161883440631,-1.6680049762606548
2715,-0.014078616723785187,-1.6911182477881657
2716,-0.014279655406238989,-1.714891829690238
2717,-0.0025295993063161326,-0.3254034106659428
2718,-0.0025360134915434207,-0.3261619122437227
2719,-0.002542462124850209,-0.3269244874367361
2720,-0.002548941795440629,-0.3276907329055164
2721,-0.002555456424849778,-0.32846111238636905
2722,-0.002562002588753831,-0.32923522094009555
2723,-0.002568584232641502,-0.33001352513560667
2724,0.0010752118565322544,0.10087909564313094
2725,0.0010740570176923647,0.1007425315978004
2726,0.0010729046569160072,0.10060626059282222
2727,0.0010717538400286664,0.10047017215853907
2728,0.0010706073387101167,0.10033459405653057
2729,0.0010694623644540435,0.10019919653541533
2730,0.0010683198365957214,0.10006408831005445
2731,-0.00479572074149226,-0.5933808112419806
2732,-0.004818830506903904,-0.5961136281011323
2733,-0.004842164074867261,-0.5988729104555216
2734,-0.004865724712267316,-0.6016590446266106
2735,-0.004889515749882389,-0.604472424491489
2736,-0.0049135405839553226,-0.6073134516686733
2737,-0.004937802677808301,-0.6101825357090648
2738,-0.009815549193625372,-1.1869944451184526
2739,-0.009912850216867608,-1.1985006578381678
2740,-0.010012097677754572,-1.2102370441453711
2741,-0.010113353561461591,-1.2222109340206626
2742,-0.010216678840092364,-1.2344295376451049
2743,-0.010322136696333528,-1.2469003266095242
2744,-0.01042979446046921,-1.2596312629737823
2745,-0.004230527103186832,-0.5265445333337624
2746,-0.004248500602603622,-0.5286699673807653
2747,-0.004266627268218803,-0.5308135139080015
2748,-0.004284909379418833,-0.5329754424615105
2749,-0.004303348839223009,-0.5351559780804965
2750,-0.004321947792472192,-0.5373553744004753
2751,-0.004340708001151716,-0.5395738397828533
2752,0.005913410770855387,0.6730143521234849
2753,0.00587864791098025,0.6689035129242589
2754,0.00584429137967013,0.6648407236092725
2755,0.00581033409421039,0.6608251466208255
2756,0.005776769135547699,0.6568559637547842
2757,0.005743589743589794,0.65293237560476
2758,0.005710789312665776,0.6490536010252728
2759,-0.013920676738998217,-1.6724412493214256
2760,-0.014117197787254399,-1.6956806039529555
2761,-0.014319346734458116,-1.7195854788462221
2762,-0.014527369170753812,-1.7441849159614191
2763,-0.014741524742832524,-1.7695096194983533
2764,-0.01496208885324568,-1.7955921568467061
2765,-0.015189353196408573,-1.8224670219704628
2766,0.004943264801707592,0.5582909348537739
2767,0.0049189491335941415,0.5554155154551635
2768,0.004894871509622867,0.5525682456735387
2769,0.004871028451234327,0.5497487141561348
2770,0.004847416547317351,0.5469565175261998
2771,0.0048240324525821165,0.5441912601906038
2772,0.0048008728859791905,0.5414525541528855
2773,-0.0020476862851559474,-0.26841537961445844
2774,-0.002051887907883465,-0.2689122373376342
2775,-0.0020561068085812595,-0.2694111382459147
2776,-0.0020603429847844135,-0.2699120820478143
2777,-0.002064596871725999,-0.27041512021128405
2778,-0.00206886825064434,-0.2709202268669313
2779,-0.002073157340043874,-0.27142742785372925
2780,0.0036040857111381275,0.3999279601137661
2781,0.0035911428144652646,0.39839741380125193
2782,0.003578292763890989,0.39687784688982675
2783,0.0035655342385259026,0.3953691031793408
2784,0.003552866371832275,0.39387108019844164
2785,0.0035402880927180025,0.39238365128645103
2786,0.0035277987769331,0.3909067426234555
2787,-0.00950231796690304,-1.1499536720101173
2788,-0.00959347835610902,-1.1607337316113893
2789,-0.00968640456011649,-1.1717226054681802
2790,-0.00978114883432779,-1.182926472978764
2791,-0.009877764609513173,-1.1943516525331004
2792,-0.009976308346737461,-1.2060048208649028
2793,-0.010076837875728217,-1.2178928165574119
2794,-0.0001315594566594358,-0.04182616038552775
2795,-0.00013157676682729047,-0.04182820737811748
2796,-0.00013159408155116736,-0.04183025490947401
2797,-0.00013161151599250243,-0.04183231659787117
2798,-0.00013162872468841513,-0.04183435159102132
2799,-0.00013164605309068378,-0.04183640073989922
2800,-0.000131663386055636,-0.041838450428331654
2801,-0.0027652955409610547,-0.3532753787367082
2802,-0.002772963604852574,-0.3541821561923218
2803,-0.0027806743135211365,-0.3550939765535461
2804,-0.0027884280237016057,-0.35601088200562336
2805,-0.0027962250961202084,-0.35693291520578935
2806,-0.002804065895548602,-0.3578601192896675
2807,-0.002811950790861051,-0.35879253787802967
2808,-0.010692045588062471,-1.2906434472193784
2809,-0.010807600950118679,-1.304308304303279
2810,-0.010925681354304384,-1.3182717571357145
2811,-0.011046370478271395,-1.3325437009143872
2812,-0.011169755738308584,-1.3471344729449226
2813,-0.011295928500496433,-1.3620548776106904
2814,-0.011424984306340424,-1.3773162130548038
2815,0.001360717043434212,0.13464116004503976
2816,0.0013588678817471056,0.13442248970616755
2817,0.0013570239922573446,0.13420444282450197
2818,0.0013551849737338806,0.13398697195295942
2819,0.0013533509328853555,0.13377008971023888
2820,0.0013515217233874832,0.1335537787929421
2821,0.0013496977037628088,0.13333808159771132
2822,0.02363280198767148,2.7683991467619053
2823,0.02308718706725843,2.7038781260353937
2824,0.022566197054465498,2.6422690934446598
2825,0.022068201549536814,2.5833792480737
2826,0.021591711427429994,2.527032495273835
2827,0.02113536277351047,2.47306754699902
2828,0.020697905041800135,2.421336521474118
2829,-0.010840735211571695,-1.308226555601006
2830,-0.01095954484320083,-1.3222762423270389
2831,-0.011080987311419488,-1.336637271902775
2832,-0.011205151564060656,-1.351320162744704
2833,-0.011332129683130132,-1.3663358038970628
2834,-0.011462018880350477,-1.3816956910124287
2835,-0.011594919957690686,-1.3974117443035516
2836,-0.0009344702721644227,-0.1367733904384001
2837,-0.0009353443236290726,-0.1368767503183389
2838,-0.000936220011702682,-0.13698030373345546
2839,-0.0009370973409862371,-0.13708405122783368
2840,-0.0009379763160981547,-0.1371879933476188
2841,-0.0009388569416735049,-0.13729213064092533
2842,-0.0009397392223657874,-0.1373964636580471
2843,0.004787100058789129,0.5398238654287577
2844,0.004764292794892544,0.5371268205138705
2845,0.00474170205497404,0.5344553803754564
2846,0.0047193244246519495,0.5318091412500147
2847,0.004697157016815723,0.5291877617258414
2848,0.004675196768142653,0.526590879553481
2849,0.004653441130040292,0.5240181933522711
2850,0.007654802502844005,0.8789404876249766
2851,0.007596651747797445,0.8720639416742518
2852,0.007539377608806852,0.8652910588760548
2853,0.007482960742140055,0.8586195517611511
2854,0.00742738193470549,0.8520471483090506
2855,0.007372622759992398,0.8455716695154072
2856,0.007318664895042737,0.8391909486213748
2857,-0.005630370046431299,-0.6920812372907623
2858,-0.005662250612676223,-0.6958512344050356
2859,-0.005694494266324623,-0.6996641679732232
2860,-0.0057271073555329455,-0.7035207886887505
2861,-0.0057600959334871416,-0.7074218123636703
2862,-0.005793466858378893,-0.7113680500049971
2863,-0.005827226703160049,-0.7153602788890603
2864,-0.014260020571043142,-1.7125699364258935
2865,-0.014466310455728881,-1.7369644927833372
2866,-0.01467865645711064,-1.7620752077652007
2867,-0.014897329117646851,-1.7879340740368512
2868,-0.015122615820072016,-1.8145750756897705
2869,-0.01535482087718365,-1.8420341988592002
2870,-0.015594268070111217,-1.8703497318840094
2871,-0.006778935314685208,-0.8279034091306753
2872,-0.006825203049542927,-0.8333747431577281
2873,-0.006872106445685255,-0.8389212465274526
2874,-0.006919659079447249,-0.8445445246926374
2875,-0.006967874394767315,-0.8502461674496687
2876,-0.007016766470547164,-0.8560278396817362
2877,-0.007066349263874727,-0.861891191867091
2878,0.007528653775563665,0.8640229251776077
2879,0.007472396818142268,0.8573703279336604
2880,0.007416974114254238,0.8508163843142816
2881,0.00736236775236665,0.844358976213196
2882,0.007308559322692476,0.8379959266037019
2883,0.0072555319641782745,0.8317252416026817
2884,0.0072032682944809245,0.8255448656825484
2885,-0.015655577334993787,-1.8775997835270637
2886,-0.015904572474820244,-1.907044397258267
2887,-0.016161616197456707,-1.9374407862413463
2888,-0.016427104759820343,-1.9688358093502234
2889,-0.01670146141614548,-2.001279517993326
2890,-0.016985137908723247,-2.0348253323991674
2891,-0.017278617749174274,-2.069530429639212
2892,0.005894105874125977,0.6707314753263135
2893,0.005859568954332373,0.6666473543932825
2894,0.005825434419661102,0.6626108170175311
2895,0.005791695416067277,0.658621052682419
2896,0.0057583447000335575,0.6546772048147202
2897,0.005725376011422645,0.6507785331296053
2898,0.00569278268997131,0.6469242500258452
2899,0.009383095097380778,1.083317600752978
2900,0.009295871055256422,1.073003029029948
2901,0.00921025372424955,1.0628784569521519
2902,0.009126198984222622,1.052938667147039
2903,0.009043664830077791,1.0431786923534754
2904,0.008962609989331405,1.0335936519447149
2905,0.008882995168102648,1.0241788992712555
2906,0.0020346429291655532,0.21433543601624444
2907,0.0020305115631709114,0.21384688641652438
2908,0.0020263969407512405,0.21336031680765008
2909,0.0020222990856000322,0.21287572999146626
2910,0.0020182175208778297,0.21239306957990994
2911,0.002014152522966217,0.21191236825614515
2912,0.0020101038671906934,0.2114335994515653
2913,-0.012036428855474068,-1.4496218354851775
2914,-0.012183069504809962,-1.4669626449483566
2915,-0.012333327288390206,-1.4847311941686772
2916,-0.012487337582419267,-1.5029434918925417
2917,-0.012645243131134909,-1.52161641816406
2918,-0.01280719320301471,-1.5407676245432884
2919,-0.012973345343315734,-1.5604157413506532
2920,0.012445960917356391,1.4455130277100805
2921,0.012292963044048255,1.427420452552214
2922,0.01214368135200461,1.4097673298349227
2923,0.01199798168554822,1.3925377951437492
2924,0.011855736772878434,1.375716798108587
2925,0.01171682505000371,1.3592899633292699
2926,0.011581131090884211,1.3432436412415534
2927,0.0027283913369116064,0.2963737999255039
2928,0.002720967472830793,0.2954959000178798
2929,0.0027135838993062045,0.2946227646203818
2930,0.002706240165414542,0.2937543404096303
2931,0.002698936319358358,0.29289063308575886
2932,0.0026916716689311393,0.2920315607927383
2933,0.002684446021627984,0.2911771007661386
2934,-0.003902148824105889,-0.48771256419575176
2935,-0.003917435239418787,-0.4895202404200217
2936,-0.003932841892841044,-0.49134213525389286
2937,-0.003948370084665864,-0.4931784024619377
2938,-0.003964021633036663,-0.49502925704646744
2939,-0.003979797636964544,-0.4968948289696871
2940,-0.003995699713241541,-0.49877530942334836
2941,-0.011171676866893354,-1.3473616536406823
2942,-0.011297893152541594,-1.3622872051196784
2943,-0.011426994239869703,-1.3775538952699518
2944,-0.011559079777910042,-1.3931735079651497
2945,-0.011694254599772025,-1.40915844011557
2946,-0.01183262823511877,-1.4255216440166862
2947,-0.011974315998072749,-1.4422767559980925
2948,0.012782982103825002,1.485367053221247
2949,0.012621639771888127,1.4662877143808022
2950,0.01246431975285378,1.4476840292009212
2951,0.012310872962604691,1.429538367922848
2952,0.012161158615379142,1.4118340820996467
2953,0.012015041658038683,1.3945552011886895
2954,0.011872394472278724,1.3776866338444729
2955,-0.006108374420062734,-0.74860705604053
2956,-0.006145915849835815,-0.7530464716024396
2957,-0.006183921839244211,-0.7575408230921209
2958,-0.00622240067869384,-0.7620910908813194
2959,-0.006261361377981722,-0.7666983404124903
2960,-0.00630081291609208,-0.7713636334843589
2961,-0.006340765019567374,-0.77608812029723
2962,0.00024327259627976439,0.0024991425925184204
2963,0.00024321342911748367,0.0024921458525814827
2964,0.00024315429072863104,0.002485152515210862
2965,0.00024309505019481925,0.002478147098813842
2966,0.0002430361002192516,0.0024711760420242867
2967,0.00024297704802522802,0.0024641928975170637
2968,0.00024291802452047762,0.002457213145624522
2969,0.005996749444226568,0.682869464347746
2970,0.005961002803974713,0.678642289411168
2971,0.005925679810011797,0.6744652122449526
2972,0.0058907728470660725,0.6703373323145144
2973,0.005856274989830101,0.6662578306761477
2974,0.005822178710263248,0.6622258171106749
2975,0.005788477161767114,0.6582404819820304
2976,-0.00537865750502009,-0.6623152805804498
2977,-0.005407743907372753,-0.6657548572834385
2978,-0.005437146603792686,-0.6692318369519741
2979,-0.005466870654136757,-0.6727468179332013
2980,-0.005496921741855454,-0.676300472316561
2981,-0.005527304904358266,-0.6798933957947108
2982,-0.005558025807663292,-0.6835262583956458
2983,-0.01851851851851849,-2.2161533687207036
2984,-0.018867924528301883,-2.2574719462664485
2985,-0.019230769230769273,-2.3003796998716477
2986,-0.019607843137254943,-2.344970110480966
2987,-0.020000000000000018,-2.391344137514655
2988,-0.020408163265306145,-2.4396109819782934
2989,-0.02083333333333337,-2.4898889449612516
2990,0.005394066526820396,0.6115999378911745
2991,0.005365126676602161,0.6081776915304274
2992,0.00533649570115613,0.6047919707756226
2993,0.005308168681805059,0.6014421939746379
2994,0.005280140803754829,0.5981277917599221
2995,0.005252407353370181,0.5948482067263403
2996,0.005224963715529718,0.5916028931183933
2997,0.013221401819231815,1.537211836943913
2998,0.013048877225756872,1.5168101535313647
2999,0.012880797424099422,1.4969340835033704
3000,0.012716992282007178,1.47756350807988
3001,0.012557301316951541,1.4586794495970377
3002,0.012401570917011995,1.4402637428662892
3003,0.012249656073932691,1.4222992401148535
3004,0.009496120391172092,1.0966832677288896
3005,0.009406792358441551,1.0861198911868728
3006,0.009319129244675484,1.0757533975873774
3007,0.009233084804366909,1.0655783182249072
3008,0.009148614994769932,1.055589444878766
3009,0.009065676609799844,1.0457816682665952
3010,0.00898422849963354,1.0361501222667222
3011,0.0032218091697644446,0.3547223183205425
3012,0.0032114624505930056,0.35349877978239835
3013,0.0032011819748831716,0.3522830747832564
3014,0.0031909671084928704,0.35107512833342647
3015,0.0031808172253486866,0.34987486639736765
3016,0.003170731707317076,0.3486822158784586
3017,0.003160709944079576,0.3474971046042408
3018,-0.008326985700436218,-1.0109662017484267
3019,-0.008396906499603674,-1.0192345997769894
3020,-0.008468011724491964,-1.0276430606110654
3021,-0.008540331350499253,-1.0361951289544629
3022,-0.008613896884108296,-1.044894530567514
3023,-0.008688740674977269,-1.0537450909192212
3024,-0.00876489671603331,-1.0627508298013362
3025,-0.0017096530691030898,-0.22844167779068017
3026,-0.0017125811173499539,-0.22878793053149804
3027,-0.0017155189538128335,-0.2291353407657509
3028,-0.0017184670165512062,-0.229483960295623
3029,-0.001721425229028739,-0.22983378007040453
3030,-0.001724393773545052,-0.23018482164771256
3031,-0.0017273723138143682,-0.2305370452604866
3032,-0.010121683511331026,-1.2231959819877705
3033,-0.010225179410932927,-1.2354347621851083
3034,-0.010330813968798758,-1.2479264467826214
3035,-0.010438653758866323,-1.2606789083993688
3036,-0.010548768702938638,-1.2737004155520872
3037,-0.010661231431661977,-1.2869995570884394
3038,-0.01077611825954694,-1.3005853574869277
3039,-0.002603228062798002,-0.33411028862198844
3040,-0.002610022406196344,-0.3349137453362872
3041,-0.002616852590631269,-0.3357214403882445
3042,-0.002623718333842895,-0.33653334039956545
3043,-0.0026306204823089985,-0.3373495454694374
3044,-0.00263755875674887,-0.33817002257186396
3045,-0.002644534012613664,-0.3389948728671682
3046,0.0030798727869787434,0.33793780610700286
3047,0.003070416153048816,0.3368195235033417
3048,0.003061017697203683,0.33570812067747696
3049,0.0030516763200802988,0.33460346762558507
3050,0.003042392065725652,0.33350556955638844
3051,0.0030331638510530112,0.33241429839079895
3052,0.0030239917292640417,0.3313296604201141
3053,0.002236198462613581,0.23817013749636226
3054,0.0022312090363967307,0.23758011904139203
3055,0.002226241825518338,0.23699272763392265
3056,0.0022212966819379343,0.23640794576761065
3057,0.0022163734589277784,0.2358257560913477
3058,0.002211472011057536,0.23524614140744862
3059,0.002206592194180068,0.234669084669971
3060,-0.0018282254025044908,-0.24246330310692152
3061,-0.0018315740703549466,-0.24285929570115244
3062,-0.0018349347514058367,-0.2432567089016117
3063,-0.0018383079265039681,-0.24365559957024652
3064,-0.001841693526311583,-0.24405595950760567
3065,-0.0018450917584809101,-0.24445781326934787
3066,-0.0018485022759177072,-0.24486111981027078
3067,-0.003126368971285043,-0.39597367273513867
3068,-0.0031361739475959105,-0.39713314813822614
3069,-0.003146040337510758,-0.39829988593144816
3070,-0.003155969284453053,-0.3994740213289392
3071,-0.0031659608188412403,-0.40065555792779517
3072,-0.0031760161025392586,-0.40184463312280566
3073,-0.003186135177562277,-0.40304125188242285
3074,0.0032777540259369964,0.3613380084155243
3075,0.0032670454545453698,0.3600716794885452
3076,0.003256406626079622,0.35881359792540785
3077,0.0032458368614169952,0.35756368341728656
3078,0.0032353354902234788,0.3563218566946582
3079,0.0032249018508132554,0.355088039510681
3080,0.0032145352900070367,0.35386215462444237
3081,-0.005214345360824657,-0.6428847502473986
3082,-0.0052416774164587565,-0.6461168688388969
3083,-0.005269297232719405,-0.649383016209036
3084,-0.00529720994721794,-0.6526837998997198
3085,-0.005325419671747933,-0.6560197061460353
3086,-0.005353931747479113,-0.6593913665614336
3087,-0.005382750483135856,-0.6627992906688113
3088,0.0030570932620013203,0.3352440414238528
3089,0.003047775926751317,0.3341422314141005
3090,0.0030385152132312854,0.33304711713732094
3091,0.00302931075014512,0.33195865468635044
3092,0.0030201615988680874,0.3308767330652765
3093,0.0030110676878658538,0.3298013438148946
3094,0.0030020283772209666,0.32873241126255415
3095,0.006511891279728177,0.7437869279323756
3096,0.006469760900140731,0.7388048517594593
3097,0.006428172163219559,0.7338868268732466
3098,0.006387114690363793,0.7290316259650683
3099,0.00634657836644581,0.7242380528829598
3100,0.006306553331505427,0.7195049416494679
3101,0.006267029972751859,0.7148311555158522
3102,0.003017291362036323,0.3305373167421817
3103,0.0030082148367853723,0.3294639834224148
3104,0.0029991924864651853,0.32839705649239254
3105,0.0029902242284265412,0.32733652617853304
3106,0.002981309444692659,0.32628231940275293
3107,0.00297244779179362,0.32523439554843964
3108,0.0029636383980029546,0.32419265153065285
3109,0.0031253552108194693,0.34331627414650934
3110,0.0031156176663202917,0.3421647728093004
3111,0.0031059408742397654,0.34102045567456896
3112,0.0030963237439960434,0.3398831937769013
3113,0.0030867662477302993,0.3387529838218861
3114,0.0030772673119028315,0.3376296988594077
3115,0.0030678269189572394,0.3365133368133554
3116,0.006506144673673386,0.7431073701078066
3117,0.0064640883794928605,0.7381340548134819
3118,0.006422572304493057,0.7332246224733291
3119,0.0063815862335758755,0.7283778651134978
3120,0.0063411197040987854,0.7235925454870756
3121,0.006301163273506383,0.7188675469762977
3122,0.006261707233854885,0.7142017215802233
3123,0.0039712087366592375,0.4433416415447928
3124,0.003955500618046948,0.44148409731599714
3125,0.003939916276779254,0.4396411902247089
3126,0.003924454255580079,0.4378127479425394
3127,0.003909113119960894,0.4359986008358138
3128,0.0038938914577755224,0.4341985819129244
3129,0.003878787878787815,0.4324125267732067
3130,0.0006382170973195933,0.049202818360991885
3131,0.0006378101567166006,0.04915469610095494
3132,0.0006374034936273976,0.04910660665796956
3133,0.0006369974692150837,0.04905859274093346
3134,0.0006365919617465909,0.049010639954452526
3135,0.0006361870905948752,0.04896276241482872
3136,0.0006357824936202849,0.04891491729768335
3137,-0.0033314444043754943,-0.42022461561424923
3138,-0.0033425799032837933,-0.4215414303291374
3139,-0.0033537903360694177,-0.4228671062574402
3140,-0.003365076095759534,-0.4242016898761014
3141,-0.003376438066786891,-0.425545285772627
3142,-0.003387876901492559,-0.4268979710888072
3143,-0.0033993937513046024,-0.4282598819853502
3144,-0.002496703261538502,-0.32151332938790345
3145,-0.0025029525143213105,-0.3222523270825038
3146,-0.002509232881686474,-0.3229950041937365
3147,-0.002515544969840411,-0.32374143240779524
3148,-0.0025218888947639018,-0.3244916254398445
3149,-0.0025282650225658676,-0.32524562658364403
3150,-0.0025346732235880243,-0.326003420506613
3151,0.010236037329324876,1.1841812343649776
3152,0.01013232237400552,1.1719165500034439
3153,0.010030688330207704,1.1598979412721544
3154,0.009931072833827104,1.1481180333807266
3155,0.00983341645876945,1.13656979896954
3156,0.009737661854084534,1.1252464560725801
3157,0.009643754354345502,1.1141415402970913
3158,0.0032729398012858457,0.3607687082060216
3159,0.003262262612140354,0.3595060903479256
3160,0.003251654860062736,0.3582516836848095
3161,0.003241115869892397,0.35700540837638833
3162,0.0032306449751933197,0.3557671856140914
3163,0.003220241518113953,0.3545369376044933
3164,0.003209904849249101,0.353314587552982
3165,0.005321840818192092,0.6030589756318104
3166,0.005293668642062155,0.599727509625319
3167,0.005265793390383688,0.5964311560543032
3168,0.005238209946003325,0.5931693097960911
3169,0.005210914195911576,0.5899414844718089
3170,0.005183901219565579,0.5867470982087182
3171,0.005157167086129011,0.5835856861706084
3172,-0.0011646390878042867,-0.16399172037932938
3173,-0.0011659969432521455,-0.16415229190370886
3174,-0.0011673581896298746,-0.16431326441832567
3175,-0.0011687223968656069,-0.16447458706556067
3176,-0.0011700900178306384,-0.1646363133991514
3177,-0.0011714606215259549,-0.16479839245184008
3178,-0.0011728346619617191,-0.16496087791203953
3179,0.0012059472398089355,0.11633904744887964
3180,0.0012044946827709513,0.11616727710454364
3181,0.001203045620717491,0.11599592005529995
3182,0.0012015999303767178,0.11582496172378925
3183,0.0012001579313636324,0.11565443990569005
3184,0.0011987192789135737,0.11548431383128172
3185,0.0011972840714149502,0.11531459513536439
3186,-0.012587918713514723,-1.5148375897284165
3187,-0.012748394578338873,-1.5338144655671224
3188,-0.012913014673038292,-1.5532814122079157
3189,-0.013081941981801126,-1.5732577031453217
3190,-0.013255347670981465,-1.5937635794458263
3191,-0.013433412337912398,-1.614820397424727
3192,-0.013616325941266383,-1.6364506204109845
3193,0.008455127430849085,0.9735819267349406
3194,0.00838423763324947,0.965198940989682
3195,0.008314526665874844,0.956955356361464
3196,0.008245965366945551,0.9488477243599334
3197,0.008178525528683256,0.9408727093089886
3198,0.00811217985861612,0.9330270837709711
3199,0.008046901942752038,0.925307724191762
3200,0.0006353551146083269,0.048864378118755214
3201,0.0006349515808359296,0.0488166587292763
3202,0.000634548787046052,0.048769026845519294
3203,0.0006341462764021255,0.048721428444838163
3204,0.0006337445035060618,0.048673917285622335
3205,0.0006333430121043815,0.048626439414178275
3206,0.0006329422562263431,0.04857904852117702
3207,-0.0041196314713897175,-0.5134307069152243
3208,-0.004136673153834147,-0.5154459500932872
3209,-0.004153856185197591,-0.5174779083137584
3210,-0.004171182678164853,-0.5195268314095787
3211,-0.004188654320511298,-0.5215929189665461
3212,-0.004206273059771948,-0.5236764012880171
3213,-0.004224040411235919,-0.5257774575626407
3214,-0.008400414192190953,-1.0196493976457035
3215,-0.008471578964353133,-1.028064900169347
3216,-0.008543959794419909,-1.036624206123453
3217,-0.008617588000922716,-1.0453310190424017
3218,-0.008692496474163036,-1.0541892283283045
3219,-0.008768718529059805,-1.0632027735958876
3220,-0.008846289148630837,-1.072375791718856
3221,-0.005926504285181933,-0.7271002271339924
3222,-0.005961837013582438,-0.731278455434141
3223,-0.005997593815331714,-0.7355068320060872
3224,-0.0060337819888712785,-0.7397862199180476
3225,-0.00607040951647686,-0.7441175631042118
3226,-0.006107484320191592,-0.748501798376038
3227,-0.006145015031142953,-0.7529399463968808
3228,-0.0023695366074899527,-0.30647539326369305
3229,-0.002375164776961869,-0.3071409455159572
3230,-0.0023808194856526077,-0.30780963613087176
3231,-0.0023865013144848124,-0.3084815338047287
3232,-0.002392210327575972,-0.30915664611966276
3233,-0.0023979468516234226,-0.3098350117088653
3234,-0.0024037106909692296,-0.3105166074350481
3235,-0.000658848333113693,-0.10418005734422676
3236,-0.0006592827004219259,-0.10423142291552787
3237,-0.0006597176408498218,-0.10428285626038915
3238,-0.0006601531555320284,-0.104334357512987
3239,-0.0006605892456070794,-0.10438592680795733
3240,-0.0006610259122157292,-0.10443756428019862
3241,-0.0006614631565021734,-0.10448927006501635
3242,-0.0027799841143766324,-0.35501235790339214
3243,-0.00278773397052956,-0.35592880760218704
3244,-0.0027955271565496265,-0.35685038122107854
3245,-0.0028033640368441137,-0.35777712185260124
3246,-0.0028112449799198025,-0.35870907307407085
3247,-0.002819170358437262,-0.35964627895400414
3248,-0.0028271405492731327,-0.36058878405948436
3249,-0.005477444174429524,-0.6739971765587414
3250,-0.005507611674905877,-0.6775645971894461
3251,-0.005538113589720672,-0.6811715635760578
3252,-0.005568954958353189,-0.6848186716559947
3253,-0.005600142034365985,-0.6885066609365986
3254,-0.005631680104813297,-0.6922361566319597
3255,-0.005663575690158629,-0.6960079298114622
3256,0.0004011151200336016,0.02116461592476608
3257,0.0004009542912051245,0.021145597309645114
3258,0.00040079359129463477,0.02112659393956204
3259,0.00040063287992619934,0.021107589214533703
3260,0.0004004725776656226,0.021088632868051557
3261,0.00040031226358161476,0.02106967512340412
3262,0.0004001520777978662,0.021050732550745903
3263,0.004259914741705062,0.4774822147558923
3264,0.004241844983724263,0.47534539777090307
3265,0.004223927598226762,0.47322659940634587
3266,0.004206161216595783,0.4711256578181288
3267,0.004188543389605837,0.46904228337610676
3268,0.004171072807820586,0.4669763212344978
3269,0.004153747089208792,0.4649274897091301
3270,-0.0037093140293638083,-0.4649091229355175
3271,-0.003723124402888023,-0.4665422516551686
3272,-0.003737037722778558,-0.4681875541706354
3273,-0.0037510555589024275,-0.469845216124609
3274,-0.0037651789543493575,-0.4715153608663808
3275,-0.003779409244487386,-0.47319814630825424
3276,-0.0037937472293247954,-0.4748936670542238
3277,0.004306649406838892,0.48300876504792545
3278,0.0042881817116140475,0.4808248904840279
3279,0.004269871725768537,0.47865966564863305
3280,0.004251717299908364,0.4765128363678
3281,0.004233716870434501,0.4743842177400505
3282,0.004215868078626617,0.4722735308378158
3283,0.0041981691513128805,0.4701805659768437
3284,-0.00218708264462808,-0.2848995244979835
3285,-0.002191876459592068,-0.28546641118505645
3286,-0.002196691335619727,-0.28603578842228633
3287,-0.0022015275481879204,-0.2866076887858504
3288,-0.0022063848287926513,-0.2871820805241391
3289,-0.0022112637275335523,-0.2877590286885074
3290,-0.0022161642511564494,-0.2883385340766744
3291,0.00112037107870111,0.10621934386681237
3292,0.001119117252098123,0.10607107414541703
3293,0.0011178662287161245,0.10592313591546876
3294,0.001116618136292935,0.10577554428244625
3295,0.0011153725539421178,0.10562824947494205
3296,0.0011141298840477987,0.10548129907639563
3297,0.001112889980063425,0.1053346757571248
3298,0.009283276450511968,1.0715136695506582
3299,0.009197889895847355,1.0614163876451155
3300,0.009114059777509897,1.0515031602013674
3301,0.009031743923495705,1.0417690002210107
3302,0.008950901671712641,1.0322090992583974
3303,0.008871493803000563,1.0228188195000258
3304,0.008793482477693182,1.0135936862627426
3305,-0.010493160235867216,-1.267124504736143
3306,-0.010604434263808082,-1.2802830779248306
3307,-0.010718093582638422,-1.2937237207512067
3308,-0.010834215588271467,-1.3074555855737118
3309,-0.010952881601206998,-1.3214882888479362
3310,-0.011074175736883851,-1.335831777541548
3311,-0.01119818642124737,-1.350496508355856
3312,0.00901257014388479,1.0395016285172736
3313,0.0089320692432997,1.0299820936203514
3314,0.008852993690644295,1.0206311114881594
3315,0.00877530609703503,1.0114442607443022
3316,0.008698969839258108,1.0024172105557179
3317,0.008623950355222565,0.9935458738248872
3318,0.008550213736433276,0.9848262407444632
3319,0.004369004294638268,0.49038246554177767
3320,0.00434999900018429,0.488135017842858
3321,0.0043311585942040765,0.485907068827415
3322,0.004312480428520615,0.4836983053385363
3323,0.0042939629258986756,0.4815085408622113
3324,0.004275603515014215,0.47933747132968074
3325,0.004257400685038881,0.47718491807979796
3326,-0.004870744917287451,-0.6022527027910725
3327,-0.0048945850663431045,-0.6050718902688974
3328,-0.004918659992987795,-0.6079188410814877
3329,-0.004942972667372536,-0.610793906460395
3330,-0.004967527146432782,-0.613697566153527
3331,-0.004992326535232738,-0.6166301873464289
3332,-0.005017375039209071,-0.6195922673478365
3333,0.006499449078311015,0.7423155907209363
3334,0.006457478892339719,0.7373524580468893
3335,0.006416047530729774,0.7324530433843667
3336,0.006375144301873581,0.7276160824104737
3337,0.006334759297236037,0.7228404034035897
3338,0.006294882603713914,0.7181248341018964
3339,0.006255505060353217,0.7134682911880567
3340,-0.0035013129923721076,-0.44031221636867063
3341,-0.003513615259129188,-0.44176700577915035
3342,-0.003526004281576678,-0.44323205437699764
3343,-0.003538480980664782,-0.44470747106804526
3344,-0.0035510462904249085,-0.44619336630502743
3345,-0.0035637011582027034,-0.4476898521151373
3346,-0.003576446544897194,-0.44919704212830647
3347,0.005548739136008063,0.6298905568787677
3348,0.00551812065217705,0.626269805766647
3349,0.0054878379726428506,0.6226887647782495
3350,0.005457885978718657,0.6191468286095682
3351,0.005428259159165005,0.6156433455357646
3352,0.005398952371907351,0.612177707487144
3353,0.005369960088422943,0.6087492606950542
3354,-0.000722747161895354,-0.1117363346782488
3355,-0.0007232699031651801,-0.11179815080358407
3356,-0.0007237934011483649,-0.11186005641312602
3357,-0.0007243175338252916,-0.11192203707759509
3358,-0.0007248426737470615,-0.11198413685256307
3359,-0.0007253684517550818,-0.1120463120836351
3360,-0.0007258949930822878,-0.11210857758007772
3361,0.004500274587622588,0.5059056724364951
3362,0.004480112973083372,0.5035214855293998
3363,0.004460130959044406,0.5011585370583617
3364,0.004440326521258697,0.4988165876485448
3365,0.004420697182317523,0.49649534433703046
3366,0.004401240751558566,0.49419454806974317
3367,0.004381954593137838,0.49191388714819695
3368,0.006424019598412878,0.733395770434106
3369,0.006383015104520107,0.7285468344879761
3370,0.00634253051696132,0.7237593794253336
3371,0.006302556478869681,0.7190322987614095
3372,0.006263082927028041,0.7143644024828484
3373,0.006224100983644565,0.709754640757306
3374,0.006185601061499346,0.7052018798598947
3375,-0.002054670693821037,-0.2692413122628939
3376,-0.002058901057485518,-0.26974156871018834
3377,-0.002063148876889964,-0.2702438893645232
3378,-0.002067414144523827,-0.27074827333774787
3379,-0.002071697316634591,-0.27125477458284686
3380,-0.0020759981564447694,-0.2717633650999901
3381,-0.0020803168904741653,-0.27227407167599793
3382,-0.004202661685734244,-0.5232493426970213
3383,-0.004220398593200447,-0.5253467988541675
3384,-0.0042382858488344555,-0.527462034248809
3385,-0.004256325372428482,-0.529595275903611
3386,-0.0042745191165993734,-0.5317467547228747
3387,-0.004292869067493488,-0.5339167055758927
3388,-0.004311377245509007,-0.5361053673823646
3389,0.0012199731777724487,0.1179976674759264
3390,0.0012184866567339636,0.11782188076052301
3391,0.001217003753898327,0.11764652191124321
3392,0.0012155245759128963,0.11747160353953902
3393,0.0012140487499803232,0.11729708156071889
3394,0.001212576622847239,0.11712299697887886
3395,0.0012111080615240244,0.11694933406749522
3396,-0.00977936791890277,-1.1827158730175993
3397,-0.009875948452366723,-1.1941368851055527
3398,-0.00997445566232813,-1.2057857339508504
3399,-0.010074947782282906,-1.2176693058838626
3400,-0.01017748541640806,-1.2297947675769338
3401,-0.010282131661441873,-1.2421695804571733
3402,-0.010388952236158766,-1.2548015160173462
3403,0.00027433836896673114,0.00617278729765859
3404,0.0002742631280676644,0.006163889777765822
3405,0.00027418792842892614,0.006154997137062404
3406,0.0002741128979353302,0.006146124498409565
3407,0.00027403765276101666,0.0061372264729527455
3408,0.0002739625766994269,0.006128348445712894
3409,0.0002738875417629405,0.006119475281671508
3410,0.0032857508305648153,0.3622836607022081
3411,0.00327498990199504,0.361011140341582
3412,0.0032642994815166304,0.3597469578285004
3413,0.003253678500474644,0.3584909867904886
3414,0.003243126409800734,0.35724316229814523
3415,0.0032326424156872147,0.35600339048071966
3416,0.0032222262361971676,0.3547716379981086
3417,-0.004175439795153668,-0.5200302515383072
3418,-0.004192947319155316,-0.522100582236238
3419,-0.0042106020262031585,-0.5241883178841048
3420,-0.004228406288246167,-0.5262937389738133
3421,-0.0042463615034387114,-0.5284170108423869
3422,-0.00426447011218356,-0.5305584220766512
3423,-0.004282733573938491,-0.5327181452629887
3424,-0.0013418130468347833,-0.1849432087919827
3425,-0.0013436160570570177,-0.18515642154619188
3426,-0.0013454236610519477,-0.18537017753133597
3427,-0.0013472363937860887,-0.18558454000922164
3428,-0.00134905375892036,-0.18579945028588193
3429,-0.0013508762930226625,-0.18601497181249346
3430,-0.0013527034985741926,-0.1862310457555825
3431,-0.0027090716976229112,-0.3466266973579104
3432,-0.0027164307031596335,-0.34749692749824806
3433,-0.002723829798053079,-0.3483718983561125
3434,-0.002731269179837126,-0.3492516332906292
3435,-0.002738749573088728,-0.3501362179857539
3436,-0.0027462709214023384,-0.3510256457713181
3437,-0.0027538336948005337,-0.35191997222926297
3438,0.005522876472924709,0.6268321994944414
3439,0.0054925417111340025,0.6232449995829171
3440,0.005462538621576751,0.6196970211630505
3441,0.005432861406319045,0.6161875786073043
3442,0.005403504913018331,0.612716062631753
3443,0.00537446384170881,0.6092818464954655
3444,0.005345733519042994,0.6058843775574879
3445,0.004151871128106999,0.46470565023846583
3446,0.0041347042414738855,0.4626756011932046
3447,0.004117678983657891,0.4606623002893577
3448,0.00410079310764222,0.45866548180872
3449,0.004084045408282,0.4566850032383684
3450,0.004067433698973,0.45472060600411135
3451,0.004050956825545127,0.4527721536209854
3452,-0.00015926099343499533,-0.04510197151455447
3453,-0.00015928648542851143,-0.04510498603886544
3454,-0.00015931173774585972,-0.04510797222056624
3455,-0.00015933712201965378,-0.04511097400661409
3456,-0.00015936251438419813,-0.045113976749423655
3457,-0.00015938803881132557,-0.045116995109131405
3458,-0.0001594133234198436,-0.04511998510938473
3459,0.0044642857142858094,0.5016498525246639
3460,0.004444444444444473,0.49930354758545137
3461,0.004424778761061843,0.496978006406755
3462,0.004405286343612369,0.49467295457768257
3463,0.004385964912280604,0.4923881225014649
3464,0.004366812227074135,0.4901232452905568
3465,0.004347826086956497,0.4878780626641007
3466,-0.0016319659692158872,-0.21925488543131771
3467,-0.0016346335152348512,-0.2195703328018702
3468,-0.0016373100375436378,-0.21988684165252526
3469,-0.001639995097334257,-0.22020436009258426
3470,-0.0016426892204438603,-0.2205229503042722
3471,-0.0016453919670513795,-0.2208425602770901
3472,-0.0016481038651514623,-0.22116325244839502
3473,-0.00361443692981378,-0.45368954832801883
3474,-0.003627548352905574,-0.45524002352473686
3475,-0.0036407554915732776,-0.456801817449052
3476,-0.003654059027042744,-0.45837501065848907
3477,-0.0036674601428839937,-0.4599597431146636
3478,-0.003680959792787486,-0.46155612759506687
3479,-0.0036945594414219407,-0.4631643373022953
3480,-0.005294967053537936,-0.6524185692687368
3481,-0.005323153098613309,-0.6557516753302972
3482,-0.005351640575262717,-0.6591204268115636
3483,-0.005380434854877492,-0.6625254588998052
3484,-0.005409540407824931,-0.6659673002328036
3485,-0.005438962824498406,-0.6694466118956449
3486,-0.0054687067892321695,-0.6729639478285093
3487,-0.006739243131156036,-0.8232096588310547
3488,-0.006784968684759862,-0.8286168778813883
3489,-0.006831318970047406,-0.8340979738078952
3490,-0.006878306878306817,-0.8396544710539854
3491,-0.006925945657964783,-0.8452879362960474
3492,-0.006974248927038573,-0.8509999799159487
3493,-0.007023230686115767,-0.8567922575359376
3494,0.006451111398259046,0.7365994778731727
3495,0.006409761449131635,0.7317096905435481
3496,0.006368937941099384,0.7268821568575489
3497,0.0063286314146522304,0.7221157581924579
3498,0.006288831584092769,0.7174092782257908
3499,0.006249529478319582,0.7127616560909936
3500,0.0062107152982147085,0.7081717330054349
3501,-0.00035323867777192763,-0.06804056377685758
3502,-0.00035336336924085554,-0.06805530901301246
3503,-0.0003534884092826207,-0.06807009546921909
3504,-0.0003536134075234898,-0.06808487698231222
3505,-0.00035373849419795267,-0.06809966895301112
3506,-0.0003538635390284428,-0.06811445597550253
3507,-0.0003539889331760637,-0.0681292843060612
3508,-0.003392041748206176,-0.4273904799097328
3509,-0.00340358685691855,-0.42875573252774585
3510,-0.003415210823591086,-0.4301303103967587
3511,-0.0034269144589429423,-0.4315143093873673
3512,-0.0034386985848433582,-0.43290782668870675
3513,-0.003450564034505499,-0.43431096083137427
3514,-0.00346251165268352,-0.4357238117107325
3515,-0.004161814379259665,-0.518418994755522
3516,-0.004179207464981238,-0.5204757926955235
3517,-0.004196746539447682,-0.5225498543548281
3518,-0.0042144335837639435,-0.5246414140065625
3519,-0.004232270069554844,-0.5267506456759085
3520,-0.00425025831059056,-0.5288778229749095
3521,-0.004268400113646376,-0.5310231595615528
3522,-0.009792547419132935,-1.1842743985925082
3523,-0.009889389737079424,-1.1957263676821703
3524,-0.00998816660943902,-1.2074071051223942
3525,-0.010088936730814568,-1.2193235517711822
3526,-0.010191760617042966,-1.2314828638543278
3527,-0.010296702140403236,-1.2438925945095558
3528,-0.010403827250723863,-1.2565605425526456
3529,0.002068863602778137,0.21838215964645824
3530,0.002064592243032015,0.21787705525799816
3531,0.0020603384841795247,0.21737403224154667
3532,0.0020561022176530663,0.21687307775857592
3533,0.0020518833357761057,0.2163741790759299
3534,0.0020476817317536256,0.21587732356469533
3535,0.002043497299664354,0.2153824986992826
3536,0.006804702986161537,0.7784130158066765
3537,0.006758711814031759,0.77297438636455
3538,0.0067133384388951,0.767608813745297
3539,0.006668570071104218,0.762314785524916
3540,0.006624394830001767,0.7570908967708986
3541,0.006580800864967928,0.7519357461027867
3542,0.006537777196014893,0.7468480350956392
3543,-0.007428889182425014,-0.9047629036253814
3544,-0.007484490774015362,-0.9113380013897754
3545,-0.007540930659882594,-0.9180122306118884
3546,-0.0075982285153956,-0.9247879179782468
3547,-0.007656403476402618,-0.9316673263750265
3548,-0.007715476420189882,-0.9386529246200097
3549,-0.007775467713582507,-0.9457471211670279
3550,0.011524116896450387,1.3365014978669087
3551,0.011392824508364985,1.3209756781432134
3552,0.011264490292288265,1.3057996734087054
3553,0.011139014824564919,1.2909617264414233
3554,0.011016304190642812,1.276450731491619
3555,0.01089626745362371,1.2622559349283409
3556,0.010778818700904136,1.2483671772624292
3557,0.0036451062703581893,0.4047787958453972
3558,0.0036318677265352317,0.4032132881431092
3559,0.0036187249960111245,0.4016591107245245
3560,0.0036056769081163065,0.40011612515355516
3561,0.003592722844572238,0.39858425831643374
3562,0.0035798613947588542,0.39706334340202104
3563,0.003567091700887426,0.3955532789735668
3564,-0.011986689915299165,-1.4437400183466171
3565,-0.012132113667503441,-1.4609369251375752
3566,-0.01228110961931883,-1.4785562579959388
3567,-0.012433810473129525,-1.4966137094787852
3568,-0.012590356719652362,-1.5151258931428813
3569,-0.012750894895876108,-1.534110137539437
3570,-0.012915580242854774,-1.553584800508183
3571,0.005283361600693537,0.5985086631369015
3572,0.0052555942513701215,0.5952250694260476
3573,0.005228117530638121,0.591975843641489
3574,0.005200926333541744,0.5887603821029632
3575,0.005174016795552516,0.5855782278154128
3576,0.0051473840027920215,0.5824287996941953
3577,0.005121024265160257,0.5793116613710773
3578,-0.005373562134299181,-0.6617127337885765
3579,-0.0054025931650434345,-0.6651457625901789
3580,-0.005431939866305413,-0.6686161206202441
3581,-0.005461606845434841,-0.6721243527152421
3582,-0.005491599946894632,-0.6756711500049396
3583,-0.005521924002076295,-0.6792570838195918
3584,-0.005552585098164364,-0.6828828739917122
3585,0.002688394470179656,0.2916440196888233
3586,0.0026811862391609154,0.2907916192034965
3587,0.002674016846360594,0.2899438114838765
3588,0.0026668854058726765,0.2891004917682381
3589,0.0026597921885040954,0.2882616920805217
3590,0.0026527363179478236,0.2874273087941186
3591,0.0026457180683803205,0.2865973743314285
3592,-0.006820119352088483,-0.8327735767736101
3593,-0.006866952789699621,-0.8383118072833521
3594,-0.006914433880726101,-0.8439266252504225
3595,-0.006962576153176747,-0.849619630412851
3596,-0.007011393514460895,-0.8553924673742077
3597,-0.007060900264783787,-0.8612468271876589
3598,-0.007111111111111179,-0.8671844490073349
3599,0.008995182632050014,1.0374454897103933
3600,0.008914990810753531,1.027962504604249
3601,0.008836215879506781,1.0186470720866534
3602,0.008758821045895315,1.0094948413159297
3603,0.008682770215396207,1.000501543978704
3604,0.008608028823144043,0.9916630926493679
3605,0.008534562916776567,0.982975472333121
3606,-0.006497152442447973,-0.7945815224670353
3607,-0.006539641631416959,-0.7996060292016481
3608,-0.006582689923196772,-0.8046966519508638
3609,-0.006626308859755903,-0.8098547555959577
3610,-0.0066705097173953565,-0.8150816736020228
3611,-0.006715304364530272,-0.8203788094538809
3612,-0.006760704407259843,-0.8257475356165042
3613,-0.0016806722058824164,-0.22501458148781936
3614,-0.0016835017675704833,-0.22534918782186994
3615,-0.0016863405776073037,-0.22568488780801704
3616,-0.0016891892735773073,-0.2260217568430225
3617,-0.0016920473139462322,-0.22635973088841888
3618,-0.0016949153389472782,-0.226698885654195
3619,-0.0016977928057106961,-0.227039156943957
3620,0.00869472782738101,1.00191557666338
3621,0.008619781323649711,0.9930528701285845
3622,0.008546115529095566,0.9843416122808981
3623,0.008473698469284363,0.9757780220229659
3624,0.008402498089062238,0.9673583087120295
3625,0.008332484547383778,0.9590789435320001
3626,0.008263627853380529,0.9509363799496489
3627,-0.003667114181512221,-0.4599188318785452
3628,-0.0036806114037875037,-0.46151492928276316
3629,-0.003694208349165562,-0.4631228193197343
3630,-0.003707906268770045,-0.4647426499395455
3631,-0.0037217058634392286,-0.46637450401896446
3632,-0.0037356087002422544,-0.4680185668698232
3633,-0.0037496157976386613,-0.4696749589288007
3634,0.0014808111143105318,0.14884273655302127
3635,0.0014786216988325052,0.148583829920978
3636,0.0014764384611321013,0.14832565383442226
3637,0.0014742618043026567,0.14806825596066034
3638,0.0014720915559491843,0.14781161591333528
3639,0.001469927830721529,0.14755574725022333
3640,0.0014677701715879454,0.14730059592559805
3641,0.007694499857509252,0.8836348494309276
3642,0.0076357466063350365,0.8766870560423383
3643,0.007577883805781616,0.8698445617957092
3644,0.007520891364902527,0.8631049908608998
3645,0.007464749792645664,0.8564660383475379
3646,0.007409440175631277,0.8499254676771847
3647,0.0073549441569054075,0.8434811080708485
3648,0.005041335045970818,0.569888110858366
3649,0.005016047604597729,0.5668977756092523
3650,0.0049910123147018925,0.5639372582226664
3651,0.004966225820474568,0.561006161861577
3652,0.0049416843003056155,0.5581040346061816
3653,0.004917384272184799,0.5552304646956465
3654,0.004893321796659134,0.5523849862748084
3655,0.002444075486483177,0.2627523790441228
3656,0.0024381164153195467,0.2620476964196662
3657,0.002432186591546648,0.26134647240939507
3658,0.0024262854126988476,0.26064863576947783
3659,0.002420412800428151,0.25995417723496866
3660,0.002414568418784846,0.25926305707854796
3661,0.002408752450212548,0.2585752968748609
3662,-0.005906522855675278,-0.7247373477861031
3663,-0.005941617153190526,-0.7288873807354395
3664,-0.005977130977130929,-0.7330870242657186
3665,-0.006013071895424771,-0.7373371733129831
3666,-0.00604944765912685,-0.7416387444686761
3667,-0.006086266207991464,-0.7459926766386679
3668,-0.006123535676251457,-0.7503999317266494
3669,-0.005128008840075027,-0.6326751312719411
3670,-0.0051544409929931145,-0.6358008329755953
3671,-0.0051811467736833094,-0.6389588921945868
3672,-0.005208130864106986,-0.642149862588494
3673,-0.005235397499409378,-0.6453742449792029
3674,-0.005262951278115713,-0.6486325831596531
3675,-0.005290796344031734,-0.6519253671504917
3676,-0.0019449847179772162,-0.25627053221994855
3677,-0.0019487750556792527,-0.25671875393875426
3678,-0.0019525801952580135,-0.25716872603526997
3679,-0.0019564002235885614,-0.2576204587827992
3680,-0.001960235228227414,-0.25807396253523024
3681,-0.0019640852974186496,-0.25852924772775787
3682,-0.001967950520101236,-0.2589863248777503
3683,-0.0005231388732395148,-0.08813190223384812
3684,-0.0005234125498458919,-0.0881642655240218
3685,-0.0005236867950054735,-0.08819669604775476
3686,-0.0005239611865599514,-0.08822914388323595
3687,-0.0005242358658061885,-0.08826162573935196
3688,-0.0005245106919824494,-0.08829412497049706
3689,-0.0005247860891117728,-0.08832669171899368
3690,-0.0006866190274242845,-0.10746404661242134
3691,-0.0006870907970391027,-0.10751983514744304
3692,-0.0006875632153969802,-0.10757570039877656
3693,-0.0006880361421818249,-0.10763162577351519
3694,-0.0006885100036033709,-0.10768766167256634
3695,-0.0006889843762385439,-0.1077437580245556
3696,-0.0006894594029952517,-0.1077999317288817
3697,-0.0021509740056818716,-0.2806295418514482
3698,-0.0021556106681953624,-0.2811778446689524
3699,-0.002160267363570667,-0.2817285164478686
3700,-0.002164944364885124,-0.2822815894806214
3701,-0.0021696413747851473,-0.28283702860402843
3702,-0.0021743589539354735,-0.28339490011880797
3703,-0.0021790970932114018,-0.2839552029459298
3704,-0.0047385553792903545,-0.5866207917090187
3705,-0.0047611161920337874,-0.589288692846187
3706,-0.004783892861798811,-0.5919821198897097
3707,-0.004806888355091576,-0.5947014236401198
3708,-0.00483010628303393,-0.5974470311261856
3709,-0.004853549442692007,-0.6002192731115195
3710,-0.004877221277304389,-0.6030185567720612
3711,0.0002983293556084732,0.009009811888535734
3712,0.00029824038174752765,0.008999290394142146
3713,0.00029815146094214207,0.008988775173768483
3714,0.0002980625931447989,0.008978266221795619
3715,0.00029797377830753646,0.008967763532551909
3716,0.00029788501638372544,0.008957267100523253
3717,0.0002977963073258483,0.008946776920090523
3718,0.002339131586781784,0.25034236737760057
3719,0.002333672670471243,0.24969682994957337
3720,0.002328239470155813,0.24905433353488998
3721,0.0023228313624952257,0.24841480442121436
3722,0.002317448320854565,0.24777823945886726
3723,0.0023120900242361575,0.24714460068866403
3724,0.002306756742117555,0.24651391997734076
3725,0.0012971797012302222,0.1271276298612471
3726,0.0012954992059572845,0.12692890496154324
3727,0.0012938230592114408,0.12673069429155756
3728,0.0012921510982477624,0.12653297860608886
3729,0.0012904837441485295,0.12633580769970382
3730,0.0012888205421897059,0.12613912779957134
3731,0.0012871616218503856,0.12594295421708226
3732,-0.014327182293178642,-1.7205120631966428
3733,-0.014535433960097377,-1.7451386076969697
3734,-0.014749829276719528,-1.7704916619297477
3735,-0.014970643715688237,-1.7966038015732666
3736,-0.015198170105467868,-1.8235096546970895
3737,-0.015432719040676668,-1.8512459502854353
3738,-0.01567462122240837,-1.8798517949890292
3739,-0.0011292143894175988,-0.15980261628168557
3740,-0.0011304909560723164,-0.15995357509990385
3741,-0.001131770412287847,-0.1601048756195788
3742,-0.0011330527678860003,-0.16025651900217652
3743,-0.0011343380327337726,-0.16040850641450644
3744,-0.001135626216742347,-0.16056083902860332
3745,-0.0011369173298684254,-0.16071351802188472
3746,0.007386759512195029,0.8472433937438815
3747,0.007332595554833121,0.8408383016453518
3748,0.007279219818539628,0.8345264196589168
3749,0.00722661585343265,0.8283058025240433
3750,0.007174766413646783,0.8221744108521488
3751,0.007123656003743761,0.8161304122492571
3752,0.007073268316624137,0.810171878339398
3753,-0.005190387909709493,-0.6400516913589325
3754,-0.005217468440213313,-0.6432540661557932
3755,-0.005244833348095335,-0.6464900696494263
3756,-0.00527248650491452,-0.6497601596662708
3757,-0.005300433124084236,-0.6530649527121064
3758,-0.00532867726367503,-0.6564049286690699
3759,-0.005357224341948852,-0.6597807282670578
3760,-0.009259471522541252,-1.1212361646916502
3761,-0.009346010479993838,-1.1314697225702033
3762,-0.009434182611486763,-1.1418964094343547
3763,-0.009524034088273625,-1.1525216852088587
3764,-0.009615613519210142,-1.163351298074108
3765,-0.009708971066043293,-1.1743911798457392
3766,-0.00980415953552538,-1.1856475751212372
3767,0.006690684508491973,0.7649299010939153
3768,0.00664621676891608,0.7596714232930053
3769,0.006602336211274817,0.7544823819689164
3770,0.006559031281533789,0.7493614108135349
3771,0.006516290726817031,0.7443071791318666
3772,0.006474103585657476,0.7393183906891179
3773,0.00643245917862445,0.7343937826023613
3774,0.003441494591936989,0.3807009474727231
3775,0.003429691327780482,0.37930516700046996
3776,0.00341796875,0.37791892799628357
3777,0.003406326034063323,0.37654213295612127
3778,0.003394762366634385,0.37517468569992796
3779,0.003383276945384317,0.37381649134929074
3780,0.00337186897880537,0.3724674563054354
3781,-0.003566284845575307,-0.4479953828846998
3782,-0.0035790489135026915,-0.449504782024067
3783,-0.003591904354280917,-0.45102498634742466
3784,-0.0036048526401757375,-0.4525561699557469
3785,-0.00361789461713824,-0.45409843288593815
3786,-0.00363103146868482,-0.4556519150932728
3787,-0.0036442637420817103,-0.4572166812940455
3788,-0.000328245527654758,-0.0650850295779212
3789,-0.00032835330815950137,-0.06509777502882493
3790,-0.00032846115946794097,-0.06511052885253257
3791,-0.0003285690816493547,-0.06512329105723653
3792,-0.0003286770747741308,-0.06513606165126047
3793,-0.00032878513891165806,-0.06514884064280989
3794,-0.00032889327413254676,-0.06516162804023469
3795,0.008906540055930279,1.026963170996046
3796,0.008827913887282879,1.0176653302165004
3797,0.008750663780968004,1.0085302139940664
3798,0.008674754086198888,0.9995536064888436
3799,0.008600149741863738,0.9907313615922195
3800,0.008526817831689959,0.9820595868309003
3801,0.008454725923919604,0.9735344470272755
3802,0.018581604211830305,2.1710759721279844
3803,0.01824262693827916,2.130990631946941
3804,0.0179157957599283,2.0923416133011865
3805,0.017600469345849135,2.0550530763912787
3806,0.017296050735082114,2.0190544283338436
3807,0.017001983564749246,1.984279877121663
3808,0.016717748676511546,1.9506680303244768
3809,0.0038170927651410835,0.4251168470595512
3810,0.003802577972274346,0.4234004180977354
3811,0.0037881731485045478,0.4216969933960991
3812,0.0037738769133299765,0.4200064097051119
3813,0.0037596884473698466,0.4183285701299076
3814,0.0037456061352545422,0.416663283646941
3815,0.0037316289230659994,0.4150104256264288
3816,-0.020705038969705214,-2.4747176529289874
3817,-0.021142801498663655,-2.5264847218772397
3818,-0.021599474909142935,-2.580488073839232
3819,-0.022076311790981795,-2.636875832284326
3820,-0.022574677262513165,-2.6958094276004343
3821,-0.023096063440722014,-2.757465308244722
3822,-0.02364210295033531,-2.822036538244412
3823,0.006533033088809148,0.7462870265383239
3824,0.0064906295909243905,0.7412726530973852
3825,0.006448772994103624,0.7363229527684987
3826,0.006407452632539945,0.7314366642797989
3827,0.006366658721433716,0.7266126305418508
3828,0.006326380813850063,0.7218496161652315
3829,0.00628660932920555,0.717146488209841
3830,0.0030916844776121,0.3393345830419023
3831,0.003082155276731502,0.33820771912282416
3832,0.0030726849334439255,0.3370878153359513
3833,0.0030632724623018692,0.33597475514840264
3834,0.0030539174809804948,0.334868493348825
3835,0.0030446193173934155,0.3337689504604702
3836,0.0030353778942029397,0.33267611733786473
3837,-0.002316602337472773,-0.30021571632829025
3838,-0.0023219814451158616,-0.30085181608059747
3839,-0.0023273855912744335,-0.30149087673172914
3840,-0.0023328148040645535,-0.3021329016065159
3841,-0.002338269701354312,-0.3027779637701881
3842,-0.0023437500210158335,-0.30342603222513664
3843,-0.0023492560900262305,-0.3040771456376373
3844,-0.006364292099792168,-0.7788702862058695
3845,-0.006405055745471788,-0.7836907409430527
3846,-0.006446344944193716,-0.7885733443082645
3847,-0.006488169774200081,-0.7935192880916211
3848,-0.006530541185519878,-0.7985298671753209
3849,-0.0065734694988136555,-0.8036063020163717
3850,-0.006616965922479512,-0.8087499180500926
3851,0.006638838358719257,0.7587988984784758
3852,0.006595054701167058,0.7536213159551289
3853,0.006551845078877516,0.7485116152650934
3854,0.006509197823152402,0.7434684165408249
3855,0.006467102175748085,0.7384904475794671
3856,0.006425547353076766,0.7335764331811201
3857,0.006384523445779999,0.7287252015268
3858,-0.007320022872419396,-0.8918890521570715
3859,-0.007374000876015363,-0.8982721545219309
3860,-0.007428780560760684,-0.9047500587041862
3861,-0.007484380380238687,-0.9113249469096164
3862,-0.007540818736037624,-0.9179989951953869
3863,-0.007598114896207764,-0.9247744820810617
3864,-0.00765628809869523,-0.9316536825262767
3865,-0.002415242798998185,-0.31188032267324817
3866,-0.00242109047688166,-0.3125718326224923
3867,-0.0024269662247736745,-0.31326666195604025
3868,-0.002432870877525972,-0.3139649093982573
3869,-0.0024388040151043233,-0.3146665252785126
3870,-0.0024447664794809976,-0.31537160916320045
3871,-0.0024507578516691497,-0.3160801115055472
3872,0.001956323885350386,0.205073913905644
3873,0.0019525043137607057,0.20462223516944375
3874,0.0019486993110249262,0.20417227925512638
3875,0.001944909267675099,0.2037240923445788
3876,0.0019411339382886528,0.20327764541565704
3877,0.0019373733950396321,0.20283294700321383
3878,0.001933627079686362,0.20238993109306716
3879,-0.00044881291234688536,-0.07934257722851139
3880,-0.00044901443582345824,-0.07936640813914521
3881,-0.000449216140355313,-0.07939026046024848
3882,-0.0004494178688900785,-0.07941411561978642
3883,-0.00044962009349058807,-0.07943802944096824
3884,-0.000449822342654449,-0.07946194616685893
3885,-0.0004500247738524754,-0.07948588441897576
3886,-0.0035793075953356457,-0.4495353721257691
3887,-0.0035921649008694434,-0.4510557969635013
3888,-0.003605115227398592,-0.4525872218845238
3889,-0.003618159107893537,-0.4541297099146008
3890,-0.003631297720815607,-0.4556834004112256
3891,-0.003644531941479623,-0.457248396883675
3892,-0.0036578633015709183,-0.45882488045951253
3893,0.0018933709390658304,0.1976294907418752
3894,0.0018897926988596936,0.1972063503513415
3895,0.0018862282797520447,0.19678484435779484
3896,0.001882677120924825,0.19636490644238605
3897,0.0018791393083419372,0.1959465467706707
3898,0.0018756146067928636,0.19552973752811847
3899,0.0018721034223816435,0.19511452673806268
3900,-2.2787844951244196e-05,-0.02896350734780039
3901,-2.2788364249071158e-05,-0.02896356875672563
3902,-2.2788883570434848e-05,-0.028963630168434173
3903,-2.2789562441505318e-05,-0.028963710447496877
3904,-2.2789922287769215e-05,-0.02896375300067382
3905,-2.27904416802982e-05,-0.02896381442079793
3906,-2.2790961096363915e-05,-0.028963875843705345
3907,0.005606709795788145,0.6367458058854639
3908,0.005575449866406235,0.6330492014193826
3909,0.0055445365806683355,0.6293935888706832
3910,0.0055139643613335565,0.6257783087096102
3911,0.005483727128478444,0.6222026419623002
3912,0.0054538198685119,0.6186659957527103
3913,0.005424237056680381,0.6151677167579113
3914,-0.00934251504451944,-1.1310563741512834
3915,-0.00943062076085699,-1.141475207172997
3916,-0.009520404081237221,-1.15209242319554
3917,-0.009611913222672186,-1.1629137240623142
3918,-0.00970519891034971,-1.17394510821796
3919,-0.009800312896392716,-1.1851926955460632
3920,-0.009897309627575401,-1.1966629245828795
3921,-0.0046461422470434055,-0.575692590521644
3922,-0.00466782981259517,-0.5782572268871848
3923,-0.00468972046456817,-0.5808458789874564
3924,-0.004711817571860344,-0.5834589452073373
3925,-0.0047341239000397994,-0.5860967525856793
3926,-0.004756642602837813,-0.588759674063092
3927,-0.004779376219213094,-0.5914480098810122
3928,-0.0032985689303903776,-0.41633696690995464
3929,-0.00330948566676581,-0.41762791213082934
3930,-0.0033204745593857776,-0.4189273900995725
3931,-0.0033315370141917544,-0.42023556707406245
3932,-0.0033426730818140182,-0.42155244904152034
3933,-0.0033538841922723384,-0.42287820510717355
3934,-0.0033651704114934233,-0.4242128430671038
3935,0.009831669968717538,1.1363632699384922
3936,0.009735949155991408,1.1250439230680187
3937,0.00964207458022015,1.1139429006758075
3938,0.009549992668231866,1.1030538675323678
3939,0.009459653218167441,1.0923708870786517
3940,0.009371006578414054,1.0818880878243096
3941,0.009284006260323885,1.0715999723115237
3942,-0.002090592357723575,-0.2734891844058182
3943,-0.0020949720903653546,-0.27400710429764025
3944,-0.002099370212367613,-0.27452719880064724
3945,-0.0021037866761643986,-0.2750494622899862
3946,-0.002108222089334033,-0.27557396661408345
3947,-0.002112676079712994,-0.27610066776319986
3948,-0.002117148929613788,-0.2766295991218534
3949,-0.002003771782178254,-0.2632223241263988
3950,-0.0020077949450334476,-0.26369807829706843
3951,-0.0020118342957629043,-0.2641757467448807
3952,-0.002015890098279405,-0.26465536067851664
3953,-0.0020199619535660185,-0.2651368729127203
3954,-0.0020240504584843055,-0.2656203540286208
3955,-0.0020281555476503454,-0.266105796294323
3956,0.0008129109623431496,0.06986102631000912
3957,0.0008122506748653446,0.06978294482717749
3958,0.0008115914591548812,0.06970499008487342
3959,0.0008109331456476188,0.06962714203149822
3960,0.0008102762327502067,0.06954945960551663
3961,0.0008096202167311439,0.06947188323878013
3962,0.0008089652621001697,0.0693944323851854
3963,-0.004826094192045383,-0.596972586245476
3964,-0.004849498327759161,-0.5997402135023179
3965,-0.0048731305662913504,-0.6025348147771418
3966,-0.0048969942586963855,-0.6053567863447645
3967,-0.004921092821992157,-0.6082065322804301
3968,-0.004945429740791263,-0.6110844646527117
3969,-0.004970008568980222,-0.6139910037220844
3970,0.0005659169824319132,0.04065305728102418
3971,0.0005655970736784255,0.040615226865208666
3972,0.0005652771824200542,0.04057739851825661
3973,0.000564957824652712,0.04053963325862944
3974,0.0005646388275288849,0.040501910646457175
3975,0.0005643203621878978,0.040464250919609986
3976,0.0005640019126746942,0.04042659306445785
3977,0.004386932406930777,0.49250253239027314
3978,0.00436777111870823,0.4902366378402897
3979,0.004348776827685086,0.4879904913385373
3980,0.004329946685808883,0.48576375609207834
3981,0.0043112792458541715,0.48355626096104887
3982,0.004292771739548895,0.48136767858684476
3983,0.004274422786083587,0.47919784568354234
3984,-0.006277344540612462,-0.7685884096330908
3985,-0.006316998349268577,-0.77327762195934
3986,-0.0063571566649230915,-0.7780264941396045
3987,-0.006397828664055916,-0.7828361113272191
3988,-0.006439024439181429,-0.7877076670000474
3989,-0.006480754001852107,-0.7926423450619025
3990,-0.006523028315550294,-0.7976414419858923
3991,-0.0019399124303621784,-0.2556707150923434
3992,-0.0019436830051844378,-0.25611659977613044
3993,-0.00194746826615666,-0.2565642211525017
3994,-0.0019512684743620001,-0.25701361009552437
3995,-0.00195508319144444,-0.25746471476794713
3996,-0.0019589130293816703,-0.25791760753843834
3997,-0.0019627579014082075,-0.25837227814665265
3998,0.00020170437698574517,-0.0024164560069538975
3999,0.00020166370053442684,-0.0024212661506292288
4000,0.00020162304048598756,-0.00242607435460229
4001,0.00020158257321489792,-0.002430859761927191
4002,0.0002015417695218069,-0.002435684952421707
4003,0.00020150115862160867,-0.00244048734443003
4004,0.0002014605640845435,-0.0024452878014361956
4005,0.001460295029961145,0.14641663225489918
4006,0.0014581658538543874,0.14616484915554678
4007,0.001456042526375212,0.1459137576784491
4008,0.0014539255489458558,0.14566341711867548
4009,0.0014518147184343633,0.14541380345510657
4010,0.0014497101830719394,0.14516493421664103
4011,0.001447611391132364,0.14491674415957392
4012,0.0044860931612003,0.5042286653131721
4013,0.004466057835228909,0.5018594125051957
4014,0.0044462010180152944,0.4995112690306142
4015,0.0044265198210806656,0.4971838933159244
4016,0.004407012094691964,0.4948770311470899
4017,0.004387675384819545,0.492590392325856
4018,0.004368507960604173,0.49032377217159484
4019,0.0007732457713125473,0.06517046797507742
4020,0.0007726481552463582,0.0650997976228739
4021,0.0007720517998641707,0.06502927635130501
4022,0.0007714560269638238,0.06495882396040911
4023,0.0007708615099619731,0.06488852008424378
4024,0.0007702675717125018,0.06481828464772861
4025,0.0007696748846042212,0.0647481971633747
4026,0.003917515814266581,0.43699225110667766
4027,0.0039022289389243348,0.4351845204822036
4028,0.0038870605710958905,0.43339080381788375
4029,0.003872009834338108,0.4316109974710137
4030,0.0038570752012270226,0.4298449208179528
4031,0.0038422554984685053,0.42809243511224815
