[backend] started_at=2026-04-24T14:01:17.183630 pid=18472
开始油价预测特征工程...
输入数据形状: (5113, 12)
添加油价自身特征...
添加金融市场特征...
添加基本面特征...
添加技术指标特征...
添加波动率特征...
添加市场结构特征...
添加季节性特征...
添加市场情绪特征...
添加地缘大事件影响特征...
添加衍生关系特征...
确保特征因果性...
对 8 个未滞后特征应用 shift(1): ['VIX_Level', 'OVX_Level', 'Basis', 'Market_Structure', 'Oil_Search_Trend']...
特征工程完成，特征总数: 162

特征分类统计:
  价格特征: 38个特征
  收益率特征: 6个特征
  技术指标: 32个特征
  波动率特征: 19个特征
  金融市场: 25个特征
  基本面: 20个特征
  市场结构: 6个特征
  季节性: 12个特征
  情绪特征: 11个特征
  衍生关系: 15个特征

原始数据形状: (5113, 12)
特征工程后数据形状: (5113, 162)
新增特征数量: 150

前5行数据（部分列）:
            WTI_Futures  WTI_Futures_Return  ...  Volatility_20d  Month
Date                                         ...                       
2010-01-01    70.496714                 NaN  ...             NaN      1
2010-01-02    70.358450           -0.001963  ...             NaN      1
2010-01-03    71.006138            0.009163  ...             NaN      1
2010-01-04    72.529168            0.021222  ...             NaN      1
2010-01-05    72.295015           -0.003234  ...             NaN      1

[5 rows x 7 columns]
================================================================================
多变量油价预测系统（按时间序列最佳实践）
================================================================================
============================================================
开始加载所有数据...
============================================================
加载WTI价格数据...
加载金融数据...
加载供给侧数据...
  已加载活跃钻井机数量 (Rigs)
  已加载地缘大事件 (GeoEvent)，事件日数: 20
数据形状: (2841, 13)
开始油价预测特征工程...
输入数据形状: (2841, 13)
添加油价自身特征...
添加金融市场特征...
添加基本面特征...
添加技术指标特征...
添加波动率特征...
添加市场结构特征...
添加季节性特征...
添加市场情绪特征...
添加地缘大事件影响特征...
添加衍生关系特征...
确保特征因果性...
对 4 个未滞后特征应用 shift(1): ['VIX_Level', 'OVX_Level', 'Basis', 'Market_Structure']...
特征工程完成，特征总数: 165
按日期切分: Train_end=2020-12-31, Val_end=2022-12-31

数据切分: Train=1541, Val=516, Test=784

=== Step 3: 随机森林特征选择 Top-50 ===
  选中特征数: 50
  Top 特征:
     1. WTI_Futures
     2. US10Y
     3. WTI_Futures_Lag1
     4. Stocks_MA_20
     5. BB_Lower_20
     6. Inventory_Price_Ratio
     7. BB_Upper_20
     8. Basis
     9. WTI_Futures_Lag2
    10. WTI_Futures_MA_10
    11. WTI_Futures_MA_5
    12. WTI_Spot
    13. WTI_Futures_MA_20
    14. WTI_Futures_Lag20
    15. MACD
    16. GeoEvent_DaysSinceLast
    17. WTI_Futures_Lag5
    18. MACD_Signal
    19. VIX_MA_10
    20. WTI_Futures_Lag3
    21. DXY_Momentum_10
    22. Stocks_MA_60
    23. OVX
    24. DXY
    25. VIX_MA_5
    26. ATR_14
    27. OVX_Level
    28. Stocks_Std_60
    29. US10Y_Change
    30. Stocks_Std_20

数据清洗后: Train=883, Val=266, Test=404

已保存所有特征总表到 C:\Users\12725\Desktop\大宗绿测_基于油价因子的绿色金融产品预测与风险分析 - 副本\技术文档\源代码\web_runs\run_20260424_140117_top50\all_features_data.csv，行数=1553，列数=53

最终特征数: 50

已保存模型输入总表到 C:\Users\12725\Desktop\大宗绿测_基于油价因子的绿色金融产品预测与风险分析 - 副本\技术文档\源代码\web_runs\run_20260424_140117_top50\model_input_data.csv，行数=1553，列数=53

训练GRU...
2026-04-24 14:02:14.252096: I tensorflow/core/platform/cpu_feature_guard.cc:182] This TensorFlow binary is optimized to use available CPU instructions in performance-critical operations.
To enable the following instructions: SSE SSE2 SSE3 SSE4.1 SSE4.2 AVX AVX2 AVX_VNNI FMA, in other operations, rebuild TensorFlow with the appropriate compiler flags.
Epoch 1/100

 1/27 [>.............................] - ETA: 2:17 - loss: 0.6157 - mae: 1.1157
 2/27 [=>............................] - ETA: 3s - loss: 0.3259 - mae: 0.6731  
 3/27 [==>...........................] - ETA: 3s - loss: 0.3352 - mae: 0.7173
 4/27 [===>..........................] - ETA: 2s - loss: 0.2560 - mae: 0.5768
 5/27 [====>.........................] - ETA: 2s - loss: 0.2132 - mae: 0.5118
 6/27 [=====>........................] - ETA: 2s - loss: 0.1806 - mae: 0.4519
 7/27 [======>.......................] - ETA: 2s - loss: 0.1591 - mae: 0.4187
 8/27 [=======>......................] - ETA: 2s - loss: 0.1426 - mae: 0.3904
 9/27 [=========>....................] - ETA: 2s - loss: 0.1276 - mae: 0.3578
10/27 [==========>...................] - ETA: 2s - loss: 0.1160 - mae: 0.3350
11/27 [===========>..................] - ETA: 2s - loss: 0.1059 - mae: 0.3121
12/27 [============>.................] - ETA: 2s - loss: 0.0978 - mae: 0.2944
13/27 [=============>................] - ETA: 1s - loss: 0.0913 - mae: 0.2822
14/27 [==============>...............] - ETA: 1s - loss: 0.0852 - mae: 0.2678
15/27 [===============>..............] - ETA: 1s - loss: 0.0803 - mae: 0.2589
16/27 [================>.............] - ETA: 1s - loss: 0.0759 - mae: 0.2509
17/27 [=================>............] - ETA: 1s - loss: 0.0718 - mae: 0.2405
18/27 [===================>..........] - ETA: 1s - loss: 0.0680 - mae: 0.2312
19/27 [====================>.........] - ETA: 1s - loss: 0.0652 - mae: 0.2264
20/27 [=====================>........] - ETA: 0s - loss: 0.0622 - mae: 0.2189
21/27 [======================>.......] - ETA: 0s - loss: 0.0594 - mae: 0.2121
22/27 [=======================>......] - ETA: 0s - loss: 0.0571 - mae: 0.2072
23/27 [========================>.....] - ETA: 0s - loss: 0.0564 - mae: 0.2090
24/27 [=========================>....] - ETA: 0s - loss: 0.0556 - mae: 0.2111
25/27 [==========================>...] - ETA: 0s - loss: 0.0536 - mae: 0.2063
26/27 [===========================>..] - ETA: 0s - loss: 0.0515 - mae: 0.1994
27/27 [==============================] - ETA: 0s - loss: 0.0503 - mae: 0.1956
27/27 [==============================] - 10s 188ms/step - loss: 0.0503 - mae: 0.1956 - val_loss: 0.0054 - val_mae: 0.0890 - lr: 0.0030
Epoch 2/100

 1/27 [>.............................] - ETA: 3s - loss: 0.2388 - mae: 0.6860
 2/27 [=>............................] - ETA: 3s - loss: 0.1300 - mae: 0.4187
 3/27 [==>...........................] - ETA: 3s - loss: 0.1093 - mae: 0.3877
 4/27 [===>..........................] - ETA: 3s - loss: 0.1237 - mae: 0.4296
 5/27 [====>.........................] - ETA: 3s - loss: 0.1047 - mae: 0.3869
 6/27 [=====>........................] - ETA: 3s - loss: 0.0940 - mae: 0.3674
 7/27 [======>.......................] - ETA: 2s - loss: 0.0854 - mae: 0.3488
 8/27 [=======>......................] - ETA: 2s - loss: 0.0760 - mae: 0.3169
 9/27 [=========>....................] - ETA: 2s - loss: 0.0691 - mae: 0.2983
10/27 [==========>...................] - ETA: 2s - loss: 0.0640 - mae: 0.2862
11/27 [===========>..................] - ETA: 2s - loss: 0.0592 - mae: 0.2716
12/27 [============>.................] - ETA: 2s - loss: 0.0545 - mae: 0.2535
13/27 [=============>................] - ETA: 2s - loss: 0.0519 - mae: 0.2484
14/27 [==============>...............] - ETA: 1s - loss: 0.0505 - mae: 0.2484
15/27 [===============>..............] - ETA: 1s - loss: 0.0493 - mae: 0.2477
16/27 [================>.............] - ETA: 1s - loss: 0.0470 - mae: 0.2387
17/27 [=================>............] - ETA: 1s - loss: 0.0452 - mae: 0.2342
18/27 [===================>..........] - ETA: 1s - loss: 0.0466 - mae: 0.2396
19/27 [====================>.........] - ETA: 1s - loss: 0.0446 - mae: 0.2337
20/27 [=====================>........] - ETA: 1s - loss: 0.0431 - mae: 0.2295
21/27 [======================>.......] - ETA: 0s - loss: 0.0413 - mae: 0.2230
22/27 [=======================>......] - ETA: 0s - loss: 0.0395 - mae: 0.2150
23/27 [========================>.....] - ETA: 0s - loss: 0.0392 - mae: 0.2153
24/27 [=========================>....] - ETA: 0s - loss: 0.0392 - mae: 0.2179
25/27 [==========================>...] - ETA: 0s - loss: 0.0379 - mae: 0.2135
26/27 [===========================>..] - ETA: 0s - loss: 0.0367 - mae: 0.2086
27/27 [==============================] - ETA: 0s - loss: 0.0360 - mae: 0.2064
27/27 [==============================] - 4s 154ms/step - loss: 0.0360 - mae: 0.2064 - val_loss: 0.0135 - val_mae: 0.1477 - lr: 0.0030
Epoch 3/100

 1/27 [>.............................] - ETA: 4s - loss: 0.3109 - mae: 0.7859
 2/27 [=>............................] - ETA: 3s - loss: 0.2053 - mae: 0.6077
 3/27 [==>...........................] - ETA: 3s - loss: 0.1545 - mae: 0.5087
 4/27 [===>..........................] - ETA: 3s - loss: 0.1178 - mae: 0.4079
 5/27 [====>.........................] - ETA: 3s - loss: 0.0964 - mae: 0.3537
 6/27 [=====>........................] - ETA: 3s - loss: 0.0819 - mae: 0.3159
 7/27 [======>.......................] - ETA: 2s - loss: 0.0720 - mae: 0.2921
 8/27 [=======>......................] - ETA: 2s - loss: 0.0648 - mae: 0.2753
 9/27 [=========>....................] - ETA: 2s - loss: 0.0589 - mae: 0.2607
10/27 [==========>...................] - ETA: 2s - loss: 0.0536 - mae: 0.2442
11/27 [===========>..................] - ETA: 2s - loss: 0.0493 - mae: 0.2304
12/27 [============>.................] - ETA: 2s - loss: 0.0453 - mae: 0.2155
13/27 [=============>................] - ETA: 2s - loss: 0.0430 - mae: 0.2109
14/27 [==============>...............] - ETA: 1s - loss: 0.0424 - mae: 0.2137
15/27 [===============>..............] - ETA: 1s - loss: 0.0415 - mae: 0.2143
16/27 [================>.............] - ETA: 1s - loss: 0.0398 - mae: 0.2094
17/27 [=================>............] - ETA: 1s - loss: 0.0379 - mae: 0.2037
18/27 [===================>..........] - ETA: 1s - loss: 0.0372 - mae: 0.2032
19/27 [====================>.........] - ETA: 1s - loss: 0.0366 - mae: 0.2037
20/27 [=====================>........] - ETA: 1s - loss: 0.0365 - mae: 0.2060
21/27 [======================>.......] - ETA: 0s - loss: 0.0357 - mae: 0.2053
22/27 [=======================>......] - ETA: 0s - loss: 0.0344 - mae: 0.2002
23/27 [========================>.....] - ETA: 0s - loss: 0.0334 - mae: 0.1969
24/27 [=========================>....] - ETA: 0s - loss: 0.0325 - mae: 0.1949
25/27 [==========================>...] - ETA: 0s - loss: 0.0320 - mae: 0.1947
26/27 [===========================>..] - ETA: 0s - loss: 0.0310 - mae: 0.1901
27/27 [==============================] - ETA: 0s - loss: 0.0306 - mae: 0.1888
27/27 [==============================] - 4s 155ms/step - loss: 0.0306 - mae: 0.1888 - val_loss: 0.0120 - val_mae: 0.1343 - lr: 0.0030
Epoch 4/100

 1/27 [>.............................] - ETA: 3s - loss: 0.1896 - mae: 0.6114
 2/27 [=>............................] - ETA: 3s - loss: 0.1307 - mae: 0.4832
 3/27 [==>...........................] - ETA: 3s - loss: 0.0978 - mae: 0.3974
 4/27 [===>..........................] - ETA: 3s - loss: 0.0769 - mae: 0.3327
 5/27 [====>.........................] - ETA: 3s - loss: 0.0640 - mae: 0.2896
 6/27 [=====>........................] - ETA: 3s - loss: 0.0573 - mae: 0.2755
 7/27 [======>.......................] - ETA: 2s - loss: 0.0558 - mae: 0.2774
 8/27 [=======>......................] - ETA: 2s - loss: 0.0529 - mae: 0.2725
 9/27 [=========>....................] - ETA: 2s - loss: 0.0484 - mae: 0.2570
10/27 [==========>...................] - ETA: 2s - loss: 0.0475 - mae: 0.2548
11/27 [===========>..................] - ETA: 2s - loss: 0.0508 - mae: 0.2633
12/27 [============>.................] - ETA: 2s - loss: 0.0850 - mae: 0.3176
13/27 [=============>................] - ETA: 2s - loss: 0.0843 - mae: 0.3174
14/27 [==============>...............] - ETA: 1s - loss: 0.0935 - mae: 0.3377
15/27 [===============>..............] - ETA: 1s - loss: 0.0913 - mae: 0.3335
16/27 [================>.............] - ETA: 1s - loss: 0.0884 - mae: 0.3286
17/27 [=================>............] - ETA: 1s - loss: 0.0871 - mae: 0.3283
18/27 [===================>..........] - ETA: 1s - loss: 0.0874 - mae: 0.3302
19/27 [====================>.........] - ETA: 1s - loss: 0.0898 - mae: 0.3375
20/27 [=====================>........] - ETA: 1s - loss: 0.0879 - mae: 0.3342
21/27 [======================>.......] - ETA: 0s - loss: 0.0853 - mae: 0.3272
22/27 [=======================>......] - ETA: 0s - loss: 0.0833 - mae: 0.3237
23/27 [========================>.....] - ETA: 0s - loss: 0.0865 - mae: 0.3316
24/27 [=========================>....] - ETA: 0s - loss: 0.0870 - mae: 0.3349
25/27 [==========================>...] - ETA: 0s - loss: 0.0839 - mae: 0.3262
26/27 [===========================>..] - ETA: 0s - loss: 0.0824 - mae: 0.3240
27/27 [==============================] - ETA: 0s - loss: 0.0822 - mae: 0.3249
27/27 [==============================] - 4s 150ms/step - loss: 0.0822 - mae: 0.3249 - val_loss: 0.0718 - val_mae: 0.3689 - lr: 0.0030
Epoch 5/100

 1/27 [>.............................] - ETA: 3s - loss: 0.5573 - mae: 1.0563
 2/27 [=>............................] - ETA: 3s - loss: 0.3543 - mae: 0.7891
 3/27 [==>...........................] - ETA: 3s - loss: 0.2567 - mae: 0.6384
 4/27 [===>..........................] - ETA: 3s - loss: 0.1958 - mae: 0.5128
 5/27 [====>.........................] - ETA: 3s - loss: 0.1601 - mae: 0.4441
 6/27 [=====>........................] - ETA: 3s - loss: 0.1360 - mae: 0.3958
 7/27 [======>.......................] - ETA: 3s - loss: 0.1186 - mae: 0.3594
 8/27 [=======>......................] - ETA: 2s - loss: 0.1062 - mae: 0.3376
 9/27 [=========>....................] - ETA: 2s - loss: 0.0957 - mae: 0.3148
10/27 [==========>...................] - ETA: 2s - loss: 0.0872 - mae: 0.2964
11/27 [===========>..................] - ETA: 2s - loss: 0.0800 - mae: 0.2777
12/27 [============>.................] - ETA: 2s - loss: 0.0741 - mae: 0.2634
13/27 [=============>................] - ETA: 2s - loss: 0.0697 - mae: 0.2561
14/27 [==============>...............] - ETA: 1s - loss: 0.0677 - mae: 0.2572
15/27 [===============>..............] - ETA: 1s - loss: 0.0655 - mae: 0.2565
16/27 [================>.............] - ETA: 1s - loss: 0.0636 - mae: 0.2554
17/27 [=================>............] - ETA: 1s - loss: 0.0607 - mae: 0.2487
18/27 [===================>..........] - ETA: 1s - loss: 0.0579 - mae: 0.2412
19/27 [====================>.........] - ETA: 1s - loss: 0.0553 - mae: 0.2339
20/27 [=====================>........] - ETA: 0s - loss: 0.0536 - mae: 0.2315
21/27 [======================>.......] - ETA: 0s - loss: 0.0521 - mae: 0.2300
22/27 [=======================>......] - ETA: 0s - loss: 0.0508 - mae: 0.2289
23/27 [========================>.....] - ETA: 0s - loss: 0.0544 - mae: 0.2397
24/27 [=========================>....] - ETA: 0s - loss: 0.0603 - mae: 0.2555
25/27 [==========================>...] - ETA: 0s - loss: 0.0633 - mae: 0.2658
26/27 [===========================>..] - ETA: 0s - loss: 0.0639 - mae: 0.2702
27/27 [==============================] - ETA: 0s - loss: 0.0632 - mae: 0.2698
27/27 [==============================] - 4s 146ms/step - loss: 0.0632 - mae: 0.2698 - val_loss: 0.0061 - val_mae: 0.0933 - lr: 0.0030
Epoch 6/100

 1/27 [>.............................] - ETA: 3s - loss: 0.2883 - mae: 0.7571
 2/27 [=>............................] - ETA: 3s - loss: 0.2190 - mae: 0.6449
 3/27 [==>...........................] - ETA: 2s - loss: 0.1864 - mae: 0.5926
 4/27 [===>..........................] - ETA: 2s - loss: 0.1478 - mae: 0.5021
 5/27 [====>.........................] - ETA: 2s - loss: 0.1247 - mae: 0.4513
 6/27 [=====>........................] - ETA: 2s - loss: 0.1122 - mae: 0.4278
 7/27 [======>.......................] - ETA: 2s - loss: 0.1014 - mae: 0.4039
 8/27 [=======>......................] - ETA: 2s - loss: 0.0924 - mae: 0.3830
 9/27 [=========>....................] - ETA: 2s - loss: 0.0841 - mae: 0.3600
10/27 [==========>...................] - ETA: 2s - loss: 0.0771 - mae: 0.3382
11/27 [===========>..................] - ETA: 2s - loss: 0.0705 - mae: 0.3139
12/27 [============>.................] - ETA: 1s - loss: 0.0651 - mae: 0.2942
13/27 [=============>................] - ETA: 1s - loss: 0.0609 - mae: 0.2809
14/27 [==============>...............] - ETA: 1s - loss: 0.0576 - mae: 0.2717
15/27 [===============>..............] - ETA: 1s - loss: 0.0550 - mae: 0.2654
16/27 [================>.............] - ETA: 1s - loss: 0.0527 - mae: 0.2589
17/27 [=================>............] - ETA: 1s - loss: 0.0505 - mae: 0.2515
18/27 [===================>..........] - ETA: 1s - loss: 0.0482 - mae: 0.2441
19/27 [====================>.........] - ETA: 1s - loss: 0.0460 - mae: 0.2356
20/27 [=====================>........] - ETA: 0s - loss: 0.0445 - mae: 0.2321
21/27 [======================>.......] - ETA: 0s - loss: 0.0433 - mae: 0.2297
22/27 [=======================>......] - ETA: 0s - loss: 0.0421 - mae: 0.2272
23/27 [========================>.....] - ETA: 0s - loss: 0.0461 - mae: 0.2380
24/27 [=========================>....] - ETA: 0s - loss: 0.0522 - mae: 0.2538
25/27 [==========================>...] - ETA: 0s - loss: 0.0559 - mae: 0.2649
26/27 [===========================>..] - ETA: 0s - loss: 0.0582 - mae: 0.2728
27/27 [==============================] - ETA: 0s - loss: 0.0588 - mae: 0.2760
27/27 [==============================] - 4s 139ms/step - loss: 0.0588 - mae: 0.2760 - val_loss: 0.0081 - val_mae: 0.0994 - lr: 0.0030
Epoch 7/100

 1/27 [>.............................] - ETA: 3s - loss: 0.2100 - mae: 0.6404
 2/27 [=>............................] - ETA: 3s - loss: 0.1445 - mae: 0.5086
 3/27 [==>...........................] - ETA: 3s - loss: 0.1173 - mae: 0.4548
 4/27 [===>..........................] - ETA: 2s - loss: 0.0907 - mae: 0.3695
 5/27 [====>.........................] - ETA: 2s - loss: 0.0751 - mae: 0.3257
 6/27 [=====>........................] - ETA: 2s - loss: 0.0673 - mae: 0.3103
 7/27 [======>.......................] - ETA: 2s - loss: 0.0609 - mae: 0.2952
 8/27 [=======>......................] - ETA: 2s - loss: 0.0557 - mae: 0.2816
 9/27 [=========>....................] - ETA: 2s - loss: 0.0513 - mae: 0.2695
10/27 [==========>...................] - ETA: 2s - loss: 0.0467 - mae: 0.2514
11/27 [===========>..................] - ETA: 2s - loss: 0.0427 - mae: 0.2339
12/27 [============>.................] - ETA: 1s - loss: 0.0394 - mae: 0.2199
13/27 [=============>................] - ETA: 1s - loss: 0.0368 - mae: 0.2090
14/27 [==============>...............] - ETA: 1s - loss: 0.0347 - mae: 0.2015
15/27 [===============>..............] - ETA: 1s - loss: 0.0331 - mae: 0.1954
16/27 [================>.............] - ETA: 1s - loss: 0.0313 - mae: 0.1871
17/27 [=================>............] - ETA: 1s - loss: 0.0297 - mae: 0.1806
18/27 [===================>..........] - ETA: 1s - loss: 0.0290 - mae: 0.1796
19/27 [====================>.........] - ETA: 1s - loss: 0.0279 - mae: 0.1757
20/27 [=====================>........] - ETA: 0s - loss: 0.0276 - mae: 0.1767
21/27 [======================>.......] - ETA: 0s - loss: 0.0272 - mae: 0.1771
22/27 [=======================>......] - ETA: 0s - loss: 0.0264 - mae: 0.1749
23/27 [========================>.....] - ETA: 0s - loss: 0.0288 - mae: 0.1829
24/27 [=========================>....] - ETA: 0s - loss: 0.0326 - mae: 0.1955
25/27 [==========================>...] - ETA: 0s - loss: 0.0339 - mae: 0.2016
26/27 [===========================>..] - ETA: 0s - loss: 0.0341 - mae: 0.2046
27/27 [==============================] - ETA: 0s - loss: 0.0339 - mae: 0.2049
27/27 [==============================] - 4s 137ms/step - loss: 0.0339 - mae: 0.2049 - val_loss: 0.0062 - val_mae: 0.0924 - lr: 0.0030
Epoch 8/100

 1/27 [>.............................] - ETA: 3s - loss: 0.2742 - mae: 0.7397
 2/27 [=>............................] - ETA: 2s - loss: 0.1999 - mae: 0.6131
 3/27 [==>...........................] - ETA: 2s - loss: 0.1685 - mae: 0.5604
 4/27 [===>..........................] - ETA: 2s - loss: 0.1319 - mae: 0.4681
 5/27 [====>.........................] - ETA: 2s - loss: 0.1101 - mae: 0.4163
 6/27 [=====>........................] - ETA: 2s - loss: 0.0982 - mae: 0.3924
 7/27 [======>.......................] - ETA: 2s - loss: 0.0886 - mae: 0.3713
 8/27 [=======>......................] - ETA: 2s - loss: 0.0813 - mae: 0.3547
 9/27 [=========>....................] - ETA: 2s - loss: 0.0746 - mae: 0.3378
10/27 [==========>...................] - ETA: 2s - loss: 0.0687 - mae: 0.3208
11/27 [===========>..................] - ETA: 2s - loss: 0.0631 - mae: 0.3015
12/27 [============>.................] - ETA: 1s - loss: 0.0584 - mae: 0.2846
13/27 [=============>................] - ETA: 1s - loss: 0.0554 - mae: 0.2767
14/27 [==============>...............] - ETA: 1s - loss: 0.0533 - mae: 0.2725
15/27 [===============>..............] - ETA: 1s - loss: 0.0512 - mae: 0.2682
16/27 [================>.............] - ETA: 1s - loss: 0.0492 - mae: 0.2629
17/27 [=================>............] - ETA: 1s - loss: 0.0474 - mae: 0.2574
18/27 [===================>..........] - ETA: 1s - loss: 0.0451 - mae: 0.2480
19/27 [====================>.........] - ETA: 1s - loss: 0.0430 - mae: 0.2391
20/27 [=====================>........] - ETA: 0s - loss: 0.0416 - mae: 0.2350
21/27 [======================>.......] - ETA: 0s - loss: 0.0404 - mae: 0.2316
22/27 [=======================>......] - ETA: 0s - loss: 0.0392 - mae: 0.2277
23/27 [========================>.....] - ETA: 0s - loss: 0.0428 - mae: 0.2375
24/27 [=========================>....] - ETA: 0s - loss: 0.0480 - mae: 0.2516
25/27 [==========================>...] - ETA: 0s - loss: 0.0508 - mae: 0.2608
26/27 [===========================>..] - ETA: 0s - loss: 0.0525 - mae: 0.2673
27/27 [==============================] - ETA: 0s - loss: 0.0533 - mae: 0.2706
27/27 [==============================] - 4s 134ms/step - loss: 0.0533 - mae: 0.2706 - val_loss: 0.0099 - val_mae: 0.1121 - lr: 0.0030
Epoch 9/100

 1/27 [>.............................] - ETA: 3s - loss: 0.1799 - mae: 0.5962
 2/27 [=>............................] - ETA: 3s - loss: 0.1195 - mae: 0.4576
 3/27 [==>...........................] - ETA: 3s - loss: 0.0958 - mae: 0.4064
 4/27 [===>..........................] - ETA: 2s - loss: 0.0741 - mae: 0.3294
 5/27 [====>.........................] - ETA: 2s - loss: 0.0605 - mae: 0.2831
 6/27 [=====>........................] - ETA: 2s - loss: 0.0532 - mae: 0.2655
 7/27 [======>.......................] - ETA: 2s - loss: 0.0477 - mae: 0.2501
 8/27 [=======>......................] - ETA: 2s - loss: 0.0435 - mae: 0.2387
 9/27 [=========>....................] - ETA: 2s - loss: 0.0399 - mae: 0.2274
10/27 [==========>...................] - ETA: 2s - loss: 0.0368 - mae: 0.2162
11/27 [===========>..................] - ETA: 2s - loss: 0.0337 - mae: 0.2031
12/27 [============>.................] - ETA: 1s - loss: 0.0314 - mae: 0.1935
13/27 [=============>................] - ETA: 1s - loss: 0.0302 - mae: 0.1912
14/27 [==============>...............] - ETA: 1s - loss: 0.0300 - mae: 0.1938
15/27 [===============>..............] - ETA: 1s - loss: 0.0303 - mae: 0.1978
16/27 [================>.............] - ETA: 1s - loss: 0.0303 - mae: 0.2002
17/27 [=================>............] - ETA: 1s - loss: 0.0303 - mae: 0.2015
18/27 [===================>..........] - ETA: 1s - loss: 0.0290 - mae: 0.1956
19/27 [====================>.........] - ETA: 1s - loss: 0.0280 - mae: 0.1915
20/27 [=====================>........] - ETA: 0s - loss: 0.0268 - mae: 0.1846
21/27 [======================>.......] - ETA: 0s - loss: 0.0256 - mae: 0.1794
22/27 [=======================>......] - ETA: 0s - loss: 0.0247 - mae: 0.1747
23/27 [========================>.....] - ETA: 0s - loss: 0.0273 - mae: 0.1831
24/27 [=========================>....] - ETA: 0s - loss: 0.0324 - mae: 0.1981
25/27 [==========================>...] - ETA: 0s - loss: 0.0362 - mae: 0.2102
26/27 [===========================>..] - ETA: 0s - loss: 0.0388 - mae: 0.2192
27/27 [==============================] - ETA: 0s - loss: 0.0399 - mae: 0.2237
27/27 [==============================] - 4s 139ms/step - loss: 0.0399 - mae: 0.2237 - val_loss: 0.0155 - val_mae: 0.1517 - lr: 0.0030
Epoch 10/100

 1/27 [>.............................] - ETA: 3s - loss: 0.1438 - mae: 0.5313
 2/27 [=>............................] - ETA: 2s - loss: 0.0955 - mae: 0.4012
 3/27 [==>...........................] - ETA: 2s - loss: 0.0749 - mae: 0.3487
 4/27 [===>..........................] - ETA: 2s - loss: 0.0572 - mae: 0.2802
 5/27 [====>.........................] - ETA: 2s - loss: 0.0460 - mae: 0.2324
 6/27 [=====>........................] - ETA: 2s - loss: 0.0405 - mae: 0.2173
 7/27 [======>.......................] - ETA: 2s - loss: 0.0358 - mae: 0.2006
 8/27 [=======>......................] - ETA: 2s - loss: 0.0324 - mae: 0.1890
 9/27 [=========>....................] - ETA: 2s - loss: 0.0296 - mae: 0.1785
10/27 [==========>...................] - ETA: 2s - loss: 0.0270 - mae: 0.1665
11/27 [===========>..................] - ETA: 2s - loss: 0.0247 - mae: 0.1544
12/27 [============>.................] - ETA: 1s - loss: 0.0227 - mae: 0.1447
13/27 [=============>................] - ETA: 1s - loss: 0.0217 - mae: 0.1425
14/27 [==============>...............] - ETA: 1s - loss: 0.0215 - mae: 0.1453
15/27 [===============>..............] - ETA: 1s - loss: 0.0216 - mae: 0.1493
16/27 [================>.............] - ETA: 1s - loss: 0.0217 - mae: 0.1527
17/27 [=================>............] - ETA: 1s - loss: 0.0221 - mae: 0.1569
18/27 [===================>..........] - ETA: 1s - loss: 0.0211 - mae: 0.1520
19/27 [====================>.........] - ETA: 1s - loss: 0.0203 - mae: 0.1486
20/27 [=====================>........] - ETA: 0s - loss: 0.0195 - mae: 0.1450
21/27 [======================>.......] - ETA: 0s - loss: 0.0187 - mae: 0.1414
22/27 [=======================>......] - ETA: 0s - loss: 0.0180 - mae: 0.1376
23/27 [========================>.....] - ETA: 0s - loss: 0.0207 - mae: 0.1471
24/27 [=========================>....] - ETA: 0s - loss: 0.0254 - mae: 0.1625
25/27 [==========================>...] - ETA: 0s - loss: 0.0277 - mae: 0.1721
26/27 [===========================>..] - ETA: 0s - loss: 0.0300 - mae: 0.1813
27/27 [==============================] - ETA: 0s - loss: 0.0313 - mae: 0.1868
27/27 [==============================] - 4s 135ms/step - loss: 0.0313 - mae: 0.1868 - val_loss: 0.0127 - val_mae: 0.1361 - lr: 0.0030
Epoch 11/100

 1/27 [>.............................] - ETA: 3s - loss: 0.1483 - mae: 0.5396
 2/27 [=>............................] - ETA: 3s - loss: 0.0950 - mae: 0.3957
 3/27 [==>...........................] - ETA: 3s - loss: 0.0741 - mae: 0.3442
 4/27 [===>..........................] - ETA: 3s - loss: 0.0569 - mae: 0.2787
 5/27 [====>.........................] - ETA: 2s - loss: 0.0461 - mae: 0.2333
 6/27 [=====>........................] - ETA: 2s - loss: 0.0401 - mae: 0.2159
 7/27 [======>.......................] - ETA: 2s - loss: 0.0354 - mae: 0.1995
 8/27 [=======>......................] - ETA: 2s - loss: 0.0318 - mae: 0.1872
 9/27 [=========>....................] - ETA: 2s - loss: 0.0289 - mae: 0.1754
10/27 [==========>...................] - ETA: 2s - loss: 0.0263 - mae: 0.1637
11/27 [===========>..................] - ETA: 2s - loss: 0.0241 - mae: 0.1531
12/27 [============>.................] - ETA: 1s - loss: 0.0223 - mae: 0.1449
13/27 [=============>................] - ETA: 1s - loss: 0.0213 - mae: 0.1425
14/27 [==============>...............] - ETA: 1s - loss: 0.0207 - mae: 0.1433
15/27 [===============>..............] - ETA: 1s - loss: 0.0207 - mae: 0.1457
16/27 [================>.............] - ETA: 1s - loss: 0.0201 - mae: 0.1446
17/27 [=================>............] - ETA: 1s - loss: 0.0196 - mae: 0.1431
18/27 [===================>..........] - ETA: 1s - loss: 0.0191 - mae: 0.1423
19/27 [====================>.........] - ETA: 1s - loss: 0.0184 - mae: 0.1393
20/27 [=====================>........] - ETA: 0s - loss: 0.0183 - mae: 0.1408
21/27 [======================>.......] - ETA: 0s - loss: 0.0185 - mae: 0.1434
22/27 [=======================>......] - ETA: 0s - loss: 0.0181 - mae: 0.1424
23/27 [========================>.....] - ETA: 0s - loss: 0.0209 - mae: 0.1517
24/27 [=========================>....] - ETA: 0s - loss: 0.0239 - mae: 0.1631
25/27 [==========================>...] - ETA: 0s - loss: 0.0253 - mae: 0.1702
26/27 [===========================>..] - ETA: 0s - loss: 0.0262 - mae: 0.1756
27/27 [==============================] - ETA: 0s - loss: 0.0264 - mae: 0.1775
27/27 [==============================] - 4s 136ms/step - loss: 0.0264 - mae: 0.1775 - val_loss: 0.0042 - val_mae: 0.0800 - lr: 0.0030
Epoch 12/100

 1/27 [>.............................] - ETA: 3s - loss: 0.1762 - mae: 0.5909
 2/27 [=>............................] - ETA: 3s - loss: 0.1215 - mae: 0.4664
 3/27 [==>...........................] - ETA: 3s - loss: 0.0982 - mae: 0.4155
 4/27 [===>..........................] - ETA: 2s - loss: 0.0754 - mae: 0.3326
 5/27 [====>.........................] - ETA: 2s - loss: 0.0619 - mae: 0.2903
 6/27 [=====>........................] - ETA: 2s - loss: 0.0551 - mae: 0.2751
 7/27 [======>.......................] - ETA: 2s - loss: 0.0496 - mae: 0.2590
 8/27 [=======>......................] - ETA: 2s - loss: 0.0451 - mae: 0.2465
 9/27 [=========>....................] - ETA: 2s - loss: 0.0413 - mae: 0.2344
10/27 [==========>...................] - ETA: 2s - loss: 0.0377 - mae: 0.2198
11/27 [===========>..................] - ETA: 2s - loss: 0.0345 - mae: 0.2043
12/27 [============>.................] - ETA: 1s - loss: 0.0318 - mae: 0.1916
13/27 [=============>................] - ETA: 1s - loss: 0.0298 - mae: 0.1848
14/27 [==============>...............] - ETA: 1s - loss: 0.0287 - mae: 0.1829
15/27 [===============>..............] - ETA: 1s - loss: 0.0279 - mae: 0.1823
16/27 [================>.............] - ETA: 1s - loss: 0.0270 - mae: 0.1802
17/27 [=================>............] - ETA: 1s - loss: 0.0260 - mae: 0.1765
18/27 [===================>..........] - ETA: 1s - loss: 0.0249 - mae: 0.1719
19/27 [====================>.........] - ETA: 1s - loss: 0.0239 - mae: 0.1672
20/27 [=====================>........] - ETA: 0s - loss: 0.0235 - mae: 0.1674
21/27 [======================>.......] - ETA: 0s - loss: 0.0231 - mae: 0.1671
22/27 [=======================>......] - ETA: 0s - loss: 0.0224 - mae: 0.1645
23/27 [========================>.....] - ETA: 0s - loss: 0.0258 - mae: 0.1751
24/27 [=========================>....] - ETA: 0s - loss: 0.0304 - mae: 0.1892
25/27 [==========================>...] - ETA: 0s - loss: 0.0324 - mae: 0.1976
26/27 [===========================>..] - ETA: 0s - loss: 0.0335 - mae: 0.2030
27/27 [==============================] - ETA: 0s - loss: 0.0338 - mae: 0.2055
27/27 [==============================] - 4s 140ms/step - loss: 0.0338 - mae: 0.2055 - val_loss: 0.0055 - val_mae: 0.0848 - lr: 0.0030
Epoch 13/100

 1/27 [>.............................] - ETA: 3s - loss: 0.1536 - mae: 0.5521
 2/27 [=>............................] - ETA: 3s - loss: 0.1041 - mae: 0.4263
 3/27 [==>...........................] - ETA: 2s - loss: 0.0838 - mae: 0.3796
 4/27 [===>..........................] - ETA: 2s - loss: 0.0643 - mae: 0.3042
 5/27 [====>.........................] - ETA: 2s - loss: 0.0525 - mae: 0.2623
 6/27 [=====>........................] - ETA: 2s - loss: 0.0469 - mae: 0.2496
 7/27 [======>.......................] - ETA: 2s - loss: 0.0417 - mae: 0.2336
 8/27 [=======>......................] - ETA: 2s - loss: 0.0375 - mae: 0.2192
 9/27 [=========>....................] - ETA: 2s - loss: 0.0346 - mae: 0.2095
10/27 [==========>...................] - ETA: 2s - loss: 0.0316 - mae: 0.1971
11/27 [===========>..................] - ETA: 2s - loss: 0.0288 - mae: 0.1830
12/27 [============>.................] - ETA: 1s - loss: 0.0267 - mae: 0.1724
13/27 [=============>................] - ETA: 1s - loss: 0.0253 - mae: 0.1681
14/27 [==============>...............] - ETA: 1s - loss: 0.0246 - mae: 0.1681
15/27 [===============>..............] - ETA: 1s - loss: 0.0243 - mae: 0.1693
16/27 [================>.............] - ETA: 1s - loss: 0.0235 - mae: 0.1678
17/27 [=================>............] - ETA: 1s - loss: 0.0229 - mae: 0.1665
18/27 [===================>..........] - ETA: 1s - loss: 0.0220 - mae: 0.1622
19/27 [====================>.........] - ETA: 1s - loss: 0.0211 - mae: 0.1570
20/27 [=====================>........] - ETA: 0s - loss: 0.0204 - mae: 0.1548
21/27 [======================>.......] - ETA: 0s - loss: 0.0198 - mae: 0.1525
22/27 [=======================>......] - ETA: 0s - loss: 0.0192 - mae: 0.1501
23/27 [========================>.....] - ETA: 0s - loss: 0.0224 - mae: 0.1603
24/27 [=========================>....] - ETA: 0s - loss: 0.0265 - mae: 0.1740
25/27 [==========================>...] - ETA: 0s - loss: 0.0287 - mae: 0.1829
26/27 [===========================>..] - ETA: 0s - loss: 0.0303 - mae: 0.1901
27/27 [==============================] - ETA: 0s - loss: 0.0308 - mae: 0.1933
27/27 [==============================] - 4s 138ms/step - loss: 0.0308 - mae: 0.1933 - val_loss: 0.0075 - val_mae: 0.0974 - lr: 0.0030
Epoch 14/100

 1/27 [>.............................] - ETA: 3s - loss: 0.1343 - mae: 0.5121
 2/27 [=>............................] - ETA: 3s - loss: 0.0895 - mae: 0.3898
 3/27 [==>...........................] - ETA: 3s - loss: 0.0716 - mae: 0.3452
 4/27 [===>..........................] - ETA: 2s - loss: 0.0548 - mae: 0.2782
 5/27 [====>.........................] - ETA: 2s - loss: 0.0446 - mae: 0.2369
 6/27 [=====>........................] - ETA: 2s - loss: 0.0392 - mae: 0.2213
 7/27 [======>.......................] - ETA: 2s - loss: 0.0342 - mae: 0.2015
 8/27 [=======>......................] - ETA: 2s - loss: 0.0307 - mae: 0.1881
 9/27 [=========>....................] - ETA: 2s - loss: 0.0281 - mae: 0.1774
10/27 [==========>...................] - ETA: 2s - loss: 0.0256 - mae: 0.1655
11/27 [===========>..................] - ETA: 2s - loss: 0.0234 - mae: 0.1537
12/27 [============>.................] - ETA: 1s - loss: 0.0216 - mae: 0.1438
13/27 [=============>................] - ETA: 1s - loss: 0.0204 - mae: 0.1397
14/27 [==============>...............] - ETA: 1s - loss: 0.0199 - mae: 0.1405
15/27 [===============>..............] - ETA: 1s - loss: 0.0199 - mae: 0.1430
16/27 [================>.............] - ETA: 1s - loss: 0.0193 - mae: 0.1426
17/27 [=================>............] - ETA: 1s - loss: 0.0195 - mae: 0.1447
18/27 [===================>..........] - ETA: 1s - loss: 0.0187 - mae: 0.1409
19/27 [====================>.........] - ETA: 1s - loss: 0.0181 - mae: 0.1376
20/27 [=====================>........] - ETA: 0s - loss: 0.0175 - mae: 0.1352
21/27 [======================>.......] - ETA: 0s - loss: 0.0169 - mae: 0.1334
22/27 [=======================>......] - ETA: 0s - loss: 0.0164 - mae: 0.1306
23/27 [========================>.....] - ETA: 0s - loss: 0.0191 - mae: 0.1400
24/27 [=========================>....] - ETA: 0s - loss: 0.0221 - mae: 0.1516
25/27 [==========================>...] - ETA: 0s - loss: 0.0236 - mae: 0.1590
26/27 [===========================>..] - ETA: 0s - loss: 0.0247 - mae: 0.1650
27/27 [==============================] - ETA: 0s - loss: 0.0251 - mae: 0.1680
27/27 [==============================] - 4s 139ms/step - loss: 0.0251 - mae: 0.1680 - val_loss: 0.0072 - val_mae: 0.0963 - lr: 0.0030
Epoch 15/100

 1/27 [>.............................] - ETA: 3s - loss: 0.1398 - mae: 0.5181
 2/27 [=>............................] - ETA: 3s - loss: 0.0897 - mae: 0.3807
 3/27 [==>...........................] - ETA: 3s - loss: 0.0681 - mae: 0.3225
 4/27 [===>..........................] - ETA: 3s - loss: 0.0527 - mae: 0.2671
 5/27 [====>.........................] - ETA: 2s - loss: 0.0426 - mae: 0.2246
 6/27 [=====>........................] - ETA: 2s - loss: 0.0373 - mae: 0.2082
 7/27 [======>.......................] - ETA: 2s - loss: 0.0332 - mae: 0.1929
 8/27 [=======>......................] - ETA: 2s - loss: 0.0296 - mae: 0.1784
 9/27 [=========>....................] - ETA: 2s - loss: 0.0273 - mae: 0.1700
10/27 [==========>...................] - ETA: 2s - loss: 0.0249 - mae: 0.1592
11/27 [===========>..................] - ETA: 2s - loss: 0.0228 - mae: 0.1497
12/27 [============>.................] - ETA: 2s - loss: 0.0212 - mae: 0.1432
13/27 [=============>................] - ETA: 1s - loss: 0.0201 - mae: 0.1377
14/27 [==============>...............] - ETA: 1s - loss: 0.0193 - mae: 0.1360
15/27 [===============>..............] - ETA: 1s - loss: 0.0185 - mae: 0.1342
16/27 [================>.............] - ETA: 1s - loss: 0.0180 - mae: 0.1332
17/27 [=================>............] - ETA: 1s - loss: 0.0176 - mae: 0.1325
18/27 [===================>..........] - ETA: 1s - loss: 0.0168 - mae: 0.1293
19/27 [====================>.........] - ETA: 1s - loss: 0.0164 - mae: 0.1274
20/27 [=====================>........] - ETA: 0s - loss: 0.0159 - mae: 0.1257
21/27 [======================>.......] - ETA: 0s - loss: 0.0154 - mae: 0.1239
22/27 [=======================>......] - ETA: 0s - loss: 0.0149 - mae: 0.1210
23/27 [========================>.....] - ETA: 0s - loss: 0.0172 - mae: 0.1296
24/27 [=========================>....] - ETA: 0s - loss: 0.0196 - mae: 0.1399
25/27 [==========================>...] - ETA: 0s - loss: 0.0205 - mae: 0.1456
26/27 [===========================>..] - ETA: 0s - loss: 0.0208 - mae: 0.1493
27/27 [==============================] - ETA: 0s - loss: 0.0209 - mae: 0.1509
27/27 [==============================] - 4s 144ms/step - loss: 0.0209 - mae: 0.1509 - val_loss: 0.0031 - val_mae: 0.0689 - lr: 0.0030
Epoch 16/100

 1/27 [>.............................] - ETA: 3s - loss: 0.1115 - mae: 0.4694
 2/27 [=>............................] - ETA: 3s - loss: 0.0735 - mae: 0.3460
 3/27 [==>...........................] - ETA: 3s - loss: 0.0559 - mae: 0.2964
 4/27 [===>..........................] - ETA: 2s - loss: 0.0432 - mae: 0.2440
 5/27 [====>.........................] - ETA: 2s - loss: 0.0365 - mae: 0.2202
 6/27 [=====>........................] - ETA: 2s - loss: 0.0321 - mae: 0.2059
 7/27 [======>.......................] - ETA: 2s - loss: 0.0283 - mae: 0.1890
 8/27 [=======>......................] - ETA: 2s - loss: 0.0251 - mae: 0.1729
 9/27 [=========>....................] - ETA: 2s - loss: 0.0229 - mae: 0.1626
10/27 [==========>...................] - ETA: 2s - loss: 0.0213 - mae: 0.1564
11/27 [===========>..................] - ETA: 2s - loss: 0.0202 - mae: 0.1538
12/27 [============>.................] - ETA: 1s - loss: 0.0191 - mae: 0.1496
13/27 [=============>................] - ETA: 1s - loss: 0.0179 - mae: 0.1430
14/27 [==============>...............] - ETA: 1s - loss: 0.0172 - mae: 0.1394
15/27 [===============>..............] - ETA: 1s - loss: 0.0164 - mae: 0.1358
16/27 [================>.............] - ETA: 1s - loss: 0.0158 - mae: 0.1325
17/27 [=================>............] - ETA: 1s - loss: 0.0153 - mae: 0.1299
18/27 [===================>..........] - ETA: 1s - loss: 0.0149 - mae: 0.1280
19/27 [====================>.........] - ETA: 1s - loss: 0.0143 - mae: 0.1247
20/27 [=====================>........] - ETA: 0s - loss: 0.0139 - mae: 0.1237
21/27 [======================>.......] - ETA: 0s - loss: 0.0135 - mae: 0.1210
22/27 [=======================>......] - ETA: 0s - loss: 0.0130 - mae: 0.1180
23/27 [========================>.....] - ETA: 0s - loss: 0.0151 - mae: 0.1263
24/27 [=========================>....] - ETA: 0s - loss: 0.0161 - mae: 0.1319
25/27 [==========================>...] - ETA: 0s - loss: 0.0162 - mae: 0.1342
26/27 [===========================>..] - ETA: 0s - loss: 0.0161 - mae: 0.1349
27/27 [==============================] - ETA: 0s - loss: 0.0159 - mae: 0.1345
27/27 [==============================] - 4s 143ms/step - loss: 0.0159 - mae: 0.1345 - val_loss: 0.0088 - val_mae: 0.1072 - lr: 0.0030
Epoch 17/100

 1/27 [>.............................] - ETA: 3s - loss: 0.1183 - mae: 0.4765
 2/27 [=>............................] - ETA: 3s - loss: 0.0752 - mae: 0.3445
 3/27 [==>...........................] - ETA: 3s - loss: 0.0598 - mae: 0.2991
 4/27 [===>..........................] - ETA: 3s - loss: 0.0460 - mae: 0.2452
 5/27 [====>.........................] - ETA: 2s - loss: 0.0402 - mae: 0.2284
 6/27 [=====>........................] - ETA: 2s - loss: 0.0365 - mae: 0.2203
 7/27 [======>.......................] - ETA: 2s - loss: 0.0317 - mae: 0.1974
 8/27 [=======>......................] - ETA: 2s - loss: 0.0285 - mae: 0.1843
 9/27 [=========>....................] - ETA: 2s - loss: 0.0258 - mae: 0.1719
10/27 [==========>...................] - ETA: 2s - loss: 0.0242 - mae: 0.1669
11/27 [===========>..................] - ETA: 2s - loss: 0.0237 - mae: 0.1679
12/27 [============>.................] - ETA: 2s - loss: 0.0231 - mae: 0.1683
13/27 [=============>................] - ETA: 1s - loss: 0.0218 - mae: 0.1626
14/27 [==============>...............] - ETA: 1s - loss: 0.0204 - mae: 0.1543
15/27 [===============>..............] - ETA: 1s - loss: 0.0196 - mae: 0.1507
16/27 [================>.............] - ETA: 1s - loss: 0.0187 - mae: 0.1458
17/27 [=================>............] - ETA: 1s - loss: 0.0181 - mae: 0.1428
18/27 [===================>..........] - ETA: 1s - loss: 0.0175 - mae: 0.1408
19/27 [====================>.........] - ETA: 1s - loss: 0.0169 - mae: 0.1382
20/27 [=====================>........] - ETA: 0s - loss: 0.0163 - mae: 0.1352
21/27 [======================>.......] - ETA: 0s - loss: 0.0157 - mae: 0.1314
22/27 [=======================>......] - ETA: 0s - loss: 0.0154 - mae: 0.1315
23/27 [========================>.....] - ETA: 0s - loss: 0.0167 - mae: 0.1378
24/27 [=========================>....] - ETA: 0s - loss: 0.0171 - mae: 0.1401
25/27 [==========================>...] - ETA: 0s - loss: 0.0167 - mae: 0.1386
26/27 [===========================>..] - ETA: 0s - loss: 0.0163 - mae: 0.1371
27/27 [==============================] - ETA: 0s - loss: 0.0160 - mae: 0.1361
27/27 [==============================] - 4s 146ms/step - loss: 0.0160 - mae: 0.1361 - val_loss: 0.0045 - val_mae: 0.0768 - lr: 0.0030
Epoch 18/100

 1/27 [>.............................] - ETA: 3s - loss: 0.0975 - mae: 0.4322
 2/27 [=>............................] - ETA: 3s - loss: 0.0568 - mae: 0.2869
 3/27 [==>...........................] - ETA: 3s - loss: 0.0409 - mae: 0.2265
 4/27 [===>..........................] - ETA: 3s - loss: 0.0349 - mae: 0.2114
 5/27 [====>.........................] - ETA: 3s - loss: 0.0285 - mae: 0.1817
 6/27 [=====>........................] - ETA: 2s - loss: 0.0242 - mae: 0.1622
 7/27 [======>.......................] - ETA: 2s - loss: 0.0214 - mae: 0.1504
 8/27 [=======>......................] - ETA: 2s - loss: 0.0190 - mae: 0.1375
 9/27 [=========>....................] - ETA: 2s - loss: 0.0175 - mae: 0.1322
10/27 [==========>...................] - ETA: 2s - loss: 0.0163 - mae: 0.1274
11/27 [===========>..................] - ETA: 2s - loss: 0.0151 - mae: 0.1221
12/27 [============>.................] - ETA: 2s - loss: 0.0141 - mae: 0.1178
13/27 [=============>................] - ETA: 1s - loss: 0.0133 - mae: 0.1137
14/27 [==============>...............] - ETA: 1s - loss: 0.0132 - mae: 0.1156
15/27 [===============>..............] - ETA: 1s - loss: 0.0132 - mae: 0.1170
16/27 [================>.............] - ETA: 1s - loss: 0.0126 - mae: 0.1139
17/27 [=================>............] - ETA: 1s - loss: 0.0124 - mae: 0.1135
18/27 [===================>..........] - ETA: 1s - loss: 0.0125 - mae: 0.1158
19/27 [====================>.........] - ETA: 1s - loss: 0.0121 - mae: 0.1133
20/27 [=====================>........] - ETA: 0s - loss: 0.0119 - mae: 0.1134
21/27 [======================>.......] - ETA: 0s - loss: 0.0115 - mae: 0.1116
22/27 [=======================>......] - ETA: 0s - loss: 0.0113 - mae: 0.1104
23/27 [========================>.....] - ETA: 0s - loss: 0.0131 - mae: 0.1182
24/27 [=========================>....] - ETA: 0s - loss: 0.0133 - mae: 0.1185
25/27 [==========================>...] - ETA: 0s - loss: 0.0128 - mae: 0.1153
26/27 [===========================>..] - ETA: 0s - loss: 0.0124 - mae: 0.1122
27/27 [==============================] - ETA: 0s - loss: 0.0121 - mae: 0.1101
27/27 [==============================] - 4s 151ms/step - loss: 0.0121 - mae: 0.1101 - val_loss: 0.0162 - val_mae: 0.1595 - lr: 0.0030
Epoch 19/100

 1/27 [>.............................] - ETA: 3s - loss: 0.0961 - mae: 0.4293
 2/27 [=>............................] - ETA: 3s - loss: 0.0559 - mae: 0.2807
 3/27 [==>...........................] - ETA: 3s - loss: 0.0396 - mae: 0.2198
 4/27 [===>..........................] - ETA: 3s - loss: 0.0322 - mae: 0.1948
 5/27 [====>.........................] - ETA: 3s - loss: 0.0270 - mae: 0.1736
 6/27 [=====>........................] - ETA: 2s - loss: 0.0232 - mae: 0.1576
 7/27 [======>.......................] - ETA: 2s - loss: 0.0203 - mae: 0.1437
 8/27 [=======>......................] - ETA: 2s - loss: 0.0183 - mae: 0.1360
 9/27 [=========>....................] - ETA: 2s - loss: 0.0167 - mae: 0.1289
10/27 [==========>...................] - ETA: 2s - loss: 0.0156 - mae: 0.1252
11/27 [===========>..................] - ETA: 2s - loss: 0.0149 - mae: 0.1243
12/27 [============>.................] - ETA: 2s - loss: 0.0141 - mae: 0.1216
13/27 [=============>................] - ETA: 1s - loss: 0.0133 - mae: 0.1168
14/27 [==============>...............] - ETA: 1s - loss: 0.0130 - mae: 0.1171
15/27 [===============>..............] - ETA: 1s - loss: 0.0128 - mae: 0.1168
16/27 [================>.............] - ETA: 1s - loss: 0.0122 - mae: 0.1144
17/27 [=================>............] - ETA: 1s - loss: 0.0118 - mae: 0.1120
18/27 [===================>..........] - ETA: 1s - loss: 0.0120 - mae: 0.1142
19/27 [====================>.........] - ETA: 1s - loss: 0.0118 - mae: 0.1139
20/27 [=====================>........] - ETA: 0s - loss: 0.0113 - mae: 0.1106
21/27 [======================>.......] - ETA: 0s - loss: 0.0109 - mae: 0.1081
22/27 [=======================>......] - ETA: 0s - loss: 0.0109 - mae: 0.1095
23/27 [========================>.....] - ETA: 0s - loss: 0.0121 - mae: 0.1156
24/27 [=========================>....] - ETA: 0s - loss: 0.0124 - mae: 0.1169
25/27 [==========================>...] - ETA: 0s - loss: 0.0120 - mae: 0.1145
26/27 [===========================>..] - ETA: 0s - loss: 0.0117 - mae: 0.1128
27/27 [==============================] - ETA: 0s - loss: 0.0114 - mae: 0.1111
27/27 [==============================] - 4s 147ms/step - loss: 0.0114 - mae: 0.1111 - val_loss: 0.0040 - val_mae: 0.0743 - lr: 0.0030
Epoch 20/100

 1/27 [>.............................] - ETA: 3s - loss: 0.0585 - mae: 0.3284
 2/27 [=>............................] - ETA: 3s - loss: 0.0349 - mae: 0.2177
 3/27 [==>...........................] - ETA: 3s - loss: 0.0244 - mae: 0.1634
 4/27 [===>..........................] - ETA: 2s - loss: 0.0235 - mae: 0.1700
 5/27 [====>.........................] - ETA: 2s - loss: 0.0197 - mae: 0.1523
 6/27 [=====>........................] - ETA: 2s - loss: 0.0174 - mae: 0.1393
 7/27 [======>.......................] - ETA: 2s - loss: 0.0154 - mae: 0.1280
 8/27 [=======>......................] - ETA: 2s - loss: 0.0140 - mae: 0.1211
 9/27 [=========>....................] - ETA: 2s - loss: 0.0139 - mae: 0.1232
10/27 [==========>...................] - ETA: 2s - loss: 0.0129 - mae: 0.1192
11/27 [===========>..................] - ETA: 2s - loss: 0.0122 - mae: 0.1163
12/27 [============>.................] - ETA: 2s - loss: 0.0117 - mae: 0.1153
13/27 [=============>................] - ETA: 1s - loss: 0.0111 - mae: 0.1110
14/27 [==============>...............] - ETA: 1s - loss: 0.0105 - mae: 0.1070
15/27 [===============>..............] - ETA: 1s - loss: 0.0101 - mae: 0.1045
16/27 [================>.............] - ETA: 1s - loss: 0.0096 - mae: 0.1013
17/27 [=================>............] - ETA: 1s - loss: 0.0093 - mae: 0.1002
18/27 [===================>..........] - ETA: 1s - loss: 0.0092 - mae: 0.1004
19/27 [====================>.........] - ETA: 1s - loss: 0.0090 - mae: 0.0992
20/27 [=====================>........] - ETA: 0s - loss: 0.0088 - mae: 0.0978
21/27 [======================>.......] - ETA: 0s - loss: 0.0084 - mae: 0.0955
22/27 [=======================>......] - ETA: 0s - loss: 0.0083 - mae: 0.0958
23/27 [========================>.....] - ETA: 0s - loss: 0.0099 - mae: 0.1038
24/27 [=========================>....] - ETA: 0s - loss: 0.0102 - mae: 0.1045
25/27 [==========================>...] - ETA: 0s - loss: 0.0098 - mae: 0.1018
26/27 [===========================>..] - ETA: 0s - loss: 0.0096 - mae: 0.1001
27/27 [==============================] - ETA: 0s - loss: 0.0094 - mae: 0.0986
27/27 [==============================] - 4s 151ms/step - loss: 0.0094 - mae: 0.0986 - val_loss: 0.0060 - val_mae: 0.0907 - lr: 0.0030
Epoch 21/100

 1/27 [>.............................] - ETA: 3s - loss: 0.0974 - mae: 0.4321
 2/27 [=>............................] - ETA: 3s - loss: 0.0589 - mae: 0.2881
 3/27 [==>...........................] - ETA: 3s - loss: 0.0419 - mae: 0.2213
 4/27 [===>..........................] - ETA: 3s - loss: 0.0346 - mae: 0.2010
 5/27 [====>.........................] - ETA: 3s - loss: 0.0285 - mae: 0.1750
 6/27 [=====>........................] - ETA: 2s - loss: 0.0242 - mae: 0.1551
 7/27 [======>.......................] - ETA: 2s - loss: 0.0212 - mae: 0.1416
 8/27 [=======>......................] - ETA: 2s - loss: 0.0190 - mae: 0.1312
 9/27 [=========>....................] - ETA: 2s - loss: 0.0177 - mae: 0.1286
10/27 [==========>...................] - ETA: 2s - loss: 0.0166 - mae: 0.1260
11/27 [===========>..................] - ETA: 2s - loss: 0.0156 - mae: 0.1227
12/27 [============>.................] - ETA: 2s - loss: 0.0147 - mae: 0.1199
13/27 [=============>................] - ETA: 1s - loss: 0.0138 - mae: 0.1151
14/27 [==============>...............] - ETA: 1s - loss: 0.0130 - mae: 0.1104
15/27 [===============>..............] - ETA: 1s - loss: 0.0125 - mae: 0.1083
16/27 [================>.............] - ETA: 1s - loss: 0.0122 - mae: 0.1087
17/27 [=================>............] - ETA: 1s - loss: 0.0121 - mae: 0.1087
18/27 [===================>..........] - ETA: 1s - loss: 0.0124 - mae: 0.1118
19/27 [====================>.........] - ETA: 1s - loss: 0.0121 - mae: 0.1109
20/27 [=====================>........] - ETA: 0s - loss: 0.0116 - mae: 0.1080
21/27 [======================>.......] - ETA: 0s - loss: 0.0113 - mae: 0.1072
22/27 [=======================>......] - ETA: 0s - loss: 0.0115 - mae: 0.1096
23/27 [========================>.....] - ETA: 0s - loss: 0.0126 - mae: 0.1158
24/27 [=========================>....] - ETA: 0s - loss: 0.0126 - mae: 0.1148
25/27 [==========================>...] - ETA: 0s - loss: 0.0122 - mae: 0.1125
26/27 [===========================>..] - ETA: 0s - loss: 0.0118 - mae: 0.1097
27/27 [==============================] - ETA: 0s - loss: 0.0115 - mae: 0.1080
27/27 [==============================] - 4s 147ms/step - loss: 0.0115 - mae: 0.1080 - val_loss: 0.0060 - val_mae: 0.0942 - lr: 0.0030
Epoch 22/100

 1/27 [>.............................] - ETA: 3s - loss: 0.0529 - mae: 0.3180
 2/27 [=>............................] - ETA: 3s - loss: 0.0306 - mae: 0.2085
 3/27 [==>...........................] - ETA: 3s - loss: 0.0219 - mae: 0.1648
 4/27 [===>..........................] - ETA: 3s - loss: 0.0268 - mae: 0.1909
 5/27 [====>.........................] - ETA: 2s - loss: 0.0242 - mae: 0.1830
 6/27 [=====>........................] - ETA: 2s - loss: 0.0208 - mae: 0.1651
 7/27 [======>.......................] - ETA: 2s - loss: 0.0186 - mae: 0.1537
 8/27 [=======>......................] - ETA: 2s - loss: 0.0165 - mae: 0.1412
 9/27 [=========>....................] - ETA: 2s - loss: 0.0154 - mae: 0.1361
10/27 [==========>...................] - ETA: 2s - loss: 0.0142 - mae: 0.1290
11/27 [===========>..................] - ETA: 2s - loss: 0.0131 - mae: 0.1220
12/27 [============>.................] - ETA: 2s - loss: 0.0122 - mae: 0.1161
13/27 [=============>................] - ETA: 1s - loss: 0.0121 - mae: 0.1178
14/27 [==============>...............] - ETA: 1s - loss: 0.0127 - mae: 0.1232
15/27 [===============>..............] - ETA: 1s - loss: 0.0129 - mae: 0.1260
16/27 [================>.............] - ETA: 1s - loss: 0.0125 - mae: 0.1237
17/27 [=================>............] - ETA: 1s - loss: 0.0120 - mae: 0.1213
18/27 [===================>..........] - ETA: 1s - loss: 0.0118 - mae: 0.1206
19/27 [====================>.........] - ETA: 1s - loss: 0.0113 - mae: 0.1169
20/27 [=====================>........] - ETA: 0s - loss: 0.0110 - mae: 0.1153
21/27 [======================>.......] - ETA: 0s - loss: 0.0107 - mae: 0.1143
22/27 [=======================>......] - ETA: 0s - loss: 0.0104 - mae: 0.1116
23/27 [========================>.....] - ETA: 0s - loss: 0.0129 - mae: 0.1211
24/27 [=========================>....] - ETA: 0s - loss: 0.0133 - mae: 0.1234
25/27 [==========================>...] - ETA: 0s - loss: 0.0130 - mae: 0.1222
26/27 [===========================>..] - ETA: 0s - loss: 0.0128 - mae: 0.1219
27/27 [==============================] - ETA: 0s - loss: 0.0126 - mae: 0.1206
27/27 [==============================] - 4s 144ms/step - loss: 0.0126 - mae: 0.1206 - val_loss: 0.0038 - val_mae: 0.0737 - lr: 0.0030
Epoch 23/100

 1/27 [>.............................] - ETA: 3s - loss: 0.0776 - mae: 0.3870
 2/27 [=>............................] - ETA: 3s - loss: 0.0462 - mae: 0.2576
 3/27 [==>...........................] - ETA: 3s - loss: 0.0341 - mae: 0.2103
 4/27 [===>..........................] - ETA: 3s - loss: 0.0278 - mae: 0.1857
 5/27 [====>.........................] - ETA: 2s - loss: 0.0239 - mae: 0.1708
 6/27 [=====>........................] - ETA: 2s - loss: 0.0206 - mae: 0.1561
 7/27 [======>.......................] - ETA: 2s - loss: 0.0180 - mae: 0.1410
 8/27 [=======>......................] - ETA: 2s - loss: 0.0160 - mae: 0.1304
 9/27 [=========>....................] - ETA: 2s - loss: 0.0145 - mae: 0.1223
10/27 [==========>...................] - ETA: 2s - loss: 0.0134 - mae: 0.1168
11/27 [===========>..................] - ETA: 2s - loss: 0.0128 - mae: 0.1157
12/27 [============>.................] - ETA: 2s - loss: 0.0123 - mae: 0.1153
13/27 [=============>................] - ETA: 1s - loss: 0.0116 - mae: 0.1112
14/27 [==============>...............] - ETA: 1s - loss: 0.0110 - mae: 0.1078
15/27 [===============>..............] - ETA: 1s - loss: 0.0107 - mae: 0.1060
16/27 [================>.............] - ETA: 1s - loss: 0.0102 - mae: 0.1033
17/27 [=================>............] - ETA: 1s - loss: 0.0099 - mae: 0.1018
18/27 [===================>..........] - ETA: 1s - loss: 0.0099 - mae: 0.1026
19/27 [====================>.........] - ETA: 1s - loss: 0.0100 - mae: 0.1041
20/27 [=====================>........] - ETA: 0s - loss: 0.0096 - mae: 0.1015
21/27 [======================>.......] - ETA: 0s - loss: 0.0093 - mae: 0.0996
22/27 [=======================>......] - ETA: 0s - loss: 0.0096 - mae: 0.1026
23/27 [========================>.....] - ETA: 0s - loss: 0.0108 - mae: 0.1092
24/27 [=========================>....] - ETA: 0s - loss: 0.0109 - mae: 0.1089
25/27 [==========================>...] - ETA: 0s - loss: 0.0106 - mae: 0.1072
26/27 [===========================>..] - ETA: 0s - loss: 0.0103 - mae: 0.1053
27/27 [==============================] - ETA: 0s - loss: 0.0100 - mae: 0.1038
27/27 [==============================] - 4s 149ms/step - loss: 0.0100 - mae: 0.1038 - val_loss: 0.0090 - val_mae: 0.1131 - lr: 0.0030
Epoch 24/100

 1/27 [>.............................] - ETA: 3s - loss: 0.0467 - mae: 0.2896
 2/27 [=>............................] - ETA: 3s - loss: 0.0299 - mae: 0.2117
 3/27 [==>...........................] - ETA: 3s - loss: 0.0224 - mae: 0.1746
 4/27 [===>..........................] - ETA: 3s - loss: 0.0255 - mae: 0.1927
 5/27 [====>.........................] - ETA: 2s - loss: 0.0230 - mae: 0.1838
 6/27 [=====>........................] - ETA: 2s - loss: 0.0195 - mae: 0.1615
 7/27 [======>.......................] - ETA: 2s - loss: 0.0170 - mae: 0.1471
 8/27 [=======>......................] - ETA: 2s - loss: 0.0152 - mae: 0.1353
 9/27 [=========>....................] - ETA: 2s - loss: 0.0138 - mae: 0.1272
10/27 [==========>...................] - ETA: 2s - loss: 0.0126 - mae: 0.1193
11/27 [===========>..................] - ETA: 2s - loss: 0.0115 - mae: 0.1115
12/27 [============>.................] - ETA: 2s - loss: 0.0107 - mae: 0.1061
13/27 [=============>................] - ETA: 1s - loss: 0.0107 - mae: 0.1079
14/27 [==============>...............] - ETA: 1s - loss: 0.0114 - mae: 0.1144
15/27 [===============>..............] - ETA: 1s - loss: 0.0120 - mae: 0.1196
16/27 [================>.............] - ETA: 1s - loss: 0.0123 - mae: 0.1224
17/27 [=================>............] - ETA: 1s - loss: 0.0122 - mae: 0.1227
18/27 [===================>..........] - ETA: 1s - loss: 0.0117 - mae: 0.1194
19/27 [====================>.........] - ETA: 1s - loss: 0.0114 - mae: 0.1168
20/27 [=====================>........] - ETA: 0s - loss: 0.0110 - mae: 0.1144
21/27 [======================>.......] - ETA: 0s - loss: 0.0106 - mae: 0.1124
22/27 [=======================>......] - ETA: 0s - loss: 0.0103 - mae: 0.1103
23/27 [========================>.....] - ETA: 0s - loss: 0.0128 - mae: 0.1196
24/27 [=========================>....] - ETA: 0s - loss: 0.0135 - mae: 0.1232
25/27 [==========================>...] - ETA: 0s - loss: 0.0133 - mae: 0.1229
26/27 [===========================>..] - ETA: 0s - loss: 0.0130 - mae: 0.1223
27/27 [==============================] - ETA: 0s - loss: 0.0128 - mae: 0.1212
27/27 [==============================] - 4s 148ms/step - loss: 0.0128 - mae: 0.1212 - val_loss: 0.0047 - val_mae: 0.0789 - lr: 0.0030
Epoch 25/100

 1/27 [>.............................] - ETA: 3s - loss: 0.0605 - mae: 0.3275
 2/27 [=>............................] - ETA: 3s - loss: 0.0367 - mae: 0.2262
 3/27 [==>...........................] - ETA: 3s - loss: 0.0255 - mae: 0.1713
 4/27 [===>..........................] - ETA: 3s - loss: 0.0220 - mae: 0.1636
 5/27 [====>.........................] - ETA: 3s - loss: 0.0179 - mae: 0.1389
 6/27 [=====>........................] - ETA: 2s - loss: 0.0154 - mae: 0.1267
 7/27 [======>.......................] - ETA: 2s - loss: 0.0138 - mae: 0.1185
 8/27 [=======>......................] - ETA: 2s - loss: 0.0126 - mae: 0.1131
 9/27 [=========>....................] - ETA: 2s - loss: 0.0123 - mae: 0.1131
10/27 [==========>...................] - ETA: 2s - loss: 0.0115 - mae: 0.1104
11/27 [===========>..................] - ETA: 2s - loss: 0.0109 - mae: 0.1073
12/27 [============>.................] - ETA: 2s - loss: 0.0105 - mae: 0.1070
13/27 [=============>................] - ETA: 1s - loss: 0.0099 - mae: 0.1032
14/27 [==============>...............] - ETA: 1s - loss: 0.0095 - mae: 0.1004
15/27 [===============>..............] - ETA: 1s - loss: 0.0090 - mae: 0.0976
16/27 [================>.............] - ETA: 1s - loss: 0.0088 - mae: 0.0974
17/27 [=================>............] - ETA: 1s - loss: 0.0086 - mae: 0.0971
18/27 [===================>..........] - ETA: 1s - loss: 0.0088 - mae: 0.0988
19/27 [====================>.........] - ETA: 1s - loss: 0.0089 - mae: 0.1005
20/27 [=====================>........] - ETA: 0s - loss: 0.0087 - mae: 0.0989
21/27 [======================>.......] - ETA: 0s - loss: 0.0085 - mae: 0.0980
22/27 [=======================>......] - ETA: 0s - loss: 0.0087 - mae: 0.1004
23/27 [========================>.....] - ETA: 0s - loss: 0.0097 - mae: 0.1068
24/27 [=========================>....] - ETA: 0s - loss: 0.0098 - mae: 0.1061
25/27 [==========================>...] - ETA: 0s - loss: 0.0095 - mae: 0.1039
26/27 [===========================>..] - ETA: 0s - loss: 0.0092 - mae: 0.1018
27/27 [==============================] - ETA: 0s - loss: 0.0090 - mae: 0.1004
27/27 [==============================] - 4s 148ms/step - loss: 0.0090 - mae: 0.1004 - val_loss: 0.0059 - val_mae: 0.0919 - lr: 0.0030
Epoch 26/100

 1/27 [>.............................] - ETA: 3s - loss: 0.0894 - mae: 0.4150
 2/27 [=>............................] - ETA: 3s - loss: 0.0517 - mae: 0.2654
 3/27 [==>...........................] - ETA: 3s - loss: 0.0355 - mae: 0.1959
 4/27 [===>..........................] - ETA: 3s - loss: 0.0319 - mae: 0.1941
 5/27 [====>.........................] - ETA: 2s - loss: 0.0266 - mae: 0.1728
 6/27 [=====>........................] - ETA: 2s - loss: 0.0226 - mae: 0.1549
 7/27 [======>.......................] - ETA: 2s - loss: 0.0198 - mae: 0.1419
 8/27 [=======>......................] - ETA: 2s - loss: 0.0177 - mae: 0.1322
 9/27 [=========>....................] - ETA: 2s - loss: 0.0161 - mae: 0.1245
10/27 [==========>...................] - ETA: 2s - loss: 0.0147 - mae: 0.1177
11/27 [===========>..................] - ETA: 2s - loss: 0.0136 - mae: 0.1117
12/27 [============>.................] - ETA: 2s - loss: 0.0125 - mae: 0.1061
13/27 [=============>................] - ETA: 1s - loss: 0.0120 - mae: 0.1053
14/27 [==============>...............] - ETA: 1s - loss: 0.0121 - mae: 0.1086
15/27 [===============>..............] - ETA: 1s - loss: 0.0118 - mae: 0.1090
16/27 [================>.............] - ETA: 1s - loss: 0.0113 - mae: 0.1061
17/27 [=================>............] - ETA: 1s - loss: 0.0109 - mae: 0.1040
18/27 [===================>..........] - ETA: 1s - loss: 0.0108 - mae: 0.1050
19/27 [====================>.........] - ETA: 1s - loss: 0.0105 - mae: 0.1037
20/27 [=====================>........] - ETA: 0s - loss: 0.0102 - mae: 0.1020
21/27 [======================>.......] - ETA: 0s - loss: 0.0098 - mae: 0.0995
22/27 [=======================>......] - ETA: 0s - loss: 0.0095 - mae: 0.0976
23/27 [========================>.....] - ETA: 0s - loss: 0.0109 - mae: 0.1046
24/27 [=========================>....] - ETA: 0s - loss: 0.0111 - mae: 0.1058
25/27 [==========================>...] - ETA: 0s - loss: 0.0107 - mae: 0.1034
26/27 [===========================>..] - ETA: 0s - loss: 0.0103 - mae: 0.1011
27/27 [==============================] - ETA: 0s - loss: 0.0101 - mae: 0.0994
27/27 [==============================] - 4s 148ms/step - loss: 0.0101 - mae: 0.0994 - val_loss: 0.0056 - val_mae: 0.0867 - lr: 0.0030
Epoch 27/100

 1/27 [>.............................] - ETA: 3s - loss: 0.0554 - mae: 0.3109
 2/27 [=>............................] - ETA: 3s - loss: 0.0340 - mae: 0.2234
 3/27 [==>...........................] - ETA: 3s - loss: 0.0237 - mae: 0.1708
 4/27 [===>..........................] - ETA: 3s - loss: 0.0217 - mae: 0.1681
 5/27 [====>.........................] - ETA: 3s - loss: 0.0181 - mae: 0.1504
 6/27 [=====>........................] - ETA: 3s - loss: 0.0156 - mae: 0.1358
 7/27 [======>.......................] - ETA: 2s - loss: 0.0139 - mae: 0.1267
 8/27 [=======>......................] - ETA: 2s - loss: 0.0126 - mae: 0.1192
 9/27 [=========>....................] - ETA: 2s - loss: 0.0121 - mae: 0.1184
10/27 [==========>...................] - ETA: 2s - loss: 0.0113 - mae: 0.1137
11/27 [===========>..................] - ETA: 2s - loss: 0.0105 - mae: 0.1088
12/27 [============>.................] - ETA: 2s - loss: 0.0099 - mae: 0.1052
13/27 [=============>................] - ETA: 1s - loss: 0.0092 - mae: 0.1000
14/27 [==============>...............] - ETA: 1s - loss: 0.0088 - mae: 0.0973
15/27 [===============>..............] - ETA: 1s - loss: 0.0084 - mae: 0.0948
16/27 [================>.............] - ETA: 1s - loss: 0.0083 - mae: 0.0953
17/27 [=================>............] - ETA: 1s - loss: 0.0083 - mae: 0.0958
18/27 [===================>..........] - ETA: 1s - loss: 0.0083 - mae: 0.0966
19/27 [====================>.........] - ETA: 1s - loss: 0.0082 - mae: 0.0977
20/27 [=====================>........] - ETA: 0s - loss: 0.0079 - mae: 0.0953
21/27 [======================>.......] - ETA: 0s - loss: 0.0077 - mae: 0.0941
22/27 [=======================>......] - ETA: 0s - loss: 0.0080 - mae: 0.0967
23/27 [========================>.....] - ETA: 0s - loss: 0.0084 - mae: 0.1003
24/27 [=========================>....] - ETA: 0s - loss: 0.0083 - mae: 0.0989
25/27 [==========================>...] - ETA: 0s - loss: 0.0080 - mae: 0.0964
26/27 [===========================>..] - ETA: 0s - loss: 0.0078 - mae: 0.0942
27/27 [==============================] - ETA: 0s - loss: 0.0076 - mae: 0.0927
27/27 [==============================] - 4s 150ms/step - loss: 0.0076 - mae: 0.0927 - val_loss: 0.0101 - val_mae: 0.1151 - lr: 0.0030
Epoch 28/100

 1/27 [>.............................] - ETA: 3s - loss: 0.0348 - mae: 0.2523
 2/27 [=>............................] - ETA: 3s - loss: 0.0261 - mae: 0.2018
 3/27 [==>...........................] - ETA: 3s - loss: 0.0187 - mae: 0.1594
 4/27 [===>..........................] - ETA: 3s - loss: 0.0197 - mae: 0.1690
 5/27 [====>.........................] - ETA: 3s - loss: 0.0180 - mae: 0.1634
 6/27 [=====>........................] - ETA: 3s - loss: 0.0154 - mae: 0.1456
 7/27 [======>.......................] - ETA: 2s - loss: 0.0134 - mae: 0.1303
 8/27 [=======>......................] - ETA: 2s - loss: 0.0121 - mae: 0.1218
 9/27 [=========>....................] - ETA: 2s - loss: 0.0115 - mae: 0.1201
10/27 [==========>...................] - ETA: 2s - loss: 0.0106 - mae: 0.1142
11/27 [===========>..................] - ETA: 2s - loss: 0.0098 - mae: 0.1068
12/27 [============>.................] - ETA: 2s - loss: 0.0091 - mae: 0.1017
13/27 [=============>................] - ETA: 1s - loss: 0.0088 - mae: 0.1001
14/27 [==============>...............] - ETA: 1s - loss: 0.0089 - mae: 0.1021
15/27 [===============>..............] - ETA: 1s - loss: 0.0090 - mae: 0.1046
16/27 [================>.............] - ETA: 1s - loss: 0.0089 - mae: 0.1036
17/27 [=================>............] - ETA: 1s - loss: 0.0089 - mae: 0.1042
18/27 [===================>..........] - ETA: 1s - loss: 0.0089 - mae: 0.1044
19/27 [====================>.........] - ETA: 1s - loss: 0.0086 - mae: 0.1023
20/27 [=====================>........] - ETA: 0s - loss: 0.0084 - mae: 0.1014
21/27 [======================>.......] - ETA: 0s - loss: 0.0082 - mae: 0.0999
22/27 [=======================>......] - ETA: 0s - loss: 0.0079 - mae: 0.0983
23/27 [========================>.....] - ETA: 0s - loss: 0.0094 - mae: 0.1052
24/27 [=========================>....] - ETA: 0s - loss: 0.0094 - mae: 0.1044
25/27 [==========================>...] - ETA: 0s - loss: 0.0090 - mae: 0.1018
26/27 [===========================>..] - ETA: 0s - loss: 0.0087 - mae: 0.0991
27/27 [==============================] - ETA: 0s - loss: 0.0085 - mae: 0.0973
27/27 [==============================] - 4s 150ms/step - loss: 0.0085 - mae: 0.0973 - val_loss: 0.0054 - val_mae: 0.0879 - lr: 0.0030
Epoch 29/100

 1/27 [>.............................] - ETA: 3s - loss: 0.0389 - mae: 0.2611
 2/27 [=>............................] - ETA: 3s - loss: 0.0240 - mae: 0.1814
 3/27 [==>...........................] - ETA: 3s - loss: 0.0176 - mae: 0.1431
 4/27 [===>..........................] - ETA: 3s - loss: 0.0147 - mae: 0.1304
 5/27 [====>.........................] - ETA: 3s - loss: 0.0122 - mae: 0.1149
 6/27 [=====>........................] - ETA: 2s - loss: 0.0106 - mae: 0.1050
 7/27 [======>.......................] - ETA: 2s - loss: 0.0094 - mae: 0.0979
 8/27 [=======>......................] - ETA: 2s - loss: 0.0085 - mae: 0.0930
 9/27 [=========>....................] - ETA: 2s - loss: 0.0083 - mae: 0.0936
10/27 [==========>...................] - ETA: 2s - loss: 0.0078 - mae: 0.0907
11/27 [===========>..................] - ETA: 2s - loss: 0.0081 - mae: 0.0950
12/27 [============>.................] - ETA: 2s - loss: 0.0083 - mae: 0.0980
13/27 [=============>................] - ETA: 1s - loss: 0.0078 - mae: 0.0940
14/27 [==============>...............] - ETA: 1s - loss: 0.0079 - mae: 0.0956
15/27 [===============>..............] - ETA: 1s - loss: 0.0078 - mae: 0.0956
16/27 [================>.............] - ETA: 1s - loss: 0.0076 - mae: 0.0944
17/27 [=================>............] - ETA: 1s - loss: 0.0073 - mae: 0.0928
18/27 [===================>..........] - ETA: 1s - loss: 0.0073 - mae: 0.0933
19/27 [====================>.........] - ETA: 1s - loss: 0.0081 - mae: 0.0990
20/27 [=====================>........] - ETA: 0s - loss: 0.0081 - mae: 0.0993
21/27 [======================>.......] - ETA: 0s - loss: 0.0079 - mae: 0.0987
22/27 [=======================>......] - ETA: 0s - loss: 0.0078 - mae: 0.0986
23/27 [========================>.....] - ETA: 0s - loss: 0.0077 - mae: 0.0978
24/27 [=========================>....] - ETA: 0s - loss: 0.0075 - mae: 0.0963
25/27 [==========================>...] - ETA: 0s - loss: 0.0073 - mae: 0.0935
26/27 [===========================>..] - ETA: 0s - loss: 0.0072 - mae: 0.0932
27/27 [==============================] - ETA: 0s - loss: 0.0070 - mae: 0.0921
27/27 [==============================] - 4s 146ms/step - loss: 0.0070 - mae: 0.0921 - val_loss: 0.0282 - val_mae: 0.2240 - lr: 0.0030
Epoch 30/100

 1/27 [>.............................] - ETA: 3s - loss: 0.0467 - mae: 0.2833
 2/27 [=>............................] - ETA: 3s - loss: 0.0317 - mae: 0.2186
 3/27 [==>...........................] - ETA: 3s - loss: 0.0221 - mae: 0.1637
 4/27 [===>..........................] - ETA: 3s - loss: 0.0185 - mae: 0.1510
 5/27 [====>.........................] - ETA: 3s - loss: 0.0153 - mae: 0.1309
 6/27 [=====>........................] - ETA: 3s - loss: 0.0134 - mae: 0.1215
 7/27 [======>.......................] - ETA: 2s - loss: 0.0120 - mae: 0.1137
 8/27 [=======>......................] - ETA: 2s - loss: 0.0108 - mae: 0.1061
 9/27 [=========>....................] - ETA: 2s - loss: 0.0098 - mae: 0.0991
10/27 [==========>...................] - ETA: 2s - loss: 0.0091 - mae: 0.0951
11/27 [===========>..................] - ETA: 2s - loss: 0.0089 - mae: 0.0963
12/27 [============>.................] - ETA: 2s - loss: 0.0087 - mae: 0.0968
13/27 [=============>................] - ETA: 2s - loss: 0.0082 - mae: 0.0928
14/27 [==============>...............] - ETA: 1s - loss: 0.0080 - mae: 0.0931
15/27 [===============>..............] - ETA: 1s - loss: 0.0080 - mae: 0.0948
16/27 [================>.............] - ETA: 1s - loss: 0.0082 - mae: 0.0967
17/27 [=================>............] - ETA: 1s - loss: 0.0083 - mae: 0.0980
18/27 [===================>..........] - ETA: 1s - loss: 0.0079 - mae: 0.0955
19/27 [====================>.........] - ETA: 1s - loss: 0.0076 - mae: 0.0932
20/27 [=====================>........] - ETA: 1s - loss: 0.0075 - mae: 0.0930
21/27 [======================>.......] - ETA: 0s - loss: 0.0073 - mae: 0.0927
22/27 [=======================>......] - ETA: 0s - loss: 0.0071 - mae: 0.0907
23/27 [========================>.....] - ETA: 0s - loss: 0.0079 - mae: 0.0956
24/27 [=========================>....] - ETA: 0s - loss: 0.0076 - mae: 0.0933
25/27 [==========================>...] - ETA: 0s - loss: 0.0074 - mae: 0.0925
26/27 [===========================>..] - ETA: 0s - loss: 0.0073 - mae: 0.0913
27/27 [==============================] - ETA: 0s - loss: 0.0072 - mae: 0.0908
Epoch 30: ReduceLROnPlateau reducing learning rate to 0.001500000013038516.

27/27 [==============================] - 4s 152ms/step - loss: 0.0072 - mae: 0.0908 - val_loss: 0.0415 - val_mae: 0.2726 - lr: 0.0030
Epoch 31/100

 1/27 [>.............................] - ETA: 3s - loss: 0.0995 - mae: 0.4434
 2/27 [=>............................] - ETA: 3s - loss: 0.0646 - mae: 0.3266
 3/27 [==>...........................] - ETA: 3s - loss: 0.0486 - mae: 0.2745
 4/27 [===>..........................] - ETA: 3s - loss: 0.0383 - mae: 0.2304
 5/27 [====>.........................] - ETA: 3s - loss: 0.0312 - mae: 0.1958
 6/27 [=====>........................] - ETA: 2s - loss: 0.0268 - mae: 0.1776
 7/27 [======>.......................] - ETA: 2s - loss: 0.0249 - mae: 0.1731
 8/27 [=======>......................] - ETA: 2s - loss: 0.0235 - mae: 0.1707
 9/27 [=========>....................] - ETA: 2s - loss: 0.0221 - mae: 0.1661
10/27 [==========>...................] - ETA: 2s - loss: 0.0211 - mae: 0.1641
11/27 [===========>..................] - ETA: 2s - loss: 0.0204 - mae: 0.1629
12/27 [============>.................] - ETA: 2s - loss: 0.0194 - mae: 0.1587
13/27 [=============>................] - ETA: 1s - loss: 0.0180 - mae: 0.1507
14/27 [==============>...............] - ETA: 1s - loss: 0.0173 - mae: 0.1473
15/27 [===============>..............] - ETA: 1s - loss: 0.0168 - mae: 0.1460
16/27 [================>.............] - ETA: 1s - loss: 0.0163 - mae: 0.1441
17/27 [=================>............] - ETA: 1s - loss: 0.0161 - mae: 0.1435
18/27 [===================>..........] - ETA: 1s - loss: 0.0154 - mae: 0.1393
19/27 [====================>.........] - ETA: 1s - loss: 0.0151 - mae: 0.1387
20/27 [=====================>........] - ETA: 0s - loss: 0.0144 - mae: 0.1341
21/27 [======================>.......] - ETA: 0s - loss: 0.0138 - mae: 0.1301
22/27 [=======================>......] - ETA: 0s - loss: 0.0134 - mae: 0.1273
23/27 [========================>.....] - ETA: 0s - loss: 0.0133 - mae: 0.1278
24/27 [=========================>....] - ETA: 0s - loss: 0.0131 - mae: 0.1276
25/27 [==========================>...] - ETA: 0s - loss: 0.0128 - mae: 0.1255
26/27 [===========================>..] - ETA: 0s - loss: 0.0124 - mae: 0.1238
27/27 [==============================] - ETA: 0s - loss: 0.0122 - mae: 0.1220
27/27 [==============================] - 4s 147ms/step - loss: 0.0122 - mae: 0.1220 - val_loss: 0.0044 - val_mae: 0.0769 - lr: 0.0015
Epoch 32/100

 1/27 [>.............................] - ETA: 3s - loss: 0.0676 - mae: 0.3616
 2/27 [=>............................] - ETA: 3s - loss: 0.0413 - mae: 0.2453
 3/27 [==>...........................] - ETA: 3s - loss: 0.0287 - mae: 0.1863
 4/27 [===>..........................] - ETA: 3s - loss: 0.0240 - mae: 0.1715
 5/27 [====>.........................] - ETA: 3s - loss: 0.0215 - mae: 0.1633
 6/27 [=====>........................] - ETA: 2s - loss: 0.0183 - mae: 0.1447
 7/27 [======>.......................] - ETA: 2s - loss: 0.0166 - mae: 0.1378
 8/27 [=======>......................] - ETA: 2s - loss: 0.0152 - mae: 0.1312
 9/27 [=========>....................] - ETA: 2s - loss: 0.0138 - mae: 0.1233
10/27 [==========>...................] - ETA: 2s - loss: 0.0128 - mae: 0.1184
11/27 [===========>..................] - ETA: 2s - loss: 0.0121 - mae: 0.1159
12/27 [============>.................] - ETA: 2s - loss: 0.0116 - mae: 0.1137
13/27 [=============>................] - ETA: 1s - loss: 0.0108 - mae: 0.1087
14/27 [==============>...............] - ETA: 1s - loss: 0.0103 - mae: 0.1053
15/27 [===============>..............] - ETA: 1s - loss: 0.0098 - mae: 0.1024
16/27 [================>.............] - ETA: 1s - loss: 0.0094 - mae: 0.1002
17/27 [=================>............] - ETA: 1s - loss: 0.0093 - mae: 0.1004
18/27 [===================>..........] - ETA: 1s - loss: 0.0090 - mae: 0.0991
19/27 [====================>.........] - ETA: 1s - loss: 0.0092 - mae: 0.1015
20/27 [=====================>........] - ETA: 1s - loss: 0.0092 - mae: 0.1020
21/27 [======================>.......] - ETA: 0s - loss: 0.0090 - mae: 0.1016
22/27 [=======================>......] - ETA: 0s - loss: 0.0087 - mae: 0.0996
23/27 [========================>.....] - ETA: 0s - loss: 0.0084 - mae: 0.0975
24/27 [=========================>....] - ETA: 0s - loss: 0.0082 - mae: 0.0958
25/27 [==========================>...] - ETA: 0s - loss: 0.0079 - mae: 0.0931
26/27 [===========================>..] - ETA: 0s - loss: 0.0077 - mae: 0.0912
27/27 [==============================] - ETA: 0s - loss: 0.0076 - mae: 0.0905
27/27 [==============================] - 4s 152ms/step - loss: 0.0076 - mae: 0.0905 - val_loss: 0.0420 - val_mae: 0.2798 - lr: 0.0015
Epoch 33/100

 1/27 [>.............................] - ETA: 3s - loss: 0.0198 - mae: 0.1747
 2/27 [=>............................] - ETA: 3s - loss: 0.0207 - mae: 0.1775
 3/27 [==>...........................] - ETA: 3s - loss: 0.0182 - mae: 0.1654
 4/27 [===>..........................] - ETA: 3s - loss: 0.0275 - mae: 0.2029
 5/27 [====>.........................] - ETA: 3s - loss: 0.0270 - mae: 0.2045
 6/27 [=====>........................] - ETA: 3s - loss: 0.0234 - mae: 0.1850
 7/27 [======>.......................] - ETA: 2s - loss: 0.0211 - mae: 0.1740
 8/27 [=======>......................] - ETA: 2s - loss: 0.0190 - mae: 0.1624
 9/27 [=========>....................] - ETA: 2s - loss: 0.0173 - mae: 0.1523
10/27 [==========>...................] - ETA: 2s - loss: 0.0158 - mae: 0.1432
11/27 [===========>..................] - ETA: 2s - loss: 0.0147 - mae: 0.1372
12/27 [============>.................] - ETA: 2s - loss: 0.0137 - mae: 0.1311
13/27 [=============>................] - ETA: 2s - loss: 0.0129 - mae: 0.1259
14/27 [==============>...............] - ETA: 1s - loss: 0.0127 - mae: 0.1265
15/27 [===============>..............] - ETA: 1s - loss: 0.0130 - mae: 0.1298
16/27 [================>.............] - ETA: 1s - loss: 0.0133 - mae: 0.1329
17/27 [=================>............] - ETA: 1s - loss: 0.0138 - mae: 0.1367
18/27 [===================>..........] - ETA: 1s - loss: 0.0132 - mae: 0.1330
19/27 [====================>.........] - ETA: 1s - loss: 0.0130 - mae: 0.1328
20/27 [=====================>........] - ETA: 1s - loss: 0.0125 - mae: 0.1288
21/27 [======================>.......] - ETA: 0s - loss: 0.0119 - mae: 0.1245
22/27 [=======================>......] - ETA: 0s - loss: 0.0115 - mae: 0.1214
23/27 [========================>.....] - ETA: 0s - loss: 0.0112 - mae: 0.1187
24/27 [=========================>....] - ETA: 0s - loss: 0.0108 - mae: 0.1162
25/27 [==========================>...] - ETA: 0s - loss: 0.0105 - mae: 0.1138
26/27 [===========================>..] - ETA: 0s - loss: 0.0102 - mae: 0.1109
27/27 [==============================] - ETA: 0s - loss: 0.0099 - mae: 0.1091
27/27 [==============================] - 4s 157ms/step - loss: 0.0099 - mae: 0.1091 - val_loss: 0.0215 - val_mae: 0.1931 - lr: 0.0015
Epoch 34/100

 1/27 [>.............................] - ETA: 3s - loss: 0.0921 - mae: 0.4248
 2/27 [=>............................] - ETA: 3s - loss: 0.0547 - mae: 0.2910
 3/27 [==>...........................] - ETA: 3s - loss: 0.0400 - mae: 0.2331
 4/27 [===>..........................] - ETA: 3s - loss: 0.0335 - mae: 0.2123
 5/27 [====>.........................] - ETA: 3s - loss: 0.0287 - mae: 0.1945
 6/27 [=====>........................] - ETA: 2s - loss: 0.0245 - mae: 0.1742
 7/27 [======>.......................] - ETA: 2s - loss: 0.0221 - mae: 0.1653
 8/27 [=======>......................] - ETA: 2s - loss: 0.0204 - mae: 0.1592
 9/27 [=========>....................] - ETA: 2s - loss: 0.0190 - mae: 0.1547
10/27 [==========>...................] - ETA: 2s - loss: 0.0181 - mae: 0.1522
11/27 [===========>..................] - ETA: 2s - loss: 0.0176 - mae: 0.1517
12/27 [============>.................] - ETA: 2s - loss: 0.0171 - mae: 0.1505
13/27 [=============>................] - ETA: 2s - loss: 0.0160 - mae: 0.1440
14/27 [==============>...............] - ETA: 1s - loss: 0.0151 - mae: 0.1378
15/27 [===============>..............] - ETA: 1s - loss: 0.0145 - mae: 0.1346
16/27 [================>.............] - ETA: 1s - loss: 0.0138 - mae: 0.1294
17/27 [=================>............] - ETA: 1s - loss: 0.0133 - mae: 0.1266
18/27 [===================>..........] - ETA: 1s - loss: 0.0130 - mae: 0.1255
19/27 [====================>.........] - ETA: 1s - loss: 0.0126 - mae: 0.1236
20/27 [=====================>........] - ETA: 1s - loss: 0.0121 - mae: 0.1199
21/27 [======================>.......] - ETA: 0s - loss: 0.0116 - mae: 0.1171
22/27 [=======================>......] - ETA: 0s - loss: 0.0113 - mae: 0.1152
23/27 [========================>.....] - ETA: 0s - loss: 0.0110 - mae: 0.1137
24/27 [=========================>....] - ETA: 0s - loss: 0.0105 - mae: 0.1102
25/27 [==========================>...] - ETA: 0s - loss: 0.0102 - mae: 0.1081
26/27 [===========================>..] - ETA: 0s - loss: 0.0099 - mae: 0.1054
27/27 [==============================] - ETA: 0s - loss: 0.0097 - mae: 0.1040
27/27 [==============================] - 4s 154ms/step - loss: 0.0097 - mae: 0.1040 - val_loss: 0.0038 - val_mae: 0.0752 - lr: 0.0015
Epoch 35/100

 1/27 [>.............................] - ETA: 3s - loss: 0.0595 - mae: 0.3352
 2/27 [=>............................] - ETA: 3s - loss: 0.0354 - mae: 0.2247
 3/27 [==>...........................] - ETA: 3s - loss: 0.0252 - mae: 0.1735
 4/27 [===>..........................] - ETA: 3s - loss: 0.0212 - mae: 0.1591
 5/27 [====>.........................] - ETA: 2s - loss: 0.0174 - mae: 0.1379
 6/27 [=====>........................] - ETA: 2s - loss: 0.0148 - mae: 0.1233
 7/27 [======>.......................] - ETA: 2s - loss: 0.0130 - mae: 0.1128
 8/27 [=======>......................] - ETA: 2s - loss: 0.0116 - mae: 0.1045
 9/27 [=========>....................] - ETA: 2s - loss: 0.0107 - mae: 0.0988
10/27 [==========>...................] - ETA: 2s - loss: 0.0098 - mae: 0.0948
11/27 [===========>..................] - ETA: 2s - loss: 0.0093 - mae: 0.0928
12/27 [============>.................] - ETA: 2s - loss: 0.0089 - mae: 0.0922
13/27 [=============>................] - ETA: 1s - loss: 0.0084 - mae: 0.0896
14/27 [==============>...............] - ETA: 1s - loss: 0.0081 - mae: 0.0882
15/27 [===============>..............] - ETA: 1s - loss: 0.0078 - mae: 0.0861
16/27 [================>.............] - ETA: 1s - loss: 0.0075 - mae: 0.0851
17/27 [=================>............] - ETA: 1s - loss: 0.0073 - mae: 0.0838
18/27 [===================>..........] - ETA: 1s - loss: 0.0071 - mae: 0.0837
19/27 [====================>.........] - ETA: 1s - loss: 0.0073 - mae: 0.0865
20/27 [=====================>........] - ETA: 1s - loss: 0.0073 - mae: 0.0881
21/27 [======================>.......] - ETA: 0s - loss: 0.0074 - mae: 0.0900
22/27 [=======================>......] - ETA: 0s - loss: 0.0073 - mae: 0.0890
23/27 [========================>.....] - ETA: 0s - loss: 0.0071 - mae: 0.0874
24/27 [=========================>....] - ETA: 0s - loss: 0.0070 - mae: 0.0878
25/27 [==========================>...] - ETA: 0s - loss: 0.0068 - mae: 0.0863
26/27 [===========================>..] - ETA: 0s - loss: 0.0066 - mae: 0.0844
27/27 [==============================] - ETA: 0s - loss: 0.0065 - mae: 0.0836
27/27 [==============================] - 4s 154ms/step - loss: 0.0065 - mae: 0.0836 - val_loss: 0.0266 - val_mae: 0.2199 - lr: 0.0015
Epoch 36/100

 1/27 [>.............................] - ETA: 3s - loss: 0.0313 - mae: 0.2337
 2/27 [=>............................] - ETA: 3s - loss: 0.0215 - mae: 0.1838
 3/27 [==>...........................] - ETA: 3s - loss: 0.0162 - mae: 0.1531
 4/27 [===>..........................] - ETA: 3s - loss: 0.0192 - mae: 0.1697
 5/27 [====>.........................] - ETA: 3s - loss: 0.0178 - mae: 0.1638
 6/27 [=====>........................] - ETA: 2s - loss: 0.0153 - mae: 0.1473
 7/27 [======>.......................] - ETA: 2s - loss: 0.0140 - mae: 0.1404
 8/27 [=======>......................] - ETA: 2s - loss: 0.0126 - mae: 0.1309
 9/27 [=========>....................] - ETA: 2s - loss: 0.0115 - mae: 0.1233
10/27 [==========>...................] - ETA: 2s - loss: 0.0107 - mae: 0.1175
11/27 [===========>..................] - ETA: 2s - loss: 0.0101 - mae: 0.1144
12/27 [============>.................] - ETA: 2s - loss: 0.0095 - mae: 0.1100
13/27 [=============>................] - ETA: 2s - loss: 0.0088 - mae: 0.1043
14/27 [==============>...............] - ETA: 1s - loss: 0.0086 - mae: 0.1031
15/27 [===============>..............] - ETA: 1s - loss: 0.0083 - mae: 0.1010
16/27 [================>.............] - ETA: 1s - loss: 0.0081 - mae: 0.0997
17/27 [=================>............] - ETA: 1s - loss: 0.0080 - mae: 0.0990
18/27 [===================>..........] - ETA: 1s - loss: 0.0078 - mae: 0.0975
19/27 [====================>.........] - ETA: 1s - loss: 0.0078 - mae: 0.0988
20/27 [=====================>........] - ETA: 1s - loss: 0.0076 - mae: 0.0968
21/27 [======================>.......] - ETA: 0s - loss: 0.0073 - mae: 0.0936
22/27 [=======================>......] - ETA: 0s - loss: 0.0071 - mae: 0.0926
23/27 [========================>.....] - ETA: 0s - loss: 0.0070 - mae: 0.0920
24/27 [=========================>....] - ETA: 0s - loss: 0.0069 - mae: 0.0904
25/27 [==========================>...] - ETA: 0s - loss: 0.0067 - mae: 0.0890
26/27 [===========================>..] - ETA: 0s - loss: 0.0067 - mae: 0.0896
27/27 [==============================] - ETA: 0s - loss: 0.0066 - mae: 0.0883
27/27 [==============================] - 4s 155ms/step - loss: 0.0066 - mae: 0.0883 - val_loss: 0.0127 - val_mae: 0.1443 - lr: 0.0015
Epoch 37/100

 1/27 [>.............................] - ETA: 4s - loss: 0.0440 - mae: 0.2894
 2/27 [=>............................] - ETA: 3s - loss: 0.0316 - mae: 0.2103
 3/27 [==>...........................] - ETA: 3s - loss: 0.0225 - mae: 0.1647
 4/27 [===>..........................] - ETA: 3s - loss: 0.0181 - mae: 0.1453
 5/27 [====>.........................] - ETA: 3s - loss: 0.0149 - mae: 0.1263
 6/27 [=====>........................] - ETA: 2s - loss: 0.0129 - mae: 0.1161
 7/27 [======>.......................] - ETA: 2s - loss: 0.0114 - mae: 0.1075
 8/27 [=======>......................] - ETA: 2s - loss: 0.0103 - mae: 0.1015
 9/27 [=========>....................] - ETA: 2s - loss: 0.0096 - mae: 0.0978
10/27 [==========>...................] - ETA: 2s - loss: 0.0088 - mae: 0.0938
11/27 [===========>..................] - ETA: 2s - loss: 0.0083 - mae: 0.0915
12/27 [============>.................] - ETA: 2s - loss: 0.0083 - mae: 0.0928
13/27 [=============>................] - ETA: 1s - loss: 0.0082 - mae: 0.0940
14/27 [==============>...............] - ETA: 1s - loss: 0.0081 - mae: 0.0950
15/27 [===============>..............] - ETA: 1s - loss: 0.0083 - mae: 0.0975
16/27 [================>.............] - ETA: 1s - loss: 0.0084 - mae: 0.0997
17/27 [=================>............] - ETA: 1s - loss: 0.0082 - mae: 0.0990
18/27 [===================>..........] - ETA: 1s - loss: 0.0080 - mae: 0.0978
19/27 [====================>.........] - ETA: 1s - loss: 0.0082 - mae: 0.1006
20/27 [=====================>........] - ETA: 1s - loss: 0.0085 - mae: 0.1030
21/27 [======================>.......] - ETA: 0s - loss: 0.0086 - mae: 0.1043
22/27 [=======================>......] - ETA: 0s - loss: 0.0085 - mae: 0.1046
23/27 [========================>.....] - ETA: 0s - loss: 0.0083 - mae: 0.1033
24/27 [=========================>....] - ETA: 0s - loss: 0.0080 - mae: 0.1006
25/27 [==========================>...] - ETA: 0s - loss: 0.0078 - mae: 0.0984
26/27 [===========================>..] - ETA: 0s - loss: 0.0075 - mae: 0.0961
27/27 [==============================] - ETA: 0s - loss: 0.0073 - mae: 0.0945
27/27 [==============================] - 4s 154ms/step - loss: 0.0073 - mae: 0.0945 - val_loss: 0.0190 - val_mae: 0.1778 - lr: 0.0015
Epoch 38/100

 1/27 [>.............................] - ETA: 4s - loss: 0.0639 - mae: 0.3500
 2/27 [=>............................] - ETA: 3s - loss: 0.0390 - mae: 0.2392
 3/27 [==>...........................] - ETA: 3s - loss: 0.0273 - mae: 0.1816
 4/27 [===>..........................] - ETA: 3s - loss: 0.0238 - mae: 0.1730
 5/27 [====>.........................] - ETA: 3s - loss: 0.0201 - mae: 0.1573
 6/27 [=====>........................] - ETA: 3s - loss: 0.0172 - mae: 0.1408
 7/27 [======>.......................] - ETA: 2s - loss: 0.0155 - mae: 0.1333
 8/27 [=======>......................] - ETA: 2s - loss: 0.0141 - mae: 0.1272
 9/27 [=========>....................] - ETA: 2s - loss: 0.0132 - mae: 0.1231
10/27 [==========>...................] - ETA: 2s - loss: 0.0124 - mae: 0.1194
11/27 [===========>..................] - ETA: 2s - loss: 0.0122 - mae: 0.1208
12/27 [============>.................] - ETA: 2s - loss: 0.0119 - mae: 0.1209
13/27 [=============>................] - ETA: 2s - loss: 0.0112 - mae: 0.1166
14/27 [==============>...............] - ETA: 1s - loss: 0.0106 - mae: 0.1124
15/27 [===============>..............] - ETA: 1s - loss: 0.0101 - mae: 0.1086
16/27 [================>.............] - ETA: 1s - loss: 0.0097 - mae: 0.1066
17/27 [=================>............] - ETA: 1s - loss: 0.0094 - mae: 0.1042
18/27 [===================>..........] - ETA: 1s - loss: 0.0092 - mae: 0.1039
19/27 [====================>.........] - ETA: 1s - loss: 0.0089 - mae: 0.1022
20/27 [=====================>........] - ETA: 0s - loss: 0.0086 - mae: 0.1001
21/27 [======================>.......] - ETA: 0s - loss: 0.0083 - mae: 0.0974
22/27 [=======================>......] - ETA: 0s - loss: 0.0082 - mae: 0.0969
23/27 [========================>.....] - ETA: 0s - loss: 0.0083 - mae: 0.0980
24/27 [=========================>....] - ETA: 0s - loss: 0.0082 - mae: 0.0982
25/27 [==========================>...] - ETA: 0s - loss: 0.0084 - mae: 0.0996
26/27 [===========================>..] - ETA: 0s - loss: 0.0090 - mae: 0.1038
27/27 [==============================] - ETA: 0s - loss: 0.0088 - mae: 0.1024
27/27 [==============================] - 4s 150ms/step - loss: 0.0088 - mae: 0.1024 - val_loss: 0.0094 - val_mae: 0.1139 - lr: 0.0015
Epoch 39/100

 1/27 [>.............................] - ETA: 4s - loss: 0.0651 - mae: 0.3556
 2/27 [=>............................] - ETA: 3s - loss: 0.0400 - mae: 0.2430
 3/27 [==>...........................] - ETA: 3s - loss: 0.0304 - mae: 0.2051
 4/27 [===>..........................] - ETA: 3s - loss: 0.0233 - mae: 0.1671
 5/27 [====>.........................] - ETA: 3s - loss: 0.0210 - mae: 0.1614
 6/27 [=====>........................] - ETA: 2s - loss: 0.0183 - mae: 0.1492
 7/27 [======>.......................] - ETA: 2s - loss: 0.0162 - mae: 0.1385
 8/27 [=======>......................] - ETA: 2s - loss: 0.0145 - mae: 0.1290
 9/27 [=========>....................] - ETA: 2s - loss: 0.0132 - mae: 0.1207
10/27 [==========>...................] - ETA: 2s - loss: 0.0120 - mae: 0.1124
11/27 [===========>..................] - ETA: 2s - loss: 0.0111 - mae: 0.1076
12/27 [============>.................] - ETA: 2s - loss: 0.0106 - mae: 0.1061
13/27 [=============>................] - ETA: 2s - loss: 0.0100 - mae: 0.1037
14/27 [==============>...............] - ETA: 1s - loss: 0.0097 - mae: 0.1034
15/27 [===============>..............] - ETA: 1s - loss: 0.0095 - mae: 0.1036
16/27 [================>.............] - ETA: 1s - loss: 0.0094 - mae: 0.1041
17/27 [=================>............] - ETA: 1s - loss: 0.0091 - mae: 0.1025
18/27 [===================>..........] - ETA: 1s - loss: 0.0092 - mae: 0.1037
19/27 [====================>.........] - ETA: 1s - loss: 0.0089 - mae: 0.1022
20/27 [=====================>........] - ETA: 1s - loss: 0.0085 - mae: 0.0993
21/27 [======================>.......] - ETA: 0s - loss: 0.0083 - mae: 0.0974
22/27 [=======================>......] - ETA: 0s - loss: 0.0081 - mae: 0.0976
23/27 [========================>.....] - ETA: 0s - loss: 0.0080 - mae: 0.0970
24/27 [=========================>....] - ETA: 0s - loss: 0.0077 - mae: 0.0942
25/27 [==========================>...] - ETA: 0s - loss: 0.0074 - mae: 0.0921
26/27 [===========================>..] - ETA: 0s - loss: 0.0072 - mae: 0.0901
27/27 [==============================] - ETA: 0s - loss: 0.0071 - mae: 0.0890
27/27 [==============================] - 4s 155ms/step - loss: 0.0071 - mae: 0.0890 - val_loss: 0.0037 - val_mae: 0.0753 - lr: 0.0015
Epoch 40/100

 1/27 [>.............................] - ETA: 3s - loss: 0.0439 - mae: 0.2890
 2/27 [=>............................] - ETA: 3s - loss: 0.0274 - mae: 0.2008
 3/27 [==>...........................] - ETA: 3s - loss: 0.0188 - mae: 0.1472
 4/27 [===>..........................] - ETA: 3s - loss: 0.0155 - mae: 0.1333
 5/27 [====>.........................] - ETA: 3s - loss: 0.0126 - mae: 0.1146
 6/27 [=====>........................] - ETA: 3s - loss: 0.0111 - mae: 0.1058
 7/27 [======>.......................] - ETA: 2s - loss: 0.0099 - mae: 0.0985
 8/27 [=======>......................] - ETA: 2s - loss: 0.0089 - mae: 0.0921
 9/27 [=========>....................] - ETA: 2s - loss: 0.0081 - mae: 0.0874
10/27 [==========>...................] - ETA: 2s - loss: 0.0074 - mae: 0.0830
11/27 [===========>..................] - ETA: 2s - loss: 0.0068 - mae: 0.0793
12/27 [============>.................] - ETA: 2s - loss: 0.0064 - mae: 0.0771
13/27 [=============>................] - ETA: 1s - loss: 0.0061 - mae: 0.0751
14/27 [==============>...............] - ETA: 1s - loss: 0.0058 - mae: 0.0729
15/27 [===============>..............] - ETA: 1s - loss: 0.0057 - mae: 0.0729
16/27 [================>.............] - ETA: 1s - loss: 0.0056 - mae: 0.0734
17/27 [=================>............] - ETA: 1s - loss: 0.0057 - mae: 0.0748
18/27 [===================>..........] - ETA: 1s - loss: 0.0060 - mae: 0.0776
19/27 [====================>.........] - ETA: 1s - loss: 0.0059 - mae: 0.0772
20/27 [=====================>........] - ETA: 0s - loss: 0.0057 - mae: 0.0758
21/27 [======================>.......] - ETA: 0s - loss: 0.0055 - mae: 0.0741
22/27 [=======================>......] - ETA: 0s - loss: 0.0054 - mae: 0.0739
23/27 [========================>.....] - ETA: 0s - loss: 0.0052 - mae: 0.0723
24/27 [=========================>....] - ETA: 0s - loss: 0.0051 - mae: 0.0722
25/27 [==========================>...] - ETA: 0s - loss: 0.0050 - mae: 0.0711
26/27 [===========================>..] - ETA: 0s - loss: 0.0048 - mae: 0.0694
27/27 [==============================] - ETA: 0s - loss: 0.0047 - mae: 0.0685
27/27 [==============================] - 4s 150ms/step - loss: 0.0047 - mae: 0.0685 - val_loss: 0.0047 - val_mae: 0.0879 - lr: 0.0015
Epoch 41/100

 1/27 [>.............................] - ETA: 3s - loss: 0.0404 - mae: 0.2622
 2/27 [=>............................] - ETA: 3s - loss: 0.0248 - mae: 0.1856
 3/27 [==>...........................] - ETA: 3s - loss: 0.0173 - mae: 0.1414
 4/27 [===>..........................] - ETA: 3s - loss: 0.0140 - mae: 0.1244
 5/27 [====>.........................] - ETA: 3s - loss: 0.0115 - mae: 0.1077
 6/27 [=====>........................] - ETA: 2s - loss: 0.0098 - mae: 0.0970
 7/27 [======>.......................] - ETA: 2s - loss: 0.0089 - mae: 0.0910
 8/27 [=======>......................] - ETA: 2s - loss: 0.0079 - mae: 0.0850
 9/27 [=========>....................] - ETA: 2s - loss: 0.0072 - mae: 0.0805
10/27 [==========>...................] - ETA: 2s - loss: 0.0067 - mae: 0.0772
11/27 [===========>..................] - ETA: 2s - loss: 0.0063 - mae: 0.0757
12/27 [============>.................] - ETA: 2s - loss: 0.0060 - mae: 0.0746
13/27 [=============>................] - ETA: 1s - loss: 0.0057 - mae: 0.0727
14/27 [==============>...............] - ETA: 1s - loss: 0.0054 - mae: 0.0707
15/27 [===============>..............] - ETA: 1s - loss: 0.0053 - mae: 0.0704
16/27 [================>.............] - ETA: 1s - loss: 0.0052 - mae: 0.0703
17/27 [=================>............] - ETA: 1s - loss: 0.0051 - mae: 0.0700
18/27 [===================>..........] - ETA: 1s - loss: 0.0053 - mae: 0.0718
19/27 [====================>.........] - ETA: 1s - loss: 0.0052 - mae: 0.0712
20/27 [=====================>........] - ETA: 0s - loss: 0.0050 - mae: 0.0697
21/27 [======================>.......] - ETA: 0s - loss: 0.0048 - mae: 0.0685
22/27 [=======================>......] - ETA: 0s - loss: 0.0048 - mae: 0.0684
23/27 [========================>.....] - ETA: 0s - loss: 0.0047 - mae: 0.0681
24/27 [=========================>....] - ETA: 0s - loss: 0.0045 - mae: 0.0672
25/27 [==========================>...] - ETA: 0s - loss: 0.0044 - mae: 0.0657
26/27 [===========================>..] - ETA: 0s - loss: 0.0043 - mae: 0.0642
27/27 [==============================] - ETA: 0s - loss: 0.0042 - mae: 0.0633
27/27 [==============================] - 4s 148ms/step - loss: 0.0042 - mae: 0.0633 - val_loss: 0.0051 - val_mae: 0.0934 - lr: 0.0015
Epoch 42/100

 1/27 [>.............................] - ETA: 3s - loss: 0.0415 - mae: 0.2732
 2/27 [=>............................] - ETA: 3s - loss: 0.0251 - mae: 0.1917
 3/27 [==>...........................] - ETA: 3s - loss: 0.0179 - mae: 0.1490
 4/27 [===>..........................] - ETA: 3s - loss: 0.0147 - mae: 0.1352
 5/27 [====>.........................] - ETA: 2s - loss: 0.0121 - mae: 0.1169
 6/27 [=====>........................] - ETA: 2s - loss: 0.0105 - mae: 0.1059
 7/27 [======>.......................] - ETA: 2s - loss: 0.0094 - mae: 0.0995
 8/27 [=======>......................] - ETA: 2s - loss: 0.0085 - mae: 0.0935
 9/27 [=========>....................] - ETA: 2s - loss: 0.0078 - mae: 0.0897
10/27 [==========>...................] - ETA: 2s - loss: 0.0074 - mae: 0.0886
11/27 [===========>..................] - ETA: 2s - loss: 0.0072 - mae: 0.0887
12/27 [============>.................] - ETA: 2s - loss: 0.0072 - mae: 0.0904
13/27 [=============>................] - ETA: 1s - loss: 0.0068 - mae: 0.0880
14/27 [==============>...............] - ETA: 1s - loss: 0.0065 - mae: 0.0853
15/27 [===============>..............] - ETA: 1s - loss: 0.0063 - mae: 0.0845
16/27 [================>.............] - ETA: 1s - loss: 0.0064 - mae: 0.0858
17/27 [=================>............] - ETA: 1s - loss: 0.0064 - mae: 0.0869
18/27 [===================>..........] - ETA: 1s - loss: 0.0065 - mae: 0.0876
19/27 [====================>.........] - ETA: 1s - loss: 0.0065 - mae: 0.0881
20/27 [=====================>........] - ETA: 0s - loss: 0.0062 - mae: 0.0859
21/27 [======================>.......] - ETA: 0s - loss: 0.0060 - mae: 0.0840
22/27 [=======================>......] - ETA: 0s - loss: 0.0059 - mae: 0.0833
23/27 [========================>.....] - ETA: 0s - loss: 0.0057 - mae: 0.0817
24/27 [=========================>....] - ETA: 0s - loss: 0.0056 - mae: 0.0809
25/27 [==========================>...] - ETA: 0s - loss: 0.0054 - mae: 0.0785
26/27 [===========================>..] - ETA: 0s - loss: 0.0052 - mae: 0.0764
27/27 [==============================] - ETA: 0s - loss: 0.0051 - mae: 0.0752
27/27 [==============================] - 4s 145ms/step - loss: 0.0051 - mae: 0.0752 - val_loss: 0.0029 - val_mae: 0.0681 - lr: 0.0015
Epoch 43/100

 1/27 [>.............................] - ETA: 3s - loss: 0.0473 - mae: 0.2992
 2/27 [=>............................] - ETA: 3s - loss: 0.0278 - mae: 0.2011
 3/27 [==>...........................] - ETA: 3s - loss: 0.0213 - mae: 0.1704
 4/27 [===>..........................] - ETA: 3s - loss: 0.0164 - mae: 0.1403
 5/27 [====>.........................] - ETA: 3s - loss: 0.0135 - mae: 0.1211
 6/27 [=====>........................] - ETA: 2s - loss: 0.0116 - mae: 0.1089
 7/27 [======>.......................] - ETA: 2s - loss: 0.0103 - mae: 0.1016
 8/27 [=======>......................] - ETA: 2s - loss: 0.0092 - mae: 0.0944
 9/27 [=========>....................] - ETA: 2s - loss: 0.0083 - mae: 0.0890
10/27 [==========>...................] - ETA: 2s - loss: 0.0077 - mae: 0.0858
11/27 [===========>..................] - ETA: 2s - loss: 0.0076 - mae: 0.0873
12/27 [============>.................] - ETA: 2s - loss: 0.0075 - mae: 0.0883
13/27 [=============>................] - ETA: 2s - loss: 0.0071 - mae: 0.0867
14/27 [==============>...............] - ETA: 1s - loss: 0.0069 - mae: 0.0860
15/27 [===============>..............] - ETA: 1s - loss: 0.0067 - mae: 0.0864
16/27 [================>.............] - ETA: 1s - loss: 0.0068 - mae: 0.0882
17/27 [=================>............] - ETA: 1s - loss: 0.0069 - mae: 0.0892
18/27 [===================>..........] - ETA: 1s - loss: 0.0071 - mae: 0.0908
19/27 [====================>.........] - ETA: 1s - loss: 0.0070 - mae: 0.0912
20/27 [=====================>........] - ETA: 0s - loss: 0.0068 - mae: 0.0894
21/27 [======================>.......] - ETA: 0s - loss: 0.0066 - mae: 0.0876
22/27 [=======================>......] - ETA: 0s - loss: 0.0065 - mae: 0.0876
23/27 [========================>.....] - ETA: 0s - loss: 0.0063 - mae: 0.0858
24/27 [=========================>....] - ETA: 0s - loss: 0.0061 - mae: 0.0842
25/27 [==========================>...] - ETA: 0s - loss: 0.0059 - mae: 0.0816
26/27 [===========================>..] - ETA: 0s - loss: 0.0057 - mae: 0.0795
27/27 [==============================] - ETA: 0s - loss: 0.0055 - mae: 0.0783
27/27 [==============================] - 4s 149ms/step - loss: 0.0055 - mae: 0.0783 - val_loss: 0.0027 - val_mae: 0.0638 - lr: 0.0015
Epoch 44/100

 1/27 [>.............................] - ETA: 3s - loss: 0.0552 - mae: 0.3225
 2/27 [=>............................] - ETA: 3s - loss: 0.0326 - mae: 0.2155
 3/27 [==>...........................] - ETA: 3s - loss: 0.0245 - mae: 0.1802
 4/27 [===>..........................] - ETA: 3s - loss: 0.0187 - mae: 0.1468
 5/27 [====>.........................] - ETA: 2s - loss: 0.0154 - mae: 0.1279
 6/27 [=====>........................] - ETA: 2s - loss: 0.0133 - mae: 0.1162
 7/27 [======>.......................] - ETA: 2s - loss: 0.0117 - mae: 0.1079
 8/27 [=======>......................] - ETA: 2s - loss: 0.0104 - mae: 0.0997
 9/27 [=========>....................] - ETA: 2s - loss: 0.0094 - mae: 0.0929
10/27 [==========>...................] - ETA: 2s - loss: 0.0087 - mae: 0.0891
11/27 [===========>..................] - ETA: 2s - loss: 0.0082 - mae: 0.0877
12/27 [============>.................] - ETA: 2s - loss: 0.0080 - mae: 0.0890
13/27 [=============>................] - ETA: 1s - loss: 0.0075 - mae: 0.0857
14/27 [==============>...............] - ETA: 1s - loss: 0.0072 - mae: 0.0834
15/27 [===============>..............] - ETA: 1s - loss: 0.0069 - mae: 0.0823
16/27 [================>.............] - ETA: 1s - loss: 0.0069 - mae: 0.0829
17/27 [=================>............] - ETA: 1s - loss: 0.0070 - mae: 0.0841
18/27 [===================>..........] - ETA: 1s - loss: 0.0073 - mae: 0.0873
19/27 [====================>.........] - ETA: 1s - loss: 0.0070 - mae: 0.0854
20/27 [=====================>........] - ETA: 0s - loss: 0.0067 - mae: 0.0835
21/27 [======================>.......] - ETA: 0s - loss: 0.0065 - mae: 0.0815
22/27 [=======================>......] - ETA: 0s - loss: 0.0064 - mae: 0.0811
23/27 [========================>.....] - ETA: 0s - loss: 0.0062 - mae: 0.0795
24/27 [=========================>....] - ETA: 0s - loss: 0.0060 - mae: 0.0782
25/27 [==========================>...] - ETA: 0s - loss: 0.0058 - mae: 0.0762
26/27 [===========================>..] - ETA: 0s - loss: 0.0056 - mae: 0.0745
27/27 [==============================] - ETA: 0s - loss: 0.0055 - mae: 0.0734
27/27 [==============================] - 4s 145ms/step - loss: 0.0055 - mae: 0.0734 - val_loss: 0.0033 - val_mae: 0.0712 - lr: 0.0015
Epoch 45/100

 1/27 [>.............................] - ETA: 3s - loss: 0.0371 - mae: 0.2474
 2/27 [=>............................] - ETA: 3s - loss: 0.0233 - mae: 0.1777
 3/27 [==>...........................] - ETA: 3s - loss: 0.0169 - mae: 0.1411
 4/27 [===>..........................] - ETA: 3s - loss: 0.0131 - mae: 0.1181
 5/27 [====>.........................] - ETA: 3s - loss: 0.0108 - mae: 0.1026
 6/27 [=====>........................] - ETA: 2s - loss: 0.0096 - mae: 0.0974
 7/27 [======>.......................] - ETA: 2s - loss: 0.0086 - mae: 0.0923
 8/27 [=======>......................] - ETA: 2s - loss: 0.0078 - mae: 0.0859
 9/27 [=========>....................] - ETA: 2s - loss: 0.0070 - mae: 0.0799
10/27 [==========>...................] - ETA: 2s - loss: 0.0064 - mae: 0.0756
11/27 [===========>..................] - ETA: 2s - loss: 0.0060 - mae: 0.0744
12/27 [============>.................] - ETA: 2s - loss: 0.0058 - mae: 0.0735
13/27 [=============>................] - ETA: 1s - loss: 0.0054 - mae: 0.0711
14/27 [==============>...............] - ETA: 1s - loss: 0.0053 - mae: 0.0707
15/27 [===============>..............] - ETA: 1s - loss: 0.0053 - mae: 0.0716
16/27 [================>.............] - ETA: 1s - loss: 0.0053 - mae: 0.0727
17/27 [=================>............] - ETA: 1s - loss: 0.0053 - mae: 0.0733
18/27 [===================>..........] - ETA: 1s - loss: 0.0054 - mae: 0.0744
19/27 [====================>.........] - ETA: 1s - loss: 0.0053 - mae: 0.0738
20/27 [=====================>........] - ETA: 0s - loss: 0.0051 - mae: 0.0730
21/27 [======================>.......] - ETA: 0s - loss: 0.0050 - mae: 0.0718
22/27 [=======================>......] - ETA: 0s - loss: 0.0049 - mae: 0.0711
23/27 [========================>.....] - ETA: 0s - loss: 0.0047 - mae: 0.0696
24/27 [=========================>....] - ETA: 0s - loss: 0.0046 - mae: 0.0688
25/27 [==========================>...] - ETA: 0s - loss: 0.0044 - mae: 0.0671
26/27 [===========================>..] - ETA: 0s - loss: 0.0043 - mae: 0.0653
27/27 [==============================] - ETA: 0s - loss: 0.0042 - mae: 0.0644
27/27 [==============================] - 4s 148ms/step - loss: 0.0042 - mae: 0.0644 - val_loss: 0.0060 - val_mae: 0.1012 - lr: 0.0015
Epoch 46/100

 1/27 [>.............................] - ETA: 3s - loss: 0.0247 - mae: 0.1809
 2/27 [=>............................] - ETA: 3s - loss: 0.0189 - mae: 0.1588
 3/27 [==>...........................] - ETA: 3s - loss: 0.0139 - mae: 0.1292
 4/27 [===>..........................] - ETA: 3s - loss: 0.0115 - mae: 0.1177
 5/27 [====>.........................] - ETA: 3s - loss: 0.0096 - mae: 0.1040
 6/27 [=====>........................] - ETA: 2s - loss: 0.0083 - mae: 0.0953
 7/27 [======>.......................] - ETA: 2s - loss: 0.0077 - mae: 0.0915
 8/27 [=======>......................] - ETA: 2s - loss: 0.0069 - mae: 0.0859
 9/27 [=========>....................] - ETA: 2s - loss: 0.0063 - mae: 0.0804
10/27 [==========>...................] - ETA: 2s - loss: 0.0058 - mae: 0.0768
11/27 [===========>..................] - ETA: 2s - loss: 0.0054 - mae: 0.0741
12/27 [============>.................] - ETA: 2s - loss: 0.0051 - mae: 0.0721
13/27 [=============>................] - ETA: 1s - loss: 0.0049 - mae: 0.0698
14/27 [==============>...............] - ETA: 1s - loss: 0.0049 - mae: 0.0707
15/27 [===============>..............] - ETA: 1s - loss: 0.0049 - mae: 0.0723
16/27 [================>.............] - ETA: 1s - loss: 0.0049 - mae: 0.0723
17/27 [=================>............] - ETA: 1s - loss: 0.0049 - mae: 0.0728
18/27 [===================>..........] - ETA: 1s - loss: 0.0049 - mae: 0.0730
19/27 [====================>.........] - ETA: 1s - loss: 0.0047 - mae: 0.0720
20/27 [=====================>........] - ETA: 0s - loss: 0.0046 - mae: 0.0709
21/27 [======================>.......] - ETA: 0s - loss: 0.0044 - mae: 0.0696
22/27 [=======================>......] - ETA: 0s - loss: 0.0043 - mae: 0.0686
23/27 [========================>.....] - ETA: 0s - loss: 0.0042 - mae: 0.0676
24/27 [=========================>....] - ETA: 0s - loss: 0.0041 - mae: 0.0671
25/27 [==========================>...] - ETA: 0s - loss: 0.0040 - mae: 0.0656
26/27 [===========================>..] - ETA: 0s - loss: 0.0039 - mae: 0.0642
27/27 [==============================] - ETA: 0s - loss: 0.0038 - mae: 0.0632
27/27 [==============================] - 4s 147ms/step - loss: 0.0038 - mae: 0.0632 - val_loss: 0.0057 - val_mae: 0.0979 - lr: 0.0015
Epoch 47/100

 1/27 [>.............................] - ETA: 3s - loss: 0.0125 - mae: 0.1147
 2/27 [=>............................] - ETA: 3s - loss: 0.0164 - mae: 0.1406
 3/27 [==>...........................] - ETA: 3s - loss: 0.0127 - mae: 0.1245
 4/27 [===>..........................] - ETA: 3s - loss: 0.0100 - mae: 0.1052
 5/27 [====>.........................] - ETA: 3s - loss: 0.0086 - mae: 0.0974
 6/27 [=====>........................] - ETA: 3s - loss: 0.0077 - mae: 0.0924
 7/27 [======>.......................] - ETA: 2s - loss: 0.0069 - mae: 0.0856
 8/27 [=======>......................] - ETA: 2s - loss: 0.0062 - mae: 0.0810
 9/27 [=========>....................] - ETA: 2s - loss: 0.0057 - mae: 0.0775
10/27 [==========>...................] - ETA: 2s - loss: 0.0054 - mae: 0.0764
11/27 [===========>..................] - ETA: 2s - loss: 0.0053 - mae: 0.0762
12/27 [============>.................] - ETA: 2s - loss: 0.0052 - mae: 0.0767
13/27 [=============>................] - ETA: 2s - loss: 0.0049 - mae: 0.0743
14/27 [==============>...............] - ETA: 1s - loss: 0.0048 - mae: 0.0729
15/27 [===============>..............] - ETA: 1s - loss: 0.0049 - mae: 0.0740
16/27 [================>.............] - ETA: 1s - loss: 0.0048 - mae: 0.0733
17/27 [=================>............] - ETA: 1s - loss: 0.0050 - mae: 0.0749
18/27 [===================>..........] - ETA: 1s - loss: 0.0049 - mae: 0.0745
19/27 [====================>.........] - ETA: 1s - loss: 0.0049 - mae: 0.0740
20/27 [=====================>........] - ETA: 1s - loss: 0.0048 - mae: 0.0738
21/27 [======================>.......] - ETA: 0s - loss: 0.0047 - mae: 0.0729
22/27 [=======================>......] - ETA: 0s - loss: 0.0046 - mae: 0.0718
23/27 [========================>.....] - ETA: 0s - loss: 0.0044 - mae: 0.0703
24/27 [=========================>....] - ETA: 0s - loss: 0.0043 - mae: 0.0697
25/27 [==========================>...] - ETA: 0s - loss: 0.0042 - mae: 0.0679
26/27 [===========================>..] - ETA: 0s - loss: 0.0040 - mae: 0.0665
27/27 [==============================] - ETA: 0s - loss: 0.0040 - mae: 0.0659
27/27 [==============================] - 4s 153ms/step - loss: 0.0040 - mae: 0.0659 - val_loss: 0.0091 - val_mae: 0.1248 - lr: 0.0015
Epoch 48/100

 1/27 [>.............................] - ETA: 4s - loss: 0.0152 - mae: 0.1484
 2/27 [=>............................] - ETA: 3s - loss: 0.0131 - mae: 0.1356
 3/27 [==>...........................] - ETA: 3s - loss: 0.0095 - mae: 0.1094
 4/27 [===>..........................] - ETA: 3s - loss: 0.0082 - mae: 0.1021
 5/27 [====>.........................] - ETA: 2s - loss: 0.0070 - mae: 0.0921
 6/27 [=====>........................] - ETA: 2s - loss: 0.0060 - mae: 0.0833
 7/27 [======>.......................] - ETA: 2s - loss: 0.0053 - mae: 0.0776
 8/27 [=======>......................] - ETA: 2s - loss: 0.0050 - mae: 0.0748
 9/27 [=========>....................] - ETA: 2s - loss: 0.0045 - mae: 0.0708
10/27 [==========>...................] - ETA: 2s - loss: 0.0042 - mae: 0.0677
11/27 [===========>..................] - ETA: 2s - loss: 0.0039 - mae: 0.0659
12/27 [============>.................] - ETA: 2s - loss: 0.0038 - mae: 0.0650
13/27 [=============>................] - ETA: 1s - loss: 0.0036 - mae: 0.0632
14/27 [==============>...............] - ETA: 1s - loss: 0.0036 - mae: 0.0631
15/27 [===============>..............] - ETA: 1s - loss: 0.0035 - mae: 0.0619
16/27 [================>.............] - ETA: 1s - loss: 0.0034 - mae: 0.0614
17/27 [=================>............] - ETA: 1s - loss: 0.0033 - mae: 0.0609
18/27 [===================>..........] - ETA: 1s - loss: 0.0032 - mae: 0.0602
19/27 [====================>.........] - ETA: 1s - loss: 0.0033 - mae: 0.0612
20/27 [=====================>........] - ETA: 0s - loss: 0.0032 - mae: 0.0599
21/27 [======================>.......] - ETA: 0s - loss: 0.0032 - mae: 0.0601
22/27 [=======================>......] - ETA: 0s - loss: 0.0031 - mae: 0.0591
23/27 [========================>.....] - ETA: 0s - loss: 0.0031 - mae: 0.0588
24/27 [=========================>....] - ETA: 0s - loss: 0.0030 - mae: 0.0578
25/27 [==========================>...] - ETA: 0s - loss: 0.0029 - mae: 0.0572
26/27 [===========================>..] - ETA: 0s - loss: 0.0029 - mae: 0.0567
27/27 [==============================] - ETA: 0s - loss: 0.0028 - mae: 0.0562
27/27 [==============================] - 4s 150ms/step - loss: 0.0028 - mae: 0.0562 - val_loss: 0.0062 - val_mae: 0.0977 - lr: 0.0015
Epoch 49/100

 1/27 [>.............................] - ETA: 4s - loss: 0.0070 - mae: 0.0872
 2/27 [=>............................] - ETA: 3s - loss: 0.0128 - mae: 0.1253
 3/27 [==>...........................] - ETA: 3s - loss: 0.0104 - mae: 0.1125
 4/27 [===>..........................] - ETA: 3s - loss: 0.0082 - mae: 0.0953
 5/27 [====>.........................] - ETA: 3s - loss: 0.0070 - mae: 0.0877
 6/27 [=====>........................] - ETA: 2s - loss: 0.0068 - mae: 0.0887
 7/27 [======>.......................] - ETA: 2s - loss: 0.0063 - mae: 0.0855
 8/27 [=======>......................] - ETA: 2s - loss: 0.0058 - mae: 0.0818
 9/27 [=========>....................] - ETA: 2s - loss: 0.0053 - mae: 0.0771
10/27 [==========>...................] - ETA: 2s - loss: 0.0050 - mae: 0.0745
11/27 [===========>..................] - ETA: 2s - loss: 0.0048 - mae: 0.0733
12/27 [============>.................] - ETA: 2s - loss: 0.0048 - mae: 0.0748
13/27 [=============>................] - ETA: 1s - loss: 0.0045 - mae: 0.0728
14/27 [==============>...............] - ETA: 1s - loss: 0.0044 - mae: 0.0713
15/27 [===============>..............] - ETA: 1s - loss: 0.0044 - mae: 0.0709
16/27 [================>.............] - ETA: 1s - loss: 0.0042 - mae: 0.0694
17/27 [=================>............] - ETA: 1s - loss: 0.0042 - mae: 0.0699
18/27 [===================>..........] - ETA: 1s - loss: 0.0041 - mae: 0.0687
19/27 [====================>.........] - ETA: 1s - loss: 0.0040 - mae: 0.0679
20/27 [=====================>........] - ETA: 0s - loss: 0.0039 - mae: 0.0667
21/27 [======================>.......] - ETA: 0s - loss: 0.0038 - mae: 0.0658
22/27 [=======================>......] - ETA: 0s - loss: 0.0037 - mae: 0.0649
23/27 [========================>.....] - ETA: 0s - loss: 0.0036 - mae: 0.0637
24/27 [=========================>....] - ETA: 0s - loss: 0.0035 - mae: 0.0632
25/27 [==========================>...] - ETA: 0s - loss: 0.0034 - mae: 0.0618
26/27 [===========================>..] - ETA: 0s - loss: 0.0033 - mae: 0.0607
27/27 [==============================] - ETA: 0s - loss: 0.0032 - mae: 0.0597
27/27 [==============================] - 4s 139ms/step - loss: 0.0032 - mae: 0.0597 - val_loss: 0.0078 - val_mae: 0.1136 - lr: 0.0015
Epoch 50/100

 1/27 [>.............................] - ETA: 3s - loss: 0.0616 - mae: 0.3388
 2/27 [=>............................] - ETA: 3s - loss: 0.0363 - mae: 0.2271
 3/27 [==>...........................] - ETA: 3s - loss: 0.0261 - mae: 0.1781
 4/27 [===>..........................] - ETA: 3s - loss: 0.0208 - mae: 0.1540
 5/27 [====>.........................] - ETA: 2s - loss: 0.0171 - mae: 0.1348
 6/27 [=====>........................] - ETA: 2s - loss: 0.0146 - mae: 0.1217
 7/27 [======>.......................] - ETA: 2s - loss: 0.0129 - mae: 0.1130
 8/27 [=======>......................] - ETA: 2s - loss: 0.0115 - mae: 0.1053
 9/27 [=========>....................] - ETA: 2s - loss: 0.0105 - mae: 0.0999
10/27 [==========>...................] - ETA: 2s - loss: 0.0097 - mae: 0.0950
11/27 [===========>..................] - ETA: 2s - loss: 0.0090 - mae: 0.0921
12/27 [============>.................] - ETA: 2s - loss: 0.0085 - mae: 0.0896
13/27 [=============>................] - ETA: 1s - loss: 0.0080 - mae: 0.0871
14/27 [==============>...............] - ETA: 1s - loss: 0.0076 - mae: 0.0853
15/27 [===============>..............] - ETA: 1s - loss: 0.0073 - mae: 0.0838
16/27 [================>.............] - ETA: 1s - loss: 0.0071 - mae: 0.0822
17/27 [=================>............] - ETA: 1s - loss: 0.0068 - mae: 0.0808
18/27 [===================>..........] - ETA: 1s - loss: 0.0066 - mae: 0.0797
19/27 [====================>.........] - ETA: 1s - loss: 0.0069 - mae: 0.0834
20/27 [=====================>........] - ETA: 0s - loss: 0.0069 - mae: 0.0843
21/27 [======================>.......] - ETA: 0s - loss: 0.0069 - mae: 0.0849
22/27 [=======================>......] - ETA: 0s - loss: 0.0067 - mae: 0.0837
23/27 [========================>.....] - ETA: 0s - loss: 0.0064 - mae: 0.0819
24/27 [=========================>....] - ETA: 0s - loss: 0.0062 - mae: 0.0796
25/27 [==========================>...] - ETA: 0s - loss: 0.0060 - mae: 0.0779
26/27 [===========================>..] - ETA: 0s - loss: 0.0058 - mae: 0.0766
27/27 [==============================] - ETA: 0s - loss: 0.0057 - mae: 0.0756
27/27 [==============================] - 4s 143ms/step - loss: 0.0057 - mae: 0.0756 - val_loss: 0.0125 - val_mae: 0.1412 - lr: 0.0015
Epoch 51/100

 1/27 [>.............................] - ETA: 3s - loss: 0.0070 - mae: 0.0810
 2/27 [=>............................] - ETA: 3s - loss: 0.0155 - mae: 0.1351
 3/27 [==>...........................] - ETA: 3s - loss: 0.0169 - mae: 0.1505
 4/27 [===>..........................] - ETA: 2s - loss: 0.0145 - mae: 0.1404
 5/27 [====>.........................] - ETA: 2s - loss: 0.0119 - mae: 0.1209
 6/27 [=====>........................] - ETA: 2s - loss: 0.0102 - mae: 0.1082
 7/27 [======>.......................] - ETA: 2s - loss: 0.0091 - mae: 0.1011
 8/27 [=======>......................] - ETA: 2s - loss: 0.0081 - mae: 0.0934
 9/27 [=========>....................] - ETA: 2s - loss: 0.0075 - mae: 0.0883
10/27 [==========>...................] - ETA: 2s - loss: 0.0068 - mae: 0.0834
11/27 [===========>..................] - ETA: 2s - loss: 0.0063 - mae: 0.0792
12/27 [============>.................] - ETA: 1s - loss: 0.0059 - mae: 0.0765
13/27 [=============>................] - ETA: 1s - loss: 0.0055 - mae: 0.0734
14/27 [==============>...............] - ETA: 1s - loss: 0.0052 - mae: 0.0711
15/27 [===============>..............] - ETA: 1s - loss: 0.0051 - mae: 0.0710
16/27 [================>.............] - ETA: 1s - loss: 0.0050 - mae: 0.0699
17/27 [=================>............] - ETA: 1s - loss: 0.0050 - mae: 0.0699
18/27 [===================>..........] - ETA: 1s - loss: 0.0048 - mae: 0.0689
19/27 [====================>.........] - ETA: 1s - loss: 0.0047 - mae: 0.0678
20/27 [=====================>........] - ETA: 0s - loss: 0.0045 - mae: 0.0661
21/27 [======================>.......] - ETA: 0s - loss: 0.0043 - mae: 0.0649
22/27 [=======================>......] - ETA: 0s - loss: 0.0043 - mae: 0.0648
23/27 [========================>.....] - ETA: 0s - loss: 0.0042 - mae: 0.0643
24/27 [=========================>....] - ETA: 0s - loss: 0.0041 - mae: 0.0641
25/27 [==========================>...] - ETA: 0s - loss: 0.0040 - mae: 0.0627
26/27 [===========================>..] - ETA: 0s - loss: 0.0039 - mae: 0.0613
27/27 [==============================] - ETA: 0s - loss: 0.0038 - mae: 0.0605
27/27 [==============================] - 4s 140ms/step - loss: 0.0038 - mae: 0.0605 - val_loss: 0.0077 - val_mae: 0.1103 - lr: 0.0015
Epoch 52/100

 1/27 [>.............................] - ETA: 3s - loss: 0.0449 - mae: 0.2930
 2/27 [=>............................] - ETA: 3s - loss: 0.0297 - mae: 0.2092
 3/27 [==>...........................] - ETA: 3s - loss: 0.0210 - mae: 0.1590
 4/27 [===>..........................] - ETA: 3s - loss: 0.0162 - mae: 0.1319
 5/27 [====>.........................] - ETA: 3s - loss: 0.0133 - mae: 0.1147
 6/27 [=====>........................] - ETA: 2s - loss: 0.0114 - mae: 0.1031
 7/27 [======>.......................] - ETA: 2s - loss: 0.0102 - mae: 0.0974
 8/27 [=======>......................] - ETA: 2s - loss: 0.0093 - mae: 0.0928
 9/27 [=========>....................] - ETA: 2s - loss: 0.0085 - mae: 0.0897
10/27 [==========>...................] - ETA: 2s - loss: 0.0079 - mae: 0.0861
11/27 [===========>..................] - ETA: 2s - loss: 0.0075 - mae: 0.0847
12/27 [============>.................] - ETA: 1s - loss: 0.0074 - mae: 0.0863
13/27 [=============>................] - ETA: 1s - loss: 0.0073 - mae: 0.0870
14/27 [==============>...............] - ETA: 1s - loss: 0.0069 - mae: 0.0849
15/27 [===============>..............] - ETA: 1s - loss: 0.0066 - mae: 0.0834
16/27 [================>.............] - ETA: 1s - loss: 0.0064 - mae: 0.0815
17/27 [=================>............] - ETA: 1s - loss: 0.0062 - mae: 0.0809
18/27 [===================>..........] - ETA: 1s - loss: 0.0061 - mae: 0.0800
19/27 [====================>.........] - ETA: 1s - loss: 0.0065 - mae: 0.0842
20/27 [=====================>........] - ETA: 0s - loss: 0.0065 - mae: 0.0851
21/27 [======================>.......] - ETA: 0s - loss: 0.0064 - mae: 0.0851
22/27 [=======================>......] - ETA: 0s - loss: 0.0063 - mae: 0.0854
23/27 [========================>.....] - ETA: 0s - loss: 0.0061 - mae: 0.0844
24/27 [=========================>....] - ETA: 0s - loss: 0.0060 - mae: 0.0830
25/27 [==========================>...] - ETA: 0s - loss: 0.0058 - mae: 0.0813
26/27 [===========================>..] - ETA: 0s - loss: 0.0056 - mae: 0.0797
27/27 [==============================] - ETA: 0s - loss: 0.0055 - mae: 0.0786
27/27 [==============================] - 4s 136ms/step - loss: 0.0055 - mae: 0.0786 - val_loss: 0.0090 - val_mae: 0.1237 - lr: 0.0015
Epoch 53/100

 1/27 [>.............................] - ETA: 3s - loss: 0.0127 - mae: 0.1410
 2/27 [=>............................] - ETA: 3s - loss: 0.0090 - mae: 0.1136
 3/27 [==>...........................] - ETA: 3s - loss: 0.0069 - mae: 0.0934
 4/27 [===>..........................] - ETA: 2s - loss: 0.0073 - mae: 0.0984
 5/27 [====>.........................] - ETA: 2s - loss: 0.0064 - mae: 0.0913
 6/27 [=====>........................] - ETA: 2s - loss: 0.0056 - mae: 0.0843
 7/27 [======>.......................] - ETA: 2s - loss: 0.0052 - mae: 0.0801
 8/27 [=======>......................] - ETA: 2s - loss: 0.0048 - mae: 0.0771
 9/27 [=========>....................] - ETA: 2s - loss: 0.0045 - mae: 0.0743
10/27 [==========>...................] - ETA: 2s - loss: 0.0043 - mae: 0.0730
11/27 [===========>..................] - ETA: 2s - loss: 0.0042 - mae: 0.0730
12/27 [============>.................] - ETA: 1s - loss: 0.0043 - mae: 0.0744
13/27 [=============>................] - ETA: 1s - loss: 0.0041 - mae: 0.0722
14/27 [==============>...............] - ETA: 1s - loss: 0.0039 - mae: 0.0697
15/27 [===============>..............] - ETA: 1s - loss: 0.0037 - mae: 0.0679
16/27 [================>.............] - ETA: 1s - loss: 0.0036 - mae: 0.0673
17/27 [=================>............] - ETA: 1s - loss: 0.0036 - mae: 0.0671
18/27 [===================>..........] - ETA: 1s - loss: 0.0036 - mae: 0.0671
19/27 [====================>.........] - ETA: 1s - loss: 0.0037 - mae: 0.0685
20/27 [=====================>........] - ETA: 0s - loss: 0.0037 - mae: 0.0679
21/27 [======================>.......] - ETA: 0s - loss: 0.0035 - mae: 0.0667
22/27 [=======================>......] - ETA: 0s - loss: 0.0035 - mae: 0.0656
23/27 [========================>.....] - ETA: 0s - loss: 0.0034 - mae: 0.0650
24/27 [=========================>....] - ETA: 0s - loss: 0.0034 - mae: 0.0653
25/27 [==========================>...] - ETA: 0s - loss: 0.0033 - mae: 0.0642
26/27 [===========================>..] - ETA: 0s - loss: 0.0032 - mae: 0.0629
27/27 [==============================] - ETA: 0s - loss: 0.0032 - mae: 0.0621
27/27 [==============================] - 4s 135ms/step - loss: 0.0032 - mae: 0.0621 - val_loss: 0.0066 - val_mae: 0.1028 - lr: 0.0015
Epoch 54/100

 1/27 [>.............................] - ETA: 3s - loss: 0.0114 - mae: 0.1127
 2/27 [=>............................] - ETA: 3s - loss: 0.0110 - mae: 0.1186
 3/27 [==>...........................] - ETA: 3s - loss: 0.0086 - mae: 0.1026
 4/27 [===>..........................] - ETA: 3s - loss: 0.0098 - mae: 0.1116
 5/27 [====>.........................] - ETA: 2s - loss: 0.0148 - mae: 0.1404
 6/27 [=====>........................] - ETA: 2s - loss: 0.0131 - mae: 0.1304
 7/27 [======>.......................] - ETA: 2s - loss: 0.0117 - mae: 0.1214
 8/27 [=======>......................] - ETA: 2s - loss: 0.0105 - mae: 0.1131
 9/27 [=========>....................] - ETA: 2s - loss: 0.0098 - mae: 0.1092
10/27 [==========>...................] - ETA: 2s - loss: 0.0096 - mae: 0.1101
11/27 [===========>..................] - ETA: 2s - loss: 0.0095 - mae: 0.1099
12/27 [============>.................] - ETA: 1s - loss: 0.0097 - mae: 0.1136
13/27 [=============>................] - ETA: 1s - loss: 0.0098 - mae: 0.1153
14/27 [==============>...............] - ETA: 1s - loss: 0.0095 - mae: 0.1134
15/27 [===============>..............] - ETA: 1s - loss: 0.0092 - mae: 0.1120
16/27 [================>.............] - ETA: 1s - loss: 0.0090 - mae: 0.1109
17/27 [=================>............] - ETA: 1s - loss: 0.0086 - mae: 0.1070
18/27 [===================>..........] - ETA: 1s - loss: 0.0083 - mae: 0.1050
19/27 [====================>.........] - ETA: 1s - loss: 0.0082 - mae: 0.1049
20/27 [=====================>........] - ETA: 0s - loss: 0.0079 - mae: 0.1023
21/27 [======================>.......] - ETA: 0s - loss: 0.0076 - mae: 0.0996
22/27 [=======================>......] - ETA: 0s - loss: 0.0075 - mae: 0.0989
23/27 [========================>.....] - ETA: 0s - loss: 0.0083 - mae: 0.1040
24/27 [=========================>....] - ETA: 0s - loss: 0.0095 - mae: 0.1106
25/27 [==========================>...] - ETA: 0s - loss: 0.0099 - mae: 0.1141
26/27 [===========================>..] - ETA: 0s - loss: 0.0102 - mae: 0.1166
27/27 [==============================] - ETA: 0s - loss: 0.0102 - mae: 0.1170
27/27 [==============================] - 4s 135ms/step - loss: 0.0102 - mae: 0.1170 - val_loss: 0.0059 - val_mae: 0.0915 - lr: 0.0015
Epoch 55/100

 1/27 [>.............................] - ETA: 3s - loss: 0.0804 - mae: 0.3968
 2/27 [=>............................] - ETA: 3s - loss: 0.0521 - mae: 0.2901
 3/27 [==>...........................] - ETA: 3s - loss: 0.0394 - mae: 0.2457
 4/27 [===>..........................] - ETA: 2s - loss: 0.0302 - mae: 0.1977
 5/27 [====>.........................] - ETA: 2s - loss: 0.0245 - mae: 0.1683
 6/27 [=====>........................] - ETA: 2s - loss: 0.0214 - mae: 0.1571
 7/27 [======>.......................] - ETA: 2s - loss: 0.0188 - mae: 0.1441
 8/27 [=======>......................] - ETA: 2s - loss: 0.0166 - mae: 0.1322
 9/27 [=========>....................] - ETA: 2s - loss: 0.0152 - mae: 0.1253
10/27 [==========>...................] - ETA: 2s - loss: 0.0138 - mae: 0.1167
11/27 [===========>..................] - ETA: 2s - loss: 0.0127 - mae: 0.1106
12/27 [============>.................] - ETA: 1s - loss: 0.0119 - mae: 0.1067
13/27 [=============>................] - ETA: 1s - loss: 0.0112 - mae: 0.1027
14/27 [==============>...............] - ETA: 1s - loss: 0.0106 - mae: 0.1002
15/27 [===============>..............] - ETA: 1s - loss: 0.0103 - mae: 0.0991
16/27 [================>.............] - ETA: 1s - loss: 0.0101 - mae: 0.0994
17/27 [=================>............] - ETA: 1s - loss: 0.0099 - mae: 0.0995
18/27 [===================>..........] - ETA: 1s - loss: 0.0105 - mae: 0.1043
19/27 [====================>.........] - ETA: 1s - loss: 0.0102 - mae: 0.1024
20/27 [=====================>........] - ETA: 0s - loss: 0.0098 - mae: 0.0997
21/27 [======================>.......] - ETA: 0s - loss: 0.0094 - mae: 0.0971
22/27 [=======================>......] - ETA: 0s - loss: 0.0093 - mae: 0.0973
23/27 [========================>.....] - ETA: 0s - loss: 0.0091 - mae: 0.0967
24/27 [=========================>....] - ETA: 0s - loss: 0.0088 - mae: 0.0951
25/27 [==========================>...] - ETA: 0s - loss: 0.0086 - mae: 0.0939
26/27 [===========================>..] - ETA: 0s - loss: 0.0084 - mae: 0.0923
27/27 [==============================] - ETA: 0s - loss: 0.0082 - mae: 0.0910
27/27 [==============================] - 4s 140ms/step - loss: 0.0082 - mae: 0.0910 - val_loss: 0.0044 - val_mae: 0.0795 - lr: 0.0015
Epoch 56/100

 1/27 [>.............................] - ETA: 3s - loss: 0.0439 - mae: 0.2856
 2/27 [=>............................] - ETA: 3s - loss: 0.0281 - mae: 0.2044
 3/27 [==>...........................] - ETA: 2s - loss: 0.0195 - mae: 0.1535
 4/27 [===>..........................] - ETA: 2s - loss: 0.0170 - mae: 0.1453
 5/27 [====>.........................] - ETA: 2s - loss: 0.0140 - mae: 0.1263
 6/27 [=====>........................] - ETA: 2s - loss: 0.0124 - mae: 0.1182
 7/27 [======>.......................] - ETA: 2s - loss: 0.0109 - mae: 0.1093
 8/27 [=======>......................] - ETA: 2s - loss: 0.0099 - mae: 0.1030
 9/27 [=========>....................] - ETA: 2s - loss: 0.0089 - mae: 0.0962
10/27 [==========>...................] - ETA: 2s - loss: 0.0082 - mae: 0.0908
11/27 [===========>..................] - ETA: 2s - loss: 0.0076 - mae: 0.0873
12/27 [============>.................] - ETA: 1s - loss: 0.0071 - mae: 0.0837
13/27 [=============>................] - ETA: 1s - loss: 0.0067 - mae: 0.0813
14/27 [==============>...............] - ETA: 1s - loss: 0.0066 - mae: 0.0820
15/27 [===============>..............] - ETA: 1s - loss: 0.0066 - mae: 0.0835
16/27 [================>.............] - ETA: 1s - loss: 0.0065 - mae: 0.0831
17/27 [=================>............] - ETA: 1s - loss: 0.0064 - mae: 0.0828
18/27 [===================>..........] - ETA: 1s - loss: 0.0065 - mae: 0.0840
19/27 [====================>.........] - ETA: 1s - loss: 0.0064 - mae: 0.0835
20/27 [=====================>........] - ETA: 0s - loss: 0.0062 - mae: 0.0821
21/27 [======================>.......] - ETA: 0s - loss: 0.0060 - mae: 0.0810
22/27 [=======================>......] - ETA: 0s - loss: 0.0058 - mae: 0.0793
23/27 [========================>.....] - ETA: 0s - loss: 0.0057 - mae: 0.0792
24/27 [=========================>....] - ETA: 0s - loss: 0.0057 - mae: 0.0801
25/27 [==========================>...] - ETA: 0s - loss: 0.0057 - mae: 0.0794
26/27 [===========================>..] - ETA: 0s - loss: 0.0055 - mae: 0.0783
27/27 [==============================] - ETA: 0s - loss: 0.0054 - mae: 0.0771
27/27 [==============================] - 4s 133ms/step - loss: 0.0054 - mae: 0.0771 - val_loss: 0.0120 - val_mae: 0.1412 - lr: 0.0015
Epoch 57/100

 1/27 [>.............................] - ETA: 3s - loss: 0.0117 - mae: 0.1340
 2/27 [=>............................] - ETA: 2s - loss: 0.0127 - mae: 0.1378
 3/27 [==>...........................] - ETA: 2s - loss: 0.0104 - mae: 0.1229
 4/27 [===>..........................] - ETA: 2s - loss: 0.0110 - mae: 0.1293
 5/27 [====>.........................] - ETA: 2s - loss: 0.0093 - mae: 0.1153
 6/27 [=====>........................] - ETA: 2s - loss: 0.0081 - mae: 0.1050
 7/27 [======>.......................] - ETA: 2s - loss: 0.0073 - mae: 0.0977
 8/27 [=======>......................] - ETA: 2s - loss: 0.0067 - mae: 0.0929
 9/27 [=========>....................] - ETA: 2s - loss: 0.0061 - mae: 0.0873
10/27 [==========>...................] - ETA: 2s - loss: 0.0057 - mae: 0.0835
11/27 [===========>..................] - ETA: 1s - loss: 0.0053 - mae: 0.0791
12/27 [============>.................] - ETA: 1s - loss: 0.0049 - mae: 0.0757
13/27 [=============>................] - ETA: 1s - loss: 0.0047 - mae: 0.0737
14/27 [==============>...............] - ETA: 1s - loss: 0.0050 - mae: 0.0763
15/27 [===============>..............] - ETA: 1s - loss: 0.0051 - mae: 0.0782
16/27 [================>.............] - ETA: 1s - loss: 0.0053 - mae: 0.0799
17/27 [=================>............] - ETA: 1s - loss: 0.0054 - mae: 0.0811
18/27 [===================>..........] - ETA: 1s - loss: 0.0054 - mae: 0.0814
19/27 [====================>.........] - ETA: 0s - loss: 0.0053 - mae: 0.0803
20/27 [=====================>........] - ETA: 0s - loss: 0.0051 - mae: 0.0795
21/27 [======================>.......] - ETA: 0s - loss: 0.0050 - mae: 0.0788
22/27 [=======================>......] - ETA: 0s - loss: 0.0049 - mae: 0.0774
23/27 [========================>.....] - ETA: 0s - loss: 0.0049 - mae: 0.0783
24/27 [=========================>....] - ETA: 0s - loss: 0.0048 - mae: 0.0773
25/27 [==========================>...] - ETA: 0s - loss: 0.0048 - mae: 0.0773
26/27 [===========================>..] - ETA: 0s - loss: 0.0047 - mae: 0.0768
27/27 [==============================] - ETA: 0s - loss: 0.0046 - mae: 0.0762
27/27 [==============================] - 4s 133ms/step - loss: 0.0046 - mae: 0.0762 - val_loss: 0.0165 - val_mae: 0.1665 - lr: 0.0015
Epoch 58/100

 1/27 [>.............................] - ETA: 3s - loss: 0.0254 - mae: 0.1954
 2/27 [=>............................] - ETA: 3s - loss: 0.0208 - mae: 0.1749
 3/27 [==>...........................] - ETA: 2s - loss: 0.0152 - mae: 0.1402
 4/27 [===>..........................] - ETA: 2s - loss: 0.0153 - mae: 0.1475
 5/27 [====>.........................] - ETA: 2s - loss: 0.0134 - mae: 0.1374
 6/27 [=====>........................] - ETA: 2s - loss: 0.0115 - mae: 0.1225
 7/27 [======>.......................] - ETA: 2s - loss: 0.0101 - mae: 0.1107
 8/27 [=======>......................] - ETA: 2s - loss: 0.0090 - mae: 0.1028
 9/27 [=========>....................] - ETA: 2s - loss: 0.0082 - mae: 0.0964
10/27 [==========>...................] - ETA: 2s - loss: 0.0076 - mae: 0.0925
11/27 [===========>..................] - ETA: 1s - loss: 0.0070 - mae: 0.0878
12/27 [============>.................] - ETA: 1s - loss: 0.0066 - mae: 0.0847
13/27 [=============>................] - ETA: 1s - loss: 0.0062 - mae: 0.0812
14/27 [==============>...............] - ETA: 1s - loss: 0.0061 - mae: 0.0810
15/27 [===============>..............] - ETA: 1s - loss: 0.0063 - mae: 0.0834
16/27 [================>.............] - ETA: 1s - loss: 0.0063 - mae: 0.0838
17/27 [=================>............] - ETA: 1s - loss: 0.0063 - mae: 0.0845
18/27 [===================>..........] - ETA: 1s - loss: 0.0061 - mae: 0.0830
19/27 [====================>.........] - ETA: 1s - loss: 0.0059 - mae: 0.0817
20/27 [=====================>........] - ETA: 0s - loss: 0.0057 - mae: 0.0796
21/27 [======================>.......] - ETA: 0s - loss: 0.0055 - mae: 0.0780
22/27 [=======================>......] - ETA: 0s - loss: 0.0053 - mae: 0.0766
23/27 [========================>.....] - ETA: 0s - loss: 0.0053 - mae: 0.0769
24/27 [=========================>....] - ETA: 0s - loss: 0.0056 - mae: 0.0799
25/27 [==========================>...] - ETA: 0s - loss: 0.0055 - mae: 0.0806
26/27 [===========================>..] - ETA: 0s - loss: 0.0055 - mae: 0.0806
27/27 [==============================] - ETA: 0s - loss: 0.0054 - mae: 0.0803
Epoch 58: ReduceLROnPlateau reducing learning rate to 0.000750000006519258.

27/27 [==============================] - 4s 142ms/step - loss: 0.0054 - mae: 0.0803 - val_loss: 0.0061 - val_mae: 0.0933 - lr: 0.0015
Epoch 59/100

 1/27 [>.............................] - ETA: 3s - loss: 0.0171 - mae: 0.1645
 2/27 [=>............................] - ETA: 3s - loss: 0.0122 - mae: 0.1299
 3/27 [==>...........................] - ETA: 3s - loss: 0.0096 - mae: 0.1124
 4/27 [===>..........................] - ETA: 3s - loss: 0.0077 - mae: 0.0972
 5/27 [====>.........................] - ETA: 2s - loss: 0.0081 - mae: 0.1037
 6/27 [=====>........................] - ETA: 2s - loss: 0.0072 - mae: 0.0967
 7/27 [======>.......................] - ETA: 2s - loss: 0.0066 - mae: 0.0911
 8/27 [=======>......................] - ETA: 2s - loss: 0.0060 - mae: 0.0865
 9/27 [=========>....................] - ETA: 2s - loss: 0.0056 - mae: 0.0825
10/27 [==========>...................] - ETA: 2s - loss: 0.0053 - mae: 0.0816
11/27 [===========>..................] - ETA: 2s - loss: 0.0053 - mae: 0.0820
12/27 [============>.................] - ETA: 1s - loss: 0.0055 - mae: 0.0848
13/27 [=============>................] - ETA: 1s - loss: 0.0054 - mae: 0.0837
14/27 [==============>...............] - ETA: 1s - loss: 0.0051 - mae: 0.0816
15/27 [===============>..............] - ETA: 1s - loss: 0.0051 - mae: 0.0804
16/27 [================>.............] - ETA: 1s - loss: 0.0049 - mae: 0.0794
17/27 [=================>............] - ETA: 1s - loss: 0.0048 - mae: 0.0787
18/27 [===================>..........] - ETA: 1s - loss: 0.0050 - mae: 0.0802
19/27 [====================>.........] - ETA: 1s - loss: 0.0048 - mae: 0.0778
20/27 [=====================>........] - ETA: 0s - loss: 0.0047 - mae: 0.0771
21/27 [======================>.......] - ETA: 0s - loss: 0.0046 - mae: 0.0760
22/27 [=======================>......] - ETA: 0s - loss: 0.0044 - mae: 0.0749
23/27 [========================>.....] - ETA: 0s - loss: 0.0043 - mae: 0.0734
24/27 [=========================>....] - ETA: 0s - loss: 0.0042 - mae: 0.0727
25/27 [==========================>...] - ETA: 0s - loss: 0.0041 - mae: 0.0709
26/27 [===========================>..] - ETA: 0s - loss: 0.0040 - mae: 0.0692
27/27 [==============================] - ETA: 0s - loss: 0.0039 - mae: 0.0682
27/27 [==============================] - 4s 141ms/step - loss: 0.0039 - mae: 0.0682 - val_loss: 0.0052 - val_mae: 0.0880 - lr: 7.5000e-04
Epoch 60/100

 1/27 [>.............................] - ETA: 3s - loss: 0.0306 - mae: 0.2212
 2/27 [=>............................] - ETA: 3s - loss: 0.0195 - mae: 0.1648
 3/27 [==>...........................] - ETA: 3s - loss: 0.0145 - mae: 0.1341
 4/27 [===>..........................] - ETA: 3s - loss: 0.0114 - mae: 0.1130
 5/27 [====>.........................] - ETA: 2s - loss: 0.0097 - mae: 0.1024
 6/27 [=====>........................] - ETA: 2s - loss: 0.0088 - mae: 0.0991
 7/27 [======>.......................] - ETA: 2s - loss: 0.0080 - mae: 0.0939
 8/27 [=======>......................] - ETA: 2s - loss: 0.0072 - mae: 0.0889
 9/27 [=========>....................] - ETA: 2s - loss: 0.0066 - mae: 0.0840
10/27 [==========>...................] - ETA: 2s - loss: 0.0060 - mae: 0.0792
11/27 [===========>..................] - ETA: 2s - loss: 0.0056 - mae: 0.0766
12/27 [============>.................] - ETA: 1s - loss: 0.0054 - mae: 0.0755
13/27 [=============>................] - ETA: 1s - loss: 0.0052 - mae: 0.0742
14/27 [==============>...............] - ETA: 1s - loss: 0.0049 - mae: 0.0714
15/27 [===============>..............] - ETA: 1s - loss: 0.0047 - mae: 0.0700
16/27 [================>.............] - ETA: 1s - loss: 0.0045 - mae: 0.0686
17/27 [=================>............] - ETA: 1s - loss: 0.0045 - mae: 0.0686
18/27 [===================>..........] - ETA: 1s - loss: 0.0046 - mae: 0.0707
19/27 [====================>.........] - ETA: 1s - loss: 0.0045 - mae: 0.0700
20/27 [=====================>........] - ETA: 0s - loss: 0.0044 - mae: 0.0696
21/27 [======================>.......] - ETA: 0s - loss: 0.0043 - mae: 0.0687
22/27 [=======================>......] - ETA: 0s - loss: 0.0042 - mae: 0.0676
23/27 [========================>.....] - ETA: 0s - loss: 0.0041 - mae: 0.0670
24/27 [=========================>....] - ETA: 0s - loss: 0.0040 - mae: 0.0664
25/27 [==========================>...] - ETA: 0s - loss: 0.0039 - mae: 0.0651
26/27 [===========================>..] - ETA: 0s - loss: 0.0038 - mae: 0.0639
27/27 [==============================] - ETA: 0s - loss: 0.0038 - mae: 0.0633
27/27 [==============================] - 4s 142ms/step - loss: 0.0038 - mae: 0.0633 - val_loss: 0.0097 - val_mae: 0.1283 - lr: 7.5000e-04
Epoch 61/100

 1/27 [>.............................] - ETA: 3s - loss: 0.0123 - mae: 0.1225
 2/27 [=>............................] - ETA: 3s - loss: 0.0106 - mae: 0.1142
 3/27 [==>...........................] - ETA: 3s - loss: 0.0081 - mae: 0.0980
 4/27 [===>..........................] - ETA: 2s - loss: 0.0072 - mae: 0.0951
 5/27 [====>.........................] - ETA: 2s - loss: 0.0060 - mae: 0.0836
 6/27 [=====>........................] - ETA: 2s - loss: 0.0054 - mae: 0.0794
 7/27 [======>.......................] - ETA: 2s - loss: 0.0049 - mae: 0.0752
 8/27 [=======>......................] - ETA: 2s - loss: 0.0044 - mae: 0.0710
 9/27 [=========>....................] - ETA: 2s - loss: 0.0041 - mae: 0.0667
10/27 [==========>...................] - ETA: 2s - loss: 0.0038 - mae: 0.0649
11/27 [===========>..................] - ETA: 2s - loss: 0.0036 - mae: 0.0627
12/27 [============>.................] - ETA: 1s - loss: 0.0034 - mae: 0.0611
13/27 [=============>................] - ETA: 1s - loss: 0.0032 - mae: 0.0592
14/27 [==============>...............] - ETA: 1s - loss: 0.0033 - mae: 0.0599
15/27 [===============>..............] - ETA: 1s - loss: 0.0032 - mae: 0.0593
16/27 [================>.............] - ETA: 1s - loss: 0.0031 - mae: 0.0587
17/27 [=================>............] - ETA: 1s - loss: 0.0031 - mae: 0.0584
18/27 [===================>..........] - ETA: 1s - loss: 0.0032 - mae: 0.0595
19/27 [====================>.........] - ETA: 1s - loss: 0.0031 - mae: 0.0592
20/27 [=====================>........] - ETA: 0s - loss: 0.0031 - mae: 0.0587
21/27 [======================>.......] - ETA: 0s - loss: 0.0030 - mae: 0.0578
22/27 [=======================>......] - ETA: 0s - loss: 0.0029 - mae: 0.0572
23/27 [========================>.....] - ETA: 0s - loss: 0.0028 - mae: 0.0563
24/27 [=========================>....] - ETA: 0s - loss: 0.0028 - mae: 0.0558
25/27 [==========================>...] - ETA: 0s - loss: 0.0027 - mae: 0.0548
26/27 [===========================>..] - ETA: 0s - loss: 0.0026 - mae: 0.0540
27/27 [==============================] - ETA: 0s - loss: 0.0026 - mae: 0.0537
27/27 [==============================] - 4s 140ms/step - loss: 0.0026 - mae: 0.0537 - val_loss: 0.0094 - val_mae: 0.1261 - lr: 7.5000e-04
Epoch 62/100

 1/27 [>.............................] - ETA: 3s - loss: 0.0056 - mae: 0.0755
 2/27 [=>............................] - ETA: 3s - loss: 0.0078 - mae: 0.0933
 3/27 [==>...........................] - ETA: 3s - loss: 0.0063 - mae: 0.0833
 4/27 [===>..........................] - ETA: 3s - loss: 0.0056 - mae: 0.0813
 5/27 [====>.........................] - ETA: 2s - loss: 0.0048 - mae: 0.0738
 6/27 [=====>........................] - ETA: 2s - loss: 0.0044 - mae: 0.0709
 7/27 [======>.......................] - ETA: 2s - loss: 0.0040 - mae: 0.0670
 8/27 [=======>......................] - ETA: 2s - loss: 0.0037 - mae: 0.0640
 9/27 [=========>....................] - ETA: 2s - loss: 0.0034 - mae: 0.0611
10/27 [==========>...................] - ETA: 2s - loss: 0.0032 - mae: 0.0596
11/27 [===========>..................] - ETA: 2s - loss: 0.0031 - mae: 0.0583
12/27 [============>.................] - ETA: 2s - loss: 0.0030 - mae: 0.0580
13/27 [=============>................] - ETA: 1s - loss: 0.0029 - mae: 0.0559
14/27 [==============>...............] - ETA: 1s - loss: 0.0028 - mae: 0.0558
15/27 [===============>..............] - ETA: 1s - loss: 0.0029 - mae: 0.0568
16/27 [================>.............] - ETA: 1s - loss: 0.0030 - mae: 0.0573
17/27 [=================>............] - ETA: 1s - loss: 0.0030 - mae: 0.0575
18/27 [===================>..........] - ETA: 1s - loss: 0.0029 - mae: 0.0574
19/27 [====================>.........] - ETA: 1s - loss: 0.0030 - mae: 0.0575
20/27 [=====================>........] - ETA: 0s - loss: 0.0029 - mae: 0.0569
21/27 [======================>.......] - ETA: 0s - loss: 0.0028 - mae: 0.0561
22/27 [=======================>......] - ETA: 0s - loss: 0.0028 - mae: 0.0557
23/27 [========================>.....] - ETA: 0s - loss: 0.0027 - mae: 0.0555
24/27 [=========================>....] - ETA: 0s - loss: 0.0027 - mae: 0.0548
25/27 [==========================>...] - ETA: 0s - loss: 0.0026 - mae: 0.0541
26/27 [===========================>..] - ETA: 0s - loss: 0.0025 - mae: 0.0533
27/27 [==============================] - ETA: 0s - loss: 0.0025 - mae: 0.0530
27/27 [==============================] - 4s 142ms/step - loss: 0.0025 - mae: 0.0530 - val_loss: 0.0073 - val_mae: 0.1079 - lr: 7.5000e-04
Epoch 63/100

 1/27 [>.............................] - ETA: 3s - loss: 0.0059 - mae: 0.0760
 2/27 [=>............................] - ETA: 3s - loss: 0.0072 - mae: 0.0907
 3/27 [==>...........................] - ETA: 3s - loss: 0.0061 - mae: 0.0814
 4/27 [===>..........................] - ETA: 3s - loss: 0.0051 - mae: 0.0748
 5/27 [====>.........................] - ETA: 2s - loss: 0.0045 - mae: 0.0693
 6/27 [=====>........................] - ETA: 2s - loss: 0.0045 - mae: 0.0710
 7/27 [======>.......................] - ETA: 2s - loss: 0.0043 - mae: 0.0698
 8/27 [=======>......................] - ETA: 2s - loss: 0.0040 - mae: 0.0665
 9/27 [=========>....................] - ETA: 2s - loss: 0.0037 - mae: 0.0640
10/27 [==========>...................] - ETA: 2s - loss: 0.0035 - mae: 0.0623
11/27 [===========>..................] - ETA: 2s - loss: 0.0033 - mae: 0.0610
12/27 [============>.................] - ETA: 1s - loss: 0.0033 - mae: 0.0610
13/27 [=============>................] - ETA: 1s - loss: 0.0031 - mae: 0.0601
14/27 [==============>...............] - ETA: 1s - loss: 0.0030 - mae: 0.0577
15/27 [===============>..............] - ETA: 1s - loss: 0.0030 - mae: 0.0575
16/27 [================>.............] - ETA: 1s - loss: 0.0030 - mae: 0.0583
17/27 [=================>............] - ETA: 1s - loss: 0.0030 - mae: 0.0575
18/27 [===================>..........] - ETA: 1s - loss: 0.0032 - mae: 0.0600
19/27 [====================>.........] - ETA: 1s - loss: 0.0031 - mae: 0.0597
20/27 [=====================>........] - ETA: 0s - loss: 0.0031 - mae: 0.0596
21/27 [======================>.......] - ETA: 0s - loss: 0.0030 - mae: 0.0584
22/27 [=======================>......] - ETA: 0s - loss: 0.0029 - mae: 0.0578
23/27 [========================>.....] - ETA: 0s - loss: 0.0029 - mae: 0.0573
24/27 [=========================>....] - ETA: 0s - loss: 0.0029 - mae: 0.0573
25/27 [==========================>...] - ETA: 0s - loss: 0.0028 - mae: 0.0564
26/27 [===========================>..] - ETA: 0s - loss: 0.0027 - mae: 0.0553
27/27 [==============================] - ETA: 0s - loss: 0.0027 - mae: 0.0549
27/27 [==============================] - 4s 140ms/step - loss: 0.0027 - mae: 0.0549 - val_loss: 0.0060 - val_mae: 0.0972 - lr: 7.5000e-04
Epoch 64/100

 1/27 [>.............................] - ETA: 3s - loss: 0.0065 - mae: 0.0874
 2/27 [=>............................] - ETA: 3s - loss: 0.0065 - mae: 0.0863
 3/27 [==>...........................] - ETA: 3s - loss: 0.0057 - mae: 0.0817
 4/27 [===>..........................] - ETA: 3s - loss: 0.0045 - mae: 0.0708
 5/27 [====>.........................] - ETA: 2s - loss: 0.0039 - mae: 0.0644
 6/27 [=====>........................] - ETA: 2s - loss: 0.0037 - mae: 0.0644
 7/27 [======>.......................] - ETA: 2s - loss: 0.0036 - mae: 0.0636
 8/27 [=======>......................] - ETA: 2s - loss: 0.0034 - mae: 0.0626
 9/27 [=========>....................] - ETA: 2s - loss: 0.0032 - mae: 0.0605
10/27 [==========>...................] - ETA: 2s - loss: 0.0030 - mae: 0.0575
11/27 [===========>..................] - ETA: 2s - loss: 0.0028 - mae: 0.0565
12/27 [============>.................] - ETA: 1s - loss: 0.0028 - mae: 0.0572
13/27 [=============>................] - ETA: 1s - loss: 0.0027 - mae: 0.0560
14/27 [==============>...............] - ETA: 1s - loss: 0.0026 - mae: 0.0553
15/27 [===============>..............] - ETA: 1s - loss: 0.0026 - mae: 0.0545
16/27 [================>.............] - ETA: 1s - loss: 0.0026 - mae: 0.0547
17/27 [=================>............] - ETA: 1s - loss: 0.0026 - mae: 0.0546
18/27 [===================>..........] - ETA: 1s - loss: 0.0026 - mae: 0.0555
19/27 [====================>.........] - ETA: 1s - loss: 0.0026 - mae: 0.0549
20/27 [=====================>........] - ETA: 0s - loss: 0.0026 - mae: 0.0549
21/27 [======================>.......] - ETA: 0s - loss: 0.0025 - mae: 0.0547
22/27 [=======================>......] - ETA: 0s - loss: 0.0025 - mae: 0.0537
23/27 [========================>.....] - ETA: 0s - loss: 0.0024 - mae: 0.0534
24/27 [=========================>....] - ETA: 0s - loss: 0.0024 - mae: 0.0530
25/27 [==========================>...] - ETA: 0s - loss: 0.0023 - mae: 0.0520
26/27 [===========================>..] - ETA: 0s - loss: 0.0023 - mae: 0.0514
27/27 [==============================] - ETA: 0s - loss: 0.0023 - mae: 0.0507
27/27 [==============================] - 4s 139ms/step - loss: 0.0023 - mae: 0.0507 - val_loss: 0.0069 - val_mae: 0.1049 - lr: 7.5000e-04
Epoch 65/100

 1/27 [>.............................] - ETA: 3s - loss: 0.0064 - mae: 0.0715
 2/27 [=>............................] - ETA: 3s - loss: 0.0072 - mae: 0.0884
 3/27 [==>...........................] - ETA: 2s - loss: 0.0060 - mae: 0.0800
 4/27 [===>..........................] - ETA: 2s - loss: 0.0049 - mae: 0.0709
 5/27 [====>.........................] - ETA: 2s - loss: 0.0042 - mae: 0.0665
 6/27 [=====>........................] - ETA: 2s - loss: 0.0041 - mae: 0.0670
 7/27 [======>.......................] - ETA: 2s - loss: 0.0039 - mae: 0.0651
 8/27 [=======>......................] - ETA: 2s - loss: 0.0037 - mae: 0.0638
 9/27 [=========>....................] - ETA: 2s - loss: 0.0035 - mae: 0.0622
10/27 [==========>...................] - ETA: 2s - loss: 0.0033 - mae: 0.0606
11/27 [===========>..................] - ETA: 2s - loss: 0.0031 - mae: 0.0586
12/27 [============>.................] - ETA: 1s - loss: 0.0030 - mae: 0.0587
13/27 [=============>................] - ETA: 1s - loss: 0.0029 - mae: 0.0576
14/27 [==============>...............] - ETA: 1s - loss: 0.0029 - mae: 0.0575
15/27 [===============>..............] - ETA: 1s - loss: 0.0028 - mae: 0.0563
16/27 [================>.............] - ETA: 1s - loss: 0.0027 - mae: 0.0558
17/27 [=================>............] - ETA: 1s - loss: 0.0028 - mae: 0.0566
18/27 [===================>..........] - ETA: 1s - loss: 0.0028 - mae: 0.0569
19/27 [====================>.........] - ETA: 1s - loss: 0.0027 - mae: 0.0565
20/27 [=====================>........] - ETA: 0s - loss: 0.0027 - mae: 0.0563
21/27 [======================>.......] - ETA: 0s - loss: 0.0027 - mae: 0.0560
22/27 [=======================>......] - ETA: 0s - loss: 0.0026 - mae: 0.0551
23/27 [========================>.....] - ETA: 0s - loss: 0.0026 - mae: 0.0547
24/27 [=========================>....] - ETA: 0s - loss: 0.0026 - mae: 0.0547
25/27 [==========================>...] - ETA: 0s - loss: 0.0025 - mae: 0.0536
26/27 [===========================>..] - ETA: 0s - loss: 0.0024 - mae: 0.0528
27/27 [==============================] - ETA: 0s - loss: 0.0024 - mae: 0.0521
27/27 [==============================] - 4s 142ms/step - loss: 0.0024 - mae: 0.0521 - val_loss: 0.0087 - val_mae: 0.1208 - lr: 7.5000e-04
Epoch 66/100

 1/27 [>.............................] - ETA: 3s - loss: 0.0043 - mae: 0.0692
 2/27 [=>............................] - ETA: 3s - loss: 0.0056 - mae: 0.0807
 3/27 [==>...........................] - ETA: 3s - loss: 0.0055 - mae: 0.0808
 4/27 [===>..........................] - ETA: 3s - loss: 0.0048 - mae: 0.0761
 5/27 [====>.........................] - ETA: 3s - loss: 0.0041 - mae: 0.0683
 6/27 [=====>........................] - ETA: 2s - loss: 0.0039 - mae: 0.0676
 7/27 [======>.......................] - ETA: 2s - loss: 0.0038 - mae: 0.0665
 8/27 [=======>......................] - ETA: 2s - loss: 0.0035 - mae: 0.0631
 9/27 [=========>....................] - ETA: 2s - loss: 0.0033 - mae: 0.0620
10/27 [==========>...................] - ETA: 2s - loss: 0.0031 - mae: 0.0590
11/27 [===========>..................] - ETA: 2s - loss: 0.0029 - mae: 0.0574
12/27 [============>.................] - ETA: 1s - loss: 0.0028 - mae: 0.0568
13/27 [=============>................] - ETA: 1s - loss: 0.0028 - mae: 0.0559
14/27 [==============>...............] - ETA: 1s - loss: 0.0028 - mae: 0.0567
15/27 [===============>..............] - ETA: 1s - loss: 0.0028 - mae: 0.0561
16/27 [================>.............] - ETA: 1s - loss: 0.0027 - mae: 0.0553
17/27 [=================>............] - ETA: 1s - loss: 0.0028 - mae: 0.0563
18/27 [===================>..........] - ETA: 1s - loss: 0.0028 - mae: 0.0565
19/27 [====================>.........] - ETA: 1s - loss: 0.0028 - mae: 0.0562
20/27 [=====================>........] - ETA: 0s - loss: 0.0027 - mae: 0.0556
21/27 [======================>.......] - ETA: 0s - loss: 0.0026 - mae: 0.0549
22/27 [=======================>......] - ETA: 0s - loss: 0.0026 - mae: 0.0544
23/27 [========================>.....] - ETA: 0s - loss: 0.0025 - mae: 0.0539
24/27 [=========================>....] - ETA: 0s - loss: 0.0025 - mae: 0.0534
25/27 [==========================>...] - ETA: 0s - loss: 0.0024 - mae: 0.0526
26/27 [===========================>..] - ETA: 0s - loss: 0.0024 - mae: 0.0515
27/27 [==============================] - ETA: 0s - loss: 0.0023 - mae: 0.0509
27/27 [==============================] - 4s 144ms/step - loss: 0.0023 - mae: 0.0509 - val_loss: 0.0086 - val_mae: 0.1186 - lr: 7.5000e-04
Epoch 67/100

 1/27 [>.............................] - ETA: 3s - loss: 0.0076 - mae: 0.0970
 2/27 [=>............................] - ETA: 3s - loss: 0.0086 - mae: 0.1055
 3/27 [==>...........................] - ETA: 3s - loss: 0.0068 - mae: 0.0907
 4/27 [===>..........................] - ETA: 3s - loss: 0.0055 - mae: 0.0792
 5/27 [====>.........................] - ETA: 2s - loss: 0.0047 - mae: 0.0725
 6/27 [=====>........................] - ETA: 2s - loss: 0.0044 - mae: 0.0707
 7/27 [======>.......................] - ETA: 2s - loss: 0.0041 - mae: 0.0682
 8/27 [=======>......................] - ETA: 2s - loss: 0.0038 - mae: 0.0652
 9/27 [=========>....................] - ETA: 2s - loss: 0.0035 - mae: 0.0633
10/27 [==========>...................] - ETA: 2s - loss: 0.0033 - mae: 0.0612
11/27 [===========>..................] - ETA: 2s - loss: 0.0032 - mae: 0.0604
12/27 [============>.................] - ETA: 2s - loss: 0.0032 - mae: 0.0613
13/27 [=============>................] - ETA: 1s - loss: 0.0031 - mae: 0.0603
14/27 [==============>...............] - ETA: 1s - loss: 0.0030 - mae: 0.0594
15/27 [===============>..............] - ETA: 1s - loss: 0.0031 - mae: 0.0597
16/27 [================>.............] - ETA: 1s - loss: 0.0031 - mae: 0.0601
17/27 [=================>............] - ETA: 1s - loss: 0.0032 - mae: 0.0610
18/27 [===================>..........] - ETA: 1s - loss: 0.0031 - mae: 0.0604
19/27 [====================>.........] - ETA: 1s - loss: 0.0030 - mae: 0.0596
20/27 [=====================>........] - ETA: 0s - loss: 0.0029 - mae: 0.0588
21/27 [======================>.......] - ETA: 0s - loss: 0.0029 - mae: 0.0582
22/27 [=======================>......] - ETA: 0s - loss: 0.0028 - mae: 0.0573
23/27 [========================>.....] - ETA: 0s - loss: 0.0028 - mae: 0.0569
24/27 [=========================>....] - ETA: 0s - loss: 0.0027 - mae: 0.0566
25/27 [==========================>...] - ETA: 0s - loss: 0.0027 - mae: 0.0557
26/27 [===========================>..] - ETA: 0s - loss: 0.0026 - mae: 0.0544
27/27 [==============================] - ETA: 0s - loss: 0.0025 - mae: 0.0539
27/27 [==============================] - 4s 148ms/step - loss: 0.0025 - mae: 0.0539 - val_loss: 0.0070 - val_mae: 0.1056 - lr: 7.5000e-04
Epoch 68/100

 1/27 [>.............................] - ETA: 3s - loss: 0.0060 - mae: 0.0692
 2/27 [=>............................] - ETA: 3s - loss: 0.0067 - mae: 0.0841
 3/27 [==>...........................] - ETA: 3s - loss: 0.0056 - mae: 0.0772
 4/27 [===>..........................] - ETA: 3s - loss: 0.0046 - mae: 0.0689
 5/27 [====>.........................] - ETA: 3s - loss: 0.0040 - mae: 0.0639
 6/27 [=====>........................] - ETA: 3s - loss: 0.0036 - mae: 0.0618
 7/27 [======>.......................] - ETA: 3s - loss: 0.0034 - mae: 0.0595
 8/27 [=======>......................] - ETA: 2s - loss: 0.0030 - mae: 0.0563
 9/27 [=========>....................] - ETA: 2s - loss: 0.0028 - mae: 0.0536
10/27 [==========>...................] - ETA: 2s - loss: 0.0027 - mae: 0.0520
11/27 [===========>..................] - ETA: 2s - loss: 0.0026 - mae: 0.0522
12/27 [============>.................] - ETA: 2s - loss: 0.0026 - mae: 0.0537
13/27 [=============>................] - ETA: 2s - loss: 0.0026 - mae: 0.0534
14/27 [==============>...............] - ETA: 1s - loss: 0.0025 - mae: 0.0527
15/27 [===============>..............] - ETA: 1s - loss: 0.0025 - mae: 0.0522
16/27 [================>.............] - ETA: 1s - loss: 0.0025 - mae: 0.0530
17/27 [=================>............] - ETA: 1s - loss: 0.0025 - mae: 0.0527
18/27 [===================>..........] - ETA: 1s - loss: 0.0024 - mae: 0.0527
19/27 [====================>.........] - ETA: 1s - loss: 0.0025 - mae: 0.0532
20/27 [=====================>........] - ETA: 1s - loss: 0.0024 - mae: 0.0526
21/27 [======================>.......] - ETA: 0s - loss: 0.0023 - mae: 0.0520
22/27 [=======================>......] - ETA: 0s - loss: 0.0023 - mae: 0.0508
23/27 [========================>.....] - ETA: 0s - loss: 0.0022 - mae: 0.0506
24/27 [=========================>....] - ETA: 0s - loss: 0.0022 - mae: 0.0508
25/27 [==========================>...] - ETA: 0s - loss: 0.0022 - mae: 0.0502
26/27 [===========================>..] - ETA: 0s - loss: 0.0021 - mae: 0.0494
27/27 [==============================] - ETA: 0s - loss: 0.0021 - mae: 0.0489
27/27 [==============================] - 4s 150ms/step - loss: 0.0021 - mae: 0.0489 - val_loss: 0.0054 - val_mae: 0.0912 - lr: 7.5000e-04
Epoch 69/100

 1/27 [>.............................] - ETA: 3s - loss: 0.0134 - mae: 0.1163
 2/27 [=>............................] - ETA: 3s - loss: 0.0111 - mae: 0.1101
 3/27 [==>...........................] - ETA: 3s - loss: 0.0088 - mae: 0.0979
 4/27 [===>..........................] - ETA: 3s - loss: 0.0068 - mae: 0.0828
 5/27 [====>.........................] - ETA: 3s - loss: 0.0057 - mae: 0.0742
 6/27 [=====>........................] - ETA: 2s - loss: 0.0052 - mae: 0.0715
 7/27 [======>.......................] - ETA: 2s - loss: 0.0048 - mae: 0.0697
 8/27 [=======>......................] - ETA: 2s - loss: 0.0044 - mae: 0.0661
 9/27 [=========>....................] - ETA: 2s - loss: 0.0041 - mae: 0.0639
10/27 [==========>...................] - ETA: 2s - loss: 0.0038 - mae: 0.0612
11/27 [===========>..................] - ETA: 2s - loss: 0.0036 - mae: 0.0599
12/27 [============>.................] - ETA: 2s - loss: 0.0035 - mae: 0.0603
13/27 [=============>................] - ETA: 1s - loss: 0.0034 - mae: 0.0600
14/27 [==============>...............] - ETA: 1s - loss: 0.0032 - mae: 0.0584
15/27 [===============>..............] - ETA: 1s - loss: 0.0031 - mae: 0.0577
16/27 [================>.............] - ETA: 1s - loss: 0.0032 - mae: 0.0587
17/27 [=================>............] - ETA: 1s - loss: 0.0031 - mae: 0.0586
18/27 [===================>..........] - ETA: 1s - loss: 0.0031 - mae: 0.0593
19/27 [====================>.........] - ETA: 1s - loss: 0.0031 - mae: 0.0594
20/27 [=====================>........] - ETA: 0s - loss: 0.0030 - mae: 0.0584
21/27 [======================>.......] - ETA: 0s - loss: 0.0029 - mae: 0.0571
22/27 [=======================>......] - ETA: 0s - loss: 0.0029 - mae: 0.0561
23/27 [========================>.....] - ETA: 0s - loss: 0.0028 - mae: 0.0554
24/27 [=========================>....] - ETA: 0s - loss: 0.0027 - mae: 0.0549
25/27 [==========================>...] - ETA: 0s - loss: 0.0027 - mae: 0.0538
26/27 [===========================>..] - ETA: 0s - loss: 0.0026 - mae: 0.0533
27/27 [==============================] - ETA: 0s - loss: 0.0026 - mae: 0.0527
27/27 [==============================] - 4s 147ms/step - loss: 0.0026 - mae: 0.0527 - val_loss: 0.0057 - val_mae: 0.0940 - lr: 7.5000e-04
Epoch 70/100

 1/27 [>.............................] - ETA: 3s - loss: 0.0046 - mae: 0.0637
 2/27 [=>............................] - ETA: 3s - loss: 0.0069 - mae: 0.0878
 3/27 [==>...........................] - ETA: 3s - loss: 0.0057 - mae: 0.0809
 4/27 [===>..........................] - ETA: 3s - loss: 0.0045 - mae: 0.0699
 5/27 [====>.........................] - ETA: 3s - loss: 0.0039 - mae: 0.0641
 6/27 [=====>........................] - ETA: 2s - loss: 0.0039 - mae: 0.0643
 7/27 [======>.......................] - ETA: 2s - loss: 0.0037 - mae: 0.0630
 8/27 [=======>......................] - ETA: 2s - loss: 0.0034 - mae: 0.0608
 9/27 [=========>....................] - ETA: 2s - loss: 0.0032 - mae: 0.0585
10/27 [==========>...................] - ETA: 2s - loss: 0.0029 - mae: 0.0555
11/27 [===========>..................] - ETA: 2s - loss: 0.0028 - mae: 0.0542
12/27 [============>.................] - ETA: 2s - loss: 0.0028 - mae: 0.0551
13/27 [=============>................] - ETA: 1s - loss: 0.0026 - mae: 0.0541
14/27 [==============>...............] - ETA: 1s - loss: 0.0026 - mae: 0.0533
15/27 [===============>..............] - ETA: 1s - loss: 0.0025 - mae: 0.0533
16/27 [================>.............] - ETA: 1s - loss: 0.0025 - mae: 0.0532
17/27 [=================>............] - ETA: 1s - loss: 0.0025 - mae: 0.0529
18/27 [===================>..........] - ETA: 1s - loss: 0.0025 - mae: 0.0537
19/27 [====================>.........] - ETA: 1s - loss: 0.0025 - mae: 0.0535
20/27 [=====================>........] - ETA: 0s - loss: 0.0025 - mae: 0.0534
21/27 [======================>.......] - ETA: 0s - loss: 0.0024 - mae: 0.0529
22/27 [=======================>......] - ETA: 0s - loss: 0.0024 - mae: 0.0522
23/27 [========================>.....] - ETA: 0s - loss: 0.0024 - mae: 0.0518
24/27 [=========================>....] - ETA: 0s - loss: 0.0023 - mae: 0.0515
25/27 [==========================>...] - ETA: 0s - loss: 0.0023 - mae: 0.0511
26/27 [===========================>..] - ETA: 0s - loss: 0.0023 - mae: 0.0503
27/27 [==============================] - ETA: 0s - loss: 0.0022 - mae: 0.0498
27/27 [==============================] - 4s 149ms/step - loss: 0.0022 - mae: 0.0498 - val_loss: 0.0087 - val_mae: 0.1204 - lr: 7.5000e-04
Epoch 71/100

 1/27 [>.............................] - ETA: 3s - loss: 0.0076 - mae: 0.0980
 2/27 [=>............................] - ETA: 3s - loss: 0.0078 - mae: 0.1014
 3/27 [==>...........................] - ETA: 3s - loss: 0.0060 - mae: 0.0867
 4/27 [===>..........................] - ETA: 3s - loss: 0.0051 - mae: 0.0793
 5/27 [====>.........................] - ETA: 3s - loss: 0.0043 - mae: 0.0702
 6/27 [=====>........................] - ETA: 2s - loss: 0.0038 - mae: 0.0657
 7/27 [======>.......................] - ETA: 2s - loss: 0.0034 - mae: 0.0622
 8/27 [=======>......................] - ETA: 2s - loss: 0.0031 - mae: 0.0592
 9/27 [=========>....................] - ETA: 2s - loss: 0.0030 - mae: 0.0575
10/27 [==========>...................] - ETA: 2s - loss: 0.0029 - mae: 0.0565
11/27 [===========>..................] - ETA: 2s - loss: 0.0027 - mae: 0.0550
12/27 [============>.................] - ETA: 2s - loss: 0.0026 - mae: 0.0549
13/27 [=============>................] - ETA: 1s - loss: 0.0025 - mae: 0.0541
14/27 [==============>...............] - ETA: 1s - loss: 0.0025 - mae: 0.0534
15/27 [===============>..............] - ETA: 1s - loss: 0.0026 - mae: 0.0538
16/27 [================>.............] - ETA: 1s - loss: 0.0025 - mae: 0.0535
17/27 [=================>............] - ETA: 1s - loss: 0.0025 - mae: 0.0531
18/27 [===================>..........] - ETA: 1s - loss: 0.0025 - mae: 0.0527
19/27 [====================>.........] - ETA: 1s - loss: 0.0025 - mae: 0.0526
20/27 [=====================>........] - ETA: 0s - loss: 0.0024 - mae: 0.0520
21/27 [======================>.......] - ETA: 0s - loss: 0.0023 - mae: 0.0512
22/27 [=======================>......] - ETA: 0s - loss: 0.0023 - mae: 0.0505
23/27 [========================>.....] - ETA: 0s - loss: 0.0022 - mae: 0.0501
24/27 [=========================>....] - ETA: 0s - loss: 0.0022 - mae: 0.0494
25/27 [==========================>...] - ETA: 0s - loss: 0.0021 - mae: 0.0486
26/27 [===========================>..] - ETA: 0s - loss: 0.0021 - mae: 0.0479
27/27 [==============================] - ETA: 0s - loss: 0.0020 - mae: 0.0476
27/27 [==============================] - 4s 150ms/step - loss: 0.0020 - mae: 0.0476 - val_loss: 0.0080 - val_mae: 0.1145 - lr: 7.5000e-04
Epoch 72/100

 1/27 [>.............................] - ETA: 3s - loss: 0.0102 - mae: 0.0951
 2/27 [=>............................] - ETA: 3s - loss: 0.0073 - mae: 0.0832
 3/27 [==>...........................] - ETA: 3s - loss: 0.0065 - mae: 0.0800
 4/27 [===>..........................] - ETA: 3s - loss: 0.0053 - mae: 0.0725
 5/27 [====>.........................] - ETA: 3s - loss: 0.0044 - mae: 0.0650
 6/27 [=====>........................] - ETA: 2s - loss: 0.0040 - mae: 0.0622
 7/27 [======>.......................] - ETA: 2s - loss: 0.0037 - mae: 0.0595
 8/27 [=======>......................] - ETA: 2s - loss: 0.0034 - mae: 0.0570
 9/27 [=========>....................] - ETA: 2s - loss: 0.0032 - mae: 0.0555
10/27 [==========>...................] - ETA: 2s - loss: 0.0029 - mae: 0.0526
11/27 [===========>..................] - ETA: 2s - loss: 0.0028 - mae: 0.0517
12/27 [============>.................] - ETA: 2s - loss: 0.0027 - mae: 0.0518
13/27 [=============>................] - ETA: 2s - loss: 0.0026 - mae: 0.0509
14/27 [==============>...............] - ETA: 1s - loss: 0.0025 - mae: 0.0497
15/27 [===============>..............] - ETA: 1s - loss: 0.0025 - mae: 0.0494
16/27 [================>.............] - ETA: 1s - loss: 0.0024 - mae: 0.0493
17/27 [=================>............] - ETA: 1s - loss: 0.0024 - mae: 0.0489
18/27 [===================>..........] - ETA: 1s - loss: 0.0024 - mae: 0.0494
19/27 [====================>.........] - ETA: 1s - loss: 0.0024 - mae: 0.0492
20/27 [=====================>........] - ETA: 0s - loss: 0.0024 - mae: 0.0491
21/27 [======================>.......] - ETA: 0s - loss: 0.0023 - mae: 0.0488
22/27 [=======================>......] - ETA: 0s - loss: 0.0023 - mae: 0.0483
23/27 [========================>.....] - ETA: 0s - loss: 0.0022 - mae: 0.0483
24/27 [=========================>....] - ETA: 0s - loss: 0.0023 - mae: 0.0485
25/27 [==========================>...] - ETA: 0s - loss: 0.0022 - mae: 0.0482
26/27 [===========================>..] - ETA: 0s - loss: 0.0022 - mae: 0.0479
27/27 [==============================] - ETA: 0s - loss: 0.0022 - mae: 0.0475
27/27 [==============================] - 4s 152ms/step - loss: 0.0022 - mae: 0.0475 - val_loss: 0.0068 - val_mae: 0.1032 - lr: 7.5000e-04
Epoch 73/100

 1/27 [>.............................] - ETA: 4s - loss: 0.0089 - mae: 0.0992
 2/27 [=>............................] - ETA: 3s - loss: 0.0078 - mae: 0.1002
 3/27 [==>...........................] - ETA: 3s - loss: 0.0064 - mae: 0.0888
 4/27 [===>..........................] - ETA: 3s - loss: 0.0051 - mae: 0.0773
 5/27 [====>.........................] - ETA: 3s - loss: 0.0043 - mae: 0.0694
 6/27 [=====>........................] - ETA: 3s - loss: 0.0041 - mae: 0.0679
 7/27 [======>.......................] - ETA: 2s - loss: 0.0038 - mae: 0.0654
 8/27 [=======>......................] - ETA: 2s - loss: 0.0035 - mae: 0.0632
 9/27 [=========>....................] - ETA: 2s - loss: 0.0032 - mae: 0.0595
10/27 [==========>...................] - ETA: 2s - loss: 0.0030 - mae: 0.0569
11/27 [===========>..................] - ETA: 2s - loss: 0.0028 - mae: 0.0559
12/27 [============>.................] - ETA: 2s - loss: 0.0028 - mae: 0.0568
13/27 [=============>................] - ETA: 2s - loss: 0.0028 - mae: 0.0566
14/27 [==============>...............] - ETA: 1s - loss: 0.0027 - mae: 0.0560
15/27 [===============>..............] - ETA: 1s - loss: 0.0028 - mae: 0.0566
16/27 [================>.............] - ETA: 1s - loss: 0.0028 - mae: 0.0571
17/27 [=================>............] - ETA: 1s - loss: 0.0027 - mae: 0.0565
18/27 [===================>..........] - ETA: 1s - loss: 0.0026 - mae: 0.0561
19/27 [====================>.........] - ETA: 1s - loss: 0.0026 - mae: 0.0558
20/27 [=====================>........] - ETA: 0s - loss: 0.0026 - mae: 0.0549
21/27 [======================>.......] - ETA: 0s - loss: 0.0025 - mae: 0.0541
22/27 [=======================>......] - ETA: 0s - loss: 0.0025 - mae: 0.0539
23/27 [========================>.....] - ETA: 0s - loss: 0.0024 - mae: 0.0537
24/27 [=========================>....] - ETA: 0s - loss: 0.0024 - mae: 0.0534
25/27 [==========================>...] - ETA: 0s - loss: 0.0023 - mae: 0.0523
26/27 [===========================>..] - ETA: 0s - loss: 0.0023 - mae: 0.0513
27/27 [==============================] - ETA: 0s - loss: 0.0023 - mae: 0.0511
Epoch 73: ReduceLROnPlateau reducing learning rate to 0.000375000003259629.

27/27 [==============================] - 4s 151ms/step - loss: 0.0023 - mae: 0.0511 - val_loss: 0.0051 - val_mae: 0.0876 - lr: 7.5000e-04
Epoch 74/100

 1/27 [>.............................] - ETA: 3s - loss: 0.0047 - mae: 0.0705
 2/27 [=>............................] - ETA: 3s - loss: 0.0047 - mae: 0.0746
 3/27 [==>...........................] - ETA: 3s - loss: 0.0057 - mae: 0.0805
 4/27 [===>..........................] - ETA: 3s - loss: 0.0046 - mae: 0.0698
 5/27 [====>.........................] - ETA: 3s - loss: 0.0040 - mae: 0.0653
 6/27 [=====>........................] - ETA: 2s - loss: 0.0039 - mae: 0.0656
 7/27 [======>.......................] - ETA: 2s - loss: 0.0036 - mae: 0.0624
 8/27 [=======>......................] - ETA: 2s - loss: 0.0033 - mae: 0.0597
 9/27 [=========>....................] - ETA: 2s - loss: 0.0031 - mae: 0.0584
10/27 [==========>...................] - ETA: 2s - loss: 0.0029 - mae: 0.0560
11/27 [===========>..................] - ETA: 2s - loss: 0.0028 - mae: 0.0552
12/27 [============>.................] - ETA: 2s - loss: 0.0027 - mae: 0.0555
13/27 [=============>................] - ETA: 2s - loss: 0.0027 - mae: 0.0553
14/27 [==============>...............] - ETA: 1s - loss: 0.0026 - mae: 0.0544
15/27 [===============>..............] - ETA: 1s - loss: 0.0025 - mae: 0.0533
16/27 [================>.............] - ETA: 1s - loss: 0.0024 - mae: 0.0528
17/27 [=================>............] - ETA: 1s - loss: 0.0024 - mae: 0.0526
18/27 [===================>..........] - ETA: 1s - loss: 0.0025 - mae: 0.0533
19/27 [====================>.........] - ETA: 1s - loss: 0.0025 - mae: 0.0532
20/27 [=====================>........] - ETA: 0s - loss: 0.0024 - mae: 0.0523
21/27 [======================>.......] - ETA: 0s - loss: 0.0023 - mae: 0.0513
22/27 [=======================>......] - ETA: 0s - loss: 0.0023 - mae: 0.0511
23/27 [========================>.....] - ETA: 0s - loss: 0.0022 - mae: 0.0506
24/27 [=========================>....] - ETA: 0s - loss: 0.0022 - mae: 0.0505
25/27 [==========================>...] - ETA: 0s - loss: 0.0022 - mae: 0.0497
26/27 [===========================>..] - ETA: 0s - loss: 0.0021 - mae: 0.0490
27/27 [==============================] - ETA: 0s - loss: 0.0021 - mae: 0.0488
27/27 [==============================] - 4s 152ms/step - loss: 0.0021 - mae: 0.0488 - val_loss: 0.0080 - val_mae: 0.1148 - lr: 3.7500e-04
Epoch 75/100

 1/27 [>.............................] - ETA: 3s - loss: 0.0041 - mae: 0.0753
 2/27 [=>............................] - ETA: 3s - loss: 0.0052 - mae: 0.0824
 3/27 [==>...........................] - ETA: 3s - loss: 0.0054 - mae: 0.0793
 4/27 [===>..........................] - ETA: 3s - loss: 0.0045 - mae: 0.0715
 5/27 [====>.........................] - ETA: 3s - loss: 0.0039 - mae: 0.0661
 6/27 [=====>........................] - ETA: 2s - loss: 0.0035 - mae: 0.0619
 7/27 [======>.......................] - ETA: 2s - loss: 0.0032 - mae: 0.0599
 8/27 [=======>......................] - ETA: 2s - loss: 0.0030 - mae: 0.0578
 9/27 [=========>....................] - ETA: 2s - loss: 0.0029 - mae: 0.0564
10/27 [==========>...................] - ETA: 2s - loss: 0.0027 - mae: 0.0546
11/27 [===========>..................] - ETA: 2s - loss: 0.0026 - mae: 0.0535
12/27 [============>.................] - ETA: 2s - loss: 0.0025 - mae: 0.0536
13/27 [=============>................] - ETA: 1s - loss: 0.0024 - mae: 0.0522
14/27 [==============>...............] - ETA: 1s - loss: 0.0024 - mae: 0.0517
15/27 [===============>..............] - ETA: 1s - loss: 0.0024 - mae: 0.0517
16/27 [================>.............] - ETA: 1s - loss: 0.0025 - mae: 0.0525
17/27 [=================>............] - ETA: 1s - loss: 0.0025 - mae: 0.0528
18/27 [===================>..........] - ETA: 1s - loss: 0.0025 - mae: 0.0527
19/27 [====================>.........] - ETA: 1s - loss: 0.0024 - mae: 0.0517
20/27 [=====================>........] - ETA: 0s - loss: 0.0024 - mae: 0.0514
21/27 [======================>.......] - ETA: 0s - loss: 0.0023 - mae: 0.0508
22/27 [=======================>......] - ETA: 0s - loss: 0.0023 - mae: 0.0502
23/27 [========================>.....] - ETA: 0s - loss: 0.0022 - mae: 0.0499
24/27 [=========================>....] - ETA: 0s - loss: 0.0022 - mae: 0.0497
25/27 [==========================>...] - ETA: 0s - loss: 0.0022 - mae: 0.0487
26/27 [===========================>..] - ETA: 0s - loss: 0.0021 - mae: 0.0478
27/27 [==============================] - ETA: 0s - loss: 0.0021 - mae: 0.0473
27/27 [==============================] - 4s 153ms/step - loss: 0.0021 - mae: 0.0473 - val_loss: 0.0064 - val_mae: 0.1005 - lr: 3.7500e-04
Epoch 76/100

 1/27 [>.............................] - ETA: 3s - loss: 0.0053 - mae: 0.0748
 2/27 [=>............................] - ETA: 3s - loss: 0.0056 - mae: 0.0801
 3/27 [==>...........................] - ETA: 3s - loss: 0.0046 - mae: 0.0701
 4/27 [===>..........................] - ETA: 3s - loss: 0.0038 - mae: 0.0641
 5/27 [====>.........................] - ETA: 3s - loss: 0.0033 - mae: 0.0593
 6/27 [=====>........................] - ETA: 2s - loss: 0.0032 - mae: 0.0591
 7/27 [======>.......................] - ETA: 2s - loss: 0.0030 - mae: 0.0579
 8/27 [=======>......................] - ETA: 2s - loss: 0.0028 - mae: 0.0560
 9/27 [=========>....................] - ETA: 2s - loss: 0.0026 - mae: 0.0545
10/27 [==========>...................] - ETA: 2s - loss: 0.0025 - mae: 0.0523
11/27 [===========>..................] - ETA: 2s - loss: 0.0024 - mae: 0.0515
12/27 [============>.................] - ETA: 2s - loss: 0.0024 - mae: 0.0520
13/27 [=============>................] - ETA: 1s - loss: 0.0023 - mae: 0.0512
14/27 [==============>...............] - ETA: 1s - loss: 0.0022 - mae: 0.0504
15/27 [===============>..............] - ETA: 1s - loss: 0.0022 - mae: 0.0501
16/27 [================>.............] - ETA: 1s - loss: 0.0022 - mae: 0.0505
17/27 [=================>............] - ETA: 1s - loss: 0.0022 - mae: 0.0501
18/27 [===================>..........] - ETA: 1s - loss: 0.0022 - mae: 0.0502
19/27 [====================>.........] - ETA: 1s - loss: 0.0021 - mae: 0.0500
20/27 [=====================>........] - ETA: 1s - loss: 0.0021 - mae: 0.0492
21/27 [======================>.......] - ETA: 0s - loss: 0.0020 - mae: 0.0487
22/27 [=======================>......] - ETA: 0s - loss: 0.0020 - mae: 0.0483
23/27 [========================>.....] - ETA: 0s - loss: 0.0020 - mae: 0.0482
24/27 [=========================>....] - ETA: 0s - loss: 0.0020 - mae: 0.0480
25/27 [==========================>...] - ETA: 0s - loss: 0.0019 - mae: 0.0475
26/27 [===========================>..] - ETA: 0s - loss: 0.0019 - mae: 0.0468
27/27 [==============================] - ETA: 0s - loss: 0.0019 - mae: 0.0464
27/27 [==============================] - 4s 151ms/step - loss: 0.0019 - mae: 0.0464 - val_loss: 0.0067 - val_mae: 0.1035 - lr: 3.7500e-04
Epoch 77/100

 1/27 [>.............................] - ETA: 3s - loss: 0.0039 - mae: 0.0633
 2/27 [=>............................] - ETA: 3s - loss: 0.0040 - mae: 0.0689
 3/27 [==>...........................] - ETA: 3s - loss: 0.0039 - mae: 0.0676
 4/27 [===>..........................] - ETA: 3s - loss: 0.0032 - mae: 0.0600
 5/27 [====>.........................] - ETA: 3s - loss: 0.0028 - mae: 0.0549
 6/27 [=====>........................] - ETA: 2s - loss: 0.0026 - mae: 0.0541
 7/27 [======>.......................] - ETA: 2s - loss: 0.0025 - mae: 0.0528
 8/27 [=======>......................] - ETA: 2s - loss: 0.0024 - mae: 0.0511
 9/27 [=========>....................] - ETA: 2s - loss: 0.0022 - mae: 0.0489
10/27 [==========>...................] - ETA: 2s - loss: 0.0021 - mae: 0.0478
11/27 [===========>..................] - ETA: 2s - loss: 0.0021 - mae: 0.0477
12/27 [============>.................] - ETA: 2s - loss: 0.0021 - mae: 0.0492
13/27 [=============>................] - ETA: 2s - loss: 0.0021 - mae: 0.0488
14/27 [==============>...............] - ETA: 1s - loss: 0.0020 - mae: 0.0479
15/27 [===============>..............] - ETA: 1s - loss: 0.0021 - mae: 0.0481
16/27 [================>.............] - ETA: 1s - loss: 0.0021 - mae: 0.0488
17/27 [=================>............] - ETA: 1s - loss: 0.0021 - mae: 0.0492
18/27 [===================>..........] - ETA: 1s - loss: 0.0021 - mae: 0.0490
19/27 [====================>.........] - ETA: 1s - loss: 0.0020 - mae: 0.0483
20/27 [=====================>........] - ETA: 0s - loss: 0.0020 - mae: 0.0485
21/27 [======================>.......] - ETA: 0s - loss: 0.0020 - mae: 0.0478
22/27 [=======================>......] - ETA: 0s - loss: 0.0020 - mae: 0.0476
23/27 [========================>.....] - ETA: 0s - loss: 0.0020 - mae: 0.0475
24/27 [=========================>....] - ETA: 0s - loss: 0.0020 - mae: 0.0474
25/27 [==========================>...] - ETA: 0s - loss: 0.0020 - mae: 0.0469
26/27 [===========================>..] - ETA: 0s - loss: 0.0019 - mae: 0.0460
27/27 [==============================] - ETA: 0s - loss: 0.0019 - mae: 0.0454
27/27 [==============================] - 4s 150ms/step - loss: 0.0019 - mae: 0.0454 - val_loss: 0.0071 - val_mae: 0.1065 - lr: 3.7500e-04
Epoch 78/100

 1/27 [>.............................] - ETA: 3s - loss: 0.0031 - mae: 0.0610
 2/27 [=>............................] - ETA: 3s - loss: 0.0036 - mae: 0.0660
 3/27 [==>...........................] - ETA: 3s - loss: 0.0034 - mae: 0.0642
 4/27 [===>..........................] - ETA: 3s - loss: 0.0028 - mae: 0.0576
 5/27 [====>.........................] - ETA: 3s - loss: 0.0024 - mae: 0.0531
 6/27 [=====>........................] - ETA: 3s - loss: 0.0025 - mae: 0.0547
 7/27 [======>.......................] - ETA: 2s - loss: 0.0024 - mae: 0.0541
 8/27 [=======>......................] - ETA: 2s - loss: 0.0023 - mae: 0.0525
 9/27 [=========>....................] - ETA: 2s - loss: 0.0021 - mae: 0.0501
10/27 [==========>...................] - ETA: 2s - loss: 0.0020 - mae: 0.0483
11/27 [===========>..................] - ETA: 2s - loss: 0.0019 - mae: 0.0473
12/27 [============>.................] - ETA: 2s - loss: 0.0019 - mae: 0.0477
13/27 [=============>................] - ETA: 1s - loss: 0.0018 - mae: 0.0471
14/27 [==============>...............] - ETA: 1s - loss: 0.0018 - mae: 0.0462
15/27 [===============>..............] - ETA: 1s - loss: 0.0018 - mae: 0.0467
16/27 [================>.............] - ETA: 1s - loss: 0.0018 - mae: 0.0465
17/27 [=================>............] - ETA: 1s - loss: 0.0018 - mae: 0.0465
18/27 [===================>..........] - ETA: 1s - loss: 0.0018 - mae: 0.0459
19/27 [====================>.........] - ETA: 1s - loss: 0.0018 - mae: 0.0457
20/27 [=====================>........] - ETA: 1s - loss: 0.0017 - mae: 0.0455
21/27 [======================>.......] - ETA: 0s - loss: 0.0017 - mae: 0.0455
22/27 [=======================>......] - ETA: 0s - loss: 0.0017 - mae: 0.0452
23/27 [========================>.....] - ETA: 0s - loss: 0.0017 - mae: 0.0449
24/27 [=========================>....] - ETA: 0s - loss: 0.0017 - mae: 0.0449
25/27 [==========================>...] - ETA: 0s - loss: 0.0017 - mae: 0.0443
26/27 [===========================>..] - ETA: 0s - loss: 0.0016 - mae: 0.0437
27/27 [==============================] - ETA: 0s - loss: 0.0016 - mae: 0.0435
27/27 [==============================] - 4s 157ms/step - loss: 0.0016 - mae: 0.0435 - val_loss: 0.0077 - val_mae: 0.1115 - lr: 3.7500e-04
Epoch 79/100

 1/27 [>.............................] - ETA: 4s - loss: 0.0036 - mae: 0.0622
 2/27 [=>............................] - ETA: 3s - loss: 0.0047 - mae: 0.0762
 3/27 [==>...........................] - ETA: 3s - loss: 0.0043 - mae: 0.0723
 4/27 [===>..........................] - ETA: 3s - loss: 0.0036 - mae: 0.0653
 5/27 [====>.........................] - ETA: 3s - loss: 0.0030 - mae: 0.0593
 6/27 [=====>........................] - ETA: 2s - loss: 0.0029 - mae: 0.0579
 7/27 [======>.......................] - ETA: 2s - loss: 0.0027 - mae: 0.0559
 8/27 [=======>......................] - ETA: 2s - loss: 0.0025 - mae: 0.0545
 9/27 [=========>....................] - ETA: 2s - loss: 0.0025 - mae: 0.0532
10/27 [==========>...................] - ETA: 2s - loss: 0.0023 - mae: 0.0516
11/27 [===========>..................] - ETA: 2s - loss: 0.0022 - mae: 0.0506
12/27 [============>.................] - ETA: 2s - loss: 0.0022 - mae: 0.0510
13/27 [=============>................] - ETA: 2s - loss: 0.0021 - mae: 0.0505
14/27 [==============>...............] - ETA: 1s - loss: 0.0022 - mae: 0.0511
15/27 [===============>..............] - ETA: 1s - loss: 0.0021 - mae: 0.0511
16/27 [================>.............] - ETA: 1s - loss: 0.0022 - mae: 0.0516
17/27 [=================>............] - ETA: 1s - loss: 0.0022 - mae: 0.0516
18/27 [===================>..........] - ETA: 1s - loss: 0.0022 - mae: 0.0516
19/27 [====================>.........] - ETA: 1s - loss: 0.0022 - mae: 0.0514
20/27 [=====================>........] - ETA: 1s - loss: 0.0021 - mae: 0.0508
21/27 [======================>.......] - ETA: 0s - loss: 0.0021 - mae: 0.0503
22/27 [=======================>......] - ETA: 0s - loss: 0.0020 - mae: 0.0494
23/27 [========================>.....] - ETA: 0s - loss: 0.0020 - mae: 0.0495
24/27 [=========================>....] - ETA: 0s - loss: 0.0020 - mae: 0.0494
25/27 [==========================>...] - ETA: 0s - loss: 0.0020 - mae: 0.0490
26/27 [===========================>..] - ETA: 0s - loss: 0.0019 - mae: 0.0482
27/27 [==============================] - ETA: 0s - loss: 0.0019 - mae: 0.0478
27/27 [==============================] - 4s 157ms/step - loss: 0.0019 - mae: 0.0478 - val_loss: 0.0062 - val_mae: 0.0984 - lr: 3.7500e-04
Epoch 80/100

 1/27 [>.............................] - ETA: 4s - loss: 0.0057 - mae: 0.0773
 2/27 [=>............................] - ETA: 3s - loss: 0.0054 - mae: 0.0800
 3/27 [==>...........................] - ETA: 3s - loss: 0.0049 - mae: 0.0742
 4/27 [===>..........................] - ETA: 3s - loss: 0.0039 - mae: 0.0644
 5/27 [====>.........................] - ETA: 3s - loss: 0.0034 - mae: 0.0595
 6/27 [=====>........................] - ETA: 2s - loss: 0.0031 - mae: 0.0571
 7/27 [======>.......................] - ETA: 2s - loss: 0.0030 - mae: 0.0561
 8/27 [=======>......................] - ETA: 2s - loss: 0.0027 - mae: 0.0524
 9/27 [=========>....................] - ETA: 2s - loss: 0.0025 - mae: 0.0501
10/27 [==========>...................] - ETA: 2s - loss: 0.0023 - mae: 0.0475
11/27 [===========>..................] - ETA: 2s - loss: 0.0023 - mae: 0.0477
12/27 [============>.................] - ETA: 2s - loss: 0.0023 - mae: 0.0486
13/27 [=============>................] - ETA: 2s - loss: 0.0022 - mae: 0.0484
14/27 [==============>...............] - ETA: 1s - loss: 0.0022 - mae: 0.0482
15/27 [===============>..............] - ETA: 1s - loss: 0.0022 - mae: 0.0480
16/27 [================>.............] - ETA: 1s - loss: 0.0022 - mae: 0.0491
17/27 [=================>............] - ETA: 1s - loss: 0.0023 - mae: 0.0506
18/27 [===================>..........] - ETA: 1s - loss: 0.0023 - mae: 0.0507
19/27 [====================>.........] - ETA: 1s - loss: 0.0024 - mae: 0.0510
20/27 [=====================>........] - ETA: 1s - loss: 0.0023 - mae: 0.0511
21/27 [======================>.......] - ETA: 0s - loss: 0.0023 - mae: 0.0506
22/27 [=======================>......] - ETA: 0s - loss: 0.0023 - mae: 0.0507
23/27 [========================>.....] - ETA: 0s - loss: 0.0022 - mae: 0.0500
24/27 [=========================>....] - ETA: 0s - loss: 0.0022 - mae: 0.0496
25/27 [==========================>...] - ETA: 0s - loss: 0.0022 - mae: 0.0491
26/27 [===========================>..] - ETA: 0s - loss: 0.0021 - mae: 0.0483
27/27 [==============================] - ETA: 0s - loss: 0.0021 - mae: 0.0482
27/27 [==============================] - 4s 160ms/step - loss: 0.0021 - mae: 0.0482 - val_loss: 0.0067 - val_mae: 0.1032 - lr: 3.7500e-04
Epoch 81/100

 1/27 [>.............................] - ETA: 3s - loss: 0.0058 - mae: 0.0814
 2/27 [=>............................] - ETA: 3s - loss: 0.0056 - mae: 0.0842
 3/27 [==>...........................] - ETA: 3s - loss: 0.0047 - mae: 0.0766
 4/27 [===>..........................] - ETA: 3s - loss: 0.0038 - mae: 0.0672
 5/27 [====>.........................] - ETA: 3s - loss: 0.0033 - mae: 0.0615
 6/27 [=====>........................] - ETA: 2s - loss: 0.0031 - mae: 0.0603
 7/27 [======>.......................] - ETA: 2s - loss: 0.0029 - mae: 0.0581
 8/27 [=======>......................] - ETA: 2s - loss: 0.0027 - mae: 0.0561
 9/27 [=========>....................] - ETA: 2s - loss: 0.0026 - mae: 0.0547
10/27 [==========>...................] - ETA: 2s - loss: 0.0025 - mae: 0.0532
11/27 [===========>..................] - ETA: 2s - loss: 0.0024 - mae: 0.0527
12/27 [============>.................] - ETA: 2s - loss: 0.0023 - mae: 0.0515
13/27 [=============>................] - ETA: 2s - loss: 0.0022 - mae: 0.0507
14/27 [==============>...............] - ETA: 1s - loss: 0.0022 - mae: 0.0500
15/27 [===============>..............] - ETA: 1s - loss: 0.0022 - mae: 0.0500
16/27 [================>.............] - ETA: 1s - loss: 0.0022 - mae: 0.0506
17/27 [=================>............] - ETA: 1s - loss: 0.0022 - mae: 0.0509
18/27 [===================>..........] - ETA: 1s - loss: 0.0022 - mae: 0.0507
19/27 [====================>.........] - ETA: 1s - loss: 0.0022 - mae: 0.0501
20/27 [=====================>........] - ETA: 1s - loss: 0.0021 - mae: 0.0493
21/27 [======================>.......] - ETA: 0s - loss: 0.0021 - mae: 0.0486
22/27 [=======================>......] - ETA: 0s - loss: 0.0020 - mae: 0.0481
23/27 [========================>.....] - ETA: 0s - loss: 0.0020 - mae: 0.0478
24/27 [=========================>....] - ETA: 0s - loss: 0.0020 - mae: 0.0479
25/27 [==========================>...] - ETA: 0s - loss: 0.0019 - mae: 0.0471
26/27 [===========================>..] - ETA: 0s - loss: 0.0019 - mae: 0.0463
27/27 [==============================] - ETA: 0s - loss: 0.0019 - mae: 0.0461
27/27 [==============================] - 4s 152ms/step - loss: 0.0019 - mae: 0.0461 - val_loss: 0.0066 - val_mae: 0.1027 - lr: 3.7500e-04
Epoch 82/100

 1/27 [>.............................] - ETA: 3s - loss: 0.0024 - mae: 0.0486
 2/27 [=>............................] - ETA: 3s - loss: 0.0027 - mae: 0.0547
 3/27 [==>...........................] - ETA: 3s - loss: 0.0029 - mae: 0.0548
 4/27 [===>..........................] - ETA: 3s - loss: 0.0024 - mae: 0.0502
 5/27 [====>.........................] - ETA: 2s - loss: 0.0021 - mae: 0.0470
 6/27 [=====>........................] - ETA: 2s - loss: 0.0023 - mae: 0.0503
 7/27 [======>.......................] - ETA: 2s - loss: 0.0022 - mae: 0.0492
 8/27 [=======>......................] - ETA: 2s - loss: 0.0021 - mae: 0.0488
 9/27 [=========>....................] - ETA: 2s - loss: 0.0020 - mae: 0.0476
10/27 [==========>...................] - ETA: 2s - loss: 0.0019 - mae: 0.0466
11/27 [===========>..................] - ETA: 2s - loss: 0.0018 - mae: 0.0454
12/27 [============>.................] - ETA: 2s - loss: 0.0018 - mae: 0.0462
13/27 [=============>................] - ETA: 1s - loss: 0.0019 - mae: 0.0464
14/27 [==============>...............] - ETA: 1s - loss: 0.0019 - mae: 0.0465
15/27 [===============>..............] - ETA: 1s - loss: 0.0019 - mae: 0.0467
16/27 [================>.............] - ETA: 1s - loss: 0.0019 - mae: 0.0464
17/27 [=================>............] - ETA: 1s - loss: 0.0019 - mae: 0.0469
18/27 [===================>..........] - ETA: 1s - loss: 0.0019 - mae: 0.0469
19/27 [====================>.........] - ETA: 1s - loss: 0.0019 - mae: 0.0472
20/27 [=====================>........] - ETA: 0s - loss: 0.0019 - mae: 0.0472
21/27 [======================>.......] - ETA: 0s - loss: 0.0019 - mae: 0.0466
22/27 [=======================>......] - ETA: 0s - loss: 0.0018 - mae: 0.0465
23/27 [========================>.....] - ETA: 0s - loss: 0.0018 - mae: 0.0461
24/27 [=========================>....] - ETA: 0s - loss: 0.0018 - mae: 0.0464
25/27 [==========================>...] - ETA: 0s - loss: 0.0018 - mae: 0.0457
26/27 [===========================>..] - ETA: 0s - loss: 0.0017 - mae: 0.0449
27/27 [==============================] - ETA: 0s - loss: 0.0017 - mae: 0.0445
27/27 [==============================] - 4s 148ms/step - loss: 0.0017 - mae: 0.0445 - val_loss: 0.0070 - val_mae: 0.1059 - lr: 3.7500e-04
Epoch 83/100

 1/27 [>.............................] - ETA: 3s - loss: 0.0129 - mae: 0.1067
 2/27 [=>............................] - ETA: 3s - loss: 0.0101 - mae: 0.1002
 3/27 [==>...........................] - ETA: 3s - loss: 0.0083 - mae: 0.0911
 4/27 [===>..........................] - ETA: 3s - loss: 0.0067 - mae: 0.0796
 5/27 [====>.........................] - ETA: 3s - loss: 0.0057 - mae: 0.0730
 6/27 [=====>........................] - ETA: 3s - loss: 0.0050 - mae: 0.0683
 7/27 [======>.......................] - ETA: 2s - loss: 0.0046 - mae: 0.0670
 8/27 [=======>......................] - ETA: 2s - loss: 0.0042 - mae: 0.0638
 9/27 [=========>....................] - ETA: 2s - loss: 0.0040 - mae: 0.0617
10/27 [==========>...................] - ETA: 2s - loss: 0.0037 - mae: 0.0595
11/27 [===========>..................] - ETA: 2s - loss: 0.0035 - mae: 0.0577
12/27 [============>.................] - ETA: 2s - loss: 0.0033 - mae: 0.0570
13/27 [=============>................] - ETA: 2s - loss: 0.0031 - mae: 0.0556
14/27 [==============>...............] - ETA: 1s - loss: 0.0030 - mae: 0.0545
15/27 [===============>..............] - ETA: 1s - loss: 0.0029 - mae: 0.0541
16/27 [================>.............] - ETA: 1s - loss: 0.0029 - mae: 0.0543
17/27 [=================>............] - ETA: 1s - loss: 0.0029 - mae: 0.0544
18/27 [===================>..........] - ETA: 1s - loss: 0.0028 - mae: 0.0537
19/27 [====================>.........] - ETA: 1s - loss: 0.0028 - mae: 0.0535
20/27 [=====================>........] - ETA: 0s - loss: 0.0027 - mae: 0.0526
21/27 [======================>.......] - ETA: 0s - loss: 0.0026 - mae: 0.0519
22/27 [=======================>......] - ETA: 0s - loss: 0.0025 - mae: 0.0511
23/27 [========================>.....] - ETA: 0s - loss: 0.0025 - mae: 0.0505
24/27 [=========================>....] - ETA: 0s - loss: 0.0024 - mae: 0.0500
25/27 [==========================>...] - ETA: 0s - loss: 0.0024 - mae: 0.0492
26/27 [===========================>..] - ETA: 0s - loss: 0.0023 - mae: 0.0482
27/27 [==============================] - ETA: 0s - loss: 0.0023 - mae: 0.0481
27/27 [==============================] - 4s 150ms/step - loss: 0.0023 - mae: 0.0481 - val_loss: 0.0061 - val_mae: 0.0984 - lr: 3.7500e-04
Epoch 84/100

 1/27 [>.............................] - ETA: 3s - loss: 0.0052 - mae: 0.0780
 2/27 [=>............................] - ETA: 3s - loss: 0.0053 - mae: 0.0802
 3/27 [==>...........................] - ETA: 3s - loss: 0.0044 - mae: 0.0722
 4/27 [===>..........................] - ETA: 3s - loss: 0.0035 - mae: 0.0626
 5/27 [====>.........................] - ETA: 2s - loss: 0.0029 - mae: 0.0558
 6/27 [=====>........................] - ETA: 2s - loss: 0.0027 - mae: 0.0542
 7/27 [======>.......................] - ETA: 2s - loss: 0.0027 - mae: 0.0546
 8/27 [=======>......................] - ETA: 2s - loss: 0.0025 - mae: 0.0525
 9/27 [=========>....................] - ETA: 2s - loss: 0.0023 - mae: 0.0502
10/27 [==========>...................] - ETA: 2s - loss: 0.0022 - mae: 0.0492
11/27 [===========>..................] - ETA: 2s - loss: 0.0021 - mae: 0.0486
12/27 [============>.................] - ETA: 2s - loss: 0.0021 - mae: 0.0495
13/27 [=============>................] - ETA: 1s - loss: 0.0021 - mae: 0.0487
14/27 [==============>...............] - ETA: 1s - loss: 0.0021 - mae: 0.0493
15/27 [===============>..............] - ETA: 1s - loss: 0.0021 - mae: 0.0489
16/27 [================>.............] - ETA: 1s - loss: 0.0021 - mae: 0.0487
17/27 [=================>............] - ETA: 1s - loss: 0.0022 - mae: 0.0498
18/27 [===================>..........] - ETA: 1s - loss: 0.0021 - mae: 0.0494
19/27 [====================>.........] - ETA: 1s - loss: 0.0022 - mae: 0.0496
20/27 [=====================>........] - ETA: 0s - loss: 0.0021 - mae: 0.0493
21/27 [======================>.......] - ETA: 0s - loss: 0.0021 - mae: 0.0487
22/27 [=======================>......] - ETA: 0s - loss: 0.0020 - mae: 0.0481
23/27 [========================>.....] - ETA: 0s - loss: 0.0020 - mae: 0.0480
24/27 [=========================>....] - ETA: 0s - loss: 0.0020 - mae: 0.0479
25/27 [==========================>...] - ETA: 0s - loss: 0.0020 - mae: 0.0473
26/27 [===========================>..] - ETA: 0s - loss: 0.0019 - mae: 0.0467
27/27 [==============================] - ETA: 0s - loss: 0.0019 - mae: 0.0462
27/27 [==============================] - 4s 148ms/step - loss: 0.0019 - mae: 0.0462 - val_loss: 0.0069 - val_mae: 0.1056 - lr: 3.7500e-04
Epoch 85/100

 1/27 [>.............................] - ETA: 3s - loss: 0.0037 - mae: 0.0658
 2/27 [=>............................] - ETA: 3s - loss: 0.0063 - mae: 0.0902
 3/27 [==>...........................] - ETA: 3s - loss: 0.0048 - mae: 0.0760
 4/27 [===>..........................] - ETA: 3s - loss: 0.0042 - mae: 0.0707
 5/27 [====>.........................] - ETA: 3s - loss: 0.0036 - mae: 0.0636
 6/27 [=====>........................] - ETA: 3s - loss: 0.0034 - mae: 0.0628
 7/27 [======>.......................] - ETA: 2s - loss: 0.0031 - mae: 0.0593
 8/27 [=======>......................] - ETA: 2s - loss: 0.0029 - mae: 0.0572
 9/27 [=========>....................] - ETA: 2s - loss: 0.0028 - mae: 0.0559
10/27 [==========>...................] - ETA: 2s - loss: 0.0026 - mae: 0.0539
11/27 [===========>..................] - ETA: 2s - loss: 0.0025 - mae: 0.0530
12/27 [============>.................] - ETA: 2s - loss: 0.0025 - mae: 0.0533
13/27 [=============>................] - ETA: 2s - loss: 0.0024 - mae: 0.0532
14/27 [==============>...............] - ETA: 1s - loss: 0.0024 - mae: 0.0523
15/27 [===============>..............] - ETA: 1s - loss: 0.0023 - mae: 0.0518
16/27 [================>.............] - ETA: 1s - loss: 0.0024 - mae: 0.0522
17/27 [=================>............] - ETA: 1s - loss: 0.0024 - mae: 0.0521
18/27 [===================>..........] - ETA: 1s - loss: 0.0023 - mae: 0.0512
19/27 [====================>.........] - ETA: 1s - loss: 0.0023 - mae: 0.0510
20/27 [=====================>........] - ETA: 1s - loss: 0.0022 - mae: 0.0505
21/27 [======================>.......] - ETA: 0s - loss: 0.0021 - mae: 0.0494
22/27 [=======================>......] - ETA: 0s - loss: 0.0021 - mae: 0.0490
23/27 [========================>.....] - ETA: 0s - loss: 0.0021 - mae: 0.0489
24/27 [=========================>....] - ETA: 0s - loss: 0.0021 - mae: 0.0488
25/27 [==========================>...] - ETA: 0s - loss: 0.0020 - mae: 0.0477
26/27 [===========================>..] - ETA: 0s - loss: 0.0020 - mae: 0.0468
27/27 [==============================] - ETA: 0s - loss: 0.0019 - mae: 0.0464
27/27 [==============================] - 4s 151ms/step - loss: 0.0019 - mae: 0.0464 - val_loss: 0.0060 - val_mae: 0.0973 - lr: 3.7500e-04
Epoch 86/100

 1/27 [>.............................] - ETA: 3s - loss: 0.0033 - mae: 0.0644
 2/27 [=>............................] - ETA: 3s - loss: 0.0035 - mae: 0.0657
 3/27 [==>...........................] - ETA: 3s - loss: 0.0034 - mae: 0.0642
 4/27 [===>..........................] - ETA: 3s - loss: 0.0030 - mae: 0.0584
 5/27 [====>.........................] - ETA: 2s - loss: 0.0026 - mae: 0.0534
 6/27 [=====>........................] - ETA: 2s - loss: 0.0025 - mae: 0.0531
 7/27 [======>.......................] - ETA: 2s - loss: 0.0024 - mae: 0.0518
 8/27 [=======>......................] - ETA: 2s - loss: 0.0023 - mae: 0.0506
 9/27 [=========>....................] - ETA: 2s - loss: 0.0022 - mae: 0.0494
10/27 [==========>...................] - ETA: 2s - loss: 0.0021 - mae: 0.0489
11/27 [===========>..................] - ETA: 2s - loss: 0.0020 - mae: 0.0480
12/27 [============>.................] - ETA: 2s - loss: 0.0020 - mae: 0.0478
13/27 [=============>................] - ETA: 1s - loss: 0.0019 - mae: 0.0471
14/27 [==============>...............] - ETA: 1s - loss: 0.0019 - mae: 0.0472
15/27 [===============>..............] - ETA: 1s - loss: 0.0020 - mae: 0.0486
16/27 [================>.............] - ETA: 1s - loss: 0.0020 - mae: 0.0491
17/27 [=================>............] - ETA: 1s - loss: 0.0021 - mae: 0.0495
18/27 [===================>..........] - ETA: 1s - loss: 0.0021 - mae: 0.0499
19/27 [====================>.........] - ETA: 1s - loss: 0.0021 - mae: 0.0498
20/27 [=====================>........] - ETA: 0s - loss: 0.0020 - mae: 0.0493
21/27 [======================>.......] - ETA: 0s - loss: 0.0020 - mae: 0.0486
22/27 [=======================>......] - ETA: 0s - loss: 0.0019 - mae: 0.0482
23/27 [========================>.....] - ETA: 0s - loss: 0.0019 - mae: 0.0481
24/27 [=========================>....] - ETA: 0s - loss: 0.0019 - mae: 0.0485
25/27 [==========================>...] - ETA: 0s - loss: 0.0019 - mae: 0.0473
26/27 [===========================>..] - ETA: 0s - loss: 0.0018 - mae: 0.0464
27/27 [==============================] - ETA: 0s - loss: 0.0018 - mae: 0.0460
27/27 [==============================] - 4s 151ms/step - loss: 0.0018 - mae: 0.0460 - val_loss: 0.0061 - val_mae: 0.0980 - lr: 3.7500e-04
Epoch 87/100

 1/27 [>.............................] - ETA: 3s - loss: 0.0028 - mae: 0.0518
 2/27 [=>............................] - ETA: 3s - loss: 0.0044 - mae: 0.0674
 3/27 [==>...........................] - ETA: 3s - loss: 0.0040 - mae: 0.0645
 4/27 [===>..........................] - ETA: 3s - loss: 0.0032 - mae: 0.0562
 5/27 [====>.........................] - ETA: 3s - loss: 0.0027 - mae: 0.0519
 6/27 [=====>........................] - ETA: 2s - loss: 0.0026 - mae: 0.0521
 7/27 [======>.......................] - ETA: 2s - loss: 0.0024 - mae: 0.0513
 8/27 [=======>......................] - ETA: 2s - loss: 0.0023 - mae: 0.0507
 9/27 [=========>....................] - ETA: 2s - loss: 0.0024 - mae: 0.0517
10/27 [==========>...................] - ETA: 2s - loss: 0.0023 - mae: 0.0500
11/27 [===========>..................] - ETA: 2s - loss: 0.0021 - mae: 0.0490
12/27 [============>.................] - ETA: 2s - loss: 0.0022 - mae: 0.0503
13/27 [=============>................] - ETA: 2s - loss: 0.0021 - mae: 0.0496
14/27 [==============>...............] - ETA: 1s - loss: 0.0021 - mae: 0.0492
15/27 [===============>..............] - ETA: 1s - loss: 0.0021 - mae: 0.0485
16/27 [================>.............] - ETA: 1s - loss: 0.0021 - mae: 0.0487
17/27 [=================>............] - ETA: 1s - loss: 0.0021 - mae: 0.0479
18/27 [===================>..........] - ETA: 1s - loss: 0.0020 - mae: 0.0479
19/27 [====================>.........] - ETA: 1s - loss: 0.0021 - mae: 0.0482
20/27 [=====================>........] - ETA: 0s - loss: 0.0021 - mae: 0.0481
21/27 [======================>.......] - ETA: 0s - loss: 0.0020 - mae: 0.0476
22/27 [=======================>......] - ETA: 0s - loss: 0.0020 - mae: 0.0471
23/27 [========================>.....] - ETA: 0s - loss: 0.0019 - mae: 0.0465
24/27 [=========================>....] - ETA: 0s - loss: 0.0020 - mae: 0.0470
25/27 [==========================>...] - ETA: 0s - loss: 0.0019 - mae: 0.0463
26/27 [===========================>..] - ETA: 0s - loss: 0.0019 - mae: 0.0455
27/27 [==============================] - ETA: 0s - loss: 0.0019 - mae: 0.0451
27/27 [==============================] - 4s 150ms/step - loss: 0.0019 - mae: 0.0451 - val_loss: 0.0072 - val_mae: 0.1077 - lr: 3.7500e-04
Epoch 88/100

 1/27 [>.............................] - ETA: 3s - loss: 0.0035 - mae: 0.0648
 2/27 [=>............................] - ETA: 3s - loss: 0.0037 - mae: 0.0691
 3/27 [==>...........................] - ETA: 3s - loss: 0.0032 - mae: 0.0641
 4/27 [===>..........................] - ETA: 3s - loss: 0.0029 - mae: 0.0618
 5/27 [====>.........................] - ETA: 3s - loss: 0.0025 - mae: 0.0572
 6/27 [=====>........................] - ETA: 3s - loss: 0.0024 - mae: 0.0553
 7/27 [======>.......................] - ETA: 2s - loss: 0.0023 - mae: 0.0552
 8/27 [=======>......................] - ETA: 2s - loss: 0.0022 - mae: 0.0530
 9/27 [=========>....................] - ETA: 2s - loss: 0.0021 - mae: 0.0518
10/27 [==========>...................] - ETA: 2s - loss: 0.0020 - mae: 0.0502
11/27 [===========>..................] - ETA: 2s - loss: 0.0019 - mae: 0.0497
12/27 [============>.................] - ETA: 2s - loss: 0.0019 - mae: 0.0498
13/27 [=============>................] - ETA: 1s - loss: 0.0019 - mae: 0.0491
14/27 [==============>...............] - ETA: 1s - loss: 0.0019 - mae: 0.0490
15/27 [===============>..............] - ETA: 1s - loss: 0.0020 - mae: 0.0488
16/27 [================>.............] - ETA: 1s - loss: 0.0020 - mae: 0.0491
17/27 [=================>............] - ETA: 1s - loss: 0.0020 - mae: 0.0489
18/27 [===================>..........] - ETA: 1s - loss: 0.0020 - mae: 0.0486
19/27 [====================>.........] - ETA: 1s - loss: 0.0020 - mae: 0.0491
20/27 [=====================>........] - ETA: 0s - loss: 0.0020 - mae: 0.0483
21/27 [======================>.......] - ETA: 0s - loss: 0.0019 - mae: 0.0472
22/27 [=======================>......] - ETA: 0s - loss: 0.0019 - mae: 0.0469
23/27 [========================>.....] - ETA: 0s - loss: 0.0019 - mae: 0.0468
24/27 [=========================>....] - ETA: 0s - loss: 0.0019 - mae: 0.0467
25/27 [==========================>...] - ETA: 0s - loss: 0.0018 - mae: 0.0459
26/27 [===========================>..] - ETA: 0s - loss: 0.0018 - mae: 0.0454
27/27 [==============================] - ETA: 0s - loss: 0.0018 - mae: 0.0450
Epoch 88: ReduceLROnPlateau reducing learning rate to 0.0001875000016298145.

27/27 [==============================] - 4s 151ms/step - loss: 0.0018 - mae: 0.0450 - val_loss: 0.0066 - val_mae: 0.1021 - lr: 3.7500e-04
Epoch 89/100

 1/27 [>.............................] - ETA: 3s - loss: 0.0047 - mae: 0.0712
 2/27 [=>............................] - ETA: 3s - loss: 0.0044 - mae: 0.0739
 3/27 [==>...........................] - ETA: 3s - loss: 0.0035 - mae: 0.0642
 4/27 [===>..........................] - ETA: 3s - loss: 0.0029 - mae: 0.0571
 5/27 [====>.........................] - ETA: 3s - loss: 0.0026 - mae: 0.0538
 6/27 [=====>........................] - ETA: 2s - loss: 0.0024 - mae: 0.0523
 7/27 [======>.......................] - ETA: 2s - loss: 0.0022 - mae: 0.0496
 8/27 [=======>......................] - ETA: 2s - loss: 0.0021 - mae: 0.0486
 9/27 [=========>....................] - ETA: 2s - loss: 0.0020 - mae: 0.0481
10/27 [==========>...................] - ETA: 2s - loss: 0.0020 - mae: 0.0472
11/27 [===========>..................] - ETA: 2s - loss: 0.0019 - mae: 0.0465
12/27 [============>.................] - ETA: 2s - loss: 0.0019 - mae: 0.0473
13/27 [=============>................] - ETA: 1s - loss: 0.0019 - mae: 0.0478
14/27 [==============>...............] - ETA: 1s - loss: 0.0019 - mae: 0.0475
15/27 [===============>..............] - ETA: 1s - loss: 0.0019 - mae: 0.0471
16/27 [================>.............] - ETA: 1s - loss: 0.0020 - mae: 0.0480
17/27 [=================>............] - ETA: 1s - loss: 0.0020 - mae: 0.0482
18/27 [===================>..........] - ETA: 1s - loss: 0.0020 - mae: 0.0485
19/27 [====================>.........] - ETA: 1s - loss: 0.0020 - mae: 0.0490
20/27 [=====================>........] - ETA: 0s - loss: 0.0020 - mae: 0.0484
21/27 [======================>.......] - ETA: 0s - loss: 0.0019 - mae: 0.0476
22/27 [=======================>......] - ETA: 0s - loss: 0.0019 - mae: 0.0472
23/27 [========================>.....] - ETA: 0s - loss: 0.0019 - mae: 0.0471
24/27 [=========================>....] - ETA: 0s - loss: 0.0018 - mae: 0.0468
25/27 [==========================>...] - ETA: 0s - loss: 0.0018 - mae: 0.0463
26/27 [===========================>..] - ETA: 0s - loss: 0.0018 - mae: 0.0457
27/27 [==============================] - ETA: 0s - loss: 0.0017 - mae: 0.0455
27/27 [==============================] - 4s 150ms/step - loss: 0.0017 - mae: 0.0455 - val_loss: 0.0067 - val_mae: 0.1035 - lr: 1.8750e-04
Epoch 90/100

 1/27 [>.............................] - ETA: 4s - loss: 0.0053 - mae: 0.0759
 2/27 [=>............................] - ETA: 4s - loss: 0.0042 - mae: 0.0690
 3/27 [==>...........................] - ETA: 4s - loss: 0.0037 - mae: 0.0652
 4/27 [===>..........................] - ETA: 3s - loss: 0.0030 - mae: 0.0574
 5/27 [====>.........................] - ETA: 3s - loss: 0.0026 - mae: 0.0528
 6/27 [=====>........................] - ETA: 3s - loss: 0.0024 - mae: 0.0519
 7/27 [======>.......................] - ETA: 3s - loss: 0.0024 - mae: 0.0523
 8/27 [=======>......................] - ETA: 2s - loss: 0.0023 - mae: 0.0513
 9/27 [=========>....................] - ETA: 2s - loss: 0.0022 - mae: 0.0498
10/27 [==========>...................] - ETA: 2s - loss: 0.0020 - mae: 0.0477
11/27 [===========>..................] - ETA: 2s - loss: 0.0019 - mae: 0.0470
12/27 [============>.................] - ETA: 2s - loss: 0.0019 - mae: 0.0471
13/27 [=============>................] - ETA: 2s - loss: 0.0019 - mae: 0.0469
14/27 [==============>...............] - ETA: 1s - loss: 0.0018 - mae: 0.0464
15/27 [===============>..............] - ETA: 1s - loss: 0.0018 - mae: 0.0466
16/27 [================>.............] - ETA: 1s - loss: 0.0019 - mae: 0.0473
17/27 [=================>............] - ETA: 1s - loss: 0.0019 - mae: 0.0472
18/27 [===================>..........] - ETA: 1s - loss: 0.0018 - mae: 0.0471
19/27 [====================>.........] - ETA: 1s - loss: 0.0019 - mae: 0.0470
20/27 [=====================>........] - ETA: 1s - loss: 0.0018 - mae: 0.0465
21/27 [======================>.......] - ETA: 0s - loss: 0.0018 - mae: 0.0459
22/27 [=======================>......] - ETA: 0s - loss: 0.0018 - mae: 0.0458
23/27 [========================>.....] - ETA: 0s - loss: 0.0017 - mae: 0.0455
24/27 [=========================>....] - ETA: 0s - loss: 0.0017 - mae: 0.0454
25/27 [==========================>...] - ETA: 0s - loss: 0.0017 - mae: 0.0447
26/27 [===========================>..] - ETA: 0s - loss: 0.0017 - mae: 0.0442
27/27 [==============================] - ETA: 0s - loss: 0.0016 - mae: 0.0437
27/27 [==============================] - 4s 152ms/step - loss: 0.0016 - mae: 0.0437 - val_loss: 0.0054 - val_mae: 0.0914 - lr: 1.8750e-04
Epoch 91/100

 1/27 [>.............................] - ETA: 3s - loss: 0.0083 - mae: 0.0948
 2/27 [=>............................] - ETA: 3s - loss: 0.0072 - mae: 0.0897
 3/27 [==>...........................] - ETA: 3s - loss: 0.0061 - mae: 0.0816
 4/27 [===>..........................] - ETA: 3s - loss: 0.0048 - mae: 0.0703
 5/27 [====>.........................] - ETA: 3s - loss: 0.0040 - mae: 0.0619
 6/27 [=====>........................] - ETA: 3s - loss: 0.0037 - mae: 0.0608
 7/27 [======>.......................] - ETA: 2s - loss: 0.0035 - mae: 0.0592
 8/27 [=======>......................] - ETA: 2s - loss: 0.0032 - mae: 0.0570
 9/27 [=========>....................] - ETA: 2s - loss: 0.0030 - mae: 0.0556
10/27 [==========>...................] - ETA: 2s - loss: 0.0029 - mae: 0.0542
11/27 [===========>..................] - ETA: 2s - loss: 0.0027 - mae: 0.0527
12/27 [============>.................] - ETA: 2s - loss: 0.0026 - mae: 0.0528
13/27 [=============>................] - ETA: 2s - loss: 0.0025 - mae: 0.0520
14/27 [==============>...............] - ETA: 1s - loss: 0.0024 - mae: 0.0503
15/27 [===============>..............] - ETA: 1s - loss: 0.0025 - mae: 0.0510
16/27 [================>.............] - ETA: 1s - loss: 0.0024 - mae: 0.0511
17/27 [=================>............] - ETA: 1s - loss: 0.0024 - mae: 0.0511
18/27 [===================>..........] - ETA: 1s - loss: 0.0023 - mae: 0.0503
19/27 [====================>.........] - ETA: 1s - loss: 0.0023 - mae: 0.0502
20/27 [=====================>........] - ETA: 1s - loss: 0.0023 - mae: 0.0496
21/27 [======================>.......] - ETA: 0s - loss: 0.0022 - mae: 0.0493
22/27 [=======================>......] - ETA: 0s - loss: 0.0022 - mae: 0.0490
23/27 [========================>.....] - ETA: 0s - loss: 0.0022 - mae: 0.0489
24/27 [=========================>....] - ETA: 0s - loss: 0.0022 - mae: 0.0489
25/27 [==========================>...] - ETA: 0s - loss: 0.0021 - mae: 0.0482
26/27 [===========================>..] - ETA: 0s - loss: 0.0020 - mae: 0.0472
27/27 [==============================] - ETA: 0s - loss: 0.0020 - mae: 0.0471
27/27 [==============================] - 4s 152ms/step - loss: 0.0020 - mae: 0.0471 - val_loss: 0.0070 - val_mae: 0.1062 - lr: 1.8750e-04
Epoch 92/100

 1/27 [>.............................] - ETA: 3s - loss: 0.0050 - mae: 0.0740
 2/27 [=>............................] - ETA: 3s - loss: 0.0050 - mae: 0.0790
 3/27 [==>...........................] - ETA: 3s - loss: 0.0045 - mae: 0.0746
 4/27 [===>..........................] - ETA: 3s - loss: 0.0038 - mae: 0.0695
 5/27 [====>.........................] - ETA: 3s - loss: 0.0033 - mae: 0.0619
 6/27 [=====>........................] - ETA: 2s - loss: 0.0030 - mae: 0.0589
 7/27 [======>.......................] - ETA: 2s - loss: 0.0028 - mae: 0.0581
 8/27 [=======>......................] - ETA: 2s - loss: 0.0026 - mae: 0.0559
 9/27 [=========>....................] - ETA: 2s - loss: 0.0025 - mae: 0.0534
10/27 [==========>...................] - ETA: 2s - loss: 0.0024 - mae: 0.0522
11/27 [===========>..................] - ETA: 2s - loss: 0.0023 - mae: 0.0513
12/27 [============>.................] - ETA: 2s - loss: 0.0022 - mae: 0.0518
13/27 [=============>................] - ETA: 1s - loss: 0.0022 - mae: 0.0514
14/27 [==============>...............] - ETA: 1s - loss: 0.0022 - mae: 0.0510
15/27 [===============>..............] - ETA: 1s - loss: 0.0023 - mae: 0.0518
16/27 [================>.............] - ETA: 1s - loss: 0.0023 - mae: 0.0523
17/27 [=================>............] - ETA: 1s - loss: 0.0023 - mae: 0.0527
18/27 [===================>..........] - ETA: 1s - loss: 0.0023 - mae: 0.0524
19/27 [====================>.........] - ETA: 1s - loss: 0.0022 - mae: 0.0517
20/27 [=====================>........] - ETA: 1s - loss: 0.0022 - mae: 0.0509
21/27 [======================>.......] - ETA: 0s - loss: 0.0021 - mae: 0.0499
22/27 [=======================>......] - ETA: 0s - loss: 0.0020 - mae: 0.0489
23/27 [========================>.....] - ETA: 0s - loss: 0.0020 - mae: 0.0490
24/27 [=========================>....] - ETA: 0s - loss: 0.0020 - mae: 0.0488
25/27 [==========================>...] - ETA: 0s - loss: 0.0020 - mae: 0.0480
26/27 [===========================>..] - ETA: 0s - loss: 0.0019 - mae: 0.0474
27/27 [==============================] - ETA: 0s - loss: 0.0019 - mae: 0.0472
27/27 [==============================] - 4s 154ms/step - loss: 0.0019 - mae: 0.0472 - val_loss: 0.0056 - val_mae: 0.0935 - lr: 1.8750e-04
Epoch 93/100

 1/27 [>.............................] - ETA: 3s - loss: 0.0057 - mae: 0.0803
 2/27 [=>............................] - ETA: 4s - loss: 0.0054 - mae: 0.0823
 3/27 [==>...........................] - ETA: 3s - loss: 0.0045 - mae: 0.0735
 4/27 [===>..........................] - ETA: 3s - loss: 0.0035 - mae: 0.0633
 5/27 [====>.........................] - ETA: 3s - loss: 0.0031 - mae: 0.0584
 6/27 [=====>........................] - ETA: 3s - loss: 0.0030 - mae: 0.0577
 7/27 [======>.......................] - ETA: 2s - loss: 0.0029 - mae: 0.0573
 8/27 [=======>......................] - ETA: 2s - loss: 0.0027 - mae: 0.0549
 9/27 [=========>....................] - ETA: 2s - loss: 0.0026 - mae: 0.0536
10/27 [==========>...................] - ETA: 2s - loss: 0.0024 - mae: 0.0513
11/27 [===========>..................] - ETA: 2s - loss: 0.0022 - mae: 0.0499
12/27 [============>.................] - ETA: 2s - loss: 0.0022 - mae: 0.0503
13/27 [=============>................] - ETA: 2s - loss: 0.0021 - mae: 0.0493
14/27 [==============>...............] - ETA: 1s - loss: 0.0020 - mae: 0.0483
15/27 [===============>..............] - ETA: 1s - loss: 0.0021 - mae: 0.0487
16/27 [================>.............] - ETA: 1s - loss: 0.0021 - mae: 0.0486
17/27 [=================>............] - ETA: 1s - loss: 0.0021 - mae: 0.0490
18/27 [===================>..........] - ETA: 1s - loss: 0.0021 - mae: 0.0489
19/27 [====================>.........] - ETA: 1s - loss: 0.0021 - mae: 0.0486
20/27 [=====================>........] - ETA: 1s - loss: 0.0020 - mae: 0.0481
21/27 [======================>.......] - ETA: 0s - loss: 0.0020 - mae: 0.0478
22/27 [=======================>......] - ETA: 0s - loss: 0.0020 - mae: 0.0474
23/27 [========================>.....] - ETA: 0s - loss: 0.0020 - mae: 0.0472
24/27 [=========================>....] - ETA: 0s - loss: 0.0019 - mae: 0.0471
25/27 [==========================>...] - ETA: 0s - loss: 0.0019 - mae: 0.0465
26/27 [===========================>..] - ETA: 0s - loss: 0.0019 - mae: 0.0458
27/27 [==============================] - ETA: 0s - loss: 0.0018 - mae: 0.0457
27/27 [==============================] - 4s 151ms/step - loss: 0.0018 - mae: 0.0457 - val_loss: 0.0063 - val_mae: 0.1005 - lr: 1.8750e-04
Epoch 94/100

 1/27 [>.............................] - ETA: 3s - loss: 0.0051 - mae: 0.0721
 2/27 [=>............................] - ETA: 3s - loss: 0.0043 - mae: 0.0707
 3/27 [==>...........................] - ETA: 3s - loss: 0.0037 - mae: 0.0641
 4/27 [===>..........................] - ETA: 3s - loss: 0.0032 - mae: 0.0585
 5/27 [====>.........................] - ETA: 2s - loss: 0.0027 - mae: 0.0543
 6/27 [=====>........................] - ETA: 2s - loss: 0.0027 - mae: 0.0549
 7/27 [======>.......................] - ETA: 2s - loss: 0.0026 - mae: 0.0541
 8/27 [=======>......................] - ETA: 2s - loss: 0.0024 - mae: 0.0516
 9/27 [=========>....................] - ETA: 2s - loss: 0.0023 - mae: 0.0501
10/27 [==========>...................] - ETA: 2s - loss: 0.0021 - mae: 0.0482
11/27 [===========>..................] - ETA: 2s - loss: 0.0020 - mae: 0.0478
12/27 [============>.................] - ETA: 2s - loss: 0.0021 - mae: 0.0491
13/27 [=============>................] - ETA: 1s - loss: 0.0020 - mae: 0.0485
14/27 [==============>...............] - ETA: 1s - loss: 0.0019 - mae: 0.0479
15/27 [===============>..............] - ETA: 1s - loss: 0.0019 - mae: 0.0474
16/27 [================>.............] - ETA: 1s - loss: 0.0020 - mae: 0.0483
17/27 [=================>............] - ETA: 1s - loss: 0.0020 - mae: 0.0482
18/27 [===================>..........] - ETA: 1s - loss: 0.0019 - mae: 0.0477
19/27 [====================>.........] - ETA: 1s - loss: 0.0019 - mae: 0.0474
20/27 [=====================>........] - ETA: 0s - loss: 0.0019 - mae: 0.0467
21/27 [======================>.......] - ETA: 0s - loss: 0.0018 - mae: 0.0462
22/27 [=======================>......] - ETA: 0s - loss: 0.0018 - mae: 0.0456
23/27 [========================>.....] - ETA: 0s - loss: 0.0018 - mae: 0.0454
24/27 [=========================>....] - ETA: 0s - loss: 0.0018 - mae: 0.0455
25/27 [==========================>...] - ETA: 0s - loss: 0.0017 - mae: 0.0446
26/27 [===========================>..] - ETA: 0s - loss: 0.0017 - mae: 0.0437
27/27 [==============================] - ETA: 0s - loss: 0.0017 - mae: 0.0435
27/27 [==============================] - 4s 143ms/step - loss: 0.0017 - mae: 0.0435 - val_loss: 0.0057 - val_mae: 0.0941 - lr: 1.8750e-04
Epoch 95/100

 1/27 [>.............................] - ETA: 3s - loss: 0.0051 - mae: 0.0787
 2/27 [=>............................] - ETA: 3s - loss: 0.0061 - mae: 0.0864
 3/27 [==>...........................] - ETA: 2s - loss: 0.0052 - mae: 0.0785
 4/27 [===>..........................] - ETA: 2s - loss: 0.0042 - mae: 0.0684
 5/27 [====>.........................] - ETA: 2s - loss: 0.0035 - mae: 0.0609
 6/27 [=====>........................] - ETA: 2s - loss: 0.0033 - mae: 0.0596
 7/27 [======>.......................] - ETA: 2s - loss: 0.0031 - mae: 0.0577
 8/27 [=======>......................] - ETA: 2s - loss: 0.0029 - mae: 0.0555
 9/27 [=========>....................] - ETA: 2s - loss: 0.0027 - mae: 0.0536
10/27 [==========>...................] - ETA: 2s - loss: 0.0025 - mae: 0.0514
11/27 [===========>..................] - ETA: 2s - loss: 0.0024 - mae: 0.0498
12/27 [============>.................] - ETA: 2s - loss: 0.0023 - mae: 0.0502
13/27 [=============>................] - ETA: 1s - loss: 0.0022 - mae: 0.0491
14/27 [==============>...............] - ETA: 1s - loss: 0.0022 - mae: 0.0489
15/27 [===============>..............] - ETA: 1s - loss: 0.0022 - mae: 0.0483
16/27 [================>.............] - ETA: 1s - loss: 0.0022 - mae: 0.0486
17/27 [=================>............] - ETA: 1s - loss: 0.0021 - mae: 0.0487
18/27 [===================>..........] - ETA: 1s - loss: 0.0021 - mae: 0.0482
19/27 [====================>.........] - ETA: 1s - loss: 0.0021 - mae: 0.0478
20/27 [=====================>........] - ETA: 0s - loss: 0.0020 - mae: 0.0475
21/27 [======================>.......] - ETA: 0s - loss: 0.0020 - mae: 0.0472
22/27 [=======================>......] - ETA: 0s - loss: 0.0020 - mae: 0.0468
23/27 [========================>.....] - ETA: 0s - loss: 0.0019 - mae: 0.0464
24/27 [=========================>....] - ETA: 0s - loss: 0.0019 - mae: 0.0464
25/27 [==========================>...] - ETA: 0s - loss: 0.0018 - mae: 0.0453
26/27 [===========================>..] - ETA: 0s - loss: 0.0018 - mae: 0.0444
27/27 [==============================] - ETA: 0s - loss: 0.0017 - mae: 0.0438
27/27 [==============================] - 4s 146ms/step - loss: 0.0017 - mae: 0.0438 - val_loss: 0.0061 - val_mae: 0.0982 - lr: 1.8750e-04
Epoch 96/100

 1/27 [>.............................] - ETA: 3s - loss: 0.0071 - mae: 0.0895
 2/27 [=>............................] - ETA: 3s - loss: 0.0054 - mae: 0.0800
 3/27 [==>...........................] - ETA: 3s - loss: 0.0047 - mae: 0.0743
 4/27 [===>..........................] - ETA: 3s - loss: 0.0038 - mae: 0.0663
 5/27 [====>.........................] - ETA: 3s - loss: 0.0033 - mae: 0.0601
 6/27 [=====>........................] - ETA: 2s - loss: 0.0031 - mae: 0.0593
 7/27 [======>.......................] - ETA: 2s - loss: 0.0030 - mae: 0.0581
 8/27 [=======>......................] - ETA: 2s - loss: 0.0028 - mae: 0.0569
 9/27 [=========>....................] - ETA: 2s - loss: 0.0027 - mae: 0.0550
10/27 [==========>...................] - ETA: 2s - loss: 0.0025 - mae: 0.0529
11/27 [===========>..................] - ETA: 2s - loss: 0.0024 - mae: 0.0515
12/27 [============>.................] - ETA: 2s - loss: 0.0023 - mae: 0.0519
13/27 [=============>................] - ETA: 1s - loss: 0.0022 - mae: 0.0510
14/27 [==============>...............] - ETA: 1s - loss: 0.0022 - mae: 0.0509
15/27 [===============>..............] - ETA: 1s - loss: 0.0022 - mae: 0.0516
16/27 [================>.............] - ETA: 1s - loss: 0.0022 - mae: 0.0516
17/27 [=================>............] - ETA: 1s - loss: 0.0022 - mae: 0.0516
18/27 [===================>..........] - ETA: 1s - loss: 0.0022 - mae: 0.0514
19/27 [====================>.........] - ETA: 1s - loss: 0.0021 - mae: 0.0510
20/27 [=====================>........] - ETA: 0s - loss: 0.0021 - mae: 0.0505
21/27 [======================>.......] - ETA: 0s - loss: 0.0020 - mae: 0.0495
22/27 [=======================>......] - ETA: 0s - loss: 0.0020 - mae: 0.0489
23/27 [========================>.....] - ETA: 0s - loss: 0.0020 - mae: 0.0486
24/27 [=========================>....] - ETA: 0s - loss: 0.0020 - mae: 0.0489
25/27 [==========================>...] - ETA: 0s - loss: 0.0020 - mae: 0.0481
26/27 [===========================>..] - ETA: 0s - loss: 0.0019 - mae: 0.0474
27/27 [==============================] - ETA: 0s - loss: 0.0019 - mae: 0.0469
27/27 [==============================] - 4s 144ms/step - loss: 0.0019 - mae: 0.0469 - val_loss: 0.0060 - val_mae: 0.0973 - lr: 1.8750e-04
Epoch 97/100

 1/27 [>.............................] - ETA: 3s - loss: 0.0040 - mae: 0.0674
 2/27 [=>............................] - ETA: 3s - loss: 0.0040 - mae: 0.0711
 3/27 [==>...........................] - ETA: 3s - loss: 0.0033 - mae: 0.0640
 4/27 [===>..........................] - ETA: 3s - loss: 0.0027 - mae: 0.0556
 5/27 [====>.........................] - ETA: 2s - loss: 0.0023 - mae: 0.0509
 6/27 [=====>........................] - ETA: 2s - loss: 0.0022 - mae: 0.0499
 7/27 [======>.......................] - ETA: 2s - loss: 0.0020 - mae: 0.0484
 8/27 [=======>......................] - ETA: 2s - loss: 0.0019 - mae: 0.0462
 9/27 [=========>....................] - ETA: 2s - loss: 0.0019 - mae: 0.0461
10/27 [==========>...................] - ETA: 2s - loss: 0.0018 - mae: 0.0451
11/27 [===========>..................] - ETA: 2s - loss: 0.0017 - mae: 0.0446
12/27 [============>.................] - ETA: 2s - loss: 0.0017 - mae: 0.0449
13/27 [=============>................] - ETA: 1s - loss: 0.0017 - mae: 0.0451
14/27 [==============>...............] - ETA: 1s - loss: 0.0017 - mae: 0.0451
15/27 [===============>..............] - ETA: 1s - loss: 0.0017 - mae: 0.0450
16/27 [================>.............] - ETA: 1s - loss: 0.0017 - mae: 0.0454
17/27 [=================>............] - ETA: 1s - loss: 0.0017 - mae: 0.0453
18/27 [===================>..........] - ETA: 1s - loss: 0.0017 - mae: 0.0455
19/27 [====================>.........] - ETA: 1s - loss: 0.0018 - mae: 0.0458
20/27 [=====================>........] - ETA: 0s - loss: 0.0017 - mae: 0.0453
21/27 [======================>.......] - ETA: 0s - loss: 0.0017 - mae: 0.0449
22/27 [=======================>......] - ETA: 0s - loss: 0.0017 - mae: 0.0441
23/27 [========================>.....] - ETA: 0s - loss: 0.0017 - mae: 0.0441
24/27 [=========================>....] - ETA: 0s - loss: 0.0017 - mae: 0.0444
25/27 [==========================>...] - ETA: 0s - loss: 0.0016 - mae: 0.0436
26/27 [===========================>..] - ETA: 0s - loss: 0.0016 - mae: 0.0428
27/27 [==============================] - ETA: 0s - loss: 0.0016 - mae: 0.0426
27/27 [==============================] - 4s 144ms/step - loss: 0.0016 - mae: 0.0426 - val_loss: 0.0060 - val_mae: 0.0969 - lr: 1.8750e-04
Epoch 98/100

 1/27 [>.............................] - ETA: 3s - loss: 0.0104 - mae: 0.1018
 2/27 [=>............................] - ETA: 3s - loss: 0.0080 - mae: 0.0937
 3/27 [==>...........................] - ETA: 3s - loss: 0.0061 - mae: 0.0794
 4/27 [===>..........................] - ETA: 2s - loss: 0.0047 - mae: 0.0666
 5/27 [====>.........................] - ETA: 2s - loss: 0.0039 - mae: 0.0597
 6/27 [=====>........................] - ETA: 2s - loss: 0.0037 - mae: 0.0589
 7/27 [======>.......................] - ETA: 2s - loss: 0.0035 - mae: 0.0587
 8/27 [=======>......................] - ETA: 2s - loss: 0.0032 - mae: 0.0565
 9/27 [=========>....................] - ETA: 2s - loss: 0.0031 - mae: 0.0553
10/27 [==========>...................] - ETA: 2s - loss: 0.0028 - mae: 0.0521
11/27 [===========>..................] - ETA: 2s - loss: 0.0027 - mae: 0.0514
12/27 [============>.................] - ETA: 1s - loss: 0.0026 - mae: 0.0520
13/27 [=============>................] - ETA: 1s - loss: 0.0025 - mae: 0.0511
14/27 [==============>...............] - ETA: 1s - loss: 0.0024 - mae: 0.0504
15/27 [===============>..............] - ETA: 1s - loss: 0.0023 - mae: 0.0494
16/27 [================>.............] - ETA: 1s - loss: 0.0024 - mae: 0.0503
17/27 [=================>............] - ETA: 1s - loss: 0.0024 - mae: 0.0506
18/27 [===================>..........] - ETA: 1s - loss: 0.0023 - mae: 0.0501
19/27 [====================>.........] - ETA: 1s - loss: 0.0023 - mae: 0.0500
20/27 [=====================>........] - ETA: 0s - loss: 0.0023 - mae: 0.0492
21/27 [======================>.......] - ETA: 0s - loss: 0.0022 - mae: 0.0485
22/27 [=======================>......] - ETA: 0s - loss: 0.0022 - mae: 0.0483
23/27 [========================>.....] - ETA: 0s - loss: 0.0021 - mae: 0.0481
24/27 [=========================>....] - ETA: 0s - loss: 0.0021 - mae: 0.0477
25/27 [==========================>...] - ETA: 0s - loss: 0.0020 - mae: 0.0472
26/27 [===========================>..] - ETA: 0s - loss: 0.0020 - mae: 0.0465
27/27 [==============================] - ETA: 0s - loss: 0.0020 - mae: 0.0460
27/27 [==============================] - 4s 144ms/step - loss: 0.0020 - mae: 0.0460 - val_loss: 0.0056 - val_mae: 0.0935 - lr: 1.8750e-04
Epoch 99/100

 1/27 [>.............................] - ETA: 3s - loss: 0.0055 - mae: 0.0766
 2/27 [=>............................] - ETA: 3s - loss: 0.0055 - mae: 0.0809
 3/27 [==>...........................] - ETA: 3s - loss: 0.0048 - mae: 0.0730
 4/27 [===>..........................] - ETA: 3s - loss: 0.0039 - mae: 0.0651
 5/27 [====>.........................] - ETA: 2s - loss: 0.0033 - mae: 0.0591
 6/27 [=====>........................] - ETA: 2s - loss: 0.0030 - mae: 0.0564
 7/27 [======>.......................] - ETA: 2s - loss: 0.0027 - mae: 0.0538
 8/27 [=======>......................] - ETA: 2s - loss: 0.0026 - mae: 0.0530
 9/27 [=========>....................] - ETA: 2s - loss: 0.0025 - mae: 0.0522
10/27 [==========>...................] - ETA: 2s - loss: 0.0023 - mae: 0.0491
11/27 [===========>..................] - ETA: 2s - loss: 0.0022 - mae: 0.0477
12/27 [============>.................] - ETA: 2s - loss: 0.0021 - mae: 0.0481
13/27 [=============>................] - ETA: 1s - loss: 0.0021 - mae: 0.0481
14/27 [==============>...............] - ETA: 1s - loss: 0.0020 - mae: 0.0474
15/27 [===============>..............] - ETA: 1s - loss: 0.0020 - mae: 0.0473
16/27 [================>.............] - ETA: 1s - loss: 0.0021 - mae: 0.0483
17/27 [=================>............] - ETA: 1s - loss: 0.0021 - mae: 0.0479
18/27 [===================>..........] - ETA: 1s - loss: 0.0021 - mae: 0.0475
19/27 [====================>.........] - ETA: 1s - loss: 0.0021 - mae: 0.0476
20/27 [=====================>........] - ETA: 0s - loss: 0.0021 - mae: 0.0474
21/27 [======================>.......] - ETA: 0s - loss: 0.0020 - mae: 0.0469
22/27 [=======================>......] - ETA: 0s - loss: 0.0020 - mae: 0.0466
23/27 [========================>.....] - ETA: 0s - loss: 0.0020 - mae: 0.0469
24/27 [=========================>....] - ETA: 0s - loss: 0.0020 - mae: 0.0467
25/27 [==========================>...] - ETA: 0s - loss: 0.0019 - mae: 0.0460
26/27 [===========================>..] - ETA: 0s - loss: 0.0019 - mae: 0.0452
27/27 [==============================] - ETA: 0s - loss: 0.0018 - mae: 0.0448
27/27 [==============================] - 4s 141ms/step - loss: 0.0018 - mae: 0.0448 - val_loss: 0.0059 - val_mae: 0.0966 - lr: 1.8750e-04
Epoch 100/100

 1/27 [>.............................] - ETA: 3s - loss: 0.0062 - mae: 0.0811
 2/27 [=>............................] - ETA: 3s - loss: 0.0055 - mae: 0.0788
 3/27 [==>...........................] - ETA: 3s - loss: 0.0048 - mae: 0.0719
 4/27 [===>..........................] - ETA: 3s - loss: 0.0039 - mae: 0.0634
 5/27 [====>.........................] - ETA: 2s - loss: 0.0033 - mae: 0.0575
 6/27 [=====>........................] - ETA: 2s - loss: 0.0031 - mae: 0.0556
 7/27 [======>.......................] - ETA: 2s - loss: 0.0028 - mae: 0.0528
 8/27 [=======>......................] - ETA: 2s - loss: 0.0026 - mae: 0.0503
 9/27 [=========>....................] - ETA: 2s - loss: 0.0025 - mae: 0.0495
10/27 [==========>...................] - ETA: 2s - loss: 0.0023 - mae: 0.0482
11/27 [===========>..................] - ETA: 2s - loss: 0.0022 - mae: 0.0472
12/27 [============>.................] - ETA: 2s - loss: 0.0022 - mae: 0.0476
13/27 [=============>................] - ETA: 1s - loss: 0.0022 - mae: 0.0480
14/27 [==============>...............] - ETA: 1s - loss: 0.0021 - mae: 0.0471
15/27 [===============>..............] - ETA: 1s - loss: 0.0021 - mae: 0.0477
16/27 [================>.............] - ETA: 1s - loss: 0.0021 - mae: 0.0481
17/27 [=================>............] - ETA: 1s - loss: 0.0021 - mae: 0.0488
18/27 [===================>..........] - ETA: 1s - loss: 0.0021 - mae: 0.0485
19/27 [====================>.........] - ETA: 1s - loss: 0.0021 - mae: 0.0485
20/27 [=====================>........] - ETA: 0s - loss: 0.0021 - mae: 0.0483
21/27 [======================>.......] - ETA: 0s - loss: 0.0020 - mae: 0.0480
22/27 [=======================>......] - ETA: 0s - loss: 0.0020 - mae: 0.0477
23/27 [========================>.....] - ETA: 0s - loss: 0.0020 - mae: 0.0473
24/27 [=========================>....] - ETA: 0s - loss: 0.0019 - mae: 0.0468
25/27 [==========================>...] - ETA: 0s - loss: 0.0019 - mae: 0.0458
26/27 [===========================>..] - ETA: 0s - loss: 0.0019 - mae: 0.0454
27/27 [==============================] - ETA: 0s - loss: 0.0018 - mae: 0.0451
27/27 [==============================] - 4s 144ms/step - loss: 0.0018 - mae: 0.0451 - val_loss: 0.0051 - val_mae: 0.0884 - lr: 1.8750e-04

 1/12 [=>............................] - ETA: 10s
 3/12 [======>.......................] - ETA: 0s 
 5/12 [===========>..................] - ETA: 0s
 7/12 [================>.............] - ETA: 0s
 9/12 [=====================>........] - ETA: 0s
11/12 [==========================>...] - ETA: 0s
12/12 [==============================] - 1s 29ms/step

GRU 评估 (价格):
  MAE: 35.3656
  RMSE: 35.6882
  MAPE: 49.13%
  R2: -53.0337

方向预测准确率: 0.5067

Baseline(随机游走 P_t) R2: 0.8898
  [未达标] 模型 R2=-53.0337 < 0.8，建议：增大 RF Top-N、增加训练 epoch 或检查数据
✅ oil_pred.csv 已生成

已保存对齐后的预测结果到 C:\Users\12725\Desktop\大宗绿测_基于油价因子的绿色金融产品预测与风险分析 - 副本\技术文档\源代码\web_runs\run_20260424_140117_top50\prediction_results.csv，样本数=374

每日预测 vs 真实值（最后 15 行）：
      Date    Actual       Pred     Error  AbsError
2025-11-06 70.879997 107.906387 37.026390 37.026390
2025-11-07 71.260002 107.759834 36.499832 36.499832
2025-11-10 71.680000 107.564545 35.884544 35.884544
2025-11-13 69.849998 107.593315 37.743317 37.743317
2025-11-14 71.379997 107.129295 35.749298 35.749298
2025-11-17 71.300003 106.120735 34.820732 34.820732
2025-11-18 72.500000 105.830002 33.330002 33.330002
2025-11-19 70.879997 105.564865 34.684868 34.684868
2025-11-20 70.150002 105.034195 34.884193 34.884193
2025-11-21 69.300003 103.791283 34.491280 34.491280
2025-11-24 70.419998 102.363358 31.943359 31.943359
2025-11-25 69.250000 101.513107 32.263107 32.263107
2025-11-26 70.040001 101.769318 31.729317 31.729317
2025-12-29 69.610001 102.312218 32.702217 32.702217
2025-12-30 69.739998 104.311516 34.571518 34.571518

已保存每日汇总表到 C:\Users\12725\Desktop\大宗绿测_基于油价因子的绿色金融产品预测与风险分析 - 副本\技术文档\源代码\web_runs\run_20260424_140117_top50\daily_predictions_vs_actual.csv

=== 附加分析：驱动因子 / 风险信号 / 回测 / 报告 ===
已保存驱动因子分析表到 C:\Users\12725\Desktop\大宗绿测_基于油价因子的绿色金融产品预测与风险分析 - 副本\技术文档\源代码\web_runs\run_20260424_140117_top50\driver_factor_analysis.csv
已保存风险与信号分类表到 C:\Users\12725\Desktop\大宗绿测_基于油价因子的绿色金融产品预测与风险分析 - 副本\技术文档\源代码\web_runs\run_20260424_140117_top50\risk_signal_classification.csv
回测完成：Strategy 总收益=-2.87%，最大回撤=-24.31%，胜率=50.53%
已保存报告到 C:\Users\12725\Desktop\大宗绿测_基于油价因子的绿色金融产品预测与风险分析 - 副本\技术文档\源代码\web_runs\run_20260424_140117_top50\bank_team_report.md

完成！

=== 实盘预测：递推预测未来 15 天 ===
开始油价预测特征工程...
输入数据形状: (2842, 13)
添加油价自身特征...
添加金融市场特征...
添加基本面特征...
添加技术指标特征...
添加波动率特征...
添加市场结构特征...
添加季节性特征...
添加市场情绪特征...
添加地缘大事件影响特征...
添加衍生关系特征...
确保特征因果性...
对 4 个未滞后特征应用 shift(1): ['VIX_Level', 'OVX_Level', 'Basis', 'Market_Structure']...
特征工程完成，特征总数: 165

1/1 [==============================] - ETA: 0s
1/1 [==============================] - 0s 34ms/step
开始油价预测特征工程...
输入数据形状: (2843, 13)
添加油价自身特征...
添加金融市场特征...
添加基本面特征...
添加技术指标特征...
添加波动率特征...
添加市场结构特征...
添加季节性特征...
添加市场情绪特征...
添加地缘大事件影响特征...
添加衍生关系特征...
确保特征因果性...
对 4 个未滞后特征应用 shift(1): ['VIX_Level', 'OVX_Level', 'Basis', 'Market_Structure']...
特征工程完成，特征总数: 165

1/1 [==============================] - ETA: 0s
1/1 [==============================] - 0s 34ms/step
开始油价预测特征工程...
输入数据形状: (2844, 13)
添加油价自身特征...
添加金融市场特征...
添加基本面特征...
添加技术指标特征...
添加波动率特征...
添加市场结构特征...
添加季节性特征...
添加市场情绪特征...
添加地缘大事件影响特征...
添加衍生关系特征...
确保特征因果性...
对 4 个未滞后特征应用 shift(1): ['VIX_Level', 'OVX_Level', 'Basis', 'Market_Structure']...
特征工程完成，特征总数: 165

1/1 [==============================] - ETA: 0s
1/1 [==============================] - 0s 31ms/step
开始油价预测特征工程...
输入数据形状: (2845, 13)
添加油价自身特征...
添加金融市场特征...
添加基本面特征...
添加技术指标特征...
添加波动率特征...
添加市场结构特征...
添加季节性特征...
添加市场情绪特征...
添加地缘大事件影响特征...
添加衍生关系特征...
确保特征因果性...
对 4 个未滞后特征应用 shift(1): ['VIX_Level', 'OVX_Level', 'Basis', 'Market_Structure']...
特征工程完成，特征总数: 165

1/1 [==============================] - ETA: 0s
1/1 [==============================] - 0s 31ms/step
开始油价预测特征工程...
输入数据形状: (2846, 13)
添加油价自身特征...
添加金融市场特征...
添加基本面特征...
添加技术指标特征...
添加波动率特征...
添加市场结构特征...
添加季节性特征...
添加市场情绪特征...
添加地缘大事件影响特征...
添加衍生关系特征...
确保特征因果性...
对 4 个未滞后特征应用 shift(1): ['VIX_Level', 'OVX_Level', 'Basis', 'Market_Structure']...
特征工程完成，特征总数: 165

1/1 [==============================] - ETA: 0s
1/1 [==============================] - 0s 31ms/step
开始油价预测特征工程...
输入数据形状: (2847, 13)
添加油价自身特征...
添加金融市场特征...
添加基本面特征...
添加技术指标特征...
添加波动率特征...
添加市场结构特征...
添加季节性特征...
添加市场情绪特征...
添加地缘大事件影响特征...
添加衍生关系特征...
确保特征因果性...
对 4 个未滞后特征应用 shift(1): ['VIX_Level', 'OVX_Level', 'Basis', 'Market_Structure']...
特征工程完成，特征总数: 165

1/1 [==============================] - ETA: 0s
1/1 [==============================] - 0s 29ms/step
开始油价预测特征工程...
输入数据形状: (2848, 13)
添加油价自身特征...
添加金融市场特征...
添加基本面特征...
添加技术指标特征...
添加波动率特征...
添加市场结构特征...
添加季节性特征...
添加市场情绪特征...
添加地缘大事件影响特征...
添加衍生关系特征...
确保特征因果性...
对 4 个未滞后特征应用 shift(1): ['VIX_Level', 'OVX_Level', 'Basis', 'Market_Structure']...
特征工程完成，特征总数: 165

1/1 [==============================] - ETA: 0s
1/1 [==============================] - 0s 31ms/step
开始油价预测特征工程...
输入数据形状: (2849, 13)
添加油价自身特征...
添加金融市场特征...
添加基本面特征...
添加技术指标特征...
添加波动率特征...
添加市场结构特征...
添加季节性特征...
添加市场情绪特征...
添加地缘大事件影响特征...
添加衍生关系特征...
确保特征因果性...
对 4 个未滞后特征应用 shift(1): ['VIX_Level', 'OVX_Level', 'Basis', 'Market_Structure']...
特征工程完成，特征总数: 165

1/1 [==============================] - ETA: 0s
1/1 [==============================] - 0s 29ms/step
开始油价预测特征工程...
输入数据形状: (2850, 13)
添加油价自身特征...
添加金融市场特征...
添加基本面特征...
添加技术指标特征...
添加波动率特征...
添加市场结构特征...
添加季节性特征...
添加市场情绪特征...
添加地缘大事件影响特征...
添加衍生关系特征...
确保特征因果性...
对 4 个未滞后特征应用 shift(1): ['VIX_Level', 'OVX_Level', 'Basis', 'Market_Structure']...
特征工程完成，特征总数: 165

1/1 [==============================] - ETA: 0s
1/1 [==============================] - 0s 30ms/step
开始油价预测特征工程...
输入数据形状: (2851, 13)
添加油价自身特征...
添加金融市场特征...
添加基本面特征...
添加技术指标特征...
添加波动率特征...
添加市场结构特征...
添加季节性特征...
添加市场情绪特征...
添加地缘大事件影响特征...
添加衍生关系特征...
确保特征因果性...
对 4 个未滞后特征应用 shift(1): ['VIX_Level', 'OVX_Level', 'Basis', 'Market_Structure']...
特征工程完成，特征总数: 165

1/1 [==============================] - ETA: 0s
1/1 [==============================] - 0s 28ms/step
开始油价预测特征工程...
输入数据形状: (2852, 13)
添加油价自身特征...
添加金融市场特征...
添加基本面特征...
添加技术指标特征...
添加波动率特征...
添加市场结构特征...
添加季节性特征...
添加市场情绪特征...
添加地缘大事件影响特征...
添加衍生关系特征...
确保特征因果性...
对 4 个未滞后特征应用 shift(1): ['VIX_Level', 'OVX_Level', 'Basis', 'Market_Structure']...
特征工程完成，特征总数: 165

1/1 [==============================] - ETA: 0s
1/1 [==============================] - 0s 31ms/step
开始油价预测特征工程...
输入数据形状: (2853, 13)
添加油价自身特征...
添加金融市场特征...
添加基本面特征...
添加技术指标特征...
添加波动率特征...
添加市场结构特征...
添加季节性特征...
添加市场情绪特征...
添加地缘大事件影响特征...
添加衍生关系特征...
确保特征因果性...
对 4 个未滞后特征应用 shift(1): ['VIX_Level', 'OVX_Level', 'Basis', 'Market_Structure']...
特征工程完成，特征总数: 165

1/1 [==============================] - ETA: 0s
1/1 [==============================] - 0s 29ms/step
开始油价预测特征工程...
输入数据形状: (2854, 13)
添加油价自身特征...
添加金融市场特征...
添加基本面特征...
添加技术指标特征...
添加波动率特征...
添加市场结构特征...
添加季节性特征...
添加市场情绪特征...
添加地缘大事件影响特征...
添加衍生关系特征...
确保特征因果性...
对 4 个未滞后特征应用 shift(1): ['VIX_Level', 'OVX_Level', 'Basis', 'Market_Structure']...
特征工程完成，特征总数: 165

1/1 [==============================] - ETA: 0s
1/1 [==============================] - 0s 29ms/step
开始油价预测特征工程...
输入数据形状: (2855, 13)
添加油价自身特征...
添加金融市场特征...
添加基本面特征...
添加技术指标特征...
添加波动率特征...
添加市场结构特征...
添加季节性特征...
添加市场情绪特征...
添加地缘大事件影响特征...
添加衍生关系特征...
确保特征因果性...
对 4 个未滞后特征应用 shift(1): ['VIX_Level', 'OVX_Level', 'Basis', 'Market_Structure']...
特征工程完成，特征总数: 165

1/1 [==============================] - ETA: 0s
1/1 [==============================] - 0s 29ms/step
开始油价预测特征工程...
输入数据形状: (2856, 13)
添加油价自身特征...
添加金融市场特征...
添加基本面特征...
添加技术指标特征...
添加波动率特征...
添加市场结构特征...
添加季节性特征...
添加市场情绪特征...
添加地缘大事件影响特征...
添加衍生关系特征...
确保特征因果性...
对 4 个未滞后特征应用 shift(1): ['VIX_Level', 'OVX_Level', 'Basis', 'Market_Structure']...
特征工程完成，特征总数: 165

1/1 [==============================] - ETA: 0s
1/1 [==============================] - 0s 28ms/step
已保存未来预测到 C:\Users\12725\Desktop\大宗绿测_基于油价因子的绿色金融产品预测与风险分析 - 副本\技术文档\源代码\web_runs\run_20260424_140117_top50\future_forecast.csv，行数=15
