"TradingDate","Symbol","FundClassID","NAV","AccumulativeNAV","AnnualizedYield","Frequency","MarketStatus"
"2022-04-06","000042","202000000031","1.8509","2.3397","","",""
"2022-04-07","000042","202000000031","1.8280","2.3168","","",""
"2022-04-08","000042","202000000031","1.8407","2.3295","","",""
"2022-04-11","000042","202000000031","1.7924","2.2812","","",""
"2022-04-12","000042","202000000031","1.8185","2.3073","","",""
"2022-04-13","000042","202000000031","1.7999","2.2887","","",""
"2022-04-14","000042","202000000031","1.8218","2.3106","","",""
"2022-04-15","000042","202000000031","1.8248","2.3136","","",""
"2022-04-18","000042","202000000031","1.8167","2.3055","","",""
"2022-04-19","000042","202000000031","1.8076","2.2964","","",""
"2022-04-20","000042","202000000031","1.7804","2.2692","","",""
"2022-04-21","000042","202000000031","1.7409","2.2297","","",""
"2022-04-22","000042","202000000031","1.7487","2.2375","","",""
"2022-04-25","000042","202000000031","1.6623","2.1511","","",""
"2022-04-26","000042","202000000031","1.6504","2.1392","","",""
"2022-04-27","000042","202000000031","1.6951","2.1839","","",""
"2022-04-28","000042","202000000031","1.7108","2.1996","","",""
"2022-04-29","000042","202000000031","1.7529","2.2417","","",""
"2022-05-05","000042","202000000031","1.7601","2.2489","","",""
"2022-05-06","000042","202000000031","1.7227","2.2115","","",""
"2022-05-09","000042","202000000031","1.7101","2.1989","","",""
"2022-05-10","000042","202000000031","1.7257","2.2145","","",""
"2022-05-11","000042","202000000031","1.7434","2.2322","","",""
"2022-05-12","000042","202000000031","1.7391","2.2279","","",""
"2022-05-13","000042","202000000031","1.7520","2.2408","","",""
"2022-05-16","000042","202000000031","1.7387","2.2275","","",""
"2022-05-17","000042","202000000031","1.7501","2.2389","","",""
"2022-05-18","000042","202000000031","1.7461","2.2349","","",""
"2022-05-19","000042","202000000031","1.7526","2.2414","","",""
"2022-05-20","000042","202000000031","1.7819","2.2707","","",""
"2022-05-23","000042","202000000031","1.7745","2.2633","","",""
"2022-05-24","000042","202000000031","1.7351","2.2239","","",""
"2022-05-25","000042","202000000031","1.7533","2.2421","","",""
"2022-05-26","000042","202000000031","1.7578","2.2466","","",""
"2022-05-27","000042","202000000031","1.7584","2.2472","","",""
"2022-05-30","000042","202000000031","1.7666","2.2554","","",""
"2022-05-31","000042","202000000031","1.7893","2.2781","","",""
"2022-06-01","000042","202000000031","1.7879","2.2767","","",""
"2022-06-02","000042","202000000031","1.7916","2.2804","","",""
"2022-06-06","000042","202000000031","1.8138","2.3026","","",""
"2022-06-07","000042","202000000031","1.8204","2.3092","","",""
"2022-06-08","000042","202000000031","1.8314","2.3202","","",""
"2022-06-09","000042","202000000031","1.8148","2.3036","","",""
"2022-06-10","000042","202000000031","1.8374","2.3262","","",""
"2022-06-13","000042","202000000031","1.8224","2.3112","","",""
"2022-06-14","000042","202000000031","1.8409","2.3297","","",""
"2022-06-15","000042","202000000031","1.8654","2.3542","","",""
"2022-06-16","000042","202000000031","1.8536","2.3424","","",""
"2022-06-17","000042","202000000031","1.8696","2.3584","","",""
"2022-06-20","000042","202000000031","1.8840","2.3728","","",""
"2022-06-21","000042","202000000031","1.8813","2.3701","","",""
"2022-06-22","000042","202000000031","1.8593","2.3481","","",""
"2022-06-23","000042","202000000031","1.8873","2.3761","","",""
"2022-06-24","000042","202000000031","1.9023","2.3911","","",""
"2022-06-27","000042","202000000031","1.9221","2.4109","","",""
"2022-06-28","000042","202000000031","1.9406","2.4294","","",""
"2022-06-29","000042","202000000031","1.9169","2.4057","","",""
"2022-06-30","000042","202000000031","1.9391","2.4279","","",""
"2022-07-01","000042","202000000031","1.9394","2.4282","","",""
"2022-07-04","000042","202000000031","1.9539","2.4427","","",""
"2022-07-05","000042","202000000031","1.9489","2.4377","","",""
"2022-07-06","000042","202000000031","1.9223","2.4111","","",""
"2022-07-07","000042","202000000031","1.9299","2.4187","","",""
"2022-07-08","000042","202000000031","1.9304","2.4192","","",""
"2022-07-11","000042","202000000031","1.9041","2.3929","","",""
"2022-07-12","000042","202000000031","1.8962","2.3850","","",""
"2022-07-13","000042","202000000031","1.8937","2.3825","","",""
"2022-07-14","000042","202000000031","1.8931","2.3819","","",""
"2022-07-15","000042","202000000031","1.8621","2.3509","","",""
"2022-07-18","000042","202000000031","1.8808","2.3696","","",""
"2022-07-19","000042","202000000031","1.8778","2.3666","","",""
"2022-07-20","000042","202000000031","1.8840","2.3728","","",""
"2022-07-21","000042","202000000031","1.8657","2.3545","","",""
"2022-07-22","000042","202000000031","1.8580","2.3468","","",""
"2022-07-25","000042","202000000031","1.8465","2.3353","","",""
"2022-07-26","000042","202000000031","1.8584","2.3472","","",""
"2022-07-27","000042","202000000031","1.8552","2.3440","","",""
"2022-07-28","000042","202000000031","1.8609","2.3497","","",""
"2022-07-29","000042","202000000031","1.8401","2.3289","","",""
"2022-08-01","000042","202000000031","1.8453","2.3341","","",""
"2022-08-02","000042","202000000031","1.8036","2.2924","","",""
"2022-08-03","000042","202000000031","1.7871","2.2759","","",""
"2022-08-04","000042","202000000031","1.7999","2.2887","","",""
"2022-08-05","000042","202000000031","1.8270","2.3158","","",""
"2022-08-08","000042","202000000031","1.8305","2.3193","","",""
"2022-08-09","000042","202000000031","1.8300","2.3188","","",""
"2022-08-10","000042","202000000031","1.8147","2.3035","","",""
"2022-08-11","000042","202000000031","1.8503","2.3391","","",""
"2022-08-12","000042","202000000031","1.8549","2.3437","","",""
"2022-08-15","000042","202000000031","1.8498","2.3386","","",""
"2022-08-16","000042","202000000031","1.8470","2.3358","","",""
"2022-08-17","000042","202000000031","1.8643","2.3531","","",""
"2022-08-18","000042","202000000031","1.8502","2.3390","","",""
"2022-08-19","000042","202000000031","1.8450","2.3338","","",""
"2022-08-22","000042","202000000031","1.8590","2.3478","","",""
"2022-08-23","000042","202000000031","1.8494","2.3382","","",""
"2022-08-24","000042","202000000031","1.8121","2.3009","","",""
"2022-08-25","000042","202000000031","1.8282","2.3170","","",""
"2022-08-26","000042","202000000031","1.8226","2.3114","","",""
"2022-08-29","000042","202000000031","1.8154","2.3042","","",""
"2022-08-30","000042","202000000031","1.8116","2.3004","","",""
"2022-08-31","000042","202000000031","1.8082","2.2970","","",""
"2022-09-01","000042","202000000031","1.8019","2.2907","","",""
"2022-09-02","000042","202000000031","1.7945","2.2833","","",""
"2022-09-05","000042","202000000031","1.7912","2.2800","","",""
"2022-09-06","000042","202000000031","1.8079","2.2967","","",""
"2022-09-07","000042","202000000031","1.8071","2.2959","","",""
"2022-09-08","000042","202000000031","1.8000","2.2888","","",""
"2022-09-09","000042","202000000031","1.8232","2.3120","","",""
"2022-09-13","000042","202000000031","1.8270","2.3158","","",""
"2022-09-14","000042","202000000031","1.8106","2.2994","","",""
"2022-09-15","000042","202000000031","1.7986","2.2874","","",""
"2022-09-16","000042","202000000031","1.7547","2.2435","","",""
"2022-09-19","000042","202000000031","1.7503","2.2391","","",""
"2022-09-20","000042","202000000031","1.7479","2.2367","","",""
"2022-09-21","000042","202000000031","1.7409","2.2297","","",""
"2022-09-22","000042","202000000031","1.7263","2.2151","","",""
"2022-09-23","000042","202000000031","1.7167","2.2055","","",""
"2022-09-26","000042","202000000031","1.6996","2.1884","","",""
"2022-09-27","000042","202000000031","1.7275","2.2163","","",""
"2022-09-28","000042","202000000031","1.6989","2.1877","","",""
"2022-09-29","000042","202000000031","1.6959","2.1847","","",""
"2022-09-30","000042","202000000031","1.6883","2.1771","","",""
"2022-10-10","000042","202000000031","1.6582","2.1470","","",""
"2022-10-11","000042","202000000031","1.6619","2.1507","","",""
"2022-10-12","000042","202000000031","1.6899","2.1787","","",""
"2022-10-13","000042","202000000031","1.6843","2.1731","","",""
"2022-10-14","000042","202000000031","1.7239","2.2127","","",""
"2022-10-17","000042","202000000031","1.7304","2.2192","","",""
"2022-10-18","000042","202000000031","1.7278","2.2166","","",""
"2022-10-19","000042","202000000031","1.6997","2.1885","","",""
"2022-10-20","000042","202000000031","1.6945","2.1833","","",""
"2022-10-21","000042","202000000031","1.6947","2.1835","","",""
"2022-10-24","000042","202000000031","1.6546","2.1434","","",""
"2022-10-25","000042","202000000031","1.6497","2.1385","","",""
"2022-10-26","000042","202000000031","1.6670","2.1558","","",""
"2022-10-27","000042","202000000031","1.6587","2.1475","","",""
"2022-10-28","000042","202000000031","1.6226","2.1114","","",""
"2022-10-31","000042","202000000031","1.6098","2.0986","","",""
"2022-11-01","000042","202000000031","1.6602","2.1490","","",""
"2022-11-02","000042","202000000031","1.6783","2.1671","","",""
"2022-11-03","000042","202000000031","1.6634","2.1522","","",""
"2022-11-04","000042","202000000031","1.7032","2.1920","","",""
"2022-11-07","000042","202000000031","1.7061","2.1949","","",""
"2022-11-08","000042","202000000031","1.6967","2.1855","","",""
"2022-11-09","000042","202000000031","1.6845","2.1733","","",""
"2022-11-10","000042","202000000031","1.6734","2.1622","","",""
"2022-11-11","000042","202000000031","1.7105","2.1993","","",""
"2022-11-14","000042","202000000031","1.7170","2.2058","","",""
"2022-11-15","000042","202000000031","1.7434","2.2322","","",""
"2022-11-16","000042","202000000031","1.7345","2.2233","","",""
"2022-11-17","000042","202000000031","1.7342","2.2230","","",""
"2022-11-18","000042","202000000031","1.7263","2.2151","","",""
"2022-11-21","000042","202000000031","1.7153","2.2041","","",""
"2022-11-22","000042","202000000031","1.7176","2.2064","","",""
"2022-11-23","000042","202000000031","1.7218","2.2106","","",""
"2022-11-24","000042","202000000031","1.7137","2.2025","","",""
"2022-11-25","000042","202000000031","1.7231","2.2119","","",""
"2022-11-28","000042","202000000031","1.7056","2.1944","","",""
"2022-11-29","000042","202000000031","1.7499","2.2387","","",""
"2022-11-30","000042","202000000031","1.7493","2.2381","","",""
"2022-12-01","000042","202000000031","1.7602","2.2490","","",""
"2022-12-02","000042","202000000031","1.7514","2.2402","","",""
"2022-12-05","000042","202000000031","1.7856","2.2744","","",""
"2022-12-06","000042","202000000031","1.7866","2.2754","","",""
"2022-12-07","000042","202000000031","1.7767","2.2655","","",""
"2022-12-08","000042","202000000031","1.7758","2.2646","","",""
"2022-12-09","000042","202000000031","1.7881","2.2769","","",""
"2022-12-12","000042","202000000031","1.7690","2.2578","","",""
"2022-12-13","000042","202000000031","1.7681","2.2569","","",""
"2022-12-14","000042","202000000031","1.7701","2.2589","","",""
"2022-12-15","000042","202000000031","1.7663","2.2551","","",""
"2022-12-16","000042","202000000031","1.7680","2.2568","","",""
"2022-12-19","000042","202000000031","1.7346","2.2234","","",""
"2022-12-20","000042","202000000031","1.7135","2.2023","","",""
"2022-12-21","000042","202000000031","1.7128","2.2016","","",""
"2022-12-22","000042","202000000031","1.7112","2.2000","","",""
"2022-12-23","000042","202000000031","1.7111","2.1999","","",""
"2022-12-26","000042","202000000031","1.7178","2.2066","","",""
"2022-12-27","000042","202000000031","1.7377","2.2265","","",""
"2022-12-28","000042","202000000031","1.7335","2.2223","","",""
"2022-12-29","000042","202000000031","1.7311","2.2199","","",""
"2022-12-30","000042","202000000031","1.7420","2.2308","","",""
"2022-12-31","000042","202000000031","1.7420","2.2308","","",""
"2023-01-03","000042","202000000031","1.7555","2.2443","","",""
"2023-01-04","000042","202000000031","1.7662","2.2550","","",""
"2023-01-05","000042","202000000031","1.7911","2.2799","","",""
"2023-01-06","000042","202000000031","1.7921","2.2809","","",""
"2023-01-09","000042","202000000031","1.7999","2.2887","","",""
"2023-01-10","000042","202000000031","1.7992","2.2880","","",""
"2023-01-11","000042","202000000031","1.7974","2.2862","","",""
"2023-01-12","000042","202000000031","1.7981","2.2869","","",""
"2023-01-13","000042","202000000031","1.8191","2.3079","","",""
"2023-01-16","000042","202000000031","1.8463","2.3351","","",""
"2023-01-17","000042","202000000031","1.8446","2.3334","","",""
"2023-01-18","000042","202000000031","1.8463","2.3351","","",""
"2023-01-19","000042","202000000031","1.8604","2.3492","","",""
"2023-01-20","000042","202000000031","1.8720","2.3608","","",""
"2023-01-30","000042","202000000031","1.8804","2.3692","","",""
"2023-01-31","000042","202000000031","1.8619","2.3507","","",""
"2023-02-01","000042","202000000031","1.8792","2.3680","","",""
"2023-02-02","000042","202000000031","1.8782","2.3670","","",""
"2023-02-03","000042","202000000031","1.8666","2.3554","","",""
"2023-02-06","000042","202000000031","1.8490","2.3378","","",""
"2023-02-07","000042","202000000031","1.8542","2.3430","","",""
"2023-02-08","000042","202000000031","1.8458","2.3346","","",""
"2023-02-09","000042","202000000031","1.8638","2.3526","","",""
"2023-02-10","000042","202000000031","1.8554","2.3442","","",""
"2023-02-13","000042","202000000031","1.8675","2.3563","","",""
"2023-02-14","000042","202000000031","1.8719","2.3607","","",""
"2023-02-15","000042","202000000031","1.8661","2.3549","","",""
"2023-02-16","000042","202000000031","1.8539","2.3427","","",""
"2023-02-17","000042","202000000031","1.8320","2.3208","","",""
"2023-02-20","000042","202000000031","1.8752","2.3640","","",""
"2023-02-21","000042","202000000031","1.8790","2.3678","","",""
"2023-02-22","000042","202000000031","1.8679","2.3567","","",""
"2023-02-23","000042","202000000031","1.8673","2.3561","","",""
"2023-02-24","000042","202000000031","1.8528","2.3416","","",""
"2023-02-27","000042","202000000031","1.8470","2.3358","","",""
"2023-02-28","000042","202000000031","1.8621","2.3509","","",""
"2023-03-01","000042","202000000031","1.8793","2.3681","","",""
"2023-03-02","000042","202000000031","1.8854","2.3742","","",""
"2023-03-03","000042","202000000031","1.8988","2.3876","","",""
"2023-03-06","000042","202000000031","1.8929","2.3817","","",""
"2023-03-07","000042","202000000031","1.8740","2.3628","","",""
"2023-03-08","000042","202000000031","1.8684","2.3572","","",""
"2023-03-09","000042","202000000031","1.8595","2.3483","","",""
"2023-03-10","000042","202000000031","1.8267","2.3155","","",""
"2023-03-13","000042","202000000031","1.8490","2.3378","","",""
"2023-03-14","000042","202000000031","1.8362","2.3250","","",""
"2023-03-15","000042","202000000031","1.8497","2.3385","","",""
"2023-03-16","000042","202000000031","1.8242","2.3130","","",""
"2023-03-17","000042","202000000031","1.8376","2.3264","","",""
"2023-03-20","000042","202000000031","1.8260","2.3148","","",""
"2023-03-21","000042","202000000031","1.8419","2.3307","","",""
"2023-03-22","000042","202000000031","1.8498","2.3386","","",""
"2023-03-23","000042","202000000031","1.8654","2.3542","","",""
"2023-03-24","000042","202000000031","1.8586","2.3474","","",""
"2023-03-27","000042","202000000031","1.8520","2.3408","","",""
"2023-03-28","000042","202000000031","1.8474","2.3362","","",""
"2023-03-29","000042","202000000031","1.8449","2.3337","","",""
"2023-03-30","000042","202000000031","1.8557","2.3445","","",""
"2023-03-31","000042","202000000031","1.8603","2.3491","","",""
"2022-04-06","003184","202000006581","1.0000","1.0000","","",""
"2022-04-07","003184","202000006581","1.0000","1.0000","","",""
"2022-04-08","003184","202000006581","1.0000","1.0000","","",""
"2022-04-11","003184","202000006581","1.0000","1.0000","","",""
"2022-04-12","003184","202000006581","1.0000","1.0000","","",""
"2022-04-13","003184","202000006581","1.0000","1.0000","","",""
"2022-04-14","003184","202000006581","1.0000","1.0000","","",""
"2022-04-15","003184","202000006581","1.0000","1.0000","","",""
"2022-04-18","003184","202000006581","1.0000","1.0000","","",""
"2022-04-19","003184","202000006581","1.0000","1.0000","","",""
"2022-04-20","003184","202000006581","1.0000","1.0000","","",""
"2022-04-21","003184","202000006581","1.0000","1.0000","","",""
"2022-04-22","003184","202000006581","1.0000","1.0000","","",""
"2022-04-25","003184","202000006581","1.0000","1.0000","","",""
"2022-04-26","003184","202000006581","1.0000","1.0000","","",""
"2022-04-27","003184","202000006581","1.0000","1.0000","","",""
"2022-04-28","003184","202000006581","1.0000","1.0000","","",""
"2022-04-29","003184","202000006581","1.0000","1.0000","","",""
"2022-05-05","003184","202000006581","1.0000","1.0000","","",""
"2022-05-06","003184","202000006581","1.0000","1.0000","","",""
"2022-05-09","003184","202000006581","1.0000","1.0000","","",""
"2022-05-10","003184","202000006581","1.0000","1.0000","","",""
"2022-05-11","003184","202000006581","1.0000","1.0000","","",""
"2022-05-12","003184","202000006581","1.0000","1.0000","","",""
"2022-05-13","003184","202000006581","1.0000","1.0000","","",""
"2022-05-16","003184","202000006581","1.0000","1.0000","","",""
"2022-05-17","003184","202000006581","1.0000","1.0000","","",""
"2022-05-18","003184","202000006581","1.0000","1.0000","","",""
"2022-05-19","003184","202000006581","1.0000","1.0000","","",""
"2022-05-20","003184","202000006581","1.0000","1.0000","","",""
"2022-05-23","003184","202000006581","1.0000","1.0000","","",""
"2022-05-24","003184","202000006581","1.0000","1.0000","","",""
"2022-05-25","003184","202000006581","1.0000","1.0000","","",""
"2022-05-26","003184","202000006581","1.0000","1.0000","","",""
"2022-05-27","003184","202000006581","1.0000","1.0000","","",""
"2022-05-30","003184","202000006581","1.0000","1.0000","","",""
"2022-05-31","003184","202000006581","1.0000","1.0000","","",""
"2022-06-01","003184","202000006581","1.0000","1.0000","","",""
"2022-06-02","003184","202000006581","1.0000","1.0000","","",""
"2022-06-06","003184","202000006581","1.0000","1.0000","","",""
"2022-06-07","003184","202000006581","1.0000","1.0000","","",""
"2022-06-08","003184","202000006581","1.0000","1.0000","","",""
"2022-06-09","003184","202000006581","1.0000","1.0000","","",""
"2022-06-10","003184","202000006581","1.0000","1.0000","","",""
"2022-06-13","003184","202000006581","1.0000","1.0000","","",""
"2022-06-14","003184","202000006581","1.0000","1.0000","","",""
"2022-06-15","003184","202000006581","1.0000","1.0000","","",""
"2022-06-16","003184","202000006581","1.0000","1.0000","","",""
"2022-06-17","003184","202000006581","1.0000","1.0000","","",""
"2022-06-20","003184","202000006581","1.0000","1.0000","","",""
"2022-06-21","003184","202000006581","1.0000","1.0000","","",""
"2022-06-22","003184","202000006581","1.0000","1.0000","","",""
"2022-06-23","003184","202000006581","1.0000","1.0000","","",""
"2022-06-24","003184","202000006581","1.0000","1.0000","","",""
"2022-06-27","003184","202000006581","1.0000","1.0000","","",""
"2022-06-28","003184","202000006581","1.0000","1.0000","","",""
"2022-06-29","003184","202000006581","1.0000","1.0000","","",""
"2022-06-30","003184","202000006581","1.0000","1.0000","","",""
"2022-07-01","003184","202000006581","1.0000","1.0000","","",""
"2022-07-04","003184","202000006581","1.0000","1.0000","","",""
"2022-07-05","003184","202000006581","1.0000","1.0000","","",""
"2022-07-06","003184","202000006581","1.0000","1.0000","","",""
"2022-07-07","003184","202000006581","1.0000","1.0000","","",""
"2022-07-08","003184","202000006581","1.0000","1.0000","","",""
"2022-07-11","003184","202000006581","1.0000","1.0000","","",""
"2022-07-12","003184","202000006581","1.0000","1.0000","","",""
"2022-07-13","003184","202000006581","1.0000","1.0000","","",""
"2022-07-14","003184","202000006581","1.0000","1.0000","","",""
"2022-07-15","003184","202000006581","1.0000","1.0000","","",""
"2022-07-18","003184","202000006581","1.0000","1.0000","","",""
"2022-07-19","003184","202000006581","1.0000","1.0000","","",""
"2022-07-20","003184","202000006581","1.0000","1.0000","","",""
"2022-07-21","003184","202000006581","1.0000","1.0000","","",""
"2022-07-22","003184","202000006581","1.0000","1.0000","","",""
"2022-07-25","003184","202000006581","1.0000","1.0000","","",""
"2022-07-26","003184","202000006581","1.0000","1.0000","","",""
"2022-07-27","003184","202000006581","1.0000","1.0000","","",""
"2022-07-28","003184","202000006581","1.0000","1.0000","","",""
"2022-07-29","003184","202000006581","1.0000","1.0000","","",""
"2022-08-01","003184","202000006581","1.0000","1.0000","","",""
"2022-08-02","003184","202000006581","1.0000","1.0000","","",""
"2022-08-03","003184","202000006581","1.0000","1.0000","","",""
"2022-08-04","003184","202000006581","1.0000","1.0000","","",""
"2022-08-05","003184","202000006581","1.0000","1.0000","","",""
"2022-08-08","003184","202000006581","1.0000","1.0000","","",""
"2022-08-09","003184","202000006581","1.0000","1.0000","","",""
"2022-08-10","003184","202000006581","1.0000","1.0000","","",""
"2022-08-11","003184","202000006581","1.0000","1.0000","","",""
"2022-08-12","003184","202000006581","1.0000","1.0000","","",""
"2022-08-15","003184","202000006581","1.0000","1.0000","","",""
"2022-08-16","003184","202000006581","1.0000","1.0000","","",""
"2022-08-17","003184","202000006581","1.0000","1.0000","","",""
"2022-08-18","003184","202000006581","1.0000","1.0000","","",""
"2022-08-19","003184","202000006581","1.0000","1.0000","","",""
"2022-08-22","003184","202000006581","1.0000","1.0000","","",""
"2022-08-23","003184","202000006581","1.0000","1.0000","","",""
"2022-08-24","003184","202000006581","1.0000","1.0000","","",""
"2022-08-25","003184","202000006581","1.0000","1.0000","","",""
"2022-08-26","003184","202000006581","1.0000","1.0000","","",""
"2022-08-29","003184","202000006581","1.0000","1.0000","","",""
"2022-08-30","003184","202000006581","1.0000","1.0000","","",""
"2022-08-31","003184","202000006581","1.0000","1.0000","","",""
"2022-09-01","003184","202000006581","1.0000","1.0000","","",""
"2022-09-02","003184","202000006581","1.0000","1.0000","","",""
"2022-09-05","003184","202000006581","1.0000","1.0000","","",""
"2022-09-06","003184","202000006581","1.0000","1.0000","","",""
"2022-09-07","003184","202000006581","1.0000","1.0000","","",""
"2022-09-08","003184","202000006581","1.0000","1.0000","","",""
"2022-09-09","003184","202000006581","1.0000","1.0000","","",""
"2022-09-13","003184","202000006581","1.0000","1.0000","","",""
"2022-09-14","003184","202000006581","1.0000","1.0000","","",""
"2022-09-15","003184","202000006581","1.0000","1.0000","","",""
"2022-09-16","003184","202000006581","1.0000","1.0000","","",""
"2022-09-19","003184","202000006581","1.0000","1.0000","","",""
"2022-09-20","003184","202000006581","1.0000","1.0000","","",""
"2022-09-21","003184","202000006581","1.0000","1.0000","","",""
"2022-09-22","003184","202000006581","1.0000","1.0000","","",""
"2022-09-23","003184","202000006581","1.0000","1.0000","","",""
"2022-09-26","003184","202000006581","1.0000","1.0000","","",""
"2022-09-27","003184","202000006581","1.0000","1.0000","","",""
"2022-09-28","003184","202000006581","1.0000","1.0000","","",""
"2022-09-29","003184","202000006581","1.0000","1.0000","","",""
"2022-09-30","003184","202000006581","1.0000","1.0000","","",""
"2022-10-10","003184","202000006581","1.0000","1.0000","","",""
"2022-10-11","003184","202000006581","1.0000","1.0000","","",""
"2022-10-12","003184","202000006581","1.0000","1.0000","","",""
"2022-10-13","003184","202000006581","1.0000","1.0000","","",""
"2022-10-14","003184","202000006581","1.0000","1.0000","","",""
"2022-10-17","003184","202000006581","1.0000","1.0000","","",""
"2022-10-18","003184","202000006581","1.0000","1.0000","","",""
"2022-10-19","003184","202000006581","1.0000","1.0000","","",""
"2022-10-20","003184","202000006581","1.0000","1.0000","","",""
"2022-10-21","003184","202000006581","1.0000","1.0000","","",""
"2022-10-24","003184","202000006581","1.0000","1.0000","","",""
"2022-10-25","003184","202000006581","1.0000","1.0000","","",""
"2022-10-26","003184","202000006581","1.0000","1.0000","","",""
"2022-10-27","003184","202000006581","1.0000","1.0000","","",""
"2022-10-28","003184","202000006581","1.0000","1.0000","","",""
"2022-10-31","003184","202000006581","1.0000","1.0000","","",""
"2022-11-01","003184","202000006581","1.0000","1.0000","","",""
"2022-11-02","003184","202000006581","1.0000","1.0000","","",""
"2022-11-03","003184","202000006581","1.0000","1.0000","","",""
"2022-11-04","003184","202000006581","1.0000","1.0000","","",""
"2022-11-07","003184","202000006581","1.0000","1.0000","","",""
"2022-11-08","003184","202000006581","1.0000","1.0000","","",""
"2022-11-09","003184","202000006581","1.0000","1.0000","","",""
"2022-11-10","003184","202000006581","1.0000","1.0000","","",""
"2022-11-11","003184","202000006581","1.0000","1.0000","","",""
"2022-11-14","003184","202000006581","1.0000","1.0000","","",""
"2022-11-15","003184","202000006581","1.0000","1.0000","","",""
"2022-11-16","003184","202000006581","1.0000","1.0000","","",""
"2022-11-17","003184","202000006581","1.0000","1.0000","","",""
"2022-11-18","003184","202000006581","1.0000","1.0000","","",""
"2022-11-21","003184","202000006581","1.0000","1.0000","","",""
"2022-11-22","003184","202000006581","1.0000","1.0000","","",""
"2022-11-23","003184","202000006581","1.0000","1.0000","","",""
"2022-11-24","003184","202000006581","1.0000","1.0000","","",""
"2022-11-25","003184","202000006581","1.0000","1.0000","","",""
"2022-11-28","003184","202000006581","1.0000","1.0000","","",""
"2022-11-29","003184","202000006581","1.0000","1.0000","","",""
"2022-11-30","003184","202000006581","1.0000","1.0000","","",""
"2022-12-01","003184","202000006581","1.0000","1.0000","","",""
"2022-12-02","003184","202000006581","1.0000","1.0000","","",""
"2022-12-05","003184","202000006581","1.0000","1.0000","","",""
"2022-12-06","003184","202000006581","1.0000","1.0000","","",""
"2022-12-07","003184","202000006581","1.0000","1.0000","","",""
"2022-12-08","003184","202000006581","1.0000","1.0000","","",""
"2022-12-09","003184","202000006581","1.0000","1.0000","","",""
"2022-12-12","003184","202000006581","1.0000","1.0000","","",""
"2022-12-13","003184","202000006581","1.0000","1.0000","","",""
"2022-12-14","003184","202000006581","1.0000","1.0000","","",""
"2022-12-15","003184","202000006581","1.0000","1.0000","","",""
"2022-12-16","003184","202000006581","1.0000","1.0000","","",""
"2022-12-19","003184","202000006581","1.0000","1.0000","","",""
"2022-12-20","003184","202000006581","1.0000","1.0000","","",""
"2022-12-21","003184","202000006581","1.0000","1.0000","","",""
"2022-12-22","003184","202000006581","1.0000","1.0000","","",""
"2022-12-23","003184","202000006581","1.0000","1.0000","","",""
"2022-12-26","003184","202000006581","1.0000","1.0000","","",""
"2022-12-27","003184","202000006581","1.0000","1.0000","","",""
"2022-12-28","003184","202000006581","1.0000","1.0000","","",""
"2022-12-29","003184","202000006581","1.0000","1.0000","","",""
"2022-12-30","003184","202000006581","1.0000","1.0000","","",""
"2022-12-31","003184","202000006581","1.0000","1.0000","","",""
"2023-01-03","003184","202000006581","1.0000","1.0000","","",""
"2023-01-04","003184","202000006581","1.0000","1.0000","","",""
"2023-01-05","003184","202000006581","1.0000","1.0000","","",""
"2023-01-06","003184","202000006581","1.0000","1.0000","","",""
"2023-01-09","003184","202000006581","1.0000","1.0000","","",""
"2023-01-10","003184","202000006581","1.0000","1.0000","","",""
"2023-01-11","003184","202000006581","1.0000","1.0000","","",""
"2023-01-12","003184","202000006581","1.0000","1.0000","","",""
"2023-01-13","003184","202000006581","1.0000","1.0000","","",""
"2023-01-16","003184","202000006581","1.0000","1.0000","","",""
"2023-01-17","003184","202000006581","1.0000","1.0000","","",""
"2023-01-18","003184","202000006581","1.0000","1.0000","","",""
"2023-01-19","003184","202000006581","1.0000","1.0000","","",""
"2023-01-20","003184","202000006581","1.0000","1.0000","","",""
"2023-01-30","003184","202000006581","1.0000","1.0000","","",""
"2023-01-31","003184","202000006581","1.0000","1.0000","","",""
"2023-02-01","003184","202000006581","1.0000","1.0000","","",""
"2023-02-02","003184","202000006581","1.0000","1.0000","","",""
"2023-02-03","003184","202000006581","1.0000","1.0000","","",""
"2023-02-06","003184","202000006581","1.0000","1.0000","","",""
"2023-02-07","003184","202000006581","1.0000","1.0000","","",""
"2023-02-08","003184","202000006581","1.0000","1.0000","","",""
"2023-02-09","003184","202000006581","1.0000","1.0000","","",""
"2023-02-10","003184","202000006581","1.0000","1.0000","","",""
"2023-02-13","003184","202000006581","1.0000","1.0000","","",""
"2023-02-14","003184","202000006581","1.0000","1.0000","","",""
"2023-02-15","003184","202000006581","1.0000","1.0000","","",""
"2023-02-16","003184","202000006581","1.0000","1.0000","","",""
"2023-02-17","003184","202000006581","1.0000","1.0000","","",""
"2023-02-20","003184","202000006581","1.0000","1.0000","","",""
"2023-02-21","003184","202000006581","1.0000","1.0000","","",""
"2023-02-22","003184","202000006581","1.0000","1.0000","","",""
"2023-02-23","003184","202000006581","1.0000","1.0000","","",""
"2023-02-24","003184","202000006581","1.0000","1.0000","","",""
"2023-02-27","003184","202000006581","1.0000","1.0000","","",""
"2023-02-28","003184","202000006581","1.0000","1.0000","","",""
"2023-03-01","003184","202000006581","1.0000","1.0000","","",""
"2023-03-02","003184","202000006581","1.0000","1.0000","","",""
"2023-03-03","003184","202000006581","1.0000","1.0000","","",""
"2023-03-06","003184","202000006581","1.0000","1.0000","","",""
"2023-03-07","003184","202000006581","1.0000","1.0000","","",""
"2023-03-08","003184","202000006581","1.0000","1.0000","","",""
"2023-03-09","003184","202000006581","1.0000","1.0000","","",""
"2023-03-10","003184","202000006581","1.0000","1.0000","","",""
"2023-03-13","003184","202000006581","1.0000","1.0000","","",""
"2023-03-14","003184","202000006581","1.0000","1.0000","","",""
"2023-03-15","003184","202000006581","1.0000","1.0000","","",""
"2023-03-16","003184","202000006581","1.0000","1.0000","","",""
"2023-03-17","003184","202000006581","1.0000","1.0000","","",""
"2023-03-20","003184","202000006581","1.0000","1.0000","","",""
"2023-03-21","003184","202000006581","1.0000","1.0000","","",""
"2023-03-22","003184","202000006581","1.0000","1.0000","","",""
"2023-03-23","003184","202000006581","1.0000","1.0000","","",""
"2023-03-24","003184","202000006581","1.0000","1.0000","","",""
"2023-03-27","003184","202000006581","1.0000","1.0000","","",""
"2023-03-28","003184","202000006581","1.0000","1.0000","","",""
"2023-03-29","003184","202000006581","1.0000","1.0000","","",""
"2023-03-30","003184","202000006581","1.0000","1.0000","","",""
"2023-03-31","003184","202000006581","1.0000","1.0000","","",""
"2022-04-06","007548","202000021395","1.4835","1.4835","","",""
"2022-04-07","007548","202000021395","1.4758","1.4758","","",""
"2022-04-08","007548","202000021395","1.4782","1.4782","","",""
"2022-04-11","007548","202000021395","1.4320","1.4320","","",""
"2022-04-12","007548","202000021395","1.4771","1.4771","","",""
"2022-04-13","007548","202000021395","1.4742","1.4742","","",""
"2022-04-14","007548","202000021395","1.5108","1.5108","","",""
"2022-04-15","007548","202000021395","1.5122","1.5122","","",""
"2022-04-18","007548","202000021395","1.4911","1.4911","","",""
"2022-04-19","007548","202000021395","1.4706","1.4706","","",""
"2022-04-20","007548","202000021395","1.4712","1.4712","","",""
"2022-04-21","007548","202000021395","1.4545","1.4545","","",""
"2022-04-22","007548","202000021395","1.4692","1.4692","","",""
"2022-04-25","007548","202000021395","1.4186","1.4186","","",""
"2022-04-26","007548","202000021395","1.4356","1.4356","","",""
"2022-04-27","007548","202000021395","1.4572","1.4572","","",""
"2022-04-28","007548","202000021395","1.4827","1.4827","","",""
"2022-04-29","007548","202000021395","1.5314","1.5314","","",""
"2022-05-05","007548","202000021395","1.5195","1.5195","","",""
"2022-05-06","007548","202000021395","1.4737","1.4737","","",""
"2022-05-09","007548","202000021395","1.4584","1.4584","","",""
"2022-05-10","007548","202000021395","1.4677","1.4677","","",""
"2022-05-11","007548","202000021395","1.4864","1.4864","","",""
"2022-05-12","007548","202000021395","1.4829","1.4829","","",""
"2022-05-13","007548","202000021395","1.4985","1.4985","","",""
"2022-05-16","007548","202000021395","1.4838","1.4838","","",""
"2022-05-17","007548","202000021395","1.5123","1.5123","","",""
"2022-05-18","007548","202000021395","1.5009","1.5009","","",""
"2022-05-19","007548","202000021395","1.4776","1.4776","","",""
"2022-05-20","007548","202000021395","1.5236","1.5236","","",""
"2022-05-23","007548","202000021395","1.4981","1.4981","","",""
"2022-05-24","007548","202000021395","1.4734","1.4734","","",""
"2022-05-25","007548","202000021395","1.4666","1.4666","","",""
"2022-05-26","007548","202000021395","1.4665","1.4665","","",""
"2022-05-27","007548","202000021395","1.4830","1.4830","","",""
"2022-05-30","007548","202000021395","1.5152","1.5152","","",""
"2022-05-31","007548","202000021395","1.5504","1.5504","","",""
"2022-06-01","007548","202000021395","1.5403","1.5403","","",""
"2022-06-02","007548","202000021395","1.5331","1.5331","","",""
"2022-06-06","007548","202000021395","1.5583","1.5583","","",""
"2022-06-07","007548","202000021395","1.5682","1.5682","","",""
"2022-06-08","007548","202000021395","1.6079","1.6079","","",""
"2022-06-09","007548","202000021395","1.5926","1.5926","","",""
"2022-06-10","007548","202000021395","1.6062","1.6062","","",""
"2022-06-13","007548","202000021395","1.5677","1.5677","","",""
"2022-06-14","007548","202000021395","1.5845","1.5845","","",""
"2022-06-15","007548","202000021395","1.6065","1.6065","","",""
"2022-06-16","007548","202000021395","1.5890","1.5890","","",""
"2022-06-17","007548","202000021395","1.6118","1.6118","","",""
"2022-06-20","007548","202000021395","1.6240","1.6240","","",""
"2022-06-21","007548","202000021395","1.6257","1.6257","","",""
"2022-06-22","007548","202000021395","1.6024","1.6024","","",""
"2022-06-23","007548","202000021395","1.6164","1.6164","","",""
"2022-06-24","007548","202000021395","1.6382","1.6382","","",""
"2022-06-27","007548","202000021395","1.6670","1.6670","","",""
"2022-06-28","007548","202000021395","1.6785","1.6785","","",""
"2022-06-29","007548","202000021395","1.6674","1.6674","","",""
"2022-06-30","007548","202000021395","1.6923","1.6923","","",""
"2022-07-01","007548","202000021395","1.6824","1.6824","","",""
"2022-07-04","007548","202000021395","1.6807","1.6807","","",""
"2022-07-05","007548","202000021395","1.6778","1.6778","","",""
"2022-07-06","007548","202000021395","1.6493","1.6493","","",""
"2022-07-07","007548","202000021395","1.6440","1.6440","","",""
"2022-07-08","007548","202000021395","1.6477","1.6477","","",""
"2022-07-11","007548","202000021395","1.6156","1.6156","","",""
"2022-07-12","007548","202000021395","1.6089","1.6089","","",""
"2022-07-13","007548","202000021395","1.6073","1.6073","","",""
"2022-07-14","007548","202000021395","1.5988","1.5988","","",""
"2022-07-15","007548","202000021395","1.5917","1.5917","","",""
"2022-07-18","007548","202000021395","1.6074","1.6074","","",""
"2022-07-19","007548","202000021395","1.6119","1.6119","","",""
"2022-07-20","007548","202000021395","1.6207","1.6207","","",""
"2022-07-21","007548","202000021395","1.6023","1.6023","","",""
"2022-07-22","007548","202000021395","1.6033","1.6033","","",""
"2022-07-25","007548","202000021395","1.6003","1.6003","","",""
"2022-07-26","007548","202000021395","1.6136","1.6136","","",""
"2022-07-27","007548","202000021395","1.5964","1.5964","","",""
"2022-07-28","007548","202000021395","1.5905","1.5905","","",""
"2022-07-29","007548","202000021395","1.5484","1.5484","","",""
"2022-08-01","007548","202000021395","1.5550","1.5550","","",""
"2022-08-02","007548","202000021395","1.5363","1.5363","","",""
"2022-08-03","007548","202000021395","1.5360","1.5360","","",""
"2022-08-04","007548","202000021395","1.5632","1.5632","","",""
"2022-08-05","007548","202000021395","1.5651","1.5651","","",""
"2022-08-08","007548","202000021395","1.5528","1.5528","","",""
"2022-08-09","007548","202000021395","1.5448","1.5448","","",""
"2022-08-10","007548","202000021395","1.5259","1.5259","","",""
"2022-08-11","007548","202000021395","1.5529","1.5529","","",""
"2022-08-12","007548","202000021395","1.5692","1.5692","","",""
"2022-08-15","007548","202000021395","1.5531","1.5531","","",""
"2022-08-16","007548","202000021395","1.5419","1.5419","","",""
"2022-08-17","007548","202000021395","1.5594","1.5594","","",""
"2022-08-18","007548","202000021395","1.5446","1.5446","","",""
"2022-08-19","007548","202000021395","1.5505","1.5505","","",""
"2022-08-22","007548","202000021395","1.5550","1.5550","","",""
"2022-08-23","007548","202000021395","1.5439","1.5439","","",""
"2022-08-24","007548","202000021395","1.5340","1.5340","","",""
"2022-08-25","007548","202000021395","1.5754","1.5754","","",""
"2022-08-26","007548","202000021395","1.5835","1.5835","","",""
"2022-08-29","007548","202000021395","1.5767","1.5767","","",""
"2022-08-30","007548","202000021395","1.5804","1.5804","","",""
"2022-08-31","007548","202000021395","1.6052","1.6052","","",""
"2022-09-01","007548","202000021395","1.5773","1.5773","","",""
"2022-09-02","007548","202000021395","1.5617","1.5617","","",""
"2022-09-05","007548","202000021395","1.5411","1.5411","","",""
"2022-09-06","007548","202000021395","1.5416","1.5416","","",""
"2022-09-07","007548","202000021395","1.5270","1.5270","","",""
"2022-09-08","007548","202000021395","1.5169","1.5169","","",""
"2022-09-09","007548","202000021395","1.5428","1.5428","","",""
"2022-09-13","007548","202000021395","1.5560","1.5560","","",""
"2022-09-14","007548","202000021395","1.5462","1.5462","","",""
"2022-09-15","007548","202000021395","1.5555","1.5555","","",""
"2022-09-16","007548","202000021395","1.5262","1.5262","","",""
"2022-09-19","007548","202000021395","1.5244","1.5244","","",""
"2022-09-20","007548","202000021395","1.5368","1.5368","","",""
"2022-09-21","007548","202000021395","1.5231","1.5231","","",""
"2022-09-22","007548","202000021395","1.5062","1.5062","","",""
"2022-09-23","007548","202000021395","1.5041","1.5041","","",""
"2022-09-26","007548","202000021395","1.5214","1.5214","","",""
"2022-09-27","007548","202000021395","1.5550","1.5550","","",""
"2022-09-28","007548","202000021395","1.5451","1.5451","","",""
"2022-09-29","007548","202000021395","1.5417","1.5417","","",""
"2022-09-30","007548","202000021395","1.5377","1.5377","","",""
"2022-10-10","007548","202000021395","1.4966","1.4966","","",""
"2022-10-11","007548","202000021395","1.4844","1.4844","","",""
"2022-10-12","007548","202000021395","1.4760","1.4760","","",""
"2022-10-13","007548","202000021395","1.4562","1.4562","","",""
"2022-10-14","007548","202000021395","1.4787","1.4787","","",""
"2022-10-17","007548","202000021395","1.4671","1.4671","","",""
"2022-10-18","007548","202000021395","1.4660","1.4660","","",""
"2022-10-19","007548","202000021395","1.4289","1.4289","","",""
"2022-10-20","007548","202000021395","1.4194","1.4194","","",""
"2022-10-21","007548","202000021395","1.4066","1.4066","","",""
"2022-10-24","007548","202000021395","1.3261","1.3261","","",""
"2022-10-25","007548","202000021395","1.3250","1.3250","","",""
"2022-10-26","007548","202000021395","1.3242","1.3242","","",""
"2022-10-27","007548","202000021395","1.2955","1.2955","","",""
"2022-10-28","007548","202000021395","1.2682","1.2682","","",""
"2022-10-31","007548","202000021395","1.2481","1.2481","","",""
"2022-11-01","007548","202000021395","1.3182","1.3182","","",""
"2022-11-02","007548","202000021395","1.3384","1.3384","","",""
"2022-11-03","007548","202000021395","1.3148","1.3148","","",""
"2022-11-04","007548","202000021395","1.3735","1.3735","","",""
"2022-11-07","007548","202000021395","1.3832","1.3832","","",""
"2022-11-08","007548","202000021395","1.3745","1.3745","","",""
"2022-11-09","007548","202000021395","1.3574","1.3574","","",""
"2022-11-10","007548","202000021395","1.3603","1.3603","","",""
"2022-11-11","007548","202000021395","1.4175","1.4175","","",""
"2022-11-14","007548","202000021395","1.4155","1.4155","","",""
"2022-11-15","007548","202000021395","1.4472","1.4472","","",""
"2022-11-16","007548","202000021395","1.4554","1.4554","","",""
"2022-11-17","007548","202000021395","1.4430","1.4430","","",""
"2022-11-18","007548","202000021395","1.4404","1.4404","","",""
"2022-11-21","007548","202000021395","1.4159","1.4159","","",""
"2022-11-22","007548","202000021395","1.4197","1.4197","","",""
"2022-11-23","007548","202000021395","1.4161","1.4161","","",""
"2022-11-24","007548","202000021395","1.4080","1.4080","","",""
"2022-11-25","007548","202000021395","1.4088","1.4088","","",""
"2022-11-28","007548","202000021395","1.4016","1.4016","","",""
"2022-11-29","007548","202000021395","1.4576","1.4576","","",""
"2022-11-30","007548","202000021395","1.4647","1.4647","","",""
"2022-12-01","007548","202000021395","1.4819","1.4819","","",""
"2022-12-02","007548","202000021395","1.4706","1.4706","","",""
"2022-12-05","007548","202000021395","1.5090","1.5090","","",""
"2022-12-06","007548","202000021395","1.5199","1.5199","","",""
"2022-12-07","007548","202000021395","1.5033","1.5033","","",""
"2022-12-08","007548","202000021395","1.5253","1.5253","","",""
"2022-12-09","007548","202000021395","1.5578","1.5578","","",""
"2022-12-12","007548","202000021395","1.5305","1.5305","","",""
"2022-12-13","007548","202000021395","1.5448","1.5448","","",""
"2022-12-14","007548","202000021395","1.5686","1.5686","","",""
"2022-12-15","007548","202000021395","1.5513","1.5513","","",""
"2022-12-16","007548","202000021395","1.5661","1.5661","","",""
"2022-12-19","007548","202000021395","1.5518","1.5518","","",""
"2022-12-20","007548","202000021395","1.5178","1.5178","","",""
"2022-12-21","007548","202000021395","1.5269","1.5269","","",""
"2022-12-22","007548","202000021395","1.5527","1.5527","","",""
"2022-12-23","007548","202000021395","1.5612","1.5612","","",""
"2022-12-26","007548","202000021395","1.5508","1.5508","","",""
"2022-12-27","007548","202000021395","1.5617","1.5617","","",""
"2022-12-28","007548","202000021395","1.5760","1.5760","","",""
"2022-12-29","007548","202000021395","1.5749","1.5749","","",""
"2022-12-30","007548","202000021395","1.5805","1.5805","","",""
"2022-12-31","007548","202000021395","1.5805","1.5805","","",""
"2023-01-03","007548","202000021395","1.5863","1.5863","","",""
"2023-01-04","007548","202000021395","1.6010","1.6010","","",""
"2023-01-05","007548","202000021395","1.6485","1.6485","","",""
"2023-01-06","007548","202000021395","1.6488","1.6488","","",""
"2023-01-09","007548","202000021395","1.6733","1.6733","","",""
"2023-01-10","007548","202000021395","1.6690","1.6690","","",""
"2023-01-11","007548","202000021395","1.6805","1.6805","","",""
"2023-01-12","007548","202000021395","1.6734","1.6734","","",""
"2023-01-13","007548","202000021395","1.7063","1.7063","","",""
"2023-01-16","007548","202000021395","1.7226","1.7226","","",""
"2023-01-17","007548","202000021395","1.7095","1.7095","","",""
"2023-01-18","007548","202000021395","1.7164","1.7164","","",""
"2023-01-19","007548","202000021395","1.7261","1.7261","","",""
"2023-01-20","007548","202000021395","1.7440","1.7440","","",""
"2023-01-30","007548","202000021395","1.7459","1.7459","","",""
"2023-01-31","007548","202000021395","1.7081","1.7081","","",""
"2023-02-01","007548","202000021395","1.7200","1.7200","","",""
"2023-02-02","007548","202000021395","1.7144","1.7144","","",""
"2023-02-03","007548","202000021395","1.7010","1.7010","","",""
"2023-02-06","007548","202000021395","1.6677","1.6677","","",""
"2023-02-07","007548","202000021395","1.6760","1.6760","","",""
"2023-02-08","007548","202000021395","1.6707","1.6707","","",""
"2023-02-09","007548","202000021395","1.7025","1.7025","","",""
"2023-02-10","007548","202000021395","1.6853","1.6853","","",""
"2023-02-13","007548","202000021395","1.7199","1.7199","","",""
"2023-02-14","007548","202000021395","1.6999","1.6999","","",""
"2023-02-15","007548","202000021395","1.6854","1.6854","","",""
"2023-02-16","007548","202000021395","1.6843","1.6843","","",""
"2023-02-17","007548","202000021395","1.6708","1.6708","","",""
"2023-02-20","007548","202000021395","1.7003","1.7003","","",""
"2023-02-21","007548","202000021395","1.6752","1.6752","","",""
"2023-02-22","007548","202000021395","1.6621","1.6621","","",""
"2023-02-23","007548","202000021395","1.6564","1.6564","","",""
"2023-02-24","007548","202000021395","1.6292","1.6292","","",""
"2023-02-27","007548","202000021395","1.6426","1.6426","","",""
"2023-02-28","007548","202000021395","1.6395","1.6395","","",""
"2023-03-01","007548","202000021395","1.6857","1.6857","","",""
"2023-03-02","007548","202000021395","1.6730","1.6730","","",""
"2023-03-03","007548","202000021395","1.6780","1.6780","","",""
"2023-03-06","007548","202000021395","1.6669","1.6669","","",""
"2023-03-07","007548","202000021395","1.6529","1.6529","","",""
"2023-03-08","007548","202000021395","1.6264","1.6264","","",""
"2023-03-09","007548","202000021395","1.6244","1.6244","","",""
"2023-03-10","007548","202000021395","1.5895","1.5895","","",""
"2023-03-13","007548","202000021395","1.6166","1.6166","","",""
"2023-03-14","007548","202000021395","1.5936","1.5936","","",""
"2023-03-15","007548","202000021395","1.5896","1.5896","","",""
"2023-03-16","007548","202000021395","1.5708","1.5708","","",""
"2023-03-17","007548","202000021395","1.5506","1.5506","","",""
"2023-03-20","007548","202000021395","1.5219","1.5219","","",""
"2023-03-21","007548","202000021395","1.5664","1.5664","","",""
"2023-03-22","007548","202000021395","1.5763","1.5763","","",""
"2023-03-23","007548","202000021395","1.6044","1.6044","","",""
"2023-03-24","007548","202000021395","1.5921","1.5921","","",""
"2023-03-27","007548","202000021395","1.5790","1.5790","","",""
"2023-03-28","007548","202000021395","1.6031","1.6031","","",""
"2023-03-29","007548","202000021395","1.6188","1.6188","","",""
"2023-03-30","007548","202000021395","1.6373","1.6373","","",""
"2023-03-31","007548","202000021395","1.6359","1.6359","","",""
"2022-04-06","008264","202000021997","1.3166","1.3166","","",""
"2022-04-07","008264","202000021997","1.2994","1.2994","","",""
"2022-04-08","008264","202000021997","1.2988","1.2988","","",""
"2022-04-11","008264","202000021997","1.2614","1.2614","","",""
"2022-04-12","008264","202000021997","1.2803","1.2803","","",""
"2022-04-13","008264","202000021997","1.2703","1.2703","","",""
"2022-04-14","008264","202000021997","1.2815","1.2815","","",""
"2022-04-15","008264","202000021997","1.2815","1.2815","","",""
"2022-04-18","008264","202000021997","1.2803","1.2803","","",""
"2022-04-19","008264","202000021997","1.2671","1.2671","","",""
"2022-04-20","008264","202000021997","1.2410","1.2410","","",""
"2022-04-21","008264","202000021997","1.2137","1.2137","","",""
"2022-04-22","008264","202000021997","1.2179","1.2179","","",""
"2022-04-25","008264","202000021997","1.1623","1.1623","","",""
"2022-04-26","008264","202000021997","1.1686","1.1686","","",""
"2022-04-27","008264","202000021997","1.2069","1.2069","","",""
"2022-04-28","008264","202000021997","1.2149","1.2149","","",""
"2022-04-29","008264","202000021997","1.2454","1.2454","","",""
"2022-05-05","008264","202000021997","1.2406","1.2406","","",""
"2022-05-06","008264","202000021997","1.2122","1.2122","","",""
"2022-05-09","008264","202000021997","1.1998","1.1998","","",""
"2022-05-10","008264","202000021997","1.2164","1.2164","","",""
"2022-05-11","008264","202000021997","1.2316","1.2316","","",""
"2022-05-12","008264","202000021997","1.2300","1.2300","","",""
"2022-05-13","008264","202000021997","1.2355","1.2355","","",""
"2022-05-16","008264","202000021997","1.2268","1.2268","","",""
"2022-05-17","008264","202000021997","1.2496","1.2496","","",""
"2022-05-18","008264","202000021997","1.2486","1.2486","","",""
"2022-05-19","008264","202000021997","1.2634","1.2634","","",""
"2022-05-20","008264","202000021997","1.2828","1.2828","","",""
"2022-05-23","008264","202000021997","1.2834","1.2834","","",""
"2022-05-24","008264","202000021997","1.2490","1.2490","","",""
"2022-05-25","008264","202000021997","1.2538","1.2538","","",""
"2022-05-26","008264","202000021997","1.2575","1.2575","","",""
"2022-05-27","008264","202000021997","1.2582","1.2582","","",""
"2022-05-30","008264","202000021997","1.2724","1.2724","","",""
"2022-05-31","008264","202000021997","1.2902","1.2902","","",""
"2022-06-01","008264","202000021997","1.2841","1.2841","","",""
"2022-06-02","008264","202000021997","1.2960","1.2960","","",""
"2022-06-06","008264","202000021997","1.3338","1.3338","","",""
"2022-06-07","008264","202000021997","1.3372","1.3372","","",""
"2022-06-08","008264","202000021997","1.3510","1.3510","","",""
"2022-06-09","008264","202000021997","1.3304","1.3304","","",""
"2022-06-10","008264","202000021997","1.3561","1.3561","","",""
"2022-06-13","008264","202000021997","1.3545","1.3545","","",""
"2022-06-14","008264","202000021997","1.3501","1.3501","","",""
"2022-06-15","008264","202000021997","1.3402","1.3402","","",""
"2022-06-16","008264","202000021997","1.3403","1.3403","","",""
"2022-06-17","008264","202000021997","1.3659","1.3659","","",""
"2022-06-20","008264","202000021997","1.3665","1.3665","","",""
"2022-06-21","008264","202000021997","1.3552","1.3552","","",""
"2022-06-22","008264","202000021997","1.3521","1.3521","","",""
"2022-06-23","008264","202000021997","1.3852","1.3852","","",""
"2022-06-24","008264","202000021997","1.4080","1.4080","","",""
"2022-06-27","008264","202000021997","1.4297","1.4297","","",""
"2022-06-28","008264","202000021997","1.4414","1.4414","","",""
"2022-06-29","008264","202000021997","1.4067","1.4067","","",""
"2022-06-30","008264","202000021997","1.4373","1.4373","","",""
"2022-07-01","008264","202000021997","1.4362","1.4362","","",""
"2022-07-04","008264","202000021997","1.4639","1.4639","","",""
"2022-07-05","008264","202000021997","1.4627","1.4627","","",""
"2022-07-06","008264","202000021997","1.4486","1.4486","","",""
"2022-07-07","008264","202000021997","1.4601","1.4601","","",""
"2022-07-08","008264","202000021997","1.4464","1.4464","","",""
"2022-07-11","008264","202000021997","1.4103","1.4103","","",""
"2022-07-12","008264","202000021997","1.3871","1.3871","","",""
"2022-07-13","008264","202000021997","1.3954","1.3954","","",""
"2022-07-14","008264","202000021997","1.4106","1.4106","","",""
"2022-07-15","008264","202000021997","1.4032","1.4032","","",""
"2022-07-18","008264","202000021997","1.4069","1.4069","","",""
"2022-07-19","008264","202000021997","1.4042","1.4042","","",""
"2022-07-20","008264","202000021997","1.4193","1.4193","","",""
"2022-07-21","008264","202000021997","1.4005","1.4005","","",""
"2022-07-22","008264","202000021997","1.3974","1.3974","","",""
"2022-07-25","008264","202000021997","1.3862","1.3862","","",""
"2022-07-26","008264","202000021997","1.4043","1.4043","","",""
"2022-07-27","008264","202000021997","1.4100","1.4100","","",""
"2022-07-28","008264","202000021997","1.3976","1.3976","","",""
"2022-07-29","008264","202000021997","1.3890","1.3890","","",""
"2022-08-01","008264","202000021997","1.4021","1.4021","","",""
"2022-08-02","008264","202000021997","1.3811","1.3811","","",""
"2022-08-03","008264","202000021997","1.3632","1.3632","","",""
"2022-08-04","008264","202000021997","1.3703","1.3703","","",""
"2022-08-05","008264","202000021997","1.3760","1.3760","","",""
"2022-08-08","008264","202000021997","1.3929","1.3929","","",""
"2022-08-09","008264","202000021997","1.3977","1.3977","","",""
"2022-08-10","008264","202000021997","1.3898","1.3898","","",""
"2022-08-11","008264","202000021997","1.3938","1.3938","","",""
"2022-08-12","008264","202000021997","1.3834","1.3834","","",""
"2022-08-15","008264","202000021997","1.3992","1.3992","","",""
"2022-08-16","008264","202000021997","1.4050","1.4050","","",""
"2022-08-17","008264","202000021997","1.4039","1.4039","","",""
"2022-08-18","008264","202000021997","1.4096","1.4096","","",""
"2022-08-19","008264","202000021997","1.3816","1.3816","","",""
"2022-08-22","008264","202000021997","1.3982","1.3982","","",""
"2022-08-23","008264","202000021997","1.4004","1.4004","","",""
"2022-08-24","008264","202000021997","1.3687","1.3687","","",""
"2022-08-25","008264","202000021997","1.3603","1.3603","","",""
"2022-08-26","008264","202000021997","1.3545","1.3545","","",""
"2022-08-29","008264","202000021997","1.3641","1.3641","","",""
"2022-08-30","008264","202000021997","1.3516","1.3516","","",""
"2022-08-31","008264","202000021997","1.3134","1.3134","","",""
"2022-09-01","008264","202000021997","1.3130","1.3130","","",""
"2022-09-02","008264","202000021997","1.3102","1.3102","","",""
"2022-09-05","008264","202000021997","1.3191","1.3191","","",""
"2022-09-06","008264","202000021997","1.3511","1.3511","","",""
"2022-09-07","008264","202000021997","1.3638","1.3638","","",""
"2022-09-08","008264","202000021997","1.3586","1.3586","","",""
"2022-09-09","008264","202000021997","1.3616","1.3616","","",""
"2022-09-13","008264","202000021997","1.3647","1.3647","","",""
"2022-09-14","008264","202000021997","1.3574","1.3574","","",""
"2022-09-15","008264","202000021997","1.3098","1.3098","","",""
"2022-09-16","008264","202000021997","1.2933","1.2933","","",""
"2022-09-19","008264","202000021997","1.2927","1.2927","","",""
"2022-09-20","008264","202000021997","1.3167","1.3167","","",""
"2022-09-21","008264","202000021997","1.3043","1.3043","","",""
"2022-09-22","008264","202000021997","1.3146","1.3146","","",""
"2022-09-23","008264","202000021997","1.2942","1.2942","","",""
"2022-09-26","008264","202000021997","1.3130","1.3130","","",""
"2022-09-27","008264","202000021997","1.3271","1.3271","","",""
"2022-09-28","008264","202000021997","1.3005","1.3005","","",""
"2022-09-29","008264","202000021997","1.3048","1.3048","","",""
"2022-09-30","008264","202000021997","1.2762","1.2762","","",""
"2022-10-10","008264","202000021997","1.2499","1.2499","","",""
"2022-10-11","008264","202000021997","1.2557","1.2557","","",""
"2022-10-12","008264","202000021997","1.2714","1.2714","","",""
"2022-10-13","008264","202000021997","1.2649","1.2649","","",""
"2022-10-14","008264","202000021997","1.2858","1.2858","","",""
"2022-10-17","008264","202000021997","1.2795","1.2795","","",""
"2022-10-18","008264","202000021997","1.2862","1.2862","","",""
"2022-10-19","008264","202000021997","1.2683","1.2683","","",""
"2022-10-20","008264","202000021997","1.2483","1.2483","","",""
"2022-10-21","008264","202000021997","1.2548","1.2548","","",""
"2022-10-24","008264","202000021997","1.2392","1.2392","","",""
"2022-10-25","008264","202000021997","1.2346","1.2346","","",""
"2022-10-26","008264","202000021997","1.2419","1.2419","","",""
"2022-10-27","008264","202000021997","1.2137","1.2137","","",""
"2022-10-28","008264","202000021997","1.1909","1.1909","","",""
"2022-10-31","008264","202000021997","1.1815","1.1815","","",""
"2022-11-01","008264","202000021997","1.1933","1.1933","","",""
"2022-11-02","008264","202000021997","1.2038","1.2038","","",""
"2022-11-03","008264","202000021997","1.2146","1.2146","","",""
"2022-11-04","008264","202000021997","1.2337","1.2337","","",""
"2022-11-07","008264","202000021997","1.2216","1.2216","","",""
"2022-11-08","008264","202000021997","1.2159","1.2159","","",""
"2022-11-09","008264","202000021997","1.2047","1.2047","","",""
"2022-11-10","008264","202000021997","1.1884","1.1884","","",""
"2022-11-11","008264","202000021997","1.1964","1.1964","","",""
"2022-11-14","008264","202000021997","1.1834","1.1834","","",""
"2022-11-15","008264","202000021997","1.2040","1.2040","","",""
"2022-11-16","008264","202000021997","1.1948","1.1948","","",""
"2022-11-17","008264","202000021997","1.1925","1.1925","","",""
"2022-11-18","008264","202000021997","1.1869","1.1869","","",""
"2022-11-21","008264","202000021997","1.1855","1.1855","","",""
"2022-11-22","008264","202000021997","1.1760","1.1760","","",""
"2022-11-23","008264","202000021997","1.1802","1.1802","","",""
"2022-11-24","008264","202000021997","1.1810","1.1810","","",""
"2022-11-25","008264","202000021997","1.1631","1.1631","","",""
"2022-11-28","008264","202000021997","1.1482","1.1482","","",""
"2022-11-29","008264","202000021997","1.1612","1.1612","","",""
"2022-11-30","008264","202000021997","1.1587","1.1587","","",""
"2022-12-01","008264","202000021997","1.1746","1.1746","","",""
"2022-12-02","008264","202000021997","1.1614","1.1614","","",""
"2022-12-05","008264","202000021997","1.1612","1.1612","","",""
"2022-12-06","008264","202000021997","1.1619","1.1619","","",""
"2022-12-07","008264","202000021997","1.1563","1.1563","","",""
"2022-12-08","008264","202000021997","1.1583","1.1583","","",""
"2022-12-09","008264","202000021997","1.1632","1.1632","","",""
"2022-12-12","008264","202000021997","1.1508","1.1508","","",""
"2022-12-13","008264","202000021997","1.1441","1.1441","","",""
"2022-12-14","008264","202000021997","1.1445","1.1445","","",""
"2022-12-15","008264","202000021997","1.1440","1.1440","","",""
"2022-12-16","008264","202000021997","1.1305","1.1305","","",""
"2022-12-19","008264","202000021997","1.1116","1.1116","","",""
"2022-12-20","008264","202000021997","1.0948","1.0948","","",""
"2022-12-21","008264","202000021997","1.0946","1.0946","","",""
"2022-12-22","008264","202000021997","1.0972","1.0972","","",""
"2022-12-23","008264","202000021997","1.0896","1.0896","","",""
"2022-12-26","008264","202000021997","1.1050","1.1050","","",""
"2022-12-27","008264","202000021997","1.1196","1.1196","","",""
"2022-12-28","008264","202000021997","1.1140","1.1140","","",""
"2022-12-29","008264","202000021997","1.1131","1.1131","","",""
"2022-12-30","008264","202000021997","1.1174","1.1174","","",""
"2022-12-31","008264","202000021997","1.1173","1.1173","","",""
"2023-01-03","008264","202000021997","1.1315","1.1315","","",""
"2023-01-04","008264","202000021997","1.1351","1.1351","","",""
"2023-01-05","008264","202000021997","1.1549","1.1549","","",""
"2023-01-06","008264","202000021997","1.1571","1.1571","","",""
"2023-01-09","008264","202000021997","1.1639","1.1639","","",""
"2023-01-10","008264","202000021997","1.1640","1.1640","","",""
"2023-01-11","008264","202000021997","1.1585","1.1585","","",""
"2023-01-12","008264","202000021997","1.1560","1.1560","","",""
"2023-01-13","008264","202000021997","1.1640","1.1640","","",""
"2023-01-16","008264","202000021997","1.1701","1.1701","","",""
"2023-01-17","008264","202000021997","1.1672","1.1672","","",""
"2023-01-18","008264","202000021997","1.1674","1.1674","","",""
"2023-01-19","008264","202000021997","1.1699","1.1699","","",""
"2023-01-20","008264","202000021997","1.1777","1.1777","","",""
"2023-01-30","008264","202000021997","1.1769","1.1769","","",""
"2023-01-31","008264","202000021997","1.1650","1.1650","","",""
"2023-02-01","008264","202000021997","1.1680","1.1680","","",""
"2023-02-02","008264","202000021997","1.1684","1.1684","","",""
"2023-02-03","008264","202000021997","1.1630","1.1630","","",""
"2023-02-06","008264","202000021997","1.1496","1.1496","","",""
"2023-02-07","008264","202000021997","1.1467","1.1467","","",""
"2023-02-08","008264","202000021997","1.1392","1.1392","","",""
"2023-02-09","008264","202000021997","1.1542","1.1542","","",""
"2023-02-10","008264","202000021997","1.1462","1.1462","","",""
"2023-02-13","008264","202000021997","1.1611","1.1611","","",""
"2023-02-14","008264","202000021997","1.1520","1.1520","","",""
"2023-02-15","008264","202000021997","1.1469","1.1469","","",""
"2023-02-16","008264","202000021997","1.1396","1.1396","","",""
"2023-02-17","008264","202000021997","1.1233","1.1233","","",""
"2023-02-20","008264","202000021997","1.1476","1.1476","","",""
"2023-02-21","008264","202000021997","1.1464","1.1464","","",""
"2023-02-22","008264","202000021997","1.1372","1.1372","","",""
"2023-02-23","008264","202000021997","1.1368","1.1368","","",""
"2023-02-24","008264","202000021997","1.1257","1.1257","","",""
"2023-02-27","008264","202000021997","1.1261","1.1261","","",""
"2023-02-28","008264","202000021997","1.1302","1.1302","","",""
"2023-03-01","008264","202000021997","1.1409","1.1409","","",""
"2023-03-02","008264","202000021997","1.1360","1.1360","","",""
"2023-03-03","008264","202000021997","1.1357","1.1357","","",""
"2023-03-06","008264","202000021997","1.1439","1.1439","","",""
"2023-03-07","008264","202000021997","1.1289","1.1289","","",""
"2023-03-08","008264","202000021997","1.1267","1.1267","","",""
"2023-03-09","008264","202000021997","1.1259","1.1259","","",""
"2023-03-10","008264","202000021997","1.1110","1.1110","","",""
"2023-03-13","008264","202000021997","1.1259","1.1259","","",""
"2023-03-14","008264","202000021997","1.1145","1.1145","","",""
"2023-03-15","008264","202000021997","1.1111","1.1111","","",""
"2023-03-16","008264","202000021997","1.0925","1.0925","","",""
"2023-03-17","008264","202000021997","1.0941","1.0941","","",""
"2023-03-20","008264","202000021997","1.0800","1.0800","","",""
"2023-03-21","008264","202000021997","1.0915","1.0915","","",""
"2023-03-22","008264","202000021997","1.0910","1.0910","","",""
"2023-03-23","008264","202000021997","1.0966","1.0966","","",""
"2023-03-24","008264","202000021997","1.0927","1.0927","","",""
"2023-03-27","008264","202000021997","1.0871","1.0871","","",""
"2023-03-28","008264","202000021997","1.0900","1.0900","","",""
"2023-03-29","008264","202000021997","1.0939","1.0939","","",""
"2023-03-30","008264","202000021997","1.0971","1.0971","","",""
"2023-03-31","008264","202000021997","1.1079","1.1079","","",""
"2022-04-06","008265","202000021998","1.2985","1.2985","","",""
"2022-04-07","008265","202000021998","1.2816","1.2816","","",""
"2022-04-08","008265","202000021998","1.2810","1.2810","","",""
"2022-04-11","008265","202000021998","1.2440","1.2440","","",""
"2022-04-12","008265","202000021998","1.2627","1.2627","","",""
"2022-04-13","008265","202000021998","1.2527","1.2527","","",""
"2022-04-14","008265","202000021998","1.2638","1.2638","","",""
"2022-04-15","008265","202000021998","1.2637","1.2637","","",""
"2022-04-18","008265","202000021998","1.2625","1.2625","","",""
"2022-04-19","008265","202000021998","1.2495","1.2495","","",""
"2022-04-20","008265","202000021998","1.2237","1.2237","","",""
"2022-04-21","008265","202000021998","1.1968","1.1968","","",""
"2022-04-22","008265","202000021998","1.2009","1.2009","","",""
"2022-04-25","008265","202000021998","1.1461","1.1461","","",""
"2022-04-26","008265","202000021998","1.1522","1.1522","","",""
"2022-04-27","008265","202000021998","1.1900","1.1900","","",""
"2022-04-28","008265","202000021998","1.1978","1.1978","","",""
"2022-04-29","008265","202000021998","1.2278","1.2278","","",""
"2022-05-05","008265","202000021998","1.2230","1.2230","","",""
"2022-05-06","008265","202000021998","1.1950","1.1950","","",""
"2022-05-09","008265","202000021998","1.1827","1.1827","","",""
"2022-05-10","008265","202000021998","1.1991","1.1991","","",""
"2022-05-11","008265","202000021998","1.2141","1.2141","","",""
"2022-05-12","008265","202000021998","1.2124","1.2124","","",""
"2022-05-13","008265","202000021998","1.2178","1.2178","","",""
"2022-05-16","008265","202000021998","1.2092","1.2092","","",""
"2022-05-17","008265","202000021998","1.2317","1.2317","","",""
"2022-05-18","008265","202000021998","1.2307","1.2307","","",""
"2022-05-19","008265","202000021998","1.2452","1.2452","","",""
"2022-05-20","008265","202000021998","1.2643","1.2643","","",""
"2022-05-23","008265","202000021998","1.2648","1.2648","","",""
"2022-05-24","008265","202000021998","1.2309","1.2309","","",""
"2022-05-25","008265","202000021998","1.2357","1.2357","","",""
"2022-05-26","008265","202000021998","1.2392","1.2392","","",""
"2022-05-27","008265","202000021998","1.2399","1.2399","","",""
"2022-05-30","008265","202000021998","1.2538","1.2538","","",""
"2022-05-31","008265","202000021998","1.2714","1.2714","","",""
"2022-06-01","008265","202000021998","1.2653","1.2653","","",""
"2022-06-02","008265","202000021998","1.2771","1.2771","","",""
"2022-06-06","008265","202000021998","1.3142","1.3142","","",""
"2022-06-07","008265","202000021998","1.3175","1.3175","","",""
"2022-06-08","008265","202000021998","1.3311","1.3311","","",""
"2022-06-09","008265","202000021998","1.3108","1.3108","","",""
"2022-06-10","008265","202000021998","1.3361","1.3361","","",""
"2022-06-13","008265","202000021998","1.3344","1.3344","","",""
"2022-06-14","008265","202000021998","1.3301","1.3301","","",""
"2022-06-15","008265","202000021998","1.3203","1.3203","","",""
"2022-06-16","008265","202000021998","1.3204","1.3204","","",""
"2022-06-17","008265","202000021998","1.3456","1.3456","","",""
"2022-06-20","008265","202000021998","1.3461","1.3461","","",""
"2022-06-21","008265","202000021998","1.3349","1.3349","","",""
"2022-06-22","008265","202000021998","1.3318","1.3318","","",""
"2022-06-23","008265","202000021998","1.3644","1.3644","","",""
"2022-06-24","008265","202000021998","1.3869","1.3869","","",""
"2022-06-27","008265","202000021998","1.4082","1.4082","","",""
"2022-06-28","008265","202000021998","1.4197","1.4197","","",""
"2022-06-29","008265","202000021998","1.3855","1.3855","","",""
"2022-06-30","008265","202000021998","1.4156","1.4156","","",""
"2022-07-01","008265","202000021998","1.4145","1.4145","","",""
"2022-07-04","008265","202000021998","1.4417","1.4417","","",""
"2022-07-05","008265","202000021998","1.4405","1.4405","","",""
"2022-07-06","008265","202000021998","1.4266","1.4266","","",""
"2022-07-07","008265","202000021998","1.4380","1.4380","","",""
"2022-07-08","008265","202000021998","1.4244","1.4244","","",""
"2022-07-11","008265","202000021998","1.3888","1.3888","","",""
"2022-07-12","008265","202000021998","1.3659","1.3659","","",""
"2022-07-13","008265","202000021998","1.3740","1.3740","","",""
"2022-07-14","008265","202000021998","1.3890","1.3890","","",""
"2022-07-15","008265","202000021998","1.3817","1.3817","","",""
"2022-07-18","008265","202000021998","1.3852","1.3852","","",""
"2022-07-19","008265","202000021998","1.3826","1.3826","","",""
"2022-07-20","008265","202000021998","1.3975","1.3975","","",""
"2022-07-21","008265","202000021998","1.3789","1.3789","","",""
"2022-07-22","008265","202000021998","1.3759","1.3759","","",""
"2022-07-25","008265","202000021998","1.3647","1.3647","","",""
"2022-07-26","008265","202000021998","1.3825","1.3825","","",""
"2022-07-27","008265","202000021998","1.3881","1.3881","","",""
"2022-07-28","008265","202000021998","1.3759","1.3759","","",""
"2022-07-29","008265","202000021998","1.3674","1.3674","","",""
"2022-08-01","008265","202000021998","1.3802","1.3802","","",""
"2022-08-02","008265","202000021998","1.3595","1.3595","","",""
"2022-08-03","008265","202000021998","1.3419","1.3419","","",""
"2022-08-04","008265","202000021998","1.3488","1.3488","","",""
"2022-08-05","008265","202000021998","1.3545","1.3545","","",""
"2022-08-08","008265","202000021998","1.3710","1.3710","","",""
"2022-08-09","008265","202000021998","1.3757","1.3757","","",""
"2022-08-10","008265","202000021998","1.3679","1.3679","","",""
"2022-08-11","008265","202000021998","1.3719","1.3719","","",""
"2022-08-12","008265","202000021998","1.3615","1.3615","","",""
"2022-08-15","008265","202000021998","1.3770","1.3770","","",""
"2022-08-16","008265","202000021998","1.3828","1.3828","","",""
"2022-08-17","008265","202000021998","1.3817","1.3817","","",""
"2022-08-18","008265","202000021998","1.3872","1.3872","","",""
"2022-08-19","008265","202000021998","1.3597","1.3597","","",""
"2022-08-22","008265","202000021998","1.3759","1.3759","","",""
"2022-08-23","008265","202000021998","1.3780","1.3780","","",""
"2022-08-24","008265","202000021998","1.3469","1.3469","","",""
"2022-08-25","008265","202000021998","1.3385","1.3385","","",""
"2022-08-26","008265","202000021998","1.3328","1.3328","","",""
"2022-08-29","008265","202000021998","1.3422","1.3422","","",""
"2022-08-30","008265","202000021998","1.3299","1.3299","","",""
"2022-08-31","008265","202000021998","1.2923","1.2923","","",""
"2022-09-01","008265","202000021998","1.2918","1.2918","","",""
"2022-09-02","008265","202000021998","1.2891","1.2891","","",""
"2022-09-05","008265","202000021998","1.2978","1.2978","","",""
"2022-09-06","008265","202000021998","1.3292","1.3292","","",""
"2022-09-07","008265","202000021998","1.3417","1.3417","","",""
"2022-09-08","008265","202000021998","1.3366","1.3366","","",""
"2022-09-09","008265","202000021998","1.3395","1.3395","","",""
"2022-09-13","008265","202000021998","1.3424","1.3424","","",""
"2022-09-14","008265","202000021998","1.3353","1.3353","","",""
"2022-09-15","008265","202000021998","1.2884","1.2884","","",""
"2022-09-16","008265","202000021998","1.2722","1.2722","","",""
"2022-09-19","008265","202000021998","1.2715","1.2715","","",""
"2022-09-20","008265","202000021998","1.2950","1.2950","","",""
"2022-09-21","008265","202000021998","1.2828","1.2828","","",""
"2022-09-22","008265","202000021998","1.2930","1.2930","","",""
"2022-09-23","008265","202000021998","1.2729","1.2729","","",""
"2022-09-26","008265","202000021998","1.2913","1.2913","","",""
"2022-09-27","008265","202000021998","1.3052","1.3052","","",""
"2022-09-28","008265","202000021998","1.2790","1.2790","","",""
"2022-09-29","008265","202000021998","1.2832","1.2832","","",""
"2022-09-30","008265","202000021998","1.2551","1.2551","","",""
"2022-10-10","008265","202000021998","1.2290","1.2290","","",""
"2022-10-11","008265","202000021998","1.2346","1.2346","","",""
"2022-10-12","008265","202000021998","1.2500","1.2500","","",""
"2022-10-13","008265","202000021998","1.2437","1.2437","","",""
"2022-10-14","008265","202000021998","1.2642","1.2642","","",""
"2022-10-17","008265","202000021998","1.2580","1.2580","","",""
"2022-10-18","008265","202000021998","1.2645","1.2645","","",""
"2022-10-19","008265","202000021998","1.2469","1.2469","","",""
"2022-10-20","008265","202000021998","1.2272","1.2272","","",""
"2022-10-21","008265","202000021998","1.2336","1.2336","","",""
"2022-10-24","008265","202000021998","1.2182","1.2182","","",""
"2022-10-25","008265","202000021998","1.2137","1.2137","","",""
"2022-10-26","008265","202000021998","1.2208","1.2208","","",""
"2022-10-27","008265","202000021998","1.1931","1.1931","","",""
"2022-10-28","008265","202000021998","1.1706","1.1706","","",""
"2022-10-31","008265","202000021998","1.1613","1.1613","","",""
"2022-11-01","008265","202000021998","1.1729","1.1729","","",""
"2022-11-02","008265","202000021998","1.1832","1.1832","","",""
"2022-11-03","008265","202000021998","1.1938","1.1938","","",""
"2022-11-04","008265","202000021998","1.2126","1.2126","","",""
"2022-11-07","008265","202000021998","1.2006","1.2006","","",""
"2022-11-08","008265","202000021998","1.1950","1.1950","","",""
"2022-11-09","008265","202000021998","1.1840","1.1840","","",""
"2022-11-10","008265","202000021998","1.1680","1.1680","","",""
"2022-11-11","008265","202000021998","1.1758","1.1758","","",""
"2022-11-14","008265","202000021998","1.1630","1.1630","","",""
"2022-11-15","008265","202000021998","1.1832","1.1832","","",""
"2022-11-16","008265","202000021998","1.1741","1.1741","","",""
"2022-11-17","008265","202000021998","1.1718","1.1718","","",""
"2022-11-18","008265","202000021998","1.1663","1.1663","","",""
"2022-11-21","008265","202000021998","1.1648","1.1648","","",""
"2022-11-22","008265","202000021998","1.1555","1.1555","","",""
"2022-11-23","008265","202000021998","1.1596","1.1596","","",""
"2022-11-24","008265","202000021998","1.1604","1.1604","","",""
"2022-11-25","008265","202000021998","1.1427","1.1427","","",""
"2022-11-28","008265","202000021998","1.1281","1.1281","","",""
"2022-11-29","008265","202000021998","1.1409","1.1409","","",""
"2022-11-30","008265","202000021998","1.1383","1.1383","","",""
"2022-12-01","008265","202000021998","1.1539","1.1539","","",""
"2022-12-02","008265","202000021998","1.1410","1.1410","","",""
"2022-12-05","008265","202000021998","1.1407","1.1407","","",""
"2022-12-06","008265","202000021998","1.1414","1.1414","","",""
"2022-12-07","008265","202000021998","1.1359","1.1359","","",""
"2022-12-08","008265","202000021998","1.1378","1.1378","","",""
"2022-12-09","008265","202000021998","1.1426","1.1426","","",""
"2022-12-12","008265","202000021998","1.1304","1.1304","","",""
"2022-12-13","008265","202000021998","1.1238","1.1238","","",""
"2022-12-14","008265","202000021998","1.1241","1.1241","","",""
"2022-12-15","008265","202000021998","1.1236","1.1236","","",""
"2022-12-16","008265","202000021998","1.1104","1.1104","","",""
"2022-12-19","008265","202000021998","1.0918","1.0918","","",""
"2022-12-20","008265","202000021998","1.0752","1.0752","","",""
"2022-12-21","008265","202000021998","1.0750","1.0750","","",""
"2022-12-22","008265","202000021998","1.0775","1.0775","","",""
"2022-12-23","008265","202000021998","1.0701","1.0701","","",""
"2022-12-26","008265","202000021998","1.0851","1.0851","","",""
"2022-12-27","008265","202000021998","1.0994","1.0994","","",""
"2022-12-28","008265","202000021998","1.0939","1.0939","","",""
"2022-12-29","008265","202000021998","1.0930","1.0930","","",""
"2022-12-30","008265","202000021998","1.0972","1.0972","","",""
"2022-12-31","008265","202000021998","1.0971","1.0971","","",""
"2023-01-03","008265","202000021998","1.1110","1.1110","","",""
"2023-01-04","008265","202000021998","1.1145","1.1145","","",""
"2023-01-05","008265","202000021998","1.1339","1.1339","","",""
"2023-01-06","008265","202000021998","1.1361","1.1361","","",""
"2023-01-09","008265","202000021998","1.1428","1.1428","","",""
"2023-01-10","008265","202000021998","1.1428","1.1428","","",""
"2023-01-11","008265","202000021998","1.1374","1.1374","","",""
"2023-01-12","008265","202000021998","1.1349","1.1349","","",""
"2023-01-13","008265","202000021998","1.1427","1.1427","","",""
"2023-01-16","008265","202000021998","1.1487","1.1487","","",""
"2023-01-17","008265","202000021998","1.1458","1.1458","","",""
"2023-01-18","008265","202000021998","1.1460","1.1460","","",""
"2023-01-19","008265","202000021998","1.1484","1.1484","","",""
"2023-01-20","008265","202000021998","1.1561","1.1561","","",""
"2023-01-30","008265","202000021998","1.1551","1.1551","","",""
"2023-01-31","008265","202000021998","1.1434","1.1434","","",""
"2023-02-01","008265","202000021998","1.1463","1.1463","","",""
"2023-02-02","008265","202000021998","1.1466","1.1466","","",""
"2023-02-03","008265","202000021998","1.1413","1.1413","","",""
"2023-02-06","008265","202000021998","1.1281","1.1281","","",""
"2023-02-07","008265","202000021998","1.1253","1.1253","","",""
"2023-02-08","008265","202000021998","1.1179","1.1179","","",""
"2023-02-09","008265","202000021998","1.1326","1.1326","","",""
"2023-02-10","008265","202000021998","1.1247","1.1247","","",""
"2023-02-13","008265","202000021998","1.1393","1.1393","","",""
"2023-02-14","008265","202000021998","1.1304","1.1304","","",""
"2023-02-15","008265","202000021998","1.1253","1.1253","","",""
"2023-02-16","008265","202000021998","1.1181","1.1181","","",""
"2023-02-17","008265","202000021998","1.1021","1.1021","","",""
"2023-02-20","008265","202000021998","1.1259","1.1259","","",""
"2023-02-21","008265","202000021998","1.1247","1.1247","","",""
"2023-02-22","008265","202000021998","1.1157","1.1157","","",""
"2023-02-23","008265","202000021998","1.1153","1.1153","","",""
"2023-02-24","008265","202000021998","1.1044","1.1044","","",""
"2023-02-27","008265","202000021998","1.1047","1.1047","","",""
"2023-02-28","008265","202000021998","1.1087","1.1087","","",""
"2023-03-01","008265","202000021998","1.1192","1.1192","","",""
"2023-03-02","008265","202000021998","1.1143","1.1143","","",""
"2023-03-03","008265","202000021998","1.1140","1.1140","","",""
"2023-03-06","008265","202000021998","1.1220","1.1220","","",""
"2023-03-07","008265","202000021998","1.1073","1.1073","","",""
"2023-03-08","008265","202000021998","1.1052","1.1052","","",""
"2023-03-09","008265","202000021998","1.1043","1.1043","","",""
"2023-03-10","008265","202000021998","1.0897","1.0897","","",""
"2023-03-13","008265","202000021998","1.1042","1.1042","","",""
"2023-03-14","008265","202000021998","1.0930","1.0930","","",""
"2023-03-15","008265","202000021998","1.0897","1.0897","","",""
"2023-03-16","008265","202000021998","1.0715","1.0715","","",""
"2023-03-17","008265","202000021998","1.0730","1.0730","","",""
"2023-03-20","008265","202000021998","1.0591","1.0591","","",""
"2023-03-21","008265","202000021998","1.0704","1.0704","","",""
"2023-03-22","008265","202000021998","1.0699","1.0699","","",""
"2023-03-23","008265","202000021998","1.0753","1.0753","","",""
"2023-03-24","008265","202000021998","1.0715","1.0715","","",""
"2023-03-27","008265","202000021998","1.0660","1.0660","","",""
"2023-03-28","008265","202000021998","1.0688","1.0688","","",""
"2023-03-29","008265","202000021998","1.0725","1.0725","","",""
"2023-03-30","008265","202000021998","1.0757","1.0757","","",""
"2023-03-31","008265","202000021998","1.0863","1.0863","","",""
"2022-04-06","009246","202000023518","0.9946","0.9946","","",""
"2022-04-07","009246","202000023518","0.9824","0.9824","","",""
"2022-04-08","009246","202000023518","0.9794","0.9794","","",""
"2022-04-11","009246","202000023518","0.9391","0.9391","","",""
"2022-04-12","009246","202000023518","0.9393","0.9393","","",""
"2022-04-13","009246","202000023518","0.9395","0.9395","","",""
"2022-04-14","009246","202000023518","0.9548","0.9548","","",""
"2022-04-15","009246","202000023518","0.9409","0.9409","","",""
"2022-04-18","009246","202000023518","0.9375","0.9375","","",""
"2022-04-19","009246","202000023518","0.9530","0.9530","","",""
"2022-04-20","009246","202000023518","0.9267","0.9267","","",""
"2022-04-21","009246","202000023518","0.8973","0.8973","","",""
"2022-04-22","009246","202000023518","0.9001","0.9001","","",""
"2022-04-25","009246","202000023518","0.8527","0.8527","","",""
"2022-04-26","009246","202000023518","0.8308","0.8308","","",""
"2022-04-27","009246","202000023518","0.8647","0.8647","","",""
"2022-04-28","009246","202000023518","0.8725","0.8725","","",""
"2022-04-29","009246","202000023518","0.8927","0.8927","","",""
"2022-05-05","009246","202000023518","0.8996","0.8996","","",""
"2022-05-06","009246","202000023518","0.8822","0.8822","","",""
"2022-05-09","009246","202000023518","0.8787","0.8787","","",""
"2022-05-10","009246","202000023518","0.8832","0.8832","","",""
"2022-05-11","009246","202000023518","0.8985","0.8985","","",""
"2022-05-12","009246","202000023518","0.8943","0.8943","","",""
"2022-05-13","009246","202000023518","0.9037","0.9037","","",""
"2022-05-16","009246","202000023518","0.9069","0.9069","","",""
"2022-05-17","009246","202000023518","0.9181","0.9181","","",""
"2022-05-18","009246","202000023518","0.9147","0.9147","","",""
"2022-05-19","009246","202000023518","0.9213","0.9213","","",""
"2022-05-20","009246","202000023518","0.9410","0.9410","","",""
"2022-05-23","009246","202000023518","0.9464","0.9464","","",""
"2022-05-24","009246","202000023518","0.9264","0.9264","","",""
"2022-05-25","009246","202000023518","0.9353","0.9353","","",""
"2022-05-26","009246","202000023518","0.9436","0.9436","","",""
"2022-05-27","009246","202000023518","0.9425","0.9425","","",""
"2022-05-30","009246","202000023518","0.9515","0.9515","","",""
"2022-05-31","009246","202000023518","0.9623","0.9623","","",""
"2022-06-01","009246","202000023518","0.9618","0.9618","","",""
"2022-06-02","009246","202000023518","0.9654","0.9654","","",""
"2022-06-06","009246","202000023518","0.9863","0.9863","","",""
"2022-06-07","009246","202000023518","0.9867","0.9867","","",""
"2022-06-08","009246","202000023518","1.0010","1.0010","","",""
"2022-06-09","009246","202000023518","0.9957","0.9957","","",""
"2022-06-10","009246","202000023518","1.0082","1.0082","","",""
"2022-06-13","009246","202000023518","1.0052","1.0052","","",""
"2022-06-14","009246","202000023518","1.0118","1.0118","","",""
"2022-06-15","009246","202000023518","1.0110","1.0110","","",""
"2022-06-16","009246","202000023518","1.0074","1.0074","","",""
"2022-06-17","009246","202000023518","1.0181","1.0181","","",""
"2022-06-20","009246","202000023518","1.0201","1.0201","","",""
"2022-06-21","009246","202000023518","1.0148","1.0148","","",""
"2022-06-22","009246","202000023518","1.0042","1.0042","","",""
"2022-06-23","009246","202000023518","1.0216","1.0216","","",""
"2022-06-24","009246","202000023518","1.0342","1.0342","","",""
"2022-06-27","009246","202000023518","1.0546","1.0546","","",""
"2022-06-28","009246","202000023518","1.0680","1.0680","","",""
"2022-06-29","009246","202000023518","1.0475","1.0475","","",""
"2022-06-30","009246","202000023518","1.0580","1.0580","","",""
"2022-07-01","009246","202000023518","1.0568","1.0568","","",""
"2022-07-04","009246","202000023518","1.0725","1.0725","","",""
"2022-07-05","009246","202000023518","1.0746","1.0746","","",""
"2022-07-06","009246","202000023518","1.0517","1.0517","","",""
"2022-07-07","009246","202000023518","1.0549","1.0549","","",""
"2022-07-08","009246","202000023518","1.0523","1.0523","","",""
"2022-07-11","009246","202000023518","1.0411","1.0411","","",""
"2022-07-12","009246","202000023518","1.0306","1.0306","","",""
"2022-07-13","009246","202000023518","1.0337","1.0337","","",""
"2022-07-14","009246","202000023518","1.0329","1.0329","","",""
"2022-07-15","009246","202000023518","1.0223","1.0223","","",""
"2022-07-18","009246","202000023518","1.0387","1.0387","","",""
"2022-07-19","009246","202000023518","1.0349","1.0349","","",""
"2022-07-20","009246","202000023518","1.0385","1.0385","","",""
"2022-07-21","009246","202000023518","1.0288","1.0288","","",""
"2022-07-22","009246","202000023518","1.0237","1.0237","","",""
"2022-07-25","009246","202000023518","1.0160","1.0160","","",""
"2022-07-26","009246","202000023518","1.0206","1.0206","","",""
"2022-07-27","009246","202000023518","1.0202","1.0202","","",""
"2022-07-28","009246","202000023518","1.0217","1.0217","","",""
"2022-07-29","009246","202000023518","1.0166","1.0166","","",""
"2022-08-01","009246","202000023518","1.0200","1.0200","","",""
"2022-08-02","009246","202000023518","0.9914","0.9914","","",""
"2022-08-03","009246","202000023518","0.9818","0.9818","","",""
"2022-08-04","009246","202000023518","0.9915","0.9915","","",""
"2022-08-05","009246","202000023518","1.0015","1.0015","","",""
"2022-08-08","009246","202000023518","1.0111","1.0111","","",""
"2022-08-09","009246","202000023518","1.0168","1.0168","","",""
"2022-08-10","009246","202000023518","1.0147","1.0147","","",""
"2022-08-11","009246","202000023518","1.0240","1.0240","","",""
"2022-08-12","009246","202000023518","1.0181","1.0181","","",""
"2022-08-15","009246","202000023518","1.0260","1.0260","","",""
"2022-08-16","009246","202000023518","1.0265","1.0265","","",""
"2022-08-17","009246","202000023518","1.0290","1.0290","","",""
"2022-08-18","009246","202000023518","1.0287","1.0287","","",""
"2022-08-19","009246","202000023518","1.0220","1.0220","","",""
"2022-08-22","009246","202000023518","1.0290","1.0290","","",""
"2022-08-23","009246","202000023518","1.0335","1.0335","","",""
"2022-08-24","009246","202000023518","1.0065","1.0065","","",""
"2022-08-25","009246","202000023518","1.0124","1.0124","","",""
"2022-08-26","009246","202000023518","1.0106","1.0106","","",""
"2022-08-29","009246","202000023518","1.0114","1.0114","","",""
"2022-08-30","009246","202000023518","1.0013","1.0013","","",""
"2022-08-31","009246","202000023518","0.9852","0.9852","","",""
"2022-09-01","009246","202000023518","0.9784","0.9784","","",""
"2022-09-02","009246","202000023518","0.9773","0.9773","","",""
"2022-09-05","009246","202000023518","0.9738","0.9738","","",""
"2022-09-06","009246","202000023518","0.9875","0.9875","","",""
"2022-09-07","009246","202000023518","0.9923","0.9923","","",""
"2022-09-08","009246","202000023518","0.9878","0.9878","","",""
"2022-09-09","009246","202000023518","0.9884","0.9884","","",""
"2022-09-13","009246","202000023518","0.9887","0.9887","","",""
"2022-09-14","009246","202000023518","0.9800","0.9800","","",""
"2022-09-15","009246","202000023518","0.9665","0.9665","","",""
"2022-09-16","009246","202000023518","0.9483","0.9483","","",""
"2022-09-19","009246","202000023518","0.9404","0.9404","","",""
"2022-09-20","009246","202000023518","0.9459","0.9459","","",""
"2022-09-21","009246","202000023518","0.9439","0.9439","","",""
"2022-09-22","009246","202000023518","0.9382","0.9382","","",""
"2022-09-23","009246","202000023518","0.9276","0.9276","","",""
"2022-09-26","009246","202000023518","0.9168","0.9168","","",""
"2022-09-27","009246","202000023518","0.9378","0.9378","","",""
"2022-09-28","009246","202000023518","0.9197","0.9197","","",""
"2022-09-29","009246","202000023518","0.9197","0.9197","","",""
"2022-09-30","009246","202000023518","0.9108","0.9108","","",""
"2022-10-10","009246","202000023518","0.8961","0.8961","","",""
"2022-10-11","009246","202000023518","0.8991","0.8991","","",""
"2022-10-12","009246","202000023518","0.9110","0.9110","","",""
"2022-10-13","009246","202000023518","0.9150","0.9150","","",""
"2022-10-14","009246","202000023518","0.9344","0.9344","","",""
"2022-10-17","009246","202000023518","0.9397","0.9397","","",""
"2022-10-18","009246","202000023518","0.9425","0.9425","","",""
"2022-10-19","009246","202000023518","0.9321","0.9321","","",""
"2022-10-20","009246","202000023518","0.9250","0.9250","","",""
"2022-10-21","009246","202000023518","0.9273","0.9273","","",""
"2022-10-24","009246","202000023518","0.9152","0.9152","","",""
"2022-10-25","009246","202000023518","0.9122","0.9122","","",""
"2022-10-26","009246","202000023518","0.9281","0.9281","","",""
"2022-10-27","009246","202000023518","0.9171","0.9171","","",""
"2022-10-28","009246","202000023518","0.8969","0.8969","","",""
"2022-10-31","009246","202000023518","0.8948","0.8948","","",""
"2022-11-01","009246","202000023518","0.9136","0.9136","","",""
"2022-11-02","009246","202000023518","0.9279","0.9279","","",""
"2022-11-03","009246","202000023518","0.9337","0.9337","","",""
"2022-11-04","009246","202000023518","0.9527","0.9527","","",""
"2022-11-07","009246","202000023518","0.9530","0.9530","","",""
"2022-11-08","009246","202000023518","0.9473","0.9473","","",""
"2022-11-09","009246","202000023518","0.9427","0.9427","","",""
"2022-11-10","009246","202000023518","0.9314","0.9314","","",""
"2022-11-11","009246","202000023518","0.9408","0.9408","","",""
"2022-11-14","009246","202000023518","0.9311","0.9311","","",""
"2022-11-15","009246","202000023518","0.9492","0.9492","","",""
"2022-11-16","009246","202000023518","0.9446","0.9446","","",""
"2022-11-17","009246","202000023518","0.9418","0.9418","","",""
"2022-11-18","009246","202000023518","0.9368","0.9368","","",""
"2022-11-21","009246","202000023518","0.9414","0.9414","","",""
"2022-11-22","009246","202000023518","0.9316","0.9316","","",""
"2022-11-23","009246","202000023518","0.9296","0.9296","","",""
"2022-11-24","009246","202000023518","0.9325","0.9325","","",""
"2022-11-25","009246","202000023518","0.9244","0.9244","","",""
"2022-11-28","009246","202000023518","0.9205","0.9205","","",""
"2022-11-29","009246","202000023518","0.9271","0.9271","","",""
"2022-11-30","009246","202000023518","0.9267","0.9267","","",""
"2022-12-01","009246","202000023518","0.9375","0.9375","","",""
"2022-12-02","009246","202000023518","0.9407","0.9407","","",""
"2022-12-05","009246","202000023518","0.9355","0.9355","","",""
"2022-12-06","009246","202000023518","0.9377","0.9377","","",""
"2022-12-07","009246","202000023518","0.9368","0.9368","","",""
"2022-12-08","009246","202000023518","0.9323","0.9323","","",""
"2022-12-09","009246","202000023518","0.9329","0.9329","","",""
"2022-12-12","009246","202000023518","0.9296","0.9296","","",""
"2022-12-13","009246","202000023518","0.9200","0.9200","","",""
"2022-12-14","009246","202000023518","0.9187","0.9187","","",""
"2022-12-15","009246","202000023518","0.9206","0.9206","","",""
"2022-12-16","009246","202000023518","0.9094","0.9094","","",""
"2022-12-19","009246","202000023518","0.8959","0.8959","","",""
"2022-12-20","009246","202000023518","0.8896","0.8896","","",""
"2022-12-21","009246","202000023518","0.8831","0.8831","","",""
"2022-12-22","009246","202000023518","0.8721","0.8721","","",""
"2022-12-23","009246","202000023518","0.8644","0.8644","","",""
"2022-12-26","009246","202000023518","0.8865","0.8865","","",""
"2022-12-27","009246","202000023518","0.9000","0.9000","","",""
"2022-12-28","009246","202000023518","0.8944","0.8944","","",""
"2022-12-29","009246","202000023518","0.8962","0.8962","","",""
"2022-12-30","009246","202000023518","0.8990","0.8990","","",""
"2022-12-31","009246","202000023518","0.8990","0.8990","","",""
"2023-01-03","009246","202000023518","0.9134","0.9134","","",""
"2023-01-04","009246","202000023518","0.9096","0.9096","","",""
"2023-01-05","009246","202000023518","0.9203","0.9203","","",""
"2023-01-06","009246","202000023518","0.9229","0.9229","","",""
"2023-01-09","009246","202000023518","0.9249","0.9249","","",""
"2023-01-10","009246","202000023518","0.9286","0.9286","","",""
"2023-01-11","009246","202000023518","0.9170","0.9170","","",""
"2023-01-12","009246","202000023518","0.9200","0.9200","","",""
"2023-01-13","009246","202000023518","0.9229","0.9229","","",""
"2023-01-16","009246","202000023518","0.9304","0.9304","","",""
"2023-01-17","009246","202000023518","0.9327","0.9327","","",""
"2023-01-18","009246","202000023518","0.9340","0.9340","","",""
"2023-01-19","009246","202000023518","0.9409","0.9409","","",""
"2023-01-20","009246","202000023518","0.9460","0.9460","","",""
"2023-01-30","009246","202000023518","0.9557","0.9557","","",""
"2023-01-31","009246","202000023518","0.9543","0.9543","","",""
"2023-02-01","009246","202000023518","0.9672","0.9672","","",""
"2023-02-02","009246","202000023518","0.9676","0.9676","","",""
"2023-02-03","009246","202000023518","0.9624","0.9624","","",""
"2023-02-06","009246","202000023518","0.9525","0.9525","","",""
"2023-02-07","009246","202000023518","0.9613","0.9613","","",""
"2023-02-08","009246","202000023518","0.9583","0.9583","","",""
"2023-02-09","009246","202000023518","0.9706","0.9706","","",""
"2023-02-10","009246","202000023518","0.9616","0.9616","","",""
"2023-02-13","009246","202000023518","0.9654","0.9654","","",""
"2023-02-14","009246","202000023518","0.9654","0.9654","","",""
"2023-02-15","009246","202000023518","0.9634","0.9634","","",""
"2023-02-16","009246","202000023518","0.9423","0.9423","","",""
"2023-02-17","009246","202000023518","0.9321","0.9321","","",""
"2023-02-20","009246","202000023518","0.9418","0.9418","","",""
"2023-02-21","009246","202000023518","0.9468","0.9468","","",""
"2023-02-22","009246","202000023518","0.9446","0.9446","","",""
"2023-02-23","009246","202000023518","0.9469","0.9469","","",""
"2023-02-24","009246","202000023518","0.9398","0.9398","","",""
"2023-02-27","009246","202000023518","0.9322","0.9322","","",""
"2023-02-28","009246","202000023518","0.9353","0.9353","","",""
"2023-03-01","009246","202000023518","0.9411","0.9411","","",""
"2023-03-02","009246","202000023518","0.9277","0.9277","","",""
"2023-03-03","009246","202000023518","0.9243","0.9243","","",""
"2023-03-06","009246","202000023518","0.9284","0.9284","","",""
"2023-03-07","009246","202000023518","0.9094","0.9094","","",""
"2023-03-08","009246","202000023518","0.9113","0.9113","","",""
"2023-03-09","009246","202000023518","0.9134","0.9134","","",""
"2023-03-10","009246","202000023518","0.9022","0.9022","","",""
"2023-03-13","009246","202000023518","0.9106","0.9106","","",""
"2023-03-14","009246","202000023518","0.8992","0.8992","","",""
"2023-03-15","009246","202000023518","0.9045","0.9045","","",""
"2023-03-16","009246","202000023518","0.8888","0.8888","","",""
"2023-03-17","009246","202000023518","0.8927","0.8927","","",""
"2023-03-20","009246","202000023518","0.8881","0.8881","","",""
"2023-03-21","009246","202000023518","0.9006","0.9006","","",""
"2023-03-22","009246","202000023518","0.9026","0.9026","","",""
"2023-03-23","009246","202000023518","0.9038","0.9038","","",""
"2023-03-24","009246","202000023518","0.9025","0.9025","","",""
"2023-03-27","009246","202000023518","0.9043","0.9043","","",""
"2023-03-28","009246","202000023518","0.9003","0.9003","","",""
"2023-03-29","009246","202000023518","0.8984","0.8984","","",""
"2023-03-30","009246","202000023518","0.9043","0.9043","","",""
"2023-03-31","009246","202000023518","0.9085","0.9085","","",""
"2022-04-06","009630","202000025353","0.8023","0.8023","","",""
"2022-04-07","009630","202000025353","0.7886","0.7886","","",""
"2022-04-08","009630","202000025353","0.7876","0.7876","","",""
"2022-04-11","009630","202000025353","0.7609","0.7609","","",""
"2022-04-12","009630","202000025353","0.7666","0.7666","","",""
"2022-04-13","009630","202000025353","0.7617","0.7617","","",""
"2022-04-14","009630","202000025353","0.7662","0.7662","","",""
"2022-04-15","009630","202000025353","0.7676","0.7676","","",""
"2022-04-18","009630","202000025353","0.7774","0.7774","","",""
"2022-04-19","009630","202000025353","0.7697","0.7697","","",""
"2022-04-20","009630","202000025353","0.7590","0.7590","","",""
"2022-04-21","009630","202000025353","0.7396","0.7396","","",""
"2022-04-22","009630","202000025353","0.7399","0.7399","","",""
"2022-04-25","009630","202000025353","0.7083","0.7083","","",""
"2022-04-26","009630","202000025353","0.7083","0.7083","","",""
"2022-04-27","009630","202000025353","0.7279","0.7279","","",""
"2022-04-28","009630","202000025353","0.7325","0.7325","","",""
"2022-04-29","009630","202000025353","0.7517","0.7517","","",""
"2022-05-05","009630","202000025353","0.7463","0.7463","","",""
"2022-05-06","009630","202000025353","0.7282","0.7282","","",""
"2022-05-09","009630","202000025353","0.7315","0.7315","","",""
"2022-05-10","009630","202000025353","0.7382","0.7382","","",""
"2022-05-11","009630","202000025353","0.7529","0.7529","","",""
"2022-05-12","009630","202000025353","0.7500","0.7500","","",""
"2022-05-13","009630","202000025353","0.7543","0.7543","","",""
"2022-05-16","009630","202000025353","0.7488","0.7488","","",""
"2022-05-17","009630","202000025353","0.7606","0.7606","","",""
"2022-05-18","009630","202000025353","0.7666","0.7666","","",""
"2022-05-19","009630","202000025353","0.7662","0.7662","","",""
"2022-05-20","009630","202000025353","0.7770","0.7770","","",""
"2022-05-23","009630","202000025353","0.7753","0.7753","","",""
"2022-05-24","009630","202000025353","0.7577","0.7577","","",""
"2022-05-25","009630","202000025353","0.7620","0.7620","","",""
"2022-05-26","009630","202000025353","0.7589","0.7589","","",""
"2022-05-27","009630","202000025353","0.7603","0.7603","","",""
"2022-05-30","009630","202000025353","0.7719","0.7719","","",""
"2022-05-31","009630","202000025353","0.7845","0.7845","","",""
"2022-06-01","009630","202000025353","0.7838","0.7838","","",""
"2022-06-02","009630","202000025353","0.7847","0.7847","","",""
"2022-06-06","009630","202000025353","0.7991","0.7991","","",""
"2022-06-07","009630","202000025353","0.7969","0.7969","","",""
"2022-06-08","009630","202000025353","0.8069","0.8069","","",""
"2022-06-09","009630","202000025353","0.7999","0.7999","","",""
"2022-06-10","009630","202000025353","0.8073","0.8073","","",""
"2022-06-13","009630","202000025353","0.7981","0.7981","","",""
"2022-06-14","009630","202000025353","0.7993","0.7993","","",""
"2022-06-15","009630","202000025353","0.8015","0.8015","","",""
"2022-06-16","009630","202000025353","0.8010","0.8010","","",""
"2022-06-17","009630","202000025353","0.8069","0.8069","","",""
"2022-06-20","009630","202000025353","0.8174","0.8174","","",""
"2022-06-21","009630","202000025353","0.8143","0.8143","","",""
"2022-06-22","009630","202000025353","0.8015","0.8015","","",""
"2022-06-23","009630","202000025353","0.8124","0.8124","","",""
"2022-06-24","009630","202000025353","0.8235","0.8235","","",""
"2022-06-27","009630","202000025353","0.8241","0.8241","","",""
"2022-06-28","009630","202000025353","0.8299","0.8299","","",""
"2022-06-29","009630","202000025353","0.8161","0.8161","","",""
"2022-06-30","009630","202000025353","0.8249","0.8249","","",""
"2022-07-01","009630","202000025353","0.8189","0.8189","","",""
"2022-07-04","009630","202000025353","0.8294","0.8294","","",""
"2022-07-05","009630","202000025353","0.8311","0.8311","","",""
"2022-07-06","009630","202000025353","0.8254","0.8254","","",""
"2022-07-07","009630","202000025353","0.8303","0.8303","","",""
"2022-07-08","009630","202000025353","0.8259","0.8259","","",""
"2022-07-11","009630","202000025353","0.8121","0.8121","","",""
"2022-07-12","009630","202000025353","0.8033","0.8033","","",""
"2022-07-13","009630","202000025353","0.8075","0.8075","","",""
"2022-07-14","009630","202000025353","0.8167","0.8167","","",""
"2022-07-15","009630","202000025353","0.8119","0.8119","","",""
"2022-07-18","009630","202000025353","0.8204","0.8204","","",""
"2022-07-19","009630","202000025353","0.8138","0.8138","","",""
"2022-07-20","009630","202000025353","0.8190","0.8190","","",""
"2022-07-21","009630","202000025353","0.8125","0.8125","","",""
"2022-07-22","009630","202000025353","0.8096","0.8096","","",""
"2022-07-25","009630","202000025353","0.8008","0.8008","","",""
"2022-07-26","009630","202000025353","0.8036","0.8036","","",""
"2022-07-27","009630","202000025353","0.8068","0.8068","","",""
"2022-07-28","009630","202000025353","0.8064","0.8064","","",""
"2022-07-29","009630","202000025353","0.7988","0.7988","","",""
"2022-08-01","009630","202000025353","0.7980","0.7980","","",""
"2022-08-02","009630","202000025353","0.7827","0.7827","","",""
"2022-08-03","009630","202000025353","0.7814","0.7814","","",""
"2022-08-04","009630","202000025353","0.7876","0.7876","","",""
"2022-08-05","009630","202000025353","0.7943","0.7943","","",""
"2022-08-08","009630","202000025353","0.7948","0.7948","","",""
"2022-08-09","009630","202000025353","0.7950","0.7950","","",""
"2022-08-10","009630","202000025353","0.7918","0.7918","","",""
"2022-08-11","009630","202000025353","0.8032","0.8032","","",""
"2022-08-12","009630","202000025353","0.8017","0.8017","","",""
"2022-08-15","009630","202000025353","0.8063","0.8063","","",""
"2022-08-16","009630","202000025353","0.8105","0.8105","","",""
"2022-08-17","009630","202000025353","0.8207","0.8207","","",""
"2022-08-18","009630","202000025353","0.8259","0.8259","","",""
"2022-08-19","009630","202000025353","0.8235","0.8235","","",""
"2022-08-22","009630","202000025353","0.8273","0.8273","","",""
"2022-08-23","009630","202000025353","0.8409","0.8409","","",""
"2022-08-24","009630","202000025353","0.8268","0.8268","","",""
"2022-08-25","009630","202000025353","0.8275","0.8275","","",""
"2022-08-26","009630","202000025353","0.8252","0.8252","","",""
"2022-08-29","009630","202000025353","0.8250","0.8250","","",""
"2022-08-30","009630","202000025353","0.8141","0.8141","","",""
"2022-08-31","009630","202000025353","0.7988","0.7988","","",""
"2022-09-01","009630","202000025353","0.7936","0.7936","","",""
"2022-09-02","009630","202000025353","0.7891","0.7891","","",""
"2022-09-05","009630","202000025353","0.7863","0.7863","","",""
"2022-09-06","009630","202000025353","0.8031","0.8031","","",""
"2022-09-07","009630","202000025353","0.8050","0.8050","","",""
"2022-09-08","009630","202000025353","0.8025","0.8025","","",""
"2022-09-09","009630","202000025353","0.8049","0.8049","","",""
"2022-09-13","009630","202000025353","0.7959","0.7959","","",""
"2022-09-14","009630","202000025353","0.7904","0.7904","","",""
"2022-09-15","009630","202000025353","0.7690","0.7690","","",""
"2022-09-16","009630","202000025353","0.7638","0.7638","","",""
"2022-09-19","009630","202000025353","0.7607","0.7607","","",""
"2022-09-20","009630","202000025353","0.7660","0.7660","","",""
"2022-09-21","009630","202000025353","0.7616","0.7616","","",""
"2022-09-22","009630","202000025353","0.7632","0.7632","","",""
"2022-09-23","009630","202000025353","0.7567","0.7567","","",""
"2022-09-26","009630","202000025353","0.7626","0.7626","","",""
"2022-09-27","009630","202000025353","0.7708","0.7708","","",""
"2022-09-28","009630","202000025353","0.7598","0.7598","","",""
"2022-09-29","009630","202000025353","0.7610","0.7610","","",""
"2022-09-30","009630","202000025353","0.7507","0.7507","","",""
"2022-10-10","009630","202000025353","0.7353","0.7353","","",""
"2022-10-11","009630","202000025353","0.7388","0.7388","","",""
"2022-10-12","009630","202000025353","0.7528","0.7528","","",""
"2022-10-13","009630","202000025353","0.7611","0.7611","","",""
"2022-10-14","009630","202000025353","0.7723","0.7723","","",""
"2022-10-17","009630","202000025353","0.7736","0.7736","","",""
"2022-10-18","009630","202000025353","0.7871","0.7871","","",""
"2022-10-19","009630","202000025353","0.7774","0.7774","","",""
"2022-10-20","009630","202000025353","0.7703","0.7703","","",""
"2022-10-21","009630","202000025353","0.7714","0.7714","","",""
"2022-10-24","009630","202000025353","0.7614","0.7614","","",""
"2022-10-25","009630","202000025353","0.7578","0.7578","","",""
"2022-10-26","009630","202000025353","0.7706","0.7706","","",""
"2022-10-27","009630","202000025353","0.7589","0.7589","","",""
"2022-10-28","009630","202000025353","0.7375","0.7375","","",""
"2022-10-31","009630","202000025353","0.7311","0.7311","","",""
"2022-11-01","009630","202000025353","0.7477","0.7477","","",""
"2022-11-02","009630","202000025353","0.7568","0.7568","","",""
"2022-11-03","009630","202000025353","0.7643","0.7643","","",""
"2022-11-04","009630","202000025353","0.7826","0.7826","","",""
"2022-11-07","009630","202000025353","0.7846","0.7846","","",""
"2022-11-08","009630","202000025353","0.7796","0.7796","","",""
"2022-11-09","009630","202000025353","0.7720","0.7720","","",""
"2022-11-10","009630","202000025353","0.7645","0.7645","","",""
"2022-11-11","009630","202000025353","0.7774","0.7774","","",""
"2022-11-14","009630","202000025353","0.7757","0.7757","","",""
"2022-11-15","009630","202000025353","0.7901","0.7901","","",""
"2022-11-16","009630","202000025353","0.7848","0.7848","","",""
"2022-11-17","009630","202000025353","0.7823","0.7823","","",""
"2022-11-18","009630","202000025353","0.7934","0.7934","","",""
"2022-11-21","009630","202000025353","0.7885","0.7885","","",""
"2022-11-22","009630","202000025353","0.7826","0.7826","","",""
"2022-11-23","009630","202000025353","0.7895","0.7895","","",""
"2022-11-24","009630","202000025353","0.7895","0.7895","","",""
"2022-11-25","009630","202000025353","0.7842","0.7842","","",""
"2022-11-28","009630","202000025353","0.7806","0.7806","","",""
"2022-11-29","009630","202000025353","0.7931","0.7931","","",""
"2022-11-30","009630","202000025353","0.7967","0.7967","","",""
"2022-12-01","009630","202000025353","0.7995","0.7995","","",""
"2022-12-02","009630","202000025353","0.8000","0.8000","","",""
"2022-12-05","009630","202000025353","0.8015","0.8015","","",""
"2022-12-06","009630","202000025353","0.8026","0.8026","","",""
"2022-12-07","009630","202000025353","0.7954","0.7954","","",""
"2022-12-08","009630","202000025353","0.8024","0.8024","","",""
"2022-12-09","009630","202000025353","0.8004","0.8004","","",""
"2022-12-12","009630","202000025353","0.7988","0.7988","","",""
"2022-12-13","009630","202000025353","0.7949","0.7949","","",""
"2022-12-14","009630","202000025353","0.7929","0.7929","","",""
"2022-12-15","009630","202000025353","0.7924","0.7924","","",""
"2022-12-16","009630","202000025353","0.7873","0.7873","","",""
"2022-12-19","009630","202000025353","0.7791","0.7791","","",""
"2022-12-20","009630","202000025353","0.7703","0.7703","","",""
"2022-12-21","009630","202000025353","0.7681","0.7681","","",""
"2022-12-22","009630","202000025353","0.7680","0.7680","","",""
"2022-12-23","009630","202000025353","0.7637","0.7637","","",""
"2022-12-26","009630","202000025353","0.7809","0.7809","","",""
"2022-12-27","009630","202000025353","0.7900","0.7900","","",""
"2022-12-28","009630","202000025353","0.8000","0.8000","","",""
"2022-12-29","009630","202000025353","0.8030","0.8030","","",""
"2022-12-30","009630","202000025353","0.8054","0.8054","","",""
"2022-12-31","009630","202000025353","0.8054","0.8054","","",""
"2023-01-03","009630","202000025353","0.8190","0.8190","","",""
"2023-01-04","009630","202000025353","0.8169","0.8169","","",""
"2023-01-05","009630","202000025353","0.8280","0.8280","","",""
"2023-01-06","009630","202000025353","0.8324","0.8324","","",""
"2023-01-09","009630","202000025353","0.8347","0.8347","","",""
"2023-01-10","009630","202000025353","0.8357","0.8357","","",""
"2023-01-11","009630","202000025353","0.8305","0.8305","","",""
"2023-01-12","009630","202000025353","0.8311","0.8311","","",""
"2023-01-13","009630","202000025353","0.8288","0.8288","","",""
"2023-01-16","009630","202000025353","0.8379","0.8379","","",""
"2023-01-17","009630","202000025353","0.8384","0.8384","","",""
"2023-01-18","009630","202000025353","0.8382","0.8382","","",""
"2023-01-19","009630","202000025353","0.8453","0.8453","","",""
"2023-01-20","009630","202000025353","0.8489","0.8489","","",""
"2023-01-30","009630","202000025353","0.8441","0.8441","","",""
"2023-01-31","009630","202000025353","0.8384","0.8384","","",""
"2023-02-01","009630","202000025353","0.8406","0.8406","","",""
"2023-02-02","009630","202000025353","0.8413","0.8413","","",""
"2023-02-03","009630","202000025353","0.8409","0.8409","","",""
"2023-02-06","009630","202000025353","0.8329","0.8329","","",""
"2023-02-07","009630","202000025353","0.8325","0.8325","","",""
"2023-02-08","009630","202000025353","0.8288","0.8288","","",""
"2023-02-09","009630","202000025353","0.8414","0.8414","","",""
"2023-02-10","009630","202000025353","0.8325","0.8325","","",""
"2023-02-13","009630","202000025353","0.8370","0.8370","","",""
"2023-02-14","009630","202000025353","0.8384","0.8384","","",""
"2023-02-15","009630","202000025353","0.8343","0.8343","","",""
"2023-02-16","009630","202000025353","0.8325","0.8325","","",""
"2023-02-17","009630","202000025353","0.8264","0.8264","","",""
"2023-02-20","009630","202000025353","0.8363","0.8363","","",""
"2023-02-21","009630","202000025353","0.8315","0.8315","","",""
"2023-02-22","009630","202000025353","0.8237","0.8237","","",""
"2023-02-23","009630","202000025353","0.8266","0.8266","","",""
"2023-02-24","009630","202000025353","0.8173","0.8173","","",""
"2023-02-27","009630","202000025353","0.8160","0.8160","","",""
"2023-02-28","009630","202000025353","0.8219","0.8219","","",""
"2023-03-01","009630","202000025353","0.8319","0.8319","","",""
"2023-03-02","009630","202000025353","0.8235","0.8235","","",""
"2023-03-03","009630","202000025353","0.8253","0.8253","","",""
"2023-03-06","009630","202000025353","0.8295","0.8295","","",""
"2023-03-07","009630","202000025353","0.8155","0.8155","","",""
"2023-03-08","009630","202000025353","0.8105","0.8105","","",""
"2023-03-09","009630","202000025353","0.8055","0.8055","","",""
"2023-03-10","009630","202000025353","0.7954","0.7954","","",""
"2023-03-13","009630","202000025353","0.8065","0.8065","","",""
"2023-03-14","009630","202000025353","0.7966","0.7966","","",""
"2023-03-15","009630","202000025353","0.7969","0.7969","","",""
"2023-03-16","009630","202000025353","0.7870","0.7870","","",""
"2023-03-17","009630","202000025353","0.7953","0.7953","","",""
"2023-03-20","009630","202000025353","0.7893","0.7893","","",""
"2023-03-21","009630","202000025353","0.7984","0.7984","","",""
"2023-03-22","009630","202000025353","0.8009","0.8009","","",""
"2023-03-23","009630","202000025353","0.8131","0.8131","","",""
"2023-03-24","009630","202000025353","0.8066","0.8066","","",""
"2023-03-27","009630","202000025353","0.7988","0.7988","","",""
"2023-03-28","009630","202000025353","0.7977","0.7977","","",""
"2023-03-29","009630","202000025353","0.7993","0.7993","","",""
"2023-03-30","009630","202000025353","0.8043","0.8043","","",""
"2023-03-31","009630","202000025353","0.8074","0.8074","","",""
"2022-04-06","009631","202000025354","0.7993","0.7993","","",""
"2022-04-07","009631","202000025354","0.7857","0.7857","","",""
"2022-04-08","009631","202000025354","0.7846","0.7846","","",""
"2022-04-11","009631","202000025354","0.7581","0.7581","","",""
"2022-04-12","009631","202000025354","0.7637","0.7637","","",""
"2022-04-13","009631","202000025354","0.7588","0.7588","","",""
"2022-04-14","009631","202000025354","0.7633","0.7633","","",""
"2022-04-15","009631","202000025354","0.7647","0.7647","","",""
"2022-04-18","009631","202000025354","0.7745","0.7745","","",""
"2022-04-19","009631","202000025354","0.7668","0.7668","","",""
"2022-04-20","009631","202000025354","0.7561","0.7561","","",""
"2022-04-21","009631","202000025354","0.7367","0.7367","","",""
"2022-04-22","009631","202000025354","0.7371","0.7371","","",""
"2022-04-25","009631","202000025354","0.7056","0.7056","","",""
"2022-04-26","009631","202000025354","0.7055","0.7055","","",""
"2022-04-27","009631","202000025354","0.7251","0.7251","","",""
"2022-04-28","009631","202000025354","0.7297","0.7297","","",""
"2022-04-29","009631","202000025354","0.7487","0.7487","","",""
"2022-05-05","009631","202000025354","0.7434","0.7434","","",""
"2022-05-06","009631","202000025354","0.7253","0.7253","","",""
"2022-05-09","009631","202000025354","0.7285","0.7285","","",""
"2022-05-10","009631","202000025354","0.7352","0.7352","","",""
"2022-05-11","009631","202000025354","0.7499","0.7499","","",""
"2022-05-12","009631","202000025354","0.7470","0.7470","","",""
"2022-05-13","009631","202000025354","0.7513","0.7513","","",""
"2022-05-16","009631","202000025354","0.7457","0.7457","","",""
"2022-05-17","009631","202000025354","0.7575","0.7575","","",""
"2022-05-18","009631","202000025354","0.7635","0.7635","","",""
"2022-05-19","009631","202000025354","0.7631","0.7631","","",""
"2022-05-20","009631","202000025354","0.7738","0.7738","","",""
"2022-05-23","009631","202000025354","0.7721","0.7721","","",""
"2022-05-24","009631","202000025354","0.7545","0.7545","","",""
"2022-05-25","009631","202000025354","0.7588","0.7588","","",""
"2022-05-26","009631","202000025354","0.7557","0.7557","","",""
"2022-05-27","009631","202000025354","0.7571","0.7571","","",""
"2022-05-30","009631","202000025354","0.7687","0.7687","","",""
"2022-05-31","009631","202000025354","0.7811","0.7811","","",""
"2022-06-01","009631","202000025354","0.7805","0.7805","","",""
"2022-06-02","009631","202000025354","0.7814","0.7814","","",""
"2022-06-06","009631","202000025354","0.7957","0.7957","","",""
"2022-06-07","009631","202000025354","0.7935","0.7935","","",""
"2022-06-08","009631","202000025354","0.8034","0.8034","","",""
"2022-06-09","009631","202000025354","0.7965","0.7965","","",""
"2022-06-10","009631","202000025354","0.8038","0.8038","","",""
"2022-06-13","009631","202000025354","0.7946","0.7946","","",""
"2022-06-14","009631","202000025354","0.7959","0.7959","","",""
"2022-06-15","009631","202000025354","0.7980","0.7980","","",""
"2022-06-16","009631","202000025354","0.7975","0.7975","","",""
"2022-06-17","009631","202000025354","0.8034","0.8034","","",""
"2022-06-20","009631","202000025354","0.8138","0.8138","","",""
"2022-06-21","009631","202000025354","0.8107","0.8107","","",""
"2022-06-22","009631","202000025354","0.7979","0.7979","","",""
"2022-06-23","009631","202000025354","0.8088","0.8088","","",""
"2022-06-24","009631","202000025354","0.8198","0.8198","","",""
"2022-06-27","009631","202000025354","0.8204","0.8204","","",""
"2022-06-28","009631","202000025354","0.8262","0.8262","","",""
"2022-06-29","009631","202000025354","0.8124","0.8124","","",""
"2022-06-30","009631","202000025354","0.8212","0.8212","","",""
"2022-07-01","009631","202000025354","0.8152","0.8152","","",""
"2022-07-04","009631","202000025354","0.8256","0.8256","","",""
"2022-07-05","009631","202000025354","0.8273","0.8273","","",""
"2022-07-06","009631","202000025354","0.8217","0.8217","","",""
"2022-07-07","009631","202000025354","0.8265","0.8265","","",""
"2022-07-08","009631","202000025354","0.8221","0.8221","","",""
"2022-07-11","009631","202000025354","0.8083","0.8083","","",""
"2022-07-12","009631","202000025354","0.7996","0.7996","","",""
"2022-07-13","009631","202000025354","0.8037","0.8037","","",""
"2022-07-14","009631","202000025354","0.8129","0.8129","","",""
"2022-07-15","009631","202000025354","0.8081","0.8081","","",""
"2022-07-18","009631","202000025354","0.8166","0.8166","","",""
"2022-07-19","009631","202000025354","0.8100","0.8100","","",""
"2022-07-20","009631","202000025354","0.8152","0.8152","","",""
"2022-07-21","009631","202000025354","0.8087","0.8087","","",""
"2022-07-22","009631","202000025354","0.8058","0.8058","","",""
"2022-07-25","009631","202000025354","0.7970","0.7970","","",""
"2022-07-26","009631","202000025354","0.7997","0.7997","","",""
"2022-07-27","009631","202000025354","0.8030","0.8030","","",""
"2022-07-28","009631","202000025354","0.8025","0.8025","","",""
"2022-07-29","009631","202000025354","0.7950","0.7950","","",""
"2022-08-01","009631","202000025354","0.7941","0.7941","","",""
"2022-08-02","009631","202000025354","0.7789","0.7789","","",""
"2022-08-03","009631","202000025354","0.7776","0.7776","","",""
"2022-08-04","009631","202000025354","0.7838","0.7838","","",""
"2022-08-05","009631","202000025354","0.7904","0.7904","","",""
"2022-08-08","009631","202000025354","0.7909","0.7909","","",""
"2022-08-09","009631","202000025354","0.7911","0.7911","","",""
"2022-08-10","009631","202000025354","0.7879","0.7879","","",""
"2022-08-11","009631","202000025354","0.7992","0.7992","","",""
"2022-08-12","009631","202000025354","0.7977","0.7977","","",""
"2022-08-15","009631","202000025354","0.8023","0.8023","","",""
"2022-08-16","009631","202000025354","0.8064","0.8064","","",""
"2022-08-17","009631","202000025354","0.8166","0.8166","","",""
"2022-08-18","009631","202000025354","0.8218","0.8218","","",""
"2022-08-19","009631","202000025354","0.8194","0.8194","","",""
"2022-08-22","009631","202000025354","0.8232","0.8232","","",""
"2022-08-23","009631","202000025354","0.8366","0.8366","","",""
"2022-08-24","009631","202000025354","0.8227","0.8227","","",""
"2022-08-25","009631","202000025354","0.8233","0.8233","","",""
"2022-08-26","009631","202000025354","0.8210","0.8210","","",""
"2022-08-29","009631","202000025354","0.8208","0.8208","","",""
"2022-08-30","009631","202000025354","0.8100","0.8100","","",""
"2022-08-31","009631","202000025354","0.7947","0.7947","","",""
"2022-09-01","009631","202000025354","0.7896","0.7896","","",""
"2022-09-02","009631","202000025354","0.7851","0.7851","","",""
"2022-09-05","009631","202000025354","0.7823","0.7823","","",""
"2022-09-06","009631","202000025354","0.7989","0.7989","","",""
"2022-09-07","009631","202000025354","0.8008","0.8008","","",""
"2022-09-08","009631","202000025354","0.7984","0.7984","","",""
"2022-09-09","009631","202000025354","0.8007","0.8007","","",""
"2022-09-13","009631","202000025354","0.7917","0.7917","","",""
"2022-09-14","009631","202000025354","0.7862","0.7862","","",""
"2022-09-15","009631","202000025354","0.7650","0.7650","","",""
"2022-09-16","009631","202000025354","0.7598","0.7598","","",""
"2022-09-19","009631","202000025354","0.7567","0.7567","","",""
"2022-09-20","009631","202000025354","0.7620","0.7620","","",""
"2022-09-21","009631","202000025354","0.7576","0.7576","","",""
"2022-09-22","009631","202000025354","0.7591","0.7591","","",""
"2022-09-23","009631","202000025354","0.7526","0.7526","","",""
"2022-09-26","009631","202000025354","0.7585","0.7585","","",""
"2022-09-27","009631","202000025354","0.7667","0.7667","","",""
"2022-09-28","009631","202000025354","0.7557","0.7557","","",""
"2022-09-29","009631","202000025354","0.7569","0.7569","","",""
"2022-09-30","009631","202000025354","0.7466","0.7466","","",""
"2022-10-10","009631","202000025354","0.7313","0.7313","","",""
"2022-10-11","009631","202000025354","0.7348","0.7348","","",""
"2022-10-12","009631","202000025354","0.7486","0.7486","","",""
"2022-10-13","009631","202000025354","0.7569","0.7569","","",""
"2022-10-14","009631","202000025354","0.7680","0.7680","","",""
"2022-10-17","009631","202000025354","0.7693","0.7693","","",""
"2022-10-18","009631","202000025354","0.7827","0.7827","","",""
"2022-10-19","009631","202000025354","0.7731","0.7731","","",""
"2022-10-20","009631","202000025354","0.7660","0.7660","","",""
"2022-10-21","009631","202000025354","0.7671","0.7671","","",""
"2022-10-24","009631","202000025354","0.7572","0.7572","","",""
"2022-10-25","009631","202000025354","0.7535","0.7535","","",""
"2022-10-26","009631","202000025354","0.7663","0.7663","","",""
"2022-10-27","009631","202000025354","0.7546","0.7546","","",""
"2022-10-28","009631","202000025354","0.7333","0.7333","","",""
"2022-10-31","009631","202000025354","0.7270","0.7270","","",""
"2022-11-01","009631","202000025354","0.7434","0.7434","","",""
"2022-11-02","009631","202000025354","0.7525","0.7525","","",""
"2022-11-03","009631","202000025354","0.7599","0.7599","","",""
"2022-11-04","009631","202000025354","0.7782","0.7782","","",""
"2022-11-07","009631","202000025354","0.7801","0.7801","","",""
"2022-11-08","009631","202000025354","0.7752","0.7752","","",""
"2022-11-09","009631","202000025354","0.7675","0.7675","","",""
"2022-11-10","009631","202000025354","0.7601","0.7601","","",""
"2022-11-11","009631","202000025354","0.7729","0.7729","","",""
"2022-11-14","009631","202000025354","0.7712","0.7712","","",""
"2022-11-15","009631","202000025354","0.7854","0.7854","","",""
"2022-11-16","009631","202000025354","0.7802","0.7802","","",""
"2022-11-17","009631","202000025354","0.7777","0.7777","","",""
"2022-11-18","009631","202000025354","0.7887","0.7887","","",""
"2022-11-21","009631","202000025354","0.7838","0.7838","","",""
"2022-11-22","009631","202000025354","0.7780","0.7780","","",""
"2022-11-23","009631","202000025354","0.7848","0.7848","","",""
"2022-11-24","009631","202000025354","0.7848","0.7848","","",""
"2022-11-25","009631","202000025354","0.7795","0.7795","","",""
"2022-11-28","009631","202000025354","0.7759","0.7759","","",""
"2022-11-29","009631","202000025354","0.7884","0.7884","","",""
"2022-11-30","009631","202000025354","0.7920","0.7920","","",""
"2022-12-01","009631","202000025354","0.7947","0.7947","","",""
"2022-12-02","009631","202000025354","0.7952","0.7952","","",""
"2022-12-05","009631","202000025354","0.7967","0.7967","","",""
"2022-12-06","009631","202000025354","0.7978","0.7978","","",""
"2022-12-07","009631","202000025354","0.7906","0.7906","","",""
"2022-12-08","009631","202000025354","0.7975","0.7975","","",""
"2022-12-09","009631","202000025354","0.7955","0.7955","","",""
"2022-12-12","009631","202000025354","0.7939","0.7939","","",""
"2022-12-13","009631","202000025354","0.7900","0.7900","","",""
"2022-12-14","009631","202000025354","0.7881","0.7881","","",""
"2022-12-15","009631","202000025354","0.7876","0.7876","","",""
"2022-12-16","009631","202000025354","0.7825","0.7825","","",""
"2022-12-19","009631","202000025354","0.7743","0.7743","","",""
"2022-12-20","009631","202000025354","0.7656","0.7656","","",""
"2022-12-21","009631","202000025354","0.7634","0.7634","","",""
"2022-12-22","009631","202000025354","0.7633","0.7633","","",""
"2022-12-23","009631","202000025354","0.7590","0.7590","","",""
"2022-12-26","009631","202000025354","0.7760","0.7760","","",""
"2022-12-27","009631","202000025354","0.7851","0.7851","","",""
"2022-12-28","009631","202000025354","0.7950","0.7950","","",""
"2022-12-29","009631","202000025354","0.7980","0.7980","","",""
"2022-12-30","009631","202000025354","0.8003","0.8003","","",""
"2022-12-31","009631","202000025354","0.8003","0.8003","","",""
"2023-01-03","009631","202000025354","0.8138","0.8138","","",""
"2023-01-04","009631","202000025354","0.8117","0.8117","","",""
"2023-01-05","009631","202000025354","0.8228","0.8228","","",""
"2023-01-06","009631","202000025354","0.8272","0.8272","","",""
"2023-01-09","009631","202000025354","0.8294","0.8294","","",""
"2023-01-10","009631","202000025354","0.8303","0.8303","","",""
"2023-01-11","009631","202000025354","0.8252","0.8252","","",""
"2023-01-12","009631","202000025354","0.8258","0.8258","","",""
"2023-01-13","009631","202000025354","0.8235","0.8235","","",""
"2023-01-16","009631","202000025354","0.8325","0.8325","","",""
"2023-01-17","009631","202000025354","0.8331","0.8331","","",""
"2023-01-18","009631","202000025354","0.8328","0.8328","","",""
"2023-01-19","009631","202000025354","0.8398","0.8398","","",""
"2023-01-20","009631","202000025354","0.8434","0.8434","","",""
"2023-01-30","009631","202000025354","0.8385","0.8385","","",""
"2023-01-31","009631","202000025354","0.8329","0.8329","","",""
"2023-02-01","009631","202000025354","0.8351","0.8351","","",""
"2023-02-02","009631","202000025354","0.8357","0.8357","","",""
"2023-02-03","009631","202000025354","0.8354","0.8354","","",""
"2023-02-06","009631","202000025354","0.8273","0.8273","","",""
"2023-02-07","009631","202000025354","0.8270","0.8270","","",""
"2023-02-08","009631","202000025354","0.8232","0.8232","","",""
"2023-02-09","009631","202000025354","0.8358","0.8358","","",""
"2023-02-10","009631","202000025354","0.8269","0.8269","","",""
"2023-02-13","009631","202000025354","0.8314","0.8314","","",""
"2023-02-14","009631","202000025354","0.8328","0.8328","","",""
"2023-02-15","009631","202000025354","0.8287","0.8287","","",""
"2023-02-16","009631","202000025354","0.8269","0.8269","","",""
"2023-02-17","009631","202000025354","0.8208","0.8208","","",""
"2023-02-20","009631","202000025354","0.8306","0.8306","","",""
"2023-02-21","009631","202000025354","0.8259","0.8259","","",""
"2023-02-22","009631","202000025354","0.8181","0.8181","","",""
"2023-02-23","009631","202000025354","0.8210","0.8210","","",""
"2023-02-24","009631","202000025354","0.8118","0.8118","","",""
"2023-02-27","009631","202000025354","0.8105","0.8105","","",""
"2023-02-28","009631","202000025354","0.8163","0.8163","","",""
"2023-03-01","009631","202000025354","0.8263","0.8263","","",""
"2023-03-02","009631","202000025354","0.8179","0.8179","","",""
"2023-03-03","009631","202000025354","0.8196","0.8196","","",""
"2023-03-06","009631","202000025354","0.8238","0.8238","","",""
"2023-03-07","009631","202000025354","0.8099","0.8099","","",""
"2023-03-08","009631","202000025354","0.8049","0.8049","","",""
"2023-03-09","009631","202000025354","0.7999","0.7999","","",""
"2023-03-10","009631","202000025354","0.7899","0.7899","","",""
"2023-03-13","009631","202000025354","0.8009","0.8009","","",""
"2023-03-14","009631","202000025354","0.7911","0.7911","","",""
"2023-03-15","009631","202000025354","0.7914","0.7914","","",""
"2023-03-16","009631","202000025354","0.7815","0.7815","","",""
"2023-03-17","009631","202000025354","0.7898","0.7898","","",""
"2023-03-20","009631","202000025354","0.7838","0.7838","","",""
"2023-03-21","009631","202000025354","0.7928","0.7928","","",""
"2023-03-22","009631","202000025354","0.7952","0.7952","","",""
"2023-03-23","009631","202000025354","0.8073","0.8073","","",""
"2023-03-24","009631","202000025354","0.8010","0.8010","","",""
"2023-03-27","009631","202000025354","0.7932","0.7932","","",""
"2023-03-28","009631","202000025354","0.7921","0.7921","","",""
"2023-03-29","009631","202000025354","0.7936","0.7936","","",""
"2023-03-30","009631","202000025354","0.7986","0.7986","","",""
"2023-03-31","009631","202000025354","0.8017","0.8017","","",""
"2022-04-06","010070","202000024212","0.9804","0.9804","","",""
"2022-04-07","010070","202000024212","0.9640","0.9640","","",""
"2022-04-08","010070","202000024212","0.9699","0.9699","","",""
"2022-04-11","010070","202000024212","0.9412","0.9412","","",""
"2022-04-12","010070","202000024212","0.9477","0.9477","","",""
"2022-04-13","010070","202000024212","0.9474","0.9474","","",""
"2022-04-14","010070","202000024212","0.9612","0.9612","","",""
"2022-04-15","010070","202000024212","0.9682","0.9682","","",""
"2022-04-18","010070","202000024212","0.9599","0.9599","","",""
"2022-04-19","010070","202000024212","0.9504","0.9504","","",""
"2022-04-20","010070","202000024212","0.9346","0.9346","","",""
"2022-04-21","010070","202000024212","0.9223","0.9223","","",""
"2022-04-22","010070","202000024212","0.9297","0.9297","","",""
"2022-04-25","010070","202000024212","0.8901","0.8901","","",""
"2022-04-26","010070","202000024212","0.8871","0.8871","","",""
"2022-04-27","010070","202000024212","0.9061","0.9061","","",""
"2022-04-28","010070","202000024212","0.9193","0.9193","","",""
"2022-04-29","010070","202000024212","0.9442","0.9442","","",""
"2022-05-05","010070","202000024212","0.9376","0.9376","","",""
"2022-05-06","010070","202000024212","0.9082","0.9082","","",""
"2022-05-09","010070","202000024212","0.9005","0.9005","","",""
"2022-05-10","010070","202000024212","0.9100","0.9100","","",""
"2022-05-11","010070","202000024212","0.9150","0.9150","","",""
"2022-05-12","010070","202000024212","0.9056","0.9056","","",""
"2022-05-13","010070","202000024212","0.9121","0.9121","","",""
"2022-05-16","010070","202000024212","0.9090","0.9090","","",""
"2022-05-17","010070","202000024212","0.9201","0.9201","","",""
"2022-05-18","010070","202000024212","0.9173","0.9173","","",""
"2022-05-19","010070","202000024212","0.9148","0.9148","","",""
"2022-05-20","010070","202000024212","0.9282","0.9282","","",""
"2022-05-23","010070","202000024212","0.9140","0.9140","","",""
"2022-05-24","010070","202000024212","0.8999","0.8999","","",""
"2022-05-25","010070","202000024212","0.9032","0.9032","","",""
"2022-05-26","010070","202000024212","0.9079","0.9079","","",""
"2022-05-27","010070","202000024212","0.9063","0.9063","","",""
"2022-05-30","010070","202000024212","0.9128","0.9128","","",""
"2022-05-31","010070","202000024212","0.9249","0.9249","","",""
"2022-06-01","010070","202000024212","0.9291","0.9291","","",""
"2022-06-02","010070","202000024212","0.9221","0.9221","","",""
"2022-06-06","010070","202000024212","0.9306","0.9306","","",""
"2022-06-07","010070","202000024212","0.9373","0.9373","","",""
"2022-06-08","010070","202000024212","0.9508","0.9508","","",""
"2022-06-09","010070","202000024212","0.9447","0.9447","","",""
"2022-06-10","010070","202000024212","0.9546","0.9546","","",""
"2022-06-13","010070","202000024212","0.9410","0.9410","","",""
"2022-06-14","010070","202000024212","0.9520","0.9520","","",""
"2022-06-15","010070","202000024212","0.9676","0.9676","","",""
"2022-06-16","010070","202000024212","0.9593","0.9593","","",""
"2022-06-17","010070","202000024212","0.9681","0.9681","","",""
"2022-06-20","010070","202000024212","0.9765","0.9765","","",""
"2022-06-21","010070","202000024212","0.9789","0.9789","","",""
"2022-06-22","010070","202000024212","0.9635","0.9635","","",""
"2022-06-23","010070","202000024212","0.9789","0.9789","","",""
"2022-06-24","010070","202000024212","0.9840","0.9840","","",""
"2022-06-27","010070","202000024212","0.9944","0.9944","","",""
"2022-06-28","010070","202000024212","0.9984","0.9984","","",""
"2022-06-29","010070","202000024212","0.9970","0.9970","","",""
"2022-06-30","010070","202000024212","1.0118","1.0118","","",""
"2022-07-01","010070","202000024212","1.0021","1.0021","","",""
"2022-07-04","010070","202000024212","1.0034","1.0034","","",""
"2022-07-05","010070","202000024212","0.9992","0.9992","","",""
"2022-07-06","010070","202000024212","0.9850","0.9850","","",""
"2022-07-07","010070","202000024212","0.9862","0.9862","","",""
"2022-07-08","010070","202000024212","0.9842","0.9842","","",""
"2022-07-11","010070","202000024212","0.9693","0.9693","","",""
"2022-07-12","010070","202000024212","0.9689","0.9689","","",""
"2022-07-13","010070","202000024212","0.9678","0.9678","","",""
"2022-07-14","010070","202000024212","0.9638","0.9638","","",""
"2022-07-15","010070","202000024212","0.9459","0.9459","","",""
"2022-07-18","010070","202000024212","0.9615","0.9615","","",""
"2022-07-19","010070","202000024212","0.9541","0.9541","","",""
"2022-07-20","010070","202000024212","0.9517","0.9517","","",""
"2022-07-21","010070","202000024212","0.9383","0.9383","","",""
"2022-07-22","010070","202000024212","0.9372","0.9372","","",""
"2022-07-25","010070","202000024212","0.9421","0.9421","","",""
"2022-07-26","010070","202000024212","0.9514","0.9514","","",""
"2022-07-27","010070","202000024212","0.9458","0.9458","","",""
"2022-07-28","010070","202000024212","0.9418","0.9418","","",""
"2022-07-29","010070","202000024212","0.9262","0.9262","","",""
"2022-08-01","010070","202000024212","0.9228","0.9228","","",""
"2022-08-02","010070","202000024212","0.9055","0.9055","","",""
"2022-08-03","010070","202000024212","0.8909","0.8909","","",""
"2022-08-04","010070","202000024212","0.9008","0.9008","","",""
"2022-08-05","010070","202000024212","0.9137","0.9137","","",""
"2022-08-08","010070","202000024212","0.9092","0.9092","","",""
"2022-08-09","010070","202000024212","0.9092","0.9092","","",""
"2022-08-10","010070","202000024212","0.8965","0.8965","","",""
"2022-08-11","010070","202000024212","0.9166","0.9166","","",""
"2022-08-12","010070","202000024212","0.9201","0.9201","","",""
"2022-08-15","010070","202000024212","0.9172","0.9172","","",""
"2022-08-16","010070","202000024212","0.9178","0.9178","","",""
"2022-08-17","010070","202000024212","0.9341","0.9341","","",""
"2022-08-18","010070","202000024212","0.9259","0.9259","","",""
"2022-08-19","010070","202000024212","0.9280","0.9280","","",""
"2022-08-22","010070","202000024212","0.9334","0.9334","","",""
"2022-08-23","010070","202000024212","0.9248","0.9248","","",""
"2022-08-24","010070","202000024212","0.9095","0.9095","","",""
"2022-08-25","010070","202000024212","0.9193","0.9193","","",""
"2022-08-26","010070","202000024212","0.9167","0.9167","","",""
"2022-08-29","010070","202000024212","0.9125","0.9125","","",""
"2022-08-30","010070","202000024212","0.9119","0.9119","","",""
"2022-08-31","010070","202000024212","0.9238","0.9238","","",""
"2022-09-01","010070","202000024212","0.9191","0.9191","","",""
"2022-09-02","010070","202000024212","0.9129","0.9129","","",""
"2022-09-05","010070","202000024212","0.9091","0.9091","","",""
"2022-09-06","010070","202000024212","0.9137","0.9137","","",""
"2022-09-07","010070","202000024212","0.9088","0.9088","","",""
"2022-09-08","010070","202000024212","0.9099","0.9099","","",""
"2022-09-09","010070","202000024212","0.9281","0.9281","","",""
"2022-09-13","010070","202000024212","0.9382","0.9382","","",""
"2022-09-14","010070","202000024212","0.9257","0.9257","","",""
"2022-09-15","010070","202000024212","0.9265","0.9265","","",""
"2022-09-16","010070","202000024212","0.9068","0.9068","","",""
"2022-09-19","010070","202000024212","0.9100","0.9100","","",""
"2022-09-20","010070","202000024212","0.9025","0.9025","","",""
"2022-09-21","010070","202000024212","0.8998","0.8998","","",""
"2022-09-22","010070","202000024212","0.8866","0.8866","","",""
"2022-09-23","010070","202000024212","0.8849","0.8849","","",""
"2022-09-26","010070","202000024212","0.8794","0.8794","","",""
"2022-09-27","010070","202000024212","0.8938","0.8938","","",""
"2022-09-28","010070","202000024212","0.8887","0.8887","","",""
"2022-09-29","010070","202000024212","0.8845","0.8845","","",""
"2022-09-30","010070","202000024212","0.8884","0.8884","","",""
"2022-10-10","010070","202000024212","0.8702","0.8702","","",""
"2022-10-11","010070","202000024212","0.8685","0.8685","","",""
"2022-10-12","010070","202000024212","0.8770","0.8770","","",""
"2022-10-13","010070","202000024212","0.8653","0.8653","","",""
"2022-10-14","010070","202000024212","0.8797","0.8797","","",""
"2022-10-17","010070","202000024212","0.8788","0.8788","","",""
"2022-10-18","010070","202000024212","0.8746","0.8746","","",""
"2022-10-19","010070","202000024212","0.8610","0.8610","","",""
"2022-10-20","010070","202000024212","0.8502","0.8502","","",""
"2022-10-21","010070","202000024212","0.8448","0.8448","","",""
"2022-10-24","010070","202000024212","0.8091","0.8091","","",""
"2022-10-25","010070","202000024212","0.8067","0.8067","","",""
"2022-10-26","010070","202000024212","0.8047","0.8047","","",""
"2022-10-27","010070","202000024212","0.7984","0.7984","","",""
"2022-10-28","010070","202000024212","0.7681","0.7681","","",""
"2022-10-31","010070","202000024212","0.7509","0.7509","","",""
"2022-11-01","010070","202000024212","0.7779","0.7779","","",""
"2022-11-02","010070","202000024212","0.7929","0.7929","","",""
"2022-11-03","010070","202000024212","0.7844","0.7844","","",""
"2022-11-04","010070","202000024212","0.8114","0.8114","","",""
"2022-11-07","010070","202000024212","0.8144","0.8144","","",""
"2022-11-08","010070","202000024212","0.8103","0.8103","","",""
"2022-11-09","010070","202000024212","0.8065","0.8065","","",""
"2022-11-10","010070","202000024212","0.8049","0.8049","","",""
"2022-11-11","010070","202000024212","0.8414","0.8414","","",""
"2022-11-14","010070","202000024212","0.8552","0.8552","","",""
"2022-11-15","010070","202000024212","0.8636","0.8636","","",""
"2022-11-16","010070","202000024212","0.8554","0.8554","","",""
"2022-11-17","010070","202000024212","0.8495","0.8495","","",""
"2022-11-18","010070","202000024212","0.8503","0.8503","","",""
"2022-11-21","010070","202000024212","0.8423","0.8423","","",""
"2022-11-22","010070","202000024212","0.8407","0.8407","","",""
"2022-11-23","010070","202000024212","0.8358","0.8358","","",""
"2022-11-24","010070","202000024212","0.8344","0.8344","","",""
"2022-11-25","010070","202000024212","0.8479","0.8479","","",""
"2022-11-28","010070","202000024212","0.8366","0.8366","","",""
"2022-11-29","010070","202000024212","0.8795","0.8795","","",""
"2022-11-30","010070","202000024212","0.8749","0.8749","","",""
"2022-12-01","010070","202000024212","0.8862","0.8862","","",""
"2022-12-02","010070","202000024212","0.8751","0.8751","","",""
"2022-12-05","010070","202000024212","0.8977","0.8977","","",""
"2022-12-06","010070","202000024212","0.9041","0.9041","","",""
"2022-12-07","010070","202000024212","0.9002","0.9002","","",""
"2022-12-08","010070","202000024212","0.9079","0.9079","","",""
"2022-12-09","010070","202000024212","0.9293","0.9293","","",""
"2022-12-12","010070","202000024212","0.9167","0.9167","","",""
"2022-12-13","010070","202000024212","0.9154","0.9154","","",""
"2022-12-14","010070","202000024212","0.9233","0.9233","","",""
"2022-12-15","010070","202000024212","0.9191","0.9191","","",""
"2022-12-16","010070","202000024212","0.9224","0.9224","","",""
"2022-12-19","010070","202000024212","0.9137","0.9137","","",""
"2022-12-20","010070","202000024212","0.8928","0.8928","","",""
"2022-12-21","010070","202000024212","0.8974","0.8974","","",""
"2022-12-22","010070","202000024212","0.9002","0.9002","","",""
"2022-12-23","010070","202000024212","0.9042","0.9042","","",""
"2022-12-26","010070","202000024212","0.9003","0.9003","","",""
"2022-12-27","010070","202000024212","0.9118","0.9118","","",""
"2022-12-28","010070","202000024212","0.9129","0.9129","","",""
"2022-12-29","010070","202000024212","0.9106","0.9106","","",""
"2022-12-30","010070","202000024212","0.9101","0.9101","","",""
"2022-12-31","010070","202000024212","0.9101","0.9101","","",""
"2023-01-03","010070","202000024212","0.9118","0.9118","","",""
"2023-01-04","010070","202000024212","0.9230","0.9230","","",""
"2023-01-05","010070","202000024212","0.9416","0.9416","","",""
"2023-01-06","010070","202000024212","0.9330","0.9330","","",""
"2023-01-09","010070","202000024212","0.9323","0.9323","","",""
"2023-01-10","010070","202000024212","0.9331","0.9331","","",""
"2023-01-11","010070","202000024212","0.9344","0.9344","","",""
"2023-01-12","010070","202000024212","0.9321","0.9321","","",""
"2023-01-13","010070","202000024212","0.9454","0.9454","","",""
"2023-01-16","010070","202000024212","0.9623","0.9623","","",""
"2023-01-17","010070","202000024212","0.9586","0.9586","","",""
"2023-01-18","010070","202000024212","0.9508","0.9508","","",""
"2023-01-19","010070","202000024212","0.9596","0.9596","","",""
"2023-01-20","010070","202000024212","0.9615","0.9615","","",""
"2023-01-30","010070","202000024212","0.9646","0.9646","","",""
"2023-01-31","010070","202000024212","0.9537","0.9537","","",""
"2023-02-01","010070","202000024212","0.9525","0.9525","","",""
"2023-02-02","010070","202000024212","0.9490","0.9490","","",""
"2023-02-03","010070","202000024212","0.9396","0.9396","","",""
"2023-02-06","010070","202000024212","0.9215","0.9215","","",""
"2023-02-07","010070","202000024212","0.9237","0.9237","","",""
"2023-02-08","010070","202000024212","0.9238","0.9238","","",""
"2023-02-09","010070","202000024212","0.9348","0.9348","","",""
"2023-02-10","010070","202000024212","0.9337","0.9337","","",""
"2023-02-13","010070","202000024212","0.9358","0.9358","","",""
"2023-02-14","010070","202000024212","0.9356","0.9356","","",""
"2023-02-15","010070","202000024212","0.9236","0.9236","","",""
"2023-02-16","010070","202000024212","0.9224","0.9224","","",""
"2023-02-17","010070","202000024212","0.9125","0.9125","","",""
"2023-02-20","010070","202000024212","0.9340","0.9340","","",""
"2023-02-21","010070","202000024212","0.9330","0.9330","","",""
"2023-02-22","010070","202000024212","0.9209","0.9209","","",""
"2023-02-23","010070","202000024212","0.9186","0.9186","","",""
"2023-02-24","010070","202000024212","0.9079","0.9079","","",""
"2023-02-27","010070","202000024212","0.9044","0.9044","","",""
"2023-02-28","010070","202000024212","0.9104","0.9104","","",""
"2023-03-01","010070","202000024212","0.9265","0.9265","","",""
"2023-03-02","010070","202000024212","0.9226","0.9226","","",""
"2023-03-03","010070","202000024212","0.9228","0.9228","","",""
"2023-03-06","010070","202000024212","0.9109","0.9109","","",""
"2023-03-07","010070","202000024212","0.8953","0.8953","","",""
"2023-03-08","010070","202000024212","0.8910","0.8910","","",""
"2023-03-09","010070","202000024212","0.8836","0.8836","","",""
"2023-03-10","010070","202000024212","0.8745","0.8745","","",""
"2023-03-13","010070","202000024212","0.8810","0.8810","","",""
"2023-03-14","010070","202000024212","0.8739","0.8739","","",""
"2023-03-15","010070","202000024212","0.8752","0.8752","","",""
"2023-03-16","010070","202000024212","0.8625","0.8625","","",""
"2023-03-17","010070","202000024212","0.8650","0.8650","","",""
"2023-03-20","010070","202000024212","0.8644","0.8644","","",""
"2023-03-21","010070","202000024212","0.8750","0.8750","","",""
"2023-03-22","010070","202000024212","0.8851","0.8851","","",""
"2023-03-23","010070","202000024212","0.8891","0.8891","","",""
"2023-03-24","010070","202000024212","0.8853","0.8853","","",""
"2023-03-27","010070","202000024212","0.8820","0.8820","","",""
"2023-03-28","010070","202000024212","0.8777","0.8777","","",""
"2023-03-29","010070","202000024212","0.8758","0.8758","","",""
"2023-03-30","010070","202000024212","0.8827","0.8827","","",""
"2023-03-31","010070","202000024212","0.8832","0.8832","","",""
"2022-04-06","010071","202000024213","0.9785","0.9785","","",""
"2022-04-07","010071","202000024213","0.9621","0.9621","","",""
"2022-04-08","010071","202000024213","0.9680","0.9680","","",""
"2022-04-11","010071","202000024213","0.9393","0.9393","","",""
"2022-04-12","010071","202000024213","0.9459","0.9459","","",""
"2022-04-13","010071","202000024213","0.9455","0.9455","","",""
"2022-04-14","010071","202000024213","0.9593","0.9593","","",""
"2022-04-15","010071","202000024213","0.9663","0.9663","","",""
"2022-04-18","010071","202000024213","0.9579","0.9579","","",""
"2022-04-19","010071","202000024213","0.9485","0.9485","","",""
"2022-04-20","010071","202000024213","0.9327","0.9327","","",""
"2022-04-21","010071","202000024213","0.9204","0.9204","","",""
"2022-04-22","010071","202000024213","0.9279","0.9279","","",""
"2022-04-25","010071","202000024213","0.8884","0.8884","","",""
"2022-04-26","010071","202000024213","0.8853","0.8853","","",""
"2022-04-27","010071","202000024213","0.9042","0.9042","","",""
"2022-04-28","010071","202000024213","0.9175","0.9175","","",""
"2022-04-29","010071","202000024213","0.9423","0.9423","","",""
"2022-05-05","010071","202000024213","0.9356","0.9356","","",""
"2022-05-06","010071","202000024213","0.9063","0.9063","","",""
"2022-05-09","010071","202000024213","0.8986","0.8986","","",""
"2022-05-10","010071","202000024213","0.9081","0.9081","","",""
"2022-05-11","010071","202000024213","0.9131","0.9131","","",""
"2022-05-12","010071","202000024213","0.9037","0.9037","","",""
"2022-05-13","010071","202000024213","0.9102","0.9102","","",""
"2022-05-16","010071","202000024213","0.9071","0.9071","","",""
"2022-05-17","010071","202000024213","0.9182","0.9182","","",""
"2022-05-18","010071","202000024213","0.9154","0.9154","","",""
"2022-05-19","010071","202000024213","0.9129","0.9129","","",""
"2022-05-20","010071","202000024213","0.9263","0.9263","","",""
"2022-05-23","010071","202000024213","0.9121","0.9121","","",""
"2022-05-24","010071","202000024213","0.8980","0.8980","","",""
"2022-05-25","010071","202000024213","0.9012","0.9012","","",""
"2022-05-26","010071","202000024213","0.9060","0.9060","","",""
"2022-05-27","010071","202000024213","0.9044","0.9044","","",""
"2022-05-30","010071","202000024213","0.9109","0.9109","","",""
"2022-05-31","010071","202000024213","0.9229","0.9229","","",""
"2022-06-01","010071","202000024213","0.9271","0.9271","","",""
"2022-06-02","010071","202000024213","0.9201","0.9201","","",""
"2022-06-06","010071","202000024213","0.9285","0.9285","","",""
"2022-06-07","010071","202000024213","0.9353","0.9353","","",""
"2022-06-08","010071","202000024213","0.9487","0.9487","","",""
"2022-06-09","010071","202000024213","0.9426","0.9426","","",""
"2022-06-10","010071","202000024213","0.9525","0.9525","","",""
"2022-06-13","010071","202000024213","0.9389","0.9389","","",""
"2022-06-14","010071","202000024213","0.9499","0.9499","","",""
"2022-06-15","010071","202000024213","0.9654","0.9654","","",""
"2022-06-16","010071","202000024213","0.9572","0.9572","","",""
"2022-06-17","010071","202000024213","0.9659","0.9659","","",""
"2022-06-20","010071","202000024213","0.9743","0.9743","","",""
"2022-06-21","010071","202000024213","0.9767","0.9767","","",""
"2022-06-22","010071","202000024213","0.9613","0.9613","","",""
"2022-06-23","010071","202000024213","0.9767","0.9767","","",""
"2022-06-24","010071","202000024213","0.9817","0.9817","","",""
"2022-06-27","010071","202000024213","0.9922","0.9922","","",""
"2022-06-28","010071","202000024213","0.9961","0.9961","","",""
"2022-06-29","010071","202000024213","0.9948","0.9948","","",""
"2022-06-30","010071","202000024213","1.0095","1.0095","","",""
"2022-07-01","010071","202000024213","0.9998","0.9998","","",""
"2022-07-04","010071","202000024213","1.0011","1.0011","","",""
"2022-07-05","010071","202000024213","0.9969","0.9969","","",""
"2022-07-06","010071","202000024213","0.9827","0.9827","","",""
"2022-07-07","010071","202000024213","0.9839","0.9839","","",""
"2022-07-08","010071","202000024213","0.9819","0.9819","","",""
"2022-07-11","010071","202000024213","0.9671","0.9671","","",""
"2022-07-12","010071","202000024213","0.9666","0.9666","","",""
"2022-07-13","010071","202000024213","0.9655","0.9655","","",""
"2022-07-14","010071","202000024213","0.9615","0.9615","","",""
"2022-07-15","010071","202000024213","0.9436","0.9436","","",""
"2022-07-18","010071","202000024213","0.9592","0.9592","","",""
"2022-07-19","010071","202000024213","0.9518","0.9518","","",""
"2022-07-20","010071","202000024213","0.9495","0.9495","","",""
"2022-07-21","010071","202000024213","0.9360","0.9360","","",""
"2022-07-22","010071","202000024213","0.9350","0.9350","","",""
"2022-07-25","010071","202000024213","0.9399","0.9399","","",""
"2022-07-26","010071","202000024213","0.9492","0.9492","","",""
"2022-07-27","010071","202000024213","0.9435","0.9435","","",""
"2022-07-28","010071","202000024213","0.9395","0.9395","","",""
"2022-07-29","010071","202000024213","0.9240","0.9240","","",""
"2022-08-01","010071","202000024213","0.9206","0.9206","","",""
"2022-08-02","010071","202000024213","0.9033","0.9033","","",""
"2022-08-03","010071","202000024213","0.8887","0.8887","","",""
"2022-08-04","010071","202000024213","0.8986","0.8986","","",""
"2022-08-05","010071","202000024213","0.9115","0.9115","","",""
"2022-08-08","010071","202000024213","0.9070","0.9070","","",""
"2022-08-09","010071","202000024213","0.9069","0.9069","","",""
"2022-08-10","010071","202000024213","0.8943","0.8943","","",""
"2022-08-11","010071","202000024213","0.9143","0.9143","","",""
"2022-08-12","010071","202000024213","0.9178","0.9178","","",""
"2022-08-15","010071","202000024213","0.9149","0.9149","","",""
"2022-08-16","010071","202000024213","0.9155","0.9155","","",""
"2022-08-17","010071","202000024213","0.9318","0.9318","","",""
"2022-08-18","010071","202000024213","0.9236","0.9236","","",""
"2022-08-19","010071","202000024213","0.9257","0.9257","","",""
"2022-08-22","010071","202000024213","0.9310","0.9310","","",""
"2022-08-23","010071","202000024213","0.9225","0.9225","","",""
"2022-08-24","010071","202000024213","0.9072","0.9072","","",""
"2022-08-25","010071","202000024213","0.9170","0.9170","","",""
"2022-08-26","010071","202000024213","0.9144","0.9144","","",""
"2022-08-29","010071","202000024213","0.9102","0.9102","","",""
"2022-08-30","010071","202000024213","0.9096","0.9096","","",""
"2022-08-31","010071","202000024213","0.9215","0.9215","","",""
"2022-09-01","010071","202000024213","0.9168","0.9168","","",""
"2022-09-02","010071","202000024213","0.9106","0.9106","","",""
"2022-09-05","010071","202000024213","0.9068","0.9068","","",""
"2022-09-06","010071","202000024213","0.9113","0.9113","","",""
"2022-09-07","010071","202000024213","0.9065","0.9065","","",""
"2022-09-08","010071","202000024213","0.9076","0.9076","","",""
"2022-09-09","010071","202000024213","0.9257","0.9257","","",""
"2022-09-13","010071","202000024213","0.9357","0.9357","","",""
"2022-09-14","010071","202000024213","0.9233","0.9233","","",""
"2022-09-15","010071","202000024213","0.9241","0.9241","","",""
"2022-09-16","010071","202000024213","0.9045","0.9045","","",""
"2022-09-19","010071","202000024213","0.9076","0.9076","","",""
"2022-09-20","010071","202000024213","0.9002","0.9002","","",""
"2022-09-21","010071","202000024213","0.8974","0.8974","","",""
"2022-09-22","010071","202000024213","0.8842","0.8842","","",""
"2022-09-23","010071","202000024213","0.8825","0.8825","","",""
"2022-09-26","010071","202000024213","0.8770","0.8770","","",""
"2022-09-27","010071","202000024213","0.8914","0.8914","","",""
"2022-09-28","010071","202000024213","0.8864","0.8864","","",""
"2022-09-29","010071","202000024213","0.8821","0.8821","","",""
"2022-09-30","010071","202000024213","0.8861","0.8861","","",""
"2022-10-10","010071","202000024213","0.8679","0.8679","","",""
"2022-10-11","010071","202000024213","0.8661","0.8661","","",""
"2022-10-12","010071","202000024213","0.8747","0.8747","","",""
"2022-10-13","010071","202000024213","0.8630","0.8630","","",""
"2022-10-14","010071","202000024213","0.8773","0.8773","","",""
"2022-10-17","010071","202000024213","0.8764","0.8764","","",""
"2022-10-18","010071","202000024213","0.8722","0.8722","","",""
"2022-10-19","010071","202000024213","0.8586","0.8586","","",""
"2022-10-20","010071","202000024213","0.8479","0.8479","","",""
"2022-10-21","010071","202000024213","0.8424","0.8424","","",""
"2022-10-24","010071","202000024213","0.8069","0.8069","","",""
"2022-10-25","010071","202000024213","0.8044","0.8044","","",""
"2022-10-26","010071","202000024213","0.8025","0.8025","","",""
"2022-10-27","010071","202000024213","0.7961","0.7961","","",""
"2022-10-28","010071","202000024213","0.7660","0.7660","","",""
"2022-10-31","010071","202000024213","0.7488","0.7488","","",""
"2022-11-01","010071","202000024213","0.7758","0.7758","","",""
"2022-11-02","010071","202000024213","0.7907","0.7907","","",""
"2022-11-03","010071","202000024213","0.7822","0.7822","","",""
"2022-11-04","010071","202000024213","0.8091","0.8091","","",""
"2022-11-07","010071","202000024213","0.8121","0.8121","","",""
"2022-11-08","010071","202000024213","0.8080","0.8080","","",""
"2022-11-09","010071","202000024213","0.8042","0.8042","","",""
"2022-11-10","010071","202000024213","0.8026","0.8026","","",""
"2022-11-11","010071","202000024213","0.8390","0.8390","","",""
"2022-11-14","010071","202000024213","0.8527","0.8527","","",""
"2022-11-15","010071","202000024213","0.8612","0.8612","","",""
"2022-11-16","010071","202000024213","0.8529","0.8529","","",""
"2022-11-17","010071","202000024213","0.8471","0.8471","","",""
"2022-11-18","010071","202000024213","0.8478","0.8478","","",""
"2022-11-21","010071","202000024213","0.8399","0.8399","","",""
"2022-11-22","010071","202000024213","0.8382","0.8382","","",""
"2022-11-23","010071","202000024213","0.8334","0.8334","","",""
"2022-11-24","010071","202000024213","0.8320","0.8320","","",""
"2022-11-25","010071","202000024213","0.8455","0.8455","","",""
"2022-11-28","010071","202000024213","0.8342","0.8342","","",""
"2022-11-29","010071","202000024213","0.8769","0.8769","","",""
"2022-11-30","010071","202000024213","0.8723","0.8723","","",""
"2022-12-01","010071","202000024213","0.8836","0.8836","","",""
"2022-12-02","010071","202000024213","0.8725","0.8725","","",""
"2022-12-05","010071","202000024213","0.8951","0.8951","","",""
"2022-12-06","010071","202000024213","0.9014","0.9014","","",""
"2022-12-07","010071","202000024213","0.8975","0.8975","","",""
"2022-12-08","010071","202000024213","0.9052","0.9052","","",""
"2022-12-09","010071","202000024213","0.9266","0.9266","","",""
"2022-12-12","010071","202000024213","0.9140","0.9140","","",""
"2022-12-13","010071","202000024213","0.9127","0.9127","","",""
"2022-12-14","010071","202000024213","0.9206","0.9206","","",""
"2022-12-15","010071","202000024213","0.9164","0.9164","","",""
"2022-12-16","010071","202000024213","0.9196","0.9196","","",""
"2022-12-19","010071","202000024213","0.9110","0.9110","","",""
"2022-12-20","010071","202000024213","0.8902","0.8902","","",""
"2022-12-21","010071","202000024213","0.8947","0.8947","","",""
"2022-12-22","010071","202000024213","0.8975","0.8975","","",""
"2022-12-23","010071","202000024213","0.9015","0.9015","","",""
"2022-12-26","010071","202000024213","0.8976","0.8976","","",""
"2022-12-27","010071","202000024213","0.9091","0.9091","","",""
"2022-12-28","010071","202000024213","0.9101","0.9101","","",""
"2022-12-29","010071","202000024213","0.9078","0.9078","","",""
"2022-12-30","010071","202000024213","0.9073","0.9073","","",""
"2022-12-31","010071","202000024213","0.9073","0.9073","","",""
"2023-01-03","010071","202000024213","0.9090","0.9090","","",""
"2023-01-04","010071","202000024213","0.9202","0.9202","","",""
"2023-01-05","010071","202000024213","0.9387","0.9387","","",""
"2023-01-06","010071","202000024213","0.9301","0.9301","","",""
"2023-01-09","010071","202000024213","0.9294","0.9294","","",""
"2023-01-10","010071","202000024213","0.9302","0.9302","","",""
"2023-01-11","010071","202000024213","0.9315","0.9315","","",""
"2023-01-12","010071","202000024213","0.9293","0.9293","","",""
"2023-01-13","010071","202000024213","0.9425","0.9425","","",""
"2023-01-16","010071","202000024213","0.9593","0.9593","","",""
"2023-01-17","010071","202000024213","0.9557","0.9557","","",""
"2023-01-18","010071","202000024213","0.9479","0.9479","","",""
"2023-01-19","010071","202000024213","0.9566","0.9566","","",""
"2023-01-20","010071","202000024213","0.9585","0.9585","","",""
"2023-01-30","010071","202000024213","0.9616","0.9616","","",""
"2023-01-31","010071","202000024213","0.9507","0.9507","","",""
"2023-02-01","010071","202000024213","0.9495","0.9495","","",""
"2023-02-02","010071","202000024213","0.9460","0.9460","","",""
"2023-02-03","010071","202000024213","0.9366","0.9366","","",""
"2023-02-06","010071","202000024213","0.9186","0.9186","","",""
"2023-02-07","010071","202000024213","0.9207","0.9207","","",""
"2023-02-08","010071","202000024213","0.9209","0.9209","","",""
"2023-02-09","010071","202000024213","0.9318","0.9318","","",""
"2023-02-10","010071","202000024213","0.9307","0.9307","","",""
"2023-02-13","010071","202000024213","0.9328","0.9328","","",""
"2023-02-14","010071","202000024213","0.9326","0.9326","","",""
"2023-02-15","010071","202000024213","0.9206","0.9206","","",""
"2023-02-16","010071","202000024213","0.9194","0.9194","","",""
"2023-02-17","010071","202000024213","0.9095","0.9095","","",""
"2023-02-20","010071","202000024213","0.9309","0.9309","","",""
"2023-02-21","010071","202000024213","0.9300","0.9300","","",""
"2023-02-22","010071","202000024213","0.9179","0.9179","","",""
"2023-02-23","010071","202000024213","0.9156","0.9156","","",""
"2023-02-24","010071","202000024213","0.9049","0.9049","","",""
"2023-02-27","010071","202000024213","0.9015","0.9015","","",""
"2023-02-28","010071","202000024213","0.9075","0.9075","","",""
"2023-03-01","010071","202000024213","0.9234","0.9234","","",""
"2023-03-02","010071","202000024213","0.9196","0.9196","","",""
"2023-03-03","010071","202000024213","0.9197","0.9197","","",""
"2023-03-06","010071","202000024213","0.9079","0.9079","","",""
"2023-03-07","010071","202000024213","0.8923","0.8923","","",""
"2023-03-08","010071","202000024213","0.8880","0.8880","","",""
"2023-03-09","010071","202000024213","0.8807","0.8807","","",""
"2023-03-10","010071","202000024213","0.8716","0.8716","","",""
"2023-03-13","010071","202000024213","0.8781","0.8781","","",""
"2023-03-14","010071","202000024213","0.8710","0.8710","","",""
"2023-03-15","010071","202000024213","0.8723","0.8723","","",""
"2023-03-16","010071","202000024213","0.8596","0.8596","","",""
"2023-03-17","010071","202000024213","0.8621","0.8621","","",""
"2023-03-20","010071","202000024213","0.8615","0.8615","","",""
"2023-03-21","010071","202000024213","0.8721","0.8721","","",""
"2023-03-22","010071","202000024213","0.8821","0.8821","","",""
"2023-03-23","010071","202000024213","0.8861","0.8861","","",""
"2023-03-24","010071","202000024213","0.8823","0.8823","","",""
"2023-03-27","010071","202000024213","0.8790","0.8790","","",""
"2023-03-28","010071","202000024213","0.8747","0.8747","","",""
"2023-03-29","010071","202000024213","0.8728","0.8728","","",""
"2023-03-30","010071","202000024213","0.8797","0.8797","","",""
"2023-03-31","010071","202000024213","0.8802","0.8802","","",""
"2022-04-06","011122","202000027875","0.7818","0.7818","","",""
"2022-04-07","011122","202000027875","0.7693","0.7693","","",""
"2022-04-08","011122","202000027875","0.7680","0.7680","","",""
"2022-04-11","011122","202000027875","0.7366","0.7366","","",""
"2022-04-12","011122","202000027875","0.7397","0.7397","","",""
"2022-04-13","011122","202000027875","0.7273","0.7273","","",""
"2022-04-14","011122","202000027875","0.7300","0.7300","","",""
"2022-04-15","011122","202000027875","0.7315","0.7315","","",""
"2022-04-18","011122","202000027875","0.7456","0.7456","","",""
"2022-04-19","011122","202000027875","0.7313","0.7313","","",""
"2022-04-20","011122","202000027875","0.7119","0.7119","","",""
"2022-04-21","011122","202000027875","0.6962","0.6962","","",""
"2022-04-22","011122","202000027875","0.6935","0.6935","","",""
"2022-04-25","011122","202000027875","0.6592","0.6592","","",""
"2022-04-26","011122","202000027875","0.6525","0.6525","","",""
"2022-04-27","011122","202000027875","0.6832","0.6832","","",""
"2022-04-28","011122","202000027875","0.6856","0.6856","","",""
"2022-04-29","011122","202000027875","0.7147","0.7147","","",""
"2022-05-05","011122","202000027875","0.7075","0.7075","","",""
"2022-05-06","011122","202000027875","0.6912","0.6912","","",""
"2022-05-09","011122","202000027875","0.6845","0.6845","","",""
"2022-05-10","011122","202000027875","0.6999","0.6999","","",""
"2022-05-11","011122","202000027875","0.7247","0.7247","","",""
"2022-05-12","011122","202000027875","0.7211","0.7211","","",""
"2022-05-13","011122","202000027875","0.7292","0.7292","","",""
"2022-05-16","011122","202000027875","0.7203","0.7203","","",""
"2022-05-17","011122","202000027875","0.7442","0.7442","","",""
"2022-05-18","011122","202000027875","0.7462","0.7462","","",""
"2022-05-19","011122","202000027875","0.7553","0.7553","","",""
"2022-05-20","011122","202000027875","0.7636","0.7636","","",""
"2022-05-23","011122","202000027875","0.7596","0.7596","","",""
"2022-05-24","011122","202000027875","0.7376","0.7376","","",""
"2022-05-25","011122","202000027875","0.7382","0.7382","","",""
"2022-05-26","011122","202000027875","0.7339","0.7339","","",""
"2022-05-27","011122","202000027875","0.7393","0.7393","","",""
"2022-05-30","011122","202000027875","0.7511","0.7511","","",""
"2022-05-31","011122","202000027875","0.7663","0.7663","","",""
"2022-06-01","011122","202000027875","0.7659","0.7659","","",""
"2022-06-02","011122","202000027875","0.7784","0.7784","","",""
"2022-06-06","011122","202000027875","0.8056","0.8056","","",""
"2022-06-07","011122","202000027875","0.8019","0.8019","","",""
"2022-06-08","011122","202000027875","0.8060","0.8060","","",""
"2022-06-09","011122","202000027875","0.7929","0.7929","","",""
"2022-06-10","011122","202000027875","0.8005","0.8005","","",""
"2022-06-13","011122","202000027875","0.7833","0.7833","","",""
"2022-06-14","011122","202000027875","0.7769","0.7769","","",""
"2022-06-15","011122","202000027875","0.7845","0.7845","","",""
"2022-06-16","011122","202000027875","0.7872","0.7872","","",""
"2022-06-17","011122","202000027875","0.8057","0.8057","","",""
"2022-06-20","011122","202000027875","0.8150","0.8150","","",""
"2022-06-21","011122","202000027875","0.8105","0.8105","","",""
"2022-06-22","011122","202000027875","0.8051","0.8051","","",""
"2022-06-23","011122","202000027875","0.8215","0.8215","","",""
"2022-06-24","011122","202000027875","0.8394","0.8394","","",""
"2022-06-27","011122","202000027875","0.8467","0.8467","","",""
"2022-06-28","011122","202000027875","0.8546","0.8546","","",""
"2022-06-29","011122","202000027875","0.8341","0.8341","","",""
"2022-06-30","011122","202000027875","0.8427","0.8427","","",""
"2022-07-01","011122","202000027875","0.8375","0.8375","","",""
"2022-07-04","011122","202000027875","0.8439","0.8439","","",""
"2022-07-05","011122","202000027875","0.8510","0.8510","","",""
"2022-07-06","011122","202000027875","0.8523","0.8523","","",""
"2022-07-07","011122","202000027875","0.8587","0.8587","","",""
"2022-07-08","011122","202000027875","0.8502","0.8502","","",""
"2022-07-11","011122","202000027875","0.8328","0.8328","","",""
"2022-07-12","011122","202000027875","0.8144","0.8144","","",""
"2022-07-13","011122","202000027875","0.8251","0.8251","","",""
"2022-07-14","011122","202000027875","0.8410","0.8410","","",""
"2022-07-15","011122","202000027875","0.8365","0.8365","","",""
"2022-07-18","011122","202000027875","0.8444","0.8444","","",""
"2022-07-19","011122","202000027875","0.8385","0.8385","","",""
"2022-07-20","011122","202000027875","0.8428","0.8428","","",""
"2022-07-21","011122","202000027875","0.8437","0.8437","","",""
"2022-07-22","011122","202000027875","0.8442","0.8442","","",""
"2022-07-25","011122","202000027875","0.8296","0.8296","","",""
"2022-07-26","011122","202000027875","0.8402","0.8402","","",""
"2022-07-27","011122","202000027875","0.8410","0.8410","","",""
"2022-07-28","011122","202000027875","0.8348","0.8348","","",""
"2022-07-29","011122","202000027875","0.8229","0.8229","","",""
"2022-08-01","011122","202000027875","0.8382","0.8382","","",""
"2022-08-02","011122","202000027875","0.8298","0.8298","","",""
"2022-08-03","011122","202000027875","0.8206","0.8206","","",""
"2022-08-04","011122","202000027875","0.8259","0.8259","","",""
"2022-08-05","011122","202000027875","0.8318","0.8318","","",""
"2022-08-08","011122","202000027875","0.8317","0.8317","","",""
"2022-08-09","011122","202000027875","0.8352","0.8352","","",""
"2022-08-10","011122","202000027875","0.8270","0.8270","","",""
"2022-08-11","011122","202000027875","0.8340","0.8340","","",""
"2022-08-12","011122","202000027875","0.8250","0.8250","","",""
"2022-08-15","011122","202000027875","0.8399","0.8399","","",""
"2022-08-16","011122","202000027875","0.8394","0.8394","","",""
"2022-08-17","011122","202000027875","0.8395","0.8395","","",""
"2022-08-18","011122","202000027875","0.8469","0.8469","","",""
"2022-08-19","011122","202000027875","0.8307","0.8307","","",""
"2022-08-22","011122","202000027875","0.8428","0.8428","","",""
"2022-08-23","011122","202000027875","0.8505","0.8505","","",""
"2022-08-24","011122","202000027875","0.8250","0.8250","","",""
"2022-08-25","011122","202000027875","0.8175","0.8175","","",""
"2022-08-26","011122","202000027875","0.8142","0.8142","","",""
"2022-08-29","011122","202000027875","0.8181","0.8181","","",""
"2022-08-30","011122","202000027875","0.8119","0.8119","","",""
"2022-08-31","011122","202000027875","0.7867","0.7867","","",""
"2022-09-01","011122","202000027875","0.7741","0.7741","","",""
"2022-09-02","011122","202000027875","0.7731","0.7731","","",""
"2022-09-05","011122","202000027875","0.7872","0.7872","","",""
"2022-09-06","011122","202000027875","0.7987","0.7987","","",""
"2022-09-07","011122","202000027875","0.8094","0.8094","","",""
"2022-09-08","011122","202000027875","0.8042","0.8042","","",""
"2022-09-09","011122","202000027875","0.8046","0.8046","","",""
"2022-09-13","011122","202000027875","0.7997","0.7997","","",""
"2022-09-14","011122","202000027875","0.7936","0.7936","","",""
"2022-09-15","011122","202000027875","0.7634","0.7634","","",""
"2022-09-16","011122","202000027875","0.7616","0.7616","","",""
"2022-09-19","011122","202000027875","0.7584","0.7584","","",""
"2022-09-20","011122","202000027875","0.7726","0.7726","","",""
"2022-09-21","011122","202000027875","0.7638","0.7638","","",""
"2022-09-22","011122","202000027875","0.7674","0.7674","","",""
"2022-09-23","011122","202000027875","0.7574","0.7574","","",""
"2022-09-26","011122","202000027875","0.7702","0.7702","","",""
"2022-09-27","011122","202000027875","0.7741","0.7741","","",""
"2022-09-28","011122","202000027875","0.7573","0.7573","","",""
"2022-09-29","011122","202000027875","0.7632","0.7632","","",""
"2022-09-30","011122","202000027875","0.7429","0.7429","","",""
"2022-10-10","011122","202000027875","0.7262","0.7262","","",""
"2022-10-11","011122","202000027875","0.7304","0.7304","","",""
"2022-10-12","011122","202000027875","0.7499","0.7499","","",""
"2022-10-13","011122","202000027875","0.7455","0.7455","","",""
"2022-10-14","011122","202000027875","0.7555","0.7555","","",""
"2022-10-17","011122","202000027875","0.7546","0.7546","","",""
"2022-10-18","011122","202000027875","0.7602","0.7602","","",""
"2022-10-19","011122","202000027875","0.7547","0.7547","","",""
"2022-10-20","011122","202000027875","0.7400","0.7400","","",""
"2022-10-21","011122","202000027875","0.7382","0.7382","","",""
"2022-10-24","011122","202000027875","0.7278","0.7278","","",""
"2022-10-25","011122","202000027875","0.7337","0.7337","","",""
"2022-10-26","011122","202000027875","0.7430","0.7430","","",""
"2022-10-27","011122","202000027875","0.7334","0.7334","","",""
"2022-10-28","011122","202000027875","0.7096","0.7096","","",""
"2022-10-31","011122","202000027875","0.7107","0.7107","","",""
"2022-11-01","011122","202000027875","0.7270","0.7270","","",""
"2022-11-02","011122","202000027875","0.7375","0.7375","","",""
"2022-11-03","011122","202000027875","0.7435","0.7435","","",""
"2022-11-04","011122","202000027875","0.7615","0.7615","","",""
"2022-11-07","011122","202000027875","0.7588","0.7588","","",""
"2022-11-08","011122","202000027875","0.7517","0.7517","","",""
"2022-11-09","011122","202000027875","0.7427","0.7427","","",""
"2022-11-10","011122","202000027875","0.7233","0.7233","","",""
"2022-11-11","011122","202000027875","0.7303","0.7303","","",""
"2022-11-14","011122","202000027875","0.7136","0.7136","","",""
"2022-11-15","011122","202000027875","0.7266","0.7266","","",""
"2022-11-16","011122","202000027875","0.7179","0.7179","","",""
"2022-11-17","011122","202000027875","0.7074","0.7074","","",""
"2022-11-18","011122","202000027875","0.7103","0.7103","","",""
"2022-11-21","011122","202000027875","0.7115","0.7115","","",""
"2022-11-22","011122","202000027875","0.6974","0.6974","","",""
"2022-11-23","011122","202000027875","0.7051","0.7051","","",""
"2022-11-24","011122","202000027875","0.7085","0.7085","","",""
"2022-11-25","011122","202000027875","0.6922","0.6922","","",""
"2022-11-28","011122","202000027875","0.6902","0.6902","","",""
"2022-11-29","011122","202000027875","0.6882","0.6882","","",""
"2022-11-30","011122","202000027875","0.6954","0.6954","","",""
"2022-12-01","011122","202000027875","0.7031","0.7031","","",""
"2022-12-02","011122","202000027875","0.7049","0.7049","","",""
"2022-12-05","011122","202000027875","0.6941","0.6941","","",""
"2022-12-06","011122","202000027875","0.7016","0.7016","","",""
"2022-12-07","011122","202000027875","0.7084","0.7084","","",""
"2022-12-08","011122","202000027875","0.7090","0.7090","","",""
"2022-12-09","011122","202000027875","0.7087","0.7087","","",""
"2022-12-12","011122","202000027875","0.7018","0.7018","","",""
"2022-12-13","011122","202000027875","0.6896","0.6896","","",""
"2022-12-14","011122","202000027875","0.6877","0.6877","","",""
"2022-12-15","011122","202000027875","0.6948","0.6948","","",""
"2022-12-16","011122","202000027875","0.6820","0.6820","","",""
"2022-12-19","011122","202000027875","0.6807","0.6807","","",""
"2022-12-20","011122","202000027875","0.6728","0.6728","","",""
"2022-12-21","011122","202000027875","0.6675","0.6675","","",""
"2022-12-22","011122","202000027875","0.6631","0.6631","","",""
"2022-12-23","011122","202000027875","0.6534","0.6534","","",""
"2022-12-26","011122","202000027875","0.6760","0.6760","","",""
"2022-12-27","011122","202000027875","0.6828","0.6828","","",""
"2022-12-28","011122","202000027875","0.6796","0.6796","","",""
"2022-12-29","011122","202000027875","0.6814","0.6814","","",""
"2022-12-30","011122","202000027875","0.6794","0.6794","","",""
"2022-12-31","011122","202000027875","0.6793","0.6793","","",""
"2023-01-03","011122","202000027875","0.6868","0.6868","","",""
"2023-01-04","011122","202000027875","0.6783","0.6783","","",""
"2023-01-05","011122","202000027875","0.6930","0.6930","","",""
"2023-01-06","011122","202000027875","0.7064","0.7064","","",""
"2023-01-09","011122","202000027875","0.7065","0.7065","","",""
"2023-01-10","011122","202000027875","0.7116","0.7116","","",""
"2023-01-11","011122","202000027875","0.7025","0.7025","","",""
"2023-01-12","011122","202000027875","0.7028","0.7028","","",""
"2023-01-13","011122","202000027875","0.7006","0.7006","","",""
"2023-01-16","011122","202000027875","0.7021","0.7021","","",""
"2023-01-17","011122","202000027875","0.7049","0.7049","","",""
"2023-01-18","011122","202000027875","0.7061","0.7061","","",""
"2023-01-19","011122","202000027875","0.7045","0.7045","","",""
"2023-01-20","011122","202000027875","0.7138","0.7138","","",""
"2023-01-30","011122","202000027875","0.7284","0.7284","","",""
"2023-01-31","011122","202000027875","0.7272","0.7272","","",""
"2023-02-01","011122","202000027875","0.7323","0.7323","","",""
"2023-02-02","011122","202000027875","0.7292","0.7292","","",""
"2023-02-03","011122","202000027875","0.7214","0.7214","","",""
"2023-02-06","011122","202000027875","0.7153","0.7153","","",""
"2023-02-07","011122","202000027875","0.7130","0.7130","","",""
"2023-02-08","011122","202000027875","0.7071","0.7071","","",""
"2023-02-09","011122","202000027875","0.7144","0.7144","","",""
"2023-02-10","011122","202000027875","0.7009","0.7009","","",""
"2023-02-13","011122","202000027875","0.7047","0.7047","","",""
"2023-02-14","011122","202000027875","0.6991","0.6991","","",""
"2023-02-15","011122","202000027875","0.6927","0.6927","","",""
"2023-02-16","011122","202000027875","0.6865","0.6865","","",""
"2023-02-17","011122","202000027875","0.6732","0.6732","","",""
"2023-02-20","011122","202000027875","0.6818","0.6818","","",""
"2023-02-21","011122","202000027875","0.6794","0.6794","","",""
"2023-02-22","011122","202000027875","0.6743","0.6743","","",""
"2023-02-23","011122","202000027875","0.6805","0.6805","","",""
"2023-02-24","011122","202000027875","0.6740","0.6740","","",""
"2023-02-27","011122","202000027875","0.6726","0.6726","","",""
"2023-02-28","011122","202000027875","0.6753","0.6753","","",""
"2023-03-01","011122","202000027875","0.6760","0.6760","","",""
"2023-03-02","011122","202000027875","0.6668","0.6668","","",""
"2023-03-03","011122","202000027875","0.6649","0.6649","","",""
"2023-03-06","011122","202000027875","0.6747","0.6747","","",""
"2023-03-07","011122","202000027875","0.6664","0.6664","","",""
"2023-03-08","011122","202000027875","0.6620","0.6620","","",""
"2023-03-09","011122","202000027875","0.6630","0.6630","","",""
"2023-03-10","011122","202000027875","0.6563","0.6563","","",""
"2023-03-13","011122","202000027875","0.6514","0.6514","","",""
"2023-03-14","011122","202000027875","0.6447","0.6447","","",""
"2023-03-15","011122","202000027875","0.6402","0.6402","","",""
"2023-03-16","011122","202000027875","0.6282","0.6282","","",""
"2023-03-17","011122","202000027875","0.6211","0.6211","","",""
"2023-03-20","011122","202000027875","0.6190","0.6190","","",""
"2023-03-21","011122","202000027875","0.6248","0.6248","","",""
"2023-03-22","011122","202000027875","0.6253","0.6253","","",""
"2023-03-23","011122","202000027875","0.6232","0.6232","","",""
"2023-03-24","011122","202000027875","0.6235","0.6235","","",""
"2023-03-27","011122","202000027875","0.6230","0.6230","","",""
"2023-03-28","011122","202000027875","0.6202","0.6202","","",""
"2023-03-29","011122","202000027875","0.6244","0.6244","","",""
"2023-03-30","011122","202000027875","0.6264","0.6264","","",""
"2023-03-31","011122","202000027875","0.6317","0.6317","","",""
"2022-04-06","011123","202000027876","0.7766","0.7766","","",""
"2022-04-07","011123","202000027876","0.7643","0.7643","","",""
"2022-04-08","011123","202000027876","0.7629","0.7629","","",""
"2022-04-11","011123","202000027876","0.7317","0.7317","","",""
"2022-04-12","011123","202000027876","0.7347","0.7347","","",""
"2022-04-13","011123","202000027876","0.7224","0.7224","","",""
"2022-04-14","011123","202000027876","0.7251","0.7251","","",""
"2022-04-15","011123","202000027876","0.7266","0.7266","","",""
"2022-04-18","011123","202000027876","0.7405","0.7405","","",""
"2022-04-19","011123","202000027876","0.7263","0.7263","","",""
"2022-04-20","011123","202000027876","0.7070","0.7070","","",""
"2022-04-21","011123","202000027876","0.6914","0.6914","","",""
"2022-04-22","011123","202000027876","0.6887","0.6887","","",""
"2022-04-25","011123","202000027876","0.6546","0.6546","","",""
"2022-04-26","011123","202000027876","0.6479","0.6479","","",""
"2022-04-27","011123","202000027876","0.6784","0.6784","","",""
"2022-04-28","011123","202000027876","0.6808","0.6808","","",""
"2022-04-29","011123","202000027876","0.7097","0.7097","","",""
"2022-05-05","011123","202000027876","0.7024","0.7024","","",""
"2022-05-06","011123","202000027876","0.6862","0.6862","","",""
"2022-05-09","011123","202000027876","0.6795","0.6795","","",""
"2022-05-10","011123","202000027876","0.6948","0.6948","","",""
"2022-05-11","011123","202000027876","0.7194","0.7194","","",""
"2022-05-12","011123","202000027876","0.7158","0.7158","","",""
"2022-05-13","011123","202000027876","0.7238","0.7238","","",""
"2022-05-16","011123","202000027876","0.7149","0.7149","","",""
"2022-05-17","011123","202000027876","0.7386","0.7386","","",""
"2022-05-18","011123","202000027876","0.7406","0.7406","","",""
"2022-05-19","011123","202000027876","0.7496","0.7496","","",""
"2022-05-20","011123","202000027876","0.7579","0.7579","","",""
"2022-05-23","011123","202000027876","0.7538","0.7538","","",""
"2022-05-24","011123","202000027876","0.7320","0.7320","","",""
"2022-05-25","011123","202000027876","0.7326","0.7326","","",""
"2022-05-26","011123","202000027876","0.7283","0.7283","","",""
"2022-05-27","011123","202000027876","0.7336","0.7336","","",""
"2022-05-30","011123","202000027876","0.7453","0.7453","","",""
"2022-05-31","011123","202000027876","0.7604","0.7604","","",""
"2022-06-01","011123","202000027876","0.7599","0.7599","","",""
"2022-06-02","011123","202000027876","0.7723","0.7723","","",""
"2022-06-06","011123","202000027876","0.7992","0.7992","","",""
"2022-06-07","011123","202000027876","0.7955","0.7955","","",""
"2022-06-08","011123","202000027876","0.7996","0.7996","","",""
"2022-06-09","011123","202000027876","0.7866","0.7866","","",""
"2022-06-10","011123","202000027876","0.7941","0.7941","","",""
"2022-06-13","011123","202000027876","0.7770","0.7770","","",""
"2022-06-14","011123","202000027876","0.7706","0.7706","","",""
"2022-06-15","011123","202000027876","0.7781","0.7781","","",""
"2022-06-16","011123","202000027876","0.7809","0.7809","","",""
"2022-06-17","011123","202000027876","0.7992","0.7992","","",""
"2022-06-20","011123","202000027876","0.8083","0.8083","","",""
"2022-06-21","011123","202000027876","0.8039","0.8039","","",""
"2022-06-22","011123","202000027876","0.7985","0.7985","","",""
"2022-06-23","011123","202000027876","0.8147","0.8147","","",""
"2022-06-24","011123","202000027876","0.8325","0.8325","","",""
"2022-06-27","011123","202000027876","0.8396","0.8396","","",""
"2022-06-28","011123","202000027876","0.8474","0.8474","","",""
"2022-06-29","011123","202000027876","0.8271","0.8271","","",""
"2022-06-30","011123","202000027876","0.8357","0.8357","","",""
"2022-07-01","011123","202000027876","0.8305","0.8305","","",""
"2022-07-04","011123","202000027876","0.8368","0.8368","","",""
"2022-07-05","011123","202000027876","0.8437","0.8437","","",""
"2022-07-06","011123","202000027876","0.8450","0.8450","","",""
"2022-07-07","011123","202000027876","0.8513","0.8513","","",""
"2022-07-08","011123","202000027876","0.8428","0.8428","","",""
"2022-07-11","011123","202000027876","0.8256","0.8256","","",""
"2022-07-12","011123","202000027876","0.8073","0.8073","","",""
"2022-07-13","011123","202000027876","0.8180","0.8180","","",""
"2022-07-14","011123","202000027876","0.8337","0.8337","","",""
"2022-07-15","011123","202000027876","0.8291","0.8291","","",""
"2022-07-18","011123","202000027876","0.8369","0.8369","","",""
"2022-07-19","011123","202000027876","0.8311","0.8311","","",""
"2022-07-20","011123","202000027876","0.8354","0.8354","","",""
"2022-07-21","011123","202000027876","0.8362","0.8362","","",""
"2022-07-22","011123","202000027876","0.8367","0.8367","","",""
"2022-07-25","011123","202000027876","0.8222","0.8222","","",""
"2022-07-26","011123","202000027876","0.8326","0.8326","","",""
"2022-07-27","011123","202000027876","0.8335","0.8335","","",""
"2022-07-28","011123","202000027876","0.8273","0.8273","","",""
"2022-07-29","011123","202000027876","0.8155","0.8155","","",""
"2022-08-01","011123","202000027876","0.8306","0.8306","","",""
"2022-08-02","011123","202000027876","0.8222","0.8222","","",""
"2022-08-03","011123","202000027876","0.8131","0.8131","","",""
"2022-08-04","011123","202000027876","0.8184","0.8184","","",""
"2022-08-05","011123","202000027876","0.8241","0.8241","","",""
"2022-08-08","011123","202000027876","0.8240","0.8240","","",""
"2022-08-09","011123","202000027876","0.8275","0.8275","","",""
"2022-08-10","011123","202000027876","0.8193","0.8193","","",""
"2022-08-11","011123","202000027876","0.8262","0.8262","","",""
"2022-08-12","011123","202000027876","0.8173","0.8173","","",""
"2022-08-15","011123","202000027876","0.8320","0.8320","","",""
"2022-08-16","011123","202000027876","0.8315","0.8315","","",""
"2022-08-17","011123","202000027876","0.8315","0.8315","","",""
"2022-08-18","011123","202000027876","0.8388","0.8388","","",""
"2022-08-19","011123","202000027876","0.8228","0.8228","","",""
"2022-08-22","011123","202000027876","0.8348","0.8348","","",""
"2022-08-23","011123","202000027876","0.8423","0.8423","","",""
"2022-08-24","011123","202000027876","0.8171","0.8171","","",""
"2022-08-25","011123","202000027876","0.8096","0.8096","","",""
"2022-08-26","011123","202000027876","0.8064","0.8064","","",""
"2022-08-29","011123","202000027876","0.8101","0.8101","","",""
"2022-08-30","011123","202000027876","0.8040","0.8040","","",""
"2022-08-31","011123","202000027876","0.7790","0.7790","","",""
"2022-09-01","011123","202000027876","0.7665","0.7665","","",""
"2022-09-02","011123","202000027876","0.7655","0.7655","","",""
"2022-09-05","011123","202000027876","0.7794","0.7794","","",""
"2022-09-06","011123","202000027876","0.7908","0.7908","","",""
"2022-09-07","011123","202000027876","0.8013","0.8013","","",""
"2022-09-08","011123","202000027876","0.7963","0.7963","","",""
"2022-09-09","011123","202000027876","0.7966","0.7966","","",""
"2022-09-13","011123","202000027876","0.7917","0.7917","","",""
"2022-09-14","011123","202000027876","0.7856","0.7856","","",""
"2022-09-15","011123","202000027876","0.7557","0.7557","","",""
"2022-09-16","011123","202000027876","0.7539","0.7539","","",""
"2022-09-19","011123","202000027876","0.7507","0.7507","","",""
"2022-09-20","011123","202000027876","0.7647","0.7647","","",""
"2022-09-21","011123","202000027876","0.7560","0.7560","","",""
"2022-09-22","011123","202000027876","0.7595","0.7595","","",""
"2022-09-23","011123","202000027876","0.7496","0.7496","","",""
"2022-09-26","011123","202000027876","0.7622","0.7622","","",""
"2022-09-27","011123","202000027876","0.7660","0.7660","","",""
"2022-09-28","011123","202000027876","0.7494","0.7494","","",""
"2022-09-29","011123","202000027876","0.7553","0.7553","","",""
"2022-09-30","011123","202000027876","0.7351","0.7351","","",""
"2022-10-10","011123","202000027876","0.7185","0.7185","","",""
"2022-10-11","011123","202000027876","0.7226","0.7226","","",""
"2022-10-12","011123","202000027876","0.7419","0.7419","","",""
"2022-10-13","011123","202000027876","0.7375","0.7375","","",""
"2022-10-14","011123","202000027876","0.7474","0.7474","","",""
"2022-10-17","011123","202000027876","0.7465","0.7465","","",""
"2022-10-18","011123","202000027876","0.7520","0.7520","","",""
"2022-10-19","011123","202000027876","0.7465","0.7465","","",""
"2022-10-20","011123","202000027876","0.7320","0.7320","","",""
"2022-10-21","011123","202000027876","0.7301","0.7301","","",""
"2022-10-24","011123","202000027876","0.7198","0.7198","","",""
"2022-10-25","011123","202000027876","0.7257","0.7257","","",""
"2022-10-26","011123","202000027876","0.7349","0.7349","","",""
"2022-10-27","011123","202000027876","0.7253","0.7253","","",""
"2022-10-28","011123","202000027876","0.7018","0.7018","","",""
"2022-10-31","011123","202000027876","0.7028","0.7028","","",""
"2022-11-01","011123","202000027876","0.7189","0.7189","","",""
"2022-11-02","011123","202000027876","0.7293","0.7293","","",""
"2022-11-03","011123","202000027876","0.7353","0.7353","","",""
"2022-11-04","011123","202000027876","0.7529","0.7529","","",""
"2022-11-07","011123","202000027876","0.7503","0.7503","","",""
"2022-11-08","011123","202000027876","0.7432","0.7432","","",""
"2022-11-09","011123","202000027876","0.7343","0.7343","","",""
"2022-11-10","011123","202000027876","0.7151","0.7151","","",""
"2022-11-11","011123","202000027876","0.7220","0.7220","","",""
"2022-11-14","011123","202000027876","0.7054","0.7054","","",""
"2022-11-15","011123","202000027876","0.7183","0.7183","","",""
"2022-11-16","011123","202000027876","0.7097","0.7097","","",""
"2022-11-17","011123","202000027876","0.6993","0.6993","","",""
"2022-11-18","011123","202000027876","0.7022","0.7022","","",""
"2022-11-21","011123","202000027876","0.7033","0.7033","","",""
"2022-11-22","011123","202000027876","0.6893","0.6893","","",""
"2022-11-23","011123","202000027876","0.6970","0.6970","","",""
"2022-11-24","011123","202000027876","0.7003","0.7003","","",""
"2022-11-25","011123","202000027876","0.6841","0.6841","","",""
"2022-11-28","011123","202000027876","0.6821","0.6821","","",""
"2022-11-29","011123","202000027876","0.6801","0.6801","","",""
"2022-11-30","011123","202000027876","0.6872","0.6872","","",""
"2022-12-01","011123","202000027876","0.6948","0.6948","","",""
"2022-12-02","011123","202000027876","0.6966","0.6966","","",""
"2022-12-05","011123","202000027876","0.6859","0.6859","","",""
"2022-12-06","011123","202000027876","0.6932","0.6932","","",""
"2022-12-07","011123","202000027876","0.7000","0.7000","","",""
"2022-12-08","011123","202000027876","0.7005","0.7005","","",""
"2022-12-09","011123","202000027876","0.7003","0.7003","","",""
"2022-12-12","011123","202000027876","0.6934","0.6934","","",""
"2022-12-13","011123","202000027876","0.6813","0.6813","","",""
"2022-12-14","011123","202000027876","0.6794","0.6794","","",""
"2022-12-15","011123","202000027876","0.6864","0.6864","","",""
"2022-12-16","011123","202000027876","0.6737","0.6737","","",""
"2022-12-19","011123","202000027876","0.6724","0.6724","","",""
"2022-12-20","011123","202000027876","0.6646","0.6646","","",""
"2022-12-21","011123","202000027876","0.6594","0.6594","","",""
"2022-12-22","011123","202000027876","0.6550","0.6550","","",""
"2022-12-23","011123","202000027876","0.6454","0.6454","","",""
"2022-12-26","011123","202000027876","0.6677","0.6677","","",""
"2022-12-27","011123","202000027876","0.6744","0.6744","","",""
"2022-12-28","011123","202000027876","0.6712","0.6712","","",""
"2022-12-29","011123","202000027876","0.6730","0.6730","","",""
"2022-12-30","011123","202000027876","0.6710","0.6710","","",""
"2022-12-31","011123","202000027876","0.6709","0.6709","","",""
"2023-01-03","011123","202000027876","0.6782","0.6782","","",""
"2023-01-04","011123","202000027876","0.6698","0.6698","","",""
"2023-01-05","011123","202000027876","0.6843","0.6843","","",""
"2023-01-06","011123","202000027876","0.6975","0.6975","","",""
"2023-01-09","011123","202000027876","0.6976","0.6976","","",""
"2023-01-10","011123","202000027876","0.7026","0.7026","","",""
"2023-01-11","011123","202000027876","0.6936","0.6936","","",""
"2023-01-12","011123","202000027876","0.6939","0.6939","","",""
"2023-01-13","011123","202000027876","0.6917","0.6917","","",""
"2023-01-16","011123","202000027876","0.6932","0.6932","","",""
"2023-01-17","011123","202000027876","0.6959","0.6959","","",""
"2023-01-18","011123","202000027876","0.6971","0.6971","","",""
"2023-01-19","011123","202000027876","0.6954","0.6954","","",""
"2023-01-20","011123","202000027876","0.7046","0.7046","","",""
"2023-01-30","011123","202000027876","0.7189","0.7189","","",""
"2023-01-31","011123","202000027876","0.7177","0.7177","","",""
"2023-02-01","011123","202000027876","0.7227","0.7227","","",""
"2023-02-02","011123","202000027876","0.7197","0.7197","","",""
"2023-02-03","011123","202000027876","0.7119","0.7119","","",""
"2023-02-06","011123","202000027876","0.7059","0.7059","","",""
"2023-02-07","011123","202000027876","0.7036","0.7036","","",""
"2023-02-08","011123","202000027876","0.6977","0.6977","","",""
"2023-02-09","011123","202000027876","0.7049","0.7049","","",""
"2023-02-10","011123","202000027876","0.6916","0.6916","","",""
"2023-02-13","011123","202000027876","0.6952","0.6952","","",""
"2023-02-14","011123","202000027876","0.6898","0.6898","","",""
"2023-02-15","011123","202000027876","0.6834","0.6834","","",""
"2023-02-16","011123","202000027876","0.6773","0.6773","","",""
"2023-02-17","011123","202000027876","0.6641","0.6641","","",""
"2023-02-20","011123","202000027876","0.6726","0.6726","","",""
"2023-02-21","011123","202000027876","0.6702","0.6702","","",""
"2023-02-22","011123","202000027876","0.6652","0.6652","","",""
"2023-02-23","011123","202000027876","0.6713","0.6713","","",""
"2023-02-24","011123","202000027876","0.6648","0.6648","","",""
"2023-02-27","011123","202000027876","0.6634","0.6634","","",""
"2023-02-28","011123","202000027876","0.6660","0.6660","","",""
"2023-03-01","011123","202000027876","0.6668","0.6668","","",""
"2023-03-02","011123","202000027876","0.6576","0.6576","","",""
"2023-03-03","011123","202000027876","0.6558","0.6558","","",""
"2023-03-06","011123","202000027876","0.6653","0.6653","","",""
"2023-03-07","011123","202000027876","0.6572","0.6572","","",""
"2023-03-08","011123","202000027876","0.6528","0.6528","","",""
"2023-03-09","011123","202000027876","0.6538","0.6538","","",""
"2023-03-10","011123","202000027876","0.6472","0.6472","","",""
"2023-03-13","011123","202000027876","0.6423","0.6423","","",""
"2023-03-14","011123","202000027876","0.6357","0.6357","","",""
"2023-03-15","011123","202000027876","0.6312","0.6312","","",""
"2023-03-16","011123","202000027876","0.6194","0.6194","","",""
"2023-03-17","011123","202000027876","0.6124","0.6124","","",""
"2023-03-20","011123","202000027876","0.6103","0.6103","","",""
"2023-03-21","011123","202000027876","0.6160","0.6160","","",""
"2023-03-22","011123","202000027876","0.6165","0.6165","","",""
"2023-03-23","011123","202000027876","0.6144","0.6144","","",""
"2023-03-24","011123","202000027876","0.6146","0.6146","","",""
"2023-03-27","011123","202000027876","0.6141","0.6141","","",""
"2023-03-28","011123","202000027876","0.6113","0.6113","","",""
"2023-03-29","011123","202000027876","0.6154","0.6154","","",""
"2023-03-30","011123","202000027876","0.6174","0.6174","","",""
"2023-03-31","011123","202000027876","0.6226","0.6226","","",""
"2022-04-06","011149","202000024890","0.9357","0.9357","","",""
"2022-04-07","011149","202000024890","0.9171","0.9171","","",""
"2022-04-08","011149","202000024890","0.9254","0.9254","","",""
"2022-04-11","011149","202000024890","0.8973","0.8973","","",""
"2022-04-12","011149","202000024890","0.9041","0.9041","","",""
"2022-04-13","011149","202000024890","0.8872","0.8872","","",""
"2022-04-14","011149","202000024890","0.8987","0.8987","","",""
"2022-04-15","011149","202000024890","0.8994","0.8994","","",""
"2022-04-18","011149","202000024890","0.9061","0.9061","","",""
"2022-04-19","011149","202000024890","0.9011","0.9011","","",""
"2022-04-20","011149","202000024890","0.8859","0.8859","","",""
"2022-04-21","011149","202000024890","0.8599","0.8599","","",""
"2022-04-22","011149","202000024890","0.8620","0.8620","","",""
"2022-04-25","011149","202000024890","0.8243","0.8243","","",""
"2022-04-26","011149","202000024890","0.8251","0.8251","","",""
"2022-04-27","011149","202000024890","0.8669","0.8669","","",""
"2022-04-28","011149","202000024890","0.8708","0.8708","","",""
"2022-04-29","011149","202000024890","0.9058","0.9058","","",""
"2022-05-05","011149","202000024890","0.8955","0.8955","","",""
"2022-05-06","011149","202000024890","0.8748","0.8748","","",""
"2022-05-09","011149","202000024890","0.8785","0.8785","","",""
"2022-05-10","011149","202000024890","0.9016","0.9016","","",""
"2022-05-11","011149","202000024890","0.9187","0.9187","","",""
"2022-05-12","011149","202000024890","0.9234","0.9234","","",""
"2022-05-13","011149","202000024890","0.9286","0.9286","","",""
"2022-05-16","011149","202000024890","0.9244","0.9244","","",""
"2022-05-17","011149","202000024890","0.9349","0.9349","","",""
"2022-05-18","011149","202000024890","0.9347","0.9347","","",""
"2022-05-19","011149","202000024890","0.9440","0.9440","","",""
"2022-05-20","011149","202000024890","0.9571","0.9571","","",""
"2022-05-23","011149","202000024890","0.9534","0.9534","","",""
"2022-05-24","011149","202000024890","0.9200","0.9200","","",""
"2022-05-25","011149","202000024890","0.9278","0.9278","","",""
"2022-05-26","011149","202000024890","0.9292","0.9292","","",""
"2022-05-27","011149","202000024890","0.9270","0.9270","","",""
"2022-05-30","011149","202000024890","0.9406","0.9406","","",""
"2022-05-31","011149","202000024890","0.9703","0.9703","","",""
"2022-06-01","011149","202000024890","0.9834","0.9834","","",""
"2022-06-02","011149","202000024890","1.0093","1.0093","","",""
"2022-06-06","011149","202000024890","1.0294","1.0294","","",""
"2022-06-07","011149","202000024890","1.0249","1.0249","","",""
"2022-06-08","011149","202000024890","1.0221","1.0221","","",""
"2022-06-09","011149","202000024890","1.0000","1.0000","","",""
"2022-06-10","011149","202000024890","1.0173","1.0173","","",""
"2022-06-13","011149","202000024890","1.0113","1.0113","","",""
"2022-06-14","011149","202000024890","1.0070","1.0070","","",""
"2022-06-15","011149","202000024890","1.0137","1.0137","","",""
"2022-06-16","011149","202000024890","1.0205","1.0205","","",""
"2022-06-17","011149","202000024890","1.0414","1.0414","","",""
"2022-06-20","011149","202000024890","1.0652","1.0652","","",""
"2022-06-21","011149","202000024890","1.0672","1.0672","","",""
"2022-06-22","011149","202000024890","1.0528","1.0528","","",""
"2022-06-23","011149","202000024890","1.0803","1.0803","","",""
"2022-06-24","011149","202000024890","1.1093","1.1093","","",""
"2022-06-27","011149","202000024890","1.1163","1.1163","","",""
"2022-06-28","011149","202000024890","1.1283","1.1283","","",""
"2022-06-29","011149","202000024890","1.1001","1.1001","","",""
"2022-06-30","011149","202000024890","1.1242","1.1242","","",""
"2022-07-01","011149","202000024890","1.1148","1.1148","","",""
"2022-07-04","011149","202000024890","1.1222","1.1222","","",""
"2022-07-05","011149","202000024890","1.1089","1.1089","","",""
"2022-07-06","011149","202000024890","1.1151","1.1151","","",""
"2022-07-07","011149","202000024890","1.1156","1.1156","","",""
"2022-07-08","011149","202000024890","1.1082","1.1082","","",""
"2022-07-11","011149","202000024890","1.0884","1.0884","","",""
"2022-07-12","011149","202000024890","1.0728","1.0728","","",""
"2022-07-13","011149","202000024890","1.0788","1.0788","","",""
"2022-07-14","011149","202000024890","1.1012","1.1012","","",""
"2022-07-15","011149","202000024890","1.0936","1.0936","","",""
"2022-07-18","011149","202000024890","1.1036","1.1036","","",""
"2022-07-19","011149","202000024890","1.1109","1.1109","","",""
"2022-07-20","011149","202000024890","1.1329","1.1329","","",""
"2022-07-21","011149","202000024890","1.1235","1.1235","","",""
"2022-07-22","011149","202000024890","1.1155","1.1155","","",""
"2022-07-25","011149","202000024890","1.0984","1.0984","","",""
"2022-07-26","011149","202000024890","1.1094","1.1094","","",""
"2022-07-27","011149","202000024890","1.1172","1.1172","","",""
"2022-07-28","011149","202000024890","1.1097","1.1097","","",""
"2022-07-29","011149","202000024890","1.0998","1.0998","","",""
"2022-08-01","011149","202000024890","1.1088","1.1088","","",""
"2022-08-02","011149","202000024890","1.0947","1.0947","","",""
"2022-08-03","011149","202000024890","1.0890","1.0890","","",""
"2022-08-04","011149","202000024890","1.0984","1.0984","","",""
"2022-08-05","011149","202000024890","1.1261","1.1261","","",""
"2022-08-08","011149","202000024890","1.1247","1.1247","","",""
"2022-08-09","011149","202000024890","1.1336","1.1336","","",""
"2022-08-10","011149","202000024890","1.1235","1.1235","","",""
"2022-08-11","011149","202000024890","1.1394","1.1394","","",""
"2022-08-12","011149","202000024890","1.1158","1.1158","","",""
"2022-08-15","011149","202000024890","1.1268","1.1268","","",""
"2022-08-16","011149","202000024890","1.1254","1.1254","","",""
"2022-08-17","011149","202000024890","1.1277","1.1277","","",""
"2022-08-18","011149","202000024890","1.1306","1.1306","","",""
"2022-08-19","011149","202000024890","1.1154","1.1154","","",""
"2022-08-22","011149","202000024890","1.1213","1.1213","","",""
"2022-08-23","011149","202000024890","1.1189","1.1189","","",""
"2022-08-24","011149","202000024890","1.0757","1.0757","","",""
"2022-08-25","011149","202000024890","1.0783","1.0783","","",""
"2022-08-26","011149","202000024890","1.0733","1.0733","","",""
"2022-08-29","011149","202000024890","1.0798","1.0798","","",""
"2022-08-30","011149","202000024890","1.0707","1.0707","","",""
"2022-08-31","011149","202000024890","1.0443","1.0443","","",""
"2022-09-01","011149","202000024890","1.0338","1.0338","","",""
"2022-09-02","011149","202000024890","1.0476","1.0476","","",""
"2022-09-05","011149","202000024890","1.0454","1.0454","","",""
"2022-09-06","011149","202000024890","1.0607","1.0607","","",""
"2022-09-07","011149","202000024890","1.0739","1.0739","","",""
"2022-09-08","011149","202000024890","1.0684","1.0684","","",""
"2022-09-09","011149","202000024890","1.0682","1.0682","","",""
"2022-09-13","011149","202000024890","1.0722","1.0722","","",""
"2022-09-14","011149","202000024890","1.0759","1.0759","","",""
"2022-09-15","011149","202000024890","1.0507","1.0507","","",""
"2022-09-16","011149","202000024890","1.0410","1.0410","","",""
"2022-09-19","011149","202000024890","1.0317","1.0317","","",""
"2022-09-20","011149","202000024890","1.0338","1.0338","","",""
"2022-09-21","011149","202000024890","1.0238","1.0238","","",""
"2022-09-22","011149","202000024890","1.0310","1.0310","","",""
"2022-09-23","011149","202000024890","1.0112","1.0112","","",""
"2022-09-26","011149","202000024890","1.0065","1.0065","","",""
"2022-09-27","011149","202000024890","1.0300","1.0300","","",""
"2022-09-28","011149","202000024890","1.0052","1.0052","","",""
"2022-09-29","011149","202000024890","1.0127","1.0127","","",""
"2022-09-30","011149","202000024890","0.9904","0.9904","","",""
"2022-10-10","011149","202000024890","0.9523","0.9523","","",""
"2022-10-11","011149","202000024890","0.9533","0.9533","","",""
"2022-10-12","011149","202000024890","0.9838","0.9838","","",""
"2022-10-13","011149","202000024890","0.9935","0.9935","","",""
"2022-10-14","011149","202000024890","1.0239","1.0239","","",""
"2022-10-17","011149","202000024890","1.0334","1.0334","","",""
"2022-10-18","011149","202000024890","1.0391","1.0391","","",""
"2022-10-19","011149","202000024890","1.0265","1.0265","","",""
"2022-10-20","011149","202000024890","1.0298","1.0298","","",""
"2022-10-21","011149","202000024890","1.0396","1.0396","","",""
"2022-10-24","011149","202000024890","1.0481","1.0481","","",""
"2022-10-25","011149","202000024890","1.0437","1.0437","","",""
"2022-10-26","011149","202000024890","1.0844","1.0844","","",""
"2022-10-27","011149","202000024890","1.0685","1.0685","","",""
"2022-10-28","011149","202000024890","1.0583","1.0583","","",""
"2022-10-31","011149","202000024890","1.0824","1.0824","","",""
"2022-11-01","011149","202000024890","1.0866","1.0866","","",""
"2022-11-02","011149","202000024890","1.0807","1.0807","","",""
"2022-11-03","011149","202000024890","1.0807","1.0807","","",""
"2022-11-04","011149","202000024890","1.0891","1.0891","","",""
"2022-11-07","011149","202000024890","1.0843","1.0843","","",""
"2022-11-08","011149","202000024890","1.0920","1.0920","","",""
"2022-11-09","011149","202000024890","1.0833","1.0833","","",""
"2022-11-10","011149","202000024890","1.0700","1.0700","","",""
"2022-11-11","011149","202000024890","1.0690","1.0690","","",""
"2022-11-14","011149","202000024890","1.0840","1.0840","","",""
"2022-11-15","011149","202000024890","1.1049","1.1049","","",""
"2022-11-16","011149","202000024890","1.0951","1.0951","","",""
"2022-11-17","011149","202000024890","1.1202","1.1202","","",""
"2022-11-18","011149","202000024890","1.1096","1.1096","","",""
"2022-11-21","011149","202000024890","1.1092","1.1092","","",""
"2022-11-22","011149","202000024890","1.0822","1.0822","","",""
"2022-11-23","011149","202000024890","1.0701","1.0701","","",""
"2022-11-24","011149","202000024890","1.0705","1.0705","","",""
"2022-11-25","011149","202000024890","1.0509","1.0509","","",""
"2022-11-28","011149","202000024890","1.0416","1.0416","","",""
"2022-11-29","011149","202000024890","1.0538","1.0538","","",""
"2022-11-30","011149","202000024890","1.0419","1.0419","","",""
"2022-12-01","011149","202000024890","1.0585","1.0585","","",""
"2022-12-02","011149","202000024890","1.0692","1.0692","","",""
"2022-12-05","011149","202000024890","1.0774","1.0774","","",""
"2022-12-06","011149","202000024890","1.0677","1.0677","","",""
"2022-12-07","011149","202000024890","1.0728","1.0728","","",""
"2022-12-08","011149","202000024890","1.0795","1.0795","","",""
"2022-12-09","011149","202000024890","1.0780","1.0780","","",""
"2022-12-12","011149","202000024890","1.0834","1.0834","","",""
"2022-12-13","011149","202000024890","1.0670","1.0670","","",""
"2022-12-14","011149","202000024890","1.0645","1.0645","","",""
"2022-12-15","011149","202000024890","1.0592","1.0592","","",""
"2022-12-16","011149","202000024890","1.0502","1.0502","","",""
"2022-12-19","011149","202000024890","1.0340","1.0340","","",""
"2022-12-20","011149","202000024890","1.0219","1.0219","","",""
"2022-12-21","011149","202000024890","1.0239","1.0239","","",""
"2022-12-22","011149","202000024890","1.0238","1.0238","","",""
"2022-12-23","011149","202000024890","1.0276","1.0276","","",""
"2022-12-26","011149","202000024890","1.0376","1.0376","","",""
"2022-12-27","011149","202000024890","1.0459","1.0459","","",""
"2022-12-28","011149","202000024890","1.0390","1.0390","","",""
"2022-12-29","011149","202000024890","1.0378","1.0378","","",""
"2022-12-30","011149","202000024890","1.0414","1.0414","","",""
"2022-12-31","011149","202000024890","1.0414","1.0414","","",""
"2023-01-03","011149","202000024890","1.0602","1.0602","","",""
"2023-01-04","011149","202000024890","1.0634","1.0634","","",""
"2023-01-05","011149","202000024890","1.0777","1.0777","","",""
"2023-01-06","011149","202000024890","1.0729","1.0729","","",""
"2023-01-09","011149","202000024890","1.0840","1.0840","","",""
"2023-01-10","011149","202000024890","1.0860","1.0860","","",""
"2023-01-11","011149","202000024890","1.0768","1.0768","","",""
"2023-01-12","011149","202000024890","1.0754","1.0754","","",""
"2023-01-13","011149","202000024890","1.0829","1.0829","","",""
"2023-01-16","011149","202000024890","1.0972","1.0972","","",""
"2023-01-17","011149","202000024890","1.0925","1.0925","","",""
"2023-01-18","011149","202000024890","1.0930","1.0930","","",""
"2023-01-19","011149","202000024890","1.1019","1.1019","","",""
"2023-01-20","011149","202000024890","1.1045","1.1045","","",""
"2023-01-30","011149","202000024890","1.1057","1.1057","","",""
"2023-01-31","011149","202000024890","1.1034","1.1034","","",""
"2023-02-01","011149","202000024890","1.1224","1.1224","","",""
"2023-02-02","011149","202000024890","1.1330","1.1330","","",""
"2023-02-03","011149","202000024890","1.1345","1.1345","","",""
"2023-02-06","011149","202000024890","1.1257","1.1257","","",""
"2023-02-07","011149","202000024890","1.1273","1.1273","","",""
"2023-02-08","011149","202000024890","1.1214","1.1214","","",""
"2023-02-09","011149","202000024890","1.1329","1.1329","","",""
"2023-02-10","011149","202000024890","1.1274","1.1274","","",""
"2023-02-13","011149","202000024890","1.1411","1.1411","","",""
"2023-02-14","011149","202000024890","1.1502","1.1502","","",""
"2023-02-15","011149","202000024890","1.1404","1.1404","","",""
"2023-02-16","011149","202000024890","1.1168","1.1168","","",""
"2023-02-17","011149","202000024890","1.1116","1.1116","","",""
"2023-02-20","011149","202000024890","1.1318","1.1318","","",""
"2023-02-21","011149","202000024890","1.1318","1.1318","","",""
"2023-02-22","011149","202000024890","1.1318","1.1318","","",""
"2023-02-23","011149","202000024890","1.1290","1.1290","","",""
"2023-02-24","011149","202000024890","1.1224","1.1224","","",""
"2023-02-27","011149","202000024890","1.1117","1.1117","","",""
"2023-02-28","011149","202000024890","1.1162","1.1162","","",""
"2023-03-01","011149","202000024890","1.1242","1.1242","","",""
"2023-03-02","011149","202000024890","1.1158","1.1158","","",""
"2023-03-03","011149","202000024890","1.1147","1.1147","","",""
"2023-03-06","011149","202000024890","1.1161","1.1161","","",""
"2023-03-07","011149","202000024890","1.0971","1.0971","","",""
"2023-03-08","011149","202000024890","1.0968","1.0968","","",""
"2023-03-09","011149","202000024890","1.0977","1.0977","","",""
"2023-03-10","011149","202000024890","1.0832","1.0832","","",""
"2023-03-13","011149","202000024890","1.0998","1.0998","","",""
"2023-03-14","011149","202000024890","1.0942","1.0942","","",""
"2023-03-15","011149","202000024890","1.0922","1.0922","","",""
"2023-03-16","011149","202000024890","1.0759","1.0759","","",""
"2023-03-17","011149","202000024890","1.0917","1.0917","","",""
"2023-03-20","011149","202000024890","1.0915","1.0915","","",""
"2023-03-21","011149","202000024890","1.1092","1.1092","","",""
"2023-03-22","011149","202000024890","1.1278","1.1278","","",""
"2023-03-23","011149","202000024890","1.1422","1.1422","","",""
"2023-03-24","011149","202000024890","1.1483","1.1483","","",""
"2023-03-27","011149","202000024890","1.1464","1.1464","","",""
"2023-03-28","011149","202000024890","1.1231","1.1231","","",""
"2023-03-29","011149","202000024890","1.1274","1.1274","","",""
"2023-03-30","011149","202000024890","1.1233","1.1233","","",""
"2023-03-31","011149","202000024890","1.1374","1.1374","","",""
"2022-04-06","011150","202000024891","0.9297","0.9297","","",""
"2022-04-07","011150","202000024891","0.9112","0.9112","","",""
"2022-04-08","011150","202000024891","0.9195","0.9195","","",""
"2022-04-11","011150","202000024891","0.8915","0.8915","","",""
"2022-04-12","011150","202000024891","0.8983","0.8983","","",""
"2022-04-13","011150","202000024891","0.8815","0.8815","","",""
"2022-04-14","011150","202000024891","0.8929","0.8929","","",""
"2022-04-15","011150","202000024891","0.8936","0.8936","","",""
"2022-04-18","011150","202000024891","0.9002","0.9002","","",""
"2022-04-19","011150","202000024891","0.8952","0.8952","","",""
"2022-04-20","011150","202000024891","0.8800","0.8800","","",""
"2022-04-21","011150","202000024891","0.8542","0.8542","","",""
"2022-04-22","011150","202000024891","0.8563","0.8563","","",""
"2022-04-25","011150","202000024891","0.8189","0.8189","","",""
"2022-04-26","011150","202000024891","0.8196","0.8196","","",""
"2022-04-27","011150","202000024891","0.8611","0.8611","","",""
"2022-04-28","011150","202000024891","0.8650","0.8650","","",""
"2022-04-29","011150","202000024891","0.8998","0.8998","","",""
"2022-05-05","011150","202000024891","0.8895","0.8895","","",""
"2022-05-06","011150","202000024891","0.8689","0.8689","","",""
"2022-05-09","011150","202000024891","0.8725","0.8725","","",""
"2022-05-10","011150","202000024891","0.8955","0.8955","","",""
"2022-05-11","011150","202000024891","0.9124","0.9124","","",""
"2022-05-12","011150","202000024891","0.9171","0.9171","","",""
"2022-05-13","011150","202000024891","0.9222","0.9222","","",""
"2022-05-16","011150","202000024891","0.9180","0.9180","","",""
"2022-05-17","011150","202000024891","0.9285","0.9285","","",""
"2022-05-18","011150","202000024891","0.9282","0.9282","","",""
"2022-05-19","011150","202000024891","0.9374","0.9374","","",""
"2022-05-20","011150","202000024891","0.9504","0.9504","","",""
"2022-05-23","011150","202000024891","0.9467","0.9467","","",""
"2022-05-24","011150","202000024891","0.9135","0.9135","","",""
"2022-05-25","011150","202000024891","0.9213","0.9213","","",""
"2022-05-26","011150","202000024891","0.9227","0.9227","","",""
"2022-05-27","011150","202000024891","0.9205","0.9205","","",""
"2022-05-30","011150","202000024891","0.9339","0.9339","","",""
"2022-05-31","011150","202000024891","0.9634","0.9634","","",""
"2022-06-01","011150","202000024891","0.9764","0.9764","","",""
"2022-06-02","011150","202000024891","1.0021","1.0021","","",""
"2022-06-06","011150","202000024891","1.0219","1.0219","","",""
"2022-06-07","011150","202000024891","1.0175","1.0175","","",""
"2022-06-08","011150","202000024891","1.0147","1.0147","","",""
"2022-06-09","011150","202000024891","0.9928","0.9928","","",""
"2022-06-10","011150","202000024891","1.0100","1.0100","","",""
"2022-06-13","011150","202000024891","1.0039","1.0039","","",""
"2022-06-14","011150","202000024891","0.9997","0.9997","","",""
"2022-06-15","011150","202000024891","1.0063","1.0063","","",""
"2022-06-16","011150","202000024891","1.0130","1.0130","","",""
"2022-06-17","011150","202000024891","1.0338","1.0338","","",""
"2022-06-20","011150","202000024891","1.0573","1.0573","","",""
"2022-06-21","011150","202000024891","1.0593","1.0593","","",""
"2022-06-22","011150","202000024891","1.0450","1.0450","","",""
"2022-06-23","011150","202000024891","1.0723","1.0723","","",""
"2022-06-24","011150","202000024891","1.1011","1.1011","","",""
"2022-06-27","011150","202000024891","1.1080","1.1080","","",""
"2022-06-28","011150","202000024891","1.1199","1.1199","","",""
"2022-06-29","011150","202000024891","1.0919","1.0919","","",""
"2022-06-30","011150","202000024891","1.1158","1.1158","","",""
"2022-07-01","011150","202000024891","1.1064","1.1064","","",""
"2022-07-04","011150","202000024891","1.1137","1.1137","","",""
"2022-07-05","011150","202000024891","1.1005","1.1005","","",""
"2022-07-06","011150","202000024891","1.1066","1.1066","","",""
"2022-07-07","011150","202000024891","1.1071","1.1071","","",""
"2022-07-08","011150","202000024891","1.0998","1.0998","","",""
"2022-07-11","011150","202000024891","1.0800","1.0800","","",""
"2022-07-12","011150","202000024891","1.0646","1.0646","","",""
"2022-07-13","011150","202000024891","1.0705","1.0705","","",""
"2022-07-14","011150","202000024891","1.0927","1.0927","","",""
"2022-07-15","011150","202000024891","1.0852","1.0852","","",""
"2022-07-18","011150","202000024891","1.0951","1.0951","","",""
"2022-07-19","011150","202000024891","1.1023","1.1023","","",""
"2022-07-20","011150","202000024891","1.1241","1.1241","","",""
"2022-07-21","011150","202000024891","1.1147","1.1147","","",""
"2022-07-22","011150","202000024891","1.1068","1.1068","","",""
"2022-07-25","011150","202000024891","1.0898","1.0898","","",""
"2022-07-26","011150","202000024891","1.1007","1.1007","","",""
"2022-07-27","011150","202000024891","1.1084","1.1084","","",""
"2022-07-28","011150","202000024891","1.1009","1.1009","","",""
"2022-07-29","011150","202000024891","1.0911","1.0911","","",""
"2022-08-01","011150","202000024891","1.1000","1.1000","","",""
"2022-08-02","011150","202000024891","1.0860","1.0860","","",""
"2022-08-03","011150","202000024891","1.0803","1.0803","","",""
"2022-08-04","011150","202000024891","1.0896","1.0896","","",""
"2022-08-05","011150","202000024891","1.1171","1.1171","","",""
"2022-08-08","011150","202000024891","1.1156","1.1156","","",""
"2022-08-09","011150","202000024891","1.1245","1.1245","","",""
"2022-08-10","011150","202000024891","1.1145","1.1145","","",""
"2022-08-11","011150","202000024891","1.1302","1.1302","","",""
"2022-08-12","011150","202000024891","1.1068","1.1068","","",""
"2022-08-15","011150","202000024891","1.1176","1.1176","","",""
"2022-08-16","011150","202000024891","1.1162","1.1162","","",""
"2022-08-17","011150","202000024891","1.1185","1.1185","","",""
"2022-08-18","011150","202000024891","1.1214","1.1214","","",""
"2022-08-19","011150","202000024891","1.1063","1.1063","","",""
"2022-08-22","011150","202000024891","1.1120","1.1120","","",""
"2022-08-23","011150","202000024891","1.1097","1.1097","","",""
"2022-08-24","011150","202000024891","1.0668","1.0668","","",""
"2022-08-25","011150","202000024891","1.0694","1.0694","","",""
"2022-08-26","011150","202000024891","1.0644","1.0644","","",""
"2022-08-29","011150","202000024891","1.0708","1.0708","","",""
"2022-08-30","011150","202000024891","1.0618","1.0618","","",""
"2022-08-31","011150","202000024891","1.0356","1.0356","","",""
"2022-09-01","011150","202000024891","1.0252","1.0252","","",""
"2022-09-02","011150","202000024891","1.0388","1.0388","","",""
"2022-09-05","011150","202000024891","1.0366","1.0366","","",""
"2022-09-06","011150","202000024891","1.0517","1.0517","","",""
"2022-09-07","011150","202000024891","1.0649","1.0649","","",""
"2022-09-08","011150","202000024891","1.0594","1.0594","","",""
"2022-09-09","011150","202000024891","1.0592","1.0592","","",""
"2022-09-13","011150","202000024891","1.0630","1.0630","","",""
"2022-09-14","011150","202000024891","1.0667","1.0667","","",""
"2022-09-15","011150","202000024891","1.0417","1.0417","","",""
"2022-09-16","011150","202000024891","1.0321","1.0321","","",""
"2022-09-19","011150","202000024891","1.0228","1.0228","","",""
"2022-09-20","011150","202000024891","1.0249","1.0249","","",""
"2022-09-21","011150","202000024891","1.0149","1.0149","","",""
"2022-09-22","011150","202000024891","1.0221","1.0221","","",""
"2022-09-23","011150","202000024891","1.0025","1.0025","","",""
"2022-09-26","011150","202000024891","0.9978","0.9978","","",""
"2022-09-27","011150","202000024891","1.0210","1.0210","","",""
"2022-09-28","011150","202000024891","0.9964","0.9964","","",""
"2022-09-29","011150","202000024891","1.0039","1.0039","","",""
"2022-09-30","011150","202000024891","0.9817","0.9817","","",""
"2022-10-10","011150","202000024891","0.9438","0.9438","","",""
"2022-10-11","011150","202000024891","0.9449","0.9449","","",""
"2022-10-12","011150","202000024891","0.9750","0.9750","","",""
"2022-10-13","011150","202000024891","0.9846","0.9846","","",""
"2022-10-14","011150","202000024891","1.0148","1.0148","","",""
"2022-10-17","011150","202000024891","1.0241","1.0241","","",""
"2022-10-18","011150","202000024891","1.0298","1.0298","","",""
"2022-10-19","011150","202000024891","1.0173","1.0173","","",""
"2022-10-20","011150","202000024891","1.0205","1.0205","","",""
"2022-10-21","011150","202000024891","1.0302","1.0302","","",""
"2022-10-24","011150","202000024891","1.0386","1.0386","","",""
"2022-10-25","011150","202000024891","1.0342","1.0342","","",""
"2022-10-26","011150","202000024891","1.0745","1.0745","","",""
"2022-10-27","011150","202000024891","1.0588","1.0588","","",""
"2022-10-28","011150","202000024891","1.0486","1.0486","","",""
"2022-10-31","011150","202000024891","1.0725","1.0725","","",""
"2022-11-01","011150","202000024891","1.0766","1.0766","","",""
"2022-11-02","011150","202000024891","1.0707","1.0707","","",""
"2022-11-03","011150","202000024891","1.0708","1.0708","","",""
"2022-11-04","011150","202000024891","1.0791","1.0791","","",""
"2022-11-07","011150","202000024891","1.0743","1.0743","","",""
"2022-11-08","011150","202000024891","1.0819","1.0819","","",""
"2022-11-09","011150","202000024891","1.0732","1.0732","","",""
"2022-11-10","011150","202000024891","1.0600","1.0600","","",""
"2022-11-11","011150","202000024891","1.0590","1.0590","","",""
"2022-11-14","011150","202000024891","1.0738","1.0738","","",""
"2022-11-15","011150","202000024891","1.0946","1.0946","","",""
"2022-11-16","011150","202000024891","1.0848","1.0848","","",""
"2022-11-17","011150","202000024891","1.1097","1.1097","","",""
"2022-11-18","011150","202000024891","1.0991","1.0991","","",""
"2022-11-21","011150","202000024891","1.0987","1.0987","","",""
"2022-11-22","011150","202000024891","1.0719","1.0719","","",""
"2022-11-23","011150","202000024891","1.0599","1.0599","","",""
"2022-11-24","011150","202000024891","1.0603","1.0603","","",""
"2022-11-25","011150","202000024891","1.0409","1.0409","","",""
"2022-11-28","011150","202000024891","1.0317","1.0317","","",""
"2022-11-29","011150","202000024891","1.0437","1.0437","","",""
"2022-11-30","011150","202000024891","1.0319","1.0319","","",""
"2022-12-01","011150","202000024891","1.0484","1.0484","","",""
"2022-12-02","011150","202000024891","1.0589","1.0589","","",""
"2022-12-05","011150","202000024891","1.0670","1.0670","","",""
"2022-12-06","011150","202000024891","1.0574","1.0574","","",""
"2022-12-07","011150","202000024891","1.0625","1.0625","","",""
"2022-12-08","011150","202000024891","1.0690","1.0690","","",""
"2022-12-09","011150","202000024891","1.0676","1.0676","","",""
"2022-12-12","011150","202000024891","1.0728","1.0728","","",""
"2022-12-13","011150","202000024891","1.0566","1.0566","","",""
"2022-12-14","011150","202000024891","1.0541","1.0541","","",""
"2022-12-15","011150","202000024891","1.0489","1.0489","","",""
"2022-12-16","011150","202000024891","1.0399","1.0399","","",""
"2022-12-19","011150","202000024891","1.0238","1.0238","","",""
"2022-12-20","011150","202000024891","1.0118","1.0118","","",""
"2022-12-21","011150","202000024891","1.0137","1.0137","","",""
"2022-12-22","011150","202000024891","1.0137","1.0137","","",""
"2022-12-23","011150","202000024891","1.0175","1.0175","","",""
"2022-12-26","011150","202000024891","1.0273","1.0273","","",""
"2022-12-27","011150","202000024891","1.0355","1.0355","","",""
"2022-12-28","011150","202000024891","1.0286","1.0286","","",""
"2022-12-29","011150","202000024891","1.0274","1.0274","","",""
"2022-12-30","011150","202000024891","1.0310","1.0310","","",""
"2022-12-31","011150","202000024891","1.0310","1.0310","","",""
"2023-01-03","011150","202000024891","1.0496","1.0496","","",""
"2023-01-04","011150","202000024891","1.0527","1.0527","","",""
"2023-01-05","011150","202000024891","1.0668","1.0668","","",""
"2023-01-06","011150","202000024891","1.0621","1.0621","","",""
"2023-01-09","011150","202000024891","1.0730","1.0730","","",""
"2023-01-10","011150","202000024891","1.0750","1.0750","","",""
"2023-01-11","011150","202000024891","1.0658","1.0658","","",""
"2023-01-12","011150","202000024891","1.0645","1.0645","","",""
"2023-01-13","011150","202000024891","1.0718","1.0718","","",""
"2023-01-16","011150","202000024891","1.0860","1.0860","","",""
"2023-01-17","011150","202000024891","1.0814","1.0814","","",""
"2023-01-18","011150","202000024891","1.0818","1.0818","","",""
"2023-01-19","011150","202000024891","1.0906","1.0906","","",""
"2023-01-20","011150","202000024891","1.0932","1.0932","","",""
"2023-01-30","011150","202000024891","1.0942","1.0942","","",""
"2023-01-31","011150","202000024891","1.0919","1.0919","","",""
"2023-02-01","011150","202000024891","1.1106","1.1106","","",""
"2023-02-02","011150","202000024891","1.1212","1.1212","","",""
"2023-02-03","011150","202000024891","1.1226","1.1226","","",""
"2023-02-06","011150","202000024891","1.1139","1.1139","","",""
"2023-02-07","011150","202000024891","1.1154","1.1154","","",""
"2023-02-08","011150","202000024891","1.1096","1.1096","","",""
"2023-02-09","011150","202000024891","1.1209","1.1209","","",""
"2023-02-10","011150","202000024891","1.1155","1.1155","","",""
"2023-02-13","011150","202000024891","1.1290","1.1290","","",""
"2023-02-14","011150","202000024891","1.1379","1.1379","","",""
"2023-02-15","011150","202000024891","1.1283","1.1283","","",""
"2023-02-16","011150","202000024891","1.1049","1.1049","","",""
"2023-02-17","011150","202000024891","1.0997","1.0997","","",""
"2023-02-20","011150","202000024891","1.1197","1.1197","","",""
"2023-02-21","011150","202000024891","1.1197","1.1197","","",""
"2023-02-22","011150","202000024891","1.1196","1.1196","","",""
"2023-02-23","011150","202000024891","1.1169","1.1169","","",""
"2023-02-24","011150","202000024891","1.1103","1.1103","","",""
"2023-02-27","011150","202000024891","1.0997","1.0997","","",""
"2023-02-28","011150","202000024891","1.1042","1.1042","","",""
"2023-03-01","011150","202000024891","1.1120","1.1120","","",""
"2023-03-02","011150","202000024891","1.1037","1.1037","","",""
"2023-03-03","011150","202000024891","1.1026","1.1026","","",""
"2023-03-06","011150","202000024891","1.1039","1.1039","","",""
"2023-03-07","011150","202000024891","1.0851","1.0851","","",""
"2023-03-08","011150","202000024891","1.0848","1.0848","","",""
"2023-03-09","011150","202000024891","1.0857","1.0857","","",""
"2023-03-10","011150","202000024891","1.0713","1.0713","","",""
"2023-03-13","011150","202000024891","1.0877","1.0877","","",""
"2023-03-14","011150","202000024891","1.0822","1.0822","","",""
"2023-03-15","011150","202000024891","1.0802","1.0802","","",""
"2023-03-16","011150","202000024891","1.0640","1.0640","","",""
"2023-03-17","011150","202000024891","1.0796","1.0796","","",""
"2023-03-20","011150","202000024891","1.0794","1.0794","","",""
"2023-03-21","011150","202000024891","1.0969","1.0969","","",""
"2023-03-22","011150","202000024891","1.1152","1.1152","","",""
"2023-03-23","011150","202000024891","1.1295","1.1295","","",""
"2023-03-24","011150","202000024891","1.1355","1.1355","","",""
"2023-03-27","011150","202000024891","1.1336","1.1336","","",""
"2023-03-28","011150","202000024891","1.1106","1.1106","","",""
"2023-03-29","011150","202000024891","1.1148","1.1148","","",""
"2023-03-30","011150","202000024891","1.1107","1.1107","","",""
"2023-03-31","011150","202000024891","1.1247","1.1247","","",""
"2022-04-06","012387","202000028573","0.8293","0.8293","","",""
"2022-04-07","012387","202000028573","0.8222","0.8222","","",""
"2022-04-08","012387","202000028573","0.8199","0.8199","","",""
"2022-04-11","012387","202000028573","0.7987","0.7987","","",""
"2022-04-12","012387","202000028573","0.8262","0.8262","","",""
"2022-04-13","012387","202000028573","0.8184","0.8184","","",""
"2022-04-14","012387","202000028573","0.8368","0.8368","","",""
"2022-04-15","012387","202000028573","0.8406","0.8406","","",""
"2022-04-18","012387","202000028573","0.8422","0.8422","","",""
"2022-04-19","012387","202000028573","0.8327","0.8327","","",""
"2022-04-20","012387","202000028573","0.8290","0.8290","","",""
"2022-04-21","012387","202000028573","0.8143","0.8143","","",""
"2022-04-22","012387","202000028573","0.8152","0.8152","","",""
"2022-04-25","012387","202000028573","0.7740","0.7740","","",""
"2022-04-26","012387","202000028573","0.7775","0.7775","","",""
"2022-04-27","012387","202000028573","0.8105","0.8105","","",""
"2022-04-28","012387","202000028573","0.8129","0.8129","","",""
"2022-04-29","012387","202000028573","0.8338","0.8338","","",""
"2022-05-05","012387","202000028573","0.8376","0.8376","","",""
"2022-05-06","012387","202000028573","0.8108","0.8108","","",""
"2022-05-09","012387","202000028573","0.8046","0.8046","","",""
"2022-05-10","012387","202000028573","0.8238","0.8238","","",""
"2022-05-11","012387","202000028573","0.8377","0.8377","","",""
"2022-05-12","012387","202000028573","0.8331","0.8331","","",""
"2022-05-13","012387","202000028573","0.8331","0.8331","","",""
"2022-05-16","012387","202000028573","0.8252","0.8252","","",""
"2022-05-17","012387","202000028573","0.8362","0.8362","","",""
"2022-05-18","012387","202000028573","0.8329","0.8329","","",""
"2022-05-19","012387","202000028573","0.8392","0.8392","","",""
"2022-05-20","012387","202000028573","0.8590","0.8590","","",""
"2022-05-23","012387","202000028573","0.8487","0.8487","","",""
"2022-05-24","012387","202000028573","0.8306","0.8306","","",""
"2022-05-25","012387","202000028573","0.8386","0.8386","","",""
"2022-05-26","012387","202000028573","0.8436","0.8436","","",""
"2022-05-27","012387","202000028573","0.8463","0.8463","","",""
"2022-05-30","012387","202000028573","0.8569","0.8569","","",""
"2022-05-31","012387","202000028573","0.8798","0.8798","","",""
"2022-06-01","012387","202000028573","0.8685","0.8685","","",""
"2022-06-02","012387","202000028573","0.8722","0.8722","","",""
"2022-06-06","012387","202000028573","0.8900","0.8900","","",""
"2022-06-07","012387","202000028573","0.8935","0.8935","","",""
"2022-06-08","012387","202000028573","0.9007","0.9007","","",""
"2022-06-09","012387","202000028573","0.8936","0.8936","","",""
"2022-06-10","012387","202000028573","0.8961","0.8961","","",""
"2022-06-13","012387","202000028573","0.8826","0.8826","","",""
"2022-06-14","012387","202000028573","0.8873","0.8873","","",""
"2022-06-15","012387","202000028573","0.8895","0.8895","","",""
"2022-06-16","012387","202000028573","0.8908","0.8908","","",""
"2022-06-17","012387","202000028573","0.8985","0.8985","","",""
"2022-06-20","012387","202000028573","0.9059","0.9059","","",""
"2022-06-21","012387","202000028573","0.9085","0.9085","","",""
"2022-06-22","012387","202000028573","0.8977","0.8977","","",""
"2022-06-23","012387","202000028573","0.9056","0.9056","","",""
"2022-06-24","012387","202000028573","0.9156","0.9156","","",""
"2022-06-27","012387","202000028573","0.9363","0.9363","","",""
"2022-06-28","012387","202000028573","0.9565","0.9565","","",""
"2022-06-29","012387","202000028573","0.9318","0.9318","","",""
"2022-06-30","012387","202000028573","0.9591","0.9591","","",""
"2022-07-01","012387","202000028573","0.9440","0.9440","","",""
"2022-07-04","012387","202000028573","0.9510","0.9510","","",""
"2022-07-05","012387","202000028573","0.9379","0.9379","","",""
"2022-07-06","012387","202000028573","0.9194","0.9194","","",""
"2022-07-07","012387","202000028573","0.9274","0.9274","","",""
"2022-07-08","012387","202000028573","0.9235","0.9235","","",""
"2022-07-11","012387","202000028573","0.9087","0.9087","","",""
"2022-07-12","012387","202000028573","0.8981","0.8981","","",""
"2022-07-13","012387","202000028573","0.9013","0.9013","","",""
"2022-07-14","012387","202000028573","0.9059","0.9059","","",""
"2022-07-15","012387","202000028573","0.9036","0.9036","","",""
"2022-07-18","012387","202000028573","0.9062","0.9062","","",""
"2022-07-19","012387","202000028573","0.8997","0.8997","","",""
"2022-07-20","012387","202000028573","0.9104","0.9104","","",""
"2022-07-21","012387","202000028573","0.9042","0.9042","","",""
"2022-07-22","012387","202000028573","0.9032","0.9032","","",""
"2022-07-25","012387","202000028573","0.9006","0.9006","","",""
"2022-07-26","012387","202000028573","0.9093","0.9093","","",""
"2022-07-27","012387","202000028573","0.9153","0.9153","","",""
"2022-07-28","012387","202000028573","0.9216","0.9216","","",""
"2022-07-29","012387","202000028573","0.9123","0.9123","","",""
"2022-08-01","012387","202000028573","0.9236","0.9236","","",""
"2022-08-02","012387","202000028573","0.9080","0.9080","","",""
"2022-08-03","012387","202000028573","0.8903","0.8903","","",""
"2022-08-04","012387","202000028573","0.8924","0.8924","","",""
"2022-08-05","012387","202000028573","0.8961","0.8961","","",""
"2022-08-08","012387","202000028573","0.8887","0.8887","","",""
"2022-08-09","012387","202000028573","0.8965","0.8965","","",""
"2022-08-10","012387","202000028573","0.8870","0.8870","","",""
"2022-08-11","012387","202000028573","0.9066","0.9066","","",""
"2022-08-12","012387","202000028573","0.8997","0.8997","","",""
"2022-08-15","012387","202000028573","0.8986","0.8986","","",""
"2022-08-16","012387","202000028573","0.8986","0.8986","","",""
"2022-08-17","012387","202000028573","0.9049","0.9049","","",""
"2022-08-18","012387","202000028573","0.8959","0.8959","","",""
"2022-08-19","012387","202000028573","0.8852","0.8852","","",""
"2022-08-22","012387","202000028573","0.8851","0.8851","","",""
"2022-08-23","012387","202000028573","0.8838","0.8838","","",""
"2022-08-24","012387","202000028573","0.8699","0.8699","","",""
"2022-08-25","012387","202000028573","0.8808","0.8808","","",""
"2022-08-26","012387","202000028573","0.8833","0.8833","","",""
"2022-08-29","012387","202000028573","0.8829","0.8829","","",""
"2022-08-30","012387","202000028573","0.8798","0.8798","","",""
"2022-08-31","012387","202000028573","0.8765","0.8765","","",""
"2022-09-01","012387","202000028573","0.8617","0.8617","","",""
"2022-09-02","012387","202000028573","0.8580","0.8580","","",""
"2022-09-05","012387","202000028573","0.8508","0.8508","","",""
"2022-09-06","012387","202000028573","0.8614","0.8614","","",""
"2022-09-07","012387","202000028573","0.8577","0.8577","","",""
"2022-09-08","012387","202000028573","0.8597","0.8597","","",""
"2022-09-09","012387","202000028573","0.8665","0.8665","","",""
"2022-09-13","012387","202000028573","0.8750","0.8750","","",""
"2022-09-14","012387","202000028573","0.8656","0.8656","","",""
"2022-09-15","012387","202000028573","0.8558","0.8558","","",""
"2022-09-16","012387","202000028573","0.8368","0.8368","","",""
"2022-09-19","012387","202000028573","0.8316","0.8316","","",""
"2022-09-20","012387","202000028573","0.8381","0.8381","","",""
"2022-09-21","012387","202000028573","0.8236","0.8236","","",""
"2022-09-22","012387","202000028573","0.8168","0.8168","","",""
"2022-09-23","012387","202000028573","0.8165","0.8165","","",""
"2022-09-26","012387","202000028573","0.8246","0.8246","","",""
"2022-09-27","012387","202000028573","0.8488","0.8488","","",""
"2022-09-28","012387","202000028573","0.8422","0.8422","","",""
"2022-09-29","012387","202000028573","0.8424","0.8424","","",""
"2022-09-30","012387","202000028573","0.8357","0.8357","","",""
"2022-10-10","012387","202000028573","0.8009","0.8009","","",""
"2022-10-11","012387","202000028573","0.7999","0.7999","","",""
"2022-10-12","012387","202000028573","0.8030","0.8030","","",""
"2022-10-13","012387","202000028573","0.7955","0.7955","","",""
"2022-10-14","012387","202000028573","0.8187","0.8187","","",""
"2022-10-17","012387","202000028573","0.8155","0.8155","","",""
"2022-10-18","012387","202000028573","0.8118","0.8118","","",""
"2022-10-19","012387","202000028573","0.7905","0.7905","","",""
"2022-10-20","012387","202000028573","0.7871","0.7871","","",""
"2022-10-21","012387","202000028573","0.7805","0.7805","","",""
"2022-10-24","012387","202000028573","0.7510","0.7510","","",""
"2022-10-25","012387","202000028573","0.7594","0.7594","","",""
"2022-10-26","012387","202000028573","0.7661","0.7661","","",""
"2022-10-27","012387","202000028573","0.7507","0.7507","","",""
"2022-10-28","012387","202000028573","0.7392","0.7392","","",""
"2022-10-31","012387","202000028573","0.7298","0.7298","","",""
"2022-11-01","012387","202000028573","0.7745","0.7745","","",""
"2022-11-02","012387","202000028573","0.7911","0.7911","","",""
"2022-11-03","012387","202000028573","0.7851","0.7851","","",""
"2022-11-04","012387","202000028573","0.8181","0.8181","","",""
"2022-11-07","012387","202000028573","0.8133","0.8133","","",""
"2022-11-08","012387","202000028573","0.8035","0.8035","","",""
"2022-11-09","012387","202000028573","0.7895","0.7895","","",""
"2022-11-10","012387","202000028573","0.7925","0.7925","","",""
"2022-11-11","012387","202000028573","0.8073","0.8073","","",""
"2022-11-14","012387","202000028573","0.7918","0.7918","","",""
"2022-11-15","012387","202000028573","0.8050","0.8050","","",""
"2022-11-16","012387","202000028573","0.8057","0.8057","","",""
"2022-11-17","012387","202000028573","0.7983","0.7983","","",""
"2022-11-18","012387","202000028573","0.7988","0.7988","","",""
"2022-11-21","012387","202000028573","0.7818","0.7818","","",""
"2022-11-22","012387","202000028573","0.7791","0.7791","","",""
"2022-11-23","012387","202000028573","0.7776","0.7776","","",""
"2022-11-24","012387","202000028573","0.7712","0.7712","","",""
"2022-11-25","012387","202000028573","0.7664","0.7664","","",""
"2022-11-28","012387","202000028573","0.7674","0.7674","","",""
"2022-11-29","012387","202000028573","0.7947","0.7947","","",""
"2022-11-30","012387","202000028573","0.7959","0.7959","","",""
"2022-12-01","012387","202000028573","0.8181","0.8181","","",""
"2022-12-02","012387","202000028573","0.8190","0.8190","","",""
"2022-12-05","012387","202000028573","0.8255","0.8255","","",""
"2022-12-06","012387","202000028573","0.8373","0.8373","","",""
"2022-12-07","012387","202000028573","0.8393","0.8393","","",""
"2022-12-08","012387","202000028573","0.8403","0.8403","","",""
"2022-12-09","012387","202000028573","0.8508","0.8508","","",""
"2022-12-12","012387","202000028573","0.8472","0.8472","","",""
"2022-12-13","012387","202000028573","0.8484","0.8484","","",""
"2022-12-14","012387","202000028573","0.8627","0.8627","","",""
"2022-12-15","012387","202000028573","0.8564","0.8564","","",""
"2022-12-16","012387","202000028573","0.8595","0.8595","","",""
"2022-12-19","012387","202000028573","0.8503","0.8503","","",""
"2022-12-20","012387","202000028573","0.8271","0.8271","","",""
"2022-12-21","012387","202000028573","0.8338","0.8338","","",""
"2022-12-22","012387","202000028573","0.8460","0.8460","","",""
"2022-12-23","012387","202000028573","0.8501","0.8501","","",""
"2022-12-26","012387","202000028573","0.8502","0.8502","","",""
"2022-12-27","012387","202000028573","0.8618","0.8618","","",""
"2022-12-28","012387","202000028573","0.8612","0.8612","","",""
"2022-12-29","012387","202000028573","0.8574","0.8574","","",""
"2022-12-30","012387","202000028573","0.8611","0.8611","","",""
"2022-12-31","012387","202000028573","0.8611","0.8611","","",""
"2023-01-03","012387","202000028573","0.8501","0.8501","","",""
"2023-01-04","012387","202000028573","0.8499","0.8499","","",""
"2023-01-05","012387","202000028573","0.8798","0.8798","","",""
"2023-01-06","012387","202000028573","0.8785","0.8785","","",""
"2023-01-09","012387","202000028573","0.8890","0.8890","","",""
"2023-01-10","012387","202000028573","0.8959","0.8959","","",""
"2023-01-11","012387","202000028573","0.8930","0.8930","","",""
"2023-01-12","012387","202000028573","0.8885","0.8885","","",""
"2023-01-13","012387","202000028573","0.9091","0.9091","","",""
"2023-01-16","012387","202000028573","0.9213","0.9213","","",""
"2023-01-17","012387","202000028573","0.9145","0.9145","","",""
"2023-01-18","012387","202000028573","0.9086","0.9086","","",""
"2023-01-19","012387","202000028573","0.9088","0.9088","","",""
"2023-01-20","012387","202000028573","0.9087","0.9087","","",""
"2023-01-30","012387","202000028573","0.9138","0.9138","","",""
"2023-01-31","012387","202000028573","0.8965","0.8965","","",""
"2023-02-01","012387","202000028573","0.9051","0.9051","","",""
"2023-02-02","012387","202000028573","0.9110","0.9110","","",""
"2023-02-03","012387","202000028573","0.8985","0.8985","","",""
"2023-02-06","012387","202000028573","0.8845","0.8845","","",""
"2023-02-07","012387","202000028573","0.8793","0.8793","","",""
"2023-02-08","012387","202000028573","0.8751","0.8751","","",""
"2023-02-09","012387","202000028573","0.8888","0.8888","","",""
"2023-02-10","012387","202000028573","0.8842","0.8842","","",""
"2023-02-13","012387","202000028573","0.8947","0.8947","","",""
"2023-02-14","012387","202000028573","0.8947","0.8947","","",""
"2023-02-15","012387","202000028573","0.8901","0.8901","","",""
"2023-02-16","012387","202000028573","0.8818","0.8818","","",""
"2023-02-17","012387","202000028573","0.8725","0.8725","","",""
"2023-02-20","012387","202000028573","0.8808","0.8808","","",""
"2023-02-21","012387","202000028573","0.8774","0.8774","","",""
"2023-02-22","012387","202000028573","0.8719","0.8719","","",""
"2023-02-23","012387","202000028573","0.8675","0.8675","","",""
"2023-02-24","012387","202000028573","0.8582","0.8582","","",""
"2023-02-27","012387","202000028573","0.8618","0.8618","","",""
"2023-02-28","012387","202000028573","0.8624","0.8624","","",""
"2023-03-01","012387","202000028573","0.8660","0.8660","","",""
"2023-03-02","012387","202000028573","0.8624","0.8624","","",""
"2023-03-03","012387","202000028573","0.8584","0.8584","","",""
"2023-03-06","012387","202000028573","0.8580","0.8580","","",""
"2023-03-07","012387","202000028573","0.8415","0.8415","","",""
"2023-03-08","012387","202000028573","0.8364","0.8364","","",""
"2023-03-09","012387","202000028573","0.8300","0.8300","","",""
"2023-03-10","012387","202000028573","0.8189","0.8189","","",""
"2023-03-13","012387","202000028573","0.8324","0.8324","","",""
"2023-03-14","012387","202000028573","0.8265","0.8265","","",""
"2023-03-15","012387","202000028573","0.8159","0.8159","","",""
"2023-03-16","012387","202000028573","0.8124","0.8124","","",""
"2023-03-17","012387","202000028573","0.8014","0.8014","","",""
"2023-03-20","012387","202000028573","0.7936","0.7936","","",""
"2023-03-21","012387","202000028573","0.8115","0.8115","","",""
"2023-03-22","012387","202000028573","0.8063","0.8063","","",""
"2023-03-23","012387","202000028573","0.8098","0.8098","","",""
"2023-03-24","012387","202000028573","0.8111","0.8111","","",""
"2023-03-27","012387","202000028573","0.8052","0.8052","","",""
"2023-03-28","012387","202000028573","0.8116","0.8116","","",""
"2023-03-29","012387","202000028573","0.8169","0.8169","","",""
"2023-03-30","012387","202000028573","0.8316","0.8316","","",""
"2023-03-31","012387","202000028573","0.8265","0.8265","","",""
"2022-04-06","012388","202000028574","0.8263","0.8263","","",""
"2022-04-07","012388","202000028574","0.8193","0.8193","","",""
"2022-04-08","012388","202000028574","0.8170","0.8170","","",""
"2022-04-11","012388","202000028574","0.7958","0.7958","","",""
"2022-04-12","012388","202000028574","0.8232","0.8232","","",""
"2022-04-13","012388","202000028574","0.8154","0.8154","","",""
"2022-04-14","012388","202000028574","0.8338","0.8338","","",""
"2022-04-15","012388","202000028574","0.8375","0.8375","","",""
"2022-04-18","012388","202000028574","0.8391","0.8391","","",""
"2022-04-19","012388","202000028574","0.8296","0.8296","","",""
"2022-04-20","012388","202000028574","0.8260","0.8260","","",""
"2022-04-21","012388","202000028574","0.8112","0.8112","","",""
"2022-04-22","012388","202000028574","0.8121","0.8121","","",""
"2022-04-25","012388","202000028574","0.7711","0.7711","","",""
"2022-04-26","012388","202000028574","0.7745","0.7745","","",""
"2022-04-27","012388","202000028574","0.8074","0.8074","","",""
"2022-04-28","012388","202000028574","0.8097","0.8097","","",""
"2022-04-29","012388","202000028574","0.8306","0.8306","","",""
"2022-05-05","012388","202000028574","0.8343","0.8343","","",""
"2022-05-06","012388","202000028574","0.8076","0.8076","","",""
"2022-05-09","012388","202000028574","0.8014","0.8014","","",""
"2022-05-10","012388","202000028574","0.8205","0.8205","","",""
"2022-05-11","012388","202000028574","0.8344","0.8344","","",""
"2022-05-12","012388","202000028574","0.8298","0.8298","","",""
"2022-05-13","012388","202000028574","0.8297","0.8297","","",""
"2022-05-16","012388","202000028574","0.8219","0.8219","","",""
"2022-05-17","012388","202000028574","0.8328","0.8328","","",""
"2022-05-18","012388","202000028574","0.8294","0.8294","","",""
"2022-05-19","012388","202000028574","0.8358","0.8358","","",""
"2022-05-20","012388","202000028574","0.8555","0.8555","","",""
"2022-05-23","012388","202000028574","0.8451","0.8451","","",""
"2022-05-24","012388","202000028574","0.8272","0.8272","","",""
"2022-05-25","012388","202000028574","0.8351","0.8351","","",""
"2022-05-26","012388","202000028574","0.8400","0.8400","","",""
"2022-05-27","012388","202000028574","0.8427","0.8427","","",""
"2022-05-30","012388","202000028574","0.8532","0.8532","","",""
"2022-05-31","012388","202000028574","0.8761","0.8761","","",""
"2022-06-01","012388","202000028574","0.8648","0.8648","","",""
"2022-06-02","012388","202000028574","0.8685","0.8685","","",""
"2022-06-06","012388","202000028574","0.8861","0.8861","","",""
"2022-06-07","012388","202000028574","0.8895","0.8895","","",""
"2022-06-08","012388","202000028574","0.8967","0.8967","","",""
"2022-06-09","012388","202000028574","0.8897","0.8897","","",""
"2022-06-10","012388","202000028574","0.8921","0.8921","","",""
"2022-06-13","012388","202000028574","0.8787","0.8787","","",""
"2022-06-14","012388","202000028574","0.8833","0.8833","","",""
"2022-06-15","012388","202000028574","0.8855","0.8855","","",""
"2022-06-16","012388","202000028574","0.8868","0.8868","","",""
"2022-06-17","012388","202000028574","0.8944","0.8944","","",""
"2022-06-20","012388","202000028574","0.9018","0.9018","","",""
"2022-06-21","012388","202000028574","0.9044","0.9044","","",""
"2022-06-22","012388","202000028574","0.8936","0.8936","","",""
"2022-06-23","012388","202000028574","0.9015","0.9015","","",""
"2022-06-24","012388","202000028574","0.9113","0.9113","","",""
"2022-06-27","012388","202000028574","0.9320","0.9320","","",""
"2022-06-28","012388","202000028574","0.9520","0.9520","","",""
"2022-06-29","012388","202000028574","0.9275","0.9275","","",""
"2022-06-30","012388","202000028574","0.9546","0.9546","","",""
"2022-07-01","012388","202000028574","0.9395","0.9395","","",""
"2022-07-04","012388","202000028574","0.9465","0.9465","","",""
"2022-07-05","012388","202000028574","0.9335","0.9335","","",""
"2022-07-06","012388","202000028574","0.9150","0.9150","","",""
"2022-07-07","012388","202000028574","0.9229","0.9229","","",""
"2022-07-08","012388","202000028574","0.9191","0.9191","","",""
"2022-07-11","012388","202000028574","0.9043","0.9043","","",""
"2022-07-12","012388","202000028574","0.8937","0.8937","","",""
"2022-07-13","012388","202000028574","0.8970","0.8970","","",""
"2022-07-14","012388","202000028574","0.9015","0.9015","","",""
"2022-07-15","012388","202000028574","0.8991","0.8991","","",""
"2022-07-18","012388","202000028574","0.9017","0.9017","","",""
"2022-07-19","012388","202000028574","0.8952","0.8952","","",""
"2022-07-20","012388","202000028574","0.9059","0.9059","","",""
"2022-07-21","012388","202000028574","0.8997","0.8997","","",""
"2022-07-22","012388","202000028574","0.8987","0.8987","","",""
"2022-07-25","012388","202000028574","0.8961","0.8961","","",""
"2022-07-26","012388","202000028574","0.9047","0.9047","","",""
"2022-07-27","012388","202000028574","0.9107","0.9107","","",""
"2022-07-28","012388","202000028574","0.9169","0.9169","","",""
"2022-07-29","012388","202000028574","0.9077","0.9077","","",""
"2022-08-01","012388","202000028574","0.9188","0.9188","","",""
"2022-08-02","012388","202000028574","0.9034","0.9034","","",""
"2022-08-03","012388","202000028574","0.8858","0.8858","","",""
"2022-08-04","012388","202000028574","0.8877","0.8877","","",""
"2022-08-05","012388","202000028574","0.8915","0.8915","","",""
"2022-08-08","012388","202000028574","0.8840","0.8840","","",""
"2022-08-09","012388","202000028574","0.8918","0.8918","","",""
"2022-08-10","012388","202000028574","0.8823","0.8823","","",""
"2022-08-11","012388","202000028574","0.9019","0.9019","","",""
"2022-08-12","012388","202000028574","0.8950","0.8950","","",""
"2022-08-15","012388","202000028574","0.8938","0.8938","","",""
"2022-08-16","012388","202000028574","0.8938","0.8938","","",""
"2022-08-17","012388","202000028574","0.9001","0.9001","","",""
"2022-08-18","012388","202000028574","0.8911","0.8911","","",""
"2022-08-19","012388","202000028574","0.8804","0.8804","","",""
"2022-08-22","012388","202000028574","0.8803","0.8803","","",""
"2022-08-23","012388","202000028574","0.8790","0.8790","","",""
"2022-08-24","012388","202000028574","0.8652","0.8652","","",""
"2022-08-25","012388","202000028574","0.8760","0.8760","","",""
"2022-08-26","012388","202000028574","0.8785","0.8785","","",""
"2022-08-29","012388","202000028574","0.8780","0.8780","","",""
"2022-08-30","012388","202000028574","0.8749","0.8749","","",""
"2022-08-31","012388","202000028574","0.8717","0.8717","","",""
"2022-09-01","012388","202000028574","0.8570","0.8570","","",""
"2022-09-02","012388","202000028574","0.8532","0.8532","","",""
"2022-09-05","012388","202000028574","0.8460","0.8460","","",""
"2022-09-06","012388","202000028574","0.8566","0.8566","","",""
"2022-09-07","012388","202000028574","0.8529","0.8529","","",""
"2022-09-08","012388","202000028574","0.8549","0.8549","","",""
"2022-09-09","012388","202000028574","0.8616","0.8616","","",""
"2022-09-13","012388","202000028574","0.8700","0.8700","","",""
"2022-09-14","012388","202000028574","0.8606","0.8606","","",""
"2022-09-15","012388","202000028574","0.8509","0.8509","","",""
"2022-09-16","012388","202000028574","0.8320","0.8320","","",""
"2022-09-19","012388","202000028574","0.8268","0.8268","","",""
"2022-09-20","012388","202000028574","0.8333","0.8333","","",""
"2022-09-21","012388","202000028574","0.8188","0.8188","","",""
"2022-09-22","012388","202000028574","0.8121","0.8121","","",""
"2022-09-23","012388","202000028574","0.8117","0.8117","","",""
"2022-09-26","012388","202000028574","0.8197","0.8197","","",""
"2022-09-27","012388","202000028574","0.8438","0.8438","","",""
"2022-09-28","012388","202000028574","0.8372","0.8372","","",""
"2022-09-29","012388","202000028574","0.8374","0.8374","","",""
"2022-09-30","012388","202000028574","0.8307","0.8307","","",""
"2022-10-10","012388","202000028574","0.7960","0.7960","","",""
"2022-10-11","012388","202000028574","0.7950","0.7950","","",""
"2022-10-12","012388","202000028574","0.7981","0.7981","","",""
"2022-10-13","012388","202000028574","0.7906","0.7906","","",""
"2022-10-14","012388","202000028574","0.8136","0.8136","","",""
"2022-10-17","012388","202000028574","0.8105","0.8105","","",""
"2022-10-18","012388","202000028574","0.8068","0.8068","","",""
"2022-10-19","012388","202000028574","0.7856","0.7856","","",""
"2022-10-20","012388","202000028574","0.7822","0.7822","","",""
"2022-10-21","012388","202000028574","0.7756","0.7756","","",""
"2022-10-24","012388","202000028574","0.7463","0.7463","","",""
"2022-10-25","012388","202000028574","0.7546","0.7546","","",""
"2022-10-26","012388","202000028574","0.7613","0.7613","","",""
"2022-10-27","012388","202000028574","0.7460","0.7460","","",""
"2022-10-28","012388","202000028574","0.7346","0.7346","","",""
"2022-10-31","012388","202000028574","0.7251","0.7251","","",""
"2022-11-01","012388","202000028574","0.7695","0.7695","","",""
"2022-11-02","012388","202000028574","0.7860","0.7860","","",""
"2022-11-03","012388","202000028574","0.7800","0.7800","","",""
"2022-11-04","012388","202000028574","0.8128","0.8128","","",""
"2022-11-07","012388","202000028574","0.8081","0.8081","","",""
"2022-11-08","012388","202000028574","0.7983","0.7983","","",""
"2022-11-09","012388","202000028574","0.7844","0.7844","","",""
"2022-11-10","012388","202000028574","0.7874","0.7874","","",""
"2022-11-11","012388","202000028574","0.8020","0.8020","","",""
"2022-11-14","012388","202000028574","0.7866","0.7866","","",""
"2022-11-15","012388","202000028574","0.7997","0.7997","","",""
"2022-11-16","012388","202000028574","0.8004","0.8004","","",""
"2022-11-17","012388","202000028574","0.7930","0.7930","","",""
"2022-11-18","012388","202000028574","0.7936","0.7936","","",""
"2022-11-21","012388","202000028574","0.7766","0.7766","","",""
"2022-11-22","012388","202000028574","0.7739","0.7739","","",""
"2022-11-23","012388","202000028574","0.7724","0.7724","","",""
"2022-11-24","012388","202000028574","0.7660","0.7660","","",""
"2022-11-25","012388","202000028574","0.7613","0.7613","","",""
"2022-11-28","012388","202000028574","0.7622","0.7622","","",""
"2022-11-29","012388","202000028574","0.7893","0.7893","","",""
"2022-11-30","012388","202000028574","0.7905","0.7905","","",""
"2022-12-01","012388","202000028574","0.8125","0.8125","","",""
"2022-12-02","012388","202000028574","0.8134","0.8134","","",""
"2022-12-05","012388","202000028574","0.8199","0.8199","","",""
"2022-12-06","012388","202000028574","0.8315","0.8315","","",""
"2022-12-07","012388","202000028574","0.8336","0.8336","","",""
"2022-12-08","012388","202000028574","0.8345","0.8345","","",""
"2022-12-09","012388","202000028574","0.8450","0.8450","","",""
"2022-12-12","012388","202000028574","0.8413","0.8413","","",""
"2022-12-13","012388","202000028574","0.8425","0.8425","","",""
"2022-12-14","012388","202000028574","0.8567","0.8567","","",""
"2022-12-15","012388","202000028574","0.8504","0.8504","","",""
"2022-12-16","012388","202000028574","0.8535","0.8535","","",""
"2022-12-19","012388","202000028574","0.8443","0.8443","","",""
"2022-12-20","012388","202000028574","0.8213","0.8213","","",""
"2022-12-21","012388","202000028574","0.8279","0.8279","","",""
"2022-12-22","012388","202000028574","0.8400","0.8400","","",""
"2022-12-23","012388","202000028574","0.8441","0.8441","","",""
"2022-12-26","012388","202000028574","0.8441","0.8441","","",""
"2022-12-27","012388","202000028574","0.8556","0.8556","","",""
"2022-12-28","012388","202000028574","0.8550","0.8550","","",""
"2022-12-29","012388","202000028574","0.8512","0.8512","","",""
"2022-12-30","012388","202000028574","0.8549","0.8549","","",""
"2022-12-31","012388","202000028574","0.8549","0.8549","","",""
"2023-01-03","012388","202000028574","0.8439","0.8439","","",""
"2023-01-04","012388","202000028574","0.8437","0.8437","","",""
"2023-01-05","012388","202000028574","0.8734","0.8734","","",""
"2023-01-06","012388","202000028574","0.8721","0.8721","","",""
"2023-01-09","012388","202000028574","0.8825","0.8825","","",""
"2023-01-10","012388","202000028574","0.8893","0.8893","","",""
"2023-01-11","012388","202000028574","0.8864","0.8864","","",""
"2023-01-12","012388","202000028574","0.8820","0.8820","","",""
"2023-01-13","012388","202000028574","0.9024","0.9024","","",""
"2023-01-16","012388","202000028574","0.9145","0.9145","","",""
"2023-01-17","012388","202000028574","0.9077","0.9077","","",""
"2023-01-18","012388","202000028574","0.9018","0.9018","","",""
"2023-01-19","012388","202000028574","0.9020","0.9020","","",""
"2023-01-20","012388","202000028574","0.9019","0.9019","","",""
"2023-01-30","012388","202000028574","0.9068","0.9068","","",""
"2023-01-31","012388","202000028574","0.8897","0.8897","","",""
"2023-02-01","012388","202000028574","0.8982","0.8982","","",""
"2023-02-02","012388","202000028574","0.9040","0.9040","","",""
"2023-02-03","012388","202000028574","0.8916","0.8916","","",""
"2023-02-06","012388","202000028574","0.8777","0.8777","","",""
"2023-02-07","012388","202000028574","0.8726","0.8726","","",""
"2023-02-08","012388","202000028574","0.8683","0.8683","","",""
"2023-02-09","012388","202000028574","0.8819","0.8819","","",""
"2023-02-10","012388","202000028574","0.8774","0.8774","","",""
"2023-02-13","012388","202000028574","0.8877","0.8877","","",""
"2023-02-14","012388","202000028574","0.8877","0.8877","","",""
"2023-02-15","012388","202000028574","0.8831","0.8831","","",""
"2023-02-16","012388","202000028574","0.8749","0.8749","","",""
"2023-02-17","012388","202000028574","0.8656","0.8656","","",""
"2023-02-20","012388","202000028574","0.8739","0.8739","","",""
"2023-02-21","012388","202000028574","0.8705","0.8705","","",""
"2023-02-22","012388","202000028574","0.8650","0.8650","","",""
"2023-02-23","012388","202000028574","0.8606","0.8606","","",""
"2023-02-24","012388","202000028574","0.8513","0.8513","","",""
"2023-02-27","012388","202000028574","0.8549","0.8549","","",""
"2023-02-28","012388","202000028574","0.8555","0.8555","","",""
"2023-03-01","012388","202000028574","0.8591","0.8591","","",""
"2023-03-02","012388","202000028574","0.8555","0.8555","","",""
"2023-03-03","012388","202000028574","0.8515","0.8515","","",""
"2023-03-06","012388","202000028574","0.8511","0.8511","","",""
"2023-03-07","012388","202000028574","0.8347","0.8347","","",""
"2023-03-08","012388","202000028574","0.8297","0.8297","","",""
"2023-03-09","012388","202000028574","0.8232","0.8232","","",""
"2023-03-10","012388","202000028574","0.8122","0.8122","","",""
"2023-03-13","012388","202000028574","0.8256","0.8256","","",""
"2023-03-14","012388","202000028574","0.8197","0.8197","","",""
"2023-03-15","012388","202000028574","0.8092","0.8092","","",""
"2023-03-16","012388","202000028574","0.8057","0.8057","","",""
"2023-03-17","012388","202000028574","0.7948","0.7948","","",""
"2023-03-20","012388","202000028574","0.7870","0.7870","","",""
"2023-03-21","012388","202000028574","0.8047","0.8047","","",""
"2023-03-22","012388","202000028574","0.7996","0.7996","","",""
"2023-03-23","012388","202000028574","0.8030","0.8030","","",""
"2023-03-24","012388","202000028574","0.8044","0.8044","","",""
"2023-03-27","012388","202000028574","0.7984","0.7984","","",""
"2023-03-28","012388","202000028574","0.8048","0.8048","","",""
"2023-03-29","012388","202000028574","0.8101","0.8101","","",""
"2023-03-30","012388","202000028574","0.8246","0.8246","","",""
"2023-03-31","012388","202000028574","0.8195","0.8195","","",""
"2022-04-06","012811","202000029534","1.3198","1.3198","","",""
"2022-04-07","012811","202000029534","1.3027","1.3027","","",""
"2022-04-08","012811","202000029534","1.3078","1.3078","","",""
"2022-04-11","012811","202000029534","1.2716","1.2716","","",""
"2022-04-12","012811","202000029534","1.2930","1.2930","","",""
"2022-04-13","012811","202000029534","1.2803","1.2803","","",""
"2022-04-14","012811","202000029534","1.2950","1.2950","","",""
"2022-04-15","012811","202000029534","1.2952","1.2952","","",""
"2022-04-18","012811","202000029534","1.2878","1.2878","","",""
"2022-04-19","012811","202000029534","1.2788","1.2788","","",""
"2022-04-20","012811","202000029534","1.2574","1.2574","","",""
"2022-04-21","012811","202000029534","1.2340","1.2340","","",""
"2022-04-22","012811","202000029534","1.2397","1.2397","","",""
"2022-04-25","012811","202000029534","1.1812","1.1812","","",""
"2022-04-26","012811","202000029534","1.1740","1.1740","","",""
"2022-04-27","012811","202000029534","1.2064","1.2064","","",""
"2022-04-28","012811","202000029534","1.2143","1.2143","","",""
"2022-04-29","012811","202000029534","1.2429","1.2429","","",""
"2022-05-05","012811","202000029534","1.2406","1.2406","","",""
"2022-05-06","012811","202000029534","1.2110","1.2110","","",""
"2022-05-09","012811","202000029534","1.2040","1.2040","","",""
"2022-05-10","012811","202000029534","1.2171","1.2171","","",""
"2022-05-11","012811","202000029534","1.2345","1.2345","","",""
"2022-05-12","012811","202000029534","1.2308","1.2308","","",""
"2022-05-13","012811","202000029534","1.2412","1.2412","","",""
"2022-05-16","012811","202000029534","1.2329","1.2329","","",""
"2022-05-17","012811","202000029534","1.2470","1.2470","","",""
"2022-05-18","012811","202000029534","1.2426","1.2426","","",""
"2022-05-19","012811","202000029534","1.2459","1.2459","","",""
"2022-05-20","012811","202000029534","1.2686","1.2686","","",""
"2022-05-23","012811","202000029534","1.2626","1.2626","","",""
"2022-05-24","012811","202000029534","1.2330","1.2330","","",""
"2022-05-25","012811","202000029534","1.2403","1.2403","","",""
"2022-05-26","012811","202000029534","1.2443","1.2443","","",""
"2022-05-27","012811","202000029534","1.2475","1.2475","","",""
"2022-05-30","012811","202000029534","1.2555","1.2555","","",""
"2022-05-31","012811","202000029534","1.2748","1.2748","","",""
"2022-06-01","012811","202000029534","1.2722","1.2722","","",""
"2022-06-02","012811","202000029534","1.2754","1.2754","","",""
"2022-06-06","012811","202000029534","1.2995","1.2995","","",""
"2022-06-07","012811","202000029534","1.3040","1.3040","","",""
"2022-06-08","012811","202000029534","1.3154","1.3154","","",""
"2022-06-09","012811","202000029534","1.3032","1.3032","","",""
"2022-06-10","012811","202000029534","1.3224","1.3224","","",""
"2022-06-13","012811","202000029534","1.3067","1.3067","","",""
"2022-06-14","012811","202000029534","1.3173","1.3173","","",""
"2022-06-15","012811","202000029534","1.3298","1.3298","","",""
"2022-06-16","012811","202000029534","1.3249","1.3249","","",""
"2022-06-17","012811","202000029534","1.3416","1.3416","","",""
"2022-06-20","012811","202000029534","1.3485","1.3485","","",""
"2022-06-21","012811","202000029534","1.3469","1.3469","","",""
"2022-06-22","012811","202000029534","1.3318","1.3318","","",""
"2022-06-23","012811","202000029534","1.3526","1.3526","","",""
"2022-06-24","012811","202000029534","1.3679","1.3679","","",""
"2022-06-27","012811","202000029534","1.3808","1.3808","","",""
"2022-06-28","012811","202000029534","1.3922","1.3922","","",""
"2022-06-29","012811","202000029534","1.3727","1.3727","","",""
"2022-06-30","012811","202000029534","1.3919","1.3919","","",""
"2022-07-01","012811","202000029534","1.3861","1.3861","","",""
"2022-07-04","012811","202000029534","1.3964","1.3964","","",""
"2022-07-05","012811","202000029534","1.3932","1.3932","","",""
"2022-07-06","012811","202000029534","1.3750","1.3750","","",""
"2022-07-07","012811","202000029534","1.3809","1.3809","","",""
"2022-07-08","012811","202000029534","1.3762","1.3762","","",""
"2022-07-11","012811","202000029534","1.3576","1.3576","","",""
"2022-07-12","012811","202000029534","1.3468","1.3468","","",""
"2022-07-13","012811","202000029534","1.3489","1.3489","","",""
"2022-07-14","012811","202000029534","1.3519","1.3519","","",""
"2022-07-15","012811","202000029534","1.3351","1.3351","","",""
"2022-07-18","012811","202000029534","1.3486","1.3486","","",""
"2022-07-19","012811","202000029534","1.3427","1.3427","","",""
"2022-07-20","012811","202000029534","1.3485","1.3485","","",""
"2022-07-21","012811","202000029534","1.3352","1.3352","","",""
"2022-07-22","012811","202000029534","1.3332","1.3332","","",""
"2022-07-25","012811","202000029534","1.3250","1.3250","","",""
"2022-07-26","012811","202000029534","1.3353","1.3353","","",""
"2022-07-27","012811","202000029534","1.3310","1.3310","","",""
"2022-07-28","012811","202000029534","1.3317","1.3317","","",""
"2022-07-29","012811","202000029534","1.3166","1.3166","","",""
"2022-08-01","012811","202000029534","1.3228","1.3228","","",""
"2022-08-02","012811","202000029534","1.2980","1.2980","","",""
"2022-08-03","012811","202000029534","1.2838","1.2838","","",""
"2022-08-04","012811","202000029534","1.2938","1.2938","","",""
"2022-08-05","012811","202000029534","1.3112","1.3112","","",""
"2022-08-08","012811","202000029534","1.3097","1.3097","","",""
"2022-08-09","012811","202000029534","1.3126","1.3126","","",""
"2022-08-10","012811","202000029534","1.3015","1.3015","","",""
"2022-08-11","012811","202000029534","1.3203","1.3203","","",""
"2022-08-12","012811","202000029534","1.3199","1.3199","","",""
"2022-08-15","012811","202000029534","1.3188","1.3188","","",""
"2022-08-16","012811","202000029534","1.3176","1.3176","","",""
"2022-08-17","012811","202000029534","1.3292","1.3292","","",""
"2022-08-18","012811","202000029534","1.3187","1.3187","","",""
"2022-08-19","012811","202000029534","1.3102","1.3102","","",""
"2022-08-22","012811","202000029534","1.3199","1.3199","","",""
"2022-08-23","012811","202000029534","1.3149","1.3149","","",""
"2022-08-24","012811","202000029534","1.2905","1.2905","","",""
"2022-08-25","012811","202000029534","1.3009","1.3009","","",""
"2022-08-26","012811","202000029534","1.2996","1.2996","","",""
"2022-08-29","012811","202000029534","1.2936","1.2936","","",""
"2022-08-30","012811","202000029534","1.2899","1.2899","","",""
"2022-08-31","012811","202000029534","1.2875","1.2875","","",""
"2022-09-01","012811","202000029534","1.2771","1.2771","","",""
"2022-09-02","012811","202000029534","1.2720","1.2720","","",""
"2022-09-05","012811","202000029534","1.2711","1.2711","","",""
"2022-09-06","012811","202000029534","1.2817","1.2817","","",""
"2022-09-07","012811","202000029534","1.2827","1.2827","","",""
"2022-09-08","012811","202000029534","1.2773","1.2773","","",""
"2022-09-09","012811","202000029534","1.2934","1.2934","","",""
"2022-09-13","012811","202000029534","1.2960","1.2960","","",""
"2022-09-14","012811","202000029534","1.2831","1.2831","","",""
"2022-09-15","012811","202000029534","1.2708","1.2708","","",""
"2022-09-16","012811","202000029534","1.2421","1.2421","","",""
"2022-09-19","012811","202000029534","1.2401","1.2401","","",""
"2022-09-20","012811","202000029534","1.2422","1.2422","","",""
"2022-09-21","012811","202000029534","1.2339","1.2339","","",""
"2022-09-22","012811","202000029534","1.2252","1.2252","","",""
"2022-09-23","012811","202000029534","1.2215","1.2215","","",""
"2022-09-26","012811","202000029534","1.2171","1.2171","","",""
"2022-09-27","012811","202000029534","1.2351","1.2351","","",""
"2022-09-28","012811","202000029534","1.2162","1.2162","","",""
"2022-09-29","012811","202000029534","1.2155","1.2155","","",""
"2022-09-30","012811","202000029534","1.2084","1.2084","","",""
"2022-10-10","012811","202000029534","1.1855","1.1855","","",""
"2022-10-11","012811","202000029534","1.1881","1.1881","","",""
"2022-10-12","012811","202000029534","1.2057","1.2057","","",""
"2022-10-13","012811","202000029534","1.1995","1.1995","","",""
"2022-10-14","012811","202000029534","1.2283","1.2283","","",""
"2022-10-17","012811","202000029534","1.2292","1.2292","","",""
"2022-10-18","012811","202000029534","1.2293","1.2293","","",""
"2022-10-19","012811","202000029534","1.2122","1.2122","","",""
"2022-10-20","012811","202000029534","1.2064","1.2064","","",""
"2022-10-21","012811","202000029534","1.2045","1.2045","","",""
"2022-10-24","012811","202000029534","1.1733","1.1733","","",""
"2022-10-25","012811","202000029534","1.1716","1.1716","","",""
"2022-10-26","012811","202000029534","1.1822","1.1822","","",""
"2022-10-27","012811","202000029534","1.1741","1.1741","","",""
"2022-10-28","012811","202000029534","1.1481","1.1481","","",""
"2022-10-31","012811","202000029534","1.1411","1.1411","","",""
"2022-11-01","012811","202000029534","1.1766","1.1766","","",""
"2022-11-02","012811","202000029534","1.1900","1.1900","","",""
"2022-11-03","012811","202000029534","1.1815","1.1815","","",""
"2022-11-04","012811","202000029534","1.2162","1.2162","","",""
"2022-11-07","012811","202000029534","1.2177","1.2177","","",""
"2022-11-08","012811","202000029534","1.2109","1.2109","","",""
"2022-11-09","012811","202000029534","1.2012","1.2012","","",""
"2022-11-10","012811","202000029534","1.1939","1.1939","","",""
"2022-11-11","012811","202000029534","1.2216","1.2216","","",""
"2022-11-14","012811","202000029534","1.2229","1.2229","","",""
"2022-11-15","012811","202000029534","1.2434","1.2434","","",""
"2022-11-16","012811","202000029534","1.2349","1.2349","","",""
"2022-11-17","012811","202000029534","1.2317","1.2317","","",""
"2022-11-18","012811","202000029534","1.2272","1.2272","","",""
"2022-11-21","012811","202000029534","1.2191","1.2191","","",""
"2022-11-22","012811","202000029534","1.2161","1.2161","","",""
"2022-11-23","012811","202000029534","1.2162","1.2162","","",""
"2022-11-24","012811","202000029534","1.2131","1.2131","","",""
"2022-11-25","012811","202000029534","1.2173","1.2173","","",""
"2022-11-28","012811","202000029534","1.2053","1.2053","","",""
"2022-11-29","012811","202000029534","1.2372","1.2372","","",""
"2022-11-30","012811","202000029534","1.2386","1.2386","","",""
"2022-12-01","012811","202000029534","1.2493","1.2493","","",""
"2022-12-02","012811","202000029534","1.2415","1.2415","","",""
"2022-12-05","012811","202000029534","1.2616","1.2616","","",""
"2022-12-06","012811","202000029534","1.2672","1.2672","","",""
"2022-12-07","012811","202000029534","1.2653","1.2653","","",""
"2022-12-08","012811","202000029534","1.2660","1.2660","","",""
"2022-12-09","012811","202000029534","1.2754","1.2754","","",""
"2022-12-12","012811","202000029534","1.2619","1.2619","","",""
"2022-12-13","012811","202000029534","1.2587","1.2587","","",""
"2022-12-14","012811","202000029534","1.2607","1.2607","","",""
"2022-12-15","012811","202000029534","1.2597","1.2597","","",""
"2022-12-16","012811","202000029534","1.2612","1.2612","","",""
"2022-12-19","012811","202000029534","1.2416","1.2416","","",""
"2022-12-20","012811","202000029534","1.2232","1.2232","","",""
"2022-12-21","012811","202000029534","1.2233","1.2233","","",""
"2022-12-22","012811","202000029534","1.2230","1.2230","","",""
"2022-12-23","012811","202000029534","1.2208","1.2208","","",""
"2022-12-26","012811","202000029534","1.2266","1.2266","","",""
"2022-12-27","012811","202000029534","1.2403","1.2403","","",""
"2022-12-28","012811","202000029534","1.2375","1.2375","","",""
"2022-12-29","012811","202000029534","1.2341","1.2341","","",""
"2022-12-30","012811","202000029534","1.2374","1.2374","","",""
"2022-12-31","012811","202000029534","1.2366","1.2366","","",""
"2023-01-03","012811","202000029534","1.2417","1.2417","","",""
"2023-01-04","012811","202000029534","1.2432","1.2432","","",""
"2023-01-05","012811","202000029534","1.2654","1.2654","","",""
"2023-01-06","012811","202000029534","1.2692","1.2692","","",""
"2023-01-09","012811","202000029534","1.2772","1.2772","","",""
"2023-01-10","012811","202000029534","1.2798","1.2798","","",""
"2023-01-11","012811","202000029534","1.2772","1.2772","","",""
"2023-01-12","012811","202000029534","1.2792","1.2792","","",""
"2023-01-13","012811","202000029534","1.2949","1.2949","","",""
"2023-01-16","012811","202000029534","1.3129","1.3129","","",""
"2023-01-17","012811","202000029534","1.3112","1.3112","","",""
"2023-01-18","012811","202000029534","1.3097","1.3097","","",""
"2023-01-19","012811","202000029534","1.3168","1.3168","","",""
"2023-01-20","012811","202000029534","1.3244","1.3244","","",""
"2023-01-30","012811","202000029534","1.3295","1.3295","","",""
"2023-01-31","012811","202000029534","1.3181","1.3181","","",""
"2023-02-01","012811","202000029534","1.3297","1.3297","","",""
"2023-02-02","012811","202000029534","1.3270","1.3270","","",""
"2023-02-03","012811","202000029534","1.3150","1.3150","","",""
"2023-02-06","012811","202000029534","1.2998","1.2998","","",""
"2023-02-07","012811","202000029534","1.3010","1.3010","","",""
"2023-02-08","012811","202000029534","1.2968","1.2968","","",""
"2023-02-09","012811","202000029534","1.3116","1.3116","","",""
"2023-02-10","012811","202000029534","1.3044","1.3044","","",""
"2023-02-13","012811","202000029534","1.3143","1.3143","","",""
"2023-02-14","012811","202000029534","1.3150","1.3150","","",""
"2023-02-15","012811","202000029534","1.3075","1.3075","","",""
"2023-02-16","012811","202000029534","1.2978","1.2978","","",""
"2023-02-17","012811","202000029534","1.2812","1.2812","","",""
"2023-02-20","012811","202000029534","1.3082","1.3082","","",""
"2023-02-21","012811","202000029534","1.3101","1.3101","","",""
"2023-02-22","012811","202000029534","1.3007","1.3007","","",""
"2023-02-23","012811","202000029534","1.3002","1.3002","","",""
"2023-02-24","012811","202000029534","1.2882","1.2882","","",""
"2023-02-27","012811","202000029534","1.2835","1.2835","","",""
"2023-02-28","012811","202000029534","1.2904","1.2904","","",""
"2023-03-01","012811","202000029534","1.3035","1.3035","","",""
"2023-03-02","012811","202000029534","1.3003","1.3003","","",""
"2023-03-03","012811","202000029534","1.3031","1.3031","","",""
"2023-03-06","012811","202000029534","1.2976","1.2976","","",""
"2023-03-07","012811","202000029534","1.2810","1.2810","","",""
"2023-03-08","012811","202000029534","1.2764","1.2764","","",""
"2023-03-09","012811","202000029534","1.2719","1.2719","","",""
"2023-03-10","012811","202000029534","1.2571","1.2571","","",""
"2023-03-13","012811","202000029534","1.2657","1.2657","","",""
"2023-03-14","012811","202000029534","1.2570","1.2570","","",""
"2023-03-15","012811","202000029534","1.2591","1.2591","","",""
"2023-03-16","012811","202000029534","1.2462","1.2462","","",""
"2023-03-17","012811","202000029534","1.2501","1.2501","","",""
"2023-03-20","012811","202000029534","1.2447","1.2447","","",""
"2023-03-21","012811","202000029534","1.2586","1.2586","","",""
"2023-03-22","012811","202000029534","1.2640","1.2640","","",""
"2023-03-23","012811","202000029534","1.2736","1.2736","","",""
"2023-03-24","012811","202000029534","1.2703","1.2703","","",""
"2023-03-27","012811","202000029534","1.2682","1.2682","","",""
"2023-03-28","012811","202000029534","1.2655","1.2655","","",""
"2023-03-29","012811","202000029534","1.2668","1.2668","","",""
"2023-03-30","012811","202000029534","1.2767","1.2767","","",""
"2023-03-31","012811","202000029534","1.2781","1.2781","","",""
"2022-04-06","012854","202000035272","1.0062","1.0062","","",""
"2022-04-07","012854","202000035272","0.9969","0.9969","","",""
"2022-04-08","012854","202000035272","1.0027","1.0027","","",""
"2022-04-11","012854","202000035272","0.9832","0.9832","","",""
"2022-04-12","012854","202000035272","0.9985","0.9985","","",""
"2022-04-13","012854","202000035272","0.9928","0.9928","","",""
"2022-04-14","012854","202000035272","1.0018","1.0018","","",""
"2022-04-15","012854","202000035272","0.9980","0.9980","","",""
"2022-04-18","012854","202000035272","0.9934","0.9934","","",""
"2022-04-19","012854","202000035272","0.9889","0.9889","","",""
"2022-04-20","012854","202000035272","0.9764","0.9764","","",""
"2022-04-21","012854","202000035272","0.9581","0.9581","","",""
"2022-04-22","012854","202000035272","0.9613","0.9613","","",""
"2022-04-25","012854","202000035272","0.9149","0.9149","","",""
"2022-04-26","012854","202000035272","0.9090","0.9090","","",""
"2022-04-27","012854","202000035272","0.9329","0.9329","","",""
"2022-04-28","012854","202000035272","0.9391","0.9391","","",""
"2022-04-29","012854","202000035272","0.9568","0.9568","","",""
"2022-05-05","012854","202000035272","0.9589","0.9589","","",""
"2022-05-06","012854","202000035272","0.9355","0.9355","","",""
"2022-05-09","012854","202000035272","0.9310","0.9310","","",""
"2022-05-10","012854","202000035272","0.9371","0.9371","","",""
"2022-05-11","012854","202000035272","0.9448","0.9448","","",""
"2022-05-12","012854","202000035272","0.9395","0.9395","","",""
"2022-05-13","012854","202000035272","0.9460","0.9460","","",""
"2022-05-16","012854","202000035272","0.9389","0.9389","","",""
"2022-05-17","012854","202000035272","0.9464","0.9464","","",""
"2022-05-18","012854","202000035272","0.9443","0.9443","","",""
"2022-05-19","012854","202000035272","0.9483","0.9483","","",""
"2022-05-20","012854","202000035272","0.9639","0.9639","","",""
"2022-05-23","012854","202000035272","0.9602","0.9602","","",""
"2022-05-24","012854","202000035272","0.9408","0.9408","","",""
"2022-05-25","012854","202000035272","0.9466","0.9466","","",""
"2022-05-26","012854","202000035272","0.9515","0.9515","","",""
"2022-05-27","012854","202000035272","0.9521","0.9521","","",""
"2022-05-30","012854","202000035272","0.9588","0.9588","","",""
"2022-05-31","012854","202000035272","0.9720","0.9720","","",""
"2022-06-01","012854","202000035272","0.9687","0.9687","","",""
"2022-06-02","012854","202000035272","0.9704","0.9704","","",""
"2022-06-06","012854","202000035272","0.9847","0.9847","","",""
"2022-06-07","012854","202000035272","0.9870","0.9870","","",""
"2022-06-08","012854","202000035272","0.9929","0.9929","","",""
"2022-06-09","012854","202000035272","0.9886","0.9886","","",""
"2022-06-10","012854","202000035272","1.0015","1.0015","","",""
"2022-06-13","012854","202000035272","0.9917","0.9917","","",""
"2022-06-14","012854","202000035272","0.9999","0.9999","","",""
"2022-06-15","012854","202000035272","1.0095","1.0095","","",""
"2022-06-16","012854","202000035272","1.0064","1.0064","","",""
"2022-06-17","012854","202000035272","1.0108","1.0108","","",""
"2022-06-20","012854","202000035272","1.0126","1.0126","","",""
"2022-06-21","012854","202000035272","1.0133","1.0133","","",""
"2022-06-22","012854","202000035272","1.0066","1.0066","","",""
"2022-06-23","012854","202000035272","1.0190","1.0190","","",""
"2022-06-24","012854","202000035272","1.0304","1.0304","","",""
"2022-06-27","012854","202000035272","1.0438","1.0438","","",""
"2022-06-28","012854","202000035272","1.0559","1.0559","","",""
"2022-06-29","012854","202000035272","1.0392","1.0392","","",""
"2022-06-30","012854","202000035272","1.0550","1.0550","","",""
"2022-07-01","012854","202000035272","1.0512","1.0512","","",""
"2022-07-04","012854","202000035272","1.0571","1.0571","","",""
"2022-07-05","012854","202000035272","1.0560","1.0560","","",""
"2022-07-06","012854","202000035272","1.0413","1.0413","","",""
"2022-07-07","012854","202000035272","1.0425","1.0425","","",""
"2022-07-08","012854","202000035272","1.0424","1.0424","","",""
"2022-07-11","012854","202000035272","1.0263","1.0263","","",""
"2022-07-12","012854","202000035272","1.0208","1.0208","","",""
"2022-07-13","012854","202000035272","1.0206","1.0206","","",""
"2022-07-14","012854","202000035272","1.0166","1.0166","","",""
"2022-07-15","012854","202000035272","1.0045","1.0045","","",""
"2022-07-18","012854","202000035272","1.0136","1.0136","","",""
"2022-07-19","012854","202000035272","1.0108","1.0108","","",""
"2022-07-20","012854","202000035272","1.0129","1.0129","","",""
"2022-07-21","012854","202000035272","1.0011","1.0011","","",""
"2022-07-22","012854","202000035272","1.0035","1.0035","","",""
"2022-07-25","012854","202000035272","0.9994","0.9994","","",""
"2022-07-26","012854","202000035272","1.0096","1.0096","","",""
"2022-07-27","012854","202000035272","1.0065","1.0065","","",""
"2022-07-28","012854","202000035272","1.0080","1.0080","","",""
"2022-07-29","012854","202000035272","0.9961","0.9961","","",""
"2022-08-01","012854","202000035272","0.9983","0.9983","","",""
"2022-08-02","012854","202000035272","0.9779","0.9779","","",""
"2022-08-03","012854","202000035272","0.9669","0.9669","","",""
"2022-08-04","012854","202000035272","0.9747","0.9747","","",""
"2022-08-05","012854","202000035272","0.9876","0.9876","","",""
"2022-08-08","012854","202000035272","0.9879","0.9879","","",""
"2022-08-09","012854","202000035272","0.9899","0.9899","","",""
"2022-08-10","012854","202000035272","0.9815","0.9815","","",""
"2022-08-11","012854","202000035272","1.0034","1.0034","","",""
"2022-08-12","012854","202000035272","1.0032","1.0032","","",""
"2022-08-15","012854","202000035272","1.0019","1.0019","","",""
"2022-08-16","012854","202000035272","0.9995","0.9995","","",""
"2022-08-17","012854","202000035272","1.0065","1.0065","","",""
"2022-08-18","012854","202000035272","0.9994","0.9994","","",""
"2022-08-19","012854","202000035272","0.9915","0.9915","","",""
"2022-08-22","012854","202000035272","0.9966","0.9966","","",""
"2022-08-23","012854","202000035272","0.9924","0.9924","","",""
"2022-08-24","012854","202000035272","0.9741","0.9741","","",""
"2022-08-25","012854","202000035272","0.9828","0.9828","","",""
"2022-08-26","012854","202000035272","0.9808","0.9808","","",""
"2022-08-29","012854","202000035272","0.9746","0.9746","","",""
"2022-08-30","012854","202000035272","0.9705","0.9705","","",""
"2022-08-31","012854","202000035272","0.9704","0.9704","","",""
"2022-09-01","012854","202000035272","0.9649","0.9649","","",""
"2022-09-02","012854","202000035272","0.9613","0.9613","","",""
"2022-09-05","012854","202000035272","0.9587","0.9587","","",""
"2022-09-06","012854","202000035272","0.9702","0.9702","","",""
"2022-09-07","012854","202000035272","0.9686","0.9686","","",""
"2022-09-08","012854","202000035272","0.9647","0.9647","","",""
"2022-09-09","012854","202000035272","0.9753","0.9753","","",""
"2022-09-13","012854","202000035272","0.9768","0.9768","","",""
"2022-09-14","012854","202000035272","0.9662","0.9662","","",""
"2022-09-15","012854","202000035272","0.9623","0.9623","","",""
"2022-09-16","012854","202000035272","0.9501","0.9501","","",""
"2022-09-19","012854","202000035272","0.9492","0.9492","","",""
"2022-09-20","012854","202000035272","0.9493","0.9493","","",""
"2022-09-21","012854","202000035272","0.9458","0.9458","","",""
"2022-09-22","012854","202000035272","0.9413","0.9413","","",""
"2022-09-23","012854","202000035272","0.9367","0.9367","","",""
"2022-09-26","012854","202000035272","0.9289","0.9289","","",""
"2022-09-27","012854","202000035272","0.9382","0.9382","","",""
"2022-09-28","012854","202000035272","0.9226","0.9226","","",""
"2022-09-29","012854","202000035272","0.9234","0.9234","","",""
"2022-09-30","012854","202000035272","0.9187","0.9187","","",""
"2022-10-10","012854","202000035272","0.9003","0.9003","","",""
"2022-10-11","012854","202000035272","0.9004","0.9004","","",""
"2022-10-12","012854","202000035272","0.9140","0.9140","","",""
"2022-10-13","012854","202000035272","0.9059","0.9059","","",""
"2022-10-14","012854","202000035272","0.9305","0.9305","","",""
"2022-10-17","012854","202000035272","0.9314","0.9314","","",""
"2022-10-18","012854","202000035272","0.9281","0.9281","","",""
"2022-10-19","012854","202000035272","0.9141","0.9141","","",""
"2022-10-20","012854","202000035272","0.9103","0.9103","","",""
"2022-10-21","012854","202000035272","0.9059","0.9059","","",""
"2022-10-24","012854","202000035272","0.8841","0.8841","","",""
"2022-10-25","012854","202000035272","0.8848","0.8848","","",""
"2022-10-26","012854","202000035272","0.8927","0.8927","","",""
"2022-10-27","012854","202000035272","0.8881","0.8881","","",""
"2022-10-28","012854","202000035272","0.8662","0.8662","","",""
"2022-10-31","012854","202000035272","0.8597","0.8597","","",""
"2022-11-01","012854","202000035272","0.8866","0.8866","","",""
"2022-11-02","012854","202000035272","0.8940","0.8940","","",""
"2022-11-03","012854","202000035272","0.8878","0.8878","","",""
"2022-11-04","012854","202000035272","0.9110","0.9110","","",""
"2022-11-07","012854","202000035272","0.9152","0.9152","","",""
"2022-11-08","012854","202000035272","0.9083","0.9083","","",""
"2022-11-09","012854","202000035272","0.9021","0.9021","","",""
"2022-11-10","012854","202000035272","0.8957","0.8957","","",""
"2022-11-11","012854","202000035272","0.9184","0.9184","","",""
"2022-11-14","012854","202000035272","0.9213","0.9213","","",""
"2022-11-15","012854","202000035272","0.9383","0.9383","","",""
"2022-11-16","012854","202000035272","0.9313","0.9313","","",""
"2022-11-17","012854","202000035272","0.9285","0.9285","","",""
"2022-11-18","012854","202000035272","0.9235","0.9235","","",""
"2022-11-21","012854","202000035272","0.9172","0.9172","","",""
"2022-11-22","012854","202000035272","0.9172","0.9172","","",""
"2022-11-23","012854","202000035272","0.9166","0.9166","","",""
"2022-11-24","012854","202000035272","0.9152","0.9152","","",""
"2022-11-25","012854","202000035272","0.9193","0.9193","","",""
"2022-11-28","012854","202000035272","0.9086","0.9086","","",""
"2022-11-29","012854","202000035272","0.9346","0.9346","","",""
"2022-11-30","012854","202000035272","0.9353","0.9353","","",""
"2022-12-01","012854","202000035272","0.9440","0.9440","","",""
"2022-12-02","012854","202000035272","0.9384","0.9384","","",""
"2022-12-05","012854","202000035272","0.9547","0.9547","","",""
"2022-12-06","012854","202000035272","0.9579","0.9579","","",""
"2022-12-07","012854","202000035272","0.9524","0.9524","","",""
"2022-12-08","012854","202000035272","0.9519","0.9519","","",""
"2022-12-09","012854","202000035272","0.9613","0.9613","","",""
"2022-12-12","012854","202000035272","0.9498","0.9498","","",""
"2022-12-13","012854","202000035272","0.9492","0.9492","","",""
"2022-12-14","012854","202000035272","0.9526","0.9526","","",""
"2022-12-15","012854","202000035272","0.9495","0.9495","","",""
"2022-12-16","012854","202000035272","0.9496","0.9496","","",""
"2022-12-19","012854","202000035272","0.9349","0.9349","","",""
"2022-12-20","012854","202000035272","0.9254","0.9254","","",""
"2022-12-21","012854","202000035272","0.9253","0.9253","","",""
"2022-12-22","012854","202000035272","0.9272","0.9272","","",""
"2022-12-23","012854","202000035272","0.9265","0.9265","","",""
"2022-12-26","012854","202000035272","0.9277","0.9277","","",""
"2022-12-27","012854","202000035272","0.9383","0.9383","","",""
"2022-12-28","012854","202000035272","0.9344","0.9344","","",""
"2022-12-29","012854","202000035272","0.9311","0.9311","","",""
"2022-12-30","012854","202000035272","0.9326","0.9326","","",""
"2022-12-31","012854","202000035272","0.9326","0.9326","","",""
"2023-01-03","012854","202000035272","0.9358","0.9358","","",""
"2023-01-04","012854","202000035272","0.9381","0.9381","","",""
"2023-01-05","012854","202000035272","0.9555","0.9555","","",""
"2023-01-06","012854","202000035272","0.9561","0.9561","","",""
"2023-01-09","012854","202000035272","0.9668","0.9668","","",""
"2023-01-10","012854","202000035272","0.9655","0.9655","","",""
"2023-01-11","012854","202000035272","0.9644","0.9644","","",""
"2023-01-12","012854","202000035272","0.9672","0.9672","","",""
"2023-01-13","012854","202000035272","0.9805","0.9805","","",""
"2023-01-16","012854","202000035272","0.9963","0.9963","","",""
"2023-01-17","012854","202000035272","0.9951","0.9951","","",""
"2023-01-18","012854","202000035272","0.9918","0.9918","","",""
"2023-01-19","012854","202000035272","0.9995","0.9995","","",""
"2023-01-20","012854","202000035272","1.0037","1.0037","","",""
"2023-01-30","012854","202000035272","1.0079","1.0079","","",""
"2023-01-31","012854","202000035272","0.9970","0.9970","","",""
"2023-02-01","012854","202000035272","1.0058","1.0058","","",""
"2023-02-02","012854","202000035272","1.0067","1.0067","","",""
"2023-02-03","012854","202000035272","0.9996","0.9996","","",""
"2023-02-06","012854","202000035272","0.9845","0.9845","","",""
"2023-02-07","012854","202000035272","0.9863","0.9863","","",""
"2023-02-08","012854","202000035272","0.9818","0.9818","","",""
"2023-02-09","012854","202000035272","0.9953","0.9953","","",""
"2023-02-10","012854","202000035272","0.9906","0.9906","","",""
"2023-02-13","012854","202000035272","0.9965","0.9965","","",""
"2023-02-14","012854","202000035272","0.9962","0.9962","","",""
"2023-02-15","012854","202000035272","0.9937","0.9937","","",""
"2023-02-16","012854","202000035272","0.9853","0.9853","","",""
"2023-02-17","012854","202000035272","0.9720","0.9720","","",""
"2023-02-20","012854","202000035272","0.9954","0.9954","","",""
"2023-02-21","012854","202000035272","0.9973","0.9973","","",""
"2023-02-22","012854","202000035272","0.9907","0.9907","","",""
"2023-02-23","012854","202000035272","0.9890","0.9890","","",""
"2023-02-24","012854","202000035272","0.9790","0.9790","","",""
"2023-02-27","012854","202000035272","0.9736","0.9736","","",""
"2023-02-28","012854","202000035272","0.9780","0.9780","","",""
"2023-03-01","012854","202000035272","0.9907","0.9907","","",""
"2023-03-02","012854","202000035272","0.9875","0.9875","","",""
"2023-03-03","012854","202000035272","0.9878","0.9878","","",""
"2023-03-06","012854","202000035272","0.9802","0.9802","","",""
"2023-03-07","012854","202000035272","0.9667","0.9667","","",""
"2023-03-08","012854","202000035272","0.9629","0.9629","","",""
"2023-03-09","012854","202000035272","0.9589","0.9589","","",""
"2023-03-10","012854","202000035272","0.9469","0.9469","","",""
"2023-03-13","012854","202000035272","0.9554","0.9554","","",""
"2023-03-14","012854","202000035272","0.9505","0.9505","","",""
"2023-03-15","012854","202000035272","0.9498","0.9498","","",""
"2023-03-16","012854","202000035272","0.9414","0.9414","","",""
"2023-03-17","012854","202000035272","0.9445","0.9445","","",""
"2023-03-20","012854","202000035272","0.9398","0.9398","","",""
"2023-03-21","012854","202000035272","0.9497","0.9497","","",""
"2023-03-22","012854","202000035272","0.9533","0.9533","","",""
"2023-03-23","012854","202000035272","0.9608","0.9608","","",""
"2023-03-24","012854","202000035272","0.9568","0.9568","","",""
"2023-03-27","012854","202000035272","0.9541","0.9541","","",""
"2023-03-28","012854","202000035272","0.9540","0.9540","","",""
"2023-03-29","012854","202000035272","0.9589","0.9589","","",""
"2023-03-30","012854","202000035272","0.9636","0.9636","","",""
"2023-03-31","012854","202000035272","0.9649","0.9649","","",""
"2022-04-06","012855","202000035273","1.0376","1.0376","","",""
"2022-04-07","012855","202000035273","1.0281","1.0281","","",""
"2022-04-08","012855","202000035273","1.0340","1.0340","","",""
"2022-04-11","012855","202000035273","1.0139","1.0139","","",""
"2022-04-12","012855","202000035273","1.0297","1.0297","","",""
"2022-04-13","012855","202000035273","1.0237","1.0237","","",""
"2022-04-14","012855","202000035273","1.0330","1.0330","","",""
"2022-04-15","012855","202000035273","1.0292","1.0292","","",""
"2022-04-18","012855","202000035273","1.0244","1.0244","","",""
"2022-04-19","012855","202000035273","1.0197","1.0197","","",""
"2022-04-20","012855","202000035273","1.0068","1.0068","","",""
"2022-04-21","012855","202000035273","0.9880","0.9880","","",""
"2022-04-22","012855","202000035273","0.9913","0.9913","","",""
"2022-04-25","012855","202000035273","0.9434","0.9434","","",""
"2022-04-26","012855","202000035273","0.9373","0.9373","","",""
"2022-04-27","012855","202000035273","0.9619","0.9619","","",""
"2022-04-28","012855","202000035273","0.9684","0.9684","","",""
"2022-04-29","012855","202000035273","0.9867","0.9867","","",""
"2022-05-05","012855","202000035273","0.9888","0.9888","","",""
"2022-05-06","012855","202000035273","0.9646","0.9646","","",""
"2022-05-09","012855","202000035273","0.9600","0.9600","","",""
"2022-05-10","012855","202000035273","0.9662","0.9662","","",""
"2022-05-11","012855","202000035273","0.9742","0.9742","","",""
"2022-05-12","012855","202000035273","0.9687","0.9687","","",""
"2022-05-13","012855","202000035273","0.9755","0.9755","","",""
"2022-05-16","012855","202000035273","0.9681","0.9681","","",""
"2022-05-17","012855","202000035273","0.9759","0.9759","","",""
"2022-05-18","012855","202000035273","0.9736","0.9736","","",""
"2022-05-19","012855","202000035273","0.9778","0.9778","","",""
"2022-05-20","012855","202000035273","0.9938","0.9938","","",""
"2022-05-23","012855","202000035273","0.9900","0.9900","","",""
"2022-05-24","012855","202000035273","0.9700","0.9700","","",""
"2022-05-25","012855","202000035273","0.9760","0.9760","","",""
"2022-05-26","012855","202000035273","0.9811","0.9811","","",""
"2022-05-27","012855","202000035273","0.9817","0.9817","","",""
"2022-05-30","012855","202000035273","0.9886","0.9886","","",""
"2022-05-31","012855","202000035273","1.0022","1.0022","","",""
"2022-06-01","012855","202000035273","0.9987","0.9987","","",""
"2022-06-02","012855","202000035273","1.0005","1.0005","","",""
"2022-06-06","012855","202000035273","1.0152","1.0152","","",""
"2022-06-07","012855","202000035273","1.0177","1.0177","","",""
"2022-06-08","012855","202000035273","1.0237","1.0237","","",""
"2022-06-09","012855","202000035273","1.0193","1.0193","","",""
"2022-06-10","012855","202000035273","1.0325","1.0325","","",""
"2022-06-13","012855","202000035273","1.0225","1.0225","","",""
"2022-06-14","012855","202000035273","1.0309","1.0309","","",""
"2022-06-15","012855","202000035273","1.0408","1.0408","","",""
"2022-06-16","012855","202000035273","1.0376","1.0376","","",""
"2022-06-17","012855","202000035273","1.0422","1.0422","","",""
"2022-06-20","012855","202000035273","1.0440","1.0440","","",""
"2022-06-21","012855","202000035273","1.0448","1.0448","","",""
"2022-06-22","012855","202000035273","1.0378","1.0378","","",""
"2022-06-23","012855","202000035273","1.0597","1.0597","","",""
"2022-06-24","012855","202000035273","1.0716","1.0716","","",""
"2022-06-27","012855","202000035273","1.0855","1.0855","","",""
"2022-06-28","012855","202000035273","1.0981","1.0981","","",""
"2022-06-29","012855","202000035273","1.0807","1.0807","","",""
"2022-06-30","012855","202000035273","1.0971","1.0971","","",""
"2022-07-01","012855","202000035273","1.0932","1.0932","","",""
"2022-07-04","012855","202000035273","1.0994","1.0994","","",""
"2022-07-05","012855","202000035273","1.0982","1.0982","","",""
"2022-07-06","012855","202000035273","1.0829","1.0829","","",""
"2022-07-07","012855","202000035273","1.0841","1.0841","","",""
"2022-07-08","012855","202000035273","1.0841","1.0841","","",""
"2022-07-11","012855","202000035273","1.0673","1.0673","","",""
"2022-07-12","012855","202000035273","1.0615","1.0615","","",""
"2022-07-13","012855","202000035273","1.0614","1.0614","","",""
"2022-07-14","012855","202000035273","1.0572","1.0572","","",""
"2022-07-15","012855","202000035273","1.0446","1.0446","","",""
"2022-07-18","012855","202000035273","1.0541","1.0541","","",""
"2022-07-19","012855","202000035273","1.0511","1.0511","","",""
"2022-07-20","012855","202000035273","1.0533","1.0533","","",""
"2022-07-21","012855","202000035273","1.0410","1.0410","","",""
"2022-07-22","012855","202000035273","1.0435","1.0435","","",""
"2022-07-25","012855","202000035273","1.0392","1.0392","","",""
"2022-07-26","012855","202000035273","1.0498","1.0498","","",""
"2022-07-27","012855","202000035273","1.0467","1.0467","","",""
"2022-07-28","012855","202000035273","1.0571","1.0571","","",""
"2022-07-29","012855","202000035273","1.0446","1.0446","","",""
"2022-08-01","012855","202000035273","1.0470","1.0470","","",""
"2022-08-02","012855","202000035273","1.0256","1.0256","","",""
"2022-08-03","012855","202000035273","1.0141","1.0141","","",""
"2022-08-04","012855","202000035273","1.0222","1.0222","","",""
"2022-08-05","012855","202000035273","1.0357","1.0357","","",""
"2022-08-08","012855","202000035273","1.0361","1.0361","","",""
"2022-08-09","012855","202000035273","1.0381","1.0381","","",""
"2022-08-10","012855","202000035273","1.0293","1.0293","","",""
"2022-08-11","012855","202000035273","1.0522","1.0522","","",""
"2022-08-12","012855","202000035273","1.0521","1.0521","","",""
"2022-08-15","012855","202000035273","1.0506","1.0506","","",""
"2022-08-16","012855","202000035273","1.0481","1.0481","","",""
"2022-08-17","012855","202000035273","1.0555","1.0555","","",""
"2022-08-18","012855","202000035273","1.0481","1.0481","","",""
"2022-08-19","012855","202000035273","1.0398","1.0398","","",""
"2022-08-22","012855","202000035273","1.0452","1.0452","","",""
"2022-08-23","012855","202000035273","1.0407","1.0407","","",""
"2022-08-24","012855","202000035273","1.0215","1.0215","","",""
"2022-08-25","012855","202000035273","1.0306","1.0306","","",""
"2022-08-26","012855","202000035273","1.0285","1.0285","","",""
"2022-08-29","012855","202000035273","1.0220","1.0220","","",""
"2022-08-30","012855","202000035273","1.0177","1.0177","","",""
"2022-08-31","012855","202000035273","1.0176","1.0176","","",""
"2022-09-01","012855","202000035273","1.0118","1.0118","","",""
"2022-09-02","012855","202000035273","1.0081","1.0081","","",""
"2022-09-05","012855","202000035273","1.0053","1.0053","","",""
"2022-09-06","012855","202000035273","1.0174","1.0174","","",""
"2022-09-07","012855","202000035273","1.0157","1.0157","","",""
"2022-09-08","012855","202000035273","1.0116","1.0116","","",""
"2022-09-09","012855","202000035273","1.0227","1.0227","","",""
"2022-09-13","012855","202000035273","1.0243","1.0243","","",""
"2022-09-14","012855","202000035273","1.0132","1.0132","","",""
"2022-09-15","012855","202000035273","1.0091","1.0091","","",""
"2022-09-16","012855","202000035273","0.9964","0.9964","","",""
"2022-09-19","012855","202000035273","0.9953","0.9953","","",""
"2022-09-20","012855","202000035273","0.9955","0.9955","","",""
"2022-09-21","012855","202000035273","0.9918","0.9918","","",""
"2022-09-22","012855","202000035273","0.9871","0.9871","","",""
"2022-09-23","012855","202000035273","0.9822","0.9822","","",""
"2022-09-26","012855","202000035273","0.9740","0.9740","","",""
"2022-09-27","012855","202000035273","0.9838","0.9838","","",""
"2022-09-28","012855","202000035273","0.9604","0.9604","","",""
"2022-09-29","012855","202000035273","0.9612","0.9612","","",""
"2022-09-30","012855","202000035273","0.9564","0.9564","","",""
"2022-10-10","012855","202000035273","0.9371","0.9371","","",""
"2022-10-11","012855","202000035273","0.9372","0.9372","","",""
"2022-10-12","012855","202000035273","0.9514","0.9514","","",""
"2022-10-13","012855","202000035273","0.9430","0.9430","","",""
"2022-10-14","012855","202000035273","0.9685","0.9685","","",""
"2022-10-17","012855","202000035273","0.9695","0.9695","","",""
"2022-10-18","012855","202000035273","0.9661","0.9661","","",""
"2022-10-19","012855","202000035273","0.9515","0.9515","","",""
"2022-10-20","012855","202000035273","0.9475","0.9475","","",""
"2022-10-21","012855","202000035273","0.9429","0.9429","","",""
"2022-10-24","012855","202000035273","0.9202","0.9202","","",""
"2022-10-25","012855","202000035273","0.9210","0.9210","","",""
"2022-10-26","012855","202000035273","0.9292","0.9292","","",""
"2022-10-27","012855","202000035273","0.9244","0.9244","","",""
"2022-10-28","012855","202000035273","0.9016","0.9016","","",""
"2022-10-31","012855","202000035273","0.8948","0.8948","","",""
"2022-11-01","012855","202000035273","0.9229","0.9229","","",""
"2022-11-02","012855","202000035273","0.9306","0.9306","","",""
"2022-11-03","012855","202000035273","0.9241","0.9241","","",""
"2022-11-04","012855","202000035273","0.9482","0.9482","","",""
"2022-11-07","012855","202000035273","0.9526","0.9526","","",""
"2022-11-08","012855","202000035273","0.9454","0.9454","","",""
"2022-11-09","012855","202000035273","0.9390","0.9390","","",""
"2022-11-10","012855","202000035273","0.9323","0.9323","","",""
"2022-11-11","012855","202000035273","0.9559","0.9559","","",""
"2022-11-14","012855","202000035273","0.9590","0.9590","","",""
"2022-11-15","012855","202000035273","0.9766","0.9766","","",""
"2022-11-16","012855","202000035273","0.9693","0.9693","","",""
"2022-11-17","012855","202000035273","0.9664","0.9664","","",""
"2022-11-18","012855","202000035273","0.9612","0.9612","","",""
"2022-11-21","012855","202000035273","0.9546","0.9546","","",""
"2022-11-22","012855","202000035273","0.9546","0.9546","","",""
"2022-11-23","012855","202000035273","0.9540","0.9540","","",""
"2022-11-24","012855","202000035273","0.9525","0.9525","","",""
"2022-11-25","012855","202000035273","0.9568","0.9568","","",""
"2022-11-28","012855","202000035273","0.9456","0.9456","","",""
"2022-11-29","012855","202000035273","0.9727","0.9727","","",""
"2022-11-30","012855","202000035273","0.9734","0.9734","","",""
"2022-12-01","012855","202000035273","0.9825","0.9825","","",""
"2022-12-02","012855","202000035273","0.9766","0.9766","","",""
"2022-12-05","012855","202000035273","0.9936","0.9936","","",""
"2022-12-06","012855","202000035273","0.9970","0.9970","","",""
"2022-12-07","012855","202000035273","0.9913","0.9913","","",""
"2022-12-08","012855","202000035273","0.9907","0.9907","","",""
"2022-12-09","012855","202000035273","1.0005","1.0005","","",""
"2022-12-12","012855","202000035273","0.9885","0.9885","","",""
"2022-12-13","012855","202000035273","0.9879","0.9879","","",""
"2022-12-14","012855","202000035273","0.9914","0.9914","","",""
"2022-12-15","012855","202000035273","0.9881","0.9881","","",""
"2022-12-16","012855","202000035273","0.9883","0.9883","","",""
"2022-12-19","012855","202000035273","0.9730","0.9730","","",""
"2022-12-20","012855","202000035273","0.9631","0.9631","","",""
"2022-12-21","012855","202000035273","0.9630","0.9630","","",""
"2022-12-22","012855","202000035273","0.9650","0.9650","","",""
"2022-12-23","012855","202000035273","0.9642","0.9642","","",""
"2022-12-26","012855","202000035273","0.9655","0.9655","","",""
"2022-12-27","012855","202000035273","0.9753","0.9753","","",""
"2022-12-28","012855","202000035273","0.9712","0.9712","","",""
"2022-12-29","012855","202000035273","0.9678","0.9678","","",""
"2022-12-30","012855","202000035273","0.9694","0.9694","","",""
"2022-12-31","012855","202000035273","0.9694","0.9694","","",""
"2023-01-03","012855","202000035273","0.9727","0.9727","","",""
"2023-01-04","012855","202000035273","0.9751","0.9751","","",""
"2023-01-05","012855","202000035273","0.9932","0.9932","","",""
"2023-01-06","012855","202000035273","0.9938","0.9938","","",""
"2023-01-09","012855","202000035273","1.0049","1.0049","","",""
"2023-01-10","012855","202000035273","1.0036","1.0036","","",""
"2023-01-11","012855","202000035273","1.0025","1.0025","","",""
"2023-01-12","012855","202000035273","1.0053","1.0053","","",""
"2023-01-13","012855","202000035273","1.0191","1.0191","","",""
"2023-01-16","012855","202000035273","1.0355","1.0355","","",""
"2023-01-17","012855","202000035273","1.0343","1.0343","","",""
"2023-01-18","012855","202000035273","1.0309","1.0309","","",""
"2023-01-19","012855","202000035273","1.0388","1.0388","","",""
"2023-01-20","012855","202000035273","1.0433","1.0433","","",""
"2023-01-30","012855","202000035273","1.0476","1.0476","","",""
"2023-01-31","012855","202000035273","1.0363","1.0363","","",""
"2023-02-01","012855","202000035273","1.0454","1.0454","","",""
"2023-02-02","012855","202000035273","1.0463","1.0463","","",""
"2023-02-03","012855","202000035273","1.0390","1.0390","","",""
"2023-02-06","012855","202000035273","1.0233","1.0233","","",""
"2023-02-07","012855","202000035273","1.0251","1.0251","","",""
"2023-02-08","012855","202000035273","1.0205","1.0205","","",""
"2023-02-09","012855","202000035273","1.0345","1.0345","","",""
"2023-02-10","012855","202000035273","1.0296","1.0296","","",""
"2023-02-13","012855","202000035273","1.0357","1.0357","","",""
"2023-02-14","012855","202000035273","1.0354","1.0354","","",""
"2023-02-15","012855","202000035273","1.0328","1.0328","","",""
"2023-02-16","012855","202000035273","1.0241","1.0241","","",""
"2023-02-17","012855","202000035273","1.0102","1.0102","","",""
"2023-02-20","012855","202000035273","1.0345","1.0345","","",""
"2023-02-21","012855","202000035273","1.0365","1.0365","","",""
"2023-02-22","012855","202000035273","1.0297","1.0297","","",""
"2023-02-23","012855","202000035273","1.0279","1.0279","","",""
"2023-02-24","012855","202000035273","1.0175","1.0175","","",""
"2023-02-27","012855","202000035273","1.0119","1.0119","","",""
"2023-02-28","012855","202000035273","1.0164","1.0164","","",""
"2023-03-01","012855","202000035273","1.0297","1.0297","","",""
"2023-03-02","012855","202000035273","1.0263","1.0263","","",""
"2023-03-03","012855","202000035273","1.0266","1.0266","","",""
"2023-03-06","012855","202000035273","1.0187","1.0187","","",""
"2023-03-07","012855","202000035273","1.0047","1.0047","","",""
"2023-03-08","012855","202000035273","1.0007","1.0007","","",""
"2023-03-09","012855","202000035273","0.9965","0.9965","","",""
"2023-03-10","012855","202000035273","0.9841","0.9841","","",""
"2023-03-13","012855","202000035273","0.9929","0.9929","","",""
"2023-03-14","012855","202000035273","0.9878","0.9878","","",""
"2023-03-15","012855","202000035273","0.9870","0.9870","","",""
"2023-03-16","012855","202000035273","0.9783","0.9783","","",""
"2023-03-17","012855","202000035273","0.9816","0.9816","","",""
"2023-03-20","012855","202000035273","0.9767","0.9767","","",""
"2023-03-21","012855","202000035273","0.9870","0.9870","","",""
"2023-03-22","012855","202000035273","0.9907","0.9907","","",""
"2023-03-23","012855","202000035273","0.9985","0.9985","","",""
"2023-03-24","012855","202000035273","0.9944","0.9944","","",""
"2023-03-27","012855","202000035273","0.9915","0.9915","","",""
"2023-03-28","012855","202000035273","0.9915","0.9915","","",""
"2023-03-29","012855","202000035273","0.9965","0.9965","","",""
"2023-03-30","012855","202000035273","1.0014","1.0014","","",""
"2023-03-31","012855","202000035273","1.0036","1.0036","","",""
"2022-04-06","013174","202000033023","0.8567","0.8567","","",""
"2022-04-07","013174","202000033023","0.8466","0.8466","","",""
"2022-04-08","013174","202000033023","0.8516","0.8516","","",""
"2022-04-11","013174","202000033023","0.8254","0.8254","","",""
"2022-04-12","013174","202000033023","0.8412","0.8412","","",""
"2022-04-13","013174","202000033023","0.8349","0.8349","","",""
"2022-04-14","013174","202000033023","0.8468","0.8468","","",""
"2022-04-15","013174","202000033023","0.8409","0.8409","","",""
"2022-04-18","013174","202000033023","0.8393","0.8393","","",""
"2022-04-19","013174","202000033023","0.8355","0.8355","","",""
"2022-04-20","013174","202000033023","0.8213","0.8213","","",""
"2022-04-21","013174","202000033023","0.8071","0.8071","","",""
"2022-04-22","013174","202000033023","0.8095","0.8095","","",""
"2022-04-25","013174","202000033023","0.7705","0.7705","","",""
"2022-04-26","013174","202000033023","0.7618","0.7618","","",""
"2022-04-27","013174","202000033023","0.7874","0.7874","","",""
"2022-04-28","013174","202000033023","0.7876","0.7876","","",""
"2022-04-29","013174","202000033023","0.8091","0.8091","","",""
"2022-05-05","013174","202000033023","0.8086","0.8086","","",""
"2022-05-06","013174","202000033023","0.7908","0.7908","","",""
"2022-05-09","013174","202000033023","0.7884","0.7884","","",""
"2022-05-10","013174","202000033023","0.7972","0.7972","","",""
"2022-05-11","013174","202000033023","0.8096","0.8096","","",""
"2022-05-12","013174","202000033023","0.8083","0.8083","","",""
"2022-05-13","013174","202000033023","0.8141","0.8141","","",""
"2022-05-16","013174","202000033023","0.8081","0.8081","","",""
"2022-05-17","013174","202000033023","0.8168","0.8168","","",""
"2022-05-18","013174","202000033023","0.8139","0.8139","","",""
"2022-05-19","013174","202000033023","0.8167","0.8167","","",""
"2022-05-20","013174","202000033023","0.8318","0.8318","","",""
"2022-05-23","013174","202000033023","0.8284","0.8284","","",""
"2022-05-24","013174","202000033023","0.8085","0.8085","","",""
"2022-05-25","013174","202000033023","0.8138","0.8138","","",""
"2022-05-26","013174","202000033023","0.8187","0.8187","","",""
"2022-05-27","013174","202000033023","0.8199","0.8199","","",""
"2022-05-30","013174","202000033023","0.8275","0.8275","","",""
"2022-05-31","013174","202000033023","0.8400","0.8400","","",""
"2022-06-01","013174","202000033023","0.8402","0.8402","","",""
"2022-06-02","013174","202000033023","0.8451","0.8451","","",""
"2022-06-06","013174","202000033023","0.8634","0.8634","","",""
"2022-06-07","013174","202000033023","0.8623","0.8623","","",""
"2022-06-08","013174","202000033023","0.8675","0.8675","","",""
"2022-06-09","013174","202000033023","0.8556","0.8556","","",""
"2022-06-10","013174","202000033023","0.8667","0.8667","","",""
"2022-06-13","013174","202000033023","0.8560","0.8560","","",""
"2022-06-14","013174","202000033023","0.8646","0.8646","","",""
"2022-06-15","013174","202000033023","0.8740","0.8740","","",""
"2022-06-16","013174","202000033023","0.8685","0.8685","","",""
"2022-06-17","013174","202000033023","0.8789","0.8789","","",""
"2022-06-20","013174","202000033023","0.8785","0.8785","","",""
"2022-06-21","013174","202000033023","0.8787","0.8787","","",""
"2022-06-22","013174","202000033023","0.8682","0.8682","","",""
"2022-06-23","013174","202000033023","0.8800","0.8800","","",""
"2022-06-24","013174","202000033023","0.8897","0.8897","","",""
"2022-06-27","013174","202000033023","0.8977","0.8977","","",""
"2022-06-28","013174","202000033023","0.9076","0.9076","","",""
"2022-06-29","013174","202000033023","0.8981","0.8981","","",""
"2022-06-30","013174","202000033023","0.9127","0.9127","","",""
"2022-07-01","013174","202000033023","0.9100","0.9100","","",""
"2022-07-04","013174","202000033023","0.9140","0.9140","","",""
"2022-07-05","013174","202000033023","0.9135","0.9135","","",""
"2022-07-06","013174","202000033023","0.8996","0.8996","","",""
"2022-07-07","013174","202000033023","0.8973","0.8973","","",""
"2022-07-08","013174","202000033023","0.8954","0.8954","","",""
"2022-07-11","013174","202000033023","0.8841","0.8841","","",""
"2022-07-12","013174","202000033023","0.8812","0.8812","","",""
"2022-07-13","013174","202000033023","0.8808","0.8808","","",""
"2022-07-14","013174","202000033023","0.8771","0.8771","","",""
"2022-07-15","013174","202000033023","0.8666","0.8666","","",""
"2022-07-18","013174","202000033023","0.8754","0.8754","","",""
"2022-07-19","013174","202000033023","0.8739","0.8739","","",""
"2022-07-20","013174","202000033023","0.8778","0.8778","","",""
"2022-07-21","013174","202000033023","0.8699","0.8699","","",""
"2022-07-22","013174","202000033023","0.8713","0.8713","","",""
"2022-07-25","013174","202000033023","0.8682","0.8682","","",""
"2022-07-26","013174","202000033023","0.8736","0.8736","","",""
"2022-07-27","013174","202000033023","0.8708","0.8708","","",""
"2022-07-28","013174","202000033023","0.8703","0.8703","","",""
"2022-07-29","013174","202000033023","0.8605","0.8605","","",""
"2022-08-01","013174","202000033023","0.8597","0.8597","","",""
"2022-08-02","013174","202000033023","0.8445","0.8445","","",""
"2022-08-03","013174","202000033023","0.8400","0.8400","","",""
"2022-08-04","013174","202000033023","0.8477","0.8477","","",""
"2022-08-05","013174","202000033023","0.8586","0.8586","","",""
"2022-08-08","013174","202000033023","0.8566","0.8566","","",""
"2022-08-09","013174","202000033023","0.8585","0.8585","","",""
"2022-08-10","013174","202000033023","0.8515","0.8515","","",""
"2022-08-11","013174","202000033023","0.8663","0.8663","","",""
"2022-08-12","013174","202000033023","0.8679","0.8679","","",""
"2022-08-15","013174","202000033023","0.8652","0.8652","","",""
"2022-08-16","013174","202000033023","0.8638","0.8638","","",""
"2022-08-17","013174","202000033023","0.8689","0.8689","","",""
"2022-08-18","013174","202000033023","0.8632","0.8632","","",""
"2022-08-19","013174","202000033023","0.8596","0.8596","","",""
"2022-08-22","013174","202000033023","0.8619","0.8619","","",""
"2022-08-23","013174","202000033023","0.8575","0.8575","","",""
"2022-08-24","013174","202000033023","0.8477","0.8477","","",""
"2022-08-25","013174","202000033023","0.8573","0.8573","","",""
"2022-08-26","013174","202000033023","0.8560","0.8560","","",""
"2022-08-29","013174","202000033023","0.8532","0.8532","","",""
"2022-08-30","013174","202000033023","0.8504","0.8504","","",""
"2022-08-31","013174","202000033023","0.8542","0.8542","","",""
"2022-09-01","013174","202000033023","0.8467","0.8467","","",""
"2022-09-02","013174","202000033023","0.8430","0.8430","","",""
"2022-09-05","013174","202000033023","0.8411","0.8411","","",""
"2022-09-06","013174","202000033023","0.8497","0.8497","","",""
"2022-09-07","013174","202000033023","0.8463","0.8463","","",""
"2022-09-08","013174","202000033023","0.8458","0.8458","","",""
"2022-09-09","013174","202000033023","0.8556","0.8556","","",""
"2022-09-13","013174","202000033023","0.8598","0.8598","","",""
"2022-09-14","013174","202000033023","0.8523","0.8523","","",""
"2022-09-15","013174","202000033023","0.8491","0.8491","","",""
"2022-09-16","013174","202000033023","0.8303","0.8303","","",""
"2022-09-19","013174","202000033023","0.8285","0.8285","","",""
"2022-09-20","013174","202000033023","0.8294","0.8294","","",""
"2022-09-21","013174","202000033023","0.8237","0.8237","","",""
"2022-09-22","013174","202000033023","0.8172","0.8172","","",""
"2022-09-23","013174","202000033023","0.8157","0.8157","","",""
"2022-09-26","013174","202000033023","0.8102","0.8102","","",""
"2022-09-27","013174","202000033023","0.8216","0.8216","","",""
"2022-09-28","013174","202000033023","0.8128","0.8128","","",""
"2022-09-29","013174","202000033023","0.8129","0.8129","","",""
"2022-09-30","013174","202000033023","0.8125","0.8125","","",""
"2022-10-10","013174","202000033023","0.7946","0.7946","","",""
"2022-10-11","013174","202000033023","0.7951","0.7951","","",""
"2022-10-12","013174","202000033023","0.8024","0.8024","","",""
"2022-10-13","013174","202000033023","0.7952","0.7952","","",""
"2022-10-14","013174","202000033023","0.8129","0.8129","","",""
"2022-10-17","013174","202000033023","0.8138","0.8138","","",""
"2022-10-18","013174","202000033023","0.8115","0.8115","","",""
"2022-10-19","013174","202000033023","0.7978","0.7978","","",""
"2022-10-20","013174","202000033023","0.7958","0.7958","","",""
"2022-10-21","013174","202000033023","0.7933","0.7933","","",""
"2022-10-24","013174","202000033023","0.7702","0.7702","","",""
"2022-10-25","013174","202000033023","0.7684","0.7684","","",""
"2022-10-26","013174","202000033023","0.7726","0.7726","","",""
"2022-10-27","013174","202000033023","0.7670","0.7670","","",""
"2022-10-28","013174","202000033023","0.7517","0.7517","","",""
"2022-10-31","013174","202000033023","0.7455","0.7455","","",""
"2022-11-01","013174","202000033023","0.7704","0.7704","","",""
"2022-11-02","013174","202000033023","0.7770","0.7770","","",""
"2022-11-03","013174","202000033023","0.7714","0.7714","","",""
"2022-11-04","013174","202000033023","0.7924","0.7924","","",""
"2022-11-07","013174","202000033023","0.7936","0.7936","","",""
"2022-11-08","013174","202000033023","0.7886","0.7886","","",""
"2022-11-09","013174","202000033023","0.7827","0.7827","","",""
"2022-11-10","013174","202000033023","0.7809","0.7809","","",""
"2022-11-11","013174","202000033023","0.8002","0.8002","","",""
"2022-11-14","013174","202000033023","0.8041","0.8041","","",""
"2022-11-15","013174","202000033023","0.8197","0.8197","","",""
"2022-11-16","013174","202000033023","0.8159","0.8159","","",""
"2022-11-17","013174","202000033023","0.8141","0.8141","","",""
"2022-11-18","013174","202000033023","0.8123","0.8123","","",""
"2022-11-21","013174","202000033023","0.8045","0.8045","","",""
"2022-11-22","013174","202000033023","0.8075","0.8075","","",""
"2022-11-23","013174","202000033023","0.8089","0.8089","","",""
"2022-11-24","013174","202000033023","0.8041","0.8041","","",""
"2022-11-25","013174","202000033023","0.8097","0.8097","","",""
"2022-11-28","013174","202000033023","0.8006","0.8006","","",""
"2022-11-29","013174","202000033023","0.8257","0.8257","","",""
"2022-11-30","013174","202000033023","0.8257","0.8257","","",""
"2022-12-01","013174","202000033023","0.8339","0.8339","","",""
"2022-12-02","013174","202000033023","0.8307","0.8307","","",""
"2022-12-05","013174","202000033023","0.8489","0.8489","","",""
"2022-12-06","013174","202000033023","0.8532","0.8532","","",""
"2022-12-07","013174","202000033023","0.8482","0.8482","","",""
"2022-12-08","013174","202000033023","0.8477","0.8477","","",""
"2022-12-09","013174","202000033023","0.8560","0.8560","","",""
"2022-12-12","013174","202000033023","0.8478","0.8478","","",""
"2022-12-13","013174","202000033023","0.8488","0.8488","","",""
"2022-12-14","013174","202000033023","0.8528","0.8528","","",""
"2022-12-15","013174","202000033023","0.8501","0.8501","","",""
"2022-12-16","013174","202000033023","0.8528","0.8528","","",""
"2022-12-19","013174","202000033023","0.8397","0.8397","","",""
"2022-12-20","013174","202000033023","0.8266","0.8266","","",""
"2022-12-21","013174","202000033023","0.8283","0.8283","","",""
"2022-12-22","013174","202000033023","0.8303","0.8303","","",""
"2022-12-23","013174","202000033023","0.8303","0.8303","","",""
"2022-12-26","013174","202000033023","0.8289","0.8289","","",""
"2022-12-27","013174","202000033023","0.8381","0.8381","","",""
"2022-12-28","013174","202000033023","0.8390","0.8390","","",""
"2022-12-29","013174","202000033023","0.8357","0.8357","","",""
"2022-12-30","013174","202000033023","0.8399","0.8399","","",""
"2022-12-31","013174","202000033023","0.8399","0.8399","","",""
"2023-01-03","013174","202000033023","0.8420","0.8420","","",""
"2023-01-04","013174","202000033023","0.8440","0.8440","","",""
"2023-01-05","013174","202000033023","0.8566","0.8566","","",""
"2023-01-06","013174","202000033023","0.8586","0.8586","","",""
"2023-01-09","013174","202000033023","0.8670","0.8670","","",""
"2023-01-10","013174","202000033023","0.8658","0.8658","","",""
"2023-01-11","013174","202000033023","0.8651","0.8651","","",""
"2023-01-12","013174","202000033023","0.8657","0.8657","","",""
"2023-01-13","013174","202000033023","0.8791","0.8791","","",""
"2023-01-16","013174","202000033023","0.8922","0.8922","","",""
"2023-01-17","013174","202000033023","0.8911","0.8911","","",""
"2023-01-18","013174","202000033023","0.8895","0.8895","","",""
"2023-01-19","013174","202000033023","0.8952","0.8952","","",""
"2023-01-20","013174","202000033023","0.9001","0.9001","","",""
"2023-01-30","013174","202000033023","0.9030","0.9030","","",""
"2023-01-31","013174","202000033023","0.8926","0.8926","","",""
"2023-02-01","013174","202000033023","0.8998","0.8998","","",""
"2023-02-02","013174","202000033023","0.8967","0.8967","","",""
"2023-02-03","013174","202000033023","0.8889","0.8889","","",""
"2023-02-06","013174","202000033023","0.8786","0.8786","","",""
"2023-02-07","013174","202000033023","0.8806","0.8806","","",""
"2023-02-08","013174","202000033023","0.8769","0.8769","","",""
"2023-02-09","013174","202000033023","0.8881","0.8881","","",""
"2023-02-10","013174","202000033023","0.8845","0.8845","","",""
"2023-02-13","013174","202000033023","0.8917","0.8917","","",""
"2023-02-14","013174","202000033023","0.8923","0.8923","","",""
"2023-02-15","013174","202000033023","0.8893","0.8893","","",""
"2023-02-16","013174","202000033023","0.8855","0.8855","","",""
"2023-02-17","013174","202000033023","0.8756","0.8756","","",""
"2023-02-20","013174","202000033023","0.8974","0.8974","","",""
"2023-02-21","013174","202000033023","0.9002","0.9002","","",""
"2023-02-22","013174","202000033023","0.8925","0.8925","","",""
"2023-02-23","013174","202000033023","0.8906","0.8906","","",""
"2023-02-24","013174","202000033023","0.8823","0.8823","","",""
"2023-02-27","013174","202000033023","0.8803","0.8803","","",""
"2023-02-28","013174","202000033023","0.8858","0.8858","","",""
"2023-03-01","013174","202000033023","0.8973","0.8973","","",""
"2023-03-02","013174","202000033023","0.8970","0.8970","","",""
"2023-03-03","013174","202000033023","0.8992","0.8992","","",""
"2023-03-06","013174","202000033023","0.8948","0.8948","","",""
"2023-03-07","013174","202000033023","0.8835","0.8835","","",""
"2023-03-08","013174","202000033023","0.8794","0.8794","","",""
"2023-03-09","013174","202000033023","0.8757","0.8757","","",""
"2023-03-10","013174","202000033023","0.8655","0.8655","","",""
"2023-03-13","013174","202000033023","0.8739","0.8739","","",""
"2023-03-14","013174","202000033023","0.8683","0.8683","","",""
"2023-03-15","013174","202000033023","0.8694","0.8694","","",""
"2023-03-16","013174","202000033023","0.8634","0.8634","","",""
"2023-03-17","013174","202000033023","0.8662","0.8662","","",""
"2023-03-20","013174","202000033023","0.8615","0.8615","","",""
"2023-03-21","013174","202000033023","0.8702","0.8702","","",""
"2023-03-22","013174","202000033023","0.8740","0.8740","","",""
"2023-03-23","013174","202000033023","0.8801","0.8801","","",""
"2023-03-24","013174","202000033023","0.8767","0.8767","","",""
"2023-03-27","013174","202000033023","0.8733","0.8733","","",""
"2023-03-28","013174","202000033023","0.8728","0.8728","","",""
"2023-03-29","013174","202000033023","0.8734","0.8734","","",""
"2023-03-30","013174","202000033023","0.8810","0.8810","","",""
"2023-03-31","013174","202000033023","0.8819","0.8819","","",""
"2022-06-23","014123","202000037908","1.0000","1.0000","","",""
"2022-06-24","014123","202000037908","1.0000","1.0000","","",""
"2022-06-30","014123","202000037908","1.0001","1.0001","","",""
"2022-07-01","014123","202000037908","1.0001","1.0001","","",""
"2022-07-08","014123","202000037908","1.0001","1.0001","","",""
"2022-07-15","014123","202000037908","1.0000","1.0000","","",""
"2022-07-21","014123","202000037908","1.0000","1.0000","","",""
"2022-07-22","014123","202000037908","1.0000","1.0000","","",""
"2022-07-25","014123","202000037908","1.0000","1.0000","","",""
"2022-07-26","014123","202000037908","1.0001","1.0001","","",""
"2022-07-27","014123","202000037908","1.0001","1.0001","","",""
"2022-07-28","014123","202000037908","1.0001","1.0001","","",""
"2022-07-29","014123","202000037908","1.0001","1.0001","","",""
"2022-08-01","014123","202000037908","0.9997","0.9997","","",""
"2022-08-02","014123","202000037908","0.9897","0.9897","","",""
"2022-08-03","014123","202000037908","0.9842","0.9842","","",""
"2022-08-04","014123","202000037908","0.9940","0.9940","","",""
"2022-08-05","014123","202000037908","1.0132","1.0132","","",""
"2022-08-08","014123","202000037908","1.0067","1.0067","","",""
"2022-08-09","014123","202000037908","1.0062","1.0062","","",""
"2022-08-10","014123","202000037908","0.9962","0.9962","","",""
"2022-08-11","014123","202000037908","1.0156","1.0156","","",""
"2022-08-12","014123","202000037908","1.0203","1.0203","","",""
"2022-08-15","014123","202000037908","1.0116","1.0116","","",""
"2022-08-16","014123","202000037908","1.0085","1.0085","","",""
"2022-08-17","014123","202000037908","1.0197","1.0197","","",""
"2022-08-18","014123","202000037908","0.9991","0.9991","","",""
"2022-08-19","014123","202000037908","0.9939","0.9939","","",""
"2022-08-22","014123","202000037908","0.9969","0.9969","","",""
"2022-08-23","014123","202000037908","0.9844","0.9844","","",""
"2022-08-24","014123","202000037908","0.9728","0.9728","","",""
"2022-08-25","014123","202000037908","0.9791","0.9791","","",""
"2022-08-26","014123","202000037908","0.9771","0.9771","","",""
"2022-08-29","014123","202000037908","0.9682","0.9682","","",""
"2022-08-30","014123","202000037908","0.9698","0.9698","","",""
"2022-08-31","014123","202000037908","0.9750","0.9750","","",""
"2022-09-01","014123","202000037908","0.9675","0.9675","","",""
"2022-09-02","014123","202000037908","0.9617","0.9617","","",""
"2022-09-05","014123","202000037908","0.9526","0.9526","","",""
"2022-09-06","014123","202000037908","0.9521","0.9521","","",""
"2022-09-07","014123","202000037908","0.9480","0.9480","","",""
"2022-09-08","014123","202000037908","0.9431","0.9431","","",""
"2022-09-09","014123","202000037908","0.9586","0.9586","","",""
"2022-09-13","014123","202000037908","0.9654","0.9654","","",""
"2022-09-14","014123","202000037908","0.8953","0.8953","","",""
"2022-09-15","014123","202000037908","0.8950","0.8950","","",""
"2022-09-16","014123","202000037908","0.8924","0.8924","","",""
"2022-09-19","014123","202000037908","0.8913","0.8913","","",""
"2022-09-20","014123","202000037908","0.8920","0.8920","","",""
"2022-09-21","014123","202000037908","0.8905","0.8905","","",""
"2022-09-22","014123","202000037908","0.8911","0.8911","","",""
"2022-09-23","014123","202000037908","0.8918","0.8918","","",""
"2022-09-26","014123","202000037908","0.8920","0.8920","","",""
"2022-09-27","014123","202000037908","0.8918","0.8918","","",""
"2022-09-28","014123","202000037908","0.8912","0.8912","","",""
"2022-09-29","014123","202000037908","0.8902","0.8902","","",""
"2022-09-30","014123","202000037908","0.8955","0.8955","","",""
"2022-10-10","014123","202000037908","0.8938","0.8938","","",""
"2022-10-11","014123","202000037908","0.8955","0.8955","","",""
"2022-10-12","014123","202000037908","0.8975","0.8975","","",""
"2022-10-13","014123","202000037908","0.9007","0.9007","","",""
"2022-10-14","014123","202000037908","0.9029","0.9029","","",""
"2022-10-17","014123","202000037908","0.9046","0.9046","","",""
"2022-10-18","014123","202000037908","0.9075","0.9075","","",""
"2022-10-19","014123","202000037908","0.9102","0.9102","","",""
"2022-10-20","014123","202000037908","0.9135","0.9135","","",""
"2022-10-21","014123","202000037908","0.9173","0.9173","","",""
"2022-10-24","014123","202000037908","0.9149","0.9149","","",""
"2022-10-25","014123","202000037908","0.9149","0.9149","","",""
"2022-10-26","014123","202000037908","0.9163","0.9163","","",""
"2022-10-27","014123","202000037908","0.9146","0.9146","","",""
"2022-10-28","014123","202000037908","0.9139","0.9139","","",""
"2022-10-31","014123","202000037908","0.9185","0.9185","","",""
"2022-11-01","014123","202000037908","0.9201","0.9201","","",""
"2022-11-02","014123","202000037908","0.9198","0.9198","","",""
"2022-11-03","014123","202000037908","0.9204","0.9204","","",""
"2022-11-04","014123","202000037908","0.9208","0.9208","","",""
"2022-11-07","014123","202000037908","0.9221","0.9221","","",""
"2022-11-08","014123","202000037908","0.9219","0.9219","","",""
"2022-11-09","014123","202000037908","0.9215","0.9215","","",""
"2022-11-10","014123","202000037908","0.9209","0.9209","","",""
"2022-11-11","014123","202000037908","0.9209","0.9209","","",""
"2022-11-14","014123","202000037908","1.0351","1.0351","","",""
"2022-11-15","014123","202000037908","1.0368","1.0368","","",""
"2022-11-16","014123","202000037908","1.0365","1.0365","","",""
"2022-11-17","014123","202000037908","1.0367","1.0367","","",""
"2022-11-18","014123","202000037908","1.0364","1.0364","","",""
"2022-11-21","014123","202000037908","1.0376","1.0376","","",""
"2022-11-22","014123","202000037908","1.0370","1.0370","","",""
"2022-11-23","014123","202000037908","1.0388","1.0388","","",""
"2022-11-24","014123","202000037908","1.0407","1.0407","","",""
"2022-11-25","014123","202000037908","1.0396","1.0396","","",""
"2022-11-28","014123","202000037908","1.0405","1.0405","","",""
"2022-11-29","014123","202000037908","1.0396","1.0396","","",""
"2022-11-30","014123","202000037908","1.0399","1.0399","","",""
"2022-12-01","014123","202000037908","1.0408","1.0408","","",""
"2022-12-02","014123","202000037908","1.0423","1.0423","","",""
"2022-12-05","014123","202000037908","1.0433","1.0433","","",""
"2022-12-06","014123","202000037908","1.0445","1.0445","","",""
"2022-12-07","014123","202000037908","1.0451","1.0451","","",""
"2022-12-08","014123","202000037908","1.0455","1.0455","","",""
"2022-12-09","014123","202000037908","1.0433","1.0433","","",""
"2022-12-12","014123","202000037908","1.0409","1.0409","","",""
"2022-12-13","014123","202000037908","1.0284","1.0284","","",""
"2022-12-14","014123","202000037908","1.0287","1.0287","","",""
"2022-12-15","014123","202000037908","1.0400","1.0400","","",""
"2022-12-16","014123","202000037908","1.0372","1.0372","","",""
"2022-12-19","014123","202000037908","1.0964","1.0964","","",""
"2022-12-20","014123","202000037908","1.1150","1.1150","","",""
"2022-06-23","014124","202000037909","1.0000","1.0000","","",""
"2022-06-24","014124","202000037909","1.0000","1.0000","","",""
"2022-06-30","014124","202000037909","1.0000","1.0000","","",""
"2022-07-01","014124","202000037909","1.0000","1.0000","","",""
"2022-07-08","014124","202000037909","1.0000","1.0000","","",""
"2022-07-15","014124","202000037909","1.0000","1.0000","","",""
"2022-07-21","014124","202000037909","0.9999","0.9999","","",""
"2022-07-22","014124","202000037909","0.9999","0.9999","","",""
"2022-07-25","014124","202000037909","0.9999","0.9999","","",""
"2022-07-26","014124","202000037909","1.0000","1.0000","","",""
"2022-07-27","014124","202000037909","1.0000","1.0000","","",""
"2022-07-28","014124","202000037909","1.0000","1.0000","","",""
"2022-07-29","014124","202000037909","1.0000","1.0000","","",""
"2022-08-01","014124","202000037909","0.9996","0.9996","","",""
"2022-08-02","014124","202000037909","0.9896","0.9896","","",""
"2022-08-03","014124","202000037909","0.9841","0.9841","","",""
"2022-08-04","014124","202000037909","0.9939","0.9939","","",""
"2022-08-05","014124","202000037909","1.0131","1.0131","","",""
"2022-08-08","014124","202000037909","1.0065","1.0065","","",""
"2022-08-09","014124","202000037909","1.0061","1.0061","","",""
"2022-08-10","014124","202000037909","0.9961","0.9961","","",""
"2022-08-11","014124","202000037909","1.0155","1.0155","","",""
"2022-08-12","014124","202000037909","1.0202","1.0202","","",""
"2022-08-15","014124","202000037909","1.0115","1.0115","","",""
"2022-08-16","014124","202000037909","1.0084","1.0084","","",""
"2022-08-17","014124","202000037909","1.0196","1.0196","","",""
"2022-08-18","014124","202000037909","0.9989","0.9989","","",""
"2022-08-19","014124","202000037909","0.9938","0.9938","","",""
"2022-08-22","014124","202000037909","0.9968","0.9968","","",""
"2022-08-23","014124","202000037909","0.9842","0.9842","","",""
"2022-08-24","014124","202000037909","0.9726","0.9726","","",""
"2022-08-25","014124","202000037909","0.9790","0.9790","","",""
"2022-08-26","014124","202000037909","0.9769","0.9769","","",""
"2022-08-29","014124","202000037909","0.9680","0.9680","","",""
"2022-08-30","014124","202000037909","0.9696","0.9696","","",""
"2022-08-31","014124","202000037909","0.9748","0.9748","","",""
"2022-09-01","014124","202000037909","0.9673","0.9673","","",""
"2022-09-02","014124","202000037909","0.9615","0.9615","","",""
"2022-09-05","014124","202000037909","0.9524","0.9524","","",""
"2022-09-06","014124","202000037909","0.9519","0.9519","","",""
"2022-09-07","014124","202000037909","0.9478","0.9478","","",""
"2022-09-08","014124","202000037909","0.9429","0.9429","","",""
"2022-09-09","014124","202000037909","0.9584","0.9584","","",""
"2022-09-13","014124","202000037909","0.9652","0.9652","","",""
"2022-09-14","014124","202000037909","0.8948","0.8948","","",""
"2022-09-15","014124","202000037909","0.8945","0.8945","","",""
"2022-09-16","014124","202000037909","0.8920","0.8920","","",""
"2022-09-19","014124","202000037909","0.8909","0.8909","","",""
"2022-09-20","014124","202000037909","0.8916","0.8916","","",""
"2022-09-21","014124","202000037909","0.8901","0.8901","","",""
"2022-09-22","014124","202000037909","0.8907","0.8907","","",""
"2022-09-23","014124","202000037909","0.8914","0.8914","","",""
"2022-09-26","014124","202000037909","0.8916","0.8916","","",""
"2022-09-27","014124","202000037909","0.8914","0.8914","","",""
"2022-09-28","014124","202000037909","0.8907","0.8907","","",""
"2022-09-29","014124","202000037909","0.8898","0.8898","","",""
"2022-09-30","014124","202000037909","0.8950","0.8950","","",""
"2022-10-10","014124","202000037909","0.8933","0.8933","","",""
"2022-10-11","014124","202000037909","0.8950","0.8950","","",""
"2022-10-12","014124","202000037909","0.8970","0.8970","","",""
"2022-10-13","014124","202000037909","0.9002","0.9002","","",""
"2022-10-14","014124","202000037909","0.9024","0.9024","","",""
"2022-10-17","014124","202000037909","0.9041","0.9041","","",""
"2022-10-18","014124","202000037909","0.9070","0.9070","","",""
"2022-10-19","014124","202000037909","0.9097","0.9097","","",""
"2022-10-20","014124","202000037909","0.9129","0.9129","","",""
"2022-10-21","014124","202000037909","0.9167","0.9167","","",""
"2022-10-24","014124","202000037909","0.9144","0.9144","","",""
"2022-10-25","014124","202000037909","0.9144","0.9144","","",""
"2022-10-26","014124","202000037909","0.9157","0.9157","","",""
"2022-10-27","014124","202000037909","0.9141","0.9141","","",""
"2022-10-28","014124","202000037909","0.9134","0.9134","","",""
"2022-10-31","014124","202000037909","0.9180","0.9180","","",""
"2022-11-01","014124","202000037909","0.9194","0.9194","","",""
"2022-11-02","014124","202000037909","0.9192","0.9192","","",""
"2022-11-03","014124","202000037909","0.9198","0.9198","","",""
"2022-11-04","014124","202000037909","0.9202","0.9202","","",""
"2022-11-07","014124","202000037909","0.9215","0.9215","","",""
"2022-11-08","014124","202000037909","0.9212","0.9212","","",""
"2022-11-09","014124","202000037909","0.9209","0.9209","","",""
"2022-11-10","014124","202000037909","0.9203","0.9203","","",""
"2022-11-11","014124","202000037909","0.9202","0.9202","","",""
"2022-11-14","014124","202000037909","0.9226","0.9226","","",""
"2022-11-15","014124","202000037909","0.9241","0.9241","","",""
"2022-11-16","014124","202000037909","0.9238","0.9238","","",""
"2022-11-17","014124","202000037909","0.9240","0.9240","","",""
"2022-11-18","014124","202000037909","0.9237","0.9237","","",""
"2022-11-21","014124","202000037909","0.9248","0.9248","","",""
"2022-11-22","014124","202000037909","0.9242","0.9242","","",""
"2022-11-23","014124","202000037909","0.9259","0.9259","","",""
"2022-11-24","014124","202000037909","0.9275","0.9275","","",""
"2022-11-25","014124","202000037909","0.9266","0.9266","","",""
"2022-11-28","014124","202000037909","0.9274","0.9274","","",""
"2022-11-29","014124","202000037909","0.9266","0.9266","","",""
"2022-11-30","014124","202000037909","0.9268","0.9268","","",""
"2022-12-01","014124","202000037909","0.9276","0.9276","","",""
"2022-12-02","014124","202000037909","0.9290","0.9290","","",""
"2022-12-05","014124","202000037909","0.9299","0.9299","","",""
"2022-12-06","014124","202000037909","0.9309","0.9309","","",""
"2022-12-07","014124","202000037909","0.9315","0.9315","","",""
"2022-12-08","014124","202000037909","0.9318","0.9318","","",""
"2022-12-09","014124","202000037909","0.9297","0.9297","","",""
"2022-12-12","014124","202000037909","0.9276","0.9276","","",""
"2022-12-13","014124","202000037909","0.9164","0.9164","","",""
"2022-12-14","014124","202000037909","0.9167","0.9167","","",""
"2022-12-15","014124","202000037909","0.9268","0.9268","","",""
"2022-12-16","014124","202000037909","0.9243","0.9243","","",""
"2022-12-19","014124","202000037909","0.9770","0.9770","","",""
"2022-12-20","014124","202000037909","0.9936","0.9936","","",""
"2022-04-08","014552","202000035239","1.0013","1.0013","","",""
"2022-04-15","014552","202000035239","1.0013","1.0013","","",""
"2022-04-22","014552","202000035239","1.0011","1.0011","","",""
"2022-04-29","014552","202000035239","1.0016","1.0016","","",""
"2022-05-06","014552","202000035239","1.0020","1.0020","","",""
"2022-05-13","014552","202000035239","1.0028","1.0028","","",""
"2022-05-20","014552","202000035239","1.0031","1.0031","","",""
"2022-05-27","014552","202000035239","1.0043","1.0043","","",""
"2022-06-02","014552","202000035239","1.0041","1.0041","","",""
"2022-06-10","014552","202000035239","1.0044","1.0044","","",""
"2022-06-17","014552","202000035239","1.0049","1.0049","","",""
"2022-06-24","014552","202000035239","1.0057","1.0057","","",""
"2022-06-30","014552","202000035239","1.0056","1.0056","","",""
"2022-07-01","014552","202000035239","1.0059","1.0059","","",""
"2022-07-08","014552","202000035239","1.0063","1.0063","","",""
"2022-07-15","014552","202000035239","1.0080","1.0080","","",""
"2022-07-22","014552","202000035239","1.0096","1.0096","","",""
"2022-07-29","014552","202000035239","1.0116","1.0116","","",""
"2022-08-05","014552","202000035239","1.0142","1.0142","","",""
"2022-08-12","014552","202000035239","1.0130","1.0130","","",""
"2022-08-19","014552","202000035239","1.0154","1.0154","","",""
"2022-08-26","014552","202000035239","1.0142","1.0142","","",""
"2022-09-02","014552","202000035239","1.0158","1.0158","","",""
"2022-09-09","014552","202000035239","1.0165","1.0165","","",""
"2022-09-16","014552","202000035239","1.0167","1.0167","","",""
"2022-09-23","014552","202000035239","1.0167","1.0167","","",""
"2022-09-30","014552","202000035239","1.0154","1.0154","","",""
"2022-10-14","014552","202000035239","1.0170","1.0170","","",""
"2022-10-21","014552","202000035239","1.0182","1.0182","","",""
"2022-10-28","014552","202000035239","1.0184","1.0184","","",""
"2022-11-04","014552","202000035239","1.0181","1.0181","","",""
"2022-11-11","014552","202000035239","1.0158","1.0158","","",""
"2022-11-18","014552","202000035239","1.0092","1.0092","","",""
"2022-11-25","014552","202000035239","1.0109","1.0109","","",""
"2022-12-02","014552","202000035239","1.0081","1.0081","","",""
"2022-12-09","014552","202000035239","1.0042","1.0042","","",""
"2022-12-16","014552","202000035239","1.0020","1.0020","","",""
"2022-12-23","014552","202000035239","1.0044","1.0044","","",""
"2022-12-30","014552","202000035239","1.0067","1.0067","","",""
"2022-12-31","014552","202000035239","1.0068","1.0068","","",""
"2023-01-06","014552","202000035239","1.0096","1.0096","","",""
"2023-01-13","014552","202000035239","1.0093","1.0093","","",""
"2023-01-20","014552","202000035239","1.0093","1.0093","","",""
"2023-02-03","014552","202000035239","1.0116","1.0116","","",""
"2023-02-10","014552","202000035239","1.0130","1.0130","","",""
"2023-02-17","014552","202000035239","1.0150","1.0150","","",""
"2023-02-24","014552","202000035239","1.0153","1.0153","","",""
"2023-03-03","014552","202000035239","1.0155","1.0155","","",""
"2023-03-10","014552","202000035239","1.0177","1.0177","","",""
"2023-03-16","014552","202000035239","1.0192","1.0192","","",""
"2023-03-17","014552","202000035239","1.0197","1.0197","","",""
"2023-03-24","014552","202000035239","1.0217","1.0217","","",""
"2023-03-31","014552","202000035239","1.0129","1.0229","","",""
"2022-04-08","014553","202000035240","1.0011","1.0011","","",""
"2022-04-15","014553","202000035240","1.0010","1.0010","","",""
"2022-04-22","014553","202000035240","1.0007","1.0007","","",""
"2022-04-29","014553","202000035240","1.0011","1.0011","","",""
"2022-05-06","014553","202000035240","1.0014","1.0014","","",""
"2022-05-13","014553","202000035240","1.0021","1.0021","","",""
"2022-05-20","014553","202000035240","1.0024","1.0024","","",""
"2022-05-27","014553","202000035240","1.0035","1.0035","","",""
"2022-06-02","014553","202000035240","1.0033","1.0033","","",""
"2022-06-10","014553","202000035240","1.0034","1.0034","","",""
"2022-06-17","014553","202000035240","1.0039","1.0039","","",""
"2022-06-24","014553","202000035240","1.0046","1.0046","","",""
"2022-06-30","014553","202000035240","1.0045","1.0045","","",""
"2022-07-01","014553","202000035240","1.0047","1.0047","","",""
"2022-07-08","014553","202000035240","1.0051","1.0051","","",""
"2022-07-15","014553","202000035240","1.0066","1.0066","","",""
"2022-07-22","014553","202000035240","1.0082","1.0082","","",""
"2022-07-29","014553","202000035240","1.0101","1.0101","","",""
"2022-08-05","014553","202000035240","1.0127","1.0127","","",""
"2022-08-12","014553","202000035240","1.0113","1.0113","","",""
"2022-08-19","014553","202000035240","1.0136","1.0136","","",""
"2022-08-26","014553","202000035240","1.0124","1.0124","","",""
"2022-09-02","014553","202000035240","1.0139","1.0139","","",""
"2022-09-09","014553","202000035240","1.0146","1.0146","","",""
"2022-09-16","014553","202000035240","1.0146","1.0146","","",""
"2022-09-23","014553","202000035240","1.0146","1.0146","","",""
"2022-09-30","014553","202000035240","1.0132","1.0132","","",""
"2022-10-14","014553","202000035240","1.0146","1.0146","","",""
"2022-10-21","014553","202000035240","1.0157","1.0157","","",""
"2022-10-28","014553","202000035240","1.0159","1.0159","","",""
"2022-11-04","014553","202000035240","1.0155","1.0155","","",""
"2022-11-11","014553","202000035240","1.0132","1.0132","","",""
"2022-11-18","014553","202000035240","1.0065","1.0065","","",""
"2022-11-25","014553","202000035240","1.0081","1.0081","","",""
"2022-12-02","014553","202000035240","1.0052","1.0052","","",""
"2022-12-09","014553","202000035240","1.0012","1.0012","","",""
"2022-12-16","014553","202000035240","0.9990","0.9990","","",""
"2022-12-23","014553","202000035240","1.0013","1.0013","","",""
"2022-12-30","014553","202000035240","1.0035","1.0035","","",""
"2022-12-31","014553","202000035240","1.0036","1.0036","","",""
"2023-01-06","014553","202000035240","1.0063","1.0063","","",""
"2023-01-13","014553","202000035240","1.0060","1.0060","","",""
"2023-01-20","014553","202000035240","1.0059","1.0059","","",""
"2023-02-03","014553","202000035240","1.0080","1.0080","","",""
"2023-02-10","014553","202000035240","1.0093","1.0093","","",""
"2023-02-17","014553","202000035240","1.0113","1.0113","","",""
"2023-02-24","014553","202000035240","1.0114","1.0114","","",""
"2023-03-03","014553","202000035240","1.0116","1.0116","","",""
"2023-03-10","014553","202000035240","1.0137","1.0137","","",""
"2023-03-16","014553","202000035240","1.0151","1.0151","","",""
"2023-03-17","014553","202000035240","1.0156","1.0156","","",""
"2023-03-24","014553","202000035240","1.0175","1.0175","","",""
"2023-03-31","014553","202000035240","1.0087","1.0187","","",""
"2022-06-06","014634","202000038775","1.0000","1.0000","","",""
"2022-06-10","014634","202000038775","0.9998","0.9998","","",""
"2022-06-17","014634","202000038775","1.0100","1.0100","","",""
"2022-06-24","014634","202000038775","1.0188","1.0188","","",""
"2022-06-30","014634","202000038775","1.0356","1.0356","","",""
"2022-07-01","014634","202000038775","1.0320","1.0320","","",""
"2022-07-08","014634","202000038775","1.0244","1.0244","","",""
"2022-07-15","014634","202000038775","0.9864","0.9864","","",""
"2022-07-22","014634","202000038775","0.9870","0.9870","","",""
"2022-07-29","014634","202000038775","0.9754","0.9754","","",""
"2022-08-05","014634","202000038775","0.9728","0.9728","","",""
"2022-08-12","014634","202000038775","0.9839","0.9839","","",""
"2022-08-19","014634","202000038775","0.9839","0.9839","","",""
"2022-08-26","014634","202000038775","0.9844","0.9844","","",""
"2022-09-02","014634","202000038775","0.9670","0.9670","","",""
"2022-09-05","014634","202000038775","0.9659","0.9659","","",""
"2022-09-06","014634","202000038775","0.9748","0.9748","","",""
"2022-09-07","014634","202000038775","0.9758","0.9758","","",""
"2022-09-08","014634","202000038775","0.9723","0.9723","","",""
"2022-09-09","014634","202000038775","0.9835","0.9835","","",""
"2022-09-13","014634","202000038775","0.9840","0.9840","","",""
"2022-09-14","014634","202000038775","0.9735","0.9735","","",""
"2022-09-15","014634","202000038775","0.9660","0.9660","","",""
"2022-09-16","014634","202000038775","0.9464","0.9464","","",""
"2022-09-19","014634","202000038775","0.9478","0.9478","","",""
"2022-09-20","014634","202000038775","0.9508","0.9508","","",""
"2022-09-21","014634","202000038775","0.9462","0.9462","","",""
"2022-09-22","014634","202000038775","0.9386","0.9386","","",""
"2022-09-23","014634","202000038775","0.9370","0.9370","","",""
"2022-09-26","014634","202000038775","0.9331","0.9331","","",""
"2022-09-27","014634","202000038775","0.9448","0.9448","","",""
"2022-09-28","014634","202000038775","0.9322","0.9322","","",""
"2022-09-29","014634","202000038775","0.9356","0.9356","","",""
"2022-09-30","014634","202000038775","0.9298","0.9298","","",""
"2022-10-10","014634","202000038775","0.9127","0.9127","","",""
"2022-10-11","014634","202000038775","0.9138","0.9138","","",""
"2022-10-12","014634","202000038775","0.9267","0.9267","","",""
"2022-10-13","014634","202000038775","0.9191","0.9191","","",""
"2022-10-14","014634","202000038775","0.9407","0.9407","","",""
"2022-10-17","014634","202000038775","0.9383","0.9383","","",""
"2022-10-18","014634","202000038775","0.9353","0.9353","","",""
"2022-10-19","014634","202000038775","0.9213","0.9213","","",""
"2022-10-20","014634","202000038775","0.9159","0.9159","","",""
"2022-10-21","014634","202000038775","0.9141","0.9141","","",""
"2022-10-24","014634","202000038775","0.8879","0.8879","","",""
"2022-10-25","014634","202000038775","0.8863","0.8863","","",""
"2022-10-26","014634","202000038775","0.8891","0.8891","","",""
"2022-10-27","014634","202000038775","0.8822","0.8822","","",""
"2022-10-28","014634","202000038775","0.8621","0.8621","","",""
"2022-10-31","014634","202000038775","0.8497","0.8497","","",""
"2022-11-01","014634","202000038775","0.8764","0.8764","","",""
"2022-11-02","014634","202000038775","0.8873","0.8873","","",""
"2022-11-03","014634","202000038775","0.8802","0.8802","","",""
"2022-11-04","014634","202000038775","0.9062","0.9062","","",""
"2022-11-07","014634","202000038775","0.9082","0.9082","","",""
"2022-11-08","014634","202000038775","0.9007","0.9007","","",""
"2022-11-09","014634","202000038775","0.8903","0.8903","","",""
"2022-11-10","014634","202000038775","0.8861","0.8861","","",""
"2022-11-11","014634","202000038775","0.9100","0.9100","","",""
"2022-11-14","014634","202000038775","0.9094","0.9094","","",""
"2022-11-15","014634","202000038775","0.9218","0.9218","","",""
"2022-11-16","014634","202000038775","0.9154","0.9154","","",""
"2022-11-17","014634","202000038775","0.9093","0.9093","","",""
"2022-11-18","014634","202000038775","0.9063","0.9063","","",""
"2022-11-21","014634","202000038775","0.8999","0.8999","","",""
"2022-11-22","014634","202000038775","0.9000","0.9000","","",""
"2022-11-23","014634","202000038775","0.9016","0.9016","","",""
"2022-11-24","014634","202000038775","0.8987","0.8987","","",""
"2022-11-25","014634","202000038775","0.9014","0.9014","","",""
"2022-11-28","014634","202000038775","0.8933","0.8933","","",""
"2022-11-29","014634","202000038775","0.9166","0.9166","","",""
"2022-11-30","014634","202000038775","0.9195","0.9195","","",""
"2022-12-01","014634","202000038775","0.9269","0.9269","","",""
"2022-12-02","014634","202000038775","0.9202","0.9202","","",""
"2022-12-05","014634","202000038775","0.9360","0.9360","","",""
"2022-12-06","014634","202000038775","0.9429","0.9429","","",""
"2022-12-07","014634","202000038775","0.9413","0.9413","","",""
"2022-12-08","014634","202000038775","0.9414","0.9414","","",""
"2022-12-09","014634","202000038775","0.9484","0.9484","","",""
"2022-12-12","014634","202000038775","0.9396","0.9396","","",""
"2022-12-13","014634","202000038775","0.9391","0.9391","","",""
"2022-12-14","014634","202000038775","0.9417","0.9417","","",""
"2022-12-15","014634","202000038775","0.9423","0.9423","","",""
"2022-12-16","014634","202000038775","0.9421","0.9421","","",""
"2022-12-19","014634","202000038775","0.9287","0.9287","","",""
"2022-12-20","014634","202000038775","0.9149","0.9149","","",""
"2022-12-21","014634","202000038775","0.9146","0.9146","","",""
"2022-12-22","014634","202000038775","0.9129","0.9129","","",""
"2022-12-23","014634","202000038775","0.9110","0.9110","","",""
"2022-12-26","014634","202000038775","0.9138","0.9138","","",""
"2022-12-27","014634","202000038775","0.9250","0.9250","","",""
"2022-12-28","014634","202000038775","0.9218","0.9218","","",""
"2022-12-29","014634","202000038775","0.9188","0.9188","","",""
"2022-12-30","014634","202000038775","0.9239","0.9239","","",""
"2022-12-31","014634","202000038775","0.9239","0.9239","","",""
"2023-01-03","014634","202000038775","0.9294","0.9294","","",""
"2023-01-04","014634","202000038775","0.9302","0.9302","","",""
"2023-01-05","014634","202000038775","0.9477","0.9477","","",""
"2023-01-06","014634","202000038775","0.9492","0.9492","","",""
"2023-01-09","014634","202000038775","0.9568","0.9568","","",""
"2023-01-10","014634","202000038775","0.9566","0.9566","","",""
"2023-01-11","014634","202000038775","0.9559","0.9559","","",""
"2023-01-12","014634","202000038775","0.9577","0.9577","","",""
"2023-01-13","014634","202000038775","0.9671","0.9671","","",""
"2023-01-16","014634","202000038775","0.9793","0.9793","","",""
"2023-01-17","014634","202000038775","0.9782","0.9782","","",""
"2023-01-18","014634","202000038775","0.9769","0.9769","","",""
"2023-01-19","014634","202000038775","0.9811","0.9811","","",""
"2023-01-20","014634","202000038775","0.9859","0.9859","","",""
"2023-01-30","014634","202000038775","0.9862","0.9862","","",""
"2023-01-31","014634","202000038775","0.9763","0.9763","","",""
"2023-02-01","014634","202000038775","0.9858","0.9858","","",""
"2023-02-02","014634","202000038775","0.9829","0.9829","","",""
"2023-02-03","014634","202000038775","0.9739","0.9739","","",""
"2023-02-06","014634","202000038775","0.9627","0.9627","","",""
"2023-02-07","014634","202000038775","0.9655","0.9655","","",""
"2023-02-08","014634","202000038775","0.9605","0.9605","","",""
"2023-02-09","014634","202000038775","0.9708","0.9708","","",""
"2023-02-10","014634","202000038775","0.9674","0.9674","","",""
"2023-02-13","014634","202000038775","0.9728","0.9728","","",""
"2023-02-14","014634","202000038775","0.9729","0.9729","","",""
"2023-02-15","014634","202000038775","0.9652","0.9652","","",""
"2023-02-16","014634","202000038775","0.9577","0.9577","","",""
"2023-02-17","014634","202000038775","0.9467","0.9467","","",""
"2023-02-20","014634","202000038775","0.9644","0.9644","","",""
"2023-02-21","014634","202000038775","0.9658","0.9658","","",""
"2023-02-22","014634","202000038775","0.9575","0.9575","","",""
"2023-02-23","014634","202000038775","0.9578","0.9578","","",""
"2023-02-24","014634","202000038775","0.9482","0.9482","","",""
"2023-02-27","014634","202000038775","0.9453","0.9453","","",""
"2023-02-28","014634","202000038775","0.9491","0.9491","","",""
"2023-03-01","014634","202000038775","0.9578","0.9578","","",""
"2023-03-02","014634","202000038775","0.9538","0.9538","","",""
"2023-03-03","014634","202000038775","0.9574","0.9574","","",""
"2023-03-06","014634","202000038775","0.9548","0.9548","","",""
"2023-03-07","014634","202000038775","0.9440","0.9440","","",""
"2023-03-08","014634","202000038775","0.9409","0.9409","","",""
"2023-03-09","014634","202000038775","0.9386","0.9386","","",""
"2023-03-10","014634","202000038775","0.9247","0.9247","","",""
"2023-03-13","014634","202000038775","0.9351","0.9351","","",""
"2023-03-14","014634","202000038775","0.9289","0.9289","","",""
"2023-03-15","014634","202000038775","0.9304","0.9304","","",""
"2023-03-16","014634","202000038775","0.9200","0.9200","","",""
"2023-03-17","014634","202000038775","0.9192","0.9192","","",""
"2023-03-20","014634","202000038775","0.9123","0.9123","","",""
"2023-03-21","014634","202000038775","0.9240","0.9240","","",""
"2023-03-22","014634","202000038775","0.9278","0.9278","","",""
"2023-03-23","014634","202000038775","0.9348","0.9348","","",""
"2023-03-24","014634","202000038775","0.9304","0.9304","","",""
"2023-03-27","014634","202000038775","0.9297","0.9297","","",""
"2023-03-28","014634","202000038775","0.9278","0.9278","","",""
"2023-03-29","014634","202000038775","0.9263","0.9263","","",""
"2023-03-30","014634","202000038775","0.9362","0.9362","","",""
"2023-03-31","014634","202000038775","0.9390","0.9390","","",""
"2022-06-06","014635","202000038776","1.0000","1.0000","","",""
"2022-06-10","014635","202000038776","0.9997","0.9997","","",""
"2022-06-17","014635","202000038776","1.0098","1.0098","","",""
"2022-06-24","014635","202000038776","1.0185","1.0185","","",""
"2022-06-30","014635","202000038776","1.0351","1.0351","","",""
"2022-07-01","014635","202000038776","1.0316","1.0316","","",""
"2022-07-08","014635","202000038776","1.0239","1.0239","","",""
"2022-07-15","014635","202000038776","0.9858","0.9858","","",""
"2022-07-22","014635","202000038776","0.9863","0.9863","","",""
"2022-07-29","014635","202000038776","0.9746","0.9746","","",""
"2022-08-05","014635","202000038776","0.9718","0.9718","","",""
"2022-08-12","014635","202000038776","0.9829","0.9829","","",""
"2022-08-19","014635","202000038776","0.9827","0.9827","","",""
"2022-08-26","014635","202000038776","0.9831","0.9831","","",""
"2022-09-02","014635","202000038776","0.9656","0.9656","","",""
"2022-09-05","014635","202000038776","0.9644","0.9644","","",""
"2022-09-06","014635","202000038776","0.9733","0.9733","","",""
"2022-09-07","014635","202000038776","0.9744","0.9744","","",""
"2022-09-08","014635","202000038776","0.9708","0.9708","","",""
"2022-09-09","014635","202000038776","0.9819","0.9819","","",""
"2022-09-13","014635","202000038776","0.9824","0.9824","","",""
"2022-09-14","014635","202000038776","0.9719","0.9719","","",""
"2022-09-15","014635","202000038776","0.9644","0.9644","","",""
"2022-09-16","014635","202000038776","0.9448","0.9448","","",""
"2022-09-19","014635","202000038776","0.9462","0.9462","","",""
"2022-09-20","014635","202000038776","0.9492","0.9492","","",""
"2022-09-21","014635","202000038776","0.9446","0.9446","","",""
"2022-09-22","014635","202000038776","0.9369","0.9369","","",""
"2022-09-23","014635","202000038776","0.9353","0.9353","","",""
"2022-09-26","014635","202000038776","0.9314","0.9314","","",""
"2022-09-27","014635","202000038776","0.9431","0.9431","","",""
"2022-09-28","014635","202000038776","0.9304","0.9304","","",""
"2022-09-29","014635","202000038776","0.9338","0.9338","","",""
"2022-09-30","014635","202000038776","0.9280","0.9280","","",""
"2022-10-10","014635","202000038776","0.9108","0.9108","","",""
"2022-10-11","014635","202000038776","0.9119","0.9119","","",""
"2022-10-12","014635","202000038776","0.9248","0.9248","","",""
"2022-10-13","014635","202000038776","0.9172","0.9172","","",""
"2022-10-14","014635","202000038776","0.9387","0.9387","","",""
"2022-10-17","014635","202000038776","0.9363","0.9363","","",""
"2022-10-18","014635","202000038776","0.9333","0.9333","","",""
"2022-10-19","014635","202000038776","0.9193","0.9193","","",""
"2022-10-20","014635","202000038776","0.9139","0.9139","","",""
"2022-10-21","014635","202000038776","0.9120","0.9120","","",""
"2022-10-24","014635","202000038776","0.8859","0.8859","","",""
"2022-10-25","014635","202000038776","0.8842","0.8842","","",""
"2022-10-26","014635","202000038776","0.8870","0.8870","","",""
"2022-10-27","014635","202000038776","0.8801","0.8801","","",""
"2022-10-28","014635","202000038776","0.8601","0.8601","","",""
"2022-10-31","014635","202000038776","0.8477","0.8477","","",""
"2022-11-01","014635","202000038776","0.8743","0.8743","","",""
"2022-11-02","014635","202000038776","0.8851","0.8851","","",""
"2022-11-03","014635","202000038776","0.8780","0.8780","","",""
"2022-11-04","014635","202000038776","0.9040","0.9040","","",""
"2022-11-07","014635","202000038776","0.9059","0.9059","","",""
"2022-11-08","014635","202000038776","0.8984","0.8984","","",""
"2022-11-09","014635","202000038776","0.8880","0.8880","","",""
"2022-11-10","014635","202000038776","0.8838","0.8838","","",""
"2022-11-11","014635","202000038776","0.9077","0.9077","","",""
"2022-11-14","014635","202000038776","0.9070","0.9070","","",""
"2022-11-15","014635","202000038776","0.9193","0.9193","","",""
"2022-11-16","014635","202000038776","0.9130","0.9130","","",""
"2022-11-17","014635","202000038776","0.9068","0.9068","","",""
"2022-11-18","014635","202000038776","0.9039","0.9039","","",""
"2022-11-21","014635","202000038776","0.8974","0.8974","","",""
"2022-11-22","014635","202000038776","0.8975","0.8975","","",""
"2022-11-23","014635","202000038776","0.8991","0.8991","","",""
"2022-11-24","014635","202000038776","0.8962","0.8962","","",""
"2022-11-25","014635","202000038776","0.8988","0.8988","","",""
"2022-11-28","014635","202000038776","0.8908","0.8908","","",""
"2022-11-29","014635","202000038776","0.9139","0.9139","","",""
"2022-11-30","014635","202000038776","0.9169","0.9169","","",""
"2022-12-01","014635","202000038776","0.9242","0.9242","","",""
"2022-12-02","014635","202000038776","0.9175","0.9175","","",""
"2022-12-05","014635","202000038776","0.9332","0.9332","","",""
"2022-12-06","014635","202000038776","0.9401","0.9401","","",""
"2022-12-07","014635","202000038776","0.9385","0.9385","","",""
"2022-12-08","014635","202000038776","0.9385","0.9385","","",""
"2022-12-09","014635","202000038776","0.9455","0.9455","","",""
"2022-12-12","014635","202000038776","0.9366","0.9366","","",""
"2022-12-13","014635","202000038776","0.9361","0.9361","","",""
"2022-12-14","014635","202000038776","0.9387","0.9387","","",""
"2022-12-15","014635","202000038776","0.9393","0.9393","","",""
"2022-12-16","014635","202000038776","0.9391","0.9391","","",""
"2022-12-19","014635","202000038776","0.9258","0.9258","","",""
"2022-12-20","014635","202000038776","0.9119","0.9119","","",""
"2022-12-21","014635","202000038776","0.9116","0.9116","","",""
"2022-12-22","014635","202000038776","0.9099","0.9099","","",""
"2022-12-23","014635","202000038776","0.9080","0.9080","","",""
"2022-12-26","014635","202000038776","0.9107","0.9107","","",""
"2022-12-27","014635","202000038776","0.9219","0.9219","","",""
"2022-12-28","014635","202000038776","0.9187","0.9187","","",""
"2022-12-29","014635","202000038776","0.9157","0.9157","","",""
"2022-12-30","014635","202000038776","0.9208","0.9208","","",""
"2022-12-31","014635","202000038776","0.9207","0.9207","","",""
"2023-01-03","014635","202000038776","0.9262","0.9262","","",""
"2023-01-04","014635","202000038776","0.9269","0.9269","","",""
"2023-01-05","014635","202000038776","0.9444","0.9444","","",""
"2023-01-06","014635","202000038776","0.9459","0.9459","","",""
"2023-01-09","014635","202000038776","0.9534","0.9534","","",""
"2023-01-10","014635","202000038776","0.9532","0.9532","","",""
"2023-01-11","014635","202000038776","0.9525","0.9525","","",""
"2023-01-12","014635","202000038776","0.9542","0.9542","","",""
"2023-01-13","014635","202000038776","0.9636","0.9636","","",""
"2023-01-16","014635","202000038776","0.9757","0.9757","","",""
"2023-01-17","014635","202000038776","0.9746","0.9746","","",""
"2023-01-18","014635","202000038776","0.9733","0.9733","","",""
"2023-01-19","014635","202000038776","0.9774","0.9774","","",""
"2023-01-20","014635","202000038776","0.9822","0.9822","","",""
"2023-01-30","014635","202000038776","0.9823","0.9823","","",""
"2023-01-31","014635","202000038776","0.9725","0.9725","","",""
"2023-02-01","014635","202000038776","0.9819","0.9819","","",""
"2023-02-02","014635","202000038776","0.9790","0.9790","","",""
"2023-02-03","014635","202000038776","0.9701","0.9701","","",""
"2023-02-06","014635","202000038776","0.9588","0.9588","","",""
"2023-02-07","014635","202000038776","0.9616","0.9616","","",""
"2023-02-08","014635","202000038776","0.9566","0.9566","","",""
"2023-02-09","014635","202000038776","0.9669","0.9669","","",""
"2023-02-10","014635","202000038776","0.9635","0.9635","","",""
"2023-02-13","014635","202000038776","0.9688","0.9688","","",""
"2023-02-14","014635","202000038776","0.9689","0.9689","","",""
"2023-02-15","014635","202000038776","0.9612","0.9612","","",""
"2023-02-16","014635","202000038776","0.9537","0.9537","","",""
"2023-02-17","014635","202000038776","0.9428","0.9428","","",""
"2023-02-20","014635","202000038776","0.9603","0.9603","","",""
"2023-02-21","014635","202000038776","0.9617","0.9617","","",""
"2023-02-22","014635","202000038776","0.9534","0.9534","","",""
"2023-02-23","014635","202000038776","0.9536","0.9536","","",""
"2023-02-24","014635","202000038776","0.9441","0.9441","","",""
"2023-02-27","014635","202000038776","0.9411","0.9411","","",""
"2023-02-28","014635","202000038776","0.9449","0.9449","","",""
"2023-03-01","014635","202000038776","0.9536","0.9536","","",""
"2023-03-02","014635","202000038776","0.9496","0.9496","","",""
"2023-03-03","014635","202000038776","0.9531","0.9531","","",""
"2023-03-06","014635","202000038776","0.9506","0.9506","","",""
"2023-03-07","014635","202000038776","0.9398","0.9398","","",""
"2023-03-08","014635","202000038776","0.9367","0.9367","","",""
"2023-03-09","014635","202000038776","0.9344","0.9344","","",""
"2023-03-10","014635","202000038776","0.9205","0.9205","","",""
"2023-03-13","014635","202000038776","0.9308","0.9308","","",""
"2023-03-14","014635","202000038776","0.9246","0.9246","","",""
"2023-03-15","014635","202000038776","0.9261","0.9261","","",""
"2023-03-16","014635","202000038776","0.9157","0.9157","","",""
"2023-03-17","014635","202000038776","0.9149","0.9149","","",""
"2023-03-20","014635","202000038776","0.9080","0.9080","","",""
"2023-03-21","014635","202000038776","0.9196","0.9196","","",""
"2023-03-22","014635","202000038776","0.9234","0.9234","","",""
"2023-03-23","014635","202000038776","0.9304","0.9304","","",""
"2023-03-24","014635","202000038776","0.9260","0.9260","","",""
"2023-03-27","014635","202000038776","0.9252","0.9252","","",""
"2023-03-28","014635","202000038776","0.9233","0.9233","","",""
"2023-03-29","014635","202000038776","0.9218","0.9218","","",""
"2023-03-30","014635","202000038776","0.9317","0.9317","","",""
"2023-03-31","014635","202000038776","0.9344","0.9344","","",""
"2022-04-06","014922","202000036341","1.0025","1.0025","","",""
"2022-04-07","014922","202000036341","0.9961","0.9961","","",""
"2022-04-08","014922","202000036341","1.0049","1.0049","","",""
"2022-04-11","014922","202000036341","0.9931","0.9931","","",""
"2022-04-12","014922","202000036341","0.9991","0.9991","","",""
"2022-04-13","014922","202000036341","1.0013","1.0013","","",""
"2022-04-14","014922","202000036341","1.0080","1.0080","","",""
"2022-04-15","014922","202000036341","1.0047","1.0047","","",""
"2022-04-18","014922","202000036341","0.9987","0.9987","","",""
"2022-04-19","014922","202000036341","0.9972","0.9972","","",""
"2022-04-20","014922","202000036341","0.9871","0.9871","","",""
"2022-04-21","014922","202000036341","0.9759","0.9759","","",""
"2022-04-22","014922","202000036341","0.9824","0.9824","","",""
"2022-04-25","014922","202000036341","0.9594","0.9594","","",""
"2022-04-26","014922","202000036341","0.9609","0.9609","","",""
"2022-04-27","014922","202000036341","0.9738","0.9738","","",""
"2022-04-28","014922","202000036341","0.9824","0.9824","","",""
"2022-04-29","014922","202000036341","0.9917","0.9917","","",""
"2022-05-05","014922","202000036341","0.9911","0.9911","","",""
"2022-05-06","014922","202000036341","0.9793","0.9793","","",""
"2022-05-09","014922","202000036341","0.9757","0.9757","","",""
"2022-05-10","014922","202000036341","0.9850","0.9850","","",""
"2022-05-11","014922","202000036341","0.9861","0.9861","","",""
"2022-05-12","014922","202000036341","0.9799","0.9799","","",""
"2022-05-13","014922","202000036341","0.9892","0.9892","","",""
"2022-05-16","014922","202000036341","0.9857","0.9857","","",""
"2022-05-17","014922","202000036341","0.9932","0.9932","","",""
"2022-05-18","014922","202000036341","0.9926","0.9926","","",""
"2022-05-19","014922","202000036341","0.9999","0.9999","","",""
"2022-05-20","014922","202000036341","1.0070","1.0070","","",""
"2022-05-23","014922","202000036341","1.0003","1.0003","","",""
"2022-05-24","014922","202000036341","0.9902","0.9902","","",""
"2022-05-25","014922","202000036341","0.9920","0.9920","","",""
"2022-05-26","014922","202000036341","0.9921","0.9921","","",""
"2022-05-27","014922","202000036341","0.9950","0.9950","","",""
"2022-05-30","014922","202000036341","0.9951","0.9951","","",""
"2022-05-31","014922","202000036341","1.0035","1.0035","","",""
"2022-06-01","014922","202000036341","1.0040","1.0040","","",""
"2022-06-02","014922","202000036341","1.0086","1.0086","","",""
"2022-06-06","014922","202000036341","1.0124","1.0124","","",""
"2022-06-07","014922","202000036341","1.0199","1.0199","","",""
"2022-06-08","014922","202000036341","1.0250","1.0250","","",""
"2022-06-09","014922","202000036341","1.0198","1.0198","","",""
"2022-06-10","014922","202000036341","1.0263","1.0263","","",""
"2022-06-13","014922","202000036341","1.0137","1.0137","","",""
"2022-06-14","014922","202000036341","1.0134","1.0134","","",""
"2022-06-15","014922","202000036341","1.0198","1.0198","","",""
"2022-06-16","014922","202000036341","1.0225","1.0225","","",""
"2022-06-17","014922","202000036341","1.0311","1.0311","","",""
"2022-06-20","014922","202000036341","1.0382","1.0382","","",""
"2022-06-21","014922","202000036341","1.0390","1.0390","","",""
"2022-06-22","014922","202000036341","1.0284","1.0284","","",""
"2022-06-23","014922","202000036341","1.0369","1.0369","","",""
"2022-06-24","014922","202000036341","1.0524","1.0524","","",""
"2022-06-27","014922","202000036341","1.0648","1.0648","","",""
"2022-06-28","014922","202000036341","1.0774","1.0774","","",""
"2022-06-29","014922","202000036341","1.0618","1.0618","","",""
"2022-06-30","014922","202000036341","1.0882","1.0882","","",""
"2022-07-01","014922","202000036341","1.0876","1.0876","","",""
"2022-07-04","014922","202000036341","1.0864","1.0864","","",""
"2022-07-05","014922","202000036341","1.0838","1.0838","","",""
"2022-07-06","014922","202000036341","1.0729","1.0729","","",""
"2022-07-07","014922","202000036341","1.0785","1.0785","","",""
"2022-07-08","014922","202000036341","1.0708","1.0708","","",""
"2022-07-11","014922","202000036341","1.0525","1.0525","","",""
"2022-07-12","014922","202000036341","1.0476","1.0476","","",""
"2022-07-13","014922","202000036341","1.0545","1.0545","","",""
"2022-07-14","014922","202000036341","1.0604","1.0604","","",""
"2022-07-15","014922","202000036341","1.0474","1.0474","","",""
"2022-07-18","014922","202000036341","1.0474","1.0474","","",""
"2022-07-19","014922","202000036341","1.0401","1.0401","","",""
"2022-07-20","014922","202000036341","1.0446","1.0446","","",""
"2022-07-21","014922","202000036341","1.0425","1.0425","","",""
"2022-07-22","014922","202000036341","1.0434","1.0434","","",""
"2022-07-25","014922","202000036341","1.0367","1.0367","","",""
"2022-07-26","014922","202000036341","1.0538","1.0538","","",""
"2022-07-27","014922","202000036341","1.0570","1.0570","","",""
"2022-07-28","014922","202000036341","1.0501","1.0501","","",""
"2022-07-29","014922","202000036341","1.0374","1.0374","","",""
"2022-08-01","014922","202000036341","1.0369","1.0369","","",""
"2022-08-02","014922","202000036341","1.0196","1.0196","","",""
"2022-08-03","014922","202000036341","1.0059","1.0059","","",""
"2022-08-04","014922","202000036341","1.0093","1.0093","","",""
"2022-08-05","014922","202000036341","1.0215","1.0215","","",""
"2022-08-08","014922","202000036341","1.0299","1.0299","","",""
"2022-08-09","014922","202000036341","1.0374","1.0374","","",""
"2022-08-10","014922","202000036341","1.0322","1.0322","","",""
"2022-08-11","014922","202000036341","1.0439","1.0439","","",""
"2022-08-12","014922","202000036341","1.0323","1.0323","","",""
"2022-08-15","014922","202000036341","1.0440","1.0440","","",""
"2022-08-16","014922","202000036341","1.0437","1.0437","","",""
"2022-08-17","014922","202000036341","1.0422","1.0422","","",""
"2022-08-18","014922","202000036341","1.0408","1.0408","","",""
"2022-08-19","014922","202000036341","1.0256","1.0256","","",""
"2022-08-22","014922","202000036341","1.0300","1.0300","","",""
"2022-08-23","014922","202000036341","1.0316","1.0316","","",""
"2022-08-24","014922","202000036341","1.0060","1.0060","","",""
"2022-08-25","014922","202000036341","1.0035","1.0035","","",""
"2022-08-26","014922","202000036341","0.9976","0.9976","","",""
"2022-08-29","014922","202000036341","1.0012","1.0012","","",""
"2022-08-30","014922","202000036341","0.9948","0.9948","","",""
"2022-08-31","014922","202000036341","0.9773","0.9773","","",""
"2022-09-01","014922","202000036341","0.9688","0.9688","","",""
"2022-09-02","014922","202000036341","0.9590","0.9590","","",""
"2022-09-05","014922","202000036341","0.9601","0.9601","","",""
"2022-09-06","014922","202000036341","0.9821","0.9821","","",""
"2022-09-07","014922","202000036341","0.9883","0.9883","","",""
"2022-09-08","014922","202000036341","0.9835","0.9835","","",""
"2022-09-09","014922","202000036341","0.9856","0.9856","","",""
"2022-09-13","014922","202000036341","0.9876","0.9876","","",""
"2022-09-14","014922","202000036341","0.9781","0.9781","","",""
"2022-09-15","014922","202000036341","0.9452","0.9452","","",""
"2022-09-16","014922","202000036341","0.9358","0.9358","","",""
"2022-09-19","014922","202000036341","0.9295","0.9295","","",""
"2022-09-20","014922","202000036341","0.9409","0.9409","","",""
"2022-09-21","014922","202000036341","0.9276","0.9276","","",""
"2022-09-22","014922","202000036341","0.9262","0.9262","","",""
"2022-09-23","014922","202000036341","0.9139","0.9139","","",""
"2022-09-26","014922","202000036341","0.9197","0.9197","","",""
"2022-09-27","014922","202000036341","0.9397","0.9397","","",""
"2022-09-28","014922","202000036341","0.9214","0.9214","","",""
"2022-09-29","014922","202000036341","0.9330","0.9330","","",""
"2022-09-30","014922","202000036341","0.9229","0.9229","","",""
"2022-10-10","014922","202000036341","0.9017","0.9017","","",""
"2022-10-11","014922","202000036341","0.8993","0.8993","","",""
"2022-10-12","014922","202000036341","0.9115","0.9115","","",""
"2022-10-13","014922","202000036341","0.8998","0.8998","","",""
"2022-10-14","014922","202000036341","0.9340","0.9340","","",""
"2022-10-17","014922","202000036341","0.9307","0.9307","","",""
"2022-10-18","014922","202000036341","0.9288","0.9288","","",""
"2022-10-19","014922","202000036341","0.9158","0.9158","","",""
"2022-10-20","014922","202000036341","0.8997","0.8997","","",""
"2022-10-21","014922","202000036341","0.9013","0.9013","","",""
"2022-10-24","014922","202000036341","0.8791","0.8791","","",""
"2022-10-25","014922","202000036341","0.8860","0.8860","","",""
"2022-10-26","014922","202000036341","0.8972","0.8972","","",""
"2022-10-27","014922","202000036341","0.8821","0.8821","","",""
"2022-10-28","014922","202000036341","0.8635","0.8635","","",""
"2022-10-31","014922","202000036341","0.8575","0.8575","","",""
"2022-11-01","014922","202000036341","0.8814","0.8814","","",""
"2022-11-02","014922","202000036341","0.8986","0.8986","","",""
"2022-11-03","014922","202000036341","0.9035","0.9035","","",""
"2022-11-04","014922","202000036341","0.9348","0.9348","","",""
"2022-11-07","014922","202000036341","0.9354","0.9354","","",""
"2022-11-08","014922","202000036341","0.9274","0.9274","","",""
"2022-11-09","014922","202000036341","0.9213","0.9213","","",""
"2022-11-10","014922","202000036341","0.9074","0.9074","","",""
"2022-11-11","014922","202000036341","0.9200","0.9200","","",""
"2022-11-14","014922","202000036341","0.9127","0.9127","","",""
"2022-11-15","014922","202000036341","0.9365","0.9365","","",""
"2022-11-16","014922","202000036341","0.9292","0.9292","","",""
"2022-11-17","014922","202000036341","0.9224","0.9224","","",""
"2022-11-18","014922","202000036341","0.9246","0.9246","","",""
"2022-11-21","014922","202000036341","0.9208","0.9208","","",""
"2022-11-22","014922","202000036341","0.9104","0.9104","","",""
"2022-11-23","014922","202000036341","0.9145","0.9145","","",""
"2022-11-24","014922","202000036341","0.9117","0.9117","","",""
"2022-11-25","014922","202000036341","0.9084","0.9084","","",""
"2022-11-28","014922","202000036341","0.9008","0.9008","","",""
"2022-11-29","014922","202000036341","0.9145","0.9145","","",""
"2022-11-30","014922","202000036341","0.9116","0.9116","","",""
"2022-12-01","014922","202000036341","0.9190","0.9190","","",""
"2022-12-02","014922","202000036341","0.9133","0.9133","","",""
"2022-12-05","014922","202000036341","0.9183","0.9183","","",""
"2022-12-06","014922","202000036341","0.9153","0.9153","","",""
"2022-12-07","014922","202000036341","0.9051","0.9051","","",""
"2022-12-08","014922","202000036341","0.9119","0.9119","","",""
"2022-12-09","014922","202000036341","0.9286","0.9286","","",""
"2022-12-12","014922","202000036341","0.9157","0.9157","","",""
"2022-12-13","014922","202000036341","0.9104","0.9104","","",""
"2022-12-14","014922","202000036341","0.9113","0.9113","","",""
"2022-12-15","014922","202000036341","0.9068","0.9068","","",""
"2022-12-16","014922","202000036341","0.9050","0.9050","","",""
"2022-12-19","014922","202000036341","0.8972","0.8972","","",""
"2022-12-20","014922","202000036341","0.8854","0.8854","","",""
"2022-12-21","014922","202000036341","0.8805","0.8805","","",""
"2022-12-22","014922","202000036341","0.8844","0.8844","","",""
"2022-12-23","014922","202000036341","0.8814","0.8814","","",""
"2022-12-26","014922","202000036341","0.8911","0.8911","","",""
"2022-12-27","014922","202000036341","0.8986","0.8986","","",""
"2022-12-28","014922","202000036341","0.8994","0.8994","","",""
"2022-12-29","014922","202000036341","0.8926","0.8926","","",""
"2022-12-30","014922","202000036341","0.8926","0.8926","","",""
"2022-12-31","014922","202000036341","0.8925","0.8925","","",""
"2023-01-03","014922","202000036341","0.8977","0.8977","","",""
"2023-01-04","014922","202000036341","0.9018","0.9018","","",""
"2023-01-05","014922","202000036341","0.9191","0.9191","","",""
"2023-01-06","014922","202000036341","0.9287","0.9287","","",""
"2023-01-09","014922","202000036341","0.9349","0.9349","","",""
"2023-01-10","014922","202000036341","0.9331","0.9331","","",""
"2023-01-11","014922","202000036341","0.9266","0.9266","","",""
"2023-01-12","014922","202000036341","0.9215","0.9215","","",""
"2023-01-13","014922","202000036341","0.9293","0.9293","","",""
"2023-01-16","014922","202000036341","0.9350","0.9350","","",""
"2023-01-17","014922","202000036341","0.9335","0.9335","","",""
"2023-01-18","014922","202000036341","0.9330","0.9330","","",""
"2023-01-19","014922","202000036341","0.9319","0.9319","","",""
"2023-01-20","014922","202000036341","0.9395","0.9395","","",""
"2023-01-30","014922","202000036341","0.9348","0.9348","","",""
"2023-01-31","014922","202000036341","0.9277","0.9277","","",""
"2023-02-01","014922","202000036341","0.9358","0.9358","","",""
"2023-02-02","014922","202000036341","0.9318","0.9318","","",""
"2023-02-03","014922","202000036341","0.9213","0.9213","","",""
"2023-02-06","014922","202000036341","0.9087","0.9087","","",""
"2023-02-07","014922","202000036341","0.9120","0.9120","","",""
"2023-02-08","014922","202000036341","0.9084","0.9084","","",""
"2023-02-09","014922","202000036341","0.9254","0.9254","","",""
"2023-02-10","014922","202000036341","0.9162","0.9162","","",""
"2023-02-13","014922","202000036341","0.9273","0.9273","","",""
"2023-02-14","014922","202000036341","0.9260","0.9260","","",""
"2023-02-15","014922","202000036341","0.9196","0.9196","","",""
"2023-02-16","014922","202000036341","0.9202","0.9202","","",""
"2023-02-17","014922","202000036341","0.9060","0.9060","","",""
"2023-02-20","014922","202000036341","0.9237","0.9237","","",""
"2023-02-21","014922","202000036341","0.9188","0.9188","","",""
"2023-02-22","014922","202000036341","0.9108","0.9108","","",""
"2023-02-23","014922","202000036341","0.9129","0.9129","","",""
"2023-02-24","014922","202000036341","0.9002","0.9002","","",""
"2023-02-27","014922","202000036341","0.9043","0.9043","","",""
"2023-02-28","014922","202000036341","0.9075","0.9075","","",""
"2023-03-01","014922","202000036341","0.9255","0.9255","","",""
"2023-03-02","014922","202000036341","0.9187","0.9187","","",""
"2023-03-03","014922","202000036341","0.9204","0.9204","","",""
"2023-03-06","014922","202000036341","0.9280","0.9280","","",""
"2023-03-07","014922","202000036341","0.9137","0.9137","","",""
"2023-03-08","014922","202000036341","0.9101","0.9101","","",""
"2023-03-09","014922","202000036341","0.9063","0.9063","","",""
"2023-03-10","014922","202000036341","0.8953","0.8953","","",""
"2023-03-13","014922","202000036341","0.9038","0.9038","","",""
"2023-03-14","014922","202000036341","0.8938","0.8938","","",""
"2023-03-15","014922","202000036341","0.8960","0.8960","","",""
"2023-03-16","014922","202000036341","0.8785","0.8785","","",""
"2023-03-17","014922","202000036341","0.8780","0.8780","","",""
"2023-03-20","014922","202000036341","0.8705","0.8705","","",""
"2023-03-21","014922","202000036341","0.8841","0.8841","","",""
"2023-03-22","014922","202000036341","0.8893","0.8893","","",""
"2023-03-23","014922","202000036341","0.8974","0.8974","","",""
"2023-03-24","014922","202000036341","0.8909","0.8909","","",""
"2023-03-27","014922","202000036341","0.8891","0.8891","","",""
"2023-03-28","014922","202000036341","0.8908","0.8908","","",""
"2023-03-29","014922","202000036341","0.8975","0.8975","","",""
"2023-03-30","014922","202000036341","0.9095","0.9095","","",""
"2023-03-31","014922","202000036341","0.9105","0.9105","","",""
"2022-04-06","014923","202000036342","1.0021","1.0021","","",""
"2022-04-07","014923","202000036342","0.9957","0.9957","","",""
"2022-04-08","014923","202000036342","1.0044","1.0044","","",""
"2022-04-11","014923","202000036342","0.9925","0.9925","","",""
"2022-04-12","014923","202000036342","0.9985","0.9985","","",""
"2022-04-13","014923","202000036342","1.0007","1.0007","","",""
"2022-04-14","014923","202000036342","1.0074","1.0074","","",""
"2022-04-15","014923","202000036342","1.0041","1.0041","","",""
"2022-04-18","014923","202000036342","0.9981","0.9981","","",""
"2022-04-19","014923","202000036342","0.9965","0.9965","","",""
"2022-04-20","014923","202000036342","0.9864","0.9864","","",""
"2022-04-21","014923","202000036342","0.9753","0.9753","","",""
"2022-04-22","014923","202000036342","0.9817","0.9817","","",""
"2022-04-25","014923","202000036342","0.9587","0.9587","","",""
"2022-04-26","014923","202000036342","0.9601","0.9601","","",""
"2022-04-27","014923","202000036342","0.9730","0.9730","","",""
"2022-04-28","014923","202000036342","0.9816","0.9816","","",""
"2022-04-29","014923","202000036342","0.9909","0.9909","","",""
"2022-05-05","014923","202000036342","0.9902","0.9902","","",""
"2022-05-06","014923","202000036342","0.9784","0.9784","","",""
"2022-05-09","014923","202000036342","0.9747","0.9747","","",""
"2022-05-10","014923","202000036342","0.9840","0.9840","","",""
"2022-05-11","014923","202000036342","0.9851","0.9851","","",""
"2022-05-12","014923","202000036342","0.9789","0.9789","","",""
"2022-05-13","014923","202000036342","0.9882","0.9882","","",""
"2022-05-16","014923","202000036342","0.9846","0.9846","","",""
"2022-05-17","014923","202000036342","0.9920","0.9920","","",""
"2022-05-18","014923","202000036342","0.9914","0.9914","","",""
"2022-05-19","014923","202000036342","0.9987","0.9987","","",""
"2022-05-20","014923","202000036342","1.0058","1.0058","","",""
"2022-05-23","014923","202000036342","0.9991","0.9991","","",""
"2022-05-24","014923","202000036342","0.9889","0.9889","","",""
"2022-05-25","014923","202000036342","0.9907","0.9907","","",""
"2022-05-26","014923","202000036342","0.9909","0.9909","","",""
"2022-05-27","014923","202000036342","0.9937","0.9937","","",""
"2022-05-30","014923","202000036342","0.9937","0.9937","","",""
"2022-05-31","014923","202000036342","1.0022","1.0022","","",""
"2022-06-01","014923","202000036342","1.0027","1.0027","","",""
"2022-06-02","014923","202000036342","1.0072","1.0072","","",""
"2022-06-06","014923","202000036342","1.0109","1.0109","","",""
"2022-06-07","014923","202000036342","1.0184","1.0184","","",""
"2022-06-08","014923","202000036342","1.0234","1.0234","","",""
"2022-06-09","014923","202000036342","1.0182","1.0182","","",""
"2022-06-10","014923","202000036342","1.0247","1.0247","","",""
"2022-06-13","014923","202000036342","1.0121","1.0121","","",""
"2022-06-14","014923","202000036342","1.0118","1.0118","","",""
"2022-06-15","014923","202000036342","1.0182","1.0182","","",""
"2022-06-16","014923","202000036342","1.0208","1.0208","","",""
"2022-06-17","014923","202000036342","1.0294","1.0294","","",""
"2022-06-20","014923","202000036342","1.0365","1.0365","","",""
"2022-06-21","014923","202000036342","1.0373","1.0373","","",""
"2022-06-22","014923","202000036342","1.0267","1.0267","","",""
"2022-06-23","014923","202000036342","1.0351","1.0351","","",""
"2022-06-24","014923","202000036342","1.0506","1.0506","","",""
"2022-06-27","014923","202000036342","1.0629","1.0629","","",""
"2022-06-28","014923","202000036342","1.0754","1.0754","","",""
"2022-06-29","014923","202000036342","1.0599","1.0599","","",""
"2022-06-30","014923","202000036342","1.0862","1.0862","","",""
"2022-07-01","014923","202000036342","1.0856","1.0856","","",""
"2022-07-04","014923","202000036342","1.0843","1.0843","","",""
"2022-07-05","014923","202000036342","1.0817","1.0817","","",""
"2022-07-06","014923","202000036342","1.0708","1.0708","","",""
"2022-07-07","014923","202000036342","1.0763","1.0763","","",""
"2022-07-08","014923","202000036342","1.0687","1.0687","","",""
"2022-07-11","014923","202000036342","1.0504","1.0504","","",""
"2022-07-12","014923","202000036342","1.0455","1.0455","","",""
"2022-07-13","014923","202000036342","1.0524","1.0524","","",""
"2022-07-14","014923","202000036342","1.0582","1.0582","","",""
"2022-07-15","014923","202000036342","1.0452","1.0452","","",""
"2022-07-18","014923","202000036342","1.0452","1.0452","","",""
"2022-07-19","014923","202000036342","1.0378","1.0378","","",""
"2022-07-20","014923","202000036342","1.0424","1.0424","","",""
"2022-07-21","014923","202000036342","1.0402","1.0402","","",""
"2022-07-22","014923","202000036342","1.0411","1.0411","","",""
"2022-07-25","014923","202000036342","1.0343","1.0343","","",""
"2022-07-26","014923","202000036342","1.0514","1.0514","","",""
"2022-07-27","014923","202000036342","1.0546","1.0546","","",""
"2022-07-28","014923","202000036342","1.0477","1.0477","","",""
"2022-07-29","014923","202000036342","1.0349","1.0349","","",""
"2022-08-01","014923","202000036342","1.0344","1.0344","","",""
"2022-08-02","014923","202000036342","1.0172","1.0172","","",""
"2022-08-03","014923","202000036342","1.0034","1.0034","","",""
"2022-08-04","014923","202000036342","1.0068","1.0068","","",""
"2022-08-05","014923","202000036342","1.0190","1.0190","","",""
"2022-08-08","014923","202000036342","1.0273","1.0273","","",""
"2022-08-09","014923","202000036342","1.0348","1.0348","","",""
"2022-08-10","014923","202000036342","1.0296","1.0296","","",""
"2022-08-11","014923","202000036342","1.0413","1.0413","","",""
"2022-08-12","014923","202000036342","1.0297","1.0297","","",""
"2022-08-15","014923","202000036342","1.0412","1.0412","","",""
"2022-08-16","014923","202000036342","1.0410","1.0410","","",""
"2022-08-17","014923","202000036342","1.0394","1.0394","","",""
"2022-08-18","014923","202000036342","1.0380","1.0380","","",""
"2022-08-19","014923","202000036342","1.0229","1.0229","","",""
"2022-08-22","014923","202000036342","1.0272","1.0272","","",""
"2022-08-23","014923","202000036342","1.0287","1.0287","","",""
"2022-08-24","014923","202000036342","1.0032","1.0032","","",""
"2022-08-25","014923","202000036342","1.0007","1.0007","","",""
"2022-08-26","014923","202000036342","0.9949","0.9949","","",""
"2022-08-29","014923","202000036342","0.9983","0.9983","","",""
"2022-08-30","014923","202000036342","0.9920","0.9920","","",""
"2022-08-31","014923","202000036342","0.9745","0.9745","","",""
"2022-09-01","014923","202000036342","0.9660","0.9660","","",""
"2022-09-02","014923","202000036342","0.9562","0.9562","","",""
"2022-09-05","014923","202000036342","0.9573","0.9573","","",""
"2022-09-06","014923","202000036342","0.9792","0.9792","","",""
"2022-09-07","014923","202000036342","0.9854","0.9854","","",""
"2022-09-08","014923","202000036342","0.9805","0.9805","","",""
"2022-09-09","014923","202000036342","0.9826","0.9826","","",""
"2022-09-13","014923","202000036342","0.9845","0.9845","","",""
"2022-09-14","014923","202000036342","0.9751","0.9751","","",""
"2022-09-15","014923","202000036342","0.9422","0.9422","","",""
"2022-09-16","014923","202000036342","0.9329","0.9329","","",""
"2022-09-19","014923","202000036342","0.9265","0.9265","","",""
"2022-09-20","014923","202000036342","0.9379","0.9379","","",""
"2022-09-21","014923","202000036342","0.9247","0.9247","","",""
"2022-09-22","014923","202000036342","0.9232","0.9232","","",""
"2022-09-23","014923","202000036342","0.9110","0.9110","","",""
"2022-09-26","014923","202000036342","0.9166","0.9166","","",""
"2022-09-27","014923","202000036342","0.9366","0.9366","","",""
"2022-09-28","014923","202000036342","0.9183","0.9183","","",""
"2022-09-29","014923","202000036342","0.9299","0.9299","","",""
"2022-09-30","014923","202000036342","0.9198","0.9198","","",""
"2022-10-10","014923","202000036342","0.8985","0.8985","","",""
"2022-10-11","014923","202000036342","0.8962","0.8962","","",""
"2022-10-12","014923","202000036342","0.9083","0.9083","","",""
"2022-10-13","014923","202000036342","0.8966","0.8966","","",""
"2022-10-14","014923","202000036342","0.9307","0.9307","","",""
"2022-10-17","014923","202000036342","0.9273","0.9273","","",""
"2022-10-18","014923","202000036342","0.9254","0.9254","","",""
"2022-10-19","014923","202000036342","0.9125","0.9125","","",""
"2022-10-20","014923","202000036342","0.8964","0.8964","","",""
"2022-10-21","014923","202000036342","0.8980","0.8980","","",""
"2022-10-24","014923","202000036342","0.8758","0.8758","","",""
"2022-10-25","014923","202000036342","0.8827","0.8827","","",""
"2022-10-26","014923","202000036342","0.8938","0.8938","","",""
"2022-10-27","014923","202000036342","0.8787","0.8787","","",""
"2022-10-28","014923","202000036342","0.8602","0.8602","","",""
"2022-10-31","014923","202000036342","0.8541","0.8541","","",""
"2022-11-01","014923","202000036342","0.8780","0.8780","","",""
"2022-11-02","014923","202000036342","0.8951","0.8951","","",""
"2022-11-03","014923","202000036342","0.9000","0.9000","","",""
"2022-11-04","014923","202000036342","0.9312","0.9312","","",""
"2022-11-07","014923","202000036342","0.9316","0.9316","","",""
"2022-11-08","014923","202000036342","0.9237","0.9237","","",""
"2022-11-09","014923","202000036342","0.9176","0.9176","","",""
"2022-11-10","014923","202000036342","0.9038","0.9038","","",""
"2022-11-11","014923","202000036342","0.9162","0.9162","","",""
"2022-11-14","014923","202000036342","0.9090","0.9090","","",""
"2022-11-15","014923","202000036342","0.9327","0.9327","","",""
"2022-11-16","014923","202000036342","0.9253","0.9253","","",""
"2022-11-17","014923","202000036342","0.9185","0.9185","","",""
"2022-11-18","014923","202000036342","0.9208","0.9208","","",""
"2022-11-21","014923","202000036342","0.9169","0.9169","","",""
"2022-11-22","014923","202000036342","0.9066","0.9066","","",""
"2022-11-23","014923","202000036342","0.9106","0.9106","","",""
"2022-11-24","014923","202000036342","0.9078","0.9078","","",""
"2022-11-25","014923","202000036342","0.9045","0.9045","","",""
"2022-11-28","014923","202000036342","0.8969","0.8969","","",""
"2022-11-29","014923","202000036342","0.9106","0.9106","","",""
"2022-11-30","014923","202000036342","0.9076","0.9076","","",""
"2022-12-01","014923","202000036342","0.9150","0.9150","","",""
"2022-12-02","014923","202000036342","0.9093","0.9093","","",""
"2022-12-05","014923","202000036342","0.9142","0.9142","","",""
"2022-12-06","014923","202000036342","0.9112","0.9112","","",""
"2022-12-07","014923","202000036342","0.9010","0.9010","","",""
"2022-12-08","014923","202000036342","0.9078","0.9078","","",""
"2022-12-09","014923","202000036342","0.9244","0.9244","","",""
"2022-12-12","014923","202000036342","0.9115","0.9115","","",""
"2022-12-13","014923","202000036342","0.9062","0.9062","","",""
"2022-12-14","014923","202000036342","0.9071","0.9071","","",""
"2022-12-15","014923","202000036342","0.9026","0.9026","","",""
"2022-12-16","014923","202000036342","0.9009","0.9009","","",""
"2022-12-19","014923","202000036342","0.8930","0.8930","","",""
"2022-12-20","014923","202000036342","0.8812","0.8812","","",""
"2022-12-21","014923","202000036342","0.8764","0.8764","","",""
"2022-12-22","014923","202000036342","0.8803","0.8803","","",""
"2022-12-23","014923","202000036342","0.8772","0.8772","","",""
"2022-12-26","014923","202000036342","0.8868","0.8868","","",""
"2022-12-27","014923","202000036342","0.8943","0.8943","","",""
"2022-12-28","014923","202000036342","0.8951","0.8951","","",""
"2022-12-29","014923","202000036342","0.8883","0.8883","","",""
"2022-12-30","014923","202000036342","0.8882","0.8882","","",""
"2022-12-31","014923","202000036342","0.8882","0.8882","","",""
"2023-01-03","014923","202000036342","0.8933","0.8933","","",""
"2023-01-04","014923","202000036342","0.8974","0.8974","","",""
"2023-01-05","014923","202000036342","0.9146","0.9146","","",""
"2023-01-06","014923","202000036342","0.9240","0.9240","","",""
"2023-01-09","014923","202000036342","0.9303","0.9303","","",""
"2023-01-10","014923","202000036342","0.9284","0.9284","","",""
"2023-01-11","014923","202000036342","0.9220","0.9220","","",""
"2023-01-12","014923","202000036342","0.9169","0.9169","","",""
"2023-01-13","014923","202000036342","0.9245","0.9245","","",""
"2023-01-16","014923","202000036342","0.9302","0.9302","","",""
"2023-01-17","014923","202000036342","0.9287","0.9287","","",""
"2023-01-18","014923","202000036342","0.9282","0.9282","","",""
"2023-01-19","014923","202000036342","0.9270","0.9270","","",""
"2023-01-20","014923","202000036342","0.9346","0.9346","","",""
"2023-01-30","014923","202000036342","0.9298","0.9298","","",""
"2023-01-31","014923","202000036342","0.9227","0.9227","","",""
"2023-02-01","014923","202000036342","0.9307","0.9307","","",""
"2023-02-02","014923","202000036342","0.9268","0.9268","","",""
"2023-02-03","014923","202000036342","0.9163","0.9163","","",""
"2023-02-06","014923","202000036342","0.9038","0.9038","","",""
"2023-02-07","014923","202000036342","0.9070","0.9070","","",""
"2023-02-08","014923","202000036342","0.9034","0.9034","","",""
"2023-02-09","014923","202000036342","0.9203","0.9203","","",""
"2023-02-10","014923","202000036342","0.9111","0.9111","","",""
"2023-02-13","014923","202000036342","0.9222","0.9222","","",""
"2023-02-14","014923","202000036342","0.9208","0.9208","","",""
"2023-02-15","014923","202000036342","0.9144","0.9144","","",""
"2023-02-16","014923","202000036342","0.9150","0.9150","","",""
"2023-02-17","014923","202000036342","0.9009","0.9009","","",""
"2023-02-20","014923","202000036342","0.9184","0.9184","","",""
"2023-02-21","014923","202000036342","0.9136","0.9136","","",""
"2023-02-22","014923","202000036342","0.9056","0.9056","","",""
"2023-02-23","014923","202000036342","0.9077","0.9077","","",""
"2023-02-24","014923","202000036342","0.8950","0.8950","","",""
"2023-02-27","014923","202000036342","0.8990","0.8990","","",""
"2023-02-28","014923","202000036342","0.9022","0.9022","","",""
"2023-03-01","014923","202000036342","0.9201","0.9201","","",""
"2023-03-02","014923","202000036342","0.9133","0.9133","","",""
"2023-03-03","014923","202000036342","0.9150","0.9150","","",""
"2023-03-06","014923","202000036342","0.9225","0.9225","","",""
"2023-03-07","014923","202000036342","0.9083","0.9083","","",""
"2023-03-08","014923","202000036342","0.9047","0.9047","","",""
"2023-03-09","014923","202000036342","0.9009","0.9009","","",""
"2023-03-10","014923","202000036342","0.8900","0.8900","","",""
"2023-03-13","014923","202000036342","0.8984","0.8984","","",""
"2023-03-14","014923","202000036342","0.8884","0.8884","","",""
"2023-03-15","014923","202000036342","0.8906","0.8906","","",""
"2023-03-16","014923","202000036342","0.8732","0.8732","","",""
"2023-03-17","014923","202000036342","0.8726","0.8726","","",""
"2023-03-20","014923","202000036342","0.8651","0.8651","","",""
"2023-03-21","014923","202000036342","0.8786","0.8786","","",""
"2023-03-22","014923","202000036342","0.8838","0.8838","","",""
"2023-03-23","014923","202000036342","0.8918","0.8918","","",""
"2023-03-24","014923","202000036342","0.8853","0.8853","","",""
"2023-03-27","014923","202000036342","0.8835","0.8835","","",""
"2023-03-28","014923","202000036342","0.8852","0.8852","","",""
"2023-03-29","014923","202000036342","0.8918","0.8918","","",""
"2023-03-30","014923","202000036342","0.9037","0.9037","","",""
"2023-03-31","014923","202000036342","0.9047","0.9047","","",""
"2022-04-08","015102","202000036859","1.0008","1.0008","","",""
"2022-04-15","015102","202000036859","0.9985","0.9985","","",""
"2022-04-22","015102","202000036859","0.9933","0.9933","","",""
"2022-04-29","015102","202000036859","0.9939","0.9939","","",""
"2022-05-06","015102","202000036859","0.9872","0.9872","","",""
"2022-05-13","015102","202000036859","0.9897","0.9897","","",""
"2022-05-20","015102","202000036859","0.9954","0.9954","","",""
"2022-05-27","015102","202000036859","0.9908","0.9908","","",""
"2022-05-31","015102","202000036859","0.9951","0.9951","","",""
"2022-06-01","015102","202000036859","0.9951","0.9951","","",""
"2022-06-02","015102","202000036859","0.9972","0.9972","","",""
"2022-06-06","015102","202000036859","1.0046","1.0046","","",""
"2022-06-07","015102","202000036859","1.0037","1.0037","","",""
"2022-06-08","015102","202000036859","1.0057","1.0057","","",""
"2022-06-09","015102","202000036859","1.0010","1.0010","","",""
"2022-06-10","015102","202000036859","1.0065","1.0065","","",""
"2022-06-13","015102","202000036859","1.0060","1.0060","","",""
"2022-06-14","015102","202000036859","1.0048","1.0048","","",""
"2022-06-15","015102","202000036859","1.0047","1.0047","","",""
"2022-06-16","015102","202000036859","1.0057","1.0057","","",""
"2022-06-17","015102","202000036859","1.0153","1.0153","","",""
"2022-06-20","015102","202000036859","1.0149","1.0149","","",""
"2022-06-21","015102","202000036859","1.0117","1.0117","","",""
"2022-06-22","015102","202000036859","1.0107","1.0107","","",""
"2022-06-23","015102","202000036859","1.0164","1.0164","","",""
"2022-06-24","015102","202000036859","1.0211","1.0211","","",""
"2022-06-27","015102","202000036859","1.0251","1.0251","","",""
"2022-06-28","015102","202000036859","1.0307","1.0307","","",""
"2022-06-29","015102","202000036859","1.0186","1.0186","","",""
"2022-06-30","015102","202000036859","1.0282","1.0282","","",""
"2022-07-01","015102","202000036859","1.0251","1.0251","","",""
"2022-07-04","015102","202000036859","1.0302","1.0302","","",""
"2022-07-05","015102","202000036859","1.0339","1.0339","","",""
"2022-07-06","015102","202000036859","1.0255","1.0255","","",""
"2022-07-07","015102","202000036859","1.0363","1.0363","","",""
"2022-07-08","015102","202000036859","1.0332","1.0332","","",""
"2022-07-11","015102","202000036859","1.0184","1.0184","","",""
"2022-07-12","015102","202000036859","1.0106","1.0106","","",""
"2022-07-13","015102","202000036859","1.0228","1.0228","","",""
"2022-07-14","015102","202000036859","1.0380","1.0380","","",""
"2022-07-15","015102","202000036859","1.0309","1.0309","","",""
"2022-07-18","015102","202000036859","1.0500","1.0500","","",""
"2022-07-19","015102","202000036859","1.0418","1.0418","","",""
"2022-07-20","015102","202000036859","1.0482","1.0482","","",""
"2022-07-21","015102","202000036859","1.0378","1.0378","","",""
"2022-07-22","015102","202000036859","1.0370","1.0370","","",""
"2022-07-25","015102","202000036859","1.0195","1.0195","","",""
"2022-07-26","015102","202000036859","1.0292","1.0292","","",""
"2022-07-27","015102","202000036859","1.0306","1.0306","","",""
"2022-07-28","015102","202000036859","1.0266","1.0266","","",""
"2022-07-29","015102","202000036859","1.0293","1.0293","","",""
"2022-08-01","015102","202000036859","1.0424","1.0424","","",""
"2022-08-02","015102","202000036859","1.0284","1.0284","","",""
"2022-08-03","015102","202000036859","1.0112","1.0112","","",""
"2022-08-04","015102","202000036859","1.0076","1.0076","","",""
"2022-08-05","015102","202000036859","1.0089","1.0089","","",""
"2022-08-08","015102","202000036859","1.0175","1.0175","","",""
"2022-08-09","015102","202000036859","1.0244","1.0244","","",""
"2022-08-10","015102","202000036859","1.0194","1.0194","","",""
"2022-08-11","015102","202000036859","1.0235","1.0235","","",""
"2022-08-12","015102","202000036859","1.0183","1.0183","","",""
"2022-08-15","015102","202000036859","1.0320","1.0320","","",""
"2022-08-16","015102","202000036859","1.0407","1.0407","","",""
"2022-08-17","015102","202000036859","1.0433","1.0433","","",""
"2022-08-18","015102","202000036859","1.0491","1.0491","","",""
"2022-08-19","015102","202000036859","1.0292","1.0292","","",""
"2022-08-22","015102","202000036859","1.0359","1.0359","","",""
"2022-08-23","015102","202000036859","1.0381","1.0381","","",""
"2022-08-24","015102","202000036859","0.9998","0.9998","","",""
"2022-08-25","015102","202000036859","0.9968","0.9968","","",""
"2022-08-26","015102","202000036859","0.9905","0.9905","","",""
"2022-08-29","015102","202000036859","0.9924","0.9924","","",""
"2022-08-30","015102","202000036859","0.9832","0.9832","","",""
"2022-08-31","015102","202000036859","0.9474","0.9474","","",""
"2022-09-01","015102","202000036859","0.9458","0.9458","","",""
"2022-09-02","015102","202000036859","0.9440","0.9440","","",""
"2022-09-05","015102","202000036859","0.9527","0.9527","","",""
"2022-09-06","015102","202000036859","0.9723","0.9723","","",""
"2022-09-07","015102","202000036859","0.9913","0.9913","","",""
"2022-09-08","015102","202000036859","0.9776","0.9776","","",""
"2022-09-09","015102","202000036859","0.9781","0.9781","","",""
"2022-09-13","015102","202000036859","0.9847","0.9847","","",""
"2022-09-14","015102","202000036859","0.9717","0.9717","","",""
"2022-09-15","015102","202000036859","0.9352","0.9352","","",""
"2022-09-16","015102","202000036859","0.9194","0.9194","","",""
"2022-09-19","015102","202000036859","0.9186","0.9186","","",""
"2022-09-20","015102","202000036859","0.9343","0.9343","","",""
"2022-09-21","015102","202000036859","0.9263","0.9263","","",""
"2022-09-22","015102","202000036859","0.9255","0.9255","","",""
"2022-09-23","015102","202000036859","0.9107","0.9107","","",""
"2022-09-26","015102","202000036859","0.9213","0.9213","","",""
"2022-09-27","015102","202000036859","0.9310","0.9310","","",""
"2022-09-28","015102","202000036859","0.8980","0.8980","","",""
"2022-09-29","015102","202000036859","0.9044","0.9044","","",""
"2022-09-30","015102","202000036859","0.8774","0.8774","","",""
"2022-10-10","015102","202000036859","0.8518","0.8518","","",""
"2022-10-11","015102","202000036859","0.8653","0.8653","","",""
"2022-10-12","015102","202000036859","0.8982","0.8982","","",""
"2022-10-13","015102","202000036859","0.8943","0.8943","","",""
"2022-10-14","015102","202000036859","0.9071","0.9071","","",""
"2022-10-17","015102","202000036859","0.9042","0.9042","","",""
"2022-10-18","015102","202000036859","0.9116","0.9116","","",""
"2022-10-19","015102","202000036859","0.8993","0.8993","","",""
"2022-10-20","015102","202000036859","0.8795","0.8795","","",""
"2022-10-21","015102","202000036859","0.8864","0.8864","","",""
"2022-10-24","015102","202000036859","0.8709","0.8709","","",""
"2022-10-25","015102","202000036859","0.8769","0.8769","","",""
"2022-10-26","015102","202000036859","0.8780","0.8780","","",""
"2022-10-27","015102","202000036859","0.8639","0.8639","","",""
"2022-10-28","015102","202000036859","0.8336","0.8336","","",""
"2022-10-31","015102","202000036859","0.8382","0.8382","","",""
"2022-11-01","015102","202000036859","0.8699","0.8699","","",""
"2022-11-02","015102","202000036859","0.8900","0.8900","","",""
"2022-11-03","015102","202000036859","0.8878","0.8878","","",""
"2022-11-04","015102","202000036859","0.9193","0.9193","","",""
"2022-11-07","015102","202000036859","0.9159","0.9159","","",""
"2022-11-08","015102","202000036859","0.9131","0.9131","","",""
"2022-11-09","015102","202000036859","0.9053","0.9053","","",""
"2022-11-10","015102","202000036859","0.8887","0.8887","","",""
"2022-11-11","015102","202000036859","0.9096","0.9096","","",""
"2022-11-14","015102","202000036859","0.8926","0.8926","","",""
"2022-11-15","015102","202000036859","0.9183","0.9183","","",""
"2022-11-16","015102","202000036859","0.9095","0.9095","","",""
"2022-11-17","015102","202000036859","0.8967","0.8967","","",""
"2022-11-18","015102","202000036859","0.8967","0.8967","","",""
"2022-11-21","015102","202000036859","0.9081","0.9081","","",""
"2022-11-22","015102","202000036859","0.8954","0.8954","","",""
"2022-11-23","015102","202000036859","0.8972","0.8972","","",""
"2022-11-24","015102","202000036859","0.8981","0.8981","","",""
"2022-11-25","015102","202000036859","0.8797","0.8797","","",""
"2022-11-28","015102","202000036859","0.8761","0.8761","","",""
"2022-11-29","015102","202000036859","0.8845","0.8845","","",""
"2022-11-30","015102","202000036859","0.8933","0.8933","","",""
"2022-12-01","015102","202000036859","0.9049","0.9049","","",""
"2022-12-02","015102","202000036859","0.8989","0.8989","","",""
"2022-12-05","015102","202000036859","0.9017","0.9017","","",""
"2022-12-06","015102","202000036859","0.9038","0.9038","","",""
"2022-12-07","015102","202000036859","0.8986","0.8986","","",""
"2022-12-08","015102","202000036859","0.8964","0.8964","","",""
"2022-12-09","015102","202000036859","0.8961","0.8961","","",""
"2022-12-12","015102","202000036859","0.8897","0.8897","","",""
"2022-12-13","015102","202000036859","0.8778","0.8778","","",""
"2022-12-14","015102","202000036859","0.8752","0.8752","","",""
"2022-12-15","015102","202000036859","0.8870","0.8870","","",""
"2022-12-16","015102","202000036859","0.8741","0.8741","","",""
"2022-12-19","015102","202000036859","0.8705","0.8705","","",""
"2022-12-20","015102","202000036859","0.8629","0.8629","","",""
"2022-12-21","015102","202000036859","0.8561","0.8561","","",""
"2022-12-22","015102","202000036859","0.8481","0.8481","","",""
"2022-12-23","015102","202000036859","0.8388","0.8388","","",""
"2022-12-26","015102","202000036859","0.8625","0.8625","","",""
"2022-12-27","015102","202000036859","0.8699","0.8699","","",""
"2022-12-28","015102","202000036859","0.8657","0.8657","","",""
"2022-12-29","015102","202000036859","0.8658","0.8658","","",""
"2022-12-30","015102","202000036859","0.8646","0.8646","","",""
"2022-12-31","015102","202000036859","0.8646","0.8646","","",""
"2023-01-03","015102","202000036859","0.8818","0.8818","","",""
"2023-01-04","015102","202000036859","0.8718","0.8718","","",""
"2023-01-05","015102","202000036859","0.8858","0.8858","","",""
"2023-01-06","015102","202000036859","0.8982","0.8982","","",""
"2023-01-09","015102","202000036859","0.9142","0.9142","","",""
"2023-01-10","015102","202000036859","0.9155","0.9155","","",""
"2023-01-11","015102","202000036859","0.9065","0.9065","","",""
"2023-01-12","015102","202000036859","0.9115","0.9115","","",""
"2023-01-13","015102","202000036859","0.9089","0.9089","","",""
"2023-01-16","015102","202000036859","0.9098","0.9098","","",""
"2023-01-17","015102","202000036859","0.9132","0.9132","","",""
"2023-01-18","015102","202000036859","0.9142","0.9142","","",""
"2023-01-19","015102","202000036859","0.9221","0.9221","","",""
"2023-01-20","015102","202000036859","0.9314","0.9314","","",""
"2023-01-30","015102","202000036859","0.9407","0.9407","","",""
"2023-01-31","015102","202000036859","0.9413","0.9413","","",""
"2023-02-01","015102","202000036859","0.9555","0.9555","","",""
"2023-02-02","015102","202000036859","0.9556","0.9556","","",""
"2023-02-03","015102","202000036859","0.9532","0.9532","","",""
"2023-02-06","015102","202000036859","0.9432","0.9432","","",""
"2023-02-07","015102","202000036859","0.9437","0.9437","","",""
"2023-02-08","015102","202000036859","0.9399","0.9399","","",""
"2023-02-09","015102","202000036859","0.9539","0.9539","","",""
"2023-02-10","015102","202000036859","0.9417","0.9417","","",""
"2023-02-13","015102","202000036859","0.9559","0.9559","","",""
"2023-02-14","015102","202000036859","0.9567","0.9567","","",""
"2023-02-15","015102","202000036859","0.9558","0.9558","","",""
"2023-02-16","015102","202000036859","0.9460","0.9460","","",""
"2023-02-17","015102","202000036859","0.9321","0.9321","","",""
"2023-02-20","015102","202000036859","0.9427","0.9427","","",""
"2023-02-21","015102","202000036859","0.9443","0.9443","","",""
"2023-02-22","015102","202000036859","0.9408","0.9408","","",""
"2023-02-23","015102","202000036859","0.9477","0.9477","","",""
"2023-02-24","015102","202000036859","0.9376","0.9376","","",""
"2023-02-27","015102","202000036859","0.9344","0.9344","","",""
"2023-02-28","015102","202000036859","0.9361","0.9361","","",""
"2023-03-01","015102","202000036859","0.9490","0.9490","","",""
"2023-03-02","015102","202000036859","0.9384","0.9384","","",""
"2023-03-03","015102","202000036859","0.9389","0.9389","","",""
"2023-03-06","015102","202000036859","0.9398","0.9398","","",""
"2023-03-07","015102","202000036859","0.9244","0.9244","","",""
"2023-03-08","015102","202000036859","0.9196","0.9196","","",""
"2023-03-09","015102","202000036859","0.9142","0.9142","","",""
"2023-03-10","015102","202000036859","0.9006","0.9006","","",""
"2023-03-13","015102","202000036859","0.9062","0.9062","","",""
"2023-03-14","015102","202000036859","0.8928","0.8928","","",""
"2023-03-15","015102","202000036859","0.8911","0.8911","","",""
"2023-03-16","015102","202000036859","0.8734","0.8734","","",""
"2023-03-17","015102","202000036859","0.8717","0.8717","","",""
"2023-03-20","015102","202000036859","0.8676","0.8676","","",""
"2023-03-21","015102","202000036859","0.8845","0.8845","","",""
"2023-03-22","015102","202000036859","0.8880","0.8880","","",""
"2023-03-23","015102","202000036859","0.8891","0.8891","","",""
"2023-03-24","015102","202000036859","0.8883","0.8883","","",""
"2023-03-27","015102","202000036859","0.8906","0.8906","","",""
"2023-03-28","015102","202000036859","0.8830","0.8830","","",""
"2023-03-29","015102","202000036859","0.8871","0.8871","","",""
"2023-03-30","015102","202000036859","0.8875","0.8875","","",""
"2023-03-31","015102","202000036859","0.8979","0.8979","","",""
"2022-04-08","015103","202000036858","1.0003","1.0003","","",""
"2022-04-15","015103","202000036858","0.9979","0.9979","","",""
"2022-04-22","015103","202000036858","0.9926","0.9926","","",""
"2022-04-29","015103","202000036858","0.9931","0.9931","","",""
"2022-05-06","015103","202000036858","0.9863","0.9863","","",""
"2022-05-13","015103","202000036858","0.9887","0.9887","","",""
"2022-05-20","015103","202000036858","0.9943","0.9943","","",""
"2022-05-27","015103","202000036858","0.9897","0.9897","","",""
"2022-05-31","015103","202000036858","0.9939","0.9939","","",""
"2022-06-01","015103","202000036858","0.9939","0.9939","","",""
"2022-06-02","015103","202000036858","0.9960","0.9960","","",""
"2022-06-06","015103","202000036858","1.0033","1.0033","","",""
"2022-06-07","015103","202000036858","1.0024","1.0024","","",""
"2022-06-08","015103","202000036858","1.0044","1.0044","","",""
"2022-06-09","015103","202000036858","0.9996","0.9996","","",""
"2022-06-10","015103","202000036858","1.0051","1.0051","","",""
"2022-06-13","015103","202000036858","1.0045","1.0045","","",""
"2022-06-14","015103","202000036858","1.0033","1.0033","","",""
"2022-06-15","015103","202000036858","1.0032","1.0032","","",""
"2022-06-16","015103","202000036858","1.0042","1.0042","","",""
"2022-06-17","015103","202000036858","1.0138","1.0138","","",""
"2022-06-20","015103","202000036858","1.0134","1.0134","","",""
"2022-06-21","015103","202000036858","1.0102","1.0102","","",""
"2022-06-22","015103","202000036858","1.0092","1.0092","","",""
"2022-06-23","015103","202000036858","1.0149","1.0149","","",""
"2022-06-24","015103","202000036858","1.0195","1.0195","","",""
"2022-06-27","015103","202000036858","1.0235","1.0235","","",""
"2022-06-28","015103","202000036858","1.0290","1.0290","","",""
"2022-06-29","015103","202000036858","1.0169","1.0169","","",""
"2022-06-30","015103","202000036858","1.0265","1.0265","","",""
"2022-07-01","015103","202000036858","1.0234","1.0234","","",""
"2022-07-04","015103","202000036858","1.0284","1.0284","","",""
"2022-07-05","015103","202000036858","1.0321","1.0321","","",""
"2022-07-06","015103","202000036858","1.0238","1.0238","","",""
"2022-07-07","015103","202000036858","1.0345","1.0345","","",""
"2022-07-08","015103","202000036858","1.0314","1.0314","","",""
"2022-07-11","015103","202000036858","1.0166","1.0166","","",""
"2022-07-12","015103","202000036858","1.0088","1.0088","","",""
"2022-07-13","015103","202000036858","1.0209","1.0209","","",""
"2022-07-14","015103","202000036858","1.0361","1.0361","","",""
"2022-07-15","015103","202000036858","1.0290","1.0290","","",""
"2022-07-18","015103","202000036858","1.0480","1.0480","","",""
"2022-07-19","015103","202000036858","1.0398","1.0398","","",""
"2022-07-20","015103","202000036858","1.0462","1.0462","","",""
"2022-07-21","015103","202000036858","1.0358","1.0358","","",""
"2022-07-22","015103","202000036858","1.0350","1.0350","","",""
"2022-07-25","015103","202000036858","1.0174","1.0174","","",""
"2022-07-26","015103","202000036858","1.0271","1.0271","","",""
"2022-07-27","015103","202000036858","1.0286","1.0286","","",""
"2022-07-28","015103","202000036858","1.0246","1.0246","","",""
"2022-07-29","015103","202000036858","1.0272","1.0272","","",""
"2022-08-01","015103","202000036858","1.0402","1.0402","","",""
"2022-08-02","015103","202000036858","1.0262","1.0262","","",""
"2022-08-03","015103","202000036858","1.0091","1.0091","","",""
"2022-08-04","015103","202000036858","1.0054","1.0054","","",""
"2022-08-05","015103","202000036858","1.0068","1.0068","","",""
"2022-08-08","015103","202000036858","1.0153","1.0153","","",""
"2022-08-09","015103","202000036858","1.0222","1.0222","","",""
"2022-08-10","015103","202000036858","1.0172","1.0172","","",""
"2022-08-11","015103","202000036858","1.0213","1.0213","","",""
"2022-08-12","015103","202000036858","1.0160","1.0160","","",""
"2022-08-15","015103","202000036858","1.0297","1.0297","","",""
"2022-08-16","015103","202000036858","1.0383","1.0383","","",""
"2022-08-17","015103","202000036858","1.0409","1.0409","","",""
"2022-08-18","015103","202000036858","1.0467","1.0467","","",""
"2022-08-19","015103","202000036858","1.0268","1.0268","","",""
"2022-08-22","015103","202000036858","1.0334","1.0334","","",""
"2022-08-23","015103","202000036858","1.0356","1.0356","","",""
"2022-08-24","015103","202000036858","0.9974","0.9974","","",""
"2022-08-25","015103","202000036858","0.9944","0.9944","","",""
"2022-08-26","015103","202000036858","0.9881","0.9881","","",""
"2022-08-29","015103","202000036858","0.9899","0.9899","","",""
"2022-08-30","015103","202000036858","0.9808","0.9808","","",""
"2022-08-31","015103","202000036858","0.9451","0.9451","","",""
"2022-09-01","015103","202000036858","0.9434","0.9434","","",""
"2022-09-02","015103","202000036858","0.9416","0.9416","","",""
"2022-09-05","015103","202000036858","0.9503","0.9503","","",""
"2022-09-06","015103","202000036858","0.9698","0.9698","","",""
"2022-09-07","015103","202000036858","0.9887","0.9887","","",""
"2022-09-08","015103","202000036858","0.9751","0.9751","","",""
"2022-09-09","015103","202000036858","0.9755","0.9755","","",""
"2022-09-13","015103","202000036858","0.9820","0.9820","","",""
"2022-09-14","015103","202000036858","0.9691","0.9691","","",""
"2022-09-15","015103","202000036858","0.9327","0.9327","","",""
"2022-09-16","015103","202000036858","0.9169","0.9169","","",""
"2022-09-19","015103","202000036858","0.9161","0.9161","","",""
"2022-09-20","015103","202000036858","0.9317","0.9317","","",""
"2022-09-21","015103","202000036858","0.9238","0.9238","","",""
"2022-09-22","015103","202000036858","0.9229","0.9229","","",""
"2022-09-23","015103","202000036858","0.9082","0.9082","","",""
"2022-09-26","015103","202000036858","0.9187","0.9187","","",""
"2022-09-27","015103","202000036858","0.9283","0.9283","","",""
"2022-09-28","015103","202000036858","0.8954","0.8954","","",""
"2022-09-29","015103","202000036858","0.9018","0.9018","","",""
"2022-09-30","015103","202000036858","0.8749","0.8749","","",""
"2022-10-10","015103","202000036858","0.8492","0.8492","","",""
"2022-10-11","015103","202000036858","0.8627","0.8627","","",""
"2022-10-12","015103","202000036858","0.8955","0.8955","","",""
"2022-10-13","015103","202000036858","0.8915","0.8915","","",""
"2022-10-14","015103","202000036858","0.9043","0.9043","","",""
"2022-10-17","015103","202000036858","0.9013","0.9013","","",""
"2022-10-18","015103","202000036858","0.9087","0.9087","","",""
"2022-10-19","015103","202000036858","0.8965","0.8965","","",""
"2022-10-20","015103","202000036858","0.8767","0.8767","","",""
"2022-10-21","015103","202000036858","0.8836","0.8836","","",""
"2022-10-24","015103","202000036858","0.8681","0.8681","","",""
"2022-10-25","015103","202000036858","0.8741","0.8741","","",""
"2022-10-26","015103","202000036858","0.8751","0.8751","","",""
"2022-10-27","015103","202000036858","0.8611","0.8611","","",""
"2022-10-28","015103","202000036858","0.8308","0.8308","","",""
"2022-10-31","015103","202000036858","0.8354","0.8354","","",""
"2022-11-01","015103","202000036858","0.8670","0.8670","","",""
"2022-11-02","015103","202000036858","0.8870","0.8870","","",""
"2022-11-03","015103","202000036858","0.8848","0.8848","","",""
"2022-11-04","015103","202000036858","0.9162","0.9162","","",""
"2022-11-07","015103","202000036858","0.9128","0.9128","","",""
"2022-11-08","015103","202000036858","0.9099","0.9099","","",""
"2022-11-09","015103","202000036858","0.9021","0.9021","","",""
"2022-11-10","015103","202000036858","0.8856","0.8856","","",""
"2022-11-11","015103","202000036858","0.9064","0.9064","","",""
"2022-11-14","015103","202000036858","0.8895","0.8895","","",""
"2022-11-15","015103","202000036858","0.9150","0.9150","","",""
"2022-11-16","015103","202000036858","0.9062","0.9062","","",""
"2022-11-17","015103","202000036858","0.8935","0.8935","","",""
"2022-11-18","015103","202000036858","0.8935","0.8935","","",""
"2022-11-21","015103","202000036858","0.9048","0.9048","","",""
"2022-11-22","015103","202000036858","0.8921","0.8921","","",""
"2022-11-23","015103","202000036858","0.8939","0.8939","","",""
"2022-11-24","015103","202000036858","0.8948","0.8948","","",""
"2022-11-25","015103","202000036858","0.8765","0.8765","","",""
"2022-11-28","015103","202000036858","0.8728","0.8728","","",""
"2022-11-29","015103","202000036858","0.8812","0.8812","","",""
"2022-11-30","015103","202000036858","0.8900","0.8900","","",""
"2022-12-01","015103","202000036858","0.9015","0.9015","","",""
"2022-12-02","015103","202000036858","0.8955","0.8955","","",""
"2022-12-05","015103","202000036858","0.8983","0.8983","","",""
"2022-12-06","015103","202000036858","0.9004","0.9004","","",""
"2022-12-07","015103","202000036858","0.8952","0.8952","","",""
"2022-12-08","015103","202000036858","0.8930","0.8930","","",""
"2022-12-09","015103","202000036858","0.8927","0.8927","","",""
"2022-12-12","015103","202000036858","0.8862","0.8862","","",""
"2022-12-13","015103","202000036858","0.8743","0.8743","","",""
"2022-12-14","015103","202000036858","0.8718","0.8718","","",""
"2022-12-15","015103","202000036858","0.8835","0.8835","","",""
"2022-12-16","015103","202000036858","0.8706","0.8706","","",""
"2022-12-19","015103","202000036858","0.8670","0.8670","","",""
"2022-12-20","015103","202000036858","0.8595","0.8595","","",""
"2022-12-21","015103","202000036858","0.8527","0.8527","","",""
"2022-12-22","015103","202000036858","0.8447","0.8447","","",""
"2022-12-23","015103","202000036858","0.8354","0.8354","","",""
"2022-12-26","015103","202000036858","0.8590","0.8590","","",""
"2022-12-27","015103","202000036858","0.8663","0.8663","","",""
"2022-12-28","015103","202000036858","0.8621","0.8621","","",""
"2022-12-29","015103","202000036858","0.8622","0.8622","","",""
"2022-12-30","015103","202000036858","0.8610","0.8610","","",""
"2022-12-31","015103","202000036858","0.8610","0.8610","","",""
"2023-01-03","015103","202000036858","0.8780","0.8780","","",""
"2023-01-04","015103","202000036858","0.8681","0.8681","","",""
"2023-01-05","015103","202000036858","0.8820","0.8820","","",""
"2023-01-06","015103","202000036858","0.8944","0.8944","","",""
"2023-01-09","015103","202000036858","0.9102","0.9102","","",""
"2023-01-10","015103","202000036858","0.9116","0.9116","","",""
"2023-01-11","015103","202000036858","0.9026","0.9026","","",""
"2023-01-12","015103","202000036858","0.9075","0.9075","","",""
"2023-01-13","015103","202000036858","0.9050","0.9050","","",""
"2023-01-16","015103","202000036858","0.9058","0.9058","","",""
"2023-01-17","015103","202000036858","0.9092","0.9092","","",""
"2023-01-18","015103","202000036858","0.9102","0.9102","","",""
"2023-01-19","015103","202000036858","0.9180","0.9180","","",""
"2023-01-20","015103","202000036858","0.9272","0.9272","","",""
"2023-01-30","015103","202000036858","0.9364","0.9364","","",""
"2023-01-31","015103","202000036858","0.9370","0.9370","","",""
"2023-02-01","015103","202000036858","0.9511","0.9511","","",""
"2023-02-02","015103","202000036858","0.9512","0.9512","","",""
"2023-02-03","015103","202000036858","0.9488","0.9488","","",""
"2023-02-06","015103","202000036858","0.9388","0.9388","","",""
"2023-02-07","015103","202000036858","0.9393","0.9393","","",""
"2023-02-08","015103","202000036858","0.9355","0.9355","","",""
"2023-02-09","015103","202000036858","0.9494","0.9494","","",""
"2023-02-10","015103","202000036858","0.9372","0.9372","","",""
"2023-02-13","015103","202000036858","0.9514","0.9514","","",""
"2023-02-14","015103","202000036858","0.9521","0.9521","","",""
"2023-02-15","015103","202000036858","0.9512","0.9512","","",""
"2023-02-16","015103","202000036858","0.9415","0.9415","","",""
"2023-02-17","015103","202000036858","0.9276","0.9276","","",""
"2023-02-20","015103","202000036858","0.9381","0.9381","","",""
"2023-02-21","015103","202000036858","0.9397","0.9397","","",""
"2023-02-22","015103","202000036858","0.9362","0.9362","","",""
"2023-02-23","015103","202000036858","0.9431","0.9431","","",""
"2023-02-24","015103","202000036858","0.9330","0.9330","","",""
"2023-02-27","015103","202000036858","0.9297","0.9297","","",""
"2023-02-28","015103","202000036858","0.9314","0.9314","","",""
"2023-03-01","015103","202000036858","0.9443","0.9443","","",""
"2023-03-02","015103","202000036858","0.9338","0.9338","","",""
"2023-03-03","015103","202000036858","0.9342","0.9342","","",""
"2023-03-06","015103","202000036858","0.9351","0.9351","","",""
"2023-03-07","015103","202000036858","0.9198","0.9198","","",""
"2023-03-08","015103","202000036858","0.9149","0.9149","","",""
"2023-03-09","015103","202000036858","0.9095","0.9095","","",""
"2023-03-10","015103","202000036858","0.8960","0.8960","","",""
"2023-03-13","015103","202000036858","0.9016","0.9016","","",""
"2023-03-14","015103","202000036858","0.8882","0.8882","","",""
"2023-03-15","015103","202000036858","0.8865","0.8865","","",""
"2023-03-16","015103","202000036858","0.8689","0.8689","","",""
"2023-03-17","015103","202000036858","0.8672","0.8672","","",""
"2023-03-20","015103","202000036858","0.8630","0.8630","","",""
"2023-03-21","015103","202000036858","0.8798","0.8798","","",""
"2023-03-22","015103","202000036858","0.8833","0.8833","","",""
"2023-03-23","015103","202000036858","0.8844","0.8844","","",""
"2023-03-24","015103","202000036858","0.8836","0.8836","","",""
"2023-03-27","015103","202000036858","0.8858","0.8858","","",""
"2023-03-28","015103","202000036858","0.8783","0.8783","","",""
"2023-03-29","015103","202000036858","0.8823","0.8823","","",""
"2023-03-30","015103","202000036858","0.8827","0.8827","","",""
"2023-03-31","015103","202000036858","0.8931","0.8931","","",""
"2022-06-24","015780","202000039650","1.0000","1.0000","","",""
"2022-06-30","015780","202000039650","1.0034","1.0034","","",""
"2022-07-01","015780","202000039650","1.0022","1.0022","","",""
"2022-07-08","015780","202000039650","0.9974","0.9974","","",""
"2022-07-15","015780","202000039650","0.9849","0.9849","","",""
"2022-07-22","015780","202000039650","0.9905","0.9905","","",""
"2022-07-27","015780","202000039650","0.9885","0.9885","","",""
"2022-07-28","015780","202000039650","0.9891","0.9891","","",""
"2022-07-29","015780","202000039650","0.9852","0.9852","","",""
"2022-08-01","015780","202000039650","0.9844","0.9844","","",""
"2022-08-02","015780","202000039650","0.9798","0.9798","","",""
"2022-08-03","015780","202000039650","0.9794","0.9794","","",""
"2022-08-04","015780","202000039650","0.9824","0.9824","","",""
"2022-08-05","015780","202000039650","0.9893","0.9893","","",""
"2022-08-08","015780","202000039650","0.9923","0.9923","","",""
"2022-08-09","015780","202000039650","0.9923","0.9923","","",""
"2022-08-10","015780","202000039650","0.9889","0.9889","","",""
"2022-08-11","015780","202000039650","1.0028","1.0028","","",""
"2022-08-12","015780","202000039650","1.0031","1.0031","","",""
"2022-08-15","015780","202000039650","0.9999","0.9999","","",""
"2022-08-16","015780","202000039650","1.0027","1.0027","","",""
"2022-08-17","015780","202000039650","1.0072","1.0072","","",""
"2022-08-18","015780","202000039650","1.0071","1.0071","","",""
"2022-08-19","015780","202000039650","1.0103","1.0103","","",""
"2022-08-22","015780","202000039650","1.0165","1.0165","","",""
"2022-08-23","015780","202000039650","1.0153","1.0153","","",""
"2022-08-24","015780","202000039650","0.9976","0.9976","","",""
"2022-08-25","015780","202000039650","1.0062","1.0062","","",""
"2022-08-26","015780","202000039650","1.0082","1.0082","","",""
"2022-08-29","015780","202000039650","1.0149","1.0149","","",""
"2022-08-30","015780","202000039650","1.0135","1.0135","","",""
"2022-08-31","015780","202000039650","1.0115","1.0115","","",""
"2022-09-01","015780","202000039650","1.0093","1.0093","","",""
"2022-09-02","015780","202000039650","1.0059","1.0059","","",""
"2022-09-05","015780","202000039650","1.0013","1.0013","","",""
"2022-09-06","015780","202000039650","1.0088","1.0088","","",""
"2022-09-07","015780","202000039650","1.0082","1.0082","","",""
"2022-09-08","015780","202000039650","1.0089","1.0089","","",""
"2022-09-09","015780","202000039650","1.0202","1.0202","","",""
"2022-09-13","015780","202000039650","1.0235","1.0235","","",""
"2022-09-14","015780","202000039650","1.0203","1.0203","","",""
"2022-09-15","015780","202000039650","1.0183","1.0183","","",""
"2022-09-16","015780","202000039650","1.0081","1.0081","","",""
"2022-09-19","015780","202000039650","1.0016","1.0016","","",""
"2022-09-20","015780","202000039650","0.9978","0.9978","","",""
"2022-09-21","015780","202000039650","0.9913","0.9913","","",""
"2022-09-22","015780","202000039650","0.9878","0.9878","","",""
"2022-09-23","015780","202000039650","0.9812","0.9812","","",""
"2022-09-26","015780","202000039650","0.9797","0.9797","","",""
"2022-09-27","015780","202000039650","0.9964","0.9964","","",""
"2022-09-28","015780","202000039650","0.9838","0.9838","","",""
"2022-09-29","015780","202000039650","0.9839","0.9839","","",""
"2022-09-30","015780","202000039650","0.9890","0.9890","","",""
"2022-10-10","015780","202000039650","0.9770","0.9770","","",""
"2022-10-11","015780","202000039650","0.9644","0.9644","","",""
"2022-10-12","015780","202000039650","0.9766","0.9766","","",""
"2022-10-13","015780","202000039650","0.9781","0.9781","","",""
"2022-10-14","015780","202000039650","0.9896","0.9896","","",""
"2022-10-17","015780","202000039650","0.9944","0.9944","","",""
"2022-10-18","015780","202000039650","0.9947","0.9947","","",""
"2022-10-19","015780","202000039650","0.9829","0.9829","","",""
"2022-10-20","015780","202000039650","0.9784","0.9784","","",""
"2022-10-21","015780","202000039650","0.9755","0.9755","","",""
"2022-10-24","015780","202000039650","0.9560","0.9560","","",""
"2022-10-25","015780","202000039650","0.9488","0.9488","","",""
"2022-10-26","015780","202000039650","0.9579","0.9579","","",""
"2022-10-27","015780","202000039650","0.9549","0.9549","","",""
"2022-10-28","015780","202000039650","0.9281","0.9281","","",""
"2022-10-31","015780","202000039650","0.9253","0.9253","","",""
"2022-11-01","015780","202000039650","0.9487","0.9487","","",""
"2022-11-02","015780","202000039650","0.9616","0.9616","","",""
"2022-11-03","015780","202000039650","0.9535","0.9535","","",""
"2022-11-04","015780","202000039650","0.9732","0.9732","","",""
"2022-11-07","015780","202000039650","0.9797","0.9797","","",""
"2022-11-08","015780","202000039650","0.9757","0.9757","","",""
"2022-11-09","015780","202000039650","0.9740","0.9740","","",""
"2022-11-10","015780","202000039650","0.9683","0.9683","","",""
"2022-11-11","015780","202000039650","0.9956","0.9956","","",""
"2022-11-14","015780","202000039650","0.9950","0.9950","","",""
"2022-11-15","015780","202000039650","1.0172","1.0172","","",""
"2022-11-16","015780","202000039650","1.0096","1.0096","","",""
"2022-11-17","015780","202000039650","1.0098","1.0098","","",""
"2022-11-18","015780","202000039650","1.0144","1.0144","","",""
"2022-11-21","015780","202000039650","1.0092","1.0092","","",""
"2022-11-22","015780","202000039650","1.0060","1.0060","","",""
"2022-11-23","015780","202000039650","0.9980","0.9980","","",""
"2022-11-24","015780","202000039650","1.0034","1.0034","","",""
"2022-11-25","015780","202000039650","1.0099","1.0099","","",""
"2022-11-28","015780","202000039650","1.0031","1.0031","","",""
"2022-11-29","015780","202000039650","1.0352","1.0352","","",""
"2022-11-30","015780","202000039650","1.0365","1.0365","","",""
"2022-12-01","015780","202000039650","1.0478","1.0478","","",""
"2022-12-02","015780","202000039650","1.0387","1.0387","","",""
"2022-12-05","015780","202000039650","1.0684","1.0684","","",""
"2022-12-06","015780","202000039650","1.0682","1.0682","","",""
"2022-12-07","015780","202000039650","1.0560","1.0560","","",""
"2022-12-08","015780","202000039650","1.0648","1.0648","","",""
"2022-12-09","015780","202000039650","1.0779","1.0779","","",""
"2022-12-12","015780","202000039650","1.0680","1.0680","","",""
"2022-12-13","015780","202000039650","1.0667","1.0667","","",""
"2022-12-14","015780","202000039650","1.0654","1.0654","","",""
"2022-12-15","015780","202000039650","1.0602","1.0602","","",""
"2022-12-16","015780","202000039650","1.0605","1.0605","","",""
"2022-12-19","015780","202000039650","1.0434","1.0434","","",""
"2022-12-20","015780","202000039650","1.0309","1.0309","","",""
"2022-12-21","015780","202000039650","1.0306","1.0306","","",""
"2022-12-22","015780","202000039650","1.0333","1.0333","","",""
"2022-12-23","015780","202000039650","1.0313","1.0313","","",""
"2022-12-26","015780","202000039650","1.0388","1.0388","","",""
"2022-12-27","015780","202000039650","1.0420","1.0420","","",""
"2022-12-28","015780","202000039650","1.0370","1.0370","","",""
"2022-12-29","015780","202000039650","1.0314","1.0314","","",""
"2022-12-30","015780","202000039650","1.0340","1.0340","","",""
"2022-12-31","015780","202000039650","1.0339","1.0339","","",""
"2023-01-03","015780","202000039650","1.0371","1.0371","","",""
"2023-01-04","015780","202000039650","1.0442","1.0442","","",""
"2023-01-05","015780","202000039650","1.0513","1.0513","","",""
"2023-01-06","015780","202000039650","1.0464","1.0464","","",""
"2023-01-09","015780","202000039650","1.0502","1.0502","","",""
"2023-01-10","015780","202000039650","1.0480","1.0480","","",""
"2023-01-11","015780","202000039650","1.0460","1.0460","","",""
"2023-01-12","015780","202000039650","1.0453","1.0453","","",""
"2023-01-13","015780","202000039650","1.0533","1.0533","","",""
"2023-01-16","015780","202000039650","1.0584","1.0584","","",""
"2023-01-17","015780","202000039650","1.0578","1.0578","","",""
"2023-01-18","015780","202000039650","1.0574","1.0574","","",""
"2023-01-19","015780","202000039650","1.0627","1.0627","","",""
"2023-01-20","015780","202000039650","1.0693","1.0693","","",""
"2023-01-30","015780","202000039650","1.0702","1.0702","","",""
"2023-01-31","015780","202000039650","1.0709","1.0709","","",""
"2023-02-01","015780","202000039650","1.0801","1.0801","","",""
"2023-02-02","015780","202000039650","1.0804","1.0804","","",""
"2023-02-03","015780","202000039650","1.0760","1.0760","","",""
"2023-02-06","015780","202000039650","1.0663","1.0663","","",""
"2023-02-07","015780","202000039650","1.0709","1.0709","","",""
"2023-02-08","015780","202000039650","1.0670","1.0670","","",""
"2023-02-09","015780","202000039650","1.0814","1.0814","","",""
"2023-02-10","015780","202000039650","1.0764","1.0764","","",""
"2023-02-13","015780","202000039650","1.0897","1.0897","","",""
"2023-02-14","015780","202000039650","1.0905","1.0905","","",""
"2023-02-15","015780","202000039650","1.0881","1.0881","","",""
"2023-02-16","015780","202000039650","1.0873","1.0873","","",""
"2023-02-17","015780","202000039650","1.0799","1.0799","","",""
"2023-02-20","015780","202000039650","1.1085","1.1085","","",""
"2023-02-21","015780","202000039650","1.1044","1.1044","","",""
"2023-02-22","015780","202000039650","1.1065","1.1065","","",""
"2023-02-23","015780","202000039650","1.1066","1.1066","","",""
"2023-02-24","015780","202000039650","1.0928","1.0928","","",""
"2023-02-27","015780","202000039650","1.0989","1.0989","","",""
"2023-02-28","015780","202000039650","1.1032","1.1032","","",""
"2023-03-01","015780","202000039650","1.1171","1.1171","","",""
"2023-03-02","015780","202000039650","1.1158","1.1158","","",""
"2023-03-03","015780","202000039650","1.1146","1.1146","","",""
"2023-03-06","015780","202000039650","1.1115","1.1115","","",""
"2023-03-07","015780","202000039650","1.0884","1.0884","","",""
"2023-03-08","015780","202000039650","1.0862","1.0862","","",""
"2023-03-09","015780","202000039650","1.0914","1.0914","","",""
"2023-03-10","015780","202000039650","1.0749","1.0749","","",""
"2023-03-13","015780","202000039650","1.0888","1.0888","","",""
"2023-03-14","015780","202000039650","1.0702","1.0702","","",""
"2023-03-15","015780","202000039650","1.0779","1.0779","","",""
"2023-03-16","015780","202000039650","1.0673","1.0673","","",""
"2023-03-17","015780","202000039650","1.0785","1.0785","","",""
"2023-03-20","015780","202000039650","1.0634","1.0634","","",""
"2023-03-21","015780","202000039650","1.0706","1.0706","","",""
"2023-03-22","015780","202000039650","1.0806","1.0806","","",""
"2023-03-23","015780","202000039650","1.0923","1.0923","","",""
"2023-03-24","015780","202000039650","1.0790","1.0790","","",""
"2023-03-27","015780","202000039650","1.0663","1.0663","","",""
"2023-03-28","015780","202000039650","1.0618","1.0618","","",""
"2023-03-29","015780","202000039650","1.0614","1.0614","","",""
"2023-03-30","015780","202000039650","1.0670","1.0670","","",""
"2023-03-31","015780","202000039650","1.0653","1.0653","","",""
"2022-06-24","015781","202000039651","1.0000","1.0000","","",""
"2022-06-30","015781","202000039651","1.0033","1.0033","","",""
"2022-07-01","015781","202000039651","1.0021","1.0021","","",""
"2022-07-08","015781","202000039651","0.9972","0.9972","","",""
"2022-07-15","015781","202000039651","0.9845","0.9845","","",""
"2022-07-22","015781","202000039651","0.9900","0.9900","","",""
"2022-07-27","015781","202000039651","0.9880","0.9880","","",""
"2022-07-28","015781","202000039651","0.9886","0.9886","","",""
"2022-07-29","015781","202000039651","0.9846","0.9846","","",""
"2022-08-01","015781","202000039651","0.9838","0.9838","","",""
"2022-08-02","015781","202000039651","0.9792","0.9792","","",""
"2022-08-03","015781","202000039651","0.9787","0.9787","","",""
"2022-08-04","015781","202000039651","0.9817","0.9817","","",""
"2022-08-05","015781","202000039651","0.9886","0.9886","","",""
"2022-08-08","015781","202000039651","0.9915","0.9915","","",""
"2022-08-09","015781","202000039651","0.9915","0.9915","","",""
"2022-08-10","015781","202000039651","0.9882","0.9882","","",""
"2022-08-11","015781","202000039651","1.0020","1.0020","","",""
"2022-08-12","015781","202000039651","1.0023","1.0023","","",""
"2022-08-15","015781","202000039651","0.9990","0.9990","","",""
"2022-08-16","015781","202000039651","1.0018","1.0018","","",""
"2022-08-17","015781","202000039651","1.0063","1.0063","","",""
"2022-08-18","015781","202000039651","1.0062","1.0062","","",""
"2022-08-19","015781","202000039651","1.0094","1.0094","","",""
"2022-08-22","015781","202000039651","1.0156","1.0156","","",""
"2022-08-23","015781","202000039651","1.0143","1.0143","","",""
"2022-08-24","015781","202000039651","0.9966","0.9966","","",""
"2022-08-25","015781","202000039651","1.0052","1.0052","","",""
"2022-08-26","015781","202000039651","1.0071","1.0071","","",""
"2022-08-29","015781","202000039651","1.0138","1.0138","","",""
"2022-08-30","015781","202000039651","1.0123","1.0123","","",""
"2022-08-31","015781","202000039651","1.0104","1.0104","","",""
"2022-09-01","015781","202000039651","1.0082","1.0082","","",""
"2022-09-02","015781","202000039651","1.0047","1.0047","","",""
"2022-09-05","015781","202000039651","1.0001","1.0001","","",""
"2022-09-06","015781","202000039651","1.0076","1.0076","","",""
"2022-09-07","015781","202000039651","1.0069","1.0069","","",""
"2022-09-08","015781","202000039651","1.0076","1.0076","","",""
"2022-09-09","015781","202000039651","1.0189","1.0189","","",""
"2022-09-13","015781","202000039651","1.0221","1.0221","","",""
"2022-09-14","015781","202000039651","1.0189","1.0189","","",""
"2022-09-15","015781","202000039651","1.0170","1.0170","","",""
"2022-09-16","015781","202000039651","1.0067","1.0067","","",""
"2022-09-19","015781","202000039651","1.0002","1.0002","","",""
"2022-09-20","015781","202000039651","0.9964","0.9964","","",""
"2022-09-21","015781","202000039651","0.9899","0.9899","","",""
"2022-09-22","015781","202000039651","0.9864","0.9864","","",""
"2022-09-23","015781","202000039651","0.9797","0.9797","","",""
"2022-09-26","015781","202000039651","0.9782","0.9782","","",""
"2022-09-27","015781","202000039651","0.9948","0.9948","","",""
"2022-09-28","015781","202000039651","0.9822","0.9822","","",""
"2022-09-29","015781","202000039651","0.9823","0.9823","","",""
"2022-09-30","015781","202000039651","0.9874","0.9874","","",""
"2022-10-10","015781","202000039651","0.9753","0.9753","","",""
"2022-10-11","015781","202000039651","0.9627","0.9627","","",""
"2022-10-12","015781","202000039651","0.9748","0.9748","","",""
"2022-10-13","015781","202000039651","0.9763","0.9763","","",""
"2022-10-14","015781","202000039651","0.9877","0.9877","","",""
"2022-10-17","015781","202000039651","0.9925","0.9925","","",""
"2022-10-18","015781","202000039651","0.9928","0.9928","","",""
"2022-10-19","015781","202000039651","0.9810","0.9810","","",""
"2022-10-20","015781","202000039651","0.9765","0.9765","","",""
"2022-10-21","015781","202000039651","0.9736","0.9736","","",""
"2022-10-24","015781","202000039651","0.9541","0.9541","","",""
"2022-10-25","015781","202000039651","0.9469","0.9469","","",""
"2022-10-26","015781","202000039651","0.9559","0.9559","","",""
"2022-10-27","015781","202000039651","0.9530","0.9530","","",""
"2022-10-28","015781","202000039651","0.9262","0.9262","","",""
"2022-10-31","015781","202000039651","0.9233","0.9233","","",""
"2022-11-01","015781","202000039651","0.9467","0.9467","","",""
"2022-11-02","015781","202000039651","0.9595","0.9595","","",""
"2022-11-03","015781","202000039651","0.9514","0.9514","","",""
"2022-11-04","015781","202000039651","0.9711","0.9711","","",""
"2022-11-07","015781","202000039651","0.9776","0.9776","","",""
"2022-11-08","015781","202000039651","0.9735","0.9735","","",""
"2022-11-09","015781","202000039651","0.9718","0.9718","","",""
"2022-11-10","015781","202000039651","0.9661","0.9661","","",""
"2022-11-11","015781","202000039651","0.9934","0.9934","","",""
"2022-11-14","015781","202000039651","0.9927","0.9927","","",""
"2022-11-15","015781","202000039651","1.0148","1.0148","","",""
"2022-11-16","015781","202000039651","1.0072","1.0072","","",""
"2022-11-17","015781","202000039651","1.0074","1.0074","","",""
"2022-11-18","015781","202000039651","1.0120","1.0120","","",""
"2022-11-21","015781","202000039651","1.0067","1.0067","","",""
"2022-11-22","015781","202000039651","1.0035","1.0035","","",""
"2022-11-23","015781","202000039651","0.9955","0.9955","","",""
"2022-11-24","015781","202000039651","1.0009","1.0009","","",""
"2022-11-25","015781","202000039651","1.0074","1.0074","","",""
"2022-11-28","015781","202000039651","1.0005","1.0005","","",""
"2022-11-29","015781","202000039651","1.0326","1.0326","","",""
"2022-11-30","015781","202000039651","1.0338","1.0338","","",""
"2022-12-01","015781","202000039651","1.0450","1.0450","","",""
"2022-12-02","015781","202000039651","1.0360","1.0360","","",""
"2022-12-05","015781","202000039651","1.0655","1.0655","","",""
"2022-12-06","015781","202000039651","1.0653","1.0653","","",""
"2022-12-07","015781","202000039651","1.0531","1.0531","","",""
"2022-12-08","015781","202000039651","1.0619","1.0619","","",""
"2022-12-09","015781","202000039651","1.0750","1.0750","","",""
"2022-12-12","015781","202000039651","1.0650","1.0650","","",""
"2022-12-13","015781","202000039651","1.0637","1.0637","","",""
"2022-12-14","015781","202000039651","1.0623","1.0623","","",""
"2022-12-15","015781","202000039651","1.0571","1.0571","","",""
"2022-12-16","015781","202000039651","1.0573","1.0573","","",""
"2022-12-19","015781","202000039651","1.0403","1.0403","","",""
"2022-12-20","015781","202000039651","1.0278","1.0278","","",""
"2022-12-21","015781","202000039651","1.0275","1.0275","","",""
"2022-12-22","015781","202000039651","1.0302","1.0302","","",""
"2022-12-23","015781","202000039651","1.0282","1.0282","","",""
"2022-12-26","015781","202000039651","1.0356","1.0356","","",""
"2022-12-27","015781","202000039651","1.0388","1.0388","","",""
"2022-12-28","015781","202000039651","1.0338","1.0338","","",""
"2022-12-29","015781","202000039651","1.0281","1.0281","","",""
"2022-12-30","015781","202000039651","1.0307","1.0307","","",""
"2022-12-31","015781","202000039651","1.0306","1.0306","","",""
"2023-01-03","015781","202000039651","1.0337","1.0337","","",""
"2023-01-04","015781","202000039651","1.0408","1.0408","","",""
"2023-01-05","015781","202000039651","1.0478","1.0478","","",""
"2023-01-06","015781","202000039651","1.0430","1.0430","","",""
"2023-01-09","015781","202000039651","1.0467","1.0467","","",""
"2023-01-10","015781","202000039651","1.0445","1.0445","","",""
"2023-01-11","015781","202000039651","1.0424","1.0424","","",""
"2023-01-12","015781","202000039651","1.0418","1.0418","","",""
"2023-01-13","015781","202000039651","1.0497","1.0497","","",""
"2023-01-16","015781","202000039651","1.0548","1.0548","","",""
"2023-01-17","015781","202000039651","1.0541","1.0541","","",""
"2023-01-18","015781","202000039651","1.0537","1.0537","","",""
"2023-01-19","015781","202000039651","1.0590","1.0590","","",""
"2023-01-20","015781","202000039651","1.0655","1.0655","","",""
"2023-01-30","015781","202000039651","1.0662","1.0662","","",""
"2023-01-31","015781","202000039651","1.0669","1.0669","","",""
"2023-02-01","015781","202000039651","1.0761","1.0761","","",""
"2023-02-02","015781","202000039651","1.0764","1.0764","","",""
"2023-02-03","015781","202000039651","1.0720","1.0720","","",""
"2023-02-06","015781","202000039651","1.0622","1.0622","","",""
"2023-02-07","015781","202000039651","1.0668","1.0668","","",""
"2023-02-08","015781","202000039651","1.0629","1.0629","","",""
"2023-02-09","015781","202000039651","1.0772","1.0772","","",""
"2023-02-10","015781","202000039651","1.0722","1.0722","","",""
"2023-02-13","015781","202000039651","1.0854","1.0854","","",""
"2023-02-14","015781","202000039651","1.0862","1.0862","","",""
"2023-02-15","015781","202000039651","1.0838","1.0838","","",""
"2023-02-16","015781","202000039651","1.0829","1.0829","","",""
"2023-02-17","015781","202000039651","1.0756","1.0756","","",""
"2023-02-20","015781","202000039651","1.1040","1.1040","","",""
"2023-02-21","015781","202000039651","1.0999","1.0999","","",""
"2023-02-22","015781","202000039651","1.1019","1.1019","","",""
"2023-02-23","015781","202000039651","1.1021","1.1021","","",""
"2023-02-24","015781","202000039651","1.0883","1.0883","","",""
"2023-02-27","015781","202000039651","1.0943","1.0943","","",""
"2023-02-28","015781","202000039651","1.0986","1.0986","","",""
"2023-03-01","015781","202000039651","1.1124","1.1124","","",""
"2023-03-02","015781","202000039651","1.1111","1.1111","","",""
"2023-03-03","015781","202000039651","1.1099","1.1099","","",""
"2023-03-06","015781","202000039651","1.1068","1.1068","","",""
"2023-03-07","015781","202000039651","1.0837","1.0837","","",""
"2023-03-08","015781","202000039651","1.0815","1.0815","","",""
"2023-03-09","015781","202000039651","1.0867","1.0867","","",""
"2023-03-10","015781","202000039651","1.0703","1.0703","","",""
"2023-03-13","015781","202000039651","1.0840","1.0840","","",""
"2023-03-14","015781","202000039651","1.0655","1.0655","","",""
"2023-03-15","015781","202000039651","1.0731","1.0731","","",""
"2023-03-16","015781","202000039651","1.0625","1.0625","","",""
"2023-03-17","015781","202000039651","1.0736","1.0736","","",""
"2023-03-20","015781","202000039651","1.0586","1.0586","","",""
"2023-03-21","015781","202000039651","1.0657","1.0657","","",""
"2023-03-22","015781","202000039651","1.0757","1.0757","","",""
"2023-03-23","015781","202000039651","1.0873","1.0873","","",""
"2023-03-24","015781","202000039651","1.0740","1.0740","","",""
"2023-03-27","015781","202000039651","1.0614","1.0614","","",""
"2023-03-28","015781","202000039651","1.0569","1.0569","","",""
"2023-03-29","015781","202000039651","1.0564","1.0564","","",""
"2023-03-30","015781","202000039651","1.0620","1.0620","","",""
"2023-03-31","015781","202000039651","1.0603","1.0603","","",""
"2022-12-05","016512","202000042693","1.0000","1.0000","","",""
"2022-12-09","016512","202000042693","1.0001","1.0001","","",""
"2022-12-16","016512","202000042693","1.0004","1.0004","","",""
"2022-12-23","016512","202000042693","1.0008","1.0008","","",""
"2022-12-30","016512","202000042693","1.0015","1.0015","","",""
"2022-12-31","016512","202000042693","1.0016","1.0016","","",""
"2023-01-03","016512","202000042693","1.0018","1.0018","","",""
"2023-01-04","016512","202000042693","1.0018","1.0018","","",""
"2023-01-05","016512","202000042693","1.0019","1.0019","","",""
"2023-01-06","016512","202000042693","1.0018","1.0018","","",""
"2023-01-09","016512","202000042693","1.0016","1.0016","","",""
"2023-01-10","016512","202000042693","1.0014","1.0014","","",""
"2023-01-11","016512","202000042693","1.0012","1.0012","","",""
"2023-01-12","016512","202000042693","1.0013","1.0013","","",""
"2023-01-13","016512","202000042693","1.0014","1.0014","","",""
"2023-01-16","016512","202000042693","1.0011","1.0011","","",""
"2023-01-17","016512","202000042693","1.0011","1.0011","","",""
"2023-01-18","016512","202000042693","1.0013","1.0013","","",""
"2023-01-19","016512","202000042693","1.0014","1.0014","","",""
"2023-01-20","016512","202000042693","1.0016","1.0016","","",""
"2023-01-30","016512","202000042693","1.0022","1.0022","","",""
"2023-01-31","016512","202000042693","1.0023","1.0023","","",""
"2023-02-01","016512","202000042693","1.0025","1.0025","","",""
"2023-02-02","016512","202000042693","1.0026","1.0026","","",""
"2023-02-03","016512","202000042693","1.0030","1.0030","","",""
"2023-02-06","016512","202000042693","1.0032","1.0032","","",""
"2023-02-07","016512","202000042693","1.0033","1.0033","","",""
"2023-02-08","016512","202000042693","1.0036","1.0036","","",""
"2023-02-09","016512","202000042693","1.0038","1.0038","","",""
"2023-02-10","016512","202000042693","1.0040","1.0040","","",""
"2023-02-13","016512","202000042693","1.0043","1.0043","","",""
"2023-02-14","016512","202000042693","1.0045","1.0045","","",""
"2023-02-15","016512","202000042693","1.0047","1.0047","","",""
"2023-02-16","016512","202000042693","1.0049","1.0049","","",""
"2023-02-17","016512","202000042693","1.0049","1.0049","","",""
"2023-02-20","016512","202000042693","1.0049","1.0049","","",""
"2023-02-21","016512","202000042693","1.0044","1.0044","","",""
"2023-02-22","016512","202000042693","1.0045","1.0045","","",""
"2023-02-23","016512","202000042693","1.0045","1.0045","","",""
"2023-02-24","016512","202000042693","1.0045","1.0045","","",""
"2023-02-27","016512","202000042693","1.0046","1.0046","","",""
"2023-02-28","016512","202000042693","1.0045","1.0045","","",""
"2023-03-01","016512","202000042693","1.0045","1.0045","","",""
"2023-03-02","016512","202000042693","1.0046","1.0046","","",""
"2023-03-03","016512","202000042693","1.0045","1.0045","","",""
"2023-03-06","016512","202000042693","1.0050","1.0050","","",""
"2023-03-07","016512","202000042693","1.0054","1.0054","","",""
"2023-03-08","016512","202000042693","1.0058","1.0058","","",""
"2023-03-09","016512","202000042693","1.0061","1.0061","","",""
"2023-03-10","016512","202000042693","1.0064","1.0064","","",""
"2023-03-13","016512","202000042693","1.0067","1.0067","","",""
"2023-03-14","016512","202000042693","1.0067","1.0067","","",""
"2023-03-15","016512","202000042693","1.0068","1.0068","","",""
"2023-03-16","016512","202000042693","1.0069","1.0069","","",""
"2023-03-17","016512","202000042693","1.0071","1.0071","","",""
"2023-03-20","016512","202000042693","1.0077","1.0077","","",""
"2023-03-21","016512","202000042693","1.0079","1.0079","","",""
"2023-03-22","016512","202000042693","1.0078","1.0078","","",""
"2023-03-23","016512","202000042693","1.0079","1.0079","","",""
"2023-03-24","016512","202000042693","1.0077","1.0077","","",""
"2023-03-27","016512","202000042693","1.0080","1.0080","","",""
"2023-03-28","016512","202000042693","1.0079","1.0079","","",""
"2023-03-29","016512","202000042693","1.0080","1.0080","","",""
"2023-03-30","016512","202000042693","1.0082","1.0082","","",""
"2023-03-31","016512","202000042693","1.0086","1.0086","","",""
"2022-10-25","016680","202000041904","1.0000","1.0000","","",""
"2022-10-28","016680","202000041904","1.0001","1.0001","","",""
"2022-10-31","016680","202000041904","1.0001","1.0001","","",""
"2022-11-01","016680","202000041904","1.0000","1.0000","","",""
"2022-11-02","016680","202000041904","0.9999","0.9999","","",""
"2022-11-03","016680","202000041904","0.9999","0.9999","","",""
"2022-11-04","016680","202000041904","1.0047","1.0047","","",""
"2022-11-07","016680","202000041904","1.0049","1.0049","","",""
"2022-11-08","016680","202000041904","1.0048","1.0048","","",""
"2022-11-09","016680","202000041904","1.0037","1.0037","","",""
"2022-11-10","016680","202000041904","1.0017","1.0017","","",""
"2022-11-11","016680","202000041904","1.0055","1.0055","","",""
"2022-11-14","016680","202000041904","1.0042","1.0042","","",""
"2022-11-15","016680","202000041904","1.0140","1.0140","","",""
"2022-11-16","016680","202000041904","1.0078","1.0078","","",""
"2022-11-17","016680","202000041904","1.0098","1.0098","","",""
"2022-11-18","016680","202000041904","1.0083","1.0083","","",""
"2022-11-21","016680","202000041904","1.0081","1.0081","","",""
"2022-11-22","016680","202000041904","0.9994","0.9994","","",""
"2022-11-23","016680","202000041904","0.9976","0.9976","","",""
"2022-11-24","016680","202000041904","0.9983","0.9983","","",""
"2022-11-25","016680","202000041904","0.9925","0.9925","","",""
"2022-11-28","016680","202000041904","0.9845","0.9845","","",""
"2022-11-29","016680","202000041904","0.9987","0.9987","","",""
"2022-11-30","016680","202000041904","0.9960","0.9960","","",""
"2022-12-01","016680","202000041904","1.0016","1.0016","","",""
"2022-12-02","016680","202000041904","0.9995","0.9995","","",""
"2022-12-05","016680","202000041904","1.0080","1.0080","","",""
"2022-12-06","016680","202000041904","1.0058","1.0058","","",""
"2022-12-07","016680","202000041904","1.0061","1.0061","","",""
"2022-12-08","016680","202000041904","1.0043","1.0043","","",""
"2022-12-09","016680","202000041904","1.0044","1.0044","","",""
"2022-12-12","016680","202000041904","0.9990","0.9990","","",""
"2022-12-13","016680","202000041904","0.9937","0.9937","","",""
"2022-12-14","016680","202000041904","0.9885","0.9885","","",""
"2022-12-15","016680","202000041904","0.9889","0.9889","","",""
"2022-12-16","016680","202000041904","0.9850","0.9850","","",""
"2022-12-19","016680","202000041904","0.9651","0.9651","","",""
"2022-12-20","016680","202000041904","0.9555","0.9555","","",""
"2022-12-21","016680","202000041904","0.9507","0.9507","","",""
"2022-12-22","016680","202000041904","0.9413","0.9413","","",""
"2022-12-23","016680","202000041904","0.9385","0.9385","","",""
"2022-12-26","016680","202000041904","0.9504","0.9504","","",""
"2022-12-27","016680","202000041904","0.9586","0.9586","","",""
"2022-12-28","016680","202000041904","0.9561","0.9561","","",""
"2022-12-29","016680","202000041904","0.9571","0.9571","","",""
"2022-12-30","016680","202000041904","0.9576","0.9576","","",""
"2022-12-31","016680","202000041904","0.9576","0.9576","","",""
"2023-01-03","016680","202000041904","0.9712","0.9712","","",""
"2023-01-04","016680","202000041904","0.9701","0.9701","","",""
"2023-01-05","016680","202000041904","0.9788","0.9788","","",""
"2023-01-06","016680","202000041904","0.9791","0.9791","","",""
"2023-01-09","016680","202000041904","0.9828","0.9828","","",""
"2023-01-10","016680","202000041904","0.9827","0.9827","","",""
"2023-01-11","016680","202000041904","0.9777","0.9777","","",""
"2023-01-12","016680","202000041904","0.9770","0.9770","","",""
"2023-01-13","016680","202000041904","0.9820","0.9820","","",""
"2023-01-16","016680","202000041904","0.9891","0.9891","","",""
"2023-01-17","016680","202000041904","0.9893","0.9893","","",""
"2023-01-18","016680","202000041904","0.9910","0.9910","","",""
"2023-01-19","016680","202000041904","0.9962","0.9962","","",""
"2023-01-20","016680","202000041904","1.0030","1.0030","","",""
"2023-01-30","016680","202000041904","1.0079","1.0079","","",""
"2023-01-31","016680","202000041904","1.0082","1.0082","","",""
"2023-02-01","016680","202000041904","1.0159","1.0159","","",""
"2023-02-02","016680","202000041904","1.0177","1.0177","","",""
"2023-02-03","016680","202000041904","1.0106","1.0106","","",""
"2023-02-06","016680","202000041904","1.0032","1.0032","","",""
"2023-02-07","016680","202000041904","1.0061","1.0061","","",""
"2023-02-08","016680","202000041904","0.9988","0.9988","","",""
"2023-02-09","016680","202000041904","1.0109","1.0109","","",""
"2023-02-10","016680","202000041904","1.0077","1.0077","","",""
"2023-02-13","016680","202000041904","1.0138","1.0138","","",""
"2023-02-14","016680","202000041904","1.0155","1.0155","","",""
"2023-02-15","016680","202000041904","1.0136","1.0136","","",""
"2023-02-16","016680","202000041904","0.9991","0.9991","","",""
"2023-02-17","016680","202000041904","0.9928","0.9928","","",""
"2023-02-20","016680","202000041904","1.0061","1.0061","","",""
"2023-02-21","016680","202000041904","1.0107","1.0107","","",""
"2023-02-22","016680","202000041904","1.0085","1.0085","","",""
"2023-02-23","016680","202000041904","1.0087","1.0087","","",""
"2023-02-24","016680","202000041904","1.0071","1.0071","","",""
"2023-02-27","016680","202000041904","1.0040","1.0040","","",""
"2023-02-28","016680","202000041904","1.0119","1.0119","","",""
"2023-03-01","016680","202000041904","1.0163","1.0163","","",""
"2023-03-02","016680","202000041904","1.0143","1.0143","","",""
"2023-03-03","016680","202000041904","1.0141","1.0141","","",""
"2023-03-06","016680","202000041904","1.0172","1.0172","","",""
"2023-03-07","016680","202000041904","1.0011","1.0011","","",""
"2023-03-08","016680","202000041904","1.0028","1.0028","","",""
"2023-03-09","016680","202000041904","1.0009","1.0009","","",""
"2023-03-10","016680","202000041904","0.9886","0.9886","","",""
"2023-03-13","016680","202000041904","0.9947","0.9947","","",""
"2023-03-14","016680","202000041904","0.9848","0.9848","","",""
"2023-03-15","016680","202000041904","0.9911","0.9911","","",""
"2023-03-16","016680","202000041904","0.9796","0.9796","","",""
"2023-03-17","016680","202000041904","0.9837","0.9837","","",""
"2023-03-20","016680","202000041904","0.9808","0.9808","","",""
"2023-03-21","016680","202000041904","0.9910","0.9910","","",""
"2023-03-22","016680","202000041904","0.9957","0.9957","","",""
"2023-03-23","016680","202000041904","1.0004","1.0004","","",""
"2023-03-24","016680","202000041904","1.0000","1.0000","","",""
"2023-03-27","016680","202000041904","0.9998","0.9998","","",""
"2023-03-28","016680","202000041904","0.9952","0.9952","","",""
"2023-03-29","016680","202000041904","0.9936","0.9936","","",""
"2023-03-30","016680","202000041904","0.9967","0.9967","","",""
"2023-03-31","016680","202000041904","1.0030","1.0030","","",""
"2022-10-25","016681","202000041905","1.0000","1.0000","","",""
"2022-10-28","016681","202000041905","1.0000","1.0000","","",""
"2022-10-31","016681","202000041905","1.0000","1.0000","","",""
"2022-11-01","016681","202000041905","0.9999","0.9999","","",""
"2022-11-02","016681","202000041905","0.9998","0.9998","","",""
"2022-11-03","016681","202000041905","0.9998","0.9998","","",""
"2022-11-04","016681","202000041905","1.0046","1.0046","","",""
"2022-11-07","016681","202000041905","1.0047","1.0047","","",""
"2022-11-08","016681","202000041905","1.0047","1.0047","","",""
"2022-11-09","016681","202000041905","1.0036","1.0036","","",""
"2022-11-10","016681","202000041905","1.0015","1.0015","","",""
"2022-11-11","016681","202000041905","1.0053","1.0053","","",""
"2022-11-14","016681","202000041905","1.0040","1.0040","","",""
"2022-11-15","016681","202000041905","1.0137","1.0137","","",""
"2022-11-16","016681","202000041905","1.0076","1.0076","","",""
"2022-11-17","016681","202000041905","1.0096","1.0096","","",""
"2022-11-18","016681","202000041905","1.0080","1.0080","","",""
"2022-11-21","016681","202000041905","1.0078","1.0078","","",""
"2022-11-22","016681","202000041905","0.9991","0.9991","","",""
"2022-11-23","016681","202000041905","0.9973","0.9973","","",""
"2022-11-24","016681","202000041905","0.9980","0.9980","","",""
"2022-11-25","016681","202000041905","0.9922","0.9922","","",""
"2022-11-28","016681","202000041905","0.9841","0.9841","","",""
"2022-11-29","016681","202000041905","0.9983","0.9983","","",""
"2022-11-30","016681","202000041905","0.9956","0.9956","","",""
"2022-12-01","016681","202000041905","1.0012","1.0012","","",""
"2022-12-02","016681","202000041905","0.9991","0.9991","","",""
"2022-12-05","016681","202000041905","1.0076","1.0076","","",""
"2022-12-06","016681","202000041905","1.0054","1.0054","","",""
"2022-12-07","016681","202000041905","1.0056","1.0056","","",""
"2022-12-08","016681","202000041905","1.0038","1.0038","","",""
"2022-12-09","016681","202000041905","1.0039","1.0039","","",""
"2022-12-12","016681","202000041905","0.9985","0.9985","","",""
"2022-12-13","016681","202000041905","0.9932","0.9932","","",""
"2022-12-14","016681","202000041905","0.9880","0.9880","","",""
"2022-12-15","016681","202000041905","0.9884","0.9884","","",""
"2022-12-16","016681","202000041905","0.9844","0.9844","","",""
"2022-12-19","016681","202000041905","0.9646","0.9646","","",""
"2022-12-20","016681","202000041905","0.9549","0.9549","","",""
"2022-12-21","016681","202000041905","0.9501","0.9501","","",""
"2022-12-22","016681","202000041905","0.9407","0.9407","","",""
"2022-12-23","016681","202000041905","0.9379","0.9379","","",""
"2022-12-26","016681","202000041905","0.9498","0.9498","","",""
"2022-12-27","016681","202000041905","0.9579","0.9579","","",""
"2022-12-28","016681","202000041905","0.9554","0.9554","","",""
"2022-12-29","016681","202000041905","0.9565","0.9565","","",""
"2022-12-30","016681","202000041905","0.9569","0.9569","","",""
"2022-12-31","016681","202000041905","0.9569","0.9569","","",""
"2023-01-03","016681","202000041905","0.9704","0.9704","","",""
"2023-01-04","016681","202000041905","0.9693","0.9693","","",""
"2023-01-05","016681","202000041905","0.9781","0.9781","","",""
"2023-01-06","016681","202000041905","0.9783","0.9783","","",""
"2023-01-09","016681","202000041905","0.9820","0.9820","","",""
"2023-01-10","016681","202000041905","0.9819","0.9819","","",""
"2023-01-11","016681","202000041905","0.9769","0.9769","","",""
"2023-01-12","016681","202000041905","0.9762","0.9762","","",""
"2023-01-13","016681","202000041905","0.9811","0.9811","","",""
"2023-01-16","016681","202000041905","0.9882","0.9882","","",""
"2023-01-17","016681","202000041905","0.9884","0.9884","","",""
"2023-01-18","016681","202000041905","0.9901","0.9901","","",""
"2023-01-19","016681","202000041905","0.9953","0.9953","","",""
"2023-01-20","016681","202000041905","1.0021","1.0021","","",""
"2023-01-30","016681","202000041905","1.0068","1.0068","","",""
"2023-01-31","016681","202000041905","1.0072","1.0072","","",""
"2023-02-01","016681","202000041905","1.0148","1.0148","","",""
"2023-02-02","016681","202000041905","1.0166","1.0166","","",""
"2023-02-03","016681","202000041905","1.0095","1.0095","","",""
"2023-02-06","016681","202000041905","1.0021","1.0021","","",""
"2023-02-07","016681","202000041905","1.0050","1.0050","","",""
"2023-02-08","016681","202000041905","0.9976","0.9976","","",""
"2023-02-09","016681","202000041905","1.0097","1.0097","","",""
"2023-02-10","016681","202000041905","1.0065","1.0065","","",""
"2023-02-13","016681","202000041905","1.0126","1.0126","","",""
"2023-02-14","016681","202000041905","1.0143","1.0143","","",""
"2023-02-15","016681","202000041905","1.0123","1.0123","","",""
"2023-02-16","016681","202000041905","0.9978","0.9978","","",""
"2023-02-17","016681","202000041905","0.9915","0.9915","","",""
"2023-02-20","016681","202000041905","1.0048","1.0048","","",""
"2023-02-21","016681","202000041905","1.0094","1.0094","","",""
"2023-02-22","016681","202000041905","1.0072","1.0072","","",""
"2023-02-23","016681","202000041905","1.0073","1.0073","","",""
"2023-02-24","016681","202000041905","1.0058","1.0058","","",""
"2023-02-27","016681","202000041905","1.0026","1.0026","","",""
"2023-02-28","016681","202000041905","1.0105","1.0105","","",""
"2023-03-01","016681","202000041905","1.0149","1.0149","","",""
"2023-03-02","016681","202000041905","1.0128","1.0128","","",""
"2023-03-03","016681","202000041905","1.0127","1.0127","","",""
"2023-03-06","016681","202000041905","1.0157","1.0157","","",""
"2023-03-07","016681","202000041905","0.9996","0.9996","","",""
"2023-03-08","016681","202000041905","1.0014","1.0014","","",""
"2023-03-09","016681","202000041905","0.9994","0.9994","","",""
"2023-03-10","016681","202000041905","0.9871","0.9871","","",""
"2023-03-13","016681","202000041905","0.9932","0.9932","","",""
"2023-03-14","016681","202000041905","0.9833","0.9833","","",""
"2023-03-15","016681","202000041905","0.9896","0.9896","","",""
"2023-03-16","016681","202000041905","0.9781","0.9781","","",""
"2023-03-17","016681","202000041905","0.9822","0.9822","","",""
"2023-03-20","016681","202000041905","0.9792","0.9792","","",""
"2023-03-21","016681","202000041905","0.9894","0.9894","","",""
"2023-03-22","016681","202000041905","0.9941","0.9941","","",""
"2023-03-23","016681","202000041905","0.9987","0.9987","","",""
"2023-03-24","016681","202000041905","0.9984","0.9984","","",""
"2023-03-27","016681","202000041905","0.9981","0.9981","","",""
"2023-03-28","016681","202000041905","0.9935","0.9935","","",""
"2023-03-29","016681","202000041905","0.9919","0.9919","","",""
"2023-03-30","016681","202000041905","0.9950","0.9950","","",""
"2023-03-31","016681","202000041905","1.0013","1.0013","","",""
"2023-03-06","017086","202000044378","1.0000","1.0000","","",""
"2023-03-10","017086","202000044378","0.9959","0.9959","","",""
"2023-03-17","017086","202000044378","0.9965","0.9965","","",""
"2023-03-24","017086","202000044378","1.0006","1.0006","","",""
"2023-03-31","017086","202000044378","1.0010","1.0010","","",""
"2023-03-06","017087","202000044379","1.0000","1.0000","","",""
"2023-03-10","017087","202000044379","0.9958","0.9958","","",""
"2023-03-17","017087","202000044379","0.9962","0.9962","","",""
"2023-03-24","017087","202000044379","1.0002","1.0002","","",""
"2023-03-31","017087","202000044379","1.0005","1.0005","","",""
"2023-01-19","017199","202000043947","1.0000","1.0000","","",""
"2023-01-20","017199","202000043947","1.0005","1.0005","","",""
"2023-02-03","017199","202000043947","0.9949","0.9949","","",""
"2023-02-10","017199","202000043947","0.9917","0.9917","","",""
"2023-02-17","017199","202000043947","0.9855","0.9855","","",""
"2023-02-24","017199","202000043947","0.9864","0.9864","","",""
"2023-03-03","017199","202000043947","0.9866","0.9866","","",""
"2023-03-10","017199","202000043947","0.9745","0.9745","","",""
"2023-03-17","017199","202000043947","0.9711","0.9711","","",""
"2023-03-20","017199","202000043947","0.9678","0.9678","","",""
"2023-03-21","017199","202000043947","0.9732","0.9732","","",""
"2023-03-22","017199","202000043947","0.9740","0.9740","","",""
"2023-03-23","017199","202000043947","0.9746","0.9746","","",""
"2023-03-24","017199","202000043947","0.9711","0.9711","","",""
"2023-03-27","017199","202000043947","0.9728","0.9728","","",""
"2023-03-28","017199","202000043947","0.9752","0.9752","","",""
"2023-03-29","017199","202000043947","0.9754","0.9754","","",""
"2023-03-30","017199","202000043947","0.9723","0.9723","","",""
"2023-03-31","017199","202000043947","0.9766","0.9766","","",""
"2023-01-19","017200","202000043948","1.0000","1.0000","","",""
"2023-01-20","017200","202000043948","1.0005","1.0005","","",""
"2023-02-03","017200","202000043948","0.9947","0.9947","","",""
"2023-02-10","017200","202000043948","0.9914","0.9914","","",""
"2023-02-17","017200","202000043948","0.9851","0.9851","","",""
"2023-02-24","017200","202000043948","0.9859","0.9859","","",""
"2023-03-03","017200","202000043948","0.9861","0.9861","","",""
"2023-03-10","017200","202000043948","0.9738","0.9738","","",""
"2023-03-17","017200","202000043948","0.9704","0.9704","","",""
"2023-03-20","017200","202000043948","0.9670","0.9670","","",""
"2023-03-21","017200","202000043948","0.9724","0.9724","","",""
"2023-03-22","017200","202000043948","0.9731","0.9731","","",""
"2023-03-23","017200","202000043948","0.9737","0.9737","","",""
"2023-03-24","017200","202000043948","0.9702","0.9702","","",""
"2023-03-27","017200","202000043948","0.9718","0.9718","","",""
"2023-03-28","017200","202000043948","0.9743","0.9743","","",""
"2023-03-29","017200","202000043948","0.9744","0.9744","","",""
"2023-03-30","017200","202000043948","0.9713","0.9713","","",""
"2023-03-31","017200","202000043948","0.9756","0.9756","","",""
"2023-03-31","018130","202000045468","1.0000","1.0000","","",""
"2023-03-31","018131","202000045469","1.0000","1.0000","","",""
"2022-08-30","159621","202000039296","1.0000","1.0000","","",""
"2022-09-02","159621","202000039296","0.9958","0.9958","","",""
"2022-09-08","159621","202000039296","0.9932","0.9932","","",""
"2022-09-09","159621","202000039296","1.0065","1.0065","","",""
"2022-09-13","159621","202000039296","1.0088","1.0088","","",""
"2022-09-14","159621","202000039296","0.9998","0.9998","","",""
"2022-09-15","159621","202000039296","0.9888","0.9888","","",""
"2022-09-16","159621","202000039296","0.9662","0.9662","","",""
"2022-09-19","159621","202000039296","0.9646","0.9646","","",""
"2022-09-20","159621","202000039296","0.9672","0.9672","","",""
"2022-09-21","159621","202000039296","0.9589","0.9589","","",""
"2022-09-22","159621","202000039296","0.9513","0.9513","","",""
"2022-09-23","159621","202000039296","0.9470","0.9470","","",""
"2022-09-26","159621","202000039296","0.9455","0.9455","","",""
"2022-09-27","159621","202000039296","0.9608","0.9608","","",""
"2022-09-28","159621","202000039296","0.9453","0.9453","","",""
"2022-09-29","159621","202000039296","0.9452","0.9452","","",""
"2022-09-30","159621","202000039296","0.9392","0.9392","","",""
"2022-10-10","159621","202000039296","0.9191","0.9191","","",""
"2022-10-11","159621","202000039296","0.9211","0.9211","","",""
"2022-10-12","159621","202000039296","0.9340","0.9340","","",""
"2022-10-13","159621","202000039296","0.9286","0.9286","","",""
"2022-10-14","159621","202000039296","0.9515","0.9515","","",""
"2022-10-17","159621","202000039296","0.9514","0.9514","","",""
"2022-10-18","159621","202000039296","0.9514","0.9514","","",""
"2022-10-19","159621","202000039296","0.9373","0.9373","","",""
"2022-10-20","159621","202000039296","0.9329","0.9329","","",""
"2022-10-21","159621","202000039296","0.9312","0.9312","","",""
"2022-10-24","159621","202000039296","0.9056","0.9056","","",""
"2022-10-25","159621","202000039296","0.9043","0.9043","","",""
"2022-10-26","159621","202000039296","0.9124","0.9124","","",""
"2022-10-27","159621","202000039296","0.9057","0.9057","","",""
"2022-10-28","159621","202000039296","0.8854","0.8854","","",""
"2022-10-31","159621","202000039296","0.8795","0.8795","","",""
"2022-11-01","159621","202000039296","0.9091","0.9091","","",""
"2022-11-02","159621","202000039296","0.9191","0.9191","","",""
"2022-11-03","159621","202000039296","0.9119","0.9119","","",""
"2022-11-04","159621","202000039296","0.9407","0.9407","","",""
"2022-11-07","159621","202000039296","0.9417","0.9417","","",""
"2022-11-08","159621","202000039296","0.9359","0.9359","","",""
"2022-11-09","159621","202000039296","0.9279","0.9279","","",""
"2022-11-10","159621","202000039296","0.9226","0.9226","","",""
"2022-11-11","159621","202000039296","0.9454","0.9454","","",""
"2022-11-14","159621","202000039296","0.9471","0.9471","","",""
"2022-11-15","159621","202000039296","0.9639","0.9639","","",""
"2022-11-16","159621","202000039296","0.9573","0.9573","","",""
"2022-11-17","159621","202000039296","0.9544","0.9544","","",""
"2022-11-18","159621","202000039296","0.9514","0.9514","","",""
"2022-11-21","159621","202000039296","0.9442","0.9442","","",""
"2022-11-22","159621","202000039296","0.9420","0.9420","","",""
"2022-11-23","159621","202000039296","0.9418","0.9418","","",""
"2022-11-24","159621","202000039296","0.9391","0.9391","","",""
"2022-11-25","159621","202000039296","0.9423","0.9423","","",""
"2022-11-28","159621","202000039296","0.9330","0.9330","","",""
"2022-11-29","159621","202000039296","0.9597","0.9597","","",""
"2022-11-30","159621","202000039296","0.9604","0.9604","","",""
"2022-12-01","159621","202000039296","0.9695","0.9695","","",""
"2022-12-02","159621","202000039296","0.9634","0.9634","","",""
"2022-12-05","159621","202000039296","0.9791","0.9791","","",""
"2022-12-06","159621","202000039296","0.9837","0.9837","","",""
"2022-12-07","159621","202000039296","0.9825","0.9825","","",""
"2022-12-08","159621","202000039296","0.9831","0.9831","","",""
"2022-12-09","159621","202000039296","0.9912","0.9912","","",""
"2022-12-12","159621","202000039296","0.9808","0.9808","","",""
"2022-12-13","159621","202000039296","0.9782","0.9782","","",""
"2022-12-14","159621","202000039296","0.9801","0.9801","","",""
"2022-12-15","159621","202000039296","0.9792","0.9792","","",""
"2022-12-16","159621","202000039296","0.9806","0.9806","","",""
"2022-12-19","159621","202000039296","0.9646","0.9646","","",""
"2022-12-20","159621","202000039296","0.9493","0.9493","","",""
"2022-12-21","159621","202000039296","0.9495","0.9495","","",""
"2022-12-22","159621","202000039296","0.9498","0.9498","","",""
"2022-12-23","159621","202000039296","0.9484","0.9484","","",""
"2022-12-26","159621","202000039296","0.9526","0.9526","","",""
"2022-12-27","159621","202000039296","0.9640","0.9640","","",""
"2022-12-28","159621","202000039296","0.9613","0.9613","","",""
"2022-12-29","159621","202000039296","0.9588","0.9588","","",""
"2022-12-30","159621","202000039296","0.9619","0.9619","","",""
"2022-12-31","159621","202000039296","0.9618","0.9618","","",""
"2023-01-03","159621","202000039296","0.9657","0.9657","","",""
"2023-01-04","159621","202000039296","0.9669","0.9669","","",""
"2023-01-05","159621","202000039296","0.9855","0.9855","","",""
"2023-01-06","159621","202000039296","0.9881","0.9881","","",""
"2023-01-09","159621","202000039296","0.9950","0.9950","","",""
"2023-01-10","159621","202000039296","0.9973","0.9973","","",""
"2023-01-11","159621","202000039296","0.9950","0.9950","","",""
"2023-01-12","159621","202000039296","0.9965","0.9965","","",""
"2023-01-13","159621","202000039296","1.0099","1.0099","","",""
"2023-01-16","159621","202000039296","1.0251","1.0251","","",""
"2023-01-17","159621","202000039296","1.0237","1.0237","","",""
"2023-01-18","159621","202000039296","1.0222","1.0222","","",""
"2023-01-19","159621","202000039296","1.0291","1.0291","","",""
"2023-01-20","159621","202000039296","1.0348","1.0348","","",""
"2023-01-30","159621","202000039296","1.0398","1.0398","","",""
"2023-01-31","159621","202000039296","1.0290","1.0290","","",""
"2023-02-01","159621","202000039296","1.0386","1.0386","","",""
"2023-02-02","159621","202000039296","1.0370","1.0370","","",""
"2023-02-03","159621","202000039296","1.0284","1.0284","","",""
"2023-02-06","159621","202000039296","1.0160","1.0160","","",""
"2023-02-07","159621","202000039296","1.0161","1.0161","","",""
"2023-02-08","159621","202000039296","1.0127","1.0127","","",""
"2023-02-09","159621","202000039296","1.0253","1.0253","","",""
"2023-02-10","159621","202000039296","1.0193","1.0193","","",""
"2023-02-13","159621","202000039296","1.0278","1.0278","","",""
"2023-02-14","159621","202000039296","1.0282","1.0282","","",""
"2023-02-15","159621","202000039296","1.0224","1.0224","","",""
"2023-02-16","159621","202000039296","1.0153","1.0153","","",""
"2023-02-17","159621","202000039296","1.0014","1.0014","","",""
"2023-02-20","159621","202000039296","1.0227","1.0227","","",""
"2023-02-21","159621","202000039296","1.0235","1.0235","","",""
"2023-02-22","159621","202000039296","1.0163","1.0163","","",""
"2023-02-23","159621","202000039296","1.0153","1.0153","","",""
"2023-02-24","159621","202000039296","1.0057","1.0057","","",""
"2023-02-27","159621","202000039296","1.0023","1.0023","","",""
"2023-02-28","159621","202000039296","1.0081","1.0081","","",""
"2023-03-01","159621","202000039296","1.0183","1.0183","","",""
"2023-03-02","159621","202000039296","1.0155","1.0155","","",""
"2023-03-03","159621","202000039296","1.0176","1.0176","","",""
"2023-03-06","159621","202000039296","1.0134","1.0134","","",""
"2023-03-07","159621","202000039296","0.9999","0.9999","","",""
"2023-03-08","159621","202000039296","0.9966","0.9966","","",""
"2023-03-09","159621","202000039296","0.9931","0.9931","","",""
"2023-03-10","159621","202000039296","0.9816","0.9816","","",""
"2023-03-13","159621","202000039296","0.9886","0.9886","","",""
"2023-03-14","159621","202000039296","0.9819","0.9819","","",""
"2023-03-15","159621","202000039296","0.9828","0.9828","","",""
"2023-03-16","159621","202000039296","0.9724","0.9724","","",""
"2023-03-17","159621","202000039296","0.9746","0.9746","","",""
"2023-03-20","159621","202000039296","0.9699","0.9699","","",""
"2023-03-21","159621","202000039296","0.9814","0.9814","","",""
"2023-03-22","159621","202000039296","0.9853","0.9853","","",""
"2023-03-23","159621","202000039296","0.9932","0.9932","","",""
"2023-03-24","159621","202000039296","0.9913","0.9913","","",""
"2023-03-27","159621","202000039296","0.9900","0.9900","","",""
"2023-03-28","159621","202000039296","0.9885","0.9885","","",""
"2023-03-29","159621","202000039296","0.9902","0.9902","","",""
"2023-03-30","159621","202000039296","0.9979","0.9979","","",""
"2023-03-31","159621","202000039296","1.0004","1.0004","","",""
"2023-03-06","159653","202000044296","1.0000","1.0000","","",""
"2023-03-10","159653","202000044296","1.0000","1.0000","","",""
"2023-03-17","159653","202000044296","1.0007","1.0007","","",""
"2023-03-23","159653","202000044296","1.0025","1.0025","","",""
"2023-03-24","159653","202000044296","0.9989","0.9989","","",""
"2023-03-27","159653","202000044296","0.9981","0.9981","","",""
"2023-03-28","159653","202000044296","0.9963","0.9963","","",""
"2023-03-29","159653","202000044296","0.9964","0.9964","","",""
"2023-03-30","159653","202000044296","1.0047","1.0047","","",""
"2023-03-31","159653","202000044296","1.0065","1.0065","","",""
"2022-04-06","159717","202000031050","0.9092","0.9092","","",""
"2022-04-07","159717","202000031050","0.8990","0.8990","","",""
"2022-04-08","159717","202000031050","0.9032","0.9032","","",""
"2022-04-11","159717","202000031050","0.8797","0.8797","","",""
"2022-04-12","159717","202000031050","0.8940","0.8940","","",""
"2022-04-13","159717","202000031050","0.8873","0.8873","","",""
"2022-04-14","159717","202000031050","0.9002","0.9002","","",""
"2022-04-15","159717","202000031050","0.8990","0.8990","","",""
"2022-04-18","159717","202000031050","0.8928","0.8928","","",""
"2022-04-19","159717","202000031050","0.8879","0.8879","","",""
"2022-04-20","159717","202000031050","0.8763","0.8763","","",""
"2022-04-21","159717","202000031050","0.8590","0.8590","","",""
"2022-04-22","159717","202000031050","0.8634","0.8634","","",""
"2022-04-25","159717","202000031050","0.8217","0.8217","","",""
"2022-04-26","159717","202000031050","0.8188","0.8188","","",""
"2022-04-27","159717","202000031050","0.8416","0.8416","","",""
"2022-04-28","159717","202000031050","0.8506","0.8506","","",""
"2022-04-29","159717","202000031050","0.8664","0.8664","","",""
"2022-05-05","159717","202000031050","0.8698","0.8698","","",""
"2022-05-06","159717","202000031050","0.8488","0.8488","","",""
"2022-05-09","159717","202000031050","0.8429","0.8429","","",""
"2022-05-10","159717","202000031050","0.8502","0.8502","","",""
"2022-05-11","159717","202000031050","0.8574","0.8574","","",""
"2022-05-12","159717","202000031050","0.8530","0.8530","","",""
"2022-05-13","159717","202000031050","0.8594","0.8594","","",""
"2022-05-16","159717","202000031050","0.8537","0.8537","","",""
"2022-05-17","159717","202000031050","0.8622","0.8622","","",""
"2022-05-18","159717","202000031050","0.8582","0.8582","","",""
"2022-05-19","159717","202000031050","0.8595","0.8595","","",""
"2022-05-20","159717","202000031050","0.8773","0.8773","","",""
"2022-05-23","159717","202000031050","0.8708","0.8708","","",""
"2022-05-24","159717","202000031050","0.8524","0.8524","","",""
"2022-05-25","159717","202000031050","0.8578","0.8578","","",""
"2022-05-26","159717","202000031050","0.8616","0.8616","","",""
"2022-05-27","159717","202000031050","0.8639","0.8639","","",""
"2022-05-30","159717","202000031050","0.8711","0.8711","","",""
"2022-05-31","159717","202000031050","0.8849","0.8849","","",""
"2022-06-01","159717","202000031050","0.8825","0.8825","","",""
"2022-06-02","159717","202000031050","0.8828","0.8828","","",""
"2022-06-06","159717","202000031050","0.8949","0.8949","","",""
"2022-06-07","159717","202000031050","0.8995","0.8995","","",""
"2022-06-08","159717","202000031050","0.9065","0.9065","","",""
"2022-06-09","159717","202000031050","0.9002","0.9002","","",""
"2022-06-10","159717","202000031050","0.9106","0.9106","","",""
"2022-06-13","159717","202000031050","0.8994","0.8994","","",""
"2022-06-14","159717","202000031050","0.9057","0.9057","","",""
"2022-06-15","159717","202000031050","0.9171","0.9171","","",""
"2022-06-16","159717","202000031050","0.9134","0.9134","","",""
"2022-06-17","159717","202000031050","0.9275","0.9275","","",""
"2022-06-20","159717","202000031050","0.9332","0.9332","","",""
"2022-06-21","159717","202000031050","0.9319","0.9319","","",""
"2022-06-22","159717","202000031050","0.9201","0.9201","","",""
"2022-06-23","159717","202000031050","0.9341","0.9341","","",""
"2022-06-24","159717","202000031050","0.9465","0.9465","","",""
"2022-06-27","159717","202000031050","0.9555","0.9555","","",""
"2022-06-28","159717","202000031050","0.9637","0.9637","","",""
"2022-06-29","159717","202000031050","0.9523","0.9523","","",""
"2022-06-30","159717","202000031050","0.9706","0.9706","","",""
"2022-07-01","159717","202000031050","0.9658","0.9658","","",""
"2022-07-04","159717","202000031050","0.9719","0.9719","","",""
"2022-07-05","159717","202000031050","0.9697","0.9697","","",""
"2022-07-06","159717","202000031050","0.9535","0.9535","","",""
"2022-07-07","159717","202000031050","0.9565","0.9565","","",""
"2022-07-08","159717","202000031050","0.9547","0.9547","","",""
"2022-07-11","159717","202000031050","0.9407","0.9407","","",""
"2022-07-12","159717","202000031050","0.9346","0.9346","","",""
"2022-07-13","159717","202000031050","0.9366","0.9366","","",""
"2022-07-14","159717","202000031050","0.9347","0.9347","","",""
"2022-07-15","159717","202000031050","0.9217","0.9217","","",""
"2022-07-18","159717","202000031050","0.9320","0.9320","","",""
"2022-07-19","159717","202000031050","0.9273","0.9273","","",""
"2022-07-20","159717","202000031050","0.9310","0.9310","","",""
"2022-07-21","159717","202000031050","0.9203","0.9203","","",""
"2022-07-22","159717","202000031050","0.9198","0.9198","","",""
"2022-07-25","159717","202000031050","0.9158","0.9158","","",""
"2022-07-26","159717","202000031050","0.9230","0.9230","","",""
"2022-07-27","159717","202000031050","0.9198","0.9198","","",""
"2022-07-28","159717","202000031050","0.9190","0.9190","","",""
"2022-07-29","159717","202000031050","0.9075","0.9075","","",""
"2022-08-01","159717","202000031050","0.9104","0.9104","","",""
"2022-08-02","159717","202000031050","0.8927","0.8927","","",""
"2022-08-03","159717","202000031050","0.8830","0.8830","","",""
"2022-08-04","159717","202000031050","0.8897","0.8897","","",""
"2022-08-05","159717","202000031050","0.9001","0.9001","","",""
"2022-08-08","159717","202000031050","0.8991","0.8991","","",""
"2022-08-09","159717","202000031050","0.9021","0.9021","","",""
"2022-08-10","159717","202000031050","0.8935","0.8935","","",""
"2022-08-11","159717","202000031050","0.9100","0.9100","","",""
"2022-08-12","159717","202000031050","0.9104","0.9104","","",""
"2022-08-15","159717","202000031050","0.9105","0.9105","","",""
"2022-08-16","159717","202000031050","0.9096","0.9096","","",""
"2022-08-17","159717","202000031050","0.9161","0.9161","","",""
"2022-08-18","159717","202000031050","0.9095","0.9095","","",""
"2022-08-19","159717","202000031050","0.9047","0.9047","","",""
"2022-08-22","159717","202000031050","0.9106","0.9106","","",""
"2022-08-23","159717","202000031050","0.9060","0.9060","","",""
"2022-08-24","159717","202000031050","0.8906","0.8906","","",""
"2022-08-25","159717","202000031050","0.8995","0.8995","","",""
"2022-08-26","159717","202000031050","0.8987","0.8987","","",""
"2022-08-29","159717","202000031050","0.8946","0.8946","","",""
"2022-08-30","159717","202000031050","0.8907","0.8907","","",""
"2022-08-31","159717","202000031050","0.8923","0.8923","","",""
"2022-09-01","159717","202000031050","0.8853","0.8853","","",""
"2022-09-02","159717","202000031050","0.8799","0.8799","","",""
"2022-09-05","159717","202000031050","0.8786","0.8786","","",""
"2022-09-06","159717","202000031050","0.8865","0.8865","","",""
"2022-09-07","159717","202000031050","0.8846","0.8846","","",""
"2022-09-08","159717","202000031050","0.8818","0.8818","","",""
"2022-09-09","159717","202000031050","0.8950","0.8950","","",""
"2022-09-13","159717","202000031050","0.8992","0.8992","","",""
"2022-09-14","159717","202000031050","0.8895","0.8895","","",""
"2022-09-15","159717","202000031050","0.8824","0.8824","","",""
"2022-09-16","159717","202000031050","0.8630","0.8630","","",""
"2022-09-19","159717","202000031050","0.8629","0.8629","","",""
"2022-09-20","159717","202000031050","0.8637","0.8637","","",""
"2022-09-21","159717","202000031050","0.8573","0.8573","","",""
"2022-09-22","159717","202000031050","0.8495","0.8495","","",""
"2022-09-23","159717","202000031050","0.8470","0.8470","","",""
"2022-09-26","159717","202000031050","0.8444","0.8444","","",""
"2022-09-27","159717","202000031050","0.8573","0.8573","","",""
"2022-09-28","159717","202000031050","0.8456","0.8456","","",""
"2022-09-29","159717","202000031050","0.8463","0.8463","","",""
"2022-09-30","159717","202000031050","0.8427","0.8427","","",""
"2022-10-10","159717","202000031050","0.8238","0.8238","","",""
"2022-10-11","159717","202000031050","0.8257","0.8257","","",""
"2022-10-12","159717","202000031050","0.8354","0.8354","","",""
"2022-10-13","159717","202000031050","0.8284","0.8284","","",""
"2022-10-14","159717","202000031050","0.8490","0.8490","","",""
"2022-10-17","159717","202000031050","0.8478","0.8478","","",""
"2022-10-18","159717","202000031050","0.8465","0.8465","","",""
"2022-10-19","159717","202000031050","0.8321","0.8321","","",""
"2022-10-20","159717","202000031050","0.8254","0.8254","","",""
"2022-10-21","159717","202000031050","0.8226","0.8226","","",""
"2022-10-24","159717","202000031050","0.7971","0.7971","","",""
"2022-10-25","159717","202000031050","0.7961","0.7961","","",""
"2022-10-26","159717","202000031050","0.8020","0.8020","","",""
"2022-10-27","159717","202000031050","0.7947","0.7947","","",""
"2022-10-28","159717","202000031050","0.7741","0.7741","","",""
"2022-10-31","159717","202000031050","0.7654","0.7654","","",""
"2022-11-01","159717","202000031050","0.7935","0.7935","","",""
"2022-11-02","159717","202000031050","0.8021","0.8021","","",""
"2022-11-03","159717","202000031050","0.7954","0.7954","","",""
"2022-11-04","159717","202000031050","0.8203","0.8203","","",""
"2022-11-07","159717","202000031050","0.8224","0.8224","","",""
"2022-11-08","159717","202000031050","0.8164","0.8164","","",""
"2022-11-09","159717","202000031050","0.8105","0.8105","","",""
"2022-11-10","159717","202000031050","0.8063","0.8063","","",""
"2022-11-11","159717","202000031050","0.8290","0.8290","","",""
"2022-11-14","159717","202000031050","0.8323","0.8323","","",""
"2022-11-15","159717","202000031050","0.8467","0.8467","","",""
"2022-11-16","159717","202000031050","0.8413","0.8413","","",""
"2022-11-17","159717","202000031050","0.8369","0.8369","","",""
"2022-11-18","159717","202000031050","0.8368","0.8368","","",""
"2022-11-21","159717","202000031050","0.8302","0.8302","","",""
"2022-11-22","159717","202000031050","0.8293","0.8293","","",""
"2022-11-23","159717","202000031050","0.8309","0.8309","","",""
"2022-11-24","159717","202000031050","0.8281","0.8281","","",""
"2022-11-25","159717","202000031050","0.8317","0.8317","","",""
"2022-11-28","159717","202000031050","0.8229","0.8229","","",""
"2022-11-29","159717","202000031050","0.8491","0.8491","","",""
"2022-11-30","159717","202000031050","0.8483","0.8483","","",""
"2022-12-01","159717","202000031050","0.8578","0.8578","","",""
"2022-12-02","159717","202000031050","0.8531","0.8531","","",""
"2022-12-05","159717","202000031050","0.8679","0.8679","","",""
"2022-12-06","159717","202000031050","0.8734","0.8734","","",""
"2022-12-07","159717","202000031050","0.8717","0.8717","","",""
"2022-12-08","159717","202000031050","0.8729","0.8729","","",""
"2022-12-09","159717","202000031050","0.8826","0.8826","","",""
"2022-12-12","159717","202000031050","0.8727","0.8727","","",""
"2022-12-13","159717","202000031050","0.8710","0.8710","","",""
"2022-12-14","159717","202000031050","0.8739","0.8739","","",""
"2022-12-15","159717","202000031050","0.8726","0.8726","","",""
"2022-12-16","159717","202000031050","0.8745","0.8745","","",""
"2022-12-19","159717","202000031050","0.8617","0.8617","","",""
"2022-12-20","159717","202000031050","0.8460","0.8460","","",""
"2022-12-21","159717","202000031050","0.8468","0.8468","","",""
"2022-12-22","159717","202000031050","0.8487","0.8487","","",""
"2022-12-23","159717","202000031050","0.8480","0.8480","","",""
"2022-12-26","159717","202000031050","0.8492","0.8492","","",""
"2022-12-27","159717","202000031050","0.8592","0.8592","","",""
"2022-12-28","159717","202000031050","0.8574","0.8574","","",""
"2022-12-29","159717","202000031050","0.8543","0.8543","","",""
"2022-12-30","159717","202000031050","0.8580","0.8580","","",""
"2022-12-31","159717","202000031050","0.8579","0.8579","","",""
"2023-01-03","159717","202000031050","0.8604","0.8604","","",""
"2023-01-04","159717","202000031050","0.8619","0.8619","","",""
"2023-01-05","159717","202000031050","0.8784","0.8784","","",""
"2023-01-06","159717","202000031050","0.8817","0.8817","","",""
"2023-01-09","159717","202000031050","0.8883","0.8883","","",""
"2023-01-10","159717","202000031050","0.8895","0.8895","","",""
"2023-01-11","159717","202000031050","0.8891","0.8891","","",""
"2023-01-12","159717","202000031050","0.8892","0.8892","","",""
"2023-01-13","159717","202000031050","0.9027","0.9027","","",""
"2023-01-16","159717","202000031050","0.9159","0.9159","","",""
"2023-01-17","159717","202000031050","0.9143","0.9143","","",""
"2023-01-18","159717","202000031050","0.9122","0.9122","","",""
"2023-01-19","159717","202000031050","0.9166","0.9166","","",""
"2023-01-20","159717","202000031050","0.9220","0.9220","","",""
"2023-01-30","159717","202000031050","0.9250","0.9250","","",""
"2023-01-31","159717","202000031050","0.9164","0.9164","","",""
"2023-02-01","159717","202000031050","0.9224","0.9224","","",""
"2023-02-02","159717","202000031050","0.9203","0.9203","","",""
"2023-02-03","159717","202000031050","0.9107","0.9107","","",""
"2023-02-06","159717","202000031050","0.8988","0.8988","","",""
"2023-02-07","159717","202000031050","0.9013","0.9013","","",""
"2023-02-08","159717","202000031050","0.8981","0.8981","","",""
"2023-02-09","159717","202000031050","0.9092","0.9092","","",""
"2023-02-10","159717","202000031050","0.9053","0.9053","","",""
"2023-02-13","159717","202000031050","0.9148","0.9148","","",""
"2023-02-14","159717","202000031050","0.9155","0.9155","","",""
"2023-02-15","159717","202000031050","0.9095","0.9095","","",""
"2023-02-16","159717","202000031050","0.9046","0.9046","","",""
"2023-02-17","159717","202000031050","0.8943","0.8943","","",""
"2023-02-20","159717","202000031050","0.9155","0.9155","","",""
"2023-02-21","159717","202000031050","0.9177","0.9177","","",""
"2023-02-22","159717","202000031050","0.9097","0.9097","","",""
"2023-02-23","159717","202000031050","0.9093","0.9093","","",""
"2023-02-24","159717","202000031050","0.8995","0.8995","","",""
"2023-02-27","159717","202000031050","0.8972","0.8972","","",""
"2023-02-28","159717","202000031050","0.9019","0.9019","","",""
"2023-03-01","159717","202000031050","0.9128","0.9128","","",""
"2023-03-02","159717","202000031050","0.9107","0.9107","","",""
"2023-03-03","159717","202000031050","0.9117","0.9117","","",""
"2023-03-06","159717","202000031050","0.9070","0.9070","","",""
"2023-03-07","159717","202000031050","0.8955","0.8955","","",""
"2023-03-08","159717","202000031050","0.8911","0.8911","","",""
"2023-03-09","159717","202000031050","0.8871","0.8871","","",""
"2023-03-10","159717","202000031050","0.8771","0.8771","","",""
"2023-03-13","159717","202000031050","0.8854","0.8854","","",""
"2023-03-14","159717","202000031050","0.8783","0.8783","","",""
"2023-03-15","159717","202000031050","0.8798","0.8798","","",""
"2023-03-16","159717","202000031050","0.8702","0.8702","","",""
"2023-03-17","159717","202000031050","0.8721","0.8721","","",""
"2023-03-20","159717","202000031050","0.8690","0.8690","","",""
"2023-03-21","159717","202000031050","0.8791","0.8791","","",""
"2023-03-22","159717","202000031050","0.8832","0.8832","","",""
"2023-03-23","159717","202000031050","0.8886","0.8886","","",""
"2023-03-24","159717","202000031050","0.8853","0.8853","","",""
"2023-03-27","159717","202000031050","0.8841","0.8841","","",""
"2023-03-28","159717","202000031050","0.8827","0.8827","","",""
"2023-03-29","159717","202000031050","0.8827","0.8827","","",""
"2023-03-30","159717","202000031050","0.8905","0.8905","","",""
"2023-03-31","159717","202000031050","0.8920","0.8920","","",""
"2022-04-06","159791","202000036118","0.9725","0.9725","","",""
"2022-04-07","159791","202000036118","0.9608","0.9608","","",""
"2022-04-08","159791","202000036118","0.9655","0.9655","","",""
"2022-04-11","159791","202000036118","0.9385","0.9385","","",""
"2022-04-12","159791","202000036118","0.9542","0.9542","","",""
"2022-04-13","159791","202000036118","0.9475","0.9475","","",""
"2022-04-14","159791","202000036118","0.9585","0.9585","","",""
"2022-04-15","159791","202000036118","0.9579","0.9579","","",""
"2022-04-18","159791","202000036118","0.9503","0.9503","","",""
"2022-04-19","159791","202000036118","0.9428","0.9428","","",""
"2022-04-20","159791","202000036118","0.9274","0.9274","","",""
"2022-04-21","159791","202000036118","0.9119","0.9119","","",""
"2022-04-22","159791","202000036118","0.9183","0.9183","","",""
"2022-04-25","159791","202000036118","0.8737","0.8737","","",""
"2022-04-26","159791","202000036118","0.8701","0.8701","","",""
"2022-04-27","159791","202000036118","0.8929","0.8929","","",""
"2022-04-28","159791","202000036118","0.9007","0.9007","","",""
"2022-04-29","159791","202000036118","0.9196","0.9196","","",""
"2022-05-05","159791","202000036118","0.9155","0.9155","","",""
"2022-05-06","159791","202000036118","0.8920","0.8920","","",""
"2022-05-09","159791","202000036118","0.8834","0.8834","","",""
"2022-05-10","159791","202000036118","0.8927","0.8927","","",""
"2022-05-11","159791","202000036118","0.9058","0.9058","","",""
"2022-05-12","159791","202000036118","0.9009","0.9009","","",""
"2022-05-13","159791","202000036118","0.9084","0.9084","","",""
"2022-05-16","159791","202000036118","0.9009","0.9009","","",""
"2022-05-17","159791","202000036118","0.9134","0.9134","","",""
"2022-05-18","159791","202000036118","0.9097","0.9097","","",""
"2022-05-19","159791","202000036118","0.9108","0.9108","","",""
"2022-05-20","159791","202000036118","0.9292","0.9292","","",""
"2022-05-23","159791","202000036118","0.9222","0.9222","","",""
"2022-05-24","159791","202000036118","0.9018","0.9018","","",""
"2022-05-25","159791","202000036118","0.9067","0.9067","","",""
"2022-05-26","159791","202000036118","0.9088","0.9088","","",""
"2022-05-27","159791","202000036118","0.9120","0.9120","","",""
"2022-05-30","159791","202000036118","0.9183","0.9183","","",""
"2022-05-31","159791","202000036118","0.9329","0.9329","","",""
"2022-06-01","159791","202000036118","0.9316","0.9316","","",""
"2022-06-02","159791","202000036118","0.9316","0.9316","","",""
"2022-06-06","159791","202000036118","0.9486","0.9486","","",""
"2022-06-07","159791","202000036118","0.9515","0.9515","","",""
"2022-06-08","159791","202000036118","0.9602","0.9602","","",""
"2022-06-09","159791","202000036118","0.9507","0.9507","","",""
"2022-06-10","159791","202000036118","0.9639","0.9639","","",""
"2022-06-13","159791","202000036118","0.9506","0.9506","","",""
"2022-06-14","159791","202000036118","0.9564","0.9564","","",""
"2022-06-15","159791","202000036118","0.9689","0.9689","","",""
"2022-06-16","159791","202000036118","0.9640","0.9640","","",""
"2022-06-17","159791","202000036118","0.9766","0.9766","","",""
"2022-06-20","159791","202000036118","0.9828","0.9828","","",""
"2022-06-21","159791","202000036118","0.9831","0.9831","","",""
"2022-06-22","159791","202000036118","0.9709","0.9709","","",""
"2022-06-23","159791","202000036118","0.9869","0.9869","","",""
"2022-06-24","159791","202000036118","0.9986","0.9986","","",""
"2022-06-27","159791","202000036118","1.0099","1.0099","","",""
"2022-06-28","159791","202000036118","1.0190","1.0190","","",""
"2022-06-29","159791","202000036118","1.0041","1.0041","","",""
"2022-06-30","159791","202000036118","1.0191","1.0191","","",""
"2022-07-01","159791","202000036118","1.0146","1.0146","","",""
"2022-07-04","159791","202000036118","1.0206","1.0206","","",""
"2022-07-05","159791","202000036118","1.0191","1.0191","","",""
"2022-07-06","159791","202000036118","1.0052","1.0052","","",""
"2022-07-07","159791","202000036118","1.0102","1.0102","","",""
"2022-07-08","159791","202000036118","1.0079","1.0079","","",""
"2022-07-11","159791","202000036118","0.9916","0.9916","","",""
"2022-07-12","159791","202000036118","0.9839","0.9839","","",""
"2022-07-13","159791","202000036118","0.9844","0.9844","","",""
"2022-07-14","159791","202000036118","0.9837","0.9837","","",""
"2022-07-15","159791","202000036118","0.9706","0.9706","","",""
"2022-07-18","159791","202000036118","0.9798","0.9798","","",""
"2022-07-19","159791","202000036118","0.9742","0.9742","","",""
"2022-07-20","159791","202000036118","0.9762","0.9762","","",""
"2022-07-21","159791","202000036118","0.9663","0.9663","","",""
"2022-07-22","159791","202000036118","0.9665","0.9665","","",""
"2022-07-25","159791","202000036118","0.9616","0.9616","","",""
"2022-07-26","159791","202000036118","0.9693","0.9693","","",""
"2022-07-27","159791","202000036118","0.9647","0.9647","","",""
"2022-07-28","159791","202000036118","0.9640","0.9640","","",""
"2022-07-29","159791","202000036118","0.9521","0.9521","","",""
"2022-08-01","159791","202000036118","0.9562","0.9562","","",""
"2022-08-02","159791","202000036118","0.9386","0.9386","","",""
"2022-08-03","159791","202000036118","0.9286","0.9286","","",""
"2022-08-04","159791","202000036118","0.9365","0.9365","","",""
"2022-08-05","159791","202000036118","0.9497","0.9497","","",""
"2022-08-08","159791","202000036118","0.9470","0.9470","","",""
"2022-08-09","159791","202000036118","0.9478","0.9478","","",""
"2022-08-10","159791","202000036118","0.9367","0.9367","","",""
"2022-08-11","159791","202000036118","0.9554","0.9554","","",""
"2022-08-12","159791","202000036118","0.9557","0.9557","","",""
"2022-08-15","159791","202000036118","0.9537","0.9537","","",""
"2022-08-16","159791","202000036118","0.9519","0.9519","","",""
"2022-08-17","159791","202000036118","0.9614","0.9614","","",""
"2022-08-18","159791","202000036118","0.9530","0.9530","","",""
"2022-08-19","159791","202000036118","0.9479","0.9479","","",""
"2022-08-22","159791","202000036118","0.9545","0.9545","","",""
"2022-08-23","159791","202000036118","0.9487","0.9487","","",""
"2022-08-24","159791","202000036118","0.9312","0.9312","","",""
"2022-08-25","159791","202000036118","0.9391","0.9391","","",""
"2022-08-26","159791","202000036118","0.9390","0.9390","","",""
"2022-08-29","159791","202000036118","0.9333","0.9333","","",""
"2022-08-30","159791","202000036118","0.9311","0.9311","","",""
"2022-08-31","159791","202000036118","0.9323","0.9323","","",""
"2022-09-01","159791","202000036118","0.9246","0.9246","","",""
"2022-09-02","159791","202000036118","0.9193","0.9193","","",""
"2022-09-05","159791","202000036118","0.9158","0.9158","","",""
"2022-09-06","159791","202000036118","0.9228","0.9228","","",""
"2022-09-07","159791","202000036118","0.9212","0.9212","","",""
"2022-09-08","159791","202000036118","0.9172","0.9172","","",""
"2022-09-09","159791","202000036118","0.9301","0.9301","","",""
"2022-09-13","159791","202000036118","0.9349","0.9349","","",""
"2022-09-14","159791","202000036118","0.9248","0.9248","","",""
"2022-09-15","159791","202000036118","0.9174","0.9174","","",""
"2022-09-16","159791","202000036118","0.8981","0.8981","","",""
"2022-09-19","159791","202000036118","0.8982","0.8982","","",""
"2022-09-20","159791","202000036118","0.8983","0.8983","","",""
"2022-09-21","159791","202000036118","0.8913","0.8913","","",""
"2022-09-22","159791","202000036118","0.8828","0.8828","","",""
"2022-09-23","159791","202000036118","0.8806","0.8806","","",""
"2022-09-26","159791","202000036118","0.8767","0.8767","","",""
"2022-09-27","159791","202000036118","0.8891","0.8891","","",""
"2022-09-28","159791","202000036118","0.8758","0.8758","","",""
"2022-09-29","159791","202000036118","0.8758","0.8758","","",""
"2022-09-30","159791","202000036118","0.8714","0.8714","","",""
"2022-10-10","159791","202000036118","0.8513","0.8513","","",""
"2022-10-11","159791","202000036118","0.8520","0.8520","","",""
"2022-10-12","159791","202000036118","0.8638","0.8638","","",""
"2022-10-13","159791","202000036118","0.8562","0.8562","","",""
"2022-10-14","159791","202000036118","0.8773","0.8773","","",""
"2022-10-17","159791","202000036118","0.8770","0.8770","","",""
"2022-10-18","159791","202000036118","0.8749","0.8749","","",""
"2022-10-19","159791","202000036118","0.8604","0.8604","","",""
"2022-10-20","159791","202000036118","0.8556","0.8556","","",""
"2022-10-21","159791","202000036118","0.8526","0.8526","","",""
"2022-10-24","159791","202000036118","0.8267","0.8267","","",""
"2022-10-25","159791","202000036118","0.8260","0.8260","","",""
"2022-10-26","159791","202000036118","0.8315","0.8315","","",""
"2022-10-27","159791","202000036118","0.8256","0.8256","","",""
"2022-10-28","159791","202000036118","0.8048","0.8048","","",""
"2022-10-31","159791","202000036118","0.7972","0.7972","","",""
"2022-11-01","159791","202000036118","0.8259","0.8259","","",""
"2022-11-02","159791","202000036118","0.8362","0.8362","","",""
"2022-11-03","159791","202000036118","0.8280","0.8280","","",""
"2022-11-04","159791","202000036118","0.8550","0.8550","","",""
"2022-11-07","159791","202000036118","0.8574","0.8574","","",""
"2022-11-08","159791","202000036118","0.8513","0.8513","","",""
"2022-11-09","159791","202000036118","0.8434","0.8434","","",""
"2022-11-10","159791","202000036118","0.8371","0.8371","","",""
"2022-11-11","159791","202000036118","0.8614","0.8614","","",""
"2022-11-14","159791","202000036118","0.8635","0.8635","","",""
"2022-11-15","159791","202000036118","0.8788","0.8788","","",""
"2022-11-16","159791","202000036118","0.8723","0.8723","","",""
"2022-11-17","159791","202000036118","0.8678","0.8678","","",""
"2022-11-18","159791","202000036118","0.8655","0.8655","","",""
"2022-11-21","159791","202000036118","0.8582","0.8582","","",""
"2022-11-22","159791","202000036118","0.8587","0.8587","","",""
"2022-11-23","159791","202000036118","0.8595","0.8595","","",""
"2022-11-24","159791","202000036118","0.8550","0.8550","","",""
"2022-11-25","159791","202000036118","0.8597","0.8597","","",""
"2022-11-28","159791","202000036118","0.8495","0.8495","","",""
"2022-11-29","159791","202000036118","0.8759","0.8759","","",""
"2022-11-30","159791","202000036118","0.8772","0.8772","","",""
"2022-12-01","159791","202000036118","0.8873","0.8873","","",""
"2022-12-02","159791","202000036118","0.8821","0.8821","","",""
"2022-12-05","159791","202000036118","0.8977","0.8977","","",""
"2022-12-06","159791","202000036118","0.9030","0.9030","","",""
"2022-12-07","159791","202000036118","0.9006","0.9006","","",""
"2022-12-08","159791","202000036118","0.9010","0.9010","","",""
"2022-12-09","159791","202000036118","0.9103","0.9103","","",""
"2022-12-12","159791","202000036118","0.9009","0.9009","","",""
"2022-12-13","159791","202000036118","0.8991","0.8991","","",""
"2022-12-14","159791","202000036118","0.9017","0.9017","","",""
"2022-12-15","159791","202000036118","0.9013","0.9013","","",""
"2022-12-16","159791","202000036118","0.9025","0.9025","","",""
"2022-12-19","159791","202000036118","0.8888","0.8888","","",""
"2022-12-20","159791","202000036118","0.8733","0.8733","","",""
"2022-12-21","159791","202000036118","0.8736","0.8736","","",""
"2022-12-22","159791","202000036118","0.8757","0.8757","","",""
"2022-12-23","159791","202000036118","0.8745","0.8745","","",""
"2022-12-26","159791","202000036118","0.8770","0.8770","","",""
"2022-12-27","159791","202000036118","0.8877","0.8877","","",""
"2022-12-28","159791","202000036118","0.8843","0.8843","","",""
"2022-12-29","159791","202000036118","0.8807","0.8807","","",""
"2022-12-30","159791","202000036118","0.8840","0.8840","","",""
"2022-12-31","159791","202000036118","0.8839","0.8839","","",""
"2023-01-03","159791","202000036118","0.8880","0.8880","","",""
"2023-01-04","159791","202000036118","0.8892","0.8892","","",""
"2023-01-05","159791","202000036118","0.9065","0.9065","","",""
"2023-01-06","159791","202000036118","0.9087","0.9087","","",""
"2023-01-09","159791","202000036118","0.9156","0.9156","","",""
"2023-01-10","159791","202000036118","0.9174","0.9174","","",""
"2023-01-11","159791","202000036118","0.9160","0.9160","","",""
"2023-01-12","159791","202000036118","0.9175","0.9175","","",""
"2023-01-13","159791","202000036118","0.9302","0.9302","","",""
"2023-01-16","159791","202000036118","0.9454","0.9454","","",""
"2023-01-17","159791","202000036118","0.9446","0.9446","","",""
"2023-01-18","159791","202000036118","0.9430","0.9430","","",""
"2023-01-19","159791","202000036118","0.9485","0.9485","","",""
"2023-01-20","159791","202000036118","0.9545","0.9545","","",""
"2023-01-30","159791","202000036118","0.9593","0.9593","","",""
"2023-01-31","159791","202000036118","0.9482","0.9482","","",""
"2023-02-01","159791","202000036118","0.9559","0.9559","","",""
"2023-02-02","159791","202000036118","0.9532","0.9532","","",""
"2023-02-03","159791","202000036118","0.9440","0.9440","","",""
"2023-02-06","159791","202000036118","0.9314","0.9314","","",""
"2023-02-07","159791","202000036118","0.9332","0.9332","","",""
"2023-02-08","159791","202000036118","0.9290","0.9290","","",""
"2023-02-09","159791","202000036118","0.9412","0.9412","","",""
"2023-02-10","159791","202000036118","0.9353","0.9353","","",""
"2023-02-13","159791","202000036118","0.9436","0.9436","","",""
"2023-02-14","159791","202000036118","0.9434","0.9434","","",""
"2023-02-15","159791","202000036118","0.9392","0.9392","","",""
"2023-02-16","159791","202000036118","0.9335","0.9335","","",""
"2023-02-17","159791","202000036118","0.9192","0.9192","","",""
"2023-02-20","159791","202000036118","0.9422","0.9422","","",""
"2023-02-21","159791","202000036118","0.9442","0.9442","","",""
"2023-02-22","159791","202000036118","0.9356","0.9356","","",""
"2023-02-23","159791","202000036118","0.9345","0.9345","","",""
"2023-02-24","159791","202000036118","0.9247","0.9247","","",""
"2023-02-27","159791","202000036118","0.9214","0.9214","","",""
"2023-02-28","159791","202000036118","0.9273","0.9273","","",""
"2023-03-01","159791","202000036118","0.9432","0.9432","","",""
"2023-03-02","159791","202000036118","0.9416","0.9416","","",""
"2023-03-03","159791","202000036118","0.9444","0.9444","","",""
"2023-03-06","159791","202000036118","0.9395","0.9395","","",""
"2023-03-07","159791","202000036118","0.9264","0.9264","","",""
"2023-03-08","159791","202000036118","0.9227","0.9227","","",""
"2023-03-09","159791","202000036118","0.9197","0.9197","","",""
"2023-03-10","159791","202000036118","0.9073","0.9073","","",""
"2023-03-13","159791","202000036118","0.9175","0.9175","","",""
"2023-03-14","159791","202000036118","0.9126","0.9126","","",""
"2023-03-15","159791","202000036118","0.9132","0.9132","","",""
"2023-03-16","159791","202000036118","0.9030","0.9030","","",""
"2023-03-17","159791","202000036118","0.9080","0.9080","","",""
"2023-03-20","159791","202000036118","0.9027","0.9027","","",""
"2023-03-21","159791","202000036118","0.9125","0.9125","","",""
"2023-03-22","159791","202000036118","0.9171","0.9171","","",""
"2023-03-23","159791","202000036118","0.9271","0.9271","","",""
"2023-03-24","159791","202000036118","0.9245","0.9245","","",""
"2023-03-27","159791","202000036118","0.9206","0.9206","","",""
"2023-03-28","159791","202000036118","0.9177","0.9177","","",""
"2023-03-29","159791","202000036118","0.9202","0.9202","","",""
"2023-03-30","159791","202000036118","0.9274","0.9274","","",""
"2023-03-31","159791","202000036118","0.9298","0.9298","","",""
"2022-04-06","501086","202000021339","1.3214","1.3214","","",""
"2022-04-07","501086","202000021339","1.3043","1.3043","","",""
"2022-04-08","501086","202000021339","1.3094","1.3094","","",""
"2022-04-11","501086","202000021339","1.2731","1.2731","","",""
"2022-04-12","501086","202000021339","1.2945","1.2945","","",""
"2022-04-13","501086","202000021339","1.2818","1.2818","","",""
"2022-04-14","501086","202000021339","1.2965","1.2965","","",""
"2022-04-15","501086","202000021339","1.2968","1.2968","","",""
"2022-04-18","501086","202000021339","1.2894","1.2894","","",""
"2022-04-19","501086","202000021339","1.2804","1.2804","","",""
"2022-04-20","501086","202000021339","1.2590","1.2590","","",""
"2022-04-21","501086","202000021339","1.2356","1.2356","","",""
"2022-04-22","501086","202000021339","1.2413","1.2413","","",""
"2022-04-25","501086","202000021339","1.1827","1.1827","","",""
"2022-04-26","501086","202000021339","1.1755","1.1755","","",""
"2022-04-27","501086","202000021339","1.2079","1.2079","","",""
"2022-04-28","501086","202000021339","1.2159","1.2159","","",""
"2022-04-29","501086","202000021339","1.2446","1.2446","","",""
"2022-05-05","501086","202000021339","1.2423","1.2423","","",""
"2022-05-06","501086","202000021339","1.2126","1.2126","","",""
"2022-05-09","501086","202000021339","1.2057","1.2057","","",""
"2022-05-10","501086","202000021339","1.2188","1.2188","","",""
"2022-05-11","501086","202000021339","1.2362","1.2362","","",""
"2022-05-12","501086","202000021339","1.2325","1.2325","","",""
"2022-05-13","501086","202000021339","1.2429","1.2429","","",""
"2022-05-16","501086","202000021339","1.2346","1.2346","","",""
"2022-05-17","501086","202000021339","1.2488","1.2488","","",""
"2022-05-18","501086","202000021339","1.2443","1.2443","","",""
"2022-05-19","501086","202000021339","1.2476","1.2476","","",""
"2022-05-20","501086","202000021339","1.2704","1.2704","","",""
"2022-05-23","501086","202000021339","1.2644","1.2644","","",""
"2022-05-24","501086","202000021339","1.2347","1.2347","","",""
"2022-05-25","501086","202000021339","1.2421","1.2421","","",""
"2022-05-26","501086","202000021339","1.2461","1.2461","","",""
"2022-05-27","501086","202000021339","1.2494","1.2494","","",""
"2022-05-30","501086","202000021339","1.2573","1.2573","","",""
"2022-05-31","501086","202000021339","1.2767","1.2767","","",""
"2022-06-01","501086","202000021339","1.2741","1.2741","","",""
"2022-06-02","501086","202000021339","1.2773","1.2773","","",""
"2022-06-06","501086","202000021339","1.3015","1.3015","","",""
"2022-06-07","501086","202000021339","1.3060","1.3060","","",""
"2022-06-08","501086","202000021339","1.3174","1.3174","","",""
"2022-06-09","501086","202000021339","1.3051","1.3051","","",""
"2022-06-10","501086","202000021339","1.3244","1.3244","","",""
"2022-06-13","501086","202000021339","1.3087","1.3087","","",""
"2022-06-14","501086","202000021339","1.3193","1.3193","","",""
"2022-06-15","501086","202000021339","1.3318","1.3318","","",""
"2022-06-16","501086","202000021339","1.3269","1.3269","","",""
"2022-06-17","501086","202000021339","1.3437","1.3437","","",""
"2022-06-20","501086","202000021339","1.3506","1.3506","","",""
"2022-06-21","501086","202000021339","1.3490","1.3490","","",""
"2022-06-22","501086","202000021339","1.3339","1.3339","","",""
"2022-06-23","501086","202000021339","1.3547","1.3547","","",""
"2022-06-24","501086","202000021339","1.3700","1.3700","","",""
"2022-06-27","501086","202000021339","1.3830","1.3830","","",""
"2022-06-28","501086","202000021339","1.3944","1.3944","","",""
"2022-06-29","501086","202000021339","1.3749","1.3749","","",""
"2022-06-30","501086","202000021339","1.3942","1.3942","","",""
"2022-07-01","501086","202000021339","1.3883","1.3883","","",""
"2022-07-04","501086","202000021339","1.3987","1.3987","","",""
"2022-07-05","501086","202000021339","1.3955","1.3955","","",""
"2022-07-06","501086","202000021339","1.3772","1.3772","","",""
"2022-07-07","501086","202000021339","1.3831","1.3831","","",""
"2022-07-08","501086","202000021339","1.3785","1.3785","","",""
"2022-07-11","501086","202000021339","1.3598","1.3598","","",""
"2022-07-12","501086","202000021339","1.3490","1.3490","","",""
"2022-07-13","501086","202000021339","1.3511","1.3511","","",""
"2022-07-14","501086","202000021339","1.3542","1.3542","","",""
"2022-07-15","501086","202000021339","1.3373","1.3373","","",""
"2022-07-18","501086","202000021339","1.3509","1.3509","","",""
"2022-07-19","501086","202000021339","1.3449","1.3449","","",""
"2022-07-20","501086","202000021339","1.3508","1.3508","","",""
"2022-07-21","501086","202000021339","1.3375","1.3375","","",""
"2022-07-22","501086","202000021339","1.3355","1.3355","","",""
"2022-07-25","501086","202000021339","1.3272","1.3272","","",""
"2022-07-26","501086","202000021339","1.3376","1.3376","","",""
"2022-07-27","501086","202000021339","1.3333","1.3333","","",""
"2022-07-28","501086","202000021339","1.3340","1.3340","","",""
"2022-07-29","501086","202000021339","1.3189","1.3189","","",""
"2022-08-01","501086","202000021339","1.3251","1.3251","","",""
"2022-08-02","501086","202000021339","1.3003","1.3003","","",""
"2022-08-03","501086","202000021339","1.2861","1.2861","","",""
"2022-08-04","501086","202000021339","1.2961","1.2961","","",""
"2022-08-05","501086","202000021339","1.3135","1.3135","","",""
"2022-08-08","501086","202000021339","1.3120","1.3120","","",""
"2022-08-09","501086","202000021339","1.3150","1.3150","","",""
"2022-08-10","501086","202000021339","1.3039","1.3039","","",""
"2022-08-11","501086","202000021339","1.3227","1.3227","","",""
"2022-08-12","501086","202000021339","1.3224","1.3224","","",""
"2022-08-15","501086","202000021339","1.3212","1.3212","","",""
"2022-08-16","501086","202000021339","1.3201","1.3201","","",""
"2022-08-17","501086","202000021339","1.3317","1.3317","","",""
"2022-08-18","501086","202000021339","1.3212","1.3212","","",""
"2022-08-19","501086","202000021339","1.3126","1.3126","","",""
"2022-08-22","501086","202000021339","1.3224","1.3224","","",""
"2022-08-23","501086","202000021339","1.3174","1.3174","","",""
"2022-08-24","501086","202000021339","1.2929","1.2929","","",""
"2022-08-25","501086","202000021339","1.3034","1.3034","","",""
"2022-08-26","501086","202000021339","1.3021","1.3021","","",""
"2022-08-29","501086","202000021339","1.2961","1.2961","","",""
"2022-08-30","501086","202000021339","1.2924","1.2924","","",""
"2022-08-31","501086","202000021339","1.2900","1.2900","","",""
"2022-09-01","501086","202000021339","1.2795","1.2795","","",""
"2022-09-02","501086","202000021339","1.2745","1.2745","","",""
"2022-09-05","501086","202000021339","1.2736","1.2736","","",""
"2022-09-06","501086","202000021339","1.2842","1.2842","","",""
"2022-09-07","501086","202000021339","1.2852","1.2852","","",""
"2022-09-08","501086","202000021339","1.2798","1.2798","","",""
"2022-09-09","501086","202000021339","1.2960","1.2960","","",""
"2022-09-13","501086","202000021339","1.2986","1.2986","","",""
"2022-09-14","501086","202000021339","1.2857","1.2857","","",""
"2022-09-15","501086","202000021339","1.2734","1.2734","","",""
"2022-09-16","501086","202000021339","1.2446","1.2446","","",""
"2022-09-19","501086","202000021339","1.2426","1.2426","","",""
"2022-09-20","501086","202000021339","1.2448","1.2448","","",""
"2022-09-21","501086","202000021339","1.2364","1.2364","","",""
"2022-09-22","501086","202000021339","1.2277","1.2277","","",""
"2022-09-23","501086","202000021339","1.2240","1.2240","","",""
"2022-09-26","501086","202000021339","1.2196","1.2196","","",""
"2022-09-27","501086","202000021339","1.2376","1.2376","","",""
"2022-09-28","501086","202000021339","1.2188","1.2188","","",""
"2022-09-29","501086","202000021339","1.2180","1.2180","","",""
"2022-09-30","501086","202000021339","1.2110","1.2110","","",""
"2022-10-10","501086","202000021339","1.1880","1.1880","","",""
"2022-10-11","501086","202000021339","1.1907","1.1907","","",""
"2022-10-12","501086","202000021339","1.2083","1.2083","","",""
"2022-10-13","501086","202000021339","1.2021","1.2021","","",""
"2022-10-14","501086","202000021339","1.2310","1.2310","","",""
"2022-10-17","501086","202000021339","1.2318","1.2318","","",""
"2022-10-18","501086","202000021339","1.2321","1.2321","","",""
"2022-10-19","501086","202000021339","1.2149","1.2149","","",""
"2022-10-20","501086","202000021339","1.2091","1.2091","","",""
"2022-10-21","501086","202000021339","1.2073","1.2073","","",""
"2022-10-24","501086","202000021339","1.1760","1.1760","","",""
"2022-10-25","501086","202000021339","1.1743","1.1743","","",""
"2022-10-26","501086","202000021339","1.1849","1.1849","","",""
"2022-10-27","501086","202000021339","1.1768","1.1768","","",""
"2022-10-28","501086","202000021339","1.1508","1.1508","","",""
"2022-10-31","501086","202000021339","1.1438","1.1438","","",""
"2022-11-01","501086","202000021339","1.1794","1.1794","","",""
"2022-11-02","501086","202000021339","1.1928","1.1928","","",""
"2022-11-03","501086","202000021339","1.1843","1.1843","","",""
"2022-11-04","501086","202000021339","1.2191","1.2191","","",""
"2022-11-07","501086","202000021339","1.2206","1.2206","","",""
"2022-11-08","501086","202000021339","1.2138","1.2138","","",""
"2022-11-09","501086","202000021339","1.2041","1.2041","","",""
"2022-11-10","501086","202000021339","1.1967","1.1967","","",""
"2022-11-11","501086","202000021339","1.2246","1.2246","","",""
"2022-11-14","501086","202000021339","1.2259","1.2259","","",""
"2022-11-15","501086","202000021339","1.2464","1.2464","","",""
"2022-11-16","501086","202000021339","1.2379","1.2379","","",""
"2022-11-17","501086","202000021339","1.2347","1.2347","","",""
"2022-11-18","501086","202000021339","1.2302","1.2302","","",""
"2022-11-21","501086","202000021339","1.2221","1.2221","","",""
"2022-11-22","501086","202000021339","1.2191","1.2191","","",""
"2022-11-23","501086","202000021339","1.2192","1.2192","","",""
"2022-11-24","501086","202000021339","1.2161","1.2161","","",""
"2022-11-25","501086","202000021339","1.2203","1.2203","","",""
"2022-11-28","501086","202000021339","1.2083","1.2083","","",""
"2022-11-29","501086","202000021339","1.2403","1.2403","","",""
"2022-11-30","501086","202000021339","1.2417","1.2417","","",""
"2022-12-01","501086","202000021339","1.2524","1.2524","","",""
"2022-12-02","501086","202000021339","1.2447","1.2447","","",""
"2022-12-05","501086","202000021339","1.2647","1.2647","","",""
"2022-12-06","501086","202000021339","1.2704","1.2704","","",""
"2022-12-07","501086","202000021339","1.2685","1.2685","","",""
"2022-12-08","501086","202000021339","1.2692","1.2692","","",""
"2022-12-09","501086","202000021339","1.2787","1.2787","","",""
"2022-12-12","501086","202000021339","1.2651","1.2651","","",""
"2022-12-13","501086","202000021339","1.2619","1.2619","","",""
"2022-12-14","501086","202000021339","1.2639","1.2639","","",""
"2022-12-15","501086","202000021339","1.2629","1.2629","","",""
"2022-12-16","501086","202000021339","1.2645","1.2645","","",""
"2022-12-19","501086","202000021339","1.2449","1.2449","","",""
"2022-12-20","501086","202000021339","1.2264","1.2264","","",""
"2022-12-21","501086","202000021339","1.2264","1.2264","","",""
"2022-12-22","501086","202000021339","1.2262","1.2262","","",""
"2022-12-23","501086","202000021339","1.2239","1.2239","","",""
"2022-12-26","501086","202000021339","1.2298","1.2298","","",""
"2022-12-27","501086","202000021339","1.2435","1.2435","","",""
"2022-12-28","501086","202000021339","1.2407","1.2407","","",""
"2022-12-29","501086","202000021339","1.2374","1.2374","","",""
"2022-12-30","501086","202000021339","1.2406","1.2406","","",""
"2022-12-31","501086","202000021339","1.2399","1.2399","","",""
"2023-01-03","501086","202000021339","1.2450","1.2450","","",""
"2023-01-04","501086","202000021339","1.2465","1.2465","","",""
"2023-01-05","501086","202000021339","1.2687","1.2687","","",""
"2023-01-06","501086","202000021339","1.2726","1.2726","","",""
"2023-01-09","501086","202000021339","1.2806","1.2806","","",""
"2023-01-10","501086","202000021339","1.2832","1.2832","","",""
"2023-01-11","501086","202000021339","1.2807","1.2807","","",""
"2023-01-12","501086","202000021339","1.2826","1.2826","","",""
"2023-01-13","501086","202000021339","1.2984","1.2984","","",""
"2023-01-16","501086","202000021339","1.3165","1.3165","","",""
"2023-01-17","501086","202000021339","1.3148","1.3148","","",""
"2023-01-18","501086","202000021339","1.3133","1.3133","","",""
"2023-01-19","501086","202000021339","1.3204","1.3204","","",""
"2023-01-20","501086","202000021339","1.3281","1.3281","","",""
"2023-01-30","501086","202000021339","1.3332","1.3332","","",""
"2023-01-31","501086","202000021339","1.3218","1.3218","","",""
"2023-02-01","501086","202000021339","1.3334","1.3334","","",""
"2023-02-02","501086","202000021339","1.3307","1.3307","","",""
"2023-02-03","501086","202000021339","1.3188","1.3188","","",""
"2023-02-06","501086","202000021339","1.3035","1.3035","","",""
"2023-02-07","501086","202000021339","1.3047","1.3047","","",""
"2023-02-08","501086","202000021339","1.3005","1.3005","","",""
"2023-02-09","501086","202000021339","1.3153","1.3153","","",""
"2023-02-10","501086","202000021339","1.3082","1.3082","","",""
"2023-02-13","501086","202000021339","1.3181","1.3181","","",""
"2023-02-14","501086","202000021339","1.3188","1.3188","","",""
"2023-02-15","501086","202000021339","1.3113","1.3113","","",""
"2023-02-16","501086","202000021339","1.3015","1.3015","","",""
"2023-02-17","501086","202000021339","1.2849","1.2849","","",""
"2023-02-20","501086","202000021339","1.3121","1.3121","","",""
"2023-02-21","501086","202000021339","1.3139","1.3139","","",""
"2023-02-22","501086","202000021339","1.3046","1.3046","","",""
"2023-02-23","501086","202000021339","1.3040","1.3040","","",""
"2023-02-24","501086","202000021339","1.2920","1.2920","","",""
"2023-02-27","501086","202000021339","1.2873","1.2873","","",""
"2023-02-28","501086","202000021339","1.2943","1.2943","","",""
"2023-03-01","501086","202000021339","1.3074","1.3074","","",""
"2023-03-02","501086","202000021339","1.3041","1.3041","","",""
"2023-03-03","501086","202000021339","1.3070","1.3070","","",""
"2023-03-06","501086","202000021339","1.3014","1.3014","","",""
"2023-03-07","501086","202000021339","1.2848","1.2848","","",""
"2023-03-08","501086","202000021339","1.2803","1.2803","","",""
"2023-03-09","501086","202000021339","1.2757","1.2757","","",""
"2023-03-10","501086","202000021339","1.2609","1.2609","","",""
"2023-03-13","501086","202000021339","1.2696","1.2696","","",""
"2023-03-14","501086","202000021339","1.2608","1.2608","","",""
"2023-03-15","501086","202000021339","1.2630","1.2630","","",""
"2023-03-16","501086","202000021339","1.2500","1.2500","","",""
"2023-03-17","501086","202000021339","1.2539","1.2539","","",""
"2023-03-20","501086","202000021339","1.2485","1.2485","","",""
"2023-03-21","501086","202000021339","1.2625","1.2625","","",""
"2023-03-22","501086","202000021339","1.2679","1.2679","","",""
"2023-03-23","501086","202000021339","1.2775","1.2775","","",""
"2023-03-24","501086","202000021339","1.2742","1.2742","","",""
"2023-03-27","501086","202000021339","1.2722","1.2722","","",""
"2023-03-28","501086","202000021339","1.2695","1.2695","","",""
"2023-03-29","501086","202000021339","1.2708","1.2708","","",""
"2023-03-30","501086","202000021339","1.2807","1.2807","","",""
"2023-03-31","501086","202000021339","1.2822","1.2822","","",""
"2022-04-06","510990","202000027956","0.8881","0.8881","","",""
"2022-04-07","510990","202000027956","0.8789","0.8789","","",""
"2022-04-08","510990","202000027956","0.8858","0.8858","","",""
"2022-04-11","510990","202000027956","0.8628","0.8628","","",""
"2022-04-12","510990","202000027956","0.8752","0.8752","","",""
"2022-04-13","510990","202000027956","0.8702","0.8702","","",""
"2022-04-14","510990","202000027956","0.8816","0.8816","","",""
"2022-04-15","510990","202000027956","0.8817","0.8817","","",""
"2022-04-18","510990","202000027956","0.8726","0.8726","","",""
"2022-04-19","510990","202000027956","0.8673","0.8673","","",""
"2022-04-20","510990","202000027956","0.8561","0.8561","","",""
"2022-04-21","510990","202000027956","0.8415","0.8415","","",""
"2022-04-22","510990","202000027956","0.8464","0.8464","","",""
"2022-04-25","510990","202000027956","0.8085","0.8085","","",""
"2022-04-26","510990","202000027956","0.8048","0.8048","","",""
"2022-04-27","510990","202000027956","0.8226","0.8226","","",""
"2022-04-28","510990","202000027956","0.8320","0.8320","","",""
"2022-04-29","510990","202000027956","0.8461","0.8461","","",""
"2022-05-05","510990","202000027956","0.8457","0.8457","","",""
"2022-05-06","510990","202000027956","0.8234","0.8234","","",""
"2022-05-09","510990","202000027956","0.8182","0.8182","","",""
"2022-05-10","510990","202000027956","0.8261","0.8261","","",""
"2022-05-11","510990","202000027956","0.8340","0.8340","","",""
"2022-05-12","510990","202000027956","0.8298","0.8298","","",""
"2022-05-13","510990","202000027956","0.8373","0.8373","","",""
"2022-05-16","510990","202000027956","0.8299","0.8299","","",""
"2022-05-17","510990","202000027956","0.8388","0.8388","","",""
"2022-05-18","510990","202000027956","0.8354","0.8354","","",""
"2022-05-19","510990","202000027956","0.8372","0.8372","","",""
"2022-05-20","510990","202000027956","0.8535","0.8535","","",""
"2022-05-23","510990","202000027956","0.8481","0.8481","","",""
"2022-05-24","510990","202000027956","0.8312","0.8312","","",""
"2022-05-25","510990","202000027956","0.8362","0.8362","","",""
"2022-05-26","510990","202000027956","0.8386","0.8386","","",""
"2022-05-27","510990","202000027956","0.8413","0.8413","","",""
"2022-05-30","510990","202000027956","0.8456","0.8456","","",""
"2022-05-31","510990","202000027956","0.8556","0.8556","","",""
"2022-06-01","510990","202000027956","0.8532","0.8532","","",""
"2022-06-02","510990","202000027956","0.8526","0.8526","","",""
"2022-06-06","510990","202000027956","0.8639","0.8639","","",""
"2022-06-07","510990","202000027956","0.8678","0.8678","","",""
"2022-06-08","510990","202000027956","0.8753","0.8753","","",""
"2022-06-09","510990","202000027956","0.8723","0.8723","","",""
"2022-06-10","510990","202000027956","0.8818","0.8818","","",""
"2022-06-13","510990","202000027956","0.8703","0.8703","","",""
"2022-06-14","510990","202000027956","0.8804","0.8804","","",""
"2022-06-15","510990","202000027956","0.8912","0.8912","","",""
"2022-06-16","510990","202000027956","0.8830","0.8830","","",""
"2022-06-17","510990","202000027956","0.8948","0.8948","","",""
"2022-06-20","510990","202000027956","0.8933","0.8933","","",""
"2022-06-21","510990","202000027956","0.8942","0.8942","","",""
"2022-06-22","510990","202000027956","0.8838","0.8838","","",""
"2022-06-23","510990","202000027956","0.8971","0.8971","","",""
"2022-06-24","510990","202000027956","0.9057","0.9057","","",""
"2022-06-27","510990","202000027956","0.9152","0.9152","","",""
"2022-06-28","510990","202000027956","0.9242","0.9242","","",""
"2022-06-29","510990","202000027956","0.9133","0.9133","","",""
"2022-06-30","510990","202000027956","0.9270","0.9270","","",""
"2022-07-01","510990","202000027956","0.9236","0.9236","","",""
"2022-07-04","510990","202000027956","0.9246","0.9246","","",""
"2022-07-05","510990","202000027956","0.9245","0.9245","","",""
"2022-07-06","510990","202000027956","0.9091","0.9091","","",""
"2022-07-07","510990","202000027956","0.9095","0.9095","","",""
"2022-07-08","510990","202000027956","0.9080","0.9080","","",""
"2022-07-11","510990","202000027956","0.8954","0.8954","","",""
"2022-07-12","510990","202000027956","0.8919","0.8919","","",""
"2022-07-13","510990","202000027956","0.8907","0.8907","","",""
"2022-07-14","510990","202000027956","0.8867","0.8867","","",""
"2022-07-15","510990","202000027956","0.8748","0.8748","","",""
"2022-07-18","510990","202000027956","0.8864","0.8864","","",""
"2022-07-19","510990","202000027956","0.8833","0.8833","","",""
"2022-07-20","510990","202000027956","0.8872","0.8872","","",""
"2022-07-21","510990","202000027956","0.8770","0.8770","","",""
"2022-07-22","510990","202000027956","0.8786","0.8786","","",""
"2022-07-25","510990","202000027956","0.8746","0.8746","","",""
"2022-07-26","510990","202000027956","0.8808","0.8808","","",""
"2022-07-27","510990","202000027956","0.8755","0.8755","","",""
"2022-07-28","510990","202000027956","0.8750","0.8750","","",""
"2022-07-29","510990","202000027956","0.8660","0.8660","","",""
"2022-08-01","510990","202000027956","0.8643","0.8643","","",""
"2022-08-02","510990","202000027956","0.8467","0.8467","","",""
"2022-08-03","510990","202000027956","0.8418","0.8418","","",""
"2022-08-04","510990","202000027956","0.8492","0.8492","","",""
"2022-08-05","510990","202000027956","0.8605","0.8605","","",""
"2022-08-08","510990","202000027956","0.8591","0.8591","","",""
"2022-08-09","510990","202000027956","0.8612","0.8612","","",""
"2022-08-10","510990","202000027956","0.8527","0.8527","","",""
"2022-08-11","510990","202000027956","0.8690","0.8690","","",""
"2022-08-12","510990","202000027956","0.8707","0.8707","","",""
"2022-08-15","510990","202000027956","0.8673","0.8673","","",""
"2022-08-16","510990","202000027956","0.8646","0.8646","","",""
"2022-08-17","510990","202000027956","0.8694","0.8694","","",""
"2022-08-18","510990","202000027956","0.8612","0.8612","","",""
"2022-08-19","510990","202000027956","0.8565","0.8565","","",""
"2022-08-22","510990","202000027956","0.8594","0.8594","","",""
"2022-08-23","510990","202000027956","0.8554","0.8554","","",""
"2022-08-24","510990","202000027956","0.8439","0.8439","","",""
"2022-08-25","510990","202000027956","0.8558","0.8558","","",""
"2022-08-26","510990","202000027956","0.8553","0.8553","","",""
"2022-08-29","510990","202000027956","0.8521","0.8521","","",""
"2022-08-30","510990","202000027956","0.8499","0.8499","","",""
"2022-08-31","510990","202000027956","0.8544","0.8544","","",""
"2022-09-01","510990","202000027956","0.8480","0.8480","","",""
"2022-09-02","510990","202000027956","0.8427","0.8427","","",""
"2022-09-05","510990","202000027956","0.8416","0.8416","","",""
"2022-09-06","510990","202000027956","0.8505","0.8505","","",""
"2022-09-07","510990","202000027956","0.8491","0.8491","","",""
"2022-09-08","510990","202000027956","0.8480","0.8480","","",""
"2022-09-09","510990","202000027956","0.8606","0.8606","","",""
"2022-09-13","510990","202000027956","0.8622","0.8622","","",""
"2022-09-14","510990","202000027956","0.8542","0.8542","","",""
"2022-09-15","510990","202000027956","0.8505","0.8505","","",""
"2022-09-16","510990","202000027956","0.8301","0.8301","","",""
"2022-09-19","510990","202000027956","0.8290","0.8290","","",""
"2022-09-20","510990","202000027956","0.8291","0.8291","","",""
"2022-09-21","510990","202000027956","0.8240","0.8240","","",""
"2022-09-22","510990","202000027956","0.8189","0.8189","","",""
"2022-09-23","510990","202000027956","0.8173","0.8173","","",""
"2022-09-26","510990","202000027956","0.8092","0.8092","","",""
"2022-09-27","510990","202000027956","0.8179","0.8179","","",""
"2022-09-28","510990","202000027956","0.8064","0.8064","","",""
"2022-09-29","510990","202000027956","0.8061","0.8061","","",""
"2022-09-30","510990","202000027956","0.8053","0.8053","","",""
"2022-10-10","510990","202000027956","0.7880","0.7880","","",""
"2022-10-11","510990","202000027956","0.7879","0.7879","","",""
"2022-10-12","510990","202000027956","0.7958","0.7958","","",""
"2022-10-13","510990","202000027956","0.7882","0.7882","","",""
"2022-10-14","510990","202000027956","0.8051","0.8051","","",""
"2022-10-17","510990","202000027956","0.8056","0.8056","","",""
"2022-10-18","510990","202000027956","0.8021","0.8021","","",""
"2022-10-19","510990","202000027956","0.7899","0.7899","","",""
"2022-10-20","510990","202000027956","0.7868","0.7868","","",""
"2022-10-21","510990","202000027956","0.7852","0.7852","","",""
"2022-10-24","510990","202000027956","0.7624","0.7624","","",""
"2022-10-25","510990","202000027956","0.7635","0.7635","","",""
"2022-10-26","510990","202000027956","0.7671","0.7671","","",""
"2022-10-27","510990","202000027956","0.7637","0.7637","","",""
"2022-10-28","510990","202000027956","0.7484","0.7484","","",""
"2022-10-31","510990","202000027956","0.7402","0.7402","","",""
"2022-11-01","510990","202000027956","0.7659","0.7659","","",""
"2022-11-02","510990","202000027956","0.7737","0.7737","","",""
"2022-11-03","510990","202000027956","0.7660","0.7660","","",""
"2022-11-04","510990","202000027956","0.7881","0.7881","","",""
"2022-11-07","510990","202000027956","0.7898","0.7898","","",""
"2022-11-08","510990","202000027956","0.7856","0.7856","","",""
"2022-11-09","510990","202000027956","0.7798","0.7798","","",""
"2022-11-10","510990","202000027956","0.7784","0.7784","","",""
"2022-11-11","510990","202000027956","0.7992","0.7992","","",""
"2022-11-14","510990","202000027956","0.8030","0.8030","","",""
"2022-11-15","510990","202000027956","0.8166","0.8166","","",""
"2022-11-16","510990","202000027956","0.8122","0.8122","","",""
"2022-11-17","510990","202000027956","0.8091","0.8091","","",""
"2022-11-18","510990","202000027956","0.8058","0.8058","","",""
"2022-11-21","510990","202000027956","0.7985","0.7985","","",""
"2022-11-22","510990","202000027956","0.8045","0.8045","","",""
"2022-11-23","510990","202000027956","0.8066","0.8066","","",""
"2022-11-24","510990","202000027956","0.8019","0.8019","","",""
"2022-11-25","510990","202000027956","0.8096","0.8096","","",""
"2022-11-28","510990","202000027956","0.7991","0.7991","","",""
"2022-11-29","510990","202000027956","0.8250","0.8250","","",""
"2022-11-30","510990","202000027956","0.8249","0.8249","","",""
"2022-12-01","510990","202000027956","0.8315","0.8315","","",""
"2022-12-02","510990","202000027956","0.8266","0.8266","","",""
"2022-12-05","510990","202000027956","0.8465","0.8465","","",""
"2022-12-06","510990","202000027956","0.8478","0.8478","","",""
"2022-12-07","510990","202000027956","0.8431","0.8431","","",""
"2022-12-08","510990","202000027956","0.8439","0.8439","","",""
"2022-12-09","510990","202000027956","0.8512","0.8512","","",""
"2022-12-12","510990","202000027956","0.8415","0.8415","","",""
"2022-12-13","510990","202000027956","0.8408","0.8408","","",""
"2022-12-14","510990","202000027956","0.8427","0.8427","","",""
"2022-12-15","510990","202000027956","0.8402","0.8402","","",""
"2022-12-16","510990","202000027956","0.8431","0.8431","","",""
"2022-12-19","510990","202000027956","0.8278","0.8278","","",""
"2022-12-20","510990","202000027956","0.8161","0.8161","","",""
"2022-12-21","510990","202000027956","0.8165","0.8165","","",""
"2022-12-22","510990","202000027956","0.8172","0.8172","","",""
"2022-12-23","510990","202000027956","0.8164","0.8164","","",""
"2022-12-26","510990","202000027956","0.8172","0.8172","","",""
"2022-12-27","510990","202000027956","0.8267","0.8267","","",""
"2022-12-28","510990","202000027956","0.8267","0.8267","","",""
"2022-12-29","510990","202000027956","0.8229","0.8229","","",""
"2022-12-30","510990","202000027956","0.8260","0.8260","","",""
"2022-12-31","510990","202000027956","0.8260","0.8260","","",""
"2023-01-03","510990","202000027956","0.8307","0.8307","","",""
"2023-01-04","510990","202000027956","0.8325","0.8325","","",""
"2023-01-05","510990","202000027956","0.8450","0.8450","","",""
"2023-01-06","510990","202000027956","0.8481","0.8481","","",""
"2023-01-09","510990","202000027956","0.8550","0.8550","","",""
"2023-01-10","510990","202000027956","0.8538","0.8538","","",""
"2023-01-11","510990","202000027956","0.8544","0.8544","","",""
"2023-01-12","510990","202000027956","0.8556","0.8556","","",""
"2023-01-13","510990","202000027956","0.8654","0.8654","","",""
"2023-01-16","510990","202000027956","0.8766","0.8766","","",""
"2023-01-17","510990","202000027956","0.8759","0.8759","","",""
"2023-01-18","510990","202000027956","0.8735","0.8735","","",""
"2023-01-19","510990","202000027956","0.8767","0.8767","","",""
"2023-01-20","510990","202000027956","0.8833","0.8833","","",""
"2023-01-30","510990","202000027956","0.8829","0.8829","","",""
"2023-01-31","510990","202000027956","0.8747","0.8747","","",""
"2023-02-01","510990","202000027956","0.8814","0.8814","","",""
"2023-02-02","510990","202000027956","0.8791","0.8791","","",""
"2023-02-03","510990","202000027956","0.8700","0.8700","","",""
"2023-02-06","510990","202000027956","0.8583","0.8583","","",""
"2023-02-07","510990","202000027956","0.8602","0.8602","","",""
"2023-02-08","510990","202000027956","0.8566","0.8566","","",""
"2023-02-09","510990","202000027956","0.8661","0.8661","","",""
"2023-02-10","510990","202000027956","0.8610","0.8610","","",""
"2023-02-13","510990","202000027956","0.8662","0.8662","","",""
"2023-02-14","510990","202000027956","0.8681","0.8681","","",""
"2023-02-15","510990","202000027956","0.8622","0.8622","","",""
"2023-02-16","510990","202000027956","0.8573","0.8573","","",""
"2023-02-17","510990","202000027956","0.8475","0.8475","","",""
"2023-02-20","510990","202000027956","0.8693","0.8693","","",""
"2023-02-21","510990","202000027956","0.8743","0.8743","","",""
"2023-02-22","510990","202000027956","0.8659","0.8659","","",""
"2023-02-23","510990","202000027956","0.8652","0.8652","","",""
"2023-02-24","510990","202000027956","0.8558","0.8558","","",""
"2023-02-27","510990","202000027956","0.8536","0.8536","","",""
"2023-02-28","510990","202000027956","0.8582","0.8582","","",""
"2023-03-01","510990","202000027956","0.8703","0.8703","","",""
"2023-03-02","510990","202000027956","0.8709","0.8709","","",""
"2023-03-03","510990","202000027956","0.8750","0.8750","","",""
"2023-03-06","510990","202000027956","0.8686","0.8686","","",""
"2023-03-07","510990","202000027956","0.8594","0.8594","","",""
"2023-03-08","510990","202000027956","0.8561","0.8561","","",""
"2023-03-09","510990","202000027956","0.8514","0.8514","","",""
"2023-03-10","510990","202000027956","0.8392","0.8392","","",""
"2023-03-13","510990","202000027956","0.8495","0.8495","","",""
"2023-03-14","510990","202000027956","0.8455","0.8455","","",""
"2023-03-15","510990","202000027956","0.8473","0.8473","","",""
"2023-03-16","510990","202000027956","0.8383","0.8383","","",""
"2023-03-17","510990","202000027956","0.8432","0.8432","","",""
"2023-03-20","510990","202000027956","0.8374","0.8374","","",""
"2023-03-21","510990","202000027956","0.8435","0.8435","","",""
"2023-03-22","510990","202000027956","0.8453","0.8453","","",""
"2023-03-23","510990","202000027956","0.8526","0.8526","","",""
"2023-03-24","510990","202000027956","0.8483","0.8483","","",""
"2023-03-27","510990","202000027956","0.8435","0.8435","","",""
"2023-03-28","510990","202000027956","0.8424","0.8424","","",""
"2023-03-29","510990","202000027956","0.8420","0.8420","","",""
"2023-03-30","510990","202000027956","0.8492","0.8492","","",""
"2023-03-31","510990","202000027956","0.8512","0.8512","","",""
"2022-04-06","516720","202000028861","0.8935","0.8935","","",""
"2022-04-07","516720","202000028861","0.8846","0.8846","","",""
"2022-04-08","516720","202000028861","0.8904","0.8904","","",""
"2022-04-11","516720","202000028861","0.8717","0.8717","","",""
"2022-04-12","516720","202000028861","0.8867","0.8867","","",""
"2022-04-13","516720","202000028861","0.8813","0.8813","","",""
"2022-04-14","516720","202000028861","0.8894","0.8894","","",""
"2022-04-15","516720","202000028861","0.8854","0.8854","","",""
"2022-04-18","516720","202000028861","0.8812","0.8812","","",""
"2022-04-19","516720","202000028861","0.8779","0.8779","","",""
"2022-04-20","516720","202000028861","0.8676","0.8676","","",""
"2022-04-21","516720","202000028861","0.8511","0.8511","","",""
"2022-04-22","516720","202000028861","0.8549","0.8549","","",""
"2022-04-25","516720","202000028861","0.8143","0.8143","","",""
"2022-04-26","516720","202000028861","0.8091","0.8091","","",""
"2022-04-27","516720","202000028861","0.8317","0.8317","","",""
"2022-04-28","516720","202000028861","0.8379","0.8379","","",""
"2022-04-29","516720","202000028861","0.8548","0.8548","","",""
"2022-05-05","516720","202000028861","0.8569","0.8569","","",""
"2022-05-06","516720","202000028861","0.8359","0.8359","","",""
"2022-05-09","516720","202000028861","0.8310","0.8310","","",""
"2022-05-10","516720","202000028861","0.8363","0.8363","","",""
"2022-05-11","516720","202000028861","0.8436","0.8436","","",""
"2022-05-12","516720","202000028861","0.8393","0.8393","","",""
"2022-05-13","516720","202000028861","0.8447","0.8447","","",""
"2022-05-16","516720","202000028861","0.8391","0.8391","","",""
"2022-05-17","516720","202000028861","0.8446","0.8446","","",""
"2022-05-18","516720","202000028861","0.8423","0.8423","","",""
"2022-05-19","516720","202000028861","0.8451","0.8451","","",""
"2022-05-20","516720","202000028861","0.8596","0.8596","","",""
"2022-05-23","516720","202000028861","0.8554","0.8554","","",""
"2022-05-24","516720","202000028861","0.8386","0.8386","","",""
"2022-05-25","516720","202000028861","0.8442","0.8442","","",""
"2022-05-26","516720","202000028861","0.8484","0.8484","","",""
"2022-05-27","516720","202000028861","0.8490","0.8490","","",""
"2022-05-30","516720","202000028861","0.8550","0.8550","","",""
"2022-05-31","516720","202000028861","0.8663","0.8663","","",""
"2022-06-01","516720","202000028861","0.8633","0.8633","","",""
"2022-06-02","516720","202000028861","0.8641","0.8641","","",""
"2022-06-06","516720","202000028861","0.8758","0.8758","","",""
"2022-06-07","516720","202000028861","0.8782","0.8782","","",""
"2022-06-08","516720","202000028861","0.8849","0.8849","","",""
"2022-06-09","516720","202000028861","0.8800","0.8800","","",""
"2022-06-10","516720","202000028861","0.8897","0.8897","","",""
"2022-06-13","516720","202000028861","0.8761","0.8761","","",""
"2022-06-14","516720","202000028861","0.8829","0.8829","","",""
"2022-06-15","516720","202000028861","0.8945","0.8945","","",""
"2022-06-16","516720","202000028861","0.8885","0.8885","","",""
"2022-06-17","516720","202000028861","0.8961","0.8961","","",""
"2022-06-20","516720","202000028861","0.8993","0.8993","","",""
"2022-06-21","516720","202000028861","0.8998","0.8998","","",""
"2022-06-22","516720","202000028861","0.8868","0.8868","","",""
"2022-06-23","516720","202000028861","0.8997","0.8997","","",""
"2022-06-24","516720","202000028861","0.9095","0.9095","","",""
"2022-06-27","516720","202000028861","0.9218","0.9218","","",""
"2022-06-28","516720","202000028861","0.9333","0.9333","","",""
"2022-06-29","516720","202000028861","0.9180","0.9180","","",""
"2022-06-30","516720","202000028861","0.9322","0.9322","","",""
"2022-07-01","516720","202000028861","0.9275","0.9275","","",""
"2022-07-04","516720","202000028861","0.9319","0.9319","","",""
"2022-07-05","516720","202000028861","0.9313","0.9313","","",""
"2022-07-06","516720","202000028861","0.9175","0.9175","","",""
"2022-07-07","516720","202000028861","0.9188","0.9188","","",""
"2022-07-08","516720","202000028861","0.9181","0.9181","","",""
"2022-07-11","516720","202000028861","0.9042","0.9042","","",""
"2022-07-12","516720","202000028861","0.8987","0.8987","","",""
"2022-07-13","516720","202000028861","0.8983","0.8983","","",""
"2022-07-14","516720","202000028861","0.8930","0.8930","","",""
"2022-07-15","516720","202000028861","0.8828","0.8828","","",""
"2022-07-18","516720","202000028861","0.8895","0.8895","","",""
"2022-07-19","516720","202000028861","0.8866","0.8866","","",""
"2022-07-20","516720","202000028861","0.8887","0.8887","","",""
"2022-07-21","516720","202000028861","0.8805","0.8805","","",""
"2022-07-22","516720","202000028861","0.8819","0.8819","","",""
"2022-07-25","516720","202000028861","0.8772","0.8772","","",""
"2022-07-26","516720","202000028861","0.8853","0.8853","","",""
"2022-07-27","516720","202000028861","0.8804","0.8804","","",""
"2022-07-28","516720","202000028861","0.8818","0.8818","","",""
"2022-07-29","516720","202000028861","0.8700","0.8700","","",""
"2022-08-01","516720","202000028861","0.8699","0.8699","","",""
"2022-08-02","516720","202000028861","0.8512","0.8512","","",""
"2022-08-03","516720","202000028861","0.8431","0.8431","","",""
"2022-08-04","516720","202000028861","0.8498","0.8498","","",""
"2022-08-05","516720","202000028861","0.8621","0.8621","","",""
"2022-08-08","516720","202000028861","0.8611","0.8611","","",""
"2022-08-09","516720","202000028861","0.8623","0.8623","","",""
"2022-08-10","516720","202000028861","0.8545","0.8545","","",""
"2022-08-11","516720","202000028861","0.8722","0.8722","","",""
"2022-08-12","516720","202000028861","0.8736","0.8736","","",""
"2022-08-15","516720","202000028861","0.8701","0.8701","","",""
"2022-08-16","516720","202000028861","0.8673","0.8673","","",""
"2022-08-17","516720","202000028861","0.8734","0.8734","","",""
"2022-08-18","516720","202000028861","0.8669","0.8669","","",""
"2022-08-19","516720","202000028861","0.8604","0.8604","","",""
"2022-08-22","516720","202000028861","0.8636","0.8636","","",""
"2022-08-23","516720","202000028861","0.8579","0.8579","","",""
"2022-08-24","516720","202000028861","0.8444","0.8444","","",""
"2022-08-25","516720","202000028861","0.8533","0.8533","","",""
"2022-08-26","516720","202000028861","0.8534","0.8534","","",""
"2022-08-29","516720","202000028861","0.8484","0.8484","","",""
"2022-08-30","516720","202000028861","0.8463","0.8463","","",""
"2022-08-31","516720","202000028861","0.8490","0.8490","","",""
"2022-09-01","516720","202000028861","0.8432","0.8432","","",""
"2022-09-02","516720","202000028861","0.8379","0.8379","","",""
"2022-09-05","516720","202000028861","0.8351","0.8351","","",""
"2022-09-06","516720","202000028861","0.8444","0.8444","","",""
"2022-09-07","516720","202000028861","0.8417","0.8417","","",""
"2022-09-08","516720","202000028861","0.8406","0.8406","","",""
"2022-09-09","516720","202000028861","0.8511","0.8511","","",""
"2022-09-13","516720","202000028861","0.8540","0.8540","","",""
"2022-09-14","516720","202000028861","0.8442","0.8442","","",""
"2022-09-15","516720","202000028861","0.8388","0.8388","","",""
"2022-09-16","516720","202000028861","0.8199","0.8199","","",""
"2022-09-19","516720","202000028861","0.8182","0.8182","","",""
"2022-09-20","516720","202000028861","0.8187","0.8187","","",""
"2022-09-21","516720","202000028861","0.8119","0.8119","","",""
"2022-09-22","516720","202000028861","0.8047","0.8047","","",""
"2022-09-23","516720","202000028861","0.8018","0.8018","","",""
"2022-09-26","516720","202000028861","0.7945","0.7945","","",""
"2022-09-27","516720","202000028861","0.8079","0.8079","","",""
"2022-09-28","516720","202000028861","0.7971","0.7971","","",""
"2022-09-29","516720","202000028861","0.7987","0.7987","","",""
"2022-09-30","516720","202000028861","0.7971","0.7971","","",""
"2022-10-10","516720","202000028861","0.7785","0.7785","","",""
"2022-10-11","516720","202000028861","0.7782","0.7782","","",""
"2022-10-12","516720","202000028861","0.7872","0.7872","","",""
"2022-10-13","516720","202000028861","0.7808","0.7808","","",""
"2022-10-14","516720","202000028861","0.8048","0.8048","","",""
"2022-10-17","516720","202000028861","0.8049","0.8049","","",""
"2022-10-18","516720","202000028861","0.8021","0.8021","","",""
"2022-10-19","516720","202000028861","0.7888","0.7888","","",""
"2022-10-20","516720","202000028861","0.7846","0.7846","","",""
"2022-10-21","516720","202000028861","0.7820","0.7820","","",""
"2022-10-24","516720","202000028861","0.7611","0.7611","","",""
"2022-10-25","516720","202000028861","0.7623","0.7623","","",""
"2022-10-26","516720","202000028861","0.7695","0.7695","","",""
"2022-10-27","516720","202000028861","0.7676","0.7676","","",""
"2022-10-28","516720","202000028861","0.7509","0.7509","","",""
"2022-10-31","516720","202000028861","0.7434","0.7434","","",""
"2022-11-01","516720","202000028861","0.7687","0.7687","","",""
"2022-11-02","516720","202000028861","0.7756","0.7756","","",""
"2022-11-03","516720","202000028861","0.7691","0.7691","","",""
"2022-11-04","516720","202000028861","0.7913","0.7913","","",""
"2022-11-07","516720","202000028861","0.7942","0.7942","","",""
"2022-11-08","516720","202000028861","0.7890","0.7890","","",""
"2022-11-09","516720","202000028861","0.7823","0.7823","","",""
"2022-11-10","516720","202000028861","0.7769","0.7769","","",""
"2022-11-11","516720","202000028861","0.7977","0.7977","","",""
"2022-11-14","516720","202000028861","0.8027","0.8027","","",""
"2022-11-15","516720","202000028861","0.8151","0.8151","","",""
"2022-11-16","516720","202000028861","0.8095","0.8095","","",""
"2022-11-17","516720","202000028861","0.8065","0.8065","","",""
"2022-11-18","516720","202000028861","0.8044","0.8044","","",""
"2022-11-21","516720","202000028861","0.7985","0.7985","","",""
"2022-11-22","516720","202000028861","0.7997","0.7997","","",""
"2022-11-23","516720","202000028861","0.7998","0.7998","","",""
"2022-11-24","516720","202000028861","0.7969","0.7969","","",""
"2022-11-25","516720","202000028861","0.8018","0.8018","","",""
"2022-11-28","516720","202000028861","0.7915","0.7915","","",""
"2022-11-29","516720","202000028861","0.8141","0.8141","","",""
"2022-11-30","516720","202000028861","0.8148","0.8148","","",""
"2022-12-01","516720","202000028861","0.8243","0.8243","","",""
"2022-12-02","516720","202000028861","0.8183","0.8183","","",""
"2022-12-05","516720","202000028861","0.8347","0.8347","","",""
"2022-12-06","516720","202000028861","0.8396","0.8396","","",""
"2022-12-07","516720","202000028861","0.8353","0.8353","","",""
"2022-12-08","516720","202000028861","0.8361","0.8361","","",""
"2022-12-09","516720","202000028861","0.8443","0.8443","","",""
"2022-12-12","516720","202000028861","0.8342","0.8342","","",""
"2022-12-13","516720","202000028861","0.8309","0.8309","","",""
"2022-12-14","516720","202000028861","0.8335","0.8335","","",""
"2022-12-15","516720","202000028861","0.8336","0.8336","","",""
"2022-12-16","516720","202000028861","0.8351","0.8351","","",""
"2022-12-19","516720","202000028861","0.8238","0.8238","","",""
"2022-12-20","516720","202000028861","0.8106","0.8106","","",""
"2022-12-21","516720","202000028861","0.8104","0.8104","","",""
"2022-12-22","516720","202000028861","0.8113","0.8113","","",""
"2022-12-23","516720","202000028861","0.8103","0.8103","","",""
"2022-12-26","516720","202000028861","0.8111","0.8111","","",""
"2022-12-27","516720","202000028861","0.8220","0.8220","","",""
"2022-12-28","516720","202000028861","0.8195","0.8195","","",""
"2022-12-29","516720","202000028861","0.8165","0.8165","","",""
"2022-12-30","516720","202000028861","0.8197","0.8197","","",""
"2022-12-31","516720","202000028861","0.8197","0.8197","","",""
"2023-01-03","516720","202000028861","0.8236","0.8236","","",""
"2023-01-04","516720","202000028861","0.8255","0.8255","","",""
"2023-01-05","516720","202000028861","0.8413","0.8413","","",""
"2023-01-06","516720","202000028861","0.8427","0.8427","","",""
"2023-01-09","516720","202000028861","0.8500","0.8500","","",""
"2023-01-10","516720","202000028861","0.8504","0.8504","","",""
"2023-01-11","516720","202000028861","0.8494","0.8494","","",""
"2023-01-12","516720","202000028861","0.8518","0.8518","","",""
"2023-01-13","516720","202000028861","0.8631","0.8631","","",""
"2023-01-16","516720","202000028861","0.8764","0.8764","","",""
"2023-01-17","516720","202000028861","0.8750","0.8750","","",""
"2023-01-18","516720","202000028861","0.8737","0.8737","","",""
"2023-01-19","516720","202000028861","0.8797","0.8797","","",""
"2023-01-20","516720","202000028861","0.8847","0.8847","","",""
"2023-01-30","516720","202000028861","0.8892","0.8892","","",""
"2023-01-31","516720","202000028861","0.8798","0.8798","","",""
"2023-02-01","516720","202000028861","0.8883","0.8883","","",""
"2023-02-02","516720","202000028861","0.8852","0.8852","","",""
"2023-02-03","516720","202000028861","0.8779","0.8779","","",""
"2023-02-06","516720","202000028861","0.8653","0.8653","","",""
"2023-02-07","516720","202000028861","0.8665","0.8665","","",""
"2023-02-08","516720","202000028861","0.8618","0.8618","","",""
"2023-02-09","516720","202000028861","0.8728","0.8728","","",""
"2023-02-10","516720","202000028861","0.8670","0.8670","","",""
"2023-02-13","516720","202000028861","0.8737","0.8737","","",""
"2023-02-14","516720","202000028861","0.8743","0.8743","","",""
"2023-02-15","516720","202000028861","0.8710","0.8710","","",""
"2023-02-16","516720","202000028861","0.8636","0.8636","","",""
"2023-02-17","516720","202000028861","0.8513","0.8513","","",""
"2023-02-20","516720","202000028861","0.8715","0.8715","","",""
"2023-02-21","516720","202000028861","0.8742","0.8742","","",""
"2023-02-22","516720","202000028861","0.8651","0.8651","","",""
"2023-02-23","516720","202000028861","0.8650","0.8650","","",""
"2023-02-24","516720","202000028861","0.8571","0.8571","","",""
"2023-02-27","516720","202000028861","0.8528","0.8528","","",""
"2023-02-28","516720","202000028861","0.8582","0.8582","","",""
"2023-03-01","516720","202000028861","0.8703","0.8703","","",""
"2023-03-02","516720","202000028861","0.8691","0.8691","","",""
"2023-03-03","516720","202000028861","0.8729","0.8729","","",""
"2023-03-06","516720","202000028861","0.8673","0.8673","","",""
"2023-03-07","516720","202000028861","0.8554","0.8554","","",""
"2023-03-08","516720","202000028861","0.8525","0.8525","","",""
"2023-03-09","516720","202000028861","0.8490","0.8490","","",""
"2023-03-10","516720","202000028861","0.8384","0.8384","","",""
"2023-03-13","516720","202000028861","0.8480","0.8480","","",""
"2023-03-14","516720","202000028861","0.8428","0.8428","","",""
"2023-03-15","516720","202000028861","0.8438","0.8438","","",""
"2023-03-16","516720","202000028861","0.8340","0.8340","","",""
"2023-03-17","516720","202000028861","0.8394","0.8394","","",""
"2023-03-20","516720","202000028861","0.8356","0.8356","","",""
"2023-03-21","516720","202000028861","0.8458","0.8458","","",""
"2023-03-22","516720","202000028861","0.8510","0.8510","","",""
"2023-03-23","516720","202000028861","0.8597","0.8597","","",""
"2023-03-24","516720","202000028861","0.8550","0.8550","","",""
"2023-03-27","516720","202000028861","0.8519","0.8519","","",""
"2023-03-28","516720","202000028861","0.8496","0.8496","","",""
"2023-03-29","516720","202000028861","0.8519","0.8519","","",""
"2023-03-30","516720","202000028861","0.8589","0.8589","","",""
"2023-03-31","516720","202000028861","0.8610","0.8610","","",""
"2022-04-06","516830","202000028363","0.8322","0.8322","","",""
"2022-04-07","516830","202000028363","0.8218","0.8218","","",""
"2022-04-08","516830","202000028363","0.8259","0.8259","","",""
"2022-04-11","516830","202000028363","0.8023","0.8023","","",""
"2022-04-12","516830","202000028363","0.8158","0.8158","","",""
"2022-04-13","516830","202000028363","0.8100","0.8100","","",""
"2022-04-14","516830","202000028363","0.8196","0.8196","","",""
"2022-04-15","516830","202000028363","0.8191","0.8191","","",""
"2022-04-18","516830","202000028363","0.8124","0.8124","","",""
"2022-04-19","516830","202000028363","0.8061","0.8061","","",""
"2022-04-20","516830","202000028363","0.7925","0.7925","","",""
"2022-04-21","516830","202000028363","0.7788","0.7788","","",""
"2022-04-22","516830","202000028363","0.7843","0.7843","","",""
"2022-04-25","516830","202000028363","0.7451","0.7451","","",""
"2022-04-26","516830","202000028363","0.7418","0.7418","","",""
"2022-04-27","516830","202000028363","0.7619","0.7619","","",""
"2022-04-28","516830","202000028363","0.7686","0.7686","","",""
"2022-04-29","516830","202000028363","0.7854","0.7854","","",""
"2022-05-05","516830","202000028363","0.7818","0.7818","","",""
"2022-05-06","516830","202000028363","0.7612","0.7612","","",""
"2022-05-09","516830","202000028363","0.7539","0.7539","","",""
"2022-05-10","516830","202000028363","0.7620","0.7620","","",""
"2022-05-11","516830","202000028363","0.7733","0.7733","","",""
"2022-05-12","516830","202000028363","0.7691","0.7691","","",""
"2022-05-13","516830","202000028363","0.7756","0.7756","","",""
"2022-05-16","516830","202000028363","0.7691","0.7691","","",""
"2022-05-17","516830","202000028363","0.7799","0.7799","","",""
"2022-05-18","516830","202000028363","0.7767","0.7767","","",""
"2022-05-19","516830","202000028363","0.7777","0.7777","","",""
"2022-05-20","516830","202000028363","0.7940","0.7940","","",""
"2022-05-23","516830","202000028363","0.7881","0.7881","","",""
"2022-05-24","516830","202000028363","0.7706","0.7706","","",""
"2022-05-25","516830","202000028363","0.7748","0.7748","","",""
"2022-05-26","516830","202000028363","0.7766","0.7766","","",""
"2022-05-27","516830","202000028363","0.7794","0.7794","","",""
"2022-05-30","516830","202000028363","0.7847","0.7847","","",""
"2022-05-31","516830","202000028363","0.7973","0.7973","","",""
"2022-06-01","516830","202000028363","0.7963","0.7963","","",""
"2022-06-02","516830","202000028363","0.7965","0.7965","","",""
"2022-06-06","516830","202000028363","0.8111","0.8111","","",""
"2022-06-07","516830","202000028363","0.8135","0.8135","","",""
"2022-06-08","516830","202000028363","0.8212","0.8212","","",""
"2022-06-09","516830","202000028363","0.8130","0.8130","","",""
"2022-06-10","516830","202000028363","0.8241","0.8241","","",""
"2022-06-13","516830","202000028363","0.8127","0.8127","","",""
"2022-06-14","516830","202000028363","0.8176","0.8176","","",""
"2022-06-15","516830","202000028363","0.8282","0.8282","","",""
"2022-06-16","516830","202000028363","0.8246","0.8246","","",""
"2022-06-17","516830","202000028363","0.8354","0.8354","","",""
"2022-06-20","516830","202000028363","0.8407","0.8407","","",""
"2022-06-21","516830","202000028363","0.8411","0.8411","","",""
"2022-06-22","516830","202000028363","0.8309","0.8309","","",""
"2022-06-23","516830","202000028363","0.8446","0.8446","","",""
"2022-06-24","516830","202000028363","0.8547","0.8547","","",""
"2022-06-27","516830","202000028363","0.8647","0.8647","","",""
"2022-06-28","516830","202000028363","0.8733","0.8733","","",""
"2022-06-29","516830","202000028363","0.8605","0.8605","","",""
"2022-06-30","516830","202000028363","0.8735","0.8735","","",""
"2022-07-01","516830","202000028363","0.8700","0.8700","","",""
"2022-07-04","516830","202000028363","0.8753","0.8753","","",""
"2022-07-05","516830","202000028363","0.8741","0.8741","","",""
"2022-07-06","516830","202000028363","0.8624","0.8624","","",""
"2022-07-07","516830","202000028363","0.8668","0.8668","","",""
"2022-07-08","516830","202000028363","0.8650","0.8650","","",""
"2022-07-11","516830","202000028363","0.8514","0.8514","","",""
"2022-07-12","516830","202000028363","0.8449","0.8449","","",""
"2022-07-13","516830","202000028363","0.8456","0.8456","","",""
"2022-07-14","516830","202000028363","0.8451","0.8451","","",""
"2022-07-15","516830","202000028363","0.8340","0.8340","","",""
"2022-07-18","516830","202000028363","0.8417","0.8417","","",""
"2022-07-19","516830","202000028363","0.8370","0.8370","","",""
"2022-07-20","516830","202000028363","0.8388","0.8388","","",""
"2022-07-21","516830","202000028363","0.8304","0.8304","","",""
"2022-07-22","516830","202000028363","0.8307","0.8307","","",""
"2022-07-25","516830","202000028363","0.8266","0.8266","","",""
"2022-07-26","516830","202000028363","0.8333","0.8333","","",""
"2022-07-27","516830","202000028363","0.8293","0.8293","","",""
"2022-07-28","516830","202000028363","0.8288","0.8288","","",""
"2022-07-29","516830","202000028363","0.8195","0.8195","","",""
"2022-08-01","516830","202000028363","0.8229","0.8229","","",""
"2022-08-02","516830","202000028363","0.8081","0.8081","","",""
"2022-08-03","516830","202000028363","0.7998","0.7998","","",""
"2022-08-04","516830","202000028363","0.8066","0.8066","","",""
"2022-08-05","516830","202000028363","0.8187","0.8187","","",""
"2022-08-08","516830","202000028363","0.8164","0.8164","","",""
"2022-08-09","516830","202000028363","0.8171","0.8171","","",""
"2022-08-10","516830","202000028363","0.8078","0.8078","","",""
"2022-08-11","516830","202000028363","0.8235","0.8235","","",""
"2022-08-12","516830","202000028363","0.8240","0.8240","","",""
"2022-08-15","516830","202000028363","0.8226","0.8226","","",""
"2022-08-16","516830","202000028363","0.8212","0.8212","","",""
"2022-08-17","516830","202000028363","0.8294","0.8294","","",""
"2022-08-18","516830","202000028363","0.8225","0.8225","","",""
"2022-08-19","516830","202000028363","0.8181","0.8181","","",""
"2022-08-22","516830","202000028363","0.8240","0.8240","","",""
"2022-08-23","516830","202000028363","0.8192","0.8192","","",""
"2022-08-24","516830","202000028363","0.8041","0.8041","","",""
"2022-08-25","516830","202000028363","0.8109","0.8109","","",""
"2022-08-26","516830","202000028363","0.8106","0.8106","","",""
"2022-08-29","516830","202000028363","0.8059","0.8059","","",""
"2022-08-30","516830","202000028363","0.8038","0.8038","","",""
"2022-08-31","516830","202000028363","0.8044","0.8044","","",""
"2022-09-01","516830","202000028363","0.7978","0.7978","","",""
"2022-09-02","516830","202000028363","0.7935","0.7935","","",""
"2022-09-05","516830","202000028363","0.7904","0.7904","","",""
"2022-09-06","516830","202000028363","0.7966","0.7966","","",""
"2022-09-07","516830","202000028363","0.7968","0.7968","","",""
"2022-09-08","516830","202000028363","0.7931","0.7931","","",""
"2022-09-09","516830","202000028363","0.8042","0.8042","","",""
"2022-09-13","516830","202000028363","0.8085","0.8085","","",""
"2022-09-14","516830","202000028363","0.7999","0.7999","","",""
"2022-09-15","516830","202000028363","0.7935","0.7935","","",""
"2022-09-16","516830","202000028363","0.7768","0.7768","","",""
"2022-09-19","516830","202000028363","0.7772","0.7772","","",""
"2022-09-20","516830","202000028363","0.7774","0.7774","","",""
"2022-09-21","516830","202000028363","0.7712","0.7712","","",""
"2022-09-22","516830","202000028363","0.7640","0.7640","","",""
"2022-09-23","516830","202000028363","0.7620","0.7620","","",""
"2022-09-26","516830","202000028363","0.7586","0.7586","","",""
"2022-09-27","516830","202000028363","0.7695","0.7695","","",""
"2022-09-28","516830","202000028363","0.7578","0.7578","","",""
"2022-09-29","516830","202000028363","0.7579","0.7579","","",""
"2022-09-30","516830","202000028363","0.7540","0.7540","","",""
"2022-10-10","516830","202000028363","0.7370","0.7370","","",""
"2022-10-11","516830","202000028363","0.7378","0.7378","","",""
"2022-10-12","516830","202000028363","0.7482","0.7482","","",""
"2022-10-13","516830","202000028363","0.7416","0.7416","","",""
"2022-10-14","516830","202000028363","0.7599","0.7599","","",""
"2022-10-17","516830","202000028363","0.7600","0.7600","","",""
"2022-10-18","516830","202000028363","0.7583","0.7583","","",""
"2022-10-19","516830","202000028363","0.7457","0.7457","","",""
"2022-10-20","516830","202000028363","0.7414","0.7414","","",""
"2022-10-21","516830","202000028363","0.7390","0.7390","","",""
"2022-10-24","516830","202000028363","0.7168","0.7168","","",""
"2022-10-25","516830","202000028363","0.7162","0.7162","","",""
"2022-10-26","516830","202000028363","0.7210","0.7210","","",""
"2022-10-27","516830","202000028363","0.7157","0.7157","","",""
"2022-10-28","516830","202000028363","0.6978","0.6978","","",""
"2022-10-31","516830","202000028363","0.6915","0.6915","","",""
"2022-11-01","516830","202000028363","0.7161","0.7161","","",""
"2022-11-02","516830","202000028363","0.7250","0.7250","","",""
"2022-11-03","516830","202000028363","0.7181","0.7181","","",""
"2022-11-04","516830","202000028363","0.7411","0.7411","","",""
"2022-11-07","516830","202000028363","0.7433","0.7433","","",""
"2022-11-08","516830","202000028363","0.7381","0.7381","","",""
"2022-11-09","516830","202000028363","0.7313","0.7313","","",""
"2022-11-10","516830","202000028363","0.7257","0.7257","","",""
"2022-11-11","516830","202000028363","0.7465","0.7465","","",""
"2022-11-14","516830","202000028363","0.7487","0.7487","","",""
"2022-11-15","516830","202000028363","0.7619","0.7619","","",""
"2022-11-16","516830","202000028363","0.7563","0.7563","","",""
"2022-11-17","516830","202000028363","0.7526","0.7526","","",""
"2022-11-18","516830","202000028363","0.7504","0.7504","","",""
"2022-11-21","516830","202000028363","0.7444","0.7444","","",""
"2022-11-22","516830","202000028363","0.7449","0.7449","","",""
"2022-11-23","516830","202000028363","0.7455","0.7455","","",""
"2022-11-24","516830","202000028363","0.7417","0.7417","","",""
"2022-11-25","516830","202000028363","0.7457","0.7457","","",""
"2022-11-28","516830","202000028363","0.7371","0.7371","","",""
"2022-11-29","516830","202000028363","0.7596","0.7596","","",""
"2022-11-30","516830","202000028363","0.7609","0.7609","","",""
"2022-12-01","516830","202000028363","0.7695","0.7695","","",""
"2022-12-02","516830","202000028363","0.7650","0.7650","","",""
"2022-12-05","516830","202000028363","0.7793","0.7793","","",""
"2022-12-06","516830","202000028363","0.7838","0.7838","","",""
"2022-12-07","516830","202000028363","0.7818","0.7818","","",""
"2022-12-08","516830","202000028363","0.7821","0.7821","","",""
"2022-12-09","516830","202000028363","0.7905","0.7905","","",""
"2022-12-12","516830","202000028363","0.7825","0.7825","","",""
"2022-12-13","516830","202000028363","0.7808","0.7808","","",""
"2022-12-14","516830","202000028363","0.7833","0.7833","","",""
"2022-12-15","516830","202000028363","0.7828","0.7828","","",""
"2022-12-16","516830","202000028363","0.7838","0.7838","","",""
"2022-12-19","516830","202000028363","0.7720","0.7720","","",""
"2022-12-20","516830","202000028363","0.7585","0.7585","","",""
"2022-12-21","516830","202000028363","0.7589","0.7589","","",""
"2022-12-22","516830","202000028363","0.7607","0.7607","","",""
"2022-12-23","516830","202000028363","0.7598","0.7598","","",""
"2022-12-26","516830","202000028363","0.7620","0.7620","","",""
"2022-12-27","516830","202000028363","0.7714","0.7714","","",""
"2022-12-28","516830","202000028363","0.7685","0.7685","","",""
"2022-12-29","516830","202000028363","0.7654","0.7654","","",""
"2022-12-30","516830","202000028363","0.7683","0.7683","","",""
"2022-12-31","516830","202000028363","0.7683","0.7683","","",""
"2023-01-03","516830","202000028363","0.7717","0.7717","","",""
"2023-01-04","516830","202000028363","0.7730","0.7730","","",""
"2023-01-05","516830","202000028363","0.7880","0.7880","","",""
"2023-01-06","516830","202000028363","0.7899","0.7899","","",""
"2023-01-09","516830","202000028363","0.7961","0.7961","","",""
"2023-01-10","516830","202000028363","0.7978","0.7978","","",""
"2023-01-11","516830","202000028363","0.7965","0.7965","","",""
"2023-01-12","516830","202000028363","0.7977","0.7977","","",""
"2023-01-13","516830","202000028363","0.8088","0.8088","","",""
"2023-01-16","516830","202000028363","0.8217","0.8217","","",""
"2023-01-17","516830","202000028363","0.8211","0.8211","","",""
"2023-01-18","516830","202000028363","0.8196","0.8196","","",""
"2023-01-19","516830","202000028363","0.8246","0.8246","","",""
"2023-01-20","516830","202000028363","0.8298","0.8298","","",""
"2023-01-30","516830","202000028363","0.8340","0.8340","","",""
"2023-01-31","516830","202000028363","0.8243","0.8243","","",""
"2023-02-01","516830","202000028363","0.8312","0.8312","","",""
"2023-02-02","516830","202000028363","0.8289","0.8289","","",""
"2023-02-03","516830","202000028363","0.8210","0.8210","","",""
"2023-02-06","516830","202000028363","0.8102","0.8102","","",""
"2023-02-07","516830","202000028363","0.8118","0.8118","","",""
"2023-02-08","516830","202000028363","0.8082","0.8082","","",""
"2023-02-09","516830","202000028363","0.8190","0.8190","","",""
"2023-02-10","516830","202000028363","0.8147","0.8147","","",""
"2023-02-13","516830","202000028363","0.8219","0.8219","","",""
"2023-02-14","516830","202000028363","0.8217","0.8217","","",""
"2023-02-15","516830","202000028363","0.8180","0.8180","","",""
"2023-02-16","516830","202000028363","0.8130","0.8130","","",""
"2023-02-17","516830","202000028363","0.8007","0.8007","","",""
"2023-02-20","516830","202000028363","0.8210","0.8210","","",""
"2023-02-21","516830","202000028363","0.8226","0.8226","","",""
"2023-02-22","516830","202000028363","0.8151","0.8151","","",""
"2023-02-23","516830","202000028363","0.8141","0.8141","","",""
"2023-02-24","516830","202000028363","0.8056","0.8056","","",""
"2023-02-27","516830","202000028363","0.8027","0.8027","","",""
"2023-02-28","516830","202000028363","0.8079","0.8079","","",""
"2023-03-01","516830","202000028363","0.8200","0.8200","","",""
"2023-03-02","516830","202000028363","0.8185","0.8185","","",""
"2023-03-03","516830","202000028363","0.8210","0.8210","","",""
"2023-03-06","516830","202000028363","0.8170","0.8170","","",""
"2023-03-07","516830","202000028363","0.8055","0.8055","","",""
"2023-03-08","516830","202000028363","0.8025","0.8025","","",""
"2023-03-09","516830","202000028363","0.7997","0.7997","","",""
"2023-03-10","516830","202000028363","0.7890","0.7890","","",""
"2023-03-13","516830","202000028363","0.7979","0.7979","","",""
"2023-03-14","516830","202000028363","0.7935","0.7935","","",""
"2023-03-15","516830","202000028363","0.7941","0.7941","","",""
"2023-03-16","516830","202000028363","0.7852","0.7852","","",""
"2023-03-17","516830","202000028363","0.7892","0.7892","","",""
"2023-03-20","516830","202000028363","0.7848","0.7848","","",""
"2023-03-21","516830","202000028363","0.7934","0.7934","","",""
"2023-03-22","516830","202000028363","0.7975","0.7975","","",""
"2023-03-23","516830","202000028363","0.8060","0.8060","","",""
"2023-03-24","516830","202000028363","0.8035","0.8035","","",""
"2023-03-27","516830","202000028363","0.8001","0.8001","","",""
"2023-03-28","516830","202000028363","0.7975","0.7975","","",""
"2023-03-29","516830","202000028363","0.7997","0.7997","","",""
"2023-03-30","516830","202000028363","0.8061","0.8061","","",""
"2023-03-31","516830","202000028363","0.8086","0.8086","","",""
"2022-07-28","561150","202000038615","1.0001","1.0001","","",""
"2022-07-29","561150","202000038615","1.0000","1.0000","","",""
"2022-08-01","561150","202000038615","1.0001","1.0001","","",""
"2022-08-05","561150","202000038615","1.0061","1.0061","","",""
"2022-08-08","561150","202000038615","1.0113","1.0113","","",""
"2022-08-09","561150","202000038615","1.0143","1.0143","","",""
"2022-08-10","561150","202000038615","1.0101","1.0101","","",""
"2022-08-11","561150","202000038615","1.0298","1.0298","","",""
"2022-08-12","561150","202000038615","1.0280","1.0280","","",""
"2022-08-15","561150","202000038615","1.0300","1.0300","","",""
"2022-08-16","561150","202000038615","1.0340","1.0340","","",""
"2022-08-17","561150","202000038615","1.0404","1.0404","","",""
"2022-08-18","561150","202000038615","1.0376","1.0376","","",""
"2022-08-19","561150","202000038615","1.0280","1.0280","","",""
"2022-08-22","561150","202000038615","1.0387","1.0387","","",""
"2022-08-23","561150","202000038615","1.0370","1.0370","","",""
"2022-08-24","561150","202000038615","1.0100","1.0100","","",""
"2022-08-25","561150","202000038615","1.0173","1.0173","","",""
"2022-08-26","561150","202000038615","1.0129","1.0129","","",""
"2022-08-29","561150","202000038615","1.0155","1.0155","","",""
"2022-08-30","561150","202000038615","1.0131","1.0131","","",""
"2022-08-31","561150","202000038615","0.9937","0.9937","","",""
"2022-09-01","561150","202000038615","0.9902","0.9902","","",""
"2022-09-02","561150","202000038615","0.9951","0.9951","","",""
"2022-09-05","561150","202000038615","0.9999","0.9999","","",""
"2022-09-06","561150","202000038615","1.0146","1.0146","","",""
"2022-09-07","561150","202000038615","1.0160","1.0160","","",""
"2022-09-08","561150","202000038615","1.0112","1.0112","","",""
"2022-09-09","561150","202000038615","1.0191","1.0191","","",""
"2022-09-13","561150","202000038615","1.0157","1.0157","","",""
"2022-09-14","561150","202000038615","1.0088","1.0088","","",""
"2022-09-15","561150","202000038615","0.9891","0.9891","","",""
"2022-09-16","561150","202000038615","0.9652","0.9652","","",""
"2022-09-19","561150","202000038615","0.9599","0.9599","","",""
"2022-09-20","561150","202000038615","0.9655","0.9655","","",""
"2022-09-21","561150","202000038615","0.9680","0.9680","","",""
"2022-09-22","561150","202000038615","0.9656","0.9656","","",""
"2022-09-23","561150","202000038615","0.9541","0.9541","","",""
"2022-09-26","561150","202000038615","0.9418","0.9418","","",""
"2022-09-27","561150","202000038615","0.9594","0.9594","","",""
"2022-09-28","561150","202000038615","0.9383","0.9383","","",""
"2022-09-29","561150","202000038615","0.9371","0.9371","","",""
"2022-09-30","561150","202000038615","0.9300","0.9300","","",""
"2022-10-10","561150","202000038615","0.9188","0.9188","","",""
"2022-10-11","561150","202000038615","0.9259","0.9259","","",""
"2022-10-12","561150","202000038615","0.9472","0.9472","","",""
"2022-10-13","561150","202000038615","0.9492","0.9492","","",""
"2022-10-14","561150","202000038615","0.9729","0.9729","","",""
"2022-10-17","561150","202000038615","0.9789","0.9789","","",""
"2022-10-18","561150","202000038615","0.9827","0.9827","","",""
"2022-10-19","561150","202000038615","0.9733","0.9733","","",""
"2022-10-20","561150","202000038615","0.9694","0.9694","","",""
"2022-10-21","561150","202000038615","0.9723","0.9723","","",""
"2022-10-24","561150","202000038615","0.9603","0.9603","","",""
"2022-10-25","561150","202000038615","0.9548","0.9548","","",""
"2022-10-26","561150","202000038615","0.9715","0.9715","","",""
"2022-10-27","561150","202000038615","0.9699","0.9699","","",""
"2022-10-28","561150","202000038615","0.9422","0.9422","","",""
"2022-10-31","561150","202000038615","0.9460","0.9460","","",""
"2022-11-01","561150","202000038615","0.9660","0.9660","","",""
"2022-11-02","561150","202000038615","0.9749","0.9749","","",""
"2022-11-03","561150","202000038615","0.9734","0.9734","","",""
"2022-11-04","561150","202000038615","0.9941","0.9941","","",""
"2022-11-07","561150","202000038615","0.9942","0.9942","","",""
"2022-11-08","561150","202000038615","0.9927","0.9927","","",""
"2022-11-09","561150","202000038615","0.9903","0.9903","","",""
"2022-11-10","561150","202000038615","0.9854","0.9854","","",""
"2022-11-11","561150","202000038615","0.9924","0.9924","","",""
"2022-11-14","561150","202000038615","0.9923","0.9923","","",""
"2022-11-15","561150","202000038615","1.0052","1.0052","","",""
"2022-11-16","561150","202000038615","1.0020","1.0020","","",""
"2022-11-17","561150","202000038615","1.0019","1.0019","","",""
"2022-11-18","561150","202000038615","1.0018","1.0018","","",""
"2022-11-21","561150","202000038615","1.0015","1.0015","","",""
"2022-11-22","561150","202000038615","1.0014","1.0014","","",""
"2022-11-23","561150","202000038615","1.0013","1.0013","","",""
"2022-11-24","561150","202000038615","1.0012","1.0012","","",""
"2022-11-25","561150","202000038615","0.9973","0.9973","","",""
"2022-11-28","561150","202000038615","0.9973","0.9973","","",""
"2022-11-29","561150","202000038615","0.9973","0.9973","","",""
"2022-11-30","561150","202000038615","0.9973","0.9973","","",""
"2022-12-01","561150","202000038615","0.9974","0.9974","","",""
"2022-12-02","561150","202000038615","0.9974","0.9974","","",""
"2022-12-05","561150","202000038615","0.9974","0.9974","","",""
"2022-12-06","561150","202000038615","0.9974","0.9974","","",""
"2022-12-07","561150","202000038615","0.9974","0.9974","","",""
"2022-12-08","561150","202000038615","0.9974","0.9974","","",""
"2022-12-09","561150","202000038615","0.9974","0.9974","","",""
"2022-12-12","561150","202000038615","0.9975","0.9975","","",""
"2022-12-13","561150","202000038615","0.9975","0.9975","","",""
"2022-12-14","561150","202000038615","0.9975","0.9975","","",""
"2022-12-15","561150","202000038615","0.9975","0.9975","","",""
"2022-12-16","561150","202000038615","0.9975","0.9975","","",""
"2022-12-19","561150","202000038615","0.9975","0.9975","","",""
"2022-12-20","561150","202000038615","0.9975","0.9975","","",""
"2022-12-21","561150","202000038615","0.9975","0.9975","","",""
"2022-04-06","561900","202000028730","0.8438","0.8438","","",""
"2022-04-07","561900","202000028730","0.8337","0.8337","","",""
"2022-04-08","561900","202000028730","0.8377","0.8377","","",""
"2022-04-11","561900","202000028730","0.8143","0.8143","","",""
"2022-04-12","561900","202000028730","0.8280","0.8280","","",""
"2022-04-13","561900","202000028730","0.8222","0.8222","","",""
"2022-04-14","561900","202000028730","0.8318","0.8318","","",""
"2022-04-15","561900","202000028730","0.8313","0.8313","","",""
"2022-04-18","561900","202000028730","0.8248","0.8248","","",""
"2022-04-19","561900","202000028730","0.8181","0.8181","","",""
"2022-04-20","561900","202000028730","0.8042","0.8042","","",""
"2022-04-21","561900","202000028730","0.7906","0.7906","","",""
"2022-04-22","561900","202000028730","0.7963","0.7963","","",""
"2022-04-25","561900","202000028730","0.7569","0.7569","","",""
"2022-04-26","561900","202000028730","0.7537","0.7537","","",""
"2022-04-27","561900","202000028730","0.7740","0.7740","","",""
"2022-04-28","561900","202000028730","0.7808","0.7808","","",""
"2022-04-29","561900","202000028730","0.7977","0.7977","","",""
"2022-05-05","561900","202000028730","0.7941","0.7941","","",""
"2022-05-06","561900","202000028730","0.7734","0.7734","","",""
"2022-05-09","561900","202000028730","0.7660","0.7660","","",""
"2022-05-10","561900","202000028730","0.7742","0.7742","","",""
"2022-05-11","561900","202000028730","0.7857","0.7857","","",""
"2022-05-12","561900","202000028730","0.7816","0.7816","","",""
"2022-05-13","561900","202000028730","0.7881","0.7881","","",""
"2022-05-16","561900","202000028730","0.7814","0.7814","","",""
"2022-05-17","561900","202000028730","0.7925","0.7925","","",""
"2022-05-18","561900","202000028730","0.7893","0.7893","","",""
"2022-05-19","561900","202000028730","0.7903","0.7903","","",""
"2022-05-20","561900","202000028730","0.8063","0.8063","","",""
"2022-05-23","561900","202000028730","0.8003","0.8003","","",""
"2022-05-24","561900","202000028730","0.7827","0.7827","","",""
"2022-05-25","561900","202000028730","0.7868","0.7868","","",""
"2022-05-26","561900","202000028730","0.7886","0.7886","","",""
"2022-05-27","561900","202000028730","0.7914","0.7914","","",""
"2022-05-30","561900","202000028730","0.7969","0.7969","","",""
"2022-05-31","561900","202000028730","0.8092","0.8092","","",""
"2022-06-01","561900","202000028730","0.8082","0.8082","","",""
"2022-06-02","561900","202000028730","0.8083","0.8083","","",""
"2022-06-06","561900","202000028730","0.8228","0.8228","","",""
"2022-06-07","561900","202000028730","0.8252","0.8252","","",""
"2022-06-08","561900","202000028730","0.8327","0.8327","","",""
"2022-06-09","561900","202000028730","0.8244","0.8244","","",""
"2022-06-10","561900","202000028730","0.8360","0.8360","","",""
"2022-06-13","561900","202000028730","0.8242","0.8242","","",""
"2022-06-14","561900","202000028730","0.8292","0.8292","","",""
"2022-06-15","561900","202000028730","0.8400","0.8400","","",""
"2022-06-16","561900","202000028730","0.8364","0.8364","","",""
"2022-06-17","561900","202000028730","0.8473","0.8473","","",""
"2022-06-20","561900","202000028730","0.8526","0.8526","","",""
"2022-06-21","561900","202000028730","0.8531","0.8531","","",""
"2022-06-22","561900","202000028730","0.8425","0.8425","","",""
"2022-06-23","561900","202000028730","0.8563","0.8563","","",""
"2022-06-24","561900","202000028730","0.8664","0.8664","","",""
"2022-06-27","561900","202000028730","0.8765","0.8765","","",""
"2022-06-28","561900","202000028730","0.8851","0.8851","","",""
"2022-06-29","561900","202000028730","0.8725","0.8725","","",""
"2022-06-30","561900","202000028730","0.8857","0.8857","","",""
"2022-07-01","561900","202000028730","0.8821","0.8821","","",""
"2022-07-04","561900","202000028730","0.8875","0.8875","","",""
"2022-07-05","561900","202000028730","0.8864","0.8864","","",""
"2022-07-06","561900","202000028730","0.8745","0.8745","","",""
"2022-07-07","561900","202000028730","0.8788","0.8788","","",""
"2022-07-08","561900","202000028730","0.8770","0.8770","","",""
"2022-07-11","561900","202000028730","0.8632","0.8632","","",""
"2022-07-12","561900","202000028730","0.8568","0.8568","","",""
"2022-07-13","561900","202000028730","0.8573","0.8573","","",""
"2022-07-14","561900","202000028730","0.8566","0.8566","","",""
"2022-07-15","561900","202000028730","0.8454","0.8454","","",""
"2022-07-18","561900","202000028730","0.8532","0.8532","","",""
"2022-07-19","561900","202000028730","0.8484","0.8484","","",""
"2022-07-20","561900","202000028730","0.8502","0.8502","","",""
"2022-07-21","561900","202000028730","0.8418","0.8418","","",""
"2022-07-22","561900","202000028730","0.8420","0.8420","","",""
"2022-07-25","561900","202000028730","0.8381","0.8381","","",""
"2022-07-26","561900","202000028730","0.8448","0.8448","","",""
"2022-07-27","561900","202000028730","0.8408","0.8408","","",""
"2022-07-28","561900","202000028730","0.8401","0.8401","","",""
"2022-07-29","561900","202000028730","0.8303","0.8303","","",""
"2022-08-01","561900","202000028730","0.8336","0.8336","","",""
"2022-08-02","561900","202000028730","0.8185","0.8185","","",""
"2022-08-03","561900","202000028730","0.8099","0.8099","","",""
"2022-08-04","561900","202000028730","0.8169","0.8169","","",""
"2022-08-05","561900","202000028730","0.8283","0.8283","","",""
"2022-08-08","561900","202000028730","0.8261","0.8261","","",""
"2022-08-09","561900","202000028730","0.8269","0.8269","","",""
"2022-08-10","561900","202000028730","0.8174","0.8174","","",""
"2022-08-11","561900","202000028730","0.8335","0.8335","","",""
"2022-08-12","561900","202000028730","0.8337","0.8337","","",""
"2022-08-15","561900","202000028730","0.8322","0.8322","","",""
"2022-08-16","561900","202000028730","0.8308","0.8308","","",""
"2022-08-17","561900","202000028730","0.8392","0.8392","","",""
"2022-08-18","561900","202000028730","0.8322","0.8322","","",""
"2022-08-19","561900","202000028730","0.8279","0.8279","","",""
"2022-08-22","561900","202000028730","0.8336","0.8336","","",""
"2022-08-23","561900","202000028730","0.8287","0.8287","","",""
"2022-08-24","561900","202000028730","0.8138","0.8138","","",""
"2022-08-25","561900","202000028730","0.8207","0.8207","","",""
"2022-08-26","561900","202000028730","0.8205","0.8205","","",""
"2022-08-29","561900","202000028730","0.8158","0.8158","","",""
"2022-08-30","561900","202000028730","0.8138","0.8138","","",""
"2022-08-31","561900","202000028730","0.8148","0.8148","","",""
"2022-09-01","561900","202000028730","0.8081","0.8081","","",""
"2022-09-02","561900","202000028730","0.8037","0.8037","","",""
"2022-09-05","561900","202000028730","0.8007","0.8007","","",""
"2022-09-06","561900","202000028730","0.8069","0.8069","","",""
"2022-09-07","561900","202000028730","0.8070","0.8070","","",""
"2022-09-08","561900","202000028730","0.8035","0.8035","","",""
"2022-09-09","561900","202000028730","0.8149","0.8149","","",""
"2022-09-13","561900","202000028730","0.8192","0.8192","","",""
"2022-09-14","561900","202000028730","0.8104","0.8104","","",""
"2022-09-15","561900","202000028730","0.8041","0.8041","","",""
"2022-09-16","561900","202000028730","0.7873","0.7873","","",""
"2022-09-19","561900","202000028730","0.7876","0.7876","","",""
"2022-09-20","561900","202000028730","0.7878","0.7878","","",""
"2022-09-21","561900","202000028730","0.7815","0.7815","","",""
"2022-09-22","561900","202000028730","0.7741","0.7741","","",""
"2022-09-23","561900","202000028730","0.7722","0.7722","","",""
"2022-09-26","561900","202000028730","0.7689","0.7689","","",""
"2022-09-27","561900","202000028730","0.7799","0.7799","","",""
"2022-09-28","561900","202000028730","0.7682","0.7682","","",""
"2022-09-29","561900","202000028730","0.7684","0.7684","","",""
"2022-09-30","561900","202000028730","0.7646","0.7646","","",""
"2022-10-10","561900","202000028730","0.7474","0.7474","","",""
"2022-10-11","561900","202000028730","0.7481","0.7481","","",""
"2022-10-12","561900","202000028730","0.7587","0.7587","","",""
"2022-10-13","561900","202000028730","0.7518","0.7518","","",""
"2022-10-14","561900","202000028730","0.7702","0.7702","","",""
"2022-10-17","561900","202000028730","0.7703","0.7703","","",""
"2022-10-18","561900","202000028730","0.7686","0.7686","","",""
"2022-10-19","561900","202000028730","0.7560","0.7560","","",""
"2022-10-20","561900","202000028730","0.7519","0.7519","","",""
"2022-10-21","561900","202000028730","0.7494","0.7494","","",""
"2022-10-24","561900","202000028730","0.7270","0.7270","","",""
"2022-10-25","561900","202000028730","0.7264","0.7264","","",""
"2022-10-26","561900","202000028730","0.7312","0.7312","","",""
"2022-10-27","561900","202000028730","0.7259","0.7259","","",""
"2022-10-28","561900","202000028730","0.7078","0.7078","","",""
"2022-10-31","561900","202000028730","0.7013","0.7013","","",""
"2022-11-01","561900","202000028730","0.7265","0.7265","","",""
"2022-11-02","561900","202000028730","0.7354","0.7354","","",""
"2022-11-03","561900","202000028730","0.7284","0.7284","","",""
"2022-11-04","561900","202000028730","0.7518","0.7518","","",""
"2022-11-07","561900","202000028730","0.7541","0.7541","","",""
"2022-11-08","561900","202000028730","0.7489","0.7489","","",""
"2022-11-09","561900","202000028730","0.7419","0.7419","","",""
"2022-11-10","561900","202000028730","0.7363","0.7363","","",""
"2022-11-11","561900","202000028730","0.7574","0.7574","","",""
"2022-11-14","561900","202000028730","0.7597","0.7597","","",""
"2022-11-15","561900","202000028730","0.7730","0.7730","","",""
"2022-11-16","561900","202000028730","0.7674","0.7674","","",""
"2022-11-17","561900","202000028730","0.7635","0.7635","","",""
"2022-11-18","561900","202000028730","0.7615","0.7615","","",""
"2022-11-21","561900","202000028730","0.7554","0.7554","","",""
"2022-11-22","561900","202000028730","0.7559","0.7559","","",""
"2022-11-23","561900","202000028730","0.7566","0.7566","","",""
"2022-11-24","561900","202000028730","0.7527","0.7527","","",""
"2022-11-25","561900","202000028730","0.7568","0.7568","","",""
"2022-11-28","561900","202000028730","0.7481","0.7481","","",""
"2022-11-29","561900","202000028730","0.7711","0.7711","","",""
"2022-11-30","561900","202000028730","0.7724","0.7724","","",""
"2022-12-01","561900","202000028730","0.7811","0.7811","","",""
"2022-12-02","561900","202000028730","0.7765","0.7765","","",""
"2022-12-05","561900","202000028730","0.7911","0.7911","","",""
"2022-12-06","561900","202000028730","0.7956","0.7956","","",""
"2022-12-07","561900","202000028730","0.7935","0.7935","","",""
"2022-12-08","561900","202000028730","0.7939","0.7939","","",""
"2022-12-09","561900","202000028730","0.8024","0.8024","","",""
"2022-12-12","561900","202000028730","0.7937","0.7937","","",""
"2022-12-13","561900","202000028730","0.7921","0.7921","","",""
"2022-12-14","561900","202000028730","0.7946","0.7946","","",""
"2022-12-15","561900","202000028730","0.7942","0.7942","","",""
"2022-12-16","561900","202000028730","0.7954","0.7954","","",""
"2022-12-19","561900","202000028730","0.7835","0.7835","","",""
"2022-12-20","561900","202000028730","0.7698","0.7698","","",""
"2022-12-21","561900","202000028730","0.7702","0.7702","","",""
"2022-12-22","561900","202000028730","0.7723","0.7723","","",""
"2022-12-23","561900","202000028730","0.7714","0.7714","","",""
"2022-12-26","561900","202000028730","0.7736","0.7736","","",""
"2022-12-27","561900","202000028730","0.7832","0.7832","","",""
"2022-12-28","561900","202000028730","0.7806","0.7806","","",""
"2022-12-29","561900","202000028730","0.7776","0.7776","","",""
"2022-12-30","561900","202000028730","0.7805","0.7805","","",""
"2022-12-31","561900","202000028730","0.7805","0.7805","","",""
"2023-01-03","561900","202000028730","0.7840","0.7840","","",""
"2023-01-04","561900","202000028730","0.7853","0.7853","","",""
"2023-01-05","561900","202000028730","0.8007","0.8007","","",""
"2023-01-06","561900","202000028730","0.8024","0.8024","","",""
"2023-01-09","561900","202000028730","0.8085","0.8085","","",""
"2023-01-10","561900","202000028730","0.8102","0.8102","","",""
"2023-01-11","561900","202000028730","0.8089","0.8089","","",""
"2023-01-12","561900","202000028730","0.8102","0.8102","","",""
"2023-01-13","561900","202000028730","0.8214","0.8214","","",""
"2023-01-16","561900","202000028730","0.8344","0.8344","","",""
"2023-01-17","561900","202000028730","0.8338","0.8338","","",""
"2023-01-18","561900","202000028730","0.8324","0.8324","","",""
"2023-01-19","561900","202000028730","0.8373","0.8373","","",""
"2023-01-20","561900","202000028730","0.8425","0.8425","","",""
"2023-01-30","561900","202000028730","0.8468","0.8468","","",""
"2023-01-31","561900","202000028730","0.8371","0.8371","","",""
"2023-02-01","561900","202000028730","0.8444","0.8444","","",""
"2023-02-02","561900","202000028730","0.8421","0.8421","","",""
"2023-02-03","561900","202000028730","0.8342","0.8342","","",""
"2023-02-06","561900","202000028730","0.8233","0.8233","","",""
"2023-02-07","561900","202000028730","0.8250","0.8250","","",""
"2023-02-08","561900","202000028730","0.8213","0.8213","","",""
"2023-02-09","561900","202000028730","0.8320","0.8320","","",""
"2023-02-10","561900","202000028730","0.8270","0.8270","","",""
"2023-02-13","561900","202000028730","0.8344","0.8344","","",""
"2023-02-14","561900","202000028730","0.8342","0.8342","","",""
"2023-02-15","561900","202000028730","0.8305","0.8305","","",""
"2023-02-16","561900","202000028730","0.8255","0.8255","","",""
"2023-02-17","561900","202000028730","0.8132","0.8132","","",""
"2023-02-20","561900","202000028730","0.8335","0.8335","","",""
"2023-02-21","561900","202000028730","0.8353","0.8353","","",""
"2023-02-22","561900","202000028730","0.8277","0.8277","","",""
"2023-02-23","561900","202000028730","0.8268","0.8268","","",""
"2023-02-24","561900","202000028730","0.8182","0.8182","","",""
"2023-02-27","561900","202000028730","0.8154","0.8154","","",""
"2023-02-28","561900","202000028730","0.8207","0.8207","","",""
"2023-03-01","561900","202000028730","0.8328","0.8328","","",""
"2023-03-02","561900","202000028730","0.8313","0.8313","","",""
"2023-03-03","561900","202000028730","0.8339","0.8339","","",""
"2023-03-06","561900","202000028730","0.8298","0.8298","","",""
"2023-03-07","561900","202000028730","0.8183","0.8183","","",""
"2023-03-08","561900","202000028730","0.8152","0.8152","","",""
"2023-03-09","561900","202000028730","0.8124","0.8124","","",""
"2023-03-10","561900","202000028730","0.8017","0.8017","","",""
"2023-03-13","561900","202000028730","0.8109","0.8109","","",""
"2023-03-14","561900","202000028730","0.8065","0.8065","","",""
"2023-03-15","561900","202000028730","0.8071","0.8071","","",""
"2023-03-16","561900","202000028730","0.7982","0.7982","","",""
"2023-03-17","561900","202000028730","0.8025","0.8025","","",""
"2023-03-20","561900","202000028730","0.7981","0.7981","","",""
"2023-03-21","561900","202000028730","0.8068","0.8068","","",""
"2023-03-22","561900","202000028730","0.8109","0.8109","","",""
"2023-03-23","561900","202000028730","0.8197","0.8197","","",""
"2023-03-24","561900","202000028730","0.8171","0.8171","","",""
"2023-03-27","561900","202000028730","0.8137","0.8137","","",""
"2023-03-28","561900","202000028730","0.8111","0.8111","","",""
"2023-03-29","561900","202000028730","0.8135","0.8135","","",""
"2023-03-30","561900","202000028730","0.8199","0.8199","","",""
"2023-03-31","561900","202000028730","0.8225","0.8225","","",""
