[web] started_at=2026-04-13 17:15:15 pid=26884
2026-04-13 17:15:17.749065: I tensorflow/core/util/port.cc:113] oneDNN custom operations are on. You may see slightly different numerical results due to floating-point round-off errors from different computation orders. To turn them off, set the environment variable `TF_ENABLE_ONEDNN_OPTS=0`.
WARNING:tensorflow:From F:\ProgramData\anaconda3\envs\oilprice\lib\site-packages\keras\src\losses.py:2976: The name tf.losses.sparse_softmax_cross_entropy is deprecated. Please use tf.compat.v1.losses.sparse_softmax_cross_entropy instead.

开始油价预测特征工程...
输入数据形状: (5113, 12)
添加油价自身特征...
添加金融市场特征...
添加基本面特征...
添加技术指标特征...
添加波动率特征...
添加市场结构特征...
添加季节性特征...
添加市场情绪特征...
添加地缘大事件影响特征...
添加衍生关系特征...
确保特征因果性...
对 8 个未滞后特征应用 shift(1): ['VIX_Level', 'OVX_Level', 'Basis', 'Market_Structure', 'Oil_Search_Trend']...
特征工程完成，特征总数: 162

特征分类统计:
  价格特征: 38个特征
  收益率特征: 6个特征
  技术指标: 32个特征
  波动率特征: 19个特征
  金融市场: 25个特征
  基本面: 20个特征
  市场结构: 6个特征
  季节性: 12个特征
  情绪特征: 11个特征
  衍生关系: 15个特征

原始数据形状: (5113, 12)
特征工程后数据形状: (5113, 162)
新增特征数量: 150

前5行数据（部分列）:
            WTI_Futures  WTI_Futures_Return  ...  Volatility_20d  Month
Date                                         ...                       
2010-01-01    70.496714                 NaN  ...             NaN      1
2010-01-02    70.358450           -0.001963  ...             NaN      1
2010-01-03    71.006138            0.009163  ...             NaN      1
2010-01-04    72.529168            0.021222  ...             NaN      1
2010-01-05    72.295015           -0.003234  ...             NaN      1

[5 rows x 7 columns]
================================================================================
多变量油价预测系统（按时间序列最佳实践）
================================================================================
============================================================
开始加载所有数据...
============================================================
加载WTI价格数据...
加载金融数据...
加载供给侧数据...
  已加载活跃钻井机数量 (Rigs)
  已加载地缘大事件 (GeoEvent)，事件日数: 20
数据形状: (2841, 15)
开始油价预测特征工程...
输入数据形状: (2841, 15)
添加油价自身特征...
添加金融市场特征...
添加基本面特征...
添加技术指标特征...
添加波动率特征...
添加市场结构特征...
添加季节性特征...
添加市场情绪特征...
添加地缘大事件影响特征...
添加衍生关系特征...
确保特征因果性...
对 8 个未滞后特征应用 shift(1): ['VIX_Level', 'OVX_Level', 'Basis', 'Market_Structure', 'Oil_Search_Trend']...
特征工程完成，特征总数: 173
按日期切分: Train_end=2020-12-31, Val_end=2022-12-31

数据切分: Train=1541, Val=516, Test=784

=== Step 3: 随机森林特征选择 Top-25 ===
  选中特征数: 25
  Top 特征:
     1. WTI_Futures
     2. US10Y
     3. WTI_Futures_Lag1
     4. Stocks_MA_20
     5. BB_Lower_20
     6. BB_Upper_20
     7. Inventory_Price_Ratio
     8. Basis
     9. WTI_Futures_MA_10
    10. WTI_Futures_Lag2
    11. WTI_Futures_MA_5
    12. WTI_Spot
    13. WTI_Futures_MA_20
    14. MACD
    15. WTI_Futures_Lag20
    16. WTI_Futures_Lag5
    17. MACD_Signal
    18. GeoEvent_DaysSinceLast
    19. Stocks_Std_60
    20. Stocks_MA_60
    21. DXY
    22. WTI_Futures_Lag3
    23. DXY_Momentum_10
    24. OVX_Level
    25. OVX

数据清洗后: Train=910, Val=275, Test=425

已保存所有特征总表到 C:\Users\12725\Desktop\大宗绿测_基于油价因子的绿色金融产品预测与风险分析 - 副本\技术文档\源代码\web_runs\run_20260413_171515_top25\all_features_data.csv，行数=1610，列数=28

最终特征数: 25

已保存模型输入总表到 C:\Users\12725\Desktop\大宗绿测_基于油价因子的绿色金融产品预测与风险分析 - 副本\技术文档\源代码\web_runs\run_20260413_171515_top25\model_input_data.csv，行数=1610，列数=28

训练GRU...
WARNING:tensorflow:From F:\ProgramData\anaconda3\envs\oilprice\lib\site-packages\keras\src\backend.py:873: The name tf.get_default_graph is deprecated. Please use tf.compat.v1.get_default_graph instead.

2026-04-13 17:16:15.431890: I tensorflow/core/platform/cpu_feature_guard.cc:182] This TensorFlow binary is optimized to use available CPU instructions in performance-critical operations.
To enable the following instructions: SSE SSE2 SSE3 SSE4.1 SSE4.2 AVX2 AVX_VNNI FMA, in other operations, rebuild TensorFlow with the appropriate compiler flags.
Epoch 1/270
WARNING:tensorflow:From F:\ProgramData\anaconda3\envs\oilprice\lib\site-packages\keras\src\utils\tf_utils.py:492: The name tf.ragged.RaggedTensorValue is deprecated. Please use tf.compat.v1.ragged.RaggedTensorValue instead.

WARNING:tensorflow:From F:\ProgramData\anaconda3\envs\oilprice\lib\site-packages\keras\src\engine\base_layer_utils.py:384: The name tf.executing_eagerly_outside_functions is deprecated. Please use tf.compat.v1.executing_eagerly_outside_functions instead.


 1/28 [>.............................] - ETA: 1:14 - loss: 0.4530 - mae: 0.9507
 3/28 [==>...........................] - ETA: 1s - loss: 0.2731 - mae: 0.6704  
 4/28 [===>..........................] - ETA: 1s - loss: 0.2116 - mae: 0.5518
 5/28 [====>.........................] - ETA: 1s - loss: 0.1755 - mae: 0.4831
 6/28 [=====>........................] - ETA: 1s - loss: 0.1477 - mae: 0.4195
 7/28 [======>.......................] - ETA: 1s - loss: 0.1300 - mae: 0.3873
 8/28 [=======>......................] - ETA: 1s - loss: 0.1153 - mae: 0.3538
 9/28 [========>.....................] - ETA: 0s - loss: 0.1035 - mae: 0.3283
10/28 [=========>....................] - ETA: 0s - loss: 0.0938 - mae: 0.3045
12/28 [===========>..................] - ETA: 0s - loss: 0.0792 - mae: 0.2681
14/28 [==============>...............] - ETA: 0s - loss: 0.0688 - mae: 0.2422
16/28 [================>.............] - ETA: 0s - loss: 0.0614 - mae: 0.2254
17/28 [=================>............] - ETA: 0s - loss: 0.0583 - mae: 0.2184
18/28 [==================>...........] - ETA: 0s - loss: 0.0555 - mae: 0.2118
19/28 [===================>..........] - ETA: 0s - loss: 0.0528 - mae: 0.2041
20/28 [====================>.........] - ETA: 0s - loss: 0.0505 - mae: 0.1988
21/28 [=====================>........] - ETA: 0s - loss: 0.0483 - mae: 0.1925
22/28 [======================>.......] - ETA: 0s - loss: 0.0463 - mae: 0.1870
23/28 [=======================>......] - ETA: 0s - loss: 0.0445 - mae: 0.1827
24/28 [========================>.....] - ETA: 0s - loss: 0.0436 - mae: 0.1824
25/28 [=========================>....] - ETA: 0s - loss: 0.0422 - mae: 0.1798
26/28 [==========================>...] - ETA: 0s - loss: 0.0407 - mae: 0.1760
27/28 [===========================>..] - ETA: 0s - loss: 0.0392 - mae: 0.1708
28/28 [==============================] - 5s 76ms/step - loss: 0.0386 - mae: 0.1696 - val_loss: 0.0179 - val_mae: 0.1790 - lr: 0.0030
Epoch 2/270

 1/28 [>.............................] - ETA: 1s - loss: 0.1877 - mae: 0.6077
 2/28 [=>............................] - ETA: 1s - loss: 0.0981 - mae: 0.3563
 3/28 [==>...........................] - ETA: 1s - loss: 0.0940 - mae: 0.3654
 5/28 [====>.........................] - ETA: 1s - loss: 0.0873 - mae: 0.3664
 6/28 [=====>........................] - ETA: 1s - loss: 0.0741 - mae: 0.3236
 8/28 [=======>......................] - ETA: 1s - loss: 0.0574 - mae: 0.2675
 9/28 [========>.....................] - ETA: 0s - loss: 0.0518 - mae: 0.2491
11/28 [==========>...................] - ETA: 0s - loss: 0.0433 - mae: 0.2184
12/28 [===========>..................] - ETA: 0s - loss: 0.0406 - mae: 0.2116
13/28 [============>.................] - ETA: 0s - loss: 0.0380 - mae: 0.2017
14/28 [==============>...............] - ETA: 0s - loss: 0.0358 - mae: 0.1936
15/28 [===============>..............] - ETA: 0s - loss: 0.0340 - mae: 0.1889
17/28 [=================>............] - ETA: 0s - loss: 0.0310 - mae: 0.1779
19/28 [===================>..........] - ETA: 0s - loss: 0.0290 - mae: 0.1737
21/28 [=====================>........] - ETA: 0s - loss: 0.0270 - mae: 0.1682
23/28 [=======================>......] - ETA: 0s - loss: 0.0251 - mae: 0.1605
24/28 [========================>.....] - ETA: 0s - loss: 0.0246 - mae: 0.1590
25/28 [=========================>....] - ETA: 0s - loss: 0.0239 - mae: 0.1560
27/28 [===========================>..] - ETA: 0s - loss: 0.0222 - mae: 0.1472
28/28 [==============================] - 2s 54ms/step - loss: 0.0218 - mae: 0.1452 - val_loss: 0.0017 - val_mae: 0.0506 - lr: 0.0030
Epoch 3/270

 1/28 [>.............................] - ETA: 1s - loss: 0.1457 - mae: 0.5270
 2/28 [=>............................] - ETA: 1s - loss: 0.0870 - mae: 0.3522
 3/28 [==>...........................] - ETA: 1s - loss: 0.0643 - mae: 0.2920
 4/28 [===>..........................] - ETA: 1s - loss: 0.0601 - mae: 0.2906
 5/28 [====>.........................] - ETA: 1s - loss: 0.0561 - mae: 0.2860
 7/28 [======>.......................] - ETA: 1s - loss: 0.0446 - mae: 0.2489
 8/28 [=======>......................] - ETA: 1s - loss: 0.0435 - mae: 0.2494
 9/28 [========>.....................] - ETA: 1s - loss: 0.0404 - mae: 0.2387
11/28 [==========>...................] - ETA: 0s - loss: 0.0344 - mae: 0.2139
12/28 [===========>..................] - ETA: 0s - loss: 0.0331 - mae: 0.2103
14/28 [==============>...............] - ETA: 0s - loss: 0.0300 - mae: 0.1973
16/28 [================>.............] - ETA: 0s - loss: 0.0286 - mae: 0.1918
17/28 [=================>............] - ETA: 0s - loss: 0.0276 - mae: 0.1869
19/28 [===================>..........] - ETA: 0s - loss: 0.0260 - mae: 0.1814
20/28 [====================>.........] - ETA: 0s - loss: 0.0254 - mae: 0.1796
21/28 [=====================>........] - ETA: 0s - loss: 0.0244 - mae: 0.1746
22/28 [======================>.......] - ETA: 0s - loss: 0.0235 - mae: 0.1699
23/28 [=======================>......] - ETA: 0s - loss: 0.0229 - mae: 0.1678
25/28 [=========================>....] - ETA: 0s - loss: 0.0216 - mae: 0.1616
26/28 [==========================>...] - ETA: 0s - loss: 0.0208 - mae: 0.1569
27/28 [===========================>..] - ETA: 0s - loss: 0.0201 - mae: 0.1525
28/28 [==============================] - 2s 54ms/step - loss: 0.0198 - mae: 0.1507 - val_loss: 8.1856e-04 - val_mae: 0.0335 - lr: 0.0030
Epoch 4/270

 1/28 [>.............................] - ETA: 1s - loss: 0.1319 - mae: 0.5049
 3/28 [==>...........................] - ETA: 1s - loss: 0.0558 - mae: 0.2634
 4/28 [===>..........................] - ETA: 1s - loss: 0.0497 - mae: 0.2550
 5/28 [====>.........................] - ETA: 1s - loss: 0.0459 - mae: 0.2498
 7/28 [======>.......................] - ETA: 1s - loss: 0.0362 - mae: 0.2162
 8/28 [=======>......................] - ETA: 1s - loss: 0.0322 - mae: 0.1972
10/28 [=========>....................] - ETA: 0s - loss: 0.0305 - mae: 0.1991
12/28 [===========>..................] - ETA: 0s - loss: 0.0265 - mae: 0.1830
14/28 [==============>...............] - ETA: 0s - loss: 0.0249 - mae: 0.1793
16/28 [================>.............] - ETA: 0s - loss: 0.0227 - mae: 0.1680
18/28 [==================>...........] - ETA: 0s - loss: 0.0208 - mae: 0.1585
20/28 [====================>.........] - ETA: 0s - loss: 0.0191 - mae: 0.1492
22/28 [======================>.......] - ETA: 0s - loss: 0.0177 - mae: 0.1423
24/28 [========================>.....] - ETA: 0s - loss: 0.0172 - mae: 0.1409
25/28 [=========================>....] - ETA: 0s - loss: 0.0170 - mae: 0.1416
27/28 [===========================>..] - ETA: 0s - loss: 0.0163 - mae: 0.1398
28/28 [==============================] - 1s 52ms/step - loss: 0.0160 - mae: 0.1380 - val_loss: 5.4685e-04 - val_mae: 0.0256 - lr: 0.0030
Epoch 5/270

 1/28 [>.............................] - ETA: 1s - loss: 0.0921 - mae: 0.4252
 3/28 [==>...........................] - ETA: 1s - loss: 0.0422 - mae: 0.2401
 5/28 [====>.........................] - ETA: 1s - loss: 0.0278 - mae: 0.1823
 7/28 [======>.......................] - ETA: 0s - loss: 0.0233 - mae: 0.1706
 9/28 [========>.....................] - ETA: 0s - loss: 0.0192 - mae: 0.1514
11/28 [==========>...................] - ETA: 0s - loss: 0.0167 - mae: 0.1399
13/28 [============>.................] - ETA: 0s - loss: 0.0151 - mae: 0.1330
15/28 [===============>..............] - ETA: 0s - loss: 0.0139 - mae: 0.1272
17/28 [=================>............] - ETA: 0s - loss: 0.0132 - mae: 0.1251
19/28 [===================>..........] - ETA: 0s - loss: 0.0123 - mae: 0.1201
21/28 [=====================>........] - ETA: 0s - loss: 0.0118 - mae: 0.1174
23/28 [=======================>......] - ETA: 0s - loss: 0.0111 - mae: 0.1137
24/28 [========================>.....] - ETA: 0s - loss: 0.0117 - mae: 0.1175
25/28 [=========================>....] - ETA: 0s - loss: 0.0116 - mae: 0.1168
27/28 [===========================>..] - ETA: 0s - loss: 0.0110 - mae: 0.1129
28/28 [==============================] - 1s 50ms/step - loss: 0.0108 - mae: 0.1114 - val_loss: 0.0280 - val_mae: 0.2193 - lr: 0.0030
Epoch 6/270

 1/28 [>.............................] - ETA: 1s - loss: 0.0143 - mae: 0.1176
 3/28 [==>...........................] - ETA: 1s - loss: 0.0145 - mae: 0.1392
 5/28 [====>.........................] - ETA: 1s - loss: 0.0109 - mae: 0.1165
 7/28 [======>.......................] - ETA: 0s - loss: 0.0094 - mae: 0.1077
 9/28 [========>.....................] - ETA: 0s - loss: 0.0091 - mae: 0.1073
11/28 [==========>...................] - ETA: 0s - loss: 0.0082 - mae: 0.1006
13/28 [============>.................] - ETA: 0s - loss: 0.0073 - mae: 0.0927
15/28 [===============>..............] - ETA: 0s - loss: 0.0068 - mae: 0.0879
17/28 [=================>............] - ETA: 0s - loss: 0.0063 - mae: 0.0848
19/28 [===================>..........] - ETA: 0s - loss: 0.0062 - mae: 0.0848
21/28 [=====================>........] - ETA: 0s - loss: 0.0060 - mae: 0.0839
23/28 [=======================>......] - ETA: 0s - loss: 0.0056 - mae: 0.0809
25/28 [=========================>....] - ETA: 0s - loss: 0.0061 - mae: 0.0854
27/28 [===========================>..] - ETA: 0s - loss: 0.0060 - mae: 0.0859
28/28 [==============================] - 1s 50ms/step - loss: 0.0059 - mae: 0.0849 - val_loss: 8.9886e-04 - val_mae: 0.0363 - lr: 0.0030
Epoch 7/270

 1/28 [>.............................] - ETA: 1s - loss: 0.1202 - mae: 0.4860
 3/28 [==>...........................] - ETA: 1s - loss: 0.0543 - mae: 0.2792
 5/28 [====>.........................] - ETA: 1s - loss: 0.0348 - mae: 0.2038
 7/28 [======>.......................] - ETA: 0s - loss: 0.0285 - mae: 0.1869
 9/28 [========>.....................] - ETA: 0s - loss: 0.0237 - mae: 0.1680
10/28 [=========>....................] - ETA: 0s - loss: 0.0214 - mae: 0.1546
12/28 [===========>..................] - ETA: 0s - loss: 0.0185 - mae: 0.1419
14/28 [==============>...............] - ETA: 0s - loss: 0.0171 - mae: 0.1386
16/28 [================>.............] - ETA: 0s - loss: 0.0156 - mae: 0.1320
18/28 [==================>...........] - ETA: 0s - loss: 0.0146 - mae: 0.1281
20/28 [====================>.........] - ETA: 0s - loss: 0.0135 - mae: 0.1231
22/28 [======================>.......] - ETA: 0s - loss: 0.0126 - mae: 0.1166
24/28 [========================>.....] - ETA: 0s - loss: 0.0151 - mae: 0.1247
26/28 [==========================>...] - ETA: 0s - loss: 0.0141 - mae: 0.1190
28/28 [==============================] - ETA: 0s - loss: 0.0137 - mae: 0.1182
28/28 [==============================] - 1s 50ms/step - loss: 0.0137 - mae: 0.1182 - val_loss: 0.0070 - val_mae: 0.1114 - lr: 0.0030
Epoch 8/270

 1/28 [>.............................] - ETA: 1s - loss: 0.0389 - mae: 0.2679
 3/28 [==>...........................] - ETA: 1s - loss: 0.0165 - mae: 0.1446
 5/28 [====>.........................] - ETA: 1s - loss: 0.0153 - mae: 0.1472
 7/28 [======>.......................] - ETA: 0s - loss: 0.0116 - mae: 0.1210
 9/28 [========>.....................] - ETA: 0s - loss: 0.0095 - mae: 0.1038
11/28 [==========>...................] - ETA: 0s - loss: 0.0082 - mae: 0.0946
13/28 [============>.................] - ETA: 0s - loss: 0.0073 - mae: 0.0892
15/28 [===============>..............] - ETA: 0s - loss: 0.0067 - mae: 0.0832
17/28 [=================>............] - ETA: 0s - loss: 0.0065 - mae: 0.0832
19/28 [===================>..........] - ETA: 0s - loss: 0.0064 - mae: 0.0828
21/28 [=====================>........] - ETA: 0s - loss: 0.0060 - mae: 0.0799
23/28 [=======================>......] - ETA: 0s - loss: 0.0057 - mae: 0.0772
25/28 [=========================>....] - ETA: 0s - loss: 0.0068 - mae: 0.0865
27/28 [===========================>..] - ETA: 0s - loss: 0.0064 - mae: 0.0812
28/28 [==============================] - 1s 49ms/step - loss: 0.0062 - mae: 0.0800 - val_loss: 0.0012 - val_mae: 0.0452 - lr: 0.0030
Epoch 9/270

 1/28 [>.............................] - ETA: 1s - loss: 0.0577 - mae: 0.3244
 3/28 [==>...........................] - ETA: 1s - loss: 0.0256 - mae: 0.1723
 5/28 [====>.........................] - ETA: 1s - loss: 0.0169 - mae: 0.1322
 7/28 [======>.......................] - ETA: 0s - loss: 0.0138 - mae: 0.1229
 9/28 [========>.....................] - ETA: 0s - loss: 0.0118 - mae: 0.1142
11/28 [==========>...................] - ETA: 0s - loss: 0.0105 - mae: 0.1074
13/28 [============>.................] - ETA: 0s - loss: 0.0093 - mae: 0.0990
15/28 [===============>..............] - ETA: 0s - loss: 0.0086 - mae: 0.0966
17/28 [=================>............] - ETA: 0s - loss: 0.0083 - mae: 0.0961
19/28 [===================>..........] - ETA: 0s - loss: 0.0083 - mae: 0.0971
21/28 [=====================>........] - ETA: 0s - loss: 0.0080 - mae: 0.0963
23/28 [=======================>......] - ETA: 0s - loss: 0.0076 - mae: 0.0932
25/28 [=========================>....] - ETA: 0s - loss: 0.0076 - mae: 0.0933
27/28 [===========================>..] - ETA: 0s - loss: 0.0070 - mae: 0.0885
28/28 [==============================] - 1s 48ms/step - loss: 0.0069 - mae: 0.0873 - val_loss: 0.0238 - val_mae: 0.1876 - lr: 0.0030
Epoch 10/270

 1/28 [>.............................] - ETA: 1s - loss: 0.0088 - mae: 0.1056
 3/28 [==>...........................] - ETA: 1s - loss: 0.0109 - mae: 0.1207
 5/28 [====>.........................] - ETA: 1s - loss: 0.0080 - mae: 0.1001
 7/28 [======>.......................] - ETA: 0s - loss: 0.0085 - mae: 0.1086
 9/28 [========>.....................] - ETA: 0s - loss: 0.0079 - mae: 0.1030
11/28 [==========>...................] - ETA: 0s - loss: 0.0067 - mae: 0.0929
12/28 [===========>..................] - ETA: 0s - loss: 0.0064 - mae: 0.0905
14/28 [==============>...............] - ETA: 0s - loss: 0.0059 - mae: 0.0852
16/28 [================>.............] - ETA: 0s - loss: 0.0058 - mae: 0.0835
18/28 [==================>...........] - ETA: 0s - loss: 0.0058 - mae: 0.0844
20/28 [====================>.........] - ETA: 0s - loss: 0.0057 - mae: 0.0840
22/28 [======================>.......] - ETA: 0s - loss: 0.0056 - mae: 0.0834
24/28 [========================>.....] - ETA: 0s - loss: 0.0055 - mae: 0.0824
26/28 [==========================>...] - ETA: 0s - loss: 0.0054 - mae: 0.0821
28/28 [==============================] - ETA: 0s - loss: 0.0052 - mae: 0.0804
28/28 [==============================] - 1s 48ms/step - loss: 0.0052 - mae: 0.0804 - val_loss: 0.0026 - val_mae: 0.0612 - lr: 0.0030
Epoch 11/270

 1/28 [>.............................] - ETA: 1s - loss: 0.1081 - mae: 0.4565
 3/28 [==>...........................] - ETA: 1s - loss: 0.0491 - mae: 0.2665
 5/28 [====>.........................] - ETA: 1s - loss: 0.0312 - mae: 0.1930
 7/28 [======>.......................] - ETA: 0s - loss: 0.0260 - mae: 0.1788
 9/28 [========>.....................] - ETA: 0s - loss: 0.0219 - mae: 0.1631
11/28 [==========>...................] - ETA: 0s - loss: 0.0191 - mae: 0.1510
13/28 [============>.................] - ETA: 0s - loss: 0.0169 - mae: 0.1412
15/28 [===============>..............] - ETA: 0s - loss: 0.0156 - mae: 0.1367
17/28 [=================>............] - ETA: 0s - loss: 0.0144 - mae: 0.1296
19/28 [===================>..........] - ETA: 0s - loss: 0.0136 - mae: 0.1258
21/28 [=====================>........] - ETA: 0s - loss: 0.0129 - mae: 0.1214
23/28 [=======================>......] - ETA: 0s - loss: 0.0120 - mae: 0.1161
25/28 [=========================>....] - ETA: 0s - loss: 0.0114 - mae: 0.1129
27/28 [===========================>..] - ETA: 0s - loss: 0.0107 - mae: 0.1080
28/28 [==============================] - 1s 48ms/step - loss: 0.0106 - mae: 0.1073 - val_loss: 0.0205 - val_mae: 0.1839 - lr: 0.0030
Epoch 12/270

 1/28 [>.............................] - ETA: 1s - loss: 0.0149 - mae: 0.0919
 3/28 [==>...........................] - ETA: 1s - loss: 0.0157 - mae: 0.1369
 5/28 [====>.........................] - ETA: 1s - loss: 0.0115 - mae: 0.1139
 7/28 [======>.......................] - ETA: 0s - loss: 0.0100 - mae: 0.1092
 9/28 [========>.....................] - ETA: 0s - loss: 0.0087 - mae: 0.1019
11/28 [==========>...................] - ETA: 0s - loss: 0.0075 - mae: 0.0924
13/28 [============>.................] - ETA: 0s - loss: 0.0065 - mae: 0.0835
15/28 [===============>..............] - ETA: 0s - loss: 0.0063 - mae: 0.0810
17/28 [=================>............] - ETA: 0s - loss: 0.0059 - mae: 0.0777
19/28 [===================>..........] - ETA: 0s - loss: 0.0059 - mae: 0.0799
21/28 [=====================>........] - ETA: 0s - loss: 0.0058 - mae: 0.0812
23/28 [=======================>......] - ETA: 0s - loss: 0.0055 - mae: 0.0786
25/28 [=========================>....] - ETA: 0s - loss: 0.0057 - mae: 0.0820
26/28 [==========================>...] - ETA: 0s - loss: 0.0055 - mae: 0.0794
28/28 [==============================] - ETA: 0s - loss: 0.0052 - mae: 0.0758
28/28 [==============================] - 1s 49ms/step - loss: 0.0052 - mae: 0.0758 - val_loss: 5.0820e-04 - val_mae: 0.0222 - lr: 0.0030
Epoch 13/270

 1/28 [>.............................] - ETA: 1s - loss: 0.1290 - mae: 0.5025
 3/28 [==>...........................] - ETA: 1s - loss: 0.0579 - mae: 0.2925
 5/28 [====>.........................] - ETA: 1s - loss: 0.0368 - mae: 0.2099
 7/28 [======>.......................] - ETA: 0s - loss: 0.0287 - mae: 0.1843
 9/28 [========>.....................] - ETA: 0s - loss: 0.0235 - mae: 0.1638
11/28 [==========>...................] - ETA: 0s - loss: 0.0195 - mae: 0.1426
13/28 [============>.................] - ETA: 0s - loss: 0.0169 - mae: 0.1291
15/28 [===============>..............] - ETA: 0s - loss: 0.0157 - mae: 0.1248
17/28 [=================>............] - ETA: 0s - loss: 0.0144 - mae: 0.1178
19/28 [===================>..........] - ETA: 0s - loss: 0.0132 - mae: 0.1118
21/28 [=====================>........] - ETA: 0s - loss: 0.0122 - mae: 0.1073
23/28 [=======================>......] - ETA: 0s - loss: 0.0115 - mae: 0.1033
25/28 [=========================>....] - ETA: 0s - loss: 0.0108 - mae: 0.1000
26/28 [==========================>...] - ETA: 0s - loss: 0.0104 - mae: 0.0969
27/28 [===========================>..] - ETA: 0s - loss: 0.0100 - mae: 0.0940
28/28 [==============================] - 1s 49ms/step - loss: 0.0098 - mae: 0.0925 - val_loss: 0.0071 - val_mae: 0.0922 - lr: 0.0030
Epoch 14/270

 1/28 [>.............................] - ETA: 1s - loss: 0.0155 - mae: 0.1350
 3/28 [==>...........................] - ETA: 1s - loss: 0.0093 - mae: 0.1068
 5/28 [====>.........................] - ETA: 1s - loss: 0.0065 - mae: 0.0868
 7/28 [======>.......................] - ETA: 0s - loss: 0.0052 - mae: 0.0764
 9/28 [========>.....................] - ETA: 0s - loss: 0.0046 - mae: 0.0714
11/28 [==========>...................] - ETA: 0s - loss: 0.0040 - mae: 0.0670
13/28 [============>.................] - ETA: 0s - loss: 0.0038 - mae: 0.0667
15/28 [===============>..............] - ETA: 0s - loss: 0.0037 - mae: 0.0669
17/28 [=================>............] - ETA: 0s - loss: 0.0037 - mae: 0.0665
19/28 [===================>..........] - ETA: 0s - loss: 0.0040 - mae: 0.0693
21/28 [=====================>........] - ETA: 0s - loss: 0.0044 - mae: 0.0738
23/28 [=======================>......] - ETA: 0s - loss: 0.0042 - mae: 0.0717
25/28 [=========================>....] - ETA: 0s - loss: 0.0042 - mae: 0.0715
27/28 [===========================>..] - ETA: 0s - loss: 0.0039 - mae: 0.0691
28/28 [==============================] - 1s 48ms/step - loss: 0.0039 - mae: 0.0683 - val_loss: 0.0404 - val_mae: 0.2503 - lr: 0.0030
Epoch 15/270

 1/28 [>.............................] - ETA: 1s - loss: 0.0078 - mae: 0.1096
 3/28 [==>...........................] - ETA: 1s - loss: 0.0170 - mae: 0.1595
 5/28 [====>.........................] - ETA: 1s - loss: 0.0114 - mae: 0.1215
 7/28 [======>.......................] - ETA: 0s - loss: 0.0097 - mae: 0.1138
 9/28 [========>.....................] - ETA: 0s - loss: 0.0086 - mae: 0.1065
11/28 [==========>...................] - ETA: 0s - loss: 0.0075 - mae: 0.0984
13/28 [============>.................] - ETA: 0s - loss: 0.0066 - mae: 0.0904
15/28 [===============>..............] - ETA: 0s - loss: 0.0062 - mae: 0.0853
17/28 [=================>............] - ETA: 0s - loss: 0.0058 - mae: 0.0824
19/28 [===================>..........] - ETA: 0s - loss: 0.0056 - mae: 0.0815
21/28 [=====================>........] - ETA: 0s - loss: 0.0054 - mae: 0.0809
23/28 [=======================>......] - ETA: 0s - loss: 0.0052 - mae: 0.0791
25/28 [=========================>....] - ETA: 0s - loss: 0.0049 - mae: 0.0761
27/28 [===========================>..] - ETA: 0s - loss: 0.0045 - mae: 0.0727
28/28 [==============================] - 1s 49ms/step - loss: 0.0045 - mae: 0.0720 - val_loss: 0.0033 - val_mae: 0.0768 - lr: 0.0030
Epoch 16/270

 1/28 [>.............................] - ETA: 1s - loss: 0.0758 - mae: 0.3851
 3/28 [==>...........................] - ETA: 1s - loss: 0.0361 - mae: 0.2247
 5/28 [====>.........................] - ETA: 1s - loss: 0.0235 - mae: 0.1689
 7/28 [======>.......................] - ETA: 0s - loss: 0.0188 - mae: 0.1511
 9/28 [========>.....................] - ETA: 0s - loss: 0.0162 - mae: 0.1414
11/28 [==========>...................] - ETA: 0s - loss: 0.0136 - mae: 0.1258
12/28 [===========>..................] - ETA: 0s - loss: 0.0126 - mae: 0.1182
14/28 [==============>...............] - ETA: 0s - loss: 0.0112 - mae: 0.1086
16/28 [================>.............] - ETA: 0s - loss: 0.0103 - mae: 0.1040
17/28 [=================>............] - ETA: 0s - loss: 0.0099 - mae: 0.1017
19/28 [===================>..........] - ETA: 0s - loss: 0.0092 - mae: 0.0967
21/28 [=====================>........] - ETA: 0s - loss: 0.0085 - mae: 0.0923
23/28 [=======================>......] - ETA: 0s - loss: 0.0081 - mae: 0.0902
24/28 [========================>.....] - ETA: 0s - loss: 0.0078 - mae: 0.0890
25/28 [=========================>....] - ETA: 0s - loss: 0.0076 - mae: 0.0865
27/28 [===========================>..] - ETA: 0s - loss: 0.0070 - mae: 0.0819
28/28 [==============================] - 1s 51ms/step - loss: 0.0069 - mae: 0.0807 - val_loss: 0.0140 - val_mae: 0.1386 - lr: 0.0030
Epoch 17/270

 1/28 [>.............................] - ETA: 1s - loss: 0.0114 - mae: 0.1107
 3/28 [==>...........................] - ETA: 1s - loss: 0.0063 - mae: 0.0866
 5/28 [====>.........................] - ETA: 1s - loss: 0.0045 - mae: 0.0722
 7/28 [======>.......................] - ETA: 0s - loss: 0.0039 - mae: 0.0664
 9/28 [========>.....................] - ETA: 0s - loss: 0.0035 - mae: 0.0627
11/28 [==========>...................] - ETA: 0s - loss: 0.0031 - mae: 0.0591
13/28 [============>.................] - ETA: 0s - loss: 0.0034 - mae: 0.0644
15/28 [===============>..............] - ETA: 0s - loss: 0.0037 - mae: 0.0683
17/28 [=================>............] - ETA: 0s - loss: 0.0037 - mae: 0.0670
18/28 [==================>...........] - ETA: 0s - loss: 0.0037 - mae: 0.0665
20/28 [====================>.........] - ETA: 0s - loss: 0.0043 - mae: 0.0732
22/28 [======================>.......] - ETA: 0s - loss: 0.0044 - mae: 0.0747
23/28 [=======================>......] - ETA: 0s - loss: 0.0043 - mae: 0.0733
24/28 [========================>.....] - ETA: 0s - loss: 0.0042 - mae: 0.0725
26/28 [==========================>...] - ETA: 0s - loss: 0.0039 - mae: 0.0695
28/28 [==============================] - ETA: 0s - loss: 0.0037 - mae: 0.0671
28/28 [==============================] - 1s 51ms/step - loss: 0.0037 - mae: 0.0671 - val_loss: 0.0357 - val_mae: 0.2396 - lr: 0.0030
Epoch 18/270

 1/28 [>.............................] - ETA: 1s - loss: 0.0046 - mae: 0.0637
 3/28 [==>...........................] - ETA: 1s - loss: 0.0089 - mae: 0.1109
 5/28 [====>.........................] - ETA: 1s - loss: 0.0066 - mae: 0.0916
 7/28 [======>.......................] - ETA: 0s - loss: 0.0054 - mae: 0.0809
 9/28 [========>.....................] - ETA: 0s - loss: 0.0046 - mae: 0.0721
11/28 [==========>...................] - ETA: 0s - loss: 0.0040 - mae: 0.0657
13/28 [============>.................] - ETA: 0s - loss: 0.0036 - mae: 0.0632
15/28 [===============>..............] - ETA: 0s - loss: 0.0035 - mae: 0.0627
17/28 [=================>............] - ETA: 0s - loss: 0.0033 - mae: 0.0600
19/28 [===================>..........] - ETA: 0s - loss: 0.0033 - mae: 0.0598
21/28 [=====================>........] - ETA: 0s - loss: 0.0032 - mae: 0.0590
23/28 [=======================>......] - ETA: 0s - loss: 0.0032 - mae: 0.0583
25/28 [=========================>....] - ETA: 0s - loss: 0.0030 - mae: 0.0572
27/28 [===========================>..] - ETA: 0s - loss: 0.0028 - mae: 0.0542
28/28 [==============================] - 1s 48ms/step - loss: 0.0028 - mae: 0.0535 - val_loss: 0.0102 - val_mae: 0.1290 - lr: 0.0030
Epoch 19/270

 1/28 [>.............................] - ETA: 1s - loss: 0.0418 - mae: 0.2760
 3/28 [==>...........................] - ETA: 1s - loss: 0.0177 - mae: 0.1435
 5/28 [====>.........................] - ETA: 1s - loss: 0.0117 - mae: 0.1109
 7/28 [======>.......................] - ETA: 0s - loss: 0.0093 - mae: 0.1002
 9/28 [========>.....................] - ETA: 0s - loss: 0.0087 - mae: 0.1004
11/28 [==========>...................] - ETA: 0s - loss: 0.0074 - mae: 0.0902
13/28 [============>.................] - ETA: 0s - loss: 0.0064 - mae: 0.0816
15/28 [===============>..............] - ETA: 0s - loss: 0.0060 - mae: 0.0792
17/28 [=================>............] - ETA: 0s - loss: 0.0055 - mae: 0.0759
19/28 [===================>..........] - ETA: 0s - loss: 0.0053 - mae: 0.0750
21/28 [=====================>........] - ETA: 0s - loss: 0.0053 - mae: 0.0769
23/28 [=======================>......] - ETA: 0s - loss: 0.0050 - mae: 0.0740
25/28 [=========================>....] - ETA: 0s - loss: 0.0047 - mae: 0.0712
27/28 [===========================>..] - ETA: 0s - loss: 0.0043 - mae: 0.0669
Epoch 19: ReduceLROnPlateau reducing learning rate to 0.001500000013038516.

28/28 [==============================] - 1s 48ms/step - loss: 0.0043 - mae: 0.0659 - val_loss: 0.0403 - val_mae: 0.2372 - lr: 0.0030
Epoch 20/270

 1/28 [>.............................] - ETA: 1s - loss: 0.0036 - mae: 0.0704
 3/28 [==>...........................] - ETA: 1s - loss: 0.0061 - mae: 0.0931
 5/28 [====>.........................] - ETA: 1s - loss: 0.0051 - mae: 0.0858
 7/28 [======>.......................] - ETA: 0s - loss: 0.0055 - mae: 0.0914
 9/28 [========>.....................] - ETA: 0s - loss: 0.0048 - mae: 0.0823
11/28 [==========>...................] - ETA: 0s - loss: 0.0041 - mae: 0.0739
13/28 [============>.................] - ETA: 0s - loss: 0.0041 - mae: 0.0737
15/28 [===============>..............] - ETA: 0s - loss: 0.0050 - mae: 0.0824
17/28 [=================>............] - ETA: 0s - loss: 0.0052 - mae: 0.0849
19/28 [===================>..........] - ETA: 0s - loss: 0.0050 - mae: 0.0821
21/28 [=====================>........] - ETA: 0s - loss: 0.0047 - mae: 0.0791
23/28 [=======================>......] - ETA: 0s - loss: 0.0045 - mae: 0.0771
25/28 [=========================>....] - ETA: 0s - loss: 0.0042 - mae: 0.0738
27/28 [===========================>..] - ETA: 0s - loss: 0.0039 - mae: 0.0693
28/28 [==============================] - 1s 49ms/step - loss: 0.0039 - mae: 0.0682 - val_loss: 0.0020 - val_mae: 0.0503 - lr: 0.0015
Epoch 21/270

 1/28 [>.............................] - ETA: 1s - loss: 0.0775 - mae: 0.3873
 3/28 [==>...........................] - ETA: 1s - loss: 0.0421 - mae: 0.2641
 5/28 [====>.........................] - ETA: 1s - loss: 0.0265 - mae: 0.1821
 7/28 [======>.......................] - ETA: 0s - loss: 0.0195 - mae: 0.1451
 9/28 [========>.....................] - ETA: 0s - loss: 0.0161 - mae: 0.1297
11/28 [==========>...................] - ETA: 0s - loss: 0.0141 - mae: 0.1221
13/28 [============>.................] - ETA: 0s - loss: 0.0129 - mae: 0.1196
15/28 [===============>..............] - ETA: 0s - loss: 0.0121 - mae: 0.1175
17/28 [=================>............] - ETA: 0s - loss: 0.0112 - mae: 0.1133
19/28 [===================>..........] - ETA: 0s - loss: 0.0102 - mae: 0.1071
21/28 [=====================>........] - ETA: 0s - loss: 0.0095 - mae: 0.1018
23/28 [=======================>......] - ETA: 0s - loss: 0.0088 - mae: 0.0969
25/28 [=========================>....] - ETA: 0s - loss: 0.0082 - mae: 0.0921
27/28 [===========================>..] - ETA: 0s - loss: 0.0076 - mae: 0.0863
28/28 [==============================] - 1s 48ms/step - loss: 0.0075 - mae: 0.0849 - val_loss: 0.0028 - val_mae: 0.0599 - lr: 0.0015
Epoch 22/270

 1/28 [>.............................] - ETA: 1s - loss: 0.0486 - mae: 0.3026
 3/28 [==>...........................] - ETA: 1s - loss: 0.0246 - mae: 0.1942
 5/28 [====>.........................] - ETA: 1s - loss: 0.0163 - mae: 0.1474
 7/28 [======>.......................] - ETA: 0s - loss: 0.0129 - mae: 0.1269
 9/28 [========>.....................] - ETA: 0s - loss: 0.0106 - mae: 0.1117
11/28 [==========>...................] - ETA: 0s - loss: 0.0091 - mae: 0.1031
13/28 [============>.................] - ETA: 0s - loss: 0.0092 - mae: 0.1070
15/28 [===============>..............] - ETA: 0s - loss: 0.0100 - mae: 0.1135
17/28 [=================>............] - ETA: 0s - loss: 0.0097 - mae: 0.1133
19/28 [===================>..........] - ETA: 0s - loss: 0.0091 - mae: 0.1087
21/28 [=====================>........] - ETA: 0s - loss: 0.0087 - mae: 0.1061
23/28 [=======================>......] - ETA: 0s - loss: 0.0086 - mae: 0.1062
25/28 [=========================>....] - ETA: 0s - loss: 0.0079 - mae: 0.1005
27/28 [===========================>..] - ETA: 0s - loss: 0.0074 - mae: 0.0940
28/28 [==============================] - 1s 47ms/step - loss: 0.0072 - mae: 0.0925 - val_loss: 0.0018 - val_mae: 0.0515 - lr: 0.0015
Epoch 23/270

 1/28 [>.............................] - ETA: 1s - loss: 0.0585 - mae: 0.3385
 3/28 [==>...........................] - ETA: 1s - loss: 0.0327 - mae: 0.2348
 5/28 [====>.........................] - ETA: 1s - loss: 0.0211 - mae: 0.1721
 7/28 [======>.......................] - ETA: 0s - loss: 0.0164 - mae: 0.1461
 9/28 [========>.....................] - ETA: 0s - loss: 0.0132 - mae: 0.1257
11/28 [==========>...................] - ETA: 0s - loss: 0.0113 - mae: 0.1147
13/28 [============>.................] - ETA: 0s - loss: 0.0107 - mae: 0.1140
15/28 [===============>..............] - ETA: 0s - loss: 0.0118 - mae: 0.1232
17/28 [=================>............] - ETA: 0s - loss: 0.0115 - mae: 0.1231
19/28 [===================>..........] - ETA: 0s - loss: 0.0107 - mae: 0.1172
21/28 [=====================>........] - ETA: 0s - loss: 0.0098 - mae: 0.1102
23/28 [=======================>......] - ETA: 0s - loss: 0.0092 - mae: 0.1060
25/28 [=========================>....] - ETA: 0s - loss: 0.0086 - mae: 0.1003
27/28 [===========================>..] - ETA: 0s - loss: 0.0079 - mae: 0.0937
28/28 [==============================] - 1s 48ms/step - loss: 0.0078 - mae: 0.0922 - val_loss: 0.0025 - val_mae: 0.0626 - lr: 0.0015
Epoch 24/270

 1/28 [>.............................] - ETA: 1s - loss: 0.0777 - mae: 0.3850
 3/28 [==>...........................] - ETA: 1s - loss: 0.0398 - mae: 0.2557
 5/28 [====>.........................] - ETA: 0s - loss: 0.0257 - mae: 0.1888
 7/28 [======>.......................] - ETA: 0s - loss: 0.0203 - mae: 0.1644
 8/28 [=======>......................] - ETA: 1s - loss: 0.0180 - mae: 0.1491
10/28 [=========>....................] - ETA: 0s - loss: 0.0147 - mae: 0.1293
12/28 [===========>..................] - ETA: 0s - loss: 0.0128 - mae: 0.1188
14/28 [==============>...............] - ETA: 0s - loss: 0.0124 - mae: 0.1206
16/28 [================>.............] - ETA: 0s - loss: 0.0121 - mae: 0.1213
18/28 [==================>...........] - ETA: 0s - loss: 0.0116 - mae: 0.1210
20/28 [====================>.........] - ETA: 0s - loss: 0.0107 - mae: 0.1149
22/28 [======================>.......] - ETA: 0s - loss: 0.0100 - mae: 0.1088
24/28 [========================>.....] - ETA: 0s - loss: 0.0094 - mae: 0.1049
26/28 [==========================>...] - ETA: 0s - loss: 0.0087 - mae: 0.0986
28/28 [==============================] - ETA: 0s - loss: 0.0082 - mae: 0.0940
28/28 [==============================] - 1s 49ms/step - loss: 0.0082 - mae: 0.0940 - val_loss: 0.0033 - val_mae: 0.0734 - lr: 0.0015
Epoch 25/270

 1/28 [>.............................] - ETA: 1s - loss: 0.0718 - mae: 0.3725
 3/28 [==>...........................] - ETA: 1s - loss: 0.0371 - mae: 0.2478
 5/28 [====>.........................] - ETA: 1s - loss: 0.0240 - mae: 0.1805
 7/28 [======>.......................] - ETA: 0s - loss: 0.0186 - mae: 0.1556
 9/28 [========>.....................] - ETA: 0s - loss: 0.0149 - mae: 0.1305
11/28 [==========>...................] - ETA: 0s - loss: 0.0124 - mae: 0.1138
13/28 [============>.................] - ETA: 0s - loss: 0.0109 - mae: 0.1070
15/28 [===============>..............] - ETA: 0s - loss: 0.0106 - mae: 0.1095
17/28 [=================>............] - ETA: 0s - loss: 0.0102 - mae: 0.1093
19/28 [===================>..........] - ETA: 0s - loss: 0.0096 - mae: 0.1057
21/28 [=====================>........] - ETA: 0s - loss: 0.0088 - mae: 0.0998
23/28 [=======================>......] - ETA: 0s - loss: 0.0082 - mae: 0.0947
25/28 [=========================>....] - ETA: 0s - loss: 0.0076 - mae: 0.0897
27/28 [===========================>..] - ETA: 0s - loss: 0.0071 - mae: 0.0840
28/28 [==============================] - 1s 48ms/step - loss: 0.0069 - mae: 0.0829 - val_loss: 0.0066 - val_mae: 0.1073 - lr: 0.0015
Epoch 26/270

 1/28 [>.............................] - ETA: 1s - loss: 0.0465 - mae: 0.2969
 3/28 [==>...........................] - ETA: 1s - loss: 0.0226 - mae: 0.1852
 5/28 [====>.........................] - ETA: 1s - loss: 0.0144 - mae: 0.1328
 7/28 [======>.......................] - ETA: 1s - loss: 0.0110 - mae: 0.1122
 9/28 [========>.....................] - ETA: 0s - loss: 0.0089 - mae: 0.0964
11/28 [==========>...................] - ETA: 0s - loss: 0.0076 - mae: 0.0873
13/28 [============>.................] - ETA: 0s - loss: 0.0067 - mae: 0.0818
15/28 [===============>..............] - ETA: 0s - loss: 0.0062 - mae: 0.0804
16/28 [================>.............] - ETA: 0s - loss: 0.0060 - mae: 0.0800
17/28 [=================>............] - ETA: 0s - loss: 0.0058 - mae: 0.0795
18/28 [==================>...........] - ETA: 0s - loss: 0.0059 - mae: 0.0809
19/28 [===================>..........] - ETA: 0s - loss: 0.0057 - mae: 0.0791
21/28 [=====================>........] - ETA: 0s - loss: 0.0053 - mae: 0.0768
23/28 [=======================>......] - ETA: 0s - loss: 0.0050 - mae: 0.0741
25/28 [=========================>....] - ETA: 0s - loss: 0.0047 - mae: 0.0715
27/28 [===========================>..] - ETA: 0s - loss: 0.0044 - mae: 0.0670
28/28 [==============================] - 1s 52ms/step - loss: 0.0043 - mae: 0.0660 - val_loss: 0.0101 - val_mae: 0.1331 - lr: 0.0015
Epoch 27/270

 1/28 [>.............................] - ETA: 1s - loss: 0.0253 - mae: 0.2019
 3/28 [==>...........................] - ETA: 1s - loss: 0.0131 - mae: 0.1270
 5/28 [====>.........................] - ETA: 1s - loss: 0.0086 - mae: 0.0968
 7/28 [======>.......................] - ETA: 0s - loss: 0.0070 - mae: 0.0877
 9/28 [========>.....................] - ETA: 0s - loss: 0.0057 - mae: 0.0753
11/28 [==========>...................] - ETA: 0s - loss: 0.0048 - mae: 0.0679
13/28 [============>.................] - ETA: 0s - loss: 0.0042 - mae: 0.0628
15/28 [===============>..............] - ETA: 0s - loss: 0.0040 - mae: 0.0627
17/28 [=================>............] - ETA: 0s - loss: 0.0042 - mae: 0.0671
19/28 [===================>..........] - ETA: 0s - loss: 0.0041 - mae: 0.0663
21/28 [=====================>........] - ETA: 0s - loss: 0.0038 - mae: 0.0639
23/28 [=======================>......] - ETA: 0s - loss: 0.0036 - mae: 0.0613
25/28 [=========================>....] - ETA: 0s - loss: 0.0034 - mae: 0.0587
27/28 [===========================>..] - ETA: 0s - loss: 0.0031 - mae: 0.0554
28/28 [==============================] - 1s 47ms/step - loss: 0.0031 - mae: 0.0547 - val_loss: 0.0196 - val_mae: 0.1835 - lr: 0.0015
Epoch 28/270

 1/28 [>.............................] - ETA: 1s - loss: 0.0230 - mae: 0.1788
 3/28 [==>...........................] - ETA: 1s - loss: 0.0102 - mae: 0.1034
 5/28 [====>.........................] - ETA: 1s - loss: 0.0068 - mae: 0.0799
 7/28 [======>.......................] - ETA: 0s - loss: 0.0053 - mae: 0.0693
 9/28 [========>.....................] - ETA: 0s - loss: 0.0044 - mae: 0.0627
11/28 [==========>...................] - ETA: 0s - loss: 0.0038 - mae: 0.0569
13/28 [============>.................] - ETA: 0s - loss: 0.0033 - mae: 0.0530
15/28 [===============>..............] - ETA: 0s - loss: 0.0035 - mae: 0.0557
17/28 [=================>............] - ETA: 0s - loss: 0.0034 - mae: 0.0573
19/28 [===================>..........] - ETA: 0s - loss: 0.0036 - mae: 0.0599
21/28 [=====================>........] - ETA: 0s - loss: 0.0038 - mae: 0.0636
23/28 [=======================>......] - ETA: 0s - loss: 0.0036 - mae: 0.0632
25/28 [=========================>....] - ETA: 0s - loss: 0.0035 - mae: 0.0617
27/28 [===========================>..] - ETA: 0s - loss: 0.0032 - mae: 0.0585
28/28 [==============================] - 1s 47ms/step - loss: 0.0032 - mae: 0.0577 - val_loss: 0.0226 - val_mae: 0.1941 - lr: 0.0015
Epoch 29/270

 1/28 [>.............................] - ETA: 1s - loss: 0.0117 - mae: 0.1179
 3/28 [==>...........................] - ETA: 1s - loss: 0.0071 - mae: 0.0939
 5/28 [====>.........................] - ETA: 1s - loss: 0.0051 - mae: 0.0762
 7/28 [======>.......................] - ETA: 0s - loss: 0.0045 - mae: 0.0720
 9/28 [========>.....................] - ETA: 0s - loss: 0.0038 - mae: 0.0646
11/28 [==========>...................] - ETA: 0s - loss: 0.0032 - mae: 0.0582
13/28 [============>.................] - ETA: 0s - loss: 0.0029 - mae: 0.0541
15/28 [===============>..............] - ETA: 0s - loss: 0.0028 - mae: 0.0541
16/28 [================>.............] - ETA: 0s - loss: 0.0028 - mae: 0.0542
18/28 [==================>...........] - ETA: 0s - loss: 0.0028 - mae: 0.0560
20/28 [====================>.........] - ETA: 0s - loss: 0.0028 - mae: 0.0564
22/28 [======================>.......] - ETA: 0s - loss: 0.0027 - mae: 0.0564
24/28 [========================>.....] - ETA: 0s - loss: 0.0026 - mae: 0.0550
26/28 [==========================>...] - ETA: 0s - loss: 0.0024 - mae: 0.0520
28/28 [==============================] - ETA: 0s - loss: 0.0023 - mae: 0.0497
28/28 [==============================] - 1s 48ms/step - loss: 0.0023 - mae: 0.0497 - val_loss: 0.0239 - val_mae: 0.2001 - lr: 0.0015
Epoch 30/270

 1/28 [>.............................] - ETA: 1s - loss: 0.0121 - mae: 0.1179
 3/28 [==>...........................] - ETA: 1s - loss: 0.0074 - mae: 0.0926
 5/28 [====>.........................] - ETA: 1s - loss: 0.0051 - mae: 0.0736
 7/28 [======>.......................] - ETA: 0s - loss: 0.0045 - mae: 0.0705
 9/28 [========>.....................] - ETA: 0s - loss: 0.0041 - mae: 0.0686
11/28 [==========>...................] - ETA: 0s - loss: 0.0036 - mae: 0.0636
13/28 [============>.................] - ETA: 0s - loss: 0.0034 - mae: 0.0615
15/28 [===============>..............] - ETA: 0s - loss: 0.0042 - mae: 0.0704
17/28 [=================>............] - ETA: 0s - loss: 0.0041 - mae: 0.0701
18/28 [==================>...........] - ETA: 0s - loss: 0.0040 - mae: 0.0696
19/28 [===================>..........] - ETA: 0s - loss: 0.0040 - mae: 0.0698
21/28 [=====================>........] - ETA: 0s - loss: 0.0044 - mae: 0.0743
23/28 [=======================>......] - ETA: 0s - loss: 0.0045 - mae: 0.0756
25/28 [=========================>....] - ETA: 0s - loss: 0.0042 - mae: 0.0723
27/28 [===========================>..] - ETA: 0s - loss: 0.0039 - mae: 0.0687
28/28 [==============================] - 1s 49ms/step - loss: 0.0039 - mae: 0.0678 - val_loss: 0.0173 - val_mae: 0.1694 - lr: 0.0015
Epoch 31/270

 1/28 [>.............................] - ETA: 1s - loss: 0.0080 - mae: 0.0909
 3/28 [==>...........................] - ETA: 1s - loss: 0.0049 - mae: 0.0744
 5/28 [====>.........................] - ETA: 1s - loss: 0.0040 - mae: 0.0682
 7/28 [======>.......................] - ETA: 0s - loss: 0.0031 - mae: 0.0592
 9/28 [========>.....................] - ETA: 0s - loss: 0.0027 - mae: 0.0548
11/28 [==========>...................] - ETA: 0s - loss: 0.0024 - mae: 0.0513
13/28 [============>.................] - ETA: 0s - loss: 0.0023 - mae: 0.0504
15/28 [===============>..............] - ETA: 0s - loss: 0.0034 - mae: 0.0619
17/28 [=================>............] - ETA: 0s - loss: 0.0038 - mae: 0.0668
19/28 [===================>..........] - ETA: 0s - loss: 0.0036 - mae: 0.0642
21/28 [=====================>........] - ETA: 0s - loss: 0.0035 - mae: 0.0635
23/28 [=======================>......] - ETA: 0s - loss: 0.0035 - mae: 0.0640
25/28 [=========================>....] - ETA: 0s - loss: 0.0033 - mae: 0.0620
27/28 [===========================>..] - ETA: 0s - loss: 0.0031 - mae: 0.0589
28/28 [==============================] - 1s 48ms/step - loss: 0.0030 - mae: 0.0580 - val_loss: 4.6507e-04 - val_mae: 0.0243 - lr: 0.0015
Epoch 32/270

 1/28 [>.............................] - ETA: 1s - loss: 0.0094 - mae: 0.1281
 3/28 [==>...........................] - ETA: 1s - loss: 0.0112 - mae: 0.1350
 5/28 [====>.........................] - ETA: 1s - loss: 0.0093 - mae: 0.1220
 7/28 [======>.......................] - ETA: 0s - loss: 0.0072 - mae: 0.1007
 9/28 [========>.....................] - ETA: 0s - loss: 0.0058 - mae: 0.0863
11/28 [==========>...................] - ETA: 0s - loss: 0.0051 - mae: 0.0797
13/28 [============>.................] - ETA: 0s - loss: 0.0046 - mae: 0.0754
15/28 [===============>..............] - ETA: 0s - loss: 0.0054 - mae: 0.0844
17/28 [=================>............] - ETA: 0s - loss: 0.0062 - mae: 0.0918
19/28 [===================>..........] - ETA: 0s - loss: 0.0060 - mae: 0.0897
21/28 [=====================>........] - ETA: 0s - loss: 0.0056 - mae: 0.0845
23/28 [=======================>......] - ETA: 0s - loss: 0.0052 - mae: 0.0809
25/28 [=========================>....] - ETA: 0s - loss: 0.0049 - mae: 0.0772
27/28 [===========================>..] - ETA: 0s - loss: 0.0045 - mae: 0.0736
28/28 [==============================] - 1s 49ms/step - loss: 0.0045 - mae: 0.0729 - val_loss: 0.0134 - val_mae: 0.1618 - lr: 0.0015
Epoch 33/270

 1/28 [>.............................] - ETA: 1s - loss: 0.0032 - mae: 0.0571
 3/28 [==>...........................] - ETA: 1s - loss: 0.0055 - mae: 0.0856
 5/28 [====>.........................] - ETA: 1s - loss: 0.0070 - mae: 0.1014
 7/28 [======>.......................] - ETA: 0s - loss: 0.0063 - mae: 0.0977
 9/28 [========>.....................] - ETA: 0s - loss: 0.0053 - mae: 0.0870
11/28 [==========>...................] - ETA: 0s - loss: 0.0045 - mae: 0.0767
13/28 [============>.................] - ETA: 0s - loss: 0.0039 - mae: 0.0702
15/28 [===============>..............] - ETA: 0s - loss: 0.0041 - mae: 0.0728
17/28 [=================>............] - ETA: 0s - loss: 0.0046 - mae: 0.0779
19/28 [===================>..........] - ETA: 0s - loss: 0.0045 - mae: 0.0771
21/28 [=====================>........] - ETA: 0s - loss: 0.0043 - mae: 0.0745
23/28 [=======================>......] - ETA: 0s - loss: 0.0040 - mae: 0.0710
25/28 [=========================>....] - ETA: 0s - loss: 0.0038 - mae: 0.0690
27/28 [===========================>..] - ETA: 0s - loss: 0.0035 - mae: 0.0651
28/28 [==============================] - 1s 48ms/step - loss: 0.0035 - mae: 0.0641 - val_loss: 0.0159 - val_mae: 0.1657 - lr: 0.0015
Epoch 34/270

 1/28 [>.............................] - ETA: 1s - loss: 0.0131 - mae: 0.1263
 3/28 [==>...........................] - ETA: 1s - loss: 0.0067 - mae: 0.0900
 5/28 [====>.........................] - ETA: 1s - loss: 0.0052 - mae: 0.0810
 7/28 [======>.......................] - ETA: 0s - loss: 0.0042 - mae: 0.0716
 9/28 [========>.....................] - ETA: 0s - loss: 0.0038 - mae: 0.0677
11/28 [==========>...................] - ETA: 0s - loss: 0.0032 - mae: 0.0605
13/28 [============>.................] - ETA: 0s - loss: 0.0029 - mae: 0.0589
15/28 [===============>..............] - ETA: 0s - loss: 0.0028 - mae: 0.0583
17/28 [=================>............] - ETA: 0s - loss: 0.0027 - mae: 0.0567
19/28 [===================>..........] - ETA: 0s - loss: 0.0026 - mae: 0.0554
21/28 [=====================>........] - ETA: 0s - loss: 0.0026 - mae: 0.0564
23/28 [=======================>......] - ETA: 0s - loss: 0.0026 - mae: 0.0559
25/28 [=========================>....] - ETA: 0s - loss: 0.0025 - mae: 0.0548
27/28 [===========================>..] - ETA: 0s - loss: 0.0023 - mae: 0.0528
Epoch 34: ReduceLROnPlateau reducing learning rate to 0.000750000006519258.

28/28 [==============================] - 1s 49ms/step - loss: 0.0023 - mae: 0.0522 - val_loss: 0.0113 - val_mae: 0.1307 - lr: 0.0015
Epoch 35/270

 1/28 [>.............................] - ETA: 1s - loss: 0.0195 - mae: 0.1797
 3/28 [==>...........................] - ETA: 1s - loss: 0.0111 - mae: 0.1198
 5/28 [====>.........................] - ETA: 1s - loss: 0.0085 - mae: 0.1037
 7/28 [======>.......................] - ETA: 0s - loss: 0.0068 - mae: 0.0914
 9/28 [========>.....................] - ETA: 0s - loss: 0.0056 - mae: 0.0807
11/28 [==========>...................] - ETA: 0s - loss: 0.0048 - mae: 0.0731
13/28 [============>.................] - ETA: 0s - loss: 0.0050 - mae: 0.0773
15/28 [===============>..............] - ETA: 0s - loss: 0.0059 - mae: 0.0861
17/28 [=================>............] - ETA: 0s - loss: 0.0062 - mae: 0.0896
19/28 [===================>..........] - ETA: 0s - loss: 0.0061 - mae: 0.0898
21/28 [=====================>........] - ETA: 0s - loss: 0.0056 - mae: 0.0851
23/28 [=======================>......] - ETA: 0s - loss: 0.0052 - mae: 0.0808
25/28 [=========================>....] - ETA: 0s - loss: 0.0049 - mae: 0.0780
27/28 [===========================>..] - ETA: 0s - loss: 0.0046 - mae: 0.0746
28/28 [==============================] - 1s 49ms/step - loss: 0.0046 - mae: 0.0736 - val_loss: 0.0021 - val_mae: 0.0548 - lr: 7.5000e-04
Epoch 36/270

 1/28 [>.............................] - ETA: 1s - loss: 0.0255 - mae: 0.2172
 3/28 [==>...........................] - ETA: 1s - loss: 0.0170 - mae: 0.1643
 5/28 [====>.........................] - ETA: 1s - loss: 0.0110 - mae: 0.1188
 7/28 [======>.......................] - ETA: 0s - loss: 0.0089 - mae: 0.1072
 9/28 [========>.....................] - ETA: 0s - loss: 0.0073 - mae: 0.0946
11/28 [==========>...................] - ETA: 0s - loss: 0.0062 - mae: 0.0848
13/28 [============>.................] - ETA: 0s - loss: 0.0054 - mae: 0.0770
15/28 [===============>..............] - ETA: 0s - loss: 0.0049 - mae: 0.0728
17/28 [=================>............] - ETA: 0s - loss: 0.0047 - mae: 0.0707
19/28 [===================>..........] - ETA: 0s - loss: 0.0044 - mae: 0.0689
21/28 [=====================>........] - ETA: 0s - loss: 0.0042 - mae: 0.0675
23/28 [=======================>......] - ETA: 0s - loss: 0.0039 - mae: 0.0660
25/28 [=========================>....] - ETA: 0s - loss: 0.0037 - mae: 0.0636
27/28 [===========================>..] - ETA: 0s - loss: 0.0035 - mae: 0.0602
28/28 [==============================] - 1s 49ms/step - loss: 0.0034 - mae: 0.0594 - val_loss: 0.0025 - val_mae: 0.0606 - lr: 7.5000e-04
Epoch 37/270

 1/28 [>.............................] - ETA: 1s - loss: 0.0064 - mae: 0.0742
 3/28 [==>...........................] - ETA: 1s - loss: 0.0038 - mae: 0.0621
 5/28 [====>.........................] - ETA: 1s - loss: 0.0029 - mae: 0.0546
 7/28 [======>.......................] - ETA: 0s - loss: 0.0023 - mae: 0.0473
 9/28 [========>.....................] - ETA: 0s - loss: 0.0019 - mae: 0.0430
11/28 [==========>...................] - ETA: 0s - loss: 0.0017 - mae: 0.0401
13/28 [============>.................] - ETA: 0s - loss: 0.0016 - mae: 0.0399
15/28 [===============>..............] - ETA: 0s - loss: 0.0016 - mae: 0.0396
17/28 [=================>............] - ETA: 0s - loss: 0.0015 - mae: 0.0394
19/28 [===================>..........] - ETA: 0s - loss: 0.0017 - mae: 0.0411
21/28 [=====================>........] - ETA: 0s - loss: 0.0017 - mae: 0.0404
23/28 [=======================>......] - ETA: 0s - loss: 0.0016 - mae: 0.0396
25/28 [=========================>....] - ETA: 0s - loss: 0.0015 - mae: 0.0389
27/28 [===========================>..] - ETA: 0s - loss: 0.0014 - mae: 0.0369
28/28 [==============================] - 1s 48ms/step - loss: 0.0014 - mae: 0.0364 - val_loss: 0.0016 - val_mae: 0.0497 - lr: 7.5000e-04
Epoch 38/270

 1/28 [>.............................] - ETA: 1s - loss: 0.0075 - mae: 0.0896
 3/28 [==>...........................] - ETA: 1s - loss: 0.0045 - mae: 0.0701
 5/28 [====>.........................] - ETA: 1s - loss: 0.0032 - mae: 0.0579
 7/28 [======>.......................] - ETA: 0s - loss: 0.0025 - mae: 0.0502
 9/28 [========>.....................] - ETA: 0s - loss: 0.0021 - mae: 0.0453
11/28 [==========>...................] - ETA: 0s - loss: 0.0019 - mae: 0.0420
13/28 [============>.................] - ETA: 0s - loss: 0.0017 - mae: 0.0415
15/28 [===============>..............] - ETA: 0s - loss: 0.0018 - mae: 0.0419
17/28 [=================>............] - ETA: 0s - loss: 0.0018 - mae: 0.0428
19/28 [===================>..........] - ETA: 0s - loss: 0.0017 - mae: 0.0422
21/28 [=====================>........] - ETA: 0s - loss: 0.0016 - mae: 0.0409
23/28 [=======================>......] - ETA: 0s - loss: 0.0016 - mae: 0.0402
25/28 [=========================>....] - ETA: 0s - loss: 0.0016 - mae: 0.0402
27/28 [===========================>..] - ETA: 0s - loss: 0.0015 - mae: 0.0382
28/28 [==============================] - 1s 48ms/step - loss: 0.0014 - mae: 0.0379 - val_loss: 0.0014 - val_mae: 0.0469 - lr: 7.5000e-04
Epoch 39/270

 1/28 [>.............................] - ETA: 1s - loss: 0.0108 - mae: 0.0997
 3/28 [==>...........................] - ETA: 1s - loss: 0.0057 - mae: 0.0687
 5/28 [====>.........................] - ETA: 1s - loss: 0.0038 - mae: 0.0537
 7/28 [======>.......................] - ETA: 0s - loss: 0.0030 - mae: 0.0477
 9/28 [========>.....................] - ETA: 0s - loss: 0.0025 - mae: 0.0436
11/28 [==========>...................] - ETA: 0s - loss: 0.0022 - mae: 0.0411
13/28 [============>.................] - ETA: 0s - loss: 0.0020 - mae: 0.0403
15/28 [===============>..............] - ETA: 0s - loss: 0.0019 - mae: 0.0398
17/28 [=================>............] - ETA: 0s - loss: 0.0021 - mae: 0.0419
19/28 [===================>..........] - ETA: 0s - loss: 0.0020 - mae: 0.0418
21/28 [=====================>........] - ETA: 0s - loss: 0.0019 - mae: 0.0414
23/28 [=======================>......] - ETA: 0s - loss: 0.0018 - mae: 0.0404
25/28 [=========================>....] - ETA: 0s - loss: 0.0017 - mae: 0.0400
27/28 [===========================>..] - ETA: 0s - loss: 0.0016 - mae: 0.0381
28/28 [==============================] - 1s 49ms/step - loss: 0.0016 - mae: 0.0378 - val_loss: 0.0013 - val_mae: 0.0462 - lr: 7.5000e-04
Epoch 40/270

 1/28 [>.............................] - ETA: 1s - loss: 0.0079 - mae: 0.0843
 3/28 [==>...........................] - ETA: 1s - loss: 0.0042 - mae: 0.0655
 5/28 [====>.........................] - ETA: 1s - loss: 0.0031 - mae: 0.0562
 7/28 [======>.......................] - ETA: 0s - loss: 0.0025 - mae: 0.0495
 9/28 [========>.....................] - ETA: 0s - loss: 0.0022 - mae: 0.0464
11/28 [==========>...................] - ETA: 0s - loss: 0.0020 - mae: 0.0437
13/28 [============>.................] - ETA: 0s - loss: 0.0018 - mae: 0.0411
15/28 [===============>..............] - ETA: 0s - loss: 0.0017 - mae: 0.0408
17/28 [=================>............] - ETA: 0s - loss: 0.0019 - mae: 0.0425
19/28 [===================>..........] - ETA: 0s - loss: 0.0019 - mae: 0.0432
21/28 [=====================>........] - ETA: 0s - loss: 0.0018 - mae: 0.0420
23/28 [=======================>......] - ETA: 0s - loss: 0.0018 - mae: 0.0415
25/28 [=========================>....] - ETA: 0s - loss: 0.0017 - mae: 0.0407
27/28 [===========================>..] - ETA: 0s - loss: 0.0016 - mae: 0.0390
28/28 [==============================] - 1s 48ms/step - loss: 0.0016 - mae: 0.0386 - val_loss: 0.0013 - val_mae: 0.0462 - lr: 7.5000e-04
Epoch 41/270

 1/28 [>.............................] - ETA: 1s - loss: 0.0060 - mae: 0.0782
 3/28 [==>...........................] - ETA: 1s - loss: 0.0043 - mae: 0.0705
 5/28 [====>.........................] - ETA: 1s - loss: 0.0031 - mae: 0.0583
 7/28 [======>.......................] - ETA: 0s - loss: 0.0025 - mae: 0.0509
 9/28 [========>.....................] - ETA: 0s - loss: 0.0020 - mae: 0.0444
11/28 [==========>...................] - ETA: 0s - loss: 0.0018 - mae: 0.0414
13/28 [============>.................] - ETA: 0s - loss: 0.0016 - mae: 0.0401
15/28 [===============>..............] - ETA: 0s - loss: 0.0017 - mae: 0.0414
17/28 [=================>............] - ETA: 0s - loss: 0.0017 - mae: 0.0413
19/28 [===================>..........] - ETA: 0s - loss: 0.0017 - mae: 0.0405
21/28 [=====================>........] - ETA: 0s - loss: 0.0016 - mae: 0.0400
23/28 [=======================>......] - ETA: 0s - loss: 0.0015 - mae: 0.0391
24/28 [========================>.....] - ETA: 0s - loss: 0.0015 - mae: 0.0391
26/28 [==========================>...] - ETA: 0s - loss: 0.0014 - mae: 0.0372
28/28 [==============================] - ETA: 0s - loss: 0.0014 - mae: 0.0359
28/28 [==============================] - 1s 50ms/step - loss: 0.0014 - mae: 0.0359 - val_loss: 0.0014 - val_mae: 0.0467 - lr: 7.5000e-04
Epoch 42/270

 1/28 [>.............................] - ETA: 1s - loss: 0.0048 - mae: 0.0654
 3/28 [==>...........................] - ETA: 1s - loss: 0.0032 - mae: 0.0571
 5/28 [====>.........................] - ETA: 1s - loss: 0.0023 - mae: 0.0488
 7/28 [======>.......................] - ETA: 0s - loss: 0.0021 - mae: 0.0459
 9/28 [========>.....................] - ETA: 0s - loss: 0.0018 - mae: 0.0423
11/28 [==========>...................] - ETA: 0s - loss: 0.0016 - mae: 0.0394
13/28 [============>.................] - ETA: 0s - loss: 0.0015 - mae: 0.0389
15/28 [===============>..............] - ETA: 0s - loss: 0.0015 - mae: 0.0387
17/28 [=================>............] - ETA: 0s - loss: 0.0015 - mae: 0.0392
18/28 [==================>...........] - ETA: 0s - loss: 0.0016 - mae: 0.0399
19/28 [===================>..........] - ETA: 0s - loss: 0.0016 - mae: 0.0397
21/28 [=====================>........] - ETA: 0s - loss: 0.0015 - mae: 0.0392
23/28 [=======================>......] - ETA: 0s - loss: 0.0015 - mae: 0.0386
25/28 [=========================>....] - ETA: 0s - loss: 0.0014 - mae: 0.0381
27/28 [===========================>..] - ETA: 0s - loss: 0.0013 - mae: 0.0360
28/28 [==============================] - 1s 49ms/step - loss: 0.0013 - mae: 0.0356 - val_loss: 0.0013 - val_mae: 0.0463 - lr: 7.5000e-04
Epoch 43/270

 1/28 [>.............................] - ETA: 1s - loss: 0.0072 - mae: 0.0821
 3/28 [==>...........................] - ETA: 1s - loss: 0.0045 - mae: 0.0679
 5/28 [====>.........................] - ETA: 0s - loss: 0.0030 - mae: 0.0528
 7/28 [======>.......................] - ETA: 0s - loss: 0.0024 - mae: 0.0464
 9/28 [========>.....................] - ETA: 0s - loss: 0.0020 - mae: 0.0416
11/28 [==========>...................] - ETA: 0s - loss: 0.0018 - mae: 0.0396
13/28 [============>.................] - ETA: 0s - loss: 0.0017 - mae: 0.0394
15/28 [===============>..............] - ETA: 0s - loss: 0.0017 - mae: 0.0392
17/28 [=================>............] - ETA: 0s - loss: 0.0018 - mae: 0.0407
19/28 [===================>..........] - ETA: 0s - loss: 0.0018 - mae: 0.0407
21/28 [=====================>........] - ETA: 0s - loss: 0.0017 - mae: 0.0398
23/28 [=======================>......] - ETA: 0s - loss: 0.0016 - mae: 0.0396
25/28 [=========================>....] - ETA: 0s - loss: 0.0016 - mae: 0.0391
27/28 [===========================>..] - ETA: 0s - loss: 0.0015 - mae: 0.0373
28/28 [==============================] - 1s 47ms/step - loss: 0.0015 - mae: 0.0368 - val_loss: 0.0013 - val_mae: 0.0463 - lr: 7.5000e-04
Epoch 44/270

 1/28 [>.............................] - ETA: 1s - loss: 0.0121 - mae: 0.1029
 3/28 [==>...........................] - ETA: 1s - loss: 0.0060 - mae: 0.0723
 5/28 [====>.........................] - ETA: 1s - loss: 0.0041 - mae: 0.0592
 7/28 [======>.......................] - ETA: 0s - loss: 0.0032 - mae: 0.0505
 9/28 [========>.....................] - ETA: 0s - loss: 0.0027 - mae: 0.0456
11/28 [==========>...................] - ETA: 0s - loss: 0.0023 - mae: 0.0422
13/28 [============>.................] - ETA: 0s - loss: 0.0021 - mae: 0.0411
15/28 [===============>..............] - ETA: 0s - loss: 0.0020 - mae: 0.0410
17/28 [=================>............] - ETA: 0s - loss: 0.0021 - mae: 0.0429
19/28 [===================>..........] - ETA: 0s - loss: 0.0020 - mae: 0.0422
21/28 [=====================>........] - ETA: 0s - loss: 0.0019 - mae: 0.0410
23/28 [=======================>......] - ETA: 0s - loss: 0.0018 - mae: 0.0407
25/28 [=========================>....] - ETA: 0s - loss: 0.0017 - mae: 0.0397
27/28 [===========================>..] - ETA: 0s - loss: 0.0017 - mae: 0.0382
28/28 [==============================] - 1s 48ms/step - loss: 0.0016 - mae: 0.0377 - val_loss: 0.0013 - val_mae: 0.0456 - lr: 7.5000e-04
Epoch 45/270

 1/28 [>.............................] - ETA: 1s - loss: 0.0063 - mae: 0.0736
 3/28 [==>...........................] - ETA: 1s - loss: 0.0050 - mae: 0.0713
 5/28 [====>.........................] - ETA: 1s - loss: 0.0034 - mae: 0.0562
 7/28 [======>.......................] - ETA: 0s - loss: 0.0027 - mae: 0.0499
 9/28 [========>.....................] - ETA: 0s - loss: 0.0023 - mae: 0.0461
11/28 [==========>...................] - ETA: 0s - loss: 0.0020 - mae: 0.0424
13/28 [============>.................] - ETA: 0s - loss: 0.0018 - mae: 0.0409
14/28 [==============>...............] - ETA: 0s - loss: 0.0018 - mae: 0.0408
16/28 [================>.............] - ETA: 0s - loss: 0.0018 - mae: 0.0411
18/28 [==================>...........] - ETA: 0s - loss: 0.0018 - mae: 0.0418
20/28 [====================>.........] - ETA: 0s - loss: 0.0018 - mae: 0.0414
22/28 [======================>.......] - ETA: 0s - loss: 0.0017 - mae: 0.0404
24/28 [========================>.....] - ETA: 0s - loss: 0.0016 - mae: 0.0395
26/28 [==========================>...] - ETA: 0s - loss: 0.0015 - mae: 0.0377
28/28 [==============================] - ETA: 0s - loss: 0.0014 - mae: 0.0363
28/28 [==============================] - 1s 49ms/step - loss: 0.0014 - mae: 0.0363 - val_loss: 0.0011 - val_mae: 0.0420 - lr: 7.5000e-04
Epoch 46/270

 1/28 [>.............................] - ETA: 1s - loss: 0.0071 - mae: 0.0950
 3/28 [==>...........................] - ETA: 1s - loss: 0.0046 - mae: 0.0753
 5/28 [====>.........................] - ETA: 1s - loss: 0.0032 - mae: 0.0597
 7/28 [======>.......................] - ETA: 0s - loss: 0.0026 - mae: 0.0513
 9/28 [========>.....................] - ETA: 0s - loss: 0.0021 - mae: 0.0461
11/28 [==========>...................] - ETA: 0s - loss: 0.0019 - mae: 0.0429
13/28 [============>.................] - ETA: 0s - loss: 0.0017 - mae: 0.0407
15/28 [===============>..............] - ETA: 0s - loss: 0.0017 - mae: 0.0404
17/28 [=================>............] - ETA: 0s - loss: 0.0017 - mae: 0.0413
19/28 [===================>..........] - ETA: 0s - loss: 0.0016 - mae: 0.0407
21/28 [=====================>........] - ETA: 0s - loss: 0.0016 - mae: 0.0399
23/28 [=======================>......] - ETA: 0s - loss: 0.0015 - mae: 0.0394
25/28 [=========================>....] - ETA: 0s - loss: 0.0014 - mae: 0.0383
27/28 [===========================>..] - ETA: 0s - loss: 0.0013 - mae: 0.0366
28/28 [==============================] - 1s 48ms/step - loss: 0.0013 - mae: 0.0364 - val_loss: 0.0011 - val_mae: 0.0414 - lr: 7.5000e-04
Epoch 47/270

 1/28 [>.............................] - ETA: 1s - loss: 0.0041 - mae: 0.0760
 3/28 [==>...........................] - ETA: 1s - loss: 0.0031 - mae: 0.0652
 5/28 [====>.........................] - ETA: 1s - loss: 0.0022 - mae: 0.0510
 7/28 [======>.......................] - ETA: 0s - loss: 0.0018 - mae: 0.0453
 9/28 [========>.....................] - ETA: 0s - loss: 0.0016 - mae: 0.0425
11/28 [==========>...................] - ETA: 0s - loss: 0.0015 - mae: 0.0411
13/28 [============>.................] - ETA: 0s - loss: 0.0014 - mae: 0.0387
15/28 [===============>..............] - ETA: 0s - loss: 0.0014 - mae: 0.0395
17/28 [=================>............] - ETA: 0s - loss: 0.0015 - mae: 0.0394
19/28 [===================>..........] - ETA: 0s - loss: 0.0015 - mae: 0.0393
21/28 [=====================>........] - ETA: 0s - loss: 0.0014 - mae: 0.0390
23/28 [=======================>......] - ETA: 0s - loss: 0.0014 - mae: 0.0389
25/28 [=========================>....] - ETA: 0s - loss: 0.0013 - mae: 0.0379
27/28 [===========================>..] - ETA: 0s - loss: 0.0012 - mae: 0.0360
28/28 [==============================] - 1s 49ms/step - loss: 0.0012 - mae: 0.0356 - val_loss: 0.0020 - val_mae: 0.0548 - lr: 7.5000e-04
Epoch 48/270

 1/28 [>.............................] - ETA: 1s - loss: 0.0027 - mae: 0.0542
 3/28 [==>...........................] - ETA: 1s - loss: 0.0025 - mae: 0.0583
 5/28 [====>.........................] - ETA: 1s - loss: 0.0022 - mae: 0.0540
 7/28 [======>.......................] - ETA: 0s - loss: 0.0018 - mae: 0.0485
 9/28 [========>.....................] - ETA: 0s - loss: 0.0017 - mae: 0.0463
11/28 [==========>...................] - ETA: 0s - loss: 0.0015 - mae: 0.0423
13/28 [============>.................] - ETA: 0s - loss: 0.0014 - mae: 0.0406
15/28 [===============>..............] - ETA: 0s - loss: 0.0013 - mae: 0.0391
17/28 [=================>............] - ETA: 0s - loss: 0.0014 - mae: 0.0397
19/28 [===================>..........] - ETA: 0s - loss: 0.0013 - mae: 0.0388
21/28 [=====================>........] - ETA: 0s - loss: 0.0013 - mae: 0.0381
23/28 [=======================>......] - ETA: 0s - loss: 0.0013 - mae: 0.0382
25/28 [=========================>....] - ETA: 0s - loss: 0.0013 - mae: 0.0378
27/28 [===========================>..] - ETA: 0s - loss: 0.0012 - mae: 0.0362
28/28 [==============================] - 1s 50ms/step - loss: 0.0012 - mae: 0.0357 - val_loss: 0.0020 - val_mae: 0.0557 - lr: 7.5000e-04
Epoch 49/270

 1/28 [>.............................] - ETA: 1s - loss: 0.0053 - mae: 0.0712
 3/28 [==>...........................] - ETA: 1s - loss: 0.0040 - mae: 0.0656
 5/28 [====>.........................] - ETA: 1s - loss: 0.0029 - mae: 0.0549
 7/28 [======>.......................] - ETA: 0s - loss: 0.0023 - mae: 0.0485
 9/28 [========>.....................] - ETA: 0s - loss: 0.0020 - mae: 0.0450
11/28 [==========>...................] - ETA: 0s - loss: 0.0017 - mae: 0.0418
13/28 [============>.................] - ETA: 0s - loss: 0.0016 - mae: 0.0416
15/28 [===============>..............] - ETA: 0s - loss: 0.0016 - mae: 0.0416
17/28 [=================>............] - ETA: 0s - loss: 0.0016 - mae: 0.0427
19/28 [===================>..........] - ETA: 0s - loss: 0.0016 - mae: 0.0423
21/28 [=====================>........] - ETA: 0s - loss: 0.0015 - mae: 0.0410
23/28 [=======================>......] - ETA: 0s - loss: 0.0015 - mae: 0.0406
25/28 [=========================>....] - ETA: 0s - loss: 0.0014 - mae: 0.0398
27/28 [===========================>..] - ETA: 0s - loss: 0.0013 - mae: 0.0380
Epoch 49: ReduceLROnPlateau reducing learning rate to 0.000375000003259629.

28/28 [==============================] - 1s 48ms/step - loss: 0.0013 - mae: 0.0376 - val_loss: 0.0014 - val_mae: 0.0485 - lr: 7.5000e-04
Epoch 50/270

 1/28 [>.............................] - ETA: 1s - loss: 0.0089 - mae: 0.1006
 3/28 [==>...........................] - ETA: 1s - loss: 0.0049 - mae: 0.0707
 5/28 [====>.........................] - ETA: 1s - loss: 0.0032 - mae: 0.0534
 7/28 [======>.......................] - ETA: 0s - loss: 0.0028 - mae: 0.0507
 9/28 [========>.....................] - ETA: 0s - loss: 0.0024 - mae: 0.0463
11/28 [==========>...................] - ETA: 0s - loss: 0.0021 - mae: 0.0435
13/28 [============>.................] - ETA: 0s - loss: 0.0019 - mae: 0.0421
15/28 [===============>..............] - ETA: 0s - loss: 0.0019 - mae: 0.0419
17/28 [=================>............] - ETA: 0s - loss: 0.0020 - mae: 0.0441
19/28 [===================>..........] - ETA: 0s - loss: 0.0019 - mae: 0.0439
21/28 [=====================>........] - ETA: 0s - loss: 0.0018 - mae: 0.0432
23/28 [=======================>......] - ETA: 0s - loss: 0.0018 - mae: 0.0426
25/28 [=========================>....] - ETA: 0s - loss: 0.0017 - mae: 0.0414
27/28 [===========================>..] - ETA: 0s - loss: 0.0016 - mae: 0.0394
28/28 [==============================] - 1s 47ms/step - loss: 0.0016 - mae: 0.0388 - val_loss: 0.0013 - val_mae: 0.0461 - lr: 3.7500e-04
Epoch 51/270

 1/28 [>.............................] - ETA: 1s - loss: 0.0052 - mae: 0.0690
 3/28 [==>...........................] - ETA: 1s - loss: 0.0035 - mae: 0.0629
 5/28 [====>.........................] - ETA: 0s - loss: 0.0024 - mae: 0.0494
 7/28 [======>.......................] - ETA: 0s - loss: 0.0019 - mae: 0.0436
 9/28 [========>.....................] - ETA: 0s - loss: 0.0017 - mae: 0.0400
11/28 [==========>...................] - ETA: 0s - loss: 0.0016 - mae: 0.0383
13/28 [============>.................] - ETA: 0s - loss: 0.0014 - mae: 0.0371
15/28 [===============>..............] - ETA: 0s - loss: 0.0014 - mae: 0.0374
17/28 [=================>............] - ETA: 0s - loss: 0.0014 - mae: 0.0381
19/28 [===================>..........] - ETA: 0s - loss: 0.0015 - mae: 0.0384
21/28 [=====================>........] - ETA: 0s - loss: 0.0014 - mae: 0.0375
23/28 [=======================>......] - ETA: 0s - loss: 0.0014 - mae: 0.0372
25/28 [=========================>....] - ETA: 0s - loss: 0.0013 - mae: 0.0363
27/28 [===========================>..] - ETA: 0s - loss: 0.0012 - mae: 0.0346
28/28 [==============================] - 1s 48ms/step - loss: 0.0012 - mae: 0.0342 - val_loss: 0.0013 - val_mae: 0.0464 - lr: 3.7500e-04
Epoch 52/270

 1/28 [>.............................] - ETA: 1s - loss: 0.0043 - mae: 0.0666
 3/28 [==>...........................] - ETA: 1s - loss: 0.0029 - mae: 0.0577
 5/28 [====>.........................] - ETA: 1s - loss: 0.0021 - mae: 0.0473
 7/28 [======>.......................] - ETA: 0s - loss: 0.0017 - mae: 0.0413
 9/28 [========>.....................] - ETA: 0s - loss: 0.0015 - mae: 0.0386
11/28 [==========>...................] - ETA: 0s - loss: 0.0014 - mae: 0.0368
13/28 [============>.................] - ETA: 0s - loss: 0.0013 - mae: 0.0355
15/28 [===============>..............] - ETA: 0s - loss: 0.0013 - mae: 0.0355
17/28 [=================>............] - ETA: 0s - loss: 0.0014 - mae: 0.0370
19/28 [===================>..........] - ETA: 0s - loss: 0.0014 - mae: 0.0370
21/28 [=====================>........] - ETA: 0s - loss: 0.0014 - mae: 0.0367
23/28 [=======================>......] - ETA: 0s - loss: 0.0013 - mae: 0.0360
25/28 [=========================>....] - ETA: 0s - loss: 0.0012 - mae: 0.0352
27/28 [===========================>..] - ETA: 0s - loss: 0.0012 - mae: 0.0340
28/28 [==============================] - 1s 49ms/step - loss: 0.0012 - mae: 0.0337 - val_loss: 0.0014 - val_mae: 0.0480 - lr: 3.7500e-04
Epoch 53/270

 1/28 [>.............................] - ETA: 1s - loss: 0.0070 - mae: 0.0835
 3/28 [==>...........................] - ETA: 1s - loss: 0.0048 - mae: 0.0739
 5/28 [====>.........................] - ETA: 1s - loss: 0.0032 - mae: 0.0578
 7/28 [======>.......................] - ETA: 0s - loss: 0.0025 - mae: 0.0485
 9/28 [========>.....................] - ETA: 0s - loss: 0.0021 - mae: 0.0447
11/28 [==========>...................] - ETA: 0s - loss: 0.0018 - mae: 0.0419
13/28 [============>.................] - ETA: 0s - loss: 0.0017 - mae: 0.0404
15/28 [===============>..............] - ETA: 0s - loss: 0.0016 - mae: 0.0402
17/28 [=================>............] - ETA: 0s - loss: 0.0016 - mae: 0.0407
19/28 [===================>..........] - ETA: 0s - loss: 0.0016 - mae: 0.0405
21/28 [=====================>........] - ETA: 0s - loss: 0.0015 - mae: 0.0401
23/28 [=======================>......] - ETA: 0s - loss: 0.0015 - mae: 0.0393
25/28 [=========================>....] - ETA: 0s - loss: 0.0014 - mae: 0.0387
27/28 [===========================>..] - ETA: 0s - loss: 0.0013 - mae: 0.0370
28/28 [==============================] - 1s 48ms/step - loss: 0.0013 - mae: 0.0366 - val_loss: 0.0013 - val_mae: 0.0467 - lr: 3.7500e-04
Epoch 54/270

 1/28 [>.............................] - ETA: 1s - loss: 0.0052 - mae: 0.0731
 2/28 [=>............................] - ETA: 1s - loss: 0.0045 - mae: 0.0707
 4/28 [===>..........................] - ETA: 1s - loss: 0.0030 - mae: 0.0543
 6/28 [=====>........................] - ETA: 1s - loss: 0.0023 - mae: 0.0464
 8/28 [=======>......................] - ETA: 0s - loss: 0.0019 - mae: 0.0421
10/28 [=========>....................] - ETA: 0s - loss: 0.0017 - mae: 0.0400
12/28 [===========>..................] - ETA: 0s - loss: 0.0015 - mae: 0.0383
14/28 [==============>...............] - ETA: 0s - loss: 0.0014 - mae: 0.0372
15/28 [===============>..............] - ETA: 0s - loss: 0.0014 - mae: 0.0370
17/28 [=================>............] - ETA: 0s - loss: 0.0014 - mae: 0.0379
19/28 [===================>..........] - ETA: 0s - loss: 0.0013 - mae: 0.0372
21/28 [=====================>........] - ETA: 0s - loss: 0.0013 - mae: 0.0369
23/28 [=======================>......] - ETA: 0s - loss: 0.0013 - mae: 0.0363
25/28 [=========================>....] - ETA: 0s - loss: 0.0012 - mae: 0.0359
27/28 [===========================>..] - ETA: 0s - loss: 0.0012 - mae: 0.0346
28/28 [==============================] - 1s 52ms/step - loss: 0.0011 - mae: 0.0342 - val_loss: 0.0012 - val_mae: 0.0442 - lr: 3.7500e-04
Epoch 55/270

 1/28 [>.............................] - ETA: 1s - loss: 0.0063 - mae: 0.0837
 3/28 [==>...........................] - ETA: 1s - loss: 0.0033 - mae: 0.0597
 5/28 [====>.........................] - ETA: 1s - loss: 0.0022 - mae: 0.0459
 7/28 [======>.......................] - ETA: 0s - loss: 0.0018 - mae: 0.0411
 9/28 [========>.....................] - ETA: 0s - loss: 0.0015 - mae: 0.0375
11/28 [==========>...................] - ETA: 0s - loss: 0.0014 - mae: 0.0353
13/28 [============>.................] - ETA: 0s - loss: 0.0013 - mae: 0.0343
15/28 [===============>..............] - ETA: 0s - loss: 0.0014 - mae: 0.0345
17/28 [=================>............] - ETA: 0s - loss: 0.0013 - mae: 0.0346
19/28 [===================>..........] - ETA: 0s - loss: 0.0013 - mae: 0.0347
21/28 [=====================>........] - ETA: 0s - loss: 0.0013 - mae: 0.0346
23/28 [=======================>......] - ETA: 0s - loss: 0.0012 - mae: 0.0339
25/28 [=========================>....] - ETA: 0s - loss: 0.0012 - mae: 0.0335
27/28 [===========================>..] - ETA: 0s - loss: 0.0011 - mae: 0.0322
28/28 [==============================] - 1s 48ms/step - loss: 0.0011 - mae: 0.0319 - val_loss: 0.0013 - val_mae: 0.0456 - lr: 3.7500e-04
Epoch 56/270

 1/28 [>.............................] - ETA: 1s - loss: 0.0084 - mae: 0.0857
 3/28 [==>...........................] - ETA: 1s - loss: 0.0048 - mae: 0.0678
 5/28 [====>.........................] - ETA: 1s - loss: 0.0032 - mae: 0.0545
 7/28 [======>.......................] - ETA: 0s - loss: 0.0025 - mae: 0.0462
 9/28 [========>.....................] - ETA: 0s - loss: 0.0021 - mae: 0.0422
11/28 [==========>...................] - ETA: 0s - loss: 0.0019 - mae: 0.0398
13/28 [============>.................] - ETA: 0s - loss: 0.0017 - mae: 0.0384
15/28 [===============>..............] - ETA: 0s - loss: 0.0017 - mae: 0.0387
17/28 [=================>............] - ETA: 0s - loss: 0.0017 - mae: 0.0395
19/28 [===================>..........] - ETA: 0s - loss: 0.0017 - mae: 0.0395
21/28 [=====================>........] - ETA: 0s - loss: 0.0017 - mae: 0.0392
23/28 [=======================>......] - ETA: 0s - loss: 0.0016 - mae: 0.0384
25/28 [=========================>....] - ETA: 0s - loss: 0.0015 - mae: 0.0376
27/28 [===========================>..] - ETA: 0s - loss: 0.0014 - mae: 0.0360
28/28 [==============================] - 1s 47ms/step - loss: 0.0014 - mae: 0.0356 - val_loss: 0.0014 - val_mae: 0.0484 - lr: 3.7500e-04
Epoch 57/270

 1/28 [>.............................] - ETA: 1s - loss: 0.0061 - mae: 0.0758
 3/28 [==>...........................] - ETA: 1s - loss: 0.0042 - mae: 0.0688
 5/28 [====>.........................] - ETA: 1s - loss: 0.0028 - mae: 0.0537
 7/28 [======>.......................] - ETA: 0s - loss: 0.0022 - mae: 0.0453
 9/28 [========>.....................] - ETA: 0s - loss: 0.0019 - mae: 0.0422
11/28 [==========>...................] - ETA: 0s - loss: 0.0016 - mae: 0.0386
13/28 [============>.................] - ETA: 0s - loss: 0.0015 - mae: 0.0376
15/28 [===============>..............] - ETA: 0s - loss: 0.0015 - mae: 0.0377
17/28 [=================>............] - ETA: 0s - loss: 0.0015 - mae: 0.0375
19/28 [===================>..........] - ETA: 0s - loss: 0.0015 - mae: 0.0376
21/28 [=====================>........] - ETA: 0s - loss: 0.0015 - mae: 0.0377
23/28 [=======================>......] - ETA: 0s - loss: 0.0014 - mae: 0.0367
25/28 [=========================>....] - ETA: 0s - loss: 0.0013 - mae: 0.0362
27/28 [===========================>..] - ETA: 0s - loss: 0.0013 - mae: 0.0352
28/28 [==============================] - 1s 47ms/step - loss: 0.0013 - mae: 0.0348 - val_loss: 0.0014 - val_mae: 0.0477 - lr: 3.7500e-04
Epoch 58/270

 1/28 [>.............................] - ETA: 1s - loss: 0.0045 - mae: 0.0611
 3/28 [==>...........................] - ETA: 1s - loss: 0.0032 - mae: 0.0565
 5/28 [====>.........................] - ETA: 1s - loss: 0.0021 - mae: 0.0444
 7/28 [======>.......................] - ETA: 0s - loss: 0.0018 - mae: 0.0400
 9/28 [========>.....................] - ETA: 0s - loss: 0.0015 - mae: 0.0377
11/28 [==========>...................] - ETA: 0s - loss: 0.0014 - mae: 0.0362
13/28 [============>.................] - ETA: 0s - loss: 0.0013 - mae: 0.0357
15/28 [===============>..............] - ETA: 0s - loss: 0.0013 - mae: 0.0364
17/28 [=================>............] - ETA: 0s - loss: 0.0013 - mae: 0.0375
19/28 [===================>..........] - ETA: 0s - loss: 0.0014 - mae: 0.0377
21/28 [=====================>........] - ETA: 0s - loss: 0.0013 - mae: 0.0373
23/28 [=======================>......] - ETA: 0s - loss: 0.0013 - mae: 0.0367
25/28 [=========================>....] - ETA: 0s - loss: 0.0012 - mae: 0.0362
27/28 [===========================>..] - ETA: 0s - loss: 0.0012 - mae: 0.0347
28/28 [==============================] - 1s 48ms/step - loss: 0.0012 - mae: 0.0345 - val_loss: 0.0012 - val_mae: 0.0444 - lr: 3.7500e-04
Epoch 59/270

 1/28 [>.............................] - ETA: 1s - loss: 0.0042 - mae: 0.0605
 3/28 [==>...........................] - ETA: 1s - loss: 0.0030 - mae: 0.0577
 5/28 [====>.........................] - ETA: 1s - loss: 0.0021 - mae: 0.0465
 7/28 [======>.......................] - ETA: 0s - loss: 0.0017 - mae: 0.0415
 9/28 [========>.....................] - ETA: 0s - loss: 0.0014 - mae: 0.0375
11/28 [==========>...................] - ETA: 0s - loss: 0.0013 - mae: 0.0357
13/28 [============>.................] - ETA: 0s - loss: 0.0012 - mae: 0.0351
15/28 [===============>..............] - ETA: 0s - loss: 0.0012 - mae: 0.0358
17/28 [=================>............] - ETA: 0s - loss: 0.0013 - mae: 0.0374
19/28 [===================>..........] - ETA: 0s - loss: 0.0013 - mae: 0.0367
21/28 [=====================>........] - ETA: 0s - loss: 0.0013 - mae: 0.0363
23/28 [=======================>......] - ETA: 0s - loss: 0.0012 - mae: 0.0362
25/28 [=========================>....] - ETA: 0s - loss: 0.0012 - mae: 0.0357
27/28 [===========================>..] - ETA: 0s - loss: 0.0011 - mae: 0.0340
28/28 [==============================] - 1s 49ms/step - loss: 0.0011 - mae: 0.0336 - val_loss: 0.0012 - val_mae: 0.0443 - lr: 3.7500e-04
Epoch 60/270

 1/28 [>.............................] - ETA: 1s - loss: 0.0043 - mae: 0.0689
 3/28 [==>...........................] - ETA: 1s - loss: 0.0034 - mae: 0.0616
 5/28 [====>.........................] - ETA: 1s - loss: 0.0023 - mae: 0.0487
 7/28 [======>.......................] - ETA: 0s - loss: 0.0019 - mae: 0.0441
 9/28 [========>.....................] - ETA: 0s - loss: 0.0017 - mae: 0.0416
11/28 [==========>...................] - ETA: 0s - loss: 0.0015 - mae: 0.0386
13/28 [============>.................] - ETA: 0s - loss: 0.0014 - mae: 0.0374
15/28 [===============>..............] - ETA: 0s - loss: 0.0014 - mae: 0.0375
17/28 [=================>............] - ETA: 0s - loss: 0.0014 - mae: 0.0378
19/28 [===================>..........] - ETA: 0s - loss: 0.0013 - mae: 0.0373
21/28 [=====================>........] - ETA: 0s - loss: 0.0013 - mae: 0.0368
23/28 [=======================>......] - ETA: 0s - loss: 0.0013 - mae: 0.0368
25/28 [=========================>....] - ETA: 0s - loss: 0.0012 - mae: 0.0358
27/28 [===========================>..] - ETA: 0s - loss: 0.0012 - mae: 0.0345
28/28 [==============================] - 1s 47ms/step - loss: 0.0011 - mae: 0.0342 - val_loss: 0.0013 - val_mae: 0.0457 - lr: 3.7500e-04
Epoch 61/270

 1/28 [>.............................] - ETA: 1s - loss: 0.0051 - mae: 0.0695
 3/28 [==>...........................] - ETA: 1s - loss: 0.0030 - mae: 0.0583
 5/28 [====>.........................] - ETA: 1s - loss: 0.0020 - mae: 0.0461
 7/28 [======>.......................] - ETA: 0s - loss: 0.0017 - mae: 0.0418
 9/28 [========>.....................] - ETA: 0s - loss: 0.0015 - mae: 0.0389
11/28 [==========>...................] - ETA: 0s - loss: 0.0013 - mae: 0.0363
13/28 [============>.................] - ETA: 0s - loss: 0.0012 - mae: 0.0347
15/28 [===============>..............] - ETA: 0s - loss: 0.0011 - mae: 0.0338
17/28 [=================>............] - ETA: 0s - loss: 0.0012 - mae: 0.0344
19/28 [===================>..........] - ETA: 0s - loss: 0.0011 - mae: 0.0341
21/28 [=====================>........] - ETA: 0s - loss: 0.0011 - mae: 0.0339
23/28 [=======================>......] - ETA: 0s - loss: 0.0011 - mae: 0.0335
25/28 [=========================>....] - ETA: 0s - loss: 0.0010 - mae: 0.0330
27/28 [===========================>..] - ETA: 0s - loss: 9.8536e-04 - mae: 0.0316
28/28 [==============================] - 1s 49ms/step - loss: 9.7611e-04 - mae: 0.0313 - val_loss: 0.0013 - val_mae: 0.0456 - lr: 3.7500e-04
Epoch 62/270

 1/28 [>.............................] - ETA: 1s - loss: 0.0059 - mae: 0.0754
 3/28 [==>...........................] - ETA: 1s - loss: 0.0033 - mae: 0.0593
 5/28 [====>.........................] - ETA: 0s - loss: 0.0023 - mae: 0.0489
 7/28 [======>.......................] - ETA: 0s - loss: 0.0018 - mae: 0.0419
 9/28 [========>.....................] - ETA: 0s - loss: 0.0016 - mae: 0.0386
11/28 [==========>...................] - ETA: 0s - loss: 0.0014 - mae: 0.0364
12/28 [===========>..................] - ETA: 0s - loss: 0.0013 - mae: 0.0359
14/28 [==============>...............] - ETA: 0s - loss: 0.0013 - mae: 0.0361
16/28 [================>.............] - ETA: 0s - loss: 0.0013 - mae: 0.0364
18/28 [==================>...........] - ETA: 0s - loss: 0.0014 - mae: 0.0373
20/28 [====================>.........] - ETA: 0s - loss: 0.0013 - mae: 0.0371
22/28 [======================>.......] - ETA: 0s - loss: 0.0013 - mae: 0.0367
24/28 [========================>.....] - ETA: 0s - loss: 0.0013 - mae: 0.0363
26/28 [==========================>...] - ETA: 0s - loss: 0.0012 - mae: 0.0347
28/28 [==============================] - ETA: 0s - loss: 0.0011 - mae: 0.0335
28/28 [==============================] - 1s 49ms/step - loss: 0.0011 - mae: 0.0335 - val_loss: 0.0013 - val_mae: 0.0461 - lr: 3.7500e-04
Epoch 63/270

 1/28 [>.............................] - ETA: 1s - loss: 0.0025 - mae: 0.0577
 3/28 [==>...........................] - ETA: 1s - loss: 0.0020 - mae: 0.0507
 5/28 [====>.........................] - ETA: 1s - loss: 0.0015 - mae: 0.0434
 7/28 [======>.......................] - ETA: 0s - loss: 0.0014 - mae: 0.0407
 9/28 [========>.....................] - ETA: 0s - loss: 0.0012 - mae: 0.0377
11/28 [==========>...................] - ETA: 0s - loss: 0.0011 - mae: 0.0353
13/28 [============>.................] - ETA: 0s - loss: 0.0010 - mae: 0.0341
15/28 [===============>..............] - ETA: 0s - loss: 0.0012 - mae: 0.0354
17/28 [=================>............] - ETA: 0s - loss: 0.0012 - mae: 0.0354
19/28 [===================>..........] - ETA: 0s - loss: 0.0011 - mae: 0.0352
21/28 [=====================>........] - ETA: 0s - loss: 0.0011 - mae: 0.0347
23/28 [=======================>......] - ETA: 0s - loss: 0.0010 - mae: 0.0337
25/28 [=========================>....] - ETA: 0s - loss: 0.0010 - mae: 0.0331
27/28 [===========================>..] - ETA: 0s - loss: 9.5079e-04 - mae: 0.0318
28/28 [==============================] - 1s 48ms/step - loss: 9.3882e-04 - mae: 0.0315 - val_loss: 0.0014 - val_mae: 0.0467 - lr: 3.7500e-04
Epoch 64/270

 1/28 [>.............................] - ETA: 1s - loss: 0.0046 - mae: 0.0700
 3/28 [==>...........................] - ETA: 1s - loss: 0.0034 - mae: 0.0614
 5/28 [====>.........................] - ETA: 1s - loss: 0.0023 - mae: 0.0488
 7/28 [======>.......................] - ETA: 0s - loss: 0.0018 - mae: 0.0422
 9/28 [========>.....................] - ETA: 0s - loss: 0.0016 - mae: 0.0391
11/28 [==========>...................] - ETA: 0s - loss: 0.0013 - mae: 0.0355
13/28 [============>.................] - ETA: 0s - loss: 0.0012 - mae: 0.0350
15/28 [===============>..............] - ETA: 0s - loss: 0.0012 - mae: 0.0350
17/28 [=================>............] - ETA: 0s - loss: 0.0012 - mae: 0.0363
19/28 [===================>..........] - ETA: 0s - loss: 0.0012 - mae: 0.0360
21/28 [=====================>........] - ETA: 0s - loss: 0.0012 - mae: 0.0354
23/28 [=======================>......] - ETA: 0s - loss: 0.0011 - mae: 0.0352
25/28 [=========================>....] - ETA: 0s - loss: 0.0011 - mae: 0.0347
27/28 [===========================>..] - ETA: 0s - loss: 0.0011 - mae: 0.0333
Epoch 64: ReduceLROnPlateau reducing learning rate to 0.0001875000016298145.

28/28 [==============================] - 1s 48ms/step - loss: 0.0010 - mae: 0.0329 - val_loss: 0.0013 - val_mae: 0.0462 - lr: 3.7500e-04
Epoch 65/270

 1/28 [>.............................] - ETA: 1s - loss: 0.0047 - mae: 0.0692
 3/28 [==>...........................] - ETA: 1s - loss: 0.0025 - mae: 0.0513
 5/28 [====>.........................] - ETA: 1s - loss: 0.0019 - mae: 0.0433
 7/28 [======>.......................] - ETA: 0s - loss: 0.0015 - mae: 0.0386
 9/28 [========>.....................] - ETA: 0s - loss: 0.0013 - mae: 0.0364
11/28 [==========>...................] - ETA: 0s - loss: 0.0012 - mae: 0.0345
12/28 [===========>..................] - ETA: 0s - loss: 0.0012 - mae: 0.0340
13/28 [============>.................] - ETA: 0s - loss: 0.0011 - mae: 0.0336
15/28 [===============>..............] - ETA: 0s - loss: 0.0012 - mae: 0.0343
17/28 [=================>............] - ETA: 0s - loss: 0.0012 - mae: 0.0352
19/28 [===================>..........] - ETA: 0s - loss: 0.0012 - mae: 0.0356
21/28 [=====================>........] - ETA: 0s - loss: 0.0012 - mae: 0.0351
23/28 [=======================>......] - ETA: 0s - loss: 0.0012 - mae: 0.0352
25/28 [=========================>....] - ETA: 0s - loss: 0.0011 - mae: 0.0344
27/28 [===========================>..] - ETA: 0s - loss: 0.0011 - mae: 0.0334
28/28 [==============================] - 1s 50ms/step - loss: 0.0011 - mae: 0.0331 - val_loss: 0.0014 - val_mae: 0.0475 - lr: 1.8750e-04
Epoch 66/270

 1/28 [>.............................] - ETA: 1s - loss: 0.0017 - mae: 0.0470
 3/28 [==>...........................] - ETA: 1s - loss: 0.0017 - mae: 0.0459
 5/28 [====>.........................] - ETA: 0s - loss: 0.0013 - mae: 0.0397
 7/28 [======>.......................] - ETA: 0s - loss: 0.0012 - mae: 0.0358
 9/28 [========>.....................] - ETA: 0s - loss: 0.0010 - mae: 0.0341
11/28 [==========>...................] - ETA: 0s - loss: 9.8426e-04 - mae: 0.0327
13/28 [============>.................] - ETA: 0s - loss: 9.6147e-04 - mae: 0.0325
15/28 [===============>..............] - ETA: 0s - loss: 0.0011 - mae: 0.0334    
17/28 [=================>............] - ETA: 0s - loss: 0.0011 - mae: 0.0343
19/28 [===================>..........] - ETA: 0s - loss: 0.0011 - mae: 0.0346
21/28 [=====================>........] - ETA: 0s - loss: 0.0011 - mae: 0.0345
23/28 [=======================>......] - ETA: 0s - loss: 0.0011 - mae: 0.0340
25/28 [=========================>....] - ETA: 0s - loss: 0.0010 - mae: 0.0332
27/28 [===========================>..] - ETA: 0s - loss: 0.0010 - mae: 0.0324
28/28 [==============================] - 1s 46ms/step - loss: 9.9075e-04 - mae: 0.0321 - val_loss: 0.0014 - val_mae: 0.0470 - lr: 1.8750e-04
Epoch 67/270

 1/28 [>.............................] - ETA: 1s - loss: 0.0039 - mae: 0.0685
 3/28 [==>...........................] - ETA: 1s - loss: 0.0031 - mae: 0.0590
 5/28 [====>.........................] - ETA: 1s - loss: 0.0022 - mae: 0.0475
 7/28 [======>.......................] - ETA: 0s - loss: 0.0018 - mae: 0.0428
 9/28 [========>.....................] - ETA: 0s - loss: 0.0015 - mae: 0.0389
11/28 [==========>...................] - ETA: 0s - loss: 0.0014 - mae: 0.0370
13/28 [============>.................] - ETA: 0s - loss: 0.0013 - mae: 0.0359
15/28 [===============>..............] - ETA: 0s - loss: 0.0013 - mae: 0.0364
17/28 [=================>............] - ETA: 0s - loss: 0.0013 - mae: 0.0379
19/28 [===================>..........] - ETA: 0s - loss: 0.0013 - mae: 0.0374
21/28 [=====================>........] - ETA: 0s - loss: 0.0013 - mae: 0.0370
23/28 [=======================>......] - ETA: 0s - loss: 0.0012 - mae: 0.0368
25/28 [=========================>....] - ETA: 0s - loss: 0.0012 - mae: 0.0362
27/28 [===========================>..] - ETA: 0s - loss: 0.0011 - mae: 0.0345
28/28 [==============================] - 1s 46ms/step - loss: 0.0011 - mae: 0.0342 - val_loss: 0.0014 - val_mae: 0.0467 - lr: 1.8750e-04
Epoch 68/270

 1/28 [>.............................] - ETA: 1s - loss: 0.0051 - mae: 0.0780
 3/28 [==>...........................] - ETA: 1s - loss: 0.0034 - mae: 0.0635
 5/28 [====>.........................] - ETA: 1s - loss: 0.0023 - mae: 0.0492
 7/28 [======>.......................] - ETA: 0s - loss: 0.0020 - mae: 0.0457
 9/28 [========>.....................] - ETA: 0s - loss: 0.0016 - mae: 0.0409
11/28 [==========>...................] - ETA: 0s - loss: 0.0015 - mae: 0.0386
13/28 [============>.................] - ETA: 0s - loss: 0.0013 - mae: 0.0372
15/28 [===============>..............] - ETA: 0s - loss: 0.0013 - mae: 0.0371
17/28 [=================>............] - ETA: 0s - loss: 0.0014 - mae: 0.0379
19/28 [===================>..........] - ETA: 0s - loss: 0.0014 - mae: 0.0383
21/28 [=====================>........] - ETA: 0s - loss: 0.0014 - mae: 0.0385
23/28 [=======================>......] - ETA: 0s - loss: 0.0013 - mae: 0.0373
25/28 [=========================>....] - ETA: 0s - loss: 0.0013 - mae: 0.0366
27/28 [===========================>..] - ETA: 0s - loss: 0.0012 - mae: 0.0349
28/28 [==============================] - 1s 47ms/step - loss: 0.0012 - mae: 0.0345 - val_loss: 0.0014 - val_mae: 0.0470 - lr: 1.8750e-04
Epoch 69/270

 1/28 [>.............................] - ETA: 1s - loss: 0.0043 - mae: 0.0758
 3/28 [==>...........................] - ETA: 1s - loss: 0.0028 - mae: 0.0597
 5/28 [====>.........................] - ETA: 1s - loss: 0.0022 - mae: 0.0511
 7/28 [======>.......................] - ETA: 0s - loss: 0.0018 - mae: 0.0452
 9/28 [========>.....................] - ETA: 0s - loss: 0.0016 - mae: 0.0416
11/28 [==========>...................] - ETA: 0s - loss: 0.0014 - mae: 0.0383
13/28 [============>.................] - ETA: 0s - loss: 0.0013 - mae: 0.0378
15/28 [===============>..............] - ETA: 0s - loss: 0.0013 - mae: 0.0378
17/28 [=================>............] - ETA: 0s - loss: 0.0014 - mae: 0.0392
19/28 [===================>..........] - ETA: 0s - loss: 0.0014 - mae: 0.0389
21/28 [=====================>........] - ETA: 0s - loss: 0.0013 - mae: 0.0380
23/28 [=======================>......] - ETA: 0s - loss: 0.0013 - mae: 0.0372
25/28 [=========================>....] - ETA: 0s - loss: 0.0012 - mae: 0.0363
27/28 [===========================>..] - ETA: 0s - loss: 0.0011 - mae: 0.0346
28/28 [==============================] - 1s 48ms/step - loss: 0.0011 - mae: 0.0343 - val_loss: 0.0012 - val_mae: 0.0437 - lr: 1.8750e-04
Epoch 70/270

 1/28 [>.............................] - ETA: 1s - loss: 0.0019 - mae: 0.0516
 3/28 [==>...........................] - ETA: 1s - loss: 0.0021 - mae: 0.0525
 5/28 [====>.........................] - ETA: 0s - loss: 0.0016 - mae: 0.0437
 7/28 [======>.......................] - ETA: 0s - loss: 0.0014 - mae: 0.0391
 9/28 [========>.....................] - ETA: 0s - loss: 0.0012 - mae: 0.0361
11/28 [==========>...................] - ETA: 0s - loss: 0.0010 - mae: 0.0331
13/28 [============>.................] - ETA: 0s - loss: 9.6178e-04 - mae: 0.0323
15/28 [===============>..............] - ETA: 0s - loss: 9.6795e-04 - mae: 0.0324
17/28 [=================>............] - ETA: 0s - loss: 0.0011 - mae: 0.0345    
19/28 [===================>..........] - ETA: 0s - loss: 0.0011 - mae: 0.0345
21/28 [=====================>........] - ETA: 0s - loss: 0.0011 - mae: 0.0348
23/28 [=======================>......] - ETA: 0s - loss: 0.0011 - mae: 0.0349
25/28 [=========================>....] - ETA: 0s - loss: 0.0011 - mae: 0.0339
27/28 [===========================>..] - ETA: 0s - loss: 0.0010 - mae: 0.0326
28/28 [==============================] - 1s 47ms/step - loss: 0.0010 - mae: 0.0322 - val_loss: 0.0013 - val_mae: 0.0466 - lr: 1.8750e-04
Epoch 71/270

 1/28 [>.............................] - ETA: 1s - loss: 0.0032 - mae: 0.0633
 3/28 [==>...........................] - ETA: 1s - loss: 0.0023 - mae: 0.0526
 5/28 [====>.........................] - ETA: 1s - loss: 0.0016 - mae: 0.0418
 7/28 [======>.......................] - ETA: 0s - loss: 0.0014 - mae: 0.0380
 9/28 [========>.....................] - ETA: 0s - loss: 0.0012 - mae: 0.0357
11/28 [==========>...................] - ETA: 0s - loss: 0.0011 - mae: 0.0338
13/28 [============>.................] - ETA: 0s - loss: 0.0010 - mae: 0.0328
15/28 [===============>..............] - ETA: 0s - loss: 0.0010 - mae: 0.0329
17/28 [=================>............] - ETA: 0s - loss: 0.0011 - mae: 0.0338
19/28 [===================>..........] - ETA: 0s - loss: 0.0011 - mae: 0.0339
21/28 [=====================>........] - ETA: 0s - loss: 0.0010 - mae: 0.0334
23/28 [=======================>......] - ETA: 0s - loss: 0.0010 - mae: 0.0330
25/28 [=========================>....] - ETA: 0s - loss: 9.6954e-04 - mae: 0.0324
27/28 [===========================>..] - ETA: 0s - loss: 9.1237e-04 - mae: 0.0310
28/28 [==============================] - 1s 47ms/step - loss: 9.0138e-04 - mae: 0.0307 - val_loss: 0.0013 - val_mae: 0.0458 - lr: 1.8750e-04
Epoch 72/270

 1/28 [>.............................] - ETA: 1s - loss: 0.0025 - mae: 0.0592
 3/28 [==>...........................] - ETA: 1s - loss: 0.0024 - mae: 0.0554
 5/28 [====>.........................] - ETA: 1s - loss: 0.0017 - mae: 0.0444
 7/28 [======>.......................] - ETA: 0s - loss: 0.0014 - mae: 0.0399
 9/28 [========>.....................] - ETA: 0s - loss: 0.0012 - mae: 0.0359
11/28 [==========>...................] - ETA: 0s - loss: 0.0011 - mae: 0.0347
13/28 [============>.................] - ETA: 0s - loss: 0.0010 - mae: 0.0338
15/28 [===============>..............] - ETA: 0s - loss: 0.0011 - mae: 0.0348
17/28 [=================>............] - ETA: 0s - loss: 0.0011 - mae: 0.0357
19/28 [===================>..........] - ETA: 0s - loss: 0.0011 - mae: 0.0356
21/28 [=====================>........] - ETA: 0s - loss: 0.0011 - mae: 0.0352
23/28 [=======================>......] - ETA: 0s - loss: 0.0010 - mae: 0.0346
25/28 [=========================>....] - ETA: 0s - loss: 9.9699e-04 - mae: 0.0339
27/28 [===========================>..] - ETA: 0s - loss: 9.4752e-04 - mae: 0.0327
28/28 [==============================] - 1s 47ms/step - loss: 9.3390e-04 - mae: 0.0324 - val_loss: 0.0013 - val_mae: 0.0456 - lr: 1.8750e-04
Epoch 73/270

 1/28 [>.............................] - ETA: 1s - loss: 0.0043 - mae: 0.0735
 3/28 [==>...........................] - ETA: 1s - loss: 0.0028 - mae: 0.0572
 5/28 [====>.........................] - ETA: 1s - loss: 0.0019 - mae: 0.0449
 7/28 [======>.......................] - ETA: 0s - loss: 0.0016 - mae: 0.0404
 9/28 [========>.....................] - ETA: 0s - loss: 0.0014 - mae: 0.0372
11/28 [==========>...................] - ETA: 0s - loss: 0.0012 - mae: 0.0357
13/28 [============>.................] - ETA: 0s - loss: 0.0012 - mae: 0.0348
15/28 [===============>..............] - ETA: 0s - loss: 0.0012 - mae: 0.0351
17/28 [=================>............] - ETA: 0s - loss: 0.0012 - mae: 0.0360
19/28 [===================>..........] - ETA: 0s - loss: 0.0013 - mae: 0.0368
21/28 [=====================>........] - ETA: 0s - loss: 0.0013 - mae: 0.0368
23/28 [=======================>......] - ETA: 0s - loss: 0.0012 - mae: 0.0363
25/28 [=========================>....] - ETA: 0s - loss: 0.0012 - mae: 0.0354
27/28 [===========================>..] - ETA: 0s - loss: 0.0011 - mae: 0.0340
28/28 [==============================] - 1s 48ms/step - loss: 0.0011 - mae: 0.0336 - val_loss: 0.0013 - val_mae: 0.0466 - lr: 1.8750e-04
Epoch 74/270

 1/28 [>.............................] - ETA: 1s - loss: 0.0024 - mae: 0.0576
 2/28 [=>............................] - ETA: 1s - loss: 0.0026 - mae: 0.0551
 4/28 [===>..........................] - ETA: 1s - loss: 0.0021 - mae: 0.0497
 6/28 [=====>........................] - ETA: 0s - loss: 0.0016 - mae: 0.0426
 8/28 [=======>......................] - ETA: 0s - loss: 0.0013 - mae: 0.0379
10/28 [=========>....................] - ETA: 0s - loss: 0.0012 - mae: 0.0360
12/28 [===========>..................] - ETA: 0s - loss: 0.0011 - mae: 0.0342
14/28 [==============>...............] - ETA: 0s - loss: 0.0010 - mae: 0.0338
16/28 [================>.............] - ETA: 0s - loss: 0.0010 - mae: 0.0342
18/28 [==================>...........] - ETA: 0s - loss: 0.0011 - mae: 0.0353
20/28 [====================>.........] - ETA: 0s - loss: 0.0011 - mae: 0.0348
22/28 [======================>.......] - ETA: 0s - loss: 0.0010 - mae: 0.0343
24/28 [========================>.....] - ETA: 0s - loss: 0.0010 - mae: 0.0340
26/28 [==========================>...] - ETA: 0s - loss: 9.5138e-04 - mae: 0.0328
28/28 [==============================] - ETA: 0s - loss: 9.0855e-04 - mae: 0.0318
28/28 [==============================] - 1s 47ms/step - loss: 9.0855e-04 - mae: 0.0318 - val_loss: 0.0012 - val_mae: 0.0447 - lr: 1.8750e-04
Epoch 75/270

 1/28 [>.............................] - ETA: 1s - loss: 0.0028 - mae: 0.0566
 3/28 [==>...........................] - ETA: 1s - loss: 0.0022 - mae: 0.0495
 4/28 [===>..........................] - ETA: 1s - loss: 0.0019 - mae: 0.0463
 6/28 [=====>........................] - ETA: 1s - loss: 0.0015 - mae: 0.0417
 8/28 [=======>......................] - ETA: 0s - loss: 0.0013 - mae: 0.0375
10/28 [=========>....................] - ETA: 0s - loss: 0.0012 - mae: 0.0353
12/28 [===========>..................] - ETA: 0s - loss: 0.0010 - mae: 0.0332
14/28 [==============>...............] - ETA: 0s - loss: 9.3991e-04 - mae: 0.0318
16/28 [================>.............] - ETA: 0s - loss: 0.0011 - mae: 0.0331    
18/28 [==================>...........] - ETA: 0s - loss: 0.0010 - mae: 0.0332
20/28 [====================>.........] - ETA: 0s - loss: 0.0010 - mae: 0.0330
22/28 [======================>.......] - ETA: 0s - loss: 9.6807e-04 - mae: 0.0323
24/28 [========================>.....] - ETA: 0s - loss: 9.3671e-04 - mae: 0.0320
26/28 [==========================>...] - ETA: 0s - loss: 8.8753e-04 - mae: 0.0308
28/28 [==============================] - ETA: 0s - loss: 8.6404e-04 - mae: 0.0303
28/28 [==============================] - 1s 48ms/step - loss: 8.6404e-04 - mae: 0.0303 - val_loss: 0.0013 - val_mae: 0.0452 - lr: 1.8750e-04
Epoch 76/270

 1/28 [>.............................] - ETA: 1s - loss: 0.0033 - mae: 0.0645
 3/28 [==>...........................] - ETA: 1s - loss: 0.0025 - mae: 0.0545
 5/28 [====>.........................] - ETA: 1s - loss: 0.0018 - mae: 0.0459
 7/28 [======>.......................] - ETA: 0s - loss: 0.0015 - mae: 0.0404
 9/28 [========>.....................] - ETA: 0s - loss: 0.0013 - mae: 0.0384
11/28 [==========>...................] - ETA: 0s - loss: 0.0011 - mae: 0.0351
13/28 [============>.................] - ETA: 0s - loss: 0.0011 - mae: 0.0341
15/28 [===============>..............] - ETA: 0s - loss: 0.0011 - mae: 0.0349
17/28 [=================>............] - ETA: 0s - loss: 0.0011 - mae: 0.0353
19/28 [===================>..........] - ETA: 0s - loss: 0.0011 - mae: 0.0350
21/28 [=====================>........] - ETA: 0s - loss: 0.0010 - mae: 0.0342
23/28 [=======================>......] - ETA: 0s - loss: 0.0010 - mae: 0.0339
25/28 [=========================>....] - ETA: 0s - loss: 9.8133e-04 - mae: 0.0333
27/28 [===========================>..] - ETA: 0s - loss: 9.4724e-04 - mae: 0.0325
28/28 [==============================] - 1s 48ms/step - loss: 9.3151e-04 - mae: 0.0321 - val_loss: 0.0012 - val_mae: 0.0450 - lr: 1.8750e-04
Epoch 77/270

 1/28 [>.............................] - ETA: 1s - loss: 0.0016 - mae: 0.0431
 3/28 [==>...........................] - ETA: 1s - loss: 0.0017 - mae: 0.0456
 5/28 [====>.........................] - ETA: 1s - loss: 0.0012 - mae: 0.0370
 7/28 [======>.......................] - ETA: 0s - loss: 0.0011 - mae: 0.0339
 9/28 [========>.....................] - ETA: 0s - loss: 9.8352e-04 - mae: 0.0321
11/28 [==========>...................] - ETA: 0s - loss: 8.8328e-04 - mae: 0.0304
13/28 [============>.................] - ETA: 0s - loss: 8.6459e-04 - mae: 0.0305
15/28 [===============>..............] - ETA: 0s - loss: 9.1338e-04 - mae: 0.0307
17/28 [=================>............] - ETA: 0s - loss: 9.6770e-04 - mae: 0.0318
19/28 [===================>..........] - ETA: 0s - loss: 9.4844e-04 - mae: 0.0320
21/28 [=====================>........] - ETA: 0s - loss: 9.2236e-04 - mae: 0.0319
23/28 [=======================>......] - ETA: 0s - loss: 9.2529e-04 - mae: 0.0320
25/28 [=========================>....] - ETA: 0s - loss: 9.0170e-04 - mae: 0.0315
27/28 [===========================>..] - ETA: 0s - loss: 8.4981e-04 - mae: 0.0302
28/28 [==============================] - 1s 48ms/step - loss: 8.3922e-04 - mae: 0.0299 - val_loss: 0.0012 - val_mae: 0.0444 - lr: 1.8750e-04
Epoch 78/270

 1/28 [>.............................] - ETA: 1s - loss: 0.0021 - mae: 0.0514
 3/28 [==>...........................] - ETA: 1s - loss: 0.0014 - mae: 0.0433
 5/28 [====>.........................] - ETA: 1s - loss: 0.0012 - mae: 0.0377
 7/28 [======>.......................] - ETA: 0s - loss: 0.0010 - mae: 0.0351
 9/28 [========>.....................] - ETA: 0s - loss: 9.5907e-04 - mae: 0.0332
11/28 [==========>...................] - ETA: 0s - loss: 9.1230e-04 - mae: 0.0320
13/28 [============>.................] - ETA: 0s - loss: 8.5328e-04 - mae: 0.0316
15/28 [===============>..............] - ETA: 0s - loss: 9.3112e-04 - mae: 0.0325
17/28 [=================>............] - ETA: 0s - loss: 0.0010 - mae: 0.0340    
19/28 [===================>..........] - ETA: 0s - loss: 0.0010 - mae: 0.0343
21/28 [=====================>........] - ETA: 0s - loss: 0.0010 - mae: 0.0345
23/28 [=======================>......] - ETA: 0s - loss: 9.8976e-04 - mae: 0.0340
25/28 [=========================>....] - ETA: 0s - loss: 9.5365e-04 - mae: 0.0333
27/28 [===========================>..] - ETA: 0s - loss: 8.9433e-04 - mae: 0.0317
28/28 [==============================] - 1s 49ms/step - loss: 8.8322e-04 - mae: 0.0314 - val_loss: 0.0012 - val_mae: 0.0452 - lr: 1.8750e-04
Epoch 79/270

 1/28 [>.............................] - ETA: 1s - loss: 0.0065 - mae: 0.0810
 3/28 [==>...........................] - ETA: 1s - loss: 0.0037 - mae: 0.0642
 5/28 [====>.........................] - ETA: 1s - loss: 0.0026 - mae: 0.0527
 7/28 [======>.......................] - ETA: 0s - loss: 0.0021 - mae: 0.0463
 9/28 [========>.....................] - ETA: 0s - loss: 0.0018 - mae: 0.0416
11/28 [==========>...................] - ETA: 0s - loss: 0.0015 - mae: 0.0385
13/28 [============>.................] - ETA: 0s - loss: 0.0014 - mae: 0.0378
15/28 [===============>..............] - ETA: 0s - loss: 0.0013 - mae: 0.0372
17/28 [=================>............] - ETA: 0s - loss: 0.0014 - mae: 0.0378
19/28 [===================>..........] - ETA: 0s - loss: 0.0013 - mae: 0.0379
21/28 [=====================>........] - ETA: 0s - loss: 0.0013 - mae: 0.0370
23/28 [=======================>......] - ETA: 0s - loss: 0.0012 - mae: 0.0363
25/28 [=========================>....] - ETA: 0s - loss: 0.0012 - mae: 0.0356
27/28 [===========================>..] - ETA: 0s - loss: 0.0011 - mae: 0.0340
Epoch 79: ReduceLROnPlateau reducing learning rate to 9.375000081490725e-05.

28/28 [==============================] - 1s 48ms/step - loss: 0.0011 - mae: 0.0337 - val_loss: 0.0012 - val_mae: 0.0438 - lr: 1.8750e-04
Epoch 80/270

 1/28 [>.............................] - ETA: 1s - loss: 0.0055 - mae: 0.0718
 3/28 [==>...........................] - ETA: 1s - loss: 0.0031 - mae: 0.0565
 5/28 [====>.........................] - ETA: 1s - loss: 0.0020 - mae: 0.0424
 7/28 [======>.......................] - ETA: 0s - loss: 0.0017 - mae: 0.0380
 9/28 [========>.....................] - ETA: 0s - loss: 0.0014 - mae: 0.0354
11/28 [==========>...................] - ETA: 0s - loss: 0.0013 - mae: 0.0333
13/28 [============>.................] - ETA: 0s - loss: 0.0011 - mae: 0.0322
15/28 [===============>..............] - ETA: 0s - loss: 0.0012 - mae: 0.0332
17/28 [=================>............] - ETA: 0s - loss: 0.0012 - mae: 0.0350
19/28 [===================>..........] - ETA: 0s - loss: 0.0012 - mae: 0.0351
21/28 [=====================>........] - ETA: 0s - loss: 0.0012 - mae: 0.0355
23/28 [=======================>......] - ETA: 0s - loss: 0.0012 - mae: 0.0350
25/28 [=========================>....] - ETA: 0s - loss: 0.0011 - mae: 0.0340
27/28 [===========================>..] - ETA: 0s - loss: 0.0011 - mae: 0.0327
28/28 [==============================] - 1s 48ms/step - loss: 0.0011 - mae: 0.0323 - val_loss: 0.0013 - val_mae: 0.0465 - lr: 9.3750e-05
Epoch 81/270

 1/28 [>.............................] - ETA: 1s - loss: 0.0031 - mae: 0.0669
 3/28 [==>...........................] - ETA: 1s - loss: 0.0028 - mae: 0.0591
 5/28 [====>.........................] - ETA: 1s - loss: 0.0020 - mae: 0.0494
 7/28 [======>.......................] - ETA: 0s - loss: 0.0016 - mae: 0.0426
 9/28 [========>.....................] - ETA: 0s - loss: 0.0014 - mae: 0.0389
11/28 [==========>...................] - ETA: 0s - loss: 0.0012 - mae: 0.0364
13/28 [============>.................] - ETA: 0s - loss: 0.0011 - mae: 0.0358
15/28 [===============>..............] - ETA: 0s - loss: 0.0011 - mae: 0.0354
17/28 [=================>............] - ETA: 0s - loss: 0.0012 - mae: 0.0372
19/28 [===================>..........] - ETA: 0s - loss: 0.0012 - mae: 0.0372
21/28 [=====================>........] - ETA: 0s - loss: 0.0012 - mae: 0.0364
23/28 [=======================>......] - ETA: 0s - loss: 0.0011 - mae: 0.0357
25/28 [=========================>....] - ETA: 0s - loss: 0.0011 - mae: 0.0347
27/28 [===========================>..] - ETA: 0s - loss: 0.0010 - mae: 0.0333
28/28 [==============================] - 1s 48ms/step - loss: 0.0010 - mae: 0.0330 - val_loss: 0.0012 - val_mae: 0.0450 - lr: 9.3750e-05
Epoch 82/270

 1/28 [>.............................] - ETA: 1s - loss: 0.0022 - mae: 0.0520
 3/28 [==>...........................] - ETA: 1s - loss: 0.0020 - mae: 0.0500
 5/28 [====>.........................] - ETA: 0s - loss: 0.0014 - mae: 0.0396
 7/28 [======>.......................] - ETA: 0s - loss: 0.0013 - mae: 0.0372
 9/28 [========>.....................] - ETA: 0s - loss: 0.0011 - mae: 0.0339
11/28 [==========>...................] - ETA: 0s - loss: 9.8457e-04 - mae: 0.0322
13/28 [============>.................] - ETA: 0s - loss: 8.8927e-04 - mae: 0.0309
15/28 [===============>..............] - ETA: 0s - loss: 9.2950e-04 - mae: 0.0312
17/28 [=================>............] - ETA: 0s - loss: 9.9776e-04 - mae: 0.0327
19/28 [===================>..........] - ETA: 0s - loss: 9.9226e-04 - mae: 0.0329
21/28 [=====================>........] - ETA: 0s - loss: 9.5451e-04 - mae: 0.0325
23/28 [=======================>......] - ETA: 0s - loss: 9.0946e-04 - mae: 0.0317
25/28 [=========================>....] - ETA: 0s - loss: 8.9842e-04 - mae: 0.0314
27/28 [===========================>..] - ETA: 0s - loss: 8.4848e-04 - mae: 0.0302
28/28 [==============================] - 1s 47ms/step - loss: 8.3445e-04 - mae: 0.0298 - val_loss: 0.0012 - val_mae: 0.0447 - lr: 9.3750e-05
Epoch 83/270

 1/28 [>.............................] - ETA: 1s - loss: 0.0040 - mae: 0.0692
 3/28 [==>...........................] - ETA: 1s - loss: 0.0024 - mae: 0.0543
 5/28 [====>.........................] - ETA: 0s - loss: 0.0018 - mae: 0.0445
 7/28 [======>.......................] - ETA: 0s - loss: 0.0014 - mae: 0.0396
 9/28 [========>.....................] - ETA: 0s - loss: 0.0013 - mae: 0.0367
10/28 [=========>....................] - ETA: 0s - loss: 0.0012 - mae: 0.0358
11/28 [==========>...................] - ETA: 0s - loss: 0.0012 - mae: 0.0340
13/28 [============>.................] - ETA: 0s - loss: 0.0011 - mae: 0.0329
15/28 [===============>..............] - ETA: 0s - loss: 9.9425e-04 - mae: 0.0318
16/28 [================>.............] - ETA: 0s - loss: 0.0010 - mae: 0.0323    
18/28 [==================>...........] - ETA: 0s - loss: 0.0010 - mae: 0.0327
20/28 [====================>.........] - ETA: 0s - loss: 9.8637e-04 - mae: 0.0322
22/28 [======================>.......] - ETA: 0s - loss: 9.5056e-04 - mae: 0.0318
24/28 [========================>.....] - ETA: 0s - loss: 9.3062e-04 - mae: 0.0316
26/28 [==========================>...] - ETA: 0s - loss: 8.7573e-04 - mae: 0.0304
28/28 [==============================] - ETA: 0s - loss: 8.4684e-04 - mae: 0.0296
28/28 [==============================] - 1s 49ms/step - loss: 8.4684e-04 - mae: 0.0296 - val_loss: 0.0012 - val_mae: 0.0443 - lr: 9.3750e-05
Epoch 84/270

 1/28 [>.............................] - ETA: 1s - loss: 0.0039 - mae: 0.0656
 3/28 [==>...........................] - ETA: 1s - loss: 0.0028 - mae: 0.0571
 5/28 [====>.........................] - ETA: 0s - loss: 0.0019 - mae: 0.0458
 7/28 [======>.......................] - ETA: 0s - loss: 0.0016 - mae: 0.0407
 9/28 [========>.....................] - ETA: 0s - loss: 0.0013 - mae: 0.0369
11/28 [==========>...................] - ETA: 0s - loss: 0.0012 - mae: 0.0344
13/28 [============>.................] - ETA: 0s - loss: 0.0011 - mae: 0.0341
15/28 [===============>..............] - ETA: 0s - loss: 0.0011 - mae: 0.0342
17/28 [=================>............] - ETA: 0s - loss: 0.0012 - mae: 0.0355
19/28 [===================>..........] - ETA: 0s - loss: 0.0012 - mae: 0.0357
21/28 [=====================>........] - ETA: 0s - loss: 0.0011 - mae: 0.0352
23/28 [=======================>......] - ETA: 0s - loss: 0.0011 - mae: 0.0345
25/28 [=========================>....] - ETA: 0s - loss: 0.0011 - mae: 0.0339
27/28 [===========================>..] - ETA: 0s - loss: 9.8427e-04 - mae: 0.0323
28/28 [==============================] - 1s 47ms/step - loss: 9.6791e-04 - mae: 0.0319 - val_loss: 0.0012 - val_mae: 0.0453 - lr: 9.3750e-05
Epoch 85/270

 1/28 [>.............................] - ETA: 1s - loss: 0.0022 - mae: 0.0478
 3/28 [==>...........................] - ETA: 1s - loss: 0.0023 - mae: 0.0508
 5/28 [====>.........................] - ETA: 1s - loss: 0.0017 - mae: 0.0425
 7/28 [======>.......................] - ETA: 0s - loss: 0.0013 - mae: 0.0367
 9/28 [========>.....................] - ETA: 0s - loss: 0.0011 - mae: 0.0341
11/28 [==========>...................] - ETA: 0s - loss: 0.0010 - mae: 0.0323
13/28 [============>.................] - ETA: 0s - loss: 9.4335e-04 - mae: 0.0312
15/28 [===============>..............] - ETA: 0s - loss: 9.6489e-04 - mae: 0.0317
17/28 [=================>............] - ETA: 0s - loss: 0.0010 - mae: 0.0325    
19/28 [===================>..........] - ETA: 0s - loss: 9.9253e-04 - mae: 0.0324
21/28 [=====================>........] - ETA: 0s - loss: 9.8552e-04 - mae: 0.0323
23/28 [=======================>......] - ETA: 0s - loss: 9.9601e-04 - mae: 0.0326
25/28 [=========================>....] - ETA: 0s - loss: 9.7989e-04 - mae: 0.0323
27/28 [===========================>..] - ETA: 0s - loss: 9.2909e-04 - mae: 0.0311
28/28 [==============================] - 1s 47ms/step - loss: 9.2431e-04 - mae: 0.0310 - val_loss: 0.0012 - val_mae: 0.0437 - lr: 9.3750e-05
Epoch 86/270

 1/28 [>.............................] - ETA: 1s - loss: 0.0046 - mae: 0.0737
 3/28 [==>...........................] - ETA: 1s - loss: 0.0028 - mae: 0.0567
 5/28 [====>.........................] - ETA: 1s - loss: 0.0020 - mae: 0.0459
 7/28 [======>.......................] - ETA: 0s - loss: 0.0017 - mae: 0.0410
 9/28 [========>.....................] - ETA: 0s - loss: 0.0014 - mae: 0.0377
11/28 [==========>...................] - ETA: 0s - loss: 0.0013 - mae: 0.0357
13/28 [============>.................] - ETA: 0s - loss: 0.0012 - mae: 0.0350
15/28 [===============>..............] - ETA: 0s - loss: 0.0012 - mae: 0.0346
17/28 [=================>............] - ETA: 0s - loss: 0.0012 - mae: 0.0348
19/28 [===================>..........] - ETA: 0s - loss: 0.0012 - mae: 0.0348
21/28 [=====================>........] - ETA: 0s - loss: 0.0012 - mae: 0.0350
23/28 [=======================>......] - ETA: 0s - loss: 0.0012 - mae: 0.0348
25/28 [=========================>....] - ETA: 0s - loss: 0.0011 - mae: 0.0339
27/28 [===========================>..] - ETA: 0s - loss: 0.0011 - mae: 0.0329
28/28 [==============================] - 1s 48ms/step - loss: 0.0010 - mae: 0.0325 - val_loss: 0.0012 - val_mae: 0.0444 - lr: 9.3750e-05
Epoch 87/270

 1/28 [>.............................] - ETA: 1s - loss: 0.0022 - mae: 0.0521
 3/28 [==>...........................] - ETA: 1s - loss: 0.0023 - mae: 0.0521
 5/28 [====>.........................] - ETA: 1s - loss: 0.0016 - mae: 0.0423
 6/28 [=====>........................] - ETA: 1s - loss: 0.0015 - mae: 0.0396
 7/28 [======>.......................] - ETA: 1s - loss: 0.0013 - mae: 0.0376
 9/28 [========>.....................] - ETA: 0s - loss: 0.0012 - mae: 0.0352
11/28 [==========>...................] - ETA: 0s - loss: 0.0010 - mae: 0.0329
12/28 [===========>..................] - ETA: 0s - loss: 9.8204e-04 - mae: 0.0322
14/28 [==============>...............] - ETA: 0s - loss: 9.2474e-04 - mae: 0.0316
15/28 [===============>..............] - ETA: 0s - loss: 0.0010 - mae: 0.0322    
16/28 [================>.............] - ETA: 0s - loss: 0.0010 - mae: 0.0324
18/28 [==================>...........] - ETA: 0s - loss: 0.0010 - mae: 0.0333
20/28 [====================>.........] - ETA: 0s - loss: 0.0010 - mae: 0.0327
22/28 [======================>.......] - ETA: 0s - loss: 9.6846e-04 - mae: 0.0321
24/28 [========================>.....] - ETA: 0s - loss: 9.4733e-04 - mae: 0.0318
26/28 [==========================>...] - ETA: 0s - loss: 8.9914e-04 - mae: 0.0305
28/28 [==============================] - ETA: 0s - loss: 8.5841e-04 - mae: 0.0295
28/28 [==============================] - 1s 52ms/step - loss: 8.5841e-04 - mae: 0.0295 - val_loss: 0.0012 - val_mae: 0.0447 - lr: 9.3750e-05
Epoch 88/270

 1/28 [>.............................] - ETA: 1s - loss: 0.0027 - mae: 0.0569
 3/28 [==>...........................] - ETA: 1s - loss: 0.0024 - mae: 0.0548
 5/28 [====>.........................] - ETA: 1s - loss: 0.0018 - mae: 0.0463
 7/28 [======>.......................] - ETA: 0s - loss: 0.0015 - mae: 0.0405
 9/28 [========>.....................] - ETA: 0s - loss: 0.0013 - mae: 0.0373
11/28 [==========>...................] - ETA: 0s - loss: 0.0011 - mae: 0.0349
13/28 [============>.................] - ETA: 0s - loss: 0.0011 - mae: 0.0340
15/28 [===============>..............] - ETA: 0s - loss: 0.0010 - mae: 0.0333
17/28 [=================>............] - ETA: 0s - loss: 0.0011 - mae: 0.0341
19/28 [===================>..........] - ETA: 0s - loss: 0.0011 - mae: 0.0349
21/28 [=====================>........] - ETA: 0s - loss: 0.0010 - mae: 0.0343
23/28 [=======================>......] - ETA: 0s - loss: 0.0010 - mae: 0.0342
25/28 [=========================>....] - ETA: 0s - loss: 0.0010 - mae: 0.0338
27/28 [===========================>..] - ETA: 0s - loss: 9.5616e-04 - mae: 0.0324
28/28 [==============================] - 1s 48ms/step - loss: 9.4159e-04 - mae: 0.0320 - val_loss: 0.0012 - val_mae: 0.0444 - lr: 9.3750e-05
Epoch 89/270

 1/28 [>.............................] - ETA: 1s - loss: 0.0020 - mae: 0.0505
 3/28 [==>...........................] - ETA: 1s - loss: 0.0017 - mae: 0.0461
 5/28 [====>.........................] - ETA: 1s - loss: 0.0013 - mae: 0.0392
 7/28 [======>.......................] - ETA: 0s - loss: 0.0011 - mae: 0.0349
 9/28 [========>.....................] - ETA: 0s - loss: 0.0010 - mae: 0.0339
11/28 [==========>...................] - ETA: 0s - loss: 8.9892e-04 - mae: 0.0317
13/28 [============>.................] - ETA: 0s - loss: 8.3523e-04 - mae: 0.0310
15/28 [===============>..............] - ETA: 0s - loss: 8.7527e-04 - mae: 0.0315
17/28 [=================>............] - ETA: 0s - loss: 9.2745e-04 - mae: 0.0325
19/28 [===================>..........] - ETA: 0s - loss: 9.2581e-04 - mae: 0.0325
21/28 [=====================>........] - ETA: 0s - loss: 9.0439e-04 - mae: 0.0321
23/28 [=======================>......] - ETA: 0s - loss: 8.7155e-04 - mae: 0.0315
25/28 [=========================>....] - ETA: 0s - loss: 8.5189e-04 - mae: 0.0311
27/28 [===========================>..] - ETA: 0s - loss: 8.0407e-04 - mae: 0.0299
28/28 [==============================] - 1s 49ms/step - loss: 7.9079e-04 - mae: 0.0295 - val_loss: 0.0012 - val_mae: 0.0441 - lr: 9.3750e-05
Epoch 90/270

 1/28 [>.............................] - ETA: 1s - loss: 0.0021 - mae: 0.0500
 3/28 [==>...........................] - ETA: 1s - loss: 0.0020 - mae: 0.0495