"TradingDate","Symbol","FundClassID","NAV","AccumulativeNAV","AnnualizedYield","Frequency","MarketStatus"
"2023-04-03","000042","202000000031","1.8781","2.3669","","",""
"2023-04-04","000042","202000000031","1.8945","2.3833","","",""
"2023-04-06","000042","202000000031","1.8939","2.3827","","",""
"2023-04-07","000042","202000000031","1.9000","2.3888","","",""
"2023-04-10","000042","202000000031","1.8892","2.3780","","",""
"2023-04-11","000042","202000000031","1.8905","2.3793","","",""
"2023-04-12","000042","202000000031","1.9009","2.3897","","",""
"2023-04-13","000042","202000000031","1.8864","2.3752","","",""
"2023-04-14","000042","202000000031","1.8940","2.3828","","",""
"2023-04-17","000042","202000000031","1.9181","2.4069","","",""
"2023-04-18","000042","202000000031","1.9225","2.4113","","",""
"2023-04-19","000042","202000000031","1.9131","2.4019","","",""
"2023-04-20","000042","202000000031","1.9253","2.4141","","",""
"2023-04-21","000042","202000000031","1.8840","2.3728","","",""
"2023-04-24","000042","202000000031","1.8652","2.3540","","",""
"2023-04-25","000042","202000000031","1.8609","2.3497","","",""
"2023-04-26","000042","202000000031","1.8518","2.3406","","",""
"2023-04-27","000042","202000000031","1.8548","2.3436","","",""
"2023-04-28","000042","202000000031","1.8861","2.3749","","",""
"2023-05-04","000042","202000000031","1.8955","2.3843","","",""
"2023-05-05","000042","202000000031","1.8886","2.3774","","",""
"2023-05-08","000042","202000000031","1.9187","2.4075","","",""
"2023-05-09","000042","202000000031","1.9026","2.3914","","",""
"2023-05-10","000042","202000000031","1.8748","2.3636","","",""
"2023-05-11","000042","202000000031","1.8670","2.3558","","",""
"2023-05-12","000042","202000000031","1.8477","2.3365","","",""
"2023-05-15","000042","202000000031","1.8631","2.3519","","",""
"2023-05-16","000042","202000000031","1.8444","2.3332","","",""
"2023-05-17","000042","202000000031","1.8373","2.3261","","",""
"2023-05-18","000042","202000000031","1.8585","2.3473","","",""
"2023-05-19","000042","202000000031","1.8425","2.3313","","",""
"2023-05-22","000042","202000000031","1.8406","2.3294","","",""
"2023-05-23","000042","202000000031","1.8116","2.3004","","",""
"2023-05-24","000042","202000000031","1.7884","2.2772","","",""
"2023-05-25","000042","202000000031","1.7868","2.2756","","",""
"2023-05-26","000042","202000000031","1.7985","2.2873","","",""
"2023-05-29","000042","202000000031","1.8040","2.2928","","",""
"2023-05-30","000042","202000000031","1.8253","2.3141","","",""
"2023-05-31","000042","202000000031","1.8197","2.3085","","",""
"2023-06-01","000042","202000000031","1.8242","2.3130","","",""
"2023-06-02","000042","202000000031","1.8330","2.3218","","",""
"2023-06-05","000042","202000000031","1.8306","2.3194","","",""
"2023-06-06","000042","202000000031","1.8065","2.2953","","",""
"2023-06-07","000042","202000000031","1.8045","2.2933","","",""
"2023-06-08","000042","202000000031","1.8186","2.3074","","",""
"2023-06-09","000042","202000000031","1.8325","2.3213","","",""
"2023-06-12","000042","202000000031","1.8257","2.3145","","",""
"2023-06-13","000042","202000000031","1.8311","2.3199","","",""
"2023-06-14","000042","202000000031","1.8273","2.3161","","",""
"2023-06-15","000042","202000000031","1.8394","2.3282","","",""
"2023-06-16","000042","202000000031","1.8610","2.3498","","",""
"2023-06-19","000042","202000000031","1.8576","2.3464","","",""
"2023-06-20","000042","202000000031","1.8587","2.3475","","",""
"2023-06-21","000042","202000000031","1.8267","2.3155","","",""
"2023-06-26","000042","202000000031","1.7932","2.2820","","",""
"2023-06-27","000042","202000000031","1.8161","2.3049","","",""
"2023-06-28","000042","202000000031","1.8134","2.3022","","",""
"2023-06-29","000042","202000000031","1.8092","2.2980","","",""
"2023-06-30","000042","202000000031","1.8193","2.3081","","",""
"2023-07-03","000042","202000000031","1.8366","2.3254","","",""
"2023-07-04","000042","202000000031","1.8380","2.3268","","",""
"2023-07-05","000042","202000000031","1.8266","2.3154","","",""
"2023-07-06","000042","202000000031","1.8185","2.3073","","",""
"2023-07-07","000042","202000000031","1.8162","2.3050","","",""
"2023-07-10","000042","202000000031","1.8243","2.3131","","",""
"2023-07-11","000042","202000000031","1.8359","2.3247","","",""
"2023-07-12","000042","202000000031","1.8193","2.3081","","",""
"2023-07-13","000042","202000000031","1.8452","2.3340","","",""
"2023-07-14","000042","202000000031","1.8502","2.3390","","",""
"2023-07-17","000042","202000000031","1.8475","2.3363","","",""
"2023-07-18","000042","202000000031","1.8412","2.3300","","",""
"2023-07-19","000042","202000000031","1.8446","2.3334","","",""
"2023-07-20","000042","202000000031","1.8290","2.3178","","",""
"2023-07-21","000042","202000000031","1.8273","2.3161","","",""
"2023-07-24","000042","202000000031","1.8253","2.3141","","",""
"2023-07-25","000042","202000000031","1.8676","2.3564","","",""
"2023-07-26","000042","202000000031","1.8614","2.3502","","",""
"2023-07-27","000042","202000000031","1.8586","2.3474","","",""
"2023-07-28","000042","202000000031","1.9019","2.3907","","",""
"2023-07-31","000042","202000000031","1.9179","2.4067","","",""
"2023-08-01","000042","202000000031","1.9118","2.4006","","",""
"2023-08-02","000042","202000000031","1.9006","2.3894","","",""
"2023-08-03","000042","202000000031","1.9144","2.4032","","",""
"2023-08-04","000042","202000000031","1.9181","2.4069","","",""
"2023-08-07","000042","202000000031","1.9034","2.3922","","",""
"2023-08-08","000042","202000000031","1.9018","2.3906","","",""
"2023-08-09","000042","202000000031","1.8983","2.3871","","",""
"2023-08-10","000042","202000000031","1.9006","2.3894","","",""
"2023-08-11","000042","202000000031","1.8602","2.3490","","",""
"2023-08-14","000042","202000000031","1.8524","2.3412","","",""
"2023-08-15","000042","202000000031","1.8514","2.3402","","",""
"2023-08-16","000042","202000000031","1.8380","2.3268","","",""
"2023-08-17","000042","202000000031","1.8382","2.3270","","",""
"2023-08-18","000042","202000000031","1.8176","2.3064","","",""
"2023-08-21","000042","202000000031","1.7907","2.2795","","",""
"2023-08-22","000042","202000000031","1.8046","2.2934","","",""
"2023-08-23","000042","202000000031","1.7762","2.2650","","",""
"2023-08-24","000042","202000000031","1.7781","2.2669","","",""
"2023-08-25","000042","202000000031","1.7748","2.2636","","",""
"2023-08-28","000042","202000000031","1.7982","2.2870","","",""
"2023-08-29","000042","202000000031","1.8055","2.2943","","",""
"2023-08-30","000042","202000000031","1.8027","2.2915","","",""
"2023-08-31","000042","202000000031","1.7927","2.2815","","",""
"2023-09-01","000042","202000000031","1.8054","2.2942","","",""
"2023-09-04","000042","202000000031","1.8323","2.3211","","",""
"2023-09-05","000042","202000000031","1.8209","2.3097","","",""
"2023-09-06","000042","202000000031","1.8143","2.3031","","",""
"2023-09-07","000042","202000000031","1.7966","2.2854","","",""
"2023-09-08","000042","202000000031","1.7895","2.2783","","",""
"2023-09-11","000042","202000000031","1.8030","2.2918","","",""
"2023-09-12","000042","202000000031","1.8015","2.2903","","",""
"2023-09-13","000042","202000000031","1.7914","2.2802","","",""
"2023-09-14","000042","202000000031","1.7942","2.2830","","",""
"2023-09-15","000042","202000000031","1.7837","2.2725","","",""
"2023-09-18","000042","202000000031","1.7889","2.2777","","",""
"2023-09-19","000042","202000000031","1.7877","2.2765","","",""
"2023-09-20","000042","202000000031","1.7808","2.2696","","",""
"2023-09-21","000042","202000000031","1.7654","2.2542","","",""
"2023-09-22","000042","202000000031","1.7925","2.2813","","",""
"2023-09-25","000042","202000000031","1.7799","2.2687","","",""
"2023-09-26","000042","202000000031","1.7690","2.2578","","",""
"2023-09-27","000042","202000000031","1.7703","2.2591","","",""
"2023-09-28","000042","202000000031","1.7684","2.2572","","",""
"2023-10-09","000042","202000000031","1.7672","2.2560","","",""
"2023-10-10","000042","202000000031","1.7497","2.2385","","",""
"2023-10-11","000042","202000000031","1.7559","2.2447","","",""
"2023-10-12","000042","202000000031","1.7780","2.2668","","",""
"2023-10-13","000042","202000000031","1.7649","2.2537","","",""
"2023-10-16","000042","202000000031","1.7537","2.2425","","",""
"2023-10-17","000042","202000000031","1.7596","2.2484","","",""
"2023-10-18","000042","202000000031","1.7482","2.2370","","",""
"2023-10-19","000042","202000000031","1.7153","2.2041","","",""
"2023-10-20","000042","202000000031","1.7018","2.1906","","",""
"2023-10-23","000042","202000000031","1.6814","2.1702","","",""
"2023-10-24","000042","202000000031","1.6849","2.1737","","",""
"2023-10-25","000042","202000000031","1.7009","2.1897","","",""
"2023-10-26","000042","202000000031","1.7101","2.1989","","",""
"2023-10-27","000042","202000000031","1.7270","2.2158","","",""
"2023-10-30","000042","202000000031","1.7287","2.2175","","",""
"2023-10-31","000042","202000000031","1.7253","2.2141","","",""
"2023-11-01","000042","202000000031","1.7247","2.2135","","",""
"2023-11-02","000042","202000000031","1.7218","2.2106","","",""
"2023-11-03","000042","202000000031","1.7305","2.2193","","",""
"2023-11-06","000042","202000000031","1.7502","2.2390","","",""
"2023-11-07","000042","202000000031","1.7487","2.2375","","",""
"2023-11-08","000042","202000000031","1.7438","2.2326","","",""
"2023-11-09","000042","202000000031","1.7451","2.2339","","",""
"2023-11-10","000042","202000000031","1.7340","2.2228","","",""
"2023-11-13","000042","202000000031","1.7324","2.2212","","",""
"2023-11-14","000042","202000000031","1.7369","2.2257","","",""
"2023-11-15","000042","202000000031","1.7461","2.2349","","",""
"2023-11-16","000042","202000000031","1.7337","2.2225","","",""
"2023-11-17","000042","202000000031","1.7316","2.2204","","",""
"2023-11-20","000042","202000000031","1.7350","2.2238","","",""
"2023-11-21","000042","202000000031","1.7378","2.2266","","",""
"2023-11-22","000042","202000000031","1.7233","2.2121","","",""
"2023-11-23","000042","202000000031","1.7336","2.2224","","",""
"2023-11-24","000042","202000000031","1.7249","2.2137","","",""
"2023-11-27","000042","202000000031","1.7191","2.2079","","",""
"2023-11-28","000042","202000000031","1.7204","2.2092","","",""
"2023-11-29","000042","202000000031","1.7055","2.1943","","",""
"2023-11-30","000042","202000000031","1.7096","2.1984","","",""
"2023-12-01","000042","202000000031","1.7052","2.1940","","",""
"2023-12-04","000042","202000000031","1.6967","2.1855","","",""
"2023-12-05","000042","202000000031","1.6705","2.1593","","",""
"2023-12-06","000042","202000000031","1.6715","2.1603","","",""
"2023-12-07","000042","202000000031","1.6715","2.1603","","",""
"2023-12-08","000042","202000000031","1.6728","2.1616","","",""
"2023-12-11","000042","202000000031","1.6797","2.1685","","",""
"2023-12-12","000042","202000000031","1.6860","2.1748","","",""
"2023-12-13","000042","202000000031","1.6696","2.1584","","",""
"2023-12-14","000042","202000000031","1.6624","2.1512","","",""
"2023-12-15","000042","202000000031","1.6517","2.1405","","",""
"2023-12-18","000042","202000000031","1.6473","2.1361","","",""
"2023-12-19","000042","202000000031","1.6461","2.1349","","",""
"2023-12-20","000042","202000000031","1.6320","2.1208","","",""
"2023-12-21","000042","202000000031","1.6401","2.1289","","",""
"2023-12-22","000042","202000000031","1.6448","2.1336","","",""
"2023-12-25","000042","202000000031","1.6491","2.1379","","",""
"2023-12-26","000042","202000000031","1.6406","2.1294","","",""
"2023-12-27","000042","202000000031","1.6514","2.1402","","",""
"2023-12-28","000042","202000000031","1.6710","2.1598","","",""
"2023-12-29","000042","202000000031","1.6790","2.1678","","",""
"2023-12-31","000042","202000000031","1.6789","2.1677","","",""
"2024-01-02","000042","202000000031","1.6716","2.1604","","",""
"2024-01-03","000042","202000000031","1.6747","2.1635","","",""
"2024-01-04","000042","202000000031","1.6652","2.1540","","",""
"2024-01-05","000042","202000000031","1.6603","2.1491","","",""
"2024-01-08","000042","202000000031","1.6407","2.1295","","",""
"2024-01-09","000042","202000000031","1.6419","2.1307","","",""
"2024-01-10","000042","202000000031","1.6314","2.1202","","",""
"2024-01-11","000042","202000000031","1.6343","2.1231","","",""
"2024-01-12","000042","202000000031","1.6330","2.1218","","",""
"2024-01-15","000042","202000000031","1.6356","2.1244","","",""
"2024-01-16","000042","202000000031","1.6446","2.1334","","",""
"2024-01-17","000042","202000000031","1.6175","2.1063","","",""
"2024-01-18","000042","202000000031","1.6218","2.1106","","",""
"2024-01-19","000042","202000000031","1.6165","2.1053","","",""
"2024-01-22","000042","202000000031","1.5839","2.0727","","",""
"2024-01-23","000042","202000000031","1.5892","2.0780","","",""
"2024-01-24","000042","202000000031","1.6200","2.1088","","",""
"2024-01-25","000042","202000000031","1.6623","2.1511","","",""
"2024-01-26","000042","202000000031","1.6668","2.1556","","",""
"2024-01-29","000042","202000000031","1.6648","2.1536","","",""
"2024-01-30","000042","202000000031","1.6417","2.1305","","",""
"2024-01-31","000042","202000000031","1.6244","2.1132","","",""
"2024-02-01","000042","202000000031","1.6176","2.1064","","",""
"2024-02-02","000042","202000000031","1.6038","2.0926","","",""
"2024-02-05","000042","202000000031","1.5970","2.0858","","",""
"2024-02-06","000042","202000000031","1.6491","2.1379","","",""
"2024-02-07","000042","202000000031","1.6620","2.1508","","",""
"2024-02-08","000042","202000000031","1.6725","2.1613","","",""
"2024-02-19","000042","202000000031","1.6899","2.1787","","",""
"2024-02-20","000042","202000000031","1.6979","2.1867","","",""
"2024-02-21","000042","202000000031","1.7149","2.2037","","",""
"2024-02-22","000042","202000000031","1.7287","2.2175","","",""
"2024-02-23","000042","202000000031","1.7332","2.2220","","",""
"2024-02-26","000042","202000000031","1.7165","2.2053","","",""
"2024-02-27","000042","202000000031","1.7310","2.2198","","",""
"2024-02-28","000042","202000000031","1.7112","2.2000","","",""
"2024-02-29","000042","202000000031","1.7411","2.2299","","",""
"2024-03-01","000042","202000000031","1.7494","2.2382","","",""
"2024-03-04","000042","202000000031","1.7498","2.2386","","",""
"2024-03-05","000042","202000000031","1.7607","2.2495","","",""
"2024-03-06","000042","202000000031","1.7532","2.2420","","",""
"2024-03-07","000042","202000000031","1.7448","2.2336","","",""
"2024-03-08","000042","202000000031","1.7506","2.2394","","",""
"2024-03-11","000042","202000000031","1.7647","2.2535","","",""
"2024-03-12","000042","202000000031","1.7581","2.2469","","",""
"2024-03-13","000042","202000000031","1.7554","2.2442","","",""
"2024-03-14","000042","202000000031","1.7534","2.2422","","",""
"2024-03-15","000042","202000000031","1.7572","2.2460","","",""
"2024-03-18","000042","202000000031","1.7756","2.2644","","",""
"2024-03-19","000042","202000000031","1.7585","2.2473","","",""
"2024-03-20","000042","202000000031","1.7660","2.2548","","",""
"2024-03-21","000042","202000000031","1.7633","2.2521","","",""
"2024-03-22","000042","202000000031","1.7458","2.2346","","",""
"2024-03-25","000042","202000000031","1.7353","2.2241","","",""
"2024-03-26","000042","202000000031","1.7427","2.2315","","",""
"2024-03-27","000042","202000000031","1.7220","2.2108","","",""
"2024-03-28","000042","202000000031","1.7293","2.2181","","",""
"2024-03-29","000042","202000000031","1.7425","2.2313","","",""
"2024-04-01","000042","202000000031","1.7709","2.2597","","",""
"2023-04-03","003184","202000006581","1.0000","1.0000","","",""
"2023-04-04","003184","202000006581","1.0000","1.0000","","",""
"2023-04-06","003184","202000006581","1.0000","1.0000","","",""
"2023-04-07","003184","202000006581","1.0000","1.0000","","",""
"2023-04-10","003184","202000006581","1.0000","1.0000","","",""
"2023-04-11","003184","202000006581","1.0000","1.0000","","",""
"2023-04-12","003184","202000006581","1.0000","1.0000","","",""
"2023-04-13","003184","202000006581","1.0000","1.0000","","",""
"2023-04-14","003184","202000006581","1.0000","1.0000","","",""
"2023-04-17","003184","202000006581","1.0000","1.0000","","",""
"2023-04-18","003184","202000006581","1.0000","1.0000","","",""
"2023-04-19","003184","202000006581","1.0000","1.0000","","",""
"2023-04-20","003184","202000006581","1.0000","1.0000","","",""
"2023-04-21","003184","202000006581","1.0000","1.0000","","",""
"2023-04-24","003184","202000006581","1.0000","1.0000","","",""
"2023-04-25","003184","202000006581","1.0000","1.0000","","",""
"2023-04-26","003184","202000006581","1.0000","1.0000","","",""
"2023-04-27","003184","202000006581","1.0000","1.0000","","",""
"2023-04-28","003184","202000006581","1.0000","1.0000","","",""
"2023-05-04","003184","202000006581","1.0000","1.0000","","",""
"2023-05-05","003184","202000006581","1.0000","1.0000","","",""
"2023-05-08","003184","202000006581","1.0000","1.0000","","",""
"2023-05-09","003184","202000006581","1.0000","1.0000","","",""
"2023-05-10","003184","202000006581","1.0000","1.0000","","",""
"2023-05-11","003184","202000006581","1.0000","1.0000","","",""
"2023-05-12","003184","202000006581","1.0000","1.0000","","",""
"2023-05-15","003184","202000006581","1.0000","1.0000","","",""
"2023-05-16","003184","202000006581","1.0000","1.0000","","",""
"2023-05-17","003184","202000006581","1.0000","1.0000","","",""
"2023-05-18","003184","202000006581","1.0000","1.0000","","",""
"2023-05-19","003184","202000006581","1.0000","1.0000","","",""
"2023-05-22","003184","202000006581","1.0000","1.0000","","",""
"2023-05-23","003184","202000006581","1.0000","1.0000","","",""
"2023-05-24","003184","202000006581","1.0000","1.0000","","",""
"2023-05-25","003184","202000006581","1.0000","1.0000","","",""
"2023-05-26","003184","202000006581","1.0000","1.0000","","",""
"2023-05-29","003184","202000006581","1.0000","1.0000","","",""
"2023-05-30","003184","202000006581","1.0000","1.0000","","",""
"2023-05-31","003184","202000006581","1.0000","1.0000","","",""
"2023-06-01","003184","202000006581","1.0000","1.0000","","",""
"2023-06-02","003184","202000006581","1.0000","1.0000","","",""
"2023-06-05","003184","202000006581","1.0000","1.0000","","",""
"2023-06-06","003184","202000006581","1.0000","1.0000","","",""
"2023-06-07","003184","202000006581","1.0000","1.0000","","",""
"2023-06-08","003184","202000006581","1.0000","1.0000","","",""
"2023-06-09","003184","202000006581","1.0000","1.0000","","",""
"2023-06-12","003184","202000006581","1.0000","1.0000","","",""
"2023-06-13","003184","202000006581","1.0000","1.0000","","",""
"2023-06-14","003184","202000006581","1.0000","1.0000","","",""
"2023-06-15","003184","202000006581","1.0000","1.0000","","",""
"2023-06-16","003184","202000006581","1.0000","1.0000","","",""
"2023-06-19","003184","202000006581","1.0000","1.0000","","",""
"2023-06-20","003184","202000006581","1.0000","1.0000","","",""
"2023-06-21","003184","202000006581","1.0000","1.0000","","",""
"2023-06-26","003184","202000006581","1.0000","1.0000","","",""
"2023-06-27","003184","202000006581","1.0000","1.0000","","",""
"2023-06-28","003184","202000006581","1.0000","1.0000","","",""
"2023-06-29","003184","202000006581","1.0000","1.0000","","",""
"2023-06-30","003184","202000006581","1.0000","1.0000","","",""
"2023-07-03","003184","202000006581","1.0000","1.0000","","",""
"2023-07-04","003184","202000006581","1.0000","1.0000","","",""
"2023-07-05","003184","202000006581","1.0000","1.0000","","",""
"2023-07-06","003184","202000006581","1.0000","1.0000","","",""
"2023-07-07","003184","202000006581","1.0000","1.0000","","",""
"2023-07-10","003184","202000006581","1.0000","1.0000","","",""
"2023-07-11","003184","202000006581","1.0000","1.0000","","",""
"2023-07-12","003184","202000006581","1.0000","1.0000","","",""
"2023-07-13","003184","202000006581","1.0000","1.0000","","",""
"2023-07-14","003184","202000006581","1.0000","1.0000","","",""
"2023-07-17","003184","202000006581","1.0000","1.0000","","",""
"2023-07-18","003184","202000006581","1.0000","1.0000","","",""
"2023-07-19","003184","202000006581","1.0000","1.0000","","",""
"2023-07-20","003184","202000006581","1.0000","1.0000","","",""
"2023-07-21","003184","202000006581","1.0000","1.0000","","",""
"2023-07-24","003184","202000006581","1.0000","1.0000","","",""
"2023-07-25","003184","202000006581","1.0000","1.0000","","",""
"2023-07-26","003184","202000006581","1.0000","1.0000","","",""
"2023-07-27","003184","202000006581","1.0000","1.0000","","",""
"2023-07-28","003184","202000006581","1.0000","1.0000","","",""
"2023-07-31","003184","202000006581","1.0000","1.0000","","",""
"2023-08-01","003184","202000006581","1.0000","1.0000","","",""
"2023-08-02","003184","202000006581","1.0000","1.0000","","",""
"2023-08-03","003184","202000006581","1.0000","1.0000","","",""
"2023-08-04","003184","202000006581","1.0000","1.0000","","",""
"2023-08-07","003184","202000006581","1.0000","1.0000","","",""
"2023-08-08","003184","202000006581","1.0000","1.0000","","",""
"2023-08-09","003184","202000006581","1.0000","1.0000","","",""
"2023-08-10","003184","202000006581","1.0000","1.0000","","",""
"2023-08-11","003184","202000006581","1.0000","1.0000","","",""
"2023-08-14","003184","202000006581","1.0000","1.0000","","",""
"2023-08-15","003184","202000006581","1.0000","1.0000","","",""
"2023-08-16","003184","202000006581","1.0000","1.0000","","",""
"2023-08-17","003184","202000006581","1.0000","1.0000","","",""
"2023-08-18","003184","202000006581","1.0000","1.0000","","",""
"2023-08-21","003184","202000006581","1.0000","1.0000","","",""
"2023-08-22","003184","202000006581","1.0000","1.0000","","",""
"2023-08-23","003184","202000006581","1.0000","1.0000","","",""
"2023-08-24","003184","202000006581","1.0000","1.0000","","",""
"2023-08-25","003184","202000006581","1.0000","1.0000","","",""
"2023-08-28","003184","202000006581","1.0000","1.0000","","",""
"2023-08-29","003184","202000006581","1.0000","1.0000","","",""
"2023-08-30","003184","202000006581","1.0000","1.0000","","",""
"2023-08-31","003184","202000006581","1.0000","1.0000","","",""
"2023-09-01","003184","202000006581","1.0000","1.0000","","",""
"2023-09-04","003184","202000006581","1.0000","1.0000","","",""
"2023-09-05","003184","202000006581","1.0000","1.0000","","",""
"2023-09-06","003184","202000006581","1.0000","1.0000","","",""
"2023-09-07","003184","202000006581","1.0000","1.0000","","",""
"2023-09-08","003184","202000006581","1.0000","1.0000","","",""
"2023-09-11","003184","202000006581","1.0000","1.0000","","",""
"2023-09-12","003184","202000006581","1.0000","1.0000","","",""
"2023-09-13","003184","202000006581","1.0000","1.0000","","",""
"2023-09-14","003184","202000006581","1.0000","1.0000","","",""
"2023-09-15","003184","202000006581","1.0000","1.0000","","",""
"2023-09-18","003184","202000006581","1.0000","1.0000","","",""
"2023-09-19","003184","202000006581","1.0000","1.0000","","",""
"2023-09-20","003184","202000006581","1.0000","1.0000","","",""
"2023-09-21","003184","202000006581","1.0000","1.0000","","",""
"2023-09-22","003184","202000006581","1.0000","1.0000","","",""
"2023-09-25","003184","202000006581","1.0000","1.0000","","",""
"2023-09-26","003184","202000006581","1.0000","1.0000","","",""
"2023-09-27","003184","202000006581","1.0000","1.0000","","",""
"2023-09-28","003184","202000006581","1.0000","1.0000","","",""
"2023-10-09","003184","202000006581","1.0000","1.0000","","",""
"2023-10-10","003184","202000006581","1.0000","1.0000","","",""
"2023-10-11","003184","202000006581","1.0000","1.0000","","",""
"2023-10-12","003184","202000006581","1.0000","1.0000","","",""
"2023-10-13","003184","202000006581","1.0000","1.0000","","",""
"2023-10-16","003184","202000006581","1.0000","1.0000","","",""
"2023-10-17","003184","202000006581","1.0000","1.0000","","",""
"2023-10-18","003184","202000006581","1.0000","1.0000","","",""
"2023-10-19","003184","202000006581","1.0000","1.0000","","",""
"2023-10-20","003184","202000006581","1.0000","1.0000","","",""
"2023-10-23","003184","202000006581","1.0000","1.0000","","",""
"2023-10-24","003184","202000006581","1.0000","1.0000","","",""
"2023-10-25","003184","202000006581","1.0000","1.0000","","",""
"2023-10-26","003184","202000006581","1.0000","1.0000","","",""
"2023-10-27","003184","202000006581","1.0000","1.0000","","",""
"2023-10-30","003184","202000006581","1.0000","1.0000","","",""
"2023-10-31","003184","202000006581","1.0000","1.0000","","",""
"2023-11-01","003184","202000006581","1.0000","1.0000","","",""
"2023-11-02","003184","202000006581","1.0000","1.0000","","",""
"2023-11-03","003184","202000006581","1.0000","1.0000","","",""
"2023-11-06","003184","202000006581","1.0000","1.0000","","",""
"2023-11-07","003184","202000006581","1.0000","1.0000","","",""
"2023-11-08","003184","202000006581","1.0000","1.0000","","",""
"2023-11-09","003184","202000006581","1.0000","1.0000","","",""
"2023-11-10","003184","202000006581","1.0000","1.0000","","",""
"2023-11-13","003184","202000006581","1.0000","1.0000","","",""
"2023-11-14","003184","202000006581","1.0000","1.0000","","",""
"2023-11-15","003184","202000006581","1.0000","1.0000","","",""
"2023-11-16","003184","202000006581","1.0000","1.0000","","",""
"2023-11-17","003184","202000006581","1.0000","1.0000","","",""
"2023-11-20","003184","202000006581","1.0000","1.0000","","",""
"2023-11-21","003184","202000006581","1.0000","1.0000","","",""
"2023-11-22","003184","202000006581","1.0000","1.0000","","",""
"2023-11-23","003184","202000006581","1.0000","1.0000","","",""
"2023-11-24","003184","202000006581","1.0000","1.0000","","",""
"2023-11-27","003184","202000006581","1.0000","1.0000","","",""
"2023-11-28","003184","202000006581","1.0000","1.0000","","",""
"2023-11-29","003184","202000006581","1.0000","1.0000","","",""
"2023-11-30","003184","202000006581","1.0000","1.0000","","",""
"2023-12-01","003184","202000006581","1.0000","1.0000","","",""
"2023-12-04","003184","202000006581","1.0000","1.0000","","",""
"2023-12-05","003184","202000006581","1.0000","1.0000","","",""
"2023-12-06","003184","202000006581","1.0000","1.0000","","",""
"2023-12-07","003184","202000006581","1.0000","1.0000","","",""
"2023-12-08","003184","202000006581","1.0000","1.0000","","",""
"2023-12-11","003184","202000006581","1.0000","1.0000","","",""
"2023-12-12","003184","202000006581","1.0000","1.0000","","",""
"2023-12-13","003184","202000006581","1.0000","1.0000","","",""
"2023-12-14","003184","202000006581","1.0000","1.0000","","",""
"2023-12-15","003184","202000006581","1.0000","1.0000","","",""
"2023-12-18","003184","202000006581","1.0000","1.0000","","",""
"2023-12-19","003184","202000006581","1.0000","1.0000","","",""
"2023-12-20","003184","202000006581","1.0000","1.0000","","",""
"2023-12-21","003184","202000006581","1.0000","1.0000","","",""
"2023-12-22","003184","202000006581","1.0000","1.0000","","",""
"2023-12-25","003184","202000006581","1.0000","1.0000","","",""
"2023-12-26","003184","202000006581","1.0000","1.0000","","",""
"2023-12-27","003184","202000006581","1.0000","1.0000","","",""
"2023-12-28","003184","202000006581","1.0000","1.0000","","",""
"2023-12-29","003184","202000006581","1.0000","1.0000","","",""
"2023-12-31","003184","202000006581","1.0000","1.0000","","",""
"2024-01-02","003184","202000006581","1.0000","1.0000","","",""
"2024-01-03","003184","202000006581","1.0000","1.0000","","",""
"2024-01-04","003184","202000006581","1.0000","1.0000","","",""
"2024-01-05","003184","202000006581","1.0000","1.0000","","",""
"2024-01-08","003184","202000006581","1.0000","1.0000","","",""
"2024-01-09","003184","202000006581","1.0000","1.0000","","",""
"2024-01-10","003184","202000006581","1.0000","1.0000","","",""
"2024-01-11","003184","202000006581","1.0000","1.0000","","",""
"2024-01-12","003184","202000006581","1.0000","1.0000","","",""
"2024-01-15","003184","202000006581","1.0000","1.0000","","",""
"2024-01-16","003184","202000006581","1.0000","1.0000","","",""
"2024-01-17","003184","202000006581","1.0000","1.0000","","",""
"2024-01-18","003184","202000006581","1.0000","1.0000","","",""
"2024-01-19","003184","202000006581","1.0000","1.0000","","",""
"2024-01-22","003184","202000006581","1.0000","1.0000","","",""
"2024-01-23","003184","202000006581","1.0000","1.0000","","",""
"2024-01-24","003184","202000006581","1.0000","1.0000","","",""
"2024-01-25","003184","202000006581","1.0000","1.0000","","",""
"2024-01-26","003184","202000006581","1.0000","1.0000","","",""
"2024-01-29","003184","202000006581","1.0000","1.0000","","",""
"2024-01-30","003184","202000006581","1.0000","1.0000","","",""
"2024-01-31","003184","202000006581","1.0000","1.0000","","",""
"2024-02-01","003184","202000006581","1.0000","1.0000","","",""
"2024-02-02","003184","202000006581","1.0000","1.0000","","",""
"2024-02-05","003184","202000006581","1.0000","1.0000","","",""
"2024-02-06","003184","202000006581","1.0000","1.0000","","",""
"2024-02-07","003184","202000006581","1.0000","1.0000","","",""
"2024-02-08","003184","202000006581","1.0000","1.0000","","",""
"2024-02-19","003184","202000006581","1.0000","1.0000","","",""
"2024-02-20","003184","202000006581","1.0000","1.0000","","",""
"2024-02-21","003184","202000006581","1.0000","1.0000","","",""
"2024-02-22","003184","202000006581","1.0000","1.0000","","",""
"2024-02-23","003184","202000006581","1.0000","1.0000","","",""
"2024-02-26","003184","202000006581","1.0000","1.0000","","",""
"2024-02-27","003184","202000006581","1.0000","1.0000","","",""
"2024-02-28","003184","202000006581","1.0000","1.0000","","",""
"2024-02-29","003184","202000006581","1.0000","1.0000","","",""
"2024-03-01","003184","202000006581","1.0000","1.0000","","",""
"2024-03-04","003184","202000006581","1.0000","1.0000","","",""
"2024-03-05","003184","202000006581","1.0000","1.0000","","",""
"2024-03-06","003184","202000006581","1.0000","1.0000","","",""
"2024-03-07","003184","202000006581","1.0000","1.0000","","",""
"2024-03-08","003184","202000006581","1.0000","1.0000","","",""
"2024-03-11","003184","202000006581","1.0000","1.0000","","",""
"2024-03-12","003184","202000006581","1.0000","1.0000","","",""
"2024-03-13","003184","202000006581","1.0000","1.0000","","",""
"2024-03-14","003184","202000006581","1.0000","1.0000","","",""
"2024-03-15","003184","202000006581","1.0000","1.0000","","",""
"2024-03-18","003184","202000006581","1.0000","1.0000","","",""
"2024-03-19","003184","202000006581","1.0000","1.0000","","",""
"2024-03-20","003184","202000006581","1.0000","1.0000","","",""
"2024-03-21","003184","202000006581","1.0000","1.0000","","",""
"2024-03-22","003184","202000006581","1.0000","1.0000","","",""
"2024-03-25","003184","202000006581","1.0000","1.0000","","",""
"2024-03-26","003184","202000006581","1.0000","1.0000","","",""
"2024-03-27","003184","202000006581","1.0000","1.0000","","",""
"2024-03-28","003184","202000006581","1.0000","1.0000","","",""
"2024-03-29","003184","202000006581","1.0000","1.0000","","",""
"2024-04-01","003184","202000006581","1.0000","1.0000","","",""
"2023-04-03","007548","202000021395","1.6302","1.6302","","",""
"2023-04-04","007548","202000021395","1.6336","1.6336","","",""
"2023-04-06","007548","202000021395","1.6161","1.6161","","",""
"2023-04-07","007548","202000021395","1.6076","1.6076","","",""
"2023-04-10","007548","202000021395","1.5974","1.5974","","",""
"2023-04-11","007548","202000021395","1.5888","1.5888","","",""
"2023-04-12","007548","202000021395","1.5611","1.5611","","",""
"2023-04-13","007548","202000021395","1.5850","1.5850","","",""
"2023-04-14","007548","202000021395","1.5834","1.5834","","",""
"2023-04-17","007548","202000021395","1.6055","1.6055","","",""
"2023-04-18","007548","202000021395","1.6070","1.6070","","",""
"2023-04-19","007548","202000021395","1.5889","1.5889","","",""
"2023-04-20","007548","202000021395","1.5726","1.5726","","",""
"2023-04-21","007548","202000021395","1.5587","1.5587","","",""
"2023-04-24","007548","202000021395","1.5325","1.5325","","",""
"2023-04-25","007548","202000021395","1.5283","1.5283","","",""
"2023-04-26","007548","202000021395","1.5381","1.5381","","",""
"2023-04-27","007548","202000021395","1.5350","1.5350","","",""
"2023-04-28","007548","202000021395","1.5449","1.5449","","",""
"2023-05-04","007548","202000021395","1.5361","1.5361","","",""
"2023-05-05","007548","202000021395","1.5554","1.5554","","",""
"2023-05-08","007548","202000021395","1.5614","1.5614","","",""
"2023-05-09","007548","202000021395","1.5451","1.5451","","",""
"2023-05-10","007548","202000021395","1.5334","1.5334","","",""
"2023-05-11","007548","202000021395","1.5303","1.5303","","",""
"2023-05-12","007548","202000021395","1.5171","1.5171","","",""
"2023-05-15","007548","202000021395","1.5392","1.5392","","",""
"2023-05-16","007548","202000021395","1.5339","1.5339","","",""
"2023-05-17","007548","202000021395","1.5127","1.5127","","",""
"2023-05-18","007548","202000021395","1.5116","1.5116","","",""
"2023-05-19","007548","202000021395","1.5133","1.5133","","",""
"2023-05-22","007548","202000021395","1.5500","1.5500","","",""
"2023-05-23","007548","202000021395","1.5299","1.5299","","",""
"2023-05-24","007548","202000021395","1.5079","1.5079","","",""
"2023-05-25","007548","202000021395","1.4809","1.4809","","",""
"2023-05-26","007548","202000021395","1.4738","1.4738","","",""
"2023-05-29","007548","202000021395","1.4532","1.4532","","",""
"2023-05-30","007548","202000021395","1.4464","1.4464","","",""
"2023-05-31","007548","202000021395","1.4087","1.4087","","",""
"2023-06-01","007548","202000021395","1.4200","1.4200","","",""
"2023-06-02","007548","202000021395","1.4648","1.4648","","",""
"2023-06-05","007548","202000021395","1.4553","1.4553","","",""
"2023-06-06","007548","202000021395","1.4560","1.4560","","",""
"2023-06-07","007548","202000021395","1.4555","1.4555","","",""
"2023-06-08","007548","202000021395","1.4688","1.4688","","",""
"2023-06-09","007548","202000021395","1.4700","1.4700","","",""
"2023-06-12","007548","202000021395","1.4916","1.4916","","",""
"2023-06-13","007548","202000021395","1.4966","1.4966","","",""
"2023-06-14","007548","202000021395","1.5119","1.5119","","",""
"2023-06-15","007548","202000021395","1.5374","1.5374","","",""
"2023-06-16","007548","202000021395","1.5478","1.5478","","",""
"2023-06-19","007548","202000021395","1.5222","1.5222","","",""
"2023-06-20","007548","202000021395","1.4984","1.4984","","",""
"2023-06-21","007548","202000021395","1.4816","1.4816","","",""
"2023-06-26","007548","202000021395","1.4551","1.4551","","",""
"2023-06-27","007548","202000021395","1.4752","1.4752","","",""
"2023-06-28","007548","202000021395","1.4820","1.4820","","",""
"2023-06-29","007548","202000021395","1.4575","1.4575","","",""
"2023-06-30","007548","202000021395","1.4607","1.4607","","",""
"2023-07-03","007548","202000021395","1.4911","1.4911","","",""
"2023-07-04","007548","202000021395","1.5026","1.5026","","",""
"2023-07-05","007548","202000021395","1.4848","1.4848","","",""
"2023-07-06","007548","202000021395","1.4716","1.4716","","",""
"2023-07-07","007548","202000021395","1.4615","1.4615","","",""
"2023-07-10","007548","202000021395","1.4669","1.4669","","",""
"2023-07-11","007548","202000021395","1.4683","1.4683","","",""
"2023-07-12","007548","202000021395","1.4746","1.4746","","",""
"2023-07-13","007548","202000021395","1.5074","1.5074","","",""
"2023-07-14","007548","202000021395","1.5113","1.5113","","",""
"2023-07-17","007548","202000021395","1.4994","1.4994","","",""
"2023-07-18","007548","202000021395","1.4812","1.4812","","",""
"2023-07-19","007548","202000021395","1.4803","1.4803","","",""
"2023-07-20","007548","202000021395","1.4821","1.4821","","",""
"2023-07-21","007548","202000021395","1.4959","1.4959","","",""
"2023-07-24","007548","202000021395","1.4803","1.4803","","",""
"2023-07-25","007548","202000021395","1.5389","1.5389","","",""
"2023-07-26","007548","202000021395","1.5340","1.5340","","",""
"2023-07-27","007548","202000021395","1.5444","1.5444","","",""
"2023-07-28","007548","202000021395","1.5803","1.5803","","",""
"2023-07-31","007548","202000021395","1.5834","1.5834","","",""
"2023-08-01","007548","202000021395","1.5751","1.5751","","",""
"2023-08-02","007548","202000021395","1.5547","1.5547","","",""
"2023-08-03","007548","202000021395","1.5586","1.5586","","",""
"2023-08-04","007548","202000021395","1.5626","1.5626","","",""
"2023-08-07","007548","202000021395","1.5517","1.5517","","",""
"2023-08-08","007548","202000021395","1.5475","1.5475","","",""
"2023-08-09","007548","202000021395","1.5550","1.5550","","",""
"2023-08-10","007548","202000021395","1.5615","1.5615","","",""
"2023-08-11","007548","202000021395","1.5407","1.5407","","",""
"2023-08-14","007548","202000021395","1.5211","1.5211","","",""
"2023-08-15","007548","202000021395","1.5130","1.5130","","",""
"2023-08-16","007548","202000021395","1.5056","1.5056","","",""
"2023-08-17","007548","202000021395","1.5212","1.5212","","",""
"2023-08-18","007548","202000021395","1.4953","1.4953","","",""
"2023-08-21","007548","202000021395","1.4867","1.4867","","",""
"2023-08-22","007548","202000021395","1.4878","1.4878","","",""
"2023-08-23","007548","202000021395","1.4793","1.4793","","",""
"2023-08-24","007548","202000021395","1.5096","1.5096","","",""
"2023-08-25","007548","202000021395","1.5047","1.5047","","",""
"2023-08-28","007548","202000021395","1.5114","1.5114","","",""
"2023-08-29","007548","202000021395","1.5283","1.5283","","",""
"2023-08-30","007548","202000021395","1.5270","1.5270","","",""
"2023-08-31","007548","202000021395","1.5224","1.5224","","",""
"2023-09-01","007548","202000021395","1.5434","1.5434","","",""
"2023-09-04","007548","202000021395","1.5757","1.5757","","",""
"2023-09-05","007548","202000021395","1.5598","1.5598","","",""
"2023-09-06","007548","202000021395","1.5592","1.5592","","",""
"2023-09-07","007548","202000021395","1.5411","1.5411","","",""
"2023-09-08","007548","202000021395","1.5374","1.5374","","",""
"2023-09-11","007548","202000021395","1.5436","1.5436","","",""
"2023-09-12","007548","202000021395","1.5327","1.5327","","",""
"2023-09-13","007548","202000021395","1.5294","1.5294","","",""
"2023-09-14","007548","202000021395","1.5364","1.5364","","",""
"2023-09-15","007548","202000021395","1.5256","1.5256","","",""
"2023-09-18","007548","202000021395","1.5343","1.5343","","",""
"2023-09-19","007548","202000021395","1.5356","1.5356","","",""
"2023-09-20","007548","202000021395","1.5280","1.5280","","",""
"2023-09-21","007548","202000021395","1.5019","1.5019","","",""
"2023-09-22","007548","202000021395","1.5273","1.5273","","",""
"2023-09-25","007548","202000021395","1.5132","1.5132","","",""
"2023-09-26","007548","202000021395","1.4971","1.4971","","",""
"2023-09-27","007548","202000021395","1.5027","1.5027","","",""
"2023-09-28","007548","202000021395","1.4930","1.4930","","",""
"2023-10-09","007548","202000021395","1.4918","1.4918","","",""
"2023-10-10","007548","202000021395","1.4869","1.4869","","",""
"2023-10-11","007548","202000021395","1.4966","1.4966","","",""
"2023-10-12","007548","202000021395","1.5097","1.5097","","",""
"2023-10-13","007548","202000021395","1.4894","1.4894","","",""
"2023-10-16","007548","202000021395","1.4746","1.4746","","",""
"2023-10-17","007548","202000021395","1.4777","1.4777","","",""
"2023-10-18","007548","202000021395","1.4688","1.4688","","",""
"2023-10-19","007548","202000021395","1.4279","1.4279","","",""
"2023-10-20","007548","202000021395","1.4213","1.4213","","",""
"2023-10-23","007548","202000021395","1.4196","1.4196","","",""
"2023-10-24","007548","202000021395","1.4229","1.4229","","",""
"2023-10-25","007548","202000021395","1.4398","1.4398","","",""
"2023-10-26","007548","202000021395","1.4334","1.4334","","",""
"2023-10-27","007548","202000021395","1.4563","1.4563","","",""
"2023-10-30","007548","202000021395","1.4657","1.4657","","",""
"2023-10-31","007548","202000021395","1.4654","1.4654","","",""
"2023-11-01","007548","202000021395","1.4873","1.4873","","",""
"2023-11-02","007548","202000021395","1.4800","1.4800","","",""
"2023-11-03","007548","202000021395","1.5021","1.5021","","",""
"2023-11-06","007548","202000021395","1.5026","1.5026","","",""
"2023-11-07","007548","202000021395","1.4997","1.4997","","",""
"2023-11-08","007548","202000021395","1.4985","1.4985","","",""
"2023-11-09","007548","202000021395","1.4980","1.4980","","",""
"2023-11-10","007548","202000021395","1.4884","1.4884","","",""
"2023-11-13","007548","202000021395","1.4868","1.4868","","",""
"2023-11-14","007548","202000021395","1.4819","1.4819","","",""
"2023-11-15","007548","202000021395","1.5067","1.5067","","",""
"2023-11-16","007548","202000021395","1.4874","1.4874","","",""
"2023-11-17","007548","202000021395","1.4743","1.4743","","",""
"2023-11-20","007548","202000021395","1.4871","1.4871","","",""
"2023-11-21","007548","202000021395","1.4966","1.4966","","",""
"2023-11-22","007548","202000021395","1.4869","1.4869","","",""
"2023-11-23","007548","202000021395","1.4896","1.4896","","",""
"2023-11-24","007548","202000021395","1.4781","1.4781","","",""
"2023-11-27","007548","202000021395","1.4697","1.4697","","",""
"2023-11-28","007548","202000021395","1.4689","1.4689","","",""
"2023-11-29","007548","202000021395","1.4633","1.4633","","",""
"2023-11-30","007548","202000021395","1.4714","1.4714","","",""
"2023-12-01","007548","202000021395","1.4533","1.4533","","",""
"2023-12-04","007548","202000021395","1.4209","1.4209","","",""
"2023-12-05","007548","202000021395","1.3929","1.3929","","",""
"2023-12-06","007548","202000021395","1.3973","1.3973","","",""
"2023-12-07","007548","202000021395","1.3833","1.3833","","",""
"2023-12-08","007548","202000021395","1.3806","1.3806","","",""
"2023-12-11","007548","202000021395","1.3680","1.3680","","",""
"2023-12-12","007548","202000021395","1.3774","1.3774","","",""
"2023-12-13","007548","202000021395","1.3402","1.3402","","",""
"2023-12-14","007548","202000021395","1.3267","1.3267","","",""
"2023-12-15","007548","202000021395","1.3348","1.3348","","",""
"2023-12-18","007548","202000021395","1.3369","1.3369","","",""
"2023-12-19","007548","202000021395","1.3382","1.3382","","",""
"2023-12-20","007548","202000021395","1.3358","1.3358","","",""
"2023-12-21","007548","202000021395","1.3419","1.3419","","",""
"2023-12-22","007548","202000021395","1.3242","1.3242","","",""
"2023-12-25","007548","202000021395","1.3303","1.3303","","",""
"2023-12-26","007548","202000021395","1.3263","1.3263","","",""
"2023-12-27","007548","202000021395","1.3382","1.3382","","",""
"2023-12-28","007548","202000021395","1.3777","1.3777","","",""
"2023-12-29","007548","202000021395","1.3840","1.3840","","",""
"2023-12-31","007548","202000021395","1.3839","1.3839","","",""
"2024-01-02","007548","202000021395","1.3669","1.3669","","",""
"2024-01-03","007548","202000021395","1.3595","1.3595","","",""
"2024-01-04","007548","202000021395","1.3478","1.3478","","",""
"2024-01-05","007548","202000021395","1.3413","1.3413","","",""
"2024-01-08","007548","202000021395","1.3301","1.3301","","",""
"2024-01-09","007548","202000021395","1.3261","1.3261","","",""
"2024-01-10","007548","202000021395","1.3269","1.3269","","",""
"2024-01-11","007548","202000021395","1.3385","1.3385","","",""
"2024-01-12","007548","202000021395","1.3354","1.3354","","",""
"2024-01-15","007548","202000021395","1.3388","1.3388","","",""
"2024-01-16","007548","202000021395","1.3358","1.3358","","",""
"2024-01-17","007548","202000021395","1.2992","1.2992","","",""
"2024-01-18","007548","202000021395","1.3185","1.3185","","",""
"2024-01-19","007548","202000021395","1.3162","1.3162","","",""
"2024-01-22","007548","202000021395","1.2873","1.2873","","",""
"2024-01-23","007548","202000021395","1.2945","1.2945","","",""
"2024-01-24","007548","202000021395","1.3114","1.3114","","",""
"2024-01-25","007548","202000021395","1.3391","1.3391","","",""
"2024-01-26","007548","202000021395","1.3229","1.3229","","",""
"2024-01-29","007548","202000021395","1.3250","1.3250","","",""
"2024-01-30","007548","202000021395","1.2942","1.2942","","",""
"2024-01-31","007548","202000021395","1.2799","1.2799","","",""
"2024-02-01","007548","202000021395","1.2854","1.2854","","",""
"2024-02-02","007548","202000021395","1.2803","1.2803","","",""
"2024-02-05","007548","202000021395","1.2846","1.2846","","",""
"2024-02-06","007548","202000021395","1.3364","1.3364","","",""
"2024-02-07","007548","202000021395","1.3536","1.3536","","",""
"2024-02-08","007548","202000021395","1.3517","1.3517","","",""
"2024-02-19","007548","202000021395","1.3632","1.3632","","",""
"2024-02-20","007548","202000021395","1.3625","1.3625","","",""
"2024-02-21","007548","202000021395","1.4021","1.4021","","",""
"2024-02-22","007548","202000021395","1.4145","1.4145","","",""
"2024-02-23","007548","202000021395","1.4230","1.4230","","",""
"2024-02-26","007548","202000021395","1.4168","1.4168","","",""
"2024-02-27","007548","202000021395","1.4147","1.4147","","",""
"2024-02-28","007548","202000021395","1.3987","1.3987","","",""
"2024-02-29","007548","202000021395","1.4226","1.4226","","",""
"2024-03-01","007548","202000021395","1.4218","1.4218","","",""
"2024-03-04","007548","202000021395","1.4193","1.4193","","",""
"2024-03-05","007548","202000021395","1.4186","1.4186","","",""
"2024-03-06","007548","202000021395","1.4152","1.4152","","",""
"2024-03-07","007548","202000021395","1.4151","1.4151","","",""
"2024-03-08","007548","202000021395","1.4156","1.4156","","",""
"2024-03-11","007548","202000021395","1.4454","1.4454","","",""
"2024-03-12","007548","202000021395","1.4945","1.4945","","",""
"2024-03-13","007548","202000021395","1.4867","1.4867","","",""
"2024-03-14","007548","202000021395","1.4932","1.4932","","",""
"2024-03-15","007548","202000021395","1.4907","1.4907","","",""
"2024-03-18","007548","202000021395","1.5065","1.5065","","",""
"2024-03-19","007548","202000021395","1.5198","1.5198","","",""
"2024-03-20","007548","202000021395","1.5189","1.5189","","",""
"2024-03-21","007548","202000021395","1.5319","1.5319","","",""
"2024-03-22","007548","202000021395","1.5048","1.5048","","",""
"2024-03-25","007548","202000021395","1.4981","1.4981","","",""
"2024-03-26","007548","202000021395","1.5125","1.5125","","",""
"2024-03-27","007548","202000021395","1.5016","1.5016","","",""
"2024-03-28","007548","202000021395","1.5100","1.5100","","",""
"2024-03-29","007548","202000021395","1.5102","1.5102","","",""
"2024-04-01","007548","202000021395","1.5323","1.5323","","",""
"2023-04-03","008264","202000021997","1.1128","1.1128","","",""
"2023-04-04","008264","202000021997","1.1121","1.1121","","",""
"2023-04-06","008264","202000021997","1.1101","1.1101","","",""
"2023-04-07","008264","202000021997","1.1158","1.1158","","",""
"2023-04-10","008264","202000021997","1.1080","1.1080","","",""
"2023-04-11","008264","202000021997","1.1003","1.1003","","",""
"2023-04-12","008264","202000021997","1.1000","1.1000","","",""
"2023-04-13","008264","202000021997","1.0949","1.0949","","",""
"2023-04-14","008264","202000021997","1.1017","1.1017","","",""
"2023-04-17","008264","202000021997","1.1140","1.1140","","",""
"2023-04-18","008264","202000021997","1.1148","1.1148","","",""
"2023-04-19","008264","202000021997","1.1049","1.1049","","",""
"2023-04-20","008264","202000021997","1.1100","1.1100","","",""
"2023-04-21","008264","202000021997","1.0905","1.0905","","",""
"2023-04-24","008264","202000021997","1.0804","1.0804","","",""
"2023-04-25","008264","202000021997","1.0745","1.0745","","",""
"2023-04-26","008264","202000021997","1.0708","1.0708","","",""
"2023-04-27","008264","202000021997","1.0731","1.0731","","",""
"2023-04-28","008264","202000021997","1.0841","1.0841","","",""
"2023-05-04","008264","202000021997","1.0838","1.0838","","",""
"2023-05-05","008264","202000021997","1.0746","1.0746","","",""
"2023-05-08","008264","202000021997","1.0757","1.0757","","",""
"2023-05-09","008264","202000021997","1.0562","1.0562","","",""
"2023-05-10","008264","202000021997","1.0496","1.0496","","",""
"2023-05-11","008264","202000021997","1.0423","1.0423","","",""
"2023-05-12","008264","202000021997","1.0311","1.0311","","",""
"2023-05-15","008264","202000021997","1.0408","1.0408","","",""
"2023-05-16","008264","202000021997","1.0331","1.0331","","",""
"2023-05-17","008264","202000021997","1.0278","1.0278","","",""
"2023-05-18","008264","202000021997","1.0353","1.0353","","",""
"2023-05-19","008264","202000021997","1.0392","1.0392","","",""
"2023-05-22","008264","202000021997","1.0424","1.0424","","",""
"2023-05-23","008264","202000021997","1.0312","1.0312","","",""
"2023-05-24","008264","202000021997","1.0245","1.0245","","",""
"2023-05-25","008264","202000021997","1.0229","1.0229","","",""
"2023-05-26","008264","202000021997","1.0282","1.0282","","",""
"2023-05-29","008264","202000021997","1.0285","1.0285","","",""
"2023-05-30","008264","202000021997","1.0341","1.0341","","",""
"2023-05-31","008264","202000021997","1.0251","1.0251","","",""
"2023-06-01","008264","202000021997","1.0276","1.0276","","",""
"2023-06-02","008264","202000021997","1.0364","1.0364","","",""
"2023-06-05","008264","202000021997","1.0367","1.0367","","",""
"2023-06-06","008264","202000021997","1.0238","1.0238","","",""
"2023-06-07","008264","202000021997","1.0205","1.0205","","",""
"2023-06-08","008264","202000021997","1.0158","1.0158","","",""
"2023-06-09","008264","202000021997","1.0299","1.0299","","",""
"2023-06-12","008264","202000021997","1.0323","1.0323","","",""
"2023-06-13","008264","202000021997","1.0376","1.0376","","",""
"2023-06-14","008264","202000021997","1.0459","1.0459","","",""
"2023-06-15","008264","202000021997","1.0593","1.0593","","",""
"2023-06-16","008264","202000021997","1.0786","1.0786","","",""
"2023-06-19","008264","202000021997","1.0808","1.0808","","",""
"2023-06-20","008264","202000021997","1.0847","1.0847","","",""
"2023-06-21","008264","202000021997","1.0661","1.0661","","",""
"2023-06-26","008264","202000021997","1.0398","1.0398","","",""
"2023-06-27","008264","202000021997","1.0506","1.0506","","",""
"2023-06-28","008264","202000021997","1.0496","1.0496","","",""
"2023-06-29","008264","202000021997","1.0576","1.0576","","",""
"2023-06-30","008264","202000021997","1.0642","1.0642","","",""
"2023-07-03","008264","202000021997","1.0678","1.0678","","",""
"2023-07-04","008264","202000021997","1.0688","1.0688","","",""
"2023-07-05","008264","202000021997","1.0518","1.0518","","",""
"2023-07-06","008264","202000021997","1.0441","1.0441","","",""
"2023-07-07","008264","202000021997","1.0405","1.0405","","",""
"2023-07-10","008264","202000021997","1.0381","1.0381","","",""
"2023-07-11","008264","202000021997","1.0503","1.0503","","",""
"2023-07-12","008264","202000021997","1.0386","1.0386","","",""
"2023-07-13","008264","202000021997","1.0522","1.0522","","",""
"2023-07-14","008264","202000021997","1.0566","1.0566","","",""
"2023-07-17","008264","202000021997","1.0545","1.0545","","",""
"2023-07-18","008264","202000021997","1.0494","1.0494","","",""
"2023-07-19","008264","202000021997","1.0476","1.0476","","",""
"2023-07-20","008264","202000021997","1.0267","1.0267","","",""
"2023-07-21","008264","202000021997","1.0261","1.0261","","",""
"2023-07-24","008264","202000021997","1.0244","1.0244","","",""
"2023-07-25","008264","202000021997","1.0395","1.0395","","",""
"2023-07-26","008264","202000021997","1.0272","1.0272","","",""
"2023-07-27","008264","202000021997","1.0239","1.0239","","",""
"2023-07-28","008264","202000021997","1.0322","1.0322","","",""
"2023-07-31","008264","202000021997","1.0348","1.0348","","",""
"2023-08-01","008264","202000021997","1.0372","1.0372","","",""
"2023-08-02","008264","202000021997","1.0362","1.0362","","",""
"2023-08-03","008264","202000021997","1.0352","1.0352","","",""
"2023-08-04","008264","202000021997","1.0430","1.0430","","",""
"2023-08-07","008264","202000021997","1.0408","1.0408","","",""
"2023-08-08","008264","202000021997","1.0347","1.0347","","",""
"2023-08-09","008264","202000021997","1.0261","1.0261","","",""
"2023-08-10","008264","202000021997","1.0230","1.0230","","",""
"2023-08-11","008264","202000021997","1.0082","1.0082","","",""
"2023-08-14","008264","202000021997","1.0071","1.0071","","",""
"2023-08-15","008264","202000021997","1.0017","1.0017","","",""
"2023-08-16","008264","202000021997","0.9946","0.9946","","",""
"2023-08-17","008264","202000021997","1.0052","1.0052","","",""
"2023-08-18","008264","202000021997","0.9890","0.9890","","",""
"2023-08-21","008264","202000021997","0.9817","0.9817","","",""
"2023-08-22","008264","202000021997","0.9907","0.9907","","",""
"2023-08-23","008264","202000021997","0.9751","0.9751","","",""
"2023-08-24","008264","202000021997","0.9851","0.9851","","",""
"2023-08-25","008264","202000021997","0.9741","0.9741","","",""
"2023-08-28","008264","202000021997","0.9790","0.9790","","",""
"2023-08-29","008264","202000021997","1.0009","1.0009","","",""
"2023-08-30","008264","202000021997","1.0077","1.0077","","",""
"2023-08-31","008264","202000021997","1.0046","1.0046","","",""
"2023-09-01","008264","202000021997","1.0074","1.0074","","",""
"2023-09-04","008264","202000021997","1.0177","1.0177","","",""
"2023-09-05","008264","202000021997","1.0090","1.0090","","",""
"2023-09-06","008264","202000021997","1.0065","1.0065","","",""
"2023-09-07","008264","202000021997","0.9960","0.9960","","",""
"2023-09-08","008264","202000021997","0.9929","0.9929","","",""
"2023-09-11","008264","202000021997","0.9992","0.9992","","",""
"2023-09-12","008264","202000021997","0.9955","0.9955","","",""
"2023-09-13","008264","202000021997","0.9896","0.9896","","",""
"2023-09-14","008264","202000021997","0.9891","0.9891","","",""
"2023-09-15","008264","202000021997","0.9849","0.9849","","",""
"2023-09-18","008264","202000021997","0.9885","0.9885","","",""
"2023-09-19","008264","202000021997","0.9884","0.9884","","",""
"2023-09-20","008264","202000021997","0.9870","0.9870","","",""
"2023-09-21","008264","202000021997","0.9783","0.9783","","",""
"2023-09-22","008264","202000021997","0.9904","0.9904","","",""
"2023-09-25","008264","202000021997","0.9885","0.9885","","",""
"2023-09-26","008264","202000021997","0.9887","0.9887","","",""
"2023-09-27","008264","202000021997","0.9947","0.9947","","",""
"2023-09-28","008264","202000021997","0.9943","0.9943","","",""
"2023-10-09","008264","202000021997","0.9891","0.9891","","",""
"2023-10-10","008264","202000021997","0.9810","0.9810","","",""
"2023-10-11","008264","202000021997","0.9796","0.9796","","",""
"2023-10-12","008264","202000021997","0.9828","0.9828","","",""
"2023-10-13","008264","202000021997","0.9755","0.9755","","",""
"2023-10-16","008264","202000021997","0.9690","0.9690","","",""
"2023-10-17","008264","202000021997","0.9719","0.9719","","",""
"2023-10-18","008264","202000021997","0.9639","0.9639","","",""
"2023-10-19","008264","202000021997","0.9435","0.9435","","",""
"2023-10-20","008264","202000021997","0.9353","0.9353","","",""
"2023-10-23","008264","202000021997","0.9268","0.9268","","",""
"2023-10-24","008264","202000021997","0.9307","0.9307","","",""
"2023-10-25","008264","202000021997","0.9349","0.9349","","",""
"2023-10-26","008264","202000021997","0.9402","0.9402","","",""
"2023-10-27","008264","202000021997","0.9510","0.9510","","",""
"2023-10-30","008264","202000021997","0.9530","0.9530","","",""
"2023-10-31","008264","202000021997","0.9462","0.9462","","",""
"2023-11-01","008264","202000021997","0.9482","0.9482","","",""
"2023-11-02","008264","202000021997","0.9441","0.9441","","",""
"2023-11-03","008264","202000021997","0.9508","0.9508","","",""
"2023-11-06","008264","202000021997","0.9526","0.9526","","",""
"2023-11-07","008264","202000021997","0.9490","0.9490","","",""
"2023-11-08","008264","202000021997","0.9487","0.9487","","",""
"2023-11-09","008264","202000021997","0.9487","0.9487","","",""
"2023-11-10","008264","202000021997","0.9460","0.9460","","",""
"2023-11-13","008264","202000021997","0.9453","0.9453","","",""
"2023-11-14","008264","202000021997","0.9450","0.9450","","",""
"2023-11-15","008264","202000021997","0.9539","0.9539","","",""
"2023-11-16","008264","202000021997","0.9465","0.9465","","",""
"2023-11-17","008264","202000021997","0.9540","0.9540","","",""
"2023-11-20","008264","202000021997","0.9563","0.9563","","",""
"2023-11-21","008264","202000021997","0.9562","0.9562","","",""
"2023-11-22","008264","202000021997","0.9457","0.9457","","",""
"2023-11-23","008264","202000021997","0.9576","0.9576","","",""
"2023-11-24","008264","202000021997","0.9504","0.9504","","",""
"2023-11-27","008264","202000021997","0.9543","0.9543","","",""
"2023-11-28","008264","202000021997","0.9573","0.9573","","",""
"2023-11-29","008264","202000021997","0.9553","0.9553","","",""
"2023-11-30","008264","202000021997","0.9551","0.9551","","",""
"2023-12-01","008264","202000021997","0.9517","0.9517","","",""
"2023-12-04","008264","202000021997","0.9497","0.9497","","",""
"2023-12-05","008264","202000021997","0.9345","0.9345","","",""
"2023-12-06","008264","202000021997","0.9355","0.9355","","",""
"2023-12-07","008264","202000021997","0.9352","0.9352","","",""
"2023-12-08","008264","202000021997","0.9407","0.9407","","",""
"2023-12-11","008264","202000021997","0.9526","0.9526","","",""
"2023-12-12","008264","202000021997","0.9525","0.9525","","",""
"2023-12-13","008264","202000021997","0.9451","0.9451","","",""
"2023-12-14","008264","202000021997","0.9405","0.9405","","",""
"2023-12-15","008264","202000021997","0.9340","0.9340","","",""
"2023-12-18","008264","202000021997","0.9343","0.9343","","",""
"2023-12-19","008264","202000021997","0.9355","0.9355","","",""
"2023-12-20","008264","202000021997","0.9262","0.9262","","",""
"2023-12-21","008264","202000021997","0.9318","0.9318","","",""
"2023-12-22","008264","202000021997","0.9293","0.9293","","",""
"2023-12-25","008264","202000021997","0.9355","0.9355","","",""
"2023-12-26","008264","202000021997","0.9288","0.9288","","",""
"2023-12-27","008264","202000021997","0.9372","0.9372","","",""
"2023-12-28","008264","202000021997","0.9413","0.9413","","",""
"2023-12-29","008264","202000021997","0.9546","0.9546","","",""
"2023-12-31","008264","202000021997","0.9546","0.9546","","",""
"2024-01-02","008264","202000021997","0.9520","0.9520","","",""
"2024-01-03","008264","202000021997","0.9476","0.9476","","",""
"2024-01-04","008264","202000021997","0.9455","0.9455","","",""
"2024-01-05","008264","202000021997","0.9376","0.9376","","",""
"2024-01-08","008264","202000021997","0.9259","0.9259","","",""
"2024-01-09","008264","202000021997","0.9290","0.9290","","",""
"2024-01-10","008264","202000021997","0.9233","0.9233","","",""
"2024-01-11","008264","202000021997","0.9282","0.9282","","",""
"2024-01-12","008264","202000021997","0.9286","0.9286","","",""
"2024-01-15","008264","202000021997","0.9314","0.9314","","",""
"2024-01-16","008264","202000021997","0.9329","0.9329","","",""
"2024-01-17","008264","202000021997","0.9167","0.9167","","",""
"2024-01-18","008264","202000021997","0.9211","0.9211","","",""
"2024-01-19","008264","202000021997","0.9124","0.9124","","",""
"2024-01-22","008264","202000021997","0.8856","0.8856","","",""
"2024-01-23","008264","202000021997","0.8979","0.8979","","",""
"2024-01-24","008264","202000021997","0.9097","0.9097","","",""
"2024-01-25","008264","202000021997","0.9268","0.9268","","",""
"2024-01-26","008264","202000021997","0.9221","0.9221","","",""
"2024-01-29","008264","202000021997","0.9087","0.9087","","",""
"2024-01-30","008264","202000021997","0.8948","0.8948","","",""
"2024-01-31","008264","202000021997","0.8860","0.8860","","",""
"2024-02-01","008264","202000021997","0.8903","0.8903","","",""
"2024-02-02","008264","202000021997","0.8843","0.8843","","",""
"2024-02-05","008264","202000021997","0.8834","0.8834","","",""
"2024-02-06","008264","202000021997","0.9216","0.9216","","",""
"2024-02-07","008264","202000021997","0.9451","0.9451","","",""
"2024-02-08","008264","202000021997","0.9494","0.9494","","",""
"2024-02-19","008264","202000021997","0.9673","0.9673","","",""
"2024-02-20","008264","202000021997","0.9749","0.9749","","",""
"2024-02-21","008264","202000021997","0.9725","0.9725","","",""
"2024-02-22","008264","202000021997","0.9866","0.9866","","",""
"2024-02-23","008264","202000021997","0.9834","0.9834","","",""
"2024-02-26","008264","202000021997","0.9871","0.9871","","",""
"2024-02-27","008264","202000021997","1.0002","1.0002","","",""
"2024-02-28","008264","202000021997","0.9812","0.9812","","",""
"2024-02-29","008264","202000021997","1.0054","1.0054","","",""
"2024-03-01","008264","202000021997","1.0099","1.0099","","",""
"2024-03-04","008264","202000021997","1.0258","1.0258","","",""
"2024-03-05","008264","202000021997","1.0239","1.0239","","",""
"2024-03-06","008264","202000021997","1.0256","1.0256","","",""
"2024-03-07","008264","202000021997","1.0219","1.0219","","",""
"2024-03-08","008264","202000021997","1.0327","1.0327","","",""
"2024-03-11","008264","202000021997","1.0301","1.0301","","",""
"2024-03-12","008264","202000021997","1.0188","1.0188","","",""
"2024-03-13","008264","202000021997","1.0185","1.0185","","",""
"2024-03-14","008264","202000021997","1.0204","1.0204","","",""
"2024-03-15","008264","202000021997","1.0241","1.0241","","",""
"2024-03-18","008264","202000021997","1.0262","1.0262","","",""
"2024-03-19","008264","202000021997","1.0161","1.0161","","",""
"2024-03-20","008264","202000021997","1.0148","1.0148","","",""
"2024-03-21","008264","202000021997","1.0110","1.0110","","",""
"2024-03-22","008264","202000021997","1.0069","1.0069","","",""
"2024-03-25","008264","202000021997","1.0076","1.0076","","",""
"2024-03-26","008264","202000021997","1.0061","1.0061","","",""
"2024-03-27","008264","202000021997","0.9962","0.9962","","",""
"2024-03-28","008264","202000021997","1.0076","1.0076","","",""
"2024-03-29","008264","202000021997","1.0181","1.0181","","",""
"2024-04-01","008264","202000021997","1.0321","1.0321","","",""
"2023-04-03","008265","202000021998","1.0911","1.0911","","",""
"2023-04-04","008265","202000021998","1.0904","1.0904","","",""
"2023-04-06","008265","202000021998","1.0884","1.0884","","",""
"2023-04-07","008265","202000021998","1.0939","1.0939","","",""
"2023-04-10","008265","202000021998","1.0862","1.0862","","",""
"2023-04-11","008265","202000021998","1.0787","1.0787","","",""
"2023-04-12","008265","202000021998","1.0784","1.0784","","",""
"2023-04-13","008265","202000021998","1.0733","1.0733","","",""
"2023-04-14","008265","202000021998","1.0800","1.0800","","",""
"2023-04-17","008265","202000021998","1.0920","1.0920","","",""
"2023-04-18","008265","202000021998","1.0928","1.0928","","",""
"2023-04-19","008265","202000021998","1.0830","1.0830","","",""
"2023-04-20","008265","202000021998","1.0880","1.0880","","",""
"2023-04-21","008265","202000021998","1.0688","1.0688","","",""
"2023-04-24","008265","202000021998","1.0589","1.0589","","",""
"2023-04-25","008265","202000021998","1.0531","1.0531","","",""
"2023-04-26","008265","202000021998","1.0494","1.0494","","",""
"2023-04-27","008265","202000021998","1.0517","1.0517","","",""
"2023-04-28","008265","202000021998","1.0624","1.0624","","",""
"2023-05-04","008265","202000021998","1.0620","1.0620","","",""
"2023-05-05","008265","202000021998","1.0530","1.0530","","",""
"2023-05-08","008265","202000021998","1.0541","1.0541","","",""
"2023-05-09","008265","202000021998","1.0350","1.0350","","",""
"2023-05-10","008265","202000021998","1.0284","1.0284","","",""
"2023-05-11","008265","202000021998","1.0213","1.0213","","",""
"2023-05-12","008265","202000021998","1.0103","1.0103","","",""
"2023-05-15","008265","202000021998","1.0197","1.0197","","",""
"2023-05-16","008265","202000021998","1.0122","1.0122","","",""
"2023-05-17","008265","202000021998","1.0070","1.0070","","",""
"2023-05-18","008265","202000021998","1.0143","1.0143","","",""
"2023-05-19","008265","202000021998","1.0181","1.0181","","",""
"2023-05-22","008265","202000021998","1.0212","1.0212","","",""
"2023-05-23","008265","202000021998","1.0102","1.0102","","",""
"2023-05-24","008265","202000021998","1.0036","1.0036","","",""
"2023-05-25","008265","202000021998","1.0020","1.0020","","",""
"2023-05-26","008265","202000021998","1.0072","1.0072","","",""
"2023-05-29","008265","202000021998","1.0075","1.0075","","",""
"2023-05-30","008265","202000021998","1.0129","1.0129","","",""
"2023-05-31","008265","202000021998","1.0041","1.0041","","",""
"2023-06-01","008265","202000021998","1.0065","1.0065","","",""
"2023-06-02","008265","202000021998","1.0151","1.0151","","",""
"2023-06-05","008265","202000021998","1.0154","1.0154","","",""
"2023-06-06","008265","202000021998","1.0027","1.0027","","",""
"2023-06-07","008265","202000021998","0.9994","0.9994","","",""
"2023-06-08","008265","202000021998","0.9948","0.9948","","",""
"2023-06-09","008265","202000021998","1.0087","1.0087","","",""
"2023-06-12","008265","202000021998","1.0109","1.0109","","",""
"2023-06-13","008265","202000021998","1.0161","1.0161","","",""
"2023-06-14","008265","202000021998","1.0242","1.0242","","",""
"2023-06-15","008265","202000021998","1.0373","1.0373","","",""
"2023-06-16","008265","202000021998","1.0562","1.0562","","",""
"2023-06-19","008265","202000021998","1.0583","1.0583","","",""
"2023-06-20","008265","202000021998","1.0621","1.0621","","",""
"2023-06-21","008265","202000021998","1.0439","1.0439","","",""
"2023-06-26","008265","202000021998","1.0180","1.0180","","",""
"2023-06-27","008265","202000021998","1.0286","1.0286","","",""
"2023-06-28","008265","202000021998","1.0276","1.0276","","",""
"2023-06-29","008265","202000021998","1.0355","1.0355","","",""
"2023-06-30","008265","202000021998","1.0419","1.0419","","",""
"2023-07-03","008265","202000021998","1.0454","1.0454","","",""
"2023-07-04","008265","202000021998","1.0463","1.0463","","",""
"2023-07-05","008265","202000021998","1.0296","1.0296","","",""
"2023-07-06","008265","202000021998","1.0220","1.0220","","",""
"2023-07-07","008265","202000021998","1.0185","1.0185","","",""
"2023-07-10","008265","202000021998","1.0162","1.0162","","",""
"2023-07-11","008265","202000021998","1.0280","1.0280","","",""
"2023-07-12","008265","202000021998","1.0166","1.0166","","",""
"2023-07-13","008265","202000021998","1.0299","1.0299","","",""
"2023-07-14","008265","202000021998","1.0342","1.0342","","",""
"2023-07-17","008265","202000021998","1.0321","1.0321","","",""
"2023-07-18","008265","202000021998","1.0271","1.0271","","",""
"2023-07-19","008265","202000021998","1.0253","1.0253","","",""
"2023-07-20","008265","202000021998","1.0048","1.0048","","",""
"2023-07-21","008265","202000021998","1.0042","1.0042","","",""
"2023-07-24","008265","202000021998","1.0025","1.0025","","",""
"2023-07-25","008265","202000021998","1.0173","1.0173","","",""
"2023-07-26","008265","202000021998","1.0053","1.0053","","",""
"2023-07-27","008265","202000021998","1.0019","1.0019","","",""
"2023-07-28","008265","202000021998","1.0101","1.0101","","",""
"2023-07-31","008265","202000021998","1.0126","1.0126","","",""
"2023-08-01","008265","202000021998","1.0149","1.0149","","",""
"2023-08-02","008265","202000021998","1.0139","1.0139","","",""
"2023-08-03","008265","202000021998","1.0129","1.0129","","",""
"2023-08-04","008265","202000021998","1.0206","1.0206","","",""
"2023-08-07","008265","202000021998","1.0183","1.0183","","",""
"2023-08-08","008265","202000021998","1.0123","1.0123","","",""
"2023-08-09","008265","202000021998","1.0040","1.0040","","",""
"2023-08-10","008265","202000021998","1.0009","1.0009","","",""
"2023-08-11","008265","202000021998","0.9864","0.9864","","",""
"2023-08-14","008265","202000021998","0.9852","0.9852","","",""
"2023-08-15","008265","202000021998","0.9799","0.9799","","",""
"2023-08-16","008265","202000021998","0.9730","0.9730","","",""
"2023-08-17","008265","202000021998","0.9833","0.9833","","",""
"2023-08-18","008265","202000021998","0.9675","0.9675","","",""
"2023-08-21","008265","202000021998","0.9602","0.9602","","",""
"2023-08-22","008265","202000021998","0.9691","0.9691","","",""
"2023-08-23","008265","202000021998","0.9538","0.9538","","",""
"2023-08-24","008265","202000021998","0.9636","0.9636","","",""
"2023-08-25","008265","202000021998","0.9528","0.9528","","",""
"2023-08-28","008265","202000021998","0.9575","0.9575","","",""
"2023-08-29","008265","202000021998","0.9789","0.9789","","",""
"2023-08-30","008265","202000021998","0.9856","0.9856","","",""
"2023-08-31","008265","202000021998","0.9826","0.9826","","",""
"2023-09-01","008265","202000021998","0.9853","0.9853","","",""
"2023-09-04","008265","202000021998","0.9953","0.9953","","",""
"2023-09-05","008265","202000021998","0.9867","0.9867","","",""
"2023-09-06","008265","202000021998","0.9843","0.9843","","",""
"2023-09-07","008265","202000021998","0.9740","0.9740","","",""
"2023-09-08","008265","202000021998","0.9710","0.9710","","",""
"2023-09-11","008265","202000021998","0.9771","0.9771","","",""
"2023-09-12","008265","202000021998","0.9735","0.9735","","",""
"2023-09-13","008265","202000021998","0.9676","0.9676","","",""
"2023-09-14","008265","202000021998","0.9672","0.9672","","",""
"2023-09-15","008265","202000021998","0.9630","0.9630","","",""
"2023-09-18","008265","202000021998","0.9665","0.9665","","",""
"2023-09-19","008265","202000021998","0.9664","0.9664","","",""
"2023-09-20","008265","202000021998","0.9650","0.9650","","",""
"2023-09-21","008265","202000021998","0.9564","0.9564","","",""
"2023-09-22","008265","202000021998","0.9683","0.9683","","",""
"2023-09-25","008265","202000021998","0.9664","0.9664","","",""
"2023-09-26","008265","202000021998","0.9665","0.9665","","",""
"2023-09-27","008265","202000021998","0.9724","0.9724","","",""
"2023-09-28","008265","202000021998","0.9720","0.9720","","",""
"2023-10-09","008265","202000021998","0.9668","0.9668","","",""
"2023-10-10","008265","202000021998","0.9588","0.9588","","",""
"2023-10-11","008265","202000021998","0.9574","0.9574","","",""
"2023-10-12","008265","202000021998","0.9606","0.9606","","",""
"2023-10-13","008265","202000021998","0.9534","0.9534","","",""
"2023-10-16","008265","202000021998","0.9470","0.9470","","",""
"2023-10-17","008265","202000021998","0.9498","0.9498","","",""
"2023-10-18","008265","202000021998","0.9419","0.9419","","",""
"2023-10-19","008265","202000021998","0.9221","0.9221","","",""
"2023-10-20","008265","202000021998","0.9140","0.9140","","",""
"2023-10-23","008265","202000021998","0.9056","0.9056","","",""
"2023-10-24","008265","202000021998","0.9094","0.9094","","",""
"2023-10-25","008265","202000021998","0.9135","0.9135","","",""
"2023-10-26","008265","202000021998","0.9187","0.9187","","",""
"2023-10-27","008265","202000021998","0.9293","0.9293","","",""
"2023-10-30","008265","202000021998","0.9312","0.9312","","",""
"2023-10-31","008265","202000021998","0.9245","0.9245","","",""
"2023-11-01","008265","202000021998","0.9264","0.9264","","",""
"2023-11-02","008265","202000021998","0.9224","0.9224","","",""
"2023-11-03","008265","202000021998","0.9289","0.9289","","",""
"2023-11-06","008265","202000021998","0.9307","0.9307","","",""
"2023-11-07","008265","202000021998","0.9271","0.9271","","",""
"2023-11-08","008265","202000021998","0.9268","0.9268","","",""
"2023-11-09","008265","202000021998","0.9267","0.9267","","",""
"2023-11-10","008265","202000021998","0.9241","0.9241","","",""
"2023-11-13","008265","202000021998","0.9234","0.9234","","",""
"2023-11-14","008265","202000021998","0.9231","0.9231","","",""
"2023-11-15","008265","202000021998","0.9318","0.9318","","",""
"2023-11-16","008265","202000021998","0.9245","0.9245","","",""
"2023-11-17","008265","202000021998","0.9318","0.9318","","",""
"2023-11-20","008265","202000021998","0.9340","0.9340","","",""
"2023-11-21","008265","202000021998","0.9339","0.9339","","",""
"2023-11-22","008265","202000021998","0.9236","0.9236","","",""
"2023-11-23","008265","202000021998","0.9353","0.9353","","",""
"2023-11-24","008265","202000021998","0.9282","0.9282","","",""
"2023-11-27","008265","202000021998","0.9320","0.9320","","",""
"2023-11-28","008265","202000021998","0.9349","0.9349","","",""
"2023-11-29","008265","202000021998","0.9329","0.9329","","",""
"2023-11-30","008265","202000021998","0.9327","0.9327","","",""
"2023-12-01","008265","202000021998","0.9294","0.9294","","",""
"2023-12-04","008265","202000021998","0.9274","0.9274","","",""
"2023-12-05","008265","202000021998","0.9125","0.9125","","",""
"2023-12-06","008265","202000021998","0.9134","0.9134","","",""
"2023-12-07","008265","202000021998","0.9132","0.9132","","",""
"2023-12-08","008265","202000021998","0.9185","0.9185","","",""
"2023-12-11","008265","202000021998","0.9301","0.9301","","",""
"2023-12-12","008265","202000021998","0.9300","0.9300","","",""
"2023-12-13","008265","202000021998","0.9228","0.9228","","",""
"2023-12-14","008265","202000021998","0.9182","0.9182","","",""
"2023-12-15","008265","202000021998","0.9119","0.9119","","",""
"2023-12-18","008265","202000021998","0.9121","0.9121","","",""
"2023-12-19","008265","202000021998","0.9133","0.9133","","",""
"2023-12-20","008265","202000021998","0.9042","0.9042","","",""
"2023-12-21","008265","202000021998","0.9097","0.9097","","",""
"2023-12-22","008265","202000021998","0.9072","0.9072","","",""
"2023-12-25","008265","202000021998","0.9132","0.9132","","",""
"2023-12-26","008265","202000021998","0.9066","0.9066","","",""
"2023-12-27","008265","202000021998","0.9149","0.9149","","",""
"2023-12-28","008265","202000021998","0.9188","0.9188","","",""
"2023-12-29","008265","202000021998","0.9318","0.9318","","",""
"2023-12-31","008265","202000021998","0.9317","0.9317","","",""
"2024-01-02","008265","202000021998","0.9292","0.9292","","",""
"2024-01-03","008265","202000021998","0.9248","0.9248","","",""
"2024-01-04","008265","202000021998","0.9228","0.9228","","",""
"2024-01-05","008265","202000021998","0.9151","0.9151","","",""
"2024-01-08","008265","202000021998","0.9036","0.9036","","",""
"2024-01-09","008265","202000021998","0.9066","0.9066","","",""
"2024-01-10","008265","202000021998","0.9010","0.9010","","",""
"2024-01-11","008265","202000021998","0.9058","0.9058","","",""
"2024-01-12","008265","202000021998","0.9062","0.9062","","",""
"2024-01-15","008265","202000021998","0.9088","0.9088","","",""
"2024-01-16","008265","202000021998","0.9104","0.9104","","",""
"2024-01-17","008265","202000021998","0.8945","0.8945","","",""
"2024-01-18","008265","202000021998","0.8988","0.8988","","",""
"2024-01-19","008265","202000021998","0.8902","0.8902","","",""
"2024-01-22","008265","202000021998","0.8641","0.8641","","",""
"2024-01-23","008265","202000021998","0.8761","0.8761","","",""
"2024-01-24","008265","202000021998","0.8876","0.8876","","",""
"2024-01-25","008265","202000021998","0.9042","0.9042","","",""
"2024-01-26","008265","202000021998","0.8996","0.8996","","",""
"2024-01-29","008265","202000021998","0.8866","0.8866","","",""
"2024-01-30","008265","202000021998","0.8729","0.8729","","",""
"2024-01-31","008265","202000021998","0.8644","0.8644","","",""
"2024-02-01","008265","202000021998","0.8686","0.8686","","",""
"2024-02-02","008265","202000021998","0.8627","0.8627","","",""
"2024-02-05","008265","202000021998","0.8618","0.8618","","",""
"2024-02-06","008265","202000021998","0.8990","0.8990","","",""
"2024-02-07","008265","202000021998","0.9219","0.9219","","",""
"2024-02-08","008265","202000021998","0.9261","0.9261","","",""
"2024-02-19","008265","202000021998","0.9433","0.9433","","",""
"2024-02-20","008265","202000021998","0.9507","0.9507","","",""
"2024-02-21","008265","202000021998","0.9484","0.9484","","",""
"2024-02-22","008265","202000021998","0.9622","0.9622","","",""
"2024-02-23","008265","202000021998","0.9590","0.9590","","",""
"2024-02-26","008265","202000021998","0.9625","0.9625","","",""
"2024-02-27","008265","202000021998","0.9753","0.9753","","",""
"2024-02-28","008265","202000021998","0.9568","0.9568","","",""
"2024-02-29","008265","202000021998","0.9804","0.9804","","",""
"2024-03-01","008265","202000021998","0.9847","0.9847","","",""
"2024-03-04","008265","202000021998","1.0002","1.0002","","",""
"2024-03-05","008265","202000021998","0.9984","0.9984","","",""
"2024-03-06","008265","202000021998","1.0000","1.0000","","",""
"2024-03-07","008265","202000021998","0.9963","0.9963","","",""
"2024-03-08","008265","202000021998","1.0069","1.0069","","",""
"2024-03-11","008265","202000021998","1.0043","1.0043","","",""
"2024-03-12","008265","202000021998","0.9932","0.9932","","",""
"2024-03-13","008265","202000021998","0.9930","0.9930","","",""
"2024-03-14","008265","202000021998","0.9947","0.9947","","",""
"2024-03-15","008265","202000021998","0.9983","0.9983","","",""
"2024-03-18","008265","202000021998","1.0003","1.0003","","",""
"2024-03-19","008265","202000021998","0.9905","0.9905","","",""
"2024-03-20","008265","202000021998","0.9892","0.9892","","",""
"2024-03-21","008265","202000021998","0.9854","0.9854","","",""
"2024-03-22","008265","202000021998","0.9815","0.9815","","",""
"2024-03-25","008265","202000021998","0.9821","0.9821","","",""
"2024-03-26","008265","202000021998","0.9806","0.9806","","",""
"2024-03-27","008265","202000021998","0.9710","0.9710","","",""
"2024-03-28","008265","202000021998","0.9820","0.9820","","",""
"2024-03-29","008265","202000021998","0.9923","0.9923","","",""
"2024-04-01","008265","202000021998","1.0059","1.0059","","",""
"2023-04-03","009246","202000023518","0.9101","0.9101","","",""
"2023-04-04","009246","202000023518","0.9052","0.9052","","",""
"2023-04-06","009246","202000023518","0.9084","0.9084","","",""
"2023-04-07","009246","202000023518","0.9184","0.9184","","",""
"2023-04-10","009246","202000023518","0.9139","0.9139","","",""
"2023-04-11","009246","202000023518","0.9060","0.9060","","",""
"2023-04-12","009246","202000023518","0.9059","0.9059","","",""
"2023-04-13","009246","202000023518","0.9025","0.9025","","",""
"2023-04-14","009246","202000023518","0.9080","0.9080","","",""
"2023-04-17","009246","202000023518","0.9123","0.9123","","",""
"2023-04-18","009246","202000023518","0.9088","0.9088","","",""
"2023-04-19","009246","202000023518","0.9011","0.9011","","",""
"2023-04-20","009246","202000023518","0.8981","0.8981","","",""
"2023-04-21","009246","202000023518","0.8809","0.8809","","",""
"2023-04-24","009246","202000023518","0.8709","0.8709","","",""
"2023-04-25","009246","202000023518","0.8664","0.8664","","",""
"2023-04-26","009246","202000023518","0.8669","0.8669","","",""
"2023-04-27","009246","202000023518","0.8720","0.8720","","",""
"2023-04-28","009246","202000023518","0.8789","0.8789","","",""
"2023-05-04","009246","202000023518","0.8794","0.8794","","",""
"2023-05-05","009246","202000023518","0.8740","0.8740","","",""
"2023-05-08","009246","202000023518","0.8801","0.8801","","",""
"2023-05-09","009246","202000023518","0.8709","0.8709","","",""
"2023-05-10","009246","202000023518","0.8694","0.8694","","",""
"2023-05-11","009246","202000023518","0.8669","0.8669","","",""
"2023-05-12","009246","202000023518","0.8599","0.8599","","",""
"2023-05-15","009246","202000023518","0.8667","0.8667","","",""
"2023-05-16","009246","202000023518","0.8609","0.8609","","",""
"2023-05-17","009246","202000023518","0.8594","0.8594","","",""
"2023-05-18","009246","202000023518","0.8588","0.8588","","",""
"2023-05-19","009246","202000023518","0.8590","0.8590","","",""
"2023-05-22","009246","202000023518","0.8639","0.8639","","",""
"2023-05-23","009246","202000023518","0.8565","0.8565","","",""
"2023-05-24","009246","202000023518","0.8490","0.8490","","",""
"2023-05-25","009246","202000023518","0.8459","0.8459","","",""
"2023-05-26","009246","202000023518","0.8476","0.8476","","",""
"2023-05-29","009246","202000023518","0.8466","0.8466","","",""
"2023-05-30","009246","202000023518","0.8468","0.8468","","",""
"2023-05-31","009246","202000023518","0.8418","0.8418","","",""
"2023-06-01","009246","202000023518","0.8440","0.8440","","",""
"2023-06-02","009246","202000023518","0.8509","0.8509","","",""
"2023-06-05","009246","202000023518","0.8495","0.8495","","",""
"2023-06-06","009246","202000023518","0.8386","0.8386","","",""
"2023-06-07","009246","202000023518","0.8359","0.8359","","",""
"2023-06-08","009246","202000023518","0.8363","0.8363","","",""
"2023-06-09","009246","202000023518","0.8444","0.8444","","",""
"2023-06-12","009246","202000023518","0.8461","0.8461","","",""
"2023-06-13","009246","202000023518","0.8470","0.8470","","",""
"2023-06-14","009246","202000023518","0.8494","0.8494","","",""
"2023-06-15","009246","202000023518","0.8570","0.8570","","",""
"2023-06-16","009246","202000023518","0.8634","0.8634","","",""
"2023-06-19","009246","202000023518","0.8623","0.8623","","",""
"2023-06-20","009246","202000023518","0.8614","0.8614","","",""
"2023-06-21","009246","202000023518","0.8487","0.8487","","",""
"2023-06-26","009246","202000023518","0.8390","0.8390","","",""
"2023-06-27","009246","202000023518","0.8467","0.8467","","",""
"2023-06-28","009246","202000023518","0.8484","0.8484","","",""
"2023-06-29","009246","202000023518","0.8539","0.8539","","",""
"2023-06-30","009246","202000023518","0.8613","0.8613","","",""
"2023-07-03","009246","202000023518","0.8625","0.8625","","",""
"2023-07-04","009246","202000023518","0.8650","0.8650","","",""
"2023-07-05","009246","202000023518","0.8593","0.8593","","",""
"2023-07-06","009246","202000023518","0.8542","0.8542","","",""
"2023-07-07","009246","202000023518","0.8481","0.8481","","",""
"2023-07-10","009246","202000023518","0.8490","0.8490","","",""
"2023-07-11","009246","202000023518","0.8571","0.8571","","",""
"2023-07-12","009246","202000023518","0.8533","0.8533","","",""
"2023-07-13","009246","202000023518","0.8595","0.8595","","",""
"2023-07-14","009246","202000023518","0.8576","0.8576","","",""
"2023-07-17","009246","202000023518","0.8526","0.8526","","",""
"2023-07-18","009246","202000023518","0.8510","0.8510","","",""
"2023-07-19","009246","202000023518","0.8471","0.8471","","",""
"2023-07-20","009246","202000023518","0.8399","0.8399","","",""
"2023-07-21","009246","202000023518","0.8361","0.8361","","",""
"2023-07-24","009246","202000023518","0.8333","0.8333","","",""
"2023-07-25","009246","202000023518","0.8490","0.8490","","",""
"2023-07-26","009246","202000023518","0.8438","0.8438","","",""
"2023-07-27","009246","202000023518","0.8389","0.8389","","",""
"2023-07-28","009246","202000023518","0.8509","0.8509","","",""
"2023-07-31","009246","202000023518","0.8548","0.8548","","",""
"2023-08-01","009246","202000023518","0.8514","0.8514","","",""
"2023-08-02","009246","202000023518","0.8481","0.8481","","",""
"2023-08-03","009246","202000023518","0.8508","0.8508","","",""
"2023-08-04","009246","202000023518","0.8539","0.8539","","",""
"2023-08-07","009246","202000023518","0.8481","0.8481","","",""
"2023-08-08","009246","202000023518","0.8449","0.8449","","",""
"2023-08-09","009246","202000023518","0.8404","0.8404","","",""
"2023-08-10","009246","202000023518","0.8413","0.8413","","",""
"2023-08-11","009246","202000023518","0.8263","0.8263","","",""
"2023-08-14","009246","202000023518","0.8236","0.8236","","",""
"2023-08-15","009246","202000023518","0.8192","0.8192","","",""
"2023-08-16","009246","202000023518","0.8132","0.8132","","",""
"2023-08-17","009246","202000023518","0.8199","0.8199","","",""
"2023-08-18","009246","202000023518","0.8093","0.8093","","",""
"2023-08-21","009246","202000023518","0.8013","0.8013","","",""
"2023-08-22","009246","202000023518","0.8058","0.8058","","",""
"2023-08-23","009246","202000023518","0.7926","0.7926","","",""
"2023-08-24","009246","202000023518","0.7982","0.7982","","",""
"2023-08-25","009246","202000023518","0.7908","0.7908","","",""
"2023-08-28","009246","202000023518","0.7960","0.7960","","",""
"2023-08-29","009246","202000023518","0.8127","0.8127","","",""
"2023-08-30","009246","202000023518","0.8153","0.8153","","",""
"2023-08-31","009246","202000023518","0.8113","0.8113","","",""
"2023-09-01","009246","202000023518","0.8145","0.8145","","",""
"2023-09-04","009246","202000023518","0.8232","0.8232","","",""
"2023-09-05","009246","202000023518","0.8176","0.8176","","",""
"2023-09-06","009246","202000023518","0.8169","0.8169","","",""
"2023-09-07","009246","202000023518","0.8063","0.8063","","",""
"2023-09-08","009246","202000023518","0.8044","0.8044","","",""
"2023-09-11","009246","202000023518","0.8138","0.8138","","",""
"2023-09-12","009246","202000023518","0.8139","0.8139","","",""
"2023-09-13","009246","202000023518","0.8073","0.8073","","",""
"2023-09-14","009246","202000023518","0.8061","0.8061","","",""
"2023-09-15","009246","202000023518","0.8031","0.8031","","",""
"2023-09-18","009246","202000023518","0.8066","0.8066","","",""
"2023-09-19","009246","202000023518","0.8044","0.8044","","",""
"2023-09-20","009246","202000023518","0.8012","0.8012","","",""
"2023-09-21","009246","202000023518","0.7957","0.7957","","",""
"2023-09-22","009246","202000023518","0.8082","0.8082","","",""
"2023-09-25","009246","202000023518","0.8053","0.8053","","",""
"2023-09-26","009246","202000023518","0.8024","0.8024","","",""
"2023-09-27","009246","202000023518","0.8055","0.8055","","",""
"2023-09-28","009246","202000023518","0.8070","0.8070","","",""
"2023-10-09","009246","202000023518","0.8055","0.8055","","",""
"2023-10-10","009246","202000023518","0.7973","0.7973","","",""
"2023-10-11","009246","202000023518","0.7976","0.7976","","",""
"2023-10-12","009246","202000023518","0.8026","0.8026","","",""
"2023-10-13","009246","202000023518","0.7971","0.7971","","",""
"2023-10-16","009246","202000023518","0.7919","0.7919","","",""
"2023-10-17","009246","202000023518","0.7926","0.7926","","",""
"2023-10-18","009246","202000023518","0.7845","0.7845","","",""
"2023-10-19","009246","202000023518","0.7705","0.7705","","",""
"2023-10-20","009246","202000023518","0.7629","0.7629","","",""
"2023-10-23","009246","202000023518","0.7509","0.7509","","",""
"2023-10-24","009246","202000023518","0.7569","0.7569","","",""
"2023-10-25","009246","202000023518","0.7612","0.7612","","",""
"2023-10-26","009246","202000023518","0.7652","0.7652","","",""
"2023-10-27","009246","202000023518","0.7752","0.7752","","",""
"2023-10-30","009246","202000023518","0.7787","0.7787","","",""
"2023-10-31","009246","202000023518","0.7744","0.7744","","",""
"2023-11-01","009246","202000023518","0.7740","0.7740","","",""
"2023-11-02","009246","202000023518","0.7699","0.7699","","",""
"2023-11-03","009246","202000023518","0.7764","0.7764","","",""
"2023-11-06","009246","202000023518","0.7868","0.7868","","",""
"2023-11-07","009246","202000023518","0.7855","0.7855","","",""
"2023-11-08","009246","202000023518","0.7840","0.7840","","",""
"2023-11-09","009246","202000023518","0.7831","0.7831","","",""
"2023-11-10","009246","202000023518","0.7804","0.7804","","",""
"2023-11-13","009246","202000023518","0.7814","0.7814","","",""
"2023-11-14","009246","202000023518","0.7816","0.7816","","",""
"2023-11-15","009246","202000023518","0.7875","0.7875","","",""
"2023-11-16","009246","202000023518","0.7814","0.7814","","",""
"2023-11-17","009246","202000023518","0.7838","0.7838","","",""
"2023-11-20","009246","202000023518","0.7854","0.7854","","",""
"2023-11-21","009246","202000023518","0.7839","0.7839","","",""
"2023-11-22","009246","202000023518","0.7757","0.7757","","",""
"2023-11-23","009246","202000023518","0.7835","0.7835","","",""
"2023-11-24","009246","202000023518","0.7776","0.7776","","",""
"2023-11-27","009246","202000023518","0.7752","0.7752","","",""
"2023-11-28","009246","202000023518","0.7780","0.7780","","",""
"2023-11-29","009246","202000023518","0.7726","0.7726","","",""
"2023-11-30","009246","202000023518","0.7730","0.7730","","",""
"2023-12-01","009246","202000023518","0.7729","0.7729","","",""
"2023-12-04","009246","202000023518","0.7705","0.7705","","",""
"2023-12-05","009246","202000023518","0.7589","0.7589","","",""
"2023-12-06","009246","202000023518","0.7593","0.7593","","",""
"2023-12-07","009246","202000023518","0.7584","0.7584","","",""
"2023-12-08","009246","202000023518","0.7598","0.7598","","",""
"2023-12-11","009246","202000023518","0.7670","0.7670","","",""
"2023-12-12","009246","202000023518","0.7696","0.7696","","",""
"2023-12-13","009246","202000023518","0.7634","0.7634","","",""
"2023-12-14","009246","202000023518","0.7613","0.7613","","",""
"2023-12-15","009246","202000023518","0.7555","0.7555","","",""
"2023-12-18","009246","202000023518","0.7514","0.7514","","",""
"2023-12-19","009246","202000023518","0.7526","0.7526","","",""
"2023-12-20","009246","202000023518","0.7465","0.7465","","",""
"2023-12-21","009246","202000023518","0.7504","0.7504","","",""
"2023-12-22","009246","202000023518","0.7479","0.7479","","",""
"2023-12-25","009246","202000023518","0.7490","0.7490","","",""
"2023-12-26","009246","202000023518","0.7431","0.7431","","",""
"2023-12-27","009246","202000023518","0.7485","0.7485","","",""
"2023-12-28","009246","202000023518","0.7580","0.7580","","",""
"2023-12-29","009246","202000023518","0.7650","0.7650","","",""
"2023-12-31","009246","202000023518","0.7650","0.7650","","",""
"2024-01-02","009246","202000023518","0.7633","0.7633","","",""
"2024-01-03","009246","202000023518","0.7640","0.7640","","",""
"2024-01-04","009246","202000023518","0.7610","0.7610","","",""
"2024-01-05","009246","202000023518","0.7544","0.7544","","",""
"2024-01-08","009246","202000023518","0.7443","0.7443","","",""
"2024-01-09","009246","202000023518","0.7459","0.7459","","",""
"2024-01-10","009246","202000023518","0.7420","0.7420","","",""
"2024-01-11","009246","202000023518","0.7454","0.7454","","",""
"2024-01-12","009246","202000023518","0.7454","0.7454","","",""
"2024-01-15","009246","202000023518","0.7472","0.7472","","",""
"2024-01-16","009246","202000023518","0.7490","0.7490","","",""
"2024-01-17","009246","202000023518","0.7356","0.7356","","",""
"2024-01-18","009246","202000023518","0.7374","0.7374","","",""
"2024-01-19","009246","202000023518","0.7336","0.7336","","",""
"2024-01-22","009246","202000023518","0.7094","0.7094","","",""
"2024-01-23","009246","202000023518","0.7146","0.7146","","",""
"2024-01-24","009246","202000023518","0.7235","0.7235","","",""
"2024-01-25","009246","202000023518","0.7411","0.7411","","",""
"2024-01-26","009246","202000023518","0.7402","0.7402","","",""
"2024-01-29","009246","202000023518","0.7327","0.7327","","",""
"2024-01-30","009246","202000023518","0.7194","0.7194","","",""
"2024-01-31","009246","202000023518","0.7096","0.7096","","",""
"2024-02-01","009246","202000023518","0.7072","0.7072","","",""
"2024-02-02","009246","202000023518","0.6969","0.6969","","",""
"2024-02-05","009246","202000023518","0.6914","0.6914","","",""
"2024-02-06","009246","202000023518","0.7205","0.7205","","",""
"2024-02-07","009246","202000023518","0.7392","0.7392","","",""
"2024-02-08","009246","202000023518","0.7465","0.7465","","",""
"2024-02-19","009246","202000023518","0.7539","0.7539","","",""
"2024-02-20","009246","202000023518","0.7567","0.7567","","",""
"2024-02-21","009246","202000023518","0.7602","0.7602","","",""
"2024-02-22","009246","202000023518","0.7675","0.7675","","",""
"2024-02-23","009246","202000023518","0.7683","0.7683","","",""
"2024-02-26","009246","202000023518","0.7659","0.7659","","",""
"2024-02-27","009246","202000023518","0.7757","0.7757","","",""
"2024-02-28","009246","202000023518","0.7623","0.7623","","",""
"2024-02-29","009246","202000023518","0.7802","0.7802","","",""
"2024-03-01","009246","202000023518","0.7833","0.7833","","",""
"2024-03-04","009246","202000023518","0.7896","0.7896","","",""
"2024-03-05","009246","202000023518","0.7888","0.7888","","",""
"2024-03-06","009246","202000023518","0.7892","0.7892","","",""
"2024-03-07","009246","202000023518","0.7846","0.7846","","",""
"2024-03-08","009246","202000023518","0.7936","0.7936","","",""
"2024-03-11","009246","202000023518","0.8008","0.8008","","",""
"2024-03-12","009246","202000023518","0.7976","0.7976","","",""
"2024-03-13","009246","202000023518","0.7967","0.7967","","",""
"2024-03-14","009246","202000023518","0.7951","0.7951","","",""
"2024-03-15","009246","202000023518","0.7992","0.7992","","",""
"2024-03-18","009246","202000023518","0.8070","0.8070","","",""
"2024-03-19","009246","202000023518","0.8020","0.8020","","",""
"2024-03-20","009246","202000023518","0.8049","0.8049","","",""
"2024-03-21","009246","202000023518","0.8027","0.8027","","",""
"2024-03-22","009246","202000023518","0.7962","0.7962","","",""
"2024-03-25","009246","202000023518","0.7899","0.7899","","",""
"2024-03-26","009246","202000023518","0.7911","0.7911","","",""
"2024-03-27","009246","202000023518","0.7776","0.7776","","",""
"2024-03-28","009246","202000023518","0.7868","0.7868","","",""
"2024-03-29","009246","202000023518","0.7956","0.7956","","",""
"2024-04-01","009246","202000023518","0.8077","0.8077","","",""
"2023-04-03","009630","202000025353","0.8019","0.8019","","",""
"2023-04-04","009630","202000025353","0.8014","0.8014","","",""
"2023-04-06","009630","202000025353","0.8054","0.8054","","",""
"2023-04-07","009630","202000025353","0.8137","0.8137","","",""
"2023-04-10","009630","202000025353","0.8132","0.8132","","",""
"2023-04-11","009630","202000025353","0.8093","0.8093","","",""
"2023-04-12","009630","202000025353","0.8040","0.8040","","",""
"2023-04-13","009630","202000025353","0.8040","0.8040","","",""
"2023-04-14","009630","202000025353","0.8061","0.8061","","",""
"2023-04-17","009630","202000025353","0.8134","0.8134","","",""
"2023-04-18","009630","202000025353","0.8092","0.8092","","",""
"2023-04-19","009630","202000025353","0.8000","0.8000","","",""
"2023-04-20","009630","202000025353","0.7924","0.7924","","",""
"2023-04-21","009630","202000025353","0.7767","0.7767","","",""
"2023-04-24","009630","202000025353","0.7703","0.7703","","",""
"2023-04-25","009630","202000025353","0.7536","0.7536","","",""
"2023-04-26","009630","202000025353","0.7633","0.7633","","",""
"2023-04-27","009630","202000025353","0.7667","0.7667","","",""
"2023-04-28","009630","202000025353","0.7615","0.7615","","",""
"2023-05-04","009630","202000025353","0.7611","0.7611","","",""
"2023-05-05","009630","202000025353","0.7588","0.7588","","",""
"2023-05-08","009630","202000025353","0.7583","0.7583","","",""
"2023-05-09","009630","202000025353","0.7468","0.7468","","",""
"2023-05-10","009630","202000025353","0.7481","0.7481","","",""
"2023-05-11","009630","202000025353","0.7453","0.7453","","",""
"2023-05-12","009630","202000025353","0.7394","0.7394","","",""
"2023-05-15","009630","202000025353","0.7516","0.7516","","",""
"2023-05-16","009630","202000025353","0.7534","0.7534","","",""
"2023-05-17","009630","202000025353","0.7451","0.7451","","",""
"2023-05-18","009630","202000025353","0.7474","0.7474","","",""
"2023-05-19","009630","202000025353","0.7511","0.7511","","",""
"2023-05-22","009630","202000025353","0.7609","0.7609","","",""
"2023-05-23","009630","202000025353","0.7571","0.7571","","",""
"2023-05-24","009630","202000025353","0.7523","0.7523","","",""
"2023-05-25","009630","202000025353","0.7450","0.7450","","",""
"2023-05-26","009630","202000025353","0.7475","0.7475","","",""
"2023-05-29","009630","202000025353","0.7325","0.7325","","",""
"2023-05-30","009630","202000025353","0.7346","0.7346","","",""
"2023-05-31","009630","202000025353","0.7246","0.7246","","",""
"2023-06-01","009630","202000025353","0.7242","0.7242","","",""
"2023-06-02","009630","202000025353","0.7392","0.7392","","",""
"2023-06-05","009630","202000025353","0.7386","0.7386","","",""
"2023-06-06","009630","202000025353","0.7322","0.7322","","",""
"2023-06-07","009630","202000025353","0.7304","0.7304","","",""
"2023-06-08","009630","202000025353","0.7317","0.7317","","",""
"2023-06-09","009630","202000025353","0.7369","0.7369","","",""
"2023-06-12","009630","202000025353","0.7388","0.7388","","",""
"2023-06-13","009630","202000025353","0.7415","0.7415","","",""
"2023-06-14","009630","202000025353","0.7436","0.7436","","",""
"2023-06-15","009630","202000025353","0.7598","0.7598","","",""
"2023-06-16","009630","202000025353","0.7639","0.7639","","",""
"2023-06-19","009630","202000025353","0.7616","0.7616","","",""
"2023-06-20","009630","202000025353","0.7582","0.7582","","",""
"2023-06-21","009630","202000025353","0.7427","0.7427","","",""
"2023-06-26","009630","202000025353","0.7342","0.7342","","",""
"2023-06-27","009630","202000025353","0.7423","0.7423","","",""
"2023-06-28","009630","202000025353","0.7409","0.7409","","",""
"2023-06-29","009630","202000025353","0.7365","0.7365","","",""
"2023-06-30","009630","202000025353","0.7392","0.7392","","",""
"2023-07-03","009630","202000025353","0.7463","0.7463","","",""
"2023-07-04","009630","202000025353","0.7527","0.7527","","",""
"2023-07-05","009630","202000025353","0.7464","0.7464","","",""
"2023-07-06","009630","202000025353","0.7400","0.7400","","",""
"2023-07-07","009630","202000025353","0.7364","0.7364","","",""
"2023-07-10","009630","202000025353","0.7407","0.7407","","",""
"2023-07-11","009630","202000025353","0.7469","0.7469","","",""
"2023-07-12","009630","202000025353","0.7506","0.7506","","",""
"2023-07-13","009630","202000025353","0.7597","0.7597","","",""
"2023-07-14","009630","202000025353","0.7596","0.7596","","",""
"2023-07-17","009630","202000025353","0.7549","0.7549","","",""
"2023-07-18","009630","202000025353","0.7502","0.7502","","",""
"2023-07-19","009630","202000025353","0.7489","0.7489","","",""
"2023-07-20","009630","202000025353","0.7454","0.7454","","",""
"2023-07-21","009630","202000025353","0.7465","0.7465","","",""
"2023-07-24","009630","202000025353","0.7416","0.7416","","",""
"2023-07-25","009630","202000025353","0.7594","0.7594","","",""
"2023-07-26","009630","202000025353","0.7572","0.7572","","",""
"2023-07-27","009630","202000025353","0.7570","0.7570","","",""
"2023-07-28","009630","202000025353","0.7674","0.7674","","",""
"2023-07-31","009630","202000025353","0.7746","0.7746","","",""
"2023-08-01","009630","202000025353","0.7780","0.7780","","",""
"2023-08-02","009630","202000025353","0.7686","0.7686","","",""
"2023-08-03","009630","202000025353","0.7704","0.7704","","",""
"2023-08-04","009630","202000025353","0.7748","0.7748","","",""
"2023-08-07","009630","202000025353","0.7705","0.7705","","",""
"2023-08-08","009630","202000025353","0.7655","0.7655","","",""
"2023-08-09","009630","202000025353","0.7673","0.7673","","",""
"2023-08-10","009630","202000025353","0.7706","0.7706","","",""
"2023-08-11","009630","202000025353","0.7609","0.7609","","",""
"2023-08-14","009630","202000025353","0.7578","0.7578","","",""
"2023-08-15","009630","202000025353","0.7534","0.7534","","",""
"2023-08-16","009630","202000025353","0.7457","0.7457","","",""
"2023-08-17","009630","202000025353","0.7494","0.7494","","",""
"2023-08-18","009630","202000025353","0.7384","0.7384","","",""
"2023-08-21","009630","202000025353","0.7301","0.7301","","",""
"2023-08-22","009630","202000025353","0.7361","0.7361","","",""
"2023-08-23","009630","202000025353","0.7301","0.7301","","",""
"2023-08-24","009630","202000025353","0.7394","0.7394","","",""
"2023-08-25","009630","202000025353","0.7305","0.7305","","",""
"2023-08-28","009630","202000025353","0.7335","0.7335","","",""
"2023-08-29","009630","202000025353","0.7452","0.7452","","",""
"2023-08-30","009630","202000025353","0.7453","0.7453","","",""
"2023-08-31","009630","202000025353","0.7394","0.7394","","",""
"2023-09-01","009630","202000025353","0.7389","0.7389","","",""
"2023-09-04","009630","202000025353","0.7474","0.7474","","",""
"2023-09-05","009630","202000025353","0.7425","0.7425","","",""
"2023-09-06","009630","202000025353","0.7402","0.7402","","",""
"2023-09-07","009630","202000025353","0.7297","0.7297","","",""
"2023-09-08","009630","202000025353","0.7293","0.7293","","",""
"2023-09-11","009630","202000025353","0.7338","0.7338","","",""
"2023-09-12","009630","202000025353","0.7327","0.7327","","",""
"2023-09-13","009630","202000025353","0.7275","0.7275","","",""
"2023-09-14","009630","202000025353","0.7294","0.7294","","",""
"2023-09-15","009630","202000025353","0.7301","0.7301","","",""
"2023-09-18","009630","202000025353","0.7282","0.7282","","",""
"2023-09-19","009630","202000025353","0.7276","0.7276","","",""
"2023-09-20","009630","202000025353","0.7232","0.7232","","",""
"2023-09-21","009630","202000025353","0.7176","0.7176","","",""
"2023-09-22","009630","202000025353","0.7268","0.7268","","",""
"2023-09-25","009630","202000025353","0.7217","0.7217","","",""
"2023-09-26","009630","202000025353","0.7169","0.7169","","",""
"2023-09-27","009630","202000025353","0.7245","0.7245","","",""
"2023-09-28","009630","202000025353","0.7203","0.7203","","",""
"2023-10-09","009630","202000025353","0.7195","0.7195","","",""
"2023-10-10","009630","202000025353","0.7188","0.7188","","",""
"2023-10-11","009630","202000025353","0.7282","0.7282","","",""
"2023-10-12","009630","202000025353","0.7322","0.7322","","",""
"2023-10-13","009630","202000025353","0.7294","0.7294","","",""
"2023-10-16","009630","202000025353","0.7229","0.7229","","",""
"2023-10-17","009630","202000025353","0.7253","0.7253","","",""
"2023-10-18","009630","202000025353","0.7200","0.7200","","",""
"2023-10-19","009630","202000025353","0.7090","0.7090","","",""
"2023-10-20","009630","202000025353","0.7018","0.7018","","",""
"2023-10-23","009630","202000025353","0.6973","0.6973","","",""
"2023-10-24","009630","202000025353","0.6969","0.6969","","",""
"2023-10-25","009630","202000025353","0.6980","0.6980","","",""
"2023-10-26","009630","202000025353","0.7025","0.7025","","",""
"2023-10-27","009630","202000025353","0.7159","0.7159","","",""
"2023-10-30","009630","202000025353","0.7207","0.7207","","",""
"2023-10-31","009630","202000025353","0.7152","0.7152","","",""
"2023-11-01","009630","202000025353","0.7115","0.7115","","",""
"2023-11-02","009630","202000025353","0.7101","0.7101","","",""
"2023-11-03","009630","202000025353","0.7218","0.7218","","",""
"2023-11-06","009630","202000025353","0.7320","0.7320","","",""
"2023-11-07","009630","202000025353","0.7285","0.7285","","",""
"2023-11-08","009630","202000025353","0.7252","0.7252","","",""
"2023-11-09","009630","202000025353","0.7252","0.7252","","",""
"2023-11-10","009630","202000025353","0.7232","0.7232","","",""
"2023-11-13","009630","202000025353","0.7279","0.7279","","",""
"2023-11-14","009630","202000025353","0.7262","0.7262","","",""
"2023-11-15","009630","202000025353","0.7371","0.7371","","",""
"2023-11-16","009630","202000025353","0.7289","0.7289","","",""
"2023-11-17","009630","202000025353","0.7234","0.7234","","",""
"2023-11-20","009630","202000025353","0.7325","0.7325","","",""
"2023-11-21","009630","202000025353","0.7308","0.7308","","",""
"2023-11-22","009630","202000025353","0.7245","0.7245","","",""
"2023-11-23","009630","202000025353","0.7298","0.7298","","",""
"2023-11-24","009630","202000025353","0.7224","0.7224","","",""
"2023-11-27","009630","202000025353","0.7220","0.7220","","",""
"2023-11-28","009630","202000025353","0.7183","0.7183","","",""
"2023-11-29","009630","202000025353","0.7088","0.7088","","",""
"2023-11-30","009630","202000025353","0.7110","0.7110","","",""
"2023-12-01","009630","202000025353","0.7050","0.7050","","",""
"2023-12-04","009630","202000025353","0.6980","0.6980","","",""
"2023-12-05","009630","202000025353","0.6856","0.6856","","",""
"2023-12-06","009630","202000025353","0.6859","0.6859","","",""
"2023-12-07","009630","202000025353","0.6807","0.6807","","",""
"2023-12-08","009630","202000025353","0.6803","0.6803","","",""
"2023-12-11","009630","202000025353","0.6829","0.6829","","",""
"2023-12-12","009630","202000025353","0.6841","0.6841","","",""
"2023-12-13","009630","202000025353","0.6722","0.6722","","",""
"2023-12-14","009630","202000025353","0.6736","0.6736","","",""
"2023-12-15","009630","202000025353","0.6742","0.6742","","",""
"2023-12-18","009630","202000025353","0.6690","0.6690","","",""
"2023-12-19","009630","202000025353","0.6657","0.6657","","",""
"2023-12-20","009630","202000025353","0.6631","0.6631","","",""
"2023-12-21","009630","202000025353","0.6649","0.6649","","",""
"2023-12-22","009630","202000025353","0.6571","0.6571","","",""
"2023-12-25","009630","202000025353","0.6603","0.6603","","",""
"2023-12-26","009630","202000025353","0.6578","0.6578","","",""
"2023-12-27","009630","202000025353","0.6649","0.6649","","",""
"2023-12-28","009630","202000025353","0.6777","0.6777","","",""
"2023-12-29","009630","202000025353","0.6812","0.6812","","",""
"2023-12-31","009630","202000025353","0.6811","0.6811","","",""
"2024-01-02","009630","202000025353","0.6767","0.6767","","",""
"2024-01-03","009630","202000025353","0.6723","0.6723","","",""
"2024-01-04","009630","202000025353","0.6697","0.6697","","",""
"2024-01-05","009630","202000025353","0.6672","0.6672","","",""
"2024-01-08","009630","202000025353","0.6566","0.6566","","",""
"2024-01-09","009630","202000025353","0.6536","0.6536","","",""
"2024-01-10","009630","202000025353","0.6516","0.6516","","",""
"2024-01-11","009630","202000025353","0.6558","0.6558","","",""
"2024-01-12","009630","202000025353","0.6561","0.6561","","",""
"2024-01-15","009630","202000025353","0.6568","0.6568","","",""
"2024-01-16","009630","202000025353","0.6539","0.6539","","",""
"2024-01-17","009630","202000025353","0.6378","0.6378","","",""
"2024-01-18","009630","202000025353","0.6441","0.6441","","",""
"2024-01-19","009630","202000025353","0.6413","0.6413","","",""
"2024-01-22","009630","202000025353","0.6247","0.6247","","",""
"2024-01-23","009630","202000025353","0.6300","0.6300","","",""
"2024-01-24","009630","202000025353","0.6394","0.6394","","",""
"2024-01-25","009630","202000025353","0.6520","0.6520","","",""
"2024-01-26","009630","202000025353","0.6430","0.6430","","",""
"2024-01-29","009630","202000025353","0.6367","0.6367","","",""
"2024-01-30","009630","202000025353","0.6250","0.6250","","",""
"2024-01-31","009630","202000025353","0.6156","0.6156","","",""
"2024-02-01","009630","202000025353","0.6172","0.6172","","",""
"2024-02-02","009630","202000025353","0.6074","0.6074","","",""
"2024-02-05","009630","202000025353","0.6045","0.6045","","",""
"2024-02-06","009630","202000025353","0.6291","0.6291","","",""
"2024-02-07","009630","202000025353","0.6409","0.6409","","",""
"2024-02-08","009630","202000025353","0.6435","0.6435","","",""
"2024-02-19","009630","202000025353","0.6423","0.6423","","",""
"2024-02-20","009630","202000025353","0.6456","0.6456","","",""
"2024-02-21","009630","202000025353","0.6505","0.6505","","",""
"2024-02-22","009630","202000025353","0.6598","0.6598","","",""
"2024-02-23","009630","202000025353","0.6606","0.6606","","",""
"2024-02-26","009630","202000025353","0.6599","0.6599","","",""
"2024-02-27","009630","202000025353","0.6649","0.6649","","",""
"2024-02-28","009630","202000025353","0.6545","0.6545","","",""
"2024-02-29","009630","202000025353","0.6637","0.6637","","",""
"2024-03-01","009630","202000025353","0.6726","0.6726","","",""
"2024-03-04","009630","202000025353","0.6756","0.6756","","",""
"2024-03-05","009630","202000025353","0.6702","0.6702","","",""
"2024-03-06","009630","202000025353","0.6716","0.6716","","",""
"2024-03-07","009630","202000025353","0.6630","0.6630","","",""
"2024-03-08","009630","202000025353","0.6682","0.6682","","",""
"2024-03-11","009630","202000025353","0.6782","0.6782","","",""
"2024-03-12","009630","202000025353","0.6879","0.6879","","",""
"2024-03-13","009630","202000025353","0.6866","0.6866","","",""
"2024-03-14","009630","202000025353","0.6817","0.6817","","",""
"2024-03-15","009630","202000025353","0.6773","0.6773","","",""
"2024-03-18","009630","202000025353","0.6813","0.6813","","",""
"2024-03-19","009630","202000025353","0.6717","0.6717","","",""
"2024-03-20","009630","202000025353","0.6709","0.6709","","",""
"2024-03-21","009630","202000025353","0.6711","0.6711","","",""
"2024-03-22","009630","202000025353","0.6612","0.6612","","",""
"2024-03-25","009630","202000025353","0.6639","0.6639","","",""
"2024-03-26","009630","202000025353","0.6654","0.6654","","",""
"2024-03-27","009630","202000025353","0.6591","0.6591","","",""
"2024-03-28","009630","202000025353","0.6648","0.6648","","",""
"2024-03-29","009630","202000025353","0.6705","0.6705","","",""
"2024-04-01","009630","202000025353","0.6769","0.6769","","",""
"2023-04-03","009631","202000025354","0.7961","0.7961","","",""
"2023-04-04","009631","202000025354","0.7956","0.7956","","",""
"2023-04-06","009631","202000025354","0.7996","0.7996","","",""
"2023-04-07","009631","202000025354","0.8078","0.8078","","",""
"2023-04-10","009631","202000025354","0.8073","0.8073","","",""
"2023-04-11","009631","202000025354","0.8034","0.8034","","",""
"2023-04-12","009631","202000025354","0.7981","0.7981","","",""
"2023-04-13","009631","202000025354","0.7982","0.7982","","",""
"2023-04-14","009631","202000025354","0.8002","0.8002","","",""
"2023-04-17","009631","202000025354","0.8075","0.8075","","",""
"2023-04-18","009631","202000025354","0.8033","0.8033","","",""
"2023-04-19","009631","202000025354","0.7941","0.7941","","",""
"2023-04-20","009631","202000025354","0.7866","0.7866","","",""
"2023-04-21","009631","202000025354","0.7711","0.7711","","",""
"2023-04-24","009631","202000025354","0.7646","0.7646","","",""
"2023-04-25","009631","202000025354","0.7481","0.7481","","",""
"2023-04-26","009631","202000025354","0.7577","0.7577","","",""
"2023-04-27","009631","202000025354","0.7610","0.7610","","",""
"2023-04-28","009631","202000025354","0.7558","0.7558","","",""
"2023-05-04","009631","202000025354","0.7555","0.7555","","",""
"2023-05-05","009631","202000025354","0.7532","0.7532","","",""
"2023-05-08","009631","202000025354","0.7526","0.7526","","",""
"2023-05-09","009631","202000025354","0.7412","0.7412","","",""
"2023-05-10","009631","202000025354","0.7425","0.7425","","",""
"2023-05-11","009631","202000025354","0.7397","0.7397","","",""
"2023-05-12","009631","202000025354","0.7338","0.7338","","",""
"2023-05-15","009631","202000025354","0.7459","0.7459","","",""
"2023-05-16","009631","202000025354","0.7477","0.7477","","",""
"2023-05-17","009631","202000025354","0.7394","0.7394","","",""
"2023-05-18","009631","202000025354","0.7417","0.7417","","",""
"2023-05-19","009631","202000025354","0.7454","0.7454","","",""
"2023-05-22","009631","202000025354","0.7551","0.7551","","",""
"2023-05-23","009631","202000025354","0.7513","0.7513","","",""
"2023-05-24","009631","202000025354","0.7466","0.7466","","",""
"2023-05-25","009631","202000025354","0.7393","0.7393","","",""
"2023-05-26","009631","202000025354","0.7418","0.7418","","",""
"2023-05-29","009631","202000025354","0.7268","0.7268","","",""
"2023-05-30","009631","202000025354","0.7289","0.7289","","",""
"2023-05-31","009631","202000025354","0.7190","0.7190","","",""
"2023-06-01","009631","202000025354","0.7186","0.7186","","",""
"2023-06-02","009631","202000025354","0.7335","0.7335","","",""
"2023-06-05","009631","202000025354","0.7328","0.7328","","",""
"2023-06-06","009631","202000025354","0.7265","0.7265","","",""
"2023-06-07","009631","202000025354","0.7247","0.7247","","",""
"2023-06-08","009631","202000025354","0.7260","0.7260","","",""
"2023-06-09","009631","202000025354","0.7312","0.7312","","",""
"2023-06-12","009631","202000025354","0.7331","0.7331","","",""
"2023-06-13","009631","202000025354","0.7357","0.7357","","",""
"2023-06-14","009631","202000025354","0.7377","0.7377","","",""
"2023-06-15","009631","202000025354","0.7538","0.7538","","",""
"2023-06-16","009631","202000025354","0.7579","0.7579","","",""
"2023-06-19","009631","202000025354","0.7555","0.7555","","",""
"2023-06-20","009631","202000025354","0.7522","0.7522","","",""
"2023-06-21","009631","202000025354","0.7369","0.7369","","",""
"2023-06-26","009631","202000025354","0.7285","0.7285","","",""
"2023-06-27","009631","202000025354","0.7365","0.7365","","",""
"2023-06-28","009631","202000025354","0.7351","0.7351","","",""
"2023-06-29","009631","202000025354","0.7307","0.7307","","",""
"2023-06-30","009631","202000025354","0.7334","0.7334","","",""
"2023-07-03","009631","202000025354","0.7404","0.7404","","",""
"2023-07-04","009631","202000025354","0.7468","0.7468","","",""
"2023-07-05","009631","202000025354","0.7405","0.7405","","",""
"2023-07-06","009631","202000025354","0.7341","0.7341","","",""
"2023-07-07","009631","202000025354","0.7306","0.7306","","",""
"2023-07-10","009631","202000025354","0.7348","0.7348","","",""
"2023-07-11","009631","202000025354","0.7410","0.7410","","",""
"2023-07-12","009631","202000025354","0.7446","0.7446","","",""
"2023-07-13","009631","202000025354","0.7536","0.7536","","",""
"2023-07-14","009631","202000025354","0.7535","0.7535","","",""
"2023-07-17","009631","202000025354","0.7488","0.7488","","",""
"2023-07-18","009631","202000025354","0.7442","0.7442","","",""
"2023-07-19","009631","202000025354","0.7429","0.7429","","",""
"2023-07-20","009631","202000025354","0.7394","0.7394","","",""
"2023-07-21","009631","202000025354","0.7405","0.7405","","",""
"2023-07-24","009631","202000025354","0.7356","0.7356","","",""
"2023-07-25","009631","202000025354","0.7532","0.7532","","",""
"2023-07-26","009631","202000025354","0.7511","0.7511","","",""
"2023-07-27","009631","202000025354","0.7509","0.7509","","",""
"2023-07-28","009631","202000025354","0.7611","0.7611","","",""
"2023-07-31","009631","202000025354","0.7683","0.7683","","",""
"2023-08-01","009631","202000025354","0.7717","0.7717","","",""
"2023-08-02","009631","202000025354","0.7623","0.7623","","",""
"2023-08-03","009631","202000025354","0.7640","0.7640","","",""
"2023-08-04","009631","202000025354","0.7684","0.7684","","",""
"2023-08-07","009631","202000025354","0.7642","0.7642","","",""
"2023-08-08","009631","202000025354","0.7592","0.7592","","",""
"2023-08-09","009631","202000025354","0.7610","0.7610","","",""
"2023-08-10","009631","202000025354","0.7643","0.7643","","",""
"2023-08-11","009631","202000025354","0.7546","0.7546","","",""
"2023-08-14","009631","202000025354","0.7515","0.7515","","",""
"2023-08-15","009631","202000025354","0.7471","0.7471","","",""
"2023-08-16","009631","202000025354","0.7395","0.7395","","",""
"2023-08-17","009631","202000025354","0.7432","0.7432","","",""
"2023-08-18","009631","202000025354","0.7322","0.7322","","",""
"2023-08-21","009631","202000025354","0.7240","0.7240","","",""
"2023-08-22","009631","202000025354","0.7300","0.7300","","",""
"2023-08-23","009631","202000025354","0.7240","0.7240","","",""
"2023-08-24","009631","202000025354","0.7332","0.7332","","",""
"2023-08-25","009631","202000025354","0.7244","0.7244","","",""
"2023-08-28","009631","202000025354","0.7274","0.7274","","",""
"2023-08-29","009631","202000025354","0.7390","0.7390","","",""
"2023-08-30","009631","202000025354","0.7390","0.7390","","",""
"2023-08-31","009631","202000025354","0.7332","0.7332","","",""
"2023-09-01","009631","202000025354","0.7327","0.7327","","",""
"2023-09-04","009631","202000025354","0.7411","0.7411","","",""
"2023-09-05","009631","202000025354","0.7362","0.7362","","",""
"2023-09-06","009631","202000025354","0.7339","0.7339","","",""
"2023-09-07","009631","202000025354","0.7235","0.7235","","",""
"2023-09-08","009631","202000025354","0.7231","0.7231","","",""
"2023-09-11","009631","202000025354","0.7275","0.7275","","",""
"2023-09-12","009631","202000025354","0.7264","0.7264","","",""
"2023-09-13","009631","202000025354","0.7213","0.7213","","",""
"2023-09-14","009631","202000025354","0.7231","0.7231","","",""
"2023-09-15","009631","202000025354","0.7238","0.7238","","",""
"2023-09-18","009631","202000025354","0.7219","0.7219","","",""
"2023-09-19","009631","202000025354","0.7213","0.7213","","",""
"2023-09-20","009631","202000025354","0.7170","0.7170","","",""
"2023-09-21","009631","202000025354","0.7114","0.7114","","",""
"2023-09-22","009631","202000025354","0.7205","0.7205","","",""
"2023-09-25","009631","202000025354","0.7155","0.7155","","",""
"2023-09-26","009631","202000025354","0.7107","0.7107","","",""
"2023-09-27","009631","202000025354","0.7181","0.7181","","",""
"2023-09-28","009631","202000025354","0.7140","0.7140","","",""
"2023-10-09","009631","202000025354","0.7132","0.7132","","",""
"2023-10-10","009631","202000025354","0.7125","0.7125","","",""
"2023-10-11","009631","202000025354","0.7218","0.7218","","",""
"2023-10-12","009631","202000025354","0.7257","0.7257","","",""
"2023-10-13","009631","202000025354","0.7229","0.7229","","",""
"2023-10-16","009631","202000025354","0.7165","0.7165","","",""
"2023-10-17","009631","202000025354","0.7188","0.7188","","",""
"2023-10-18","009631","202000025354","0.7136","0.7136","","",""
"2023-10-19","009631","202000025354","0.7027","0.7027","","",""
"2023-10-20","009631","202000025354","0.6956","0.6956","","",""
"2023-10-23","009631","202000025354","0.6910","0.6910","","",""
"2023-10-24","009631","202000025354","0.6906","0.6906","","",""
"2023-10-25","009631","202000025354","0.6917","0.6917","","",""
"2023-10-26","009631","202000025354","0.6962","0.6962","","",""
"2023-10-27","009631","202000025354","0.7094","0.7094","","",""
"2023-10-30","009631","202000025354","0.7142","0.7142","","",""
"2023-10-31","009631","202000025354","0.7087","0.7087","","",""
"2023-11-01","009631","202000025354","0.7050","0.7050","","",""
"2023-11-02","009631","202000025354","0.7037","0.7037","","",""
"2023-11-03","009631","202000025354","0.7153","0.7153","","",""
"2023-11-06","009631","202000025354","0.7253","0.7253","","",""
"2023-11-07","009631","202000025354","0.7218","0.7218","","",""
"2023-11-08","009631","202000025354","0.7186","0.7186","","",""
"2023-11-09","009631","202000025354","0.7186","0.7186","","",""
"2023-11-10","009631","202000025354","0.7166","0.7166","","",""
"2023-11-13","009631","202000025354","0.7212","0.7212","","",""
"2023-11-14","009631","202000025354","0.7196","0.7196","","",""
"2023-11-15","009631","202000025354","0.7303","0.7303","","",""
"2023-11-16","009631","202000025354","0.7222","0.7222","","",""
"2023-11-17","009631","202000025354","0.7167","0.7167","","",""
"2023-11-20","009631","202000025354","0.7258","0.7258","","",""
"2023-11-21","009631","202000025354","0.7241","0.7241","","",""
"2023-11-22","009631","202000025354","0.7178","0.7178","","",""
"2023-11-23","009631","202000025354","0.7230","0.7230","","",""
"2023-11-24","009631","202000025354","0.7158","0.7158","","",""
"2023-11-27","009631","202000025354","0.7153","0.7153","","",""
"2023-11-28","009631","202000025354","0.7116","0.7116","","",""
"2023-11-29","009631","202000025354","0.7022","0.7022","","",""
"2023-11-30","009631","202000025354","0.7044","0.7044","","",""
"2023-12-01","009631","202000025354","0.6984","0.6984","","",""
"2023-12-04","009631","202000025354","0.6914","0.6914","","",""
"2023-12-05","009631","202000025354","0.6792","0.6792","","",""
"2023-12-06","009631","202000025354","0.6795","0.6795","","",""
"2023-12-07","009631","202000025354","0.6743","0.6743","","",""
"2023-12-08","009631","202000025354","0.6739","0.6739","","",""
"2023-12-11","009631","202000025354","0.6765","0.6765","","",""
"2023-12-12","009631","202000025354","0.6777","0.6777","","",""
"2023-12-13","009631","202000025354","0.6659","0.6659","","",""
"2023-12-14","009631","202000025354","0.6673","0.6673","","",""
"2023-12-15","009631","202000025354","0.6678","0.6678","","",""
"2023-12-18","009631","202000025354","0.6627","0.6627","","",""
"2023-12-19","009631","202000025354","0.6593","0.6593","","",""
"2023-12-20","009631","202000025354","0.6568","0.6568","","",""
"2023-12-21","009631","202000025354","0.6586","0.6586","","",""
"2023-12-22","009631","202000025354","0.6509","0.6509","","",""
"2023-12-25","009631","202000025354","0.6540","0.6540","","",""
"2023-12-26","009631","202000025354","0.6515","0.6515","","",""
"2023-12-27","009631","202000025354","0.6585","0.6585","","",""
"2023-12-28","009631","202000025354","0.6712","0.6712","","",""
"2023-12-29","009631","202000025354","0.6746","0.6746","","",""
"2023-12-31","009631","202000025354","0.6746","0.6746","","",""
"2024-01-02","009631","202000025354","0.6702","0.6702","","",""
"2024-01-03","009631","202000025354","0.6658","0.6658","","",""
"2024-01-04","009631","202000025354","0.6633","0.6633","","",""
"2024-01-05","009631","202000025354","0.6607","0.6607","","",""
"2024-01-08","009631","202000025354","0.6502","0.6502","","",""
"2024-01-09","009631","202000025354","0.6473","0.6473","","",""
"2024-01-10","009631","202000025354","0.6453","0.6453","","",""
"2024-01-11","009631","202000025354","0.6495","0.6495","","",""
"2024-01-12","009631","202000025354","0.6497","0.6497","","",""
"2024-01-15","009631","202000025354","0.6504","0.6504","","",""
"2024-01-16","009631","202000025354","0.6475","0.6475","","",""
"2024-01-17","009631","202000025354","0.6316","0.6316","","",""
"2024-01-18","009631","202000025354","0.6378","0.6378","","",""
"2024-01-19","009631","202000025354","0.6350","0.6350","","",""
"2024-01-22","009631","202000025354","0.6185","0.6185","","",""
"2024-01-23","009631","202000025354","0.6238","0.6238","","",""
"2024-01-24","009631","202000025354","0.6331","0.6331","","",""
"2024-01-25","009631","202000025354","0.6456","0.6456","","",""
"2024-01-26","009631","202000025354","0.6367","0.6367","","",""
"2024-01-29","009631","202000025354","0.6304","0.6304","","",""
"2024-01-30","009631","202000025354","0.6188","0.6188","","",""
"2024-01-31","009631","202000025354","0.6095","0.6095","","",""
"2024-02-01","009631","202000025354","0.6110","0.6110","","",""
"2024-02-02","009631","202000025354","0.6013","0.6013","","",""
"2024-02-05","009631","202000025354","0.5985","0.5985","","",""
"2024-02-06","009631","202000025354","0.6228","0.6228","","",""
"2024-02-07","009631","202000025354","0.6345","0.6345","","",""
"2024-02-08","009631","202000025354","0.6371","0.6371","","",""
"2024-02-19","009631","202000025354","0.6358","0.6358","","",""
"2024-02-20","009631","202000025354","0.6391","0.6391","","",""
"2024-02-21","009631","202000025354","0.6439","0.6439","","",""
"2024-02-22","009631","202000025354","0.6531","0.6531","","",""
"2024-02-23","009631","202000025354","0.6539","0.6539","","",""
"2024-02-26","009631","202000025354","0.6532","0.6532","","",""
"2024-02-27","009631","202000025354","0.6581","0.6581","","",""
"2024-02-28","009631","202000025354","0.6478","0.6478","","",""
"2024-02-29","009631","202000025354","0.6570","0.6570","","",""
"2024-03-01","009631","202000025354","0.6657","0.6657","","",""
"2024-03-04","009631","202000025354","0.6687","0.6687","","",""
"2024-03-05","009631","202000025354","0.6633","0.6633","","",""
"2024-03-06","009631","202000025354","0.6647","0.6647","","",""
"2024-03-07","009631","202000025354","0.6562","0.6562","","",""
"2024-03-08","009631","202000025354","0.6613","0.6613","","",""
"2024-03-11","009631","202000025354","0.6712","0.6712","","",""
"2024-03-12","009631","202000025354","0.6808","0.6808","","",""
"2024-03-13","009631","202000025354","0.6795","0.6795","","",""
"2024-03-14","009631","202000025354","0.6747","0.6747","","",""
"2024-03-15","009631","202000025354","0.6703","0.6703","","",""
"2024-03-18","009631","202000025354","0.6743","0.6743","","",""
"2024-03-19","009631","202000025354","0.6648","0.6648","","",""
"2024-03-20","009631","202000025354","0.6639","0.6639","","",""
"2024-03-21","009631","202000025354","0.6641","0.6641","","",""
"2024-03-22","009631","202000025354","0.6543","0.6543","","",""
"2024-03-25","009631","202000025354","0.6570","0.6570","","",""
"2024-03-26","009631","202000025354","0.6585","0.6585","","",""
"2024-03-27","009631","202000025354","0.6522","0.6522","","",""
"2024-03-28","009631","202000025354","0.6579","0.6579","","",""
"2024-03-29","009631","202000025354","0.6635","0.6635","","",""
"2024-04-01","009631","202000025354","0.6698","0.6698","","",""
"2023-04-03","010070","202000024212","0.8816","0.8816","","",""
"2023-04-04","010070","202000024212","0.8844","0.8844","","",""
"2023-04-06","010070","202000024212","0.8760","0.8760","","",""
"2023-04-07","010070","202000024212","0.8920","0.8920","","",""
"2023-04-10","010070","202000024212","0.8942","0.8942","","",""
"2023-04-11","010070","202000024212","0.8956","0.8956","","",""
"2023-04-12","010070","202000024212","0.8936","0.8936","","",""
"2023-04-13","010070","202000024212","0.8940","0.8940","","",""
"2023-04-14","010070","202000024212","0.8941","0.8941","","",""
"2023-04-17","010070","202000024212","0.8996","0.8996","","",""
"2023-04-18","010070","202000024212","0.9026","0.9026","","",""
"2023-04-19","010070","202000024212","0.8931","0.8931","","",""
"2023-04-20","010070","202000024212","0.8858","0.8858","","",""
"2023-04-21","010070","202000024212","0.8726","0.8726","","",""
"2023-04-24","010070","202000024212","0.8586","0.8586","","",""
"2023-04-25","010070","202000024212","0.8618","0.8618","","",""
"2023-04-26","010070","202000024212","0.8607","0.8607","","",""
"2023-04-27","010070","202000024212","0.8665","0.8665","","",""
"2023-04-28","010070","202000024212","0.8772","0.8772","","",""
"2023-05-04","010070","202000024212","0.8864","0.8864","","",""
"2023-05-05","010070","202000024212","0.8832","0.8832","","",""
"2023-05-08","010070","202000024212","0.8937","0.8937","","",""
"2023-05-09","010070","202000024212","0.8910","0.8910","","",""
"2023-05-10","010070","202000024212","0.8870","0.8870","","",""
"2023-05-11","010070","202000024212","0.8863","0.8863","","",""
"2023-05-12","010070","202000024212","0.8799","0.8799","","",""
"2023-05-15","010070","202000024212","0.8869","0.8869","","",""
"2023-05-16","010070","202000024212","0.8830","0.8830","","",""
"2023-05-17","010070","202000024212","0.8777","0.8777","","",""
"2023-05-18","010070","202000024212","0.8771","0.8771","","",""
"2023-05-19","010070","202000024212","0.8771","0.8771","","",""
"2023-05-22","010070","202000024212","0.8868","0.8868","","",""
"2023-05-23","010070","202000024212","0.8818","0.8818","","",""
"2023-05-24","010070","202000024212","0.8646","0.8646","","",""
"2023-05-25","010070","202000024212","0.8615","0.8615","","",""
"2023-05-26","010070","202000024212","0.8648","0.8648","","",""
"2023-05-29","010070","202000024212","0.8577","0.8577","","",""
"2023-05-30","010070","202000024212","0.8582","0.8582","","",""
"2023-05-31","010070","202000024212","0.8459","0.8459","","",""
"2023-06-01","010070","202000024212","0.8465","0.8465","","",""
"2023-06-02","010070","202000024212","0.8641","0.8641","","",""
"2023-06-05","010070","202000024212","0.8655","0.8655","","",""
"2023-06-06","010070","202000024212","0.8636","0.8636","","",""
"2023-06-07","010070","202000024212","0.8638","0.8638","","",""
"2023-06-08","010070","202000024212","0.8732","0.8732","","",""
"2023-06-09","010070","202000024212","0.8678","0.8678","","",""
"2023-06-12","010070","202000024212","0.8686","0.8686","","",""
"2023-06-13","010070","202000024212","0.8738","0.8738","","",""
"2023-06-14","010070","202000024212","0.8774","0.8774","","",""
"2023-06-15","010070","202000024212","0.8871","0.8871","","",""
"2023-06-16","010070","202000024212","0.8926","0.8926","","",""
"2023-06-19","010070","202000024212","0.8835","0.8835","","",""
"2023-06-20","010070","202000024212","0.8803","0.8803","","",""
"2023-06-21","010070","202000024212","0.8732","0.8732","","",""
"2023-06-26","010070","202000024212","0.8634","0.8634","","",""
"2023-06-27","010070","202000024212","0.8701","0.8701","","",""
"2023-06-28","010070","202000024212","0.8720","0.8720","","",""
"2023-06-29","010070","202000024212","0.8653","0.8653","","",""
"2023-06-30","010070","202000024212","0.8659","0.8659","","",""
"2023-07-03","010070","202000024212","0.8731","0.8731","","",""
"2023-07-04","010070","202000024212","0.8759","0.8759","","",""
"2023-07-05","010070","202000024212","0.8711","0.8711","","",""
"2023-07-06","010070","202000024212","0.8669","0.8669","","",""
"2023-07-07","010070","202000024212","0.8638","0.8638","","",""
"2023-07-10","010070","202000024212","0.8627","0.8627","","",""
"2023-07-11","010070","202000024212","0.8652","0.8652","","",""
"2023-07-12","010070","202000024212","0.8663","0.8663","","",""
"2023-07-13","010070","202000024212","0.8785","0.8785","","",""
"2023-07-14","010070","202000024212","0.8752","0.8752","","",""
"2023-07-17","010070","202000024212","0.8684","0.8684","","",""
"2023-07-18","010070","202000024212","0.8668","0.8668","","",""
"2023-07-19","010070","202000024212","0.8691","0.8691","","",""
"2023-07-20","010070","202000024212","0.8660","0.8660","","",""
"2023-07-21","010070","202000024212","0.8679","0.8679","","",""
"2023-07-24","010070","202000024212","0.8632","0.8632","","",""
"2023-07-25","010070","202000024212","0.8916","0.8916","","",""
"2023-07-26","010070","202000024212","0.8895","0.8895","","",""
"2023-07-27","010070","202000024212","0.8902","0.8902","","",""
"2023-07-28","010070","202000024212","0.9109","0.9109","","",""
"2023-07-31","010070","202000024212","0.9134","0.9134","","",""
"2023-08-01","010070","202000024212","0.9075","0.9075","","",""
"2023-08-02","010070","202000024212","0.9005","0.9005","","",""
"2023-08-03","010070","202000024212","0.9056","0.9056","","",""
"2023-08-04","010070","202000024212","0.9079","0.9079","","",""
"2023-08-07","010070","202000024212","0.9016","0.9016","","",""
"2023-08-08","010070","202000024212","0.8997","0.8997","","",""
"2023-08-09","010070","202000024212","0.9002","0.9002","","",""
"2023-08-10","010070","202000024212","0.8986","0.8986","","",""
"2023-08-11","010070","202000024212","0.8835","0.8835","","",""
"2023-08-14","010070","202000024212","0.8796","0.8796","","",""
"2023-08-15","010070","202000024212","0.8793","0.8793","","",""
"2023-08-16","010070","202000024212","0.8769","0.8769","","",""
"2023-08-17","010070","202000024212","0.8807","0.8807","","",""
"2023-08-18","010070","202000024212","0.8722","0.8722","","",""
"2023-08-21","010070","202000024212","0.8653","0.8653","","",""
"2023-08-22","010070","202000024212","0.8696","0.8696","","",""
"2023-08-23","010070","202000024212","0.8575","0.8575","","",""
"2023-08-24","010070","202000024212","0.8643","0.8643","","",""
"2023-08-25","010070","202000024212","0.8662","0.8662","","",""
"2023-08-28","010070","202000024212","0.8770","0.8770","","",""
"2023-08-29","010070","202000024212","0.8814","0.8814","","",""
"2023-08-30","010070","202000024212","0.8830","0.8830","","",""
"2023-08-31","010070","202000024212","0.8752","0.8752","","",""
"2023-09-01","010070","202000024212","0.8840","0.8840","","",""
"2023-09-04","010070","202000024212","0.8938","0.8938","","",""
"2023-09-05","010070","202000024212","0.8862","0.8862","","",""
"2023-09-06","010070","202000024212","0.8860","0.8860","","",""
"2023-09-07","010070","202000024212","0.8771","0.8771","","",""
"2023-09-08","010070","202000024212","0.8717","0.8717","","",""
"2023-09-11","010070","202000024212","0.8762","0.8762","","",""
"2023-09-12","010070","202000024212","0.8745","0.8745","","",""
"2023-09-13","010070","202000024212","0.8714","0.8714","","",""
"2023-09-14","010070","202000024212","0.8713","0.8713","","",""
"2023-09-15","010070","202000024212","0.8646","0.8646","","",""
"2023-09-18","010070","202000024212","0.8708","0.8708","","",""
"2023-09-19","010070","202000024212","0.8672","0.8672","","",""
"2023-09-20","010070","202000024212","0.8670","0.8670","","",""
"2023-09-21","010070","202000024212","0.8597","0.8597","","",""
"2023-09-22","010070","202000024212","0.8733","0.8733","","",""
"2023-09-25","010070","202000024212","0.8686","0.8686","","",""
"2023-09-26","010070","202000024212","0.8654","0.8654","","",""
"2023-09-27","010070","202000024212","0.8642","0.8642","","",""
"2023-09-28","010070","202000024212","0.8603","0.8603","","",""
"2023-10-09","010070","202000024212","0.8615","0.8615","","",""
"2023-10-10","010070","202000024212","0.8563","0.8563","","",""
"2023-10-11","010070","202000024212","0.8573","0.8573","","",""
"2023-10-12","010070","202000024212","0.8600","0.8600","","",""
"2023-10-13","010070","202000024212","0.8516","0.8516","","",""
"2023-10-16","010070","202000024212","0.8426","0.8426","","",""
"2023-10-17","010070","202000024212","0.8410","0.8410","","",""
"2023-10-18","010070","202000024212","0.8364","0.8364","","",""
"2023-10-19","010070","202000024212","0.8186","0.8186","","",""
"2023-10-20","010070","202000024212","0.8118","0.8118","","",""
"2023-10-23","010070","202000024212","0.8121","0.8121","","",""
"2023-10-24","010070","202000024212","0.8146","0.8146","","",""
"2023-10-25","010070","202000024212","0.8188","0.8188","","",""
"2023-10-26","010070","202000024212","0.8230","0.8230","","",""
"2023-10-27","010070","202000024212","0.8329","0.8329","","",""
"2023-10-30","010070","202000024212","0.8355","0.8355","","",""
"2023-10-31","010070","202000024212","0.8359","0.8359","","",""
"2023-11-01","010070","202000024212","0.8369","0.8369","","",""
"2023-11-02","010070","202000024212","0.8346","0.8346","","",""
"2023-11-03","010070","202000024212","0.8368","0.8368","","",""
"2023-11-06","010070","202000024212","0.8454","0.8454","","",""
"2023-11-07","010070","202000024212","0.8424","0.8424","","",""
"2023-11-08","010070","202000024212","0.8444","0.8444","","",""
"2023-11-09","010070","202000024212","0.8428","0.8428","","",""
"2023-11-10","010070","202000024212","0.8388","0.8388","","",""
"2023-11-13","010070","202000024212","0.8320","0.8320","","",""
"2023-11-14","010070","202000024212","0.8311","0.8311","","",""
"2023-11-15","010070","202000024212","0.8356","0.8356","","",""
"2023-11-16","010070","202000024212","0.8304","0.8304","","",""
"2023-11-17","010070","202000024212","0.8278","0.8278","","",""
"2023-11-20","010070","202000024212","0.8318","0.8318","","",""
"2023-11-21","010070","202000024212","0.8371","0.8371","","",""
"2023-11-22","010070","202000024212","0.8333","0.8333","","",""
"2023-11-23","010070","202000024212","0.8368","0.8368","","",""
"2023-11-24","010070","202000024212","0.8345","0.8345","","",""
"2023-11-27","010070","202000024212","0.8249","0.8249","","",""
"2023-11-28","010070","202000024212","0.8263","0.8263","","",""
"2023-11-29","010070","202000024212","0.8191","0.8191","","",""
"2023-11-30","010070","202000024212","0.8203","0.8203","","",""
"2023-12-01","010070","202000024212","0.8138","0.8138","","",""
"2023-12-04","010070","202000024212","0.8056","0.8056","","",""
"2023-12-05","010070","202000024212","0.7896","0.7896","","",""
"2023-12-06","010070","202000024212","0.7888","0.7888","","",""
"2023-12-07","010070","202000024212","0.7882","0.7882","","",""
"2023-12-08","010070","202000024212","0.7878","0.7878","","",""
"2023-12-11","010070","202000024212","0.7944","0.7944","","",""
"2023-12-12","010070","202000024212","0.8015","0.8015","","",""
"2023-12-13","010070","202000024212","0.7892","0.7892","","",""
"2023-12-14","010070","202000024212","0.7839","0.7839","","",""
"2023-12-15","010070","202000024212","0.7821","0.7821","","",""
"2023-12-18","010070","202000024212","0.7819","0.7819","","",""
"2023-12-19","010070","202000024212","0.7803","0.7803","","",""
"2023-12-20","010070","202000024212","0.7757","0.7757","","",""
"2023-12-21","010070","202000024212","0.7829","0.7829","","",""
"2023-12-22","010070","202000024212","0.7804","0.7804","","",""
"2023-12-25","010070","202000024212","0.7819","0.7819","","",""
"2023-12-26","010070","202000024212","0.7790","0.7790","","",""
"2023-12-27","010070","202000024212","0.7798","0.7798","","",""
"2023-12-28","010070","202000024212","0.7987","0.7987","","",""
"2023-12-29","010070","202000024212","0.8032","0.8032","","",""
"2023-12-31","010070","202000024212","0.8072","0.8072","","",""
"2024-01-02","010070","202000024212","0.7971","0.7971","","",""
"2024-01-03","010070","202000024212","0.7953","0.7953","","",""
"2024-01-04","010070","202000024212","0.7883","0.7883","","",""
"2024-01-05","010070","202000024212","0.7880","0.7880","","",""
"2024-01-08","010070","202000024212","0.7811","0.7811","","",""
"2024-01-09","010070","202000024212","0.7793","0.7793","","",""
"2024-01-10","010070","202000024212","0.7751","0.7751","","",""
"2024-01-11","010070","202000024212","0.7784","0.7784","","",""
"2024-01-12","010070","202000024212","0.7749","0.7749","","",""
"2024-01-15","010070","202000024212","0.7752","0.7752","","",""
"2024-01-16","010070","202000024212","0.7770","0.7770","","",""
"2024-01-17","010070","202000024212","0.7655","0.7655","","",""
"2024-01-18","010070","202000024212","0.7757","0.7757","","",""
"2024-01-19","010070","202000024212","0.7765","0.7765","","",""
"2024-01-22","010070","202000024212","0.7669","0.7669","","",""
"2024-01-23","010070","202000024212","0.7676","0.7676","","",""
"2024-01-24","010070","202000024212","0.7783","0.7783","","",""
"2024-01-25","010070","202000024212","0.7902","0.7902","","",""
"2024-01-26","010070","202000024212","0.7928","0.7928","","",""
"2024-01-29","010070","202000024212","0.7908","0.7908","","",""
"2024-01-30","010070","202000024212","0.7818","0.7818","","",""
"2024-01-31","010070","202000024212","0.7734","0.7734","","",""
"2024-02-01","010070","202000024212","0.7704","0.7704","","",""
"2024-02-02","010070","202000024212","0.7657","0.7657","","",""
"2024-02-05","010070","202000024212","0.7763","0.7763","","",""
"2024-02-06","010070","202000024212","0.7948","0.7948","","",""
"2024-02-07","010070","202000024212","0.8014","0.8014","","",""
"2024-02-08","010070","202000024212","0.8040","0.8040","","",""
"2024-02-19","010070","202000024212","0.8074","0.8074","","",""
"2024-02-20","010070","202000024212","0.8108","0.8108","","",""
"2024-02-21","010070","202000024212","0.8218","0.8218","","",""
"2024-02-22","010070","202000024212","0.8215","0.8215","","",""
"2024-02-23","010070","202000024212","0.8217","0.8217","","",""
"2024-02-26","010070","202000024212","0.8136","0.8136","","",""
"2024-02-27","010070","202000024212","0.8166","0.8166","","",""
"2024-02-28","010070","202000024212","0.8117","0.8117","","",""
"2024-02-29","010070","202000024212","0.8178","0.8178","","",""
"2024-03-01","010070","202000024212","0.8189","0.8189","","",""
"2024-03-04","010070","202000024212","0.8157","0.8157","","",""
"2024-03-05","010070","202000024212","0.8260","0.8260","","",""
"2024-03-06","010070","202000024212","0.8174","0.8174","","",""
"2024-03-07","010070","202000024212","0.8136","0.8136","","",""
"2024-03-08","010070","202000024212","0.8110","0.8110","","",""
"2024-03-11","010070","202000024212","0.8198","0.8198","","",""
"2024-03-12","010070","202000024212","0.8291","0.8291","","",""
"2024-03-13","010070","202000024212","0.8208","0.8208","","",""
"2024-03-14","010070","202000024212","0.8208","0.8208","","",""
"2024-03-15","010070","202000024212","0.8185","0.8185","","",""
"2024-03-18","010070","202000024212","0.8188","0.8188","","",""
"2024-03-19","010070","202000024212","0.8131","0.8131","","",""
"2024-03-20","010070","202000024212","0.8158","0.8158","","",""
"2024-03-21","010070","202000024212","0.8155","0.8155","","",""
"2024-03-22","010070","202000024212","0.8127","0.8127","","",""
"2024-03-25","010070","202000024212","0.8107","0.8107","","",""
"2024-03-26","010070","202000024212","0.8140","0.8140","","",""
"2024-03-27","010070","202000024212","0.8090","0.8090","","",""
"2024-03-28","010070","202000024212","0.8088","0.8088","","",""
"2024-03-29","010070","202000024212","0.8062","0.8062","","",""
"2024-04-01","010070","202000024212","0.8170","0.8170","","",""
"2023-04-03","010071","202000024213","0.8786","0.8786","","",""
"2023-04-04","010071","202000024213","0.8814","0.8814","","",""
"2023-04-06","010071","202000024213","0.8729","0.8729","","",""
"2023-04-07","010071","202000024213","0.8890","0.8890","","",""
"2023-04-10","010071","202000024213","0.8911","0.8911","","",""
"2023-04-11","010071","202000024213","0.8925","0.8925","","",""
"2023-04-12","010071","202000024213","0.8905","0.8905","","",""
"2023-04-13","010071","202000024213","0.8909","0.8909","","",""
"2023-04-14","010071","202000024213","0.8910","0.8910","","",""
"2023-04-17","010071","202000024213","0.8964","0.8964","","",""
"2023-04-18","010071","202000024213","0.8995","0.8995","","",""
"2023-04-19","010071","202000024213","0.8900","0.8900","","",""
"2023-04-20","010071","202000024213","0.8827","0.8827","","",""
"2023-04-21","010071","202000024213","0.8696","0.8696","","",""
"2023-04-24","010071","202000024213","0.8555","0.8555","","",""
"2023-04-25","010071","202000024213","0.8587","0.8587","","",""
"2023-04-26","010071","202000024213","0.8577","0.8577","","",""
"2023-04-27","010071","202000024213","0.8635","0.8635","","",""
"2023-04-28","010071","202000024213","0.8741","0.8741","","",""
"2023-05-04","010071","202000024213","0.8832","0.8832","","",""
"2023-05-05","010071","202000024213","0.8801","0.8801","","",""
"2023-05-08","010071","202000024213","0.8905","0.8905","","",""
"2023-05-09","010071","202000024213","0.8878","0.8878","","",""
"2023-05-10","010071","202000024213","0.8839","0.8839","","",""
"2023-05-11","010071","202000024213","0.8831","0.8831","","",""
"2023-05-12","010071","202000024213","0.8768","0.8768","","",""
"2023-05-15","010071","202000024213","0.8837","0.8837","","",""
"2023-05-16","010071","202000024213","0.8798","0.8798","","",""
"2023-05-17","010071","202000024213","0.8745","0.8745","","",""
"2023-05-18","010071","202000024213","0.8739","0.8739","","",""
"2023-05-19","010071","202000024213","0.8740","0.8740","","",""
"2023-05-22","010071","202000024213","0.8836","0.8836","","",""
"2023-05-23","010071","202000024213","0.8786","0.8786","","",""
"2023-05-24","010071","202000024213","0.8614","0.8614","","",""
"2023-05-25","010071","202000024213","0.8583","0.8583","","",""
"2023-05-26","010071","202000024213","0.8617","0.8617","","",""
"2023-05-29","010071","202000024213","0.8546","0.8546","","",""
"2023-05-30","010071","202000024213","0.8551","0.8551","","",""
"2023-05-31","010071","202000024213","0.8428","0.8428","","",""
"2023-06-01","010071","202000024213","0.8434","0.8434","","",""
"2023-06-02","010071","202000024213","0.8609","0.8609","","",""
"2023-06-05","010071","202000024213","0.8623","0.8623","","",""
"2023-06-06","010071","202000024213","0.8604","0.8604","","",""
"2023-06-07","010071","202000024213","0.8606","0.8606","","",""
"2023-06-08","010071","202000024213","0.8700","0.8700","","",""
"2023-06-09","010071","202000024213","0.8646","0.8646","","",""
"2023-06-12","010071","202000024213","0.8653","0.8653","","",""
"2023-06-13","010071","202000024213","0.8706","0.8706","","",""
"2023-06-14","010071","202000024213","0.8741","0.8741","","",""
"2023-06-15","010071","202000024213","0.8838","0.8838","","",""
"2023-06-16","010071","202000024213","0.8892","0.8892","","",""
"2023-06-19","010071","202000024213","0.8802","0.8802","","",""
"2023-06-20","010071","202000024213","0.8770","0.8770","","",""
"2023-06-21","010071","202000024213","0.8699","0.8699","","",""
"2023-06-26","010071","202000024213","0.8602","0.8602","","",""
"2023-06-27","010071","202000024213","0.8668","0.8668","","",""
"2023-06-28","010071","202000024213","0.8687","0.8687","","",""
"2023-06-29","010071","202000024213","0.8621","0.8621","","",""
"2023-06-30","010071","202000024213","0.8626","0.8626","","",""
"2023-07-03","010071","202000024213","0.8698","0.8698","","",""
"2023-07-04","010071","202000024213","0.8726","0.8726","","",""
"2023-07-05","010071","202000024213","0.8678","0.8678","","",""
"2023-07-06","010071","202000024213","0.8636","0.8636","","",""
"2023-07-07","010071","202000024213","0.8605","0.8605","","",""
"2023-07-10","010071","202000024213","0.8567","0.8567","","",""
"2023-07-11","010071","202000024213","0.8591","0.8591","","",""
"2023-07-12","010071","202000024213","0.8602","0.8602","","",""
"2023-07-13","010071","202000024213","0.8723","0.8723","","",""
"2023-07-14","010071","202000024213","0.8691","0.8691","","",""
"2023-07-17","010071","202000024213","0.8623","0.8623","","",""
"2023-07-18","010071","202000024213","0.8607","0.8607","","",""
"2023-07-19","010071","202000024213","0.8630","0.8630","","",""
"2023-07-20","010071","202000024213","0.8599","0.8599","","",""
"2023-07-21","010071","202000024213","0.8618","0.8618","","",""
"2023-07-24","010071","202000024213","0.8571","0.8571","","",""
"2023-07-25","010071","202000024213","0.8853","0.8853","","",""
"2023-07-26","010071","202000024213","0.8832","0.8832","","",""
"2023-07-27","010071","202000024213","0.8839","0.8839","","",""
"2023-07-28","010071","202000024213","0.9044","0.9044","","",""
"2023-07-31","010071","202000024213","0.9070","0.9070","","",""
"2023-08-01","010071","202000024213","0.9010","0.9010","","",""
"2023-08-02","010071","202000024213","0.8941","0.8941","","",""
"2023-08-03","010071","202000024213","0.8992","0.8992","","",""
"2023-08-04","010071","202000024213","0.9014","0.9014","","",""
"2023-08-07","010071","202000024213","0.8952","0.8952","","",""
"2023-08-08","010071","202000024213","0.8933","0.8933","","",""
"2023-08-09","010071","202000024213","0.8938","0.8938","","",""
"2023-08-10","010071","202000024213","0.8922","0.8922","","",""
"2023-08-11","010071","202000024213","0.8772","0.8772","","",""
"2023-08-14","010071","202000024213","0.8734","0.8734","","",""
"2023-08-15","010071","202000024213","0.8730","0.8730","","",""
"2023-08-16","010071","202000024213","0.8706","0.8706","","",""
"2023-08-17","010071","202000024213","0.8744","0.8744","","",""
"2023-08-18","010071","202000024213","0.8660","0.8660","","",""
"2023-08-21","010071","202000024213","0.8591","0.8591","","",""
"2023-08-22","010071","202000024213","0.8633","0.8633","","",""
"2023-08-23","010071","202000024213","0.8514","0.8514","","",""
"2023-08-24","010071","202000024213","0.8581","0.8581","","",""
"2023-08-25","010071","202000024213","0.8600","0.8600","","",""
"2023-08-28","010071","202000024213","0.8707","0.8707","","",""
"2023-08-29","010071","202000024213","0.8751","0.8751","","",""
"2023-08-30","010071","202000024213","0.8767","0.8767","","",""
"2023-08-31","010071","202000024213","0.8689","0.8689","","",""
"2023-09-01","010071","202000024213","0.8776","0.8776","","",""
"2023-09-04","010071","202000024213","0.8874","0.8874","","",""
"2023-09-05","010071","202000024213","0.8798","0.8798","","",""
"2023-09-06","010071","202000024213","0.8796","0.8796","","",""
"2023-09-07","010071","202000024213","0.8707","0.8707","","",""
"2023-09-08","010071","202000024213","0.8654","0.8654","","",""
"2023-09-11","010071","202000024213","0.8699","0.8699","","",""
"2023-09-12","010071","202000024213","0.8682","0.8682","","",""
"2023-09-13","010071","202000024213","0.8651","0.8651","","",""
"2023-09-14","010071","202000024213","0.8650","0.8650","","",""
"2023-09-15","010071","202000024213","0.8584","0.8584","","",""
"2023-09-18","010071","202000024213","0.8644","0.8644","","",""
"2023-09-19","010071","202000024213","0.8609","0.8609","","",""
"2023-09-20","010071","202000024213","0.8607","0.8607","","",""
"2023-09-21","010071","202000024213","0.8534","0.8534","","",""
"2023-09-22","010071","202000024213","0.8669","0.8669","","",""
"2023-09-25","010071","202000024213","0.8623","0.8623","","",""
"2023-09-26","010071","202000024213","0.8591","0.8591","","",""
"2023-09-27","010071","202000024213","0.8579","0.8579","","",""
"2023-09-28","010071","202000024213","0.8540","0.8540","","",""
"2023-10-09","010071","202000024213","0.8552","0.8552","","",""
"2023-10-10","010071","202000024213","0.8500","0.8500","","",""
"2023-10-11","010071","202000024213","0.8509","0.8509","","",""
"2023-10-12","010071","202000024213","0.8537","0.8537","","",""
"2023-10-13","010071","202000024213","0.8453","0.8453","","",""
"2023-10-16","010071","202000024213","0.8364","0.8364","","",""
"2023-10-17","010071","202000024213","0.8348","0.8348","","",""
"2023-10-18","010071","202000024213","0.8302","0.8302","","",""
"2023-10-19","010071","202000024213","0.8126","0.8126","","",""
"2023-10-20","010071","202000024213","0.8058","0.8058","","",""
"2023-10-23","010071","202000024213","0.8061","0.8061","","",""
"2023-10-24","010071","202000024213","0.8086","0.8086","","",""
"2023-10-25","010071","202000024213","0.8127","0.8127","","",""
"2023-10-26","010071","202000024213","0.8169","0.8169","","",""
"2023-10-27","010071","202000024213","0.8267","0.8267","","",""
"2023-10-30","010071","202000024213","0.8293","0.8293","","",""
"2023-10-31","010071","202000024213","0.8297","0.8297","","",""
"2023-11-01","010071","202000024213","0.8306","0.8306","","",""
"2023-11-02","010071","202000024213","0.8284","0.8284","","",""
"2023-11-03","010071","202000024213","0.8306","0.8306","","",""
"2023-11-06","010071","202000024213","0.8391","0.8391","","",""
"2023-11-07","010071","202000024213","0.8361","0.8361","","",""
"2023-11-08","010071","202000024213","0.8381","0.8381","","",""
"2023-11-09","010071","202000024213","0.8365","0.8365","","",""
"2023-11-10","010071","202000024213","0.8325","0.8325","","",""
"2023-11-13","010071","202000024213","0.8257","0.8257","","",""
"2023-11-14","010071","202000024213","0.8249","0.8249","","",""
"2023-11-15","010071","202000024213","0.8293","0.8293","","",""
"2023-11-16","010071","202000024213","0.8242","0.8242","","",""
"2023-11-17","010071","202000024213","0.8216","0.8216","","",""
"2023-11-20","010071","202000024213","0.8256","0.8256","","",""
"2023-11-21","010071","202000024213","0.8308","0.8308","","",""
"2023-11-22","010071","202000024213","0.8270","0.8270","","",""
"2023-11-23","010071","202000024213","0.8305","0.8305","","",""
"2023-11-24","010071","202000024213","0.8282","0.8282","","",""
"2023-11-27","010071","202000024213","0.8187","0.8187","","",""
"2023-11-28","010071","202000024213","0.8201","0.8201","","",""
"2023-11-29","010071","202000024213","0.8129","0.8129","","",""
"2023-11-30","010071","202000024213","0.8141","0.8141","","",""
"2023-12-01","010071","202000024213","0.8076","0.8076","","",""
"2023-12-04","010071","202000024213","0.7995","0.7995","","",""
"2023-12-05","010071","202000024213","0.7836","0.7836","","",""
"2023-12-06","010071","202000024213","0.7829","0.7829","","",""
"2023-12-07","010071","202000024213","0.7822","0.7822","","",""
"2023-12-08","010071","202000024213","0.7819","0.7819","","",""
"2023-12-11","010071","202000024213","0.7883","0.7883","","",""
"2023-12-12","010071","202000024213","0.7954","0.7954","","",""
"2023-12-13","010071","202000024213","0.7832","0.7832","","",""
"2023-12-14","010071","202000024213","0.7780","0.7780","","",""
"2023-12-15","010071","202000024213","0.7762","0.7762","","",""
"2023-12-18","010071","202000024213","0.7759","0.7759","","",""
"2023-12-19","010071","202000024213","0.7743","0.7743","","",""
"2023-12-20","010071","202000024213","0.7697","0.7697","","",""
"2023-12-21","010071","202000024213","0.7770","0.7770","","",""
"2023-12-22","010071","202000024213","0.7744","0.7744","","",""
"2023-12-25","010071","202000024213","0.7759","0.7759","","",""
"2023-12-26","010071","202000024213","0.7730","0.7730","","",""
"2023-12-27","010071","202000024213","0.7738","0.7738","","",""
"2023-12-28","010071","202000024213","0.7925","0.7925","","",""
"2023-12-29","010071","202000024213","0.7970","0.7970","","",""
"2023-12-31","010071","202000024213","0.8010","0.8010","","",""
"2024-01-02","010071","202000024213","0.7910","0.7910","","",""
"2024-01-03","010071","202000024213","0.7891","0.7891","","",""
"2024-01-04","010071","202000024213","0.7822","0.7822","","",""
"2024-01-05","010071","202000024213","0.7819","0.7819","","",""
"2024-01-08","010071","202000024213","0.7751","0.7751","","",""
"2024-01-09","010071","202000024213","0.7733","0.7733","","",""
"2024-01-10","010071","202000024213","0.7691","0.7691","","",""
"2024-01-11","010071","202000024213","0.7724","0.7724","","",""
"2024-01-12","010071","202000024213","0.7689","0.7689","","",""
"2024-01-15","010071","202000024213","0.7692","0.7692","","",""
"2024-01-16","010071","202000024213","0.7709","0.7709","","",""
"2024-01-17","010071","202000024213","0.7595","0.7595","","",""
"2024-01-18","010071","202000024213","0.7696","0.7696","","",""
"2024-01-19","010071","202000024213","0.7705","0.7705","","",""
"2024-01-22","010071","202000024213","0.7610","0.7610","","",""
"2024-01-23","010071","202000024213","0.7616","0.7616","","",""
"2024-01-24","010071","202000024213","0.7722","0.7722","","",""
"2024-01-25","010071","202000024213","0.7840","0.7840","","",""
"2024-01-26","010071","202000024213","0.7866","0.7866","","",""
"2024-01-29","010071","202000024213","0.7846","0.7846","","",""
"2024-01-30","010071","202000024213","0.7757","0.7757","","",""
"2024-01-31","010071","202000024213","0.7673","0.7673","","",""
"2024-02-01","010071","202000024213","0.7644","0.7644","","",""
"2024-02-02","010071","202000024213","0.7597","0.7597","","",""
"2024-02-05","010071","202000024213","0.7702","0.7702","","",""
"2024-02-06","010071","202000024213","0.7885","0.7885","","",""
"2024-02-07","010071","202000024213","0.7951","0.7951","","",""
"2024-02-08","010071","202000024213","0.7977","0.7977","","",""
"2024-02-19","010071","202000024213","0.8010","0.8010","","",""
"2024-02-20","010071","202000024213","0.8044","0.8044","","",""
"2024-02-21","010071","202000024213","0.8153","0.8153","","",""
"2024-02-22","010071","202000024213","0.8150","0.8150","","",""
"2024-02-23","010071","202000024213","0.8152","0.8152","","",""
"2024-02-26","010071","202000024213","0.8071","0.8071","","",""
"2024-02-27","010071","202000024213","0.8101","0.8101","","",""
"2024-02-28","010071","202000024213","0.8053","0.8053","","",""
"2024-02-29","010071","202000024213","0.8113","0.8113","","",""
"2024-03-01","010071","202000024213","0.8124","0.8124","","",""
"2024-03-04","010071","202000024213","0.8091","0.8091","","",""
"2024-03-05","010071","202000024213","0.8194","0.8194","","",""
"2024-03-06","010071","202000024213","0.8109","0.8109","","",""
"2024-03-07","010071","202000024213","0.8071","0.8071","","",""
"2024-03-08","010071","202000024213","0.8045","0.8045","","",""
"2024-03-11","010071","202000024213","0.8132","0.8132","","",""
"2024-03-12","010071","202000024213","0.8225","0.8225","","",""
"2024-03-13","010071","202000024213","0.8142","0.8142","","",""
"2024-03-14","010071","202000024213","0.8142","0.8142","","",""
"2024-03-15","010071","202000024213","0.8119","0.8119","","",""
"2024-03-18","010071","202000024213","0.8122","0.8122","","",""
"2024-03-19","010071","202000024213","0.8066","0.8066","","",""
"2024-03-20","010071","202000024213","0.8092","0.8092","","",""
"2024-03-21","010071","202000024213","0.8090","0.8090","","",""
"2024-03-22","010071","202000024213","0.8061","0.8061","","",""
"2024-03-25","010071","202000024213","0.8042","0.8042","","",""
"2024-03-26","010071","202000024213","0.8074","0.8074","","",""
"2024-03-27","010071","202000024213","0.8024","0.8024","","",""
"2024-03-28","010071","202000024213","0.8023","0.8023","","",""
"2024-03-29","010071","202000024213","0.7997","0.7997","","",""
"2024-04-01","010071","202000024213","0.8104","0.8104","","",""
"2023-04-03","011122","202000027875","0.6320","0.6320","","",""
"2023-04-04","011122","202000027875","0.6221","0.6221","","",""
"2023-04-06","011122","202000027875","0.6244","0.6244","","",""
"2023-04-07","011122","202000027875","0.6271","0.6271","","",""
"2023-04-10","011122","202000027875","0.6287","0.6287","","",""
"2023-04-11","011122","202000027875","0.6296","0.6296","","",""
"2023-04-12","011122","202000027875","0.6268","0.6268","","",""
"2023-04-13","011122","202000027875","0.6218","0.6218","","",""
"2023-04-14","011122","202000027875","0.6276","0.6276","","",""
"2023-04-17","011122","202000027875","0.6271","0.6271","","",""
"2023-04-18","011122","202000027875","0.6301","0.6301","","",""
"2023-04-19","011122","202000027875","0.6268","0.6268","","",""
"2023-04-20","011122","202000027875","0.6206","0.6206","","",""
"2023-04-21","011122","202000027875","0.6138","0.6138","","",""
"2023-04-24","011122","202000027875","0.6073","0.6073","","",""
"2023-04-25","011122","202000027875","0.5997","0.5997","","",""
"2023-04-26","011122","202000027875","0.6127","0.6127","","",""
"2023-04-27","011122","202000027875","0.6184","0.6184","","",""
"2023-04-28","011122","202000027875","0.6170","0.6170","","",""
"2023-05-04","011122","202000027875","0.6130","0.6130","","",""
"2023-05-05","011122","202000027875","0.6067","0.6067","","",""
"2023-05-08","011122","202000027875","0.6067","0.6067","","",""
"2023-05-09","011122","202000027875","0.5972","0.5972","","",""
"2023-05-10","011122","202000027875","0.6010","0.6010","","",""
"2023-05-11","011122","202000027875","0.6048","0.6048","","",""
"2023-05-12","011122","202000027875","0.6001","0.6001","","",""
"2023-05-15","011122","202000027875","0.6099","0.6099","","",""
"2023-05-16","011122","202000027875","0.6084","0.6084","","",""
"2023-05-17","011122","202000027875","0.6081","0.6081","","",""
"2023-05-18","011122","202000027875","0.6060","0.6060","","",""
"2023-05-19","011122","202000027875","0.6062","0.6062","","",""
"2023-05-22","011122","202000027875","0.6106","0.6106","","",""
"2023-05-23","011122","202000027875","0.6033","0.6033","","",""
"2023-05-24","011122","202000027875","0.6025","0.6025","","",""
"2023-05-25","011122","202000027875","0.6032","0.6032","","",""
"2023-05-26","011122","202000027875","0.6014","0.6014","","",""
"2023-05-29","011122","202000027875","0.5955","0.5955","","",""
"2023-05-30","011122","202000027875","0.5986","0.5986","","",""
"2023-05-31","011122","202000027875","0.5945","0.5945","","",""
"2023-06-01","011122","202000027875","0.5959","0.5959","","",""
"2023-06-02","011122","202000027875","0.6029","0.6029","","",""
"2023-06-05","011122","202000027875","0.6001","0.6001","","",""
"2023-06-06","011122","202000027875","0.5930","0.5930","","",""
"2023-06-07","011122","202000027875","0.5877","0.5877","","",""
"2023-06-08","011122","202000027875","0.5866","0.5866","","",""
"2023-06-09","011122","202000027875","0.5906","0.5906","","",""
"2023-06-12","011122","202000027875","0.5948","0.5948","","",""
"2023-06-13","011122","202000027875","0.5996","0.5996","","",""
"2023-06-14","011122","202000027875","0.5993","0.5993","","",""
"2023-06-15","011122","202000027875","0.6171","0.6171","","",""
"2023-06-16","011122","202000027875","0.6214","0.6214","","",""
"2023-06-19","011122","202000027875","0.6235","0.6235","","",""
"2023-06-20","011122","202000027875","0.6274","0.6274","","",""
"2023-06-21","011122","202000027875","0.6146","0.6146","","",""
"2023-06-26","011122","202000027875","0.6046","0.6046","","",""
"2023-06-27","011122","202000027875","0.6073","0.6073","","",""
"2023-06-28","011122","202000027875","0.6053","0.6053","","",""
"2023-06-29","011122","202000027875","0.6053","0.6053","","",""
"2023-06-30","011122","202000027875","0.6107","0.6107","","",""
"2023-07-03","011122","202000027875","0.6126","0.6126","","",""
"2023-07-04","011122","202000027875","0.6164","0.6164","","",""
"2023-07-05","011122","202000027875","0.6090","0.6090","","",""
"2023-07-06","011122","202000027875","0.6045","0.6045","","",""
"2023-07-07","011122","202000027875","0.5989","0.5989","","",""
"2023-07-10","011122","202000027875","0.6005","0.6005","","",""
"2023-07-11","011122","202000027875","0.6095","0.6095","","",""
"2023-07-12","011122","202000027875","0.6029","0.6029","","",""
"2023-07-13","011122","202000027875","0.6082","0.6082","","",""
"2023-07-14","011122","202000027875","0.6057","0.6057","","",""
"2023-07-17","011122","202000027875","0.6015","0.6015","","",""
"2023-07-18","011122","202000027875","0.6003","0.6003","","",""
"2023-07-19","011122","202000027875","0.5971","0.5971","","",""
"2023-07-20","011122","202000027875","0.5886","0.5886","","",""
"2023-07-21","011122","202000027875","0.5875","0.5875","","",""
"2023-07-24","011122","202000027875","0.5833","0.5833","","",""
"2023-07-25","011122","202000027875","0.5933","0.5933","","",""
"2023-07-26","011122","202000027875","0.5887","0.5887","","",""
"2023-07-27","011122","202000027875","0.5886","0.5886","","",""
"2023-07-28","011122","202000027875","0.5932","0.5932","","",""
"2023-07-31","011122","202000027875","0.5990","0.5990","","",""
"2023-08-01","011122","202000027875","0.5961","0.5961","","",""
"2023-08-02","011122","202000027875","0.5937","0.5937","","",""
"2023-08-03","011122","202000027875","0.5934","0.5934","","",""
"2023-08-04","011122","202000027875","0.6003","0.6003","","",""
"2023-08-07","011122","202000027875","0.5989","0.5989","","",""
"2023-08-08","011122","202000027875","0.5977","0.5977","","",""
"2023-08-09","011122","202000027875","0.5954","0.5954","","",""
"2023-08-10","011122","202000027875","0.5954","0.5954","","",""
"2023-08-11","011122","202000027875","0.5874","0.5874","","",""
"2023-08-14","011122","202000027875","0.5811","0.5811","","",""
"2023-08-15","011122","202000027875","0.5771","0.5771","","",""
"2023-08-16","011122","202000027875","0.5712","0.5712","","",""
"2023-08-17","011122","202000027875","0.5760","0.5760","","",""
"2023-08-18","011122","202000027875","0.5688","0.5688","","",""
"2023-08-21","011122","202000027875","0.5626","0.5626","","",""
"2023-08-22","011122","202000027875","0.5650","0.5650","","",""
"2023-08-23","011122","202000027875","0.5566","0.5566","","",""
"2023-08-24","011122","202000027875","0.5651","0.5651","","",""
"2023-08-25","011122","202000027875","0.5566","0.5566","","",""
"2023-08-28","011122","202000027875","0.5556","0.5556","","",""
"2023-08-29","011122","202000027875","0.5734","0.5734","","",""
"2023-08-30","011122","202000027875","0.5782","0.5782","","",""
"2023-08-31","011122","202000027875","0.5762","0.5762","","",""
"2023-09-01","011122","202000027875","0.5772","0.5772","","",""
"2023-09-04","011122","202000027875","0.5800","0.5800","","",""
"2023-09-05","011122","202000027875","0.5770","0.5770","","",""
"2023-09-06","011122","202000027875","0.5771","0.5771","","",""
"2023-09-07","011122","202000027875","0.5665","0.5665","","",""
"2023-09-08","011122","202000027875","0.5651","0.5651","","",""
"2023-09-11","011122","202000027875","0.5691","0.5691","","",""
"2023-09-12","011122","202000027875","0.5695","0.5695","","",""
"2023-09-13","011122","202000027875","0.5620","0.5620","","",""
"2023-09-14","011122","202000027875","0.5574","0.5574","","",""
"2023-09-15","011122","202000027875","0.5539","0.5539","","",""
"2023-09-18","011122","202000027875","0.5564","0.5564","","",""
"2023-09-19","011122","202000027875","0.5534","0.5534","","",""
"2023-09-20","011122","202000027875","0.5497","0.5497","","",""
"2023-09-21","011122","202000027875","0.5438","0.5438","","",""
"2023-09-22","011122","202000027875","0.5521","0.5521","","",""
"2023-09-25","011122","202000027875","0.5501","0.5501","","",""
"2023-09-26","011122","202000027875","0.5459","0.5459","","",""
"2023-09-27","011122","202000027875","0.5454","0.5454","","",""
"2023-09-28","011122","202000027875","0.5420","0.5420","","",""
"2023-10-09","011122","202000027875","0.5452","0.5452","","",""
"2023-10-10","011122","202000027875","0.5407","0.5407","","",""
"2023-10-11","011122","202000027875","0.5413","0.5413","","",""
"2023-10-12","011122","202000027875","0.5437","0.5437","","",""
"2023-10-13","011122","202000027875","0.5363","0.5363","","",""
"2023-10-16","011122","202000027875","0.5313","0.5313","","",""
"2023-10-17","011122","202000027875","0.5316","0.5316","","",""
"2023-10-18","011122","202000027875","0.5282","0.5282","","",""
"2023-10-19","011122","202000027875","0.5202","0.5202","","",""
"2023-10-20","011122","202000027875","0.5127","0.5127","","",""
"2023-10-23","011122","202000027875","0.5060","0.5060","","",""
"2023-10-24","011122","202000027875","0.5080","0.5080","","",""
"2023-10-25","011122","202000027875","0.5068","0.5068","","",""
"2023-10-26","011122","202000027875","0.5073","0.5073","","",""
"2023-10-27","011122","202000027875","0.5161","0.5161","","",""
"2023-10-30","011122","202000027875","0.5239","0.5239","","",""
"2023-10-31","011122","202000027875","0.5216","0.5216","","",""
"2023-11-01","011122","202000027875","0.5204","0.5204","","",""
"2023-11-02","011122","202000027875","0.5165","0.5165","","",""
"2023-11-03","011122","202000027875","0.5218","0.5218","","",""
"2023-11-06","011122","202000027875","0.5321","0.5321","","",""
"2023-11-07","011122","202000027875","0.5286","0.5286","","",""
"2023-11-08","011122","202000027875","0.5289","0.5289","","",""
"2023-11-09","011122","202000027875","0.5261","0.5261","","",""
"2023-11-10","011122","202000027875","0.5221","0.5221","","",""
"2023-11-13","011122","202000027875","0.5203","0.5203","","",""
"2023-11-14","011122","202000027875","0.5189","0.5189","","",""
"2023-11-15","011122","202000027875","0.5227","0.5227","","",""
"2023-11-16","011122","202000027875","0.5187","0.5187","","",""
"2023-11-17","011122","202000027875","0.5229","0.5229","","",""
"2023-11-20","011122","202000027875","0.5258","0.5258","","",""
"2023-11-21","011122","202000027875","0.5230","0.5230","","",""
"2023-11-22","011122","202000027875","0.5167","0.5167","","",""
"2023-11-23","011122","202000027875","0.5226","0.5226","","",""
"2023-11-24","011122","202000027875","0.5170","0.5170","","",""
"2023-11-27","011122","202000027875","0.5167","0.5167","","",""
"2023-11-28","011122","202000027875","0.5198","0.5198","","",""
"2023-11-29","011122","202000027875","0.5173","0.5173","","",""
"2023-11-30","011122","202000027875","0.5171","0.5171","","",""
"2023-12-01","011122","202000027875","0.5147","0.5147","","",""
"2023-12-04","011122","202000027875","0.5102","0.5102","","",""
"2023-12-05","011122","202000027875","0.5022","0.5022","","",""
"2023-12-06","011122","202000027875","0.5030","0.5030","","",""
"2023-12-07","011122","202000027875","0.5023","0.5023","","",""
"2023-12-08","011122","202000027875","0.5035","0.5035","","",""
"2023-12-11","011122","202000027875","0.5078","0.5078","","",""
"2023-12-12","011122","202000027875","0.5081","0.5081","","",""
"2023-12-13","011122","202000027875","0.5037","0.5037","","",""
"2023-12-14","011122","202000027875","0.5019","0.5019","","",""
"2023-12-15","011122","202000027875","0.4988","0.4988","","",""
"2023-12-18","011122","202000027875","0.4960","0.4960","","",""
"2023-12-19","011122","202000027875","0.4958","0.4958","","",""
"2023-12-20","011122","202000027875","0.4920","0.4920","","",""
"2023-12-21","011122","202000027875","0.4954","0.4954","","",""
"2023-12-22","011122","202000027875","0.4954","0.4954","","",""
"2023-12-25","011122","202000027875","0.4969","0.4969","","",""
"2023-12-26","011122","202000027875","0.4944","0.4944","","",""
"2023-12-27","011122","202000027875","0.4982","0.4982","","",""
"2023-12-28","011122","202000027875","0.5031","0.5031","","",""
"2023-12-29","011122","202000027875","0.5060","0.5060","","",""
"2023-12-31","011122","202000027875","0.5060","0.5060","","",""
"2024-01-02","011122","202000027875","0.4991","0.4991","","",""
"2024-01-03","011122","202000027875","0.4970","0.4970","","",""
"2024-01-04","011122","202000027875","0.4940","0.4940","","",""
"2024-01-05","011122","202000027875","0.4899","0.4899","","",""
"2024-01-08","011122","202000027875","0.4826","0.4826","","",""
"2024-01-09","011122","202000027875","0.4821","0.4821","","",""
"2024-01-10","011122","202000027875","0.4818","0.4818","","",""
"2024-01-11","011122","202000027875","0.4832","0.4832","","",""
"2024-01-12","011122","202000027875","0.4817","0.4817","","",""
"2024-01-15","011122","202000027875","0.4809","0.4809","","",""
"2024-01-16","011122","202000027875","0.4821","0.4821","","",""
"2024-01-17","011122","202000027875","0.4727","0.4727","","",""
"2024-01-18","011122","202000027875","0.4762","0.4762","","",""
"2024-01-19","011122","202000027875","0.4750","0.4750","","",""
"2024-01-22","011122","202000027875","0.4649","0.4649","","",""
"2024-01-23","011122","202000027875","0.4657","0.4657","","",""
"2024-01-24","011122","202000027875","0.4697","0.4697","","",""
"2024-01-25","011122","202000027875","0.4778","0.4778","","",""
"2024-01-26","011122","202000027875","0.4730","0.4730","","",""
"2024-01-29","011122","202000027875","0.4688","0.4688","","",""
"2024-01-30","011122","202000027875","0.4607","0.4607","","",""
"2024-01-31","011122","202000027875","0.4571","0.4571","","",""
"2024-02-01","011122","202000027875","0.4585","0.4585","","",""
"2024-02-02","011122","202000027875","0.4533","0.4533","","",""
"2024-02-05","011122","202000027875","0.4552","0.4552","","",""
"2024-02-06","011122","202000027875","0.4705","0.4705","","",""
"2024-02-07","011122","202000027875","0.4761","0.4761","","",""
"2024-02-08","011122","202000027875","0.4756","0.4756","","",""
"2024-02-19","011122","202000027875","0.4833","0.4833","","",""
"2024-02-20","011122","202000027875","0.4855","0.4855","","",""
"2024-02-21","011122","202000027875","0.4861","0.4861","","",""
"2024-02-22","011122","202000027875","0.4887","0.4887","","",""
"2024-02-23","011122","202000027875","0.4901","0.4901","","",""
"2024-02-26","011122","202000027875","0.4879","0.4879","","",""
"2024-02-27","011122","202000027875","0.4967","0.4967","","",""
"2024-02-28","011122","202000027875","0.4875","0.4875","","",""
"2024-02-29","011122","202000027875","0.5003","0.5003","","",""
"2024-03-01","011122","202000027875","0.5035","0.5035","","",""
"2024-03-04","011122","202000027875","0.5087","0.5087","","",""
"2024-03-05","011122","202000027875","0.5100","0.5100","","",""
"2024-03-06","011122","202000027875","0.5074","0.5074","","",""
"2024-03-07","011122","202000027875","0.5031","0.5031","","",""
"2024-03-08","011122","202000027875","0.5094","0.5094","","",""
"2024-03-11","011122","202000027875","0.5141","0.5141","","",""
"2024-03-12","011122","202000027875","0.5150","0.5150","","",""
"2024-03-13","011122","202000027875","0.5147","0.5147","","",""
"2024-03-14","011122","202000027875","0.5145","0.5145","","",""
"2024-03-15","011122","202000027875","0.5165","0.5165","","",""
"2024-03-18","011122","202000027875","0.5232","0.5232","","",""
"2024-03-19","011122","202000027875","0.5185","0.5185","","",""
"2024-03-20","011122","202000027875","0.5209","0.5209","","",""
"2024-03-21","011122","202000027875","0.5225","0.5225","","",""
"2024-03-22","011122","202000027875","0.5179","0.5179","","",""
"2024-03-25","011122","202000027875","0.5153","0.5153","","",""
"2024-03-26","011122","202000027875","0.5134","0.5134","","",""
"2024-03-27","011122","202000027875","0.5077","0.5077","","",""
"2024-03-28","011122","202000027875","0.5115","0.5115","","",""
"2024-03-29","011122","202000027875","0.5142","0.5142","","",""
"2024-04-01","011122","202000027875","0.5204","0.5204","","",""
"2023-04-03","011123","202000027876","0.6229","0.6229","","",""
"2023-04-04","011123","202000027876","0.6131","0.6131","","",""
"2023-04-06","011123","202000027876","0.6154","0.6154","","",""
"2023-04-07","011123","202000027876","0.6180","0.6180","","",""
"2023-04-10","011123","202000027876","0.6196","0.6196","","",""
"2023-04-11","011123","202000027876","0.6204","0.6204","","",""
"2023-04-12","011123","202000027876","0.6177","0.6177","","",""
"2023-04-13","011123","202000027876","0.6127","0.6127","","",""
"2023-04-14","011123","202000027876","0.6184","0.6184","","",""
"2023-04-17","011123","202000027876","0.6178","0.6178","","",""
"2023-04-18","011123","202000027876","0.6208","0.6208","","",""
"2023-04-19","011123","202000027876","0.6175","0.6175","","",""
"2023-04-20","011123","202000027876","0.6114","0.6114","","",""
"2023-04-21","011123","202000027876","0.6047","0.6047","","",""
"2023-04-24","011123","202000027876","0.5983","0.5983","","",""
"2023-04-25","011123","202000027876","0.5908","0.5908","","",""
"2023-04-26","011123","202000027876","0.6035","0.6035","","",""
"2023-04-27","011123","202000027876","0.6092","0.6092","","",""
"2023-04-28","011123","202000027876","0.6078","0.6078","","",""
"2023-05-04","011123","202000027876","0.6038","0.6038","","",""
"2023-05-05","011123","202000027876","0.5975","0.5975","","",""
"2023-05-08","011123","202000027876","0.5974","0.5974","","",""
"2023-05-09","011123","202000027876","0.5881","0.5881","","",""
"2023-05-10","011123","202000027876","0.5919","0.5919","","",""
"2023-05-11","011123","202000027876","0.5955","0.5955","","",""
"2023-05-12","011123","202000027876","0.5909","0.5909","","",""
"2023-05-15","011123","202000027876","0.6006","0.6006","","",""
"2023-05-16","011123","202000027876","0.5990","0.5990","","",""
"2023-05-17","011123","202000027876","0.5987","0.5987","","",""
"2023-05-18","011123","202000027876","0.5966","0.5966","","",""
"2023-05-19","011123","202000027876","0.5969","0.5969","","",""
"2023-05-22","011123","202000027876","0.6012","0.6012","","",""
"2023-05-23","011123","202000027876","0.5940","0.5940","","",""
"2023-05-24","011123","202000027876","0.5932","0.5932","","",""
"2023-05-25","011123","202000027876","0.5938","0.5938","","",""
"2023-05-26","011123","202000027876","0.5920","0.5920","","",""
"2023-05-29","011123","202000027876","0.5862","0.5862","","",""
"2023-05-30","011123","202000027876","0.5892","0.5892","","",""
"2023-05-31","011123","202000027876","0.5852","0.5852","","",""
"2023-06-01","011123","202000027876","0.5865","0.5865","","",""
"2023-06-02","011123","202000027876","0.5934","0.5934","","",""
"2023-06-05","011123","202000027876","0.5906","0.5906","","",""
"2023-06-06","011123","202000027876","0.5837","0.5837","","",""
"2023-06-07","011123","202000027876","0.5784","0.5784","","",""
"2023-06-08","011123","202000027876","0.5773","0.5773","","",""
"2023-06-09","011123","202000027876","0.5813","0.5813","","",""
"2023-06-12","011123","202000027876","0.5853","0.5853","","",""
"2023-06-13","011123","202000027876","0.5900","0.5900","","",""
"2023-06-14","011123","202000027876","0.5897","0.5897","","",""
"2023-06-15","011123","202000027876","0.6072","0.6072","","",""
"2023-06-16","011123","202000027876","0.6114","0.6114","","",""
"2023-06-19","011123","202000027876","0.6135","0.6135","","",""
"2023-06-20","011123","202000027876","0.6173","0.6173","","",""
"2023-06-21","011123","202000027876","0.6047","0.6047","","",""
"2023-06-26","011123","202000027876","0.5947","0.5947","","",""
"2023-06-27","011123","202000027876","0.5975","0.5975","","",""
"2023-06-28","011123","202000027876","0.5954","0.5954","","",""
"2023-06-29","011123","202000027876","0.5955","0.5955","","",""
"2023-06-30","011123","202000027876","0.6007","0.6007","","",""
"2023-07-03","011123","202000027876","0.6026","0.6026","","",""
"2023-07-04","011123","202000027876","0.6063","0.6063","","",""
"2023-07-05","011123","202000027876","0.5990","0.5990","","",""
"2023-07-06","011123","202000027876","0.5945","0.5945","","",""
"2023-07-07","011123","202000027876","0.5890","0.5890","","",""
"2023-07-10","011123","202000027876","0.5906","0.5906","","",""
"2023-07-11","011123","202000027876","0.5995","0.5995","","",""
"2023-07-12","011123","202000027876","0.5929","0.5929","","",""
"2023-07-13","011123","202000027876","0.5981","0.5981","","",""
"2023-07-14","011123","202000027876","0.5956","0.5956","","",""
"2023-07-17","011123","202000027876","0.5915","0.5915","","",""
"2023-07-18","011123","202000027876","0.5903","0.5903","","",""
"2023-07-19","011123","202000027876","0.5871","0.5871","","",""
"2023-07-20","011123","202000027876","0.5788","0.5788","","",""
"2023-07-21","011123","202000027876","0.5776","0.5776","","",""
"2023-07-24","011123","202000027876","0.5735","0.5735","","",""
"2023-07-25","011123","202000027876","0.5833","0.5833","","",""
"2023-07-26","011123","202000027876","0.5788","0.5788","","",""
"2023-07-27","011123","202000027876","0.5786","0.5786","","",""
"2023-07-28","011123","202000027876","0.5832","0.5832","","",""
"2023-07-31","011123","202000027876","0.5888","0.5888","","",""
"2023-08-01","011123","202000027876","0.5860","0.5860","","",""
"2023-08-02","011123","202000027876","0.5836","0.5836","","",""
"2023-08-03","011123","202000027876","0.5833","0.5833","","",""
"2023-08-04","011123","202000027876","0.5901","0.5901","","",""
"2023-08-07","011123","202000027876","0.5886","0.5886","","",""
"2023-08-08","011123","202000027876","0.5874","0.5874","","",""
"2023-08-09","011123","202000027876","0.5852","0.5852","","",""
"2023-08-10","011123","202000027876","0.5852","0.5852","","",""
"2023-08-11","011123","202000027876","0.5773","0.5773","","",""
"2023-08-14","011123","202000027876","0.5710","0.5710","","",""
"2023-08-15","011123","202000027876","0.5671","0.5671","","",""
"2023-08-16","011123","202000027876","0.5613","0.5613","","",""
"2023-08-17","011123","202000027876","0.5660","0.5660","","",""
"2023-08-18","011123","202000027876","0.5589","0.5589","","",""
"2023-08-21","011123","202000027876","0.5528","0.5528","","",""
"2023-08-22","011123","202000027876","0.5551","0.5551","","",""
"2023-08-23","011123","202000027876","0.5469","0.5469","","",""
"2023-08-24","011123","202000027876","0.5552","0.5552","","",""
"2023-08-25","011123","202000027876","0.5468","0.5468","","",""
"2023-08-28","011123","202000027876","0.5458","0.5458","","",""
"2023-08-29","011123","202000027876","0.5633","0.5633","","",""
"2023-08-30","011123","202000027876","0.5680","0.5680","","",""
"2023-08-31","011123","202000027876","0.5661","0.5661","","",""
"2023-09-01","011123","202000027876","0.5670","0.5670","","",""
"2023-09-04","011123","202000027876","0.5697","0.5697","","",""
"2023-09-05","011123","202000027876","0.5668","0.5668","","",""
"2023-09-06","011123","202000027876","0.5669","0.5669","","",""
"2023-09-07","011123","202000027876","0.5564","0.5564","","",""
"2023-09-08","011123","202000027876","0.5550","0.5550","","",""
"2023-09-11","011123","202000027876","0.5589","0.5589","","",""
"2023-09-12","011123","202000027876","0.5592","0.5592","","",""
"2023-09-13","011123","202000027876","0.5519","0.5519","","",""
"2023-09-14","011123","202000027876","0.5474","0.5474","","",""
"2023-09-15","011123","202000027876","0.5439","0.5439","","",""
"2023-09-18","011123","202000027876","0.5464","0.5464","","",""
"2023-09-19","011123","202000027876","0.5434","0.5434","","",""
"2023-09-20","011123","202000027876","0.5397","0.5397","","",""
"2023-09-21","011123","202000027876","0.5340","0.5340","","",""
"2023-09-22","011123","202000027876","0.5421","0.5421","","",""
"2023-09-25","011123","202000027876","0.5401","0.5401","","",""
"2023-09-26","011123","202000027876","0.5359","0.5359","","",""
"2023-09-27","011123","202000027876","0.5354","0.5354","","",""
"2023-09-28","011123","202000027876","0.5321","0.5321","","",""
"2023-10-09","011123","202000027876","0.5351","0.5351","","",""
"2023-10-10","011123","202000027876","0.5307","0.5307","","",""
"2023-10-11","011123","202000027876","0.5313","0.5313","","",""
"2023-10-12","011123","202000027876","0.5336","0.5336","","",""
"2023-10-13","011123","202000027876","0.5263","0.5263","","",""
"2023-10-16","011123","202000027876","0.5214","0.5214","","",""
"2023-10-17","011123","202000027876","0.5216","0.5216","","",""
"2023-10-18","011123","202000027876","0.5183","0.5183","","",""
"2023-10-19","011123","202000027876","0.5104","0.5104","","",""
"2023-10-20","011123","202000027876","0.5031","0.5031","","",""
"2023-10-23","011123","202000027876","0.4965","0.4965","","",""
"2023-10-24","011123","202000027876","0.4984","0.4984","","",""
"2023-10-25","011123","202000027876","0.4972","0.4972","","",""
"2023-10-26","011123","202000027876","0.4977","0.4977","","",""
"2023-10-27","011123","202000027876","0.5063","0.5063","","",""
"2023-10-30","011123","202000027876","0.5139","0.5139","","",""
"2023-10-31","011123","202000027876","0.5117","0.5117","","",""
"2023-11-01","011123","202000027876","0.5105","0.5105","","",""
"2023-11-02","011123","202000027876","0.5067","0.5067","","",""
"2023-11-03","011123","202000027876","0.5119","0.5119","","",""
"2023-11-06","011123","202000027876","0.5219","0.5219","","",""
"2023-11-07","011123","202000027876","0.5185","0.5185","","",""
"2023-11-08","011123","202000027876","0.5188","0.5188","","",""
"2023-11-09","011123","202000027876","0.5160","0.5160","","",""
"2023-11-10","011123","202000027876","0.5121","0.5121","","",""
"2023-11-13","011123","202000027876","0.5102","0.5102","","",""
"2023-11-14","011123","202000027876","0.5089","0.5089","","",""
"2023-11-15","011123","202000027876","0.5126","0.5126","","",""
"2023-11-16","011123","202000027876","0.5087","0.5087","","",""
"2023-11-17","011123","202000027876","0.5128","0.5128","","",""
"2023-11-20","011123","202000027876","0.5156","0.5156","","",""
"2023-11-21","011123","202000027876","0.5128","0.5128","","",""
"2023-11-22","011123","202000027876","0.5067","0.5067","","",""
"2023-11-23","011123","202000027876","0.5124","0.5124","","",""
"2023-11-24","011123","202000027876","0.5070","0.5070","","",""
"2023-11-27","011123","202000027876","0.5065","0.5065","","",""
"2023-11-28","011123","202000027876","0.5096","0.5096","","",""
"2023-11-29","011123","202000027876","0.5071","0.5071","","",""
"2023-11-30","011123","202000027876","0.5070","0.5070","","",""
"2023-12-01","011123","202000027876","0.5046","0.5046","","",""
"2023-12-04","011123","202000027876","0.5001","0.5001","","",""
"2023-12-05","011123","202000027876","0.4922","0.4922","","",""
"2023-12-06","011123","202000027876","0.4931","0.4931","","",""
"2023-12-07","011123","202000027876","0.4924","0.4924","","",""
"2023-12-08","011123","202000027876","0.4935","0.4935","","",""
"2023-12-11","011123","202000027876","0.4977","0.4977","","",""
"2023-12-12","011123","202000027876","0.4980","0.4980","","",""
"2023-12-13","011123","202000027876","0.4937","0.4937","","",""
"2023-12-14","011123","202000027876","0.4919","0.4919","","",""
"2023-12-15","011123","202000027876","0.4888","0.4888","","",""
"2023-12-18","011123","202000027876","0.4861","0.4861","","",""
"2023-12-19","011123","202000027876","0.4859","0.4859","","",""
"2023-12-20","011123","202000027876","0.4822","0.4822","","",""
"2023-12-21","011123","202000027876","0.4855","0.4855","","",""
"2023-12-22","011123","202000027876","0.4855","0.4855","","",""
"2023-12-25","011123","202000027876","0.4869","0.4869","","",""
"2023-12-26","011123","202000027876","0.4844","0.4844","","",""
"2023-12-27","011123","202000027876","0.4881","0.4881","","",""
"2023-12-28","011123","202000027876","0.4929","0.4929","","",""
"2023-12-29","011123","202000027876","0.4958","0.4958","","",""
"2023-12-31","011123","202000027876","0.4957","0.4957","","",""
"2024-01-02","011123","202000027876","0.4889","0.4889","","",""
"2024-01-03","011123","202000027876","0.4868","0.4868","","",""
"2024-01-04","011123","202000027876","0.4839","0.4839","","",""
"2024-01-05","011123","202000027876","0.4799","0.4799","","",""
"2024-01-08","011123","202000027876","0.4727","0.4727","","",""
"2024-01-09","011123","202000027876","0.4722","0.4722","","",""
"2024-01-10","011123","202000027876","0.4719","0.4719","","",""
"2024-01-11","011123","202000027876","0.4733","0.4733","","",""
"2024-01-12","011123","202000027876","0.4718","0.4718","","",""
"2024-01-15","011123","202000027876","0.4710","0.4710","","",""
"2024-01-16","011123","202000027876","0.4721","0.4721","","",""
"2024-01-17","011123","202000027876","0.4629","0.4629","","",""
"2024-01-18","011123","202000027876","0.4663","0.4663","","",""
"2024-01-19","011123","202000027876","0.4652","0.4652","","",""
"2024-01-22","011123","202000027876","0.4552","0.4552","","",""
"2024-01-23","011123","202000027876","0.4560","0.4560","","",""
"2024-01-24","011123","202000027876","0.4599","0.4599","","",""
"2024-01-25","011123","202000027876","0.4678","0.4678","","",""
"2024-01-26","011123","202000027876","0.4631","0.4631","","",""
"2024-01-29","011123","202000027876","0.4590","0.4590","","",""
"2024-01-30","011123","202000027876","0.4511","0.4511","","",""
"2024-01-31","011123","202000027876","0.4475","0.4475","","",""
"2024-02-01","011123","202000027876","0.4488","0.4488","","",""
"2024-02-02","011123","202000027876","0.4438","0.4438","","",""
"2024-02-05","011123","202000027876","0.4456","0.4456","","",""
"2024-02-06","011123","202000027876","0.4605","0.4605","","",""
"2024-02-07","011123","202000027876","0.4661","0.4661","","",""
"2024-02-08","011123","202000027876","0.4656","0.4656","","",""
"2024-02-19","011123","202000027876","0.4730","0.4730","","",""
"2024-02-20","011123","202000027876","0.4751","0.4751","","",""
"2024-02-21","011123","202000027876","0.4757","0.4757","","",""
"2024-02-22","011123","202000027876","0.4782","0.4782","","",""
"2024-02-23","011123","202000027876","0.4796","0.4796","","",""
"2024-02-26","011123","202000027876","0.4774","0.4774","","",""
"2024-02-27","011123","202000027876","0.4860","0.4860","","",""
"2024-02-28","011123","202000027876","0.4770","0.4770","","",""
"2024-02-29","011123","202000027876","0.4895","0.4895","","",""
"2024-03-01","011123","202000027876","0.4926","0.4926","","",""
"2024-03-04","011123","202000027876","0.4977","0.4977","","",""
"2024-03-05","011123","202000027876","0.4989","0.4989","","",""
"2024-03-06","011123","202000027876","0.4964","0.4964","","",""
"2024-03-07","011123","202000027876","0.4921","0.4921","","",""
"2024-03-08","011123","202000027876","0.4984","0.4984","","",""
"2024-03-11","011123","202000027876","0.5029","0.5029","","",""
"2024-03-12","011123","202000027876","0.5038","0.5038","","",""
"2024-03-13","011123","202000027876","0.5035","0.5035","","",""
"2024-03-14","011123","202000027876","0.5032","0.5032","","",""
"2024-03-15","011123","202000027876","0.5052","0.5052","","",""
"2024-03-18","011123","202000027876","0.5117","0.5117","","",""
"2024-03-19","011123","202000027876","0.5071","0.5071","","",""
"2024-03-20","011123","202000027876","0.5094","0.5094","","",""
"2024-03-21","011123","202000027876","0.5110","0.5110","","",""
"2024-03-22","011123","202000027876","0.5065","0.5065","","",""
"2024-03-25","011123","202000027876","0.5039","0.5039","","",""
"2024-03-26","011123","202000027876","0.5020","0.5020","","",""
"2024-03-27","011123","202000027876","0.4965","0.4965","","",""
"2024-03-28","011123","202000027876","0.5001","0.5001","","",""
"2024-03-29","011123","202000027876","0.5028","0.5028","","",""
"2024-04-01","011123","202000027876","0.5088","0.5088","","",""
"2023-04-03","011149","202000024890","1.1677","1.1677","","",""
"2023-04-04","011149","202000024890","1.1671","1.1671","","",""
"2023-04-06","011149","202000024890","1.1911","1.1911","","",""
"2023-04-07","011149","202000024890","1.2118","1.2118","","",""
"2023-04-10","011149","202000024890","1.1819","1.1819","","",""
"2023-04-11","011149","202000024890","1.1879","1.1879","","",""
"2023-04-12","011149","202000024890","1.2159","1.2159","","",""
"2023-04-13","011149","202000024890","1.1868","1.1868","","",""
"2023-04-14","011149","202000024890","1.2052","1.2052","","",""
"2023-04-17","011149","202000024890","1.1847","1.1847","","",""
"2023-04-18","011149","202000024890","1.2115","1.2115","","",""
"2023-04-19","011149","202000024890","1.2083","1.2083","","",""
"2023-04-20","011149","202000024890","1.2445","1.2445","","",""
"2023-04-21","011149","202000024890","1.1816","1.1816","","",""
"2023-04-24","011149","202000024890","1.1838","1.1838","","",""
"2023-04-25","011149","202000024890","1.1614","1.1614","","",""
"2023-04-26","011149","202000024890","1.1292","1.1292","","",""
"2023-04-27","011149","202000024890","1.1109","1.1109","","",""
"2023-04-28","011149","202000024890","1.1558","1.1558","","",""
"2023-05-04","011149","202000024890","1.1339","1.1339","","",""
"2023-05-05","011149","202000024890","1.1109","1.1109","","",""
"2023-05-08","011149","202000024890","1.1179","1.1179","","",""
"2023-05-09","011149","202000024890","1.1131","1.1131","","",""
"2023-05-10","011149","202000024890","1.0908","1.0908","","",""
"2023-05-11","011149","202000024890","1.0920","1.0920","","",""
"2023-05-12","011149","202000024890","1.0905","1.0905","","",""
"2023-05-15","011149","202000024890","1.1019","1.1019","","",""
"2023-05-16","011149","202000024890","1.0942","1.0942","","",""
"2023-05-17","011149","202000024890","1.0970","1.0970","","",""
"2023-05-18","011149","202000024890","1.1444","1.1444","","",""
"2023-05-19","011149","202000024890","1.1372","1.1372","","",""
"2023-05-22","011149","202000024890","1.1146","1.1146","","",""
"2023-05-23","011149","202000024890","1.1037","1.1037","","",""
"2023-05-24","011149","202000024890","1.1071","1.1071","","",""
"2023-05-25","011149","202000024890","1.1241","1.1241","","",""
"2023-05-26","011149","202000024890","1.1350","1.1350","","",""
"2023-05-29","011149","202000024890","1.1373","1.1373","","",""
"2023-05-30","011149","202000024890","1.1566","1.1566","","",""
"2023-05-31","011149","202000024890","1.1636","1.1636","","",""
"2023-06-01","011149","202000024890","1.1688","1.1688","","",""
"2023-06-02","011149","202000024890","1.1652","1.1652","","",""
"2023-06-05","011149","202000024890","1.1733","1.1733","","",""
"2023-06-06","011149","202000024890","1.1492","1.1492","","",""
"2023-06-07","011149","202000024890","1.1555","1.1555","","",""
"2023-06-08","011149","202000024890","1.1436","1.1436","","",""
"2023-06-09","011149","202000024890","1.1781","1.1781","","",""
"2023-06-12","011149","202000024890","1.1881","1.1881","","",""
"2023-06-13","011149","202000024890","1.1985","1.1985","","",""
"2023-06-14","011149","202000024890","1.2102","1.2102","","",""
"2023-06-15","011149","202000024890","1.1988","1.1988","","",""
"2023-06-16","011149","202000024890","1.2246","1.2246","","",""
"2023-06-19","011149","202000024890","1.2492","1.2492","","",""
"2023-06-20","011149","202000024890","1.2588","1.2588","","",""
"2023-06-21","011149","202000024890","1.2251","1.2251","","",""
"2023-06-26","011149","202000024890","1.1910","1.1910","","",""
"2023-06-27","011149","202000024890","1.1950","1.1950","","",""
"2023-06-28","011149","202000024890","1.1958","1.1958","","",""
"2023-06-29","011149","202000024890","1.2018","1.2018","","",""
"2023-06-30","011149","202000024890","1.2188","1.2188","","",""
"2023-07-03","011149","202000024890","1.2121","1.2121","","",""
"2023-07-04","011149","202000024890","1.2258","1.2258","","",""
"2023-07-05","011149","202000024890","1.2053","1.2053","","",""
"2023-07-06","011149","202000024890","1.2076","1.2076","","",""
"2023-07-07","011149","202000024890","1.1997","1.1997","","",""
"2023-07-10","011149","202000024890","1.1834","1.1834","","",""
"2023-07-11","011149","202000024890","1.1988","1.1988","","",""
"2023-07-12","011149","202000024890","1.1795","1.1795","","",""
"2023-07-13","011149","202000024890","1.2063","1.2063","","",""
"2023-07-14","011149","202000024890","1.2099","1.2099","","",""
"2023-07-17","011149","202000024890","1.2016","1.2016","","",""
"2023-07-18","011149","202000024890","1.1974","1.1974","","",""
"2023-07-19","011149","202000024890","1.1872","1.1872","","",""
"2023-07-20","011149","202000024890","1.1564","1.1564","","",""
"2023-07-21","011149","202000024890","1.1554","1.1554","","",""
"2023-07-24","011149","202000024890","1.1566","1.1566","","",""
"2023-07-25","011149","202000024890","1.1815","1.1815","","",""
"2023-07-26","011149","202000024890","1.1703","1.1703","","",""
"2023-07-27","011149","202000024890","1.1644","1.1644","","",""
"2023-07-28","011149","202000024890","1.1771","1.1771","","",""
"2023-07-31","011149","202000024890","1.1783","1.1783","","",""
"2023-08-01","011149","202000024890","1.1780","1.1780","","",""
"2023-08-02","011149","202000024890","1.1756","1.1756","","",""
"2023-08-03","011149","202000024890","1.1759","1.1759","","",""
"2023-08-04","011149","202000024890","1.1933","1.1933","","",""
"2023-08-07","011149","202000024890","1.1887","1.1887","","",""
"2023-08-08","011149","202000024890","1.1789","1.1789","","",""
"2023-08-09","011149","202000024890","1.1573","1.1573","","",""
"2023-08-10","011149","202000024890","1.1553","1.1553","","",""
"2023-08-11","011149","202000024890","1.1367","1.1367","","",""
"2023-08-14","011149","202000024890","1.1375","1.1375","","",""
"2023-08-15","011149","202000024890","1.1259","1.1259","","",""
"2023-08-16","011149","202000024890","1.1119","1.1119","","",""
"2023-08-17","011149","202000024890","1.1275","1.1275","","",""
"2023-08-18","011149","202000024890","1.1053","1.1053","","",""
"2023-08-21","011149","202000024890","1.0982","1.0982","","",""
"2023-08-22","011149","202000024890","1.1111","1.1111","","",""
"2023-08-23","011149","202000024890","1.0862","1.0862","","",""
"2023-08-24","011149","202000024890","1.0958","1.0958","","",""
"2023-08-25","011149","202000024890","1.0638","1.0638","","",""
"2023-08-28","011149","202000024890","1.0615","1.0615","","",""
"2023-08-29","011149","202000024890","1.1074","1.1074","","",""
"2023-08-30","011149","202000024890","1.1254","1.1254","","",""
"2023-08-31","011149","202000024890","1.1251","1.1251","","",""
"2023-09-01","011149","202000024890","1.1262","1.1262","","",""
"2023-09-04","011149","202000024890","1.1401","1.1401","","",""
"2023-09-05","011149","202000024890","1.1285","1.1285","","",""
"2023-09-06","011149","202000024890","1.1380","1.1380","","",""
"2023-09-07","011149","202000024890","1.1079","1.1079","","",""
"2023-09-08","011149","202000024890","1.1107","1.1107","","",""
"2023-09-11","011149","202000024890","1.1265","1.1265","","",""
"2023-09-12","011149","202000024890","1.1295","1.1295","","",""
"2023-09-13","011149","202000024890","1.1120","1.1120","","",""
"2023-09-14","011149","202000024890","1.1016","1.1016","","",""
"2023-09-15","011149","202000024890","1.1007","1.1007","","",""
"2023-09-18","011149","202000024890","1.1046","1.1046","","",""
"2023-09-19","011149","202000024890","1.0970","1.0970","","",""
"2023-09-20","011149","202000024890","1.0899","1.0899","","",""
"2023-09-21","011149","202000024890","1.0826","1.0826","","",""
"2023-09-22","011149","202000024890","1.1080","1.1080","","",""
"2023-09-25","011149","202000024890","1.1092","1.1092","","",""
"2023-09-26","011149","202000024890","1.1051","1.1051","","",""
"2023-09-27","011149","202000024890","1.1133","1.1133","","",""
"2023-09-28","011149","202000024890","1.1164","1.1164","","",""
"2023-10-09","011149","202000024890","1.1160","1.1160","","",""
"2023-10-10","011149","202000024890","1.1102","1.1102","","",""
"2023-10-11","011149","202000024890","1.1267","1.1267","","",""
"2023-10-12","011149","202000024890","1.1287","1.1287","","",""
"2023-10-13","011149","202000024890","1.1238","1.1238","","",""
"2023-10-16","011149","202000024890","1.1048","1.1048","","",""
"2023-10-17","011149","202000024890","1.1036","1.1036","","",""
"2023-10-18","011149","202000024890","1.0872","1.0872","","",""
"2023-10-19","011149","202000024890","1.0830","1.0830","","",""
"2023-10-20","011149","202000024890","1.0615","1.0615","","",""
"2023-10-23","011149","202000024890","1.0440","1.0440","","",""
"2023-10-24","011149","202000024890","1.0535","1.0535","","",""
"2023-10-25","011149","202000024890","1.0521","1.0521","","",""
"2023-10-26","011149","202000024890","1.0640","1.0640","","",""
"2023-10-27","011149","202000024890","1.0880","1.0880","","",""
"2023-10-30","011149","202000024890","1.1207","1.1207","","",""
"2023-10-31","011149","202000024890","1.1174","1.1174","","",""
"2023-11-01","011149","202000024890","1.1133","1.1133","","",""
"2023-11-02","011149","202000024890","1.1027","1.1027","","",""
"2023-11-03","011149","202000024890","1.1189","1.1189","","",""
"2023-11-06","011149","202000024890","1.1464","1.1464","","",""
"2023-11-07","011149","202000024890","1.1506","1.1506","","",""
"2023-11-08","011149","202000024890","1.1560","1.1560","","",""
"2023-11-09","011149","202000024890","1.1465","1.1465","","",""
"2023-11-10","011149","202000024890","1.1458","1.1458","","",""
"2023-11-13","011149","202000024890","1.1488","1.1488","","",""
"2023-11-14","011149","202000024890","1.1612","1.1612","","",""
"2023-11-15","011149","202000024890","1.1593","1.1593","","",""
"2023-11-16","011149","202000024890","1.1451","1.1451","","",""
"2023-11-17","011149","202000024890","1.1573","1.1573","","",""
"2023-11-20","011149","202000024890","1.1629","1.1629","","",""
"2023-11-21","011149","202000024890","1.1562","1.1562","","",""
"2023-11-22","011149","202000024890","1.1365","1.1365","","",""
"2023-11-23","011149","202000024890","1.1487","1.1487","","",""
"2023-11-24","011149","202000024890","1.1325","1.1325","","",""
"2023-11-27","011149","202000024890","1.1373","1.1373","","",""
"2023-11-28","011149","202000024890","1.1460","1.1460","","",""
"2023-11-29","011149","202000024890","1.1409","1.1409","","",""
"2023-11-30","011149","202000024890","1.1367","1.1367","","",""
"2023-12-01","011149","202000024890","1.1388","1.1388","","",""
"2023-12-04","011149","202000024890","1.1324","1.1324","","",""
"2023-12-05","011149","202000024890","1.1123","1.1123","","",""
"2023-12-06","011149","202000024890","1.1138","1.1138","","",""
"2023-12-07","011149","202000024890","1.1145","1.1145","","",""
"2023-12-08","011149","202000024890","1.1225","1.1225","","",""
"2023-12-11","011149","202000024890","1.1361","1.1361","","",""
"2023-12-12","011149","202000024890","1.1338","1.1338","","",""
"2023-12-13","011149","202000024890","1.1232","1.1232","","",""
"2023-12-14","011149","202000024890","1.1184","1.1184","","",""
"2023-12-15","011149","202000024890","1.1100","1.1100","","",""
"2023-12-18","011149","202000024890","1.0962","1.0962","","",""
"2023-12-19","011149","202000024890","1.0961","1.0961","","",""
"2023-12-20","011149","202000024890","1.0842","1.0842","","",""
"2023-12-21","011149","202000024890","1.0885","1.0885","","",""
"2023-12-22","011149","202000024890","1.0774","1.0774","","",""
"2023-12-25","011149","202000024890","1.0828","1.0828","","",""
"2023-12-26","011149","202000024890","1.0669","1.0669","","",""
"2023-12-27","011149","202000024890","1.0745","1.0745","","",""
"2023-12-28","011149","202000024890","1.0953","1.0953","","",""
"2023-12-29","011149","202000024890","1.1085","1.1085","","",""
"2023-12-31","011149","202000024890","1.1084","1.1084","","",""
"2024-01-02","011149","202000024890","1.0958","1.0958","","",""
"2024-01-03","011149","202000024890","1.0862","1.0862","","",""
"2024-01-04","011149","202000024890","1.0798","1.0798","","",""
"2024-01-05","011149","202000024890","1.0615","1.0615","","",""
"2024-01-08","011149","202000024890","1.0390","1.0390","","",""
"2024-01-09","011149","202000024890","1.0433","1.0433","","",""
"2024-01-10","011149","202000024890","1.0365","1.0365","","",""
"2024-01-11","011149","202000024890","1.0465","1.0465","","",""
"2024-01-12","011149","202000024890","1.0389","1.0389","","",""
"2024-01-15","011149","202000024890","1.0404","1.0404","","",""
"2024-01-16","011149","202000024890","1.0382","1.0382","","",""
"2024-01-17","011149","202000024890","1.0152","1.0152","","",""
"2024-01-18","011149","202000024890","1.0258","1.0258","","",""
"2024-01-19","011149","202000024890","1.0152","1.0152","","",""
"2024-01-22","011149","202000024890","0.9848","0.9848","","",""
"2024-01-23","011149","202000024890","0.9969","0.9969","","",""
"2024-01-24","011149","202000024890","1.0017","1.0017","","",""
"2024-01-25","011149","202000024890","1.0248","1.0248","","",""
"2024-01-26","011149","202000024890","1.0007","1.0007","","",""
"2024-01-29","011149","202000024890","0.9728","0.9728","","",""
"2024-01-30","011149","202000024890","0.9534","0.9534","","",""
"2024-01-31","011149","202000024890","0.9359","0.9359","","",""
"2024-02-01","011149","202000024890","0.9340","0.9340","","",""
"2024-02-02","011149","202000024890","0.9200","0.9200","","",""
"2024-02-05","011149","202000024890","0.8995","0.8995","","",""
"2024-02-06","011149","202000024890","0.9332","0.9332","","",""
"2024-02-07","011149","202000024890","0.9383","0.9383","","",""
"2024-02-08","011149","202000024890","0.9585","0.9585","","",""
"2024-02-19","011149","202000024890","0.9753","0.9753","","",""
"2024-02-20","011149","202000024890","0.9773","0.9773","","",""
"2024-02-21","011149","202000024890","0.9803","0.9803","","",""
"2024-02-22","011149","202000024890","0.9883","0.9883","","",""
"2024-02-23","011149","202000024890","0.9899","0.9899","","",""
"2024-02-26","011149","202000024890","0.9834","0.9834","","",""
"2024-02-27","011149","202000024890","1.0002","1.0002","","",""
"2024-02-28","011149","202000024890","0.9699","0.9699","","",""
"2024-02-29","011149","202000024890","0.9894","0.9894","","",""
"2024-03-01","011149","202000024890","0.9933","0.9933","","",""
"2024-03-04","011149","202000024890","0.9886","0.9886","","",""
"2024-03-05","011149","202000024890","0.9886","0.9886","","",""
"2024-03-06","011149","202000024890","0.9864","0.9864","","",""
"2024-03-07","011149","202000024890","0.9778","0.9778","","",""
"2024-03-08","011149","202000024890","0.9886","0.9886","","",""
"2024-03-11","011149","202000024890","1.0001","1.0001","","",""
"2024-03-12","011149","202000024890","0.9973","0.9973","","",""
"2024-03-13","011149","202000024890","0.9929","0.9929","","",""
"2024-03-14","011149","202000024890","0.9947","0.9947","","",""
"2024-03-15","011149","202000024890","0.9970","0.9970","","",""
"2024-03-18","011149","202000024890","1.0132","1.0132","","",""
"2024-03-19","011149","202000024890","1.0095","1.0095","","",""
"2024-03-20","011149","202000024890","1.0113","1.0113","","",""
"2024-03-21","011149","202000024890","1.0119","1.0119","","",""
"2024-03-22","011149","202000024890","0.9989","0.9989","","",""
"2024-03-25","011149","202000024890","0.9878","0.9878","","",""
"2024-03-26","011149","202000024890","0.9888","0.9888","","",""
"2024-03-27","011149","202000024890","0.9645","0.9645","","",""
"2024-03-28","011149","202000024890","0.9741","0.9741","","",""
"2024-03-29","011149","202000024890","0.9820","0.9820","","",""
"2024-04-01","011149","202000024890","0.9986","0.9986","","",""
"2023-04-03","011150","202000024891","1.1545","1.1545","","",""
"2023-04-04","011150","202000024891","1.1540","1.1540","","",""
"2023-04-06","011150","202000024891","1.1777","1.1777","","",""
"2023-04-07","011150","202000024891","1.1981","1.1981","","",""
"2023-04-10","011150","202000024891","1.1685","1.1685","","",""
"2023-04-11","011150","202000024891","1.1744","1.1744","","",""
"2023-04-12","011150","202000024891","1.2020","1.2020","","",""
"2023-04-13","011150","202000024891","1.1732","1.1732","","",""
"2023-04-14","011150","202000024891","1.1914","1.1914","","",""
"2023-04-17","011150","202000024891","1.1712","1.1712","","",""
"2023-04-18","011150","202000024891","1.1976","1.1976","","",""
"2023-04-19","011150","202000024891","1.1945","1.1945","","",""
"2023-04-20","011150","202000024891","1.2302","1.2302","","",""
"2023-04-21","011150","202000024891","1.1680","1.1680","","",""
"2023-04-24","011150","202000024891","1.1701","1.1701","","",""
"2023-04-25","011150","202000024891","1.1480","1.1480","","",""
"2023-04-26","011150","202000024891","1.1161","1.1161","","",""
"2023-04-27","011150","202000024891","1.0980","1.0980","","",""
"2023-04-28","011150","202000024891","1.1424","1.1424","","",""
"2023-05-04","011150","202000024891","1.1206","1.1206","","",""
"2023-05-05","011150","202000024891","1.0979","1.0979","","",""
"2023-05-08","011150","202000024891","1.1047","1.1047","","",""
"2023-05-09","011150","202000024891","1.1000","1.1000","","",""
"2023-05-10","011150","202000024891","1.0780","1.0780","","",""
"2023-05-11","011150","202000024891","1.0791","1.0791","","",""
"2023-05-12","011150","202000024891","1.0777","1.0777","","",""
"2023-05-15","011150","202000024891","1.0889","1.0889","","",""
"2023-05-16","011150","202000024891","1.0812","1.0812","","",""
"2023-05-17","011150","202000024891","1.0840","1.0840","","",""
"2023-05-18","011150","202000024891","1.1308","1.1308","","",""
"2023-05-19","011150","202000024891","1.1237","1.1237","","",""
"2023-05-22","011150","202000024891","1.1013","1.1013","","",""
"2023-05-23","011150","202000024891","1.0905","1.0905","","",""
"2023-05-24","011150","202000024891","1.0939","1.0939","","",""
"2023-05-25","011150","202000024891","1.1106","1.1106","","",""
"2023-05-26","011150","202000024891","1.1214","1.1214","","",""
"2023-05-29","011150","202000024891","1.1236","1.1236","","",""
"2023-05-30","011150","202000024891","1.1427","1.1427","","",""
"2023-05-31","011150","202000024891","1.1496","1.1496","","",""
"2023-06-01","011150","202000024891","1.1547","1.1547","","",""
"2023-06-02","011150","202000024891","1.1511","1.1511","","",""
"2023-06-05","011150","202000024891","1.1591","1.1591","","",""
"2023-06-06","011150","202000024891","1.1353","1.1353","","",""
"2023-06-07","011150","202000024891","1.1415","1.1415","","",""
"2023-06-08","011150","202000024891","1.1297","1.1297","","",""
"2023-06-09","011150","202000024891","1.1638","1.1638","","",""
"2023-06-12","011150","202000024891","1.1737","1.1737","","",""
"2023-06-13","011150","202000024891","1.1839","1.1839","","",""
"2023-06-14","011150","202000024891","1.1955","1.1955","","",""
"2023-06-15","011150","202000024891","1.1842","1.1842","","",""
"2023-06-16","011150","202000024891","1.2097","1.2097","","",""
"2023-06-19","011150","202000024891","1.2339","1.2339","","",""
"2023-06-20","011150","202000024891","1.2433","1.2433","","",""
"2023-06-21","011150","202000024891","1.2100","1.2100","","",""
"2023-06-26","011150","202000024891","1.1762","1.1762","","",""
"2023-06-27","011150","202000024891","1.1802","1.1802","","",""
"2023-06-28","011150","202000024891","1.1810","1.1810","","",""
"2023-06-29","011150","202000024891","1.1869","1.1869","","",""
"2023-06-30","011150","202000024891","1.2036","1.2036","","",""
"2023-07-03","011150","202000024891","1.1970","1.1970","","",""
"2023-07-04","011150","202000024891","1.2105","1.2105","","",""
"2023-07-05","011150","202000024891","1.1902","1.1902","","",""
"2023-07-06","011150","202000024891","1.1925","1.1925","","",""
"2023-07-07","011150","202000024891","1.1847","1.1847","","",""
"2023-07-10","011150","202000024891","1.1685","1.1685","","",""
"2023-07-11","011150","202000024891","1.1837","1.1837","","",""
"2023-07-12","011150","202000024891","1.1646","1.1646","","",""
"2023-07-13","011150","202000024891","1.1911","1.1911","","",""
"2023-07-14","011150","202000024891","1.1946","1.1946","","",""
"2023-07-17","011150","202000024891","1.1864","1.1864","","",""
"2023-07-18","011150","202000024891","1.1822","1.1822","","",""
"2023-07-19","011150","202000024891","1.1721","1.1721","","",""
"2023-07-20","011150","202000024891","1.1417","1.1417","","",""
"2023-07-21","011150","202000024891","1.1407","1.1407","","",""
"2023-07-24","011150","202000024891","1.1418","1.1418","","",""
"2023-07-25","011150","202000024891","1.1664","1.1664","","",""
"2023-07-26","011150","202000024891","1.1553","1.1553","","",""
"2023-07-27","011150","202000024891","1.1495","1.1495","","",""
"2023-07-28","011150","202000024891","1.1620","1.1620","","",""
"2023-07-31","011150","202000024891","1.1631","1.1631","","",""
"2023-08-01","011150","202000024891","1.1629","1.1629","","",""
"2023-08-02","011150","202000024891","1.1605","1.1605","","",""
"2023-08-03","011150","202000024891","1.1608","1.1608","","",""
"2023-08-04","011150","202000024891","1.1779","1.1779","","",""
"2023-08-07","011150","202000024891","1.1733","1.1733","","",""
"2023-08-08","011150","202000024891","1.1636","1.1636","","",""
"2023-08-09","011150","202000024891","1.1422","1.1422","","",""
"2023-08-10","011150","202000024891","1.1403","1.1403","","",""
"2023-08-11","011150","202000024891","1.1220","1.1220","","",""
"2023-08-14","011150","202000024891","1.1227","1.1227","","",""
"2023-08-15","011150","202000024891","1.1112","1.1112","","",""
"2023-08-16","011150","202000024891","1.0974","1.0974","","",""
"2023-08-17","011150","202000024891","1.1127","1.1127","","",""
"2023-08-18","011150","202000024891","1.0908","1.0908","","",""
"2023-08-21","011150","202000024891","1.0837","1.0837","","",""
"2023-08-22","011150","202000024891","1.0965","1.0965","","",""
"2023-08-23","011150","202000024891","1.0719","1.0719","","",""
"2023-08-24","011150","202000024891","1.0813","1.0813","","",""
"2023-08-25","011150","202000024891","1.0498","1.0498","","",""
"2023-08-28","011150","202000024891","1.0474","1.0474","","",""
"2023-08-29","011150","202000024891","1.0927","1.0927","","",""
"2023-08-30","011150","202000024891","1.1105","1.1105","","",""
"2023-08-31","011150","202000024891","1.1102","1.1102","","",""
"2023-09-01","011150","202000024891","1.1112","1.1112","","",""
"2023-09-04","011150","202000024891","1.1249","1.1249","","",""
"2023-09-05","011150","202000024891","1.1134","1.1134","","",""
"2023-09-06","011150","202000024891","1.1228","1.1228","","",""
"2023-09-07","011150","202000024891","1.0930","1.0930","","",""
"2023-09-08","011150","202000024891","1.0958","1.0958","","",""
"2023-09-11","011150","202000024891","1.1114","1.1114","","",""
"2023-09-12","011150","202000024891","1.1143","1.1143","","",""
"2023-09-13","011150","202000024891","1.0970","1.0970","","",""
"2023-09-14","011150","202000024891","1.0868","1.0868","","",""
"2023-09-15","011150","202000024891","1.0859","1.0859","","",""
"2023-09-18","011150","202000024891","1.0897","1.0897","","",""
"2023-09-19","011150","202000024891","1.0822","1.0822","","",""
"2023-09-20","011150","202000024891","1.0751","1.0751","","",""
"2023-09-21","011150","202000024891","1.0679","1.0679","","",""
"2023-09-22","011150","202000024891","1.0929","1.0929","","",""
"2023-09-25","011150","202000024891","1.0942","1.0942","","",""
"2023-09-26","011150","202000024891","1.0900","1.0900","","",""
"2023-09-27","011150","202000024891","1.0982","1.0982","","",""
"2023-09-28","011150","202000024891","1.1012","1.1012","","",""
"2023-10-09","011150","202000024891","1.1006","1.1006","","",""
"2023-10-10","011150","202000024891","1.0949","1.0949","","",""
"2023-10-11","011150","202000024891","1.1112","1.1112","","",""
"2023-10-12","011150","202000024891","1.1131","1.1131","","",""
"2023-10-13","011150","202000024891","1.1083","1.1083","","",""
"2023-10-16","011150","202000024891","1.0895","1.0895","","",""
"2023-10-17","011150","202000024891","1.0884","1.0884","","",""
"2023-10-18","011150","202000024891","1.0722","1.0722","","",""
"2023-10-19","011150","202000024891","1.0680","1.0680","","",""
"2023-10-20","011150","202000024891","1.0468","1.0468","","",""
"2023-10-23","011150","202000024891","1.0295","1.0295","","",""
"2023-10-24","011150","202000024891","1.0388","1.0388","","",""
"2023-10-25","011150","202000024891","1.0374","1.0374","","",""
"2023-10-26","011150","202000024891","1.0491","1.0491","","",""
"2023-10-27","011150","202000024891","1.0728","1.0728","","",""
"2023-10-30","011150","202000024891","1.1050","1.1050","","",""
"2023-10-31","011150","202000024891","1.1017","1.1017","","",""
"2023-11-01","011150","202000024891","1.0977","1.0977","","",""
"2023-11-02","011150","202000024891","1.0871","1.0871","","",""
"2023-11-03","011150","202000024891","1.1032","1.1032","","",""
"2023-11-06","011150","202000024891","1.1302","1.1302","","",""
"2023-11-07","011150","202000024891","1.1344","1.1344","","",""
"2023-11-08","011150","202000024891","1.1397","1.1397","","",""
"2023-11-09","011150","202000024891","1.1302","1.1302","","",""
"2023-11-10","011150","202000024891","1.1295","1.1295","","",""
"2023-11-13","011150","202000024891","1.1325","1.1325","","",""
"2023-11-14","011150","202000024891","1.1447","1.1447","","",""
"2023-11-15","011150","202000024891","1.1428","1.1428","","",""
"2023-11-16","011150","202000024891","1.1288","1.1288","","",""
"2023-11-17","011150","202000024891","1.1408","1.1408","","",""
"2023-11-20","011150","202000024891","1.1463","1.1463","","",""
"2023-11-21","011150","202000024891","1.1396","1.1396","","",""
"2023-11-22","011150","202000024891","1.1202","1.1202","","",""
"2023-11-23","011150","202000024891","1.1322","1.1322","","",""
"2023-11-24","011150","202000024891","1.1162","1.1162","","",""
"2023-11-27","011150","202000024891","1.1209","1.1209","","",""
"2023-11-28","011150","202000024891","1.1294","1.1294","","",""
"2023-11-29","011150","202000024891","1.1244","1.1244","","",""
"2023-11-30","011150","202000024891","1.1203","1.1203","","",""
"2023-12-01","011150","202000024891","1.1223","1.1223","","",""
"2023-12-04","011150","202000024891","1.1159","1.1159","","",""
"2023-12-05","011150","202000024891","1.0962","1.0962","","",""
"2023-12-06","011150","202000024891","1.0976","1.0976","","",""
"2023-12-07","011150","202000024891","1.0983","1.0983","","",""
"2023-12-08","011150","202000024891","1.1062","1.1062","","",""
"2023-12-11","011150","202000024891","1.1195","1.1195","","",""
"2023-12-12","011150","202000024891","1.1172","1.1172","","",""
"2023-12-13","011150","202000024891","1.1067","1.1067","","",""
"2023-12-14","011150","202000024891","1.1020","1.1020","","",""
"2023-12-15","011150","202000024891","1.0937","1.0937","","",""
"2023-12-18","011150","202000024891","1.0801","1.0801","","",""
"2023-12-19","011150","202000024891","1.0800","1.0800","","",""
"2023-12-20","011150","202000024891","1.0682","1.0682","","",""
"2023-12-21","011150","202000024891","1.0724","1.0724","","",""
"2023-12-22","011150","202000024891","1.0615","1.0615","","",""
"2023-12-25","011150","202000024891","1.0668","1.0668","","",""
"2023-12-26","011150","202000024891","1.0511","1.0511","","",""
"2023-12-27","011150","202000024891","1.0586","1.0586","","",""
"2023-12-28","011150","202000024891","1.0790","1.0790","","",""
"2023-12-29","011150","202000024891","1.0921","1.0921","","",""
"2023-12-31","011150","202000024891","1.0919","1.0919","","",""
"2024-01-02","011150","202000024891","1.0795","1.0795","","",""
"2024-01-03","011150","202000024891","1.0700","1.0700","","",""
"2024-01-04","011150","202000024891","1.0637","1.0637","","",""
"2024-01-05","011150","202000024891","1.0457","1.0457","","",""
"2024-01-08","011150","202000024891","1.0234","1.0234","","",""
"2024-01-09","011150","202000024891","1.0276","1.0276","","",""
"2024-01-10","011150","202000024891","1.0210","1.0210","","",""
"2024-01-11","011150","202000024891","1.0308","1.0308","","",""
"2024-01-12","011150","202000024891","1.0233","1.0233","","",""
"2024-01-15","011150","202000024891","1.0247","1.0247","","",""
"2024-01-16","011150","202000024891","1.0226","1.0226","","",""
"2024-01-17","011150","202000024891","0.9999","0.9999","","",""
"2024-01-18","011150","202000024891","1.0103","1.0103","","",""
"2024-01-19","011150","202000024891","0.9998","0.9998","","",""
"2024-01-22","011150","202000024891","0.9699","0.9699","","",""
"2024-01-23","011150","202000024891","0.9818","0.9818","","",""
"2024-01-24","011150","202000024891","0.9865","0.9865","","",""
"2024-01-25","011150","202000024891","1.0092","1.0092","","",""
"2024-01-26","011150","202000024891","0.9855","0.9855","","",""
"2024-01-29","011150","202000024891","0.9579","0.9579","","",""
"2024-01-30","011150","202000024891","0.9388","0.9388","","",""
"2024-01-31","011150","202000024891","0.9216","0.9216","","",""
"2024-02-01","011150","202000024891","0.9198","0.9198","","",""
"2024-02-02","011150","202000024891","0.9059","0.9059","","",""
"2024-02-05","011150","202000024891","0.8857","0.8857","","",""
"2024-02-06","011150","202000024891","0.9189","0.9189","","",""
"2024-02-07","011150","202000024891","0.9238","0.9238","","",""
"2024-02-08","011150","202000024891","0.9437","0.9437","","",""
"2024-02-19","011150","202000024891","0.9602","0.9602","","",""
"2024-02-20","011150","202000024891","0.9621","0.9621","","",""
"2024-02-21","011150","202000024891","0.9651","0.9651","","",""
"2024-02-22","011150","202000024891","0.9729","0.9729","","",""
"2024-02-23","011150","202000024891","0.9745","0.9745","","",""
"2024-02-26","011150","202000024891","0.9680","0.9680","","",""
"2024-02-27","011150","202000024891","0.9845","0.9845","","",""
"2024-02-28","011150","202000024891","0.9547","0.9547","","",""
"2024-02-29","011150","202000024891","0.9739","0.9739","","",""
"2024-03-01","011150","202000024891","0.9777","0.9777","","",""
"2024-03-04","011150","202000024891","0.9730","0.9730","","",""
"2024-03-05","011150","202000024891","0.9730","0.9730","","",""
"2024-03-06","011150","202000024891","0.9709","0.9709","","",""
"2024-03-07","011150","202000024891","0.9624","0.9624","","",""
"2024-03-08","011150","202000024891","0.9729","0.9729","","",""
"2024-03-11","011150","202000024891","0.9842","0.9842","","",""
"2024-03-12","011150","202000024891","0.9815","0.9815","","",""
"2024-03-13","011150","202000024891","0.9771","0.9771","","",""
"2024-03-14","011150","202000024891","0.9789","0.9789","","",""
"2024-03-15","011150","202000024891","0.9811","0.9811","","",""
"2024-03-18","011150","202000024891","0.9971","0.9971","","",""
"2024-03-19","011150","202000024891","0.9934","0.9934","","",""
"2024-03-20","011150","202000024891","0.9951","0.9951","","",""
"2024-03-21","011150","202000024891","0.9958","0.9958","","",""
"2024-03-22","011150","202000024891","0.9830","0.9830","","",""
"2024-03-25","011150","202000024891","0.9720","0.9720","","",""
"2024-03-26","011150","202000024891","0.9729","0.9729","","",""
"2024-03-27","011150","202000024891","0.9490","0.9490","","",""
"2024-03-28","011150","202000024891","0.9585","0.9585","","",""
"2024-03-29","011150","202000024891","0.9662","0.9662","","",""
"2024-04-01","011150","202000024891","0.9825","0.9825","","",""
"2023-04-03","012387","202000028573","0.8232","0.8232","","",""
"2023-04-04","012387","202000028573","0.8252","0.8252","","",""
"2023-04-06","012387","202000028573","0.8161","0.8161","","",""
"2023-04-07","012387","202000028573","0.8159","0.8159","","",""
"2023-04-10","012387","202000028573","0.8119","0.8119","","",""
"2023-04-11","012387","202000028573","0.8021","0.8021","","",""
"2023-04-12","012387","202000028573","0.7841","0.7841","","",""
"2023-04-13","012387","202000028573","0.7884","0.7884","","",""
"2023-04-14","012387","202000028573","0.7798","0.7798","","",""
"2023-04-17","012387","202000028573","0.7903","0.7903","","",""
"2023-04-18","012387","202000028573","0.7921","0.7921","","",""
"2023-04-19","012387","202000028573","0.7858","0.7858","","",""
"2023-04-20","012387","202000028573","0.7742","0.7742","","",""
"2023-04-21","012387","202000028573","0.7677","0.7677","","",""
"2023-04-24","012387","202000028573","0.7540","0.7540","","",""
"2023-04-25","012387","202000028573","0.7624","0.7624","","",""
"2023-04-26","012387","202000028573","0.7640","0.7640","","",""
"2023-04-27","012387","202000028573","0.7690","0.7690","","",""
"2023-04-28","012387","202000028573","0.7696","0.7696","","",""
"2023-05-04","012387","202000028573","0.7588","0.7588","","",""
"2023-05-05","012387","202000028573","0.7610","0.7610","","",""
"2023-05-08","012387","202000028573","0.7574","0.7574","","",""
"2023-05-09","012387","202000028573","0.7562","0.7562","","",""
"2023-05-10","012387","202000028573","0.7493","0.7493","","",""
"2023-05-11","012387","202000028573","0.7474","0.7474","","",""
"2023-05-12","012387","202000028573","0.7363","0.7363","","",""
"2023-05-15","012387","202000028573","0.7463","0.7463","","",""
"2023-05-16","012387","202000028573","0.7393","0.7393","","",""
"2023-05-17","012387","202000028573","0.7299","0.7299","","",""
"2023-05-18","012387","202000028573","0.7297","0.7297","","",""
"2023-05-19","012387","202000028573","0.7306","0.7306","","",""
"2023-05-22","012387","202000028573","0.7308","0.7308","","",""
"2023-05-23","012387","202000028573","0.7215","0.7215","","",""
"2023-05-24","012387","202000028573","0.7123","0.7123","","",""
"2023-05-25","012387","202000028573","0.7050","0.7050","","",""
"2023-05-26","012387","202000028573","0.6918","0.6918","","",""
"2023-05-29","012387","202000028573","0.6862","0.6862","","",""
"2023-05-30","012387","202000028573","0.6809","0.6809","","",""
"2023-05-31","012387","202000028573","0.6623","0.6623","","",""
"2023-06-01","012387","202000028573","0.6635","0.6635","","",""
"2023-06-02","012387","202000028573","0.6740","0.6740","","",""
"2023-06-05","012387","202000028573","0.6711","0.6711","","",""
"2023-06-06","012387","202000028573","0.6738","0.6738","","",""
"2023-06-07","012387","202000028573","0.6685","0.6685","","",""
"2023-06-08","012387","202000028573","0.6767","0.6767","","",""
"2023-06-09","012387","202000028573","0.6763","0.6763","","",""
"2023-06-12","012387","202000028573","0.6851","0.6851","","",""
"2023-06-13","012387","202000028573","0.6830","0.6830","","",""
"2023-06-14","012387","202000028573","0.6880","0.6880","","",""
"2023-06-15","012387","202000028573","0.7009","0.7009","","",""
"2023-06-16","012387","202000028573","0.7056","0.7056","","",""
"2023-06-19","012387","202000028573","0.6975","0.6975","","",""
"2023-06-20","012387","202000028573","0.6920","0.6920","","",""
"2023-06-21","012387","202000028573","0.6839","0.6839","","",""
"2023-06-26","012387","202000028573","0.6747","0.6747","","",""
"2023-06-27","012387","202000028573","0.6797","0.6797","","",""
"2023-06-28","012387","202000028573","0.6885","0.6885","","",""
"2023-06-29","012387","202000028573","0.6784","0.6784","","",""
"2023-06-30","012387","202000028573","0.6851","0.6851","","",""
"2023-07-03","012387","202000028573","0.7006","0.7006","","",""
"2023-07-04","012387","202000028573","0.7046","0.7046","","",""
"2023-07-05","012387","202000028573","0.7044","0.7044","","",""
"2023-07-06","012387","202000028573","0.7015","0.7015","","",""
"2023-07-07","012387","202000028573","0.7046","0.7046","","",""
"2023-07-10","012387","202000028573","0.7075","0.7075","","",""
"2023-07-11","012387","202000028573","0.7043","0.7043","","",""
"2023-07-12","012387","202000028573","0.7057","0.7057","","",""
"2023-07-13","012387","202000028573","0.7158","0.7158","","",""
"2023-07-14","012387","202000028573","0.7183","0.7183","","",""
"2023-07-17","012387","202000028573","0.7072","0.7072","","",""
"2023-07-18","012387","202000028573","0.7047","0.7047","","",""
"2023-07-19","012387","202000028573","0.7053","0.7053","","",""
"2023-07-20","012387","202000028573","0.7047","0.7047","","",""
"2023-07-21","012387","202000028573","0.7052","0.7052","","",""
"2023-07-24","012387","202000028573","0.6997","0.6997","","",""
"2023-07-25","012387","202000028573","0.7203","0.7203","","",""
"2023-07-26","012387","202000028573","0.7222","0.7222","","",""
"2023-07-27","012387","202000028573","0.7224","0.7224","","",""
"2023-07-28","012387","202000028573","0.7309","0.7309","","",""
"2023-07-31","012387","202000028573","0.7325","0.7325","","",""
"2023-08-01","012387","202000028573","0.7299","0.7299","","",""
"2023-08-02","012387","202000028573","0.7207","0.7207","","",""
"2023-08-03","012387","202000028573","0.7244","0.7244","","",""
"2023-08-04","012387","202000028573","0.7226","0.7226","","",""
"2023-08-07","012387","202000028573","0.7185","0.7185","","",""
"2023-08-08","012387","202000028573","0.7200","0.7200","","",""
"2023-08-09","012387","202000028573","0.7175","0.7175","","",""
"2023-08-10","012387","202000028573","0.7253","0.7253","","",""
"2023-08-11","012387","202000028573","0.7097","0.7097","","",""
"2023-08-14","012387","202000028573","0.7032","0.7032","","",""
"2023-08-15","012387","202000028573","0.7042","0.7042","","",""
"2023-08-16","012387","202000028573","0.7020","0.7020","","",""
"2023-08-17","012387","202000028573","0.7048","0.7048","","",""
"2023-08-18","012387","202000028573","0.6967","0.6967","","",""
"2023-08-21","012387","202000028573","0.6908","0.6908","","",""
"2023-08-22","012387","202000028573","0.6976","0.6976","","",""
"2023-08-23","012387","202000028573","0.6962","0.6962","","",""
"2023-08-24","012387","202000028573","0.7011","0.7011","","",""
"2023-08-25","012387","202000028573","0.6969","0.6969","","",""
"2023-08-28","012387","202000028573","0.7094","0.7094","","",""
"2023-08-29","012387","202000028573","0.7122","0.7122","","",""
"2023-08-30","012387","202000028573","0.7103","0.7103","","",""
"2023-08-31","012387","202000028573","0.7097","0.7097","","",""
"2023-09-01","012387","202000028573","0.7311","0.7311","","",""
"2023-09-04","012387","202000028573","0.7518","0.7518","","",""
"2023-09-05","012387","202000028573","0.7474","0.7474","","",""
"2023-09-06","012387","202000028573","0.7414","0.7414","","",""
"2023-09-07","012387","202000028573","0.7283","0.7283","","",""
"2023-09-08","012387","202000028573","0.7288","0.7288","","",""
"2023-09-11","012387","202000028573","0.7356","0.7356","","",""
"2023-09-12","012387","202000028573","0.7353","0.7353","","",""
"2023-09-13","012387","202000028573","0.7252","0.7252","","",""
"2023-09-14","012387","202000028573","0.7180","0.7180","","",""
"2023-09-15","012387","202000028573","0.7165","0.7165","","",""
"2023-09-18","012387","202000028573","0.7203","0.7203","","",""
"2023-09-19","012387","202000028573","0.7160","0.7160","","",""
"2023-09-20","012387","202000028573","0.7115","0.7115","","",""
"2023-09-21","012387","202000028573","0.7051","0.7051","","",""
"2023-09-22","012387","202000028573","0.7146","0.7146","","",""
"2023-09-25","012387","202000028573","0.7165","0.7165","","",""
"2023-09-26","012387","202000028573","0.7202","0.7202","","",""
"2023-09-27","012387","202000028573","0.7315","0.7315","","",""
"2023-09-28","012387","202000028573","0.7344","0.7344","","",""
"2023-10-09","012387","202000028573","0.7307","0.7307","","",""
"2023-10-10","012387","202000028573","0.7216","0.7216","","",""
"2023-10-11","012387","202000028573","0.7149","0.7149","","",""
"2023-10-12","012387","202000028573","0.7169","0.7169","","",""
"2023-10-13","012387","202000028573","0.7077","0.7077","","",""
"2023-10-16","012387","202000028573","0.6965","0.6965","","",""
"2023-10-17","012387","202000028573","0.6964","0.6964","","",""
"2023-10-18","012387","202000028573","0.6832","0.6832","","",""
"2023-10-19","012387","202000028573","0.6768","0.6768","","",""
"2023-10-20","012387","202000028573","0.6710","0.6710","","",""
"2023-10-23","012387","202000028573","0.6600","0.6600","","",""
"2023-10-24","012387","202000028573","0.6674","0.6674","","",""
"2023-10-25","012387","202000028573","0.6696","0.6696","","",""
"2023-10-26","012387","202000028573","0.6718","0.6718","","",""
"2023-10-27","012387","202000028573","0.6844","0.6844","","",""
"2023-10-30","012387","202000028573","0.6897","0.6897","","",""
"2023-10-31","012387","202000028573","0.6808","0.6808","","",""
"2023-11-01","012387","202000028573","0.6776","0.6776","","",""
"2023-11-02","012387","202000028573","0.6683","0.6683","","",""
"2023-11-03","012387","202000028573","0.6794","0.6794","","",""
"2023-11-06","012387","202000028573","0.6909","0.6909","","",""
"2023-11-07","012387","202000028573","0.6929","0.6929","","",""
"2023-11-08","012387","202000028573","0.6900","0.6900","","",""
"2023-11-09","012387","202000028573","0.6902","0.6902","","",""
"2023-11-10","012387","202000028573","0.6866","0.6866","","",""
"2023-11-13","012387","202000028573","0.6873","0.6873","","",""
"2023-11-14","012387","202000028573","0.6923","0.6923","","",""
"2023-11-15","012387","202000028573","0.6968","0.6968","","",""
"2023-11-16","012387","202000028573","0.6890","0.6890","","",""
"2023-11-17","012387","202000028573","0.6941","0.6941","","",""
"2023-11-20","012387","202000028573","0.6971","0.6971","","",""
"2023-11-21","012387","202000028573","0.6893","0.6893","","",""
"2023-11-22","012387","202000028573","0.6791","0.6791","","",""
"2023-11-23","012387","202000028573","0.6889","0.6889","","",""
"2023-11-24","012387","202000028573","0.6811","0.6811","","",""
"2023-11-27","012387","202000028573","0.6827","0.6827","","",""
"2023-11-28","012387","202000028573","0.6886","0.6886","","",""
"2023-11-29","012387","202000028573","0.6876","0.6876","","",""
"2023-11-30","012387","202000028573","0.6840","0.6840","","",""
"2023-12-01","012387","202000028573","0.6892","0.6892","","",""
"2023-12-04","012387","202000028573","0.6866","0.6866","","",""
"2023-12-05","012387","202000028573","0.6755","0.6755","","",""
"2023-12-06","012387","202000028573","0.6764","0.6764","","",""
"2023-12-07","012387","202000028573","0.6765","0.6765","","",""
"2023-12-08","012387","202000028573","0.6731","0.6731","","",""
"2023-12-11","012387","202000028573","0.6859","0.6859","","",""
"2023-12-12","012387","202000028573","0.6876","0.6876","","",""
"2023-12-13","012387","202000028573","0.6826","0.6826","","",""
"2023-12-14","012387","202000028573","0.6784","0.6784","","",""
"2023-12-15","012387","202000028573","0.6718","0.6718","","",""
"2023-12-18","012387","202000028573","0.6636","0.6636","","",""
"2023-12-19","012387","202000028573","0.6639","0.6639","","",""
"2023-12-20","012387","202000028573","0.6589","0.6589","","",""
"2023-12-21","012387","202000028573","0.6643","0.6643","","",""
"2023-12-22","012387","202000028573","0.6612","0.6612","","",""
"2023-12-25","012387","202000028573","0.6678","0.6678","","",""
"2023-12-26","012387","202000028573","0.6550","0.6550","","",""
"2023-12-27","012387","202000028573","0.6625","0.6625","","",""
"2023-12-28","012387","202000028573","0.6696","0.6696","","",""
"2023-12-29","012387","202000028573","0.6836","0.6836","","",""
"2023-12-31","012387","202000028573","0.6836","0.6836","","",""
"2024-01-02","012387","202000028573","0.6779","0.6779","","",""
"2024-01-03","012387","202000028573","0.6678","0.6678","","",""
"2024-01-04","012387","202000028573","0.6601","0.6601","","",""
"2024-01-05","012387","202000028573","0.6467","0.6467","","",""
"2024-01-08","012387","202000028573","0.6335","0.6335","","",""
"2024-01-09","012387","202000028573","0.6363","0.6363","","",""
"2024-01-10","012387","202000028573","0.6298","0.6298","","",""
"2024-01-11","012387","202000028573","0.6390","0.6390","","",""
"2024-01-12","012387","202000028573","0.6379","0.6379","","",""
"2024-01-15","012387","202000028573","0.6389","0.6389","","",""
"2024-01-16","012387","202000028573","0.6376","0.6376","","",""
"2024-01-17","012387","202000028573","0.6214","0.6214","","",""
"2024-01-18","012387","202000028573","0.6215","0.6215","","",""
"2024-01-19","012387","202000028573","0.6107","0.6107","","",""
"2024-01-22","012387","202000028573","0.5808","0.5808","","",""
"2024-01-23","012387","202000028573","0.5885","0.5885","","",""
"2024-01-24","012387","202000028573","0.5918","0.5918","","",""
"2024-01-25","012387","202000028573","0.6071","0.6071","","",""
"2024-01-26","012387","202000028573","0.5959","0.5959","","",""
"2024-01-29","012387","202000028573","0.5818","0.5818","","",""
"2024-01-30","012387","202000028573","0.5675","0.5675","","",""
"2024-01-31","012387","202000028573","0.5479","0.5479","","",""
"2024-02-01","012387","202000028573","0.5500","0.5500","","",""
"2024-02-02","012387","202000028573","0.5334","0.5334","","",""
"2024-02-05","012387","202000028573","0.5210","0.5210","","",""
"2024-02-06","012387","202000028573","0.5525","0.5525","","",""
"2024-02-07","012387","202000028573","0.5713","0.5713","","",""
"2024-02-08","012387","202000028573","0.5915","0.5915","","",""
"2024-02-19","012387","202000028573","0.5912","0.5912","","",""
"2024-02-20","012387","202000028573","0.5924","0.5924","","",""
"2024-02-21","012387","202000028573","0.5985","0.5985","","",""
"2024-02-22","012387","202000028573","0.6024","0.6024","","",""
"2024-02-23","012387","202000028573","0.6059","0.6059","","",""
"2024-02-26","012387","202000028573","0.6138","0.6138","","",""
"2024-02-27","012387","202000028573","0.6244","0.6244","","",""
"2024-02-28","012387","202000028573","0.6015","0.6015","","",""
"2024-02-29","012387","202000028573","0.6226","0.6226","","",""
"2024-03-01","012387","202000028573","0.6268","0.6268","","",""
"2024-03-04","012387","202000028573","0.6316","0.6316","","",""
"2024-03-05","012387","202000028573","0.6256","0.6256","","",""
"2024-03-06","012387","202000028573","0.6281","0.6281","","",""
"2024-03-07","012387","202000028573","0.6198","0.6198","","",""
"2024-03-08","012387","202000028573","0.6263","0.6263","","",""
"2024-03-11","012387","202000028573","0.6343","0.6343","","",""
"2024-03-12","012387","202000028573","0.6379","0.6379","","",""
"2024-03-13","012387","202000028573","0.6403","0.6403","","",""
"2024-03-14","012387","202000028573","0.6343","0.6343","","",""
"2024-03-15","012387","202000028573","0.6396","0.6396","","",""
"2024-03-18","012387","202000028573","0.6490","0.6490","","",""
"2024-03-19","012387","202000028573","0.6448","0.6448","","",""
"2024-03-20","012387","202000028573","0.6438","0.6438","","",""
"2024-03-21","012387","202000028573","0.6440","0.6440","","",""
"2024-03-22","012387","202000028573","0.6394","0.6394","","",""
"2024-03-25","012387","202000028573","0.6320","0.6320","","",""
"2024-03-26","012387","202000028573","0.6289","0.6289","","",""
"2024-03-27","012387","202000028573","0.6092","0.6092","","",""
"2024-03-28","012387","202000028573","0.6185","0.6185","","",""
"2024-03-29","012387","202000028573","0.6279","0.6279","","",""
"2024-04-01","012387","202000028573","0.6349","0.6349","","",""
"2023-04-03","012388","202000028574","0.8163","0.8163","","",""
"2023-04-04","012388","202000028574","0.8182","0.8182","","",""
"2023-04-06","012388","202000028574","0.8092","0.8092","","",""
"2023-04-07","012388","202000028574","0.8090","0.8090","","",""
"2023-04-10","012388","202000028574","0.8050","0.8050","","",""
"2023-04-11","012388","202000028574","0.7952","0.7952","","",""
"2023-04-12","012388","202000028574","0.7774","0.7774","","",""
"2023-04-13","012388","202000028574","0.7816","0.7816","","",""
"2023-04-14","012388","202000028574","0.7731","0.7731","","",""
"2023-04-17","012388","202000028574","0.7835","0.7835","","",""
"2023-04-18","012388","202000028574","0.7852","0.7852","","",""
"2023-04-19","012388","202000028574","0.7790","0.7790","","",""
"2023-04-20","012388","202000028574","0.7675","0.7675","","",""
"2023-04-21","012388","202000028574","0.7611","0.7611","","",""
"2023-04-24","012388","202000028574","0.7474","0.7474","","",""
"2023-04-25","012388","202000028574","0.7558","0.7558","","",""
"2023-04-26","012388","202000028574","0.7573","0.7573","","",""
"2023-04-27","012388","202000028574","0.7622","0.7622","","",""
"2023-04-28","012388","202000028574","0.7629","0.7629","","",""
"2023-05-04","012388","202000028574","0.7520","0.7520","","",""
"2023-05-05","012388","202000028574","0.7542","0.7542","","",""
"2023-05-08","012388","202000028574","0.7506","0.7506","","",""
"2023-05-09","012388","202000028574","0.7494","0.7494","","",""
"2023-05-10","012388","202000028574","0.7426","0.7426","","",""
"2023-05-11","012388","202000028574","0.7407","0.7407","","",""
"2023-05-12","012388","202000028574","0.7296","0.7296","","",""
"2023-05-15","012388","202000028574","0.7395","0.7395","","",""
"2023-05-16","012388","202000028574","0.7326","0.7326","","",""
"2023-05-17","012388","202000028574","0.7232","0.7232","","",""
"2023-05-18","012388","202000028574","0.7231","0.7231","","",""
"2023-05-19","012388","202000028574","0.7239","0.7239","","",""
"2023-05-22","012388","202000028574","0.7242","0.7242","","",""
"2023-05-23","012388","202000028574","0.7149","0.7149","","",""
"2023-05-24","012388","202000028574","0.7058","0.7058","","",""
"2023-05-25","012388","202000028574","0.6986","0.6986","","",""
"2023-05-26","012388","202000028574","0.6854","0.6854","","",""
"2023-05-29","012388","202000028574","0.6798","0.6798","","",""
"2023-05-30","012388","202000028574","0.6746","0.6746","","",""
"2023-05-31","012388","202000028574","0.6562","0.6562","","",""
"2023-06-01","012388","202000028574","0.6573","0.6573","","",""
"2023-06-02","012388","202000028574","0.6678","0.6678","","",""
"2023-06-05","012388","202000028574","0.6648","0.6648","","",""
"2023-06-06","012388","202000028574","0.6675","0.6675","","",""
"2023-06-07","012388","202000028574","0.6623","0.6623","","",""
"2023-06-08","012388","202000028574","0.6703","0.6703","","",""
"2023-06-09","012388","202000028574","0.6700","0.6700","","",""
"2023-06-12","012388","202000028574","0.6786","0.6786","","",""
"2023-06-13","012388","202000028574","0.6765","0.6765","","",""
"2023-06-14","012388","202000028574","0.6815","0.6815","","",""
"2023-06-15","012388","202000028574","0.6942","0.6942","","",""
"2023-06-16","012388","202000028574","0.6989","0.6989","","",""
"2023-06-19","012388","202000028574","0.6909","0.6909","","",""
"2023-06-20","012388","202000028574","0.6855","0.6855","","",""
"2023-06-21","012388","202000028574","0.6774","0.6774","","",""
"2023-06-26","012388","202000028574","0.6682","0.6682","","",""
"2023-06-27","012388","202000028574","0.6731","0.6731","","",""
"2023-06-28","012388","202000028574","0.6819","0.6819","","",""
"2023-06-29","012388","202000028574","0.6719","0.6719","","",""
"2023-06-30","012388","202000028574","0.6785","0.6785","","",""
"2023-07-03","012388","202000028574","0.6938","0.6938","","",""
"2023-07-04","012388","202000028574","0.6978","0.6978","","",""
"2023-07-05","012388","202000028574","0.6976","0.6976","","",""
"2023-07-06","012388","202000028574","0.6946","0.6946","","",""
"2023-07-07","012388","202000028574","0.6977","0.6977","","",""
"2023-07-10","012388","202000028574","0.7005","0.7005","","",""
"2023-07-11","012388","202000028574","0.6974","0.6974","","",""
"2023-07-12","012388","202000028574","0.6988","0.6988","","",""
"2023-07-13","012388","202000028574","0.7087","0.7087","","",""
"2023-07-14","012388","202000028574","0.7112","0.7112","","",""
"2023-07-17","012388","202000028574","0.7002","0.7002","","",""
"2023-07-18","012388","202000028574","0.6977","0.6977","","",""
"2023-07-19","012388","202000028574","0.6983","0.6983","","",""
"2023-07-20","012388","202000028574","0.6977","0.6977","","",""
"2023-07-21","012388","202000028574","0.6981","0.6981","","",""
"2023-07-24","012388","202000028574","0.6927","0.6927","","",""
"2023-07-25","012388","202000028574","0.7131","0.7131","","",""
"2023-07-26","012388","202000028574","0.7149","0.7149","","",""
"2023-07-27","012388","202000028574","0.7152","0.7152","","",""
"2023-07-28","012388","202000028574","0.7236","0.7236","","",""
"2023-07-31","012388","202000028574","0.7251","0.7251","","",""
"2023-08-01","012388","202000028574","0.7225","0.7225","","",""
"2023-08-02","012388","202000028574","0.7134","0.7134","","",""
"2023-08-03","012388","202000028574","0.7171","0.7171","","",""
"2023-08-04","012388","202000028574","0.7152","0.7152","","",""
"2023-08-07","012388","202000028574","0.7112","0.7112","","",""
"2023-08-08","012388","202000028574","0.7127","0.7127","","",""
"2023-08-09","012388","202000028574","0.7102","0.7102","","",""
"2023-08-10","012388","202000028574","0.7179","0.7179","","",""
"2023-08-11","012388","202000028574","0.7025","0.7025","","",""
"2023-08-14","012388","202000028574","0.6959","0.6959","","",""
"2023-08-15","012388","202000028574","0.6969","0.6969","","",""
"2023-08-16","012388","202000028574","0.6948","0.6948","","",""
"2023-08-17","012388","202000028574","0.6975","0.6975","","",""
"2023-08-18","012388","202000028574","0.6895","0.6895","","",""
"2023-08-21","012388","202000028574","0.6836","0.6836","","",""
"2023-08-22","012388","202000028574","0.6904","0.6904","","",""
"2023-08-23","012388","202000028574","0.6890","0.6890","","",""
"2023-08-24","012388","202000028574","0.6938","0.6938","","",""
"2023-08-25","012388","202000028574","0.6897","0.6897","","",""
"2023-08-28","012388","202000028574","0.7019","0.7019","","",""
"2023-08-29","012388","202000028574","0.7048","0.7048","","",""
"2023-08-30","012388","202000028574","0.7028","0.7028","","",""
"2023-08-31","012388","202000028574","0.7022","0.7022","","",""
"2023-09-01","012388","202000028574","0.7234","0.7234","","",""
"2023-09-04","012388","202000028574","0.7438","0.7438","","",""
"2023-09-05","012388","202000028574","0.7395","0.7395","","",""
"2023-09-06","012388","202000028574","0.7335","0.7335","","",""
"2023-09-07","012388","202000028574","0.7206","0.7206","","",""
"2023-09-08","012388","202000028574","0.7210","0.7210","","",""
"2023-09-11","012388","202000028574","0.7278","0.7278","","",""
"2023-09-12","012388","202000028574","0.7275","0.7275","","",""
"2023-09-13","012388","202000028574","0.7174","0.7174","","",""
"2023-09-14","012388","202000028574","0.7103","0.7103","","",""
"2023-09-15","012388","202000028574","0.7088","0.7088","","",""
"2023-09-18","012388","202000028574","0.7126","0.7126","","",""
"2023-09-19","012388","202000028574","0.7083","0.7083","","",""
"2023-09-20","012388","202000028574","0.7038","0.7038","","",""
"2023-09-21","012388","202000028574","0.6975","0.6975","","",""
"2023-09-22","012388","202000028574","0.7069","0.7069","","",""
"2023-09-25","012388","202000028574","0.7087","0.7087","","",""
"2023-09-26","012388","202000028574","0.7124","0.7124","","",""
"2023-09-27","012388","202000028574","0.7236","0.7236","","",""
"2023-09-28","012388","202000028574","0.7264","0.7264","","",""
"2023-10-09","012388","202000028574","0.7226","0.7226","","",""
"2023-10-10","012388","202000028574","0.7136","0.7136","","",""
"2023-10-11","012388","202000028574","0.7070","0.7070","","",""
"2023-10-12","012388","202000028574","0.7089","0.7089","","",""
"2023-10-13","012388","202000028574","0.6998","0.6998","","",""
"2023-10-16","012388","202000028574","0.6888","0.6888","","",""
"2023-10-17","012388","202000028574","0.6886","0.6886","","",""
"2023-10-18","012388","202000028574","0.6755","0.6755","","",""
"2023-10-19","012388","202000028574","0.6692","0.6692","","",""
"2023-10-20","012388","202000028574","0.6635","0.6635","","",""
"2023-10-23","012388","202000028574","0.6526","0.6526","","",""
"2023-10-24","012388","202000028574","0.6599","0.6599","","",""
"2023-10-25","012388","202000028574","0.6620","0.6620","","",""
"2023-10-26","012388","202000028574","0.6643","0.6643","","",""
"2023-10-27","012388","202000028574","0.6767","0.6767","","",""
"2023-10-30","012388","202000028574","0.6819","0.6819","","",""
"2023-10-31","012388","202000028574","0.6731","0.6731","","",""
"2023-11-01","012388","202000028574","0.6700","0.6700","","",""
"2023-11-02","012388","202000028574","0.6607","0.6607","","",""
"2023-11-03","012388","202000028574","0.6716","0.6716","","",""
"2023-11-06","012388","202000028574","0.6830","0.6830","","",""
"2023-11-07","012388","202000028574","0.6850","0.6850","","",""
"2023-11-08","012388","202000028574","0.6821","0.6821","","",""
"2023-11-09","012388","202000028574","0.6823","0.6823","","",""
"2023-11-10","012388","202000028574","0.6787","0.6787","","",""
"2023-11-13","012388","202000028574","0.6794","0.6794","","",""
"2023-11-14","012388","202000028574","0.6843","0.6843","","",""
"2023-11-15","012388","202000028574","0.6888","0.6888","","",""
"2023-11-16","012388","202000028574","0.6811","0.6811","","",""
"2023-11-17","012388","202000028574","0.6861","0.6861","","",""
"2023-11-20","012388","202000028574","0.6890","0.6890","","",""
"2023-11-21","012388","202000028574","0.6812","0.6812","","",""
"2023-11-22","012388","202000028574","0.6712","0.6712","","",""
"2023-11-23","012388","202000028574","0.6809","0.6809","","",""
"2023-11-24","012388","202000028574","0.6731","0.6731","","",""
"2023-11-27","012388","202000028574","0.6748","0.6748","","",""
"2023-11-28","012388","202000028574","0.6805","0.6805","","",""
"2023-11-29","012388","202000028574","0.6796","0.6796","","",""
"2023-11-30","012388","202000028574","0.6760","0.6760","","",""
"2023-12-01","012388","202000028574","0.6811","0.6811","","",""
"2023-12-04","012388","202000028574","0.6785","0.6785","","",""
"2023-12-05","012388","202000028574","0.6675","0.6675","","",""
"2023-12-06","012388","202000028574","0.6684","0.6684","","",""
"2023-12-07","012388","202000028574","0.6685","0.6685","","",""
"2023-12-08","012388","202000028574","0.6651","0.6651","","",""
"2023-12-11","012388","202000028574","0.6777","0.6777","","",""
"2023-12-12","012388","202000028574","0.6794","0.6794","","",""
"2023-12-13","012388","202000028574","0.6745","0.6745","","",""
"2023-12-14","012388","202000028574","0.6703","0.6703","","",""
"2023-12-15","012388","202000028574","0.6637","0.6637","","",""
"2023-12-18","012388","202000028574","0.6556","0.6556","","",""
"2023-12-19","012388","202000028574","0.6560","0.6560","","",""
"2023-12-20","012388","202000028574","0.6510","0.6510","","",""
"2023-12-21","012388","202000028574","0.6563","0.6563","","",""
"2023-12-22","012388","202000028574","0.6532","0.6532","","",""
"2023-12-25","012388","202000028574","0.6598","0.6598","","",""
"2023-12-26","012388","202000028574","0.6472","0.6472","","",""
"2023-12-27","012388","202000028574","0.6545","0.6545","","",""
"2023-12-28","012388","202000028574","0.6615","0.6615","","",""
"2023-12-29","012388","202000028574","0.6753","0.6753","","",""
"2023-12-31","012388","202000028574","0.6753","0.6753","","",""
"2024-01-02","012388","202000028574","0.6697","0.6697","","",""
"2024-01-03","012388","202000028574","0.6597","0.6597","","",""
"2024-01-04","012388","202000028574","0.6521","0.6521","","",""
"2024-01-05","012388","202000028574","0.6389","0.6389","","",""
"2024-01-08","012388","202000028574","0.6258","0.6258","","",""
"2024-01-09","012388","202000028574","0.6285","0.6285","","",""
"2024-01-10","012388","202000028574","0.6221","0.6221","","",""
"2024-01-11","012388","202000028574","0.6311","0.6311","","",""
"2024-01-12","012388","202000028574","0.6301","0.6301","","",""
"2024-01-15","012388","202000028574","0.6310","0.6310","","",""
"2024-01-16","012388","202000028574","0.6297","0.6297","","",""
"2024-01-17","012388","202000028574","0.6138","0.6138","","",""
"2024-01-18","012388","202000028574","0.6138","0.6138","","",""
"2024-01-19","012388","202000028574","0.6032","0.6032","","",""
"2024-01-22","012388","202000028574","0.5736","0.5736","","",""
"2024-01-23","012388","202000028574","0.5811","0.5811","","",""
"2024-01-24","012388","202000028574","0.5844","0.5844","","",""
"2024-01-25","012388","202000028574","0.5995","0.5995","","",""
"2024-01-26","012388","202000028574","0.5885","0.5885","","",""
"2024-01-29","012388","202000028574","0.5746","0.5746","","",""
"2024-01-30","012388","202000028574","0.5604","0.5604","","",""
"2024-01-31","012388","202000028574","0.5410","0.5410","","",""
"2024-02-01","012388","202000028574","0.5431","0.5431","","",""
"2024-02-02","012388","202000028574","0.5267","0.5267","","",""
"2024-02-05","012388","202000028574","0.5145","0.5145","","",""
"2024-02-06","012388","202000028574","0.5455","0.5455","","",""
"2024-02-07","012388","202000028574","0.5641","0.5641","","",""
"2024-02-08","012388","202000028574","0.5840","0.5840","","",""
"2024-02-19","012388","202000028574","0.5836","0.5836","","",""
"2024-02-20","012388","202000028574","0.5848","0.5848","","",""
"2024-02-21","012388","202000028574","0.5908","0.5908","","",""
"2024-02-22","012388","202000028574","0.5946","0.5946","","",""
"2024-02-23","012388","202000028574","0.5981","0.5981","","",""
"2024-02-26","012388","202000028574","0.6059","0.6059","","",""
"2024-02-27","012388","202000028574","0.6164","0.6164","","",""
"2024-02-28","012388","202000028574","0.5937","0.5937","","",""
"2024-02-29","012388","202000028574","0.6146","0.6146","","",""
"2024-03-01","012388","202000028574","0.6186","0.6186","","",""
"2024-03-04","012388","202000028574","0.6234","0.6234","","",""
"2024-03-05","012388","202000028574","0.6175","0.6175","","",""
"2024-03-06","012388","202000028574","0.6199","0.6199","","",""
"2024-03-07","012388","202000028574","0.6117","0.6117","","",""
"2024-03-08","012388","202000028574","0.6181","0.6181","","",""
"2024-03-11","012388","202000028574","0.6260","0.6260","","",""
"2024-03-12","012388","202000028574","0.6295","0.6295","","",""
"2024-03-13","012388","202000028574","0.6319","0.6319","","",""
"2024-03-14","012388","202000028574","0.6260","0.6260","","",""
"2024-03-15","012388","202000028574","0.6312","0.6312","","",""
"2024-03-18","012388","202000028574","0.6405","0.6405","","",""
"2024-03-19","012388","202000028574","0.6363","0.6363","","",""
"2024-03-20","012388","202000028574","0.6353","0.6353","","",""
"2024-03-21","012388","202000028574","0.6355","0.6355","","",""
"2024-03-22","012388","202000028574","0.6309","0.6309","","",""
"2024-03-25","012388","202000028574","0.6236","0.6236","","",""
"2024-03-26","012388","202000028574","0.6205","0.6205","","",""
"2024-03-27","012388","202000028574","0.6011","0.6011","","",""
"2024-03-28","012388","202000028574","0.6102","0.6102","","",""
"2024-03-29","012388","202000028574","0.6195","0.6195","","",""
"2024-04-01","012388","202000028574","0.6264","0.6264","","",""
"2023-04-03","012811","202000029534","1.2864","1.2864","","",""
"2023-04-04","012811","202000029534","1.2868","1.2868","","",""
"2023-04-06","012811","202000029534","1.2851","1.2851","","",""
"2023-04-07","012811","202000029534","1.2940","1.2940","","",""
"2023-04-10","012811","202000029534","1.2895","1.2895","","",""
"2023-04-11","012811","202000029534","1.2883","1.2883","","",""
"2023-04-12","012811","202000029534","1.2856","1.2856","","",""
"2023-04-13","012811","202000029534","1.2809","1.2809","","",""
"2023-04-14","012811","202000029534","1.2862","1.2862","","",""
"2023-04-17","012811","202000029534","1.3021","1.3021","","",""
"2023-04-18","012811","202000029534","1.3044","1.3044","","",""
"2023-04-19","012811","202000029534","1.2939","1.2939","","",""
"2023-04-20","012811","202000029534","1.2875","1.2875","","",""
"2023-04-21","012811","202000029534","1.2650","1.2650","","",""
"2023-04-24","012811","202000029534","1.2518","1.2518","","",""
"2023-04-25","012811","202000029534","1.2444","1.2444","","",""
"2023-04-26","012811","202000029534","1.2467","1.2467","","",""
"2023-04-27","012811","202000029534","1.2542","1.2542","","",""
"2023-04-28","012811","202000029534","1.2646","1.2646","","",""
"2023-05-04","012811","202000029534","1.2665","1.2665","","",""
"2023-05-05","012811","202000029534","1.2626","1.2626","","",""
"2023-05-08","012811","202000029534","1.2764","1.2764","","",""
"2023-05-09","012811","202000029534","1.2671","1.2671","","",""
"2023-05-10","012811","202000029534","1.2579","1.2579","","",""
"2023-05-11","012811","202000029534","1.2572","1.2572","","",""
"2023-05-12","012811","202000029534","1.2433","1.2433","","",""
"2023-05-15","012811","202000029534","1.2610","1.2610","","",""
"2023-05-16","012811","202000029534","1.2560","1.2560","","",""
"2023-05-17","012811","202000029534","1.2499","1.2499","","",""
"2023-05-18","012811","202000029534","1.2481","1.2481","","",""
"2023-05-19","012811","202000029534","1.2448","1.2448","","",""
"2023-05-22","012811","202000029534","1.2509","1.2509","","",""
"2023-05-23","012811","202000029534","1.2358","1.2358","","",""
"2023-05-24","012811","202000029534","1.2201","1.2201","","",""
"2023-05-25","012811","202000029534","1.2170","1.2170","","",""
"2023-05-26","012811","202000029534","1.2174","1.2174","","",""
"2023-05-29","012811","202000029534","1.2150","1.2150","","",""
"2023-05-30","012811","202000029534","1.2154","1.2154","","",""
"2023-05-31","012811","202000029534","1.2082","1.2082","","",""
"2023-06-01","012811","202000029534","1.2084","1.2084","","",""
"2023-06-02","012811","202000029534","1.2233","1.2233","","",""
"2023-06-05","012811","202000029534","1.2190","1.2190","","",""
"2023-06-06","012811","202000029534","1.2085","1.2085","","",""
"2023-06-07","012811","202000029534","1.2009","1.2009","","",""
"2023-06-08","012811","202000029534","1.2074","1.2074","","",""
"2023-06-09","012811","202000029534","1.2149","1.2149","","",""
"2023-06-12","012811","202000029534","1.2169","1.2169","","",""
"2023-06-13","012811","202000029534","1.2221","1.2221","","",""
"2023-06-14","012811","202000029534","1.2229","1.2229","","",""
"2023-06-15","012811","202000029534","1.2423","1.2423","","",""
"2023-06-16","012811","202000029534","1.2520","1.2520","","",""
"2023-06-19","012811","202000029534","1.2440","1.2440","","",""
"2023-06-20","012811","202000029534","1.2415","1.2415","","",""
"2023-06-21","012811","202000029534","1.2237","1.2237","","",""
"2023-06-26","012811","202000029534","1.2071","1.2071","","",""
"2023-06-27","012811","202000029534","1.2164","1.2164","","",""
"2023-06-28","012811","202000029534","1.2162","1.2162","","",""
"2023-06-29","012811","202000029534","1.2100","1.2100","","",""
"2023-06-30","012811","202000029534","1.2181","1.2181","","",""
"2023-07-03","012811","202000029534","1.2325","1.2325","","",""
"2023-07-04","012811","202000029534","1.2331","1.2331","","",""
"2023-07-05","012811","202000029534","1.2246","1.2246","","",""
"2023-07-06","012811","202000029534","1.2179","1.2179","","",""
"2023-07-07","012811","202000029534","1.2136","1.2136","","",""
"2023-07-10","012811","202000029534","1.2196","1.2196","","",""
"2023-07-11","012811","202000029534","1.2262","1.2262","","",""
"2023-07-12","012811","202000029534","1.2186","1.2186","","",""
"2023-07-13","012811","202000029534","1.2364","1.2364","","",""
"2023-07-14","012811","202000029534","1.2361","1.2361","","",""
"2023-07-17","012811","202000029534","1.2317","1.2317","","",""
"2023-07-18","012811","202000029534","1.2285","1.2285","","",""
"2023-07-19","012811","202000029534","1.2272","1.2272","","",""
"2023-07-20","012811","202000029534","1.2197","1.2197","","",""
"2023-07-21","012811","202000029534","1.2207","1.2207","","",""
"2023-07-24","012811","202000029534","1.2152","1.2152","","",""
"2023-07-25","012811","202000029534","1.2462","1.2462","","",""
"2023-07-26","012811","202000029534","1.2441","1.2441","","",""
"2023-07-27","012811","202000029534","1.2426","1.2426","","",""
"2023-07-28","012811","202000029534","1.2694","1.2694","","",""
"2023-07-31","012811","202000029534","1.2766","1.2766","","",""
"2023-08-01","012811","202000029534","1.2724","1.2724","","",""
"2023-08-02","012811","202000029534","1.2634","1.2634","","",""
"2023-08-03","012811","202000029534","1.2745","1.2745","","",""
"2023-08-04","012811","202000029534","1.2793","1.2793","","",""
"2023-08-07","012811","202000029534","1.2702","1.2702","","",""
"2023-08-08","012811","202000029534","1.2669","1.2669","","",""
"2023-08-09","012811","202000029534","1.2630","1.2630","","",""
"2023-08-10","012811","202000029534","1.2657","1.2657","","",""
"2023-08-11","012811","202000029534","1.2394","1.2394","","",""
"2023-08-14","012811","202000029534","1.2283","1.2283","","",""
"2023-08-15","012811","202000029534","1.2229","1.2229","","",""
"2023-08-16","012811","202000029534","1.2137","1.2137","","",""
"2023-08-17","012811","202000029534","1.2167","1.2167","","",""
"2023-08-18","012811","202000029534","1.2026","1.2026","","",""
"2023-08-21","012811","202000029534","1.1852","1.1852","","",""
"2023-08-22","012811","202000029534","1.1913","1.1913","","",""
"2023-08-23","012811","202000029534","1.1733","1.1733","","",""
"2023-08-24","012811","202000029534","1.1815","1.1815","","",""
"2023-08-25","012811","202000029534","1.1765","1.1765","","",""
"2023-08-28","012811","202000029534","1.1890","1.1890","","",""
"2023-08-29","012811","202000029534","1.2005","1.2005","","",""
"2023-08-30","012811","202000029534","1.1982","1.1982","","",""
"2023-08-31","012811","202000029534","1.1909","1.1909","","",""
"2023-09-01","012811","202000029534","1.1970","1.1970","","",""
"2023-09-04","012811","202000029534","1.2126","1.2126","","",""
"2023-09-05","012811","202000029534","1.2041","1.2041","","",""
"2023-09-06","012811","202000029534","1.2006","1.2006","","",""
"2023-09-07","012811","202000029534","1.1854","1.1854","","",""
"2023-09-08","012811","202000029534","1.1803","1.1803","","",""
"2023-09-11","012811","202000029534","1.1892","1.1892","","",""
"2023-09-12","012811","202000029534","1.1868","1.1868","","",""
"2023-09-13","012811","202000029534","1.1798","1.1798","","",""
"2023-09-14","012811","202000029534","1.1789","1.1789","","",""
"2023-09-15","012811","202000029534","1.1722","1.1722","","",""
"2023-09-18","012811","202000029534","1.1756","1.1756","","",""
"2023-09-19","012811","202000029534","1.1748","1.1748","","",""
"2023-09-20","012811","202000029534","1.1723","1.1723","","",""
"2023-09-21","012811","202000029534","1.1674","1.1674","","",""
"2023-09-22","012811","202000029534","1.1761","1.1761","","",""
"2023-09-25","012811","202000029534","1.1729","1.1729","","",""
"2023-09-26","012811","202000029534","1.1671","1.1671","","",""
"2023-09-27","012811","202000029534","1.1697","1.1697","","",""
"2023-09-28","012811","202000029534","1.1669","1.1669","","",""
"2023-10-09","012811","202000029534","1.1625","1.1625","","",""
"2023-10-10","012811","202000029534","1.1554","1.1554","","",""
"2023-10-11","012811","202000029534","1.1604","1.1604","","",""
"2023-04-03","012854","202000035272","0.9721","0.9721","","",""
"2023-04-04","012854","202000035272","0.9740","0.9740","","",""
"2023-04-06","012854","202000035272","0.9753","0.9753","","",""
"2023-04-07","012854","202000035272","0.9816","0.9816","","",""
"2023-04-10","012854","202000035272","0.9768","0.9768","","",""
"2023-04-11","012854","202000035272","0.9770","0.9770","","",""
"2023-04-12","012854","202000035272","0.9765","0.9765","","",""
"2023-04-13","012854","202000035272","0.9708","0.9708","","",""
"2023-04-14","012854","202000035272","0.9773","0.9773","","",""
"2023-04-17","012854","202000035272","0.9889","0.9889","","",""
"2023-04-18","012854","202000035272","0.9894","0.9894","","",""
"2023-04-19","012854","202000035272","0.9815","0.9815","","",""
"2023-04-20","012854","202000035272","0.9828","0.9828","","",""
"2023-04-21","012854","202000035272","0.9643","0.9643","","",""
"2023-04-24","012854","202000035272","0.9527","0.9527","","",""
"2023-04-25","012854","202000035272","0.9490","0.9490","","",""
"2023-04-26","012854","202000035272","0.9448","0.9448","","",""
"2023-04-27","012854","202000035272","0.9488","0.9488","","",""
"2023-04-28","012854","202000035272","0.9597","0.9597","","",""
"2023-05-04","012854","202000035272","0.9566","0.9566","","",""
"2023-05-05","012854","202000035272","0.9519","0.9519","","",""
"2023-05-08","012854","202000035272","0.9624","0.9624","","",""
"2023-05-09","012854","202000035272","0.9550","0.9550","","",""
"2023-05-10","012854","202000035272","0.9470","0.9470","","",""
"2023-05-11","012854","202000035272","0.9456","0.9456","","",""
"2023-05-12","012854","202000035272","0.9337","0.9337","","",""
"2023-05-15","012854","202000035272","0.9463","0.9463","","",""
"2023-05-16","012854","202000035272","0.9408","0.9408","","",""
"2023-05-17","012854","202000035272","0.9368","0.9368","","",""
"2023-05-18","012854","202000035272","0.9372","0.9372","","",""
"2023-05-19","012854","202000035272","0.9342","0.9342","","",""
"2023-05-22","012854","202000035272","0.9387","0.9387","","",""
"2023-05-23","012854","202000035272","0.9262","0.9262","","",""
"2023-05-24","012854","202000035272","0.9160","0.9160","","",""
"2023-05-25","012854","202000035272","0.9146","0.9146","","",""
"2023-05-26","012854","202000035272","0.9150","0.9150","","",""
"2023-05-29","012854","202000035272","0.9131","0.9131","","",""
"2023-05-30","012854","202000035272","0.9152","0.9152","","",""
"2023-05-31","012854","202000035272","0.9066","0.9066","","",""
"2023-06-01","012854","202000035272","0.9114","0.9114","","",""
"2023-06-02","012854","202000035272","0.9229","0.9229","","",""
"2023-06-05","012854","202000035272","0.9189","0.9189","","",""
"2023-06-06","012854","202000035272","0.9099","0.9099","","",""
"2023-06-07","012854","202000035272","0.9045","0.9045","","",""
"2023-06-08","012854","202000035272","0.9115","0.9115","","",""
"2023-06-09","012854","202000035272","0.9191","0.9191","","",""
"2023-06-12","012854","202000035272","0.9204","0.9204","","",""
"2023-06-13","012854","202000035272","0.9245","0.9245","","",""
"2023-06-14","012854","202000035272","0.9267","0.9267","","",""
"2023-06-15","012854","202000035272","0.9418","0.9418","","",""
"2023-06-16","012854","202000035272","0.9506","0.9506","","",""
"2023-06-19","012854","202000035272","0.9418","0.9418","","",""
"2023-06-20","012854","202000035272","0.9407","0.9407","","",""
"2023-06-21","012854","202000035272","0.9283","0.9283","","",""
"2023-06-26","012854","202000035272","0.9169","0.9169","","",""
"2023-06-27","012854","202000035272","0.9251","0.9251","","",""
"2023-06-28","012854","202000035272","0.9260","0.9260","","",""
"2023-06-29","012854","202000035272","0.9213","0.9213","","",""
"2023-06-30","012854","202000035272","0.9264","0.9264","","",""
"2023-07-03","012854","202000035272","0.9367","0.9367","","",""
"2023-07-04","012854","202000035272","0.9368","0.9368","","",""
"2023-07-05","012854","202000035272","0.9299","0.9299","","",""
"2023-07-06","012854","202000035272","0.9229","0.9229","","",""
"2023-07-07","012854","202000035272","0.9190","0.9190","","",""
"2023-07-10","012854","202000035272","0.9240","0.9240","","",""
"2023-07-11","012854","202000035272","0.9293","0.9293","","",""
"2023-07-12","012854","202000035272","0.9252","0.9252","","",""
"2023-07-13","012854","202000035272","0.9401","0.9401","","",""
"2023-07-14","012854","202000035272","0.9412","0.9412","","",""
"2023-07-17","012854","202000035272","0.9339","0.9339","","",""
"2023-07-18","012854","202000035272","0.9310","0.9310","","",""
"2023-07-19","012854","202000035272","0.9305","0.9305","","",""
"2023-07-20","012854","202000035272","0.9257","0.9257","","",""
"2023-07-21","012854","202000035272","0.9249","0.9249","","",""
"2023-07-24","012854","202000035272","0.9217","0.9217","","",""
"2023-07-25","012854","202000035272","0.9478","0.9478","","",""
"2023-07-26","012854","202000035272","0.9470","0.9470","","",""
"2023-07-27","012854","202000035272","0.9460","0.9460","","",""
"2023-07-28","012854","202000035272","0.9677","0.9677","","",""
"2023-07-31","012854","202000035272","0.9727","0.9727","","",""
"2023-08-01","012854","202000035272","0.9686","0.9686","","",""
"2023-08-02","012854","202000035272","0.9617","0.9617","","",""
"2023-08-03","012854","202000035272","0.9692","0.9692","","",""
"2023-08-04","012854","202000035272","0.9748","0.9748","","",""
"2023-08-07","012854","202000035272","0.9683","0.9683","","",""
"2023-08-08","012854","202000035272","0.9670","0.9670","","",""
"2023-08-09","012854","202000035272","0.9647","0.9647","","",""
"2023-08-10","012854","202000035272","0.9648","0.9648","","",""
"2023-08-11","012854","202000035272","0.9446","0.9446","","",""
"2023-08-14","012854","202000035272","0.9378","0.9378","","",""
"2023-08-15","012854","202000035272","0.9365","0.9365","","",""
"2023-08-16","012854","202000035272","0.9300","0.9300","","",""
"2023-08-17","012854","202000035272","0.9332","0.9332","","",""
"2023-08-18","012854","202000035272","0.9236","0.9236","","",""
"2023-08-21","012854","202000035272","0.9120","0.9120","","",""
"2023-08-22","012854","202000035272","0.9191","0.9191","","",""
"2023-08-23","012854","202000035272","0.9065","0.9065","","",""
"2023-08-24","012854","202000035272","0.9129","0.9129","","",""
"2023-08-25","012854","202000035272","0.9117","0.9117","","",""
"2023-08-28","012854","202000035272","0.9230","0.9230","","",""
"2023-08-29","012854","202000035272","0.9296","0.9296","","",""
"2023-08-30","012854","202000035272","0.9275","0.9275","","",""
"2023-08-31","012854","202000035272","0.9240","0.9240","","",""
"2023-09-01","012854","202000035272","0.9298","0.9298","","",""
"2023-09-04","012854","202000035272","0.9432","0.9432","","",""
"2023-09-05","012854","202000035272","0.9370","0.9370","","",""
"2023-09-06","012854","202000035272","0.9357","0.9357","","",""
"2023-09-07","012854","202000035272","0.9230","0.9230","","",""
"2023-09-08","012854","202000035272","0.9179","0.9179","","",""
"2023-09-11","012854","202000035272","0.9246","0.9246","","",""
"2023-09-12","012854","202000035272","0.9221","0.9221","","",""
"2023-09-13","012854","202000035272","0.9171","0.9171","","",""
"2023-09-14","012854","202000035272","0.9174","0.9174","","",""
"2023-09-15","012854","202000035272","0.9106","0.9106","","",""
"2023-09-18","012854","202000035272","0.9149","0.9149","","",""
"2023-09-19","012854","202000035272","0.9139","0.9139","","",""
"2023-09-20","012854","202000035272","0.9114","0.9114","","",""
"2023-09-21","012854","202000035272","0.9042","0.9042","","",""
"2023-09-22","012854","202000035272","0.9188","0.9188","","",""
"2023-09-25","012854","202000035272","0.9131","0.9131","","",""
"2023-09-26","012854","202000035272","0.9081","0.9081","","",""
"2023-09-27","012854","202000035272","0.9085","0.9085","","",""
"2023-09-28","012854","202000035272","0.9054","0.9054","","",""
"2023-10-09","012854","202000035272","0.9044","0.9044","","",""
"2023-10-10","012854","202000035272","0.8974","0.8974","","",""
"2023-10-11","012854","202000035272","0.8987","0.8987","","",""
"2023-10-12","012854","202000035272","0.9068","0.9068","","",""
"2023-10-13","012854","202000035272","0.8964","0.8964","","",""
"2023-10-16","012854","202000035272","0.8886","0.8886","","",""
"2023-10-17","012854","202000035272","0.8906","0.8906","","",""
"2023-10-18","012854","202000035272","0.8857","0.8857","","",""
"2023-10-19","012854","202000035272","0.8675","0.8675","","",""
"2023-10-20","012854","202000035272","0.8615","0.8615","","",""
"2023-10-23","012854","202000035272","0.8545","0.8545","","",""
"2023-10-24","012854","202000035272","0.8562","0.8562","","",""
"2023-10-25","012854","202000035272","0.8607","0.8607","","",""
"2023-10-26","012854","202000035272","0.8626","0.8626","","",""
"2023-10-27","012854","202000035272","0.8731","0.8731","","",""
"2023-10-30","012854","202000035272","0.8770","0.8770","","",""
"2023-10-31","012854","202000035272","0.8737","0.8737","","",""
"2023-11-01","012854","202000035272","0.8742","0.8742","","",""
"2023-11-02","012854","202000035272","0.8710","0.8710","","",""
"2023-11-03","012854","202000035272","0.8770","0.8770","","",""
"2023-11-06","012854","202000035272","0.8879","0.8879","","",""
"2023-11-07","012854","202000035272","0.8842","0.8842","","",""
"2023-11-08","012854","202000035272","0.8833","0.8833","","",""
"2023-11-09","012854","202000035272","0.8831","0.8831","","",""
"2023-11-10","012854","202000035272","0.8769","0.8769","","",""
"2023-11-13","012854","202000035272","0.8757","0.8757","","",""
"2023-11-14","012854","202000035272","0.8752","0.8752","","",""
"2023-11-15","012854","202000035272","0.8807","0.8807","","",""
"2023-11-16","012854","202000035272","0.8733","0.8733","","",""
"2023-11-17","012854","202000035272","0.8718","0.8718","","",""
"2023-11-20","012854","202000035272","0.8738","0.8738","","",""
"2023-11-21","012854","202000035272","0.8765","0.8765","","",""
"2023-11-22","012854","202000035272","0.8683","0.8683","","",""
"2023-11-23","012854","202000035272","0.8717","0.8717","","",""
"2023-11-24","012854","202000035272","0.8660","0.8660","","",""
"2023-11-27","012854","202000035272","0.8592","0.8592","","",""
"2023-11-28","012854","202000035272","0.8606","0.8606","","",""
"2023-11-29","012854","202000035272","0.8532","0.8532","","",""
"2023-11-30","012854","202000035272","0.8550","0.8550","","",""
"2023-12-01","012854","202000035272","0.8511","0.8511","","",""
"2023-12-04","012854","202000035272","0.8461","0.8461","","",""
"2023-12-05","012854","202000035272","0.8314","0.8314","","",""
"2023-12-06","012854","202000035272","0.8318","0.8318","","",""
"2023-12-07","012854","202000035272","0.8296","0.8296","","",""
"2023-12-08","012854","202000035272","0.8314","0.8314","","",""
"2023-12-11","012854","202000035272","0.8371","0.8371","","",""
"2023-12-12","012854","202000035272","0.8387","0.8387","","",""
"2023-12-13","012854","202000035272","0.8260","0.8260","","",""
"2023-12-14","012854","202000035272","0.8225","0.8225","","",""
"2023-12-15","012854","202000035272","0.8198","0.8198","","",""
"2023-12-18","012854","202000035272","0.8180","0.8180","","",""
"2023-12-19","012854","202000035272","0.8190","0.8190","","",""
"2023-12-20","012854","202000035272","0.8135","0.8135","","",""
"2023-12-21","012854","202000035272","0.8207","0.8207","","",""
"2023-12-22","012854","202000035272","0.8231","0.8231","","",""
"2023-12-25","012854","202000035272","0.8248","0.8248","","",""
"2023-12-26","012854","202000035272","0.8204","0.8204","","",""
"2023-12-27","012854","202000035272","0.8236","0.8236","","",""
"2023-12-28","012854","202000035272","0.8403","0.8403","","",""
"2023-12-29","012854","202000035272","0.8443","0.8443","","",""
"2023-12-31","012854","202000035272","0.8442","0.8442","","",""
"2024-01-02","012854","202000035272","0.8322","0.8322","","",""
"2024-01-03","012854","202000035272","0.8306","0.8306","","",""
"2024-01-04","012854","202000035272","0.8247","0.8247","","",""
"2024-01-05","012854","202000035272","0.8214","0.8214","","",""
"2024-01-08","012854","202000035272","0.8119","0.8119","","",""
"2024-01-09","012854","202000035272","0.8117","0.8117","","",""
"2024-01-10","012854","202000035272","0.8080","0.8080","","",""
"2024-01-11","012854","202000035272","0.8111","0.8111","","",""
"2024-01-12","012854","202000035272","0.8100","0.8100","","",""
"2024-01-15","012854","202000035272","0.8091","0.8091","","",""
"2024-01-16","012854","202000035272","0.8143","0.8143","","",""
"2024-01-17","012854","202000035272","0.7983","0.7983","","",""
"2024-01-18","012854","202000035272","0.8091","0.8091","","",""
"2024-01-19","012854","202000035272","0.8089","0.8089","","",""
"2024-01-22","012854","202000035272","0.7991","0.7991","","",""
"2024-01-23","012854","202000035272","0.8003","0.8003","","",""
"2024-01-24","012854","202000035272","0.8123","0.8123","","",""
"2024-01-25","012854","202000035272","0.8268","0.8268","","",""
"2024-01-26","012854","202000035272","0.8252","0.8252","","",""
"2024-01-29","012854","202000035272","0.8188","0.8188","","",""
"2024-01-30","012854","202000035272","0.8057","0.8057","","",""
"2024-01-31","012854","202000035272","0.8011","0.8011","","",""
"2024-02-01","012854","202000035272","0.8009","0.8009","","",""
"2024-02-02","012854","202000035272","0.7921","0.7921","","",""
"2024-02-05","012854","202000035272","0.8008","0.8008","","",""
"2024-02-06","012854","202000035272","0.8244","0.8244","","",""
"2024-02-07","012854","202000035272","0.8315","0.8315","","",""
"2024-02-08","012854","202000035272","0.8352","0.8352","","",""
"2024-02-19","012854","202000035272","0.8415","0.8415","","",""
"2024-02-20","012854","202000035272","0.8430","0.8430","","",""
"2024-02-21","012854","202000035272","0.8545","0.8545","","",""
"2024-02-22","012854","202000035272","0.8601","0.8601","","",""
"2024-02-23","012854","202000035272","0.8603","0.8603","","",""
"2024-02-26","012854","202000035272","0.8507","0.8507","","",""
"2024-02-27","012854","202000035272","0.8587","0.8587","","",""
"2024-02-28","012854","202000035272","0.8496","0.8496","","",""
"2024-02-29","012854","202000035272","0.8642","0.8642","","",""
"2024-03-01","012854","202000035272","0.8681","0.8681","","",""
"2024-03-04","012854","202000035272","0.8685","0.8685","","",""
"2024-03-05","012854","202000035272","0.8760","0.8760","","",""
"2024-03-06","012854","202000035272","0.8718","0.8718","","",""
"2024-03-07","012854","202000035272","0.8689","0.8689","","",""
"2024-03-08","012854","202000035272","0.8723","0.8723","","",""
"2024-03-11","012854","202000035272","0.8820","0.8820","","",""
"2024-03-12","012854","202000035272","0.8827","0.8827","","",""
"2024-03-13","012854","202000035272","0.8772","0.8772","","",""
"2024-03-14","012854","202000035272","0.8760","0.8760","","",""
"2024-03-15","012854","202000035272","0.8774","0.8774","","",""
"2024-03-18","012854","202000035272","0.8843","0.8843","","",""
"2024-03-19","012854","202000035272","0.8788","0.8788","","",""
"2024-03-20","012854","202000035272","0.8814","0.8814","","",""
"2024-03-21","012854","202000035272","0.8802","0.8802","","",""
"2024-03-22","012854","202000035272","0.8738","0.8738","","",""
"2024-03-25","012854","202000035272","0.8705","0.8705","","",""
"2024-03-26","012854","202000035272","0.8755","0.8755","","",""
"2024-03-27","012854","202000035272","0.8681","0.8681","","",""
"2024-03-28","012854","202000035272","0.8712","0.8712","","",""
"2024-03-29","012854","202000035272","0.8759","0.8759","","",""
"2024-04-01","012854","202000035272","0.8883","0.8883","","",""
"2023-04-03","012855","202000035273","1.0111","1.0111","","",""
"2023-04-04","012855","202000035273","1.0130","1.0130","","",""
"2023-04-06","012855","202000035273","1.0144","1.0144","","",""
"2023-04-07","012855","202000035273","1.0209","1.0209","","",""
"2023-04-10","012855","202000035273","1.0159","1.0159","","",""
"2023-04-11","012855","202000035273","1.0162","1.0162","","",""
"2023-04-12","012855","202000035273","1.0156","1.0156","","",""
"2023-04-13","012855","202000035273","1.0097","1.0097","","",""
"2023-04-14","012855","202000035273","1.0165","1.0165","","",""
"2023-04-17","012855","202000035273","1.0285","1.0285","","",""
"2023-04-18","012855","202000035273","1.0290","1.0290","","",""
"2023-04-19","012855","202000035273","1.0208","1.0208","","",""
"2023-04-20","012855","202000035273","1.0221","1.0221","","",""
"2023-04-21","012855","202000035273","1.0029","1.0029","","",""
"2023-04-24","012855","202000035273","0.9908","0.9908","","",""
"2023-04-25","012855","202000035273","0.9870","0.9870","","",""
"2023-04-26","012855","202000035273","0.9826","0.9826","","",""
"2023-04-27","012855","202000035273","0.9868","0.9868","","",""
"2023-04-28","012855","202000035273","0.9981","0.9981","","",""
"2023-05-04","012855","202000035273","0.9948","0.9948","","",""
"2023-05-05","012855","202000035273","0.9900","0.9900","","",""
"2023-05-08","012855","202000035273","1.0009","1.0009","","",""
"2023-05-09","012855","202000035273","0.9932","0.9932","","",""
"2023-05-10","012855","202000035273","0.9848","0.9848","","",""
"2023-05-11","012855","202000035273","0.9834","0.9834","","",""
"2023-05-12","012855","202000035273","0.9711","0.9711","","",""
"2023-05-15","012855","202000035273","0.9841","0.9841","","",""
"2023-05-16","012855","202000035273","0.9784","0.9784","","",""
"2023-05-17","012855","202000035273","0.9743","0.9743","","",""
"2023-05-18","012855","202000035273","0.9746","0.9746","","",""
"2023-05-19","012855","202000035273","0.9716","0.9716","","",""
"2023-05-22","012855","202000035273","0.9762","0.9762","","",""
"2023-05-23","012855","202000035273","0.9632","0.9632","","",""
"2023-05-24","012855","202000035273","0.9526","0.9526","","",""
"2023-05-25","012855","202000035273","0.9511","0.9511","","",""
"2023-05-26","012855","202000035273","0.9515","0.9515","","",""
"2023-05-29","012855","202000035273","0.9495","0.9495","","",""
"2023-05-30","012855","202000035273","0.9518","0.9518","","",""
"2023-05-31","012855","202000035273","0.9428","0.9428","","",""
"2023-06-01","012855","202000035273","0.9478","0.9478","","",""
"2023-06-02","012855","202000035273","0.9597","0.9597","","",""
"2023-06-05","012855","202000035273","0.9556","0.9556","","",""
"2023-06-06","012855","202000035273","0.9462","0.9462","","",""
"2023-06-07","012855","202000035273","0.9406","0.9406","","",""
"2023-06-08","012855","202000035273","0.9479","0.9479","","",""
"2023-06-09","012855","202000035273","0.9558","0.9558","","",""
"2023-06-12","012855","202000035273","0.9571","0.9571","","",""
"2023-06-13","012855","202000035273","0.9614","0.9614","","",""
"2023-06-14","012855","202000035273","0.9637","0.9637","","",""
"2023-06-15","012855","202000035273","0.9793","0.9793","","",""
"2023-06-16","012855","202000035273","0.9885","0.9885","","",""
"2023-06-19","012855","202000035273","0.9794","0.9794","","",""
"2023-06-20","012855","202000035273","0.9782","0.9782","","",""
"2023-06-21","012855","202000035273","0.9653","0.9653","","",""
"2023-06-26","012855","202000035273","0.9536","0.9536","","",""
"2023-06-27","012855","202000035273","0.9621","0.9621","","",""
"2023-06-28","012855","202000035273","0.9630","0.9630","","",""
"2023-06-29","012855","202000035273","0.9581","0.9581","","",""
"2023-06-30","012855","202000035273","0.9634","0.9634","","",""
"2023-07-03","012855","202000035273","0.9741","0.9741","","",""
"2023-07-04","012855","202000035273","0.9734","0.9734","","",""
"2023-07-05","012855","202000035273","0.9661","0.9661","","",""
"2023-07-06","012855","202000035273","0.9589","0.9589","","",""
"2023-07-07","012855","202000035273","0.9548","0.9548","","",""
"2023-07-10","012855","202000035273","0.9600","0.9600","","",""
"2023-07-11","012855","202000035273","0.9656","0.9656","","",""
"2023-07-12","012855","202000035273","0.9613","0.9613","","",""
"2023-07-13","012855","202000035273","0.9768","0.9768","","",""
"2023-07-14","012855","202000035273","0.9779","0.9779","","",""
"2023-07-17","012855","202000035273","0.9703","0.9703","","",""
"2023-07-18","012855","202000035273","0.9673","0.9673","","",""
"2023-07-19","012855","202000035273","0.9668","0.9668","","",""
"2023-07-20","012855","202000035273","0.9618","0.9618","","",""
"2023-07-21","012855","202000035273","0.9609","0.9609","","",""
"2023-07-24","012855","202000035273","0.9577","0.9577","","",""
"2023-07-25","012855","202000035273","0.9847","0.9847","","",""
"2023-07-26","012855","202000035273","0.9839","0.9839","","",""
"2023-07-27","012855","202000035273","0.9828","0.9828","","",""
"2023-07-28","012855","202000035273","1.0054","1.0054","","",""
"2023-07-31","012855","202000035273","1.0106","1.0106","","",""
"2023-08-01","012855","202000035273","1.0063","1.0063","","",""
"2023-08-02","012855","202000035273","0.9991","0.9991","","",""
"2023-08-03","012855","202000035273","1.0070","1.0070","","",""
"2023-08-04","012855","202000035273","1.0128","1.0128","","",""
"2023-08-07","012855","202000035273","1.0060","1.0060","","",""
"2023-08-08","012855","202000035273","1.0046","1.0046","","",""
"2023-08-09","012855","202000035273","1.0023","1.0023","","",""
"2023-08-10","012855","202000035273","1.0024","1.0024","","",""
"2023-08-11","012855","202000035273","0.9814","0.9814","","",""
"2023-08-14","012855","202000035273","0.9743","0.9743","","",""
"2023-08-15","012855","202000035273","0.9729","0.9729","","",""
"2023-08-16","012855","202000035273","0.9662","0.9662","","",""
"2023-08-17","012855","202000035273","0.9695","0.9695","","",""
"2023-08-18","012855","202000035273","0.9595","0.9595","","",""
"2023-08-21","012855","202000035273","0.9475","0.9475","","",""
"2023-08-22","012855","202000035273","0.9548","0.9548","","",""
"2023-08-23","012855","202000035273","0.9417","0.9417","","",""
"2023-08-24","012855","202000035273","0.9484","0.9484","","",""
"2023-08-25","012855","202000035273","0.9472","0.9472","","",""
"2023-08-28","012855","202000035273","0.9589","0.9589","","",""
"2023-08-29","012855","202000035273","0.9658","0.9658","","",""
"2023-08-30","012855","202000035273","0.9636","0.9636","","",""
"2023-08-31","012855","202000035273","0.9599","0.9599","","",""
"2023-09-01","012855","202000035273","0.9660","0.9660","","",""
"2023-09-04","012855","202000035273","0.9798","0.9798","","",""
"2023-09-05","012855","202000035273","0.9734","0.9734","","",""
"2023-09-06","012855","202000035273","0.9721","0.9721","","",""
"2023-09-07","012855","202000035273","0.9589","0.9589","","",""
"2023-09-08","012855","202000035273","0.9535","0.9535","","",""
"2023-09-11","012855","202000035273","0.9605","0.9605","","",""
"2023-09-12","012855","202000035273","0.9580","0.9580","","",""
"2023-09-13","012855","202000035273","0.9527","0.9527","","",""
"2023-09-14","012855","202000035273","0.9530","0.9530","","",""
"2023-09-15","012855","202000035273","0.9459","0.9459","","",""
"2023-09-18","012855","202000035273","0.9504","0.9504","","",""
"2023-09-19","012855","202000035273","0.9493","0.9493","","",""
"2023-09-20","012855","202000035273","0.9468","0.9468","","",""
"2023-09-21","012855","202000035273","0.9393","0.9393","","",""
"2023-09-22","012855","202000035273","0.9545","0.9545","","",""
"2023-09-25","012855","202000035273","0.9485","0.9485","","",""
"2023-09-26","012855","202000035273","0.9433","0.9433","","",""
"2023-09-27","012855","202000035273","0.9438","0.9438","","",""
"2023-09-28","012855","202000035273","0.9406","0.9406","","",""
"2023-10-09","012855","202000035273","0.9395","0.9395","","",""
"2023-10-10","012855","202000035273","0.9322","0.9322","","",""
"2023-10-11","012855","202000035273","0.9336","0.9336","","",""
"2023-10-12","012855","202000035273","0.9420","0.9420","","",""
"2023-10-13","012855","202000035273","0.9312","0.9312","","",""
"2023-10-16","012855","202000035273","0.9231","0.9231","","",""
"2023-10-17","012855","202000035273","0.9251","0.9251","","",""
"2023-10-18","012855","202000035273","0.9200","0.9200","","",""
"2023-10-19","012855","202000035273","0.9012","0.9012","","",""
"2023-10-20","012855","202000035273","0.8949","0.8949","","",""
"2023-10-23","012855","202000035273","0.8876","0.8876","","",""
"2023-10-24","012855","202000035273","0.8894","0.8894","","",""
"2023-10-25","012855","202000035273","0.8941","0.8941","","",""
"2023-10-26","012855","202000035273","0.8960","0.8960","","",""
"2023-10-27","012855","202000035273","0.9069","0.9069","","",""
"2023-10-30","012855","202000035273","0.9109","0.9109","","",""
"2023-10-31","012855","202000035273","0.9075","0.9075","","",""
"2023-11-01","012855","202000035273","0.9081","0.9081","","",""
"2023-11-02","012855","202000035273","0.9048","0.9048","","",""
"2023-11-03","012855","202000035273","0.9109","0.9109","","",""
"2023-11-06","012855","202000035273","0.9223","0.9223","","",""
"2023-11-07","012855","202000035273","0.9184","0.9184","","",""
"2023-11-08","012855","202000035273","0.9174","0.9174","","",""
"2023-11-09","012855","202000035273","0.9173","0.9173","","",""
"2023-11-10","012855","202000035273","0.9108","0.9108","","",""
"2023-11-13","012855","202000035273","0.9096","0.9096","","",""
"2023-11-14","012855","202000035273","0.9091","0.9091","","",""
"2023-11-15","012855","202000035273","0.9148","0.9148","","",""
"2023-11-16","012855","202000035273","0.9071","0.9071","","",""
"2023-11-17","012855","202000035273","0.9055","0.9055","","",""
"2023-11-20","012855","202000035273","0.9076","0.9076","","",""
"2023-11-21","012855","202000035273","0.9104","0.9104","","",""
"2023-11-22","012855","202000035273","0.9019","0.9019","","",""
"2023-11-23","012855","202000035273","0.9053","0.9053","","",""
"2023-11-24","012855","202000035273","0.8995","0.8995","","",""
"2023-11-27","012855","202000035273","0.8924","0.8924","","",""
"2023-11-28","012855","202000035273","0.8939","0.8939","","",""
"2023-11-29","012855","202000035273","0.8861","0.8861","","",""
"2023-11-30","012855","202000035273","0.8881","0.8881","","",""
"2023-12-01","012855","202000035273","0.8840","0.8840","","",""
"2023-12-04","012855","202000035273","0.8788","0.8788","","",""
"2023-12-05","012855","202000035273","0.8635","0.8635","","",""
"2023-12-06","012855","202000035273","0.8639","0.8639","","",""
"2023-12-07","012855","202000035273","0.8617","0.8617","","",""
"2023-12-08","012855","202000035273","0.8635","0.8635","","",""
"2023-12-11","012855","202000035273","0.8694","0.8694","","",""
"2023-12-12","012855","202000035273","0.8710","0.8710","","",""
"2023-12-13","012855","202000035273","0.8579","0.8579","","",""
"2023-12-14","012855","202000035273","0.8542","0.8542","","",""
"2023-12-15","012855","202000035273","0.8515","0.8515","","",""
"2023-12-18","012855","202000035273","0.8496","0.8496","","",""
"2023-12-19","012855","202000035273","0.8506","0.8506","","",""
"2023-12-20","012855","202000035273","0.8449","0.8449","","",""
"2023-12-21","012855","202000035273","0.8524","0.8524","","",""
"2023-12-22","012855","202000035273","0.8549","0.8549","","",""
"2023-12-25","012855","202000035273","0.8566","0.8566","","",""
"2023-12-26","012855","202000035273","0.8520","0.8520","","",""
"2023-12-27","012855","202000035273","0.8554","0.8554","","",""
"2023-12-28","012855","202000035273","0.8727","0.8727","","",""
"2023-12-29","012855","202000035273","0.8768","0.8768","","",""
"2023-12-31","012855","202000035273","0.8768","0.8768","","",""
"2024-01-02","012855","202000035273","0.8642","0.8642","","",""
"2024-01-03","012855","202000035273","0.8626","0.8626","","",""
"2024-01-04","012855","202000035273","0.8565","0.8565","","",""
"2024-01-05","012855","202000035273","0.8530","0.8530","","",""
"2024-01-08","012855","202000035273","0.8432","0.8432","","",""
"2024-01-09","012855","202000035273","0.8429","0.8429","","",""
"2024-01-10","012855","202000035273","0.8391","0.8391","","",""
"2024-01-11","012855","202000035273","0.8423","0.8423","","",""
"2024-01-12","012855","202000035273","0.8412","0.8412","","",""
"2024-01-15","012855","202000035273","0.8403","0.8403","","",""
"2024-01-16","012855","202000035273","0.8457","0.8457","","",""
"2024-01-17","012855","202000035273","0.8290","0.8290","","",""
"2024-01-18","012855","202000035273","0.8402","0.8402","","",""
"2024-01-19","012855","202000035273","0.8401","0.8401","","",""
"2024-01-22","012855","202000035273","0.8299","0.8299","","",""
"2024-01-23","012855","202000035273","0.8310","0.8310","","",""
"2024-01-24","012855","202000035273","0.8435","0.8435","","",""
"2024-01-25","012855","202000035273","0.8586","0.8586","","",""
"2024-01-26","012855","202000035273","0.8569","0.8569","","",""
"2024-01-29","012855","202000035273","0.8503","0.8503","","",""
"2024-01-30","012855","202000035273","0.8367","0.8367","","",""
"2024-01-31","012855","202000035273","0.8319","0.8319","","",""
"2024-02-01","012855","202000035273","0.8317","0.8317","","",""
"2024-02-02","012855","202000035273","0.8225","0.8225","","",""
"2024-02-05","012855","202000035273","0.8316","0.8316","","",""
"2024-02-06","012855","202000035273","0.8561","0.8561","","",""
"2024-02-07","012855","202000035273","0.8634","0.8634","","",""
"2024-02-08","012855","202000035273","0.8673","0.8673","","",""
"2024-02-19","012855","202000035273","0.8737","0.8737","","",""
"2024-02-20","012855","202000035273","0.8756","0.8756","","",""
"2024-02-21","012855","202000035273","0.8875","0.8875","","",""
"2024-02-22","012855","202000035273","0.8933","0.8933","","",""
"2024-02-23","012855","202000035273","0.8935","0.8935","","",""
"2024-02-26","012855","202000035273","0.8836","0.8836","","",""
"2024-02-27","012855","202000035273","0.8919","0.8919","","",""
"2024-02-28","012855","202000035273","0.8824","0.8824","","",""
"2024-02-29","012855","202000035273","0.8975","0.8975","","",""
"2024-03-01","012855","202000035273","0.9016","0.9016","","",""
"2024-03-04","012855","202000035273","0.9020","0.9020","","",""
"2024-03-05","012855","202000035273","0.9098","0.9098","","",""
"2024-03-06","012855","202000035273","0.9054","0.9054","","",""
"2024-03-07","012855","202000035273","0.9024","0.9024","","",""
"2024-03-08","012855","202000035273","0.9060","0.9060","","",""
"2024-03-11","012855","202000035273","0.9161","0.9161","","",""
"2024-03-12","012855","202000035273","0.9168","0.9168","","",""
"2024-03-13","012855","202000035273","0.9110","0.9110","","",""
"2024-03-14","012855","202000035273","0.9098","0.9098","","",""
"2024-03-15","012855","202000035273","0.9112","0.9112","","",""
"2024-03-18","012855","202000035273","0.9184","0.9184","","",""
"2024-03-19","012855","202000035273","0.9127","0.9127","","",""
"2024-03-20","012855","202000035273","0.9154","0.9154","","",""
"2024-03-21","012855","202000035273","0.9141","0.9141","","",""
"2024-03-22","012855","202000035273","0.9075","0.9075","","",""
"2024-03-25","012855","202000035273","0.9041","0.9041","","",""
"2024-03-26","012855","202000035273","0.9092","0.9092","","",""
"2024-03-27","012855","202000035273","0.9016","0.9016","","",""
"2024-03-28","012855","202000035273","0.9048","0.9048","","",""
"2024-03-29","012855","202000035273","0.9097","0.9097","","",""
"2024-04-01","012855","202000035273","0.9226","0.9226","","",""
"2023-04-03","013174","202000033023","0.8853","0.8853","","",""
"2023-04-04","013174","202000033023","0.8881","0.8881","","",""
"2023-04-06","013174","202000033023","0.8832","0.8832","","",""
"2023-04-07","013174","202000033023","0.8875","0.8875","","",""
"2023-04-10","013174","202000033023","0.8859","0.8859","","",""
"2023-04-11","013174","202000033023","0.8830","0.8830","","",""
"2023-04-12","013174","202000033023","0.8806","0.8806","","",""
"2023-04-13","013174","202000033023","0.8796","0.8796","","",""
"2023-04-14","013174","202000033023","0.8810","0.8810","","",""
"2023-04-17","013174","202000033023","0.8940","0.8940","","",""
"2023-04-18","013174","202000033023","0.8975","0.8975","","",""
"2023-04-19","013174","202000033023","0.8926","0.8926","","",""
"2023-04-20","013174","202000033023","0.8893","0.8893","","",""
"2023-04-21","013174","202000033023","0.8744","0.8744","","",""
"2023-04-24","013174","202000033023","0.8671","0.8671","","",""
"2023-04-25","013174","202000033023","0.8670","0.8670","","",""
"2023-04-26","013174","202000033023","0.8666","0.8666","","",""
"2023-04-27","013174","202000033023","0.8742","0.8742","","",""
"2023-04-28","013174","202000033023","0.8826","0.8826","","",""
"2023-05-04","013174","202000033023","0.8872","0.8872","","",""
"2023-05-05","013174","202000033023","0.8857","0.8857","","",""
"2023-05-08","013174","202000033023","0.8958","0.8958","","",""
"2023-05-09","013174","202000033023","0.8898","0.8898","","",""
"2023-05-10","013174","202000033023","0.8805","0.8805","","",""
"2023-05-11","013174","202000033023","0.8785","0.8785","","",""
"2023-05-12","013174","202000033023","0.8703","0.8703","","",""
"2023-05-15","013174","202000033023","0.8830","0.8830","","",""
"2023-05-16","013174","202000033023","0.8795","0.8795","","",""
"2023-05-17","013174","202000033023","0.8740","0.8740","","",""
"2023-05-18","013174","202000033023","0.8755","0.8755","","",""
"2023-05-19","013174","202000033023","0.8734","0.8734","","",""
"2023-05-22","013174","202000033023","0.8807","0.8807","","",""
"2023-05-23","013174","202000033023","0.8688","0.8688","","",""
"2023-05-24","013174","202000033023","0.8560","0.8560","","",""
"2023-05-25","013174","202000033023","0.8534","0.8534","","",""
"2023-05-26","013174","202000033023","0.8544","0.8544","","",""
"2023-05-29","013174","202000033023","0.8529","0.8529","","",""
"2023-05-30","013174","202000033023","0.8500","0.8500","","",""
"2023-05-31","013174","202000033023","0.8400","0.8400","","",""
"2023-06-01","013174","202000033023","0.8415","0.8415","","",""
"2023-06-02","013174","202000033023","0.8517","0.8517","","",""
"2023-06-05","013174","202000033023","0.8505","0.8505","","",""
"2023-06-06","013174","202000033023","0.8447","0.8447","","",""
"2023-06-07","013174","202000033023","0.8436","0.8436","","",""
"2023-06-08","013174","202000033023","0.8491","0.8491","","",""
"2023-06-09","013174","202000033023","0.8497","0.8497","","",""
"2023-06-12","013174","202000033023","0.8511","0.8511","","",""
"2023-06-13","013174","202000033023","0.8544","0.8544","","",""
"2023-06-14","013174","202000033023","0.8558","0.8558","","",""
"2023-06-15","013174","202000033023","0.8697","0.8697","","",""
"2023-06-16","013174","202000033023","0.8764","0.8764","","",""
"2023-06-19","013174","202000033023","0.8666","0.8666","","",""
"2023-06-20","013174","202000033023","0.8651","0.8651","","",""
"2023-06-21","013174","202000033023","0.8566","0.8566","","",""
"2023-06-26","013174","202000033023","0.8444","0.8444","","",""
"2023-06-27","013174","202000033023","0.8511","0.8511","","",""
"2023-06-28","013174","202000033023","0.8524","0.8524","","",""
"2023-06-29","013174","202000033023","0.8494","0.8494","","",""
"2023-06-30","013174","202000033023","0.8544","0.8544","","",""
"2023-07-03","013174","202000033023","0.8655","0.8655","","",""
"2023-07-04","013174","202000033023","0.8660","0.8660","","",""
"2023-07-05","013174","202000033023","0.8602","0.8602","","",""
"2023-07-06","013174","202000033023","0.8540","0.8540","","",""
"2023-07-07","013174","202000033023","0.8513","0.8513","","",""
"2023-07-10","013174","202000033023","0.8556","0.8556","","",""
"2023-07-11","013174","202000033023","0.8593","0.8593","","",""
"2023-07-12","013174","202000033023","0.8574","0.8574","","",""
"2023-07-13","013174","202000033023","0.8717","0.8717","","",""
"2023-07-14","013174","202000033023","0.8706","0.8706","","",""
"2023-07-17","013174","202000033023","0.8651","0.8651","","",""
"2023-07-18","013174","202000033023","0.8617","0.8617","","",""
"2023-07-19","013174","202000033023","0.8611","0.8611","","",""
"2023-07-20","013174","202000033023","0.8571","0.8571","","",""
"2023-07-21","013174","202000033023","0.8593","0.8593","","",""
"2023-07-24","013174","202000033023","0.8556","0.8556","","",""
"2023-07-25","013174","202000033023","0.8795","0.8795","","",""
"2023-07-26","013174","202000033023","0.8786","0.8786","","",""
"2023-07-27","013174","202000033023","0.8792","0.8792","","",""
"2023-07-28","013174","202000033023","0.9003","0.9003","","",""
"2023-07-31","013174","202000033023","0.9025","0.9025","","",""
"2023-08-01","013174","202000033023","0.8981","0.8981","","",""
"2023-08-02","013174","202000033023","0.8914","0.8914","","",""
"2023-08-03","013174","202000033023","0.8985","0.8985","","",""
"2023-08-04","013174","202000033023","0.9023","0.9023","","",""
"2023-08-07","013174","202000033023","0.8951","0.8951","","",""
"2023-08-08","013174","202000033023","0.8932","0.8932","","",""
"2023-08-09","013174","202000033023","0.8916","0.8916","","",""
"2023-08-10","013174","202000033023","0.8916","0.8916","","",""
"2023-08-11","013174","202000033023","0.8724","0.8724","","",""
"2023-08-14","013174","202000033023","0.8652","0.8652","","",""
"2023-08-15","013174","202000033023","0.8652","0.8652","","",""
"2023-08-16","013174","202000033023","0.8617","0.8617","","",""
"2023-08-17","013174","202000033023","0.8643","0.8643","","",""
"2023-08-18","013174","202000033023","0.8561","0.8561","","",""
"2023-08-21","013174","202000033023","0.8450","0.8450","","",""
"2023-08-22","013174","202000033023","0.8490","0.8490","","",""
"2023-08-23","013174","202000033023","0.8383","0.8383","","",""
"2023-08-24","013174","202000033023","0.8454","0.8454","","",""
"2023-08-25","013174","202000033023","0.8445","0.8445","","",""
"2023-08-28","013174","202000033023","0.8537","0.8537","","",""
"2023-08-29","013174","202000033023","0.8590","0.8590","","",""
"2023-08-30","013174","202000033023","0.8569","0.8569","","",""
"2023-08-31","013174","202000033023","0.8530","0.8530","","",""
"2023-09-01","013174","202000033023","0.8587","0.8587","","",""
"2023-09-04","013174","202000033023","0.8722","0.8722","","",""
"2023-09-05","013174","202000033023","0.8665","0.8665","","",""
"2023-09-06","013174","202000033023","0.8655","0.8655","","",""
"2023-09-07","013174","202000033023","0.8545","0.8545","","",""
"2023-09-08","013174","202000033023","0.8507","0.8507","","",""
"2023-09-11","013174","202000033023","0.8559","0.8559","","",""
"2023-09-12","013174","202000033023","0.8542","0.8542","","",""
"2023-09-13","013174","202000033023","0.8501","0.8501","","",""
"2023-09-14","013174","202000033023","0.8506","0.8506","","",""
"2023-09-15","013174","202000033023","0.8450","0.8450","","",""
"2023-09-18","013174","202000033023","0.8504","0.8504","","",""
"2023-09-19","013174","202000033023","0.8493","0.8493","","",""
"2023-09-20","013174","202000033023","0.8468","0.8468","","",""
"2023-09-21","013174","202000033023","0.8393","0.8393","","",""
"2023-09-22","013174","202000033023","0.8534","0.8534","","",""
"2023-09-25","013174","202000033023","0.8491","0.8491","","",""
"2023-09-26","013174","202000033023","0.8436","0.8436","","",""
"2023-09-27","013174","202000033023","0.8447","0.8447","","",""
"2023-09-28","013174","202000033023","0.8415","0.8415","","",""
"2023-10-09","013174","202000033023","0.8380","0.8380","","",""
"2023-10-10","013174","202000033023","0.8333","0.8333","","",""
"2023-10-11","013174","202000033023","0.8350","0.8350","","",""
"2023-10-12","013174","202000033023","0.8426","0.8426","","",""
"2023-10-13","013174","202000033023","0.8352","0.8352","","",""
"2023-10-16","013174","202000033023","0.8274","0.8274","","",""
"2023-10-17","013174","202000033023","0.8296","0.8296","","",""
"2023-10-18","013174","202000033023","0.8250","0.8250","","",""
"2023-10-19","013174","202000033023","0.8071","0.8071","","",""
"2023-10-20","013174","202000033023","0.8035","0.8035","","",""
"2023-10-23","013174","202000033023","0.7969","0.7969","","",""
"2023-10-24","013174","202000033023","0.7996","0.7996","","",""
"2023-10-25","013174","202000033023","0.8040","0.8040","","",""
"2023-10-26","013174","202000033023","0.8073","0.8073","","",""
"2023-10-27","013174","202000033023","0.8167","0.8167","","",""
"2023-10-30","013174","202000033023","0.8180","0.8180","","",""
"2023-10-31","013174","202000033023","0.8171","0.8171","","",""
"2023-11-01","013174","202000033023","0.8207","0.8207","","",""
"2023-11-02","013174","202000033023","0.8176","0.8176","","",""
"2023-11-03","013174","202000033023","0.8228","0.8228","","",""
"2023-11-06","013174","202000033023","0.8313","0.8313","","",""
"2023-11-07","013174","202000033023","0.8271","0.8271","","",""
"2023-11-08","013174","202000033023","0.8254","0.8254","","",""
"2023-11-09","013174","202000033023","0.8244","0.8244","","",""
"2023-11-10","013174","202000033023","0.8193","0.8193","","",""
"2023-11-13","013174","202000033023","0.8162","0.8162","","",""
"2023-11-14","013174","202000033023","0.8162","0.8162","","",""
"2023-11-15","013174","202000033023","0.8217","0.8217","","",""
"2023-11-16","013174","202000033023","0.8156","0.8156","","",""
"2023-11-17","013174","202000033023","0.8139","0.8139","","",""
"2023-11-20","013174","202000033023","0.8164","0.8164","","",""
"2023-11-21","013174","202000033023","0.8181","0.8181","","",""
"2023-11-22","013174","202000033023","0.8115","0.8115","","",""
"2023-11-23","013174","202000033023","0.8148","0.8148","","",""
"2023-11-24","013174","202000033023","0.8116","0.8116","","",""
"2023-11-27","013174","202000033023","0.8047","0.8047","","",""
"2023-11-28","013174","202000033023","0.8060","0.8060","","",""
"2023-11-29","013174","202000033023","0.8003","0.8003","","",""
"2023-11-30","013174","202000033023","0.8025","0.8025","","",""
"2023-12-01","013174","202000033023","0.7989","0.7989","","",""
"2023-12-04","013174","202000033023","0.7937","0.7937","","",""
"2023-12-05","013174","202000033023","0.7801","0.7801","","",""
"2023-12-06","013174","202000033023","0.7802","0.7802","","",""
"2023-12-07","013174","202000033023","0.7793","0.7793","","",""
"2023-12-08","013174","202000033023","0.7806","0.7806","","",""
"2023-12-11","013174","202000033023","0.7844","0.7844","","",""
"2023-12-12","013174","202000033023","0.7875","0.7875","","",""
"2023-12-13","013174","202000033023","0.7752","0.7752","","",""
"2023-12-14","013174","202000033023","0.7714","0.7714","","",""
"2023-12-15","013174","202000033023","0.7695","0.7695","","",""
"2023-12-18","013174","202000033023","0.7678","0.7678","","",""
"2023-12-19","013174","202000033023","0.7689","0.7689","","",""
"2023-12-20","013174","202000033023","0.7637","0.7637","","",""
"2023-12-21","013174","202000033023","0.7703","0.7703","","",""
"2023-12-22","013174","202000033023","0.7714","0.7714","","",""
"2023-12-25","013174","202000033023","0.7726","0.7726","","",""
"2023-12-26","013174","202000033023","0.7687","0.7687","","",""
"2023-12-27","013174","202000033023","0.7716","0.7716","","",""
"2023-12-28","013174","202000033023","0.7878","0.7878","","",""
"2023-12-29","013174","202000033023","0.7922","0.7922","","",""
"2023-12-31","013174","202000033023","0.7922","0.7922","","",""
"2024-01-02","013174","202000033023","0.7826","0.7826","","",""
"2024-01-03","013174","202000033023","0.7825","0.7825","","",""
"2024-01-04","013174","202000033023","0.7768","0.7768","","",""
"2024-01-05","013174","202000033023","0.7735","0.7735","","",""
"2024-01-08","013174","202000033023","0.7647","0.7647","","",""
"2024-01-09","013174","202000033023","0.7653","0.7653","","",""
"2024-01-10","013174","202000033023","0.7627","0.7627","","",""
"2024-01-11","013174","202000033023","0.7656","0.7656","","",""
"2024-01-12","013174","202000033023","0.7636","0.7636","","",""
"2024-01-15","013174","202000033023","0.7637","0.7637","","",""
"2024-01-16","013174","202000033023","0.7676","0.7676","","",""
"2024-01-17","013174","202000033023","0.7530","0.7530","","",""
"2024-01-18","013174","202000033023","0.7610","0.7610","","",""
"2024-01-19","013174","202000033023","0.7607","0.7607","","",""
"2024-01-22","013174","202000033023","0.7506","0.7506","","",""
"2024-01-23","013174","202000033023","0.7524","0.7524","","",""
"2024-01-24","013174","202000033023","0.7623","0.7623","","",""
"2024-01-25","013174","202000033023","0.7766","0.7766","","",""
"2024-01-26","013174","202000033023","0.7767","0.7767","","",""
"2024-01-29","013174","202000033023","0.7730","0.7730","","",""
"2024-01-30","013174","202000033023","0.7609","0.7609","","",""
"2024-01-31","013174","202000033023","0.7565","0.7565","","",""
"2024-02-01","013174","202000033023","0.7549","0.7549","","",""
"2024-02-02","013174","202000033023","0.7479","0.7479","","",""
"2024-02-05","013174","202000033023","0.7550","0.7550","","",""
"2024-02-06","013174","202000033023","0.7795","0.7795","","",""
"2024-02-07","013174","202000033023","0.7891","0.7891","","",""
"2024-02-08","013174","202000033023","0.7916","0.7916","","",""
"2024-02-19","013174","202000033023","0.7971","0.7971","","",""
"2024-02-20","013174","202000033023","0.7978","0.7978","","",""
"2024-02-21","013174","202000033023","0.8083","0.8083","","",""
"2024-02-22","013174","202000033023","0.8136","0.8136","","",""
"2024-02-23","013174","202000033023","0.8145","0.8145","","",""
"2024-02-26","013174","202000033023","0.8047","0.8047","","",""
"2024-02-27","013174","202000033023","0.8114","0.8114","","",""
"2024-02-28","013174","202000033023","0.8036","0.8036","","",""
"2024-02-29","013174","202000033023","0.8170","0.8170","","",""
"2024-03-01","013174","202000033023","0.8201","0.8201","","",""
"2024-03-04","013174","202000033023","0.8199","0.8199","","",""
"2024-03-05","013174","202000033023","0.8261","0.8261","","",""
"2024-03-06","013174","202000033023","0.8221","0.8221","","",""
"2024-03-07","013174","202000033023","0.8194","0.8194","","",""
"2024-03-08","013174","202000033023","0.8215","0.8215","","",""
"2024-03-11","013174","202000033023","0.8315","0.8315","","",""
"2024-03-12","013174","202000033023","0.8341","0.8341","","",""
"2024-03-13","013174","202000033023","0.8285","0.8285","","",""
"2024-03-14","013174","202000033023","0.8273","0.8273","","",""
"2024-03-15","013174","202000033023","0.8293","0.8293","","",""
"2024-03-18","013174","202000033023","0.8342","0.8342","","",""
"2024-03-19","013174","202000033023","0.8292","0.8292","","",""
"2024-03-20","013174","202000033023","0.8313","0.8313","","",""
"2024-03-21","013174","202000033023","0.8303","0.8303","","",""
"2024-03-22","013174","202000033023","0.8236","0.8236","","",""
"2024-03-25","013174","202000033023","0.8192","0.8192","","",""
"2024-03-26","013174","202000033023","0.8242","0.8242","","",""
"2024-03-27","013174","202000033023","0.8166","0.8166","","",""
"2024-03-28","013174","202000033023","0.8189","0.8189","","",""
"2024-03-29","013174","202000033023","0.8232","0.8232","","",""
"2024-04-01","013174","202000033023","0.8342","0.8342","","",""
"2023-04-07","014552","202000035239","1.0140","1.0240","","",""
"2023-04-14","014552","202000035239","1.0155","1.0255","","",""
"2023-04-21","014552","202000035239","1.0170","1.0270","","",""
"2023-04-28","014552","202000035239","1.0187","1.0287","","",""
"2023-05-05","014552","202000035239","1.0208","1.0308","","",""
"2023-05-12","014552","202000035239","1.0232","1.0332","","",""
"2023-05-19","014552","202000035239","1.0237","1.0337","","",""
"2023-05-26","014552","202000035239","1.0254","1.0354","","",""
"2023-06-02","014552","202000035239","1.0264","1.0364","","",""
"2023-06-09","014552","202000035239","1.0275","1.0375","","",""
"2023-06-16","014552","202000035239","1.0178","1.0378","","",""
"2023-06-21","014552","202000035239","1.0172","1.0372","","",""
"2023-06-30","014552","202000035239","1.0183","1.0383","","",""
"2023-07-07","014552","202000035239","1.0197","1.0397","","",""
"2023-07-14","014552","202000035239","1.0206","1.0406","","",""
"2023-07-21","014552","202000035239","1.0222","1.0422","","",""
"2023-07-28","014552","202000035239","1.0219","1.0419","","",""
"2023-08-04","014552","202000035239","1.0233","1.0433","","",""
"2023-08-11","014552","202000035239","1.0251","1.0451","","",""
"2023-08-18","014552","202000035239","1.0294","1.0494","","",""
"2023-08-25","014552","202000035239","1.0325","1.0525","","",""
"2023-09-01","014552","202000035239","1.0319","1.0519","","",""
"2023-09-08","014552","202000035239","1.0301","1.0501","","",""
"2023-09-15","014552","202000035239","1.0307","1.0507","","",""
"2023-09-22","014552","202000035239","1.0160","1.0510","","",""
"2023-09-28","014552","202000035239","1.0163","1.0513","","",""
"2023-10-13","014552","202000035239","1.0176","1.0526","","",""
"2023-10-20","014552","202000035239","1.0173","1.0523","","",""
"2023-10-27","014552","202000035239","1.0180","1.0530","","",""
"2023-11-03","014552","202000035239","1.0195","1.0545","","",""
"2023-11-10","014552","202000035239","1.0209","1.0559","","",""
"2023-11-17","014552","202000035239","1.0222","1.0572","","",""
"2023-11-24","014552","202000035239","1.0219","1.0569","","",""
"2023-12-01","014552","202000035239","1.0223","1.0573","","",""
"2023-12-08","014552","202000035239","1.0223","1.0573","","",""
"2023-12-15","014552","202000035239","1.0243","1.0593","","",""
"2023-12-22","014552","202000035239","1.0162","1.0612","","",""
"2023-12-29","014552","202000035239","1.0192","1.0642","","",""
"2023-12-31","014552","202000035239","1.0192","1.0642","","",""
"2024-01-05","014552","202000035239","1.0204","1.0654","","",""
"2024-01-12","014552","202000035239","1.0225","1.0675","","",""
"2024-01-19","014552","202000035239","1.0244","1.0694","","",""
"2024-01-26","014552","202000035239","1.0259","1.0709","","",""
"2024-02-02","014552","202000035239","1.0304","1.0754","","",""
"2024-02-08","014552","202000035239","1.0307","1.0757","","",""
"2024-02-23","014552","202000035239","1.0353","1.0803","","",""
"2024-03-01","014552","202000035239","1.0401","1.0851","","",""
"2024-03-08","014552","202000035239","1.0433","1.0883","","",""
"2024-03-15","014552","202000035239","1.0284","1.0834","","",""
"2024-03-18","014552","202000035239","1.0287","1.0837","","",""
"2024-03-19","014552","202000035239","1.0288","1.0838","","",""
"2024-03-20","014552","202000035239","1.0288","1.0838","","",""
"2024-03-21","014552","202000035239","1.0290","1.0840","","",""
"2024-03-22","014552","202000035239","1.0290","1.0840","","",""
"2024-03-29","014552","202000035239","1.0295","1.0845","","",""
"2023-04-07","014553","202000035240","1.0096","1.0196","","",""
"2023-04-14","014553","202000035240","1.0111","1.0211","","",""
"2023-04-21","014553","202000035240","1.0125","1.0225","","",""
"2023-04-28","014553","202000035240","1.0141","1.0241","","",""
"2023-05-05","014553","202000035240","1.0161","1.0261","","",""
"2023-05-12","014553","202000035240","1.0184","1.0284","","",""
"2023-05-19","014553","202000035240","1.0189","1.0289","","",""
"2023-05-26","014553","202000035240","1.0204","1.0304","","",""
"2023-06-02","014553","202000035240","1.0214","1.0314","","",""
"2023-06-09","014553","202000035240","1.0224","1.0324","","",""
"2023-06-16","014553","202000035240","1.0126","1.0326","","",""
"2023-06-21","014553","202000035240","1.0120","1.0320","","",""
"2023-06-30","014553","202000035240","1.0130","1.0330","","",""
"2023-07-07","014553","202000035240","1.0143","1.0343","","",""
"2023-07-14","014553","202000035240","1.0151","1.0351","","",""
"2023-07-21","014553","202000035240","1.0166","1.0366","","",""
"2023-07-28","014553","202000035240","1.0162","1.0362","","",""
"2023-08-04","014553","202000035240","1.0176","1.0376","","",""
"2023-08-11","014553","202000035240","1.0193","1.0393","","",""
"2023-08-18","014553","202000035240","1.0234","1.0434","","",""
"2023-08-25","014553","202000035240","1.0265","1.0465","","",""
"2023-09-01","014553","202000035240","1.0258","1.0458","","",""
"2023-09-08","014553","202000035240","1.0239","1.0439","","",""
"2023-09-15","014553","202000035240","1.0244","1.0444","","",""
"2023-09-22","014553","202000035240","1.0147","1.0447","","",""
"2023-09-28","014553","202000035240","1.0149","1.0449","","",""
"2023-10-13","014553","202000035240","1.0160","1.0460","","",""
"2023-10-20","014553","202000035240","1.0156","1.0456","","",""
"2023-10-27","014553","202000035240","1.0162","1.0462","","",""
"2023-11-03","014553","202000035240","1.0177","1.0477","","",""
"2023-11-10","014553","202000035240","1.0190","1.0490","","",""
"2023-11-17","014553","202000035240","1.0203","1.0503","","",""
"2023-11-24","014553","202000035240","1.0198","1.0498","","",""
"2023-12-01","014553","202000035240","1.0202","1.0502","","",""
"2023-12-08","014553","202000035240","1.0201","1.0501","","",""
"2023-12-15","014553","202000035240","1.0220","1.0520","","",""
"2023-12-22","014553","202000035240","1.0139","1.0539","","",""
"2023-12-29","014553","202000035240","1.0167","1.0567","","",""
"2023-12-31","014553","202000035240","1.0168","1.0568","","",""
"2024-01-05","014553","202000035240","1.0179","1.0579","","",""
"2024-01-12","014553","202000035240","1.0199","1.0599","","",""
"2024-01-19","014553","202000035240","1.0217","1.0617","","",""
"2024-01-26","014553","202000035240","1.0231","1.0631","","",""
"2024-02-02","014553","202000035240","1.0275","1.0675","","",""
"2024-02-08","014553","202000035240","1.0277","1.0677","","",""
"2024-02-23","014553","202000035240","1.0322","1.0722","","",""
"2024-03-01","014553","202000035240","1.0369","1.0769","","",""
"2024-03-08","014553","202000035240","1.0400","1.0800","","",""
"2024-03-15","014553","202000035240","1.0250","1.0750","","",""
"2024-03-18","014553","202000035240","1.0253","1.0753","","",""
"2024-03-19","014553","202000035240","1.0254","1.0754","","",""
"2024-03-20","014553","202000035240","1.0254","1.0754","","",""
"2024-03-21","014553","202000035240","1.0255","1.0755","","",""
"2024-03-22","014553","202000035240","1.0256","1.0756","","",""
"2024-03-29","014553","202000035240","1.0260","1.0760","","",""
"2023-04-03","014634","202000038775","0.9430","0.9430","","",""
"2023-04-04","014634","202000038775","0.9419","0.9419","","",""
"2023-04-06","014634","202000038775","0.9373","0.9373","","",""
"2023-04-07","014634","202000038775","0.9414","0.9414","","",""
"2023-04-10","014634","202000038775","0.9413","0.9413","","",""
"2023-04-11","014634","202000038775","0.9389","0.9389","","",""
"2023-04-12","014634","202000038775","0.9360","0.9360","","",""
"2023-04-13","014634","202000038775","0.9333","0.9333","","",""
"2023-04-14","014634","202000038775","0.9368","0.9368","","",""
"2023-04-17","014634","202000038775","0.9486","0.9486","","",""
"2023-04-18","014634","202000038775","0.9504","0.9504","","",""
"2023-04-19","014634","202000038775","0.9444","0.9444","","",""
"2023-04-20","014634","202000038775","0.9427","0.9427","","",""
"2023-04-21","014634","202000038775","0.9275","0.9275","","",""
"2023-04-24","014634","202000038775","0.9195","0.9195","","",""
"2023-04-25","014634","202000038775","0.9132","0.9132","","",""
"2023-04-26","014634","202000038775","0.9135","0.9135","","",""
"2023-04-27","014634","202000038775","0.9197","0.9197","","",""
"2023-04-28","014634","202000038775","0.9247","0.9247","","",""
"2023-05-04","014634","202000038775","0.9224","0.9224","","",""
"2023-05-05","014634","202000038775","0.9193","0.9193","","",""
"2023-05-08","014634","202000038775","0.9260","0.9260","","",""
"2023-05-09","014634","202000038775","0.9179","0.9179","","",""
"2023-05-10","014634","202000038775","0.9129","0.9129","","",""
"2023-05-11","014634","202000038775","0.9123","0.9123","","",""
"2023-05-12","014634","202000038775","0.9027","0.9027","","",""
"2023-05-15","014634","202000038775","0.9111","0.9111","","",""
"2023-05-16","014634","202000038775","0.9070","0.9070","","",""
"2023-05-17","014634","202000038775","0.9039","0.9039","","",""
"2023-05-18","014634","202000038775","0.9043","0.9043","","",""
"2023-05-19","014634","202000038775","0.9034","0.9034","","",""
"2023-05-22","014634","202000038775","0.9096","0.9096","","",""
"2023-05-23","014634","202000038775","0.8992","0.8992","","",""
"2023-05-24","014634","202000038775","0.8892","0.8892","","",""
"2023-05-25","014634","202000038775","0.8872","0.8872","","",""
"2023-05-26","014634","202000038775","0.8899","0.8899","","",""
"2023-05-29","014634","202000038775","0.8876","0.8876","","",""
"2023-05-30","014634","202000038775","0.8868","0.8868","","",""
"2023-05-31","014634","202000038775","0.8808","0.8808","","",""
"2023-06-01","014634","202000038775","0.8813","0.8813","","",""
"2023-06-02","014634","202000038775","0.8905","0.8905","","",""
"2023-06-05","014634","202000038775","0.8888","0.8888","","",""
"2023-06-06","014634","202000038775","0.8825","0.8825","","",""
"2023-06-07","014634","202000038775","0.8800","0.8800","","",""
"2023-06-08","014634","202000038775","0.8860","0.8860","","",""
"2023-06-09","014634","202000038775","0.8893","0.8893","","",""
"2023-06-12","014634","202000038775","0.8906","0.8906","","",""
"2023-06-13","014634","202000038775","0.8947","0.8947","","",""
"2023-06-14","014634","202000038775","0.8973","0.8973","","",""
"2023-06-15","014634","202000038775","0.9093","0.9093","","",""
"2023-06-16","014634","202000038775","0.9161","0.9161","","",""
"2023-06-19","014634","202000038775","0.9101","0.9101","","",""
"2023-06-20","014634","202000038775","0.9109","0.9109","","",""
"2023-06-21","014634","202000038775","0.9010","0.9010","","",""
"2023-06-26","014634","202000038775","0.8897","0.8897","","",""
"2023-06-27","014634","202000038775","0.8984","0.8984","","",""
"2023-06-28","014634","202000038775","0.9007","0.9007","","",""
"2023-06-29","014634","202000038775","0.8991","0.8991","","",""
"2023-06-30","014634","202000038775","0.9042","0.9042","","",""
"2023-07-03","014634","202000038775","0.9140","0.9140","","",""
"2023-07-04","014634","202000038775","0.9133","0.9133","","",""
"2023-07-05","014634","202000038775","0.9063","0.9063","","",""
"2023-07-06","014634","202000038775","0.9023","0.9023","","",""
"2023-07-07","014634","202000038775","0.8999","0.8999","","",""
"2023-07-10","014634","202000038775","0.9039","0.9039","","",""
"2023-07-11","014634","202000038775","0.9086","0.9086","","",""
"2023-07-12","014634","202000038775","0.9066","0.9066","","",""
"2023-07-13","014634","202000038775","0.9176","0.9176","","",""
"2023-07-14","014634","202000038775","0.9189","0.9189","","",""
"2023-07-17","014634","202000038775","0.9145","0.9145","","",""
"2023-07-18","014634","202000038775","0.9117","0.9117","","",""
"2023-07-19","014634","202000038775","0.9110","0.9110","","",""
"2023-07-20","014634","202000038775","0.9054","0.9054","","",""
"2023-07-21","014634","202000038775","0.9065","0.9065","","",""
"2023-07-24","014634","202000038775","0.9037","0.9037","","",""
"2023-07-25","014634","202000038775","0.9249","0.9249","","",""
"2023-07-26","014634","202000038775","0.9210","0.9210","","",""
"2023-07-27","014634","202000038775","0.9195","0.9195","","",""
"2023-07-28","014634","202000038775","0.9381","0.9381","","",""
"2023-07-31","014634","202000038775","0.9405","0.9405","","",""
"2023-08-01","014634","202000038775","0.9362","0.9362","","",""
"2023-08-02","014634","202000038775","0.9318","0.9318","","",""
"2023-08-03","014634","202000038775","0.9379","0.9379","","",""
"2023-08-04","014634","202000038775","0.9419","0.9419","","",""
"2023-08-07","014634","202000038775","0.9335","0.9335","","",""
"2023-08-08","014634","202000038775","0.9314","0.9314","","",""
"2023-08-09","014634","202000038775","0.9289","0.9289","","",""
"2023-08-10","014634","202000038775","0.9283","0.9283","","",""
"2023-08-11","014634","202000038775","0.9095","0.9095","","",""
"2023-08-14","014634","202000038775","0.9038","0.9038","","",""
"2023-08-15","014634","202000038775","0.9013","0.9013","","",""
"2023-08-16","014634","202000038775","0.8969","0.8969","","",""
"2023-08-17","014634","202000038775","0.9000","0.9000","","",""
"2023-08-18","014634","202000038775","0.8903","0.8903","","",""
"2023-08-21","014634","202000038775","0.8804","0.8804","","",""
"2023-08-22","014634","202000038775","0.8823","0.8823","","",""
"2023-08-23","014634","202000038775","0.8696","0.8696","","",""
"2023-08-24","014634","202000038775","0.8770","0.8770","","",""
"2023-08-25","014634","202000038775","0.8759","0.8759","","",""
"2023-08-28","014634","202000038775","0.8829","0.8829","","",""
"2023-08-29","014634","202000038775","0.8905","0.8905","","",""
"2023-08-30","014634","202000038775","0.8910","0.8910","","",""
"2023-08-31","014634","202000038775","0.8870","0.8870","","",""
"2023-09-01","014634","202000038775","0.8925","0.8925","","",""
"2023-09-04","014634","202000038775","0.9027","0.9027","","",""
"2023-09-05","014634","202000038775","0.8967","0.8967","","",""
"2023-09-06","014634","202000038775","0.8944","0.8944","","",""
"2023-09-07","014634","202000038775","0.8832","0.8832","","",""
"2023-09-08","014634","202000038775","0.8798","0.8798","","",""
"2023-09-11","014634","202000038775","0.8867","0.8867","","",""
"2023-09-12","014634","202000038775","0.8853","0.8853","","",""
"2023-09-13","014634","202000038775","0.8794","0.8794","","",""
"2023-09-14","014634","202000038775","0.8792","0.8792","","",""
"2023-09-15","014634","202000038775","0.8739","0.8739","","",""
"2023-09-18","014634","202000038775","0.8779","0.8779","","",""
"2023-09-19","014634","202000038775","0.8755","0.8755","","",""
"2023-09-20","014634","202000038775","0.8727","0.8727","","",""
"2023-09-21","014634","202000038775","0.8655","0.8655","","",""
"2023-09-22","014634","202000038775","0.8792","0.8792","","",""
"2023-09-25","014634","202000038775","0.8741","0.8741","","",""
"2023-09-26","014634","202000038775","0.8699","0.8699","","",""
"2023-09-27","014634","202000038775","0.8709","0.8709","","",""
"2023-09-28","014634","202000038775","0.8698","0.8698","","",""
"2023-10-09","014634","202000038775","0.8685","0.8685","","",""
"2023-10-10","014634","202000038775","0.8614","0.8614","","",""
"2023-10-11","014634","202000038775","0.8626","0.8626","","",""
"2023-10-12","014634","202000038775","0.8695","0.8695","","",""
"2023-10-13","014634","202000038775","0.8621","0.8621","","",""
"2023-10-16","014634","202000038775","0.8551","0.8551","","",""
"2023-10-17","014634","202000038775","0.8573","0.8573","","",""
"2023-10-18","014634","202000038775","0.8516","0.8516","","",""
"2023-10-19","014634","202000038775","0.8353","0.8353","","",""
"2023-10-20","014634","202000038775","0.8300","0.8300","","",""
"2023-10-23","014634","202000038775","0.8208","0.8208","","",""
"2023-10-24","014634","202000038775","0.8236","0.8236","","",""
"2023-10-25","014634","202000038775","0.8294","0.8294","","",""
"2023-10-26","014634","202000038775","0.8327","0.8327","","",""
"2023-10-27","014634","202000038775","0.8424","0.8424","","",""
"2023-10-30","014634","202000038775","0.8444","0.8444","","",""
"2023-10-31","014634","202000038775","0.8407","0.8407","","",""
"2023-11-01","014634","202000038775","0.8416","0.8416","","",""
"2023-11-02","014634","202000038775","0.8387","0.8387","","",""
"2023-11-03","014634","202000038775","0.8458","0.8458","","",""
"2023-11-06","014634","202000038775","0.8551","0.8551","","",""
"2023-11-07","014634","202000038775","0.8530","0.8530","","",""
"2023-11-08","014634","202000038775","0.8515","0.8515","","",""
"2023-11-09","014634","202000038775","0.8513","0.8513","","",""
"2023-11-10","014634","202000038775","0.8463","0.8463","","",""
"2023-11-13","014634","202000038775","0.8454","0.8454","","",""
"2023-11-14","014634","202000038775","0.8461","0.8461","","",""
"2023-11-15","014634","202000038775","0.8508","0.8508","","",""
"2023-11-16","014634","202000038775","0.8445","0.8445","","",""
"2023-11-17","014634","202000038775","0.8442","0.8442","","",""
"2023-11-20","014634","202000038775","0.8468","0.8468","","",""
"2023-11-21","014634","202000038775","0.8477","0.8477","","",""
"2023-11-22","014634","202000038775","0.8403","0.8403","","",""
"2023-11-23","014634","202000038775","0.8452","0.8452","","",""
"2023-11-24","014634","202000038775","0.8401","0.8401","","",""
"2023-11-27","014634","202000038775","0.8366","0.8366","","",""
"2023-11-28","014634","202000038775","0.8388","0.8388","","",""
"2023-11-29","014634","202000038775","0.8338","0.8338","","",""
"2023-11-30","014634","202000038775","0.8353","0.8353","","",""
"2023-12-01","014634","202000038775","0.8320","0.8320","","",""
"2023-12-04","014634","202000038775","0.8282","0.8282","","",""
"2023-12-05","014634","202000038775","0.8147","0.8147","","",""
"2023-12-06","014634","202000038775","0.8157","0.8157","","",""
"2023-12-07","014634","202000038775","0.8145","0.8145","","",""
"2023-12-08","014634","202000038775","0.8168","0.8168","","",""
"2023-12-11","014634","202000038775","0.8218","0.8218","","",""
"2023-12-12","014634","202000038775","0.8231","0.8231","","",""
"2023-12-13","014634","202000038775","0.8121","0.8121","","",""
"2023-12-14","014634","202000038775","0.8088","0.8088","","",""
"2023-12-15","014634","202000038775","0.8061","0.8061","","",""
"2023-12-18","014634","202000038775","0.8029","0.8029","","",""
"2023-12-19","014634","202000038775","0.8043","0.8043","","",""
"2023-12-20","014634","202000038775","0.7974","0.7974","","",""
"2023-12-21","014634","202000038775","0.8039","0.8039","","",""
"2023-12-22","014634","202000038775","0.8041","0.8041","","",""
"2023-12-25","014634","202000038775","0.8062","0.8062","","",""
"2023-12-26","014634","202000038775","0.8007","0.8007","","",""
"2023-12-27","014634","202000038775","0.8044","0.8044","","",""
"2023-12-28","014634","202000038775","0.8190","0.8190","","",""
"2023-12-29","014634","202000038775","0.8220","0.8220","","",""
"2023-12-31","014634","202000038775","0.8220","0.8220","","",""
"2024-01-02","014634","202000038775","0.8146","0.8146","","",""
"2024-01-03","014634","202000038775","0.8137","0.8137","","",""
"2024-01-04","014634","202000038775","0.8083","0.8083","","",""
"2024-01-05","014634","202000038775","0.8049","0.8049","","",""
"2024-01-08","014634","202000038775","0.7959","0.7959","","",""
"2024-01-09","014634","202000038775","0.7967","0.7967","","",""
"2024-01-10","014634","202000038775","0.7927","0.7927","","",""
"2024-01-11","014634","202000038775","0.7965","0.7965","","",""
"2024-01-12","014634","202000038775","0.7954","0.7954","","",""
"2024-01-15","014634","202000038775","0.7947","0.7947","","",""
"2024-01-16","014634","202000038775","0.7983","0.7983","","",""
"2024-01-17","014634","202000038775","0.7829","0.7829","","",""
"2024-01-18","014634","202000038775","0.7894","0.7894","","",""
"2024-01-19","014634","202000038775","0.7877","0.7877","","",""
"2024-01-22","014634","202000038775","0.7723","0.7723","","",""
"2024-01-23","014634","202000038775","0.7764","0.7764","","",""
"2024-01-24","014634","202000038775","0.7867","0.7867","","",""
"2024-01-25","014634","202000038775","0.8011","0.8011","","",""
"2024-01-26","014634","202000038775","0.7997","0.7997","","",""
"2024-01-29","014634","202000038775","0.7946","0.7946","","",""
"2024-01-30","014634","202000038775","0.7817","0.7817","","",""
"2024-01-31","014634","202000038775","0.7732","0.7732","","",""
"2024-02-01","014634","202000038775","0.7736","0.7736","","",""
"2024-02-02","014634","202000038775","0.7637","0.7637","","",""
"2024-02-05","014634","202000038775","0.7652","0.7652","","",""
"2024-02-06","014634","202000038775","0.7899","0.7899","","",""
"2024-02-07","014634","202000038775","0.8004","0.8004","","",""
"2024-02-08","014634","202000038775","0.8039","0.8039","","",""
"2024-02-19","014634","202000038775","0.8106","0.8106","","",""
"2024-02-20","014634","202000038775","0.8142","0.8142","","",""
"2024-02-21","014634","202000038775","0.8228","0.8228","","",""
"2024-02-22","014634","202000038775","0.8286","0.8286","","",""
"2024-02-23","014634","202000038775","0.8289","0.8289","","",""
"2024-02-26","014634","202000038775","0.8222","0.8222","","",""
"2024-02-27","014634","202000038775","0.8303","0.8303","","",""
"2024-02-28","014634","202000038775","0.8199","0.8199","","",""
"2024-02-29","014634","202000038775","0.8343","0.8343","","",""
"2024-03-01","014634","202000038775","0.8381","0.8381","","",""
"2024-03-04","014634","202000038775","0.8398","0.8398","","",""
"2024-03-05","014634","202000038775","0.8447","0.8447","","",""
"2024-03-06","014634","202000038775","0.8413","0.8413","","",""
"2024-03-07","014634","202000038775","0.8380","0.8380","","",""
"2024-03-08","014634","202000038775","0.8419","0.8419","","",""
"2024-03-11","014634","202000038775","0.8491","0.8491","","",""
"2024-03-12","014634","202000038775","0.8519","0.8519","","",""
"2024-03-13","014634","202000038775","0.8473","0.8473","","",""
"2024-03-14","014634","202000038775","0.8461","0.8461","","",""
"2024-03-15","014634","202000038775","0.8477","0.8477","","",""
"2024-03-18","014634","202000038775","0.8538","0.8538","","",""
"2024-03-19","014634","202000038775","0.8481","0.8481","","",""
"2024-03-20","014634","202000038775","0.8492","0.8492","","",""
"2024-03-21","014634","202000038775","0.8472","0.8472","","",""
"2024-03-22","014634","202000038775","0.8405","0.8405","","",""
"2024-03-25","014634","202000038775","0.8369","0.8369","","",""
"2024-03-26","014634","202000038775","0.8412","0.8412","","",""
"2024-03-27","014634","202000038775","0.8325","0.8325","","",""
"2024-03-28","014634","202000038775","0.8361","0.8361","","",""
"2024-03-29","014634","202000038775","0.8408","0.8408","","",""
"2024-04-01","014634","202000038775","0.8530","0.8530","","",""
"2023-04-03","014635","202000038776","0.9383","0.9383","","",""
"2023-04-04","014635","202000038776","0.9372","0.9372","","",""
"2023-04-06","014635","202000038776","0.9326","0.9326","","",""
"2023-04-07","014635","202000038776","0.9367","0.9367","","",""
"2023-04-10","014635","202000038776","0.9365","0.9365","","",""
"2023-04-11","014635","202000038776","0.9341","0.9341","","",""
"2023-04-12","014635","202000038776","0.9312","0.9312","","",""
"2023-04-13","014635","202000038776","0.9285","0.9285","","",""
"2023-04-14","014635","202000038776","0.9320","0.9320","","",""
"2023-04-17","014635","202000038776","0.9437","0.9437","","",""
"2023-04-18","014635","202000038776","0.9455","0.9455","","",""
"2023-04-19","014635","202000038776","0.9395","0.9395","","",""
"2023-04-20","014635","202000038776","0.9378","0.9378","","",""
"2023-04-21","014635","202000038776","0.9227","0.9227","","",""
"2023-04-24","014635","202000038776","0.9147","0.9147","","",""
"2023-04-25","014635","202000038776","0.9083","0.9083","","",""
"2023-04-26","014635","202000038776","0.9086","0.9086","","",""
"2023-04-27","014635","202000038776","0.9148","0.9148","","",""
"2023-04-28","014635","202000038776","0.9197","0.9197","","",""
"2023-05-04","014635","202000038776","0.9174","0.9174","","",""
"2023-05-05","014635","202000038776","0.9142","0.9142","","",""
"2023-05-08","014635","202000038776","0.9209","0.9209","","",""
"2023-05-09","014635","202000038776","0.9128","0.9128","","",""
"2023-05-10","014635","202000038776","0.9078","0.9078","","",""
"2023-05-11","014635","202000038776","0.9072","0.9072","","",""
"2023-05-12","014635","202000038776","0.8977","0.8977","","",""
"2023-05-15","014635","202000038776","0.9060","0.9060","","",""
"2023-05-16","014635","202000038776","0.9018","0.9018","","",""
"2023-05-17","014635","202000038776","0.8988","0.8988","","",""
"2023-05-18","014635","202000038776","0.8992","0.8992","","",""
"2023-05-19","014635","202000038776","0.8983","0.8983","","",""
"2023-05-22","014635","202000038776","0.9043","0.9043","","",""
"2023-05-23","014635","202000038776","0.8941","0.8941","","",""
"2023-05-24","014635","202000038776","0.8841","0.8841","","",""
"2023-05-25","014635","202000038776","0.8821","0.8821","","",""
"2023-05-26","014635","202000038776","0.8847","0.8847","","",""
"2023-05-29","014635","202000038776","0.8824","0.8824","","",""
"2023-05-30","014635","202000038776","0.8816","0.8816","","",""
"2023-05-31","014635","202000038776","0.8756","0.8756","","",""
"2023-06-01","014635","202000038776","0.8761","0.8761","","",""
"2023-06-02","014635","202000038776","0.8852","0.8852","","",""
"2023-06-05","014635","202000038776","0.8835","0.8835","","",""
"2023-06-06","014635","202000038776","0.8772","0.8772","","",""
"2023-06-07","014635","202000038776","0.8747","0.8747","","",""
"2023-06-08","014635","202000038776","0.8806","0.8806","","",""
"2023-06-09","014635","202000038776","0.8840","0.8840","","",""
"2023-06-12","014635","202000038776","0.8852","0.8852","","",""
"2023-06-13","014635","202000038776","0.8892","0.8892","","",""
"2023-06-14","014635","202000038776","0.8918","0.8918","","",""
"2023-06-15","014635","202000038776","0.9037","0.9037","","",""
"2023-06-16","014635","202000038776","0.9105","0.9105","","",""
"2023-06-19","014635","202000038776","0.9045","0.9045","","",""
"2023-06-20","014635","202000038776","0.9053","0.9053","","",""
"2023-06-21","014635","202000038776","0.8954","0.8954","","",""
"2023-06-26","014635","202000038776","0.8841","0.8841","","",""
"2023-06-27","014635","202000038776","0.8927","0.8927","","",""
"2023-06-28","014635","202000038776","0.8950","0.8950","","",""
"2023-06-29","014635","202000038776","0.8934","0.8934","","",""
"2023-06-30","014635","202000038776","0.8984","0.8984","","",""
"2023-07-03","014635","202000038776","0.9081","0.9081","","",""
"2023-07-04","014635","202000038776","0.9074","0.9074","","",""
"2023-07-05","014635","202000038776","0.9005","0.9005","","",""
"2023-07-06","014635","202000038776","0.8964","0.8964","","",""
"2023-07-07","014635","202000038776","0.8941","0.8941","","",""
"2023-07-10","014635","202000038776","0.8980","0.8980","","",""
"2023-07-11","014635","202000038776","0.9026","0.9026","","",""
"2023-07-12","014635","202000038776","0.9006","0.9006","","",""
"2023-07-13","014635","202000038776","0.9116","0.9116","","",""
"2023-07-14","014635","202000038776","0.9128","0.9128","","",""
"2023-07-17","014635","202000038776","0.9084","0.9084","","",""
"2023-07-18","014635","202000038776","0.9056","0.9056","","",""
"2023-07-19","014635","202000038776","0.9049","0.9049","","",""
"2023-07-20","014635","202000038776","0.8993","0.8993","","",""
"2023-07-21","014635","202000038776","0.9004","0.9004","","",""
"2023-07-24","014635","202000038776","0.8976","0.8976","","",""
"2023-07-25","014635","202000038776","0.9186","0.9186","","",""
"2023-07-26","014635","202000038776","0.9147","0.9147","","",""
"2023-07-27","014635","202000038776","0.9133","0.9133","","",""
"2023-07-28","014635","202000038776","0.9317","0.9317","","",""
"2023-07-31","014635","202000038776","0.9341","0.9341","","",""
"2023-08-01","014635","202000038776","0.9297","0.9297","","",""
"2023-08-02","014635","202000038776","0.9254","0.9254","","",""
"2023-08-03","014635","202000038776","0.9314","0.9314","","",""
"2023-08-04","014635","202000038776","0.9354","0.9354","","",""
"2023-08-07","014635","202000038776","0.9269","0.9269","","",""
"2023-08-08","014635","202000038776","0.9249","0.9249","","",""
"2023-08-09","014635","202000038776","0.9224","0.9224","","",""
"2023-08-10","014635","202000038776","0.9217","0.9217","","",""
"2023-08-11","014635","202000038776","0.9031","0.9031","","",""
"2023-08-14","014635","202000038776","0.8974","0.8974","","",""
"2023-08-15","014635","202000038776","0.8949","0.8949","","",""
"2023-08-16","014635","202000038776","0.8905","0.8905","","",""
"2023-08-17","014635","202000038776","0.8935","0.8935","","",""
"2023-08-18","014635","202000038776","0.8839","0.8839","","",""
"2023-08-21","014635","202000038776","0.8740","0.8740","","",""
"2023-08-22","014635","202000038776","0.8759","0.8759","","",""
"2023-08-23","014635","202000038776","0.8633","0.8633","","",""
"2023-08-24","014635","202000038776","0.8707","0.8707","","",""
"2023-08-25","014635","202000038776","0.8695","0.8695","","",""
"2023-08-28","014635","202000038776","0.8764","0.8764","","",""
"2023-08-29","014635","202000038776","0.8840","0.8840","","",""
"2023-08-30","014635","202000038776","0.8844","0.8844","","",""
"2023-08-31","014635","202000038776","0.8805","0.8805","","",""
"2023-09-01","014635","202000038776","0.8859","0.8859","","",""
"2023-09-04","014635","202000038776","0.8960","0.8960","","",""
"2023-09-05","014635","202000038776","0.8900","0.8900","","",""
"2023-09-06","014635","202000038776","0.8877","0.8877","","",""
"2023-09-07","014635","202000038776","0.8765","0.8765","","",""
"2023-09-08","014635","202000038776","0.8732","0.8732","","",""
"2023-09-11","014635","202000038776","0.8800","0.8800","","",""
"2023-09-12","014635","202000038776","0.8786","0.8786","","",""
"2023-09-13","014635","202000038776","0.8727","0.8727","","",""
"2023-09-14","014635","202000038776","0.8725","0.8725","","",""
"2023-09-15","014635","202000038776","0.8672","0.8672","","",""
"2023-09-18","014635","202000038776","0.8711","0.8711","","",""
"2023-09-19","014635","202000038776","0.8688","0.8688","","",""
"2023-09-20","014635","202000038776","0.8660","0.8660","","",""
"2023-09-21","014635","202000038776","0.8588","0.8588","","",""
"2023-09-22","014635","202000038776","0.8724","0.8724","","",""
"2023-09-25","014635","202000038776","0.8673","0.8673","","",""
"2023-09-26","014635","202000038776","0.8631","0.8631","","",""
"2023-09-27","014635","202000038776","0.8641","0.8641","","",""
"2023-09-28","014635","202000038776","0.8630","0.8630","","",""
"2023-10-09","014635","202000038776","0.8615","0.8615","","",""
"2023-10-10","014635","202000038776","0.8544","0.8544","","",""
"2023-10-11","014635","202000038776","0.8557","0.8557","","",""
"2023-10-12","014635","202000038776","0.8624","0.8624","","",""
"2023-10-13","014635","202000038776","0.8551","0.8551","","",""
"2023-10-16","014635","202000038776","0.8481","0.8481","","",""
"2023-10-17","014635","202000038776","0.8503","0.8503","","",""
"2023-10-18","014635","202000038776","0.8446","0.8446","","",""
"2023-10-19","014635","202000038776","0.8285","0.8285","","",""
"2023-10-20","014635","202000038776","0.8231","0.8231","","",""
"2023-10-23","014635","202000038776","0.8140","0.8140","","",""
"2023-10-24","014635","202000038776","0.8167","0.8167","","",""
"2023-10-25","014635","202000038776","0.8225","0.8225","","",""
"2023-10-26","014635","202000038776","0.8258","0.8258","","",""
"2023-10-27","014635","202000038776","0.8354","0.8354","","",""
"2023-10-30","014635","202000038776","0.8373","0.8373","","",""
"2023-10-31","014635","202000038776","0.8336","0.8336","","",""
"2023-11-01","014635","202000038776","0.8345","0.8345","","",""
"2023-11-02","014635","202000038776","0.8317","0.8317","","",""
"2023-11-03","014635","202000038776","0.8387","0.8387","","",""
"2023-11-06","014635","202000038776","0.8478","0.8478","","",""
"2023-11-07","014635","202000038776","0.8457","0.8457","","",""
"2023-11-08","014635","202000038776","0.8443","0.8443","","",""
"2023-11-09","014635","202000038776","0.8440","0.8440","","",""
"2023-11-10","014635","202000038776","0.8391","0.8391","","",""
"2023-11-13","014635","202000038776","0.8381","0.8381","","",""
"2023-11-14","014635","202000038776","0.8388","0.8388","","",""
"2023-11-15","014635","202000038776","0.8435","0.8435","","",""
"2023-11-16","014635","202000038776","0.8372","0.8372","","",""
"2023-11-17","014635","202000038776","0.8368","0.8368","","",""
"2023-11-20","014635","202000038776","0.8394","0.8394","","",""
"2023-11-21","014635","202000038776","0.8403","0.8403","","",""
"2023-11-22","014635","202000038776","0.8329","0.8329","","",""
"2023-11-23","014635","202000038776","0.8378","0.8378","","",""
"2023-11-24","014635","202000038776","0.8327","0.8327","","",""
"2023-11-27","014635","202000038776","0.8293","0.8293","","",""
"2023-11-28","014635","202000038776","0.8314","0.8314","","",""
"2023-11-29","014635","202000038776","0.8264","0.8264","","",""
"2023-11-30","014635","202000038776","0.8279","0.8279","","",""
"2023-12-01","014635","202000038776","0.8246","0.8246","","",""
"2023-12-04","014635","202000038776","0.8208","0.8208","","",""
"2023-12-05","014635","202000038776","0.8074","0.8074","","",""
"2023-12-06","014635","202000038776","0.8084","0.8084","","",""
"2023-12-07","014635","202000038776","0.8072","0.8072","","",""
"2023-12-08","014635","202000038776","0.8095","0.8095","","",""
"2023-12-11","014635","202000038776","0.8144","0.8144","","",""
"2023-12-12","014635","202000038776","0.8156","0.8156","","",""
"2023-12-13","014635","202000038776","0.8047","0.8047","","",""
"2023-12-14","014635","202000038776","0.8014","0.8014","","",""
"2023-12-15","014635","202000038776","0.7987","0.7987","","",""
"2023-12-18","014635","202000038776","0.7956","0.7956","","",""
"2023-12-19","014635","202000038776","0.7969","0.7969","","",""
"2023-12-20","014635","202000038776","0.7900","0.7900","","",""
"2023-12-21","014635","202000038776","0.7965","0.7965","","",""
"2023-12-22","014635","202000038776","0.7967","0.7967","","",""
"2023-12-25","014635","202000038776","0.7988","0.7988","","",""
"2023-12-26","014635","202000038776","0.7933","0.7933","","",""
"2023-12-27","014635","202000038776","0.7969","0.7969","","",""
"2023-12-28","014635","202000038776","0.8114","0.8114","","",""
"2023-12-29","014635","202000038776","0.8143","0.8143","","",""
"2023-12-31","014635","202000038776","0.8143","0.8143","","",""
"2024-01-02","014635","202000038776","0.8069","0.8069","","",""
"2024-01-03","014635","202000038776","0.8060","0.8060","","",""
"2024-01-04","014635","202000038776","0.8007","0.8007","","",""
"2024-01-05","014635","202000038776","0.7973","0.7973","","",""
"2024-01-08","014635","202000038776","0.7883","0.7883","","",""
"2024-01-09","014635","202000038776","0.7891","0.7891","","",""
"2024-01-10","014635","202000038776","0.7852","0.7852","","",""
"2024-01-11","014635","202000038776","0.7889","0.7889","","",""
"2024-01-12","014635","202000038776","0.7878","0.7878","","",""
"2024-01-15","014635","202000038776","0.7870","0.7870","","",""
"2024-01-16","014635","202000038776","0.7906","0.7906","","",""
"2024-01-17","014635","202000038776","0.7753","0.7753","","",""
"2024-01-18","014635","202000038776","0.7817","0.7817","","",""
"2024-01-19","014635","202000038776","0.7800","0.7800","","",""
"2024-01-22","014635","202000038776","0.7647","0.7647","","",""
"2024-01-23","014635","202000038776","0.7688","0.7688","","",""
"2024-01-24","014635","202000038776","0.7790","0.7790","","",""
"2024-01-25","014635","202000038776","0.7933","0.7933","","",""
"2024-01-26","014635","202000038776","0.7918","0.7918","","",""
"2024-01-29","014635","202000038776","0.7868","0.7868","","",""
"2024-01-30","014635","202000038776","0.7739","0.7739","","",""
"2024-01-31","014635","202000038776","0.7656","0.7656","","",""
"2024-02-01","014635","202000038776","0.7659","0.7659","","",""
"2024-02-02","014635","202000038776","0.7561","0.7561","","",""
"2024-02-05","014635","202000038776","0.7575","0.7575","","",""
"2024-02-06","014635","202000038776","0.7820","0.7820","","",""
"2024-02-07","014635","202000038776","0.7924","0.7924","","",""
"2024-02-08","014635","202000038776","0.7959","0.7959","","",""
"2024-02-19","014635","202000038776","0.8023","0.8023","","",""
"2024-02-20","014635","202000038776","0.8059","0.8059","","",""
"2024-02-21","014635","202000038776","0.8144","0.8144","","",""
"2024-02-22","014635","202000038776","0.8201","0.8201","","",""
"2024-02-23","014635","202000038776","0.8204","0.8204","","",""
"2024-02-26","014635","202000038776","0.8137","0.8137","","",""
"2024-02-27","014635","202000038776","0.8218","0.8218","","",""
"2024-02-28","014635","202000038776","0.8114","0.8114","","",""
"2024-02-29","014635","202000038776","0.8256","0.8256","","",""
"2024-03-01","014635","202000038776","0.8294","0.8294","","",""
"2024-03-04","014635","202000038776","0.8310","0.8310","","",""
"2024-03-05","014635","202000038776","0.8359","0.8359","","",""
"2024-03-06","014635","202000038776","0.8325","0.8325","","",""
"2024-03-07","014635","202000038776","0.8292","0.8292","","",""
"2024-03-08","014635","202000038776","0.8331","0.8331","","",""
"2024-03-11","014635","202000038776","0.8402","0.8402","","",""
"2024-03-12","014635","202000038776","0.8429","0.8429","","",""
"2024-03-13","014635","202000038776","0.8383","0.8383","","",""
"2024-03-14","014635","202000038776","0.8372","0.8372","","",""
"2024-03-15","014635","202000038776","0.8387","0.8387","","",""
"2024-03-18","014635","202000038776","0.8447","0.8447","","",""
"2024-03-19","014635","202000038776","0.8390","0.8390","","",""
"2024-03-20","014635","202000038776","0.8401","0.8401","","",""
"2024-03-21","014635","202000038776","0.8382","0.8382","","",""
"2024-03-22","014635","202000038776","0.8314","0.8314","","",""
"2024-03-25","014635","202000038776","0.8279","0.8279","","",""
"2024-03-26","014635","202000038776","0.8321","0.8321","","",""
"2024-03-27","014635","202000038776","0.8235","0.8235","","",""
"2024-03-28","014635","202000038776","0.8270","0.8270","","",""
"2024-03-29","014635","202000038776","0.8317","0.8317","","",""
"2024-04-01","014635","202000038776","0.8437","0.8437","","",""
"2023-04-03","014922","202000036341","0.9150","0.9150","","",""
"2023-04-04","014922","202000036341","0.9125","0.9125","","",""
"2023-04-06","014922","202000036341","0.9157","0.9157","","",""
"2023-04-07","014922","202000036341","0.9176","0.9176","","",""
"2023-04-10","014922","202000036341","0.9152","0.9152","","",""
"2023-04-11","014922","202000036341","0.9112","0.9112","","",""
"2023-04-12","014922","202000036341","0.9003","0.9003","","",""
"2023-04-13","014922","202000036341","0.8970","0.8970","","",""
"2023-04-14","014922","202000036341","0.8997","0.8997","","",""
"2023-04-17","014922","202000036341","0.9088","0.9088","","",""
"2023-04-18","014922","202000036341","0.9030","0.9030","","",""
"2023-04-19","014922","202000036341","0.8934","0.8934","","",""
"2023-04-20","014922","202000036341","0.8879","0.8879","","",""
"2023-04-21","014922","202000036341","0.8756","0.8756","","",""
"2023-04-24","014922","202000036341","0.8613","0.8613","","",""
"2023-04-25","014922","202000036341","0.8516","0.8516","","",""
"2023-04-26","014922","202000036341","0.8673","0.8673","","",""
"2023-04-27","014922","202000036341","0.8666","0.8666","","",""
"2023-04-28","014922","202000036341","0.8737","0.8737","","",""
"2023-05-04","014922","202000036341","0.8649","0.8649","","",""
"2023-05-05","014922","202000036341","0.8601","0.8601","","",""
"2023-05-08","014922","202000036341","0.8624","0.8624","","",""
"2023-05-09","014922","202000036341","0.8491","0.8491","","",""
"2023-05-10","014922","202000036341","0.8470","0.8470","","",""
"2023-05-11","014922","202000036341","0.8417","0.8417","","",""
"2023-05-12","014922","202000036341","0.8309","0.8309","","",""
"2023-05-15","014922","202000036341","0.8472","0.8472","","",""
"2023-05-16","014922","202000036341","0.8461","0.8461","","",""
"2023-05-17","014922","202000036341","0.8440","0.8440","","",""
"2023-05-18","014922","202000036341","0.8420","0.8420","","",""
"2023-05-19","014922","202000036341","0.8438","0.8438","","",""
"2023-05-22","014922","202000036341","0.8561","0.8561","","",""
"2023-05-23","014922","202000036341","0.8475","0.8475","","",""
"2023-05-24","014922","202000036341","0.8497","0.8497","","",""
"2023-05-25","014922","202000036341","0.8478","0.8478","","",""
"2023-05-26","014922","202000036341","0.8443","0.8443","","",""
"2023-05-29","014922","202000036341","0.8353","0.8353","","",""
"2023-05-30","014922","202000036341","0.8349","0.8349","","",""
"2023-05-31","014922","202000036341","0.8244","0.8244","","",""
"2023-06-01","014922","202000036341","0.8230","0.8230","","",""
"2023-06-02","014922","202000036341","0.8344","0.8344","","",""
"2023-06-05","014922","202000036341","0.8322","0.8322","","",""
"2023-06-06","014922","202000036341","0.8364","0.8364","","",""
"2023-06-07","014922","202000036341","0.8334","0.8334","","",""
"2023-06-08","014922","202000036341","0.8373","0.8373","","",""
"2023-06-09","014922","202000036341","0.8421","0.8421","","",""
"2023-06-12","014922","202000036341","0.8496","0.8496","","",""
"2023-06-13","014922","202000036341","0.8524","0.8524","","",""
"2023-06-14","014922","202000036341","0.8568","0.8568","","",""
"2023-06-15","014922","202000036341","0.8771","0.8771","","",""
"2023-06-16","014922","202000036341","0.8897","0.8897","","",""
"2023-06-19","014922","202000036341","0.8859","0.8859","","",""
"2023-06-20","014922","202000036341","0.8873","0.8873","","",""
"2023-06-21","014922","202000036341","0.8777","0.8777","","",""
"2023-06-26","014922","202000036341","0.8696","0.8696","","",""
"2023-06-27","014922","202000036341","0.8788","0.8788","","",""
"2023-06-28","014922","202000036341","0.8741","0.8741","","",""
"2023-06-29","014922","202000036341","0.8741","0.8741","","",""
"2023-06-30","014922","202000036341","0.8806","0.8806","","",""
"2023-07-03","014922","202000036341","0.8801","0.8801","","",""
"2023-07-04","014922","202000036341","0.8795","0.8795","","",""
"2023-07-05","014922","202000036341","0.8694","0.8694","","",""
"2023-07-06","014922","202000036341","0.8642","0.8642","","",""
"2023-07-07","014922","202000036341","0.8564","0.8564","","",""
"2023-07-10","014922","202000036341","0.8589","0.8589","","",""
"2023-07-11","014922","202000036341","0.8604","0.8604","","",""
"2023-07-12","014922","202000036341","0.8580","0.8580","","",""
"2023-07-13","014922","202000036341","0.8712","0.8712","","",""
"2023-07-14","014922","202000036341","0.8730","0.8730","","",""
"2023-07-17","014922","202000036341","0.8696","0.8696","","",""
"2023-07-18","014922","202000036341","0.8612","0.8612","","",""
"2023-07-19","014922","202000036341","0.8565","0.8565","","",""
"2023-07-20","014922","202000036341","0.8542","0.8542","","",""
"2023-07-21","014922","202000036341","0.8543","0.8543","","",""
"2023-07-24","014922","202000036341","0.8491","0.8491","","",""
"2023-07-25","014922","202000036341","0.8719","0.8719","","",""
"2023-07-26","014922","202000036341","0.8689","0.8689","","",""
"2023-07-27","014922","202000036341","0.8686","0.8686","","",""
"2023-07-28","014922","202000036341","0.8813","0.8813","","",""
"2023-07-31","014922","202000036341","0.8820","0.8820","","",""
"2023-08-01","014922","202000036341","0.8775","0.8775","","",""
"2023-08-02","014922","202000036341","0.8735","0.8735","","",""
"2023-08-03","014922","202000036341","0.8763","0.8763","","",""
"2023-08-04","014922","202000036341","0.8771","0.8771","","",""
"2023-08-07","014922","202000036341","0.8708","0.8708","","",""
"2023-08-08","014922","202000036341","0.8646","0.8646","","",""
"2023-08-09","014922","202000036341","0.8640","0.8640","","",""
"2023-08-10","014922","202000036341","0.8666","0.8666","","",""
"2023-08-11","014922","202000036341","0.8547","0.8547","","",""
"2023-08-14","014922","202000036341","0.8468","0.8468","","",""
"2023-08-15","014922","202000036341","0.8408","0.8408","","",""
"2023-08-16","014922","202000036341","0.8342","0.8342","","",""
"2023-08-17","014922","202000036341","0.8405","0.8405","","",""
"2023-08-18","014922","202000036341","0.8262","0.8262","","",""
"2023-08-21","014922","202000036341","0.8175","0.8175","","",""
"2023-08-22","014922","202000036341","0.8237","0.8237","","",""
"2023-08-23","014922","202000036341","0.8127","0.8127","","",""
"2023-08-24","014922","202000036341","0.8275","0.8275","","",""
"2023-08-25","014922","202000036341","0.8227","0.8227","","",""
"2023-08-28","014922","202000036341","0.8287","0.8287","","",""
"2023-08-29","014922","202000036341","0.8455","0.8455","","",""
"2023-08-30","014922","202000036341","0.8484","0.8484","","",""
"2023-08-31","014922","202000036341","0.8445","0.8445","","",""
"2023-09-01","014922","202000036341","0.8470","0.8470","","",""
"2023-09-04","014922","202000036341","0.8585","0.8585","","",""
"2023-09-05","014922","202000036341","0.8585","0.8585","","",""
"2023-09-06","014922","202000036341","0.8593","0.8593","","",""
"2023-09-07","014922","202000036341","0.8421","0.8421","","",""
"2023-09-08","014922","202000036341","0.8395","0.8395","","",""
"2023-09-11","014922","202000036341","0.8447","0.8447","","",""
"2023-09-12","014922","202000036341","0.8394","0.8394","","",""
"2023-09-13","014922","202000036341","0.8338","0.8338","","",""
"2023-09-14","014922","202000036341","0.8304","0.8304","","",""
"2023-09-15","014922","202000036341","0.8242","0.8242","","",""
"2023-09-18","014922","202000036341","0.8233","0.8233","","",""
"2023-09-19","014922","202000036341","0.8208","0.8208","","",""
"2023-09-20","014922","202000036341","0.8142","0.8142","","",""
"2023-09-21","014922","202000036341","0.8059","0.8059","","",""
"2023-09-22","014922","202000036341","0.8206","0.8206","","",""
"2023-09-25","014922","202000036341","0.8142","0.8142","","",""
"2023-09-26","014922","202000036341","0.8087","0.8087","","",""
"2023-09-27","014922","202000036341","0.8162","0.8162","","",""
"2023-09-28","014922","202000036341","0.8114","0.8114","","",""
"2023-10-09","014922","202000036341","0.8087","0.8087","","",""
"2023-10-10","014922","202000036341","0.8034","0.8034","","",""
"2023-10-11","014922","202000036341","0.8055","0.8055","","",""
"2023-10-12","014922","202000036341","0.8105","0.8105","","",""
"2023-10-13","014922","202000036341","0.7950","0.7950","","",""
"2023-10-16","014922","202000036341","0.7853","0.7853","","",""
"2023-10-17","014922","202000036341","0.7881","0.7881","","",""
"2023-10-18","014922","202000036341","0.7811","0.7811","","",""
"2023-10-19","014922","202000036341","0.7693","0.7693","","",""
"2023-10-20","014922","202000036341","0.7675","0.7675","","",""
"2023-10-23","014922","202000036341","0.7575","0.7575","","",""
"2023-10-24","014922","202000036341","0.7560","0.7560","","",""
"2023-10-25","014922","202000036341","0.7604","0.7604","","",""
"2023-10-26","014922","202000036341","0.7604","0.7604","","",""
"2023-10-27","014922","202000036341","0.7741","0.7741","","",""
"2023-10-30","014922","202000036341","0.7805","0.7805","","",""
"2023-10-31","014922","202000036341","0.7735","0.7735","","",""
"2023-11-01","014922","202000036341","0.7767","0.7767","","",""
"2023-11-02","014922","202000036341","0.7696","0.7696","","",""
"2023-11-03","014922","202000036341","0.7787","0.7787","","",""
"2023-11-06","014922","202000036341","0.7870","0.7870","","",""
"2023-11-07","014922","202000036341","0.7820","0.7820","","",""
"2023-11-08","014922","202000036341","0.7825","0.7825","","",""
"2023-11-09","014922","202000036341","0.7811","0.7811","","",""
"2023-11-10","014922","202000036341","0.7732","0.7732","","",""
"2023-11-13","014922","202000036341","0.7750","0.7750","","",""
"2023-11-14","014922","202000036341","0.7744","0.7744","","",""
"2023-11-15","014922","202000036341","0.7852","0.7852","","",""
"2023-11-16","014922","202000036341","0.7766","0.7766","","",""
"2023-11-17","014922","202000036341","0.7736","0.7736","","",""
"2023-11-20","014922","202000036341","0.7784","0.7784","","",""
"2023-11-21","014922","202000036341","0.7790","0.7790","","",""
"2023-11-22","014922","202000036341","0.7731","0.7731","","",""
"2023-11-23","014922","202000036341","0.7771","0.7771","","",""
"2023-11-24","014922","202000036341","0.7700","0.7700","","",""
"2023-11-27","014922","202000036341","0.7653","0.7653","","",""
"2023-11-28","014922","202000036341","0.7644","0.7644","","",""
"2023-11-29","014922","202000036341","0.7599","0.7599","","",""
"2023-11-30","014922","202000036341","0.7658","0.7658","","",""
"2023-12-01","014922","202000036341","0.7569","0.7569","","",""
"2023-12-04","014922","202000036341","0.7490","0.7490","","",""
"2023-12-05","014922","202000036341","0.7325","0.7325","","",""
"2023-12-06","014922","202000036341","0.7373","0.7373","","",""
"2023-12-07","014922","202000036341","0.7330","0.7330","","",""
"2023-12-08","014922","202000036341","0.7342","0.7342","","",""
"2023-12-11","014922","202000036341","0.7363","0.7363","","",""
"2023-12-12","014922","202000036341","0.7401","0.7401","","",""
"2023-12-13","014922","202000036341","0.7271","0.7271","","",""
"2023-12-14","014922","202000036341","0.7227","0.7227","","",""
"2023-12-15","014922","202000036341","0.7234","0.7234","","",""
"2023-12-18","014922","202000036341","0.7192","0.7192","","",""
"2023-12-19","014922","202000036341","0.7211","0.7211","","",""
"2023-12-20","014922","202000036341","0.7174","0.7174","","",""
"2023-12-21","014922","202000036341","0.7230","0.7230","","",""
"2023-12-22","014922","202000036341","0.7137","0.7137","","",""
"2023-12-25","014922","202000036341","0.7145","0.7145","","",""
"2023-12-26","014922","202000036341","0.7104","0.7104","","",""
"2023-12-27","014922","202000036341","0.7160","0.7160","","",""
"2023-12-28","014922","202000036341","0.7305","0.7305","","",""
"2023-12-29","014922","202000036341","0.7337","0.7337","","",""
"2023-12-31","014922","202000036341","0.7336","0.7336","","",""
"2024-01-02","014922","202000036341","0.7252","0.7252","","",""
"2024-01-03","014922","202000036341","0.7239","0.7239","","",""
"2024-01-04","014922","202000036341","0.7186","0.7186","","",""
"2024-01-05","014922","202000036341","0.7123","0.7123","","",""
"2024-01-08","014922","202000036341","0.7053","0.7053","","",""
"2024-01-09","014922","202000036341","0.7062","0.7062","","",""
"2024-01-10","014922","202000036341","0.7039","0.7039","","",""
"2024-01-11","014922","202000036341","0.7092","0.7092","","",""
"2024-01-12","014922","202000036341","0.7083","0.7083","","",""
"2024-01-15","014922","202000036341","0.7070","0.7070","","",""
"2024-01-16","014922","202000036341","0.7084","0.7084","","",""
"2024-01-17","014922","202000036341","0.6917","0.6917","","",""
"2024-01-18","014922","202000036341","0.6977","0.6977","","",""
"2024-01-19","014922","202000036341","0.6956","0.6956","","",""
"2024-01-22","014922","202000036341","0.6829","0.6829","","",""
"2024-01-23","014922","202000036341","0.6850","0.6850","","",""
"2024-01-24","014922","202000036341","0.6932","0.6932","","",""
"2024-01-25","014922","202000036341","0.7078","0.7078","","",""
"2024-01-26","014922","202000036341","0.7021","0.7021","","",""
"2024-01-29","014922","202000036341","0.6965","0.6965","","",""
"2024-01-30","014922","202000036341","0.6824","0.6824","","",""
"2024-01-31","014922","202000036341","0.6762","0.6762","","",""
"2024-02-01","014922","202000036341","0.6759","0.6759","","",""
"2024-02-02","014922","202000036341","0.6719","0.6719","","",""
"2024-02-05","014922","202000036341","0.6749","0.6749","","",""
"2024-02-06","014922","202000036341","0.6947","0.6947","","",""
"2024-02-07","014922","202000036341","0.7001","0.7001","","",""
"2024-02-08","014922","202000036341","0.7041","0.7041","","",""
"2024-02-19","014922","202000036341","0.7142","0.7142","","",""
"2024-02-20","014922","202000036341","0.7137","0.7137","","",""
"2024-02-21","014922","202000036341","0.7227","0.7227","","",""
"2024-02-22","014922","202000036341","0.7319","0.7319","","",""
"2024-02-23","014922","202000036341","0.7305","0.7305","","",""
"2024-02-26","014922","202000036341","0.7266","0.7266","","",""
"2024-02-27","014922","202000036341","0.7329","0.7329","","",""
"2024-02-28","014922","202000036341","0.7213","0.7213","","",""
"2024-02-29","014922","202000036341","0.7336","0.7336","","",""
"2024-03-01","014922","202000036341","0.7358","0.7358","","",""
"2024-03-04","014922","202000036341","0.7474","0.7474","","",""
"2024-03-05","014922","202000036341","0.7458","0.7458","","",""
"2024-03-06","014922","202000036341","0.7469","0.7469","","",""
"2024-03-07","014922","202000036341","0.7477","0.7477","","",""
"2024-03-08","014922","202000036341","0.7579","0.7579","","",""
"2024-03-11","014922","202000036341","0.7620","0.7620","","",""
"2024-03-12","014922","202000036341","0.7608","0.7608","","",""
"2024-03-13","014922","202000036341","0.7591","0.7591","","",""
"2024-03-14","014922","202000036341","0.7579","0.7579","","",""
"2024-03-15","014922","202000036341","0.7548","0.7548","","",""
"2024-03-18","014922","202000036341","0.7608","0.7608","","",""
"2024-03-19","014922","202000036341","0.7553","0.7553","","",""
"2024-03-20","014922","202000036341","0.7565","0.7565","","",""
"2024-03-21","014922","202000036341","0.7593","0.7593","","",""
"2024-03-22","014922","202000036341","0.7559","0.7559","","",""
"2024-03-25","014922","202000036341","0.7550","0.7550","","",""
"2024-03-26","014922","202000036341","0.7570","0.7570","","",""
"2024-03-27","014922","202000036341","0.7496","0.7496","","",""
"2024-03-28","014922","202000036341","0.7590","0.7590","","",""
"2024-03-29","014922","202000036341","0.7683","0.7683","","",""
"2024-04-01","014922","202000036341","0.7797","0.7797","","",""
"2023-04-03","014923","202000036342","0.9092","0.9092","","",""
"2023-04-04","014923","202000036342","0.9067","0.9067","","",""
"2023-04-06","014923","202000036342","0.9098","0.9098","","",""
"2023-04-07","014923","202000036342","0.9117","0.9117","","",""
"2023-04-10","014923","202000036342","0.9092","0.9092","","",""
"2023-04-11","014923","202000036342","0.9052","0.9052","","",""
"2023-04-12","014923","202000036342","0.8944","0.8944","","",""
"2023-04-13","014923","202000036342","0.8912","0.8912","","",""
"2023-04-14","014923","202000036342","0.8938","0.8938","","",""
"2023-04-17","014923","202000036342","0.9028","0.9028","","",""
"2023-04-18","014923","202000036342","0.8970","0.8970","","",""
"2023-04-19","014923","202000036342","0.8874","0.8874","","",""
"2023-04-20","014923","202000036342","0.8820","0.8820","","",""
"2023-04-21","014923","202000036342","0.8697","0.8697","","",""
"2023-04-24","014923","202000036342","0.8554","0.8554","","",""
"2023-04-25","014923","202000036342","0.8458","0.8458","","",""
"2023-04-26","014923","202000036342","0.8614","0.8614","","",""
"2023-04-27","014923","202000036342","0.8607","0.8607","","",""
"2023-04-28","014923","202000036342","0.8678","0.8678","","",""
"2023-05-04","014923","202000036342","0.8589","0.8589","","",""
"2023-05-05","014923","202000036342","0.8541","0.8541","","",""
"2023-05-08","014923","202000036342","0.8564","0.8564","","",""
"2023-05-09","014923","202000036342","0.8432","0.8432","","",""
"2023-05-10","014923","202000036342","0.8410","0.8410","","",""
"2023-05-11","014923","202000036342","0.8358","0.8358","","",""
"2023-05-12","014923","202000036342","0.8250","0.8250","","",""
"2023-05-15","014923","202000036342","0.8412","0.8412","","",""
"2023-05-16","014923","202000036342","0.8401","0.8401","","",""
"2023-05-17","014923","202000036342","0.8380","0.8380","","",""
"2023-05-18","014923","202000036342","0.8360","0.8360","","",""
"2023-05-19","014923","202000036342","0.8378","0.8378","","",""
"2023-05-22","014923","202000036342","0.8500","0.8500","","",""
"2023-05-23","014923","202000036342","0.8414","0.8414","","",""
"2023-05-24","014923","202000036342","0.8435","0.8435","","",""
"2023-05-25","014923","202000036342","0.8417","0.8417","","",""
"2023-05-26","014923","202000036342","0.8382","0.8382","","",""
"2023-05-29","014923","202000036342","0.8292","0.8292","","",""
"2023-05-30","014923","202000036342","0.8288","0.8288","","",""
"2023-05-31","014923","202000036342","0.8183","0.8183","","",""
"2023-06-01","014923","202000036342","0.8169","0.8169","","",""
"2023-06-02","014923","202000036342","0.8282","0.8282","","",""
"2023-06-05","014923","202000036342","0.8260","0.8260","","",""
"2023-06-06","014923","202000036342","0.8302","0.8302","","",""
"2023-06-07","014923","202000036342","0.8272","0.8272","","",""
"2023-06-08","014923","202000036342","0.8310","0.8310","","",""
"2023-06-09","014923","202000036342","0.8358","0.8358","","",""
"2023-06-12","014923","202000036342","0.8432","0.8432","","",""
"2023-06-13","014923","202000036342","0.8459","0.8459","","",""
"2023-06-14","014923","202000036342","0.8503","0.8503","","",""
"2023-06-15","014923","202000036342","0.8705","0.8705","","",""
"2023-06-16","014923","202000036342","0.8830","0.8830","","",""
"2023-06-19","014923","202000036342","0.8791","0.8791","","",""
"2023-06-20","014923","202000036342","0.8805","0.8805","","",""
"2023-06-21","014923","202000036342","0.8710","0.8710","","",""
"2023-06-26","014923","202000036342","0.8629","0.8629","","",""
"2023-06-27","014923","202000036342","0.8719","0.8719","","",""
"2023-06-28","014923","202000036342","0.8673","0.8673","","",""
"2023-06-29","014923","202000036342","0.8673","0.8673","","",""
"2023-06-30","014923","202000036342","0.8737","0.8737","","",""
"2023-07-03","014923","202000036342","0.8732","0.8732","","",""
"2023-07-04","014923","202000036342","0.8725","0.8725","","",""
"2023-07-05","014923","202000036342","0.8626","0.8626","","",""
"2023-07-06","014923","202000036342","0.8573","0.8573","","",""
"2023-07-07","014923","202000036342","0.8496","0.8496","","",""
"2023-07-10","014923","202000036342","0.8521","0.8521","","",""
"2023-07-11","014923","202000036342","0.8535","0.8535","","",""
"2023-07-12","014923","202000036342","0.8511","0.8511","","",""
"2023-07-13","014923","202000036342","0.8642","0.8642","","",""
"2023-07-14","014923","202000036342","0.8660","0.8660","","",""
"2023-07-17","014923","202000036342","0.8626","0.8626","","",""
"2023-07-18","014923","202000036342","0.8542","0.8542","","",""
"2023-07-19","014923","202000036342","0.8495","0.8495","","",""
"2023-07-20","014923","202000036342","0.8472","0.8472","","",""
"2023-07-21","014923","202000036342","0.8473","0.8473","","",""
"2023-07-24","014923","202000036342","0.8421","0.8421","","",""
"2023-07-25","014923","202000036342","0.8648","0.8648","","",""
"2023-07-26","014923","202000036342","0.8617","0.8617","","",""
"2023-07-27","014923","202000036342","0.8614","0.8614","","",""
"2023-07-28","014923","202000036342","0.8740","0.8740","","",""
"2023-07-31","014923","202000036342","0.8746","0.8746","","",""
"2023-08-01","014923","202000036342","0.8702","0.8702","","",""
"2023-08-02","014923","202000036342","0.8662","0.8662","","",""
"2023-08-03","014923","202000036342","0.8690","0.8690","","",""
"2023-08-04","014923","202000036342","0.8697","0.8697","","",""
"2023-08-07","014923","202000036342","0.8635","0.8635","","",""
"2023-08-08","014923","202000036342","0.8573","0.8573","","",""
"2023-08-09","014923","202000036342","0.8567","0.8567","","",""
"2023-08-10","014923","202000036342","0.8593","0.8593","","",""
"2023-08-11","014923","202000036342","0.8474","0.8474","","",""
"2023-08-14","014923","202000036342","0.8396","0.8396","","",""
"2023-08-15","014923","202000036342","0.8336","0.8336","","",""
"2023-08-16","014923","202000036342","0.8270","0.8270","","",""
"2023-08-17","014923","202000036342","0.8332","0.8332","","",""
"2023-08-18","014923","202000036342","0.8191","0.8191","","",""
"2023-08-21","014923","202000036342","0.8104","0.8104","","",""
"2023-08-22","014923","202000036342","0.8165","0.8165","","",""
"2023-08-23","014923","202000036342","0.8056","0.8056","","",""
"2023-08-24","014923","202000036342","0.8202","0.8202","","",""
"2023-08-25","014923","202000036342","0.8155","0.8155","","",""
"2023-08-28","014923","202000036342","0.8214","0.8214","","",""
"2023-08-29","014923","202000036342","0.8381","0.8381","","",""
"2023-08-30","014923","202000036342","0.8409","0.8409","","",""
"2023-08-31","014923","202000036342","0.8370","0.8370","","",""
"2023-09-01","014923","202000036342","0.8395","0.8395","","",""
"2023-09-04","014923","202000036342","0.8508","0.8508","","",""
"2023-09-05","014923","202000036342","0.8508","0.8508","","",""
"2023-09-06","014923","202000036342","0.8516","0.8516","","",""
"2023-09-07","014923","202000036342","0.8345","0.8345","","",""
"2023-09-08","014923","202000036342","0.8319","0.8319","","",""
"2023-09-11","014923","202000036342","0.8371","0.8371","","",""
"2023-09-12","014923","202000036342","0.8318","0.8318","","",""
"2023-09-13","014923","202000036342","0.8262","0.8262","","",""
"2023-09-14","014923","202000036342","0.8229","0.8229","","",""
"2023-09-15","014923","202000036342","0.8167","0.8167","","",""
"2023-09-18","014923","202000036342","0.8158","0.8158","","",""
"2023-09-19","014923","202000036342","0.8132","0.8132","","",""
"2023-09-20","014923","202000036342","0.8067","0.8067","","",""
"2023-09-21","014923","202000036342","0.7985","0.7985","","",""
"2023-09-22","014923","202000036342","0.8131","0.8131","","",""
"2023-09-25","014923","202000036342","0.8067","0.8067","","",""
"2023-09-26","014923","202000036342","0.8012","0.8012","","",""
"2023-09-27","014923","202000036342","0.8087","0.8087","","",""
"2023-09-28","014923","202000036342","0.8038","0.8038","","",""
"2023-10-09","014923","202000036342","0.8010","0.8010","","",""
"2023-10-10","014923","202000036342","0.7957","0.7957","","",""
"2023-10-11","014923","202000036342","0.7979","0.7979","","",""
"2023-10-12","014923","202000036342","0.8027","0.8027","","",""
"2023-10-13","014923","202000036342","0.7874","0.7874","","",""
"2023-10-16","014923","202000036342","0.7778","0.7778","","",""
"2023-10-17","014923","202000036342","0.7805","0.7805","","",""
"2023-10-18","014923","202000036342","0.7736","0.7736","","",""
"2023-10-19","014923","202000036342","0.7619","0.7619","","",""
"2023-10-20","014923","202000036342","0.7601","0.7601","","",""
"2023-10-23","014923","202000036342","0.7502","0.7502","","",""
"2023-10-24","014923","202000036342","0.7486","0.7486","","",""
"2023-10-25","014923","202000036342","0.7530","0.7530","","",""
"2023-10-26","014923","202000036342","0.7530","0.7530","","",""
"2023-10-27","014923","202000036342","0.7665","0.7665","","",""
"2023-10-30","014923","202000036342","0.7729","0.7729","","",""
"2023-10-31","014923","202000036342","0.7659","0.7659","","",""
"2023-11-01","014923","202000036342","0.7690","0.7690","","",""
"2023-11-02","014923","202000036342","0.7620","0.7620","","",""
"2023-11-03","014923","202000036342","0.7710","0.7710","","",""
"2023-11-06","014923","202000036342","0.7791","0.7791","","",""
"2023-11-07","014923","202000036342","0.7743","0.7743","","",""
"2023-11-08","014923","202000036342","0.7747","0.7747","","",""
"2023-11-09","014923","202000036342","0.7733","0.7733","","",""
"2023-11-10","014923","202000036342","0.7655","0.7655","","",""
"2023-11-13","014923","202000036342","0.7672","0.7672","","",""
"2023-11-14","014923","202000036342","0.7666","0.7666","","",""
"2023-11-15","014923","202000036342","0.7773","0.7773","","",""
"2023-11-16","014923","202000036342","0.7688","0.7688","","",""
"2023-11-17","014923","202000036342","0.7658","0.7658","","",""
"2023-11-20","014923","202000036342","0.7705","0.7705","","",""
"2023-11-21","014923","202000036342","0.7711","0.7711","","",""
"2023-11-22","014923","202000036342","0.7652","0.7652","","",""
"2023-11-23","014923","202000036342","0.7691","0.7691","","",""
"2023-11-24","014923","202000036342","0.7621","0.7621","","",""
"2023-11-27","014923","202000036342","0.7574","0.7574","","",""
"2023-11-28","014923","202000036342","0.7566","0.7566","","",""
"2023-11-29","014923","202000036342","0.7521","0.7521","","",""
"2023-11-30","014923","202000036342","0.7579","0.7579","","",""
"2023-12-01","014923","202000036342","0.7491","0.7491","","",""
"2023-12-04","014923","202000036342","0.7412","0.7412","","",""
"2023-12-05","014923","202000036342","0.7248","0.7248","","",""
"2023-12-06","014923","202000036342","0.7296","0.7296","","",""
"2023-12-07","014923","202000036342","0.7253","0.7253","","",""
"2023-12-08","014923","202000036342","0.7265","0.7265","","",""
"2023-12-11","014923","202000036342","0.7285","0.7285","","",""
"2023-12-12","014923","202000036342","0.7322","0.7322","","",""
"2023-12-13","014923","202000036342","0.7194","0.7194","","",""
"2023-12-14","014923","202000036342","0.7151","0.7151","","",""
"2023-12-15","014923","202000036342","0.7157","0.7157","","",""
"2023-12-18","014923","202000036342","0.7116","0.7116","","",""
"2023-12-19","014923","202000036342","0.7134","0.7134","","",""
"2023-12-20","014923","202000036342","0.7097","0.7097","","",""
"2023-12-21","014923","202000036342","0.7152","0.7152","","",""
"2023-12-22","014923","202000036342","0.7060","0.7060","","",""
"2023-12-25","014923","202000036342","0.7068","0.7068","","",""
"2023-12-26","014923","202000036342","0.7028","0.7028","","",""
"2023-12-27","014923","202000036342","0.7082","0.7082","","",""
"2023-12-28","014923","202000036342","0.7226","0.7226","","",""
"2023-12-29","014923","202000036342","0.7257","0.7257","","",""
"2023-12-31","014923","202000036342","0.7257","0.7257","","",""
"2024-01-02","014923","202000036342","0.7173","0.7173","","",""
"2024-01-03","014923","202000036342","0.7160","0.7160","","",""
"2024-01-04","014923","202000036342","0.7108","0.7108","","",""
"2024-01-05","014923","202000036342","0.7045","0.7045","","",""
"2024-01-08","014923","202000036342","0.6976","0.6976","","",""
"2024-01-09","014923","202000036342","0.6984","0.6984","","",""
"2024-01-10","014923","202000036342","0.6961","0.6961","","",""
"2024-01-11","014923","202000036342","0.7014","0.7014","","",""
"2024-01-12","014923","202000036342","0.7005","0.7005","","",""
"2024-01-15","014923","202000036342","0.6992","0.6992","","",""
"2024-01-16","014923","202000036342","0.7005","0.7005","","",""
"2024-01-17","014923","202000036342","0.6840","0.6840","","",""
"2024-01-18","014923","202000036342","0.6899","0.6899","","",""
"2024-01-19","014923","202000036342","0.6879","0.6879","","",""
"2024-01-22","014923","202000036342","0.6753","0.6753","","",""
"2024-01-23","014923","202000036342","0.6773","0.6773","","",""
"2024-01-24","014923","202000036342","0.6854","0.6854","","",""
"2024-01-25","014923","202000036342","0.6999","0.6999","","",""
"2024-01-26","014923","202000036342","0.6941","0.6941","","",""
"2024-01-29","014923","202000036342","0.6886","0.6886","","",""
"2024-01-30","014923","202000036342","0.6747","0.6747","","",""
"2024-01-31","014923","202000036342","0.6686","0.6686","","",""
"2024-02-01","014923","202000036342","0.6682","0.6682","","",""
"2024-02-02","014923","202000036342","0.6642","0.6642","","",""
"2024-02-05","014923","202000036342","0.6672","0.6672","","",""
"2024-02-06","014923","202000036342","0.6868","0.6868","","",""
"2024-02-07","014923","202000036342","0.6921","0.6921","","",""
"2024-02-08","014923","202000036342","0.6960","0.6960","","",""
"2024-02-19","014923","202000036342","0.7059","0.7059","","",""
"2024-02-20","014923","202000036342","0.7054","0.7054","","",""
"2024-02-21","014923","202000036342","0.7143","0.7143","","",""
"2024-02-22","014923","202000036342","0.7233","0.7233","","",""
"2024-02-23","014923","202000036342","0.7219","0.7219","","",""
"2024-02-26","014923","202000036342","0.7181","0.7181","","",""
"2024-02-27","014923","202000036342","0.7242","0.7242","","",""
"2024-02-28","014923","202000036342","0.7128","0.7128","","",""
"2024-02-29","014923","202000036342","0.7249","0.7249","","",""
"2024-03-01","014923","202000036342","0.7271","0.7271","","",""
"2024-03-04","014923","202000036342","0.7385","0.7385","","",""
"2024-03-05","014923","202000036342","0.7369","0.7369","","",""
"2024-03-06","014923","202000036342","0.7380","0.7380","","",""
"2024-03-07","014923","202000036342","0.7388","0.7388","","",""
"2024-03-08","014923","202000036342","0.7488","0.7488","","",""
"2024-03-11","014923","202000036342","0.7528","0.7528","","",""
"2024-03-12","014923","202000036342","0.7517","0.7517","","",""
"2024-03-13","014923","202000036342","0.7499","0.7499","","",""
"2024-03-14","014923","202000036342","0.7488","0.7488","","",""
"2024-03-15","014923","202000036342","0.7457","0.7457","","",""
"2024-03-18","014923","202000036342","0.7516","0.7516","","",""
"2024-03-19","014923","202000036342","0.7461","0.7461","","",""
"2024-03-20","014923","202000036342","0.7473","0.7473","","",""
"2024-03-21","014923","202000036342","0.7500","0.7500","","",""
"2024-03-22","014923","202000036342","0.7467","0.7467","","",""
"2024-03-25","014923","202000036342","0.7458","0.7458","","",""
"2024-03-26","014923","202000036342","0.7477","0.7477","","",""
"2024-03-27","014923","202000036342","0.7404","0.7404","","",""
"2024-03-28","014923","202000036342","0.7496","0.7496","","",""
"2024-03-29","014923","202000036342","0.7589","0.7589","","",""
"2024-04-01","014923","202000036342","0.7701","0.7701","","",""
"2023-04-03","015102","202000036859","0.9030","0.9030","","",""
"2023-04-04","015102","202000036859","0.8943","0.8943","","",""
"2023-04-06","015102","202000036859","0.8917","0.8917","","",""
"2023-04-07","015102","202000036859","0.8990","0.8990","","",""
"2023-04-10","015102","202000036859","0.8925","0.8925","","",""
"2023-04-11","015102","202000036859","0.8903","0.8903","","",""
"2023-04-12","015102","202000036859","0.8977","0.8977","","",""
"2023-04-13","015102","202000036859","0.8880","0.8880","","",""
"2023-04-14","015102","202000036859","0.8903","0.8903","","",""
"2023-04-17","015102","202000036859","0.8936","0.8936","","",""
"2023-04-18","015102","202000036859","0.8915","0.8915","","",""
"2023-04-19","015102","202000036859","0.8840","0.8840","","",""
"2023-04-20","015102","202000036859","0.8914","0.8914","","",""
"2023-04-21","015102","202000036859","0.8674","0.8674","","",""
"2023-04-24","015102","202000036859","0.8686","0.8686","","",""
"2023-04-25","015102","202000036859","0.8691","0.8691","","",""
"2023-04-26","015102","202000036859","0.8688","0.8688","","",""
"2023-04-27","015102","202000036859","0.8560","0.8560","","",""
"2023-04-28","015102","202000036859","0.8756","0.8756","","",""
"2023-05-04","015102","202000036859","0.8801","0.8801","","",""
"2023-05-05","015102","202000036859","0.8750","0.8750","","",""
"2023-05-08","015102","202000036859","0.8752","0.8752","","",""
"2023-05-09","015102","202000036859","0.8563","0.8563","","",""
"2023-05-10","015102","202000036859","0.8577","0.8577","","",""
"2023-05-11","015102","202000036859","0.8551","0.8551","","",""
"2023-05-12","015102","202000036859","0.8338","0.8338","","",""
"2023-05-15","015102","202000036859","0.8376","0.8376","","",""
"2023-05-16","015102","202000036859","0.8249","0.8249","","",""
"2023-05-17","015102","202000036859","0.8245","0.8245","","",""
"2023-05-18","015102","202000036859","0.8380","0.8380","","",""
"2023-05-19","015102","202000036859","0.8313","0.8313","","",""
"2023-05-22","015102","202000036859","0.8329","0.8329","","",""
"2023-05-23","015102","202000036859","0.8200","0.8200","","",""
"2023-05-24","015102","202000036859","0.8206","0.8206","","",""
"2023-05-25","015102","202000036859","0.8123","0.8123","","",""
"2023-05-26","015102","202000036859","0.8234","0.8234","","",""
"2023-05-29","015102","202000036859","0.8211","0.8211","","",""
"2023-05-30","015102","202000036859","0.8406","0.8406","","",""
"2023-05-31","015102","202000036859","0.8397","0.8397","","",""
"2023-06-01","015102","202000036859","0.8521","0.8521","","",""
"2023-06-02","015102","202000036859","0.8602","0.8602","","",""
"2023-06-05","015102","202000036859","0.8662","0.8662","","",""
"2023-06-06","015102","202000036859","0.8529","0.8529","","",""
"2023-06-07","015102","202000036859","0.8558","0.8558","","",""
"2023-06-08","015102","202000036859","0.8430","0.8430","","",""
"2023-06-09","015102","202000036859","0.8581","0.8581","","",""
"2023-06-12","015102","202000036859","0.8636","0.8636","","",""
"2023-06-13","015102","202000036859","0.8774","0.8774","","",""
"2023-06-14","015102","202000036859","0.8916","0.8916","","",""
"2023-06-15","015102","202000036859","0.8935","0.8935","","",""
"2023-06-16","015102","202000036859","0.9138","0.9138","","",""
"2023-06-19","015102","202000036859","0.9316","0.9316","","",""
"2023-06-20","015102","202000036859","0.9422","0.9422","","",""
"2023-06-21","015102","202000036859","0.9022","0.9022","","",""
"2023-06-26","015102","202000036859","0.8664","0.8664","","",""
"2023-06-27","015102","202000036859","0.8731","0.8731","","",""
"2023-06-28","015102","202000036859","0.8618","0.8618","","",""
"2023-06-29","015102","202000036859","0.8694","0.8694","","",""
"2023-06-30","015102","202000036859","0.8710","0.8710","","",""
"2023-07-03","015102","202000036859","0.8616","0.8616","","",""
"2023-07-04","015102","202000036859","0.8682","0.8682","","",""
"2023-07-05","015102","202000036859","0.8589","0.8589","","",""
"2023-07-06","015102","202000036859","0.8524","0.8524","","",""
"2023-07-07","015102","202000036859","0.8426","0.8426","","",""
"2023-07-10","015102","202000036859","0.8419","0.8419","","",""
"2023-07-11","015102","202000036859","0.8487","0.8487","","",""
"2023-07-12","015102","202000036859","0.8343","0.8343","","",""
"2023-07-13","015102","202000036859","0.8488","0.8488","","",""
"2023-07-14","015102","202000036859","0.8610","0.8610","","",""
"2023-07-17","015102","202000036859","0.8521","0.8521","","",""
"2023-07-18","015102","202000036859","0.8405","0.8405","","",""
"2023-07-19","015102","202000036859","0.8476","0.8476","","",""
"2023-07-20","015102","202000036859","0.8245","0.8245","","",""
"2023-07-21","015102","202000036859","0.8204","0.8204","","",""
"2023-07-24","015102","202000036859","0.8210","0.8210","","",""
"2023-07-25","015102","202000036859","0.8433","0.8433","","",""
"2023-07-26","015102","202000036859","0.8262","0.8262","","",""
"2023-07-27","015102","202000036859","0.8206","0.8206","","",""
"2023-07-28","015102","202000036859","0.8227","0.8227","","",""
"2023-07-31","015102","202000036859","0.8344","0.8344","","",""
"2023-08-01","015102","202000036859","0.8353","0.8353","","",""
"2023-08-02","015102","202000036859","0.8300","0.8300","","",""
"2023-08-03","015102","202000036859","0.8272","0.8272","","",""
"2023-08-04","015102","202000036859","0.8400","0.8400","","",""
"2023-08-07","015102","202000036859","0.8452","0.8452","","",""
"2023-08-08","015102","202000036859","0.8372","0.8372","","",""
"2023-08-09","015102","202000036859","0.8184","0.8184","","",""
"2023-08-10","015102","202000036859","0.8169","0.8169","","",""
"2023-08-11","015102","202000036859","0.8037","0.8037","","",""
"2023-08-14","015102","202000036859","0.8124","0.8124","","",""
"2023-08-15","015102","202000036859","0.8002","0.8002","","",""
"2023-08-16","015102","202000036859","0.7827","0.7827","","",""
"2023-08-17","015102","202000036859","0.7908","0.7908","","",""
"2023-08-18","015102","202000036859","0.7707","0.7707","","",""
"2023-08-21","015102","202000036859","0.7637","0.7637","","",""
"2023-08-22","015102","202000036859","0.7781","0.7781","","",""
"2023-08-23","015102","202000036859","0.7604","0.7604","","",""
"2023-08-24","015102","202000036859","0.7727","0.7727","","",""
"2023-08-25","015102","202000036859","0.7483","0.7483","","",""
"2023-08-28","015102","202000036859","0.7575","0.7575","","",""
"2023-08-29","015102","202000036859","0.7832","0.7832","","",""
"2023-08-30","015102","202000036859","0.7956","0.7956","","",""
"2023-08-31","015102","202000036859","0.7885","0.7885","","",""
"2023-09-01","015102","202000036859","0.7833","0.7833","","",""
"2023-09-04","015102","202000036859","0.7895","0.7895","","",""
"2023-09-05","015102","202000036859","0.7812","0.7812","","",""
"2023-09-06","015102","202000036859","0.7766","0.7766","","",""
"2023-09-07","015102","202000036859","0.7617","0.7617","","",""
"2023-09-08","015102","202000036859","0.7563","0.7563","","",""
"2023-09-11","015102","202000036859","0.7678","0.7678","","",""
"2023-09-12","015102","202000036859","0.7631","0.7631","","",""
"2023-09-13","015102","202000036859","0.7512","0.7512","","",""
"2023-09-14","015102","202000036859","0.7452","0.7452","","",""
"2023-09-15","015102","202000036859","0.7389","0.7389","","",""
"2023-09-18","015102","202000036859","0.7368","0.7368","","",""
"2023-09-19","015102","202000036859","0.7318","0.7318","","",""
"2023-09-20","015102","202000036859","0.7279","0.7279","","",""
"2023-09-21","015102","202000036859","0.7235","0.7235","","",""
"2023-09-22","015102","202000036859","0.7499","0.7499","","",""
"2023-09-25","015102","202000036859","0.7433","0.7433","","",""
"2023-09-26","015102","202000036859","0.7480","0.7480","","",""
"2023-09-27","015102","202000036859","0.7505","0.7505","","",""
"2023-09-28","015102","202000036859","0.7473","0.7473","","",""
"2023-10-09","015102","202000036859","0.7462","0.7462","","",""
"2023-10-10","015102","202000036859","0.7447","0.7447","","",""
"2023-10-11","015102","202000036859","0.7511","0.7511","","",""
"2023-10-12","015102","202000036859","0.7460","0.7460","","",""
"2023-10-13","015102","202000036859","0.7331","0.7331","","",""
"2023-10-16","015102","202000036859","0.7231","0.7231","","",""
"2023-10-17","015102","202000036859","0.7229","0.7229","","",""
"2023-10-18","015102","202000036859","0.7084","0.7084","","",""
"2023-10-19","015102","202000036859","0.6988","0.6988","","",""
"2023-10-20","015102","202000036859","0.6880","0.6880","","",""
"2023-10-23","015102","202000036859","0.6741","0.6741","","",""
"2023-10-24","015102","202000036859","0.6766","0.6766","","",""
"2023-10-25","015102","202000036859","0.6769","0.6769","","",""
"2023-10-26","015102","202000036859","0.6777","0.6777","","",""
"2023-10-27","015102","202000036859","0.6838","0.6838","","",""
"2023-10-30","015102","202000036859","0.6916","0.6916","","",""
"2023-10-31","015102","202000036859","0.6835","0.6835","","",""
"2023-11-01","015102","202000036859","0.6807","0.6807","","",""
"2023-11-02","015102","202000036859","0.6773","0.6773","","",""
"2023-11-03","015102","202000036859","0.6948","0.6948","","",""
"2023-11-06","015102","202000036859","0.7143","0.7143","","",""
"2023-11-07","015102","202000036859","0.7173","0.7173","","",""
"2023-11-08","015102","202000036859","0.7190","0.7190","","",""
"2023-11-09","015102","202000036859","0.7193","0.7193","","",""
"2023-11-10","015102","202000036859","0.7105","0.7105","","",""
"2023-11-13","015102","202000036859","0.7161","0.7161","","",""
"2023-11-14","015102","202000036859","0.7151","0.7151","","",""
"2023-11-15","015102","202000036859","0.7209","0.7209","","",""
"2023-11-16","015102","202000036859","0.7146","0.7146","","",""
"2023-11-17","015102","202000036859","0.7187","0.7187","","",""
"2023-11-20","015102","202000036859","0.7269","0.7269","","",""
"2023-11-21","015102","202000036859","0.7200","0.7200","","",""
"2023-11-22","015102","202000036859","0.7113","0.7113","","",""
"2023-11-23","015102","202000036859","0.7218","0.7218","","",""
"2023-11-24","015102","202000036859","0.7092","0.7092","","",""
"2023-11-27","015102","202000036859","0.7129","0.7129","","",""
"2023-11-28","015102","202000036859","0.7172","0.7172","","",""
"2023-11-29","015102","202000036859","0.7119","0.7119","","",""
"2023-11-30","015102","202000036859","0.7100","0.7100","","",""
"2023-12-01","015102","202000036859","0.7155","0.7155","","",""
"2023-12-04","015102","202000036859","0.7131","0.7131","","",""
"2023-12-05","015102","202000036859","0.6968","0.6968","","",""
"2023-12-06","015102","202000036859","0.6990","0.6990","","",""
"2023-12-07","015102","202000036859","0.6986","0.6986","","",""
"2023-12-08","015102","202000036859","0.6993","0.6993","","",""
"2023-12-11","015102","202000036859","0.7088","0.7088","","",""
"2023-12-12","015102","202000036859","0.7080","0.7080","","",""
"2023-12-13","015102","202000036859","0.7006","0.7006","","",""
"2023-12-14","015102","202000036859","0.7000","0.7000","","",""
"2023-12-15","015102","202000036859","0.6984","0.6984","","",""
"2023-12-18","015102","202000036859","0.6910","0.6910","","",""
"2023-12-19","015102","202000036859","0.6923","0.6923","","",""
"2023-12-20","015102","202000036859","0.6804","0.6804","","",""
"2023-12-21","015102","202000036859","0.6864","0.6864","","",""
"2023-12-22","015102","202000036859","0.6746","0.6746","","",""
"2023-12-25","015102","202000036859","0.6803","0.6803","","",""
"2023-12-26","015102","202000036859","0.6719","0.6719","","",""
"2023-12-27","015102","202000036859","0.6789","0.6789","","",""
"2023-12-28","015102","202000036859","0.6915","0.6915","","",""
"2023-12-29","015102","202000036859","0.6965","0.6965","","",""
"2023-12-31","015102","202000036859","0.6965","0.6965","","",""
"2024-01-02","015102","202000036859","0.6876","0.6876","","",""
"2024-01-03","015102","202000036859","0.6772","0.6772","","",""
"2024-01-04","015102","202000036859","0.6716","0.6716","","",""
"2024-01-05","015102","202000036859","0.6625","0.6625","","",""
"2024-01-08","015102","202000036859","0.6489","0.6489","","",""
"2024-01-09","015102","202000036859","0.6535","0.6535","","",""
"2024-01-10","015102","202000036859","0.6475","0.6475","","",""
"2024-01-11","015102","202000036859","0.6555","0.6555","","",""
"2024-01-12","015102","202000036859","0.6503","0.6503","","",""
"2024-01-15","015102","202000036859","0.6488","0.6488","","",""
"2024-01-16","015102","202000036859","0.6492","0.6492","","",""
"2024-01-17","015102","202000036859","0.6313","0.6313","","",""
"2024-01-18","015102","202000036859","0.6357","0.6357","","",""
"2024-01-19","015102","202000036859","0.6322","0.6322","","",""
"2024-01-22","015102","202000036859","0.6092","0.6092","","",""
"2024-01-23","015102","202000036859","0.6182","0.6182","","",""
"2024-01-24","015102","202000036859","0.6239","0.6239","","",""
"2024-01-25","015102","202000036859","0.6375","0.6375","","",""
"2024-01-26","015102","202000036859","0.6281","0.6281","","",""
"2024-01-29","015102","202000036859","0.6135","0.6135","","",""
"2024-01-30","015102","202000036859","0.6008","0.6008","","",""
"2024-01-31","015102","202000036859","0.5915","0.5915","","",""
"2024-02-01","015102","202000036859","0.5934","0.5934","","",""
"2024-02-02","015102","202000036859","0.5853","0.5853","","",""
"2024-02-05","015102","202000036859","0.5810","0.5810","","",""
"2024-02-06","015102","202000036859","0.6056","0.6056","","",""
"2024-02-07","015102","202000036859","0.6182","0.6182","","",""
"2024-02-08","015102","202000036859","0.6312","0.6312","","",""
"2024-02-19","015102","202000036859","0.6430","0.6430","","",""
"2024-02-20","015102","202000036859","0.6449","0.6449","","",""
"2024-02-21","015102","202000036859","0.6473","0.6473","","",""
"2024-02-22","015102","202000036859","0.6531","0.6531","","",""
"2024-02-23","015102","202000036859","0.6597","0.6597","","",""
"2024-02-26","015102","202000036859","0.6636","0.6636","","",""
"2024-02-27","015102","202000036859","0.6797","0.6797","","",""
"2024-02-28","015102","202000036859","0.6605","0.6605","","",""
"2024-02-29","015102","202000036859","0.6758","0.6758","","",""
"2024-03-01","015102","202000036859","0.6817","0.6817","","",""
"2024-03-04","015102","202000036859","0.6951","0.6951","","",""
"2024-03-05","015102","202000036859","0.6954","0.6954","","",""
"2024-03-06","015102","202000036859","0.6963","0.6963","","",""
"2024-03-07","015102","202000036859","0.6987","0.6987","","",""
"2024-03-08","015102","202000036859","0.7068","0.7068","","",""
"2024-03-11","015102","202000036859","0.7112","0.7112","","",""
"2024-03-12","015102","202000036859","0.7064","0.7064","","",""
"2024-03-13","015102","202000036859","0.7096","0.7096","","",""
"2024-03-14","015102","202000036859","0.7093","0.7093","","",""
"2024-03-15","015102","202000036859","0.7129","0.7129","","",""
"2024-03-18","015102","202000036859","0.7235","0.7235","","",""
"2024-03-19","015102","202000036859","0.7141","0.7141","","",""
"2024-03-20","015102","202000036859","0.7187","0.7187","","",""
"2024-03-21","015102","202000036859","0.7195","0.7195","","",""
"2024-03-22","015102","202000036859","0.7103","0.7103","","",""
"2024-03-25","015102","202000036859","0.7061","0.7061","","",""
"2024-03-26","015102","202000036859","0.7041","0.7041","","",""
"2024-03-27","015102","202000036859","0.6953","0.6953","","",""
"2024-03-28","015102","202000036859","0.7015","0.7015","","",""
"2024-03-29","015102","202000036859","0.7129","0.7129","","",""
"2024-04-01","015102","202000036859","0.7229","0.7229","","",""
"2023-04-03","015103","202000036858","0.8981","0.8981","","",""
"2023-04-04","015103","202000036858","0.8894","0.8894","","",""
"2023-04-06","015103","202000036858","0.8868","0.8868","","",""
"2023-04-07","015103","202000036858","0.8941","0.8941","","",""
"2023-04-10","015103","202000036858","0.8875","0.8875","","",""
"2023-04-11","015103","202000036858","0.8854","0.8854","","",""
"2023-04-12","015103","202000036858","0.8928","0.8928","","",""
"2023-04-13","015103","202000036858","0.8830","0.8830","","",""
"2023-04-14","015103","202000036858","0.8853","0.8853","","",""
"2023-04-17","015103","202000036858","0.8886","0.8886","","",""
"2023-04-18","015103","202000036858","0.8864","0.8864","","",""
"2023-04-19","015103","202000036858","0.8790","0.8790","","",""
"2023-04-20","015103","202000036858","0.8864","0.8864","","",""
"2023-04-21","015103","202000036858","0.8625","0.8625","","",""
"2023-04-24","015103","202000036858","0.8637","0.8637","","",""
"2023-04-25","015103","202000036858","0.8642","0.8642","","",""
"2023-04-26","015103","202000036858","0.8638","0.8638","","",""
"2023-04-27","015103","202000036858","0.8511","0.8511","","",""
"2023-04-28","015103","202000036858","0.8706","0.8706","","",""
"2023-05-04","015103","202000036858","0.8750","0.8750","","",""
"2023-05-05","015103","202000036858","0.8699","0.8699","","",""
"2023-05-08","015103","202000036858","0.8700","0.8700","","",""
"2023-05-09","015103","202000036858","0.8513","0.8513","","",""
"2023-05-10","015103","202000036858","0.8526","0.8526","","",""
"2023-05-11","015103","202000036858","0.8500","0.8500","","",""
"2023-05-12","015103","202000036858","0.8289","0.8289","","",""
"2023-05-15","015103","202000036858","0.8326","0.8326","","",""
"2023-05-16","015103","202000036858","0.8199","0.8199","","",""
"2023-05-17","015103","202000036858","0.8195","0.8195","","",""
"2023-05-18","015103","202000036858","0.8329","0.8329","","",""
"2023-05-19","015103","202000036858","0.8263","0.8263","","",""
"2023-05-22","015103","202000036858","0.8279","0.8279","","",""
"2023-05-23","015103","202000036858","0.8150","0.8150","","",""
"2023-05-24","015103","202000036858","0.8156","0.8156","","",""
"2023-05-25","015103","202000036858","0.8073","0.8073","","",""
"2023-05-26","015103","202000036858","0.8183","0.8183","","",""
"2023-05-29","015103","202000036858","0.8161","0.8161","","",""
"2023-05-30","015103","202000036858","0.8354","0.8354","","",""
"2023-05-31","015103","202000036858","0.8344","0.8344","","",""
"2023-06-01","015103","202000036858","0.8468","0.8468","","",""
"2023-06-02","015103","202000036858","0.8548","0.8548","","",""
"2023-06-05","015103","202000036858","0.8607","0.8607","","",""
"2023-06-06","015103","202000036858","0.8475","0.8475","","",""
"2023-06-07","015103","202000036858","0.8504","0.8504","","",""
"2023-06-08","015103","202000036858","0.8377","0.8377","","",""
"2023-06-09","015103","202000036858","0.8527","0.8527","","",""
"2023-06-12","015103","202000036858","0.8581","0.8581","","",""
"2023-06-13","015103","202000036858","0.8718","0.8718","","",""
"2023-06-14","015103","202000036858","0.8859","0.8859","","",""
"2023-06-15","015103","202000036858","0.8878","0.8878","","",""
"2023-06-16","015103","202000036858","0.9079","0.9079","","",""
"2023-06-19","015103","202000036858","0.9256","0.9256","","",""
"2023-06-20","015103","202000036858","0.9361","0.9361","","",""
"2023-06-21","015103","202000036858","0.8963","0.8963","","",""
"2023-06-26","015103","202000036858","0.8607","0.8607","","",""
"2023-06-27","015103","202000036858","0.8673","0.8673","","",""
"2023-06-28","015103","202000036858","0.8561","0.8561","","",""
"2023-06-29","015103","202000036858","0.8636","0.8636","","",""
"2023-06-30","015103","202000036858","0.8652","0.8652","","",""
"2023-07-03","015103","202000036858","0.8559","0.8559","","",""
"2023-07-04","015103","202000036858","0.8624","0.8624","","",""
"2023-07-05","015103","202000036858","0.8531","0.8531","","",""
"2023-07-06","015103","202000036858","0.8467","0.8467","","",""
"2023-07-07","015103","202000036858","0.8370","0.8370","","",""
"2023-07-10","015103","202000036858","0.8362","0.8362","","",""
"2023-07-11","015103","202000036858","0.8429","0.8429","","",""
"2023-07-12","015103","202000036858","0.8286","0.8286","","",""
"2023-07-13","015103","202000036858","0.8430","0.8430","","",""
"2023-07-14","015103","202000036858","0.8551","0.8551","","",""
"2023-07-17","015103","202000036858","0.8463","0.8463","","",""
"2023-07-18","015103","202000036858","0.8347","0.8347","","",""
"2023-07-19","015103","202000036858","0.8418","0.8418","","",""
"2023-07-20","015103","202000036858","0.8188","0.8188","","",""
"2023-07-21","015103","202000036858","0.8148","0.8148","","",""
"2023-07-24","015103","202000036858","0.8153","0.8153","","",""
"2023-07-25","015103","202000036858","0.8374","0.8374","","",""
"2023-07-26","015103","202000036858","0.8205","0.8205","","",""
"2023-07-27","015103","202000036858","0.8149","0.8149","","",""
"2023-07-28","015103","202000036858","0.8169","0.8169","","",""
"2023-07-31","015103","202000036858","0.8285","0.8285","","",""
"2023-08-01","015103","202000036858","0.8294","0.8294","","",""
"2023-08-02","015103","202000036858","0.8242","0.8242","","",""
"2023-08-03","015103","202000036858","0.8214","0.8214","","",""
"2023-08-04","015103","202000036858","0.8341","0.8341","","",""
"2023-08-07","015103","202000036858","0.8391","0.8391","","",""
"2023-08-08","015103","202000036858","0.8312","0.8312","","",""
"2023-08-09","015103","202000036858","0.8125","0.8125","","",""
"2023-08-10","015103","202000036858","0.8110","0.8110","","",""
"2023-08-11","015103","202000036858","0.7979","0.7979","","",""
"2023-08-14","015103","202000036858","0.8066","0.8066","","",""
"2023-08-15","015103","202000036858","0.7944","0.7944","","",""
"2023-08-16","015103","202000036858","0.7770","0.7770","","",""
"2023-08-17","015103","202000036858","0.7851","0.7851","","",""
"2023-08-18","015103","202000036858","0.7651","0.7651","","",""
"2023-08-21","015103","202000036858","0.7581","0.7581","","",""
"2023-08-22","015103","202000036858","0.7724","0.7724","","",""
"2023-08-23","015103","202000036858","0.7548","0.7548","","",""
"2023-08-24","015103","202000036858","0.7670","0.7670","","",""
"2023-08-25","015103","202000036858","0.7428","0.7428","","",""
"2023-08-28","015103","202000036858","0.7519","0.7519","","",""
"2023-08-29","015103","202000036858","0.7774","0.7774","","",""
"2023-08-30","015103","202000036858","0.7897","0.7897","","",""
"2023-08-31","015103","202000036858","0.7826","0.7826","","",""
"2023-09-01","015103","202000036858","0.7774","0.7774","","",""
"2023-09-04","015103","202000036858","0.7836","0.7836","","",""
"2023-09-05","015103","202000036858","0.7753","0.7753","","",""
"2023-09-06","015103","202000036858","0.7708","0.7708","","",""
"2023-09-07","015103","202000036858","0.7559","0.7559","","",""
"2023-09-08","015103","202000036858","0.7505","0.7505","","",""
"2023-09-11","015103","202000036858","0.7619","0.7619","","",""
"2023-09-12","015103","202000036858","0.7573","0.7573","","",""
"2023-09-13","015103","202000036858","0.7455","0.7455","","",""
"2023-09-14","015103","202000036858","0.7395","0.7395","","",""
"2023-09-15","015103","202000036858","0.7332","0.7332","","",""
"2023-09-18","015103","202000036858","0.7311","0.7311","","",""
"2023-09-19","015103","202000036858","0.7262","0.7262","","",""
"2023-09-20","015103","202000036858","0.7223","0.7223","","",""
"2023-09-21","015103","202000036858","0.7179","0.7179","","",""
"2023-09-22","015103","202000036858","0.7441","0.7441","","",""
"2023-09-25","015103","202000036858","0.7375","0.7375","","",""
"2023-09-26","015103","202000036858","0.7422","0.7422","","",""
"2023-09-27","015103","202000036858","0.7446","0.7446","","",""
"2023-09-28","015103","202000036858","0.7415","0.7415","","",""
"2023-10-09","015103","202000036858","0.7402","0.7402","","",""
"2023-10-10","015103","202000036858","0.7387","0.7387","","",""
"2023-10-11","015103","202000036858","0.7451","0.7451","","",""
"2023-10-12","015103","202000036858","0.7400","0.7400","","",""
"2023-10-13","015103","202000036858","0.7272","0.7272","","",""
"2023-10-16","015103","202000036858","0.7173","0.7173","","",""
"2023-10-17","015103","202000036858","0.7170","0.7170","","",""
"2023-10-18","015103","202000036858","0.7027","0.7027","","",""
"2023-10-19","015103","202000036858","0.6931","0.6931","","",""
"2023-10-20","015103","202000036858","0.6824","0.6824","","",""
"2023-10-23","015103","202000036858","0.6686","0.6686","","",""
"2023-10-24","015103","202000036858","0.6710","0.6710","","",""
"2023-10-25","015103","202000036858","0.6714","0.6714","","",""
"2023-10-26","015103","202000036858","0.6721","0.6721","","",""
"2023-10-27","015103","202000036858","0.6781","0.6781","","",""
"2023-10-30","015103","202000036858","0.6859","0.6859","","",""
"2023-10-31","015103","202000036858","0.6778","0.6778","","",""
"2023-11-01","015103","202000036858","0.6751","0.6751","","",""
"2023-11-02","015103","202000036858","0.6717","0.6717","","",""
"2023-11-03","015103","202000036858","0.6890","0.6890","","",""
"2023-11-06","015103","202000036858","0.7083","0.7083","","",""
"2023-11-07","015103","202000036858","0.7112","0.7112","","",""
"2023-11-08","015103","202000036858","0.7130","0.7130","","",""
"2023-11-09","015103","202000036858","0.7133","0.7133","","",""
"2023-11-10","015103","202000036858","0.7045","0.7045","","",""
"2023-11-13","015103","202000036858","0.7100","0.7100","","",""
"2023-11-14","015103","202000036858","0.7091","0.7091","","",""
"2023-11-15","015103","202000036858","0.7148","0.7148","","",""
"2023-11-16","015103","202000036858","0.7085","0.7085","","",""
"2023-11-17","015103","202000036858","0.7126","0.7126","","",""
"2023-11-20","015103","202000036858","0.7207","0.7207","","",""
"2023-11-21","015103","202000036858","0.7138","0.7138","","",""
"2023-11-22","015103","202000036858","0.7052","0.7052","","",""
"2023-11-23","015103","202000036858","0.7156","0.7156","","",""
"2023-11-24","015103","202000036858","0.7031","0.7031","","",""
"2023-11-27","015103","202000036858","0.7067","0.7067","","",""
"2023-11-28","015103","202000036858","0.7109","0.7109","","",""
"2023-11-29","015103","202000036858","0.7057","0.7057","","",""
"2023-11-30","015103","202000036858","0.7039","0.7039","","",""
"2023-12-01","015103","202000036858","0.7093","0.7093","","",""
"2023-12-04","015103","202000036858","0.7069","0.7069","","",""
"2023-12-05","015103","202000036858","0.6907","0.6907","","",""
"2023-12-06","015103","202000036858","0.6928","0.6928","","",""
"2023-12-07","015103","202000036858","0.6924","0.6924","","",""
"2023-12-08","015103","202000036858","0.6931","0.6931","","",""
"2023-12-11","015103","202000036858","0.7025","0.7025","","",""
"2023-12-12","015103","202000036858","0.7017","0.7017","","",""
"2023-12-13","015103","202000036858","0.6943","0.6943","","",""
"2023-12-14","015103","202000036858","0.6938","0.6938","","",""
"2023-12-15","015103","202000036858","0.6922","0.6922","","",""
"2023-12-18","015103","202000036858","0.6848","0.6848","","",""
"2023-12-19","015103","202000036858","0.6861","0.6861","","",""
"2023-12-20","015103","202000036858","0.6742","0.6742","","",""
"2023-12-21","015103","202000036858","0.6802","0.6802","","",""
"2023-12-22","015103","202000036858","0.6686","0.6686","","",""
"2023-12-25","015103","202000036858","0.6742","0.6742","","",""
"2023-12-26","015103","202000036858","0.6659","0.6659","","",""
"2023-12-27","015103","202000036858","0.6727","0.6727","","",""
"2023-12-28","015103","202000036858","0.6852","0.6852","","",""
"2023-12-29","015103","202000036858","0.6902","0.6902","","",""
"2023-12-31","015103","202000036858","0.6901","0.6901","","",""
"2024-01-02","015103","202000036858","0.6813","0.6813","","",""
"2024-01-03","015103","202000036858","0.6710","0.6710","","",""
"2024-01-04","015103","202000036858","0.6654","0.6654","","",""
"2024-01-05","015103","202000036858","0.6564","0.6564","","",""
"2024-01-08","015103","202000036858","0.6429","0.6429","","",""
"2024-01-09","015103","202000036858","0.6475","0.6475","","",""
"2024-01-10","015103","202000036858","0.6415","0.6415","","",""
"2024-01-11","015103","202000036858","0.6494","0.6494","","",""
"2024-01-12","015103","202000036858","0.6443","0.6443","","",""
"2024-01-15","015103","202000036858","0.6428","0.6428","","",""
"2024-01-16","015103","202000036858","0.6432","0.6432","","",""
"2024-01-17","015103","202000036858","0.6254","0.6254","","",""
"2024-01-18","015103","202000036858","0.6297","0.6297","","",""
"2024-01-19","015103","202000036858","0.6262","0.6262","","",""
"2024-01-22","015103","202000036858","0.6035","0.6035","","",""
"2024-01-23","015103","202000036858","0.6124","0.6124","","",""
"2024-01-24","015103","202000036858","0.6180","0.6180","","",""
"2024-01-25","015103","202000036858","0.6314","0.6314","","",""
"2024-01-26","015103","202000036858","0.6221","0.6221","","",""
"2024-01-29","015103","202000036858","0.6077","0.6077","","",""
"2024-01-30","015103","202000036858","0.5951","0.5951","","",""
"2024-01-31","015103","202000036858","0.5858","0.5858","","",""
"2024-02-01","015103","202000036858","0.5877","0.5877","","",""
"2024-02-02","015103","202000036858","0.5797","0.5797","","",""
"2024-02-05","015103","202000036858","0.5754","0.5754","","",""
"2024-02-06","015103","202000036858","0.5998","0.5998","","",""
"2024-02-07","015103","202000036858","0.6123","0.6123","","",""
"2024-02-08","015103","202000036858","0.6251","0.6251","","",""
"2024-02-19","015103","202000036858","0.6366","0.6366","","",""
"2024-02-20","015103","202000036858","0.6385","0.6385","","",""
"2024-02-21","015103","202000036858","0.6410","0.6410","","",""
"2024-02-22","015103","202000036858","0.6467","0.6467","","",""
"2024-02-23","015103","202000036858","0.6532","0.6532","","",""
"2024-02-26","015103","202000036858","0.6570","0.6570","","",""
"2024-02-27","015103","202000036858","0.6730","0.6730","","",""
"2024-02-28","015103","202000036858","0.6539","0.6539","","",""
"2024-02-29","015103","202000036858","0.6691","0.6691","","",""
"2024-03-01","015103","202000036858","0.6749","0.6749","","",""
"2024-03-04","015103","202000036858","0.6882","0.6882","","",""
"2024-03-05","015103","202000036858","0.6884","0.6884","","",""
"2024-03-06","015103","202000036858","0.6893","0.6893","","",""
"2024-03-07","015103","202000036858","0.6917","0.6917","","",""
"2024-03-08","015103","202000036858","0.6997","0.6997","","",""
"2024-03-11","015103","202000036858","0.7040","0.7040","","",""
"2024-03-12","015103","202000036858","0.6992","0.6992","","",""
"2024-03-13","015103","202000036858","0.7024","0.7024","","",""
"2024-03-14","015103","202000036858","0.7021","0.7021","","",""
"2024-03-15","015103","202000036858","0.7057","0.7057","","",""
"2024-03-18","015103","202000036858","0.7161","0.7161","","",""
"2024-03-19","015103","202000036858","0.7068","0.7068","","",""
"2024-03-20","015103","202000036858","0.7113","0.7113","","",""
"2024-03-21","015103","202000036858","0.7122","0.7122","","",""
"2024-03-22","015103","202000036858","0.7030","0.7030","","",""
"2024-03-25","015103","202000036858","0.6988","0.6988","","",""
"2024-03-26","015103","202000036858","0.6969","0.6969","","",""
"2024-03-27","015103","202000036858","0.6882","0.6882","","",""
"2024-03-28","015103","202000036858","0.6943","0.6943","","",""
"2024-03-29","015103","202000036858","0.7056","0.7056","","",""
"2024-04-01","015103","202000036858","0.7154","0.7154","","",""
"2023-04-03","015780","202000039650","1.0687","1.0687","","",""
"2023-04-04","015780","202000039650","1.0608","1.0608","","",""
"2023-04-06","015780","202000039650","1.0614","1.0614","","",""
"2023-04-07","015780","202000039650","1.0734","1.0734","","",""
"2023-04-10","015780","202000039650","1.0672","1.0672","","",""
"2023-04-11","015780","202000039650","1.0667","1.0667","","",""
"2023-04-12","015780","202000039650","1.0656","1.0656","","",""
"2023-04-13","015780","202000039650","1.0609","1.0609","","",""
"2023-04-14","015780","202000039650","1.0626","1.0626","","",""
"2023-04-17","015780","202000039650","1.0754","1.0754","","",""
"2023-04-18","015780","202000039650","1.0804","1.0804","","",""
"2023-04-19","015780","202000039650","1.0678","1.0678","","",""
"2023-04-20","015780","202000039650","1.0626","1.0626","","",""
"2023-04-21","015780","202000039650","1.0476","1.0476","","",""
"2023-04-24","015780","202000039650","1.0408","1.0408","","",""
"2023-04-25","015780","202000039650","1.0356","1.0356","","",""
"2023-04-26","015780","202000039650","1.0328","1.0328","","",""
"2023-04-27","015780","202000039650","1.0348","1.0348","","",""
"2023-04-28","015780","202000039650","1.0409","1.0409","","",""
"2023-05-04","015780","202000039650","1.0311","1.0311","","",""
"2023-05-05","015780","202000039650","1.0314","1.0314","","",""
"2023-05-08","015780","202000039650","1.0395","1.0395","","",""
"2023-05-09","015780","202000039650","1.0317","1.0317","","",""
"2023-05-10","015780","202000039650","1.0294","1.0294","","",""
"2023-05-11","015780","202000039650","1.0305","1.0305","","",""
"2023-05-12","015780","202000039650","1.0237","1.0237","","",""
"2023-05-15","015780","202000039650","1.0301","1.0301","","",""
"2023-05-16","015780","202000039650","1.0287","1.0287","","",""
"2023-05-17","015780","202000039650","1.0224","1.0224","","",""
"2023-05-18","015780","202000039650","1.0328","1.0328","","",""
"2023-05-19","015780","202000039650","1.0344","1.0344","","",""
"2023-05-22","015780","202000039650","1.0427","1.0427","","",""
"2023-05-23","015780","202000039650","1.0341","1.0341","","",""
"2023-05-24","015780","202000039650","1.0213","1.0213","","",""
"2023-05-25","015780","202000039650","1.0189","1.0189","","",""
"2023-05-26","015780","202000039650","1.0206","1.0206","","",""
"2023-05-29","015780","202000039650","1.0140","1.0140","","",""
"2023-05-30","015780","202000039650","1.0162","1.0162","","",""
"2023-05-31","015780","202000039650","0.9997","0.9997","","",""
"2023-06-01","015780","202000039650","1.0016","1.0016","","",""
"2023-06-02","015780","202000039650","1.0178","1.0178","","",""
"2023-06-05","015780","202000039650","1.0161","1.0161","","",""
"2023-06-06","015780","202000039650","1.0064","1.0064","","",""
"2023-06-07","015780","202000039650","1.0062","1.0062","","",""
"2023-06-08","015780","202000039650","1.0140","1.0140","","",""
"2023-06-09","015780","202000039650","1.0146","1.0146","","",""
"2023-06-12","015780","202000039650","1.0211","1.0211","","",""
"2023-06-13","015780","202000039650","1.0200","1.0200","","",""
"2023-06-14","015780","202000039650","1.0205","1.0205","","",""
"2023-06-15","015780","202000039650","1.0337","1.0337","","",""
"2023-06-16","015780","202000039650","1.0398","1.0398","","",""
"2023-06-19","015780","202000039650","1.0375","1.0375","","",""
"2023-06-20","015780","202000039650","1.0405","1.0405","","",""
"2023-06-21","015780","202000039650","1.0262","1.0262","","",""
"2023-06-26","015780","202000039650","1.0145","1.0145","","",""
"2023-06-27","015780","202000039650","1.0320","1.0320","","",""
"2023-06-28","015780","202000039650","1.0294","1.0294","","",""
"2023-06-29","015780","202000039650","1.0352","1.0352","","",""
"2023-06-30","015780","202000039650","1.0492","1.0492","","",""
"2023-07-03","015780","202000039650","1.0566","1.0566","","",""
"2023-07-04","015780","202000039650","1.0634","1.0634","","",""
"2023-07-05","015780","202000039650","1.0589","1.0589","","",""
"2023-07-06","015780","202000039650","1.0533","1.0533","","",""
"2023-07-07","015780","202000039650","1.0484","1.0484","","",""
"2023-07-10","015780","202000039650","1.0493","1.0493","","",""
"2023-07-11","015780","202000039650","1.0617","1.0617","","",""
"2023-07-12","015780","202000039650","1.0568","1.0568","","",""
"2023-07-13","015780","202000039650","1.0678","1.0678","","",""
"2023-07-14","015780","202000039650","1.0735","1.0735","","",""
"2023-07-17","015780","202000039650","1.0728","1.0728","","",""
"2023-07-18","015780","202000039650","1.0698","1.0698","","",""
"2023-07-19","015780","202000039650","1.0743","1.0743","","",""
"2023-07-20","015780","202000039650","1.0666","1.0666","","",""
"2023-07-21","015780","202000039650","1.0708","1.0708","","",""
"2023-07-24","015780","202000039650","1.0663","1.0663","","",""
"2023-07-25","015780","202000039650","1.0789","1.0789","","",""
"2023-07-26","015780","202000039650","1.0739","1.0739","","",""
"2023-07-27","015780","202000039650","1.0718","1.0718","","",""
"2023-07-28","015780","202000039650","1.0865","1.0865","","",""
"2023-07-31","015780","202000039650","1.0917","1.0917","","",""
"2023-08-01","015780","202000039650","1.0860","1.0860","","",""
"2023-08-02","015780","202000039650","1.0841","1.0841","","",""
"2023-08-03","015780","202000039650","1.0772","1.0772","","",""
"2023-08-04","015780","202000039650","1.0773","1.0773","","",""
"2023-08-07","015780","202000039650","1.0681","1.0681","","",""
"2023-08-08","015780","202000039650","1.0616","1.0616","","",""
"2023-08-09","015780","202000039650","1.0570","1.0570","","",""
"2023-08-10","015780","202000039650","1.0630","1.0630","","",""
"2023-08-11","015780","202000039650","1.0505","1.0505","","",""
"2023-08-14","015780","202000039650","1.0518","1.0518","","",""
"2023-08-15","015780","202000039650","1.0470","1.0470","","",""
"2023-08-16","015780","202000039650","1.0359","1.0359","","",""
"2023-08-17","015780","202000039650","1.0450","1.0450","","",""
"2023-08-18","015780","202000039650","1.0317","1.0317","","",""
"2023-08-21","015780","202000039650","1.0144","1.0144","","",""
"2023-08-22","015780","202000039650","1.0184","1.0184","","",""
"2023-08-23","015780","202000039650","1.0087","1.0087","","",""
"2023-08-24","015780","202000039650","1.0144","1.0144","","",""
"2023-08-25","015780","202000039650","0.9930","0.9930","","",""
"2023-08-28","015780","202000039650","0.9951","0.9951","","",""
"2023-08-29","015780","202000039650","1.0165","1.0165","","",""
"2023-08-30","015780","202000039650","1.0287","1.0287","","",""
"2023-08-31","015780","202000039650","1.0308","1.0308","","",""
"2023-09-01","015780","202000039650","1.0333","1.0333","","",""
"2023-09-04","015780","202000039650","1.0482","1.0482","","",""
"2023-09-05","015780","202000039650","1.0432","1.0432","","",""
"2023-09-06","015780","202000039650","1.0449","1.0449","","",""
"2023-09-07","015780","202000039650","1.0363","1.0363","","",""
"2023-09-08","015780","202000039650","1.0382","1.0382","","",""
"2023-09-11","015780","202000039650","1.0406","1.0406","","",""
"2023-09-12","015780","202000039650","1.0395","1.0395","","",""
"2023-09-13","015780","202000039650","1.0314","1.0314","","",""
"2023-09-14","015780","202000039650","1.0337","1.0337","","",""
"2023-09-15","015780","202000039650","1.0344","1.0344","","",""
"2023-09-18","015780","202000039650","1.0344","1.0344","","",""
"2023-09-19","015780","202000039650","1.0347","1.0347","","",""
"2023-09-20","015780","202000039650","1.0320","1.0320","","",""
"2023-09-21","015780","202000039650","1.0283","1.0283","","",""
"2023-09-22","015780","202000039650","1.0422","1.0422","","",""
"2023-09-25","015780","202000039650","1.0324","1.0324","","",""
"2023-09-26","015780","202000039650","1.0254","1.0254","","",""
"2023-09-27","015780","202000039650","1.0232","1.0232","","",""
"2023-09-28","015780","202000039650","1.0191","1.0191","","",""
"2023-10-09","015780","202000039650","1.0111","1.0111","","",""
"2023-10-10","015780","202000039650","1.0046","1.0046","","",""
"2023-10-11","015780","202000039650","1.0131","1.0131","","",""
"2023-10-12","015780","202000039650","1.0216","1.0216","","",""
"2023-10-13","015780","202000039650","1.0131","1.0131","","",""
"2023-10-16","015780","202000039650","1.0112","1.0112","","",""
"2023-10-17","015780","202000039650","1.0101","1.0101","","",""
"2023-10-18","015780","202000039650","1.0046","1.0046","","",""
"2023-10-19","015780","202000039650","0.9958","0.9958","","",""
"2023-10-20","015780","202000039650","0.9865","0.9865","","",""
"2023-10-23","015780","202000039650","0.9789","0.9789","","",""
"2023-10-24","015780","202000039650","0.9784","0.9784","","",""
"2023-10-25","015780","202000039650","0.9854","0.9854","","",""
"2023-10-26","015780","202000039650","0.9833","0.9833","","",""
"2023-10-27","015780","202000039650","1.0072","1.0072","","",""
"2023-10-30","015780","202000039650","1.0088","1.0088","","",""
"2023-10-31","015780","202000039650","1.0003","1.0003","","",""
"2023-11-01","015780","202000039650","0.9965","0.9965","","",""
"2023-11-02","015780","202000039650","0.9946","0.9946","","",""
"2023-11-03","015780","202000039650","1.0068","1.0068","","",""
"2023-11-06","015780","202000039650","1.0106","1.0106","","",""
"2023-11-07","015780","202000039650","1.0064","1.0064","","",""
"2023-11-08","015780","202000039650","1.0042","1.0042","","",""
"2023-11-09","015780","202000039650","1.0061","1.0061","","",""
"2023-11-10","015780","202000039650","1.0051","1.0051","","",""
"2023-11-13","015780","202000039650","1.0076","1.0076","","",""
"2023-11-14","015780","202000039650","1.0094","1.0094","","",""
"2023-11-15","015780","202000039650","1.0189","1.0189","","",""
"2023-11-16","015780","202000039650","1.0130","1.0130","","",""
"2023-11-17","015780","202000039650","1.0094","1.0094","","",""
"2023-11-20","015780","202000039650","1.0139","1.0139","","",""
"2023-11-21","015780","202000039650","1.0094","1.0094","","",""
"2023-11-22","015780","202000039650","1.0002","1.0002","","",""
"2023-11-23","015780","202000039650","1.0068","1.0068","","",""
"2023-11-24","015780","202000039650","0.9993","0.9993","","",""
"2023-11-27","015780","202000039650","0.9994","0.9994","","",""
"2023-11-28","015780","202000039650","1.0041","1.0041","","",""
"2023-11-29","015780","202000039650","0.9934","0.9934","","",""
"2023-11-30","015780","202000039650","0.9960","0.9960","","",""
"2023-12-01","015780","202000039650","0.9875","0.9875","","",""
"2023-12-04","015780","202000039650","0.9851","0.9851","","",""
"2023-12-05","015780","202000039650","0.9750","0.9750","","",""
"2023-12-06","015780","202000039650","0.9741","0.9741","","",""
"2023-12-07","015780","202000039650","0.9663","0.9663","","",""
"2023-12-08","015780","202000039650","0.9663","0.9663","","",""
"2023-12-11","015780","202000039650","0.9708","0.9708","","",""
"2023-12-12","015780","202000039650","0.9739","0.9739","","",""
"2023-12-13","015780","202000039650","0.9652","0.9652","","",""
"2023-12-14","015780","202000039650","0.9682","0.9682","","",""
"2023-12-15","015780","202000039650","0.9711","0.9711","","",""
"2023-12-18","015780","202000039650","0.9633","0.9633","","",""
"2023-12-19","015780","202000039650","0.9633","0.9633","","",""
"2023-12-20","015780","202000039650","0.9608","0.9608","","",""
"2023-12-21","015780","202000039650","0.9661","0.9661","","",""
"2023-12-22","015780","202000039650","0.9591","0.9591","","",""
"2023-12-25","015780","202000039650","0.9627","0.9627","","",""
"2023-12-26","015780","202000039650","0.9591","0.9591","","",""
"2023-12-27","015780","202000039650","0.9690","0.9690","","",""
"2023-12-28","015780","202000039650","0.9824","0.9824","","",""
"2023-12-29","015780","202000039650","0.9896","0.9896","","",""
"2023-12-31","015780","202000039650","0.9895","0.9895","","",""
"2024-01-02","015780","202000039650","0.9847","0.9847","","",""
"2024-01-03","015780","202000039650","0.9815","0.9815","","",""
"2024-01-04","015780","202000039650","0.9796","0.9796","","",""
"2024-01-05","015780","202000039650","0.9755","0.9755","","",""
"2024-01-08","015780","202000039650","0.9586","0.9586","","",""
"2024-01-09","015780","202000039650","0.9632","0.9632","","",""
"2024-01-10","015780","202000039650","0.9599","0.9599","","",""
"2024-01-11","015780","202000039650","0.9670","0.9670","","",""
"2024-01-12","015780","202000039650","0.9653","0.9653","","",""
"2024-01-15","015780","202000039650","0.9659","0.9659","","",""
"2024-01-16","015780","202000039650","0.9647","0.9647","","",""
"2024-01-17","015780","202000039650","0.9433","0.9433","","",""
"2024-01-18","015780","202000039650","0.9428","0.9428","","",""
"2024-01-19","015780","202000039650","0.9356","0.9356","","",""
"2024-01-22","015780","202000039650","0.9037","0.9037","","",""
"2024-01-23","015780","202000039650","0.9106","0.9106","","",""
"2024-01-24","015780","202000039650","0.9238","0.9238","","",""
"2024-01-25","015780","202000039650","0.9437","0.9437","","",""
"2024-01-26","015780","202000039650","0.9361","0.9361","","",""
"2024-01-29","015780","202000039650","0.9314","0.9314","","",""
"2024-01-30","015780","202000039650","0.9130","0.9130","","",""
"2024-01-31","015780","202000039650","0.8920","0.8920","","",""
"2024-02-01","015780","202000039650","0.8934","0.8934","","",""
"2024-02-02","015780","202000039650","0.8824","0.8824","","",""
"2024-02-05","015780","202000039650","0.8708","0.8708","","",""
"2024-02-06","015780","202000039650","0.9080","0.9080","","",""
"2024-02-07","015780","202000039650","0.9136","0.9136","","",""
"2024-02-08","015780","202000039650","0.9314","0.9314","","",""
"2024-02-19","015780","202000039650","0.9409","0.9409","","",""
"2024-02-20","015780","202000039650","0.9423","0.9423","","",""
"2024-02-21","015780","202000039650","0.9495","0.9495","","",""
"2024-02-22","015780","202000039650","0.9592","0.9592","","",""
"2024-02-23","015780","202000039650","0.9587","0.9587","","",""
"2024-02-26","015780","202000039650","0.9636","0.9636","","",""
"2024-02-27","015780","202000039650","0.9756","0.9756","","",""
"2024-02-28","015780","202000039650","0.9498","0.9498","","",""
"2024-02-29","015780","202000039650","0.9631","0.9631","","",""
"2024-03-01","015780","202000039650","0.9662","0.9662","","",""
"2024-03-04","015780","202000039650","0.9666","0.9666","","",""
"2024-03-05","015780","202000039650","0.9535","0.9535","","",""
"2024-03-06","015780","202000039650","0.9598","0.9598","","",""
"2024-03-07","015780","202000039650","0.9514","0.9514","","",""
"2024-03-08","015780","202000039650","0.9613","0.9613","","",""
"2024-03-11","015780","202000039650","0.9702","0.9702","","",""
"2024-03-12","015780","202000039650","0.9841","0.9841","","",""
"2024-03-13","015780","202000039650","0.9813","0.9813","","",""
"2024-03-14","015780","202000039650","0.9769","0.9769","","",""
"2024-03-15","015780","202000039650","0.9735","0.9735","","",""
"2024-03-18","015780","202000039650","0.9822","0.9822","","",""
"2024-03-19","015780","202000039650","0.9755","0.9755","","",""
"2024-03-20","015780","202000039650","0.9767","0.9767","","",""
"2024-03-21","015780","202000039650","0.9805","0.9805","","",""
"2024-03-22","015780","202000039650","0.9656","0.9656","","",""
"2024-03-25","015780","202000039650","0.9621","0.9621","","",""
"2024-03-26","015780","202000039650","0.9630","0.9630","","",""
"2024-03-27","015780","202000039650","0.9485","0.9485","","",""
"2024-03-28","015780","202000039650","0.9578","0.9578","","",""
"2024-03-29","015780","202000039650","0.9640","0.9640","","",""
"2024-04-01","015780","202000039650","0.9727","0.9727","","",""
"2023-04-03","015781","202000039651","1.0636","1.0636","","",""
"2023-04-04","015781","202000039651","1.0557","1.0557","","",""
"2023-04-06","015781","202000039651","1.0563","1.0563","","",""
"2023-04-07","015781","202000039651","1.0682","1.0682","","",""
"2023-04-10","015781","202000039651","1.0620","1.0620","","",""
"2023-04-11","015781","202000039651","1.0615","1.0615","","",""
"2023-04-12","015781","202000039651","1.0604","1.0604","","",""
"2023-04-13","015781","202000039651","1.0557","1.0557","","",""
"2023-04-14","015781","202000039651","1.0573","1.0573","","",""
"2023-04-17","015781","202000039651","1.0700","1.0700","","",""
"2023-04-18","015781","202000039651","1.0750","1.0750","","",""
"2023-04-19","015781","202000039651","1.0624","1.0624","","",""
"2023-04-20","015781","202000039651","1.0572","1.0572","","",""
"2023-04-21","015781","202000039651","1.0423","1.0423","","",""
"2023-04-24","015781","202000039651","1.0355","1.0355","","",""
"2023-04-25","015781","202000039651","1.0303","1.0303","","",""
"2023-04-26","015781","202000039651","1.0275","1.0275","","",""
"2023-04-27","015781","202000039651","1.0295","1.0295","","",""
"2023-04-28","015781","202000039651","1.0355","1.0355","","",""
"2023-05-04","015781","202000039651","1.0257","1.0257","","",""
"2023-05-05","015781","202000039651","1.0260","1.0260","","",""
"2023-05-08","015781","202000039651","1.0340","1.0340","","",""
"2023-05-09","015781","202000039651","1.0262","1.0262","","",""
"2023-05-10","015781","202000039651","1.0240","1.0240","","",""
"2023-05-11","015781","202000039651","1.0250","1.0250","","",""
"2023-05-12","015781","202000039651","1.0182","1.0182","","",""
"2023-05-15","015781","202000039651","1.0245","1.0245","","",""
"2023-05-16","015781","202000039651","1.0232","1.0232","","",""
"2023-05-17","015781","202000039651","1.0168","1.0168","","",""
"2023-05-18","015781","202000039651","1.0272","1.0272","","",""
"2023-05-19","015781","202000039651","1.0288","1.0288","","",""
"2023-05-22","015781","202000039651","1.0370","1.0370","","",""
"2023-05-23","015781","202000039651","1.0283","1.0283","","",""
"2023-05-24","015781","202000039651","1.0156","1.0156","","",""
"2023-05-25","015781","202000039651","1.0132","1.0132","","",""
"2023-05-26","015781","202000039651","1.0149","1.0149","","",""
"2023-05-29","015781","202000039651","1.0083","1.0083","","",""
"2023-05-30","015781","202000039651","1.0105","1.0105","","",""
"2023-05-31","015781","202000039651","0.9940","0.9940","","",""
"2023-06-01","015781","202000039651","0.9959","0.9959","","",""
"2023-06-02","015781","202000039651","1.0120","1.0120","","",""
"2023-06-05","015781","202000039651","1.0103","1.0103","","",""
"2023-06-06","015781","202000039651","1.0006","1.0006","","",""
"2023-06-07","015781","202000039651","1.0004","1.0004","","",""
"2023-06-08","015781","202000039651","1.0082","1.0082","","",""
"2023-06-09","015781","202000039651","1.0087","1.0087","","",""
"2023-06-12","015781","202000039651","1.0151","1.0151","","",""
"2023-06-13","015781","202000039651","1.0140","1.0140","","",""
"2023-06-14","015781","202000039651","1.0145","1.0145","","",""
"2023-06-15","015781","202000039651","1.0276","1.0276","","",""
"2023-06-16","015781","202000039651","1.0336","1.0336","","",""
"2023-06-19","015781","202000039651","1.0313","1.0313","","",""
"2023-06-20","015781","202000039651","1.0342","1.0342","","",""
"2023-06-21","015781","202000039651","1.0200","1.0200","","",""
"2023-06-26","015781","202000039651","1.0083","1.0083","","",""
"2023-06-27","015781","202000039651","1.0257","1.0257","","",""
"2023-06-28","015781","202000039651","1.0231","1.0231","","",""
"2023-06-29","015781","202000039651","1.0289","1.0289","","",""
"2023-06-30","015781","202000039651","1.0427","1.0427","","",""
"2023-07-03","015781","202000039651","1.0501","1.0501","","",""
"2023-07-04","015781","202000039651","1.0568","1.0568","","",""
"2023-07-05","015781","202000039651","1.0523","1.0523","","",""
"2023-07-06","015781","202000039651","1.0467","1.0467","","",""
"2023-07-07","015781","202000039651","1.0418","1.0418","","",""
"2023-07-10","015781","202000039651","1.0427","1.0427","","",""
"2023-07-11","015781","202000039651","1.0550","1.0550","","",""
"2023-07-12","015781","202000039651","1.0501","1.0501","","",""
"2023-07-13","015781","202000039651","1.0610","1.0610","","",""
"2023-07-14","015781","202000039651","1.0667","1.0667","","",""
"2023-07-17","015781","202000039651","1.0659","1.0659","","",""
"2023-07-18","015781","202000039651","1.0629","1.0629","","",""
"2023-07-19","015781","202000039651","1.0674","1.0674","","",""
"2023-07-20","015781","202000039651","1.0597","1.0597","","",""
"2023-07-21","015781","202000039651","1.0639","1.0639","","",""
"2023-07-24","015781","202000039651","1.0594","1.0594","","",""
"2023-07-25","015781","202000039651","1.0718","1.0718","","",""
"2023-07-26","015781","202000039651","1.0668","1.0668","","",""
"2023-07-27","015781","202000039651","1.0648","1.0648","","",""
"2023-07-28","015781","202000039651","1.0793","1.0793","","",""
"2023-07-31","015781","202000039651","1.0844","1.0844","","",""
"2023-08-01","015781","202000039651","1.0788","1.0788","","",""
"2023-08-02","015781","202000039651","1.0768","1.0768","","",""
"2023-08-03","015781","202000039651","1.0700","1.0700","","",""
"2023-08-04","015781","202000039651","1.0700","1.0700","","",""
"2023-08-07","015781","202000039651","1.0608","1.0608","","",""
"2023-08-08","015781","202000039651","1.0544","1.0544","","",""
"2023-08-09","015781","202000039651","1.0498","1.0498","","",""
"2023-08-10","015781","202000039651","1.0558","1.0558","","",""
"2023-08-11","015781","202000039651","1.0433","1.0433","","",""
"2023-08-14","015781","202000039651","1.0446","1.0446","","",""
"2023-08-15","015781","202000039651","1.0398","1.0398","","",""
"2023-08-16","015781","202000039651","1.0287","1.0287","","",""
"2023-08-17","015781","202000039651","1.0378","1.0378","","",""
"2023-08-18","015781","202000039651","1.0246","1.0246","","",""
"2023-08-21","015781","202000039651","1.0073","1.0073","","",""
"2023-08-22","015781","202000039651","1.0112","1.0112","","",""
"2023-08-23","015781","202000039651","1.0016","1.0016","","",""
"2023-08-24","015781","202000039651","1.0073","1.0073","","",""
"2023-08-25","015781","202000039651","0.9860","0.9860","","",""
"2023-08-28","015781","202000039651","0.9880","0.9880","","",""
"2023-08-29","015781","202000039651","1.0093","1.0093","","",""
"2023-08-30","015781","202000039651","1.0213","1.0213","","",""
"2023-08-31","015781","202000039651","1.0234","1.0234","","",""
"2023-09-01","015781","202000039651","1.0259","1.0259","","",""
"2023-09-04","015781","202000039651","1.0406","1.0406","","",""
"2023-09-05","015781","202000039651","1.0357","1.0357","","",""
"2023-09-06","015781","202000039651","1.0373","1.0373","","",""
"2023-09-07","015781","202000039651","1.0288","1.0288","","",""
"2023-09-08","015781","202000039651","1.0306","1.0306","","",""
"2023-09-11","015781","202000039651","1.0330","1.0330","","",""
"2023-09-12","015781","202000039651","1.0318","1.0318","","",""
"2023-09-13","015781","202000039651","1.0238","1.0238","","",""
"2023-09-14","015781","202000039651","1.0261","1.0261","","",""
"2023-09-15","015781","202000039651","1.0267","1.0267","","",""
"2023-09-18","015781","202000039651","1.0267","1.0267","","",""
"2023-09-19","015781","202000039651","1.0270","1.0270","","",""
"2023-09-20","015781","202000039651","1.0242","1.0242","","",""
"2023-09-21","015781","202000039651","1.0206","1.0206","","",""
"2023-09-22","015781","202000039651","1.0343","1.0343","","",""
"2023-09-25","015781","202000039651","1.0246","1.0246","","",""
"2023-09-26","015781","202000039651","1.0176","1.0176","","",""
"2023-09-27","015781","202000039651","1.0154","1.0154","","",""
"2023-09-28","015781","202000039651","1.0113","1.0113","","",""
"2023-10-09","015781","202000039651","1.0033","1.0033","","",""
"2023-10-10","015781","202000039651","0.9968","0.9968","","",""
"2023-10-11","015781","202000039651","1.0053","1.0053","","",""
"2023-10-12","015781","202000039651","1.0137","1.0137","","",""
"2023-10-13","015781","202000039651","1.0052","1.0052","","",""
"2023-10-16","015781","202000039651","1.0032","1.0032","","",""
"2023-10-17","015781","202000039651","1.0022","1.0022","","",""
"2023-10-18","015781","202000039651","0.9967","0.9967","","",""
"2023-10-19","015781","202000039651","0.9880","0.9880","","",""
"2023-10-20","015781","202000039651","0.9787","0.9787","","",""
"2023-10-23","015781","202000039651","0.9711","0.9711","","",""
"2023-10-24","015781","202000039651","0.9706","0.9706","","",""
"2023-10-25","015781","202000039651","0.9776","0.9776","","",""
"2023-10-26","015781","202000039651","0.9754","0.9754","","",""
"2023-10-27","015781","202000039651","0.9991","0.9991","","",""
"2023-10-30","015781","202000039651","1.0007","1.0007","","",""
"2023-10-31","015781","202000039651","0.9922","0.9922","","",""
"2023-11-01","015781","202000039651","0.9884","0.9884","","",""
"2023-11-02","015781","202000039651","0.9865","0.9865","","",""
"2023-11-03","015781","202000039651","0.9986","0.9986","","",""
"2023-11-06","015781","202000039651","1.0023","1.0023","","",""
"2023-11-07","015781","202000039651","0.9982","0.9982","","",""
"2023-11-08","015781","202000039651","0.9960","0.9960","","",""
"2023-11-09","015781","202000039651","0.9978","0.9978","","",""
"2023-11-10","015781","202000039651","0.9968","0.9968","","",""
"2023-11-13","015781","202000039651","0.9992","0.9992","","",""
"2023-11-14","015781","202000039651","1.0010","1.0010","","",""
"2023-11-15","015781","202000039651","1.0104","1.0104","","",""
"2023-11-16","015781","202000039651","1.0046","1.0046","","",""
"2023-11-17","015781","202000039651","1.0010","1.0010","","",""
"2023-11-20","015781","202000039651","1.0054","1.0054","","",""
"2023-11-21","015781","202000039651","1.0008","1.0008","","",""
"2023-11-22","015781","202000039651","0.9917","0.9917","","",""
"2023-11-23","015781","202000039651","0.9983","0.9983","","",""
"2023-11-24","015781","202000039651","0.9908","0.9908","","",""
"2023-11-27","015781","202000039651","0.9909","0.9909","","",""
"2023-11-28","015781","202000039651","0.9955","0.9955","","",""
"2023-11-29","015781","202000039651","0.9849","0.9849","","",""
"2023-11-30","015781","202000039651","0.9874","0.9874","","",""
"2023-12-01","015781","202000039651","0.9790","0.9790","","",""
"2023-12-04","015781","202000039651","0.9766","0.9766","","",""
"2023-12-05","015781","202000039651","0.9666","0.9666","","",""
"2023-12-06","015781","202000039651","0.9657","0.9657","","",""
"2023-12-07","015781","202000039651","0.9579","0.9579","","",""
"2023-12-08","015781","202000039651","0.9579","0.9579","","",""
"2023-12-11","015781","202000039651","0.9623","0.9623","","",""
"2023-12-12","015781","202000039651","0.9653","0.9653","","",""
"2023-12-13","015781","202000039651","0.9567","0.9567","","",""
"2023-12-14","015781","202000039651","0.9597","0.9597","","",""
"2023-12-15","015781","202000039651","0.9625","0.9625","","",""
"2023-12-18","015781","202000039651","0.9548","0.9548","","",""
"2023-12-19","015781","202000039651","0.9547","0.9547","","",""
"2023-12-20","015781","202000039651","0.9522","0.9522","","",""
"2023-12-21","015781","202000039651","0.9575","0.9575","","",""
"2023-12-22","015781","202000039651","0.9505","0.9505","","",""
"2023-12-25","015781","202000039651","0.9541","0.9541","","",""
"2023-12-26","015781","202000039651","0.9504","0.9504","","",""
"2023-12-27","015781","202000039651","0.9602","0.9602","","",""
"2023-12-28","015781","202000039651","0.9735","0.9735","","",""
"2023-12-29","015781","202000039651","0.9806","0.9806","","",""
"2023-12-31","015781","202000039651","0.9806","0.9806","","",""
"2024-01-02","015781","202000039651","0.9757","0.9757","","",""
"2024-01-03","015781","202000039651","0.9725","0.9725","","",""
"2024-01-04","015781","202000039651","0.9707","0.9707","","",""
"2024-01-05","015781","202000039651","0.9666","0.9666","","",""
"2024-01-08","015781","202000039651","0.9497","0.9497","","",""
"2024-01-09","015781","202000039651","0.9543","0.9543","","",""
"2024-01-10","015781","202000039651","0.9510","0.9510","","",""
"2024-01-11","015781","202000039651","0.9580","0.9580","","",""
"2024-01-12","015781","202000039651","0.9563","0.9563","","",""
"2024-01-15","015781","202000039651","0.9569","0.9569","","",""
"2024-01-16","015781","202000039651","0.9557","0.9557","","",""
"2024-01-17","015781","202000039651","0.9345","0.9345","","",""
"2024-01-18","015781","202000039651","0.9340","0.9340","","",""
"2024-01-19","015781","202000039651","0.9268","0.9268","","",""
"2024-01-22","015781","202000039651","0.8951","0.8951","","",""
"2024-01-23","015781","202000039651","0.9020","0.9020","","",""
"2024-01-24","015781","202000039651","0.9151","0.9151","","",""
"2024-01-25","015781","202000039651","0.9348","0.9348","","",""
"2024-01-26","015781","202000039651","0.9272","0.9272","","",""
"2024-01-29","015781","202000039651","0.9225","0.9225","","",""
"2024-01-30","015781","202000039651","0.9042","0.9042","","",""
"2024-01-31","015781","202000039651","0.8834","0.8834","","",""
"2024-02-01","015781","202000039651","0.8848","0.8848","","",""
"2024-02-02","015781","202000039651","0.8739","0.8739","","",""
"2024-02-05","015781","202000039651","0.8623","0.8623","","",""
"2024-02-06","015781","202000039651","0.8992","0.8992","","",""
"2024-02-07","015781","202000039651","0.9047","0.9047","","",""
"2024-02-08","015781","202000039651","0.9223","0.9223","","",""
"2024-02-19","015781","202000039651","0.9316","0.9316","","",""
"2024-02-20","015781","202000039651","0.9329","0.9329","","",""
"2024-02-21","015781","202000039651","0.9401","0.9401","","",""
"2024-02-22","015781","202000039651","0.9496","0.9496","","",""
"2024-02-23","015781","202000039651","0.9491","0.9491","","",""
"2024-02-26","015781","202000039651","0.9540","0.9540","","",""
"2024-02-27","015781","202000039651","0.9659","0.9659","","",""
"2024-02-28","015781","202000039651","0.9403","0.9403","","",""
"2024-02-29","015781","202000039651","0.9534","0.9534","","",""
"2024-03-01","015781","202000039651","0.9564","0.9564","","",""
"2024-03-04","015781","202000039651","0.9568","0.9568","","",""
"2024-03-05","015781","202000039651","0.9438","0.9438","","",""
"2024-03-06","015781","202000039651","0.9501","0.9501","","",""
"2024-03-07","015781","202000039651","0.9418","0.9418","","",""
"2024-03-08","015781","202000039651","0.9515","0.9515","","",""
"2024-03-11","015781","202000039651","0.9603","0.9603","","",""
"2024-03-12","015781","202000039651","0.9740","0.9740","","",""
"2024-03-13","015781","202000039651","0.9712","0.9712","","",""
"2024-03-14","015781","202000039651","0.9668","0.9668","","",""
"2024-03-15","015781","202000039651","0.9634","0.9634","","",""
"2024-03-18","015781","202000039651","0.9720","0.9720","","",""
"2024-03-19","015781","202000039651","0.9654","0.9654","","",""
"2024-03-20","015781","202000039651","0.9665","0.9665","","",""
"2024-03-21","015781","202000039651","0.9703","0.9703","","",""
"2024-03-22","015781","202000039651","0.9556","0.9556","","",""
"2024-03-25","015781","202000039651","0.9520","0.9520","","",""
"2024-03-26","015781","202000039651","0.9529","0.9529","","",""
"2024-03-27","015781","202000039651","0.9386","0.9386","","",""
"2024-03-28","015781","202000039651","0.9477","0.9477","","",""
"2024-03-29","015781","202000039651","0.9538","0.9538","","",""
"2024-04-01","015781","202000039651","0.9624","0.9624","","",""
"2023-04-03","016512","202000042693","1.0090","1.0090","","",""
"2023-04-04","016512","202000042693","1.0091","1.0091","","",""
"2023-04-06","016512","202000042693","1.0092","1.0092","","",""
"2023-04-07","016512","202000042693","1.0093","1.0093","","",""
"2023-04-10","016512","202000042693","1.0095","1.0095","","",""
"2023-04-11","016512","202000042693","1.0098","1.0098","","",""
"2023-04-12","016512","202000042693","1.0102","1.0102","","",""
"2023-04-13","016512","202000042693","1.0103","1.0103","","",""
"2023-04-14","016512","202000042693","1.0105","1.0105","","",""
"2023-04-17","016512","202000042693","1.0107","1.0107","","",""
"2023-04-18","016512","202000042693","1.0110","1.0110","","",""
"2023-04-19","016512","202000042693","1.0113","1.0113","","",""
"2023-04-20","016512","202000042693","1.0114","1.0114","","",""
"2023-04-21","016512","202000042693","1.0115","1.0115","","",""
"2023-04-24","016512","202000042693","1.0119","1.0119","","",""
"2023-04-25","016512","202000042693","1.0122","1.0122","","",""
"2023-04-26","016512","202000042693","1.0123","1.0123","","",""
"2023-04-27","016512","202000042693","1.0129","1.0129","","",""
"2023-04-28","016512","202000042693","1.0131","1.0131","","",""
"2023-05-04","016512","202000042693","1.0139","1.0139","","",""
"2023-05-05","016512","202000042693","1.0143","1.0143","","",""
"2023-05-08","016512","202000042693","1.0145","1.0145","","",""
"2023-05-09","016512","202000042693","1.0147","1.0147","","",""
"2023-05-10","016512","202000042693","1.0151","1.0151","","",""
"2023-05-11","016512","202000042693","1.0155","1.0155","","",""
"2023-05-12","016512","202000042693","1.0155","1.0155","","",""
"2023-05-15","016512","202000042693","1.0157","1.0157","","",""
"2023-05-16","016512","202000042693","1.0157","1.0157","","",""
"2023-05-17","016512","202000042693","1.0158","1.0158","","",""
"2023-05-18","016512","202000042693","1.0157","1.0157","","",""
"2023-05-19","016512","202000042693","1.0158","1.0158","","",""
"2023-05-22","016512","202000042693","1.0162","1.0162","","",""
"2023-05-23","016512","202000042693","1.0167","1.0167","","",""
"2023-05-24","016512","202000042693","1.0169","1.0169","","",""
"2023-05-25","016512","202000042693","1.0169","1.0169","","",""
"2023-05-26","016512","202000042693","1.0169","1.0169","","",""
"2023-05-29","016512","202000042693","1.0172","1.0172","","",""
"2023-05-30","016512","202000042693","1.0173","1.0173","","",""
"2023-05-31","016512","202000042693","1.0175","1.0175","","",""
"2023-06-01","016512","202000042693","1.0179","1.0179","","",""
"2023-06-02","016512","202000042693","1.0180","1.0180","","",""
"2023-06-05","016512","202000042693","1.0182","1.0182","","",""
"2023-06-06","016512","202000042693","1.0185","1.0185","","",""
"2023-06-07","016512","202000042693","1.0189","1.0189","","",""
"2023-06-08","016512","202000042693","1.0191","1.0191","","",""
"2023-06-09","016512","202000042693","1.0194","1.0194","","",""
"2023-06-12","016512","202000042693","1.0198","1.0198","","",""
"2023-06-13","016512","202000042693","1.0203","1.0203","","",""
"2023-06-14","016512","202000042693","1.0206","1.0206","","",""
"2023-06-15","016512","202000042693","1.0203","1.0203","","",""
"2023-06-16","016512","202000042693","1.0197","1.0197","","",""
"2023-06-19","016512","202000042693","1.0192","1.0192","","",""
"2023-06-20","016512","202000042693","1.0191","1.0191","","",""
"2023-06-21","016512","202000042693","1.0193","1.0193","","",""
"2023-06-26","016512","202000042693","1.0197","1.0197","","",""
"2023-06-27","016512","202000042693","1.0196","1.0196","","",""
"2023-06-28","016512","202000042693","1.0197","1.0197","","",""
"2023-06-29","016512","202000042693","1.0199","1.0199","","",""
"2023-06-30","016512","202000042693","1.0204","1.0204","","",""
"2023-07-03","016512","202000042693","1.0207","1.0207","","",""
"2023-07-04","016512","202000042693","1.0210","1.0210","","",""
"2023-07-05","016512","202000042693","1.0213","1.0213","","",""
"2023-07-06","016512","202000042693","1.0216","1.0216","","",""
"2023-07-07","016512","202000042693","1.0219","1.0219","","",""
"2023-07-10","016512","202000042693","1.0222","1.0222","","",""
"2023-07-11","016512","202000042693","1.0224","1.0224","","",""
"2023-07-12","016512","202000042693","1.0224","1.0224","","",""
"2023-07-13","016512","202000042693","1.0224","1.0224","","",""
"2023-07-14","016512","202000042693","1.0223","1.0223","","",""
"2023-07-17","016512","202000042693","1.0227","1.0227","","",""
"2023-07-18","016512","202000042693","1.0231","1.0231","","",""
"2023-07-19","016512","202000042693","1.0234","1.0234","","",""
"2023-07-20","016512","202000042693","1.0235","1.0235","","",""
"2023-07-21","016512","202000042693","1.0237","1.0237","","",""
"2023-07-24","016512","202000042693","1.0239","1.0239","","",""
"2023-07-25","016512","202000042693","1.0232","1.0232","","",""
"2023-07-26","016512","202000042693","1.0230","1.0230","","",""
"2023-07-27","016512","202000042693","1.0232","1.0232","","",""
"2023-07-28","016512","202000042693","1.0232","1.0232","","",""
"2023-07-31","016512","202000042693","1.0231","1.0231","","",""
"2023-08-01","016512","202000042693","1.0232","1.0232","","",""
"2023-08-02","016512","202000042693","1.0233","1.0233","","",""
"2023-08-03","016512","202000042693","1.0236","1.0236","","",""
"2023-08-04","016512","202000042693","1.0239","1.0239","","",""
"2023-08-07","016512","202000042693","1.0242","1.0242","","",""
"2023-08-08","016512","202000042693","1.0245","1.0245","","",""
"2023-08-09","016512","202000042693","1.0247","1.0247","","",""
"2023-08-10","016512","202000042693","1.0248","1.0248","","",""
"2023-08-11","016512","202000042693","1.0250","1.0250","","",""
"2023-08-14","016512","202000042693","1.0253","1.0253","","",""
"2023-08-15","016512","202000042693","1.0257","1.0257","","",""
"2023-08-16","016512","202000042693","1.0259","1.0259","","",""
"2023-08-17","016512","202000042693","1.0260","1.0260","","",""
"2023-08-18","016512","202000042693","1.0261","1.0261","","",""
"2023-08-21","016512","202000042693","1.0263","1.0263","","",""
"2023-08-22","016512","202000042693","1.0264","1.0264","","",""
"2023-08-23","016512","202000042693","1.0264","1.0264","","",""
"2023-08-24","016512","202000042693","1.0264","1.0264","","",""
"2023-08-25","016512","202000042693","1.0264","1.0264","","",""
"2023-08-28","016512","202000042693","1.0261","1.0261","","",""
"2023-08-29","016512","202000042693","1.0259","1.0259","","",""
"2023-08-30","016512","202000042693","1.0259","1.0259","","",""
"2023-08-31","016512","202000042693","1.0260","1.0260","","",""
"2023-09-01","016512","202000042693","1.0259","1.0259","","",""
"2023-09-04","016512","202000042693","1.0255","1.0255","","",""
"2023-09-05","016512","202000042693","1.0255","1.0255","","",""
"2023-09-06","016512","202000042693","1.0251","1.0251","","",""
"2023-09-07","016512","202000042693","1.0244","1.0244","","",""
"2023-09-08","016512","202000042693","1.0238","1.0238","","",""
"2023-09-11","016512","202000042693","1.0234","1.0234","","",""
"2023-09-12","016512","202000042693","1.0238","1.0238","","",""
"2023-09-13","016512","202000042693","1.0244","1.0244","","",""
"2023-09-14","016512","202000042693","1.0249","1.0249","","",""
"2023-09-15","016512","202000042693","1.0250","1.0250","","",""
"2023-09-18","016512","202000042693","1.0247","1.0247","","",""
"2023-09-19","016512","202000042693","1.0247","1.0247","","",""
"2023-09-20","016512","202000042693","1.0249","1.0249","","",""
"2023-09-21","016512","202000042693","1.0252","1.0252","","",""
"2023-09-22","016512","202000042693","1.0255","1.0255","","",""
"2023-09-25","016512","202000042693","1.0255","1.0255","","",""
"2023-09-26","016512","202000042693","1.0253","1.0253","","",""
"2023-09-27","016512","202000042693","1.0253","1.0253","","",""
"2023-09-28","016512","202000042693","1.0259","1.0259","","",""
"2023-10-09","016512","202000042693","1.0269","1.0269","","",""
"2023-10-10","016512","202000042693","1.0266","1.0266","","",""
"2023-10-11","016512","202000042693","1.0262","1.0262","","",""
"2023-10-12","016512","202000042693","1.0260","1.0260","","",""
"2023-10-13","016512","202000042693","1.0262","1.0262","","",""
"2023-10-16","016512","202000042693","1.0264","1.0264","","",""
"2023-10-17","016512","202000042693","1.0262","1.0262","","",""
"2023-10-18","016512","202000042693","1.0260","1.0260","","",""
"2023-10-19","016512","202000042693","1.0254","1.0254","","",""
"2023-10-20","016512","202000042693","1.0253","1.0253","","",""
"2023-10-23","016512","202000042693","1.0257","1.0257","","",""
"2023-10-24","016512","202000042693","1.0253","1.0253","","",""
"2023-10-25","016512","202000042693","1.0255","1.0255","","",""
"2023-10-26","016512","202000042693","1.0258","1.0258","","",""
"2023-10-27","016512","202000042693","1.0259","1.0259","","",""
"2023-10-30","016512","202000042693","1.0263","1.0263","","",""
"2023-10-31","016512","202000042693","1.0265","1.0265","","",""
"2023-11-01","016512","202000042693","1.0265","1.0265","","",""
"2023-11-02","016512","202000042693","1.0269","1.0269","","",""
"2023-11-03","016512","202000042693","1.0271","1.0271","","",""
"2023-11-06","016512","202000042693","1.0274","1.0274","","",""
"2023-11-07","016512","202000042693","1.0273","1.0273","","",""
"2023-11-08","016512","202000042693","1.0273","1.0273","","",""
"2023-11-09","016512","202000042693","1.0272","1.0272","","",""
"2023-11-10","016512","202000042693","1.0271","1.0271","","",""
"2023-11-13","016512","202000042693","1.0274","1.0274","","",""
"2023-11-14","016512","202000042693","1.0274","1.0274","","",""
"2023-11-15","016512","202000042693","1.0277","1.0277","","",""
"2023-11-16","016512","202000042693","1.0279","1.0279","","",""
"2023-11-17","016512","202000042693","1.0281","1.0281","","",""
"2023-11-20","016512","202000042693","1.0283","1.0283","","",""
"2023-11-21","016512","202000042693","1.0283","1.0283","","",""
"2023-11-22","016512","202000042693","1.0280","1.0280","","",""
"2023-11-23","016512","202000042693","1.0276","1.0276","","",""
"2023-11-24","016512","202000042693","1.0276","1.0276","","",""
"2023-11-27","016512","202000042693","1.0274","1.0274","","",""
"2023-11-28","016512","202000042693","1.0274","1.0274","","",""
"2023-11-29","016512","202000042693","1.0274","1.0274","","",""
"2023-11-30","016512","202000042693","1.0276","1.0276","","",""
"2023-12-01","016512","202000042693","1.0277","1.0277","","",""
"2023-12-04","016512","202000042693","1.0277","1.0277","","",""
"2023-12-05","016512","202000042693","1.0276","1.0276","","",""
"2023-12-06","016512","202000042693","1.0274","1.0274","","",""
"2023-12-07","016512","202000042693","1.0274","1.0274","","",""
"2023-12-08","016512","202000042693","1.0276","1.0276","","",""
"2023-12-11","016512","202000042693","1.0279","1.0279","","",""
"2023-12-12","016512","202000042693","1.0280","1.0280","","",""
"2023-12-13","016512","202000042693","1.0284","1.0284","","",""
"2023-12-14","016512","202000042693","1.0288","1.0288","","",""
"2023-12-15","016512","202000042693","1.0293","1.0293","","",""
"2023-12-18","016512","202000042693","1.0298","1.0298","","",""
"2023-12-19","016512","202000042693","1.0300","1.0300","","",""
"2023-12-20","016512","202000042693","1.0301","1.0301","","",""
"2023-12-21","016512","202000042693","1.0302","1.0302","","",""
"2023-12-22","016512","202000042693","1.0306","1.0306","","",""
"2023-12-25","016512","202000042693","1.0309","1.0309","","",""
"2023-12-26","016512","202000042693","1.0315","1.0315","","",""
"2023-12-27","016512","202000042693","1.0322","1.0322","","",""
"2023-12-28","016512","202000042693","1.0328","1.0328","","",""
"2023-12-29","016512","202000042693","1.0333","1.0333","","",""
"2023-12-31","016512","202000042693","1.0334","1.0334","","",""
"2024-01-02","016512","202000042693","1.0335","1.0335","","",""
"2024-01-03","016512","202000042693","1.0332","1.0332","","",""
"2024-01-04","016512","202000042693","1.0334","1.0334","","",""
"2024-01-05","016512","202000042693","1.0339","1.0339","","",""
"2024-01-08","016512","202000042693","1.0343","1.0343","","",""
"2024-01-09","016512","202000042693","1.0348","1.0348","","",""
"2024-01-10","016512","202000042693","1.0347","1.0347","","",""
"2024-01-11","016512","202000042693","1.0347","1.0347","","",""
"2024-01-12","016512","202000042693","1.0346","1.0346","","",""
"2024-01-15","016512","202000042693","1.0350","1.0350","","",""
"2024-01-16","016512","202000042693","1.0349","1.0349","","",""
"2024-01-17","016512","202000042693","1.0351","1.0351","","",""
"2024-01-18","016512","202000042693","1.0353","1.0353","","",""
"2024-01-19","016512","202000042693","1.0358","1.0358","","",""
"2024-01-22","016512","202000042693","1.0363","1.0363","","",""
"2024-01-23","016512","202000042693","1.0364","1.0364","","",""
"2024-01-24","016512","202000042693","1.0365","1.0365","","",""
"2024-01-25","016512","202000042693","1.0368","1.0368","","",""
"2024-01-26","016512","202000042693","1.0370","1.0370","","",""
"2024-01-29","016512","202000042693","1.0373","1.0373","","",""
"2024-01-30","016512","202000042693","1.0381","1.0381","","",""
"2024-01-31","016512","202000042693","1.0387","1.0387","","",""
"2024-02-01","016512","202000042693","1.0389","1.0389","","",""
"2024-02-02","016512","202000042693","1.0388","1.0388","","",""
"2024-02-05","016512","202000042693","1.0396","1.0396","","",""
"2024-02-06","016512","202000042693","1.0393","1.0393","","",""
"2024-02-07","016512","202000042693","1.0395","1.0395","","",""
"2024-02-08","016512","202000042693","1.0397","1.0397","","",""
"2024-02-19","016512","202000042693","1.0405","1.0405","","",""
"2024-02-20","016512","202000042693","1.0409","1.0409","","",""
"2024-02-21","016512","202000042693","1.0412","1.0412","","",""
"2024-02-22","016512","202000042693","1.0417","1.0417","","",""
"2024-02-23","016512","202000042693","1.0423","1.0423","","",""
"2024-02-26","016512","202000042693","1.0426","1.0426","","",""
"2024-02-27","016512","202000042693","1.0430","1.0430","","",""
"2024-02-28","016512","202000042693","1.0431","1.0431","","",""
"2024-02-29","016512","202000042693","1.0435","1.0435","","",""
"2024-03-01","016512","202000042693","1.0431","1.0431","","",""
"2024-03-04","016512","202000042693","1.0433","1.0433","","",""
"2024-03-05","016512","202000042693","1.0433","1.0433","","",""
"2024-03-06","016512","202000042693","1.0436","1.0436","","",""
"2024-03-07","016512","202000042693","1.0437","1.0437","","",""
"2024-03-08","016512","202000042693","1.0438","1.0438","","",""
"2024-03-11","016512","202000042693","1.0437","1.0437","","",""
"2024-03-12","016512","202000042693","1.0430","1.0430","","",""
"2024-03-13","016512","202000042693","1.0427","1.0427","","",""
"2024-03-14","016512","202000042693","1.0423","1.0423","","",""
"2024-03-15","016512","202000042693","1.0425","1.0425","","",""
"2024-03-18","016512","202000042693","1.0429","1.0429","","",""
"2024-03-19","016512","202000042693","1.0432","1.0432","","",""
"2024-03-20","016512","202000042693","1.0434","1.0434","","",""
"2024-03-21","016512","202000042693","1.0436","1.0436","","",""
"2024-03-22","016512","202000042693","1.0436","1.0436","","",""
"2024-03-25","016512","202000042693","1.0436","1.0436","","",""
"2024-03-26","016512","202000042693","1.0435","1.0435","","",""
"2024-03-27","016512","202000042693","1.0438","1.0438","","",""
"2024-03-28","016512","202000042693","1.0440","1.0440","","",""
"2024-03-29","016512","202000042693","1.0443","1.0443","","",""
"2024-04-01","016512","202000042693","1.0444","1.0444","","",""
"2023-04-03","016680","202000041904","1.0098","1.0098","","",""
"2023-04-04","016680","202000041904","1.0079","1.0079","","",""
"2023-04-06","016680","202000041904","1.0085","1.0085","","",""
"2023-04-07","016680","202000041904","1.0160","1.0160","","",""
"2023-04-10","016680","202000041904","1.0120","1.0120","","",""
"2023-04-11","016680","202000041904","1.0111","1.0111","","",""
"2023-04-12","016680","202000041904","1.0143","1.0143","","",""
"2023-04-13","016680","202000041904","1.0097","1.0097","","",""
"2023-04-14","016680","202000041904","1.0129","1.0129","","",""
"2023-04-17","016680","202000041904","1.0163","1.0163","","",""
"2023-04-18","016680","202000041904","1.0175","1.0175","","",""
"2023-04-19","016680","202000041904","1.0134","1.0134","","",""
"2023-04-20","016680","202000041904","1.0107","1.0107","","",""
"2023-04-21","016680","202000041904","0.9890","0.9890","","",""
"2023-04-24","016680","202000041904","0.9828","0.9828","","",""
"2023-04-25","016680","202000041904","0.9704","0.9704","","",""
"2023-04-26","016680","202000041904","0.9745","0.9745","","",""
"2023-04-27","016680","202000041904","0.9802","0.9802","","",""
"2023-04-28","016680","202000041904","0.9871","0.9871","","",""
"2023-05-04","016680","202000041904","0.9895","0.9895","","",""
"2023-05-05","016680","202000041904","0.9817","0.9817","","",""
"2023-05-08","016680","202000041904","0.9871","0.9871","","",""
"2023-05-09","016680","202000041904","0.9748","0.9748","","",""
"2023-05-10","016680","202000041904","0.9719","0.9719","","",""
"2023-05-11","016680","202000041904","0.9685","0.9685","","",""
"2023-05-12","016680","202000041904","0.9601","0.9601","","",""
"2023-05-15","016680","202000041904","0.9679","0.9679","","",""
"2023-05-16","016680","202000041904","0.9634","0.9634","","",""
"2023-05-17","016680","202000041904","0.9635","0.9635","","",""
"2023-05-18","016680","202000041904","0.9644","0.9644","","",""
"2023-05-19","016680","202000041904","0.9652","0.9652","","",""
"2023-05-22","016680","202000041904","0.9671","0.9671","","",""
"2023-05-23","016680","202000041904","0.9578","0.9578","","",""
"2023-05-24","016680","202000041904","0.9521","0.9521","","",""
"2023-05-25","016680","202000041904","0.9507","0.9507","","",""
"2023-05-26","016680","202000041904","0.9572","0.9572","","",""
"2023-05-29","016680","202000041904","0.9563","0.9563","","",""
"2023-05-30","016680","202000041904","0.9605","0.9605","","",""
"2023-05-31","016680","202000041904","0.9590","0.9590","","",""
"2023-06-01","016680","202000041904","0.9578","0.9578","","",""
"2023-06-02","016680","202000041904","0.9645","0.9645","","",""
"2023-06-05","016680","202000041904","0.9642","0.9642","","",""
"2023-06-06","016680","202000041904","0.9489","0.9489","","",""
"2023-06-07","016680","202000041904","0.9508","0.9508","","",""
"2023-06-08","016680","202000041904","0.9490","0.9490","","",""
"2023-06-09","016680","202000041904","0.9519","0.9519","","",""
"2023-06-12","016680","202000041904","0.9580","0.9580","","",""
"2023-06-13","016680","202000041904","0.9594","0.9594","","",""
"2023-06-14","016680","202000041904","0.9620","0.9620","","",""
"2023-06-15","016680","202000041904","0.9707","0.9707","","",""
"2023-06-16","016680","202000041904","0.9761","0.9761","","",""
"2023-06-19","016680","202000041904","0.9729","0.9729","","",""
"2023-06-20","016680","202000041904","0.9697","0.9697","","",""
"2023-06-21","016680","202000041904","0.9561","0.9561","","",""
"2023-06-26","016680","202000041904","0.9414","0.9414","","",""
"2023-06-27","016680","202000041904","0.9539","0.9539","","",""
"2023-06-28","016680","202000041904","0.9547","0.9547","","",""
"2023-06-29","016680","202000041904","0.9598","0.9598","","",""
"2023-06-30","016680","202000041904","0.9675","0.9675","","",""
"2023-07-03","016680","202000041904","0.9696","0.9696","","",""
"2023-07-04","016680","202000041904","0.9684","0.9684","","",""
"2023-07-05","016680","202000041904","0.9622","0.9622","","",""
"2023-07-06","016680","202000041904","0.9569","0.9569","","",""
"2023-07-07","016680","202000041904","0.9557","0.9557","","",""
"2023-07-10","016680","202000041904","0.9579","0.9579","","",""
"2023-07-11","016680","202000041904","0.9647","0.9647","","",""
"2023-07-12","016680","202000041904","0.9552","0.9552","","",""
"2023-07-13","016680","202000041904","0.9667","0.9667","","",""
"2023-07-14","016680","202000041904","0.9637","0.9637","","",""
"2023-07-17","016680","202000041904","0.9613","0.9613","","",""
"2023-07-18","016680","202000041904","0.9599","0.9599","","",""
"2023-07-19","016680","202000041904","0.9601","0.9601","","",""
"2023-07-20","016680","202000041904","0.9499","0.9499","","",""
"2023-07-21","016680","202000041904","0.9494","0.9494","","",""
"2023-07-24","016680","202000041904","0.9491","0.9491","","",""
"2023-07-25","016680","202000041904","0.9637","0.9637","","",""
"2023-07-26","016680","202000041904","0.9608","0.9608","","",""
"2023-07-27","016680","202000041904","0.9545","0.9545","","",""
"2023-07-28","016680","202000041904","0.9660","0.9660","","",""
"2023-07-31","016680","202000041904","0.9712","0.9712","","",""
"2023-08-01","016680","202000041904","0.9715","0.9715","","",""
"2023-08-02","016680","202000041904","0.9684","0.9684","","",""
"2023-08-03","016680","202000041904","0.9705","0.9705","","",""
"2023-08-04","016680","202000041904","0.9747","0.9747","","",""
"2023-08-07","016680","202000041904","0.9666","0.9666","","",""
"2023-08-08","016680","202000041904","0.9650","0.9650","","",""
"2023-08-09","016680","202000041904","0.9581","0.9581","","",""
"2023-08-10","016680","202000041904","0.9592","0.9592","","",""
"2023-08-11","016680","202000041904","0.9435","0.9435","","",""
"2023-08-14","016680","202000041904","0.9454","0.9454","","",""
"2023-08-15","016680","202000041904","0.9416","0.9416","","",""
"2023-08-16","016680","202000041904","0.9352","0.9352","","",""
"2023-08-17","016680","202000041904","0.9406","0.9406","","",""
"2023-08-18","016680","202000041904","0.9278","0.9278","","",""
"2023-08-21","016680","202000041904","0.9177","0.9177","","",""
"2023-08-22","016680","202000041904","0.9213","0.9213","","",""
"2023-08-23","016680","202000041904","0.9082","0.9082","","",""
"2023-08-24","016680","202000041904","0.9100","0.9100","","",""
"2023-08-25","016680","202000041904","0.8998","0.8998","","",""
"2023-08-28","016680","202000041904","0.9114","0.9114","","",""
"2023-08-29","016680","202000041904","0.9311","0.9311","","",""
"2023-08-30","016680","202000041904","0.9327","0.9327","","",""
"2023-08-31","016680","202000041904","0.9277","0.9277","","",""
"2023-09-01","016680","202000041904","0.9306","0.9306","","",""
"2023-09-04","016680","202000041904","0.9430","0.9430","","",""
"2023-09-05","016680","202000041904","0.9372","0.9372","","",""
"2023-09-06","016680","202000041904","0.9363","0.9363","","",""
"2023-09-07","016680","202000041904","0.9231","0.9231","","",""
"2023-09-08","016680","202000041904","0.9228","0.9228","","",""
"2023-09-11","016680","202000041904","0.9346","0.9346","","",""
"2023-09-12","016680","202000041904","0.9345","0.9345","","",""
"2023-09-13","016680","202000041904","0.9266","0.9266","","",""
"2023-09-14","016680","202000041904","0.9248","0.9248","","",""
"2023-09-15","016680","202000041904","0.9255","0.9255","","",""
"2023-09-18","016680","202000041904","0.9273","0.9273","","",""
"2023-09-19","016680","202000041904","0.9239","0.9239","","",""
"2023-09-20","016680","202000041904","0.9193","0.9193","","",""
"2023-09-21","016680","202000041904","0.9133","0.9133","","",""
"2023-09-22","016680","202000041904","0.9261","0.9261","","",""
"2023-09-25","016680","202000041904","0.9222","0.9222","","",""
"2023-09-26","016680","202000041904","0.9203","0.9203","","",""
"2023-09-27","016680","202000041904","0.9246","0.9246","","",""
"2023-09-28","016680","202000041904","0.9287","0.9287","","",""
"2023-10-09","016680","202000041904","0.9255","0.9255","","",""
"2023-10-10","016680","202000041904","0.9176","0.9176","","",""
"2023-10-11","016680","202000041904","0.9183","0.9183","","",""
"2023-10-12","016680","202000041904","0.9241","0.9241","","",""
"2023-10-13","016680","202000041904","0.9192","0.9192","","",""
"2023-10-16","016680","202000041904","0.9131","0.9131","","",""
"2023-10-17","016680","202000041904","0.9152","0.9152","","",""
"2023-10-18","016680","202000041904","0.9037","0.9037","","",""
"2023-10-19","016680","202000041904","0.8926","0.8926","","",""
"2023-10-20","016680","202000041904","0.8854","0.8854","","",""
"2023-10-23","016680","202000041904","0.8667","0.8667","","",""
"2023-10-24","016680","202000041904","0.8751","0.8751","","",""
"2023-10-25","016680","202000041904","0.8804","0.8804","","",""
"2023-10-26","016680","202000041904","0.8851","0.8851","","",""
"2023-10-27","016680","202000041904","0.8983","0.8983","","",""
"2023-10-30","016680","202000041904","0.9035","0.9035","","",""
"2023-10-31","016680","202000041904","0.9013","0.9013","","",""
"2023-11-01","016680","202000041904","0.8997","0.8997","","",""
"2023-11-02","016680","202000041904","0.8929","0.8929","","",""
"2023-11-03","016680","202000041904","0.9001","0.9001","","",""
"2023-11-06","016680","202000041904","0.9122","0.9122","","",""
"2023-11-07","016680","202000041904","0.9119","0.9119","","",""
"2023-11-08","016680","202000041904","0.9110","0.9110","","",""
"2023-11-09","016680","202000041904","0.9087","0.9087","","",""
"2023-11-10","016680","202000041904","0.9060","0.9060","","",""
"2023-11-13","016680","202000041904","0.9104","0.9104","","",""
"2023-11-14","016680","202000041904","0.9124","0.9124","","",""
"2023-11-15","016680","202000041904","0.9179","0.9179","","",""
"2023-11-16","016680","202000041904","0.9103","0.9103","","",""
"2023-11-17","016680","202000041904","0.9139","0.9139","","",""
"2023-11-20","016680","202000041904","0.9169","0.9169","","",""
"2023-11-21","016680","202000041904","0.9141","0.9141","","",""
"2023-11-22","016680","202000041904","0.9049","0.9049","","",""
"2023-11-23","016680","202000041904","0.9146","0.9146","","",""
"2023-11-24","016680","202000041904","0.9061","0.9061","","",""
"2023-11-27","016680","202000041904","0.9050","0.9050","","",""
"2023-11-28","016680","202000041904","0.9086","0.9086","","",""
"2023-11-29","016680","202000041904","0.9046","0.9046","","",""
"2023-11-30","016680","202000041904","0.9027","0.9027","","",""
"2023-12-01","016680","202000041904","0.9057","0.9057","","",""
"2023-12-04","016680","202000041904","0.9038","0.9038","","",""
"2023-12-05","016680","202000041904","0.8895","0.8895","","",""
"2023-12-06","016680","202000041904","0.8924","0.8924","","",""
"2023-12-07","016680","202000041904","0.8927","0.8927","","",""
"2023-12-08","016680","202000041904","0.8962","0.8962","","",""
"2023-12-11","016680","202000041904","0.9073","0.9073","","",""
"2023-12-12","016680","202000041904","0.9089","0.9089","","",""
"2023-12-13","016680","202000041904","0.9011","0.9011","","",""
"2023-12-14","016680","202000041904","0.8990","0.8990","","",""
"2023-12-15","016680","202000041904","0.8921","0.8921","","",""
"2023-12-18","016680","202000041904","0.8833","0.8833","","",""
"2023-12-19","016680","202000041904","0.8822","0.8822","","",""
"2023-12-20","016680","202000041904","0.8732","0.8732","","",""
"2023-12-21","016680","202000041904","0.8768","0.8768","","",""
"2023-12-22","016680","202000041904","0.8727","0.8727","","",""
"2023-12-25","016680","202000041904","0.8733","0.8733","","",""
"2023-12-26","016680","202000041904","0.8647","0.8647","","",""
"2023-12-27","016680","202000041904","0.8698","0.8698","","",""
"2023-12-28","016680","202000041904","0.8840","0.8840","","",""
"2023-12-29","016680","202000041904","0.8914","0.8914","","",""
"2023-12-31","016680","202000041904","0.8914","0.8914","","",""
"2024-01-02","016680","202000041904","0.8906","0.8906","","",""
"2024-01-03","016680","202000041904","0.8904","0.8904","","",""
"2024-01-04","016680","202000041904","0.8847","0.8847","","",""
"2024-01-05","016680","202000041904","0.8748","0.8748","","",""
"2024-01-08","016680","202000041904","0.8584","0.8584","","",""
"2024-01-09","016680","202000041904","0.8609","0.8609","","",""
"2024-01-10","016680","202000041904","0.8574","0.8574","","",""
"2024-01-11","016680","202000041904","0.8654","0.8654","","",""
"2024-01-12","016680","202000041904","0.8635","0.8635","","",""
"2024-01-15","016680","202000041904","0.8620","0.8620","","",""
"2024-01-16","016680","202000041904","0.8614","0.8614","","",""
"2024-01-17","016680","202000041904","0.8436","0.8436","","",""
"2024-01-18","016680","202000041904","0.8393","0.8393","","",""
"2024-01-19","016680","202000041904","0.8325","0.8325","","",""
"2024-01-22","016680","202000041904","0.7934","0.7934","","",""
"2024-01-23","016680","202000041904","0.8044","0.8044","","",""
"2024-01-24","016680","202000041904","0.8171","0.8171","","",""
"2024-01-25","016680","202000041904","0.8427","0.8427","","",""
"2024-01-26","016680","202000041904","0.8392","0.8392","","",""
"2024-01-29","016680","202000041904","0.8260","0.8260","","",""
"2024-01-30","016680","202000041904","0.8078","0.8078","","",""
"2024-01-31","016680","202000041904","0.7908","0.7908","","",""
"2024-02-01","016680","202000041904","0.7853","0.7853","","",""
"2024-02-02","016680","202000041904","0.7654","0.7654","","",""
"2024-02-05","016680","202000041904","0.7472","0.7472","","",""
"2024-02-06","016680","202000041904","0.7973","0.7973","","",""
"2024-02-07","016680","202000041904","0.8441","0.8441","","",""
"2024-02-08","016680","202000041904","0.8536","0.8536","","",""
"2024-02-19","016680","202000041904","0.8484","0.8484","","",""
"2024-02-20","016680","202000041904","0.8483","0.8483","","",""
"2024-02-21","016680","202000041904","0.8486","0.8486","","",""
"2024-02-22","016680","202000041904","0.8542","0.8542","","",""
"2024-02-23","016680","202000041904","0.8578","0.8578","","",""
"2024-02-26","016680","202000041904","0.8583","0.8583","","",""
"2024-02-27","016680","202000041904","0.8744","0.8744","","",""
"2024-02-28","016680","202000041904","0.8545","0.8545","","",""
"2024-02-29","016680","202000041904","0.8791","0.8791","","",""
"2024-03-01","016680","202000041904","0.8837","0.8837","","",""
"2024-03-04","016680","202000041904","0.8837","0.8837","","",""
"2024-03-05","016680","202000041904","0.8786","0.8786","","",""
"2024-03-06","016680","202000041904","0.8774","0.8774","","",""
"2024-03-07","016680","202000041904","0.8681","0.8681","","",""
"2024-03-08","016680","202000041904","0.8798","0.8798","","",""
"2024-03-11","016680","202000041904","0.8908","0.8908","","",""
"2024-03-12","016680","202000041904","0.8888","0.8888","","",""
"2024-03-13","016680","202000041904","0.8880","0.8880","","",""
"2024-03-14","016680","202000041904","0.8867","0.8867","","",""
"2024-03-15","016680","202000041904","0.8961","0.8961","","",""
"2024-03-18","016680","202000041904","0.9065","0.9065","","",""
"2024-03-19","016680","202000041904","0.9014","0.9014","","",""
"2024-03-20","016680","202000041904","0.9028","0.9028","","",""
"2024-03-21","016680","202000041904","0.8976","0.8976","","",""
"2024-03-22","016680","202000041904","0.8866","0.8866","","",""
"2024-03-25","016680","202000041904","0.8754","0.8754","","",""
"2024-03-26","016680","202000041904","0.8737","0.8737","","",""
"2024-03-27","016680","202000041904","0.8560","0.8560","","",""
"2024-03-28","016680","202000041904","0.8658","0.8658","","",""
"2024-03-29","016680","202000041904","0.8769","0.8769","","",""
"2024-04-01","016680","202000041904","0.8955","0.8955","","",""
"2023-04-03","016681","202000041905","1.0080","1.0080","","",""
"2023-04-04","016681","202000041905","1.0061","1.0061","","",""
"2023-04-06","016681","202000041905","1.0067","1.0067","","",""
"2023-04-07","016681","202000041905","1.0141","1.0141","","",""
"2023-04-10","016681","202000041905","1.0101","1.0101","","",""
"2023-04-11","016681","202000041905","1.0092","1.0092","","",""
"2023-04-12","016681","202000041905","1.0125","1.0125","","",""
"2023-04-13","016681","202000041905","1.0078","1.0078","","",""
"2023-04-14","016681","202000041905","1.0110","1.0110","","",""
"2023-04-17","016681","202000041905","1.0143","1.0143","","",""
"2023-04-18","016681","202000041905","1.0155","1.0155","","",""
"2023-04-19","016681","202000041905","1.0114","1.0114","","",""
"2023-04-20","016681","202000041905","1.0087","1.0087","","",""
"2023-04-21","016681","202000041905","0.9871","0.9871","","",""
"2023-04-24","016681","202000041905","0.9809","0.9809","","",""
"2023-04-25","016681","202000041905","0.9685","0.9685","","",""
"2023-04-26","016681","202000041905","0.9725","0.9725","","",""
"2023-04-27","016681","202000041905","0.9782","0.9782","","",""
"2023-04-28","016681","202000041905","0.9851","0.9851","","",""
"2023-05-04","016681","202000041905","0.9874","0.9874","","",""
"2023-05-05","016681","202000041905","0.9797","0.9797","","",""
"2023-05-08","016681","202000041905","0.9850","0.9850","","",""
"2023-05-09","016681","202000041905","0.9727","0.9727","","",""
"2023-05-10","016681","202000041905","0.9698","0.9698","","",""
"2023-05-11","016681","202000041905","0.9664","0.9664","","",""
"2023-05-12","016681","202000041905","0.9580","0.9580","","",""
"2023-05-15","016681","202000041905","0.9658","0.9658","","",""
"2023-05-16","016681","202000041905","0.9612","0.9612","","",""
"2023-05-17","016681","202000041905","0.9614","0.9614","","",""
"2023-05-18","016681","202000041905","0.9622","0.9622","","",""
"2023-05-19","016681","202000041905","0.9630","0.9630","","",""
"2023-05-22","016681","202000041905","0.9648","0.9648","","",""
"2023-05-23","016681","202000041905","0.9556","0.9556","","",""
"2023-05-24","016681","202000041905","0.9499","0.9499","","",""
"2023-05-25","016681","202000041905","0.9485","0.9485","","",""
"2023-05-26","016681","202000041905","0.9549","0.9549","","",""
"2023-05-29","016681","202000041905","0.9540","0.9540","","",""
"2023-05-30","016681","202000041905","0.9582","0.9582","","",""
"2023-05-31","016681","202000041905","0.9567","0.9567","","",""
"2023-06-01","016681","202000041905","0.9555","0.9555","","",""
"2023-06-02","016681","202000041905","0.9622","0.9622","","",""
"2023-06-05","016681","202000041905","0.9618","0.9618","","",""
"2023-06-06","016681","202000041905","0.9465","0.9465","","",""
"2023-06-07","016681","202000041905","0.9484","0.9484","","",""
"2023-06-08","016681","202000041905","0.9466","0.9466","","",""
"2023-06-09","016681","202000041905","0.9496","0.9496","","",""
"2023-06-12","016681","202000041905","0.9555","0.9555","","",""
"2023-06-13","016681","202000041905","0.9569","0.9569","","",""
"2023-06-14","016681","202000041905","0.9595","0.9595","","",""
"2023-06-15","016681","202000041905","0.9682","0.9682","","",""
"2023-06-16","016681","202000041905","0.9735","0.9735","","",""
"2023-06-19","016681","202000041905","0.9704","0.9704","","",""
"2023-06-20","016681","202000041905","0.9672","0.9672","","",""
"2023-06-21","016681","202000041905","0.9535","0.9535","","",""
"2023-06-26","016681","202000041905","0.9388","0.9388","","",""
"2023-06-27","016681","202000041905","0.9513","0.9513","","",""
"2023-06-28","016681","202000041905","0.9521","0.9521","","",""
"2023-06-29","016681","202000041905","0.9572","0.9572","","",""
"2023-06-30","016681","202000041905","0.9648","0.9648","","",""
"2023-07-03","016681","202000041905","0.9669","0.9669","","",""
"2023-07-04","016681","202000041905","0.9657","0.9657","","",""
"2023-07-05","016681","202000041905","0.9596","0.9596","","",""
"2023-07-06","016681","202000041905","0.9542","0.9542","","",""
"2023-07-07","016681","202000041905","0.9530","0.9530","","",""
"2023-07-10","016681","202000041905","0.9551","0.9551","","",""
"2023-07-11","016681","202000041905","0.9619","0.9619","","",""
"2023-07-12","016681","202000041905","0.9524","0.9524","","",""
"2023-07-13","016681","202000041905","0.9639","0.9639","","",""
"2023-07-14","016681","202000041905","0.9609","0.9609","","",""
"2023-07-17","016681","202000041905","0.9585","0.9585","","",""
"2023-07-18","016681","202000041905","0.9571","0.9571","","",""
"2023-07-19","016681","202000041905","0.9572","0.9572","","",""
"2023-07-20","016681","202000041905","0.9471","0.9471","","",""
"2023-07-21","016681","202000041905","0.9466","0.9466","","",""
"2023-07-24","016681","202000041905","0.9462","0.9462","","",""
"2023-07-25","016681","202000041905","0.9607","0.9607","","",""
"2023-07-26","016681","202000041905","0.9579","0.9579","","",""
"2023-07-27","016681","202000041905","0.9516","0.9516","","",""
"2023-07-28","016681","202000041905","0.9630","0.9630","","",""
"2023-07-31","016681","202000041905","0.9682","0.9682","","",""
"2023-08-01","016681","202000041905","0.9685","0.9685","","",""
"2023-08-02","016681","202000041905","0.9654","0.9654","","",""
"2023-08-03","016681","202000041905","0.9675","0.9675","","",""
"2023-08-04","016681","202000041905","0.9717","0.9717","","",""
"2023-08-07","016681","202000041905","0.9635","0.9635","","",""
"2023-08-08","016681","202000041905","0.9619","0.9619","","",""
"2023-08-09","016681","202000041905","0.9551","0.9551","","",""
"2023-08-10","016681","202000041905","0.9562","0.9562","","",""
"2023-08-11","016681","202000041905","0.9405","0.9405","","",""
"2023-08-14","016681","202000041905","0.9424","0.9424","","",""
"2023-08-15","016681","202000041905","0.9385","0.9385","","",""
"2023-08-16","016681","202000041905","0.9321","0.9321","","",""
"2023-08-17","016681","202000041905","0.9375","0.9375","","",""
"2023-08-18","016681","202000041905","0.9248","0.9248","","",""
"2023-08-21","016681","202000041905","0.9146","0.9146","","",""
"2023-08-22","016681","202000041905","0.9182","0.9182","","",""
"2023-08-23","016681","202000041905","0.9052","0.9052","","",""
"2023-08-24","016681","202000041905","0.9070","0.9070","","",""
"2023-08-25","016681","202000041905","0.8968","0.8968","","",""
"2023-08-28","016681","202000041905","0.9083","0.9083","","",""
"2023-08-29","016681","202000041905","0.9280","0.9280","","",""
"2023-08-30","016681","202000041905","0.9295","0.9295","","",""
"2023-08-31","016681","202000041905","0.9245","0.9245","","",""
"2023-09-01","016681","202000041905","0.9273","0.9273","","",""
"2023-09-04","016681","202000041905","0.9398","0.9398","","",""
"2023-09-05","016681","202000041905","0.9339","0.9339","","",""
"2023-09-06","016681","202000041905","0.9330","0.9330","","",""
"2023-09-07","016681","202000041905","0.9199","0.9199","","",""
"2023-09-08","016681","202000041905","0.9195","0.9195","","",""
"2023-09-11","016681","202000041905","0.9313","0.9313","","",""
"2023-09-12","016681","202000041905","0.9312","0.9312","","",""
"2023-09-13","016681","202000041905","0.9233","0.9233","","",""
"2023-09-14","016681","202000041905","0.9215","0.9215","","",""
"2023-09-15","016681","202000041905","0.9222","0.9222","","",""
"2023-09-18","016681","202000041905","0.9240","0.9240","","",""
"2023-09-19","016681","202000041905","0.9206","0.9206","","",""
"2023-09-20","016681","202000041905","0.9160","0.9160","","",""
"2023-09-21","016681","202000041905","0.9100","0.9100","","",""
"2023-09-22","016681","202000041905","0.9227","0.9227","","",""
"2023-09-25","016681","202000041905","0.9188","0.9188","","",""
"2023-09-26","016681","202000041905","0.9169","0.9169","","",""
"2023-09-27","016681","202000041905","0.9212","0.9212","","",""
"2023-09-28","016681","202000041905","0.9253","0.9253","","",""
"2023-10-09","016681","202000041905","0.9219","0.9219","","",""
"2023-10-10","016681","202000041905","0.9140","0.9140","","",""
"2023-10-11","016681","202000041905","0.9147","0.9147","","",""
"2023-10-12","016681","202000041905","0.9205","0.9205","","",""
"2023-10-13","016681","202000041905","0.9156","0.9156","","",""
"2023-10-16","016681","202000041905","0.9095","0.9095","","",""
"2023-10-17","016681","202000041905","0.9116","0.9116","","",""
"2023-10-18","016681","202000041905","0.9001","0.9001","","",""
"2023-10-19","016681","202000041905","0.8890","0.8890","","",""
"2023-10-20","016681","202000041905","0.8819","0.8819","","",""
"2023-10-23","016681","202000041905","0.8632","0.8632","","",""
"2023-10-24","016681","202000041905","0.8716","0.8716","","",""
"2023-10-25","016681","202000041905","0.8769","0.8769","","",""
"2023-10-26","016681","202000041905","0.8815","0.8815","","",""
"2023-10-27","016681","202000041905","0.8947","0.8947","","",""
"2023-10-30","016681","202000041905","0.8998","0.8998","","",""
"2023-10-31","016681","202000041905","0.8976","0.8976","","",""
"2023-11-01","016681","202000041905","0.8960","0.8960","","",""
"2023-11-02","016681","202000041905","0.8893","0.8893","","",""
"2023-11-03","016681","202000041905","0.8963","0.8963","","",""
"2023-11-06","016681","202000041905","0.9084","0.9084","","",""
"2023-11-07","016681","202000041905","0.9081","0.9081","","",""
"2023-11-08","016681","202000041905","0.9072","0.9072","","",""
"2023-11-09","016681","202000041905","0.9049","0.9049","","",""
"2023-11-10","016681","202000041905","0.9022","0.9022","","",""
"2023-11-13","016681","202000041905","0.9065","0.9065","","",""
"2023-11-14","016681","202000041905","0.9085","0.9085","","",""
"2023-11-15","016681","202000041905","0.9139","0.9139","","",""
"2023-11-16","016681","202000041905","0.9064","0.9064","","",""
"2023-11-17","016681","202000041905","0.9100","0.9100","","",""
"2023-11-20","016681","202000041905","0.9129","0.9129","","",""
"2023-11-21","016681","202000041905","0.9102","0.9102","","",""
"2023-11-22","016681","202000041905","0.9009","0.9009","","",""
"2023-11-23","016681","202000041905","0.9106","0.9106","","",""
"2023-11-24","016681","202000041905","0.9022","0.9022","","",""
"2023-11-27","016681","202000041905","0.9010","0.9010","","",""
"2023-11-28","016681","202000041905","0.9046","0.9046","","",""
"2023-11-29","016681","202000041905","0.9007","0.9007","","",""
"2023-11-30","016681","202000041905","0.8987","0.8987","","",""
"2023-12-01","016681","202000041905","0.9017","0.9017","","",""
"2023-12-04","016681","202000041905","0.8997","0.8997","","",""
"2023-12-05","016681","202000041905","0.8855","0.8855","","",""
"2023-12-06","016681","202000041905","0.8884","0.8884","","",""
"2023-12-07","016681","202000041905","0.8887","0.8887","","",""
"2023-12-08","016681","202000041905","0.8921","0.8921","","",""
"2023-12-11","016681","202000041905","0.9032","0.9032","","",""
"2023-12-12","016681","202000041905","0.9047","0.9047","","",""
"2023-12-13","016681","202000041905","0.8970","0.8970","","",""
"2023-12-14","016681","202000041905","0.8949","0.8949","","",""
"2023-12-15","016681","202000041905","0.8880","0.8880","","",""
"2023-12-18","016681","202000041905","0.8792","0.8792","","",""
"2023-12-19","016681","202000041905","0.8782","0.8782","","",""
"2023-12-20","016681","202000041905","0.8692","0.8692","","",""
"2023-12-21","016681","202000041905","0.8727","0.8727","","",""
"2023-12-22","016681","202000041905","0.8686","0.8686","","",""
"2023-12-25","016681","202000041905","0.8692","0.8692","","",""
"2023-12-26","016681","202000041905","0.8606","0.8606","","",""
"2023-12-27","016681","202000041905","0.8657","0.8657","","",""
"2023-12-28","016681","202000041905","0.8798","0.8798","","",""
"2023-12-29","016681","202000041905","0.8872","0.8872","","",""
"2023-12-31","016681","202000041905","0.8871","0.8871","","",""
"2024-01-02","016681","202000041905","0.8864","0.8864","","",""
"2024-01-03","016681","202000041905","0.8861","0.8861","","",""
"2024-01-04","016681","202000041905","0.8804","0.8804","","",""
"2024-01-05","016681","202000041905","0.8706","0.8706","","",""
"2024-01-08","016681","202000041905","0.8542","0.8542","","",""
"2024-01-09","016681","202000041905","0.8567","0.8567","","",""
"2024-01-10","016681","202000041905","0.8532","0.8532","","",""
"2024-01-11","016681","202000041905","0.8612","0.8612","","",""
"2024-01-12","016681","202000041905","0.8592","0.8592","","",""
"2024-01-15","016681","202000041905","0.8578","0.8578","","",""
"2024-01-16","016681","202000041905","0.8572","0.8572","","",""
"2024-01-17","016681","202000041905","0.8394","0.8394","","",""
"2024-01-18","016681","202000041905","0.8351","0.8351","","",""
"2024-01-19","016681","202000041905","0.8283","0.8283","","",""
"2024-01-22","016681","202000041905","0.7894","0.7894","","",""
"2024-01-23","016681","202000041905","0.8003","0.8003","","",""
"2024-01-24","016681","202000041905","0.8130","0.8130","","",""
"2024-01-25","016681","202000041905","0.8385","0.8385","","",""
"2024-01-26","016681","202000041905","0.8349","0.8349","","",""
"2024-01-29","016681","202000041905","0.8218","0.8218","","",""
"2024-01-30","016681","202000041905","0.8037","0.8037","","",""
"2024-01-31","016681","202000041905","0.7867","0.7867","","",""
"2024-02-01","016681","202000041905","0.7813","0.7813","","",""
"2024-02-02","016681","202000041905","0.7615","0.7615","","",""
"2024-02-05","016681","202000041905","0.7433","0.7433","","",""
"2024-02-06","016681","202000041905","0.7932","0.7932","","",""
"2024-02-07","016681","202000041905","0.8397","0.8397","","",""
"2024-02-08","016681","202000041905","0.8492","0.8492","","",""
"2024-02-19","016681","202000041905","0.8439","0.8439","","",""
"2024-02-20","016681","202000041905","0.8438","0.8438","","",""
"2024-02-21","016681","202000041905","0.8441","0.8441","","",""
"2024-02-22","016681","202000041905","0.8497","0.8497","","",""
"2024-02-23","016681","202000041905","0.8532","0.8532","","",""
"2024-02-26","016681","202000041905","0.8537","0.8537","","",""
"2024-02-27","016681","202000041905","0.8697","0.8697","","",""
"2024-02-28","016681","202000041905","0.8499","0.8499","","",""
"2024-02-29","016681","202000041905","0.8744","0.8744","","",""
"2024-03-01","016681","202000041905","0.8789","0.8789","","",""
"2024-03-04","016681","202000041905","0.8789","0.8789","","",""
"2024-03-05","016681","202000041905","0.8738","0.8738","","",""
"2024-03-06","016681","202000041905","0.8726","0.8726","","",""
"2024-03-07","016681","202000041905","0.8633","0.8633","","",""
"2024-03-08","016681","202000041905","0.8749","0.8749","","",""
"2024-03-11","016681","202000041905","0.8859","0.8859","","",""
"2024-03-12","016681","202000041905","0.8839","0.8839","","",""
"2024-03-13","016681","202000041905","0.8831","0.8831","","",""
"2024-03-14","016681","202000041905","0.8817","0.8817","","",""
"2024-03-15","016681","202000041905","0.8911","0.8911","","",""
"2024-03-18","016681","202000041905","0.9014","0.9014","","",""
"2024-03-19","016681","202000041905","0.8963","0.8963","","",""
"2024-03-20","016681","202000041905","0.8978","0.8978","","",""
"2024-03-21","016681","202000041905","0.8925","0.8925","","",""
"2024-03-22","016681","202000041905","0.8816","0.8816","","",""
"2024-03-25","016681","202000041905","0.8704","0.8704","","",""
"2024-03-26","016681","202000041905","0.8687","0.8687","","",""
"2024-03-27","016681","202000041905","0.8511","0.8511","","",""
"2024-03-28","016681","202000041905","0.8609","0.8609","","",""
"2024-03-29","016681","202000041905","0.8719","0.8719","","",""
"2024-04-01","016681","202000041905","0.8904","0.8904","","",""
"2024-01-23","016945","202000052598","1.0000","1.0000","","",""
"2024-01-26","016945","202000052598","1.0056","1.0056","","",""
"2024-02-02","016945","202000052598","0.9655","0.9655","","",""
"2024-02-08","016945","202000052598","1.0388","1.0388","","",""
"2024-02-23","016945","202000052598","1.0567","1.0567","","",""
"2024-03-01","016945","202000052598","1.0633","1.0633","","",""
"2024-03-08","016945","202000052598","1.0560","1.0560","","",""
"2024-03-15","016945","202000052598","1.0815","1.0815","","",""
"2024-03-22","016945","202000052598","1.0751","1.0751","","",""
"2024-03-29","016945","202000052598","1.0861","1.0861","","",""
"2023-05-25","017053","202000045552","1.0000","1.0000","","",""
"2023-05-26","017053","202000045552","1.0000","1.0000","","",""
"2023-06-01","017053","202000045552","1.0002","1.0002","","",""
"2023-06-02","017053","202000045552","1.0003","1.0003","","",""
"2023-06-05","017053","202000045552","1.0005","1.0005","","",""
"2023-06-06","017053","202000045552","1.0004","1.0004","","",""
"2023-06-07","017053","202000045552","1.0004","1.0004","","",""
"2023-06-08","017053","202000045552","1.0003","1.0003","","",""
"2023-06-09","017053","202000045552","1.0006","1.0006","","",""
"2023-06-12","017053","202000045552","1.0007","1.0007","","",""
"2023-06-13","017053","202000045552","1.0014","1.0014","","",""
"2023-06-14","017053","202000045552","1.0016","1.0016","","",""
"2023-06-15","017053","202000045552","1.0008","1.0008","","",""
"2023-06-16","017053","202000045552","1.0001","1.0001","","",""
"2023-06-19","017053","202000045552","0.9992","0.9992","","",""
"2023-06-20","017053","202000045552","0.9998","0.9998","","",""
"2023-06-21","017053","202000045552","1.0000","1.0000","","",""
"2023-06-26","017053","202000045552","1.0004","1.0004","","",""
"2023-06-27","017053","202000045552","1.0004","1.0004","","",""
"2023-06-28","017053","202000045552","1.0007","1.0007","","",""
"2023-06-29","017053","202000045552","1.0010","1.0010","","",""
"2023-06-30","017053","202000045552","1.0015","1.0015","","",""
"2023-07-03","017053","202000045552","1.0016","1.0016","","",""
"2023-07-04","017053","202000045552","1.0017","1.0017","","",""
"2023-07-05","017053","202000045552","1.0019","1.0019","","",""
"2023-07-06","017053","202000045552","1.0021","1.0021","","",""
"2023-07-07","017053","202000045552","1.0023","1.0023","","",""
"2023-07-10","017053","202000045552","1.0024","1.0024","","",""
"2023-07-11","017053","202000045552","1.0025","1.0025","","",""
"2023-07-12","017053","202000045552","1.0023","1.0023","","",""
"2023-07-13","017053","202000045552","1.0022","1.0022","","",""
"2023-07-14","017053","202000045552","1.0022","1.0022","","",""
"2023-07-17","017053","202000045552","1.0026","1.0026","","",""
"2023-07-18","017053","202000045552","1.0029","1.0029","","",""
"2023-07-19","017053","202000045552","1.0030","1.0030","","",""
"2023-07-20","017053","202000045552","1.0031","1.0031","","",""
"2023-07-21","017053","202000045552","1.0033","1.0033","","",""
"2023-07-24","017053","202000045552","1.0036","1.0036","","",""
"2023-07-25","017053","202000045552","1.0019","1.0019","","",""
"2023-07-26","017053","202000045552","1.0023","1.0023","","",""
"2023-07-27","017053","202000045552","1.0028","1.0028","","",""
"2023-07-28","017053","202000045552","1.0027","1.0027","","",""
"2023-07-31","017053","202000045552","1.0024","1.0024","","",""
"2023-08-01","017053","202000045552","1.0027","1.0027","","",""
"2023-08-02","017053","202000045552","1.0029","1.0029","","",""
"2023-08-03","017053","202000045552","1.0033","1.0033","","",""
"2023-08-04","017053","202000045552","1.0035","1.0035","","",""
"2023-08-07","017053","202000045552","1.0039","1.0039","","",""
"2023-08-08","017053","202000045552","1.0040","1.0040","","",""
"2023-08-09","017053","202000045552","1.0041","1.0041","","",""
"2023-08-10","017053","202000045552","1.0041","1.0041","","",""
"2023-08-11","017053","202000045552","1.0043","1.0043","","",""
"2023-08-14","017053","202000045552","1.0048","1.0048","","",""
"2023-08-15","017053","202000045552","1.0053","1.0053","","",""
"2023-08-16","017053","202000045552","1.0055","1.0055","","",""
"2023-08-17","017053","202000045552","1.0055","1.0055","","",""
"2023-08-18","017053","202000045552","1.0056","1.0056","","",""
"2023-08-21","017053","202000045552","1.0058","1.0058","","",""
"2023-08-22","017053","202000045552","1.0059","1.0059","","",""
"2023-08-23","017053","202000045552","1.0059","1.0059","","",""
"2023-08-24","017053","202000045552","1.0060","1.0060","","",""
"2023-08-25","017053","202000045552","1.0059","1.0059","","",""
"2023-08-28","017053","202000045552","1.0052","1.0052","","",""
"2023-08-29","017053","202000045552","1.0045","1.0045","","",""
"2023-08-30","017053","202000045552","1.0051","1.0051","","",""
"2023-08-31","017053","202000045552","1.0054","1.0054","","",""
"2023-09-01","017053","202000045552","1.0051","1.0051","","",""
"2023-09-04","017053","202000045552","1.0043","1.0043","","",""
"2023-09-05","017053","202000045552","1.0045","1.0045","","",""
"2023-09-06","017053","202000045552","1.0038","1.0038","","",""
"2023-09-07","017053","202000045552","1.0026","1.0026","","",""
"2023-09-08","017053","202000045552","1.0022","1.0022","","",""
"2023-09-11","017053","202000045552","1.0017","1.0017","","",""
"2023-09-12","017053","202000045552","1.0026","1.0026","","",""
"2023-09-13","017053","202000045552","1.0036","1.0036","","",""
"2023-09-14","017053","202000045552","1.0040","1.0040","","",""
"2023-09-15","017053","202000045552","1.0039","1.0039","","",""
"2023-09-18","017053","202000045552","1.0033","1.0033","","",""
"2023-09-19","017053","202000045552","1.0033","1.0033","","",""
"2023-09-20","017053","202000045552","1.0034","1.0034","","",""
"2023-09-21","017053","202000045552","1.0039","1.0039","","",""
"2023-09-22","017053","202000045552","1.0040","1.0040","","",""
"2023-09-25","017053","202000045552","1.0038","1.0038","","",""
"2023-09-26","017053","202000045552","1.0034","1.0034","","",""
"2023-09-27","017053","202000045552","1.0033","1.0033","","",""
"2023-09-28","017053","202000045552","1.0040","1.0040","","",""
"2023-10-09","017053","202000045552","1.0049","1.0049","","",""
"2023-10-10","017053","202000045552","1.0044","1.0044","","",""
"2023-10-11","017053","202000045552","1.0035","1.0035","","",""
"2023-10-12","017053","202000045552","1.0034","1.0034","","",""
"2023-10-13","017053","202000045552","1.0037","1.0037","","",""
"2023-10-16","017053","202000045552","1.0039","1.0039","","",""
"2023-10-17","017053","202000045552","1.0035","1.0035","","",""
"2023-10-18","017053","202000045552","1.0033","1.0033","","",""
"2023-10-19","017053","202000045552","1.0023","1.0023","","",""
"2023-10-20","017053","202000045552","1.0025","1.0025","","",""
"2023-10-23","017053","202000045552","1.0031","1.0031","","",""
"2023-10-24","017053","202000045552","1.0026","1.0026","","",""
"2023-10-25","017053","202000045552","1.0032","1.0032","","",""
"2023-10-26","017053","202000045552","1.0036","1.0036","","",""
"2023-10-27","017053","202000045552","1.0036","1.0036","","",""
"2023-10-30","017053","202000045552","1.0040","1.0040","","",""
"2023-10-31","017053","202000045552","1.0043","1.0043","","",""
"2023-11-01","017053","202000045552","1.0041","1.0041","","",""
"2023-11-02","017053","202000045552","1.0045","1.0045","","",""
"2023-11-03","017053","202000045552","1.0047","1.0047","","",""
"2023-11-06","017053","202000045552","1.0048","1.0048","","",""
"2023-11-07","017053","202000045552","1.0048","1.0048","","",""
"2023-11-08","017053","202000045552","1.0047","1.0047","","",""
"2023-11-09","017053","202000045552","1.0048","1.0048","","",""
"2023-11-10","017053","202000045552","1.0046","1.0046","","",""
"2023-11-13","017053","202000045552","1.0051","1.0051","","",""
"2023-11-14","017053","202000045552","1.0051","1.0051","","",""
"2023-11-15","017053","202000045552","1.0055","1.0055","","",""
"2023-11-16","017053","202000045552","1.0058","1.0058","","",""
"2023-11-17","017053","202000045552","1.0060","1.0060","","",""
"2023-11-20","017053","202000045552","1.0060","1.0060","","",""
"2023-11-21","017053","202000045552","1.0059","1.0059","","",""
"2023-11-22","017053","202000045552","1.0055","1.0055","","",""
"2023-11-23","017053","202000045552","1.0050","1.0050","","",""
"2023-11-24","017053","202000045552","1.0051","1.0051","","",""
"2023-11-27","017053","202000045552","1.0048","1.0048","","",""
"2023-11-28","017053","202000045552","1.0049","1.0049","","",""
"2023-11-29","017053","202000045552","1.0048","1.0048","","",""
"2023-11-30","017053","202000045552","1.0052","1.0052","","",""
"2023-12-01","017053","202000045552","1.0052","1.0052","","",""
"2023-12-04","017053","202000045552","1.0052","1.0052","","",""
"2023-12-05","017053","202000045552","1.0051","1.0051","","",""
"2023-12-06","017053","202000045552","1.0050","1.0050","","",""
"2023-12-07","017053","202000045552","1.0053","1.0053","","",""
"2023-12-08","017053","202000045552","1.0056","1.0056","","",""
"2023-12-11","017053","202000045552","1.0059","1.0059","","",""
"2023-12-12","017053","202000045552","1.0062","1.0062","","",""
"2023-12-13","017053","202000045552","1.0067","1.0067","","",""
"2023-12-14","017053","202000045552","1.0071","1.0071","","",""
"2023-12-15","017053","202000045552","1.0077","1.0077","","",""
"2023-12-18","017053","202000045552","1.0082","1.0082","","",""
"2023-12-19","017053","202000045552","1.0082","1.0082","","",""
"2023-12-20","017053","202000045552","1.0082","1.0082","","",""
"2023-12-21","017053","202000045552","1.0081","1.0081","","",""
"2023-12-22","017053","202000045552","1.0084","1.0084","","",""
"2023-12-25","017053","202000045552","1.0087","1.0087","","",""
"2023-12-26","017053","202000045552","1.0090","1.0090","","",""
"2023-12-27","017053","202000045552","1.0100","1.0100","","",""
"2023-12-28","017053","202000045552","1.0109","1.0109","","",""
"2023-12-29","017053","202000045552","1.0112","1.0112","","",""
"2023-12-31","017053","202000045552","1.0113","1.0113","","",""
"2024-01-02","017053","202000045552","1.0110","1.0110","","",""
"2024-01-03","017053","202000045552","1.0105","1.0105","","",""
"2024-01-04","017053","202000045552","1.0110","1.0110","","",""
"2024-01-05","017053","202000045552","1.0116","1.0116","","",""
"2024-01-08","017053","202000045552","1.0119","1.0119","","",""
"2024-01-09","017053","202000045552","1.0124","1.0124","","",""
"2024-01-10","017053","202000045552","1.0122","1.0122","","",""
"2024-01-11","017053","202000045552","1.0122","1.0122","","",""
"2024-01-12","017053","202000045552","1.0120","1.0120","","",""
"2024-01-15","017053","202000045552","1.0122","1.0122","","",""
"2024-01-16","017053","202000045552","1.0119","1.0119","","",""
"2024-01-17","017053","202000045552","1.0122","1.0122","","",""
"2024-01-18","017053","202000045552","1.0125","1.0125","","",""
"2024-01-19","017053","202000045552","1.0131","1.0131","","",""
"2024-01-22","017053","202000045552","1.0136","1.0136","","",""
"2024-01-23","017053","202000045552","1.0135","1.0135","","",""
"2024-01-24","017053","202000045552","1.0135","1.0135","","",""
"2024-01-25","017053","202000045552","1.0140","1.0140","","",""
"2024-01-26","017053","202000045552","1.0142","1.0142","","",""
"2024-01-29","017053","202000045552","1.0144","1.0144","","",""
"2024-01-30","017053","202000045552","1.0150","1.0150","","",""
"2024-01-31","017053","202000045552","1.0157","1.0157","","",""
"2024-02-01","017053","202000045552","1.0158","1.0158","","",""
"2024-02-02","017053","202000045552","1.0157","1.0157","","",""
"2024-02-05","017053","202000045552","1.0167","1.0167","","",""
"2024-02-06","017053","202000045552","1.0161","1.0161","","",""
"2024-02-07","017053","202000045552","1.0163","1.0163","","",""
"2024-02-08","017053","202000045552","1.0167","1.0167","","",""
"2024-02-19","017053","202000045552","1.0177","1.0177","","",""
"2024-02-20","017053","202000045552","1.0183","1.0183","","",""
"2024-02-21","017053","202000045552","1.0188","1.0188","","",""
"2024-02-22","017053","202000045552","1.0192","1.0192","","",""
"2024-02-23","017053","202000045552","1.0199","1.0199","","",""
"2024-02-26","017053","202000045552","1.0204","1.0204","","",""
"2024-02-27","017053","202000045552","1.0208","1.0208","","",""
"2024-02-28","017053","202000045552","1.0215","1.0215","","",""
"2024-02-29","017053","202000045552","1.0220","1.0220","","",""
"2024-03-01","017053","202000045552","1.0212","1.0212","","",""
"2024-03-04","017053","202000045552","1.0215","1.0215","","",""
"2024-03-05","017053","202000045552","1.0222","1.0222","","",""
"2024-03-06","017053","202000045552","1.0230","1.0230","","",""
"2024-03-07","017053","202000045552","1.0228","1.0228","","",""
"2024-03-08","017053","202000045552","1.0233","1.0233","","",""
"2024-03-11","017053","202000045552","1.0237","1.0237","","",""
"2024-03-12","017053","202000045552","1.0226","1.0226","","",""
"2024-03-13","017053","202000045552","1.0225","1.0225","","",""
"2024-03-14","017053","202000045552","1.0218","1.0218","","",""
"2024-03-15","017053","202000045552","1.0224","1.0224","","",""
"2024-03-18","017053","202000045552","1.0232","1.0232","","",""
"2024-03-19","017053","202000045552","1.0239","1.0239","","",""
"2024-03-20","017053","202000045552","1.0240","1.0240","","",""
"2024-03-21","017053","202000045552","1.0239","1.0239","","",""
"2024-03-22","017053","202000045552","1.0238","1.0238","","",""
"2024-03-25","017053","202000045552","1.0238","1.0238","","",""
"2024-03-26","017053","202000045552","1.0231","1.0231","","",""
"2024-03-27","017053","202000045552","1.0235","1.0235","","",""
"2024-03-28","017053","202000045552","1.0249","1.0249","","",""
"2024-03-29","017053","202000045552","1.0252","1.0252","","",""
"2024-04-01","017053","202000045552","1.0249","1.0249","","",""
"2023-04-07","017086","202000044378","1.0215","1.0215","","",""
"2023-04-14","017086","202000044378","1.0252","1.0252","","",""
"2023-04-21","017086","202000044378","0.9953","0.9953","","",""
"2023-04-28","017086","202000044378","0.9834","0.9834","","",""
"2023-05-05","017086","202000044378","0.9696","0.9696","","",""
"2023-05-12","017086","202000044378","0.9468","0.9468","","",""
"2023-05-19","017086","202000044378","0.9521","0.9521","","",""
"2023-05-26","017086","202000044378","0.9374","0.9374","","",""
"2023-06-02","017086","202000044378","0.9348","0.9348","","",""
"2023-06-05","017086","202000044378","0.9327","0.9327","","",""
"2023-06-06","017086","202000044378","0.9234","0.9234","","",""
"2023-06-07","017086","202000044378","0.9234","0.9234","","",""
"2023-06-08","017086","202000044378","0.9224","0.9224","","",""
"2023-06-09","017086","202000044378","0.9332","0.9332","","",""
"2023-06-12","017086","202000044378","0.9311","0.9311","","",""
"2023-06-13","017086","202000044378","0.9373","0.9373","","",""
"2023-06-14","017086","202000044378","0.9389","0.9389","","",""
"2023-06-15","017086","202000044378","0.9501","0.9501","","",""
"2023-06-16","017086","202000044378","0.9555","0.9555","","",""
"2023-06-19","017086","202000044378","0.9473","0.9473","","",""
"2023-06-20","017086","202000044378","0.9356","0.9356","","",""
"2023-06-21","017086","202000044378","0.9204","0.9204","","",""
"2023-06-26","017086","202000044378","0.9103","0.9103","","",""
"2023-06-27","017086","202000044378","0.9153","0.9153","","",""
"2023-06-28","017086","202000044378","0.9150","0.9150","","",""
"2023-06-29","017086","202000044378","0.9129","0.9129","","",""
"2023-06-30","017086","202000044378","0.9250","0.9250","","",""
"2023-07-03","017086","202000044378","0.9381","0.9381","","",""
"2023-07-04","017086","202000044378","0.9509","0.9509","","",""
"2023-07-05","017086","202000044378","0.9424","0.9424","","",""
"2023-07-06","017086","202000044378","0.9349","0.9349","","",""
"2023-07-07","017086","202000044378","0.9282","0.9282","","",""
"2023-07-10","017086","202000044378","0.9320","0.9320","","",""
"2023-07-11","017086","202000044378","0.9420","0.9420","","",""
"2023-07-12","017086","202000044378","0.9380","0.9380","","",""
"2023-07-13","017086","202000044378","0.9579","0.9579","","",""
"2023-07-14","017086","202000044378","0.9568","0.9568","","",""
"2023-07-17","017086","202000044378","0.9544","0.9544","","",""
"2023-07-18","017086","202000044378","0.9489","0.9489","","",""
"2023-07-19","017086","202000044378","0.9452","0.9452","","",""
"2023-07-20","017086","202000044378","0.9385","0.9385","","",""
"2023-07-21","017086","202000044378","0.9401","0.9401","","",""
"2023-07-24","017086","202000044378","0.9382","0.9382","","",""
"2023-07-25","017086","202000044378","0.9540","0.9540","","",""
"2023-07-26","017086","202000044378","0.9517","0.9517","","",""
"2023-07-27","017086","202000044378","0.9496","0.9496","","",""
"2023-07-28","017086","202000044378","0.9599","0.9599","","",""
"2023-07-31","017086","202000044378","0.9555","0.9555","","",""
"2023-08-01","017086","202000044378","0.9574","0.9574","","",""
"2023-08-02","017086","202000044378","0.9455","0.9455","","",""
"2023-08-03","017086","202000044378","0.9486","0.9486","","",""
"2023-08-04","017086","202000044378","0.9496","0.9496","","",""
"2023-08-07","017086","202000044378","0.9334","0.9334","","",""
"2023-08-08","017086","202000044378","0.9326","0.9326","","",""
"2023-08-09","017086","202000044378","0.9386","0.9386","","",""
"2023-08-10","017086","202000044378","0.9442","0.9442","","",""
"2023-08-11","017086","202000044378","0.9321","0.9321","","",""
"2023-08-14","017086","202000044378","0.9273","0.9273","","",""
"2023-08-15","017086","202000044378","0.9218","0.9218","","",""
"2023-08-16","017086","202000044378","0.9135","0.9135","","",""
"2023-08-17","017086","202000044378","0.9167","0.9167","","",""
"2023-08-18","017086","202000044378","0.9051","0.9051","","",""
"2023-08-21","017086","202000044378","0.8883","0.8883","","",""
"2023-08-22","017086","202000044378","0.8915","0.8915","","",""
"2023-08-23","017086","202000044378","0.8831","0.8831","","",""
"2023-08-24","017086","202000044378","0.9027","0.9027","","",""
"2023-08-25","017086","202000044378","0.8944","0.8944","","",""
"2023-08-28","017086","202000044378","0.9020","0.9020","","",""
"2023-08-29","017086","202000044378","0.9207","0.9207","","",""
"2023-08-30","017086","202000044378","0.9248","0.9248","","",""
"2023-08-31","017086","202000044378","0.9223","0.9223","","",""
"2023-09-01","017086","202000044378","0.9217","0.9217","","",""
"2023-09-04","017086","202000044378","0.9358","0.9358","","",""
"2023-09-05","017086","202000044378","0.9301","0.9301","","",""
"2023-09-06","017086","202000044378","0.9276","0.9276","","",""
"2023-09-07","017086","202000044378","0.9172","0.9172","","",""
"2023-09-08","017086","202000044378","0.9173","0.9173","","",""
"2023-09-11","017086","202000044378","0.9271","0.9271","","",""
"2023-09-12","017086","202000044378","0.9216","0.9216","","",""
"2023-09-13","017086","202000044378","0.9137","0.9137","","",""
"2023-09-14","017086","202000044378","0.9147","0.9147","","",""
"2023-09-15","017086","202000044378","0.9174","0.9174","","",""
"2023-09-18","017086","202000044378","0.9184","0.9184","","",""
"2023-09-19","017086","202000044378","0.9164","0.9164","","",""
"2023-09-20","017086","202000044378","0.9105","0.9105","","",""
"2023-09-21","017086","202000044378","0.9033","0.9033","","",""
"2023-09-22","017086","202000044378","0.9172","0.9172","","",""
"2023-09-25","017086","202000044378","0.9192","0.9192","","",""
"2023-09-26","017086","202000044378","0.9154","0.9154","","",""
"2023-09-27","017086","202000044378","0.9230","0.9230","","",""
"2023-09-28","017086","202000044378","0.9235","0.9235","","",""
"2023-10-09","017086","202000044378","0.9220","0.9220","","",""
"2023-10-10","017086","202000044378","0.9120","0.9120","","",""
"2023-10-11","017086","202000044378","0.9200","0.9200","","",""
"2023-10-12","017086","202000044378","0.9262","0.9262","","",""
"2023-10-13","017086","202000044378","0.9193","0.9193","","",""
"2023-10-16","017086","202000044378","0.9091","0.9091","","",""
"2023-10-17","017086","202000044378","0.9103","0.9103","","",""
"2023-10-18","017086","202000044378","0.9002","0.9002","","",""
"2023-10-19","017086","202000044378","0.8884","0.8884","","",""
"2023-10-20","017086","202000044378","0.8788","0.8788","","",""
"2023-10-23","017086","202000044378","0.8683","0.8683","","",""
"2023-10-24","017086","202000044378","0.8743","0.8743","","",""
"2023-10-25","017086","202000044378","0.8741","0.8741","","",""
"2023-10-26","017086","202000044378","0.8752","0.8752","","",""
"2023-10-27","017086","202000044378","0.8949","0.8949","","",""
"2023-10-30","017086","202000044378","0.9063","0.9063","","",""
"2023-10-31","017086","202000044378","0.8984","0.8984","","",""
"2023-11-01","017086","202000044378","0.8948","0.8948","","",""
"2023-11-02","017086","202000044378","0.8886","0.8886","","",""
"2023-11-03","017086","202000044378","0.8973","0.8973","","",""
"2023-11-06","017086","202000044378","0.9054","0.9054","","",""
"2023-11-07","017086","202000044378","0.9047","0.9047","","",""
"2023-11-08","017086","202000044378","0.9033","0.9033","","",""
"2023-11-09","017086","202000044378","0.8998","0.8998","","",""
"2023-11-10","017086","202000044378","0.8943","0.8943","","",""
"2023-11-13","017086","202000044378","0.8934","0.8934","","",""
"2023-11-14","017086","202000044378","0.8955","0.8955","","",""
"2023-11-15","017086","202000044378","0.9048","0.9048","","",""
"2023-11-16","017086","202000044378","0.8953","0.8953","","",""
"2023-11-17","017086","202000044378","0.8987","0.8987","","",""
"2023-11-20","017086","202000044378","0.9000","0.9000","","",""
"2023-11-21","017086","202000044378","0.8954","0.8954","","",""
"2023-11-22","017086","202000044378","0.8831","0.8831","","",""
"2023-11-23","017086","202000044378","0.8947","0.8947","","",""
"2023-11-24","017086","202000044378","0.8870","0.8870","","",""
"2023-11-27","017086","202000044378","0.8914","0.8914","","",""
"2023-11-28","017086","202000044378","0.8995","0.8995","","",""
"2023-11-29","017086","202000044378","0.8958","0.8958","","",""
"2023-11-30","017086","202000044378","0.8977","0.8977","","",""
"2023-12-01","017086","202000044378","0.8911","0.8911","","",""
"2023-12-04","017086","202000044378","0.8834","0.8834","","",""
"2023-12-05","017086","202000044378","0.8715","0.8715","","",""
"2023-12-06","017086","202000044378","0.8715","0.8715","","",""
"2023-12-07","017086","202000044378","0.8658","0.8658","","",""
"2023-12-08","017086","202000044378","0.8693","0.8693","","",""
"2023-12-11","017086","202000044378","0.8811","0.8811","","",""
"2023-12-12","017086","202000044378","0.8803","0.8803","","",""
"2023-12-13","017086","202000044378","0.8744","0.8744","","",""
"2023-12-14","017086","202000044378","0.8746","0.8746","","",""
"2023-12-15","017086","202000044378","0.8676","0.8676","","",""
"2023-12-18","017086","202000044378","0.8652","0.8652","","",""
"2023-12-19","017086","202000044378","0.8650","0.8650","","",""
"2023-12-20","017086","202000044378","0.8597","0.8597","","",""
"2023-12-21","017086","202000044378","0.8634","0.8634","","",""
"2023-12-22","017086","202000044378","0.8580","0.8580","","",""
"2023-12-25","017086","202000044378","0.8600","0.8600","","",""
"2023-12-26","017086","202000044378","0.8523","0.8523","","",""
"2023-12-27","017086","202000044378","0.8616","0.8616","","",""
"2023-12-28","017086","202000044378","0.8697","0.8697","","",""
"2023-12-29","017086","202000044378","0.8795","0.8795","","",""
"2023-12-31","017086","202000044378","0.8794","0.8794","","",""
"2024-01-02","017086","202000044378","0.8695","0.8695","","",""
"2024-01-03","017086","202000044378","0.8590","0.8590","","",""
"2024-01-04","017086","202000044378","0.8549","0.8549","","",""
"2024-01-05","017086","202000044378","0.8441","0.8441","","",""
"2024-01-08","017086","202000044378","0.8300","0.8300","","",""
"2024-01-09","017086","202000044378","0.8352","0.8352","","",""
"2024-01-10","017086","202000044378","0.8324","0.8324","","",""
"2024-01-11","017086","202000044378","0.8372","0.8372","","",""
"2024-01-12","017086","202000044378","0.8352","0.8352","","",""
"2024-01-15","017086","202000044378","0.8379","0.8379","","",""
"2024-01-16","017086","202000044378","0.8377","0.8377","","",""
"2024-01-17","017086","202000044378","0.8201","0.8201","","",""
"2024-01-18","017086","202000044378","0.8255","0.8255","","",""
"2024-01-19","017086","202000044378","0.8207","0.8207","","",""
"2024-01-22","017086","202000044378","0.7905","0.7905","","",""
"2024-01-23","017086","202000044378","0.7978","0.7978","","",""
"2024-01-24","017086","202000044378","0.8035","0.8035","","",""
"2024-01-25","017086","202000044378","0.8176","0.8176","","",""
"2024-01-26","017086","202000044378","0.8064","0.8064","","",""
"2024-01-29","017086","202000044378","0.7945","0.7945","","",""
"2024-01-30","017086","202000044378","0.7812","0.7812","","",""
"2024-01-31","017086","202000044378","0.7738","0.7738","","",""
"2024-02-01","017086","202000044378","0.7732","0.7732","","",""
"2024-02-02","017086","202000044378","0.7625","0.7625","","",""
"2024-02-05","017086","202000044378","0.7632","0.7632","","",""
"2024-02-06","017086","202000044378","0.7977","0.7977","","",""
"2024-02-07","017086","202000044378","0.8183","0.8183","","",""
"2024-02-08","017086","202000044378","0.8244","0.8244","","",""
"2024-02-19","017086","202000044378","0.8340","0.8340","","",""
"2024-02-20","017086","202000044378","0.8384","0.8384","","",""
"2024-02-21","017086","202000044378","0.8364","0.8364","","",""
"2024-02-22","017086","202000044378","0.8475","0.8475","","",""
"2024-02-23","017086","202000044378","0.8500","0.8500","","",""
"2024-02-26","017086","202000044378","0.8485","0.8485","","",""
"2024-02-27","017086","202000044378","0.8592","0.8592","","",""
"2024-02-28","017086","202000044378","0.8388","0.8388","","",""
"2024-02-29","017086","202000044378","0.8567","0.8567","","",""
"2024-03-01","017086","202000044378","0.8642","0.8642","","",""
"2024-03-04","017086","202000044378","0.8725","0.8725","","",""
"2024-03-05","017086","202000044378","0.8761","0.8761","","",""
"2024-03-06","017086","202000044378","0.8754","0.8754","","",""
"2024-03-07","017086","202000044378","0.8733","0.8733","","",""
"2024-03-08","017086","202000044378","0.8817","0.8817","","",""
"2024-03-11","017086","202000044378","0.8806","0.8806","","",""
"2024-03-12","017086","202000044378","0.8736","0.8736","","",""
"2024-03-13","017086","202000044378","0.8729","0.8729","","",""
"2024-03-14","017086","202000044378","0.8733","0.8733","","",""
"2024-03-15","017086","202000044378","0.8818","0.8818","","",""
"2024-03-18","017086","202000044378","0.8866","0.8866","","",""
"2024-03-19","017086","202000044378","0.8794","0.8794","","",""
"2024-03-20","017086","202000044378","0.8792","0.8792","","",""
"2024-03-21","017086","202000044378","0.8776","0.8776","","",""
"2024-03-22","017086","202000044378","0.8671","0.8671","","",""
"2024-03-25","017086","202000044378","0.8662","0.8662","","",""
"2024-03-26","017086","202000044378","0.8671","0.8671","","",""
"2024-03-27","017086","202000044378","0.8560","0.8560","","",""
"2024-03-28","017086","202000044378","0.8664","0.8664","","",""
"2024-03-29","017086","202000044378","0.8794","0.8794","","",""
"2024-04-01","017086","202000044378","0.8935","0.8935","","",""
"2023-04-07","017087","202000044379","1.0208","1.0208","","",""
"2023-04-14","017087","202000044379","1.0243","1.0243","","",""
"2023-04-21","017087","202000044379","0.9943","0.9943","","",""
"2023-04-28","017087","202000044379","0.9823","0.9823","","",""
"2023-05-05","017087","202000044379","0.9683","0.9683","","",""
"2023-05-12","017087","202000044379","0.9454","0.9454","","",""
"2023-05-19","017087","202000044379","0.9505","0.9505","","",""
"2023-05-26","017087","202000044379","0.9357","0.9357","","",""
"2023-06-02","017087","202000044379","0.9330","0.9330","","",""
"2023-06-05","017087","202000044379","0.9309","0.9309","","",""
"2023-06-06","017087","202000044379","0.9216","0.9216","","",""
"2023-06-07","017087","202000044379","0.9215","0.9215","","",""
"2023-06-08","017087","202000044379","0.9205","0.9205","","",""
"2023-06-09","017087","202000044379","0.9312","0.9312","","",""
"2023-06-12","017087","202000044379","0.9291","0.9291","","",""
"2023-06-13","017087","202000044379","0.9352","0.9352","","",""
"2023-06-14","017087","202000044379","0.9368","0.9368","","",""
"2023-06-15","017087","202000044379","0.9480","0.9480","","",""
"2023-06-16","017087","202000044379","0.9534","0.9534","","",""
"2023-06-19","017087","202000044379","0.9451","0.9451","","",""
"2023-06-20","017087","202000044379","0.9334","0.9334","","",""
"2023-06-21","017087","202000044379","0.9182","0.9182","","",""
"2023-06-26","017087","202000044379","0.9081","0.9081","","",""
"2023-06-27","017087","202000044379","0.9130","0.9130","","",""
"2023-06-28","017087","202000044379","0.9127","0.9127","","",""
"2023-06-29","017087","202000044379","0.9106","0.9106","","",""
"2023-06-30","017087","202000044379","0.9226","0.9226","","",""
"2023-07-03","017087","202000044379","0.9357","0.9357","","",""
"2023-07-04","017087","202000044379","0.9484","0.9484","","",""
"2023-07-05","017087","202000044379","0.9399","0.9399","","",""
"2023-07-06","017087","202000044379","0.9324","0.9324","","",""
"2023-07-07","017087","202000044379","0.9256","0.9256","","",""
"2023-07-10","017087","202000044379","0.9295","0.9295","","",""
"2023-07-11","017087","202000044379","0.9394","0.9394","","",""
"2023-07-12","017087","202000044379","0.9353","0.9353","","",""
"2023-07-13","017087","202000044379","0.9552","0.9552","","",""
"2023-07-14","017087","202000044379","0.9540","0.9540","","",""
"2023-07-17","017087","202000044379","0.9516","0.9516","","",""
"2023-07-18","017087","202000044379","0.9461","0.9461","","",""
"2023-07-19","017087","202000044379","0.9424","0.9424","","",""
"2023-07-20","017087","202000044379","0.9357","0.9357","","",""
"2023-07-21","017087","202000044379","0.9372","0.9372","","",""
"2023-07-24","017087","202000044379","0.9353","0.9353","","",""
"2023-07-25","017087","202000044379","0.9511","0.9511","","",""
"2023-07-26","017087","202000044379","0.9487","0.9487","","",""
"2023-07-27","017087","202000044379","0.9466","0.9466","","",""
"2023-07-28","017087","202000044379","0.9568","0.9568","","",""
"2023-07-31","017087","202000044379","0.9525","0.9525","","",""
"2023-08-01","017087","202000044379","0.9543","0.9543","","",""
"2023-08-02","017087","202000044379","0.9424","0.9424","","",""
"2023-08-03","017087","202000044379","0.9454","0.9454","","",""
"2023-08-04","017087","202000044379","0.9464","0.9464","","",""
"2023-08-07","017087","202000044379","0.9303","0.9303","","",""
"2023-08-08","017087","202000044379","0.9294","0.9294","","",""
"2023-08-09","017087","202000044379","0.9354","0.9354","","",""
"2023-08-10","017087","202000044379","0.9410","0.9410","","",""
"2023-08-11","017087","202000044379","0.9288","0.9288","","",""
"2023-08-14","017087","202000044379","0.9240","0.9240","","",""
"2023-08-15","017087","202000044379","0.9185","0.9185","","",""
"2023-08-16","017087","202000044379","0.9102","0.9102","","",""
"2023-08-17","017087","202000044379","0.9134","0.9134","","",""
"2023-08-18","017087","202000044379","0.9018","0.9018","","",""
"2023-08-21","017087","202000044379","0.8850","0.8850","","",""
"2023-08-22","017087","202000044379","0.8882","0.8882","","",""
"2023-08-23","017087","202000044379","0.8798","0.8798","","",""
"2023-08-24","017087","202000044379","0.8993","0.8993","","",""
"2023-08-25","017087","202000044379","0.8910","0.8910","","",""
"2023-08-28","017087","202000044379","0.8985","0.8985","","",""
"2023-08-29","017087","202000044379","0.9171","0.9171","","",""
"2023-08-30","017087","202000044379","0.9212","0.9212","","",""
"2023-08-31","017087","202000044379","0.9187","0.9187","","",""
"2023-09-01","017087","202000044379","0.9181","0.9181","","",""
"2023-09-04","017087","202000044379","0.9321","0.9321","","",""
"2023-09-05","017087","202000044379","0.9264","0.9264","","",""
"2023-09-06","017087","202000044379","0.9238","0.9238","","",""
"2023-09-07","017087","202000044379","0.9135","0.9135","","",""
"2023-09-08","017087","202000044379","0.9136","0.9136","","",""
"2023-09-11","017087","202000044379","0.9233","0.9233","","",""
"2023-09-12","017087","202000044379","0.9178","0.9178","","",""
"2023-09-13","017087","202000044379","0.9099","0.9099","","",""
"2023-09-14","017087","202000044379","0.9108","0.9108","","",""
"2023-09-15","017087","202000044379","0.9135","0.9135","","",""
"2023-09-18","017087","202000044379","0.9145","0.9145","","",""
"2023-09-19","017087","202000044379","0.9124","0.9124","","",""
"2023-09-20","017087","202000044379","0.9066","0.9066","","",""
"2023-09-21","017087","202000044379","0.8993","0.8993","","",""
"2023-09-22","017087","202000044379","0.9132","0.9132","","",""
"2023-09-25","017087","202000044379","0.9151","0.9151","","",""
"2023-09-26","017087","202000044379","0.9113","0.9113","","",""
"2023-09-27","017087","202000044379","0.9189","0.9189","","",""
"2023-09-28","017087","202000044379","0.9193","0.9193","","",""
"2023-10-09","017087","202000044379","0.9176","0.9176","","",""
"2023-10-10","017087","202000044379","0.9076","0.9076","","",""
"2023-10-11","017087","202000044379","0.9156","0.9156","","",""
"2023-10-12","017087","202000044379","0.9217","0.9217","","",""
"2023-10-13","017087","202000044379","0.9148","0.9148","","",""
"2023-10-16","017087","202000044379","0.9047","0.9047","","",""
"2023-10-17","017087","202000044379","0.9058","0.9058","","",""
"2023-10-18","017087","202000044379","0.8958","0.8958","","",""
"2023-10-19","017087","202000044379","0.8840","0.8840","","",""
"2023-10-20","017087","202000044379","0.8744","0.8744","","",""
"2023-10-23","017087","202000044379","0.8639","0.8639","","",""
"2023-10-24","017087","202000044379","0.8698","0.8698","","",""
"2023-10-25","017087","202000044379","0.8697","0.8697","","",""
"2023-10-26","017087","202000044379","0.8708","0.8708","","",""
"2023-10-27","017087","202000044379","0.8903","0.8903","","",""
"2023-10-30","017087","202000044379","0.9015","0.9015","","",""
"2023-10-31","017087","202000044379","0.8937","0.8937","","",""
"2023-11-01","017087","202000044379","0.8901","0.8901","","",""
"2023-11-02","017087","202000044379","0.8839","0.8839","","",""
"2023-11-03","017087","202000044379","0.8925","0.8925","","",""
"2023-11-06","017087","202000044379","0.9005","0.9005","","",""
"2023-11-07","017087","202000044379","0.8998","0.8998","","",""
"2023-11-08","017087","202000044379","0.8984","0.8984","","",""
"2023-11-09","017087","202000044379","0.8949","0.8949","","",""
"2023-11-10","017087","202000044379","0.8895","0.8895","","",""
"2023-11-13","017087","202000044379","0.8885","0.8885","","",""
"2023-11-14","017087","202000044379","0.8905","0.8905","","",""
"2023-11-15","017087","202000044379","0.8998","0.8998","","",""
"2023-11-16","017087","202000044379","0.8903","0.8903","","",""
"2023-11-17","017087","202000044379","0.8937","0.8937","","",""
"2023-11-20","017087","202000044379","0.8949","0.8949","","",""
"2023-11-21","017087","202000044379","0.8903","0.8903","","",""
"2023-11-22","017087","202000044379","0.8781","0.8781","","",""
"2023-11-23","017087","202000044379","0.8896","0.8896","","",""
"2023-11-24","017087","202000044379","0.8819","0.8819","","",""
"2023-11-27","017087","202000044379","0.8862","0.8862","","",""
"2023-11-28","017087","202000044379","0.8943","0.8943","","",""
"2023-11-29","017087","202000044379","0.8906","0.8906","","",""
"2023-11-30","017087","202000044379","0.8924","0.8924","","",""
"2023-12-01","017087","202000044379","0.8859","0.8859","","",""
"2023-12-04","017087","202000044379","0.8781","0.8781","","",""
"2023-12-05","017087","202000044379","0.8663","0.8663","","",""
"2023-12-06","017087","202000044379","0.8663","0.8663","","",""
"2023-12-07","017087","202000044379","0.8606","0.8606","","",""
"2023-12-08","017087","202000044379","0.8641","0.8641","","",""
"2023-12-11","017087","202000044379","0.8757","0.8757","","",""
"2023-12-12","017087","202000044379","0.8749","0.8749","","",""
"2023-12-13","017087","202000044379","0.8690","0.8690","","",""
"2023-12-14","017087","202000044379","0.8692","0.8692","","",""
"2023-12-15","017087","202000044379","0.8622","0.8622","","",""
"2023-12-18","017087","202000044379","0.8597","0.8597","","",""
"2023-12-19","017087","202000044379","0.8596","0.8596","","",""
"2023-12-20","017087","202000044379","0.8543","0.8543","","",""
"2023-12-21","017087","202000044379","0.8579","0.8579","","",""
"2023-12-22","017087","202000044379","0.8525","0.8525","","",""
"2023-12-25","017087","202000044379","0.8545","0.8545","","",""
"2023-12-26","017087","202000044379","0.8468","0.8468","","",""
"2023-12-27","017087","202000044379","0.8560","0.8560","","",""
"2023-12-28","017087","202000044379","0.8640","0.8640","","",""
"2023-12-29","017087","202000044379","0.8738","0.8738","","",""
"2023-12-31","017087","202000044379","0.8737","0.8737","","",""
"2024-01-02","017087","202000044379","0.8638","0.8638","","",""
"2024-01-03","017087","202000044379","0.8534","0.8534","","",""
"2024-01-04","017087","202000044379","0.8492","0.8492","","",""
"2024-01-05","017087","202000044379","0.8384","0.8384","","",""
"2024-01-08","017087","202000044379","0.8244","0.8244","","",""
"2024-01-09","017087","202000044379","0.8296","0.8296","","",""
"2024-01-10","017087","202000044379","0.8268","0.8268","","",""
"2024-01-11","017087","202000044379","0.8315","0.8315","","",""
"2024-01-12","017087","202000044379","0.8295","0.8295","","",""
"2024-01-15","017087","202000044379","0.8321","0.8321","","",""
"2024-01-16","017087","202000044379","0.8319","0.8319","","",""
"2024-01-17","017087","202000044379","0.8144","0.8144","","",""
"2024-01-18","017087","202000044379","0.8198","0.8198","","",""
"2024-01-19","017087","202000044379","0.8150","0.8150","","",""
"2024-01-22","017087","202000044379","0.7849","0.7849","","",""
"2024-01-23","017087","202000044379","0.7922","0.7922","","",""
"2024-01-24","017087","202000044379","0.7978","0.7978","","",""
"2024-01-25","017087","202000044379","0.8117","0.8117","","",""
"2024-01-26","017087","202000044379","0.8006","0.8006","","",""
"2024-01-29","017087","202000044379","0.7888","0.7888","","",""
"2024-01-30","017087","202000044379","0.7756","0.7756","","",""
"2024-01-31","017087","202000044379","0.7682","0.7682","","",""
"2024-02-01","017087","202000044379","0.7676","0.7676","","",""
"2024-02-02","017087","202000044379","0.7569","0.7569","","",""
"2024-02-05","017087","202000044379","0.7576","0.7576","","",""
"2024-02-06","017087","202000044379","0.7918","0.7918","","",""
"2024-02-07","017087","202000044379","0.8122","0.8122","","",""
"2024-02-08","017087","202000044379","0.8183","0.8183","","",""
"2024-02-19","017087","202000044379","0.8276","0.8276","","",""
"2024-02-20","017087","202000044379","0.8319","0.8319","","",""
"2024-02-21","017087","202000044379","0.8300","0.8300","","",""
"2024-02-22","017087","202000044379","0.8409","0.8409","","",""
"2024-02-23","017087","202000044379","0.8435","0.8435","","",""
"2024-02-26","017087","202000044379","0.8419","0.8419","","",""
"2024-02-27","017087","202000044379","0.8525","0.8525","","",""
"2024-02-28","017087","202000044379","0.8322","0.8322","","",""
"2024-02-29","017087","202000044379","0.8500","0.8500","","",""
"2024-03-01","017087","202000044379","0.8573","0.8573","","",""
"2024-03-04","017087","202000044379","0.8655","0.8655","","",""
"2024-03-05","017087","202000044379","0.8691","0.8691","","",""
"2024-03-06","017087","202000044379","0.8684","0.8684","","",""
"2024-03-07","017087","202000044379","0.8663","0.8663","","",""
"2024-03-08","017087","202000044379","0.8746","0.8746","","",""
"2024-03-11","017087","202000044379","0.8734","0.8734","","",""
"2024-03-12","017087","202000044379","0.8665","0.8665","","",""
"2024-03-13","017087","202000044379","0.8657","0.8657","","",""
"2024-03-14","017087","202000044379","0.8661","0.8661","","",""
"2024-03-15","017087","202000044379","0.8746","0.8746","","",""
"2024-03-18","017087","202000044379","0.8793","0.8793","","",""
"2024-03-19","017087","202000044379","0.8722","0.8722","","",""
"2024-03-20","017087","202000044379","0.8719","0.8719","","",""
"2024-03-21","017087","202000044379","0.8703","0.8703","","",""
"2024-03-22","017087","202000044379","0.8598","0.8598","","",""
"2024-03-25","017087","202000044379","0.8589","0.8589","","",""
"2024-03-26","017087","202000044379","0.8598","0.8598","","",""
"2024-03-27","017087","202000044379","0.8488","0.8488","","",""
"2024-03-28","017087","202000044379","0.8590","0.8590","","",""
"2024-03-29","017087","202000044379","0.8720","0.8720","","",""
"2024-04-01","017087","202000044379","0.8858","0.8858","","",""
"2023-04-03","017199","202000043947","0.9730","0.9730","","",""
"2023-04-04","017199","202000043947","0.9738","0.9738","","",""
"2023-04-06","017199","202000043947","0.9737","0.9737","","",""
"2023-04-07","017199","202000043947","0.9812","0.9812","","",""
"2023-04-10","017199","202000043947","0.9826","0.9826","","",""
"2023-04-11","017199","202000043947","0.9844","0.9844","","",""
"2023-04-12","017199","202000043947","0.9860","0.9860","","",""
"2023-04-13","017199","202000043947","0.9886","0.9886","","",""
"2023-04-14","017199","202000043947","0.9971","0.9971","","",""
"2023-04-17","017199","202000043947","1.0023","1.0023","","",""
"2023-04-18","017199","202000043947","1.0012","1.0012","","",""
"2023-04-19","017199","202000043947","0.9973","0.9973","","",""
"2023-04-20","017199","202000043947","0.9938","0.9938","","",""
"2023-04-21","017199","202000043947","0.9841","0.9841","","",""
"2023-04-24","017199","202000043947","0.9815","0.9815","","",""
"2023-04-25","017199","202000043947","0.9672","0.9672","","",""
"2023-04-26","017199","202000043947","0.9775","0.9775","","",""
"2023-04-27","017199","202000043947","0.9883","0.9883","","",""
"2023-04-28","017199","202000043947","0.9918","0.9918","","",""
"2023-05-04","017199","202000043947","0.9887","0.9887","","",""
"2023-05-05","017199","202000043947","0.9804","0.9804","","",""
"2023-05-08","017199","202000043947","0.9785","0.9785","","",""
"2023-05-09","017199","202000043947","0.9670","0.9670","","",""
"2023-05-10","017199","202000043947","0.9660","0.9660","","",""
"2023-05-11","017199","202000043947","0.9691","0.9691","","",""
"2023-05-12","017199","202000043947","0.9669","0.9669","","",""
"2023-05-15","017199","202000043947","0.9744","0.9744","","",""
"2023-05-16","017199","202000043947","0.9747","0.9747","","",""
"2023-05-17","017199","202000043947","0.9701","0.9701","","",""
"2023-05-18","017199","202000043947","0.9663","0.9663","","",""
"2023-05-19","017199","202000043947","0.9671","0.9671","","",""
"2023-05-22","017199","202000043947","0.9713","0.9713","","",""
"2023-05-23","017199","202000043947","0.9674","0.9674","","",""
"2023-05-24","017199","202000043947","0.9655","0.9655","","",""
"2023-05-25","017199","202000043947","0.9640","0.9640","","",""
"2023-05-26","017199","202000043947","0.9665","0.9665","","",""
"2023-05-29","017199","202000043947","0.9665","0.9665","","",""
"2023-05-30","017199","202000043947","0.9658","0.9658","","",""
"2023-05-31","017199","202000043947","0.9570","0.9570","","",""
"2023-06-01","017199","202000043947","0.9524","0.9524","","",""
"2023-06-02","017199","202000043947","0.9540","0.9540","","",""
"2023-06-05","017199","202000043947","0.9552","0.9552","","",""
"2023-06-06","017199","202000043947","0.9454","0.9454","","",""
"2023-06-07","017199","202000043947","0.9418","0.9418","","",""
"2023-06-08","017199","202000043947","0.9424","0.9424","","",""
"2023-06-09","017199","202000043947","0.9482","0.9482","","",""
"2023-06-12","017199","202000043947","0.9420","0.9420","","",""
"2023-06-13","017199","202000043947","0.9426","0.9426","","",""
"2023-06-14","017199","202000043947","0.9380","0.9380","","",""
"2023-06-15","017199","202000043947","0.9474","0.9474","","",""
"2023-06-16","017199","202000043947","0.9514","0.9514","","",""
"2023-06-19","017199","202000043947","0.9524","0.9524","","",""
"2023-06-20","017199","202000043947","0.9551","0.9551","","",""
"2023-06-21","017199","202000043947","0.9475","0.9475","","",""
"2023-06-26","017199","202000043947","0.9519","0.9519","","",""
"2023-06-27","017199","202000043947","0.9558","0.9558","","",""
"2023-06-28","017199","202000043947","0.9575","0.9575","","",""
"2023-06-29","017199","202000043947","0.9549","0.9549","","",""
"2023-06-30","017199","202000043947","0.9555","0.9555","","",""
"2023-07-03","017199","202000043947","0.9613","0.9613","","",""
"2023-07-04","017199","202000043947","0.9616","0.9616","","",""
"2023-07-05","017199","202000043947","0.9558","0.9558","","",""
"2023-07-06","017199","202000043947","0.9523","0.9523","","",""
"2023-07-07","017199","202000043947","0.9513","0.9513","","",""
"2023-07-10","017199","202000043947","0.9522","0.9522","","",""
"2023-07-11","017199","202000043947","0.9483","0.9483","","",""
"2023-07-12","017199","202000043947","0.9438","0.9438","","",""
"2023-07-13","017199","202000043947","0.9467","0.9467","","",""
"2023-07-14","017199","202000043947","0.9411","0.9411","","",""
"2023-07-17","017199","202000043947","0.9387","0.9387","","",""
"2023-07-18","017199","202000043947","0.9336","0.9336","","",""
"2023-07-19","017199","202000043947","0.9295","0.9295","","",""
"2023-07-20","017199","202000043947","0.9248","0.9248","","",""
"2023-07-21","017199","202000043947","0.9249","0.9249","","",""
"2023-07-24","017199","202000043947","0.9268","0.9268","","",""
"2023-07-25","017199","202000043947","0.9301","0.9301","","",""
"2023-07-26","017199","202000043947","0.9309","0.9309","","",""
"2023-07-27","017199","202000043947","0.9289","0.9289","","",""
"2023-07-28","017199","202000043947","0.9385","0.9385","","",""
"2023-07-31","017199","202000043947","0.9341","0.9341","","",""
"2023-08-01","017199","202000043947","0.9365","0.9365","","",""
"2023-08-02","017199","202000043947","0.9304","0.9304","","",""
"2023-08-03","017199","202000043947","0.9320","0.9320","","",""
"2023-08-04","017199","202000043947","0.9289","0.9289","","",""
"2023-08-07","017199","202000043947","0.9263","0.9263","","",""
"2023-08-08","017199","202000043947","0.9226","0.9226","","",""
"2023-08-09","017199","202000043947","0.9195","0.9195","","",""
"2023-08-10","017199","202000043947","0.9216","0.9216","","",""
"2023-08-11","017199","202000043947","0.9102","0.9102","","",""
"2023-08-14","017199","202000043947","0.9112","0.9112","","",""
"2023-08-15","017199","202000043947","0.9088","0.9088","","",""
"2023-08-16","017199","202000043947","0.9029","0.9029","","",""
"2023-08-17","017199","202000043947","0.9077","0.9077","","",""
"2023-08-18","017199","202000043947","0.9012","0.9012","","",""
"2023-08-21","017199","202000043947","0.8911","0.8911","","",""
"2023-08-22","017199","202000043947","0.8916","0.8916","","",""
"2023-08-23","017199","202000043947","0.8782","0.8782","","",""
"2023-08-24","017199","202000043947","0.8853","0.8853","","",""
"2023-08-25","017199","202000043947","0.8820","0.8820","","",""
"2023-08-28","017199","202000043947","0.8888","0.8888","","",""
"2023-08-29","017199","202000043947","0.8979","0.8979","","",""
"2023-08-30","017199","202000043947","0.8967","0.8967","","",""
"2023-08-31","017199","202000043947","0.8907","0.8907","","",""
"2023-09-01","017199","202000043947","0.8894","0.8894","","",""
"2023-09-04","017199","202000043947","0.8920","0.8920","","",""
"2023-09-05","017199","202000043947","0.8908","0.8908","","",""
"2023-09-06","017199","202000043947","0.8903","0.8903","","",""
"2023-09-07","017199","202000043947","0.8783","0.8783","","",""
"2023-09-08","017199","202000043947","0.8833","0.8833","","",""
"2023-09-11","017199","202000043947","0.8862","0.8862","","",""
"2023-09-12","017199","202000043947","0.8851","0.8851","","",""
"2023-09-13","017199","202000043947","0.8829","0.8829","","",""
"2023-09-14","017199","202000043947","0.8817","0.8817","","",""
"2023-09-15","017199","202000043947","0.8796","0.8796","","",""
"2023-09-18","017199","202000043947","0.8767","0.8767","","",""
"2023-09-19","017199","202000043947","0.8790","0.8790","","",""
"2023-09-20","017199","202000043947","0.8737","0.8737","","",""
"2023-09-21","017199","202000043947","0.8697","0.8697","","",""
"2023-09-22","017199","202000043947","0.8750","0.8750","","",""
"2023-09-25","017199","202000043947","0.8738","0.8738","","",""
"2023-09-26","017199","202000043947","0.8710","0.8710","","",""
"2023-09-27","017199","202000043947","0.8736","0.8736","","",""
"2023-09-28","017199","202000043947","0.8749","0.8749","","",""
"2023-10-09","017199","202000043947","0.8724","0.8724","","",""
"2023-10-10","017199","202000043947","0.8680","0.8680","","",""
"2023-10-11","017199","202000043947","0.8672","0.8672","","",""
"2023-10-12","017199","202000043947","0.8677","0.8677","","",""
"2023-10-13","017199","202000043947","0.8641","0.8641","","",""
"2023-10-16","017199","202000043947","0.8634","0.8634","","",""
"2023-10-17","017199","202000043947","0.8691","0.8691","","",""
"2023-10-18","017199","202000043947","0.8647","0.8647","","",""
"2023-10-19","017199","202000043947","0.8538","0.8538","","",""
"2023-10-20","017199","202000043947","0.8511","0.8511","","",""
"2023-10-23","017199","202000043947","0.8417","0.8417","","",""
"2023-10-24","017199","202000043947","0.8469","0.8469","","",""
"2023-10-25","017199","202000043947","0.8466","0.8466","","",""
"2023-10-26","017199","202000043947","0.8427","0.8427","","",""
"2023-10-27","017199","202000043947","0.8532","0.8532","","",""
"2023-10-30","017199","202000043947","0.8593","0.8593","","",""
"2023-10-31","017199","202000043947","0.8610","0.8610","","",""
"2023-11-01","017199","202000043947","0.8571","0.8571","","",""
"2023-11-02","017199","202000043947","0.8525","0.8525","","",""
"2023-11-03","017199","202000043947","0.8597","0.8597","","",""
"2023-11-06","017199","202000043947","0.8680","0.8680","","",""
"2023-11-07","017199","202000043947","0.8631","0.8631","","",""
"2023-11-08","017199","202000043947","0.8637","0.8637","","",""
"2023-11-09","017199","202000043947","0.8603","0.8603","","",""
"2023-11-10","017199","202000043947","0.8540","0.8540","","",""
"2023-11-13","017199","202000043947","0.8572","0.8572","","",""
"2023-11-14","017199","202000043947","0.8569","0.8569","","",""
"2023-11-15","017199","202000043947","0.8635","0.8635","","",""
"2023-11-16","017199","202000043947","0.8572","0.8572","","",""
"2023-11-17","017199","202000043947","0.8537","0.8537","","",""
"2023-11-20","017199","202000043947","0.8588","0.8588","","",""
"2023-11-21","017199","202000043947","0.8549","0.8549","","",""
"2023-11-22","017199","202000043947","0.8480","0.8480","","",""
"2023-11-23","017199","202000043947","0.8552","0.8552","","",""
"2023-11-24","017199","202000043947","0.8489","0.8489","","",""
"2023-11-27","017199","202000043947","0.8478","0.8478","","",""
"2023-11-28","017199","202000043947","0.8464","0.8464","","",""
"2023-11-29","017199","202000043947","0.8410","0.8410","","",""
"2023-11-30","017199","202000043947","0.8416","0.8416","","",""
"2023-12-01","017199","202000043947","0.8365","0.8365","","",""
"2023-12-04","017199","202000043947","0.8319","0.8319","","",""
"2023-12-05","017199","202000043947","0.8170","0.8170","","",""
"2023-12-06","017199","202000043947","0.8193","0.8193","","",""
"2023-12-07","017199","202000043947","0.8168","0.8168","","",""
"2023-12-08","017199","202000043947","0.8125","0.8125","","",""
"2023-12-11","017199","202000043947","0.8232","0.8232","","",""
"2023-12-12","017199","202000043947","0.8235","0.8235","","",""
"2023-12-13","017199","202000043947","0.8137","0.8137","","",""
"2023-12-14","017199","202000043947","0.8137","0.8137","","",""
"2023-12-15","017199","202000043947","0.8104","0.8104","","",""
"2023-12-18","017199","202000043947","0.8096","0.8096","","",""
"2023-12-19","017199","202000043947","0.8080","0.8080","","",""
"2023-12-20","017199","202000043947","0.8043","0.8043","","",""
"2023-12-21","017199","202000043947","0.8013","0.8013","","",""
"2023-12-22","017199","202000043947","0.7996","0.7996","","",""
"2023-12-25","017199","202000043947","0.8011","0.8011","","",""
"2023-12-26","017199","202000043947","0.7994","0.7994","","",""
"2023-12-27","017199","202000043947","0.8045","0.8045","","",""
"2023-12-28","017199","202000043947","0.8038","0.8038","","",""
"2023-12-29","017199","202000043947","0.8089","0.8089","","",""
"2023-12-31","017199","202000043947","0.8089","0.8089","","",""
"2024-01-02","017199","202000043947","0.8092","0.8092","","",""
"2024-01-03","017199","202000043947","0.8128","0.8128","","",""
"2024-01-04","017199","202000043947","0.8121","0.8121","","",""
"2024-01-05","017199","202000043947","0.8070","0.8070","","",""
"2024-01-08","017199","202000043947","0.8033","0.8033","","",""
"2024-01-09","017199","202000043947","0.8056","0.8056","","",""
"2024-01-10","017199","202000043947","0.8032","0.8032","","",""
"2024-01-11","017199","202000043947","0.8009","0.8009","","",""
"2024-01-12","017199","202000043947","0.8034","0.8034","","",""
"2024-01-15","017199","202000043947","0.8041","0.8041","","",""
"2024-01-16","017199","202000043947","0.8052","0.8052","","",""
"2024-01-17","017199","202000043947","0.7962","0.7962","","",""
"2024-01-18","017199","202000043947","0.7989","0.7989","","",""
"2024-01-19","017199","202000043947","0.7978","0.7978","","",""
"2024-01-22","017199","202000043947","0.7864","0.7864","","",""
"2024-01-23","017199","202000043947","0.7895","0.7895","","",""
"2024-01-24","017199","202000043947","0.7988","0.7988","","",""
"2024-01-25","017199","202000043947","0.8103","0.8103","","",""
"2024-01-26","017199","202000043947","0.8099","0.8099","","",""
"2024-01-29","017199","202000043947","0.8111","0.8111","","",""
"2024-01-30","017199","202000043947","0.8058","0.8058","","",""
"2024-01-31","017199","202000043947","0.8023","0.8023","","",""
"2024-02-01","017199","202000043947","0.7973","0.7973","","",""
"2024-02-02","017199","202000043947","0.7938","0.7938","","",""
"2024-02-05","017199","202000043947","0.7991","0.7991","","",""
"2024-02-06","017199","202000043947","0.8142","0.8142","","",""
"2024-02-07","017199","202000043947","0.8228","0.8228","","",""
"2024-02-08","017199","202000043947","0.8240","0.8240","","",""
"2024-02-19","017199","202000043947","0.8300","0.8300","","",""
"2024-02-20","017199","202000043947","0.8347","0.8347","","",""
"2024-02-21","017199","202000043947","0.8338","0.8338","","",""
"2024-02-22","017199","202000043947","0.8390","0.8390","","",""
"2024-02-23","017199","202000043947","0.8373","0.8373","","",""
"2024-02-26","017199","202000043947","0.8300","0.8300","","",""
"2024-02-27","017199","202000043947","0.8338","0.8338","","",""
"2024-02-28","017199","202000043947","0.8293","0.8293","","",""
"2024-02-29","017199","202000043947","0.8364","0.8364","","",""
"2024-03-01","017199","202000043947","0.8357","0.8357","","",""
"2024-03-04","017199","202000043947","0.8437","0.8437","","",""
"2024-03-05","017199","202000043947","0.8476","0.8476","","",""
"2024-03-06","017199","202000043947","0.8440","0.8440","","",""
"2024-03-07","017199","202000043947","0.8412","0.8412","","",""
"2024-03-08","017199","202000043947","0.8463","0.8463","","",""
"2024-03-11","017199","202000043947","0.8453","0.8453","","",""
"2024-03-12","017199","202000043947","0.8382","0.8382","","",""
"2024-03-13","017199","202000043947","0.8369","0.8369","","",""
"2024-03-14","017199","202000043947","0.8356","0.8356","","",""
"2024-03-15","017199","202000043947","0.8362","0.8362","","",""
"2024-03-18","017199","202000043947","0.8406","0.8406","","",""
"2024-03-19","017199","202000043947","0.8315","0.8315","","",""
"2024-03-20","017199","202000043947","0.8347","0.8347","","",""
"2024-03-21","017199","202000043947","0.8335","0.8335","","",""
"2024-03-22","017199","202000043947","0.8333","0.8333","","",""
"2024-03-25","017199","202000043947","0.8287","0.8287","","",""
"2024-03-26","017199","202000043947","0.8313","0.8313","","",""
"2024-03-27","017199","202000043947","0.8276","0.8276","","",""
"2024-03-28","017199","202000043947","0.8290","0.8290","","",""
"2024-03-29","017199","202000043947","0.8357","0.8357","","",""
"2024-04-01","017199","202000043947","0.8351","0.8351","","",""
"2023-04-03","017200","202000043948","0.9720","0.9720","","",""
"2023-04-04","017200","202000043948","0.9728","0.9728","","",""
"2023-04-06","017200","202000043948","0.9726","0.9726","","",""
"2023-04-07","017200","202000043948","0.9800","0.9800","","",""
"2023-04-10","017200","202000043948","0.9814","0.9814","","",""
"2023-04-11","017200","202000043948","0.9832","0.9832","","",""
"2023-04-12","017200","202000043948","0.9848","0.9848","","",""
"2023-04-13","017200","202000043948","0.9875","0.9875","","",""
"2023-04-14","017200","202000043948","0.9959","0.9959","","",""
"2023-04-17","017200","202000043948","1.0010","1.0010","","",""
"2023-04-18","017200","202000043948","0.9999","0.9999","","",""
"2023-04-19","017200","202000043948","0.9960","0.9960","","",""
"2023-04-20","017200","202000043948","0.9925","0.9925","","",""
"2023-04-21","017200","202000043948","0.9828","0.9828","","",""
"2023-04-24","017200","202000043948","0.9802","0.9802","","",""
"2023-04-25","017200","202000043948","0.9659","0.9659","","",""
"2023-04-26","017200","202000043948","0.9761","0.9761","","",""
"2023-04-27","017200","202000043948","0.9869","0.9869","","",""
"2023-04-28","017200","202000043948","0.9904","0.9904","","",""
"2023-05-04","017200","202000043948","0.9872","0.9872","","",""
"2023-05-05","017200","202000043948","0.9789","0.9789","","",""
"2023-05-08","017200","202000043948","0.9770","0.9770","","",""
"2023-05-09","017200","202000043948","0.9655","0.9655","","",""
"2023-05-10","017200","202000043948","0.9645","0.9645","","",""
"2023-05-11","017200","202000043948","0.9676","0.9676","","",""
"2023-05-12","017200","202000043948","0.9654","0.9654","","",""
"2023-05-15","017200","202000043948","0.9728","0.9728","","",""
"2023-05-16","017200","202000043948","0.9731","0.9731","","",""
"2023-05-17","017200","202000043948","0.9685","0.9685","","",""
"2023-05-18","017200","202000043948","0.9647","0.9647","","",""
"2023-05-19","017200","202000043948","0.9654","0.9654","","",""
"2023-05-22","017200","202000043948","0.9696","0.9696","","",""
"2023-05-23","017200","202000043948","0.9657","0.9657","","",""
"2023-05-24","017200","202000043948","0.9638","0.9638","","",""
"2023-05-25","017200","202000043948","0.9623","0.9623","","",""
"2023-05-26","017200","202000043948","0.9648","0.9648","","",""
"2023-05-29","017200","202000043948","0.9647","0.9647","","",""
"2023-05-30","017200","202000043948","0.9641","0.9641","","",""
"2023-05-31","017200","202000043948","0.9552","0.9552","","",""
"2023-06-01","017200","202000043948","0.9506","0.9506","","",""
"2023-06-02","017200","202000043948","0.9522","0.9522","","",""
"2023-06-05","017200","202000043948","0.9534","0.9534","","",""
"2023-06-06","017200","202000043948","0.9435","0.9435","","",""
"2023-06-07","017200","202000043948","0.9399","0.9399","","",""
"2023-06-08","017200","202000043948","0.9406","0.9406","","",""
"2023-06-09","017200","202000043948","0.9463","0.9463","","",""
"2023-06-12","017200","202000043948","0.9401","0.9401","","",""
"2023-06-13","017200","202000043948","0.9406","0.9406","","",""
"2023-06-14","017200","202000043948","0.9360","0.9360","","",""
"2023-06-15","017200","202000043948","0.9455","0.9455","","",""
"2023-06-16","017200","202000043948","0.9494","0.9494","","",""
"2023-06-19","017200","202000043948","0.9503","0.9503","","",""
"2023-06-20","017200","202000043948","0.9531","0.9531","","",""
"2023-06-21","017200","202000043948","0.9455","0.9455","","",""
"2023-06-26","017200","202000043948","0.9497","0.9497","","",""
"2023-06-27","017200","202000043948","0.9536","0.9536","","",""
"2023-06-28","017200","202000043948","0.9554","0.9554","","",""
"2023-06-29","017200","202000043948","0.9527","0.9527","","",""
"2023-06-30","017200","202000043948","0.9534","0.9534","","",""
"2023-07-03","017200","202000043948","0.9591","0.9591","","",""
"2023-07-04","017200","202000043948","0.9594","0.9594","","",""
"2023-07-05","017200","202000043948","0.9536","0.9536","","",""
"2023-07-06","017200","202000043948","0.9500","0.9500","","",""
"2023-07-07","017200","202000043948","0.9491","0.9491","","",""
"2023-07-10","017200","202000043948","0.9499","0.9499","","",""
"2023-07-11","017200","202000043948","0.9460","0.9460","","",""
"2023-07-12","017200","202000043948","0.9415","0.9415","","",""
"2023-07-13","017200","202000043948","0.9444","0.9444","","",""
"2023-07-14","017200","202000043948","0.9388","0.9388","","",""
"2023-07-17","017200","202000043948","0.9363","0.9363","","",""
"2023-07-18","017200","202000043948","0.9312","0.9312","","",""
"2023-07-19","017200","202000043948","0.9271","0.9271","","",""
"2023-07-20","017200","202000043948","0.9224","0.9224","","",""
"2023-07-21","017200","202000043948","0.9225","0.9225","","",""
"2023-07-24","017200","202000043948","0.9244","0.9244","","",""
"2023-07-25","017200","202000043948","0.9277","0.9277","","",""
"2023-07-26","017200","202000043948","0.9284","0.9284","","",""
"2023-07-27","017200","202000043948","0.9265","0.9265","","",""
"2023-07-28","017200","202000043948","0.9360","0.9360","","",""
"2023-07-31","017200","202000043948","0.9315","0.9315","","",""
"2023-08-01","017200","202000043948","0.9339","0.9339","","",""
"2023-08-02","017200","202000043948","0.9279","0.9279","","",""
"2023-08-03","017200","202000043948","0.9295","0.9295","","",""
"2023-08-04","017200","202000043948","0.9263","0.9263","","",""
"2023-08-07","017200","202000043948","0.9237","0.9237","","",""
"2023-08-08","017200","202000043948","0.9200","0.9200","","",""
"2023-08-09","017200","202000043948","0.9169","0.9169","","",""
"2023-08-10","017200","202000043948","0.9190","0.9190","","",""
"2023-08-11","017200","202000043948","0.9076","0.9076","","",""
"2023-08-14","017200","202000043948","0.9086","0.9086","","",""
"2023-08-15","017200","202000043948","0.9062","0.9062","","",""
"2023-08-16","017200","202000043948","0.9002","0.9002","","",""
"2023-08-17","017200","202000043948","0.9050","0.9050","","",""
"2023-08-18","017200","202000043948","0.8985","0.8985","","",""
"2023-08-21","017200","202000043948","0.8884","0.8884","","",""
"2023-08-22","017200","202000043948","0.8889","0.8889","","",""
"2023-08-23","017200","202000043948","0.8755","0.8755","","",""
"2023-08-24","017200","202000043948","0.8826","0.8826","","",""
"2023-08-25","017200","202000043948","0.8794","0.8794","","",""
"2023-08-28","017200","202000043948","0.8861","0.8861","","",""
"2023-08-29","017200","202000043948","0.8951","0.8951","","",""
"2023-08-30","017200","202000043948","0.8939","0.8939","","",""
"2023-08-31","017200","202000043948","0.8880","0.8880","","",""
"2023-09-01","017200","202000043948","0.8866","0.8866","","",""
"2023-09-04","017200","202000043948","0.8892","0.8892","","",""
"2023-09-05","017200","202000043948","0.8880","0.8880","","",""
"2023-09-06","017200","202000043948","0.8874","0.8874","","",""
"2023-09-07","017200","202000043948","0.8755","0.8755","","",""
"2023-09-08","017200","202000043948","0.8804","0.8804","","",""
"2023-09-11","017200","202000043948","0.8833","0.8833","","",""
"2023-09-12","017200","202000043948","0.8822","0.8822","","",""
"2023-09-13","017200","202000043948","0.8800","0.8800","","",""
"2023-09-14","017200","202000043948","0.8788","0.8788","","",""
"2023-09-15","017200","202000043948","0.8767","0.8767","","",""
"2023-09-18","017200","202000043948","0.8737","0.8737","","",""
"2023-09-19","017200","202000043948","0.8760","0.8760","","",""
"2023-09-20","017200","202000043948","0.8707","0.8707","","",""
"2023-09-21","017200","202000043948","0.8668","0.8668","","",""
"2023-09-22","017200","202000043948","0.8721","0.8721","","",""
"2023-09-25","017200","202000043948","0.8708","0.8708","","",""
"2023-09-26","017200","202000043948","0.8679","0.8679","","",""
"2023-09-27","017200","202000043948","0.8705","0.8705","","",""
"2023-09-28","017200","202000043948","0.8719","0.8719","","",""
"2023-10-09","017200","202000043948","0.8693","0.8693","","",""
"2023-10-10","017200","202000043948","0.8648","0.8648","","",""
"2023-10-11","017200","202000043948","0.8641","0.8641","","",""
"2023-10-12","017200","202000043948","0.8645","0.8645","","",""
"2023-10-13","017200","202000043948","0.8609","0.8609","","",""
"2023-10-16","017200","202000043948","0.8602","0.8602","","",""
"2023-10-17","017200","202000043948","0.8659","0.8659","","",""
"2023-10-18","017200","202000043948","0.8614","0.8614","","",""
"2023-10-19","017200","202000043948","0.8506","0.8506","","",""
"2023-10-20","017200","202000043948","0.8479","0.8479","","",""
"2023-10-23","017200","202000043948","0.8385","0.8385","","",""
"2023-10-24","017200","202000043948","0.8437","0.8437","","",""
"2023-10-25","017200","202000043948","0.8433","0.8433","","",""
"2023-10-26","017200","202000043948","0.8394","0.8394","","",""
"2023-10-27","017200","202000043948","0.8498","0.8498","","",""
"2023-10-30","017200","202000043948","0.8559","0.8559","","",""
"2023-10-31","017200","202000043948","0.8576","0.8576","","",""
"2023-11-01","017200","202000043948","0.8537","0.8537","","",""
"2023-11-02","017200","202000043948","0.8491","0.8491","","",""
"2023-11-03","017200","202000043948","0.8563","0.8563","","",""
"2023-11-06","017200","202000043948","0.8645","0.8645","","",""
"2023-11-07","017200","202000043948","0.8596","0.8596","","",""
"2023-11-08","017200","202000043948","0.8602","0.8602","","",""
"2023-11-09","017200","202000043948","0.8568","0.8568","","",""
"2023-11-10","017200","202000043948","0.8505","0.8505","","",""
"2023-11-13","017200","202000043948","0.8537","0.8537","","",""
"2023-11-14","017200","202000043948","0.8534","0.8534","","",""
"2023-11-15","017200","202000043948","0.8599","0.8599","","",""
"2023-11-16","017200","202000043948","0.8537","0.8537","","",""
"2023-11-17","017200","202000043948","0.8501","0.8501","","",""
"2023-11-20","017200","202000043948","0.8552","0.8552","","",""
"2023-11-21","017200","202000043948","0.8513","0.8513","","",""
"2023-11-22","017200","202000043948","0.8444","0.8444","","",""
"2023-11-23","017200","202000043948","0.8516","0.8516","","",""
"2023-11-24","017200","202000043948","0.8453","0.8453","","",""
"2023-11-27","017200","202000043948","0.8441","0.8441","","",""
"2023-11-28","017200","202000043948","0.8427","0.8427","","",""
"2023-11-29","017200","202000043948","0.8374","0.8374","","",""
"2023-11-30","017200","202000043948","0.8379","0.8379","","",""
"2023-12-01","017200","202000043948","0.8328","0.8328","","",""
"2023-12-04","017200","202000043948","0.8282","0.8282","","",""
"2023-12-05","017200","202000043948","0.8134","0.8134","","",""
"2023-12-06","017200","202000043948","0.8157","0.8157","","",""
"2023-12-07","017200","202000043948","0.8132","0.8132","","",""
"2023-12-08","017200","202000043948","0.8088","0.8088","","",""
"2023-12-11","017200","202000043948","0.8195","0.8195","","",""
"2023-12-12","017200","202000043948","0.8198","0.8198","","",""
"2023-12-13","017200","202000043948","0.8100","0.8100","","",""
"2023-12-14","017200","202000043948","0.8100","0.8100","","",""
"2023-12-15","017200","202000043948","0.8067","0.8067","","",""
"2023-12-18","017200","202000043948","0.8058","0.8058","","",""
"2023-12-19","017200","202000043948","0.8043","0.8043","","",""
"2023-12-20","017200","202000043948","0.8006","0.8006","","",""
"2023-12-21","017200","202000043948","0.7975","0.7975","","",""
"2023-12-22","017200","202000043948","0.7958","0.7958","","",""
"2023-12-25","017200","202000043948","0.7973","0.7973","","",""
"2023-12-26","017200","202000043948","0.7956","0.7956","","",""
"2023-12-27","017200","202000043948","0.8006","0.8006","","",""
"2023-12-28","017200","202000043948","0.8000","0.8000","","",""
"2023-12-29","017200","202000043948","0.8051","0.8051","","",""
"2023-12-31","017200","202000043948","0.8050","0.8050","","",""
"2024-01-02","017200","202000043948","0.8053","0.8053","","",""
"2024-01-03","017200","202000043948","0.8089","0.8089","","",""
"2024-01-04","017200","202000043948","0.8082","0.8082","","",""
"2024-01-05","017200","202000043948","0.8031","0.8031","","",""
"2024-01-08","017200","202000043948","0.7994","0.7994","","",""
"2024-01-09","017200","202000043948","0.8016","0.8016","","",""
"2024-01-10","017200","202000043948","0.7992","0.7992","","",""
"2024-01-11","017200","202000043948","0.7970","0.7970","","",""
"2024-01-12","017200","202000043948","0.7994","0.7994","","",""
"2024-01-15","017200","202000043948","0.8001","0.8001","","",""
"2024-01-16","017200","202000043948","0.8012","0.8012","","",""
"2024-01-17","017200","202000043948","0.7922","0.7922","","",""
"2024-01-18","017200","202000043948","0.7948","0.7948","","",""
"2024-01-19","017200","202000043948","0.7938","0.7938","","",""
"2024-01-22","017200","202000043948","0.7824","0.7824","","",""
"2024-01-23","017200","202000043948","0.7855","0.7855","","",""
"2024-01-24","017200","202000043948","0.7947","0.7947","","",""
"2024-01-25","017200","202000043948","0.8061","0.8061","","",""
"2024-01-26","017200","202000043948","0.8057","0.8057","","",""
"2024-01-29","017200","202000043948","0.8069","0.8069","","",""
"2024-01-30","017200","202000043948","0.8016","0.8016","","",""
"2024-01-31","017200","202000043948","0.7981","0.7981","","",""
"2024-02-01","017200","202000043948","0.7931","0.7931","","",""
"2024-02-02","017200","202000043948","0.7896","0.7896","","",""
"2024-02-05","017200","202000043948","0.7949","0.7949","","",""
"2024-02-06","017200","202000043948","0.8099","0.8099","","",""
"2024-02-07","017200","202000043948","0.8184","0.8184","","",""
"2024-02-08","017200","202000043948","0.8196","0.8196","","",""
"2024-02-19","017200","202000043948","0.8255","0.8255","","",""
"2024-02-20","017200","202000043948","0.8301","0.8301","","",""
"2024-02-21","017200","202000043948","0.8292","0.8292","","",""
"2024-02-22","017200","202000043948","0.8344","0.8344","","",""
"2024-02-23","017200","202000043948","0.8327","0.8327","","",""
"2024-02-26","017200","202000043948","0.8254","0.8254","","",""
"2024-02-27","017200","202000043948","0.8291","0.8291","","",""
"2024-02-28","017200","202000043948","0.8246","0.8246","","",""
"2024-02-29","017200","202000043948","0.8317","0.8317","","",""
"2024-03-01","017200","202000043948","0.8310","0.8310","","",""
"2024-03-04","017200","202000043948","0.8389","0.8389","","",""
"2024-03-05","017200","202000043948","0.8427","0.8427","","",""
"2024-03-06","017200","202000043948","0.8392","0.8392","","",""
"2024-03-07","017200","202000043948","0.8364","0.8364","","",""
"2024-03-08","017200","202000043948","0.8415","0.8415","","",""
"2024-03-11","017200","202000043948","0.8405","0.8405","","",""
"2024-03-12","017200","202000043948","0.8334","0.8334","","",""
"2024-03-13","017200","202000043948","0.8320","0.8320","","",""
"2024-03-14","017200","202000043948","0.8307","0.8307","","",""
"2024-03-15","017200","202000043948","0.8313","0.8313","","",""
"2024-03-18","017200","202000043948","0.8356","0.8356","","",""
"2024-03-19","017200","202000043948","0.8266","0.8266","","",""
"2024-03-20","017200","202000043948","0.8297","0.8297","","",""
"2024-03-21","017200","202000043948","0.8286","0.8286","","",""
"2024-03-22","017200","202000043948","0.8284","0.8284","","",""
"2024-03-25","017200","202000043948","0.8238","0.8238","","",""
"2024-03-26","017200","202000043948","0.8264","0.8264","","",""
"2024-03-27","017200","202000043948","0.8227","0.8227","","",""
"2024-03-28","017200","202000043948","0.8240","0.8240","","",""
"2024-03-29","017200","202000043948","0.8307","0.8307","","",""
"2024-04-01","017200","202000043948","0.8301","0.8301","","",""
"2023-08-18","017581","202000047096","1.0000","1.0000","","",""
"2023-08-21","017581","202000047096","1.0000","1.0000","","",""
"2023-08-25","017581","202000047096","1.0002","1.0002","","",""
"2023-09-01","017581","202000047096","1.0005","1.0005","","",""
"2023-09-08","017581","202000047096","1.0008","1.0008","","",""
"2023-09-15","017581","202000047096","1.0011","1.0011","","",""
"2023-09-22","017581","202000047096","1.0014","1.0014","","",""
"2023-09-28","017581","202000047096","1.0019","1.0019","","",""
"2023-10-13","017581","202000047096","1.0030","1.0030","","",""
"2023-10-20","017581","202000047096","1.0033","1.0033","","",""
"2023-10-27","017581","202000047096","1.0037","1.0037","","",""
"2023-11-03","017581","202000047096","1.0041","1.0041","","",""
"2023-11-10","017581","202000047096","1.0044","1.0044","","",""
"2023-11-17","017581","202000047096","1.0047","1.0047","","",""
"2023-11-24","017581","202000047096","1.0051","1.0051","","",""
"2023-12-01","017581","202000047096","1.0055","1.0055","","",""
"2023-12-08","017581","202000047096","1.0059","1.0059","","",""
"2023-12-15","017581","202000047096","1.0062","1.0062","","",""
"2023-12-22","017581","202000047096","1.0066","1.0066","","",""
"2023-12-29","017581","202000047096","1.0071","1.0071","","",""
"2023-12-31","017581","202000047096","1.0073","1.0073","","",""
"2024-01-05","017581","202000047096","1.0076","1.0076","","",""
"2024-01-12","017581","202000047096","1.0080","1.0080","","",""
"2024-01-19","017581","202000047096","1.0084","1.0084","","",""
"2024-01-26","017581","202000047096","1.0087","1.0087","","",""
"2024-02-02","017581","202000047096","1.0093","1.0093","","",""
"2024-02-08","017581","202000047096","1.0097","1.0097","","",""
"2024-02-23","017581","202000047096","1.0111","1.0111","","",""
"2024-03-01","017581","202000047096","1.0120","1.0120","","",""
"2024-03-08","017581","202000047096","1.0127","1.0127","","",""
"2024-03-15","017581","202000047096","1.0123","1.0123","","",""
"2024-03-22","017581","202000047096","1.0128","1.0128","","",""
"2024-03-29","017581","202000047096","1.0126","1.0126","","",""
"2023-08-18","017582","202000047095","1.0000","1.0000","","",""
"2023-08-21","017582","202000047095","1.0000","1.0000","","",""
"2023-08-25","017582","202000047095","1.0000","1.0000","","",""
"2023-09-01","017582","202000047095","1.0000","1.0000","","",""
"2023-09-08","017582","202000047095","1.0000","1.0000","","",""
"2023-09-15","017582","202000047095","1.0000","1.0000","","",""
"2023-09-22","017582","202000047095","1.0000","1.0000","","",""
"2023-04-28","018118","202000045804","1.0000","1.0000","","",""
"2023-05-05","018118","202000045804","1.0000","1.0000","","",""
"2023-05-12","018118","202000045804","1.0000","1.0000","","",""
"2023-05-19","018118","202000045804","1.0001","1.0001","","",""
"2023-05-26","018118","202000045804","1.0001","1.0001","","",""
"2023-05-29","018118","202000045804","1.0001","1.0001","","",""
"2023-05-30","018118","202000045804","1.0023","1.0023","","",""
"2023-05-31","018118","202000045804","0.9970","0.9970","","",""
"2023-06-01","018118","202000045804","1.0016","1.0016","","",""
"2023-06-02","018118","202000045804","1.0163","1.0163","","",""
"2023-06-05","018118","202000045804","1.0134","1.0134","","",""
"2023-06-06","018118","202000045804","1.0075","1.0075","","",""
"2023-06-07","018118","202000045804","1.0032","1.0032","","",""
"2023-06-08","018118","202000045804","1.0064","1.0064","","",""
"2023-06-09","018118","202000045804","0.9998","0.9998","","",""
"2023-06-12","018118","202000045804","1.0074","1.0074","","",""
"2023-06-13","018118","202000045804","1.0103","1.0103","","",""
"2023-06-14","018118","202000045804","1.0111","1.0111","","",""
"2023-06-15","018118","202000045804","1.0307","1.0307","","",""
"2023-06-16","018118","202000045804","1.0381","1.0381","","",""
"2023-06-19","018118","202000045804","1.0304","1.0304","","",""
"2023-06-20","018118","202000045804","1.0336","1.0336","","",""
"2023-06-21","018118","202000045804","1.0217","1.0217","","",""
"2023-06-26","018118","202000045804","1.0163","1.0163","","",""
"2023-06-27","018118","202000045804","1.0292","1.0292","","",""
"2023-06-28","018118","202000045804","1.0274","1.0274","","",""
"2023-06-29","018118","202000045804","1.0241","1.0241","","",""
"2023-06-30","018118","202000045804","1.0259","1.0259","","",""
"2023-07-03","018118","202000045804","1.0368","1.0368","","",""
"2023-07-04","018118","202000045804","1.0359","1.0359","","",""
"2023-07-05","018118","202000045804","1.0251","1.0251","","",""
"2023-07-06","018118","202000045804","1.0186","1.0186","","",""
"2023-07-07","018118","202000045804","1.0087","1.0087","","",""
"2023-07-10","018118","202000045804","1.0147","1.0147","","",""
"2023-07-11","018118","202000045804","1.0152","1.0152","","",""
"2023-07-12","018118","202000045804","1.0131","1.0131","","",""
"2023-07-13","018118","202000045804","1.0222","1.0222","","",""
"2023-07-14","018118","202000045804","1.0165","1.0165","","",""
"2023-07-17","018118","202000045804","1.0090","1.0090","","",""
"2023-07-18","018118","202000045804","1.0028","1.0028","","",""
"2023-07-19","018118","202000045804","1.0011","1.0011","","",""
"2023-07-20","018118","202000045804","0.9979","0.9979","","",""
"2023-07-21","018118","202000045804","0.9934","0.9934","","",""
"2023-07-24","018118","202000045804","0.9802","0.9802","","",""
"2023-07-25","018118","202000045804","1.0228","1.0228","","",""
"2023-07-26","018118","202000045804","1.0204","1.0204","","",""
"2023-07-27","018118","202000045804","1.0226","1.0226","","",""
"2023-07-28","018118","202000045804","1.0459","1.0459","","",""
"2023-07-31","018118","202000045804","1.0567","1.0567","","",""
"2023-08-01","018118","202000045804","1.0457","1.0457","","",""
"2023-08-02","018118","202000045804","1.0412","1.0412","","",""
"2023-08-03","018118","202000045804","1.0481","1.0481","","",""
"2023-08-04","018118","202000045804","1.0528","1.0528","","",""
"2023-08-07","018118","202000045804","1.0450","1.0450","","",""
"2023-08-08","018118","202000045804","1.0391","1.0391","","",""
"2023-08-09","018118","202000045804","1.0389","1.0389","","",""
"2023-08-10","018118","202000045804","1.0389","1.0389","","",""
"2023-08-11","018118","202000045804","1.0198","1.0198","","",""
"2023-08-14","018118","202000045804","1.0111","1.0111","","",""
"2023-08-15","018118","202000045804","1.0044","1.0044","","",""
"2023-08-16","018118","202000045804","1.0029","1.0029","","",""
"2023-08-17","018118","202000045804","1.0098","1.0098","","",""
"2023-08-18","018118","202000045804","0.9987","0.9987","","",""
"2023-08-21","018118","202000045804","0.9822","0.9822","","",""
"2023-08-22","018118","202000045804","0.9829","0.9829","","",""
"2023-08-23","018118","202000045804","0.9667","0.9667","","",""
"2023-08-24","018118","202000045804","0.9730","0.9730","","",""
"2023-08-25","018118","202000045804","0.9703","0.9703","","",""
"2023-08-28","018118","202000045804","0.9738","0.9738","","",""
"2023-08-29","018118","202000045804","0.9809","0.9809","","",""
"2023-08-30","018118","202000045804","0.9826","0.9826","","",""
"2023-08-31","018118","202000045804","0.9680","0.9680","","",""
"2023-09-01","018118","202000045804","0.9760","0.9760","","",""
"2023-09-04","018118","202000045804","0.9896","0.9896","","",""
"2023-09-05","018118","202000045804","0.9800","0.9800","","",""
"2023-09-06","018118","202000045804","0.9789","0.9789","","",""
"2023-09-07","018118","202000045804","0.9598","0.9598","","",""
"2023-09-08","018118","202000045804","0.9498","0.9498","","",""
"2023-09-11","018118","202000045804","0.9467","0.9467","","",""
"2023-09-12","018118","202000045804","0.9439","0.9439","","",""
"2023-09-13","018118","202000045804","0.9367","0.9367","","",""
"2023-09-14","018118","202000045804","0.9298","0.9298","","",""
"2023-09-15","018118","202000045804","0.9210","0.9210","","",""
"2023-09-18","018118","202000045804","0.9209","0.9209","","",""
"2023-09-19","018118","202000045804","0.9170","0.9170","","",""
"2023-09-20","018118","202000045804","0.9126","0.9126","","",""
"2023-09-21","018118","202000045804","0.9050","0.9050","","",""
"2023-09-22","018118","202000045804","0.9204","0.9204","","",""
"2023-09-25","018118","202000045804","0.9070","0.9070","","",""
"2023-09-26","018118","202000045804","0.8956","0.8956","","",""
"2023-09-27","018118","202000045804","0.9002","0.9002","","",""
"2023-09-28","018118","202000045804","0.8960","0.8960","","",""
"2023-10-09","018118","202000045804","0.8899","0.8899","","",""
"2023-10-10","018118","202000045804","0.8828","0.8828","","",""
"2023-10-11","018118","202000045804","0.8884","0.8884","","",""
"2023-10-12","018118","202000045804","0.9014","0.9014","","",""
"2023-10-13","018118","202000045804","0.8846","0.8846","","",""
"2023-10-16","018118","202000045804","0.8667","0.8667","","",""
"2023-10-17","018118","202000045804","0.8669","0.8669","","",""
"2023-10-18","018118","202000045804","0.8584","0.8584","","",""
"2023-10-19","018118","202000045804","0.8412","0.8412","","",""
"2023-10-20","018118","202000045804","0.8373","0.8373","","",""
"2023-10-23","018118","202000045804","0.8296","0.8296","","",""
"2023-10-24","018118","202000045804","0.8243","0.8243","","",""
"2023-10-25","018118","202000045804","0.8286","0.8286","","",""
"2023-10-26","018118","202000045804","0.8250","0.8250","","",""
"2023-10-27","018118","202000045804","0.8434","0.8434","","",""
"2023-10-30","018118","202000045804","0.8497","0.8497","","",""
"2023-10-31","018118","202000045804","0.8406","0.8406","","",""
"2023-11-01","018118","202000045804","0.8382","0.8382","","",""
"2023-11-02","018118","202000045804","0.8296","0.8296","","",""
"2023-11-03","018118","202000045804","0.8423","0.8423","","",""
"2023-11-06","018118","202000045804","0.8647","0.8647","","",""
"2023-11-07","018118","202000045804","0.8561","0.8561","","",""
"2023-11-08","018118","202000045804","0.8560","0.8560","","",""
"2023-11-09","018118","202000045804","0.8547","0.8547","","",""
"2023-11-10","018118","202000045804","0.8478","0.8478","","",""
"2023-11-13","018118","202000045804","0.8464","0.8464","","",""
"2023-11-14","018118","202000045804","0.8447","0.8447","","",""
"2023-11-15","018118","202000045804","0.8570","0.8570","","",""
"2023-11-16","018118","202000045804","0.8492","0.8492","","",""
"2023-11-17","018118","202000045804","0.8415","0.8415","","",""
"2023-11-20","018118","202000045804","0.8467","0.8467","","",""
"2023-11-21","018118","202000045804","0.8477","0.8477","","",""
"2023-11-22","018118","202000045804","0.8369","0.8369","","",""
"2023-11-23","018118","202000045804","0.8456","0.8456","","",""
"2023-11-24","018118","202000045804","0.8369","0.8369","","",""
"2023-11-27","018118","202000045804","0.8278","0.8278","","",""
"2023-11-28","018118","202000045804","0.8290","0.8290","","",""
"2023-11-29","018118","202000045804","0.8147","0.8147","","",""
"2023-11-30","018118","202000045804","0.8169","0.8169","","",""
"2023-12-01","018118","202000045804","0.8103","0.8103","","",""
"2023-12-04","018118","202000045804","0.7964","0.7964","","",""
"2023-12-05","018118","202000045804","0.7826","0.7826","","",""
"2023-12-06","018118","202000045804","0.7906","0.7906","","",""
"2023-12-07","018118","202000045804","0.7878","0.7878","","",""
"2023-12-08","018118","202000045804","0.7851","0.7851","","",""
"2023-12-11","018118","202000045804","0.7852","0.7852","","",""
"2023-12-12","018118","202000045804","0.7947","0.7947","","",""
"2023-12-13","018118","202000045804","0.7777","0.7777","","",""
"2023-12-14","018118","202000045804","0.7742","0.7742","","",""
"2023-12-15","018118","202000045804","0.7792","0.7792","","",""
"2023-12-18","018118","202000045804","0.7721","0.7721","","",""
"2023-12-19","018118","202000045804","0.7732","0.7732","","",""
"2023-12-20","018118","202000045804","0.7696","0.7696","","",""
"2023-12-21","018118","202000045804","0.7792","0.7792","","",""
"2023-12-22","018118","202000045804","0.7691","0.7691","","",""
"2023-12-25","018118","202000045804","0.7717","0.7717","","",""
"2023-12-26","018118","202000045804","0.7678","0.7678","","",""
"2023-12-27","018118","202000045804","0.7711","0.7711","","",""
"2023-12-28","018118","202000045804","0.7971","0.7971","","",""
"2023-12-29","018118","202000045804","0.8018","0.8018","","",""
"2023-12-31","018118","202000045804","0.8017","0.8017","","",""
"2024-01-02","018118","202000045804","0.7887","0.7887","","",""
"2024-01-03","018118","202000045804","0.7836","0.7836","","",""
"2024-01-04","018118","202000045804","0.7739","0.7739","","",""
"2024-01-05","018118","202000045804","0.7708","0.7708","","",""
"2024-01-08","018118","202000045804","0.7593","0.7593","","",""
"2024-01-09","018118","202000045804","0.7602","0.7602","","",""
"2024-01-10","018118","202000045804","0.7599","0.7599","","",""
"2024-01-11","018118","202000045804","0.7683","0.7683","","",""
"2024-01-12","018118","202000045804","0.7655","0.7655","","",""
"2024-01-15","018118","202000045804","0.7633","0.7633","","",""
"2024-01-16","018118","202000045804","0.7631","0.7631","","",""
"2024-01-17","018118","202000045804","0.7429","0.7429","","",""
"2024-01-18","018118","202000045804","0.7500","0.7500","","",""
"2024-01-19","018118","202000045804","0.7477","0.7477","","",""
"2024-01-22","018118","202000045804","0.7238","0.7238","","",""
"2024-01-23","018118","202000045804","0.7316","0.7316","","",""
"2024-01-24","018118","202000045804","0.7428","0.7428","","",""
"2024-01-25","018118","202000045804","0.7605","0.7605","","",""
"2024-01-26","018118","202000045804","0.7539","0.7539","","",""
"2024-01-29","018118","202000045804","0.7466","0.7466","","",""
"2024-01-30","018118","202000045804","0.7271","0.7271","","",""
"2024-01-31","018118","202000045804","0.7209","0.7209","","",""
"2024-02-01","018118","202000045804","0.7183","0.7183","","",""
"2024-02-02","018118","202000045804","0.7101","0.7101","","",""
"2024-02-05","018118","202000045804","0.7071","0.7071","","",""
"2024-02-06","018118","202000045804","0.7373","0.7373","","",""
"2024-02-07","018118","202000045804","0.7462","0.7462","","",""
"2024-02-08","018118","202000045804","0.7555","0.7555","","",""
"2024-02-19","018118","202000045804","0.7578","0.7578","","",""
"2024-02-20","018118","202000045804","0.7572","0.7572","","",""
"2024-02-21","018118","202000045804","0.7708","0.7708","","",""
"2024-02-22","018118","202000045804","0.7727","0.7727","","",""
"2024-02-23","018118","202000045804","0.7732","0.7732","","",""
"2024-02-26","018118","202000045804","0.7676","0.7676","","",""
"2024-02-27","018118","202000045804","0.7735","0.7735","","",""
"2024-02-28","018118","202000045804","0.7634","0.7634","","",""
"2024-02-29","018118","202000045804","0.7784","0.7784","","",""
"2024-03-01","018118","202000045804","0.7831","0.7831","","",""
"2024-03-04","018118","202000045804","0.7770","0.7770","","",""
"2024-03-05","018118","202000045804","0.7743","0.7743","","",""
"2024-03-06","018118","202000045804","0.7753","0.7753","","",""
"2024-03-07","018118","202000045804","0.7690","0.7690","","",""
"2024-03-08","018118","202000045804","0.7703","0.7703","","",""
"2024-03-11","018118","202000045804","0.7972","0.7972","","",""
"2024-03-12","018118","202000045804","0.8135","0.8135","","",""
"2024-03-13","018118","202000045804","0.8089","0.8089","","",""
"2024-03-14","018118","202000045804","0.8069","0.8069","","",""
"2024-03-15","018118","202000045804","0.8021","0.8021","","",""
"2024-03-18","018118","202000045804","0.8097","0.8097","","",""
"2024-03-19","018118","202000045804","0.8024","0.8024","","",""
"2024-03-20","018118","202000045804","0.8005","0.8005","","",""
"2024-03-21","018118","202000045804","0.7998","0.7998","","",""
"2024-03-22","018118","202000045804","0.7895","0.7895","","",""
"2024-03-25","018118","202000045804","0.7871","0.7871","","",""
"2024-03-26","018118","202000045804","0.7994","0.7994","","",""
"2024-03-27","018118","202000045804","0.7899","0.7899","","",""
"2024-03-28","018118","202000045804","0.7960","0.7960","","",""
"2024-03-29","018118","202000045804","0.7974","0.7974","","",""
"2024-04-01","018118","202000045804","0.8125","0.8125","","",""
"2023-04-28","018119","202000045805","1.0000","1.0000","","",""
"2023-05-05","018119","202000045805","0.9999","0.9999","","",""
"2023-05-12","018119","202000045805","0.9999","0.9999","","",""
"2023-05-19","018119","202000045805","0.9998","0.9998","","",""
"2023-05-26","018119","202000045805","0.9998","0.9998","","",""
"2023-05-29","018119","202000045805","0.9997","0.9997","","",""
"2023-05-30","018119","202000045805","1.0021","1.0021","","",""
"2023-05-31","018119","202000045805","0.9968","0.9968","","",""
"2023-06-01","018119","202000045805","1.0014","1.0014","","",""
"2023-06-02","018119","202000045805","1.0161","1.0161","","",""
"2023-06-05","018119","202000045805","1.0131","1.0131","","",""
"2023-06-06","018119","202000045805","1.0072","1.0072","","",""
"2023-06-07","018119","202000045805","1.0028","1.0028","","",""
"2023-06-08","018119","202000045805","1.0060","1.0060","","",""
"2023-06-09","018119","202000045805","0.9994","0.9994","","",""
"2023-06-12","018119","202000045805","1.0071","1.0071","","",""
"2023-06-13","018119","202000045805","1.0099","1.0099","","",""
"2023-06-14","018119","202000045805","1.0107","1.0107","","",""
"2023-06-15","018119","202000045805","1.0303","1.0303","","",""
"2023-06-16","018119","202000045805","1.0377","1.0377","","",""
"2023-06-19","018119","202000045805","1.0299","1.0299","","",""
"2023-06-20","018119","202000045805","1.0331","1.0331","","",""
"2023-06-21","018119","202000045805","1.0212","1.0212","","",""
"2023-06-26","018119","202000045805","1.0158","1.0158","","",""
"2023-06-27","018119","202000045805","1.0287","1.0287","","",""
"2023-06-28","018119","202000045805","1.0269","1.0269","","",""
"2023-06-29","018119","202000045805","1.0236","1.0236","","",""
"2023-06-30","018119","202000045805","1.0253","1.0253","","",""
"2023-07-03","018119","202000045805","1.0362","1.0362","","",""
"2023-07-04","018119","202000045805","1.0353","1.0353","","",""
"2023-07-05","018119","202000045805","1.0245","1.0245","","",""
"2023-07-06","018119","202000045805","1.0180","1.0180","","",""
"2023-07-07","018119","202000045805","1.0080","1.0080","","",""
"2023-07-10","018119","202000045805","1.0140","1.0140","","",""
"2023-07-11","018119","202000045805","1.0145","1.0145","","",""
"2023-07-12","018119","202000045805","1.0124","1.0124","","",""
"2023-07-13","018119","202000045805","1.0216","1.0216","","",""
"2023-07-14","018119","202000045805","1.0158","1.0158","","",""
"2023-07-17","018119","202000045805","1.0083","1.0083","","",""
"2023-07-18","018119","202000045805","1.0021","1.0021","","",""
"2023-07-19","018119","202000045805","1.0003","1.0003","","",""
"2023-07-20","018119","202000045805","0.9971","0.9971","","",""
"2023-07-21","018119","202000045805","0.9927","0.9927","","",""
"2023-07-24","018119","202000045805","0.9794","0.9794","","",""
"2023-07-25","018119","202000045805","1.0219","1.0219","","",""
"2023-07-26","018119","202000045805","1.0196","1.0196","","",""
"2023-07-27","018119","202000045805","1.0218","1.0218","","",""
"2023-07-28","018119","202000045805","1.0450","1.0450","","",""
"2023-07-31","018119","202000045805","1.0558","1.0558","","",""
"2023-08-01","018119","202000045805","1.0448","1.0448","","",""
"2023-08-02","018119","202000045805","1.0402","1.0402","","",""
"2023-08-03","018119","202000045805","1.0472","1.0472","","",""
"2023-08-04","018119","202000045805","1.0518","1.0518","","",""
"2023-08-07","018119","202000045805","1.0440","1.0440","","",""
"2023-08-08","018119","202000045805","1.0381","1.0381","","",""
"2023-08-09","018119","202000045805","1.0378","1.0378","","",""
"2023-08-10","018119","202000045805","1.0379","1.0379","","",""
"2023-08-11","018119","202000045805","1.0187","1.0187","","",""
"2023-08-14","018119","202000045805","1.0100","1.0100","","",""
"2023-08-15","018119","202000045805","1.0033","1.0033","","",""
"2023-08-16","018119","202000045805","1.0018","1.0018","","",""
"2023-08-17","018119","202000045805","1.0087","1.0087","","",""
"2023-08-18","018119","202000045805","0.9976","0.9976","","",""
"2023-08-21","018119","202000045805","0.9811","0.9811","","",""
"2023-08-22","018119","202000045805","0.9818","0.9818","","",""
"2023-08-23","018119","202000045805","0.9656","0.9656","","",""
"2023-08-24","018119","202000045805","0.9719","0.9719","","",""
"2023-08-25","018119","202000045805","0.9692","0.9692","","",""
"2023-08-28","018119","202000045805","0.9726","0.9726","","",""
"2023-08-29","018119","202000045805","0.9798","0.9798","","",""
"2023-08-30","018119","202000045805","0.9814","0.9814","","",""
"2023-08-31","018119","202000045805","0.9668","0.9668","","",""
"2023-09-01","018119","202000045805","0.9748","0.9748","","",""
"2023-09-04","018119","202000045805","0.9883","0.9883","","",""
"2023-09-05","018119","202000045805","0.9787","0.9787","","",""
"2023-09-06","018119","202000045805","0.9776","0.9776","","",""
"2023-09-07","018119","202000045805","0.9585","0.9585","","",""
"2023-09-08","018119","202000045805","0.9485","0.9485","","",""
"2023-09-11","018119","202000045805","0.9454","0.9454","","",""
"2023-09-12","018119","202000045805","0.9426","0.9426","","",""
"2023-09-13","018119","202000045805","0.9354","0.9354","","",""
"2023-09-14","018119","202000045805","0.9285","0.9285","","",""
"2023-09-15","018119","202000045805","0.9198","0.9198","","",""
"2023-09-18","018119","202000045805","0.9196","0.9196","","",""
"2023-09-19","018119","202000045805","0.9156","0.9156","","",""
"2023-09-20","018119","202000045805","0.9112","0.9112","","",""
"2023-09-21","018119","202000045805","0.9037","0.9037","","",""
"2023-09-22","018119","202000045805","0.9190","0.9190","","",""
"2023-09-25","018119","202000045805","0.9056","0.9056","","",""
"2023-09-26","018119","202000045805","0.8943","0.8943","","",""
"2023-09-27","018119","202000045805","0.8988","0.8988","","",""
"2023-09-28","018119","202000045805","0.8946","0.8946","","",""
"2023-10-09","018119","202000045805","0.8884","0.8884","","",""
"2023-10-10","018119","202000045805","0.8813","0.8813","","",""
"2023-10-11","018119","202000045805","0.8869","0.8869","","",""
"2023-10-12","018119","202000045805","0.8998","0.8998","","",""
"2023-10-13","018119","202000045805","0.8831","0.8831","","",""
"2023-10-16","018119","202000045805","0.8652","0.8652","","",""
"2023-10-17","018119","202000045805","0.8654","0.8654","","",""
"2023-10-18","018119","202000045805","0.8569","0.8569","","",""
"2023-10-19","018119","202000045805","0.8397","0.8397","","",""
"2023-10-20","018119","202000045805","0.8358","0.8358","","",""
"2023-10-23","018119","202000045805","0.8281","0.8281","","",""
"2023-10-24","018119","202000045805","0.8228","0.8228","","",""
"2023-10-25","018119","202000045805","0.8271","0.8271","","",""
"2023-10-26","018119","202000045805","0.8235","0.8235","","",""
"2023-10-27","018119","202000045805","0.8418","0.8418","","",""
"2023-10-30","018119","202000045805","0.8481","0.8481","","",""
"2023-10-31","018119","202000045805","0.8390","0.8390","","",""
"2023-11-01","018119","202000045805","0.8366","0.8366","","",""
"2023-11-02","018119","202000045805","0.8280","0.8280","","",""
"2023-11-03","018119","202000045805","0.8407","0.8407","","",""
"2023-11-06","018119","202000045805","0.8630","0.8630","","",""
"2023-11-07","018119","202000045805","0.8544","0.8544","","",""
"2023-11-08","018119","202000045805","0.8543","0.8543","","",""
"2023-11-09","018119","202000045805","0.8530","0.8530","","",""
"2023-11-10","018119","202000045805","0.8461","0.8461","","",""
"2023-11-13","018119","202000045805","0.8446","0.8446","","",""
"2023-11-14","018119","202000045805","0.8430","0.8430","","",""
"2023-11-15","018119","202000045805","0.8552","0.8552","","",""
"2023-11-16","018119","202000045805","0.8475","0.8475","","",""
"2023-11-17","018119","202000045805","0.8398","0.8398","","",""
"2023-11-20","018119","202000045805","0.8449","0.8449","","",""
"2023-11-21","018119","202000045805","0.8459","0.8459","","",""
"2023-11-22","018119","202000045805","0.8352","0.8352","","",""
"2023-11-23","018119","202000045805","0.8438","0.8438","","",""
"2023-11-24","018119","202000045805","0.8351","0.8351","","",""
"2023-11-27","018119","202000045805","0.8260","0.8260","","",""
"2023-11-28","018119","202000045805","0.8271","0.8271","","",""
"2023-11-29","018119","202000045805","0.8129","0.8129","","",""
"2023-11-30","018119","202000045805","0.8150","0.8150","","",""
"2023-12-01","018119","202000045805","0.8084","0.8084","","",""
"2023-12-04","018119","202000045805","0.7946","0.7946","","",""
"2023-12-05","018119","202000045805","0.7808","0.7808","","",""
"2023-12-06","018119","202000045805","0.7887","0.7887","","",""
"2023-12-07","018119","202000045805","0.7860","0.7860","","",""
"2023-12-08","018119","202000045805","0.7833","0.7833","","",""
"2023-12-11","018119","202000045805","0.7834","0.7834","","",""
"2023-12-12","018119","202000045805","0.7928","0.7928","","",""
"2023-12-13","018119","202000045805","0.7758","0.7758","","",""
"2023-12-14","018119","202000045805","0.7724","0.7724","","",""
"2023-12-15","018119","202000045805","0.7774","0.7774","","",""
"2023-12-18","018119","202000045805","0.7702","0.7702","","",""
"2023-12-19","018119","202000045805","0.7713","0.7713","","",""
"2023-12-20","018119","202000045805","0.7677","0.7677","","",""
"2023-12-21","018119","202000045805","0.7773","0.7773","","",""
"2023-12-22","018119","202000045805","0.7672","0.7672","","",""
"2023-12-25","018119","202000045805","0.7698","0.7698","","",""
"2023-12-26","018119","202000045805","0.7659","0.7659","","",""
"2023-12-27","018119","202000045805","0.7691","0.7691","","",""
"2023-12-28","018119","202000045805","0.7951","0.7951","","",""
"2023-12-29","018119","202000045805","0.7998","0.7998","","",""
"2023-12-31","018119","202000045805","0.7997","0.7997","","",""
"2024-01-02","018119","202000045805","0.7867","0.7867","","",""
"2024-01-03","018119","202000045805","0.7816","0.7816","","",""
"2024-01-04","018119","202000045805","0.7718","0.7718","","",""
"2024-01-05","018119","202000045805","0.7688","0.7688","","",""
"2024-01-08","018119","202000045805","0.7573","0.7573","","",""
"2024-01-09","018119","202000045805","0.7582","0.7582","","",""
"2024-01-10","018119","202000045805","0.7579","0.7579","","",""
"2024-01-11","018119","202000045805","0.7662","0.7662","","",""
"2024-01-12","018119","202000045805","0.7634","0.7634","","",""
"2024-01-15","018119","202000045805","0.7613","0.7613","","",""
"2024-01-16","018119","202000045805","0.7610","0.7610","","",""
"2024-01-17","018119","202000045805","0.7408","0.7408","","",""
"2024-01-18","018119","202000045805","0.7480","0.7480","","",""
"2024-01-19","018119","202000045805","0.7456","0.7456","","",""
"2024-01-22","018119","202000045805","0.7218","0.7218","","",""
"2024-01-23","018119","202000045805","0.7295","0.7295","","",""
"2024-01-24","018119","202000045805","0.7407","0.7407","","",""
"2024-01-25","018119","202000045805","0.7584","0.7584","","",""
"2024-01-26","018119","202000045805","0.7517","0.7517","","",""
"2024-01-29","018119","202000045805","0.7444","0.7444","","",""
"2024-01-30","018119","202000045805","0.7250","0.7250","","",""
"2024-01-31","018119","202000045805","0.7188","0.7188","","",""
"2024-02-01","018119","202000045805","0.7162","0.7162","","",""
"2024-02-02","018119","202000045805","0.7080","0.7080","","",""
"2024-02-05","018119","202000045805","0.7050","0.7050","","",""
"2024-02-06","018119","202000045805","0.7351","0.7351","","",""
"2024-02-07","018119","202000045805","0.7440","0.7440","","",""
"2024-02-08","018119","202000045805","0.7533","0.7533","","",""
"2024-02-19","018119","202000045805","0.7561","0.7561","","",""
"2024-02-20","018119","202000045805","0.7554","0.7554","","",""
"2024-02-21","018119","202000045805","0.7690","0.7690","","",""
"2024-02-22","018119","202000045805","0.7709","0.7709","","",""
"2024-02-23","018119","202000045805","0.7714","0.7714","","",""
"2024-02-26","018119","202000045805","0.7657","0.7657","","",""
"2024-02-27","018119","202000045805","0.7716","0.7716","","",""
"2024-02-28","018119","202000045805","0.7615","0.7615","","",""
"2024-02-29","018119","202000045805","0.7765","0.7765","","",""
"2024-03-01","018119","202000045805","0.7812","0.7812","","",""
"2024-03-04","018119","202000045805","0.7751","0.7751","","",""
"2024-03-05","018119","202000045805","0.7724","0.7724","","",""
"2024-03-06","018119","202000045805","0.7734","0.7734","","",""
"2024-03-07","018119","202000045805","0.7671","0.7671","","",""
"2024-03-08","018119","202000045805","0.7684","0.7684","","",""
"2024-03-11","018119","202000045805","0.7952","0.7952","","",""
"2024-03-12","018119","202000045805","0.8114","0.8114","","",""
"2024-03-13","018119","202000045805","0.8069","0.8069","","",""
"2024-03-14","018119","202000045805","0.8049","0.8049","","",""
"2024-03-15","018119","202000045805","0.8001","0.8001","","",""
"2024-03-18","018119","202000045805","0.8076","0.8076","","",""
"2024-03-19","018119","202000045805","0.8003","0.8003","","",""
"2024-03-20","018119","202000045805","0.7984","0.7984","","",""
"2024-03-21","018119","202000045805","0.7977","0.7977","","",""
"2024-03-22","018119","202000045805","0.7874","0.7874","","",""
"2024-03-25","018119","202000045805","0.7850","0.7850","","",""
"2024-03-26","018119","202000045805","0.7972","0.7972","","",""
"2024-03-27","018119","202000045805","0.7878","0.7878","","",""
"2024-03-28","018119","202000045805","0.7938","0.7938","","",""
"2024-03-29","018119","202000045805","0.7952","0.7952","","",""
"2024-04-01","018119","202000045805","0.8102","0.8102","","",""
"2023-04-07","018130","202000045468","0.9997","0.9997","","",""
"2023-04-14","018130","202000045468","1.0008","1.0008","","",""
"2023-04-21","018130","202000045468","0.9956","0.9956","","",""
"2023-04-28","018130","202000045468","1.0013","1.0013","","",""
"2023-05-05","018130","202000045468","0.9932","0.9932","","",""
"2023-05-12","018130","202000045468","0.9667","0.9667","","",""
"2023-05-19","018130","202000045468","0.9680","0.9680","","",""
"2023-05-26","018130","202000045468","0.9528","0.9528","","",""
"2023-06-02","018130","202000045468","0.9720","0.9720","","",""
"2023-06-09","018130","202000045468","0.9651","0.9651","","",""
"2023-06-16","018130","202000045468","0.9756","0.9756","","",""
"2023-06-21","018130","202000045468","0.9542","0.9542","","",""
"2023-06-29","018130","202000045468","0.9644","0.9644","","",""
"2023-06-30","018130","202000045468","0.9680","0.9680","","",""
"2023-07-03","018130","202000045468","0.9809","0.9809","","",""
"2023-07-04","018130","202000045468","0.9819","0.9819","","",""
"2023-07-05","018130","202000045468","0.9788","0.9788","","",""
"2023-07-06","018130","202000045468","0.9746","0.9746","","",""
"2023-07-07","018130","202000045468","0.9749","0.9749","","",""
"2023-07-10","018130","202000045468","0.9747","0.9747","","",""
"2023-07-11","018130","202000045468","0.9766","0.9766","","",""
"2023-07-12","018130","202000045468","0.9646","0.9646","","",""
"2023-07-13","018130","202000045468","0.9730","0.9730","","",""
"2023-07-14","018130","202000045468","0.9763","0.9763","","",""
"2023-07-17","018130","202000045468","0.9790","0.9790","","",""
"2023-07-18","018130","202000045468","0.9774","0.9774","","",""
"2023-07-19","018130","202000045468","0.9789","0.9789","","",""
"2023-07-20","018130","202000045468","0.9687","0.9687","","",""
"2023-07-21","018130","202000045468","0.9633","0.9633","","",""
"2023-07-24","018130","202000045468","0.9645","0.9645","","",""
"2023-07-25","018130","202000045468","0.9765","0.9765","","",""
"2023-07-26","018130","202000045468","0.9684","0.9684","","",""
"2023-07-27","018130","202000045468","0.9650","0.9650","","",""
"2023-07-28","018130","202000045468","0.9749","0.9749","","",""
"2023-07-31","018130","202000045468","0.9845","0.9845","","",""
"2023-08-01","018130","202000045468","0.9846","0.9846","","",""
"2023-08-02","018130","202000045468","0.9766","0.9766","","",""
"2023-08-03","018130","202000045468","0.9791","0.9791","","",""
"2023-08-04","018130","202000045468","0.9811","0.9811","","",""
"2023-08-07","018130","202000045468","0.9770","0.9770","","",""
"2023-08-08","018130","202000045468","0.9755","0.9755","","",""
"2023-08-09","018130","202000045468","0.9676","0.9676","","",""
"2023-08-10","018130","202000045468","0.9695","0.9695","","",""
"2023-08-11","018130","202000045468","0.9559","0.9559","","",""
"2023-08-14","018130","202000045468","0.9617","0.9617","","",""
"2023-08-15","018130","202000045468","0.9624","0.9624","","",""
"2023-08-16","018130","202000045468","0.9510","0.9510","","",""
"2023-08-17","018130","202000045468","0.9569","0.9569","","",""
"2023-08-18","018130","202000045468","0.9466","0.9466","","",""
"2023-08-21","018130","202000045468","0.9361","0.9361","","",""
"2023-08-22","018130","202000045468","0.9479","0.9479","","",""
"2023-08-23","018130","202000045468","0.9366","0.9366","","",""
"2023-08-24","018130","202000045468","0.9331","0.9331","","",""
"2023-08-25","018130","202000045468","0.9243","0.9243","","",""
"2023-08-28","018130","202000045468","0.9324","0.9324","","",""
"2023-08-29","018130","202000045468","0.9473","0.9473","","",""
"2023-08-30","018130","202000045468","0.9478","0.9478","","",""
"2023-08-31","018130","202000045468","0.9406","0.9406","","",""
"2023-09-01","018130","202000045468","0.9454","0.9454","","",""
"2023-09-04","018130","202000045468","0.9570","0.9570","","",""
"2023-09-05","018130","202000045468","0.9480","0.9480","","",""
"2023-09-06","018130","202000045468","0.9458","0.9458","","",""
"2023-09-07","018130","202000045468","0.9351","0.9351","","",""
"2023-09-08","018130","202000045468","0.9331","0.9331","","",""
"2023-09-11","018130","202000045468","0.9435","0.9435","","",""
"2023-09-12","018130","202000045468","0.9431","0.9431","","",""
"2023-09-13","018130","202000045468","0.9352","0.9352","","",""
"2023-09-14","018130","202000045468","0.9339","0.9339","","",""
"2023-09-15","018130","202000045468","0.9312","0.9312","","",""
"2023-09-18","018130","202000045468","0.9304","0.9304","","",""
"2023-09-19","018130","202000045468","0.9277","0.9277","","",""
"2023-09-20","018130","202000045468","0.9244","0.9244","","",""
"2023-09-21","018130","202000045468","0.9181","0.9181","","",""
"2023-09-22","018130","202000045468","0.9304","0.9304","","",""
"2023-09-25","018130","202000045468","0.9256","0.9256","","",""
"2023-09-26","018130","202000045468","0.9232","0.9232","","",""
"2023-09-27","018130","202000045468","0.9252","0.9252","","",""
"2023-09-28","018130","202000045468","0.9296","0.9296","","",""
"2023-10-09","018130","202000045468","0.9281","0.9281","","",""
"2023-10-10","018130","202000045468","0.9204","0.9204","","",""
"2023-10-11","018130","202000045468","0.9210","0.9210","","",""
"2023-10-12","018130","202000045468","0.9331","0.9331","","",""
"2023-10-13","018130","202000045468","0.9257","0.9257","","",""
"2023-10-16","018130","202000045468","0.9216","0.9216","","",""
"2023-10-17","018130","202000045468","0.9268","0.9268","","",""
"2023-10-18","018130","202000045468","0.9186","0.9186","","",""
"2023-10-19","018130","202000045468","0.9040","0.9040","","",""
"2023-10-20","018130","202000045468","0.8958","0.8958","","",""
"2023-10-23","018130","202000045468","0.8852","0.8852","","",""
"2023-10-24","018130","202000045468","0.8866","0.8866","","",""
"2023-10-25","018130","202000045468","0.8892","0.8892","","",""
"2023-10-26","018130","202000045468","0.8947","0.8947","","",""
"2023-10-27","018130","202000045468","0.9034","0.9034","","",""
"2023-10-30","018130","202000045468","0.8936","0.8936","","",""
"2023-10-31","018130","202000045468","0.8909","0.8909","","",""
"2023-11-01","018130","202000045468","0.8903","0.8903","","",""
"2023-11-02","018130","202000045468","0.8873","0.8873","","",""
"2023-11-03","018130","202000045468","0.8928","0.8928","","",""
"2023-11-06","018130","202000045468","0.8926","0.8926","","",""
"2023-11-07","018130","202000045468","0.8913","0.8913","","",""
"2023-11-08","018130","202000045468","0.8890","0.8890","","",""
"2023-11-09","018130","202000045468","0.8903","0.8903","","",""
"2023-11-10","018130","202000045468","0.8849","0.8849","","",""
"2023-11-13","018130","202000045468","0.8873","0.8873","","",""
"2023-11-14","018130","202000045468","0.8891","0.8891","","",""
"2023-11-15","018130","202000045468","0.8981","0.8981","","",""
"2023-11-16","018130","202000045468","0.8936","0.8936","","",""
"2023-11-17","018130","202000045468","0.8898","0.8898","","",""
"2023-11-20","018130","202000045468","0.8954","0.8954","","",""
"2023-11-21","018130","202000045468","0.8953","0.8953","","",""
"2023-11-22","018130","202000045468","0.8898","0.8898","","",""
"2023-11-23","018130","202000045468","0.8951","0.8951","","",""
"2023-11-24","018130","202000045468","0.8890","0.8890","","",""
"2023-11-27","018130","202000045468","0.8866","0.8866","","",""
"2023-11-28","018130","202000045468","0.8849","0.8849","","",""
"2023-11-29","018130","202000045468","0.8797","0.8797","","",""
"2023-11-30","018130","202000045468","0.8828","0.8828","","",""
"2023-12-01","018130","202000045468","0.8790","0.8790","","",""
"2023-12-04","018130","202000045468","0.8746","0.8746","","",""
"2023-12-05","018130","202000045468","0.8617","0.8617","","",""
"2023-12-06","018130","202000045468","0.8595","0.8595","","",""
"2023-12-07","018130","202000045468","0.8606","0.8606","","",""
"2023-12-08","018130","202000045468","0.8589","0.8589","","",""
"2023-12-11","018130","202000045468","0.8594","0.8594","","",""
"2023-12-12","018130","202000045468","0.8660","0.8660","","",""
"2023-12-13","018130","202000045468","0.8591","0.8591","","",""
"2023-12-14","018130","202000045468","0.8564","0.8564","","",""
"2023-12-15","018130","202000045468","0.8560","0.8560","","",""
"2023-12-18","018130","202000045468","0.8540","0.8540","","",""
"2023-12-19","018130","202000045468","0.8541","0.8541","","",""
"2023-12-20","018130","202000045468","0.8483","0.8483","","",""
"2023-12-21","018130","202000045468","0.8520","0.8520","","",""
"2023-12-22","018130","202000045468","0.8501","0.8501","","",""
"2023-12-25","018130","202000045468","0.8515","0.8515","","",""
"2023-12-26","018130","202000045468","0.8491","0.8491","","",""
"2023-12-27","018130","202000045468","0.8553","0.8553","","",""
"2023-12-28","018130","202000045468","0.8643","0.8643","","",""
"2023-12-29","018130","202000045468","0.8684","0.8684","","",""
"2023-12-31","018130","202000045468","0.8683","0.8683","","",""
"2024-01-02","018130","202000045468","0.8619","0.8619","","",""
"2024-01-03","018130","202000045468","0.8651","0.8651","","",""
"2024-01-04","018130","202000045468","0.8651","0.8651","","",""
"2024-01-05","018130","202000045468","0.8606","0.8606","","",""
"2024-01-08","018130","202000045468","0.8500","0.8500","","",""
"2024-01-09","018130","202000045468","0.8487","0.8487","","",""
"2024-01-10","018130","202000045468","0.8462","0.8462","","",""
"2024-01-11","018130","202000045468","0.8471","0.8471","","",""
"2024-01-12","018130","202000045468","0.8473","0.8473","","",""
"2024-01-15","018130","202000045468","0.8485","0.8485","","",""
"2024-01-16","018130","202000045468","0.8476","0.8476","","",""
"2024-01-17","018130","202000045468","0.8294","0.8294","","",""
"2024-01-18","018130","202000045468","0.8327","0.8327","","",""
"2024-01-19","018130","202000045468","0.8285","0.8285","","",""
"2024-01-22","018130","202000045468","0.8071","0.8071","","",""
"2024-01-23","018130","202000045468","0.8147","0.8147","","",""
"2024-01-24","018130","202000045468","0.8262","0.8262","","",""
"2024-01-25","018130","202000045468","0.8361","0.8361","","",""
"2024-01-26","018130","202000045468","0.8281","0.8281","","",""
"2024-01-29","018130","202000045468","0.8284","0.8284","","",""
"2024-01-30","018130","202000045468","0.8125","0.8125","","",""
"2024-01-31","018130","202000045468","0.8038","0.8038","","",""
"2024-02-01","018130","202000045468","0.8078","0.8078","","",""
"2024-02-02","018130","202000045468","0.8000","0.8000","","",""
"2024-02-05","018130","202000045468","0.7948","0.7948","","",""
"2024-02-06","018130","202000045468","0.8233","0.8233","","",""
"2024-02-07","018130","202000045468","0.8320","0.8320","","",""
"2024-02-08","018130","202000045468","0.8373","0.8373","","",""
"2024-02-19","018130","202000045468","0.8474","0.8474","","",""
"2024-02-20","018130","202000045468","0.8536","0.8536","","",""
"2024-02-21","018130","202000045468","0.8647","0.8647","","",""
"2024-02-22","018130","202000045468","0.8738","0.8738","","",""
"2024-02-23","018130","202000045468","0.8861","0.8861","","",""
"2024-02-26","018130","202000045468","0.8835","0.8835","","",""
"2024-02-27","018130","202000045468","0.8959","0.8959","","",""
"2024-02-28","018130","202000045468","0.8747","0.8747","","",""
"2024-02-29","018130","202000045468","0.8926","0.8926","","",""
"2024-03-01","018130","202000045468","0.8972","0.8972","","",""
"2024-03-04","018130","202000045468","0.9012","0.9012","","",""
"2024-03-05","018130","202000045468","0.8956","0.8956","","",""
"2024-03-06","018130","202000045468","0.8992","0.8992","","",""
"2024-03-07","018130","202000045468","0.8920","0.8920","","",""
"2024-03-08","018130","202000045468","0.9015","0.9015","","",""
"2024-03-11","018130","202000045468","0.9133","0.9133","","",""
"2024-03-12","018130","202000045468","0.9200","0.9200","","",""
"2024-03-13","018130","202000045468","0.9187","0.9187","","",""
"2024-03-14","018130","202000045468","0.9195","0.9195","","",""
"2024-03-15","018130","202000045468","0.9244","0.9244","","",""
"2024-03-18","018130","202000045468","0.9330","0.9330","","",""
"2024-03-19","018130","202000045468","0.9244","0.9244","","",""
"2024-03-20","018130","202000045468","0.9250","0.9250","","",""
"2024-03-21","018130","202000045468","0.9315","0.9315","","",""
"2024-03-22","018130","202000045468","0.9241","0.9241","","",""
"2024-03-25","018130","202000045468","0.9196","0.9196","","",""
"2024-03-26","018130","202000045468","0.9229","0.9229","","",""
"2024-03-27","018130","202000045468","0.9092","0.9092","","",""
"2024-03-28","018130","202000045468","0.9224","0.9224","","",""
"2024-03-29","018130","202000045468","0.9262","0.9262","","",""
"2024-04-01","018130","202000045468","0.9337","0.9337","","",""
"2023-04-07","018131","202000045469","0.9996","0.9996","","",""
"2023-04-14","018131","202000045469","1.0005","1.0005","","",""
"2023-04-21","018131","202000045469","0.9953","0.9953","","",""
"2023-04-28","018131","202000045469","1.0009","1.0009","","",""
"2023-05-05","018131","202000045469","0.9926","0.9926","","",""
"2023-05-12","018131","202000045469","0.9660","0.9660","","",""
"2023-05-19","018131","202000045469","0.9672","0.9672","","",""
"2023-05-26","018131","202000045469","0.9519","0.9519","","",""
"2023-06-02","018131","202000045469","0.9710","0.9710","","",""
"2023-06-09","018131","202000045469","0.9640","0.9640","","",""
"2023-06-16","018131","202000045469","0.9744","0.9744","","",""
"2023-06-21","018131","202000045469","0.9529","0.9529","","",""
"2023-06-29","018131","202000045469","0.9630","0.9630","","",""
"2023-06-30","018131","202000045469","0.9665","0.9665","","",""
"2023-07-03","018131","202000045469","0.9793","0.9793","","",""
"2023-07-04","018131","202000045469","0.9804","0.9804","","",""
"2023-07-05","018131","202000045469","0.9772","0.9772","","",""
"2023-07-06","018131","202000045469","0.9731","0.9731","","",""
"2023-07-07","018131","202000045469","0.9733","0.9733","","",""
"2023-07-10","018131","202000045469","0.9731","0.9731","","",""
"2023-07-11","018131","202000045469","0.9750","0.9750","","",""
"2023-07-12","018131","202000045469","0.9629","0.9629","","",""
"2023-07-13","018131","202000045469","0.9713","0.9713","","",""
"2023-07-14","018131","202000045469","0.9746","0.9746","","",""
"2023-07-17","018131","202000045469","0.9772","0.9772","","",""
"2023-07-18","018131","202000045469","0.9756","0.9756","","",""
"2023-07-19","018131","202000045469","0.9771","0.9771","","",""
"2023-07-20","018131","202000045469","0.9669","0.9669","","",""
"2023-07-21","018131","202000045469","0.9615","0.9615","","",""
"2023-07-24","018131","202000045469","0.9626","0.9626","","",""
"2023-07-25","018131","202000045469","0.9746","0.9746","","",""
"2023-07-26","018131","202000045469","0.9665","0.9665","","",""
"2023-07-27","018131","202000045469","0.9630","0.9630","","",""
"2023-07-28","018131","202000045469","0.9730","0.9730","","",""
"2023-07-31","018131","202000045469","0.9825","0.9825","","",""
"2023-08-01","018131","202000045469","0.9826","0.9826","","",""
"2023-08-02","018131","202000045469","0.9746","0.9746","","",""
"2023-08-03","018131","202000045469","0.9771","0.9771","","",""
"2023-08-04","018131","202000045469","0.9791","0.9791","","",""
"2023-08-07","018131","202000045469","0.9749","0.9749","","",""
"2023-08-08","018131","202000045469","0.9733","0.9733","","",""
"2023-08-09","018131","202000045469","0.9655","0.9655","","",""
"2023-08-10","018131","202000045469","0.9674","0.9674","","",""
"2023-08-11","018131","202000045469","0.9538","0.9538","","",""
"2023-08-14","018131","202000045469","0.9595","0.9595","","",""
"2023-08-15","018131","202000045469","0.9602","0.9602","","",""
"2023-08-16","018131","202000045469","0.9488","0.9488","","",""
"2023-08-17","018131","202000045469","0.9547","0.9547","","",""
"2023-08-18","018131","202000045469","0.9443","0.9443","","",""
"2023-08-21","018131","202000045469","0.9338","0.9338","","",""
"2023-08-22","018131","202000045469","0.9456","0.9456","","",""
"2023-08-23","018131","202000045469","0.9343","0.9343","","",""
"2023-08-24","018131","202000045469","0.9309","0.9309","","",""
"2023-08-25","018131","202000045469","0.9221","0.9221","","",""
"2023-08-28","018131","202000045469","0.9301","0.9301","","",""
"2023-08-29","018131","202000045469","0.9449","0.9449","","",""
"2023-08-30","018131","202000045469","0.9454","0.9454","","",""
"2023-08-31","018131","202000045469","0.9382","0.9382","","",""
"2023-09-01","018131","202000045469","0.9429","0.9429","","",""
"2023-09-04","018131","202000045469","0.9544","0.9544","","",""
"2023-09-05","018131","202000045469","0.9455","0.9455","","",""
"2023-09-06","018131","202000045469","0.9433","0.9433","","",""
"2023-09-07","018131","202000045469","0.9326","0.9326","","",""
"2023-09-08","018131","202000045469","0.9306","0.9306","","",""
"2023-09-11","018131","202000045469","0.9409","0.9409","","",""
"2023-09-12","018131","202000045469","0.9405","0.9405","","",""
"2023-09-13","018131","202000045469","0.9326","0.9326","","",""
"2023-09-14","018131","202000045469","0.9313","0.9313","","",""
"2023-09-15","018131","202000045469","0.9286","0.9286","","",""
"2023-09-18","018131","202000045469","0.9277","0.9277","","",""
"2023-09-19","018131","202000045469","0.9250","0.9250","","",""
"2023-09-20","018131","202000045469","0.9218","0.9218","","",""
"2023-09-21","018131","202000045469","0.9154","0.9154","","",""
"2023-09-22","018131","202000045469","0.9277","0.9277","","",""
"2023-09-25","018131","202000045469","0.9228","0.9228","","",""
"2023-09-26","018131","202000045469","0.9204","0.9204","","",""
"2023-09-27","018131","202000045469","0.9224","0.9224","","",""
"2023-09-28","018131","202000045469","0.9268","0.9268","","",""
"2023-10-09","018131","202000045469","0.9252","0.9252","","",""
"2023-10-10","018131","202000045469","0.9174","0.9174","","",""
"2023-10-11","018131","202000045469","0.9180","0.9180","","",""
"2023-10-12","018131","202000045469","0.9300","0.9300","","",""
"2023-10-13","018131","202000045469","0.9227","0.9227","","",""
"2023-10-16","018131","202000045469","0.9186","0.9186","","",""
"2023-10-17","018131","202000045469","0.9237","0.9237","","",""
"2023-10-18","018131","202000045469","0.9155","0.9155","","",""
"2023-10-19","018131","202000045469","0.9009","0.9009","","",""
"2023-10-20","018131","202000045469","0.8928","0.8928","","",""
"2023-10-23","018131","202000045469","0.8822","0.8822","","",""
"2023-10-24","018131","202000045469","0.8835","0.8835","","",""
"2023-10-25","018131","202000045469","0.8862","0.8862","","",""
"2023-10-26","018131","202000045469","0.8916","0.8916","","",""
"2023-10-27","018131","202000045469","0.9002","0.9002","","",""
"2023-10-30","018131","202000045469","0.8905","0.8905","","",""
"2023-10-31","018131","202000045469","0.8877","0.8877","","",""
"2023-11-01","018131","202000045469","0.8871","0.8871","","",""
"2023-11-02","018131","202000045469","0.8841","0.8841","","",""
"2023-11-03","018131","202000045469","0.8896","0.8896","","",""
"2023-11-06","018131","202000045469","0.8894","0.8894","","",""
"2023-11-07","018131","202000045469","0.8880","0.8880","","",""
"2023-11-08","018131","202000045469","0.8858","0.8858","","",""
"2023-11-09","018131","202000045469","0.8870","0.8870","","",""
"2023-11-10","018131","202000045469","0.8816","0.8816","","",""
"2023-11-13","018131","202000045469","0.8840","0.8840","","",""
"2023-11-14","018131","202000045469","0.8857","0.8857","","",""
"2023-11-15","018131","202000045469","0.8946","0.8946","","",""
"2023-11-16","018131","202000045469","0.8902","0.8902","","",""
"2023-11-17","018131","202000045469","0.8864","0.8864","","",""
"2023-11-20","018131","202000045469","0.8920","0.8920","","",""
"2023-11-21","018131","202000045469","0.8918","0.8918","","",""
"2023-11-22","018131","202000045469","0.8863","0.8863","","",""
"2023-11-23","018131","202000045469","0.8916","0.8916","","",""
"2023-11-24","018131","202000045469","0.8855","0.8855","","",""
"2023-11-27","018131","202000045469","0.8830","0.8830","","",""
"2023-11-28","018131","202000045469","0.8813","0.8813","","",""
"2023-11-29","018131","202000045469","0.8761","0.8761","","",""
"2023-11-30","018131","202000045469","0.8792","0.8792","","",""
"2023-12-01","018131","202000045469","0.8754","0.8754","","",""
"2023-12-04","018131","202000045469","0.8710","0.8710","","",""
"2023-12-05","018131","202000045469","0.8581","0.8581","","",""
"2023-12-06","018131","202000045469","0.8560","0.8560","","",""
"2023-12-07","018131","202000045469","0.8570","0.8570","","",""
"2023-12-08","018131","202000045469","0.8553","0.8553","","",""
"2023-12-11","018131","202000045469","0.8557","0.8557","","",""
"2023-12-12","018131","202000045469","0.8623","0.8623","","",""
"2023-12-13","018131","202000045469","0.8554","0.8554","","",""
"2023-12-14","018131","202000045469","0.8528","0.8528","","",""
"2023-12-15","018131","202000045469","0.8524","0.8524","","",""
"2023-12-18","018131","202000045469","0.8502","0.8502","","",""
"2023-12-19","018131","202000045469","0.8503","0.8503","","",""
"2023-12-20","018131","202000045469","0.8446","0.8446","","",""
"2023-12-21","018131","202000045469","0.8483","0.8483","","",""
"2023-12-22","018131","202000045469","0.8464","0.8464","","",""
"2023-12-25","018131","202000045469","0.8477","0.8477","","",""
"2023-12-26","018131","202000045469","0.8453","0.8453","","",""
"2023-12-27","018131","202000045469","0.8515","0.8515","","",""
"2023-12-28","018131","202000045469","0.8603","0.8603","","",""
"2023-12-29","018131","202000045469","0.8644","0.8644","","",""
"2023-12-31","018131","202000045469","0.8643","0.8643","","",""
"2024-01-02","018131","202000045469","0.8579","0.8579","","",""
"2024-01-03","018131","202000045469","0.8611","0.8611","","",""
"2024-01-04","018131","202000045469","0.8611","0.8611","","",""
"2024-01-05","018131","202000045469","0.8566","0.8566","","",""
"2024-01-08","018131","202000045469","0.8460","0.8460","","",""
"2024-01-09","018131","202000045469","0.8447","0.8447","","",""
"2024-01-10","018131","202000045469","0.8422","0.8422","","",""
"2024-01-11","018131","202000045469","0.8431","0.8431","","",""
"2024-01-12","018131","202000045469","0.8433","0.8433","","",""
"2024-01-15","018131","202000045469","0.8444","0.8444","","",""
"2024-01-16","018131","202000045469","0.8435","0.8435","","",""
"2024-01-17","018131","202000045469","0.8254","0.8254","","",""
"2024-01-18","018131","202000045469","0.8286","0.8286","","",""
"2024-01-19","018131","202000045469","0.8245","0.8245","","",""
"2024-01-22","018131","202000045469","0.8031","0.8031","","",""
"2024-01-23","018131","202000045469","0.8107","0.8107","","",""
"2024-01-24","018131","202000045469","0.8221","0.8221","","",""
"2024-01-25","018131","202000045469","0.8320","0.8320","","",""
"2024-01-26","018131","202000045469","0.8240","0.8240","","",""
"2024-01-29","018131","202000045469","0.8242","0.8242","","",""
"2024-01-30","018131","202000045469","0.8084","0.8084","","",""
"2024-01-31","018131","202000045469","0.7997","0.7997","","",""
"2024-02-01","018131","202000045469","0.8037","0.8037","","",""
"2024-02-02","018131","202000045469","0.7959","0.7959","","",""
"2024-02-05","018131","202000045469","0.7907","0.7907","","",""
"2024-02-06","018131","202000045469","0.8190","0.8190","","",""
"2024-02-07","018131","202000045469","0.8277","0.8277","","",""
"2024-02-08","018131","202000045469","0.8329","0.8329","","",""
"2024-02-19","018131","202000045469","0.8428","0.8428","","",""
"2024-02-20","018131","202000045469","0.8490","0.8490","","",""
"2024-02-21","018131","202000045469","0.8600","0.8600","","",""
"2024-02-22","018131","202000045469","0.8691","0.8691","","",""
"2024-02-23","018131","202000045469","0.8813","0.8813","","",""
"2024-02-26","018131","202000045469","0.8786","0.8786","","",""
"2024-02-27","018131","202000045469","0.8910","0.8910","","",""
"2024-02-28","018131","202000045469","0.8699","0.8699","","",""
"2024-02-29","018131","202000045469","0.8876","0.8876","","",""
"2024-03-01","018131","202000045469","0.8922","0.8922","","",""
"2024-03-04","018131","202000045469","0.8961","0.8961","","",""
"2024-03-05","018131","202000045469","0.8905","0.8905","","",""
"2024-03-06","018131","202000045469","0.8941","0.8941","","",""
"2024-03-07","018131","202000045469","0.8869","0.8869","","",""
"2024-03-08","018131","202000045469","0.8964","0.8964","","",""
"2024-03-11","018131","202000045469","0.9081","0.9081","","",""
"2024-03-12","018131","202000045469","0.9147","0.9147","","",""
"2024-03-13","018131","202000045469","0.9134","0.9134","","",""
"2024-03-14","018131","202000045469","0.9141","0.9141","","",""
"2024-03-15","018131","202000045469","0.9190","0.9190","","",""
"2024-03-18","018131","202000045469","0.9276","0.9276","","",""
"2024-03-19","018131","202000045469","0.9190","0.9190","","",""
"2024-03-20","018131","202000045469","0.9195","0.9195","","",""
"2024-03-21","018131","202000045469","0.9259","0.9259","","",""
"2024-03-22","018131","202000045469","0.9186","0.9186","","",""
"2024-03-25","018131","202000045469","0.9141","0.9141","","",""
"2024-03-26","018131","202000045469","0.9173","0.9173","","",""
"2024-03-27","018131","202000045469","0.9037","0.9037","","",""
"2024-03-28","018131","202000045469","0.9169","0.9169","","",""
"2024-03-29","018131","202000045469","0.9206","0.9206","","",""
"2024-04-01","018131","202000045469","0.9280","0.9280","","",""
"2024-03-12","018882","202000052079","1.0000","1.0000","","",""
"2024-03-15","018882","202000052079","1.0001","1.0001","","",""
"2024-03-22","018882","202000052079","1.0002","1.0002","","",""
"2024-03-29","018882","202000052079","1.0003","1.0003","","",""
"2024-03-12","018883","202000052080","1.0000","1.0000","","",""
"2024-03-15","018883","202000052080","1.0000","1.0000","","",""
"2024-03-22","018883","202000052080","1.0001","1.0001","","",""
"2024-03-29","018883","202000052080","1.0001","1.0001","","",""
"2023-04-03","159621","202000039296","1.0072","1.0072","","",""
"2023-04-04","159621","202000039296","1.0082","1.0082","","",""
"2023-04-06","159621","202000039296","1.0070","1.0070","","",""
"2023-04-07","159621","202000039296","1.0139","1.0139","","",""
"2023-04-10","159621","202000039296","1.0096","1.0096","","",""
"2023-04-11","159621","202000039296","1.0083","1.0083","","",""
"2023-04-12","159621","202000039296","1.0053","1.0053","","",""
"2023-04-13","159621","202000039296","1.0016","1.0016","","",""
"2023-04-14","159621","202000039296","1.0055","1.0055","","",""
"2023-04-17","159621","202000039296","1.0176","1.0176","","",""
"2023-04-18","159621","202000039296","1.0198","1.0198","","",""
"2023-04-19","159621","202000039296","1.0116","1.0116","","",""
"2023-04-20","159621","202000039296","1.0069","1.0069","","",""
"2023-04-21","159621","202000039296","0.9882","0.9882","","",""
"2023-04-24","159621","202000039296","0.9774","0.9774","","",""
"2023-04-25","159621","202000039296","0.9716","0.9716","","",""
"2023-04-26","159621","202000039296","0.9733","0.9733","","",""
"2023-04-27","159621","202000039296","0.9792","0.9792","","",""
"2023-04-28","159621","202000039296","0.9870","0.9870","","",""
"2023-05-04","159621","202000039296","0.9876","0.9876","","",""
"2023-05-05","159621","202000039296","0.9845","0.9845","","",""
"2023-05-08","159621","202000039296","0.9946","0.9946","","",""
"2023-05-09","159621","202000039296","0.9871","0.9871","","",""
"2023-05-10","159621","202000039296","0.9801","0.9801","","",""
"2023-05-11","159621","202000039296","0.9793","0.9793","","",""
"2023-05-12","159621","202000039296","0.9683","0.9683","","",""
"2023-05-15","159621","202000039296","0.9825","0.9825","","",""
"2023-05-16","159621","202000039296","0.9785","0.9785","","",""
"2023-05-17","159621","202000039296","0.9735","0.9735","","",""
"2023-05-18","159621","202000039296","0.9727","0.9727","","",""
"2023-05-19","159621","202000039296","0.9712","0.9712","","",""
"2023-05-22","159621","202000039296","0.9761","0.9761","","",""
"2023-05-23","159621","202000039296","0.9640","0.9640","","",""
"2023-05-24","159621","202000039296","0.9520","0.9520","","",""
"2023-05-25","159621","202000039296","0.9495","0.9495","","",""
"2023-05-26","159621","202000039296","0.9497","0.9497","","",""
"2023-05-29","159621","202000039296","0.9467","0.9467","","",""
"2023-05-30","159621","202000039296","0.9477","0.9477","","",""
"2023-05-31","159621","202000039296","0.9391","0.9391","","",""
"2023-06-01","159621","202000039296","0.9405","0.9405","","",""
"2023-06-02","159621","202000039296","0.9525","0.9525","","",""
"2023-06-05","159621","202000039296","0.9491","0.9491","","",""
"2023-06-06","159621","202000039296","0.9397","0.9397","","",""
"2023-06-07","159621","202000039296","0.9339","0.9339","","",""
"2023-06-08","159621","202000039296","0.9386","0.9386","","",""
"2023-06-09","159621","202000039296","0.9451","0.9451","","",""
"2023-06-12","159621","202000039296","0.9477","0.9477","","",""
"2023-06-13","159621","202000039296","0.9519","0.9519","","",""
"2023-06-14","159621","202000039296","0.9534","0.9534","","",""
"2023-06-15","159621","202000039296","0.9690","0.9690","","",""
"2023-06-16","159621","202000039296","0.9782","0.9782","","",""
"2023-06-19","159621","202000039296","0.9721","0.9721","","",""
"2023-06-20","159621","202000039296","0.9709","0.9709","","",""
"2023-06-21","159621","202000039296","0.9552","0.9552","","",""
"2023-06-26","159621","202000039296","0.9413","0.9413","","",""
"2023-06-27","159621","202000039296","0.9489","0.9489","","",""
"2023-06-28","159621","202000039296","0.9481","0.9481","","",""
"2023-06-29","159621","202000039296","0.9432","0.9432","","",""
"2023-06-30","159621","202000039296","0.9503","0.9503","","",""
"2023-07-03","159621","202000039296","0.9614","0.9614","","",""
"2023-07-04","159621","202000039296","0.9625","0.9625","","",""
"2023-07-05","159621","202000039296","0.9553","0.9553","","",""
"2023-07-06","159621","202000039296","0.9497","0.9497","","",""
"2023-07-07","159621","202000039296","0.9459","0.9459","","",""
"2023-07-10","159621","202000039296","0.9509","0.9509","","",""
"2023-07-11","159621","202000039296","0.9562","0.9562","","",""
"2023-07-12","159621","202000039296","0.9496","0.9496","","",""
"2023-07-13","159621","202000039296","0.9644","0.9644","","",""
"2023-07-14","159621","202000039296","0.9642","0.9642","","",""
"2023-07-17","159621","202000039296","0.9576","0.9576","","",""
"2023-07-18","159621","202000039296","0.9548","0.9548","","",""
"2023-07-19","159621","202000039296","0.9536","0.9536","","",""
"2023-07-20","159621","202000039296","0.9468","0.9468","","",""
"2023-07-21","159621","202000039296","0.9482","0.9482","","",""
"2023-07-24","159621","202000039296","0.9436","0.9436","","",""
"2023-07-25","159621","202000039296","0.9686","0.9686","","",""
"2023-07-26","159621","202000039296","0.9668","0.9668","","",""
"2023-07-27","159621","202000039296","0.9655","0.9655","","",""
"2023-07-28","159621","202000039296","0.9871","0.9871","","",""
"2023-07-31","159621","202000039296","0.9922","0.9922","","",""
"2023-08-01","159621","202000039296","0.9888","0.9888","","",""
"2023-08-02","159621","202000039296","0.9816","0.9816","","",""
"2023-08-03","159621","202000039296","0.9904","0.9904","","",""
"2023-08-04","159621","202000039296","0.9949","0.9949","","",""
"2023-08-07","159621","202000039296","0.9875","0.9875","","",""
"2023-08-08","159621","202000039296","0.9847","0.9847","","",""
"2023-08-09","159621","202000039296","0.9815","0.9815","","",""
"2023-08-10","159621","202000039296","0.9835","0.9835","","",""
"2023-08-11","159621","202000039296","0.9630","0.9630","","",""
"2023-08-14","159621","202000039296","0.9553","0.9553","","",""
"2023-08-15","159621","202000039296","0.9529","0.9529","","",""
"2023-08-16","159621","202000039296","0.9468","0.9468","","",""
"2023-08-17","159621","202000039296","0.9499","0.9499","","",""
"2023-08-18","159621","202000039296","0.9378","0.9378","","",""
"2023-08-21","159621","202000039296","0.9249","0.9249","","",""
"2023-08-22","159621","202000039296","0.9301","0.9301","","",""
"2023-08-23","159621","202000039296","0.9145","0.9145","","",""
"2023-08-24","159621","202000039296","0.9225","0.9225","","",""
"2023-08-25","159621","202000039296","0.9173","0.9173","","",""
"2023-08-28","159621","202000039296","0.9275","0.9275","","",""
"2023-08-29","159621","202000039296","0.9387","0.9387","","",""
"2023-08-30","159621","202000039296","0.9382","0.9382","","",""
"2023-08-31","159621","202000039296","0.9325","0.9325","","",""
"2023-09-01","159621","202000039296","0.9369","0.9369","","",""
"2023-09-04","159621","202000039296","0.9495","0.9495","","",""
"2023-09-05","159621","202000039296","0.9424","0.9424","","",""
"2023-09-06","159621","202000039296","0.9398","0.9398","","",""
"2023-09-07","159621","202000039296","0.9271","0.9271","","",""
"2023-09-08","159621","202000039296","0.9231","0.9231","","",""
"2023-09-11","159621","202000039296","0.9310","0.9310","","",""
"2023-09-12","159621","202000039296","0.9291","0.9291","","",""
"2023-09-13","159621","202000039296","0.9234","0.9234","","",""
"2023-09-14","159621","202000039296","0.9225","0.9225","","",""
"2023-09-15","159621","202000039296","0.9174","0.9174","","",""
"2023-09-18","159621","202000039296","0.9229","0.9229","","",""
"2023-09-19","159621","202000039296","0.9214","0.9214","","",""
"2023-09-20","159621","202000039296","0.9172","0.9172","","",""
"2023-09-21","159621","202000039296","0.9087","0.9087","","",""
"2023-09-22","159621","202000039296","0.9242","0.9242","","",""
"2023-09-25","159621","202000039296","0.9192","0.9192","","",""
"2023-09-26","159621","202000039296","0.9145","0.9145","","",""
"2023-09-27","159621","202000039296","0.9168","0.9168","","",""
"2023-09-28","159621","202000039296","0.9148","0.9148","","",""
"2023-10-09","159621","202000039296","0.9108","0.9108","","",""
"2023-10-10","159621","202000039296","0.9050","0.9050","","",""
"2023-10-11","159621","202000039296","0.9074","0.9074","","",""
"2023-10-12","159621","202000039296","0.9157","0.9157","","",""
"2023-10-13","159621","202000039296","0.9069","0.9069","","",""
"2023-10-16","159621","202000039296","0.8981","0.8981","","",""
"2023-10-17","159621","202000039296","0.9004","0.9004","","",""
"2023-10-18","159621","202000039296","0.8941","0.8941","","",""
"2023-10-19","159621","202000039296","0.8758","0.8758","","",""
"2023-10-20","159621","202000039296","0.8707","0.8707","","",""
"2023-10-23","159621","202000039296","0.8595","0.8595","","",""
"2023-10-24","159621","202000039296","0.8620","0.8620","","",""
"2023-10-25","159621","202000039296","0.8657","0.8657","","",""
"2023-10-26","159621","202000039296","0.8688","0.8688","","",""
"2023-10-27","159621","202000039296","0.8813","0.8813","","",""
"2023-10-30","159621","202000039296","0.8858","0.8858","","",""
"2023-10-31","159621","202000039296","0.8833","0.8833","","",""
"2023-11-01","159621","202000039296","0.8832","0.8832","","",""
"2023-11-02","159621","202000039296","0.8793","0.8793","","",""
"2023-11-03","159621","202000039296","0.8867","0.8867","","",""
"2023-11-06","159621","202000039296","0.8996","0.8996","","",""
"2023-11-07","159621","202000039296","0.8967","0.8967","","",""
"2023-11-08","159621","202000039296","0.8954","0.8954","","",""
"2023-11-09","159621","202000039296","0.8957","0.8957","","",""
"2023-11-10","159621","202000039296","0.8900","0.8900","","",""
"2023-11-13","159621","202000039296","0.8889","0.8889","","",""
"2023-11-14","159621","202000039296","0.8900","0.8900","","",""
"2023-11-15","159621","202000039296","0.8960","0.8960","","",""
"2023-11-16","159621","202000039296","0.8880","0.8880","","",""
"2023-11-17","159621","202000039296","0.8876","0.8876","","",""
"2023-11-20","159621","202000039296","0.8900","0.8900","","",""
"2023-11-21","159621","202000039296","0.8909","0.8909","","",""
"2023-11-22","159621","202000039296","0.8816","0.8816","","",""
"2023-11-23","159621","202000039296","0.8854","0.8854","","",""
"2023-11-24","159621","202000039296","0.8789","0.8789","","",""
"2023-11-27","159621","202000039296","0.8714","0.8714","","",""
"2023-11-28","159621","202000039296","0.8733","0.8733","","",""
"2023-11-29","159621","202000039296","0.8650","0.8650","","",""
"2023-11-30","159621","202000039296","0.8670","0.8670","","",""
"2023-12-01","159621","202000039296","0.8646","0.8646","","",""
"2023-12-04","159621","202000039296","0.8591","0.8591","","",""
"2023-12-05","159621","202000039296","0.8440","0.8440","","",""
"2023-12-06","159621","202000039296","0.8458","0.8458","","",""
"2023-12-07","159621","202000039296","0.8447","0.8447","","",""
"2023-12-08","159621","202000039296","0.8485","0.8485","","",""
"2023-12-11","159621","202000039296","0.8537","0.8537","","",""
"2023-12-12","159621","202000039296","0.8549","0.8549","","",""
"2023-12-13","159621","202000039296","0.8418","0.8418","","",""
"2023-12-14","159621","202000039296","0.8377","0.8377","","",""
"2023-12-15","159621","202000039296","0.8340","0.8340","","",""
"2023-12-18","159621","202000039296","0.8301","0.8301","","",""
"2023-12-19","159621","202000039296","0.8301","0.8301","","",""
"2023-12-20","159621","202000039296","0.8215","0.8215","","",""
"2023-12-21","159621","202000039296","0.8290","0.8290","","",""
"2023-12-22","159621","202000039296","0.8288","0.8288","","",""
"2023-12-25","159621","202000039296","0.8305","0.8305","","",""
"2023-12-26","159621","202000039296","0.8245","0.8245","","",""
"2023-12-27","159621","202000039296","0.8269","0.8269","","",""
"2023-12-28","159621","202000039296","0.8450","0.8450","","",""
"2023-12-29","159621","202000039296","0.8487","0.8487","","",""
"2023-12-31","159621","202000039296","0.8487","0.8487","","",""
"2024-01-02","159621","202000039296","0.8388","0.8388","","",""
"2024-01-03","159621","202000039296","0.8378","0.8378","","",""
"2024-01-04","159621","202000039296","0.8302","0.8302","","",""
"2024-01-05","159621","202000039296","0.8249","0.8249","","",""
"2024-01-08","159621","202000039296","0.8142","0.8142","","",""
"2024-01-09","159621","202000039296","0.8162","0.8162","","",""
"2024-01-10","159621","202000039296","0.8131","0.8131","","",""
"2024-01-11","159621","202000039296","0.8193","0.8193","","",""
"2024-01-12","159621","202000039296","0.8172","0.8172","","",""
"2024-01-15","159621","202000039296","0.8166","0.8166","","",""
"2024-01-16","159621","202000039296","0.8209","0.8209","","",""
"2024-01-17","159621","202000039296","0.8036","0.8036","","",""
"2024-01-18","159621","202000039296","0.8127","0.8127","","",""
"2024-01-19","159621","202000039296","0.8106","0.8106","","",""
"2024-01-22","159621","202000039296","0.7944","0.7944","","",""
"2024-01-23","159621","202000039296","0.8000","0.8000","","",""
"2024-01-24","159621","202000039296","0.8110","0.8110","","",""
"2024-01-25","159621","202000039296","0.8268","0.8268","","",""
"2024-01-26","159621","202000039296","0.8233","0.8233","","",""
"2024-01-29","159621","202000039296","0.8132","0.8132","","",""
"2024-01-30","159621","202000039296","0.7978","0.7978","","",""
"2024-01-31","159621","202000039296","0.7896","0.7896","","",""
"2024-02-01","159621","202000039296","0.7896","0.7896","","",""
"2024-02-02","159621","202000039296","0.7786","0.7786","","",""
"2024-02-05","159621","202000039296","0.7814","0.7814","","",""
"2024-02-06","159621","202000039296","0.8138","0.8138","","",""
"2024-02-07","159621","202000039296","0.8265","0.8265","","",""
"2024-02-08","159621","202000039296","0.8310","0.8310","","",""
"2024-02-19","159621","202000039296","0.8393","0.8393","","",""
"2024-02-20","159621","202000039296","0.8414","0.8414","","",""
"2024-02-21","159621","202000039296","0.8509","0.8509","","",""
"2024-02-22","159621","202000039296","0.8571","0.8571","","",""
"2024-02-23","159621","202000039296","0.8588","0.8588","","",""
"2024-02-26","159621","202000039296","0.8504","0.8504","","",""
"2024-02-27","159621","202000039296","0.8613","0.8613","","",""
"2024-02-28","159621","202000039296","0.8496","0.8496","","",""
"2024-02-29","159621","202000039296","0.8665","0.8665","","",""
"2024-03-01","159621","202000039296","0.8710","0.8710","","",""
"2024-03-04","159621","202000039296","0.8726","0.8726","","",""
"2024-03-05","159621","202000039296","0.8775","0.8775","","",""
"2024-03-06","159621","202000039296","0.8740","0.8740","","",""
"2024-03-07","159621","202000039296","0.8674","0.8674","","",""
"2024-03-08","159621","202000039296","0.8717","0.8717","","",""
"2024-03-11","159621","202000039296","0.8855","0.8855","","",""
"2024-03-12","159621","202000039296","0.8871","0.8871","","",""
"2024-03-13","159621","202000039296","0.8818","0.8818","","",""
"2024-03-14","159621","202000039296","0.8791","0.8791","","",""
"2024-03-15","159621","202000039296","0.8817","0.8817","","",""
"2024-03-18","159621","202000039296","0.8918","0.8918","","",""
"2024-03-19","159621","202000039296","0.8846","0.8846","","",""
"2024-03-20","159621","202000039296","0.8869","0.8869","","",""
"2024-03-21","159621","202000039296","0.8856","0.8856","","",""
"2024-03-22","159621","202000039296","0.8758","0.8758","","",""
"2024-03-25","159621","202000039296","0.8699","0.8699","","",""
"2024-03-26","159621","202000039296","0.8741","0.8741","","",""
"2024-03-27","159621","202000039296","0.8622","0.8622","","",""
"2024-03-28","159621","202000039296","0.8657","0.8657","","",""
"2024-03-29","159621","202000039296","0.8687","0.8687","","",""
"2024-04-01","159621","202000039296","0.8838","0.8838","","",""
"2023-04-03","159653","202000044296","1.0095","1.0095","","",""
"2023-04-04","159653","202000044296","1.0105","1.0105","","",""
"2023-04-06","159653","202000044296","1.0092","1.0092","","",""
"2023-04-07","159653","202000044296","1.0154","1.0154","","",""
"2023-04-10","159653","202000044296","1.0126","1.0126","","",""
"2023-04-11","159653","202000044296","1.0105","1.0105","","",""
"2023-04-12","159653","202000044296","1.0067","1.0067","","",""
"2023-04-13","159653","202000044296","1.0050","1.0050","","",""
"2023-04-14","159653","202000044296","1.0071","1.0071","","",""
"2023-04-17","159653","202000044296","1.0179","1.0179","","",""
"2023-04-18","159653","202000044296","1.0206","1.0206","","",""
"2023-04-19","159653","202000044296","1.0138","1.0138","","",""
"2023-04-20","159653","202000044296","1.0069","1.0069","","",""
"2023-04-21","159653","202000044296","0.9934","0.9934","","",""
"2023-04-24","159653","202000044296","0.9819","0.9819","","",""
"2023-04-25","159653","202000044296","0.9777","0.9777","","",""
"2023-04-26","159653","202000044296","0.9797","0.9797","","",""
"2023-04-27","159653","202000044296","0.9871","0.9871","","",""
"2023-04-28","159653","202000044296","0.9930","0.9930","","",""
"2023-05-04","159653","202000044296","0.9917","0.9917","","",""
"2023-05-05","159653","202000044296","0.9875","0.9875","","",""
"2023-05-08","159653","202000044296","0.9922","0.9922","","",""
"2023-05-09","159653","202000044296","0.9837","0.9837","","",""
"2023-05-10","159653","202000044296","0.9807","0.9807","","",""
"2023-05-11","159653","202000044296","0.9795","0.9795","","",""
"2023-05-12","159653","202000044296","0.9681","0.9681","","",""
"2023-05-15","159653","202000044296","0.9812","0.9812","","",""
"2023-05-16","159653","202000044296","0.9775","0.9775","","",""
"2023-05-17","159653","202000044296","0.9734","0.9734","","",""
"2023-05-18","159653","202000044296","0.9719","0.9719","","",""
"2023-05-19","159653","202000044296","0.9709","0.9709","","",""
"2023-05-22","159653","202000044296","0.9789","0.9789","","",""
"2023-05-23","159653","202000044296","0.9672","0.9672","","",""
"2023-05-24","159653","202000044296","0.9550","0.9550","","",""
"2023-05-25","159653","202000044296","0.9522","0.9522","","",""
"2023-05-26","159653","202000044296","0.9528","0.9528","","",""
"2023-05-29","159653","202000044296","0.9489","0.9489","","",""
"2023-05-30","159653","202000044296","0.9477","0.9477","","",""
"2023-05-31","159653","202000044296","0.9371","0.9371","","",""
"2023-06-01","159653","202000044296","0.9396","0.9396","","",""
"2023-06-02","159653","202000044296","0.9529","0.9529","","",""
"2023-06-05","159653","202000044296","0.9490","0.9490","","",""
"2023-06-06","159653","202000044296","0.9421","0.9421","","",""
"2023-06-07","159653","202000044296","0.9379","0.9379","","",""
"2023-06-08","159653","202000044296","0.9455","0.9455","","",""
"2023-06-09","159653","202000044296","0.9483","0.9483","","",""
"2023-06-12","159653","202000044296","0.9514","0.9514","","",""
"2023-06-13","159653","202000044296","0.9553","0.9553","","",""
"2023-06-14","159653","202000044296","0.9580","0.9580","","",""
"2023-06-15","159653","202000044296","0.9732","0.9732","","",""
"2023-06-16","159653","202000044296","0.9810","0.9810","","",""
"2023-06-19","159653","202000044296","0.9727","0.9727","","",""
"2023-06-20","159653","202000044296","0.9709","0.9709","","",""
"2023-06-21","159653","202000044296","0.9592","0.9592","","",""
"2023-06-26","159653","202000044296","0.9477","0.9477","","",""
"2023-06-27","159653","202000044296","0.9568","0.9568","","",""
"2023-06-28","159653","202000044296","0.9575","0.9575","","",""
"2023-06-29","159653","202000044296","0.9529","0.9529","","",""
"2023-06-30","159653","202000044296","0.9584","0.9584","","",""
"2023-07-03","159653","202000044296","0.9688","0.9688","","",""
"2023-07-04","159653","202000044296","0.9685","0.9685","","",""
"2023-07-05","159653","202000044296","0.9622","0.9622","","",""
"2023-07-06","159653","202000044296","0.9551","0.9551","","",""
"2023-07-07","159653","202000044296","0.9510","0.9510","","",""
"2023-07-10","159653","202000044296","0.9555","0.9555","","",""
"2023-07-11","159653","202000044296","0.9598","0.9598","","",""
"2023-07-12","159653","202000044296","0.9557","0.9557","","",""
"2023-07-13","159653","202000044296","0.9703","0.9703","","",""
"2023-07-14","159653","202000044296","0.9701","0.9701","","",""
"2023-07-17","159653","202000044296","0.9623","0.9623","","",""
"2023-07-18","159653","202000044296","0.9598","0.9598","","",""
"2023-07-19","159653","202000044296","0.9596","0.9596","","",""
"2023-07-20","159653","202000044296","0.9545","0.9545","","",""
"2023-07-21","159653","202000044296","0.9557","0.9557","","",""
"2023-07-24","159653","202000044296","0.9520","0.9520","","",""
"2023-07-25","159653","202000044296","0.9772","0.9772","","",""
"2023-07-26","159653","202000044296","0.9765","0.9765","","",""
"2023-07-27","159653","202000044296","0.9760","0.9760","","",""
"2023-07-28","159653","202000044296","0.9945","0.9945","","",""
"2023-07-31","159653","202000044296","0.9989","0.9989","","",""
"2023-08-01","159653","202000044296","0.9955","0.9955","","",""
"2023-08-02","159653","202000044296","0.9884","0.9884","","",""
"2023-08-03","159653","202000044296","0.9959","0.9959","","",""
"2023-08-04","159653","202000044296","0.9986","0.9986","","",""
"2023-08-07","159653","202000044296","0.9911","0.9911","","",""
"2023-08-08","159653","202000044296","0.9891","0.9891","","",""
"2023-08-09","159653","202000044296","0.9875","0.9875","","",""
"2023-08-10","159653","202000044296","0.9876","0.9876","","",""
"2023-08-11","159653","202000044296","0.9683","0.9683","","",""
"2023-08-14","159653","202000044296","0.9619","0.9619","","",""
"2023-08-15","159653","202000044296","0.9595","0.9595","","",""
"2023-08-16","159653","202000044296","0.9543","0.9543","","",""
"2023-08-17","159653","202000044296","0.9582","0.9582","","",""
"2023-08-18","159653","202000044296","0.9474","0.9474","","",""
"2023-08-21","159653","202000044296","0.9365","0.9365","","",""
"2023-08-22","159653","202000044296","0.9414","0.9414","","",""
"2023-08-23","159653","202000044296","0.9281","0.9281","","",""
"2023-08-24","159653","202000044296","0.9349","0.9349","","",""
"2023-08-25","159653","202000044296","0.9324","0.9324","","",""
"2023-08-28","159653","202000044296","0.9426","0.9426","","",""
"2023-08-29","159653","202000044296","0.9515","0.9515","","",""
"2023-08-30","159653","202000044296","0.9518","0.9518","","",""
"2023-08-31","159653","202000044296","0.9477","0.9477","","",""
"2023-09-01","159653","202000044296","0.9539","0.9539","","",""
"2023-09-04","159653","202000044296","0.9675","0.9675","","",""
"2023-09-05","159653","202000044296","0.9616","0.9616","","",""
"2023-09-06","159653","202000044296","0.9595","0.9595","","",""
"2023-09-07","159653","202000044296","0.9470","0.9470","","",""
"2023-09-08","159653","202000044296","0.9422","0.9422","","",""
"2023-09-11","159653","202000044296","0.9483","0.9483","","",""
"2023-09-12","159653","202000044296","0.9462","0.9462","","",""
"2023-09-13","159653","202000044296","0.9414","0.9414","","",""
"2023-09-14","159653","202000044296","0.9411","0.9411","","",""
"2023-09-15","159653","202000044296","0.9355","0.9355","","",""
"2023-09-18","159653","202000044296","0.9408","0.9408","","",""
"2023-09-19","159653","202000044296","0.9394","0.9394","","",""
"2023-09-20","159653","202000044296","0.9368","0.9368","","",""
"2023-09-21","159653","202000044296","0.9276","0.9276","","",""
"2023-09-22","159653","202000044296","0.9428","0.9428","","",""
"2023-09-25","159653","202000044296","0.9384","0.9384","","",""
"2023-09-26","159653","202000044296","0.9336","0.9336","","",""
"2023-09-27","159653","202000044296","0.9361","0.9361","","",""
"2023-09-28","159653","202000044296","0.9329","0.9329","","",""
"2023-10-09","159653","202000044296","0.9304","0.9304","","",""
"2023-10-10","159653","202000044296","0.9226","0.9226","","",""
"2023-10-11","159653","202000044296","0.9256","0.9256","","",""
"2023-10-12","159653","202000044296","0.9329","0.9329","","",""
"2023-10-13","159653","202000044296","0.9245","0.9245","","",""
"2023-10-16","159653","202000044296","0.9159","0.9159","","",""
"2023-10-17","159653","202000044296","0.9175","0.9175","","",""
"2023-10-18","159653","202000044296","0.9103","0.9103","","",""
"2023-10-19","159653","202000044296","0.8914","0.8914","","",""
"2023-10-20","159653","202000044296","0.8858","0.8858","","",""
"2023-10-23","159653","202000044296","0.8769","0.8769","","",""
"2023-10-24","159653","202000044296","0.8792","0.8792","","",""
"2023-10-25","159653","202000044296","0.8831","0.8831","","",""
"2023-10-26","159653","202000044296","0.8856","0.8856","","",""
"2023-10-27","159653","202000044296","0.8974","0.8974","","",""
"2023-10-30","159653","202000044296","0.9023","0.9023","","",""
"2023-10-31","159653","202000044296","0.8989","0.8989","","",""
"2023-11-01","159653","202000044296","0.8997","0.8997","","",""
"2023-11-02","159653","202000044296","0.8960","0.8960","","",""
"2023-11-03","159653","202000044296","0.9021","0.9021","","",""
"2023-11-06","159653","202000044296","0.9127","0.9127","","",""
"2023-11-07","159653","202000044296","0.9090","0.9090","","",""
"2023-11-08","159653","202000044296","0.9074","0.9074","","",""
"2023-11-09","159653","202000044296","0.9072","0.9072","","",""
"2023-11-10","159653","202000044296","0.9010","0.9010","","",""
"2023-11-13","159653","202000044296","0.8986","0.8986","","",""
"2023-11-14","159653","202000044296","0.8978","0.8978","","",""
"2023-11-15","159653","202000044296","0.9046","0.9046","","",""
"2023-11-16","159653","202000044296","0.8965","0.8965","","",""
"2023-11-17","159653","202000044296","0.8953","0.8953","","",""
"2023-11-20","159653","202000044296","0.8978","0.8978","","",""
"2023-11-21","159653","202000044296","0.8995","0.8995","","",""
"2023-11-22","159653","202000044296","0.8907","0.8907","","",""
"2023-11-23","159653","202000044296","0.8951","0.8951","","",""
"2023-11-24","159653","202000044296","0.8906","0.8906","","",""
"2023-11-27","159653","202000044296","0.8838","0.8838","","",""
"2023-11-28","159653","202000044296","0.8861","0.8861","","",""
"2023-11-29","159653","202000044296","0.8795","0.8795","","",""
"2023-11-30","159653","202000044296","0.8812","0.8812","","",""
"2023-12-01","159653","202000044296","0.8765","0.8765","","",""
"2023-12-04","159653","202000044296","0.8692","0.8692","","",""
"2023-12-05","159653","202000044296","0.8538","0.8538","","",""
"2023-12-06","159653","202000044296","0.8542","0.8542","","",""
"2023-12-07","159653","202000044296","0.8517","0.8517","","",""
"2023-12-08","159653","202000044296","0.8539","0.8539","","",""
"2023-12-11","159653","202000044296","0.8579","0.8579","","",""
"2023-12-12","159653","202000044296","0.8598","0.8598","","",""
"2023-12-13","159653","202000044296","0.8462","0.8462","","",""
"2023-12-14","159653","202000044296","0.8423","0.8423","","",""
"2023-12-15","159653","202000044296","0.8399","0.8399","","",""
"2023-12-18","159653","202000044296","0.8371","0.8371","","",""
"2023-12-19","159653","202000044296","0.8378","0.8378","","",""
"2023-12-20","159653","202000044296","0.8320","0.8320","","",""
"2023-12-21","159653","202000044296","0.8403","0.8403","","",""
"2023-12-22","159653","202000044296","0.8415","0.8415","","",""
"2023-12-25","159653","202000044296","0.8441","0.8441","","",""
"2023-12-26","159653","202000044296","0.8389","0.8389","","",""
"2023-12-27","159653","202000044296","0.8412","0.8412","","",""
"2023-12-28","159653","202000044296","0.8602","0.8602","","",""
"2023-12-29","159653","202000044296","0.8646","0.8646","","",""
"2023-12-31","159653","202000044296","0.8648","0.8648","","",""
"2024-01-02","159653","202000044296","0.8543","0.8543","","",""
"2024-01-03","159653","202000044296","0.8532","0.8532","","",""
"2024-01-04","159653","202000044296","0.8465","0.8465","","",""
"2024-01-05","159653","202000044296","0.8413","0.8413","","",""
"2024-01-08","159653","202000044296","0.8315","0.8315","","",""
"2024-01-09","159653","202000044296","0.8330","0.8330","","",""
"2024-01-10","159653","202000044296","0.8304","0.8304","","",""
"2024-01-11","159653","202000044296","0.8339","0.8339","","",""
"2024-01-12","159653","202000044296","0.8319","0.8319","","",""
"2024-01-15","159653","202000044296","0.8311","0.8311","","",""
"2024-01-16","159653","202000044296","0.8355","0.8355","","",""
"2024-01-17","159653","202000044296","0.8183","0.8183","","",""
"2024-01-18","159653","202000044296","0.8285","0.8285","","",""
"2024-01-19","159653","202000044296","0.8276","0.8276","","",""
"2024-01-22","159653","202000044296","0.8151","0.8151","","",""
"2024-01-23","159653","202000044296","0.8175","0.8175","","",""
"2024-01-24","159653","202000044296","0.8273","0.8273","","",""
"2024-01-25","159653","202000044296","0.8427","0.8427","","",""
"2024-01-26","159653","202000044296","0.8399","0.8399","","",""
"2024-01-29","159653","202000044296","0.8325","0.8325","","",""
"2024-01-30","159653","202000044296","0.8177","0.8177","","",""
"2024-01-31","159653","202000044296","0.8109","0.8109","","",""
"2024-02-01","159653","202000044296","0.8111","0.8111","","",""
"2024-02-02","159653","202000044296","0.8018","0.8018","","",""
"2024-02-05","159653","202000044296","0.8081","0.8081","","",""
"2024-02-06","159653","202000044296","0.8372","0.8372","","",""
"2024-02-07","159653","202000044296","0.8491","0.8491","","",""
"2024-02-08","159653","202000044296","0.8530","0.8530","","",""
"2024-02-19","159653","202000044296","0.8584","0.8584","","",""
"2024-02-20","159653","202000044296","0.8597","0.8597","","",""
"2024-02-21","159653","202000044296","0.8702","0.8702","","",""
"2024-02-22","159653","202000044296","0.8756","0.8756","","",""
"2024-02-23","159653","202000044296","0.8760","0.8760","","",""
"2024-02-26","159653","202000044296","0.8672","0.8672","","",""
"2024-02-27","159653","202000044296","0.8752","0.8752","","",""
"2024-02-28","159653","202000044296","0.8659","0.8659","","",""
"2024-02-29","159653","202000044296","0.8807","0.8807","","",""
"2024-03-01","159653","202000044296","0.8839","0.8839","","",""
"2024-03-04","159653","202000044296","0.8850","0.8850","","",""
"2024-03-05","159653","202000044296","0.8904","0.8904","","",""
"2024-03-06","159653","202000044296","0.8871","0.8871","","",""
"2024-03-07","159653","202000044296","0.8825","0.8825","","",""
"2024-03-08","159653","202000044296","0.8861","0.8861","","",""
"2024-03-11","159653","202000044296","0.8977","0.8977","","",""
"2024-03-12","159653","202000044296","0.9010","0.9010","","",""
"2024-03-13","159653","202000044296","0.8946","0.8946","","",""
"2024-03-14","159653","202000044296","0.8927","0.8927","","",""
"2024-03-15","159653","202000044296","0.8945","0.8945","","",""
"2024-03-18","159653","202000044296","0.9008","0.9008","","",""
"2024-03-19","159653","202000044296","0.8954","0.8954","","",""
"2024-03-20","159653","202000044296","0.8967","0.8967","","",""
"2024-03-21","159653","202000044296","0.8944","0.8944","","",""
"2024-03-22","159653","202000044296","0.8859","0.8859","","",""
"2024-03-25","159653","202000044296","0.8828","0.8828","","",""
"2024-03-26","159653","202000044296","0.8875","0.8875","","",""
"2024-03-27","159653","202000044296","0.8785","0.8785","","",""
"2024-03-28","159653","202000044296","0.8820","0.8820","","",""
"2024-03-29","159653","202000044296","0.8866","0.8866","","",""
"2024-04-01","159653","202000044296","0.9009","0.9009","","",""
"2023-04-03","159717","202000031050","0.8945","0.8945","","",""
"2023-04-04","159717","202000031050","0.8961","0.8961","","",""
"2023-04-06","159717","202000031050","0.8948","0.8948","","",""
"2023-04-07","159717","202000031050","0.9006","0.9006","","",""
"2023-04-10","159717","202000031050","0.8989","0.8989","","",""
"2023-04-11","159717","202000031050","0.8968","0.8968","","",""
"2023-04-12","159717","202000031050","0.8946","0.8946","","",""
"2023-04-13","159717","202000031050","0.8920","0.8920","","",""
"2023-04-14","159717","202000031050","0.8942","0.8942","","",""
"2023-04-17","159717","202000031050","0.9057","0.9057","","",""
"2023-04-18","159717","202000031050","0.9090","0.9090","","",""
"2023-04-19","159717","202000031050","0.9020","0.9020","","",""
"2023-04-20","159717","202000031050","0.8965","0.8965","","",""
"2023-04-21","159717","202000031050","0.8827","0.8827","","",""
"2023-04-24","159717","202000031050","0.8722","0.8722","","",""
"2023-04-25","159717","202000031050","0.8683","0.8683","","",""
"2023-04-26","159717","202000031050","0.8695","0.8695","","",""
"2023-04-27","159717","202000031050","0.8765","0.8765","","",""
"2023-04-28","159717","202000031050","0.8834","0.8834","","",""
"2023-05-04","159717","202000031050","0.8844","0.8844","","",""
"2023-05-05","159717","202000031050","0.8808","0.8808","","",""
"2023-05-08","159717","202000031050","0.8885","0.8885","","",""
"2023-05-09","159717","202000031050","0.8797","0.8797","","",""
"2023-05-10","159717","202000031050","0.8743","0.8743","","",""
"2023-05-11","159717","202000031050","0.8729","0.8729","","",""
"2023-05-12","159717","202000031050","0.8623","0.8623","","",""
"2023-05-15","159717","202000031050","0.8745","0.8745","","",""
"2023-05-16","159717","202000031050","0.8711","0.8711","","",""
"2023-05-17","159717","202000031050","0.8672","0.8672","","",""
"2023-05-18","159717","202000031050","0.8661","0.8661","","",""
"2023-05-19","159717","202000031050","0.8647","0.8647","","",""
"2023-05-22","159717","202000031050","0.8718","0.8718","","",""
"2023-05-23","159717","202000031050","0.8610","0.8610","","",""
"2023-05-24","159717","202000031050","0.8498","0.8498","","",""
"2023-05-25","159717","202000031050","0.8472","0.8472","","",""
"2023-05-26","159717","202000031050","0.8478","0.8478","","",""
"2023-05-29","159717","202000031050","0.8443","0.8443","","",""
"2023-05-30","159717","202000031050","0.8431","0.8431","","",""
"2023-05-31","159717","202000031050","0.8333","0.8333","","",""
"2023-06-01","159717","202000031050","0.8356","0.8356","","",""
"2023-06-02","159717","202000031050","0.8480","0.8480","","",""
"2023-06-05","159717","202000031050","0.8441","0.8441","","",""
"2023-06-06","159717","202000031050","0.8378","0.8378","","",""
"2023-06-07","159717","202000031050","0.8337","0.8337","","",""
"2023-06-08","159717","202000031050","0.8406","0.8406","","",""
"2023-06-09","159717","202000031050","0.8434","0.8434","","",""
"2023-06-12","159717","202000031050","0.8465","0.8465","","",""
"2023-06-13","159717","202000031050","0.8503","0.8503","","",""
"2023-06-14","159717","202000031050","0.8528","0.8528","","",""
"2023-06-15","159717","202000031050","0.8671","0.8671","","",""
"2023-06-16","159717","202000031050","0.8743","0.8743","","",""
"2023-06-19","159717","202000031050","0.8668","0.8668","","",""
"2023-06-20","159717","202000031050","0.8652","0.8652","","",""
"2023-06-21","159717","202000031050","0.8542","0.8542","","",""
"2023-06-26","159717","202000031050","0.8435","0.8435","","",""
"2023-06-27","159717","202000031050","0.8520","0.8520","","",""
"2023-06-28","159717","202000031050","0.8527","0.8527","","",""
"2023-06-29","159717","202000031050","0.8486","0.8486","","",""
"2023-06-30","159717","202000031050","0.8539","0.8539","","",""
"2023-07-03","159717","202000031050","0.8638","0.8638","","",""
"2023-07-04","159717","202000031050","0.8644","0.8644","","",""
"2023-07-05","159717","202000031050","0.8588","0.8588","","",""
"2023-07-06","159717","202000031050","0.8526","0.8526","","",""
"2023-07-07","159717","202000031050","0.8488","0.8488","","",""
"2023-07-10","159717","202000031050","0.8534","0.8534","","",""
"2023-07-11","159717","202000031050","0.8576","0.8576","","",""
"2023-07-12","159717","202000031050","0.8546","0.8546","","",""
"2023-07-13","159717","202000031050","0.8684","0.8684","","",""
"2023-07-14","159717","202000031050","0.8679","0.8679","","",""
"2023-07-17","159717","202000031050","0.8608","0.8608","","",""
"2023-07-18","159717","202000031050","0.8589","0.8589","","",""
"2023-07-19","159717","202000031050","0.8584","0.8584","","",""
"2023-07-20","159717","202000031050","0.8537","0.8537","","",""
"2023-07-21","159717","202000031050","0.8548","0.8548","","",""
"2023-07-24","159717","202000031050","0.8514","0.8514","","",""
"2023-07-25","159717","202000031050","0.8752","0.8752","","",""
"2023-07-26","159717","202000031050","0.8747","0.8747","","",""
"2023-07-27","159717","202000031050","0.8741","0.8741","","",""
"2023-07-28","159717","202000031050","0.8917","0.8917","","",""
"2023-07-31","159717","202000031050","0.8960","0.8960","","",""
"2023-08-01","159717","202000031050","0.8929","0.8929","","",""
"2023-08-02","159717","202000031050","0.8862","0.8862","","",""
"2023-08-03","159717","202000031050","0.8932","0.8932","","",""
"2023-08-04","159717","202000031050","0.8958","0.8958","","",""
"2023-08-07","159717","202000031050","0.8888","0.8888","","",""
"2023-08-08","159717","202000031050","0.8870","0.8870","","",""
"2023-08-09","159717","202000031050","0.8854","0.8854","","",""
"2023-08-10","159717","202000031050","0.8856","0.8856","","",""
"2023-08-11","159717","202000031050","0.8673","0.8673","","",""
"2023-08-14","159717","202000031050","0.8613","0.8613","","",""
"2023-08-15","159717","202000031050","0.8590","0.8590","","",""
"2023-08-16","159717","202000031050","0.8542","0.8542","","",""
"2023-08-17","159717","202000031050","0.8578","0.8578","","",""
"2023-08-18","159717","202000031050","0.8476","0.8476","","",""
"2023-08-21","159717","202000031050","0.8374","0.8374","","",""
"2023-08-22","159717","202000031050","0.8420","0.8420","","",""
"2023-08-23","159717","202000031050","0.8294","0.8294","","",""
"2023-08-24","159717","202000031050","0.8359","0.8359","","",""
"2023-08-25","159717","202000031050","0.8337","0.8337","","",""
"2023-08-28","159717","202000031050","0.8434","0.8434","","",""
"2023-08-29","159717","202000031050","0.8517","0.8517","","",""
"2023-08-30","159717","202000031050","0.8520","0.8520","","",""
"2023-08-31","159717","202000031050","0.8482","0.8482","","",""
"2023-09-01","159717","202000031050","0.8541","0.8541","","",""
"2023-09-04","159717","202000031050","0.8669","0.8669","","",""
"2023-09-05","159717","202000031050","0.8614","0.8614","","",""
"2023-09-06","159717","202000031050","0.8595","0.8595","","",""
"2023-09-07","159717","202000031050","0.8476","0.8476","","",""
"2023-09-08","159717","202000031050","0.8431","0.8431","","",""
"2023-09-11","159717","202000031050","0.8489","0.8489","","",""
"2023-09-12","159717","202000031050","0.8469","0.8469","","",""
"2023-09-13","159717","202000031050","0.8425","0.8425","","",""
"2023-09-14","159717","202000031050","0.8422","0.8422","","",""
"2023-09-15","159717","202000031050","0.8368","0.8368","","",""
"2023-09-18","159717","202000031050","0.8420","0.8420","","",""
"2023-09-19","159717","202000031050","0.8407","0.8407","","",""
"2023-09-20","159717","202000031050","0.8378","0.8378","","",""
"2023-09-21","159717","202000031050","0.8300","0.8300","","",""
"2023-09-22","159717","202000031050","0.8444","0.8444","","",""
"2023-09-25","159717","202000031050","0.8403","0.8403","","",""
"2023-09-26","159717","202000031050","0.8357","0.8357","","",""
"2023-09-27","159717","202000031050","0.8380","0.8380","","",""
"2023-09-28","159717","202000031050","0.8351","0.8351","","",""
"2023-10-09","159717","202000031050","0.8330","0.8330","","",""
"2023-10-10","159717","202000031050","0.8259","0.8259","","",""
"2023-10-11","159717","202000031050","0.8288","0.8288","","",""
"2023-10-12","159717","202000031050","0.8356","0.8356","","",""
"2023-10-13","159717","202000031050","0.8279","0.8279","","",""
"2023-10-16","159717","202000031050","0.8199","0.8199","","",""
"2023-10-17","159717","202000031050","0.8215","0.8215","","",""
"2023-10-18","159717","202000031050","0.8150","0.8150","","",""
"2023-10-19","159717","202000031050","0.7976","0.7976","","",""
"2023-10-20","159717","202000031050","0.7926","0.7926","","",""
"2023-10-23","159717","202000031050","0.7845","0.7845","","",""
"2023-10-24","159717","202000031050","0.7866","0.7866","","",""
"2023-10-25","159717","202000031050","0.7905","0.7905","","",""
"2023-10-26","159717","202000031050","0.7926","0.7926","","",""
"2023-10-27","159717","202000031050","0.8038","0.8038","","",""
"2023-10-30","159717","202000031050","0.8084","0.8084","","",""
"2023-10-31","159717","202000031050","0.8054","0.8054","","",""
"2023-11-01","159717","202000031050","0.8064","0.8064","","",""
"2023-11-02","159717","202000031050","0.8030","0.8030","","",""
"2023-11-03","159717","202000031050","0.8090","0.8090","","",""
"2023-11-06","159717","202000031050","0.8188","0.8188","","",""
"2023-11-07","159717","202000031050","0.8153","0.8153","","",""
"2023-11-08","159717","202000031050","0.8139","0.8139","","",""
"2023-11-09","159717","202000031050","0.8138","0.8138","","",""
"2023-11-10","159717","202000031050","0.8080","0.8080","","",""
"2023-11-13","159717","202000031050","0.8057","0.8057","","",""
"2023-11-14","159717","202000031050","0.8051","0.8051","","",""
"2023-11-15","159717","202000031050","0.8114","0.8114","","",""
"2023-11-16","159717","202000031050","0.8040","0.8040","","",""
"2023-11-17","159717","202000031050","0.8028","0.8028","","",""
"2023-11-20","159717","202000031050","0.8052","0.8052","","",""
"2023-11-21","159717","202000031050","0.8069","0.8069","","",""
"2023-11-22","159717","202000031050","0.7988","0.7988","","",""
"2023-11-23","159717","202000031050","0.8029","0.8029","","",""
"2023-11-24","159717","202000031050","0.7989","0.7989","","",""
"2023-11-27","159717","202000031050","0.7927","0.7927","","",""
"2023-11-28","159717","202000031050","0.7949","0.7949","","",""
"2023-11-29","159717","202000031050","0.7889","0.7889","","",""
"2023-11-30","159717","202000031050","0.7905","0.7905","","",""
"2023-12-01","159717","202000031050","0.7861","0.7861","","",""
"2023-12-04","159717","202000031050","0.7795","0.7795","","",""
"2023-12-05","159717","202000031050","0.7651","0.7651","","",""
"2023-12-06","159717","202000031050","0.7655","0.7655","","",""
"2023-12-07","159717","202000031050","0.7631","0.7631","","",""
"2023-12-08","159717","202000031050","0.7651","0.7651","","",""
"2023-12-11","159717","202000031050","0.7694","0.7694","","",""
"2023-12-12","159717","202000031050","0.7712","0.7712","","",""
"2023-12-13","159717","202000031050","0.7586","0.7586","","",""
"2023-12-14","159717","202000031050","0.7550","0.7550","","",""
"2023-12-15","159717","202000031050","0.7525","0.7525","","",""
"2023-12-18","159717","202000031050","0.7500","0.7500","","",""
"2023-12-19","159717","202000031050","0.7505","0.7505","","",""
"2023-12-20","159717","202000031050","0.7449","0.7449","","",""
"2023-12-21","159717","202000031050","0.7525","0.7525","","",""
"2023-12-22","159717","202000031050","0.7534","0.7534","","",""
"2023-12-25","159717","202000031050","0.7556","0.7556","","",""
"2023-12-26","159717","202000031050","0.7506","0.7506","","",""
"2023-12-27","159717","202000031050","0.7526","0.7526","","",""
"2023-12-28","159717","202000031050","0.7702","0.7702","","",""
"2023-12-29","159717","202000031050","0.7742","0.7742","","",""
"2023-12-31","159717","202000031050","0.7741","0.7741","","",""
"2024-01-02","159717","202000031050","0.7643","0.7643","","",""
"2024-01-03","159717","202000031050","0.7629","0.7629","","",""
"2024-01-04","159717","202000031050","0.7566","0.7566","","",""
"2024-01-05","159717","202000031050","0.7517","0.7517","","",""
"2024-01-08","159717","202000031050","0.7422","0.7422","","",""
"2024-01-09","159717","202000031050","0.7436","0.7436","","",""
"2024-01-10","159717","202000031050","0.7410","0.7410","","",""
"2024-01-11","159717","202000031050","0.7443","0.7443","","",""
"2024-01-12","159717","202000031050","0.7425","0.7425","","",""
"2024-01-15","159717","202000031050","0.7416","0.7416","","",""
"2024-01-16","159717","202000031050","0.7457","0.7457","","",""
"2024-01-17","159717","202000031050","0.7296","0.7296","","",""
"2024-01-18","159717","202000031050","0.7392","0.7392","","",""
"2024-01-19","159717","202000031050","0.7383","0.7383","","",""
"2024-01-22","159717","202000031050","0.7263","0.7263","","",""
"2024-01-23","159717","202000031050","0.7288","0.7288","","",""
"2024-01-24","159717","202000031050","0.7379","0.7379","","",""
"2024-01-25","159717","202000031050","0.7524","0.7524","","",""
"2024-01-26","159717","202000031050","0.7497","0.7497","","",""
"2024-01-29","159717","202000031050","0.7427","0.7427","","",""
"2024-01-30","159717","202000031050","0.7289","0.7289","","",""
"2024-01-31","159717","202000031050","0.7225","0.7225","","",""
"2024-02-01","159717","202000031050","0.7227","0.7227","","",""
"2024-02-02","159717","202000031050","0.7137","0.7137","","",""
"2024-02-05","159717","202000031050","0.7195","0.7195","","",""
"2024-02-06","159717","202000031050","0.7467","0.7467","","",""
"2024-02-07","159717","202000031050","0.7578","0.7578","","",""
"2024-02-08","159717","202000031050","0.7617","0.7617","","",""
"2024-02-19","159717","202000031050","0.7670","0.7670","","",""
"2024-02-20","159717","202000031050","0.7682","0.7682","","",""
"2024-02-21","159717","202000031050","0.7780","0.7780","","",""
"2024-02-22","159717","202000031050","0.7831","0.7831","","",""
"2024-02-23","159717","202000031050","0.7835","0.7835","","",""
"2024-02-26","159717","202000031050","0.7753","0.7753","","",""
"2024-02-27","159717","202000031050","0.7831","0.7831","","",""
"2024-02-28","159717","202000031050","0.7742","0.7742","","",""
"2024-02-29","159717","202000031050","0.7882","0.7882","","",""
"2024-03-01","159717","202000031050","0.7914","0.7914","","",""
"2024-03-04","159717","202000031050","0.7925","0.7925","","",""
"2024-03-05","159717","202000031050","0.7977","0.7977","","",""
"2024-03-06","159717","202000031050","0.7945","0.7945","","",""
"2024-03-07","159717","202000031050","0.7900","0.7900","","",""
"2024-03-08","159717","202000031050","0.7935","0.7935","","",""
"2024-03-11","159717","202000031050","0.8042","0.8042","","",""
"2024-03-12","159717","202000031050","0.8073","0.8073","","",""
"2024-03-13","159717","202000031050","0.8015","0.8015","","",""
"2024-03-14","159717","202000031050","0.7996","0.7996","","",""
"2024-03-15","159717","202000031050","0.8014","0.8014","","",""
"2024-03-18","159717","202000031050","0.8075","0.8075","","",""
"2024-03-19","159717","202000031050","0.8025","0.8025","","",""
"2024-03-20","159717","202000031050","0.8037","0.8037","","",""
"2024-03-21","159717","202000031050","0.8016","0.8016","","",""
"2024-03-22","159717","202000031050","0.7938","0.7938","","",""
"2024-03-25","159717","202000031050","0.7909","0.7909","","",""
"2024-03-26","159717","202000031050","0.7951","0.7951","","",""
"2024-03-27","159717","202000031050","0.7868","0.7868","","",""
"2024-03-28","159717","202000031050","0.7901","0.7901","","",""
"2024-03-29","159717","202000031050","0.7943","0.7943","","",""
"2024-04-01","159717","202000031050","0.8073","0.8073","","",""
"2023-04-03","159791","202000036118","0.9366","0.9366","","",""
"2023-04-04","159791","202000036118","0.9394","0.9394","","",""
"2023-04-06","159791","202000036118","0.9377","0.9377","","",""
"2023-04-07","159791","202000036118","0.9443","0.9443","","",""
"2023-04-10","159791","202000036118","0.9396","0.9396","","",""
"2023-04-11","159791","202000036118","0.9377","0.9377","","",""
"2023-04-12","159791","202000036118","0.9377","0.9377","","",""
"2023-04-13","159791","202000036118","0.9316","0.9316","","",""
"2023-04-14","159791","202000036118","0.9367","0.9367","","",""
"2023-04-17","159791","202000036118","0.9494","0.9494","","",""
"2023-04-18","159791","202000036118","0.9519","0.9519","","",""
"2023-04-19","159791","202000036118","0.9438","0.9438","","",""
"2023-04-20","159791","202000036118","0.9413","0.9413","","",""
"2023-04-21","159791","202000036118","0.9238","0.9238","","",""
"2023-04-24","159791","202000036118","0.9130","0.9130","","",""
"2023-04-25","159791","202000036118","0.9090","0.9090","","",""
"2023-04-26","159791","202000036118","0.9078","0.9078","","",""
"2023-04-27","159791","202000036118","0.9132","0.9132","","",""
"2023-04-28","159791","202000036118","0.9225","0.9225","","",""
"2023-05-04","159791","202000036118","0.9211","0.9211","","",""
"2023-05-05","159791","202000036118","0.9175","0.9175","","",""
"2023-05-08","159791","202000036118","0.9270","0.9270","","",""
"2023-05-09","159791","202000036118","0.9192","0.9192","","",""
"2023-05-10","159791","202000036118","0.9127","0.9127","","",""
"2023-05-11","159791","202000036118","0.9108","0.9108","","",""
"2023-05-12","159791","202000036118","0.8994","0.8994","","",""
"2023-05-15","159791","202000036118","0.9115","0.9115","","",""
"2023-05-16","159791","202000036118","0.9068","0.9068","","",""
"2023-05-17","159791","202000036118","0.9027","0.9027","","",""
"2023-05-18","159791","202000036118","0.9022","0.9022","","",""
"2023-05-19","159791","202000036118","0.9005","0.9005","","",""
"2023-05-22","159791","202000036118","0.9066","0.9066","","",""
"2023-05-23","159791","202000036118","0.8945","0.8945","","",""
"2023-05-24","159791","202000036118","0.8819","0.8819","","",""
"2023-05-25","159791","202000036118","0.8795","0.8795","","",""
"2023-05-26","159791","202000036118","0.8806","0.8806","","",""
"2023-05-29","159791","202000036118","0.8771","0.8771","","",""
"2023-05-30","159791","202000036118","0.8785","0.8785","","",""
"2023-05-31","159791","202000036118","0.8696","0.8696","","",""
"2023-06-01","159791","202000036118","0.8724","0.8724","","",""
"2023-06-02","159791","202000036118","0.8846","0.8846","","",""
"2023-06-05","159791","202000036118","0.8810","0.8810","","",""
"2023-06-06","159791","202000036118","0.8730","0.8730","","",""
"2023-06-07","159791","202000036118","0.8693","0.8693","","",""
"2023-06-08","159791","202000036118","0.8763","0.8763","","",""
"2023-06-09","159791","202000036118","0.8805","0.8805","","",""
"2023-06-12","159791","202000036118","0.8825","0.8825","","",""
"2023-06-13","159791","202000036118","0.8879","0.8879","","",""
"2023-06-14","159791","202000036118","0.8893","0.8893","","",""
"2023-06-15","159791","202000036118","0.9029","0.9029","","",""
"2023-06-16","159791","202000036118","0.9128","0.9128","","",""
"2023-06-19","159791","202000036118","0.9058","0.9058","","",""
"2023-06-20","159791","202000036118","0.9048","0.9048","","",""
"2023-06-21","159791","202000036118","0.8919","0.8919","","",""
"2023-06-26","159791","202000036118","0.8792","0.8792","","",""
"2023-06-27","159791","202000036118","0.8876","0.8876","","",""
"2023-06-28","159791","202000036118","0.8871","0.8871","","",""
"2023-06-29","159791","202000036118","0.8825","0.8825","","",""
"2023-06-30","159791","202000036118","0.8870","0.8870","","",""
"2023-07-03","159791","202000036118","0.8975","0.8975","","",""
"2023-07-04","159791","202000036118","0.8987","0.8987","","",""
"2023-07-05","159791","202000036118","0.8921","0.8921","","",""
"2023-07-06","159791","202000036118","0.8864","0.8864","","",""
"2023-07-07","159791","202000036118","0.8824","0.8824","","",""
"2023-07-10","159791","202000036118","0.8863","0.8863","","",""
"2023-07-11","159791","202000036118","0.8922","0.8922","","",""
"2023-07-12","159791","202000036118","0.8874","0.8874","","",""
"2023-07-13","159791","202000036118","0.9018","0.9018","","",""
"2023-07-14","159791","202000036118","0.9029","0.9029","","",""
"2023-07-17","159791","202000036118","0.8963","0.8963","","",""
"2023-07-18","159791","202000036118","0.8940","0.8940","","",""
"2023-07-19","159791","202000036118","0.8937","0.8937","","",""
"2023-07-20","159791","202000036118","0.8873","0.8873","","",""
"2023-07-21","159791","202000036118","0.8880","0.8880","","",""
"2023-07-24","159791","202000036118","0.8843","0.8843","","",""
"2023-07-25","159791","202000036118","0.9102","0.9102","","",""
"2023-07-26","159791","202000036118","0.9079","0.9079","","",""
"2023-07-27","159791","202000036118","0.9070","0.9070","","",""
"2023-07-28","159791","202000036118","0.9285","0.9285","","",""
"2023-07-31","159791","202000036118","0.9336","0.9336","","",""
"2023-08-01","159791","202000036118","0.9300","0.9300","","",""
"2023-08-02","159791","202000036118","0.9232","0.9232","","",""
"2023-08-03","159791","202000036118","0.9306","0.9306","","",""
"2023-08-04","159791","202000036118","0.9348","0.9348","","",""
"2023-08-07","159791","202000036118","0.9275","0.9275","","",""
"2023-08-08","159791","202000036118","0.9250","0.9250","","",""
"2023-08-09","159791","202000036118","0.9227","0.9227","","",""
"2023-08-10","159791","202000036118","0.9236","0.9236","","",""
"2023-08-11","159791","202000036118","0.9034","0.9034","","",""
"2023-08-14","159791","202000036118","0.8967","0.8967","","",""
"2023-08-15","159791","202000036118","0.8943","0.8943","","",""
"2023-08-16","159791","202000036118","0.8873","0.8873","","",""
"2023-08-17","159791","202000036118","0.8902","0.8902","","",""
"2023-08-18","159791","202000036118","0.8792","0.8792","","",""
"2023-08-21","159791","202000036118","0.8672","0.8672","","",""
"2023-08-22","159791","202000036118","0.8737","0.8737","","",""
"2023-08-23","159791","202000036118","0.8595","0.8595","","",""
"2023-08-24","159791","202000036118","0.8657","0.8657","","",""
"2023-08-25","159791","202000036118","0.8629","0.8629","","",""
"2023-08-28","159791","202000036118","0.8731","0.8731","","",""
"2023-08-29","159791","202000036118","0.8821","0.8821","","",""
"2023-08-30","159791","202000036118","0.8824","0.8824","","",""
"2023-08-31","159791","202000036118","0.8773","0.8773","","",""
"2023-09-01","159791","202000036118","0.8831","0.8831","","",""
"2023-09-04","159791","202000036118","0.8968","0.8968","","",""
"2023-09-05","159791","202000036118","0.8902","0.8902","","",""
"2023-09-06","159791","202000036118","0.8881","0.8881","","",""
"2023-09-07","159791","202000036118","0.8757","0.8757","","",""
"2023-09-08","159791","202000036118","0.8708","0.8708","","",""
"2023-09-11","159791","202000036118","0.8774","0.8774","","",""
"2023-09-12","159791","202000036118","0.8761","0.8761","","",""
"2023-09-13","159791","202000036118","0.8707","0.8707","","",""
"2023-09-14","159791","202000036118","0.8699","0.8699","","",""
"2023-09-15","159791","202000036118","0.8642","0.8642","","",""
"2023-09-18","159791","202000036118","0.8688","0.8688","","",""
"2023-09-19","159791","202000036118","0.8671","0.8671","","",""
"2023-09-20","159791","202000036118","0.8641","0.8641","","",""
"2023-09-21","159791","202000036118","0.8559","0.8559","","",""
"2023-09-22","159791","202000036118","0.8710","0.8710","","",""
"2023-09-25","159791","202000036118","0.8655","0.8655","","",""
"2023-09-26","159791","202000036118","0.8607","0.8607","","",""
"2023-09-27","159791","202000036118","0.8626","0.8626","","",""
"2023-09-28","159791","202000036118","0.8600","0.8600","","",""
"2023-10-09","159791","202000036118","0.8592","0.8592","","",""
"2023-10-10","159791","202000036118","0.8525","0.8525","","",""
"2023-10-11","159791","202000036118","0.8555","0.8555","","",""
"2023-10-12","159791","202000036118","0.8638","0.8638","","",""
"2023-10-13","159791","202000036118","0.8547","0.8547","","",""
"2023-10-16","159791","202000036118","0.8462","0.8462","","",""
"2023-10-17","159791","202000036118","0.8489","0.8489","","",""
"2023-10-18","159791","202000036118","0.8431","0.8431","","",""
"2023-10-19","159791","202000036118","0.8240","0.8240","","",""
"2023-10-20","159791","202000036118","0.8180","0.8180","","",""
"2023-10-23","159791","202000036118","0.8100","0.8100","","",""
"2023-10-24","159791","202000036118","0.8120","0.8120","","",""
"2023-10-25","159791","202000036118","0.8165","0.8165","","",""
"2023-10-26","159791","202000036118","0.8182","0.8182","","",""
"2023-10-27","159791","202000036118","0.8294","0.8294","","",""
"2023-10-30","159791","202000036118","0.8341","0.8341","","",""
"2023-10-31","159791","202000036118","0.8304","0.8304","","",""
"2023-11-01","159791","202000036118","0.8309","0.8309","","",""
"2023-11-02","159791","202000036118","0.8277","0.8277","","",""
"2023-11-03","159791","202000036118","0.8348","0.8348","","",""
"2023-11-06","159791","202000036118","0.8452","0.8452","","",""
"2023-11-07","159791","202000036118","0.8422","0.8422","","",""
"2023-11-08","159791","202000036118","0.8405","0.8405","","",""
"2023-11-09","159791","202000036118","0.8411","0.8411","","",""
"2023-11-10","159791","202000036118","0.8346","0.8346","","",""
"2023-11-13","159791","202000036118","0.8326","0.8326","","",""
"2023-11-14","159791","202000036118","0.8328","0.8328","","",""
"2023-11-15","159791","202000036118","0.8389","0.8389","","",""
"2023-11-16","159791","202000036118","0.8310","0.8310","","",""
"2023-11-17","159791","202000036118","0.8293","0.8293","","",""
"2023-11-20","159791","202000036118","0.8314","0.8314","","",""
"2023-11-21","159791","202000036118","0.8330","0.8330","","",""
"2023-11-22","159791","202000036118","0.8246","0.8246","","",""
"2023-11-23","159791","202000036118","0.8285","0.8285","","",""
"2023-11-24","159791","202000036118","0.8230","0.8230","","",""
"2023-11-27","159791","202000036118","0.8171","0.8171","","",""
"2023-11-28","159791","202000036118","0.8190","0.8190","","",""
"2023-11-29","159791","202000036118","0.8123","0.8123","","",""
"2023-11-30","159791","202000036118","0.8141","0.8141","","",""
"2023-12-01","159791","202000036118","0.8108","0.8108","","",""
"2023-12-04","159791","202000036118","0.8051","0.8051","","",""
"2023-12-05","159791","202000036118","0.7894","0.7894","","",""
"2023-12-06","159791","202000036118","0.7900","0.7900","","",""
"2023-12-07","159791","202000036118","0.7881","0.7881","","",""
"2023-12-08","159791","202000036118","0.7910","0.7910","","",""
"2023-12-11","159791","202000036118","0.7952","0.7952","","",""
"2023-12-12","159791","202000036118","0.7975","0.7975","","",""
"2023-12-13","159791","202000036118","0.7837","0.7837","","",""
"2023-12-14","159791","202000036118","0.7799","0.7799","","",""
"2023-12-15","159791","202000036118","0.7773","0.7773","","",""
"2023-12-18","159791","202000036118","0.7749","0.7749","","",""
"2023-12-19","159791","202000036118","0.7760","0.7760","","",""
"2023-12-20","159791","202000036118","0.7691","0.7691","","",""
"2023-12-21","159791","202000036118","0.7778","0.7778","","",""
"2023-12-22","159791","202000036118","0.7789","0.7789","","",""
"2023-12-25","159791","202000036118","0.7808","0.7808","","",""
"2023-12-26","159791","202000036118","0.7755","0.7755","","",""
"2023-12-27","159791","202000036118","0.7784","0.7784","","",""
"2023-12-28","159791","202000036118","0.7979","0.7979","","",""
"2023-12-29","159791","202000036118","0.8015","0.8015","","",""
"2023-12-31","159791","202000036118","0.8014","0.8014","","",""
"2024-01-02","159791","202000036118","0.7891","0.7891","","",""
"2024-01-03","159791","202000036118","0.7870","0.7870","","",""
"2024-01-04","159791","202000036118","0.7795","0.7795","","",""
"2024-01-05","159791","202000036118","0.7758","0.7758","","",""
"2024-01-08","159791","202000036118","0.7664","0.7664","","",""
"2024-01-09","159791","202000036118","0.7677","0.7677","","",""
"2024-01-10","159791","202000036118","0.7645","0.7645","","",""
"2024-01-11","159791","202000036118","0.7690","0.7690","","",""
"2024-01-12","159791","202000036118","0.7666","0.7666","","",""
"2024-01-15","159791","202000036118","0.7658","0.7658","","",""
"2024-01-16","159791","202000036118","0.7700","0.7700","","",""
"2024-01-17","159791","202000036118","0.7536","0.7536","","",""
"2024-01-18","159791","202000036118","0.7637","0.7637","","",""
"2024-01-19","159791","202000036118","0.7637","0.7637","","",""
"2024-01-22","159791","202000036118","0.7532","0.7532","","",""
"2024-01-23","159791","202000036118","0.7558","0.7558","","",""
"2024-01-24","159791","202000036118","0.7652","0.7652","","",""
"2024-01-25","159791","202000036118","0.7808","0.7808","","",""
"2024-01-26","159791","202000036118","0.7784","0.7784","","",""
"2024-01-29","159791","202000036118","0.7716","0.7716","","",""
"2024-01-30","159791","202000036118","0.7581","0.7581","","",""
"2024-01-31","159791","202000036118","0.7520","0.7520","","",""
"2024-02-01","159791","202000036118","0.7526","0.7526","","",""
"2024-02-02","159791","202000036118","0.7435","0.7435","","",""
"2024-02-05","159791","202000036118","0.7502","0.7502","","",""
"2024-02-06","159791","202000036118","0.7754","0.7754","","",""
"2024-02-07","159791","202000036118","0.7827","0.7827","","",""
"2024-02-08","159791","202000036118","0.7876","0.7876","","",""
"2024-02-19","159791","202000036118","0.7962","0.7962","","",""
"2024-02-20","159791","202000036118","0.7972","0.7972","","",""
"2024-02-21","159791","202000036118","0.8092","0.8092","","",""
"2024-02-22","159791","202000036118","0.8150","0.8150","","",""
"2024-02-23","159791","202000036118","0.8151","0.8151","","",""
"2024-02-26","159791","202000036118","0.8063","0.8063","","",""
"2024-02-27","159791","202000036118","0.8155","0.8155","","",""
"2024-02-28","159791","202000036118","0.8062","0.8062","","",""
"2024-02-29","159791","202000036118","0.8208","0.8208","","",""
"2024-03-01","159791","202000036118","0.8262","0.8262","","",""
"2024-03-04","159791","202000036118","0.8267","0.8267","","",""
"2024-03-05","159791","202000036118","0.8332","0.8332","","",""
"2024-03-06","159791","202000036118","0.8298","0.8298","","",""
"2024-03-07","159791","202000036118","0.8250","0.8250","","",""
"2024-03-08","159791","202000036118","0.8283","0.8283","","",""
"2024-03-11","159791","202000036118","0.8393","0.8393","","",""
"2024-03-12","159791","202000036118","0.8421","0.8421","","",""
"2024-03-13","159791","202000036118","0.8363","0.8363","","",""
"2024-03-14","159791","202000036118","0.8339","0.8339","","",""
"2024-03-15","159791","202000036118","0.8352","0.8352","","",""
"2024-03-18","159791","202000036118","0.8427","0.8427","","",""
"2024-03-19","159791","202000036118","0.8369","0.8369","","",""
"2024-03-20","159791","202000036118","0.8390","0.8390","","",""
"2024-03-21","159791","202000036118","0.8376","0.8376","","",""
"2024-03-22","159791","202000036118","0.8294","0.8294","","",""
"2024-03-25","159791","202000036118","0.8255","0.8255","","",""
"2024-03-26","159791","202000036118","0.8305","0.8305","","",""
"2024-03-27","159791","202000036118","0.8216","0.8216","","",""
"2024-03-28","159791","202000036118","0.8254","0.8254","","",""
"2024-03-29","159791","202000036118","0.8285","0.8285","","",""
"2024-04-01","159791","202000036118","0.8427","0.8427","","",""
"2023-04-03","501086","202000021339","1.2905","1.2905","","",""
"2023-04-04","501086","202000021339","1.2909","1.2909","","",""
"2023-04-06","501086","202000021339","1.2892","1.2892","","",""
"2023-04-07","501086","202000021339","1.2981","1.2981","","",""
"2023-04-10","501086","202000021339","1.2937","1.2937","","",""
"2023-04-11","501086","202000021339","1.2924","1.2924","","",""
"2023-04-12","501086","202000021339","1.2898","1.2898","","",""
"2023-04-13","501086","202000021339","1.2851","1.2851","","",""
"2023-04-14","501086","202000021339","1.2904","1.2904","","",""
"2023-04-17","501086","202000021339","1.3063","1.3063","","",""
"2023-04-18","501086","202000021339","1.3086","1.3086","","",""
"2023-04-19","501086","202000021339","1.2981","1.2981","","",""
"2023-04-20","501086","202000021339","1.2917","1.2917","","",""
"2023-04-21","501086","202000021339","1.2691","1.2691","","",""
"2023-04-24","501086","202000021339","1.2559","1.2559","","",""
"2023-04-25","501086","202000021339","1.2485","1.2485","","",""
"2023-04-26","501086","202000021339","1.2508","1.2508","","",""
"2023-04-27","501086","202000021339","1.2583","1.2583","","",""
"2023-04-28","501086","202000021339","1.2688","1.2688","","",""
"2023-05-04","501086","202000021339","1.2707","1.2707","","",""
"2023-05-05","501086","202000021339","1.2668","1.2668","","",""
"2023-05-08","501086","202000021339","1.2807","1.2807","","",""
"2023-05-09","501086","202000021339","1.2713","1.2713","","",""
"2023-05-10","501086","202000021339","1.2621","1.2621","","",""
"2023-05-11","501086","202000021339","1.2615","1.2615","","",""
"2023-05-12","501086","202000021339","1.2474","1.2474","","",""
"2023-05-15","501086","202000021339","1.2653","1.2653","","",""
"2023-05-16","501086","202000021339","1.2602","1.2602","","",""
"2023-05-17","501086","202000021339","1.2541","1.2541","","",""
"2023-05-18","501086","202000021339","1.2523","1.2523","","",""
"2023-05-19","501086","202000021339","1.2491","1.2491","","",""
"2023-05-22","501086","202000021339","1.2552","1.2552","","",""
"2023-05-23","501086","202000021339","1.2400","1.2400","","",""
"2023-05-24","501086","202000021339","1.2243","1.2243","","",""
"2023-05-25","501086","202000021339","1.2212","1.2212","","",""
"2023-05-26","501086","202000021339","1.2216","1.2216","","",""
"2023-05-29","501086","202000021339","1.2192","1.2192","","",""
"2023-05-30","501086","202000021339","1.2196","1.2196","","",""
"2023-05-31","501086","202000021339","1.2123","1.2123","","",""
"2023-06-01","501086","202000021339","1.2125","1.2125","","",""
"2023-06-02","501086","202000021339","1.2275","1.2275","","",""
"2023-06-05","501086","202000021339","1.2232","1.2232","","",""
"2023-06-06","501086","202000021339","1.2127","1.2127","","",""
"2023-06-07","501086","202000021339","1.2053","1.2053","","",""
"2023-06-08","501086","202000021339","1.2118","1.2118","","",""
"2023-06-09","501086","202000021339","1.2194","1.2194","","",""
"2023-06-12","501086","202000021339","1.2214","1.2214","","",""
"2023-06-13","501086","202000021339","1.2266","1.2266","","",""
"2023-06-14","501086","202000021339","1.2274","1.2274","","",""
"2023-06-15","501086","202000021339","1.2468","1.2468","","",""
"2023-06-16","501086","202000021339","1.2566","1.2566","","",""
"2023-06-19","501086","202000021339","1.2487","1.2487","","",""
"2023-06-20","501086","202000021339","1.2462","1.2462","","",""
"2023-06-21","501086","202000021339","1.2282","1.2282","","",""
"2023-06-26","501086","202000021339","1.2116","1.2116","","",""
"2023-06-27","501086","202000021339","1.2210","1.2210","","",""
"2023-06-28","501086","202000021339","1.2208","1.2208","","",""
"2023-06-29","501086","202000021339","1.2146","1.2146","","",""
"2023-06-30","501086","202000021339","1.2227","1.2227","","",""
"2023-07-03","501086","202000021339","1.2371","1.2371","","",""
"2023-07-04","501086","202000021339","1.2378","1.2378","","",""
"2023-07-05","501086","202000021339","1.2292","1.2292","","",""
"2023-07-06","501086","202000021339","1.2225","1.2225","","",""
"2023-07-07","501086","202000021339","1.2182","1.2182","","",""
"2023-07-10","501086","202000021339","1.2243","1.2243","","",""
"2023-07-11","501086","202000021339","1.2309","1.2309","","",""
"2023-07-12","501086","202000021339","1.2233","1.2233","","",""
"2023-07-13","501086","202000021339","1.2412","1.2412","","",""
"2023-07-14","501086","202000021339","1.2409","1.2409","","",""
"2023-07-17","501086","202000021339","1.2374","1.2374","","",""
"2023-07-18","501086","202000021339","1.2342","1.2342","","",""
"2023-07-19","501086","202000021339","1.2328","1.2328","","",""
"2023-07-20","501086","202000021339","1.2254","1.2254","","",""
"2023-07-21","501086","202000021339","1.2263","1.2263","","",""
"2023-07-24","501086","202000021339","1.2208","1.2208","","",""
"2023-07-25","501086","202000021339","1.2520","1.2520","","",""
"2023-07-26","501086","202000021339","1.2498","1.2498","","",""
"2023-07-27","501086","202000021339","1.2484","1.2484","","",""
"2023-07-28","501086","202000021339","1.2753","1.2753","","",""
"2023-07-31","501086","202000021339","1.2825","1.2825","","",""
"2023-08-01","501086","202000021339","1.2783","1.2783","","",""
"2023-08-02","501086","202000021339","1.2693","1.2693","","",""
"2023-08-03","501086","202000021339","1.2805","1.2805","","",""
"2023-08-04","501086","202000021339","1.2853","1.2853","","",""
"2023-08-07","501086","202000021339","1.2762","1.2762","","",""
"2023-08-08","501086","202000021339","1.2728","1.2728","","",""
"2023-08-09","501086","202000021339","1.2690","1.2690","","",""
"2023-08-10","501086","202000021339","1.2717","1.2717","","",""
"2023-08-11","501086","202000021339","1.2453","1.2453","","",""
"2023-08-14","501086","202000021339","1.2341","1.2341","","",""
"2023-08-15","501086","202000021339","1.2287","1.2287","","",""
"2023-08-16","501086","202000021339","1.2195","1.2195","","",""
"2023-08-17","501086","202000021339","1.2225","1.2225","","",""
"2023-08-18","501086","202000021339","1.2083","1.2083","","",""
"2023-08-21","501086","202000021339","1.1908","1.1908","","",""
"2023-08-22","501086","202000021339","1.1970","1.1970","","",""
"2023-08-23","501086","202000021339","1.1789","1.1789","","",""
"2023-08-24","501086","202000021339","1.1871","1.1871","","",""
"2023-08-25","501086","202000021339","1.1821","1.1821","","",""
"2023-08-28","501086","202000021339","1.1947","1.1947","","",""
"2023-08-29","501086","202000021339","1.2063","1.2063","","",""
"2023-08-30","501086","202000021339","1.2040","1.2040","","",""
"2023-08-31","501086","202000021339","1.1966","1.1966","","",""
"2023-09-01","501086","202000021339","1.2028","1.2028","","",""
"2023-09-04","501086","202000021339","1.2184","1.2184","","",""
"2023-09-05","501086","202000021339","1.2099","1.2099","","",""
"2023-09-06","501086","202000021339","1.2064","1.2064","","",""
"2023-09-07","501086","202000021339","1.1911","1.1911","","",""
"2023-09-08","501086","202000021339","1.1860","1.1860","","",""
"2023-09-11","501086","202000021339","1.1950","1.1950","","",""
"2023-09-12","501086","202000021339","1.1925","1.1925","","",""
"2023-09-13","501086","202000021339","1.1855","1.1855","","",""
"2023-09-14","501086","202000021339","1.1847","1.1847","","",""
"2023-09-15","501086","202000021339","1.1779","1.1779","","",""
"2023-09-18","501086","202000021339","1.1809","1.1809","","",""
"2023-09-19","501086","202000021339","1.1801","1.1801","","",""
"2023-09-20","501086","202000021339","1.1776","1.1776","","",""
"2023-09-21","501086","202000021339","1.1727","1.1727","","",""
"2023-09-22","501086","202000021339","1.1814","1.1814","","",""
"2023-09-25","501086","202000021339","1.1783","1.1783","","",""
"2023-09-26","501086","202000021339","1.1719","1.1719","","",""
"2023-09-27","501086","202000021339","1.1745","1.1745","","",""
"2023-09-28","501086","202000021339","1.1718","1.1718","","",""
"2023-10-09","501086","202000021339","1.1674","1.1674","","",""
"2023-10-10","501086","202000021339","1.1603","1.1603","","",""
"2023-10-11","501086","202000021339","1.1653","1.1653","","",""
"2023-04-03","510990","202000027956","0.8567","0.8567","","",""
"2023-04-04","510990","202000027956","0.8622","0.8622","","",""
"2023-04-06","510990","202000027956","0.8614","0.8614","","",""
"2023-04-07","510990","202000027956","0.8655","0.8655","","",""
"2023-04-10","510990","202000027956","0.8629","0.8629","","",""
"2023-04-11","510990","202000027956","0.8611","0.8611","","",""
"2023-04-12","510990","202000027956","0.8606","0.8606","","",""
"2023-04-13","510990","202000027956","0.8589","0.8589","","",""
"2023-04-14","510990","202000027956","0.8640","0.8640","","",""
"2023-04-17","510990","202000027956","0.8785","0.8785","","",""
"2023-04-18","510990","202000027956","0.8819","0.8819","","",""
"2023-04-19","510990","202000027956","0.8752","0.8752","","",""
"2023-04-20","510990","202000027956","0.8731","0.8731","","",""
"2023-04-21","510990","202000027956","0.8565","0.8565","","",""
"2023-04-24","510990","202000027956","0.8462","0.8462","","",""
"2023-04-25","510990","202000027956","0.8447","0.8447","","",""
"2023-04-26","510990","202000027956","0.8425","0.8425","","",""
"2023-04-27","510990","202000027956","0.8491","0.8491","","",""
"2023-04-28","510990","202000027956","0.8587","0.8587","","",""
"2023-05-04","510990","202000027956","0.8630","0.8630","","",""
"2023-05-05","510990","202000027956","0.8619","0.8619","","",""
"2023-05-08","510990","202000027956","0.8773","0.8773","","",""
"2023-05-09","510990","202000027956","0.8682","0.8682","","",""
"2023-05-10","510990","202000027956","0.8576","0.8576","","",""
"2023-05-11","510990","202000027956","0.8545","0.8545","","",""
"2023-05-12","510990","202000027956","0.8427","0.8427","","",""
"2023-05-15","510990","202000027956","0.8548","0.8548","","",""
"2023-05-16","510990","202000027956","0.8506","0.8506","","",""
"2023-05-17","510990","202000027956","0.8455","0.8455","","",""
"2023-05-18","510990","202000027956","0.8464","0.8464","","",""
"2023-05-19","510990","202000027956","0.8415","0.8415","","",""
"2023-05-22","510990","202000027956","0.8475","0.8475","","",""
"2023-05-23","510990","202000027956","0.8346","0.8346","","",""
"2023-05-24","510990","202000027956","0.8225","0.8225","","",""
"2023-05-25","510990","202000027956","0.8199","0.8199","","",""
"2023-05-26","510990","202000027956","0.8204","0.8204","","",""
"2023-05-29","510990","202000027956","0.8196","0.8196","","",""
"2023-05-30","510990","202000027956","0.8178","0.8178","","",""
"2023-05-31","510990","202000027956","0.8092","0.8092","","",""
"2023-06-01","510990","202000027956","0.8117","0.8117","","",""
"2023-06-02","510990","202000027956","0.8224","0.8224","","",""
"2023-06-05","510990","202000027956","0.8188","0.8188","","",""
"2023-06-06","510990","202000027956","0.8130","0.8130","","",""
"2023-06-07","510990","202000027956","0.8115","0.8115","","",""
"2023-06-08","510990","202000027956","0.8189","0.8189","","",""
"2023-06-09","510990","202000027956","0.8231","0.8231","","",""
"2023-06-12","510990","202000027956","0.8216","0.8216","","",""
"2023-06-13","510990","202000027956","0.8239","0.8239","","",""
"2023-06-14","510990","202000027956","0.8244","0.8244","","",""
"2023-06-15","510990","202000027956","0.8334","0.8334","","",""
"2023-06-16","510990","202000027956","0.8411","0.8411","","",""
"2023-06-19","510990","202000027956","0.8340","0.8340","","",""
"2023-06-20","510990","202000027956","0.8304","0.8304","","",""
"2023-06-21","510990","202000027956","0.8203","0.8203","","",""
"2023-06-26","510990","202000027956","0.8090","0.8090","","",""
"2023-06-27","510990","202000027956","0.8165","0.8165","","",""
"2023-06-28","510990","202000027956","0.8180","0.8180","","",""
"2023-06-29","510990","202000027956","0.8137","0.8137","","",""
"2023-06-30","510990","202000027956","0.8177","0.8177","","",""
"2023-07-03","510990","202000027956","0.8306","0.8306","","",""
"2023-07-04","510990","202000027956","0.8302","0.8302","","",""
"2023-07-05","510990","202000027956","0.8248","0.8248","","",""
"2023-07-06","510990","202000027956","0.8198","0.8198","","",""
"2023-07-07","510990","202000027956","0.8175","0.8175","","",""
"2023-07-10","510990","202000027956","0.8208","0.8208","","",""
"2023-07-11","510990","202000027956","0.8252","0.8252","","",""
"2023-07-12","510990","202000027956","0.8220","0.8220","","",""
"2023-07-13","510990","202000027956","0.8357","0.8357","","",""
"2023-07-14","510990","202000027956","0.8380","0.8380","","",""
"2023-07-17","510990","202000027956","0.8323","0.8323","","",""
"2023-07-18","510990","202000027956","0.8303","0.8303","","",""
"2023-07-19","510990","202000027956","0.8315","0.8315","","",""
"2023-07-20","510990","202000027956","0.8268","0.8268","","",""
"2023-07-21","510990","202000027956","0.8275","0.8275","","",""
"2023-07-24","510990","202000027956","0.8255","0.8255","","",""
"2023-07-25","510990","202000027956","0.8482","0.8482","","",""
"2023-07-26","510990","202000027956","0.8476","0.8476","","",""
"2023-07-27","510990","202000027956","0.8469","0.8469","","",""
"2023-07-28","510990","202000027956","0.8681","0.8681","","",""
"2023-07-31","510990","202000027956","0.8721","0.8721","","",""
"2023-08-01","510990","202000027956","0.8695","0.8695","","",""
"2023-08-02","510990","202000027956","0.8621","0.8621","","",""
"2023-08-03","510990","202000027956","0.8700","0.8700","","",""
"2023-08-04","510990","202000027956","0.8727","0.8727","","",""
"2023-08-07","510990","202000027956","0.8672","0.8672","","",""
"2023-08-08","510990","202000027956","0.8653","0.8653","","",""
"2023-08-09","510990","202000027956","0.8627","0.8627","","",""
"2023-08-10","510990","202000027956","0.8644","0.8644","","",""
"2023-08-11","510990","202000027956","0.8455","0.8455","","",""
"2023-08-14","510990","202000027956","0.8406","0.8406","","",""
"2023-08-15","510990","202000027956","0.8407","0.8407","","",""
"2023-08-16","510990","202000027956","0.8352","0.8352","","",""
"2023-08-17","510990","202000027956","0.8371","0.8371","","",""
"2023-08-18","510990","202000027956","0.8280","0.8280","","",""
"2023-08-21","510990","202000027956","0.8178","0.8178","","",""
"2023-08-22","510990","202000027956","0.8258","0.8258","","",""
"2023-08-23","510990","202000027956","0.8146","0.8146","","",""
"2023-08-24","510990","202000027956","0.8183","0.8183","","",""
"2023-08-25","510990","202000027956","0.8177","0.8177","","",""
"2023-08-28","510990","202000027956","0.8267","0.8267","","",""
"2023-08-29","510990","202000027956","0.8299","0.8299","","",""
"2023-08-30","510990","202000027956","0.8278","0.8278","","",""
"2023-08-31","510990","202000027956","0.8239","0.8239","","",""
"2023-09-01","510990","202000027956","0.8302","0.8302","","",""
"2023-09-04","510990","202000027956","0.8440","0.8440","","",""
"2023-09-05","510990","202000027956","0.8380","0.8380","","",""
"2023-09-06","510990","202000027956","0.8372","0.8372","","",""
"2023-09-07","510990","202000027956","0.8279","0.8279","","",""
"2023-09-08","510990","202000027956","0.8244","0.8244","","",""
"2023-09-11","510990","202000027956","0.8301","0.8301","","",""
"2023-09-12","510990","202000027956","0.8277","0.8277","","",""
"2023-09-13","510990","202000027956","0.8243","0.8243","","",""
"2023-09-14","510990","202000027956","0.8263","0.8263","","",""
"2023-09-15","510990","202000027956","0.8217","0.8217","","",""
"2023-09-18","510990","202000027956","0.8249","0.8249","","",""
"2023-09-19","510990","202000027956","0.8258","0.8258","","",""
"2023-09-20","510990","202000027956","0.8231","0.8231","","",""
"2023-09-21","510990","202000027956","0.8159","0.8159","","",""
"2023-09-22","510990","202000027956","0.8307","0.8307","","",""
"2023-09-25","510990","202000027956","0.8248","0.8248","","",""
"2023-09-26","510990","202000027956","0.8202","0.8202","","",""
"2023-09-27","510990","202000027956","0.8214","0.8214","","",""
"2023-09-28","510990","202000027956","0.8181","0.8181","","",""
"2023-10-09","510990","202000027956","0.8155","0.8155","","",""
"2023-10-10","510990","202000027956","0.8089","0.8089","","",""
"2023-10-11","510990","202000027956","0.8108","0.8108","","",""
"2023-10-12","510990","202000027956","0.8192","0.8192","","",""
"2023-10-13","510990","202000027956","0.8117","0.8117","","",""
"2023-10-16","510990","202000027956","0.8059","0.8059","","",""
"2023-10-17","510990","202000027956","0.8096","0.8096","","",""
"2023-10-18","510990","202000027956","0.8046","0.8046","","",""
"2023-10-19","510990","202000027956","0.7865","0.7865","","",""
"2023-10-20","510990","202000027956","0.7824","0.7824","","",""
"2023-10-23","510990","202000027956","0.7733","0.7733","","",""
"2023-10-24","510990","202000027956","0.7759","0.7759","","",""
"2023-10-25","510990","202000027956","0.7801","0.7801","","",""
"2023-10-26","510990","202000027956","0.7821","0.7821","","",""
"2023-10-27","510990","202000027956","0.7893","0.7893","","",""
"2023-10-30","510990","202000027956","0.7885","0.7885","","",""
"2023-10-31","510990","202000027956","0.7876","0.7876","","",""
"2023-11-01","510990","202000027956","0.7890","0.7890","","",""
"2023-11-02","510990","202000027956","0.7870","0.7870","","",""
"2023-11-03","510990","202000027956","0.7922","0.7922","","",""
"2023-11-06","510990","202000027956","0.7976","0.7976","","",""
"2023-11-07","510990","202000027956","0.7949","0.7949","","",""
"2023-11-08","510990","202000027956","0.7927","0.7927","","",""
"2023-11-09","510990","202000027956","0.7934","0.7934","","",""
"2023-11-10","510990","202000027956","0.7868","0.7868","","",""
"2023-11-13","510990","202000027956","0.7862","0.7862","","",""
"2023-11-14","510990","202000027956","0.7870","0.7870","","",""
"2023-11-15","510990","202000027956","0.7922","0.7922","","",""
"2023-11-16","510990","202000027956","0.7857","0.7857","","",""
"2023-11-17","510990","202000027956","0.7840","0.7840","","",""
"2023-11-20","510990","202000027956","0.7857","0.7857","","",""
"2023-11-21","510990","202000027956","0.7881","0.7881","","",""
"2023-11-22","510990","202000027956","0.7817","0.7817","","",""
"2023-11-23","510990","202000027956","0.7844","0.7844","","",""
"2023-11-24","510990","202000027956","0.7799","0.7799","","",""
"2023-11-27","510990","202000027956","0.7738","0.7738","","",""
"2023-11-28","510990","202000027956","0.7739","0.7739","","",""
"2023-11-29","510990","202000027956","0.7690","0.7690","","",""
"2023-11-30","510990","202000027956","0.7719","0.7719","","",""
"2023-12-01","510990","202000027956","0.7698","0.7698","","",""
"2023-12-04","510990","202000027956","0.7651","0.7651","","",""
"2023-12-05","510990","202000027956","0.7508","0.7508","","",""
"2023-12-06","510990","202000027956","0.7497","0.7497","","",""
"2023-12-07","510990","202000027956","0.7476","0.7476","","",""
"2023-12-08","510990","202000027956","0.7492","0.7492","","",""
"2023-12-11","510990","202000027956","0.7525","0.7525","","",""
"2023-12-12","510990","202000027956","0.7561","0.7561","","",""
"2023-12-13","510990","202000027956","0.7441","0.7441","","",""
"2023-12-14","510990","202000027956","0.7412","0.7412","","",""
"2023-12-15","510990","202000027956","0.7389","0.7389","","",""
"2023-12-18","510990","202000027956","0.7384","0.7384","","",""
"2023-12-19","510990","202000027956","0.7398","0.7398","","",""
"2023-12-20","510990","202000027956","0.7345","0.7345","","",""
"2023-12-21","510990","202000027956","0.7410","0.7410","","",""
"2023-12-22","510990","202000027956","0.7436","0.7436","","",""
"2023-12-25","510990","202000027956","0.7454","0.7454","","",""
"2023-12-26","510990","202000027956","0.7419","0.7419","","",""
"2023-12-27","510990","202000027956","0.7443","0.7443","","",""
"2023-12-28","510990","202000027956","0.7588","0.7588","","",""
"2023-12-29","510990","202000027956","0.7617","0.7617","","",""
"2023-12-31","510990","202000027956","0.7617","0.7617","","",""
"2024-01-02","510990","202000027956","0.7531","0.7531","","",""
"2024-01-03","510990","202000027956","0.7539","0.7539","","",""
"2024-01-04","510990","202000027956","0.7490","0.7490","","",""
"2024-01-05","510990","202000027956","0.7459","0.7459","","",""
"2024-01-08","510990","202000027956","0.7379","0.7379","","",""
"2024-01-09","510990","202000027956","0.7375","0.7375","","",""
"2024-01-10","510990","202000027956","0.7339","0.7339","","",""
"2024-01-11","510990","202000027956","0.7355","0.7355","","",""
"2024-01-12","510990","202000027956","0.7343","0.7343","","",""
"2024-01-15","510990","202000027956","0.7346","0.7346","","",""
"2024-01-16","510990","202000027956","0.7384","0.7384","","",""
"2024-01-17","510990","202000027956","0.7235","0.7235","","",""
"2024-01-18","510990","202000027956","0.7333","0.7333","","",""
"2024-01-19","510990","202000027956","0.7334","0.7334","","",""
"2024-01-22","510990","202000027956","0.7253","0.7253","","",""
"2024-01-23","510990","202000027956","0.7249","0.7249","","",""
"2024-01-24","510990","202000027956","0.7364","0.7364","","",""
"2024-01-25","510990","202000027956","0.7538","0.7538","","",""
"2024-01-26","510990","202000027956","0.7534","0.7534","","",""
"2024-01-29","510990","202000027956","0.7500","0.7500","","",""
"2024-01-30","510990","202000027956","0.7386","0.7386","","",""
"2024-01-31","510990","202000027956","0.7315","0.7315","","",""
"2024-02-01","510990","202000027956","0.7294","0.7294","","",""
"2024-02-02","510990","202000027956","0.7228","0.7228","","",""
"2024-02-05","510990","202000027956","0.7272","0.7272","","",""
"2024-02-06","510990","202000027956","0.7477","0.7477","","",""
"2024-02-07","510990","202000027956","0.7555","0.7555","","",""
"2024-02-08","510990","202000027956","0.7589","0.7589","","",""
"2024-02-19","510990","202000027956","0.7670","0.7670","","",""
"2024-02-20","510990","202000027956","0.7693","0.7693","","",""
"2024-02-21","510990","202000027956","0.7804","0.7804","","",""
"2024-02-22","510990","202000027956","0.7877","0.7877","","",""
"2024-02-23","510990","202000027956","0.7893","0.7893","","",""
"2024-02-26","510990","202000027956","0.7779","0.7779","","",""
"2024-02-27","510990","202000027956","0.7841","0.7841","","",""
"2024-02-28","510990","202000027956","0.7763","0.7763","","",""
"2024-02-29","510990","202000027956","0.7877","0.7877","","",""
"2024-03-01","510990","202000027956","0.7909","0.7909","","",""
"2024-03-04","510990","202000027956","0.7934","0.7934","","",""
"2024-03-05","510990","202000027956","0.8014","0.8014","","",""
"2024-03-06","510990","202000027956","0.7980","0.7980","","",""
"2024-03-07","510990","202000027956","0.7960","0.7960","","",""
"2024-03-08","510990","202000027956","0.7987","0.7987","","",""
"2024-03-11","510990","202000027956","0.8031","0.8031","","",""
"2024-03-12","510990","202000027956","0.8018","0.8018","","",""
"2024-03-13","510990","202000027956","0.7953","0.7953","","",""
"2024-03-14","510990","202000027956","0.7929","0.7929","","",""
"2024-03-15","510990","202000027956","0.7950","0.7950","","",""
"2024-03-18","510990","202000027956","0.8005","0.8005","","",""
"2024-03-19","510990","202000027956","0.7940","0.7940","","",""
"2024-03-20","510990","202000027956","0.7970","0.7970","","",""
"2024-03-21","510990","202000027956","0.7974","0.7974","","",""
"2024-03-22","510990","202000027956","0.7894","0.7894","","",""
"2024-03-25","510990","202000027956","0.7878","0.7878","","",""
"2024-03-26","510990","202000027956","0.7913","0.7913","","",""
"2024-03-27","510990","202000027956","0.7854","0.7854","","",""
"2024-03-28","510990","202000027956","0.7876","0.7876","","",""
"2024-03-29","510990","202000027956","0.7924","0.7924","","",""
"2024-04-01","510990","202000027956","0.8018","0.8018","","",""
"2023-04-03","516720","202000028861","0.8664","0.8664","","",""
"2023-04-04","516720","202000028861","0.8680","0.8680","","",""
"2023-04-06","516720","202000028861","0.8684","0.8684","","",""
"2023-04-07","516720","202000028861","0.8747","0.8747","","",""
"2023-04-10","516720","202000028861","0.8718","0.8718","","",""
"2023-04-11","516720","202000028861","0.8713","0.8713","","",""
"2023-04-12","516720","202000028861","0.8711","0.8711","","",""
"2023-04-13","516720","202000028861","0.8660","0.8660","","",""
"2023-04-14","516720","202000028861","0.8730","0.8730","","",""
"2023-04-17","516720","202000028861","0.8855","0.8855","","",""
"2023-04-18","516720","202000028861","0.8880","0.8880","","",""
"2023-04-19","516720","202000028861","0.8808","0.8808","","",""
"2023-04-20","516720","202000028861","0.8809","0.8809","","",""
"2023-04-21","516720","202000028861","0.8649","0.8649","","",""
"2023-04-24","516720","202000028861","0.8552","0.8552","","",""
"2023-04-25","516720","202000028861","0.8523","0.8523","","",""
"2023-04-26","516720","202000028861","0.8492","0.8492","","",""
"2023-04-27","516720","202000028861","0.8543","0.8543","","",""
"2023-04-28","516720","202000028861","0.8644","0.8644","","",""
"2023-05-04","516720","202000028861","0.8620","0.8620","","",""
"2023-05-05","516720","202000028861","0.8592","0.8592","","",""
"2023-05-08","516720","202000028861","0.8689","0.8689","","",""
"2023-05-09","516720","202000028861","0.8611","0.8611","","",""
"2023-05-10","516720","202000028861","0.8537","0.8537","","",""
"2023-05-11","516720","202000028861","0.8524","0.8524","","",""
"2023-05-12","516720","202000028861","0.8410","0.8410","","",""
"2023-05-15","516720","202000028861","0.8527","0.8527","","",""
"2023-05-16","516720","202000028861","0.8476","0.8476","","",""
"2023-05-17","516720","202000028861","0.8434","0.8434","","",""
"2023-05-18","516720","202000028861","0.8437","0.8437","","",""
"2023-05-19","516720","202000028861","0.8404","0.8404","","",""
"2023-05-22","516720","202000028861","0.8446","0.8446","","",""
"2023-05-23","516720","202000028861","0.8329","0.8329","","",""
"2023-05-24","516720","202000028861","0.8230","0.8230","","",""
"2023-05-25","516720","202000028861","0.8217","0.8217","","",""
"2023-05-26","516720","202000028861","0.8222","0.8222","","",""
"2023-05-29","516720","202000028861","0.8207","0.8207","","",""
"2023-05-30","516720","202000028861","0.8228","0.8228","","",""
"2023-05-31","516720","202000028861","0.8148","0.8148","","",""
"2023-06-01","516720","202000028861","0.8194","0.8194","","",""
"2023-06-02","516720","202000028861","0.8302","0.8302","","",""
"2023-06-05","516720","202000028861","0.8263","0.8263","","",""
"2023-06-06","516720","202000028861","0.8186","0.8186","","",""
"2023-06-07","516720","202000028861","0.8138","0.8138","","",""
"2023-06-08","516720","202000028861","0.8208","0.8208","","",""
"2023-06-09","516720","202000028861","0.8273","0.8273","","",""
"2023-06-12","516720","202000028861","0.8277","0.8277","","",""
"2023-06-13","516720","202000028861","0.8325","0.8325","","",""
"2023-06-14","516720","202000028861","0.8338","0.8338","","",""
"2023-06-15","516720","202000028861","0.8471","0.8471","","",""
"2023-06-16","516720","202000028861","0.8563","0.8563","","",""
"2023-06-19","516720","202000028861","0.8490","0.8490","","",""
"2023-06-20","516720","202000028861","0.8477","0.8477","","",""
"2023-06-21","516720","202000028861","0.8363","0.8363","","",""
"2023-06-26","516720","202000028861","0.8245","0.8245","","",""
"2023-06-27","516720","202000028861","0.8327","0.8327","","",""
"2023-06-28","516720","202000028861","0.8335","0.8335","","",""
"2023-06-29","516720","202000028861","0.8287","0.8287","","",""
"2023-06-30","516720","202000028861","0.8332","0.8332","","",""
"2023-07-03","516720","202000028861","0.8441","0.8441","","",""
"2023-07-04","516720","202000028861","0.8443","0.8443","","",""
"2023-07-05","516720","202000028861","0.8380","0.8380","","",""
"2023-07-06","516720","202000028861","0.8316","0.8316","","",""
"2023-07-07","516720","202000028861","0.8278","0.8278","","",""
"2023-07-10","516720","202000028861","0.8326","0.8326","","",""
"2023-07-11","516720","202000028861","0.8378","0.8378","","",""
"2023-07-12","516720","202000028861","0.8342","0.8342","","",""
"2023-07-13","516720","202000028861","0.8478","0.8478","","",""
"2023-07-14","516720","202000028861","0.8486","0.8486","","",""
"2023-07-17","516720","202000028861","0.8421","0.8421","","",""
"2023-07-18","516720","202000028861","0.8397","0.8397","","",""
"2023-07-19","516720","202000028861","0.8394","0.8394","","",""
"2023-07-20","516720","202000028861","0.8341","0.8341","","",""
"2023-07-21","516720","202000028861","0.8334","0.8334","","",""
"2023-07-24","516720","202000028861","0.8303","0.8303","","",""
"2023-07-25","516720","202000028861","0.8542","0.8542","","",""
"2023-07-26","516720","202000028861","0.8534","0.8534","","",""
"2023-07-27","516720","202000028861","0.8523","0.8523","","",""
"2023-07-28","516720","202000028861","0.8723","0.8723","","",""
"2023-07-31","516720","202000028861","0.8772","0.8772","","",""
"2023-08-01","516720","202000028861","0.8733","0.8733","","",""
"2023-08-02","516720","202000028861","0.8668","0.8668","","",""
"2023-08-03","516720","202000028861","0.8736","0.8736","","",""
"2023-08-04","516720","202000028861","0.8785","0.8785","","",""
"2023-08-07","516720","202000028861","0.8728","0.8728","","",""
"2023-08-08","516720","202000028861","0.8716","0.8716","","",""
"2023-08-09","516720","202000028861","0.8687","0.8687","","",""
"2023-08-10","516720","202000028861","0.8689","0.8689","","",""
"2023-08-11","516720","202000028861","0.8500","0.8500","","",""
"2023-08-14","516720","202000028861","0.8436","0.8436","","",""
"2023-08-15","516720","202000028861","0.8426","0.8426","","",""
"2023-08-16","516720","202000028861","0.8365","0.8365","","",""
"2023-08-17","516720","202000028861","0.8393","0.8393","","",""
"2023-08-18","516720","202000028861","0.8302","0.8302","","",""
"2023-08-21","516720","202000028861","0.8194","0.8194","","",""
"2023-08-22","516720","202000028861","0.8258","0.8258","","",""
"2023-08-23","516720","202000028861","0.8131","0.8131","","",""
"2023-08-24","516720","202000028861","0.8194","0.8194","","",""
"2023-08-25","516720","202000028861","0.8178","0.8178","","",""
"2023-08-28","516720","202000028861","0.8280","0.8280","","",""
"2023-08-29","516720","202000028861","0.8345","0.8345","","",""
"2023-08-30","516720","202000028861","0.8337","0.8337","","",""
"2023-08-31","516720","202000028861","0.8307","0.8307","","",""
"2023-09-01","516720","202000028861","0.8368","0.8368","","",""
"2023-09-04","516720","202000028861","0.8492","0.8492","","",""
"2023-09-05","516720","202000028861","0.8427","0.8427","","",""
"2023-09-06","516720","202000028861","0.8418","0.8418","","",""
"2023-09-07","516720","202000028861","0.8297","0.8297","","",""
"2023-09-08","516720","202000028861","0.8253","0.8253","","",""
"2023-09-11","516720","202000028861","0.8315","0.8315","","",""
"2023-09-12","516720","202000028861","0.8291","0.8291","","",""
"2023-09-13","516720","202000028861","0.8244","0.8244","","",""
"2023-09-14","516720","202000028861","0.8241","0.8241","","",""
"2023-09-15","516720","202000028861","0.8180","0.8180","","",""
"2023-09-18","516720","202000028861","0.8218","0.8218","","",""
"2023-09-19","516720","202000028861","0.8206","0.8206","","",""
"2023-09-20","516720","202000028861","0.8183","0.8183","","",""
"2023-09-21","516720","202000028861","0.8106","0.8106","","",""
"2023-09-22","516720","202000028861","0.8266","0.8266","","",""
"2023-09-25","516720","202000028861","0.8209","0.8209","","",""
"2023-09-26","516720","202000028861","0.8164","0.8164","","",""
"2023-09-27","516720","202000028861","0.8165","0.8165","","",""
"2023-09-28","516720","202000028861","0.8138","0.8138","","",""
"2023-10-09","516720","202000028861","0.8132","0.8132","","",""
"2023-10-10","516720","202000028861","0.8068","0.8068","","",""
"2023-10-11","516720","202000028861","0.8080","0.8080","","",""
"2023-10-12","516720","202000028861","0.8157","0.8157","","",""
"2023-10-13","516720","202000028861","0.8064","0.8064","","",""
"2023-10-16","516720","202000028861","0.7996","0.7996","","",""
"2023-10-17","516720","202000028861","0.8013","0.8013","","",""
"2023-10-18","516720","202000028861","0.7970","0.7970","","",""
"2023-10-19","516720","202000028861","0.7803","0.7803","","",""
"2023-10-20","516720","202000028861","0.7744","0.7744","","",""
"2023-10-23","516720","202000028861","0.7680","0.7680","","",""
"2023-10-24","516720","202000028861","0.7704","0.7704","","",""
"2023-10-25","516720","202000028861","0.7750","0.7750","","",""
"2023-10-26","516720","202000028861","0.7772","0.7772","","",""
"2023-10-27","516720","202000028861","0.7869","0.7869","","",""
"2023-10-30","516720","202000028861","0.7905","0.7905","","",""
"2023-10-31","516720","202000028861","0.7873","0.7873","","",""
"2023-11-01","516720","202000028861","0.7877","0.7877","","",""
"2023-11-02","516720","202000028861","0.7847","0.7847","","",""
"2023-11-03","516720","202000028861","0.7903","0.7903","","",""
"2023-11-06","516720","202000028861","0.8000","0.8000","","",""
"2023-11-07","516720","202000028861","0.7967","0.7967","","",""
"2023-11-08","516720","202000028861","0.7957","0.7957","","",""
"2023-11-09","516720","202000028861","0.7955","0.7955","","",""
"2023-11-10","516720","202000028861","0.7897","0.7897","","",""
"2023-11-13","516720","202000028861","0.7885","0.7885","","",""
"2023-11-14","516720","202000028861","0.7882","0.7882","","",""
"2023-11-15","516720","202000028861","0.7933","0.7933","","",""
"2023-11-16","516720","202000028861","0.7863","0.7863","","",""
"2023-11-17","516720","202000028861","0.7849","0.7849","","",""
"2023-11-20","516720","202000028861","0.7869","0.7869","","",""
"2023-11-21","516720","202000028861","0.7892","0.7892","","",""
"2023-11-22","516720","202000028861","0.7817","0.7817","","",""
"2023-11-23","516720","202000028861","0.7848","0.7848","","",""
"2023-11-24","516720","202000028861","0.7795","0.7795","","",""
"2023-11-27","516720","202000028861","0.7733","0.7733","","",""
"2023-11-28","516720","202000028861","0.7746","0.7746","","",""
"2023-11-29","516720","202000028861","0.7677","0.7677","","",""
"2023-11-30","516720","202000028861","0.7696","0.7696","","",""
"2023-12-01","516720","202000028861","0.7659","0.7659","","",""
"2023-12-04","516720","202000028861","0.7613","0.7613","","",""
"2023-12-05","516720","202000028861","0.7475","0.7475","","",""
"2023-12-06","516720","202000028861","0.7479","0.7479","","",""
"2023-12-07","516720","202000028861","0.7457","0.7457","","",""
"2023-12-08","516720","202000028861","0.7471","0.7471","","",""
"2023-12-11","516720","202000028861","0.7513","0.7513","","",""
"2023-12-12","516720","202000028861","0.7534","0.7534","","",""
"2023-12-13","516720","202000028861","0.7417","0.7417","","",""
"2023-12-14","516720","202000028861","0.7385","0.7385","","",""
"2023-12-15","516720","202000028861","0.7361","0.7361","","",""
"2023-12-18","516720","202000028861","0.7344","0.7344","","",""
"2023-12-19","516720","202000028861","0.7355","0.7355","","",""
"2023-12-20","516720","202000028861","0.7304","0.7304","","",""
"2023-12-21","516720","202000028861","0.7372","0.7372","","",""
"2023-12-22","516720","202000028861","0.7394","0.7394","","",""
"2023-12-25","516720","202000028861","0.7410","0.7410","","",""
"2023-12-26","516720","202000028861","0.7369","0.7369","","",""
"2023-12-27","516720","202000028861","0.7398","0.7398","","",""
"2023-12-28","516720","202000028861","0.7554","0.7554","","",""
"2023-12-29","516720","202000028861","0.7592","0.7592","","",""
"2023-12-31","516720","202000028861","0.7591","0.7591","","",""
"2024-01-02","516720","202000028861","0.7479","0.7479","","",""
"2024-01-03","516720","202000028861","0.7465","0.7465","","",""
"2024-01-04","516720","202000028861","0.7410","0.7410","","",""
"2024-01-05","516720","202000028861","0.7380","0.7380","","",""
"2024-01-08","516720","202000028861","0.7293","0.7293","","",""
"2024-01-09","516720","202000028861","0.7291","0.7291","","",""
"2024-01-10","516720","202000028861","0.7257","0.7257","","",""
"2024-01-11","516720","202000028861","0.7284","0.7284","","",""
"2024-01-12","516720","202000028861","0.7273","0.7273","","",""
"2024-01-15","516720","202000028861","0.7266","0.7266","","",""
"2024-01-16","516720","202000028861","0.7314","0.7314","","",""
"2024-01-17","516720","202000028861","0.7165","0.7165","","",""
"2024-01-18","516720","202000028861","0.7265","0.7265","","",""
"2024-01-19","516720","202000028861","0.7264","0.7264","","",""
"2024-01-22","516720","202000028861","0.7175","0.7175","","",""
"2024-01-23","516720","202000028861","0.7185","0.7185","","",""
"2024-01-24","516720","202000028861","0.7294","0.7294","","",""
"2024-01-25","516720","202000028861","0.7427","0.7427","","",""
"2024-01-26","516720","202000028861","0.7410","0.7410","","",""
"2024-01-29","516720","202000028861","0.7351","0.7351","","",""
"2024-01-30","516720","202000028861","0.7230","0.7230","","",""
"2024-01-31","516720","202000028861","0.7187","0.7187","","",""
"2024-02-01","516720","202000028861","0.7187","0.7187","","",""
"2024-02-02","516720","202000028861","0.7105","0.7105","","",""
"2024-02-05","516720","202000028861","0.7185","0.7185","","",""
"2024-02-06","516720","202000028861","0.7405","0.7405","","",""
"2024-02-07","516720","202000028861","0.7468","0.7468","","",""
"2024-02-08","516720","202000028861","0.7505","0.7505","","",""
"2024-02-19","516720","202000028861","0.7565","0.7565","","",""
"2024-02-20","516720","202000028861","0.7580","0.7580","","",""
"2024-02-21","516720","202000028861","0.7686","0.7686","","",""
"2024-02-22","516720","202000028861","0.7736","0.7736","","",""
"2024-02-23","516720","202000028861","0.7738","0.7738","","",""
"2024-02-26","516720","202000028861","0.7648","0.7648","","",""
"2024-02-27","516720","202000028861","0.7721","0.7721","","",""
"2024-02-28","516720","202000028861","0.7637","0.7637","","",""
"2024-02-29","516720","202000028861","0.7773","0.7773","","",""
"2024-03-01","516720","202000028861","0.7809","0.7809","","",""
"2024-03-04","516720","202000028861","0.7811","0.7811","","",""
"2024-03-05","516720","202000028861","0.7883","0.7883","","",""
"2024-03-06","516720","202000028861","0.7844","0.7844","","",""
"2024-03-07","516720","202000028861","0.7814","0.7814","","",""
"2024-03-08","516720","202000028861","0.7840","0.7840","","",""
"2024-03-11","516720","202000028861","0.7937","0.7937","","",""
"2024-03-12","516720","202000028861","0.7951","0.7951","","",""
"2024-03-13","516720","202000028861","0.7898","0.7898","","",""
"2024-03-14","516720","202000028861","0.7876","0.7876","","",""
"2024-03-15","516720","202000028861","0.7884","0.7884","","",""
"2024-03-18","516720","202000028861","0.7954","0.7954","","",""
"2024-03-19","516720","202000028861","0.7898","0.7898","","",""
"2024-03-20","516720","202000028861","0.7924","0.7924","","",""
"2024-03-21","516720","202000028861","0.7912","0.7912","","",""
"2024-03-22","516720","202000028861","0.7850","0.7850","","",""
"2024-03-25","516720","202000028861","0.7819","0.7819","","",""
"2024-03-26","516720","202000028861","0.7862","0.7862","","",""
"2024-03-27","516720","202000028861","0.7793","0.7793","","",""
"2024-03-28","516720","202000028861","0.7821","0.7821","","",""
"2024-03-29","516720","202000028861","0.7861","0.7861","","",""
"2024-04-01","516720","202000028861","0.7980","0.7980","","",""
"2023-04-03","516830","202000028363","0.8158","0.8158","","",""
"2023-04-04","516830","202000028363","0.8184","0.8184","","",""
"2023-04-06","516830","202000028363","0.8170","0.8170","","",""
"2023-04-07","516830","202000028363","0.8229","0.8229","","",""
"2023-04-10","516830","202000028363","0.8193","0.8193","","",""
"2023-04-11","516830","202000028363","0.8177","0.8177","","",""
"2023-04-12","516830","202000028363","0.8176","0.8176","","",""
"2023-04-13","516830","202000028363","0.8122","0.8122","","",""
"2023-04-14","516830","202000028363","0.8169","0.8169","","",""
"2023-04-17","516830","202000028363","0.8280","0.8280","","",""
"2023-04-18","516830","202000028363","0.8301","0.8301","","",""
"2023-04-19","516830","202000028363","0.8230","0.8230","","",""
"2023-04-20","516830","202000028363","0.8215","0.8215","","",""
"2023-04-21","516830","202000028363","0.8060","0.8060","","",""
"2023-04-24","516830","202000028363","0.7968","0.7968","","",""
"2023-04-25","516830","202000028363","0.7933","0.7933","","",""
"2023-04-26","516830","202000028363","0.7922","0.7922","","",""
"2023-04-27","516830","202000028363","0.7965","0.7965","","",""
"2023-04-28","516830","202000028363","0.8049","0.8049","","",""
"2023-05-04","516830","202000028363","0.8032","0.8032","","",""
"2023-05-05","516830","202000028363","0.8002","0.8002","","",""
"2023-05-08","516830","202000028363","0.8084","0.8084","","",""
"2023-05-09","516830","202000028363","0.8015","0.8015","","",""
"2023-05-10","516830","202000028363","0.7960","0.7960","","",""
"2023-05-11","516830","202000028363","0.7942","0.7942","","",""
"2023-05-12","516830","202000028363","0.7843","0.7843","","",""
"2023-05-15","516830","202000028363","0.7948","0.7948","","",""
"2023-05-16","516830","202000028363","0.7907","0.7907","","",""
"2023-05-17","516830","202000028363","0.7872","0.7872","","",""
"2023-05-18","516830","202000028363","0.7870","0.7870","","",""
"2023-05-19","516830","202000028363","0.7858","0.7858","","",""
"2023-05-22","516830","202000028363","0.7912","0.7912","","",""
"2023-05-23","516830","202000028363","0.7805","0.7805","","",""
"2023-05-24","516830","202000028363","0.7697","0.7697","","",""
"2023-05-25","516830","202000028363","0.7680","0.7680","","",""
"2023-05-26","516830","202000028363","0.7688","0.7688","","",""
"2023-05-29","516830","202000028363","0.7658","0.7658","","",""
"2023-05-30","516830","202000028363","0.7672","0.7672","","",""
"2023-05-31","516830","202000028363","0.7593","0.7593","","",""
"2023-06-01","516830","202000028363","0.7621","0.7621","","",""
"2023-06-02","516830","202000028363","0.7728","0.7728","","",""
"2023-06-05","516830","202000028363","0.7698","0.7698","","",""
"2023-06-06","516830","202000028363","0.7628","0.7628","","",""
"2023-06-07","516830","202000028363","0.7594","0.7594","","",""
"2023-06-08","516830","202000028363","0.7652","0.7652","","",""
"2023-06-09","516830","202000028363","0.7689","0.7689","","",""
"2023-06-12","516830","202000028363","0.7706","0.7706","","",""
"2023-06-13","516830","202000028363","0.7755","0.7755","","",""
"2023-06-14","516830","202000028363","0.7768","0.7768","","",""
"2023-06-15","516830","202000028363","0.7888","0.7888","","",""
"2023-06-16","516830","202000028363","0.7972","0.7972","","",""
"2023-06-19","516830","202000028363","0.7911","0.7911","","",""
"2023-06-20","516830","202000028363","0.7903","0.7903","","",""
"2023-06-21","516830","202000028363","0.7792","0.7792","","",""
"2023-06-26","516830","202000028363","0.7683","0.7683","","",""
"2023-06-27","516830","202000028363","0.7755","0.7755","","",""
"2023-06-28","516830","202000028363","0.7752","0.7752","","",""
"2023-06-29","516830","202000028363","0.7712","0.7712","","",""
"2023-06-30","516830","202000028363","0.7753","0.7753","","",""
"2023-07-03","516830","202000028363","0.7858","0.7858","","",""
"2023-07-04","516830","202000028363","0.7872","0.7872","","",""
"2023-07-05","516830","202000028363","0.7814","0.7814","","",""
"2023-07-06","516830","202000028363","0.7766","0.7766","","",""
"2023-07-07","516830","202000028363","0.7731","0.7731","","",""
"2023-07-10","516830","202000028363","0.7767","0.7767","","",""
"2023-07-11","516830","202000028363","0.7819","0.7819","","",""
"2023-07-12","516830","202000028363","0.7778","0.7778","","",""
"2023-07-13","516830","202000028363","0.7906","0.7906","","",""
"2023-07-14","516830","202000028363","0.7917","0.7917","","",""
"2023-07-17","516830","202000028363","0.7861","0.7861","","",""
"2023-07-18","516830","202000028363","0.7842","0.7842","","",""
"2023-07-19","516830","202000028363","0.7839","0.7839","","",""
"2023-07-20","516830","202000028363","0.7782","0.7782","","",""
"2023-07-21","516830","202000028363","0.7790","0.7790","","",""
"2023-07-24","516830","202000028363","0.7758","0.7758","","",""
"2023-07-25","516830","202000028363","0.7986","0.7986","","",""
"2023-07-26","516830","202000028363","0.7968","0.7968","","",""
"2023-07-27","516830","202000028363","0.7961","0.7961","","",""
"2023-07-28","516830","202000028363","0.8150","0.8150","","",""
"2023-07-31","516830","202000028363","0.8196","0.8196","","",""
"2023-08-01","516830","202000028363","0.8165","0.8165","","",""
"2023-08-02","516830","202000028363","0.8106","0.8106","","",""
"2023-08-03","516830","202000028363","0.8171","0.8171","","",""
"2023-08-04","516830","202000028363","0.8205","0.8205","","",""
"2023-08-07","516830","202000028363","0.8142","0.8142","","",""
"2023-08-08","516830","202000028363","0.8120","0.8120","","",""
"2023-08-09","516830","202000028363","0.8100","0.8100","","",""
"2023-08-10","516830","202000028363","0.8117","0.8117","","",""
"2023-08-11","516830","202000028363","0.7939","0.7939","","",""
"2023-08-14","516830","202000028363","0.7882","0.7882","","",""
"2023-08-15","516830","202000028363","0.7871","0.7871","","",""
"2023-08-16","516830","202000028363","0.7811","0.7811","","",""
"2023-08-17","516830","202000028363","0.7839","0.7839","","",""
"2023-08-18","516830","202000028363","0.7745","0.7745","","",""
"2023-08-21","516830","202000028363","0.7643","0.7643","","",""
"2023-08-22","516830","202000028363","0.7703","0.7703","","",""
"2023-08-23","516830","202000028363","0.7576","0.7576","","",""
"2023-08-24","516830","202000028363","0.7632","0.7632","","",""
"2023-08-25","516830","202000028363","0.7609","0.7609","","",""
"2023-08-28","516830","202000028363","0.7701","0.7701","","",""
"2023-08-29","516830","202000028363","0.7781","0.7781","","",""
"2023-08-30","516830","202000028363","0.7785","0.7785","","",""
"2023-08-31","516830","202000028363","0.7740","0.7740","","",""
"2023-09-01","516830","202000028363","0.7792","0.7792","","",""
"2023-09-04","516830","202000028363","0.7912","0.7912","","",""
"2023-09-05","516830","202000028363","0.7855","0.7855","","",""
"2023-09-06","516830","202000028363","0.7839","0.7839","","",""
"2023-09-07","516830","202000028363","0.7730","0.7730","","",""
"2023-09-08","516830","202000028363","0.7688","0.7688","","",""
"2023-09-11","516830","202000028363","0.7744","0.7744","","",""
"2023-09-12","516830","202000028363","0.7733","0.7733","","",""
"2023-09-13","516830","202000028363","0.7688","0.7688","","",""
"2023-09-14","516830","202000028363","0.7681","0.7681","","",""
"2023-09-15","516830","202000028363","0.7631","0.7631","","",""
"2023-09-18","516830","202000028363","0.7671","0.7671","","",""
"2023-09-19","516830","202000028363","0.7656","0.7656","","",""
"2023-09-20","516830","202000028363","0.7628","0.7628","","",""
"2023-09-21","516830","202000028363","0.7560","0.7560","","",""
"2023-09-22","516830","202000028363","0.7702","0.7702","","",""
"2023-09-25","516830","202000028363","0.7653","0.7653","","",""
"2023-09-26","516830","202000028363","0.7609","0.7609","","",""
"2023-09-27","516830","202000028363","0.7625","0.7625","","",""
"2023-09-28","516830","202000028363","0.7604","0.7604","","",""
"2023-10-09","516830","202000028363","0.7598","0.7598","","",""
"2023-10-10","516830","202000028363","0.7539","0.7539","","",""
"2023-10-11","516830","202000028363","0.7566","0.7566","","",""
"2023-10-12","516830","202000028363","0.7638","0.7638","","",""
"2023-10-13","516830","202000028363","0.7559","0.7559","","",""
"2023-10-16","516830","202000028363","0.7485","0.7485","","",""
"2023-10-17","516830","202000028363","0.7511","0.7511","","",""
"2023-10-18","516830","202000028363","0.7461","0.7461","","",""
"2023-10-19","516830","202000028363","0.7293","0.7293","","",""
"2023-10-20","516830","202000028363","0.7240","0.7240","","",""
"2023-10-23","516830","202000028363","0.7172","0.7172","","",""
"2023-10-24","516830","202000028363","0.7188","0.7188","","",""
"2023-10-25","516830","202000028363","0.7227","0.7227","","",""
"2023-10-26","516830","202000028363","0.7242","0.7242","","",""
"2023-10-27","516830","202000028363","0.7339","0.7339","","",""
"2023-10-30","516830","202000028363","0.7385","0.7385","","",""
"2023-10-31","516830","202000028363","0.7356","0.7356","","",""
"2023-11-01","516830","202000028363","0.7359","0.7359","","",""
"2023-11-02","516830","202000028363","0.7331","0.7331","","",""
"2023-11-03","516830","202000028363","0.7393","0.7393","","",""
"2023-11-06","516830","202000028363","0.7486","0.7486","","",""
"2023-11-07","516830","202000028363","0.7459","0.7459","","",""
"2023-11-08","516830","202000028363","0.7446","0.7446","","",""
"2023-11-09","516830","202000028363","0.7451","0.7451","","",""
"2023-11-10","516830","202000028363","0.7394","0.7394","","",""
"2023-11-13","516830","202000028363","0.7379","0.7379","","",""
"2023-11-14","516830","202000028363","0.7382","0.7382","","",""
"2023-11-15","516830","202000028363","0.7436","0.7436","","",""
"2023-11-16","516830","202000028363","0.7366","0.7366","","",""
"2023-11-17","516830","202000028363","0.7356","0.7356","","",""
"2023-11-20","516830","202000028363","0.7373","0.7373","","",""
"2023-11-21","516830","202000028363","0.7386","0.7386","","",""
"2023-11-22","516830","202000028363","0.7312","0.7312","","",""
"2023-11-23","516830","202000028363","0.7347","0.7347","","",""
"2023-11-24","516830","202000028363","0.7299","0.7299","","",""
"2023-11-27","516830","202000028363","0.7247","0.7247","","",""
"2023-11-28","516830","202000028363","0.7268","0.7268","","",""
"2023-11-29","516830","202000028363","0.7210","0.7210","","",""
"2023-11-30","516830","202000028363","0.7225","0.7225","","",""
"2023-12-01","516830","202000028363","0.7199","0.7199","","",""
"2023-12-04","516830","202000028363","0.7148","0.7148","","",""
"2023-12-05","516830","202000028363","0.7008","0.7008","","",""
"2023-12-06","516830","202000028363","0.7014","0.7014","","",""
"2023-12-07","516830","202000028363","0.6995","0.6995","","",""
"2023-12-08","516830","202000028363","0.7026","0.7026","","",""
"2023-12-11","516830","202000028363","0.7063","0.7063","","",""
"2023-12-12","516830","202000028363","0.7083","0.7083","","",""
"2023-12-13","516830","202000028363","0.6961","0.6961","","",""
"2023-12-14","516830","202000028363","0.6928","0.6928","","",""
"2023-12-15","516830","202000028363","0.6906","0.6906","","",""
"2023-12-18","516830","202000028363","0.6886","0.6886","","",""
"2023-12-19","516830","202000028363","0.6896","0.6896","","",""
"2023-12-20","516830","202000028363","0.6835","0.6835","","",""
"2023-12-21","516830","202000028363","0.6912","0.6912","","",""
"2023-12-22","516830","202000028363","0.6924","0.6924","","",""
"2023-12-25","516830","202000028363","0.6940","0.6940","","",""
"2023-12-26","516830","202000028363","0.6894","0.6894","","",""
"2023-12-27","516830","202000028363","0.6920","0.6920","","",""
"2023-12-28","516830","202000028363","0.7093","0.7093","","",""
"2023-12-29","516830","202000028363","0.7129","0.7129","","",""
"2023-12-31","516830","202000028363","0.7129","0.7129","","",""
"2024-01-02","516830","202000028363","0.7019","0.7019","","",""
"2024-01-03","516830","202000028363","0.7002","0.7002","","",""
"2024-01-04","516830","202000028363","0.6936","0.6936","","",""
"2024-01-05","516830","202000028363","0.6904","0.6904","","",""
"2024-01-08","516830","202000028363","0.6820","0.6820","","",""
"2024-01-09","516830","202000028363","0.6833","0.6833","","",""
"2024-01-10","516830","202000028363","0.6804","0.6804","","",""
"2024-01-11","516830","202000028363","0.6844","0.6844","","",""
"2024-01-12","516830","202000028363","0.6823","0.6823","","",""
"2024-01-15","516830","202000028363","0.6817","0.6817","","",""
"2024-01-16","516830","202000028363","0.6856","0.6856","","",""
"2024-01-17","516830","202000028363","0.6708","0.6708","","",""
"2024-01-18","516830","202000028363","0.6807","0.6807","","",""
"2024-01-19","516830","202000028363","0.6803","0.6803","","",""
"2024-01-22","516830","202000028363","0.6710","0.6710","","",""
"2024-01-23","516830","202000028363","0.6730","0.6730","","",""
"2024-01-24","516830","202000028363","0.6816","0.6816","","",""
"2024-01-25","516830","202000028363","0.6951","0.6951","","",""
"2024-01-26","516830","202000028363","0.6929","0.6929","","",""
"2024-01-29","516830","202000028363","0.6868","0.6868","","",""
"2024-01-30","516830","202000028363","0.6746","0.6746","","",""
"2024-01-31","516830","202000028363","0.6694","0.6694","","",""
"2024-02-01","516830","202000028363","0.6700","0.6700","","",""
"2024-02-02","516830","202000028363","0.6623","0.6623","","",""
"2024-02-05","516830","202000028363","0.6685","0.6685","","",""
"2024-02-06","516830","202000028363","0.6907","0.6907","","",""
"2024-02-07","516830","202000028363","0.6972","0.6972","","",""
"2024-02-08","516830","202000028363","0.7012","0.7012","","",""
"2024-02-19","516830","202000028363","0.7091","0.7091","","",""
"2024-02-20","516830","202000028363","0.7098","0.7098","","",""
"2024-02-21","516830","202000028363","0.7201","0.7201","","",""
"2024-02-22","516830","202000028363","0.7254","0.7254","","",""
"2024-02-23","516830","202000028363","0.7254","0.7254","","",""
"2024-02-26","516830","202000028363","0.7175","0.7175","","",""
"2024-02-27","516830","202000028363","0.7258","0.7258","","",""
"2024-02-28","516830","202000028363","0.7172","0.7172","","",""
"2024-02-29","516830","202000028363","0.7307","0.7307","","",""
"2024-03-01","516830","202000028363","0.7352","0.7352","","",""
"2024-03-04","516830","202000028363","0.7359","0.7359","","",""
"2024-03-05","516830","202000028363","0.7418","0.7418","","",""
"2024-03-06","516830","202000028363","0.7385","0.7385","","",""
"2024-03-07","516830","202000028363","0.7343","0.7343","","",""
"2024-03-08","516830","202000028363","0.7373","0.7373","","",""
"2024-03-11","516830","202000028363","0.7472","0.7472","","",""
"2024-03-12","516830","202000028363","0.7497","0.7497","","",""
"2024-03-13","516830","202000028363","0.7448","0.7448","","",""
"2024-03-14","516830","202000028363","0.7427","0.7427","","",""
"2024-03-15","516830","202000028363","0.7437","0.7437","","",""
"2024-03-18","516830","202000028363","0.7504","0.7504","","",""
"2024-03-19","516830","202000028363","0.7450","0.7450","","",""
"2024-03-20","516830","202000028363","0.7472","0.7472","","",""
"2024-03-21","516830","202000028363","0.7459","0.7459","","",""
"2024-03-22","516830","202000028363","0.7390","0.7390","","",""
"2024-03-25","516830","202000028363","0.7354","0.7354","","",""
"2024-03-26","516830","202000028363","0.7399","0.7399","","",""
"2024-03-27","516830","202000028363","0.7320","0.7320","","",""
"2024-03-28","516830","202000028363","0.7355","0.7355","","",""
"2024-03-29","516830","202000028363","0.7383","0.7383","","",""
"2024-04-01","516830","202000028363","0.7508","0.7508","","",""
"2023-04-13","560180","202000045597","1.0000","1.0000","","",""
"2023-04-14","560180","202000045597","1.0001","1.0001","","",""
"2023-04-20","560180","202000045597","0.9992","0.9992","","",""
"2023-04-21","560180","202000045597","0.9807","0.9807","","",""
"2023-04-24","560180","202000045597","0.9694","0.9694","","",""
"2023-04-25","560180","202000045597","0.9651","0.9651","","",""
"2023-04-26","560180","202000045597","0.9638","0.9638","","",""
"2023-04-27","560180","202000045597","0.9691","0.9691","","",""
"2023-04-28","560180","202000045597","0.9793","0.9793","","",""
"2023-05-04","560180","202000045597","0.9774","0.9774","","",""
"2023-05-05","560180","202000045597","0.9736","0.9736","","",""
"2023-05-08","560180","202000045597","0.9836","0.9836","","",""
"2023-05-09","560180","202000045597","0.9751","0.9751","","",""
"2023-05-10","560180","202000045597","0.9683","0.9683","","",""
"2023-05-11","560180","202000045597","0.9662","0.9662","","",""
"2023-05-12","560180","202000045597","0.9541","0.9541","","",""
"2023-05-15","560180","202000045597","0.9669","0.9669","","",""
"2023-05-16","560180","202000045597","0.9619","0.9619","","",""
"2023-05-17","560180","202000045597","0.9576","0.9576","","",""
"2023-05-18","560180","202000045597","0.9574","0.9574","","",""
"2023-05-19","560180","202000045597","0.9555","0.9555","","",""
"2023-05-22","560180","202000045597","0.9620","0.9620","","",""
"2023-05-23","560180","202000045597","0.9489","0.9489","","",""
"2023-05-24","560180","202000045597","0.9357","0.9357","","",""
"2023-05-25","560180","202000045597","0.9333","0.9333","","",""
"2023-05-26","560180","202000045597","0.9343","0.9343","","",""
"2023-05-29","560180","202000045597","0.9307","0.9307","","",""
"2023-05-30","560180","202000045597","0.9324","0.9324","","",""
"2023-05-31","560180","202000045597","0.9227","0.9227","","",""
"2023-06-01","560180","202000045597","0.9260","0.9260","","",""
"2023-06-02","560180","202000045597","0.9390","0.9390","","",""
"2023-06-05","560180","202000045597","0.9353","0.9353","","",""
"2023-06-06","560180","202000045597","0.9266","0.9266","","",""
"2023-06-07","560180","202000045597","0.9225","0.9225","","",""
"2023-06-08","560180","202000045597","0.9298","0.9298","","",""
"2023-06-09","560180","202000045597","0.9339","0.9339","","",""
"2023-06-12","560180","202000045597","0.9355","0.9355","","",""
"2023-06-13","560180","202000045597","0.9414","0.9414","","",""
"2023-06-14","560180","202000045597","0.9430","0.9430","","",""
"2023-06-15","560180","202000045597","0.9576","0.9576","","",""
"2023-06-16","560180","202000045597","0.9679","0.9679","","",""
"2023-06-19","560180","202000045597","0.9605","0.9605","","",""
"2023-06-20","560180","202000045597","0.9593","0.9593","","",""
"2023-06-21","560180","202000045597","0.9459","0.9459","","",""
"2023-06-26","560180","202000045597","0.9325","0.9325","","",""
"2023-06-27","560180","202000045597","0.9416","0.9416","","",""
"2023-06-28","560180","202000045597","0.9414","0.9414","","",""
"2023-06-29","560180","202000045597","0.9365","0.9365","","",""
"2023-06-30","560180","202000045597","0.9417","0.9417","","",""
"2023-07-03","560180","202000045597","0.9544","0.9544","","",""
"2023-07-04","560180","202000045597","0.9560","0.9560","","",""
"2023-07-05","560180","202000045597","0.9491","0.9491","","",""
"2023-07-06","560180","202000045597","0.9432","0.9432","","",""
"2023-07-07","560180","202000045597","0.9388","0.9388","","",""
"2023-07-10","560180","202000045597","0.9433","0.9433","","",""
"2023-07-11","560180","202000045597","0.9496","0.9496","","",""
"2023-07-12","560180","202000045597","0.9449","0.9449","","",""
"2023-07-13","560180","202000045597","0.9603","0.9603","","",""
"2023-07-14","560180","202000045597","0.9616","0.9616","","",""
"2023-07-17","560180","202000045597","0.9546","0.9546","","",""
"2023-07-18","560180","202000045597","0.9523","0.9523","","",""
"2023-07-19","560180","202000045597","0.9519","0.9519","","",""
"2023-07-20","560180","202000045597","0.9449","0.9449","","",""
"2023-07-21","560180","202000045597","0.9461","0.9461","","",""
"2023-07-24","560180","202000045597","0.9423","0.9423","","",""
"2023-07-25","560180","202000045597","0.9700","0.9700","","",""
"2023-07-26","560180","202000045597","0.9676","0.9676","","",""
"2023-07-27","560180","202000045597","0.9669","0.9669","","",""
"2023-07-28","560180","202000045597","0.9899","0.9899","","",""
"2023-07-31","560180","202000045597","0.9953","0.9953","","",""
"2023-08-01","560180","202000045597","0.9911","0.9911","","",""
"2023-08-02","560180","202000045597","0.9839","0.9839","","",""
"2023-08-03","560180","202000045597","0.9919","0.9919","","",""
"2023-08-04","560180","202000045597","0.9961","0.9961","","",""
"2023-08-07","560180","202000045597","0.9882","0.9882","","",""
"2023-08-08","560180","202000045597","0.9855","0.9855","","",""
"2023-08-09","560180","202000045597","0.9848","0.9848","","",""
"2023-08-10","560180","202000045597","0.9856","0.9856","","",""
"2023-08-11","560180","202000045597","0.9647","0.9647","","",""
"2023-08-14","560180","202000045597","0.9577","0.9577","","",""
"2023-08-15","560180","202000045597","0.9570","0.9570","","",""
"2023-08-16","560180","202000045597","0.9499","0.9499","","",""
"2023-08-17","560180","202000045597","0.9532","0.9532","","",""
"2023-08-18","560180","202000045597","0.9420","0.9420","","",""
"2023-08-21","560180","202000045597","0.9293","0.9293","","",""
"2023-08-22","560180","202000045597","0.9363","0.9363","","",""
"2023-08-23","560180","202000045597","0.9208","0.9208","","",""
"2023-08-24","560180","202000045597","0.9276","0.9276","","",""
"2023-08-25","560180","202000045597","0.9247","0.9247","","",""
"2023-08-28","560180","202000045597","0.9357","0.9357","","",""
"2023-08-29","560180","202000045597","0.9454","0.9454","","",""
"2023-08-30","560180","202000045597","0.9457","0.9457","","",""
"2023-08-31","560180","202000045597","0.9402","0.9402","","",""
"2023-09-01","560180","202000045597","0.9465","0.9465","","",""
"2023-09-04","560180","202000045597","0.9612","0.9612","","",""
"2023-09-05","560180","202000045597","0.9542","0.9542","","",""
"2023-09-06","560180","202000045597","0.9519","0.9519","","",""
"2023-09-07","560180","202000045597","0.9385","0.9385","","",""
"2023-09-08","560180","202000045597","0.9334","0.9334","","",""
"2023-09-11","560180","202000045597","0.9404","0.9404","","",""
"2023-09-12","560180","202000045597","0.9390","0.9390","","",""
"2023-09-13","560180","202000045597","0.9335","0.9335","","",""
"2023-09-14","560180","202000045597","0.9328","0.9328","","",""
"2023-09-15","560180","202000045597","0.9264","0.9264","","",""
"2023-09-18","560180","202000045597","0.9314","0.9314","","",""
"2023-09-19","560180","202000045597","0.9297","0.9297","","",""
"2023-09-20","560180","202000045597","0.9263","0.9263","","",""
"2023-09-21","560180","202000045597","0.9178","0.9178","","",""
"2023-09-22","560180","202000045597","0.9351","0.9351","","",""
"2023-09-25","560180","202000045597","0.9291","0.9291","","",""
"2023-09-26","560180","202000045597","0.9237","0.9237","","",""
"2023-09-27","560180","202000045597","0.9256","0.9256","","",""
"2023-09-28","560180","202000045597","0.9230","0.9230","","",""
"2023-10-09","560180","202000045597","0.9222","0.9222","","",""
"2023-10-10","560180","202000045597","0.9150","0.9150","","",""
"2023-10-11","560180","202000045597","0.9184","0.9184","","",""
"2023-10-12","560180","202000045597","0.9272","0.9272","","",""
"2023-10-13","560180","202000045597","0.9175","0.9175","","",""
"2023-10-16","560180","202000045597","0.9084","0.9084","","",""
"2023-10-17","560180","202000045597","0.9113","0.9113","","",""
"2023-10-18","560180","202000045597","0.9053","0.9053","","",""
"2023-10-19","560180","202000045597","0.8846","0.8846","","",""
"2023-10-20","560180","202000045597","0.8783","0.8783","","",""
"2023-10-23","560180","202000045597","0.8699","0.8699","","",""
"2023-10-24","560180","202000045597","0.8718","0.8718","","",""
"2023-10-25","560180","202000045597","0.8766","0.8766","","",""
"2023-10-26","560180","202000045597","0.8786","0.8786","","",""
"2023-10-27","560180","202000045597","0.8905","0.8905","","",""
"2023-10-30","560180","202000045597","0.8957","0.8957","","",""
"2023-10-31","560180","202000045597","0.8917","0.8917","","",""
"2023-11-01","560180","202000045597","0.8923","0.8923","","",""
"2023-11-02","560180","202000045597","0.8888","0.8888","","",""
"2023-11-03","560180","202000045597","0.8965","0.8965","","",""
"2023-11-06","560180","202000045597","0.9077","0.9077","","",""
"2023-11-07","560180","202000045597","0.9044","0.9044","","",""
"2023-11-08","560180","202000045597","0.9029","0.9029","","",""
"2023-11-09","560180","202000045597","0.9035","0.9035","","",""
"2023-11-10","560180","202000045597","0.8964","0.8964","","",""
"2023-11-13","560180","202000045597","0.8943","0.8943","","",""
"2023-11-14","560180","202000045597","0.8947","0.8947","","",""
"2023-11-15","560180","202000045597","0.9013","0.9013","","",""
"2023-11-16","560180","202000045597","0.8927","0.8927","","",""
"2023-11-17","560180","202000045597","0.8911","0.8911","","",""
"2023-11-20","560180","202000045597","0.8933","0.8933","","",""
"2023-11-21","560180","202000045597","0.8949","0.8949","","",""
"2023-11-22","560180","202000045597","0.8858","0.8858","","",""
"2023-11-23","560180","202000045597","0.8901","0.8901","","",""
"2023-11-24","560180","202000045597","0.8842","0.8842","","",""
"2023-11-27","560180","202000045597","0.8779","0.8779","","",""
"2023-11-28","560180","202000045597","0.8801","0.8801","","",""
"2023-11-29","560180","202000045597","0.8729","0.8729","","",""
"2023-11-30","560180","202000045597","0.8747","0.8747","","",""
"2023-12-01","560180","202000045597","0.8711","0.8711","","",""
"2023-12-04","560180","202000045597","0.8649","0.8649","","",""
"2023-12-05","560180","202000045597","0.8478","0.8478","","",""
"2023-12-06","560180","202000045597","0.8486","0.8486","","",""
"2023-12-07","560180","202000045597","0.8464","0.8464","","",""
"2023-12-08","560180","202000045597","0.8490","0.8490","","",""
"2023-12-11","560180","202000045597","0.8534","0.8534","","",""
"2023-12-12","560180","202000045597","0.8558","0.8558","","",""
"2023-12-13","560180","202000045597","0.8410","0.8410","","",""
"2023-12-14","560180","202000045597","0.8370","0.8370","","",""
"2023-12-15","560180","202000045597","0.8343","0.8343","","",""
"2023-12-18","560180","202000045597","0.8315","0.8315","","",""
"2023-12-19","560180","202000045597","0.8328","0.8328","","",""
"2023-12-20","560180","202000045597","0.8254","0.8254","","",""
"2023-12-21","560180","202000045597","0.8348","0.8348","","",""
"2023-12-22","560180","202000045597","0.8360","0.8360","","",""
"2023-12-25","560180","202000045597","0.8380","0.8380","","",""
"2023-12-26","560180","202000045597","0.8324","0.8324","","",""
"2023-12-27","560180","202000045597","0.8356","0.8356","","",""
"2023-12-28","560180","202000045597","0.8566","0.8566","","",""
"2023-12-29","560180","202000045597","0.8605","0.8605","","",""
"2023-12-31","560180","202000045597","0.8605","0.8605","","",""
"2024-01-02","560180","202000045597","0.8471","0.8471","","",""
"2024-01-03","560180","202000045597","0.8449","0.8449","","",""
"2024-01-04","560180","202000045597","0.8368","0.8368","","",""
"2024-01-05","560180","202000045597","0.8330","0.8330","","",""
"2024-01-08","560180","202000045597","0.8228","0.8228","","",""
"2024-01-09","560180","202000045597","0.8243","0.8243","","",""
"2024-01-10","560180","202000045597","0.8208","0.8208","","",""
"2024-01-11","560180","202000045597","0.8257","0.8257","","",""
"2024-01-12","560180","202000045597","0.8230","0.8230","","",""
"2024-01-15","560180","202000045597","0.8223","0.8223","","",""
"2024-01-16","560180","202000045597","0.8270","0.8270","","",""
"2024-01-17","560180","202000045597","0.8090","0.8090","","",""
"2024-01-18","560180","202000045597","0.8208","0.8208","","",""
"2024-01-19","560180","202000045597","0.8205","0.8205","","",""
"2024-01-22","560180","202000045597","0.8092","0.8092","","",""
"2024-01-23","560180","202000045597","0.8117","0.8117","","",""
"2024-01-24","560180","202000045597","0.8220","0.8220","","",""
"2024-01-25","560180","202000045597","0.8385","0.8385","","",""
"2024-01-26","560180","202000045597","0.8357","0.8357","","",""
"2024-01-29","560180","202000045597","0.8283","0.8283","","",""
"2024-01-30","560180","202000045597","0.8135","0.8135","","",""
"2024-01-31","560180","202000045597","0.8070","0.8070","","",""
"2024-02-01","560180","202000045597","0.8077","0.8077","","",""
"2024-02-02","560180","202000045597","0.7983","0.7983","","",""
"2024-02-05","560180","202000045597","0.8057","0.8057","","",""
"2024-02-06","560180","202000045597","0.8327","0.8327","","",""
"2024-02-07","560180","202000045597","0.8406","0.8406","","",""
"2024-02-08","560180","202000045597","0.8455","0.8455","","",""
"2024-02-19","560180","202000045597","0.8550","0.8550","","",""
"2024-02-20","560180","202000045597","0.8560","0.8560","","",""
"2024-02-21","560180","202000045597","0.8684","0.8684","","",""
"2024-02-22","560180","202000045597","0.8749","0.8749","","",""
"2024-02-23","560180","202000045597","0.8749","0.8749","","",""
"2024-02-26","560180","202000045597","0.8654","0.8654","","",""
"2024-02-27","560180","202000045597","0.8753","0.8753","","",""
"2024-02-28","560180","202000045597","0.8649","0.8649","","",""
"2024-02-29","560180","202000045597","0.8811","0.8811","","",""
"2024-03-01","560180","202000045597","0.8867","0.8867","","",""
"2024-03-04","560180","202000045597","0.8874","0.8874","","",""
"2024-03-05","560180","202000045597","0.8945","0.8945","","",""
"2024-03-06","560180","202000045597","0.8905","0.8905","","",""
"2024-03-07","560180","202000045597","0.8854","0.8854","","",""
"2024-03-08","560180","202000045597","0.8890","0.8890","","",""
"2024-03-11","560180","202000045597","0.9009","0.9009","","",""
"2024-03-12","560180","202000045597","0.9040","0.9040","","",""
"2024-03-13","560180","202000045597","0.8976","0.8976","","",""
"2024-03-14","560180","202000045597","0.8951","0.8951","","",""
"2024-03-15","560180","202000045597","0.8965","0.8965","","",""
"2024-03-18","560180","202000045597","0.9045","0.9045","","",""
"2024-03-19","560180","202000045597","0.8981","0.8981","","",""
"2024-03-20","560180","202000045597","0.9005","0.9005","","",""
"2024-03-21","560180","202000045597","0.8989","0.8989","","",""
"2024-03-22","560180","202000045597","0.8905","0.8905","","",""
"2024-03-25","560180","202000045597","0.8862","0.8862","","",""
"2024-03-26","560180","202000045597","0.8917","0.8917","","",""
"2024-03-27","560180","202000045597","0.8821","0.8821","","",""
"2024-03-28","560180","202000045597","0.8862","0.8862","","",""
"2024-03-29","560180","202000045597","0.8896","0.8896","","",""
"2024-04-01","560180","202000045597","0.9048","0.9048","","",""
"2023-04-03","561900","202000028730","0.8298","0.8298","","",""
"2023-04-04","561900","202000028730","0.8324","0.8324","","",""
"2023-04-06","561900","202000028730","0.8310","0.8310","","",""
"2023-04-07","561900","202000028730","0.8369","0.8369","","",""
"2023-04-10","561900","202000028730","0.8328","0.8328","","",""
"2023-04-11","561900","202000028730","0.8312","0.8312","","",""
"2023-04-12","561900","202000028730","0.8312","0.8312","","",""
"2023-04-13","561900","202000028730","0.8258","0.8258","","",""
"2023-04-14","561900","202000028730","0.8305","0.8305","","",""
"2023-04-17","561900","202000028730","0.8415","0.8415","","",""
"2023-04-18","561900","202000028730","0.8437","0.8437","","",""
"2023-04-19","561900","202000028730","0.8365","0.8365","","",""
"2023-04-20","561900","202000028730","0.8348","0.8348","","",""
"2023-04-21","561900","202000028730","0.8192","0.8192","","",""
"2023-04-24","561900","202000028730","0.8100","0.8100","","",""
"2023-04-25","561900","202000028730","0.8065","0.8065","","",""
"2023-04-26","561900","202000028730","0.8054","0.8054","","",""
"2023-04-27","561900","202000028730","0.8097","0.8097","","",""
"2023-04-28","561900","202000028730","0.8182","0.8182","","",""
"2023-05-04","561900","202000028730","0.8165","0.8165","","",""
"2023-05-05","561900","202000028730","0.8134","0.8134","","",""
"2023-05-08","561900","202000028730","0.8216","0.8216","","",""
"2023-05-09","561900","202000028730","0.8147","0.8147","","",""
"2023-05-10","561900","202000028730","0.8091","0.8091","","",""
"2023-05-11","561900","202000028730","0.8074","0.8074","","",""
"2023-05-12","561900","202000028730","0.7974","0.7974","","",""
"2023-05-15","561900","202000028730","0.8079","0.8079","","",""
"2023-05-16","561900","202000028730","0.8038","0.8038","","",""
"2023-05-17","561900","202000028730","0.8002","0.8002","","",""
"2023-05-18","561900","202000028730","0.8001","0.8001","","",""
"2023-05-19","561900","202000028730","0.7985","0.7985","","",""
"2023-05-22","561900","202000028730","0.8039","0.8039","","",""
"2023-05-23","561900","202000028730","0.7932","0.7932","","",""
"2023-05-24","561900","202000028730","0.7823","0.7823","","",""
"2023-05-25","561900","202000028730","0.7805","0.7805","","",""
"2023-05-26","561900","202000028730","0.7812","0.7812","","",""
"2023-05-29","561900","202000028730","0.7782","0.7782","","",""
"2023-05-30","561900","202000028730","0.7796","0.7796","","",""
"2023-05-31","561900","202000028730","0.7716","0.7716","","",""
"2023-06-01","561900","202000028730","0.7743","0.7743","","",""
"2023-06-02","561900","202000028730","0.7850","0.7850","","",""
"2023-06-05","561900","202000028730","0.7820","0.7820","","",""
"2023-06-06","561900","202000028730","0.7747","0.7747","","",""
"2023-06-07","561900","202000028730","0.7714","0.7714","","",""
"2023-06-08","561900","202000028730","0.7774","0.7774","","",""
"2023-06-09","561900","202000028730","0.7811","0.7811","","",""
"2023-06-12","561900","202000028730","0.7829","0.7829","","",""
"2023-06-13","561900","202000028730","0.7880","0.7880","","",""
"2023-06-14","561900","202000028730","0.7893","0.7893","","",""
"2023-06-15","561900","202000028730","0.8014","0.8014","","",""
"2023-06-16","561900","202000028730","0.8099","0.8099","","",""
"2023-06-19","561900","202000028730","0.8037","0.8037","","",""
"2023-06-20","561900","202000028730","0.8027","0.8027","","",""
"2023-06-21","561900","202000028730","0.7914","0.7914","","",""
"2023-06-26","561900","202000028730","0.7802","0.7802","","",""
"2023-06-27","561900","202000028730","0.7876","0.7876","","",""
"2023-06-28","561900","202000028730","0.7873","0.7873","","",""
"2023-06-29","561900","202000028730","0.7831","0.7831","","",""
"2023-06-30","561900","202000028730","0.7872","0.7872","","",""
"2023-07-03","561900","202000028730","0.7978","0.7978","","",""
"2023-07-04","561900","202000028730","0.7989","0.7989","","",""
"2023-07-05","561900","202000028730","0.7930","0.7930","","",""
"2023-07-06","561900","202000028730","0.7881","0.7881","","",""
"2023-07-07","561900","202000028730","0.7845","0.7845","","",""
"2023-07-10","561900","202000028730","0.7880","0.7880","","",""
"2023-07-11","561900","202000028730","0.7932","0.7932","","",""
"2023-07-12","561900","202000028730","0.7890","0.7890","","",""
"2023-07-13","561900","202000028730","0.8016","0.8016","","",""
"2023-07-14","561900","202000028730","0.8026","0.8026","","",""
"2023-07-17","561900","202000028730","0.7969","0.7969","","",""
"2023-07-18","561900","202000028730","0.7948","0.7948","","",""
"2023-07-19","561900","202000028730","0.7945","0.7945","","",""
"2023-07-20","561900","202000028730","0.7888","0.7888","","",""
"2023-07-21","561900","202000028730","0.7896","0.7896","","",""
"2023-07-24","561900","202000028730","0.7864","0.7864","","",""
"2023-07-25","561900","202000028730","0.8092","0.8092","","",""
"2023-07-26","561900","202000028730","0.8073","0.8073","","",""
"2023-07-27","561900","202000028730","0.8066","0.8066","","",""
"2023-07-28","561900","202000028730","0.8257","0.8257","","",""
"2023-07-31","561900","202000028730","0.8302","0.8302","","",""
"2023-08-01","561900","202000028730","0.8271","0.8271","","",""
"2023-08-02","561900","202000028730","0.8211","0.8211","","",""
"2023-08-03","561900","202000028730","0.8278","0.8278","","",""
"2023-08-04","561900","202000028730","0.8312","0.8312","","",""
"2023-08-07","561900","202000028730","0.8248","0.8248","","",""
"2023-08-08","561900","202000028730","0.8225","0.8225","","",""
"2023-08-09","561900","202000028730","0.8205","0.8205","","",""
"2023-08-10","561900","202000028730","0.8214","0.8214","","",""
"2023-08-11","561900","202000028730","0.8034","0.8034","","",""
"2023-08-14","561900","202000028730","0.7977","0.7977","","",""
"2023-08-15","561900","202000028730","0.7956","0.7956","","",""
"2023-08-16","561900","202000028730","0.7894","0.7894","","",""
"2023-08-17","561900","202000028730","0.7921","0.7921","","",""
"2023-08-18","561900","202000028730","0.7822","0.7822","","",""
"2023-08-21","561900","202000028730","0.7718","0.7718","","",""
"2023-08-22","561900","202000028730","0.7778","0.7778","","",""
"2023-08-23","561900","202000028730","0.7650","0.7650","","",""
"2023-08-24","561900","202000028730","0.7706","0.7706","","",""
"2023-08-25","561900","202000028730","0.7684","0.7684","","",""
"2023-08-28","561900","202000028730","0.7774","0.7774","","",""
"2023-08-29","561900","202000028730","0.7853","0.7853","","",""
"2023-08-30","561900","202000028730","0.7855","0.7855","","",""
"2023-08-31","561900","202000028730","0.7810","0.7810","","",""
"2023-09-01","561900","202000028730","0.7863","0.7863","","",""
"2023-09-04","561900","202000028730","0.7984","0.7984","","",""
"2023-09-05","561900","202000028730","0.7926","0.7926","","",""
"2023-09-06","561900","202000028730","0.7907","0.7907","","",""
"2023-09-07","561900","202000028730","0.7797","0.7797","","",""
"2023-09-08","561900","202000028730","0.7755","0.7755","","",""
"2023-09-11","561900","202000028730","0.7812","0.7812","","",""
"2023-09-12","561900","202000028730","0.7801","0.7801","","",""
"2023-09-13","561900","202000028730","0.7756","0.7756","","",""
"2023-09-14","561900","202000028730","0.7750","0.7750","","",""
"2023-09-15","561900","202000028730","0.7698","0.7698","","",""
"2023-09-18","561900","202000028730","0.7738","0.7738","","",""
"2023-09-19","561900","202000028730","0.7724","0.7724","","",""
"2023-09-20","561900","202000028730","0.7696","0.7696","","",""
"2023-09-21","561900","202000028730","0.7626","0.7626","","",""
"2023-09-22","561900","202000028730","0.7769","0.7769","","",""
"2023-09-25","561900","202000028730","0.7720","0.7720","","",""
"2023-09-26","561900","202000028730","0.7676","0.7676","","",""
"2023-09-27","561900","202000028730","0.7691","0.7691","","",""
"2023-09-28","561900","202000028730","0.7670","0.7670","","",""
"2023-10-09","561900","202000028730","0.7663","0.7663","","",""
"2023-10-10","561900","202000028730","0.7604","0.7604","","",""
"2023-10-11","561900","202000028730","0.7632","0.7632","","",""
"2023-10-12","561900","202000028730","0.7704","0.7704","","",""
"2023-10-13","561900","202000028730","0.7624","0.7624","","",""
"2023-10-16","561900","202000028730","0.7549","0.7549","","",""
"2023-10-17","561900","202000028730","0.7574","0.7574","","",""
"2023-10-18","561900","202000028730","0.7523","0.7523","","",""
"2023-10-19","561900","202000028730","0.7354","0.7354","","",""
"2023-10-20","561900","202000028730","0.7301","0.7301","","",""
"2023-10-23","561900","202000028730","0.7233","0.7233","","",""
"2023-10-24","561900","202000028730","0.7248","0.7248","","",""
"2023-10-25","561900","202000028730","0.7287","0.7287","","",""
"2023-10-26","561900","202000028730","0.7303","0.7303","","",""
"2023-10-27","561900","202000028730","0.7400","0.7400","","",""
"2023-10-30","561900","202000028730","0.7444","0.7444","","",""
"2023-10-31","561900","202000028730","0.7411","0.7411","","",""
"2023-11-01","561900","202000028730","0.7416","0.7416","","",""
"2023-11-02","561900","202000028730","0.7388","0.7388","","",""
"2023-11-03","561900","202000028730","0.7454","0.7454","","",""
"2023-11-06","561900","202000028730","0.7546","0.7546","","",""
"2023-11-07","561900","202000028730","0.7519","0.7519","","",""
"2023-11-08","561900","202000028730","0.7507","0.7507","","",""
"2023-11-09","561900","202000028730","0.7511","0.7511","","",""
"2023-11-10","561900","202000028730","0.7453","0.7453","","",""
"2023-11-13","561900","202000028730","0.7436","0.7436","","",""
"2023-11-14","561900","202000028730","0.7439","0.7439","","",""
"2023-11-15","561900","202000028730","0.7493","0.7493","","",""
"2023-11-16","561900","202000028730","0.7422","0.7422","","",""
"2023-11-17","561900","202000028730","0.7409","0.7409","","",""
"2023-11-20","561900","202000028730","0.7426","0.7426","","",""
"2023-11-21","561900","202000028730","0.7440","0.7440","","",""
"2023-11-22","561900","202000028730","0.7365","0.7365","","",""
"2023-11-23","561900","202000028730","0.7400","0.7400","","",""
"2023-11-24","561900","202000028730","0.7352","0.7352","","",""
"2023-11-27","561900","202000028730","0.7300","0.7300","","",""
"2023-11-28","561900","202000028730","0.7318","0.7318","","",""
"2023-11-29","561900","202000028730","0.7259","0.7259","","",""
"2023-11-30","561900","202000028730","0.7275","0.7275","","",""
"2023-12-01","561900","202000028730","0.7245","0.7245","","",""
"2023-12-04","561900","202000028730","0.7195","0.7195","","",""
"2023-12-05","561900","202000028730","0.7055","0.7055","","",""
"2023-12-06","561900","202000028730","0.7061","0.7061","","",""
"2023-12-07","561900","202000028730","0.7043","0.7043","","",""
"2023-12-08","561900","202000028730","0.7065","0.7065","","",""
"2023-12-11","561900","202000028730","0.7103","0.7103","","",""
"2023-12-12","561900","202000028730","0.7127","0.7127","","",""
"2023-12-13","561900","202000028730","0.7006","0.7006","","",""
"2023-12-14","561900","202000028730","0.6972","0.6972","","",""
"2023-12-15","561900","202000028730","0.6950","0.6950","","",""
"2023-12-18","561900","202000028730","0.6928","0.6928","","",""
"2023-12-19","561900","202000028730","0.6938","0.6938","","",""
"2023-12-20","561900","202000028730","0.6876","0.6876","","",""
"2023-12-21","561900","202000028730","0.6955","0.6955","","",""
"2023-12-22","561900","202000028730","0.6964","0.6964","","",""
"2023-12-25","561900","202000028730","0.6981","0.6981","","",""
"2023-12-26","561900","202000028730","0.6935","0.6935","","",""
"2023-12-27","561900","202000028730","0.6961","0.6961","","",""
"2023-12-28","561900","202000028730","0.7135","0.7135","","",""
"2023-12-29","561900","202000028730","0.7167","0.7167","","",""
"2023-12-31","561900","202000028730","0.7166","0.7166","","",""
"2024-01-02","561900","202000028730","0.7055","0.7055","","",""
"2024-01-03","561900","202000028730","0.7038","0.7038","","",""
"2024-01-04","561900","202000028730","0.6971","0.6971","","",""
"2024-01-05","561900","202000028730","0.6939","0.6939","","",""
"2024-01-08","561900","202000028730","0.6855","0.6855","","",""
"2024-01-09","561900","202000028730","0.6869","0.6869","","",""
"2024-01-10","561900","202000028730","0.6839","0.6839","","",""
"2024-01-11","561900","202000028730","0.6880","0.6880","","",""
"2024-01-12","561900","202000028730","0.6858","0.6858","","",""
"2024-01-15","561900","202000028730","0.6852","0.6852","","",""
"2024-01-16","561900","202000028730","0.6892","0.6892","","",""
"2024-01-17","561900","202000028730","0.6743","0.6743","","",""
"2024-01-18","561900","202000028730","0.6843","0.6843","","",""
"2024-01-19","561900","202000028730","0.6840","0.6840","","",""
"2024-01-22","561900","202000028730","0.6747","0.6747","","",""
"2024-01-23","561900","202000028730","0.6767","0.6767","","",""
"2024-01-24","561900","202000028730","0.6853","0.6853","","",""
"2024-01-25","561900","202000028730","0.6989","0.6989","","",""
"2024-01-26","561900","202000028730","0.6966","0.6966","","",""
"2024-01-29","561900","202000028730","0.6905","0.6905","","",""
"2024-01-30","561900","202000028730","0.6783","0.6783","","",""
"2024-01-31","561900","202000028730","0.6729","0.6729","","",""
"2024-02-01","561900","202000028730","0.6735","0.6735","","",""
"2024-02-02","561900","202000028730","0.6659","0.6659","","",""
"2024-02-05","561900","202000028730","0.6721","0.6721","","",""
"2024-02-06","561900","202000028730","0.6943","0.6943","","",""
"2024-02-07","561900","202000028730","0.7009","0.7009","","",""
"2024-02-08","561900","202000028730","0.7049","0.7049","","",""
"2024-02-19","561900","202000028730","0.7127","0.7127","","",""
"2024-02-20","561900","202000028730","0.7134","0.7134","","",""
"2024-02-21","561900","202000028730","0.7237","0.7237","","",""
"2024-02-22","561900","202000028730","0.7290","0.7290","","",""
"2024-02-23","561900","202000028730","0.7290","0.7290","","",""
"2024-02-26","561900","202000028730","0.7212","0.7212","","",""
"2024-02-27","561900","202000028730","0.7295","0.7295","","",""
"2024-02-28","561900","202000028730","0.7208","0.7208","","",""
"2024-02-29","561900","202000028730","0.7343","0.7343","","",""
"2024-03-01","561900","202000028730","0.7388","0.7388","","",""
"2024-03-04","561900","202000028730","0.7395","0.7395","","",""
"2024-03-05","561900","202000028730","0.7454","0.7454","","",""
"2024-03-06","561900","202000028730","0.7421","0.7421","","",""
"2024-03-07","561900","202000028730","0.7378","0.7378","","",""
"2024-03-08","561900","202000028730","0.7408","0.7408","","",""
"2024-03-11","561900","202000028730","0.7508","0.7508","","",""
"2024-03-12","561900","202000028730","0.7533","0.7533","","",""
"2024-03-13","561900","202000028730","0.7480","0.7480","","",""
"2024-03-14","561900","202000028730","0.7459","0.7459","","",""
"2024-03-15","561900","202000028730","0.7470","0.7470","","",""
"2024-03-18","561900","202000028730","0.7537","0.7537","","",""
"2024-03-19","561900","202000028730","0.7484","0.7484","","",""
"2024-03-20","561900","202000028730","0.7503","0.7503","","",""
"2024-03-21","561900","202000028730","0.7490","0.7490","","",""
"2024-03-22","561900","202000028730","0.7421","0.7421","","",""
"2024-03-25","561900","202000028730","0.7385","0.7385","","",""
"2024-03-26","561900","202000028730","0.7431","0.7431","","",""
"2024-03-27","561900","202000028730","0.7351","0.7351","","",""
"2024-03-28","561900","202000028730","0.7386","0.7386","","",""
"2024-03-29","561900","202000028730","0.7414","0.7414","","",""
"2024-04-01","561900","202000028730","0.7538","0.7538","","",""
