[web] started_at=2026-04-13 14:48:47 pid=47752
2026-04-13 14:48:50.933632: I tensorflow/core/util/port.cc:113] oneDNN custom operations are on. You may see slightly different numerical results due to floating-point round-off errors from different computation orders. To turn them off, set the environment variable `TF_ENABLE_ONEDNN_OPTS=0`.
WARNING:tensorflow:From F:\ProgramData\anaconda3\envs\oilprice\lib\site-packages\keras\src\losses.py:2976: The name tf.losses.sparse_softmax_cross_entropy is deprecated. Please use tf.compat.v1.losses.sparse_softmax_cross_entropy instead.

开始油价预测特征工程...
输入数据形状: (5113, 12)
添加油价自身特征...
添加金融市场特征...
添加基本面特征...
添加技术指标特征...
添加波动率特征...
添加市场结构特征...
添加季节性特征...
添加市场情绪特征...
添加地缘大事件影响特征...
添加衍生关系特征...
确保特征因果性...
对 8 个未滞后特征应用 shift(1): ['VIX_Level', 'OVX_Level', 'Basis', 'Market_Structure', 'Oil_Search_Trend']...
特征工程完成，特征总数: 162

特征分类统计:
  价格特征: 38个特征
  收益率特征: 6个特征
  技术指标: 32个特征
  波动率特征: 19个特征
  金融市场: 25个特征
  基本面: 20个特征
  市场结构: 6个特征
  季节性: 12个特征
  情绪特征: 11个特征
  衍生关系: 15个特征

原始数据形状: (5113, 12)
特征工程后数据形状: (5113, 162)
新增特征数量: 150

前5行数据（部分列）:
            WTI_Futures  WTI_Futures_Return  ...  Volatility_20d  Month
Date                                         ...                       
2010-01-01    70.496714                 NaN  ...             NaN      1
2010-01-02    70.358450           -0.001963  ...             NaN      1
2010-01-03    71.006138            0.009163  ...             NaN      1
2010-01-04    72.529168            0.021222  ...             NaN      1
2010-01-05    72.295015           -0.003234  ...             NaN      1

[5 rows x 7 columns]
================================================================================
多变量油价预测系统（按时间序列最佳实践）
================================================================================
============================================================
开始加载所有数据...
============================================================
加载WTI价格数据...
加载金融数据...
加载供给侧数据...
  已加载活跃钻井机数量 (Rigs)
  已加载地缘大事件 (GeoEvent)，事件日数: 20
数据形状: (2841, 15)
开始油价预测特征工程...
输入数据形状: (2841, 15)
添加油价自身特征...
添加金融市场特征...
添加基本面特征...
添加技术指标特征...
添加波动率特征...
添加市场结构特征...
添加季节性特征...
添加市场情绪特征...
添加地缘大事件影响特征...
添加衍生关系特征...
确保特征因果性...
对 8 个未滞后特征应用 shift(1): ['VIX_Level', 'OVX_Level', 'Basis', 'Market_Structure', 'Oil_Search_Trend']...
特征工程完成，特征总数: 173
按日期切分: Train_end=2020-12-31, Val_end=2022-12-31

数据切分: Train=1541, Val=516, Test=784

=== Step 3: 随机森林特征选择 Top-10 ===
  选中特征数: 10
  Top 特征:
     1. WTI_Futures
     2. US10Y
     3. WTI_Futures_Lag1
     4. Stocks_MA_20
     5. BB_Lower_20
     6. BB_Upper_20
     7. Inventory_Price_Ratio
     8. Basis
     9. WTI_Futures_MA_10
    10. WTI_Futures_Lag2

数据清洗后: Train=930, Val=275, Test=425

已保存所有特征总表到 C:\Users\12725\Desktop\大宗绿测_基于油价因子的绿色金融产品预测与风险分析 - 副本\技术文档\源代码\web_runs\run_20260413_144847_top10\all_features_data.csv，行数=1630，列数=13

最终特征数: 10

已保存模型输入总表到 C:\Users\12725\Desktop\大宗绿测_基于油价因子的绿色金融产品预测与风险分析 - 副本\技术文档\源代码\web_runs\run_20260413_144847_top10\model_input_data.csv，行数=1630，列数=13

训练GRU...
WARNING:tensorflow:From F:\ProgramData\anaconda3\envs\oilprice\lib\site-packages\keras\src\backend.py:873: The name tf.get_default_graph is deprecated. Please use tf.compat.v1.get_default_graph instead.

2026-04-13 14:49:48.225491: I tensorflow/core/platform/cpu_feature_guard.cc:182] This TensorFlow binary is optimized to use available CPU instructions in performance-critical operations.
To enable the following instructions: SSE SSE2 SSE3 SSE4.1 SSE4.2 AVX2 AVX_VNNI FMA, in other operations, rebuild TensorFlow with the appropriate compiler flags.
Epoch 1/200
WARNING:tensorflow:From F:\ProgramData\anaconda3\envs\oilprice\lib\site-packages\keras\src\utils\tf_utils.py:492: The name tf.ragged.RaggedTensorValue is deprecated. Please use tf.compat.v1.ragged.RaggedTensorValue instead.

WARNING:tensorflow:From F:\ProgramData\anaconda3\envs\oilprice\lib\site-packages\keras\src\engine\base_layer_utils.py:384: The name tf.executing_eagerly_outside_functions is deprecated. Please use tf.compat.v1.executing_eagerly_outside_functions instead.


 1/29 [>.............................] - ETA: 1:19 - loss: 0.4655 - mae: 0.9643
 3/29 [==>...........................] - ETA: 1s - loss: 0.2394 - mae: 0.5798  
 4/29 [===>..........................] - ETA: 1s - loss: 0.1876 - mae: 0.4923
 5/29 [====>.........................] - ETA: 1s - loss: 0.1531 - mae: 0.4258
 6/29 [=====>........................] - ETA: 1s - loss: 0.1289 - mae: 0.3732
 7/29 [======>.......................] - ETA: 1s - loss: 0.1112 - mae: 0.3305
 8/29 [=======>......................] - ETA: 1s - loss: 0.1000 - mae: 0.3127
 9/29 [========>.....................] - ETA: 1s - loss: 0.0896 - mae: 0.2885
10/29 [=========>....................] - ETA: 0s - loss: 0.0813 - mae: 0.2677
11/29 [==========>...................] - ETA: 0s - loss: 0.0749 - mae: 0.2551
12/29 [===========>..................] - ETA: 0s - loss: 0.0692 - mae: 0.2408
13/29 [============>.................] - ETA: 0s - loss: 0.0643 - mae: 0.2292
14/29 [=============>................] - ETA: 0s - loss: 0.0600 - mae: 0.2174
15/29 [==============>...............] - ETA: 0s - loss: 0.0563 - mae: 0.2083
16/29 [===============>..............] - ETA: 0s - loss: 0.0533 - mae: 0.2019
17/29 [================>.............] - ETA: 0s - loss: 0.0504 - mae: 0.1946
18/29 [=================>............] - ETA: 0s - loss: 0.0482 - mae: 0.1902
19/29 [==================>...........] - ETA: 0s - loss: 0.0459 - mae: 0.1839
20/29 [===================>..........] - ETA: 0s - loss: 0.0438 - mae: 0.1780
21/29 [====================>.........] - ETA: 0s - loss: 0.0419 - mae: 0.1734
22/29 [=====================>........] - ETA: 0s - loss: 0.0401 - mae: 0.1681
23/29 [======================>.......] - ETA: 0s - loss: 0.0385 - mae: 0.1638
24/29 [=======================>......] - ETA: 0s - loss: 0.0374 - mae: 0.1618
25/29 [========================>.....] - ETA: 0s - loss: 0.0362 - mae: 0.1597
26/29 [=========================>....] - ETA: 0s - loss: 0.0348 - mae: 0.1557
27/29 [==========================>...] - ETA: 0s - loss: 0.0336 - mae: 0.1504
29/29 [==============================] - ETA: 0s - loss: 0.0323 - mae: 0.1460
29/29 [==============================] - 5s 76ms/step - loss: 0.0323 - mae: 0.1460 - val_loss: 0.0052 - val_mae: 0.0934 - lr: 0.0030
Epoch 2/200

 1/29 [>.............................] - ETA: 1s - loss: 0.0941 - mae: 0.4261
 3/29 [==>...........................] - ETA: 1s - loss: 0.0612 - mae: 0.3076
 4/29 [===>..........................] - ETA: 1s - loss: 0.0573 - mae: 0.2974
 5/29 [====>.........................] - ETA: 1s - loss: 0.0466 - mae: 0.2531
 6/29 [=====>........................] - ETA: 1s - loss: 0.0420 - mae: 0.2390
 7/29 [======>.......................] - ETA: 1s - loss: 0.0418 - mae: 0.2451
 8/29 [=======>......................] - ETA: 1s - loss: 0.0409 - mae: 0.2464
 9/29 [========>.....................] - ETA: 1s - loss: 0.0393 - mae: 0.2436
11/29 [==========>...................] - ETA: 0s - loss: 0.0332 - mae: 0.2162
12/29 [===========>..................] - ETA: 0s - loss: 0.0314 - mae: 0.2093
13/29 [============>.................] - ETA: 0s - loss: 0.0299 - mae: 0.2039
14/29 [=============>................] - ETA: 0s - loss: 0.0282 - mae: 0.1958
15/29 [==============>...............] - ETA: 0s - loss: 0.0265 - mae: 0.1862
16/29 [===============>..............] - ETA: 0s - loss: 0.0252 - mae: 0.1798
17/29 [================>.............] - ETA: 0s - loss: 0.0246 - mae: 0.1765
18/29 [=================>............] - ETA: 0s - loss: 0.0236 - mae: 0.1715
19/29 [==================>...........] - ETA: 0s - loss: 0.0227 - mae: 0.1678
20/29 [===================>..........] - ETA: 0s - loss: 0.0218 - mae: 0.1638
21/29 [====================>.........] - ETA: 0s - loss: 0.0211 - mae: 0.1605
22/29 [=====================>........] - ETA: 0s - loss: 0.0204 - mae: 0.1572
23/29 [======================>.......] - ETA: 0s - loss: 0.0196 - mae: 0.1523
24/29 [=======================>......] - ETA: 0s - loss: 0.0191 - mae: 0.1494
25/29 [========================>.....] - ETA: 0s - loss: 0.0185 - mae: 0.1467
26/29 [=========================>....] - ETA: 0s - loss: 0.0178 - mae: 0.1429
27/29 [==========================>...] - ETA: 0s - loss: 0.0172 - mae: 0.1394
28/29 [===========================>..] - ETA: 0s - loss: 0.0167 - mae: 0.1368
29/29 [==============================] - 2s 56ms/step - loss: 0.0167 - mae: 0.1365 - val_loss: 0.0099 - val_mae: 0.1303 - lr: 0.0030
Epoch 3/200

 1/29 [>.............................] - ETA: 1s - loss: 0.0944 - mae: 0.4282
 2/29 [=>............................] - ETA: 1s - loss: 0.0604 - mae: 0.3020
 3/29 [==>...........................] - ETA: 1s - loss: 0.0477 - mae: 0.2640
 4/29 [===>..........................] - ETA: 1s - loss: 0.0486 - mae: 0.2697
 6/29 [=====>........................] - ETA: 1s - loss: 0.0385 - mae: 0.2360
 7/29 [======>.......................] - ETA: 1s - loss: 0.0334 - mae: 0.2105
 8/29 [=======>......................] - ETA: 1s - loss: 0.0304 - mae: 0.1992
 9/29 [========>.....................] - ETA: 1s - loss: 0.0287 - mae: 0.1941
11/29 [==========>...................] - ETA: 0s - loss: 0.0266 - mae: 0.1906
12/29 [===========>..................] - ETA: 0s - loss: 0.0251 - mae: 0.1850
13/29 [============>.................] - ETA: 0s - loss: 0.0236 - mae: 0.1782
15/29 [==============>...............] - ETA: 0s - loss: 0.0216 - mae: 0.1700
16/29 [===============>..............] - ETA: 0s - loss: 0.0207 - mae: 0.1645
18/29 [=================>............] - ETA: 0s - loss: 0.0193 - mae: 0.1585
19/29 [==================>...........] - ETA: 0s - loss: 0.0194 - mae: 0.1598
21/29 [====================>.........] - ETA: 0s - loss: 0.0191 - mae: 0.1600
23/29 [======================>.......] - ETA: 0s - loss: 0.0180 - mae: 0.1539
25/29 [========================>.....] - ETA: 0s - loss: 0.0179 - mae: 0.1556
26/29 [=========================>....] - ETA: 0s - loss: 0.0182 - mae: 0.1582
28/29 [===========================>..] - ETA: 0s - loss: 0.0175 - mae: 0.1558
29/29 [==============================] - 2s 54ms/step - loss: 0.0174 - mae: 0.1554 - val_loss: 0.0079 - val_mae: 0.1123 - lr: 0.0030
Epoch 4/200

 1/29 [>.............................] - ETA: 1s - loss: 0.2131 - mae: 0.6509
 3/29 [==>...........................] - ETA: 1s - loss: 0.1162 - mae: 0.4227
 5/29 [====>.........................] - ETA: 1s - loss: 0.0793 - mae: 0.3331
 6/29 [=====>........................] - ETA: 1s - loss: 0.0695 - mae: 0.3083
 8/29 [=======>......................] - ETA: 1s - loss: 0.0534 - mae: 0.2508
10/29 [=========>....................] - ETA: 0s - loss: 0.0457 - mae: 0.2323
12/29 [===========>..................] - ETA: 0s - loss: 0.0409 - mae: 0.2225
14/29 [=============>................] - ETA: 0s - loss: 0.0358 - mae: 0.2033
16/29 [===============>..............] - ETA: 0s - loss: 0.0330 - mae: 0.1958
17/29 [================>.............] - ETA: 0s - loss: 0.0313 - mae: 0.1886
18/29 [=================>............] - ETA: 0s - loss: 0.0298 - mae: 0.1818
20/29 [===================>..........] - ETA: 0s - loss: 0.0274 - mae: 0.1727
22/29 [=====================>........] - ETA: 0s - loss: 0.0251 - mae: 0.1616
24/29 [=======================>......] - ETA: 0s - loss: 0.0233 - mae: 0.1531
26/29 [=========================>....] - ETA: 0s - loss: 0.0219 - mae: 0.1482
28/29 [===========================>..] - ETA: 0s - loss: 0.0204 - mae: 0.1403
29/29 [==============================] - 1s 51ms/step - loss: 0.0203 - mae: 0.1397 - val_loss: 4.2062e-04 - val_mae: 0.0247 - lr: 0.0030
Epoch 5/200

 1/29 [>.............................] - ETA: 1s - loss: 0.0287 - mae: 0.2075
 3/29 [==>...........................] - ETA: 1s - loss: 0.0171 - mae: 0.1523
 5/29 [====>.........................] - ETA: 1s - loss: 0.0164 - mae: 0.1555
 6/29 [=====>........................] - ETA: 1s - loss: 0.0142 - mae: 0.1407
 8/29 [=======>......................] - ETA: 0s - loss: 0.0115 - mae: 0.1217
10/29 [=========>....................] - ETA: 0s - loss: 0.0109 - mae: 0.1212
12/29 [===========>..................] - ETA: 0s - loss: 0.0101 - mae: 0.1175
14/29 [=============>................] - ETA: 0s - loss: 0.0090 - mae: 0.1083
15/29 [==============>...............] - ETA: 0s - loss: 0.0087 - mae: 0.1055
17/29 [================>.............] - ETA: 0s - loss: 0.0082 - mae: 0.1023
18/29 [=================>............] - ETA: 0s - loss: 0.0081 - mae: 0.1023
19/29 [==================>...........] - ETA: 0s - loss: 0.0081 - mae: 0.1029
21/29 [====================>.........] - ETA: 0s - loss: 0.0076 - mae: 0.0987
22/29 [=====================>........] - ETA: 0s - loss: 0.0074 - mae: 0.0972
23/29 [======================>.......] - ETA: 0s - loss: 0.0073 - mae: 0.0965
25/29 [========================>.....] - ETA: 0s - loss: 0.0071 - mae: 0.0951
27/29 [==========================>...] - ETA: 0s - loss: 0.0066 - mae: 0.0905
28/29 [===========================>..] - ETA: 0s - loss: 0.0064 - mae: 0.0878
29/29 [==============================] - 2s 52ms/step - loss: 0.0064 - mae: 0.0875 - val_loss: 0.0065 - val_mae: 0.0919 - lr: 0.0030
Epoch 6/200

 1/29 [>.............................] - ETA: 1s - loss: 0.0590 - mae: 0.3269
 2/29 [=>............................] - ETA: 1s - loss: 0.0402 - mae: 0.2552
 4/29 [===>..........................] - ETA: 1s - loss: 0.0251 - mae: 0.1863
 6/29 [=====>........................] - ETA: 1s - loss: 0.0247 - mae: 0.1909
 7/29 [======>.......................] - ETA: 1s - loss: 0.0240 - mae: 0.1894
 9/29 [========>.....................] - ETA: 0s - loss: 0.0194 - mae: 0.1623
11/29 [==========>...................] - ETA: 0s - loss: 0.0170 - mae: 0.1507
13/29 [============>.................] - ETA: 0s - loss: 0.0160 - mae: 0.1492
14/29 [=============>................] - ETA: 0s - loss: 0.0163 - mae: 0.1525
16/29 [===============>..............] - ETA: 0s - loss: 0.0166 - mae: 0.1566
17/29 [================>.............] - ETA: 0s - loss: 0.0159 - mae: 0.1518
19/29 [==================>...........] - ETA: 0s - loss: 0.0148 - mae: 0.1448
20/29 [===================>..........] - ETA: 0s - loss: 0.0147 - mae: 0.1444
21/29 [====================>.........] - ETA: 0s - loss: 0.0143 - mae: 0.1424
23/29 [======================>.......] - ETA: 0s - loss: 0.0134 - mae: 0.1370
24/29 [=======================>......] - ETA: 0s - loss: 0.0131 - mae: 0.1345
26/29 [=========================>....] - ETA: 0s - loss: 0.0125 - mae: 0.1317
27/29 [==========================>...] - ETA: 0s - loss: 0.0121 - mae: 0.1281
28/29 [===========================>..] - ETA: 0s - loss: 0.0116 - mae: 0.1244
29/29 [==============================] - 2s 54ms/step - loss: 0.0116 - mae: 0.1239 - val_loss: 9.4626e-04 - val_mae: 0.0318 - lr: 0.0030
Epoch 7/200

 1/29 [>.............................] - ETA: 1s - loss: 0.0715 - mae: 0.3759
 2/29 [=>............................] - ETA: 1s - loss: 0.0624 - mae: 0.3410
 3/29 [==>...........................] - ETA: 1s - loss: 0.0430 - mae: 0.2496
 4/29 [===>..........................] - ETA: 1s - loss: 0.0333 - mae: 0.2084
 6/29 [=====>........................] - ETA: 1s - loss: 0.0262 - mae: 0.1863
 7/29 [======>.......................] - ETA: 1s - loss: 0.0242 - mae: 0.1799
 9/29 [========>.....................] - ETA: 1s - loss: 0.0210 - mae: 0.1680
11/29 [==========>...................] - ETA: 0s - loss: 0.0176 - mae: 0.1477
13/29 [============>.................] - ETA: 0s - loss: 0.0153 - mae: 0.1350
15/29 [==============>...............] - ETA: 0s - loss: 0.0142 - mae: 0.1310
17/29 [================>.............] - ETA: 0s - loss: 0.0133 - mae: 0.1270
19/29 [==================>...........] - ETA: 0s - loss: 0.0123 - mae: 0.1207
20/29 [===================>..........] - ETA: 0s - loss: 0.0118 - mae: 0.1175
22/29 [=====================>........] - ETA: 0s - loss: 0.0110 - mae: 0.1129
23/29 [======================>.......] - ETA: 0s - loss: 0.0106 - mae: 0.1106
25/29 [========================>.....] - ETA: 0s - loss: 0.0100 - mae: 0.1061
26/29 [=========================>....] - ETA: 0s - loss: 0.0096 - mae: 0.1031
27/29 [==========================>...] - ETA: 0s - loss: 0.0093 - mae: 0.1002
29/29 [==============================] - ETA: 0s - loss: 0.0090 - mae: 0.0973
29/29 [==============================] - 2s 52ms/step - loss: 0.0090 - mae: 0.0973 - val_loss: 0.0070 - val_mae: 0.0921 - lr: 0.0030
Epoch 8/200

 1/29 [>.............................] - ETA: 1s - loss: 0.0106 - mae: 0.1132
 3/29 [==>...........................] - ETA: 1s - loss: 0.0085 - mae: 0.0969
 5/29 [====>.........................] - ETA: 1s - loss: 0.0059 - mae: 0.0783
 7/29 [======>.......................] - ETA: 1s - loss: 0.0049 - mae: 0.0718
 9/29 [========>.....................] - ETA: 0s - loss: 0.0043 - mae: 0.0669
10/29 [=========>....................] - ETA: 0s - loss: 0.0042 - mae: 0.0673
11/29 [==========>...................] - ETA: 0s - loss: 0.0040 - mae: 0.0655
13/29 [============>.................] - ETA: 0s - loss: 0.0036 - mae: 0.0634
15/29 [==============>...............] - ETA: 0s - loss: 0.0036 - mae: 0.0647
16/29 [===============>..............] - ETA: 0s - loss: 0.0037 - mae: 0.0660
18/29 [=================>............] - ETA: 0s - loss: 0.0036 - mae: 0.0652
19/29 [==================>...........] - ETA: 0s - loss: 0.0037 - mae: 0.0657
21/29 [====================>.........] - ETA: 0s - loss: 0.0040 - mae: 0.0703
23/29 [======================>.......] - ETA: 0s - loss: 0.0041 - mae: 0.0715
25/29 [========================>.....] - ETA: 0s - loss: 0.0041 - mae: 0.0710
26/29 [=========================>....] - ETA: 0s - loss: 0.0040 - mae: 0.0701
28/29 [===========================>..] - ETA: 0s - loss: 0.0037 - mae: 0.0662
29/29 [==============================] - 1s 51ms/step - loss: 0.0037 - mae: 0.0661 - val_loss: 0.0106 - val_mae: 0.1154 - lr: 0.0030
Epoch 9/200

 1/29 [>.............................] - ETA: 1s - loss: 0.0094 - mae: 0.1164
 3/29 [==>...........................] - ETA: 1s - loss: 0.0083 - mae: 0.1056
 5/29 [====>.........................] - ETA: 1s - loss: 0.0060 - mae: 0.0867
 7/29 [======>.......................] - ETA: 1s - loss: 0.0058 - mae: 0.0891
 9/29 [========>.....................] - ETA: 0s - loss: 0.0055 - mae: 0.0871
11/29 [==========>...................] - ETA: 0s - loss: 0.0047 - mae: 0.0777
13/29 [============>.................] - ETA: 0s - loss: 0.0044 - mae: 0.0747
15/29 [==============>...............] - ETA: 0s - loss: 0.0041 - mae: 0.0723
17/29 [================>.............] - ETA: 0s - loss: 0.0039 - mae: 0.0701
18/29 [=================>............] - ETA: 0s - loss: 0.0038 - mae: 0.0693
19/29 [==================>...........] - ETA: 0s - loss: 0.0038 - mae: 0.0694
21/29 [====================>.........] - ETA: 0s - loss: 0.0037 - mae: 0.0677
23/29 [======================>.......] - ETA: 0s - loss: 0.0035 - mae: 0.0658
25/29 [========================>.....] - ETA: 0s - loss: 0.0035 - mae: 0.0665
27/29 [==========================>...] - ETA: 0s - loss: 0.0033 - mae: 0.0634
29/29 [==============================] - ETA: 0s - loss: 0.0032 - mae: 0.0617
29/29 [==============================] - 1s 50ms/step - loss: 0.0032 - mae: 0.0617 - val_loss: 2.8511e-04 - val_mae: 0.0187 - lr: 0.0030
Epoch 10/200

 1/29 [>.............................] - ETA: 1s - loss: 0.0412 - mae: 0.2771
 2/29 [=>............................] - ETA: 1s - loss: 0.0332 - mae: 0.2369
 3/29 [==>...........................] - ETA: 1s - loss: 0.0240 - mae: 0.1842
 5/29 [====>.........................] - ETA: 1s - loss: 0.0187 - mae: 0.1633
 6/29 [=====>........................] - ETA: 1s - loss: 0.0173 - mae: 0.1579
 7/29 [======>.......................] - ETA: 1s - loss: 0.0161 - mae: 0.1525
 8/29 [=======>......................] - ETA: 1s - loss: 0.0146 - mae: 0.1436
10/29 [=========>....................] - ETA: 0s - loss: 0.0121 - mae: 0.1252
12/29 [===========>..................] - ETA: 0s - loss: 0.0107 - mae: 0.1164
14/29 [=============>................] - ETA: 0s - loss: 0.0096 - mae: 0.1098
16/29 [===============>..............] - ETA: 0s - loss: 0.0089 - mae: 0.1050
18/29 [=================>............] - ETA: 0s - loss: 0.0082 - mae: 0.1007
20/29 [===================>..........] - ETA: 0s - loss: 0.0078 - mae: 0.0980
21/29 [====================>.........] - ETA: 0s - loss: 0.0076 - mae: 0.0964
22/29 [=====================>........] - ETA: 0s - loss: 0.0073 - mae: 0.0948
24/29 [=======================>......] - ETA: 0s - loss: 0.0069 - mae: 0.0907
26/29 [=========================>....] - ETA: 0s - loss: 0.0064 - mae: 0.0869
28/29 [===========================>..] - ETA: 0s - loss: 0.0060 - mae: 0.0820
29/29 [==============================] - 1s 51ms/step - loss: 0.0060 - mae: 0.0817 - val_loss: 0.0015 - val_mae: 0.0444 - lr: 0.0030
Epoch 11/200

 1/29 [>.............................] - ETA: 1s - loss: 0.0246 - mae: 0.1974
 3/29 [==>...........................] - ETA: 1s - loss: 0.0136 - mae: 0.1315
 4/29 [===>..........................] - ETA: 1s - loss: 0.0113 - mae: 0.1190
 6/29 [=====>........................] - ETA: 1s - loss: 0.0080 - mae: 0.0918
 8/29 [=======>......................] - ETA: 1s - loss: 0.0066 - mae: 0.0834
 9/29 [========>.....................] - ETA: 0s - loss: 0.0063 - mae: 0.0832
11/29 [==========>...................] - ETA: 0s - loss: 0.0056 - mae: 0.0778
13/29 [============>.................] - ETA: 0s - loss: 0.0049 - mae: 0.0727
14/29 [=============>................] - ETA: 0s - loss: 0.0047 - mae: 0.0717
15/29 [==============>...............] - ETA: 0s - loss: 0.0046 - mae: 0.0711
17/29 [================>.............] - ETA: 0s - loss: 0.0045 - mae: 0.0704
19/29 [==================>...........] - ETA: 0s - loss: 0.0043 - mae: 0.0701
20/29 [===================>..........] - ETA: 0s - loss: 0.0044 - mae: 0.0717
21/29 [====================>.........] - ETA: 0s - loss: 0.0046 - mae: 0.0737
23/29 [======================>.......] - ETA: 0s - loss: 0.0045 - mae: 0.0735
25/29 [========================>.....] - ETA: 0s - loss: 0.0043 - mae: 0.0720
27/29 [==========================>...] - ETA: 0s - loss: 0.0041 - mae: 0.0694
28/29 [===========================>..] - ETA: 0s - loss: 0.0040 - mae: 0.0682
29/29 [==============================] - 1s 52ms/step - loss: 0.0039 - mae: 0.0679 - val_loss: 0.0058 - val_mae: 0.0872 - lr: 0.0030
Epoch 12/200

 1/29 [>.............................] - ETA: 1s - loss: 0.0118 - mae: 0.1292
 3/29 [==>...........................] - ETA: 1s - loss: 0.0100 - mae: 0.1176
 5/29 [====>.........................] - ETA: 1s - loss: 0.0070 - mae: 0.0930
 7/29 [======>.......................] - ETA: 1s - loss: 0.0074 - mae: 0.1021
 9/29 [========>.....................] - ETA: 0s - loss: 0.0070 - mae: 0.1013
11/29 [==========>...................] - ETA: 0s - loss: 0.0062 - mae: 0.0938
12/29 [===========>..................] - ETA: 0s - loss: 0.0058 - mae: 0.0890
13/29 [============>.................] - ETA: 0s - loss: 0.0055 - mae: 0.0860
15/29 [==============>...............] - ETA: 0s - loss: 0.0051 - mae: 0.0827
16/29 [===============>..............] - ETA: 0s - loss: 0.0050 - mae: 0.0818
18/29 [=================>............] - ETA: 0s - loss: 0.0048 - mae: 0.0794
19/29 [==================>...........] - ETA: 0s - loss: 0.0047 - mae: 0.0789
21/29 [====================>.........] - ETA: 0s - loss: 0.0045 - mae: 0.0769
22/29 [=====================>........] - ETA: 0s - loss: 0.0044 - mae: 0.0753
24/29 [=======================>......] - ETA: 0s - loss: 0.0044 - mae: 0.0744
26/29 [=========================>....] - ETA: 0s - loss: 0.0044 - mae: 0.0759
27/29 [==========================>...] - ETA: 0s - loss: 0.0043 - mae: 0.0744
29/29 [==============================] - ETA: 0s - loss: 0.0042 - mae: 0.0727
29/29 [==============================] - 2s 52ms/step - loss: 0.0042 - mae: 0.0727 - val_loss: 0.0018 - val_mae: 0.0579 - lr: 0.0030
Epoch 13/200

 1/29 [>.............................] - ETA: 1s - loss: 0.0460 - mae: 0.2945
 2/29 [=>............................] - ETA: 1s - loss: 0.0365 - mae: 0.2558
 3/29 [==>...........................] - ETA: 1s - loss: 0.0254 - mae: 0.1909
 5/29 [====>.........................] - ETA: 1s - loss: 0.0181 - mae: 0.1570
 6/29 [=====>........................] - ETA: 1s - loss: 0.0167 - mae: 0.1509
 7/29 [======>.......................] - ETA: 1s - loss: 0.0158 - mae: 0.1487
 8/29 [=======>......................] - ETA: 1s - loss: 0.0143 - mae: 0.1397
 9/29 [========>.....................] - ETA: 1s - loss: 0.0130 - mae: 0.1311
11/29 [==========>...................] - ETA: 0s - loss: 0.0122 - mae: 0.1278
13/29 [============>.................] - ETA: 0s - loss: 0.0108 - mae: 0.1179
14/29 [=============>................] - ETA: 0s - loss: 0.0102 - mae: 0.1145
16/29 [===============>..............] - ETA: 0s - loss: 0.0097 - mae: 0.1120
17/29 [================>.............] - ETA: 0s - loss: 0.0094 - mae: 0.1100
18/29 [=================>............] - ETA: 0s - loss: 0.0090 - mae: 0.1071
19/29 [==================>...........] - ETA: 0s - loss: 0.0086 - mae: 0.1035
20/29 [===================>..........] - ETA: 0s - loss: 0.0084 - mae: 0.1020
21/29 [====================>.........] - ETA: 0s - loss: 0.0081 - mae: 0.1000
23/29 [======================>.......] - ETA: 0s - loss: 0.0077 - mae: 0.0977
25/29 [========================>.....] - ETA: 0s - loss: 0.0073 - mae: 0.0944
27/29 [==========================>...] - ETA: 0s - loss: 0.0068 - mae: 0.0885
29/29 [==============================] - ETA: 0s - loss: 0.0065 - mae: 0.0857
29/29 [==============================] - 2s 53ms/step - loss: 0.0065 - mae: 0.0857 - val_loss: 6.4765e-04 - val_mae: 0.0308 - lr: 0.0030
Epoch 14/200

 1/29 [>.............................] - ETA: 1s - loss: 0.0097 - mae: 0.1153
 3/29 [==>...........................] - ETA: 1s - loss: 0.0072 - mae: 0.0991
 4/29 [===>..........................] - ETA: 1s - loss: 0.0070 - mae: 0.0995
 5/29 [====>.........................] - ETA: 1s - loss: 0.0063 - mae: 0.0935
 7/29 [======>.......................] - ETA: 1s - loss: 0.0051 - mae: 0.0825
 8/29 [=======>......................] - ETA: 1s - loss: 0.0046 - mae: 0.0766
10/29 [=========>....................] - ETA: 0s - loss: 0.0040 - mae: 0.0695
11/29 [==========>...................] - ETA: 0s - loss: 0.0038 - mae: 0.0679
12/29 [===========>..................] - ETA: 0s - loss: 0.0037 - mae: 0.0661
14/29 [=============>................] - ETA: 0s - loss: 0.0034 - mae: 0.0629
15/29 [==============>...............] - ETA: 0s - loss: 0.0033 - mae: 0.0625
17/29 [================>.............] - ETA: 0s - loss: 0.0032 - mae: 0.0612
18/29 [=================>............] - ETA: 0s - loss: 0.0032 - mae: 0.0612
20/29 [===================>..........] - ETA: 0s - loss: 0.0031 - mae: 0.0615
22/29 [=====================>........] - ETA: 0s - loss: 0.0031 - mae: 0.0621
23/29 [======================>.......] - ETA: 0s - loss: 0.0031 - mae: 0.0613
25/29 [========================>.....] - ETA: 0s - loss: 0.0029 - mae: 0.0601
26/29 [=========================>....] - ETA: 0s - loss: 0.0029 - mae: 0.0591
28/29 [===========================>..] - ETA: 0s - loss: 0.0027 - mae: 0.0560
29/29 [==============================] - 2s 54ms/step - loss: 0.0027 - mae: 0.0558 - val_loss: 0.0020 - val_mae: 0.0581 - lr: 0.0030
Epoch 15/200

 1/29 [>.............................] - ETA: 1s - loss: 0.0281 - mae: 0.2202
 3/29 [==>...........................] - ETA: 1s - loss: 0.0160 - mae: 0.1454
 4/29 [===>..........................] - ETA: 1s - loss: 0.0137 - mae: 0.1350
 6/29 [=====>........................] - ETA: 1s - loss: 0.0105 - mae: 0.1164
 8/29 [=======>......................] - ETA: 1s - loss: 0.0094 - mae: 0.1118
 9/29 [========>.....................] - ETA: 1s - loss: 0.0085 - mae: 0.1043
10/29 [=========>....................] - ETA: 0s - loss: 0.0077 - mae: 0.0971
12/29 [===========>..................] - ETA: 0s - loss: 0.0069 - mae: 0.0923
14/29 [=============>................] - ETA: 0s - loss: 0.0065 - mae: 0.0902
15/29 [==============>...............] - ETA: 0s - loss: 0.0063 - mae: 0.0882
17/29 [================>.............] - ETA: 0s - loss: 0.0059 - mae: 0.0853
18/29 [=================>............] - ETA: 0s - loss: 0.0059 - mae: 0.0854
19/29 [==================>...........] - ETA: 0s - loss: 0.0057 - mae: 0.0836
21/29 [====================>.........] - ETA: 0s - loss: 0.0053 - mae: 0.0798
23/29 [======================>.......] - ETA: 0s - loss: 0.0049 - mae: 0.0761
24/29 [=======================>......] - ETA: 0s - loss: 0.0048 - mae: 0.0749
25/29 [========================>.....] - ETA: 0s - loss: 0.0048 - mae: 0.0759
26/29 [=========================>....] - ETA: 0s - loss: 0.0047 - mae: 0.0746
28/29 [===========================>..] - ETA: 0s - loss: 0.0044 - mae: 0.0706
29/29 [==============================] - 2s 54ms/step - loss: 0.0043 - mae: 0.0704 - val_loss: 4.5228e-04 - val_mae: 0.0255 - lr: 0.0030
Epoch 16/200

 1/29 [>.............................] - ETA: 1s - loss: 0.0094 - mae: 0.0971
 3/29 [==>...........................] - ETA: 1s - loss: 0.0066 - mae: 0.0881
 4/29 [===>..........................] - ETA: 1s - loss: 0.0053 - mae: 0.0772
 5/29 [====>.........................] - ETA: 1s - loss: 0.0045 - mae: 0.0691
 6/29 [=====>........................] - ETA: 1s - loss: 0.0039 - mae: 0.0632
 7/29 [======>.......................] - ETA: 1s - loss: 0.0035 - mae: 0.0605
 9/29 [========>.....................] - ETA: 1s - loss: 0.0031 - mae: 0.0571
10/29 [=========>....................] - ETA: 0s - loss: 0.0029 - mae: 0.0548
11/29 [==========>...................] - ETA: 0s - loss: 0.0026 - mae: 0.0519
12/29 [===========>..................] - ETA: 0s - loss: 0.0025 - mae: 0.0495
13/29 [============>.................] - ETA: 0s - loss: 0.0023 - mae: 0.0480
15/29 [==============>...............] - ETA: 0s - loss: 0.0021 - mae: 0.0465
17/29 [================>.............] - ETA: 0s - loss: 0.0021 - mae: 0.0465
19/29 [==================>...........] - ETA: 0s - loss: 0.0021 - mae: 0.0472
20/29 [===================>..........] - ETA: 0s - loss: 0.0021 - mae: 0.0467
22/29 [=====================>........] - ETA: 0s - loss: 0.0020 - mae: 0.0456
23/29 [======================>.......] - ETA: 0s - loss: 0.0019 - mae: 0.0451
25/29 [========================>.....] - ETA: 0s - loss: 0.0020 - mae: 0.0465
27/29 [==========================>...] - ETA: 0s - loss: 0.0020 - mae: 0.0470
28/29 [===========================>..] - ETA: 0s - loss: 0.0019 - mae: 0.0465
29/29 [==============================] - 2s 54ms/step - loss: 0.0019 - mae: 0.0463 - val_loss: 5.0784e-04 - val_mae: 0.0272 - lr: 0.0030
Epoch 17/200

 1/29 [>.............................] - ETA: 1s - loss: 0.0102 - mae: 0.1224
 2/29 [=>............................] - ETA: 1s - loss: 0.0074 - mae: 0.1005
 4/29 [===>..........................] - ETA: 1s - loss: 0.0056 - mae: 0.0857
 5/29 [====>.........................] - ETA: 1s - loss: 0.0049 - mae: 0.0795
 7/29 [======>.......................] - ETA: 1s - loss: 0.0045 - mae: 0.0789
 8/29 [=======>......................] - ETA: 1s - loss: 0.0042 - mae: 0.0766
10/29 [=========>....................] - ETA: 0s - loss: 0.0036 - mae: 0.0684
11/29 [==========>...................] - ETA: 0s - loss: 0.0034 - mae: 0.0655
12/29 [===========>..................] - ETA: 0s - loss: 0.0032 - mae: 0.0648
14/29 [=============>................] - ETA: 0s - loss: 0.0031 - mae: 0.0636
15/29 [==============>...............] - ETA: 0s - loss: 0.0030 - mae: 0.0632
17/29 [================>.............] - ETA: 0s - loss: 0.0029 - mae: 0.0619
18/29 [=================>............] - ETA: 0s - loss: 0.0029 - mae: 0.0611
20/29 [===================>..........] - ETA: 0s - loss: 0.0028 - mae: 0.0590
22/29 [=====================>........] - ETA: 0s - loss: 0.0026 - mae: 0.0568
23/29 [======================>.......] - ETA: 0s - loss: 0.0025 - mae: 0.0561
25/29 [========================>.....] - ETA: 0s - loss: 0.0024 - mae: 0.0545
27/29 [==========================>...] - ETA: 0s - loss: 0.0023 - mae: 0.0525
29/29 [==============================] - ETA: 0s - loss: 0.0022 - mae: 0.0510
29/29 [==============================] - 2s 53ms/step - loss: 0.0022 - mae: 0.0510 - val_loss: 4.6049e-04 - val_mae: 0.0245 - lr: 0.0030
Epoch 18/200

 1/29 [>.............................] - ETA: 1s - loss: 0.0092 - mae: 0.1135
 3/29 [==>...........................] - ETA: 1s - loss: 0.0056 - mae: 0.0866
 5/29 [====>.........................] - ETA: 1s - loss: 0.0047 - mae: 0.0799
 7/29 [======>.......................] - ETA: 1s - loss: 0.0036 - mae: 0.0678
 9/29 [========>.....................] - ETA: 0s - loss: 0.0029 - mae: 0.0582
10/29 [=========>....................] - ETA: 0s - loss: 0.0028 - mae: 0.0561
12/29 [===========>..................] - ETA: 0s - loss: 0.0024 - mae: 0.0519
14/29 [=============>................] - ETA: 0s - loss: 0.0023 - mae: 0.0507
16/29 [===============>..............] - ETA: 0s - loss: 0.0023 - mae: 0.0515
18/29 [=================>............] - ETA: 0s - loss: 0.0023 - mae: 0.0518
20/29 [===================>..........] - ETA: 0s - loss: 0.0023 - mae: 0.0521
21/29 [====================>.........] - ETA: 0s - loss: 0.0023 - mae: 0.0526
22/29 [=====================>........] - ETA: 0s - loss: 0.0023 - mae: 0.0524
24/29 [=======================>......] - ETA: 0s - loss: 0.0022 - mae: 0.0511
26/29 [=========================>....] - ETA: 0s - loss: 0.0022 - mae: 0.0525
28/29 [===========================>..] - ETA: 0s - loss: 0.0022 - mae: 0.0519
29/29 [==============================] - 1s 51ms/step - loss: 0.0022 - mae: 0.0517 - val_loss: 0.0028 - val_mae: 0.0724 - lr: 0.0030
Epoch 19/200

 1/29 [>.............................] - ETA: 1s - loss: 0.0139 - mae: 0.1554
 2/29 [=>............................] - ETA: 1s - loss: 0.0099 - mae: 0.1224
 4/29 [===>..........................] - ETA: 1s - loss: 0.0062 - mae: 0.0890
 6/29 [=====>........................] - ETA: 1s - loss: 0.0046 - mae: 0.0743
 8/29 [=======>......................] - ETA: 1s - loss: 0.0043 - mae: 0.0737
10/29 [=========>....................] - ETA: 0s - loss: 0.0037 - mae: 0.0673
12/29 [===========>..................] - ETA: 0s - loss: 0.0034 - mae: 0.0641
14/29 [=============>................] - ETA: 0s - loss: 0.0032 - mae: 0.0624
15/29 [==============>...............] - ETA: 0s - loss: 0.0030 - mae: 0.0610
17/29 [================>.............] - ETA: 0s - loss: 0.0029 - mae: 0.0589
19/29 [==================>...........] - ETA: 0s - loss: 0.0029 - mae: 0.0597
21/29 [====================>.........] - ETA: 0s - loss: 0.0028 - mae: 0.0579
23/29 [======================>.......] - ETA: 0s - loss: 0.0026 - mae: 0.0556
25/29 [========================>.....] - ETA: 0s - loss: 0.0026 - mae: 0.0551
27/29 [==========================>...] - ETA: 0s - loss: 0.0024 - mae: 0.0531
29/29 [==============================] - ETA: 0s - loss: 0.0023 - mae: 0.0518
29/29 [==============================] - 1s 52ms/step - loss: 0.0023 - mae: 0.0518 - val_loss: 0.0027 - val_mae: 0.0691 - lr: 0.0030
Epoch 20/200

 1/29 [>.............................] - ETA: 1s - loss: 0.0154 - mae: 0.1521
 3/29 [==>...........................] - ETA: 1s - loss: 0.0089 - mae: 0.1110
 5/29 [====>.........................] - ETA: 1s - loss: 0.0079 - mae: 0.1067
 6/29 [=====>........................] - ETA: 1s - loss: 0.0073 - mae: 0.1038
 8/29 [=======>......................] - ETA: 0s - loss: 0.0067 - mae: 0.1014
10/29 [=========>....................] - ETA: 0s - loss: 0.0057 - mae: 0.0890
12/29 [===========>..................] - ETA: 0s - loss: 0.0049 - mae: 0.0800
14/29 [=============>................] - ETA: 0s - loss: 0.0044 - mae: 0.0751
16/29 [===============>..............] - ETA: 0s - loss: 0.0040 - mae: 0.0705
18/29 [=================>............] - ETA: 0s - loss: 0.0038 - mae: 0.0681
20/29 [===================>..........] - ETA: 0s - loss: 0.0035 - mae: 0.0655
22/29 [=====================>........] - ETA: 0s - loss: 0.0033 - mae: 0.0637
24/29 [=======================>......] - ETA: 0s - loss: 0.0032 - mae: 0.0622
26/29 [=========================>....] - ETA: 0s - loss: 0.0030 - mae: 0.0596
28/29 [===========================>..] - ETA: 0s - loss: 0.0028 - mae: 0.0563
29/29 [==============================] - 1s 51ms/step - loss: 0.0028 - mae: 0.0563 - val_loss: 4.3108e-04 - val_mae: 0.0222 - lr: 0.0030
Epoch 21/200

 1/29 [>.............................] - ETA: 1s - loss: 0.0220 - mae: 0.1976
 3/29 [==>...........................] - ETA: 1s - loss: 0.0134 - mae: 0.1335
 5/29 [====>.........................] - ETA: 1s - loss: 0.0117 - mae: 0.1299
 7/29 [======>.......................] - ETA: 1s - loss: 0.0104 - mae: 0.1241
 9/29 [========>.....................] - ETA: 0s - loss: 0.0085 - mae: 0.1079
10/29 [=========>....................] - ETA: 0s - loss: 0.0078 - mae: 0.1008
12/29 [===========>..................] - ETA: 0s - loss: 0.0067 - mae: 0.0915
14/29 [=============>................] - ETA: 0s - loss: 0.0064 - mae: 0.0912
16/29 [===============>..............] - ETA: 0s - loss: 0.0066 - mae: 0.0943
18/29 [=================>............] - ETA: 0s - loss: 0.0062 - mae: 0.0907
20/29 [===================>..........] - ETA: 0s - loss: 0.0059 - mae: 0.0882
22/29 [=====================>........] - ETA: 0s - loss: 0.0057 - mae: 0.0874
24/29 [=======================>......] - ETA: 0s - loss: 0.0053 - mae: 0.0843
26/29 [=========================>....] - ETA: 0s - loss: 0.0050 - mae: 0.0798
28/29 [===========================>..] - ETA: 0s - loss: 0.0046 - mae: 0.0752
29/29 [==============================] - 1s 51ms/step - loss: 0.0046 - mae: 0.0749 - val_loss: 0.0018 - val_mae: 0.0526 - lr: 0.0030
Epoch 22/200

 1/29 [>.............................] - ETA: 1s - loss: 0.0142 - mae: 0.1528
 3/29 [==>...........................] - ETA: 1s - loss: 0.0083 - mae: 0.1020
 4/29 [===>..........................] - ETA: 1s - loss: 0.0068 - mae: 0.0905
 6/29 [=====>........................] - ETA: 1s - loss: 0.0051 - mae: 0.0760
 8/29 [=======>......................] - ETA: 1s - loss: 0.0044 - mae: 0.0721
 9/29 [========>.....................] - ETA: 0s - loss: 0.0042 - mae: 0.0714
11/29 [==========>...................] - ETA: 0s - loss: 0.0037 - mae: 0.0651
13/29 [============>.................] - ETA: 0s - loss: 0.0032 - mae: 0.0588
15/29 [==============>...............] - ETA: 0s - loss: 0.0029 - mae: 0.0559
17/29 [================>.............] - ETA: 0s - loss: 0.0027 - mae: 0.0547
19/29 [==================>...........] - ETA: 0s - loss: 0.0027 - mae: 0.0549
20/29 [===================>..........] - ETA: 0s - loss: 0.0028 - mae: 0.0569
21/29 [====================>.........] - ETA: 0s - loss: 0.0029 - mae: 0.0579
23/29 [======================>.......] - ETA: 0s - loss: 0.0027 - mae: 0.0566
25/29 [========================>.....] - ETA: 0s - loss: 0.0026 - mae: 0.0554
27/29 [==========================>...] - ETA: 0s - loss: 0.0025 - mae: 0.0528
29/29 [==============================] - ETA: 0s - loss: 0.0024 - mae: 0.0515
29/29 [==============================] - 2s 52ms/step - loss: 0.0024 - mae: 0.0515 - val_loss: 0.0038 - val_mae: 0.0810 - lr: 0.0030
Epoch 23/200

 1/29 [>.............................] - ETA: 1s - loss: 0.0428 - mae: 0.2647
 3/29 [==>...........................] - ETA: 1s - loss: 0.0206 - mae: 0.1707
 4/29 [===>..........................] - ETA: 1s - loss: 0.0201 - mae: 0.1749
 6/29 [=====>........................] - ETA: 1s - loss: 0.0165 - mae: 0.1606
 8/29 [=======>......................] - ETA: 1s - loss: 0.0154 - mae: 0.1581
10/29 [=========>....................] - ETA: 0s - loss: 0.0134 - mae: 0.1456
11/29 [==========>...................] - ETA: 0s - loss: 0.0123 - mae: 0.1355
12/29 [===========>..................] - ETA: 0s - loss: 0.0113 - mae: 0.1276
14/29 [=============>................] - ETA: 0s - loss: 0.0099 - mae: 0.1160
16/29 [===============>..............] - ETA: 0s - loss: 0.0090 - mae: 0.1081
18/29 [=================>............] - ETA: 0s - loss: 0.0082 - mae: 0.1020
20/29 [===================>..........] - ETA: 0s - loss: 0.0080 - mae: 0.1012
22/29 [=====================>........] - ETA: 0s - loss: 0.0076 - mae: 0.0985
24/29 [=======================>......] - ETA: 0s - loss: 0.0077 - mae: 0.0978
26/29 [=========================>....] - ETA: 0s - loss: 0.0082 - mae: 0.1027
28/29 [===========================>..] - ETA: 0s - loss: 0.0077 - mae: 0.0976
29/29 [==============================] - 2s 53ms/step - loss: 0.0077 - mae: 0.0974 - val_loss: 0.0131 - val_mae: 0.1589 - lr: 0.0030
Epoch 24/200

 1/29 [>.............................] - ETA: 1s - loss: 0.1424 - mae: 0.5320
 3/29 [==>...........................] - ETA: 1s - loss: 0.0840 - mae: 0.3747
 4/29 [===>..........................] - ETA: 1s - loss: 0.0635 - mae: 0.2934
 6/29 [=====>........................] - ETA: 1s - loss: 0.0462 - mae: 0.2428
 8/29 [=======>......................] - ETA: 1s - loss: 0.0369 - mae: 0.2114
10/29 [=========>....................] - ETA: 0s - loss: 0.0303 - mae: 0.1829
12/29 [===========>..................] - ETA: 0s - loss: 0.0254 - mae: 0.1583
13/29 [============>.................] - ETA: 0s - loss: 0.0236 - mae: 0.1514
15/29 [==============>...............] - ETA: 0s - loss: 0.0209 - mae: 0.1412
17/29 [================>.............] - ETA: 0s - loss: 0.0188 - mae: 0.1314
18/29 [=================>............] - ETA: 0s - loss: 0.0180 - mae: 0.1276
20/29 [===================>..........] - ETA: 0s - loss: 0.0164 - mae: 0.1203
22/29 [=====================>........] - ETA: 0s - loss: 0.0150 - mae: 0.1125
24/29 [=======================>......] - ETA: 0s - loss: 0.0139 - mae: 0.1068
26/29 [=========================>....] - ETA: 0s - loss: 0.0130 - mae: 0.1026
28/29 [===========================>..] - ETA: 0s - loss: 0.0121 - mae: 0.0973
Epoch 24: ReduceLROnPlateau reducing learning rate to 0.001500000013038516.

29/29 [==============================] - 1s 51ms/step - loss: 0.0121 - mae: 0.0970 - val_loss: 0.0045 - val_mae: 0.0860 - lr: 0.0030
Epoch 25/200

 1/29 [>.............................] - ETA: 1s - loss: 0.0075 - mae: 0.0965
 2/29 [=>............................] - ETA: 1s - loss: 0.0084 - mae: 0.0939
 4/29 [===>..........................] - ETA: 1s - loss: 0.0065 - mae: 0.0873
 6/29 [=====>........................] - ETA: 1s - loss: 0.0048 - mae: 0.0723
 8/29 [=======>......................] - ETA: 1s - loss: 0.0038 - mae: 0.0610
10/29 [=========>....................] - ETA: 0s - loss: 0.0032 - mae: 0.0546
12/29 [===========>..................] - ETA: 0s - loss: 0.0027 - mae: 0.0498
14/29 [=============>................] - ETA: 0s - loss: 0.0025 - mae: 0.0469
16/29 [===============>..............] - ETA: 0s - loss: 0.0024 - mae: 0.0475
18/29 [=================>............] - ETA: 0s - loss: 0.0024 - mae: 0.0487
19/29 [==================>...........] - ETA: 0s - loss: 0.0023 - mae: 0.0481
21/29 [====================>.........] - ETA: 0s - loss: 0.0022 - mae: 0.0462
23/29 [======================>.......] - ETA: 0s - loss: 0.0021 - mae: 0.0447
24/29 [=======================>......] - ETA: 0s - loss: 0.0020 - mae: 0.0443
26/29 [=========================>....] - ETA: 0s - loss: 0.0020 - mae: 0.0449
28/29 [===========================>..] - ETA: 0s - loss: 0.0019 - mae: 0.0433
29/29 [==============================] - 1s 52ms/step - loss: 0.0019 - mae: 0.0433 - val_loss: 0.0042 - val_mae: 0.0842 - lr: 0.0015
Epoch 26/200

 1/29 [>.............................] - ETA: 1s - loss: 0.0053 - mae: 0.0821
 3/29 [==>...........................] - ETA: 1s - loss: 0.0040 - mae: 0.0722
 4/29 [===>..........................] - ETA: 1s - loss: 0.0036 - mae: 0.0678
 6/29 [=====>........................] - ETA: 1s - loss: 0.0026 - mae: 0.0549
 8/29 [=======>......................] - ETA: 1s - loss: 0.0022 - mae: 0.0486
10/29 [=========>....................] - ETA: 0s - loss: 0.0019 - mae: 0.0446
12/29 [===========>..................] - ETA: 0s - loss: 0.0016 - mae: 0.0410
14/29 [=============>................] - ETA: 0s - loss: 0.0015 - mae: 0.0396
16/29 [===============>..............] - ETA: 0s - loss: 0.0016 - mae: 0.0420
18/29 [=================>............] - ETA: 0s - loss: 0.0017 - mae: 0.0435
20/29 [===================>..........] - ETA: 0s - loss: 0.0018 - mae: 0.0451
22/29 [=====================>........] - ETA: 0s - loss: 0.0019 - mae: 0.0470
24/29 [=======================>......] - ETA: 0s - loss: 0.0018 - mae: 0.0460
26/29 [=========================>....] - ETA: 0s - loss: 0.0018 - mae: 0.0445
28/29 [===========================>..] - ETA: 0s - loss: 0.0017 - mae: 0.0428
29/29 [==============================] - 2s 52ms/step - loss: 0.0017 - mae: 0.0426 - val_loss: 0.0038 - val_mae: 0.0813 - lr: 0.0015
Epoch 27/200

 1/29 [>.............................] - ETA: 1s - loss: 0.0046 - mae: 0.0764
 3/29 [==>...........................] - ETA: 1s - loss: 0.0041 - mae: 0.0743
 5/29 [====>.........................] - ETA: 1s - loss: 0.0028 - mae: 0.0577
 7/29 [======>.......................] - ETA: 1s - loss: 0.0025 - mae: 0.0569
 9/29 [========>.....................] - ETA: 0s - loss: 0.0022 - mae: 0.0536
11/29 [==========>...................] - ETA: 0s - loss: 0.0019 - mae: 0.0492
12/29 [===========>..................] - ETA: 0s - loss: 0.0018 - mae: 0.0469
14/29 [=============>................] - ETA: 0s - loss: 0.0016 - mae: 0.0442
16/29 [===============>..............] - ETA: 0s - loss: 0.0017 - mae: 0.0445
18/29 [=================>............] - ETA: 0s - loss: 0.0016 - mae: 0.0441
20/29 [===================>..........] - ETA: 0s - loss: 0.0016 - mae: 0.0442
22/29 [=====================>........] - ETA: 0s - loss: 0.0016 - mae: 0.0449
24/29 [=======================>......] - ETA: 0s - loss: 0.0016 - mae: 0.0447
26/29 [=========================>....] - ETA: 0s - loss: 0.0018 - mae: 0.0482
28/29 [===========================>..] - ETA: 0s - loss: 0.0018 - mae: 0.0486
29/29 [==============================] - 2s 52ms/step - loss: 0.0018 - mae: 0.0484 - val_loss: 0.0026 - val_mae: 0.0628 - lr: 0.0015
Epoch 28/200

 1/29 [>.............................] - ETA: 1s - loss: 0.0209 - mae: 0.1897
 2/29 [=>............................] - ETA: 1s - loss: 0.0149 - mae: 0.1501
 4/29 [===>..........................] - ETA: 1s - loss: 0.0093 - mae: 0.1106
 6/29 [=====>........................] - ETA: 1s - loss: 0.0075 - mae: 0.1001
 8/29 [=======>......................] - ETA: 0s - loss: 0.0063 - mae: 0.0907
10/29 [=========>....................] - ETA: 0s - loss: 0.0054 - mae: 0.0837
12/29 [===========>..................] - ETA: 0s - loss: 0.0046 - mae: 0.0740
14/29 [=============>................] - ETA: 0s - loss: 0.0040 - mae: 0.0666
15/29 [==============>...............] - ETA: 0s - loss: 0.0038 - mae: 0.0646
17/29 [================>.............] - ETA: 0s - loss: 0.0035 - mae: 0.0614
19/29 [==================>...........] - ETA: 0s - loss: 0.0033 - mae: 0.0595
20/29 [===================>..........] - ETA: 0s - loss: 0.0032 - mae: 0.0587
22/29 [=====================>........] - ETA: 0s - loss: 0.0030 - mae: 0.0571
23/29 [======================>.......] - ETA: 0s - loss: 0.0029 - mae: 0.0558
25/29 [========================>.....] - ETA: 0s - loss: 0.0037 - mae: 0.0617
27/29 [==========================>...] - ETA: 0s - loss: 0.0040 - mae: 0.0663
29/29 [==============================] - ETA: 0s - loss: 0.0039 - mae: 0.0649
29/29 [==============================] - 1s 50ms/step - loss: 0.0039 - mae: 0.0649 - val_loss: 0.0037 - val_mae: 0.0797 - lr: 0.0015
Epoch 29/200

 1/29 [>.............................] - ETA: 1s - loss: 0.0050 - mae: 0.0756
 3/29 [==>...........................] - ETA: 1s - loss: 0.0040 - mae: 0.0694
 5/29 [====>.........................] - ETA: 1s - loss: 0.0030 - mae: 0.0582
 7/29 [======>.......................] - ETA: 0s - loss: 0.0027 - mae: 0.0557
 9/29 [========>.....................] - ETA: 0s - loss: 0.0023 - mae: 0.0506
11/29 [==========>...................] - ETA: 0s - loss: 0.0020 - mae: 0.0466
13/29 [============>.................] - ETA: 0s - loss: 0.0018 - mae: 0.0437
15/29 [==============>...............] - ETA: 0s - loss: 0.0017 - mae: 0.0426
16/29 [===============>..............] - ETA: 0s - loss: 0.0017 - mae: 0.0428
18/29 [=================>............] - ETA: 0s - loss: 0.0017 - mae: 0.0436
20/29 [===================>..........] - ETA: 0s - loss: 0.0017 - mae: 0.0434
22/29 [=====================>........] - ETA: 0s - loss: 0.0017 - mae: 0.0435
24/29 [=======================>......] - ETA: 0s - loss: 0.0017 - mae: 0.0443
26/29 [=========================>....] - ETA: 0s - loss: 0.0024 - mae: 0.0516
28/29 [===========================>..] - ETA: 0s - loss: 0.0025 - mae: 0.0543
29/29 [==============================] - 1s 48ms/step - loss: 0.0025 - mae: 0.0543 - val_loss: 0.0020 - val_mae: 0.0544 - lr: 0.0015
Epoch 30/200

 1/29 [>.............................] - ETA: 1s - loss: 0.0168 - mae: 0.1576
 3/29 [==>...........................] - ETA: 1s - loss: 0.0098 - mae: 0.1047
 5/29 [====>.........................] - ETA: 1s - loss: 0.0066 - mae: 0.0825
 7/29 [======>.......................] - ETA: 0s - loss: 0.0050 - mae: 0.0697
 9/29 [========>.....................] - ETA: 0s - loss: 0.0043 - mae: 0.0664
11/29 [==========>...................] - ETA: 0s - loss: 0.0037 - mae: 0.0611
13/29 [============>.................] - ETA: 0s - loss: 0.0032 - mae: 0.0558
15/29 [==============>...............] - ETA: 0s - loss: 0.0031 - mae: 0.0559
17/29 [================>.............] - ETA: 0s - loss: 0.0030 - mae: 0.0559
19/29 [==================>...........] - ETA: 0s - loss: 0.0029 - mae: 0.0557
21/29 [====================>.........] - ETA: 0s - loss: 0.0030 - mae: 0.0583
23/29 [======================>.......] - ETA: 0s - loss: 0.0029 - mae: 0.0583
25/29 [========================>.....] - ETA: 0s - loss: 0.0029 - mae: 0.0583
27/29 [==========================>...] - ETA: 0s - loss: 0.0028 - mae: 0.0579
29/29 [==============================] - ETA: 0s - loss: 0.0028 - mae: 0.0570
29/29 [==============================] - 1s 47ms/step - loss: 0.0028 - mae: 0.0570 - val_loss: 0.0043 - val_mae: 0.0833 - lr: 0.0015
Epoch 31/200

 1/29 [>.............................] - ETA: 1s - loss: 0.0066 - mae: 0.0894
 3/29 [==>...........................] - ETA: 1s - loss: 0.0047 - mae: 0.0776
 5/29 [====>.........................] - ETA: 1s - loss: 0.0055 - mae: 0.0816
 7/29 [======>.......................] - ETA: 1s - loss: 0.0046 - mae: 0.0750
 9/29 [========>.....................] - ETA: 0s - loss: 0.0037 - mae: 0.0653
11/29 [==========>...................] - ETA: 0s - loss: 0.0032 - mae: 0.0583
13/29 [============>.................] - ETA: 0s - loss: 0.0028 - mae: 0.0549
15/29 [==============>...............] - ETA: 0s - loss: 0.0026 - mae: 0.0529
16/29 [===============>..............] - ETA: 0s - loss: 0.0025 - mae: 0.0523
18/29 [=================>............] - ETA: 0s - loss: 0.0024 - mae: 0.0510
20/29 [===================>..........] - ETA: 0s - loss: 0.0023 - mae: 0.0503
22/29 [=====================>........] - ETA: 0s - loss: 0.0022 - mae: 0.0496
24/29 [=======================>......] - ETA: 0s - loss: 0.0021 - mae: 0.0485
26/29 [=========================>....] - ETA: 0s - loss: 0.0020 - mae: 0.0465
28/29 [===========================>..] - ETA: 0s - loss: 0.0019 - mae: 0.0444
29/29 [==============================] - 1s 50ms/step - loss: 0.0019 - mae: 0.0443 - val_loss: 0.0015 - val_mae: 0.0467 - lr: 0.0015
Epoch 32/200

 1/29 [>.............................] - ETA: 1s - loss: 0.0306 - mae: 0.2402
 3/29 [==>...........................] - ETA: 1s - loss: 0.0161 - mae: 0.1503
 5/29 [====>.........................] - ETA: 1s - loss: 0.0113 - mae: 0.1227
 7/29 [======>.......................] - ETA: 0s - loss: 0.0096 - mae: 0.1142
 9/29 [========>.....................] - ETA: 0s - loss: 0.0085 - mae: 0.1096
11/29 [==========>...................] - ETA: 0s - loss: 0.0074 - mae: 0.1006
13/29 [============>.................] - ETA: 0s - loss: 0.0063 - mae: 0.0896
15/29 [==============>...............] - ETA: 0s - loss: 0.0056 - mae: 0.0813
17/29 [================>.............] - ETA: 0s - loss: 0.0052 - mae: 0.0777
19/29 [==================>...........] - ETA: 0s - loss: 0.0048 - mae: 0.0737
21/29 [====================>.........] - ETA: 0s - loss: 0.0044 - mae: 0.0703
23/29 [======================>.......] - ETA: 0s - loss: 0.0041 - mae: 0.0673
25/29 [========================>.....] - ETA: 0s - loss: 0.0039 - mae: 0.0656
27/29 [==========================>...] - ETA: 0s - loss: 0.0037 - mae: 0.0620
29/29 [==============================] - ETA: 0s - loss: 0.0035 - mae: 0.0603
29/29 [==============================] - 1s 47ms/step - loss: 0.0035 - mae: 0.0603 - val_loss: 0.0029 - val_mae: 0.0701 - lr: 0.0015
Epoch 33/200

 1/29 [>.............................] - ETA: 1s - loss: 0.0076 - mae: 0.1014
 3/29 [==>...........................] - ETA: 1s - loss: 0.0046 - mae: 0.0772
 5/29 [====>.........................] - ETA: 1s - loss: 0.0034 - mae: 0.0627
 7/29 [======>.......................] - ETA: 1s - loss: 0.0033 - mae: 0.0654
 8/29 [=======>......................] - ETA: 0s - loss: 0.0032 - mae: 0.0650
10/29 [=========>....................] - ETA: 0s - loss: 0.0028 - mae: 0.0617
12/29 [===========>..................] - ETA: 0s - loss: 0.0026 - mae: 0.0578
14/29 [=============>................] - ETA: 0s - loss: 0.0023 - mae: 0.0531
16/29 [===============>..............] - ETA: 0s - loss: 0.0021 - mae: 0.0518
18/29 [=================>............] - ETA: 0s - loss: 0.0022 - mae: 0.0524
20/29 [===================>..........] - ETA: 0s - loss: 0.0021 - mae: 0.0511
22/29 [=====================>........] - ETA: 0s - loss: 0.0020 - mae: 0.0498
24/29 [=======================>......] - ETA: 0s - loss: 0.0019 - mae: 0.0483
26/29 [=========================>....] - ETA: 0s - loss: 0.0018 - mae: 0.0464
28/29 [===========================>..] - ETA: 0s - loss: 0.0017 - mae: 0.0444
29/29 [==============================] - 1s 50ms/step - loss: 0.0017 - mae: 0.0443 - val_loss: 0.0014 - val_mae: 0.0477 - lr: 0.0015
Epoch 34/200

 1/29 [>.............................] - ETA: 1s - loss: 0.0195 - mae: 0.1880
 3/29 [==>...........................] - ETA: 1s - loss: 0.0092 - mae: 0.1091
 5/29 [====>.........................] - ETA: 1s - loss: 0.0062 - mae: 0.0839
 7/29 [======>.......................] - ETA: 0s - loss: 0.0047 - mae: 0.0712
 9/29 [========>.....................] - ETA: 0s - loss: 0.0041 - mae: 0.0678
11/29 [==========>...................] - ETA: 0s - loss: 0.0036 - mae: 0.0625
13/29 [============>.................] - ETA: 0s - loss: 0.0031 - mae: 0.0583
15/29 [==============>...............] - ETA: 0s - loss: 0.0029 - mae: 0.0561
17/29 [================>.............] - ETA: 0s - loss: 0.0027 - mae: 0.0551
19/29 [==================>...........] - ETA: 0s - loss: 0.0026 - mae: 0.0542
21/29 [====================>.........] - ETA: 0s - loss: 0.0025 - mae: 0.0523
23/29 [======================>.......] - ETA: 0s - loss: 0.0023 - mae: 0.0507
25/29 [========================>.....] - ETA: 0s - loss: 0.0022 - mae: 0.0492
27/29 [==========================>...] - ETA: 0s - loss: 0.0021 - mae: 0.0466
29/29 [==============================] - ETA: 0s - loss: 0.0020 - mae: 0.0453
29/29 [==============================] - 1s 46ms/step - loss: 0.0020 - mae: 0.0453 - val_loss: 0.0021 - val_mae: 0.0569 - lr: 0.0015
Epoch 35/200

 1/29 [>.............................] - ETA: 1s - loss: 0.0048 - mae: 0.0787
 3/29 [==>...........................] - ETA: 1s - loss: 0.0046 - mae: 0.0752
 5/29 [====>.........................] - ETA: 1s - loss: 0.0032 - mae: 0.0595
 7/29 [======>.......................] - ETA: 0s - loss: 0.0027 - mae: 0.0565
 9/29 [========>.....................] - ETA: 0s - loss: 0.0022 - mae: 0.0500
11/29 [==========>...................] - ETA: 0s - loss: 0.0020 - mae: 0.0462
13/29 [============>.................] - ETA: 0s - loss: 0.0018 - mae: 0.0443
15/29 [==============>...............] - ETA: 0s - loss: 0.0018 - mae: 0.0454
17/29 [================>.............] - ETA: 0s - loss: 0.0019 - mae: 0.0476
19/29 [==================>...........] - ETA: 0s - loss: 0.0019 - mae: 0.0477
21/29 [====================>.........] - ETA: 0s - loss: 0.0018 - mae: 0.0462
23/29 [======================>.......] - ETA: 0s - loss: 0.0017 - mae: 0.0446
25/29 [========================>.....] - ETA: 0s - loss: 0.0017 - mae: 0.0436
27/29 [==========================>...] - ETA: 0s - loss: 0.0016 - mae: 0.0413
29/29 [==============================] - ETA: 0s - loss: 0.0015 - mae: 0.0402
29/29 [==============================] - 1s 46ms/step - loss: 0.0015 - mae: 0.0402 - val_loss: 0.0024 - val_mae: 0.0582 - lr: 0.0015
Epoch 36/200

 1/29 [>.............................] - ETA: 1s - loss: 0.0075 - mae: 0.1018
 3/29 [==>...........................] - ETA: 1s - loss: 0.0045 - mae: 0.0722
 5/29 [====>.........................] - ETA: 1s - loss: 0.0029 - mae: 0.0543
 7/29 [======>.......................] - ETA: 0s - loss: 0.0022 - mae: 0.0457
 9/29 [========>.....................] - ETA: 0s - loss: 0.0018 - mae: 0.0412
11/29 [==========>...................] - ETA: 0s - loss: 0.0016 - mae: 0.0383
13/29 [============>.................] - ETA: 0s - loss: 0.0014 - mae: 0.0362
15/29 [==============>...............] - ETA: 0s - loss: 0.0014 - mae: 0.0367
17/29 [================>.............] - ETA: 0s - loss: 0.0015 - mae: 0.0384
19/29 [==================>...........] - ETA: 0s - loss: 0.0015 - mae: 0.0395
21/29 [====================>.........] - ETA: 0s - loss: 0.0015 - mae: 0.0396
23/29 [======================>.......] - ETA: 0s - loss: 0.0014 - mae: 0.0387
25/29 [========================>.....] - ETA: 0s - loss: 0.0014 - mae: 0.0380
27/29 [==========================>...] - ETA: 0s - loss: 0.0013 - mae: 0.0362
29/29 [==============================] - ETA: 0s - loss: 0.0012 - mae: 0.0354
29/29 [==============================] - 1s 47ms/step - loss: 0.0012 - mae: 0.0354 - val_loss: 0.0059 - val_mae: 0.1049 - lr: 0.0015
Epoch 37/200

 1/29 [>.............................] - ETA: 1s - loss: 0.0039 - mae: 0.0761
 3/29 [==>...........................] - ETA: 1s - loss: 0.0037 - mae: 0.0700
 5/29 [====>.........................] - ETA: 1s - loss: 0.0029 - mae: 0.0606
 7/29 [======>.......................] - ETA: 0s - loss: 0.0025 - mae: 0.0561
 9/29 [========>.....................] - ETA: 0s - loss: 0.0021 - mae: 0.0496
11/29 [==========>...................] - ETA: 0s - loss: 0.0019 - mae: 0.0464
13/29 [============>.................] - ETA: 0s - loss: 0.0017 - mae: 0.0423
15/29 [==============>...............] - ETA: 0s - loss: 0.0015 - mae: 0.0404
17/29 [================>.............] - ETA: 0s - loss: 0.0015 - mae: 0.0406
19/29 [==================>...........] - ETA: 0s - loss: 0.0015 - mae: 0.0407
21/29 [====================>.........] - ETA: 0s - loss: 0.0015 - mae: 0.0408
23/29 [======================>.......] - ETA: 0s - loss: 0.0015 - mae: 0.0414
25/29 [========================>.....] - ETA: 0s - loss: 0.0015 - mae: 0.0417
27/29 [==========================>...] - ETA: 0s - loss: 0.0014 - mae: 0.0410
29/29 [==============================] - ETA: 0s - loss: 0.0014 - mae: 0.0401
29/29 [==============================] - 1s 47ms/step - loss: 0.0014 - mae: 0.0401 - val_loss: 0.0062 - val_mae: 0.1056 - lr: 0.0015
Epoch 38/200

 1/29 [>.............................] - ETA: 1s - loss: 0.0058 - mae: 0.0851
 3/29 [==>...........................] - ETA: 1s - loss: 0.0040 - mae: 0.0704
 5/29 [====>.........................] - ETA: 1s - loss: 0.0029 - mae: 0.0563
 6/29 [=====>........................] - ETA: 1s - loss: 0.0025 - mae: 0.0514
 8/29 [=======>......................] - ETA: 0s - loss: 0.0021 - mae: 0.0460
10/29 [=========>....................] - ETA: 0s - loss: 0.0018 - mae: 0.0424
12/29 [===========>..................] - ETA: 0s - loss: 0.0016 - mae: 0.0390
14/29 [=============>................] - ETA: 0s - loss: 0.0014 - mae: 0.0375
16/29 [===============>..............] - ETA: 0s - loss: 0.0015 - mae: 0.0384
18/29 [=================>............] - ETA: 0s - loss: 0.0015 - mae: 0.0387
20/29 [===================>..........] - ETA: 0s - loss: 0.0015 - mae: 0.0389
22/29 [=====================>........] - ETA: 0s - loss: 0.0016 - mae: 0.0414
24/29 [=======================>......] - ETA: 0s - loss: 0.0016 - mae: 0.0425
26/29 [=========================>....] - ETA: 0s - loss: 0.0016 - mae: 0.0427
28/29 [===========================>..] - ETA: 0s - loss: 0.0015 - mae: 0.0419
29/29 [==============================] - 1s 47ms/step - loss: 0.0015 - mae: 0.0419 - val_loss: 0.0083 - val_mae: 0.1225 - lr: 0.0015
Epoch 39/200

 1/29 [>.............................] - ETA: 1s - loss: 0.0045 - mae: 0.0697
 3/29 [==>...........................] - ETA: 1s - loss: 0.0042 - mae: 0.0694
 5/29 [====>.........................] - ETA: 1s - loss: 0.0030 - mae: 0.0566
 7/29 [======>.......................] - ETA: 0s - loss: 0.0022 - mae: 0.0475
 9/29 [========>.....................] - ETA: 0s - loss: 0.0018 - mae: 0.0422
11/29 [==========>...................] - ETA: 0s - loss: 0.0016 - mae: 0.0399
13/29 [============>.................] - ETA: 0s - loss: 0.0014 - mae: 0.0362
15/29 [==============>...............] - ETA: 0s - loss: 0.0016 - mae: 0.0405
17/29 [================>.............] - ETA: 0s - loss: 0.0017 - mae: 0.0429
19/29 [==================>...........] - ETA: 0s - loss: 0.0017 - mae: 0.0426
21/29 [====================>.........] - ETA: 0s - loss: 0.0018 - mae: 0.0444
23/29 [======================>.......] - ETA: 0s - loss: 0.0019 - mae: 0.0473
25/29 [========================>.....] - ETA: 0s - loss: 0.0021 - mae: 0.0494
27/29 [==========================>...] - ETA: 0s - loss: 0.0021 - mae: 0.0512
29/29 [==============================] - ETA: 0s - loss: 0.0021 - mae: 0.0518
Epoch 39: ReduceLROnPlateau reducing learning rate to 0.000750000006519258.

29/29 [==============================] - 1s 46ms/step - loss: 0.0021 - mae: 0.0518 - val_loss: 0.0014 - val_mae: 0.0466 - lr: 0.0015
Epoch 40/200

 1/29 [>.............................] - ETA: 1s - loss: 0.0065 - mae: 0.0991
 3/29 [==>...........................] - ETA: 1s - loss: 0.0045 - mae: 0.0809
 5/29 [====>.........................] - ETA: 1s - loss: 0.0034 - mae: 0.0671
 7/29 [======>.......................] - ETA: 0s - loss: 0.0026 - mae: 0.0562
 9/29 [========>.....................] - ETA: 0s - loss: 0.0023 - mae: 0.0507
11/29 [==========>...................] - ETA: 0s - loss: 0.0020 - mae: 0.0469
13/29 [============>.................] - ETA: 0s - loss: 0.0017 - mae: 0.0424
15/29 [==============>...............] - ETA: 0s - loss: 0.0021 - mae: 0.0482
17/29 [================>.............] - ETA: 0s - loss: 0.0027 - mae: 0.0562
19/29 [==================>...........] - ETA: 0s - loss: 0.0028 - mae: 0.0574
21/29 [====================>.........] - ETA: 0s - loss: 0.0027 - mae: 0.0565
23/29 [======================>.......] - ETA: 0s - loss: 0.0025 - mae: 0.0543
25/29 [========================>.....] - ETA: 0s - loss: 0.0024 - mae: 0.0532
27/29 [==========================>...] - ETA: 0s - loss: 0.0023 - mae: 0.0518
29/29 [==============================] - ETA: 0s - loss: 0.0022 - mae: 0.0508
29/29 [==============================] - 1s 46ms/step - loss: 0.0022 - mae: 0.0508 - val_loss: 0.0015 - val_mae: 0.0513 - lr: 7.5000e-04
Epoch 41/200

 1/29 [>.............................] - ETA: 1s - loss: 0.0070 - mae: 0.0987
 3/29 [==>...........................] - ETA: 1s - loss: 0.0073 - mae: 0.1024
 5/29 [====>.........................] - ETA: 1s - loss: 0.0055 - mae: 0.0884
 7/29 [======>.......................] - ETA: 0s - loss: 0.0042 - mae: 0.0725
 9/29 [========>.....................] - ETA: 0s - loss: 0.0033 - mae: 0.0622
11/29 [==========>...................] - ETA: 0s - loss: 0.0028 - mae: 0.0557
13/29 [============>.................] - ETA: 0s - loss: 0.0025 - mae: 0.0507
15/29 [==============>...............] - ETA: 0s - loss: 0.0027 - mae: 0.0545
17/29 [================>.............] - ETA: 0s - loss: 0.0033 - mae: 0.0620
19/29 [==================>...........] - ETA: 0s - loss: 0.0034 - mae: 0.0636
21/29 [====================>.........] - ETA: 0s - loss: 0.0033 - mae: 0.0628
23/29 [======================>.......] - ETA: 0s - loss: 0.0030 - mae: 0.0592
25/29 [========================>.....] - ETA: 0s - loss: 0.0028 - mae: 0.0568
27/29 [==========================>...] - ETA: 0s - loss: 0.0026 - mae: 0.0539
29/29 [==============================] - ETA: 0s - loss: 0.0026 - mae: 0.0524
29/29 [==============================] - 1s 46ms/step - loss: 0.0026 - mae: 0.0524 - val_loss: 0.0025 - val_mae: 0.0625 - lr: 7.5000e-04
Epoch 42/200

 1/29 [>.............................] - ETA: 1s - loss: 0.0063 - mae: 0.0833
 2/29 [=>............................] - ETA: 1s - loss: 0.0047 - mae: 0.0761
 4/29 [===>..........................] - ETA: 1s - loss: 0.0036 - mae: 0.0679
 6/29 [=====>........................] - ETA: 1s - loss: 0.0039 - mae: 0.0740
 8/29 [=======>......................] - ETA: 0s - loss: 0.0035 - mae: 0.0709
10/29 [=========>....................] - ETA: 0s - loss: 0.0033 - mae: 0.0693
12/29 [===========>..................] - ETA: 0s - loss: 0.0030 - mae: 0.0670
14/29 [=============>................] - ETA: 0s - loss: 0.0028 - mae: 0.0634
16/29 [===============>..............] - ETA: 0s - loss: 0.0026 - mae: 0.0604
18/29 [=================>............] - ETA: 0s - loss: 0.0026 - mae: 0.0601
20/29 [===================>..........] - ETA: 0s - loss: 0.0024 - mae: 0.0575
22/29 [=====================>........] - ETA: 0s - loss: 0.0023 - mae: 0.0550
24/29 [=======================>......] - ETA: 0s - loss: 0.0021 - mae: 0.0525
26/29 [=========================>....] - ETA: 0s - loss: 0.0020 - mae: 0.0511
28/29 [===========================>..] - ETA: 0s - loss: 0.0019 - mae: 0.0491
29/29 [==============================] - 1s 48ms/step - loss: 0.0019 - mae: 0.0491 - val_loss: 0.0027 - val_mae: 0.0692 - lr: 7.5000e-04
Epoch 43/200

 1/29 [>.............................] - ETA: 1s - loss: 0.0102 - mae: 0.1227
 3/29 [==>...........................] - ETA: 1s - loss: 0.0055 - mae: 0.0824
 5/29 [====>.........................] - ETA: 1s - loss: 0.0041 - mae: 0.0697
 7/29 [======>.......................] - ETA: 0s - loss: 0.0031 - mae: 0.0588
 9/29 [========>.....................] - ETA: 0s - loss: 0.0027 - mae: 0.0548
11/29 [==========>...................] - ETA: 0s - loss: 0.0023 - mae: 0.0509
13/29 [============>.................] - ETA: 0s - loss: 0.0022 - mae: 0.0494
15/29 [==============>...............] - ETA: 0s - loss: 0.0020 - mae: 0.0475
17/29 [================>.............] - ETA: 0s - loss: 0.0019 - mae: 0.0466
19/29 [==================>...........] - ETA: 0s - loss: 0.0018 - mae: 0.0460
21/29 [====================>.........] - ETA: 0s - loss: 0.0017 - mae: 0.0442
23/29 [======================>.......] - ETA: 0s - loss: 0.0016 - mae: 0.0425
25/29 [========================>.....] - ETA: 0s - loss: 0.0015 - mae: 0.0418
27/29 [==========================>...] - ETA: 0s - loss: 0.0014 - mae: 0.0397
29/29 [==============================] - ETA: 0s - loss: 0.0014 - mae: 0.0388
29/29 [==============================] - 1s 46ms/step - loss: 0.0014 - mae: 0.0388 - val_loss: 0.0024 - val_mae: 0.0624 - lr: 7.5000e-04
Epoch 44/200

 1/29 [>.............................] - ETA: 1s - loss: 0.0053 - mae: 0.0813
 3/29 [==>...........................] - ETA: 1s - loss: 0.0045 - mae: 0.0723
 5/29 [====>.........................] - ETA: 1s - loss: 0.0031 - mae: 0.0570
 7/29 [======>.......................] - ETA: 0s - loss: 0.0024 - mae: 0.0497
 9/29 [========>.....................] - ETA: 0s - loss: 0.0020 - mae: 0.0449
11/29 [==========>...................] - ETA: 0s - loss: 0.0018 - mae: 0.0406
13/29 [============>.................] - ETA: 0s - loss: 0.0016 - mae: 0.0382
15/29 [==============>...............] - ETA: 0s - loss: 0.0015 - mae: 0.0378
17/29 [================>.............] - ETA: 0s - loss: 0.0015 - mae: 0.0391
19/29 [==================>...........] - ETA: 0s - loss: 0.0016 - mae: 0.0408
21/29 [====================>.........] - ETA: 0s - loss: 0.0015 - mae: 0.0398
23/29 [======================>.......] - ETA: 0s - loss: 0.0014 - mae: 0.0388
25/29 [========================>.....] - ETA: 0s - loss: 0.0014 - mae: 0.0383
27/29 [==========================>...] - ETA: 0s - loss: 0.0013 - mae: 0.0365
29/29 [==============================] - ETA: 0s - loss: 0.0013 - mae: 0.0358
29/29 [==============================] - 1s 46ms/step - loss: 0.0013 - mae: 0.0358 - val_loss: 0.0026 - val_mae: 0.0633 - lr: 7.5000e-04
Epoch 45/200

 1/29 [>.............................] - ETA: 1s - loss: 0.0043 - mae: 0.0685
 3/29 [==>...........................] - ETA: 1s - loss: 0.0040 - mae: 0.0684
 5/29 [====>.........................] - ETA: 1s - loss: 0.0028 - mae: 0.0558
 7/29 [======>.......................] - ETA: 0s - loss: 0.0023 - mae: 0.0499
 9/29 [========>.....................] - ETA: 0s - loss: 0.0019 - mae: 0.0442
11/29 [==========>...................] - ETA: 0s - loss: 0.0017 - mae: 0.0416
13/29 [============>.................] - ETA: 0s - loss: 0.0015 - mae: 0.0384
15/29 [==============>...............] - ETA: 0s - loss: 0.0013 - mae: 0.0368
17/29 [================>.............] - ETA: 0s - loss: 0.0013 - mae: 0.0368
19/29 [==================>...........] - ETA: 0s - loss: 0.0013 - mae: 0.0371
21/29 [====================>.........] - ETA: 0s - loss: 0.0013 - mae: 0.0368
23/29 [======================>.......] - ETA: 0s - loss: 0.0012 - mae: 0.0369
25/29 [========================>.....] - ETA: 0s - loss: 0.0012 - mae: 0.0368
27/29 [==========================>...] - ETA: 0s - loss: 0.0011 - mae: 0.0353
29/29 [==============================] - ETA: 0s - loss: 0.0011 - mae: 0.0348
29/29 [==============================] - 1s 46ms/step - loss: 0.0011 - mae: 0.0348 - val_loss: 0.0023 - val_mae: 0.0582 - lr: 7.5000e-04
Epoch 46/200

 1/29 [>.............................] - ETA: 1s - loss: 0.0052 - mae: 0.0802
 3/29 [==>...........................] - ETA: 1s - loss: 0.0041 - mae: 0.0728
 5/29 [====>.........................] - ETA: 1s - loss: 0.0028 - mae: 0.0554
 7/29 [======>.......................] - ETA: 0s - loss: 0.0024 - mae: 0.0525
 9/29 [========>.....................] - ETA: 0s - loss: 0.0021 - mae: 0.0479
11/29 [==========>...................] - ETA: 0s - loss: 0.0019 - mae: 0.0460
13/29 [============>.................] - ETA: 0s - loss: 0.0017 - mae: 0.0430
15/29 [==============>...............] - ETA: 0s - loss: 0.0017 - mae: 0.0454
17/29 [================>.............] - ETA: 0s - loss: 0.0019 - mae: 0.0478
19/29 [==================>...........] - ETA: 0s - loss: 0.0019 - mae: 0.0472
20/29 [===================>..........] - ETA: 0s - loss: 0.0018 - mae: 0.0468
22/29 [=====================>........] - ETA: 0s - loss: 0.0018 - mae: 0.0459
24/29 [=======================>......] - ETA: 0s - loss: 0.0017 - mae: 0.0450
26/29 [=========================>....] - ETA: 0s - loss: 0.0016 - mae: 0.0437
28/29 [===========================>..] - ETA: 0s - loss: 0.0015 - mae: 0.0417
29/29 [==============================] - 1s 47ms/step - loss: 0.0015 - mae: 0.0416 - val_loss: 0.0023 - val_mae: 0.0630 - lr: 7.5000e-04
Epoch 47/200

 1/29 [>.............................] - ETA: 1s - loss: 0.0076 - mae: 0.1036
 3/29 [==>...........................] - ETA: 1s - loss: 0.0059 - mae: 0.0900
 5/29 [====>.........................] - ETA: 1s - loss: 0.0042 - mae: 0.0729
 7/29 [======>.......................] - ETA: 0s - loss: 0.0032 - mae: 0.0594
 9/29 [========>.....................] - ETA: 0s - loss: 0.0026 - mae: 0.0511
11/29 [==========>...................] - ETA: 0s - loss: 0.0022 - mae: 0.0462
13/29 [============>.................] - ETA: 0s - loss: 0.0019 - mae: 0.0417
15/29 [==============>...............] - ETA: 0s - loss: 0.0020 - mae: 0.0447
17/29 [================>.............] - ETA: 0s - loss: 0.0024 - mae: 0.0508
19/29 [==================>...........] - ETA: 0s - loss: 0.0024 - mae: 0.0519
21/29 [====================>.........] - ETA: 0s - loss: 0.0023 - mae: 0.0508
23/29 [======================>.......] - ETA: 0s - loss: 0.0022 - mae: 0.0487
25/29 [========================>.....] - ETA: 0s - loss: 0.0021 - mae: 0.0475
27/29 [==========================>...] - ETA: 0s - loss: 0.0019 - mae: 0.0449
29/29 [==============================] - ETA: 0s - loss: 0.0019 - mae: 0.0437
29/29 [==============================] - 1s 46ms/step - loss: 0.0019 - mae: 0.0437 - val_loss: 0.0026 - val_mae: 0.0657 - lr: 7.5000e-04
Epoch 48/200

 1/29 [>.............................] - ETA: 1s - loss: 0.0044 - mae: 0.0706
 3/29 [==>...........................] - ETA: 1s - loss: 0.0034 - mae: 0.0641
 5/29 [====>.........................] - ETA: 1s - loss: 0.0033 - mae: 0.0672
 7/29 [======>.......................] - ETA: 0s - loss: 0.0027 - mae: 0.0605
 9/29 [========>.....................] - ETA: 0s - loss: 0.0023 - mae: 0.0546
11/29 [==========>...................] - ETA: 0s - loss: 0.0021 - mae: 0.0515
13/29 [============>.................] - ETA: 0s - loss: 0.0019 - mae: 0.0493
15/29 [==============>...............] - ETA: 0s - loss: 0.0017 - mae: 0.0466
17/29 [================>.............] - ETA: 0s - loss: 0.0017 - mae: 0.0460
19/29 [==================>...........] - ETA: 0s - loss: 0.0017 - mae: 0.0449
21/29 [====================>.........] - ETA: 0s - loss: 0.0016 - mae: 0.0439
23/29 [======================>.......] - ETA: 0s - loss: 0.0015 - mae: 0.0425
25/29 [========================>.....] - ETA: 0s - loss: 0.0015 - mae: 0.0414
27/29 [==========================>...] - ETA: 0s - loss: 0.0014 - mae: 0.0396
29/29 [==============================] - ETA: 0s - loss: 0.0013 - mae: 0.0387
29/29 [==============================] - 1s 46ms/step - loss: 0.0013 - mae: 0.0387 - val_loss: 0.0027 - val_mae: 0.0689 - lr: 7.5000e-04
Epoch 49/200

 1/29 [>.............................] - ETA: 1s - loss: 0.0043 - mae: 0.0787
 3/29 [==>...........................] - ETA: 1s - loss: 0.0035 - mae: 0.0691
 5/29 [====>.........................] - ETA: 1s - loss: 0.0026 - mae: 0.0588
 7/29 [======>.......................] - ETA: 0s - loss: 0.0020 - mae: 0.0497
 9/29 [========>.....................] - ETA: 0s - loss: 0.0017 - mae: 0.0457
11/29 [==========>...................] - ETA: 0s - loss: 0.0015 - mae: 0.0424
13/29 [============>.................] - ETA: 0s - loss: 0.0014 - mae: 0.0412
15/29 [==============>...............] - ETA: 0s - loss: 0.0013 - mae: 0.0404
17/29 [================>.............] - ETA: 0s - loss: 0.0014 - mae: 0.0420
19/29 [==================>...........] - ETA: 0s - loss: 0.0014 - mae: 0.0421
21/29 [====================>.........] - ETA: 0s - loss: 0.0013 - mae: 0.0409
23/29 [======================>.......] - ETA: 0s - loss: 0.0013 - mae: 0.0396
25/29 [========================>.....] - ETA: 0s - loss: 0.0012 - mae: 0.0389
27/29 [==========================>...] - ETA: 0s - loss: 0.0012 - mae: 0.0375
29/29 [==============================] - ETA: 0s - loss: 0.0011 - mae: 0.0367
29/29 [==============================] - 1s 47ms/step - loss: 0.0011 - mae: 0.0367 - val_loss: 0.0025 - val_mae: 0.0639 - lr: 7.5000e-04
Epoch 50/200

 1/29 [>.............................] - ETA: 1s - loss: 0.0053 - mae: 0.0869
 3/29 [==>...........................] - ETA: 1s - loss: 0.0044 - mae: 0.0721
 5/29 [====>.........................] - ETA: 1s - loss: 0.0031 - mae: 0.0575
 7/29 [======>.......................] - ETA: 0s - loss: 0.0025 - mae: 0.0496
 9/29 [========>.....................] - ETA: 0s - loss: 0.0020 - mae: 0.0437
11/29 [==========>...................] - ETA: 0s - loss: 0.0017 - mae: 0.0394
13/29 [============>.................] - ETA: 0s - loss: 0.0015 - mae: 0.0375
15/29 [==============>...............] - ETA: 0s - loss: 0.0014 - mae: 0.0370
16/29 [===============>..............] - ETA: 0s - loss: 0.0014 - mae: 0.0379
17/29 [================>.............] - ETA: 0s - loss: 0.0015 - mae: 0.0384
19/29 [==================>...........] - ETA: 0s - loss: 0.0015 - mae: 0.0399
21/29 [====================>.........] - ETA: 0s - loss: 0.0014 - mae: 0.0388
23/29 [======================>.......] - ETA: 0s - loss: 0.0014 - mae: 0.0382
25/29 [========================>.....] - ETA: 0s - loss: 0.0013 - mae: 0.0377
27/29 [==========================>...] - ETA: 0s - loss: 0.0012 - mae: 0.0360
29/29 [==============================] - ETA: 0s - loss: 0.0012 - mae: 0.0355
29/29 [==============================] - 1s 50ms/step - loss: 0.0012 - mae: 0.0355 - val_loss: 0.0025 - val_mae: 0.0629 - lr: 7.5000e-04
Epoch 51/200

 1/29 [>.............................] - ETA: 1s - loss: 0.0039 - mae: 0.0644
 3/29 [==>...........................] - ETA: 1s - loss: 0.0035 - mae: 0.0632
 5/29 [====>.........................] - ETA: 1s - loss: 0.0025 - mae: 0.0529
 7/29 [======>.......................] - ETA: 1s - loss: 0.0021 - mae: 0.0492
 9/29 [========>.....................] - ETA: 0s - loss: 0.0018 - mae: 0.0444
11/29 [==========>...................] - ETA: 0s - loss: 0.0016 - mae: 0.0407
13/29 [============>.................] - ETA: 0s - loss: 0.0013 - mae: 0.0369
15/29 [==============>...............] - ETA: 0s - loss: 0.0012 - mae: 0.0352
17/29 [================>.............] - ETA: 0s - loss: 0.0012 - mae: 0.0352
19/29 [==================>...........] - ETA: 0s - loss: 0.0013 - mae: 0.0365
21/29 [====================>.........] - ETA: 0s - loss: 0.0013 - mae: 0.0366
23/29 [======================>.......] - ETA: 0s - loss: 0.0012 - mae: 0.0364
25/29 [========================>.....] - ETA: 0s - loss: 0.0012 - mae: 0.0362
27/29 [==========================>...] - ETA: 0s - loss: 0.0011 - mae: 0.0349
29/29 [==============================] - ETA: 0s - loss: 0.0011 - mae: 0.0341
29/29 [==============================] - 1s 49ms/step - loss: 0.0011 - mae: 0.0341 - val_loss: 0.0022 - val_mae: 0.0566 - lr: 7.5000e-04
Epoch 52/200

 1/29 [>.............................] - ETA: 1s - loss: 0.0033 - mae: 0.0589
 3/29 [==>...........................] - ETA: 1s - loss: 0.0027 - mae: 0.0573
 5/29 [====>.........................] - ETA: 1s - loss: 0.0019 - mae: 0.0463
 7/29 [======>.......................] - ETA: 1s - loss: 0.0016 - mae: 0.0423
 9/29 [========>.....................] - ETA: 0s - loss: 0.0015 - mae: 0.0402
11/29 [==========>...................] - ETA: 0s - loss: 0.0013 - mae: 0.0390
13/29 [============>.................] - ETA: 0s - loss: 0.0012 - mae: 0.0356
15/29 [==============>...............] - ETA: 0s - loss: 0.0013 - mae: 0.0388
17/29 [================>.............] - ETA: 0s - loss: 0.0016 - mae: 0.0429
19/29 [==================>...........] - ETA: 0s - loss: 0.0016 - mae: 0.0427
21/29 [====================>.........] - ETA: 0s - loss: 0.0015 - mae: 0.0424
23/29 [======================>.......] - ETA: 0s - loss: 0.0015 - mae: 0.0423
25/29 [========================>.....] - ETA: 0s - loss: 0.0015 - mae: 0.0415
27/29 [==========================>...] - ETA: 0s - loss: 0.0014 - mae: 0.0396
29/29 [==============================] - ETA: 0s - loss: 0.0013 - mae: 0.0386
29/29 [==============================] - 1s 48ms/step - loss: 0.0013 - mae: 0.0386 - val_loss: 0.0023 - val_mae: 0.0630 - lr: 7.5000e-04
Epoch 53/200

 1/29 [>.............................] - ETA: 1s - loss: 0.0054 - mae: 0.0854
 3/29 [==>...........................] - ETA: 1s - loss: 0.0055 - mae: 0.0891
 5/29 [====>.........................] - ETA: 1s - loss: 0.0040 - mae: 0.0736
 7/29 [======>.......................] - ETA: 0s - loss: 0.0030 - mae: 0.0602
 9/29 [========>.....................] - ETA: 0s - loss: 0.0025 - mae: 0.0529
11/29 [==========>...................] - ETA: 0s - loss: 0.0022 - mae: 0.0486
13/29 [============>.................] - ETA: 0s - loss: 0.0019 - mae: 0.0442
15/29 [==============>...............] - ETA: 0s - loss: 0.0021 - mae: 0.0483
17/29 [================>.............] - ETA: 0s - loss: 0.0026 - mae: 0.0555
19/29 [==================>...........] - ETA: 0s - loss: 0.0027 - mae: 0.0569
21/29 [====================>.........] - ETA: 0s - loss: 0.0026 - mae: 0.0562
23/29 [======================>.......] - ETA: 0s - loss: 0.0025 - mae: 0.0536
24/29 [=======================>......] - ETA: 0s - loss: 0.0024 - mae: 0.0524
26/29 [=========================>....] - ETA: 0s - loss: 0.0023 - mae: 0.0510
28/29 [===========================>..] - ETA: 0s - loss: 0.0021 - mae: 0.0488
29/29 [==============================] - 1s 48ms/step - loss: 0.0021 - mae: 0.0487 - val_loss: 0.0030 - val_mae: 0.0664 - lr: 7.5000e-04
Epoch 54/200

 1/29 [>.............................] - ETA: 1s - loss: 0.0044 - mae: 0.0691
 3/29 [==>...........................] - ETA: 1s - loss: 0.0030 - mae: 0.0621
 5/29 [====>.........................] - ETA: 1s - loss: 0.0033 - mae: 0.0684
 7/29 [======>.......................] - ETA: 0s - loss: 0.0029 - mae: 0.0637
 9/29 [========>.....................] - ETA: 0s - loss: 0.0025 - mae: 0.0598
11/29 [==========>...................] - ETA: 0s - loss: 0.0022 - mae: 0.0560
13/29 [============>.................] - ETA: 0s - loss: 0.0021 - mae: 0.0537
15/29 [==============>...............] - ETA: 0s - loss: 0.0019 - mae: 0.0507
16/29 [===============>..............] - ETA: 0s - loss: 0.0018 - mae: 0.0495
18/29 [=================>............] - ETA: 0s - loss: 0.0019 - mae: 0.0498
20/29 [===================>..........] - ETA: 0s - loss: 0.0018 - mae: 0.0480
22/29 [=====================>........] - ETA: 0s - loss: 0.0017 - mae: 0.0467
24/29 [=======================>......] - ETA: 0s - loss: 0.0016 - mae: 0.0453
26/29 [=========================>....] - ETA: 0s - loss: 0.0016 - mae: 0.0449
28/29 [===========================>..] - ETA: 0s - loss: 0.0015 - mae: 0.0439
Epoch 54: ReduceLROnPlateau reducing learning rate to 0.000375000003259629.

29/29 [==============================] - 1s 49ms/step - loss: 0.0015 - mae: 0.0438 - val_loss: 0.0031 - val_mae: 0.0733 - lr: 7.5000e-04
Epoch 55/200

 1/29 [>.............................] - ETA: 1s - loss: 0.0091 - mae: 0.1077
 3/29 [==>...........................] - ETA: 1s - loss: 0.0056 - mae: 0.0782
 5/29 [====>.........................] - ETA: 1s - loss: 0.0038 - mae: 0.0638
 7/29 [======>.......................] - ETA: 1s - loss: 0.0029 - mae: 0.0522
 9/29 [========>.....................] - ETA: 0s - loss: 0.0024 - mae: 0.0475
11/29 [==========>...................] - ETA: 0s - loss: 0.0021 - mae: 0.0440
13/29 [============>.................] - ETA: 0s - loss: 0.0019 - mae: 0.0431
15/29 [==============>...............] - ETA: 0s - loss: 0.0017 - mae: 0.0415
17/29 [================>.............] - ETA: 0s - loss: 0.0016 - mae: 0.0413
19/29 [==================>...........] - ETA: 0s - loss: 0.0016 - mae: 0.0419
21/29 [====================>.........] - ETA: 0s - loss: 0.0015 - mae: 0.0406
23/29 [======================>.......] - ETA: 0s - loss: 0.0015 - mae: 0.0400
25/29 [========================>.....] - ETA: 0s - loss: 0.0014 - mae: 0.0396
27/29 [==========================>...] - ETA: 0s - loss: 0.0014 - mae: 0.0381
29/29 [==============================] - ETA: 0s - loss: 0.0013 - mae: 0.0375
29/29 [==============================] - 1s 50ms/step - loss: 0.0013 - mae: 0.0375 - val_loss: 0.0028 - val_mae: 0.0688 - lr: 3.7500e-04
Epoch 56/200

 1/29 [>.............................] - ETA: 1s - loss: 0.0060 - mae: 0.0859
 3/29 [==>...........................] - ETA: 1s - loss: 0.0035 - mae: 0.0655
 5/29 [====>.........................] - ETA: 1s - loss: 0.0025 - mae: 0.0528
 7/29 [======>.......................] - ETA: 1s - loss: 0.0020 - mae: 0.0468
 9/29 [========>.....................] - ETA: 0s - loss: 0.0017 - mae: 0.0424
11/29 [==========>...................] - ETA: 0s - loss: 0.0015 - mae: 0.0384
13/29 [============>.................] - ETA: 0s - loss: 0.0013 - mae: 0.0361
15/29 [==============>...............] - ETA: 0s - loss: 0.0012 - mae: 0.0347
17/29 [================>.............] - ETA: 0s - loss: 0.0012 - mae: 0.0349
19/29 [==================>...........] - ETA: 0s - loss: 0.0011 - mae: 0.0350
21/29 [====================>.........] - ETA: 0s - loss: 0.0011 - mae: 0.0345
22/29 [=====================>........] - ETA: 0s - loss: 0.0011 - mae: 0.0345
24/29 [=======================>......] - ETA: 0s - loss: 0.0011 - mae: 0.0338
25/29 [========================>.....] - ETA: 0s - loss: 0.0011 - mae: 0.0341
27/29 [==========================>...] - ETA: 0s - loss: 0.0010 - mae: 0.0329
28/29 [===========================>..] - ETA: 0s - loss: 9.8686e-04 - mae: 0.0324
29/29 [==============================] - 1s 51ms/step - loss: 9.8333e-04 - mae: 0.0323 - val_loss: 0.0029 - val_mae: 0.0706 - lr: 3.7500e-04
Epoch 57/200

 1/29 [>.............................] - ETA: 1s - loss: 0.0037 - mae: 0.0674
 3/29 [==>...........................] - ETA: 1s - loss: 0.0029 - mae: 0.0592
 5/29 [====>.........................] - ETA: 1s - loss: 0.0021 - mae: 0.0475
 7/29 [======>.......................] - ETA: 1s - loss: 0.0016 - mae: 0.0415
 8/29 [=======>......................] - ETA: 1s - loss: 0.0015 - mae: 0.0390
10/29 [=========>....................] - ETA: 0s - loss: 0.0013 - mae: 0.0362
12/29 [===========>..................] - ETA: 0s - loss: 0.0011 - mae: 0.0335
14/29 [=============>................] - ETA: 0s - loss: 0.0010 - mae: 0.0320
16/29 [===============>..............] - ETA: 0s - loss: 0.0010 - mae: 0.0325
18/29 [=================>............] - ETA: 0s - loss: 0.0010 - mae: 0.0332
20/29 [===================>..........] - ETA: 0s - loss: 0.0010 - mae: 0.0331
22/29 [=====================>........] - ETA: 0s - loss: 9.7909e-04 - mae: 0.0329
24/29 [=======================>......] - ETA: 0s - loss: 9.5233e-04 - mae: 0.0326
26/29 [=========================>....] - ETA: 0s - loss: 9.2475e-04 - mae: 0.0319
28/29 [===========================>..] - ETA: 0s - loss: 8.7797e-04 - mae: 0.0309
29/29 [==============================] - 1s 49ms/step - loss: 8.7481e-04 - mae: 0.0308 - val_loss: 0.0029 - val_mae: 0.0707 - lr: 3.7500e-04
Epoch 58/200

 1/29 [>.............................] - ETA: 1s - loss: 0.0028 - mae: 0.0594
 3/29 [==>...........................] - ETA: 1s - loss: 0.0029 - mae: 0.0616
 5/29 [====>.........................] - ETA: 1s - loss: 0.0020 - mae: 0.0483
 7/29 [======>.......................] - ETA: 1s - loss: 0.0016 - mae: 0.0430
 9/29 [========>.....................] - ETA: 0s - loss: 0.0014 - mae: 0.0398
11/29 [==========>...................] - ETA: 0s - loss: 0.0013 - mae: 0.0367
13/29 [============>.................] - ETA: 0s - loss: 0.0011 - mae: 0.0342
15/29 [==============>...............] - ETA: 0s - loss: 0.0011 - mae: 0.0336
17/29 [================>.............] - ETA: 0s - loss: 0.0011 - mae: 0.0343
19/29 [==================>...........] - ETA: 0s - loss: 0.0012 - mae: 0.0347
21/29 [====================>.........] - ETA: 0s - loss: 0.0011 - mae: 0.0340
23/29 [======================>.......] - ETA: 0s - loss: 0.0011 - mae: 0.0337
25/29 [========================>.....] - ETA: 0s - loss: 0.0010 - mae: 0.0333
27/29 [==========================>...] - ETA: 0s - loss: 9.7937e-04 - mae: 0.0321
29/29 [==============================] - ETA: 0s - loss: 9.5031e-04 - mae: 0.0314
29/29 [==============================] - 1s 48ms/step - loss: 9.5031e-04 - mae: 0.0314 - val_loss: 0.0028 - val_mae: 0.0698 - lr: 3.7500e-04
Epoch 59/200

 1/29 [>.............................] - ETA: 1s - loss: 0.0036 - mae: 0.0690
 3/29 [==>...........................] - ETA: 1s - loss: 0.0028 - mae: 0.0605
 5/29 [====>.........................] - ETA: 1s - loss: 0.0021 - mae: 0.0515
 7/29 [======>.......................] - ETA: 0s - loss: 0.0016 - mae: 0.0433
 9/29 [========>.....................] - ETA: 0s - loss: 0.0014 - mae: 0.0389
11/29 [==========>...................] - ETA: 0s - loss: 0.0012 - mae: 0.0355
13/29 [============>.................] - ETA: 0s - loss: 0.0011 - mae: 0.0333
15/29 [==============>...............] - ETA: 0s - loss: 9.8733e-04 - mae: 0.0321
17/29 [================>.............] - ETA: 0s - loss: 0.0010 - mae: 0.0329    
19/29 [==================>...........] - ETA: 0s - loss: 0.0010 - mae: 0.0331
21/29 [====================>.........] - ETA: 0s - loss: 9.6589e-04 - mae: 0.0326
23/29 [======================>.......] - ETA: 0s - loss: 9.4562e-04 - mae: 0.0326
25/29 [========================>.....] - ETA: 0s - loss: 9.3638e-04 - mae: 0.0326
27/29 [==========================>...] - ETA: 0s - loss: 8.9012e-04 - mae: 0.0313
29/29 [==============================] - ETA: 0s - loss: 8.7143e-04 - mae: 0.0309
29/29 [==============================] - 1s 49ms/step - loss: 8.7143e-04 - mae: 0.0309 - val_loss: 0.0028 - val_mae: 0.0701 - lr: 3.7500e-04
Epoch 60/200

 1/29 [>.............................] - ETA: 1s - loss: 0.0039 - mae: 0.0683
 2/29 [=>............................] - ETA: 1s - loss: 0.0034 - mae: 0.0659
 4/29 [===>..........................] - ETA: 1s - loss: 0.0025 - mae: 0.0551
 6/29 [=====>........................] - ETA: 1s - loss: 0.0019 - mae: 0.0458
 8/29 [=======>......................] - ETA: 1s - loss: 0.0016 - mae: 0.0412
10/29 [=========>....................] - ETA: 0s - loss: 0.0014 - mae: 0.0382
12/29 [===========>..................] - ETA: 0s - loss: 0.0012 - mae: 0.0356
14/29 [=============>................] - ETA: 0s - loss: 0.0011 - mae: 0.0337
16/29 [===============>..............] - ETA: 0s - loss: 0.0010 - mae: 0.0330
17/29 [================>.............] - ETA: 0s - loss: 0.0011 - mae: 0.0335
19/29 [==================>...........] - ETA: 0s - loss: 0.0011 - mae: 0.0347
21/29 [====================>.........] - ETA: 0s - loss: 0.0011 - mae: 0.0345
23/29 [======================>.......] - ETA: 0s - loss: 0.0010 - mae: 0.0338
25/29 [========================>.....] - ETA: 0s - loss: 0.0010 - mae: 0.0334
27/29 [==========================>...] - ETA: 0s - loss: 9.5464e-04 - mae: 0.0324
29/29 [==============================] - ETA: 0s - loss: 9.3108e-04 - mae: 0.0319
29/29 [==============================] - 1s 49ms/step - loss: 9.3108e-04 - mae: 0.0319 - val_loss: 0.0029 - val_mae: 0.0710 - lr: 3.7500e-04
Epoch 61/200

 1/29 [>.............................] - ETA: 1s - loss: 0.0040 - mae: 0.0690
 3/29 [==>...........................] - ETA: 1s - loss: 0.0028 - mae: 0.0595
 5/29 [====>.........................] - ETA: 1s - loss: 0.0021 - mae: 0.0496
 7/29 [======>.......................] - ETA: 1s - loss: 0.0017 - mae: 0.0432
 9/29 [========>.....................] - ETA: 0s - loss: 0.0014 - mae: 0.0394
11/29 [==========>...................] - ETA: 0s - loss: 0.0013 - mae: 0.0367
13/29 [============>.................] - ETA: 0s - loss: 0.0011 - mae: 0.0342
15/29 [==============>...............] - ETA: 0s - loss: 0.0011 - mae: 0.0335
17/29 [================>.............] - ETA: 0s - loss: 0.0011 - mae: 0.0333
19/29 [==================>...........] - ETA: 0s - loss: 0.0010 - mae: 0.0330
21/29 [====================>.........] - ETA: 0s - loss: 0.0010 - mae: 0.0328
23/29 [======================>.......] - ETA: 0s - loss: 9.9562e-04 - mae: 0.0328
25/29 [========================>.....] - ETA: 0s - loss: 9.8628e-04 - mae: 0.0327
27/29 [==========================>...] - ETA: 0s - loss: 9.2608e-04 - mae: 0.0314
29/29 [==============================] - ETA: 0s - loss: 8.9421e-04 - mae: 0.0306
29/29 [==============================] - 1s 48ms/step - loss: 8.9421e-04 - mae: 0.0306 - val_loss: 0.0028 - val_mae: 0.0696 - lr: 3.7500e-04
Epoch 62/200

 1/29 [>.............................] - ETA: 1s - loss: 0.0037 - mae: 0.0702
 3/29 [==>...........................] - ETA: 1s - loss: 0.0029 - mae: 0.0606
 5/29 [====>.........................] - ETA: 1s - loss: 0.0020 - mae: 0.0475
 7/29 [======>.......................] - ETA: 0s - loss: 0.0016 - mae: 0.0425
 9/29 [========>.....................] - ETA: 0s - loss: 0.0014 - mae: 0.0375
11/29 [==========>...................] - ETA: 0s - loss: 0.0012 - mae: 0.0344
13/29 [============>.................] - ETA: 0s - loss: 0.0010 - mae: 0.0320
15/29 [==============>...............] - ETA: 0s - loss: 0.0010 - mae: 0.0321
17/29 [================>.............] - ETA: 0s - loss: 0.0011 - mae: 0.0330
19/29 [==================>...........] - ETA: 0s - loss: 0.0010 - mae: 0.0330
21/29 [====================>.........] - ETA: 0s - loss: 0.0010 - mae: 0.0331
23/29 [======================>.......] - ETA: 0s - loss: 0.0010 - mae: 0.0330
25/29 [========================>.....] - ETA: 0s - loss: 9.8478e-04 - mae: 0.0328
27/29 [==========================>...] - ETA: 0s - loss: 9.2759e-04 - mae: 0.0313
29/29 [==============================] - ETA: 0s - loss: 9.0637e-04 - mae: 0.0308
29/29 [==============================] - 1s 48ms/step - loss: 9.0637e-04 - mae: 0.0308 - val_loss: 0.0029 - val_mae: 0.0708 - lr: 3.7500e-04
Epoch 63/200

 1/29 [>.............................] - ETA: 1s - loss: 0.0035 - mae: 0.0676
 3/29 [==>...........................] - ETA: 1s - loss: 0.0025 - mae: 0.0546
 5/29 [====>.........................] - ETA: 1s - loss: 0.0019 - mae: 0.0464
 7/29 [======>.......................] - ETA: 0s - loss: 0.0016 - mae: 0.0415
 9/29 [========>.....................] - ETA: 0s - loss: 0.0013 - mae: 0.0380
11/29 [==========>...................] - ETA: 0s - loss: 0.0011 - mae: 0.0350
13/29 [============>.................] - ETA: 0s - loss: 0.0010 - mae: 0.0335
15/29 [==============>...............] - ETA: 0s - loss: 9.7804e-04 - mae: 0.0327
17/29 [================>.............] - ETA: 0s - loss: 0.0010 - mae: 0.0337    
19/29 [==================>...........] - ETA: 0s - loss: 9.9334e-04 - mae: 0.0334
21/29 [====================>.........] - ETA: 0s - loss: 9.8865e-04 - mae: 0.0333
23/29 [======================>.......] - ETA: 0s - loss: 9.7118e-04 - mae: 0.0332
25/29 [========================>.....] - ETA: 0s - loss: 9.3787e-04 - mae: 0.0326
27/29 [==========================>...] - ETA: 0s - loss: 8.8859e-04 - mae: 0.0316
29/29 [==============================] - ETA: 0s - loss: 8.6170e-04 - mae: 0.0310
29/29 [==============================] - 1s 47ms/step - loss: 8.6170e-04 - mae: 0.0310 - val_loss: 0.0029 - val_mae: 0.0713 - lr: 3.7500e-04
Epoch 64/200

 1/29 [>.............................] - ETA: 1s - loss: 0.0021 - mae: 0.0551
 3/29 [==>...........................] - ETA: 1s - loss: 0.0023 - mae: 0.0548
 5/29 [====>.........................] - ETA: 1s - loss: 0.0018 - mae: 0.0453
 7/29 [======>.......................] - ETA: 0s - loss: 0.0014 - mae: 0.0399
 9/29 [========>.....................] - ETA: 0s - loss: 0.0012 - mae: 0.0365
11/29 [==========>...................] - ETA: 0s - loss: 0.0011 - mae: 0.0336
13/29 [============>.................] - ETA: 0s - loss: 9.5987e-04 - mae: 0.0322
15/29 [==============>...............] - ETA: 0s - loss: 9.2514e-04 - mae: 0.0316
17/29 [================>.............] - ETA: 0s - loss: 9.3474e-04 - mae: 0.0318
19/29 [==================>...........] - ETA: 0s - loss: 9.4517e-04 - mae: 0.0325
21/29 [====================>.........] - ETA: 0s - loss: 9.0167e-04 - mae: 0.0318
23/29 [======================>.......] - ETA: 0s - loss: 8.7435e-04 - mae: 0.0316
25/29 [========================>.....] - ETA: 0s - loss: 8.5810e-04 - mae: 0.0313
27/29 [==========================>...] - ETA: 0s - loss: 8.1492e-04 - mae: 0.0302
29/29 [==============================] - ETA: 0s - loss: 7.9749e-04 - mae: 0.0298
29/29 [==============================] - 1s 47ms/step - loss: 7.9749e-04 - mae: 0.0298 - val_loss: 0.0027 - val_mae: 0.0688 - lr: 3.7500e-04
Epoch 65/200

 1/29 [>.............................] - ETA: 1s - loss: 0.0033 - mae: 0.0596
 3/29 [==>...........................] - ETA: 1s - loss: 0.0025 - mae: 0.0547
 5/29 [====>.........................] - ETA: 1s - loss: 0.0018 - mae: 0.0452
 7/29 [======>.......................] - ETA: 0s - loss: 0.0015 - mae: 0.0406
 9/29 [========>.....................] - ETA: 0s - loss: 0.0013 - mae: 0.0368
11/29 [==========>...................] - ETA: 0s - loss: 0.0011 - mae: 0.0332
13/29 [============>.................] - ETA: 0s - loss: 9.4722e-04 - mae: 0.0311
15/29 [==============>...............] - ETA: 0s - loss: 9.0273e-04 - mae: 0.0306
17/29 [================>.............] - ETA: 0s - loss: 9.0738e-04 - mae: 0.0311
19/29 [==================>...........] - ETA: 0s - loss: 9.2161e-04 - mae: 0.0319
21/29 [====================>.........] - ETA: 0s - loss: 8.9044e-04 - mae: 0.0314
23/29 [======================>.......] - ETA: 0s - loss: 8.5692e-04 - mae: 0.0308
25/29 [========================>.....] - ETA: 0s - loss: 8.4820e-04 - mae: 0.0307
27/29 [==========================>...] - ETA: 0s - loss: 8.0274e-04 - mae: 0.0295
29/29 [==============================] - ETA: 0s - loss: 7.8338e-04 - mae: 0.0290
29/29 [==============================] - 1s 47ms/step - loss: 7.8338e-04 - mae: 0.0290 - val_loss: 0.0028 - val_mae: 0.0693 - lr: 3.7500e-04
Epoch 66/200

 1/29 [>.............................] - ETA: 1s - loss: 0.0018 - mae: 0.0494
 3/29 [==>...........................] - ETA: 1s - loss: 0.0023 - mae: 0.0539
 5/29 [====>.........................] - ETA: 1s - loss: 0.0018 - mae: 0.0468
 7/29 [======>.......................] - ETA: 1s - loss: 0.0016 - mae: 0.0437
 9/29 [========>.....................] - ETA: 0s - loss: 0.0014 - mae: 0.0392
11/29 [==========>...................] - ETA: 0s - loss: 0.0012 - mae: 0.0367
13/29 [============>.................] - ETA: 0s - loss: 0.0011 - mae: 0.0340
15/29 [==============>...............] - ETA: 0s - loss: 0.0011 - mae: 0.0341
17/29 [================>.............] - ETA: 0s - loss: 0.0011 - mae: 0.0351
18/29 [=================>............] - ETA: 0s - loss: 0.0011 - mae: 0.0353
20/29 [===================>..........] - ETA: 0s - loss: 0.0011 - mae: 0.0350
22/29 [=====================>........] - ETA: 0s - loss: 0.0010 - mae: 0.0343
24/29 [=======================>......] - ETA: 0s - loss: 9.7922e-04 - mae: 0.0333
26/29 [=========================>....] - ETA: 0s - loss: 9.4885e-04 - mae: 0.0325
28/29 [===========================>..] - ETA: 0s - loss: 8.9966e-04 - mae: 0.0314
29/29 [==============================] - 1s 49ms/step - loss: 8.9608e-04 - mae: 0.0313 - val_loss: 0.0028 - val_mae: 0.0694 - lr: 3.7500e-04
Epoch 67/200

 1/29 [>.............................] - ETA: 1s - loss: 0.0031 - mae: 0.0635
 3/29 [==>...........................] - ETA: 1s - loss: 0.0024 - mae: 0.0541
 5/29 [====>.........................] - ETA: 1s - loss: 0.0018 - mae: 0.0460
 7/29 [======>.......................] - ETA: 0s - loss: 0.0014 - mae: 0.0385
 9/29 [========>.....................] - ETA: 0s - loss: 0.0011 - mae: 0.0348
11/29 [==========>...................] - ETA: 0s - loss: 0.0010 - mae: 0.0325
13/29 [============>.................] - ETA: 0s - loss: 9.0838e-04 - mae: 0.0312
15/29 [==============>...............] - ETA: 0s - loss: 8.8875e-04 - mae: 0.0310
17/29 [================>.............] - ETA: 0s - loss: 9.6325e-04 - mae: 0.0324
19/29 [==================>...........] - ETA: 0s - loss: 9.8521e-04 - mae: 0.0330
21/29 [====================>.........] - ETA: 0s - loss: 9.8038e-04 - mae: 0.0332
23/29 [======================>.......] - ETA: 0s - loss: 9.4185e-04 - mae: 0.0327
25/29 [========================>.....] - ETA: 0s - loss: 9.0907e-04 - mae: 0.0320
27/29 [==========================>...] - ETA: 0s - loss: 8.6060e-04 - mae: 0.0308
29/29 [==============================] - ETA: 0s - loss: 8.3853e-04 - mae: 0.0303
29/29 [==============================] - 1s 48ms/step - loss: 8.3853e-04 - mae: 0.0303 - val_loss: 0.0028 - val_mae: 0.0701 - lr: 3.7500e-04
Epoch 68/200

 1/29 [>.............................] - ETA: 1s - loss: 0.0040 - mae: 0.0646
 3/29 [==>...........................] - ETA: 1s - loss: 0.0032 - mae: 0.0621
 5/29 [====>.........................] - ETA: 1s - loss: 0.0023 - mae: 0.0505
 7/29 [======>.......................] - ETA: 1s - loss: 0.0018 - mae: 0.0422
 9/29 [========>.....................] - ETA: 0s - loss: 0.0015 - mae: 0.0380
11/29 [==========>...................] - ETA: 0s - loss: 0.0013 - mae: 0.0351
13/29 [============>.................] - ETA: 0s - loss: 0.0011 - mae: 0.0336
15/29 [==============>...............] - ETA: 0s - loss: 0.0011 - mae: 0.0324
17/29 [================>.............] - ETA: 0s - loss: 0.0010 - mae: 0.0326
19/29 [==================>...........] - ETA: 0s - loss: 0.0010 - mae: 0.0331
21/29 [====================>.........] - ETA: 0s - loss: 0.0010 - mae: 0.0329
23/29 [======================>.......] - ETA: 0s - loss: 9.8698e-04 - mae: 0.0325
25/29 [========================>.....] - ETA: 0s - loss: 9.8175e-04 - mae: 0.0326
27/29 [==========================>...] - ETA: 0s - loss: 9.2199e-04 - mae: 0.0312
29/29 [==============================] - ETA: 0s - loss: 8.9290e-04 - mae: 0.0306
29/29 [==============================] - 1s 47ms/step - loss: 8.9290e-04 - mae: 0.0306 - val_loss: 0.0028 - val_mae: 0.0690 - lr: 3.7500e-04
Epoch 69/200

 1/29 [>.............................] - ETA: 1s - loss: 0.0036 - mae: 0.0631
 3/29 [==>...........................] - ETA: 1s - loss: 0.0027 - mae: 0.0561
 5/29 [====>.........................] - ETA: 1s - loss: 0.0019 - mae: 0.0462
 7/29 [======>.......................] - ETA: 0s - loss: 0.0015 - mae: 0.0404
 9/29 [========>.....................] - ETA: 0s - loss: 0.0013 - mae: 0.0376
11/29 [==========>...................] - ETA: 0s - loss: 0.0012 - mae: 0.0345
13/29 [============>.................] - ETA: 0s - loss: 0.0010 - mae: 0.0324
15/29 [==============>...............] - ETA: 0s - loss: 0.0010 - mae: 0.0321
17/29 [================>.............] - ETA: 0s - loss: 9.9498e-04 - mae: 0.0323
19/29 [==================>...........] - ETA: 0s - loss: 9.7121e-04 - mae: 0.0321
21/29 [====================>.........] - ETA: 0s - loss: 9.3449e-04 - mae: 0.0315
23/29 [======================>.......] - ETA: 0s - loss: 8.9365e-04 - mae: 0.0310
25/29 [========================>.....] - ETA: 0s - loss: 8.9078e-04 - mae: 0.0311
27/29 [==========================>...] - ETA: 0s - loss: 8.3721e-04 - mae: 0.0298
29/29 [==============================] - ETA: 0s - loss: 8.0760e-04 - mae: 0.0290
Epoch 69: ReduceLROnPlateau reducing learning rate to 0.0001875000016298145.

29/29 [==============================] - 1s 47ms/step - loss: 8.0760e-04 - mae: 0.0290 - val_loss: 0.0027 - val_mae: 0.0677 - lr: 3.7500e-04
Epoch 70/200

 1/29 [>.............................] - ETA: 1s - loss: 0.0024 - mae: 0.0487
 3/29 [==>...........................] - ETA: 1s - loss: 0.0020 - mae: 0.0479
 5/29 [====>.........................] - ETA: 1s - loss: 0.0017 - mae: 0.0439
 7/29 [======>.......................] - ETA: 0s - loss: 0.0013 - mae: 0.0378
 9/29 [========>.....................] - ETA: 0s - loss: 0.0011 - mae: 0.0343
11/29 [==========>...................] - ETA: 0s - loss: 9.6172e-04 - mae: 0.0313
13/29 [============>.................] - ETA: 0s - loss: 8.5746e-04 - mae: 0.0295
15/29 [==============>...............] - ETA: 0s - loss: 8.3483e-04 - mae: 0.0294
17/29 [================>.............] - ETA: 0s - loss: 8.8876e-04 - mae: 0.0303
19/29 [==================>...........] - ETA: 0s - loss: 8.8211e-04 - mae: 0.0304
21/29 [====================>.........] - ETA: 0s - loss: 8.7266e-04 - mae: 0.0303
23/29 [======================>.......] - ETA: 0s - loss: 8.4347e-04 - mae: 0.0299
25/29 [========================>.....] - ETA: 0s - loss: 8.3120e-04 - mae: 0.0299
27/29 [==========================>...] - ETA: 0s - loss: 7.8592e-04 - mae: 0.0287
29/29 [==============================] - ETA: 0s - loss: 7.6686e-04 - mae: 0.0283
29/29 [==============================] - 1s 47ms/step - loss: 7.6686e-04 - mae: 0.0283 - val_loss: 0.0027 - val_mae: 0.0679 - lr: 1.8750e-04
Epoch 71/200

 1/29 [>.............................] - ETA: 1s - loss: 0.0045 - mae: 0.0789
 3/29 [==>...........................] - ETA: 1s - loss: 0.0032 - mae: 0.0640
 5/29 [====>.........................] - ETA: 1s - loss: 0.0023 - mae: 0.0531
 7/29 [======>.......................] - ETA: 0s - loss: 0.0018 - mae: 0.0453
 9/29 [========>.....................] - ETA: 0s - loss: 0.0015 - mae: 0.0404
11/29 [==========>...................] - ETA: 0s - loss: 0.0013 - mae: 0.0361
13/29 [============>.................] - ETA: 0s - loss: 0.0011 - mae: 0.0341
15/29 [==============>...............] - ETA: 0s - loss: 0.0010 - mae: 0.0328
17/29 [================>.............] - ETA: 0s - loss: 0.0010 - mae: 0.0329
19/29 [==================>...........] - ETA: 0s - loss: 0.0011 - mae: 0.0335
21/29 [====================>.........] - ETA: 0s - loss: 0.0010 - mae: 0.0332
23/29 [======================>.......] - ETA: 0s - loss: 9.8608e-04 - mae: 0.0327
25/29 [========================>.....] - ETA: 0s - loss: 9.5916e-04 - mae: 0.0322
27/29 [==========================>...] - ETA: 0s - loss: 9.0574e-04 - mae: 0.0310
29/29 [==============================] - ETA: 0s - loss: 8.8312e-04 - mae: 0.0306
29/29 [==============================] - 1s 47ms/step - loss: 8.8312e-04 - mae: 0.0306 - val_loss: 0.0027 - val_mae: 0.0685 - lr: 1.8750e-04
Epoch 72/200

 1/29 [>.............................] - ETA: 1s - loss: 0.0027 - mae: 0.0613
 3/29 [==>...........................] - ETA: 1s - loss: 0.0022 - mae: 0.0577
 5/29 [====>.........................] - ETA: 1s - loss: 0.0017 - mae: 0.0474
 7/29 [======>.......................] - ETA: 0s - loss: 0.0014 - mae: 0.0422
 9/29 [========>.....................] - ETA: 0s - loss: 0.0012 - mae: 0.0380
11/29 [==========>...................] - ETA: 0s - loss: 0.0010 - mae: 0.0346
13/29 [============>.................] - ETA: 0s - loss: 9.0743e-04 - mae: 0.0323
15/29 [==============>...............] - ETA: 0s - loss: 8.8085e-04 - mae: 0.0318
17/29 [================>.............] - ETA: 0s - loss: 8.9857e-04 - mae: 0.0322
19/29 [==================>...........] - ETA: 0s - loss: 8.8984e-04 - mae: 0.0321
21/29 [====================>.........] - ETA: 0s - loss: 8.5776e-04 - mae: 0.0315
23/29 [======================>.......] - ETA: 0s - loss: 8.2485e-04 - mae: 0.0308
25/29 [========================>.....] - ETA: 0s - loss: 8.2836e-04 - mae: 0.0309
27/29 [==========================>...] - ETA: 0s - loss: 7.8095e-04 - mae: 0.0297
29/29 [==============================] - ETA: 0s - loss: 7.5745e-04 - mae: 0.0291
29/29 [==============================] - 1s 46ms/step - loss: 7.5745e-04 - mae: 0.0291 - val_loss: 0.0027 - val_mae: 0.0680 - lr: 1.8750e-04
Epoch 73/200

 1/29 [>.............................] - ETA: 1s - loss: 0.0025 - mae: 0.0585
 3/29 [==>...........................] - ETA: 1s - loss: 0.0028 - mae: 0.0603
 5/29 [====>.........................] - ETA: 1s - loss: 0.0021 - mae: 0.0499
 7/29 [======>.......................] - ETA: 0s - loss: 0.0017 - mae: 0.0436
 9/29 [========>.....................] - ETA: 0s - loss: 0.0014 - mae: 0.0397
11/29 [==========>...................] - ETA: 0s - loss: 0.0012 - mae: 0.0359
13/29 [============>.................] - ETA: 0s - loss: 0.0011 - mae: 0.0337
15/29 [==============>...............] - ETA: 0s - loss: 0.0010 - mae: 0.0324
17/29 [================>.............] - ETA: 0s - loss: 0.0010 - mae: 0.0330
19/29 [==================>...........] - ETA: 0s - loss: 0.0010 - mae: 0.0331
21/29 [====================>.........] - ETA: 0s - loss: 9.9888e-04 - mae: 0.0329
23/29 [======================>.......] - ETA: 0s - loss: 9.4162e-04 - mae: 0.0320
25/29 [========================>.....] - ETA: 0s - loss: 9.1176e-04 - mae: 0.0315
27/29 [==========================>...] - ETA: 0s - loss: 8.6389e-04 - mae: 0.0304
29/29 [==============================] - ETA: 0s - loss: 8.4268e-04 - mae: 0.0300
29/29 [==============================] - 1s 47ms/step - loss: 8.4268e-04 - mae: 0.0300 - val_loss: 0.0027 - val_mae: 0.0687 - lr: 1.8750e-04
Epoch 74/200

 1/29 [>.............................] - ETA: 1s - loss: 0.0023 - mae: 0.0532
 3/29 [==>...........................] - ETA: 1s - loss: 0.0030 - mae: 0.0591
 5/29 [====>.........................] - ETA: 1s - loss: 0.0022 - mae: 0.0489
 7/29 [======>.......................] - ETA: 0s - loss: 0.0017 - mae: 0.0424
 9/29 [========>.....................] - ETA: 0s - loss: 0.0014 - mae: 0.0384
11/29 [==========>...................] - ETA: 0s - loss: 0.0012 - mae: 0.0352
13/29 [============>.................] - ETA: 0s - loss: 0.0011 - mae: 0.0332
15/29 [==============>...............] - ETA: 0s - loss: 0.0010 - mae: 0.0318
17/29 [================>.............] - ETA: 0s - loss: 9.9194e-04 - mae: 0.0320
19/29 [==================>...........] - ETA: 0s - loss: 9.3875e-04 - mae: 0.0314
21/29 [====================>.........] - ETA: 0s - loss: 9.2219e-04 - mae: 0.0314
23/29 [======================>.......] - ETA: 0s - loss: 8.7949e-04 - mae: 0.0307
25/29 [========================>.....] - ETA: 0s - loss: 8.6315e-04 - mae: 0.0304
27/29 [==========================>...] - ETA: 0s - loss: 8.1465e-04 - mae: 0.0293
29/29 [==============================] - ETA: 0s - loss: 7.8884e-04 - mae: 0.0288
29/29 [==============================] - 1s 47ms/step - loss: 7.8884e-04 - mae: 0.0288 - val_loss: 0.0028 - val_mae: 0.0695 - lr: 1.8750e-04
Epoch 75/200

 1/29 [>.............................] - ETA: 1s - loss: 0.0017 - mae: 0.0425
 3/29 [==>...........................] - ETA: 1s - loss: 0.0025 - mae: 0.0540
 5/29 [====>.........................] - ETA: 1s - loss: 0.0019 - mae: 0.0457
 7/29 [======>.......................] - ETA: 0s - loss: 0.0015 - mae: 0.0406
 9/29 [========>.....................] - ETA: 0s - loss: 0.0013 - mae: 0.0365
11/29 [==========>...................] - ETA: 0s - loss: 0.0011 - mae: 0.0334
13/29 [============>.................] - ETA: 0s - loss: 9.7080e-04 - mae: 0.0314
15/29 [==============>...............] - ETA: 0s - loss: 9.1457e-04 - mae: 0.0306
17/29 [================>.............] - ETA: 0s - loss: 9.6500e-04 - mae: 0.0316
19/29 [==================>...........] - ETA: 0s - loss: 9.5879e-04 - mae: 0.0319
21/29 [====================>.........] - ETA: 0s - loss: 9.2160e-04 - mae: 0.0315
23/29 [======================>.......] - ETA: 0s - loss: 8.8606e-04 - mae: 0.0310
25/29 [========================>.....] - ETA: 0s - loss: 8.7182e-04 - mae: 0.0309
27/29 [==========================>...] - ETA: 0s - loss: 8.1823e-04 - mae: 0.0296
29/29 [==============================] - ETA: 0s - loss: 7.9059e-04 - mae: 0.0289
29/29 [==============================] - 1s 47ms/step - loss: 7.9059e-04 - mae: 0.0289 - val_loss: 0.0028 - val_mae: 0.0694 - lr: 1.8750e-04
Epoch 76/200

 1/29 [>.............................] - ETA: 1s - loss: 0.0014 - mae: 0.0404
 3/29 [==>...........................] - ETA: 1s - loss: 0.0018 - mae: 0.0483
 5/29 [====>.........................] - ETA: 1s - loss: 0.0015 - mae: 0.0423
 7/29 [======>.......................] - ETA: 0s - loss: 0.0012 - mae: 0.0373
 9/29 [========>.....................] - ETA: 0s - loss: 0.0010 - mae: 0.0340
11/29 [==========>...................] - ETA: 0s - loss: 8.7590e-04 - mae: 0.0312
13/29 [============>.................] - ETA: 0s - loss: 7.7985e-04 - mae: 0.0292
15/29 [==============>...............] - ETA: 0s - loss: 7.7183e-04 - mae: 0.0294
17/29 [================>.............] - ETA: 0s - loss: 8.0576e-04 - mae: 0.0299
19/29 [==================>...........] - ETA: 0s - loss: 8.2337e-04 - mae: 0.0302
21/29 [====================>.........] - ETA: 0s - loss: 8.3294e-04 - mae: 0.0305
23/29 [======================>.......] - ETA: 0s - loss: 7.9696e-04 - mae: 0.0299
25/29 [========================>.....] - ETA: 0s - loss: 7.9033e-04 - mae: 0.0297
27/29 [==========================>...] - ETA: 0s - loss: 7.5712e-04 - mae: 0.0289
29/29 [==============================] - ETA: 0s - loss: 7.3482e-04 - mae: 0.0283
29/29 [==============================] - 1s 47ms/step - loss: 7.3482e-04 - mae: 0.0283 - val_loss: 0.0027 - val_mae: 0.0687 - lr: 1.8750e-04
Epoch 77/200

 1/29 [>.............................] - ETA: 1s - loss: 0.0047 - mae: 0.0762
 3/29 [==>...........................] - ETA: 1s - loss: 0.0027 - mae: 0.0557
 5/29 [====>.........................] - ETA: 1s - loss: 0.0019 - mae: 0.0459
 7/29 [======>.......................] - ETA: 0s - loss: 0.0016 - mae: 0.0404
 9/29 [========>.....................] - ETA: 0s - loss: 0.0013 - mae: 0.0370
11/29 [==========>...................] - ETA: 0s - loss: 0.0012 - mae: 0.0343
13/29 [============>.................] - ETA: 0s - loss: 0.0010 - mae: 0.0326
15/29 [==============>...............] - ETA: 0s - loss: 9.5213e-04 - mae: 0.0313
17/29 [================>.............] - ETA: 0s - loss: 9.6081e-04 - mae: 0.0317
19/29 [==================>...........] - ETA: 0s - loss: 9.5187e-04 - mae: 0.0318
21/29 [====================>.........] - ETA: 0s - loss: 9.2962e-04 - mae: 0.0318
23/29 [======================>.......] - ETA: 0s - loss: 8.9903e-04 - mae: 0.0314
25/29 [========================>.....] - ETA: 0s - loss: 8.7691e-04 - mae: 0.0311
27/29 [==========================>...] - ETA: 0s - loss: 8.3509e-04 - mae: 0.0302
29/29 [==============================] - ETA: 0s - loss: 8.1018e-04 - mae: 0.0296
29/29 [==============================] - 1s 48ms/step - loss: 8.1018e-04 - mae: 0.0296 - val_loss: 0.0027 - val_mae: 0.0686 - lr: 1.8750e-04
Epoch 78/200

 1/29 [>.............................] - ETA: 1s - loss: 0.0036 - mae: 0.0698
 3/29 [==>...........................] - ETA: 1s - loss: 0.0024 - mae: 0.0555
 5/29 [====>.........................] - ETA: 1s - loss: 0.0018 - mae: 0.0463
 7/29 [======>.......................] - ETA: 1s - loss: 0.0014 - mae: 0.0396
 9/29 [========>.....................] - ETA: 0s - loss: 0.0012 - mae: 0.0358
11/29 [==========>...................] - ETA: 0s - loss: 0.0010 - mae: 0.0329
13/29 [============>.................] - ETA: 0s - loss: 9.1733e-04 - mae: 0.0313
15/29 [==============>...............] - ETA: 0s - loss: 8.9658e-04 - mae: 0.0308
17/29 [================>.............] - ETA: 0s - loss: 9.0862e-04 - mae: 0.0311
19/29 [==================>...........] - ETA: 0s - loss: 8.8499e-04 - mae: 0.0309
21/29 [====================>.........] - ETA: 0s - loss: 8.5258e-04 - mae: 0.0303
23/29 [======================>.......] - ETA: 0s - loss: 8.0362e-04 - mae: 0.0294
25/29 [========================>.....] - ETA: 0s - loss: 7.8385e-04 - mae: 0.0290
27/29 [==========================>...] - ETA: 0s - loss: 7.4503e-04 - mae: 0.0281
29/29 [==============================] - ETA: 0s - loss: 7.2509e-04 - mae: 0.0276
29/29 [==============================] - 1s 48ms/step - loss: 7.2509e-04 - mae: 0.0276 - val_loss: 0.0027 - val_mae: 0.0684 - lr: 1.8750e-04
Epoch 79/200

 1/29 [>.............................] - ETA: 1s - loss: 0.0027 - mae: 0.0585
 3/29 [==>...........................] - ETA: 1s - loss: 0.0022 - mae: 0.0553
 5/29 [====>.........................] - ETA: 1s - loss: 0.0017 - mae: 0.0461
 7/29 [======>.......................] - ETA: 0s - loss: 0.0013 - mae: 0.0391
 9/29 [========>.....................] - ETA: 0s - loss: 0.0011 - mae: 0.0358
11/29 [==========>...................] - ETA: 0s - loss: 9.6803e-04 - mae: 0.0329
13/29 [============>.................] - ETA: 0s - loss: 8.6964e-04 - mae: 0.0312
15/29 [==============>...............] - ETA: 0s - loss: 8.2162e-04 - mae: 0.0303
17/29 [================>.............] - ETA: 0s - loss: 8.6594e-04 - mae: 0.0313
19/29 [==================>...........] - ETA: 0s - loss: 8.7276e-04 - mae: 0.0316
21/29 [====================>.........] - ETA: 0s - loss: 8.8028e-04 - mae: 0.0317
23/29 [======================>.......] - ETA: 0s - loss: 8.5043e-04 - mae: 0.0312
25/29 [========================>.....] - ETA: 0s - loss: 8.3387e-04 - mae: 0.0310
27/29 [==========================>...] - ETA: 0s - loss: 7.8462e-04 - mae: 0.0297
29/29 [==============================] - ETA: 0s - loss: 7.6827e-04 - mae: 0.0294
29/29 [==============================] - 1s 49ms/step - loss: 7.6827e-04 - mae: 0.0294 - val_loss: 0.0027 - val_mae: 0.0687 - lr: 1.8750e-04
Epoch 80/200

 1/29 [>.............................] - ETA: 1s - loss: 0.0047 - mae: 0.0845
 3/29 [==>...........................] - ETA: 1s - loss: 0.0029 - mae: 0.0601
 5/29 [====>.........................] - ETA: 1s - loss: 0.0021 - mae: 0.0490
 7/29 [======>.......................] - ETA: 1s - loss: 0.0017 - mae: 0.0424
 9/29 [========>.....................] - ETA: 0s - loss: 0.0015 - mae: 0.0397
11/29 [==========>...................] - ETA: 0s - loss: 0.0013 - mae: 0.0363
13/29 [============>.................] - ETA: 0s - loss: 0.0011 - mae: 0.0339
15/29 [==============>...............] - ETA: 0s - loss: 0.0010 - mae: 0.0328
17/29 [================>.............] - ETA: 0s - loss: 0.0011 - mae: 0.0333
19/29 [==================>...........] - ETA: 0s - loss: 0.0011 - mae: 0.0334
21/29 [====================>.........] - ETA: 0s - loss: 0.0010 - mae: 0.0331
23/29 [======================>.......] - ETA: 0s - loss: 9.7747e-04 - mae: 0.0324
25/29 [========================>.....] - ETA: 0s - loss: 9.4448e-04 - mae: 0.0318
27/29 [==========================>...] - ETA: 0s - loss: 8.8543e-04 - mae: 0.0305
29/29 [==============================] - ETA: 0s - loss: 8.6374e-04 - mae: 0.0300
29/29 [==============================] - 1s 48ms/step - loss: 8.6374e-04 - mae: 0.0300 - val_loss: 0.0028 - val_mae: 0.0694 - lr: 1.8750e-04
Epoch 81/200

 1/29 [>.............................] - ETA: 1s - loss: 0.0052 - mae: 0.0705
 3/29 [==>...........................] - ETA: 1s - loss: 0.0027 - mae: 0.0536
 5/29 [====>.........................] - ETA: 1s - loss: 0.0019 - mae: 0.0449
 7/29 [======>.......................] - ETA: 0s - loss: 0.0015 - mae: 0.0390
 9/29 [========>.....................] - ETA: 0s - loss: 0.0013 - mae: 0.0355
11/29 [==========>...................] - ETA: 0s - loss: 0.0011 - mae: 0.0329
13/29 [============>.................] - ETA: 0s - loss: 9.7841e-04 - mae: 0.0307
15/29 [==============>...............] - ETA: 0s - loss: 9.4100e-04 - mae: 0.0301
17/29 [================>.............] - ETA: 0s - loss: 9.3621e-04 - mae: 0.0304
19/29 [==================>...........] - ETA: 0s - loss: 9.7828e-04 - mae: 0.0309
21/29 [====================>.........] - ETA: 0s - loss: 9.4392e-04 - mae: 0.0305
23/29 [======================>.......] - ETA: 0s - loss: 8.9525e-04 - mae: 0.0298
25/29 [========================>.....] - ETA: 0s - loss: 8.6809e-04 - mae: 0.0294
27/29 [==========================>...] - ETA: 0s - loss: 8.2318e-04 - mae: 0.0284
29/29 [==============================] - ETA: 0s - loss: 7.9988e-04 - mae: 0.0279
29/29 [==============================] - 1s 47ms/step - loss: 7.9988e-04 - mae: 0.0279 - val_loss: 0.0027 - val_mae: 0.0682 - lr: 1.8750e-04
Epoch 82/200

 1/29 [>.............................] - ETA: 1s - loss: 0.0028 - mae: 0.0660
 3/29 [==>...........................] - ETA: 1s - loss: 0.0024 - mae: 0.0558
 5/29 [====>.........................] - ETA: 1s - loss: 0.0017 - mae: 0.0462
 7/29 [======>.......................] - ETA: 0s - loss: 0.0014 - mae: 0.0409
 9/29 [========>.....................] - ETA: 0s - loss: 0.0012 - mae: 0.0363
11/29 [==========>...................] - ETA: 0s - loss: 0.0010 - mae: 0.0331
13/29 [============>.................] - ETA: 0s - loss: 8.9743e-04 - mae: 0.0312
15/29 [==============>...............] - ETA: 0s - loss: 8.3507e-04 - mae: 0.0298
17/29 [================>.............] - ETA: 0s - loss: 8.7970e-04 - mae: 0.0302
19/29 [==================>...........] - ETA: 0s - loss: 8.7900e-04 - mae: 0.0305
21/29 [====================>.........] - ETA: 0s - loss: 8.5679e-04 - mae: 0.0304
23/29 [======================>.......] - ETA: 0s - loss: 8.1911e-04 - mae: 0.0297
25/29 [========================>.....] - ETA: 0s - loss: 8.1613e-04 - mae: 0.0298
27/29 [==========================>...] - ETA: 0s - loss: 7.7224e-04 - mae: 0.0289
29/29 [==============================] - ETA: 0s - loss: 7.5298e-04 - mae: 0.0284
29/29 [==============================] - 1s 47ms/step - loss: 7.5298e-04 - mae: 0.0284 - val_loss: 0.0027 - val_mae: 0.0686 - lr: 1.8750e-04
Epoch 83/200

 1/29 [>.............................] - ETA: 1s - loss: 0.0028 - mae: 0.0579
 3/29 [==>...........................] - ETA: 1s - loss: 0.0029 - mae: 0.0578
 5/29 [====>.........................] - ETA: 1s - loss: 0.0021 - mae: 0.0479
 7/29 [======>.......................] - ETA: 1s - loss: 0.0016 - mae: 0.0408
 9/29 [========>.....................] - ETA: 0s - loss: 0.0014 - mae: 0.0369
11/29 [==========>...................] - ETA: 0s - loss: 0.0012 - mae: 0.0337
13/29 [============>.................] - ETA: 0s - loss: 0.0010 - mae: 0.0318
15/29 [==============>...............] - ETA: 0s - loss: 9.6342e-04 - mae: 0.0308
17/29 [================>.............] - ETA: 0s - loss: 9.2860e-04 - mae: 0.0303
19/29 [==================>...........] - ETA: 0s - loss: 9.0367e-04 - mae: 0.0304
21/29 [====================>.........] - ETA: 0s - loss: 8.6502e-04 - mae: 0.0299
23/29 [======================>.......] - ETA: 0s - loss: 8.3624e-04 - mae: 0.0297
25/29 [========================>.....] - ETA: 0s - loss: 8.4502e-04 - mae: 0.0300
27/29 [==========================>...] - ETA: 0s - loss: 8.0332e-04 - mae: 0.0291
29/29 [==============================] - ETA: 0s - loss: 7.8138e-04 - mae: 0.0286
29/29 [==============================] - 1s 48ms/step - loss: 7.8138e-04 - mae: 0.0286 - val_loss: 0.0027 - val_mae: 0.0684 - lr: 1.8750e-04
Epoch 84/200

 1/29 [>.............................] - ETA: 1s - loss: 0.0034 - mae: 0.0632
 3/29 [==>...........................] - ETA: 1s - loss: 0.0027 - mae: 0.0555
 5/29 [====>.........................] - ETA: 1s - loss: 0.0019 - mae: 0.0454
 7/29 [======>.......................] - ETA: 1s - loss: 0.0016 - mae: 0.0405
 9/29 [========>.....................] - ETA: 0s - loss: 0.0014 - mae: 0.0378
11/29 [==========>...................] - ETA: 0s - loss: 0.0012 - mae: 0.0340
13/29 [============>.................] - ETA: 0s - loss: 0.0010 - mae: 0.0319
15/29 [==============>...............] - ETA: 0s - loss: 0.0010 - mae: 0.0318
17/29 [================>.............] - ETA: 0s - loss: 0.0010 - mae: 0.0324
19/29 [==================>...........] - ETA: 0s - loss: 0.0010 - mae: 0.0326
21/29 [====================>.........] - ETA: 0s - loss: 9.8707e-04 - mae: 0.0323
22/29 [=====================>........] - ETA: 0s - loss: 9.6311e-04 - mae: 0.0320
24/29 [=======================>......] - ETA: 0s - loss: 9.1701e-04 - mae: 0.0312
26/29 [=========================>....] - ETA: 0s - loss: 8.8447e-04 - mae: 0.0306
28/29 [===========================>..] - ETA: 0s - loss: 8.3745e-04 - mae: 0.0295
Epoch 84: ReduceLROnPlateau reducing learning rate to 9.375000081490725e-05.

29/29 [==============================] - 1s 50ms/step - loss: 8.3485e-04 - mae: 0.0295 - val_loss: 0.0027 - val_mae: 0.0680 - lr: 1.8750e-04
Epoch 85/200

 1/29 [>.............................] - ETA: 1s - loss: 0.0046 - mae: 0.0731
 3/29 [==>...........................] - ETA: 1s - loss: 0.0033 - mae: 0.0615
 5/29 [====>.........................] - ETA: 1s - loss: 0.0022 - mae: 0.0478
 7/29 [======>.......................] - ETA: 1s - loss: 0.0017 - mae: 0.0411
 9/29 [========>.....................] - ETA: 0s - loss: 0.0014 - mae: 0.0370
11/29 [==========>...................] - ETA: 0s - loss: 0.0012 - mae: 0.0340
13/29 [============>.................] - ETA: 0s - loss: 0.0011 - mae: 0.0329
15/29 [==============>...............] - ETA: 0s - loss: 0.0010 - mae: 0.0321
17/29 [================>.............] - ETA: 0s - loss: 0.0010 - mae: 0.0319
19/29 [==================>...........] - ETA: 0s - loss: 9.9765e-04 - mae: 0.0320
21/29 [====================>.........] - ETA: 0s - loss: 9.5437e-04 - mae: 0.0313
23/29 [======================>.......] - ETA: 0s - loss: 9.0533e-04 - mae: 0.0305
25/29 [========================>.....] - ETA: 0s - loss: 8.8481e-04 - mae: 0.0302
27/29 [==========================>...] - ETA: 0s - loss: 8.4081e-04 - mae: 0.0293
29/29 [==============================] - ETA: 0s - loss: 8.2167e-04 - mae: 0.0289
29/29 [==============================] - 1s 47ms/step - loss: 8.2167e-04 - mae: 0.0289 - val_loss: 0.0026 - val_mae: 0.0678 - lr: 9.3750e-05
Epoch 86/200

 1/29 [>.............................] - ETA: 1s - loss: 0.0037 - mae: 0.0662
 3/29 [==>...........................] - ETA: 1s - loss: 0.0024 - mae: 0.0535
 5/29 [====>.........................] - ETA: 1s - loss: 0.0018 - mae: 0.0455
 7/29 [======>.......................] - ETA: 0s - loss: 0.0014 - mae: 0.0388
 9/29 [========>.....................] - ETA: 0s - loss: 0.0012 - mae: 0.0350
11/29 [==========>...................] - ETA: 0s - loss: 0.0010 - mae: 0.0321
13/29 [============>.................] - ETA: 0s - loss: 8.9820e-04 - mae: 0.0300
15/29 [==============>...............] - ETA: 0s - loss: 8.8875e-04 - mae: 0.0301
17/29 [================>.............] - ETA: 0s - loss: 9.3739e-04 - mae: 0.0308
19/29 [==================>...........] - ETA: 0s - loss: 9.5356e-04 - mae: 0.0313
21/29 [====================>.........] - ETA: 0s - loss: 9.2039e-04 - mae: 0.0308
23/29 [======================>.......] - ETA: 0s - loss: 8.7282e-04 - mae: 0.0300
25/29 [========================>.....] - ETA: 0s - loss: 8.5628e-04 - mae: 0.0298
27/29 [==========================>...] - ETA: 0s - loss: 8.1523e-04 - mae: 0.0290
29/29 [==============================] - ETA: 0s - loss: 7.9064e-04 - mae: 0.0285
29/29 [==============================] - 1s 47ms/step - loss: 7.9064e-04 - mae: 0.0285 - val_loss: 0.0027 - val_mae: 0.0683 - lr: 9.3750e-05
Epoch 87/200

 1/29 [>.............................] - ETA: 1s - loss: 0.0046 - mae: 0.0716
 3/29 [==>...........................] - ETA: 1s - loss: 0.0033 - mae: 0.0627
 4/29 [===>..........................] - ETA: 1s - loss: 0.0026 - mae: 0.0551
 6/29 [=====>........................] - ETA: 1s - loss: 0.0019 - mae: 0.0456
 8/29 [=======>......................] - ETA: 0s - loss: 0.0016 - mae: 0.0415
10/29 [=========>....................] - ETA: 0s - loss: 0.0014 - mae: 0.0371
12/29 [===========>..................] - ETA: 0s - loss: 0.0012 - mae: 0.0347
14/29 [=============>................] - ETA: 0s - loss: 0.0011 - mae: 0.0330
16/29 [===============>..............] - ETA: 0s - loss: 0.0011 - mae: 0.0327
18/29 [=================>............] - ETA: 0s - loss: 0.0010 - mae: 0.0328
20/29 [===================>..........] - ETA: 0s - loss: 0.0010 - mae: 0.0323
22/29 [=====================>........] - ETA: 0s - loss: 9.5291e-04 - mae: 0.0316
24/29 [=======================>......] - ETA: 0s - loss: 9.1478e-04 - mae: 0.0311
26/29 [=========================>....] - ETA: 0s - loss: 8.8395e-04 - mae: 0.0304
28/29 [===========================>..] - ETA: 0s - loss: 8.3521e-04 - mae: 0.0293
29/29 [==============================] - 1s 47ms/step - loss: 8.3244e-04 - mae: 0.0292 - val_loss: 0.0027 - val_mae: 0.0680 - lr: 9.3750e-05
Epoch 88/200

 1/29 [>.............................] - ETA: 1s - loss: 0.0022 - mae: 0.0544
 3/29 [==>...........................] - ETA: 1s - loss: 0.0023 - mae: 0.0542
 5/29 [====>.........................] - ETA: 1s - loss: 0.0016 - mae: 0.0446
 7/29 [======>.......................] - ETA: 0s - loss: 0.0014 - mae: 0.0404
 9/29 [========>.....................] - ETA: 0s - loss: 0.0012 - mae: 0.0372
11/29 [==========>...................] - ETA: 0s - loss: 0.0011 - mae: 0.0348
13/29 [============>.................] - ETA: 0s - loss: 9.4111e-04 - mae: 0.0322
15/29 [==============>...............] - ETA: 0s - loss: 8.8686e-04 - mae: 0.0314
17/29 [================>.............] - ETA: 0s - loss: 8.8891e-04 - mae: 0.0315
19/29 [==================>...........] - ETA: 0s - loss: 8.7875e-04 - mae: 0.0315
21/29 [====================>.........] - ETA: 0s - loss: 8.5848e-04 - mae: 0.0313
23/29 [======================>.......] - ETA: 0s - loss: 8.3071e-04 - mae: 0.0309
25/29 [========================>.....] - ETA: 0s - loss: 8.1087e-04 - mae: 0.0305
27/29 [==========================>...] - ETA: 0s - loss: 7.6722e-04 - mae: 0.0293
29/29 [==============================] - ETA: 0s - loss: 7.4621e-04 - mae: 0.0288
29/29 [==============================] - 1s 47ms/step - loss: 7.4621e-04 - mae: 0.0288 - val_loss: 0.0026 - val_mae: 0.0678 - lr: 9.3750e-05
Epoch 89/200

 1/29 [>.............................] - ETA: 1s - loss: 0.0036 - mae: 0.0666
 3/29 [==>...........................] - ETA: 1s - loss: 0.0028 - mae: 0.0572
 5/29 [====>.........................] - ETA: 1s - loss: 0.0020 - mae: 0.0465
 7/29 [======>.......................] - ETA: 1s - loss: 0.0016 - mae: 0.0406
 9/29 [========>.....................] - ETA: 0s - loss: 0.0013 - mae: 0.0365
11/29 [==========>...................] - ETA: 0s - loss: 0.0011 - mae: 0.0335
13/29 [============>.................] - ETA: 0s - loss: 0.0010 - mae: 0.0314
15/29 [==============>...............] - ETA: 0s - loss: 9.7392e-04 - mae: 0.0308
17/29 [================>.............] - ETA: 0s - loss: 9.7984e-04 - mae: 0.0314
19/29 [==================>...........] - ETA: 0s - loss: 9.8657e-04 - mae: 0.0317
21/29 [====================>.........] - ETA: 0s - loss: 9.5977e-04 - mae: 0.0315
23/29 [======================>.......] - ETA: 0s - loss: 9.1105e-04 - mae: 0.0308
25/29 [========================>.....] - ETA: 0s - loss: 8.8242e-04 - mae: 0.0304
27/29 [==========================>...] - ETA: 0s - loss: 8.4036e-04 - mae: 0.0294
29/29 [==============================] - ETA: 0s - loss: 8.1405e-04 - mae: 0.0288
29/29 [==============================] - 1s 48ms/step - loss: 8.1405e-04 - mae: 0.0288 - val_loss: 0.0027 - val_mae: 0.0680 - lr: 9.3750e-05
Epoch 90/200

 1/29 [>.............................] - ETA: 1s - loss: 0.0037 - mae: 0.0727
 3/29 [==>...........................] - ETA: 1s - loss: 0.0024 - mae: 0.0549
 5/29 [====>.........................] - ETA: 1s - loss: 0.0017 - mae: 0.0441
 7/29 [======>.......................] - ETA: 1s - loss: 0.0014 - mae: 0.0388
 9/29 [========>.....................] - ETA: 0s - loss: 0.0012 - mae: 0.0347
11/29 [==========>...................] - ETA: 0s - loss: 0.0010 - mae: 0.0320
13/29 [============>.................] - ETA: 0s - loss: 8.9926e-04 - mae: 0.0303
15/29 [==============>...............] - ETA: 0s - loss: 8.3418e-04 - mae: 0.0292
17/29 [================>.............] - ETA: 0s - loss: 8.6294e-04 - mae: 0.0302
19/29 [==================>...........] - ETA: 0s - loss: 8.7617e-04 - mae: 0.0306
21/29 [====================>.........] - ETA: 0s - loss: 8.8087e-04 - mae: 0.0309
23/29 [======================>.......] - ETA: 0s - loss: 8.4370e-04 - mae: 0.0303
25/29 [========================>.....] - ETA: 0s - loss: 8.2887e-04 - mae: 0.0301
27/29 [==========================>...] - ETA: 0s - loss: 7.8505e-04 - mae: 0.0291
29/29 [==============================] - ETA: 0s - loss: 7.6879e-04 - mae: 0.0287
29/29 [==============================] - 1s 49ms/step - loss: 7.6879e-04 - mae: 0.0287 - val_loss: 0.0027 - val_mae: 0.0684 - lr: 9.3750e-05
Epoch 91/200

 1/29 [>.............................] - ETA: 1s - loss: 0.0026 - mae: 0.0563
 3/29 [==>...........................] - ETA: 1s - loss: 0.0025 - mae: 0.0533
 5/29 [====>.........................] - ETA: 1s - loss: 0.0017 - mae: 0.0438
 7/29 [======>.......................] - ETA: 1s - loss: 0.0014 - mae: 0.0396
 9/29 [========>.....................] - ETA: 0s - loss: 0.0012 - mae: 0.0363
11/29 [==========>...................] - ETA: 0s - loss: 0.0011 - mae: 0.0333
13/29 [============>.................] - ETA: 0s - loss: 9.4938e-04 - mae: 0.0312
15/29 [==============>...............] - ETA: 0s - loss: 9.2886e-04 - mae: 0.0309
17/29 [================>.............] - ETA: 0s - loss: 9.4127e-04 - mae: 0.0313
19/29 [==================>...........] - ETA: 0s - loss: 9.4158e-04 - mae: 0.0316
21/29 [====================>.........] - ETA: 0s - loss: 8.9236e-04 - mae: 0.0308
23/29 [======================>.......] - ETA: 0s - loss: 8.5872e-04 - mae: 0.0304
25/29 [========================>.....] - ETA: 0s - loss: 8.3756e-04 - mae: 0.0300
27/29 [==========================>...] - ETA: 0s - loss: 7.9495e-04 - mae: 0.0290
29/29 [==============================] - ETA: 0s - loss: 7.7588e-04 - mae: 0.0286
29/29 [==============================] - 1s 49ms/step - loss: 7.7588e-04 - mae: 0.0286 - val_loss: 0.0027 - val_mae: 0.0681 - lr: 9.3750e-05
Epoch 92/200

 1/29 [>.............................] - ETA: 1s - loss: 0.0027 - mae: 0.0530
 3/29 [==>...........................] - ETA: 1s - loss: 0.0028 - mae: 0.0592
 5/29 [====>.........................] - ETA: 1s - loss: 0.0019 - mae: 0.0456
 7/29 [======>.......................] - ETA: 1s - loss: 0.0015 - mae: 0.0394
 9/29 [========>.....................] - ETA: 0s - loss: 0.0012 - mae: 0.0351
11/29 [==========>...................] - ETA: 0s - loss: 0.0010 - mae: 0.0323
13/29 [============>.................] - ETA: 0s - loss: 9.2143e-04 - mae: 0.0300
15/29 [==============>...............] - ETA: 0s - loss: 8.7180e-04 - mae: 0.0295
17/29 [================>.............] - ETA: 0s - loss: 8.6543e-04 - mae: 0.0295
19/29 [==================>...........] - ETA: 0s - loss: 8.8150e-04 - mae: 0.0300
21/29 [====================>.........] - ETA: 0s - loss: 8.4685e-04 - mae: 0.0296
23/29 [======================>.......] - ETA: 0s - loss: 8.1474e-04 - mae: 0.0293
25/29 [========================>.....] - ETA: 0s - loss: 8.0424e-04 - mae: 0.0291
27/29 [==========================>...] - ETA: 0s - loss: 7.5881e-04 - mae: 0.0281
29/29 [==============================] - ETA: 0s - loss: 7.3437e-04 - mae: 0.0275
29/29 [==============================] - 1s 48ms/step - loss: 7.3437e-04 - mae: 0.0275 - val_loss: 0.0026 - val_mae: 0.0671 - lr: 9.3750e-05
Epoch 93/200

 1/29 [>.............................] - ETA: 1s - loss: 0.0021 - mae: 0.0484
 3/29 [==>...........................] - ETA: 1s - loss: 0.0023 - mae: 0.0524
 5/29 [====>.........................] - ETA: 1s - loss: 0.0017 - mae: 0.0426
 7/29 [======>.......................] - ETA: 1s - loss: 0.0013 - mae: 0.0367
 9/29 [========>.....................] - ETA: 0s - loss: 0.0011 - mae: 0.0326
11/29 [==========>...................] - ETA: 0s - loss: 9.4535e-04 - mae: 0.0305
13/29 [============>.................] - ETA: 0s - loss: 8.4591e-04 - mae: 0.0288
15/29 [==============>...............] - ETA: 0s - loss: 8.3482e-04 - mae: 0.0289
17/29 [================>.............] - ETA: 0s - loss: 8.9951e-04 - mae: 0.0304
19/29 [==================>...........] - ETA: 0s - loss: 8.6971e-04 - mae: 0.0300
21/29 [====================>.........] - ETA: 0s - loss: 8.6058e-04 - mae: 0.0299
23/29 [======================>.......] - ETA: 0s - loss: 8.3224e-04 - mae: 0.0296
25/29 [========================>.....] - ETA: 0s - loss: 8.1379e-04 - mae: 0.0293
27/29 [==========================>...] - ETA: 0s - loss: 7.7267e-04 - mae: 0.0283
28/29 [===========================>..] - ETA: 0s - loss: 7.5219e-04 - mae: 0.0277
29/29 [==============================] - 1s 49ms/step - loss: 7.4941e-04 - mae: 0.0277 - val_loss: 0.0026 - val_mae: 0.0670 - lr: 9.3750e-05
Epoch 94/200

 1/29 [>.............................] - ETA: 1s - loss: 0.0038 - mae: 0.0638
 3/29 [==>...........................] - ETA: 1s - loss: 0.0025 - mae: 0.0522
 5/29 [====>.........................] - ETA: 1s - loss: 0.0019 - mae: 0.0442
 7/29 [======>.......................] - ETA: 1s - loss: 0.0015 - mae: 0.0386
 9/29 [========>.....................] - ETA: 0s - loss: 0.0013 - mae: 0.0346
11/29 [==========>...................] - ETA: 0s - loss: 0.0011 - mae: 0.0319
13/29 [============>.................] - ETA: 0s - loss: 9.7434e-04 - mae: 0.0304
15/29 [==============>...............] - ETA: 0s - loss: 9.1124e-04 - mae: 0.0297
17/29 [================>.............] - ETA: 0s - loss: 9.0985e-04 - mae: 0.0300
19/29 [==================>...........] - ETA: 0s - loss: 8.9337e-04 - mae: 0.0303
21/29 [====================>.........] - ETA: 0s - loss: 8.7349e-04 - mae: 0.0302
23/29 [======================>.......] - ETA: 0s - loss: 8.3675e-04 - mae: 0.0297
25/29 [========================>.....] - ETA: 0s - loss: 8.3376e-04 - mae: 0.0297
27/29 [==========================>...] - ETA: 0s - loss: 7.8806e-04 - mae: 0.0286
29/29 [==============================] - ETA: 0s - loss: 7.6482e-04 - mae: 0.0281
29/29 [==============================] - 1s 49ms/step - loss: 7.6482e-04 - mae: 0.0281 - val_loss: 0.0026 - val_mae: 0.0674 - lr: 9.3750e-05
Epoch 95/200

 1/29 [>.............................] - ETA: 1s - loss: 0.0043 - mae: 0.0623
 3/29 [==>...........................] - ETA: 1s - loss: 0.0030 - mae: 0.0536
 5/29 [====>.........................] - ETA: 1s - loss: 0.0022 - mae: 0.0462
 7/29 [======>.......................] - ETA: 1s - loss: 0.0017 - mae: 0.0401
 9/29 [========>.....................] - ETA: 0s - loss: 0.0015 - mae: 0.0364
11/29 [==========>...................] - ETA: 0s - loss: 0.0012 - mae: 0.0332
13/29 [============>.................] - ETA: 0s - loss: 0.0011 - mae: 0.0312
15/29 [==============>...............] - ETA: 0s - loss: 0.0010 - mae: 0.0307
17/29 [================>.............] - ETA: 0s - loss: 0.0010 - mae: 0.0309
19/29 [==================>...........] - ETA: 0s - loss: 0.0010 - mae: 0.0316
21/29 [====================>.........] - ETA: 0s - loss: 0.0010 - mae: 0.0314
23/29 [======================>.......] - ETA: 0s - loss: 9.6535e-04 - mae: 0.0306
25/29 [========================>.....] - ETA: 0s - loss: 9.4144e-04 - mae: 0.0305
27/29 [==========================>...] - ETA: 0s - loss: 8.8930e-04 - mae: 0.0294
29/29 [==============================] - ETA: 0s - loss: 8.7372e-04 - mae: 0.0291
29/29 [==============================] - 1s 49ms/step - loss: 8.7372e-04 - mae: 0.0291 - val_loss: 0.0026 - val_mae: 0.0680 - lr: 9.3750e-05
Epoch 96/200

 1/29 [>.............................] - ETA: 1s - loss: 0.0031 - mae: 0.0609
 3/29 [==>...........................] - ETA: 1s - loss: 0.0030 - mae: 0.0607
 5/29 [====>.........................] - ETA: 1s - loss: 0.0023 - mae: 0.0506
 7/29 [======>.......................] - ETA: 0s - loss: 0.0018 - mae: 0.0431
 9/29 [========>.....................] - ETA: 0s - loss: 0.0015 - mae: 0.0384
11/29 [==========>...................] - ETA: 0s - loss: 0.0013 - mae: 0.0353
13/29 [============>.................] - ETA: 0s - loss: 0.0011 - mae: 0.0333
15/29 [==============>...............] - ETA: 0s - loss: 0.0011 - mae: 0.0323
17/29 [================>.............] - ETA: 0s - loss: 0.0011 - mae: 0.0326
18/29 [=================>............] - ETA: 0s - loss: 0.0011 - mae: 0.0327
20/29 [===================>..........] - ETA: 0s - loss: 0.0010 - mae: 0.0322
22/29 [=====================>........] - ETA: 0s - loss: 9.8217e-04 - mae: 0.0318
24/29 [=======================>......] - ETA: 0s - loss: 9.2675e-04 - mae: 0.0309
26/29 [=========================>....] - ETA: 0s - loss: 9.0725e-04 - mae: 0.0306
28/29 [===========================>..] - ETA: 0s - loss: 8.5999e-04 - mae: 0.0296
29/29 [==============================] - 1s 49ms/step - loss: 8.5681e-04 - mae: 0.0295 - val_loss: 0.0026 - val_mae: 0.0679 - lr: 9.3750e-05
Epoch 97/200

 1/29 [>.............................] - ETA: 1s - loss: 0.0037 - mae: 0.0656
 3/29 [==>...........................] - ETA: 1s - loss: 0.0025 - mae: 0.0531
 5/29 [====>.........................] - ETA: 1s - loss: 0.0020 - mae: 0.0464
 7/29 [======>.......................] - ETA: 0s - loss: 0.0015 - mae: 0.0399
 9/29 [========>.....................] - ETA: 0s - loss: 0.0013 - mae: 0.0363
11/29 [==========>...................] - ETA: 0s - loss: 0.0011 - mae: 0.0332
13/29 [============>.................] - ETA: 0s - loss: 9.7564e-04 - mae: 0.0313
15/29 [==============>...............] - ETA: 0s - loss: 9.5788e-04 - mae: 0.0310
17/29 [================>.............] - ETA: 0s - loss: 9.8508e-04 - mae: 0.0316
19/29 [==================>...........] - ETA: 0s - loss: 9.6640e-04 - mae: 0.0316
21/29 [====================>.........] - ETA: 0s - loss: 9.1407e-04 - mae: 0.0307
23/29 [======================>.......] - ETA: 0s - loss: 8.7724e-04 - mae: 0.0304
25/29 [========================>.....] - ETA: 0s - loss: 8.5396e-04 - mae: 0.0299
27/29 [==========================>...] - ETA: 0s - loss: 8.1428e-04 - mae: 0.0291
29/29 [==============================] - ETA: 0s - loss: 7.9458e-04 - mae: 0.0287
29/29 [==============================] - 1s 48ms/step - loss: 7.9458e-04 - mae: 0.0287 - val_loss: 0.0026 - val_mae: 0.0679 - lr: 9.3750e-05
Epoch 98/200

 1/29 [>.............................] - ETA: 1s - loss: 0.0022 - mae: 0.0532
 3/29 [==>...........................] - ETA: 1s - loss: 0.0023 - mae: 0.0532
 5/29 [====>.........................] - ETA: 1s - loss: 0.0017 - mae: 0.0440
 7/29 [======>.......................] - ETA: 0s - loss: 0.0013 - mae: 0.0386
 9/29 [========>.....................] - ETA: 0s - loss: 0.0011 - mae: 0.0352
11/29 [==========>...................] - ETA: 0s - loss: 0.0010 - mae: 0.0334
13/29 [============>.................] - ETA: 0s - loss: 9.0997e-04 - mae: 0.0309
15/29 [==============>...............] - ETA: 0s - loss: 8.5148e-04 - mae: 0.0300
17/29 [================>.............] - ETA: 0s - loss: 8.2289e-04 - mae: 0.0296
19/29 [==================>...........] - ETA: 0s - loss: 8.2275e-04 - mae: 0.0299
21/29 [====================>.........] - ETA: 0s - loss: 8.1272e-04 - mae: 0.0297
22/29 [=====================>........] - ETA: 0s - loss: 7.9798e-04 - mae: 0.0296
24/29 [=======================>......] - ETA: 0s - loss: 7.6602e-04 - mae: 0.0291
26/29 [=========================>....] - ETA: 0s - loss: 7.4876e-04 - mae: 0.0286
28/29 [===========================>..] - ETA: 0s - loss: 7.0908e-04 - mae: 0.0277
29/29 [==============================] - 1s 47ms/step - loss: 7.0639e-04 - mae: 0.0276 - val_loss: 0.0026 - val_mae: 0.0673 - lr: 9.3750e-05
Epoch 99/200

 1/29 [>.............................] - ETA: 1s - loss: 0.0034 - mae: 0.0715
 3/29 [==>...........................] - ETA: 1s - loss: 0.0030 - mae: 0.0605
 5/29 [====>.........................] - ETA: 1s - loss: 0.0021 - mae: 0.0485
 7/29 [======>.......................] - ETA: 0s - loss: 0.0017 - mae: 0.0419
 9/29 [========>.....................] - ETA: 0s - loss: 0.0014 - mae: 0.0369
11/29 [==========>...................] - ETA: 0s - loss: 0.0012 - mae: 0.0337
13/29 [============>.................] - ETA: 0s - loss: 0.0010 - mae: 0.0316
15/29 [==============>...............] - ETA: 0s - loss: 9.6371e-04 - mae: 0.0303
17/29 [================>.............] - ETA: 0s - loss: 9.8911e-04 - mae: 0.0308
19/29 [==================>...........] - ETA: 0s - loss: 9.5047e-04 - mae: 0.0304
21/29 [====================>.........] - ETA: 0s - loss: 9.1648e-04 - mae: 0.0301
23/29 [======================>.......] - ETA: 0s - loss: 8.6783e-04 - mae: 0.0293
25/29 [========================>.....] - ETA: 0s - loss: 8.4522e-04 - mae: 0.0292
27/29 [==========================>...] - ETA: 0s - loss: 7.9802e-04 - mae: 0.0283
29/29 [==============================] - ETA: 0s - loss: 7.7504e-04 - mae: 0.0277
Epoch 99: ReduceLROnPlateau reducing learning rate to 4.6875000407453626e-05.

29/29 [==============================] - 1s 48ms/step - loss: 7.7504e-04 - mae: 0.0277 - val_loss: 0.0026 - val_mae: 0.0675 - lr: 9.3750e-05
Epoch 100/200

 1/29 [>.............................] - ETA: 1s - loss: 0.0016 - mae: 0.0473
 3/29 [==>...........................] - ETA: 1s - loss: 0.0021 - mae: 0.0530
 5/29 [====>.........................] - ETA: 1s - loss: 0.0016 - mae: 0.0441
 7/29 [======>.......................] - ETA: 0s - loss: 0.0013 - mae: 0.0393
 9/29 [========>.....................] - ETA: 0s - loss: 0.0011 - mae: 0.0363
11/29 [==========>...................] - ETA: 0s - loss: 9.9222e-04 - mae: 0.0336
13/29 [============>.................] - ETA: 0s - loss: 8.9637e-04 - mae: 0.0319
15/29 [==============>...............] - ETA: 0s - loss: 8.7121e-04 - mae: 0.0315
17/29 [================>.............] - ETA: 0s - loss: 8.6792e-04 - mae: 0.0316
19/29 [==================>...........] - ETA: 0s - loss: 8.9239e-04 - mae: 0.0323
21/29 [====================>.........] - ETA: 0s - loss: 8.7440e-04 - mae: 0.0319
23/29 [======================>.......] - ETA: 0s - loss: 8.3835e-04 - mae: 0.0312
25/29 [========================>.....] - ETA: 0s - loss: 8.2373e-04 - mae: 0.0310
27/29 [==========================>...] - ETA: 0s - loss: 7.7894e-04 - mae: 0.0299
29/29 [==============================] - ETA: 0s - loss: 7.5759e-04 - mae: 0.0293
29/29 [==============================] - 1s 49ms/step - loss: 7.5759e-04 - mae: 0.0293 - val_loss: 0.0026 - val_mae: 0.0677 - lr: 4.6875e-05
Epoch 101/200

 1/29 [>.............................] - ETA: 1s - loss: 0.0028 - mae: 0.0624
 3/29 [==>...........................] - ETA: 1s - loss: 0.0028 - mae: 0.0569
 5/29 [====>.........................] - ETA: 1s - loss: 0.0020 - mae: 0.0463
 7/29 [======>.......................] - ETA: 0s - loss: 0.0015 - mae: 0.0396
 9/29 [========>.....................] - ETA: 0s - loss: 0.0013 - mae: 0.0364
11/29 [==========>...................] - ETA: 0s - loss: 0.0011 - mae: 0.0333
13/29 [============>.................] - ETA: 0s - loss: 9.9984e-04 - mae: 0.0314
15/29 [==============>...............] - ETA: 0s - loss: 9.9063e-04 - mae: 0.0316
17/29 [================>.............] - ETA: 0s - loss: 9.5888e-04 - mae: 0.0314
19/29 [==================>...........] - ETA: 0s - loss: 9.3948e-04 - mae: 0.0316
21/29 [====================>.........] - ETA: 0s - loss: 9.3274e-04 - mae: 0.0317
23/29 [======================>.......] - ETA: 0s - loss: 8.8854e-04 - mae: 0.0309
25/29 [========================>.....] - ETA: 0s - loss: 8.6587e-04 - mae: 0.0306
27/29 [==========================>...] - ETA: 0s - loss: 8.2319e-04 - mae: 0.0295
29/29 [==============================] - ETA: 0s - loss: 7.9955e-04 - mae: 0.0290
29/29 [==============================] - 1s 49ms/step - loss: 7.9955e-04 - mae: 0.0290 - val_loss: 0.0026 - val_mae: 0.0679 - lr: 4.6875e-05
Epoch 102/200

 1/29 [>.............................] - ETA: 1s - loss: 0.0015 - mae: 0.0435
 3/29 [==>...........................] - ETA: 1s - loss: 0.0020 - mae: 0.0512
 5/29 [====>.........................] - ETA: 1s - loss: 0.0015 - mae: 0.0431
 7/29 [======>.......................] - ETA: 0s - loss: 0.0012 - mae: 0.0379
 9/29 [========>.....................] - ETA: 0s - loss: 0.0010 - mae: 0.0347
11/29 [==========>...................] - ETA: 0s - loss: 8.8454e-04 - mae: 0.0317
13/29 [============>.................] - ETA: 0s - loss: 8.0084e-04 - mae: 0.0303
15/29 [==============>...............] - ETA: 0s - loss: 7.7141e-04 - mae: 0.0297
17/29 [================>.............] - ETA: 0s - loss: 8.0835e-04 - mae: 0.0305
19/29 [==================>...........] - ETA: 0s - loss: 8.1387e-04 - mae: 0.0309
21/29 [====================>.........] - ETA: 0s - loss: 7.7800e-04 - mae: 0.0302
23/29 [======================>.......] - ETA: 0s - loss: 7.4976e-04 - mae: 0.0297
25/29 [========================>.....] - ETA: 0s - loss: 7.4775e-04 - mae: 0.0296
27/29 [==========================>...] - ETA: 0s - loss: 7.1151e-04 - mae: 0.0288
29/29 [==============================] - ETA: 0s - loss: 6.9825e-04 - mae: 0.0285
29/29 [==============================] - 1s 48ms/step - loss: 6.9825e-04 - mae: 0.0285 - val_loss: 0.0026 - val_mae: 0.0673 - lr: 4.6875e-05
Epoch 103/200

 1/29 [>.............................] - ETA: 1s - loss: 0.0031 - mae: 0.0622
 3/29 [==>...........................] - ETA: 1s - loss: 0.0023 - mae: 0.0516
 5/29 [====>.........................] - ETA: 1s - loss: 0.0018 - mae: 0.0443
 7/29 [======>.......................] - ETA: 1s - loss: 0.0014 - mae: 0.0383
 9/29 [========>.....................] - ETA: 0s - loss: 0.0012 - mae: 0.0342
11/29 [==========>...................] - ETA: 0s - loss: 0.0010 - mae: 0.0318
13/29 [============>.................] - ETA: 0s - loss: 9.2329e-04 - mae: 0.0304
15/29 [==============>...............] - ETA: 0s - loss: 9.1411e-04 - mae: 0.0303
17/29 [================>.............] - ETA: 0s - loss: 9.3068e-04 - mae: 0.0307
19/29 [==================>...........] - ETA: 0s - loss: 9.3152e-04 - mae: 0.0308
21/29 [====================>.........] - ETA: 0s - loss: 8.9527e-04 - mae: 0.0304
22/29 [=====================>........] - ETA: 0s - loss: 8.7634e-04 - mae: 0.0301
24/29 [=======================>......] - ETA: 0s - loss: 8.6455e-04 - mae: 0.0299
26/29 [=========================>....] - ETA: 0s - loss: 8.3722e-04 - mae: 0.0295
28/29 [===========================>..] - ETA: 0s - loss: 7.9523e-04 - mae: 0.0286
29/29 [==============================] - 1s 48ms/step - loss: 7.9286e-04 - mae: 0.0285 - val_loss: 0.0026 - val_mae: 0.0678 - lr: 4.6875e-05
Epoch 104/200

 1/29 [>.............................] - ETA: 1s - loss: 0.0030 - mae: 0.0659
 3/29 [==>...........................] - ETA: 1s - loss: 0.0026 - mae: 0.0570
 5/29 [====>.........................] - ETA: 1s - loss: 0.0018 - mae: 0.0462
 7/29 [======>.......................] - ETA: 0s - loss: 0.0014 - mae: 0.0391
 9/29 [========>.....................] - ETA: 0s - loss: 0.0012 - mae: 0.0350
11/29 [==========>...................] - ETA: 0s - loss: 0.0010 - mae: 0.0320
13/29 [============>.................] - ETA: 0s - loss: 9.1704e-04 - mae: 0.0304
15/29 [==============>...............] - ETA: 0s - loss: 8.5458e-04 - mae: 0.0294
17/29 [================>.............] - ETA: 0s - loss: 8.6186e-04 - mae: 0.0297
19/29 [==================>...........] - ETA: 0s - loss: 8.7814e-04 - mae: 0.0300
21/29 [====================>.........] - ETA: 0s - loss: 8.6279e-04 - mae: 0.0300
23/29 [======================>.......] - ETA: 0s - loss: 8.3922e-04 - mae: 0.0297
25/29 [========================>.....] - ETA: 0s - loss: 8.2418e-04 - mae: 0.0295
27/29 [==========================>...] - ETA: 0s - loss: 7.8200e-04 - mae: 0.0285
29/29 [==============================] - ETA: 0s - loss: 7.6267e-04 - mae: 0.0280
29/29 [==============================] - 1s 47ms/step - loss: 7.6267e-04 - mae: 0.0280 - val_loss: 0.0026 - val_mae: 0.0678 - lr: 4.6875e-05
Epoch 105/200

 1/29 [>.............................] - ETA: 1s - loss: 0.0032 - mae: 0.0681
 3/29 [==>...........................] - ETA: 1s - loss: 0.0022 - mae: 0.0540
 5/29 [====>.........................] - ETA: 1s - loss: 0.0016 - mae: 0.0434
 7/29 [======>.......................] - ETA: 1s - loss: 0.0012 - mae: 0.0373
 9/29 [========>.....................] - ETA: 0s - loss: 0.0010 - mae: 0.0332
11/29 [==========>...................] - ETA: 0s - loss: 9.1194e-04 - mae: 0.0308
13/29 [============>.................] - ETA: 0s - loss: 8.1995e-04 - mae: 0.0294
15/29 [==============>...............] - ETA: 0s - loss: 7.5717e-04 - mae: 0.0282
17/29 [================>.............] - ETA: 0s - loss: 7.5297e-04 - mae: 0.0284
19/29 [==================>...........] - ETA: 0s - loss: 7.5320e-04 - mae: 0.0286
21/29 [====================>.........] - ETA: 0s - loss: 7.4766e-04 - mae: 0.0288
23/29 [======================>.......] - ETA: 0s - loss: 7.1387e-04 - mae: 0.0282
25/29 [========================>.....] - ETA: 0s - loss: 7.1958e-04 - mae: 0.0285
27/29 [==========================>...] - ETA: 0s - loss: 6.7505e-04 - mae: 0.0273
29/29 [==============================] - ETA: 0s - loss: 6.5908e-04 - mae: 0.0269
29/29 [==============================] - 1s 48ms/step - loss: 6.5908e-04 - mae: 0.0269 - val_loss: 0.0026 - val_mae: 0.0673 - lr: 4.6875e-05
Epoch 106/200

 1/29 [>.............................] - ETA: 1s - loss: 0.0030 - mae: 0.0597
 3/29 [==>...........................] - ETA: 1s - loss: 0.0023 - mae: 0.0538
 5/29 [====>.........................] - ETA: 1s - loss: 0.0017 - mae: 0.0441
 7/29 [======>.......................] - ETA: 1s - loss: 0.0013 - mae: 0.0385
 9/29 [========>.....................] - ETA: 0s - loss: 0.0011 - mae: 0.0347
11/29 [==========>...................] - ETA: 0s - loss: 9.7440e-04 - mae: 0.0324
13/29 [============>.................] - ETA: 0s - loss: 8.7591e-04 - mae: 0.0309
15/29 [==============>...............] - ETA: 0s - loss: 8.3694e-04 - mae: 0.0301
17/29 [================>.............] - ETA: 0s - loss: 8.4148e-04 - mae: 0.0304
19/29 [==================>...........] - ETA: 0s - loss: 8.5867e-04 - mae: 0.0311
21/29 [====================>.........] - ETA: 0s - loss: 8.5188e-04 - mae: 0.0309
23/29 [======================>.......] - ETA: 0s - loss: 8.1602e-04 - mae: 0.0301
25/29 [========================>.....] - ETA: 0s - loss: 7.9924e-04 - mae: 0.0298
26/29 [=========================>....] - ETA: 0s - loss: 7.8551e-04 - mae: 0.0294
27/29 [==========================>...] - ETA: 0s - loss: 7.6106e-04 - mae: 0.0288
28/29 [===========================>..] - ETA: 0s - loss: 7.4211e-04 - mae: 0.0284
29/29 [==============================] - ETA: 0s - loss: 7.3932e-04 - mae: 0.0283
29/29 [==============================] - 2s 69ms/step - loss: 7.3932e-04 - mae: 0.0283 - val_loss: 0.0026 - val_mae: 0.0677 - lr: 4.6875e-05
Epoch 107/200

 1/29 [>.............................] - ETA: 4s - loss: 0.0033 - mae: 0.0641
 2/29 [=>............................] - ETA: 3s - loss: 0.0029 - mae: 0.0593
 3/29 [==>...........................] - ETA: 3s - loss: 0.0026 - mae: 0.0563
 4/29 [===>..........................] - ETA: 3s - loss: 0.0022 - mae: 0.0525
 5/29 [====>.........................] - ETA: 3s - loss: 0.0020 - mae: 0.0483
 6/29 [=====>........................] - ETA: 3s - loss: 0.0017 - mae: 0.0437
 7/29 [======>.......................] - ETA: 2s - loss: 0.0015 - mae: 0.0415
 8/29 [=======>......................] - ETA: 2s - loss: 0.0014 - mae: 0.0393
 9/29 [========>.....................] - ETA: 2s - loss: 0.0013 - mae: 0.0377
10/29 [=========>....................] - ETA: 2s - loss: 0.0012 - mae: 0.0356
11/29 [==========>...................] - ETA: 2s - loss: 0.0011 - mae: 0.0341
12/29 [===========>..................] - ETA: 2s - loss: 0.0010 - mae: 0.0328
13/29 [============>.................] - ETA: 2s - loss: 9.9493e-04 - mae: 0.0321
14/29 [=============>................] - ETA: 1s - loss: 9.4295e-04 - mae: 0.0311
15/29 [==============>...............] - ETA: 1s - loss: 9.1090e-04 - mae: 0.0306
16/29 [===============>..............] - ETA: 1s - loss: 9.2563e-04 - mae: 0.0310
17/29 [================>.............] - ETA: 1s - loss: 9.2205e-04 - mae: 0.0309
18/29 [=================>............] - ETA: 1s - loss: 9.1642e-04 - mae: 0.0311
19/29 [==================>...........] - ETA: 1s - loss: 9.1310e-04 - mae: 0.0313
20/29 [===================>..........] - ETA: 1s - loss: 8.8758e-04 - mae: 0.0309
21/29 [====================>.........] - ETA: 1s - loss: 8.8002e-04 - mae: 0.0308
22/29 [=====================>........] - ETA: 0s - loss: 8.5871e-04 - mae: 0.0306
23/29 [======================>.......] - ETA: 0s - loss: 8.3535e-04 - mae: 0.0301
24/29 [=======================>......] - ETA: 0s - loss: 8.1822e-04 - mae: 0.0298
25/29 [========================>.....] - ETA: 0s - loss: 8.0993e-04 - mae: 0.0297
26/29 [=========================>....] - ETA: 0s - loss: 7.9140e-04 - mae: 0.0293
27/29 [==========================>...] - ETA: 0s - loss: 7.7071e-04 - mae: 0.0288
28/29 [===========================>..] - ETA: 0s - loss: 7.5476e-04 - mae: 0.0284
29/29 [==============================] - 4s 133ms/step - loss: 7.5195e-04 - mae: 0.0284 - val_loss: 0.0026 - val_mae: 0.0674 - lr: 4.6875e-05
Epoch 108/200

 1/29 [>.............................] - ETA: 4s - loss: 0.0037 - mae: 0.0724
 2/29 [=>............................] - ETA: 2s - loss: 0.0033 - mae: 0.0689
 4/29 [===>..........................] - ETA: 1s - loss: 0.0020 - mae: 0.0497
 6/29 [=====>........................] - ETA: 1s - loss: 0.0015 - mae: 0.0416
 8/29 [=======>......................] - ETA: 1s - loss: 0.0013 - mae: 0.0374
 9/29 [========>.....................] - ETA: 1s - loss: 0.0012 - mae: 0.0364
11/29 [==========>...................] - ETA: 0s - loss: 0.0011 - mae: 0.0331
12/29 [===========>..................] - ETA: 0s - loss: 9.9530e-04 - mae: 0.0320
13/29 [============>.................] - ETA: 0s - loss: 9.5100e-04 - mae: 0.0314
14/29 [=============>................] - ETA: 0s - loss: 9.2780e-04 - mae: 0.0311
16/29 [===============>..............] - ETA: 0s - loss: 9.3774e-04 - mae: 0.0317
17/29 [================>.............] - ETA: 0s - loss: 9.4399e-04 - mae: 0.0318
19/29 [==================>...........] - ETA: 0s - loss: 9.2420e-04 - mae: 0.0316
21/29 [====================>.........] - ETA: 0s - loss: 9.0428e-04 - mae: 0.0314
22/29 [=====================>........] - ETA: 0s - loss: 8.7607e-04 - mae: 0.0308
24/29 [=======================>......] - ETA: 0s - loss: 8.4171e-04 - mae: 0.0302
26/29 [=========================>....] - ETA: 0s - loss: 8.2026e-04 - mae: 0.0298
28/29 [===========================>..] - ETA: 0s - loss: 7.7909e-04 - mae: 0.0288
29/29 [==============================] - 2s 54ms/step - loss: 7.7653e-04 - mae: 0.0287 - val_loss: 0.0026 - val_mae: 0.0669 - lr: 4.6875e-05
Epoch 109/200

 1/29 [>.............................] - ETA: 1s - loss: 0.0033 - mae: 0.0666
 3/29 [==>...........................] - ETA: 1s - loss: 0.0029 - mae: 0.0594
 5/29 [====>.........................] - ETA: 1s - loss: 0.0020 - mae: 0.0466
 7/29 [======>.......................] - ETA: 0s - loss: 0.0015 - mae: 0.0397
 9/29 [========>.....................] - ETA: 0s - loss: 0.0013 - mae: 0.0358
11/29 [==========>...................] - ETA: 0s - loss: 0.0011 - mae: 0.0324
13/29 [============>.................] - ETA: 0s - loss: 9.4654e-04 - mae: 0.0303
15/29 [==============>...............] - ETA: 0s - loss: 9.2093e-04 - mae: 0.0299
17/29 [================>.............] - ETA: 0s - loss: 9.4327e-04 - mae: 0.0310
19/29 [==================>...........] - ETA: 0s - loss: 9.4490e-04 - mae: 0.0313
21/29 [====================>.........] - ETA: 0s - loss: 8.9834e-04 - mae: 0.0305
23/29 [======================>.......] - ETA: 0s - loss: 8.6459e-04 - mae: 0.0301
25/29 [========================>.....] - ETA: 0s - loss: 8.3896e-04 - mae: 0.0298
27/29 [==========================>...] - ETA: 0s - loss: 7.8926e-04 - mae: 0.0287
29/29 [==============================] - ETA: 0s - loss: 7.7113e-04 - mae: 0.0283
29/29 [==============================] - 1s 49ms/step - loss: 7.7113e-04 - mae: 0.0283 - val_loss: 0.0026 - val_mae: 0.0673 - lr: 4.6875e-05
Epoch 110/200

 1/29 [>.............................] - ETA: 1s - loss: 0.0033 - mae: 0.0653
 3/29 [==>...........................] - ETA: 1s - loss: 0.0023 - mae: 0.0531
 5/29 [====>.........................] - ETA: 1s - loss: 0.0017 - mae: 0.0453
 7/29 [======>.......................] - ETA: 0s - loss: 0.0014 - mae: 0.0389
 9/29 [========>.....................] - ETA: 0s - loss: 0.0011 - mae: 0.0355
11/29 [==========>...................] - ETA: 0s - loss: 9.7841e-04 - mae: 0.0322
13/29 [============>.................] - ETA: 0s - loss: 8.6655e-04 - mae: 0.0299
15/29 [==============>...............] - ETA: 0s - loss: 8.2972e-04 - mae: 0.0295
17/29 [================>.............] - ETA: 0s - loss: 8.2657e-04 - mae: 0.0297
19/29 [==================>...........] - ETA: 0s - loss: 8.0086e-04 - mae: 0.0295
21/29 [====================>.........] - ETA: 0s - loss: 7.8114e-04 - mae: 0.0292
23/29 [======================>.......] - ETA: 0s - loss: 7.5285e-04 - mae: 0.0288
25/29 [========================>.....] - ETA: 0s - loss: 7.5114e-04 - mae: 0.0287
27/29 [==========================>...] - ETA: 0s - loss: 7.1100e-04 - mae: 0.0278
29/29 [==============================] - ETA: 0s - loss: 6.9012e-04 - mae: 0.0272
29/29 [==============================] - 1s 49ms/step - loss: 6.9012e-04 - mae: 0.0272 - val_loss: 0.0026 - val_mae: 0.0672 - lr: 4.6875e-05
Epoch 111/200

 1/29 [>.............................] - ETA: 1s - loss: 0.0034 - mae: 0.0678
 3/29 [==>...........................] - ETA: 1s - loss: 0.0029 - mae: 0.0595
 5/29 [====>.........................] - ETA: 1s - loss: 0.0019 - mae: 0.0463
 7/29 [======>.......................] - ETA: 0s - loss: 0.0015 - mae: 0.0399
 9/29 [========>.....................] - ETA: 0s - loss: 0.0013 - mae: 0.0361
11/29 [==========>...................] - ETA: 0s - loss: 0.0011 - mae: 0.0334
13/29 [============>.................] - ETA: 0s - loss: 9.7326e-04 - mae: 0.0316
15/29 [==============>...............] - ETA: 0s - loss: 9.3790e-04 - mae: 0.0311
17/29 [================>.............] - ETA: 0s - loss: 9.4126e-04 - mae: 0.0314
19/29 [==================>...........] - ETA: 0s - loss: 9.4184e-04 - mae: 0.0317
21/29 [====================>.........] - ETA: 0s - loss: 9.4875e-04 - mae: 0.0320
23/29 [======================>.......] - ETA: 0s - loss: 9.0390e-04 - mae: 0.0313
25/29 [========================>.....] - ETA: 0s - loss: 8.9658e-04 - mae: 0.0314
27/29 [==========================>...] - ETA: 0s - loss: 8.4218e-04 - mae: 0.0302
29/29 [==============================] - ETA: 0s - loss: 8.1849e-04 - mae: 0.0297
29/29 [==============================] - 1s 48ms/step - loss: 8.1849e-04 - mae: 0.0297 - val_loss: 0.0026 - val_mae: 0.0676 - lr: 4.6875e-05
Epoch 112/200

 1/29 [>.............................] - ETA: 1s - loss: 0.0024 - mae: 0.0603
 3/29 [==>...........................] - ETA: 1s - loss: 0.0022 - mae: 0.0541
 5/29 [====>.........................] - ETA: 1s - loss: 0.0015 - mae: 0.0428
 7/29 [======>.......................] - ETA: 0s - loss: 0.0013 - mae: 0.0377
 9/29 [========>.....................] - ETA: 0s - loss: 0.0011 - mae: 0.0341
11/29 [==========>...................] - ETA: 0s - loss: 9.3516e-04 - mae: 0.0319
13/29 [============>.................] - ETA: 0s - loss: 8.6076e-04 - mae: 0.0307
15/29 [==============>...............] - ETA: 0s - loss: 8.3021e-04 - mae: 0.0300
17/29 [================>.............] - ETA: 0s - loss: 8.6277e-04 - mae: 0.0307
19/29 [==================>...........] - ETA: 0s - loss: 8.4500e-04 - mae: 0.0306
21/29 [====================>.........] - ETA: 0s - loss: 8.3507e-04 - mae: 0.0305
23/29 [======================>.......] - ETA: 0s - loss: 7.9707e-04 - mae: 0.0299
25/29 [========================>.....] - ETA: 0s - loss: 7.8067e-04 - mae: 0.0297
27/29 [==========================>...] - ETA: 0s - loss: 7.5696e-04 - mae: 0.0290
29/29 [==============================] - ETA: 0s - loss: 7.3677e-04 - mae: 0.0285
29/29 [==============================] - 1s 46ms/step - loss: 7.3677e-04 - mae: 0.0285 - val_loss: 0.0026 - val_mae: 0.0671 - lr: 4.6875e-05
Epoch 113/200

 1/29 [>.............................] - ETA: 1s - loss: 0.0028 - mae: 0.0555
 3/29 [==>...........................] - ETA: 1s - loss: 0.0022 - mae: 0.0533
 5/29 [====>.........................] - ETA: 1s - loss: 0.0016 - mae: 0.0457
 7/29 [======>.......................] - ETA: 0s - loss: 0.0013 - mae: 0.0404
 9/29 [========>.....................] - ETA: 0s - loss: 0.0011 - mae: 0.0361
11/29 [==========>...................] - ETA: 0s - loss: 9.6263e-04 - mae: 0.0328
13/29 [============>.................] - ETA: 0s - loss: 8.5608e-04 - mae: 0.0307
15/29 [==============>...............] - ETA: 0s - loss: 8.3407e-04 - mae: 0.0300
17/29 [================>.............] - ETA: 0s - loss: 8.2560e-04 - mae: 0.0301
19/29 [==================>...........] - ETA: 0s - loss: 8.1753e-04 - mae: 0.0302
21/29 [====================>.........] - ETA: 0s - loss: 8.1625e-04 - mae: 0.0302
23/29 [======================>.......] - ETA: 0s - loss: 7.8661e-04 - mae: 0.0298
25/29 [========================>.....] - ETA: 0s - loss: 7.7047e-04 - mae: 0.0296
27/29 [==========================>...] - ETA: 0s - loss: 7.2403e-04 - mae: 0.0283
29/29 [==============================] - ETA: 0s - loss: 7.0210e-04 - mae: 0.0278
29/29 [==============================] - 1s 47ms/step - loss: 7.0210e-04 - mae: 0.0278 - val_loss: 0.0025 - val_mae: 0.0665 - lr: 4.6875e-05
Epoch 114/200

 1/29 [>.............................] - ETA: 1s - loss: 0.0019 - mae: 0.0508
 3/29 [==>...........................] - ETA: 1s - loss: 0.0021 - mae: 0.0513
 5/29 [====>.........................] - ETA: 1s - loss: 0.0015 - mae: 0.0425
 7/29 [======>.......................] - ETA: 0s - loss: 0.0012 - mae: 0.0377
 9/29 [========>.....................] - ETA: 0s - loss: 0.0011 - mae: 0.0343
11/29 [==========>...................] - ETA: 0s - loss: 9.3239e-04 - mae: 0.0318
13/29 [============>.................] - ETA: 0s - loss: 8.3056e-04 - mae: 0.0300
15/29 [==============>...............] - ETA: 0s - loss: 8.3446e-04 - mae: 0.0300
17/29 [================>.............] - ETA: 0s - loss: 8.4378e-04 - mae: 0.0304
19/29 [==================>...........] - ETA: 0s - loss: 8.1852e-04 - mae: 0.0301
21/29 [====================>.........] - ETA: 0s - loss: 7.8906e-04 - mae: 0.0298
23/29 [======================>.......] - ETA: 0s - loss: 7.4816e-04 - mae: 0.0290
25/29 [========================>.....] - ETA: 0s - loss: 7.4562e-04 - mae: 0.0290
27/29 [==========================>...] - ETA: 0s - loss: 7.0629e-04 - mae: 0.0279
29/29 [==============================] - ETA: 0s - loss: 6.8891e-04 - mae: 0.0275
Epoch 114: ReduceLROnPlateau reducing learning rate to 2.3437500203726813e-05.

29/29 [==============================] - 1s 46ms/step - loss: 6.8891e-04 - mae: 0.0275 - val_loss: 0.0026 - val_mae: 0.0671 - lr: 4.6875e-05
Epoch 115/200

 1/29 [>.............................] - ETA: 1s - loss: 0.0019 - mae: 0.0484
 3/29 [==>...........................] - ETA: 1s - loss: 0.0024 - mae: 0.0534
 5/29 [====>.........................] - ETA: 1s - loss: 0.0017 - mae: 0.0435
 7/29 [======>.......................] - ETA: 0s - loss: 0.0013 - mae: 0.0373
 9/29 [========>.....................] - ETA: 0s - loss: 0.0011 - mae: 0.0337
11/29 [==========>...................] - ETA: 0s - loss: 9.8721e-04 - mae: 0.0315
13/29 [============>.................] - ETA: 0s - loss: 8.9472e-04 - mae: 0.0301
15/29 [==============>...............] - ETA: 0s - loss: 8.2500e-04 - mae: 0.0290
17/29 [================>.............] - ETA: 0s - loss: 8.9709e-04 - mae: 0.0301
19/29 [==================>...........] - ETA: 0s - loss: 8.7123e-04 - mae: 0.0299
21/29 [====================>.........] - ETA: 0s - loss: 8.5029e-04 - mae: 0.0296
23/29 [======================>.......] - ETA: 0s - loss: 8.2341e-04 - mae: 0.0292
25/29 [========================>.....] - ETA: 0s - loss: 8.1051e-04 - mae: 0.0291
27/29 [==========================>...] - ETA: 0s - loss: 7.6466e-04 - mae: 0.0280
29/29 [==============================] - ETA: 0s - loss: 7.4048e-04 - mae: 0.0275
29/29 [==============================] - 1s 47ms/step - loss: 7.4048e-04 - mae: 0.0275 - val_loss: 0.0026 - val_mae: 0.0672 - lr: 2.3438e-05
Epoch 116/200

 1/29 [>.............................] - ETA: 1s - loss: 0.0020 - mae: 0.0492
 3/29 [==>...........................] - ETA: 1s - loss: 0.0020 - mae: 0.0507
 5/29 [====>.........................] - ETA: 1s - loss: 0.0016 - mae: 0.0428
 7/29 [======>.......................] - ETA: 0s - loss: 0.0012 - mae: 0.0367
 9/29 [========>.....................] - ETA: 0s - loss: 0.0010 - mae: 0.0326
11/29 [==========>...................] - ETA: 0s - loss: 8.7257e-04 - mae: 0.0302
13/29 [============>.................] - ETA: 0s - loss: 7.9755e-04 - mae: 0.0293
15/29 [==============>...............] - ETA: 0s - loss: 7.7347e-04 - mae: 0.0288
17/29 [================>.............] - ETA: 0s - loss: 7.9444e-04 - mae: 0.0294
19/29 [==================>...........] - ETA: 0s - loss: 7.8507e-04 - mae: 0.0296
21/29 [====================>.........] - ETA: 0s - loss: 7.8604e-04 - mae: 0.0298
23/29 [======================>.......] - ETA: 0s - loss: 7.5294e-04 - mae: 0.0293
25/29 [========================>.....] - ETA: 0s - loss: 7.4524e-04 - mae: 0.0292
27/29 [==========================>...] - ETA: 0s - loss: 7.0904e-04 - mae: 0.0283
29/29 [==============================] - ETA: 0s - loss: 6.9356e-04 - mae: 0.0279
29/29 [==============================] - 1s 47ms/step - loss: 6.9356e-04 - mae: 0.0279 - val_loss: 0.0026 - val_mae: 0.0672 - lr: 2.3438e-05
Epoch 117/200

 1/29 [>.............................] - ETA: 1s - loss: 0.0030 - mae: 0.0676
 3/29 [==>...........................] - ETA: 1s - loss: 0.0026 - mae: 0.0593
 5/29 [====>.........................] - ETA: 1s - loss: 0.0018 - mae: 0.0466
 7/29 [======>.......................] - ETA: 1s - loss: 0.0014 - mae: 0.0399
 9/29 [========>.....................] - ETA: 0s - loss: 0.0012 - mae: 0.0365
11/29 [==========>...................] - ETA: 0s - loss: 0.0010 - mae: 0.0329
13/29 [============>.................] - ETA: 0s - loss: 9.2362e-04 - mae: 0.0307
15/29 [==============>...............] - ETA: 0s - loss: 8.4200e-04 - mae: 0.0291
17/29 [================>.............] - ETA: 0s - loss: 8.5609e-04 - mae: 0.0294
19/29 [==================>...........] - ETA: 0s - loss: 8.6026e-04 - mae: 0.0300
21/29 [====================>.........] - ETA: 0s - loss: 8.3059e-04 - mae: 0.0297
23/29 [======================>.......] - ETA: 0s - loss: 7.8644e-04 - mae: 0.0289
25/29 [========================>.....] - ETA: 0s - loss: 7.7829e-04 - mae: 0.0289
27/29 [==========================>...] - ETA: 0s - loss: 7.3456e-04 - mae: 0.0279
29/29 [==============================] - ETA: 0s - loss: 7.1217e-04 - mae: 0.0273
29/29 [==============================] - 1s 47ms/step - loss: 7.1217e-04 - mae: 0.0273 - val_loss: 0.0026 - val_mae: 0.0669 - lr: 2.3438e-05
Epoch 118/200

 1/29 [>.............................] - ETA: 1s - loss: 0.0043 - mae: 0.0711
 3/29 [==>...........................] - ETA: 1s - loss: 0.0036 - mae: 0.0659
 5/29 [====>.........................] - ETA: 1s - loss: 0.0025 - mae: 0.0517
 7/29 [======>.......................] - ETA: 0s - loss: 0.0019 - mae: 0.0436
 9/29 [========>.....................] - ETA: 0s - loss: 0.0016 - mae: 0.0394
11/29 [==========>...................] - ETA: 0s - loss: 0.0014 - mae: 0.0363
13/29 [============>.................] - ETA: 0s - loss: 0.0012 - mae: 0.0337
15/29 [==============>...............] - ETA: 0s - loss: 0.0011 - mae: 0.0324
17/29 [================>.............] - ETA: 0s - loss: 0.0011 - mae: 0.0327
19/29 [==================>...........] - ETA: 0s - loss: 0.0011 - mae: 0.0326
21/29 [====================>.........] - ETA: 0s - loss: 0.0010 - mae: 0.0321
23/29 [======================>.......] - ETA: 0s - loss: 9.7958e-04 - mae: 0.0313
25/29 [========================>.....] - ETA: 0s - loss: 9.4884e-04 - mae: 0.0310
27/29 [==========================>...] - ETA: 0s - loss: 8.9485e-04 - mae: 0.0300
29/29 [==============================] - ETA: 0s - loss: 8.7220e-04 - mae: 0.0295
29/29 [==============================] - 1s 46ms/step - loss: 8.7220e-04 - mae: 0.0295 - val_loss: 0.0026 - val_mae: 0.0675 - lr: 2.3438e-05
Epoch 119/200

 1/29 [>.............................] - ETA: 1s - loss: 0.0021 - mae: 0.0534
 2/29 [=>............................] - ETA: 1s - loss: 0.0026 - mae: 0.0570
 4/29 [===>..........................] - ETA: 1s - loss: 0.0017 - mae: 0.0456
 6/29 [=====>........................] - ETA: 1s - loss: 0.0014 - mae: 0.0401
 8/29 [=======>......................] - ETA: 0s - loss: 0.0012 - mae: 0.0362
10/29 [=========>....................] - ETA: 0s - loss: 0.0010 - mae: 0.0336
12/29 [===========>..................] - ETA: 0s - loss: 9.0535e-04 - mae: 0.0317
14/29 [=============>................] - ETA: 0s - loss: 8.2013e-04 - mae: 0.0301
16/29 [===============>..............] - ETA: 0s - loss: 8.0342e-04 - mae: 0.0300
18/29 [=================>............] - ETA: 0s - loss: 8.8856e-04 - mae: 0.0317
20/29 [===================>..........] - ETA: 0s - loss: 8.7616e-04 - mae: 0.0316
22/29 [=====================>........] - ETA: 0s - loss: 8.5864e-04 - mae: 0.0313
24/29 [=======================>......] - ETA: 0s - loss: 8.3041e-04 - mae: 0.0308
26/29 [=========================>....] - ETA: 0s - loss: 8.0272e-04 - mae: 0.0302
28/29 [===========================>..] - ETA: 0s - loss: 7.5888e-04 - mae: 0.0291
29/29 [==============================] - 1s 48ms/step - loss: 7.5606e-04 - mae: 0.0290 - val_loss: 0.0026 - val_mae: 0.0675 - lr: 2.3438e-05
Epoch 120/200

 1/29 [>.............................] - ETA: 1s - loss: 0.0026 - mae: 0.0599
 3/29 [==>...........................] - ETA: 1s - loss: 0.0022 - mae: 0.0525
 5/29 [====>.........................] - ETA: 1s - loss: 0.0016 - mae: 0.0435
 7/29 [======>.......................] - ETA: 0s - loss: 0.0013 - mae: 0.0389
 9/29 [========>.....................] - ETA: 0s - loss: 0.0011 - mae: 0.0359
10/29 [=========>....................] - ETA: 0s - loss: 0.0011 - mae: 0.0342
12/29 [===========>..................] - ETA: 0s - loss: 9.1519e-04 - mae: 0.0314
14/29 [=============>................] - ETA: 0s - loss: 8.4777e-04 - mae: 0.0305
16/29 [===============>..............] - ETA: 0s - loss: 8.2554e-04 - mae: 0.0302
18/29 [=================>............] - ETA: 0s - loss: 8.7184e-04 - mae: 0.0311
20/29 [===================>..........] - ETA: 0s - loss: 8.5156e-04 - mae: 0.0309
22/29 [=====================>........] - ETA: 0s - loss: 8.3025e-04 - mae: 0.0305
24/29 [=======================>......] - ETA: 0s - loss: 7.9668e-04 - mae: 0.0298
26/29 [=========================>....] - ETA: 0s - loss: 7.6604e-04 - mae: 0.0291
28/29 [===========================>..] - ETA: 0s - loss: 7.2131e-04 - mae: 0.0279
29/29 [==============================] - 1s 49ms/step - loss: 7.1877e-04 - mae: 0.0279 - val_loss: 0.0026 - val_mae: 0.0675 - lr: 2.3438e-05
Epoch 121/200

 1/29 [>.............................] - ETA: 1s - loss: 0.0020 - mae: 0.0506
 3/29 [==>...........................] - ETA: 1s - loss: 0.0025 - mae: 0.0553
 4/29 [===>..........................] - ETA: 1s - loss: 0.0021 - mae: 0.0502
 6/29 [=====>........................] - ETA: 1s - loss: 0.0016 - mae: 0.0430
 8/29 [=======>......................] - ETA: 1s - loss: 0.0013 - mae: 0.0380
10/29 [=========>....................] - ETA: 0s - loss: 0.0011 - mae: 0.0346
12/29 [===========>..................] - ETA: 0s - loss: 0.0010 - mae: 0.0324
13/29 [============>.................] - ETA: 0s - loss: 9.5963e-04 - mae: 0.0317
15/29 [==============>...............] - ETA: 0s - loss: 9.2105e-04 - mae: 0.0312
17/29 [================>.............] - ETA: 0s - loss: 9.3719e-04 - mae: 0.0316
19/29 [==================>...........] - ETA: 0s - loss: 9.3669e-04 - mae: 0.0321
21/29 [====================>.........] - ETA: 0s - loss: 9.1632e-04 - mae: 0.0320
23/29 [======================>.......] - ETA: 0s - loss: 8.6829e-04 - mae: 0.0312
25/29 [========================>.....] - ETA: 0s - loss: 8.4103e-04 - mae: 0.0307
27/29 [==========================>...] - ETA: 0s - loss: 8.0207e-04 - mae: 0.0298
29/29 [==============================] - ETA: 0s - loss: 7.8461e-04 - mae: 0.0294
29/29 [==============================] - 1s 50ms/step - loss: 7.8461e-04 - mae: 0.0294 - val_loss: 0.0026 - val_mae: 0.0674 - lr: 2.3438e-05
Epoch 122/200

 1/29 [>.............................] - ETA: 1s - loss: 0.0029 - mae: 0.0595
 3/29 [==>...........................] - ETA: 1s - loss: 0.0023 - mae: 0.0527
 5/29 [====>.........................] - ETA: 1s - loss: 0.0017 - mae: 0.0449
 7/29 [======>.......................] - ETA: 0s - loss: 0.0014 - mae: 0.0393
 9/29 [========>.....................] - ETA: 0s - loss: 0.0012 - mae: 0.0353
11/29 [==========>...................] - ETA: 0s - loss: 9.9231e-04 - mae: 0.0321
13/29 [============>.................] - ETA: 0s - loss: 8.8199e-04 - mae: 0.0301
15/29 [==============>...............] - ETA: 0s - loss: 8.4037e-04 - mae: 0.0293
17/29 [================>.............] - ETA: 0s - loss: 8.2711e-04 - mae: 0.0292
19/29 [==================>...........] - ETA: 0s - loss: 8.0465e-04 - mae: 0.0291
21/29 [====================>.........] - ETA: 0s - loss: 7.9878e-04 - mae: 0.0293
22/29 [=====================>........] - ETA: 0s - loss: 7.8197e-04 - mae: 0.0290
24/29 [=======================>......] - ETA: 0s - loss: 7.4474e-04 - mae: 0.0283
25/29 [========================>.....] - ETA: 0s - loss: 7.4379e-04 - mae: 0.0282
27/29 [==========================>...] - ETA: 0s - loss: 7.0264e-04 - mae: 0.0273
29/29 [==============================] - ETA: 0s - loss: 6.8544e-04 - mae: 0.0268
29/29 [==============================] - 1s 49ms/step - loss: 6.8544e-04 - mae: 0.0268 - val_loss: 0.0026 - val_mae: 0.0673 - lr: 2.3438e-05
Epoch 123/200

 1/29 [>.............................] - ETA: 1s - loss: 0.0027 - mae: 0.0585
 3/29 [==>...........................] - ETA: 1s - loss: 0.0020 - mae: 0.0496
 5/29 [====>.........................] - ETA: 1s - loss: 0.0014 - mae: 0.0400
 7/29 [======>.......................] - ETA: 0s - loss: 0.0011 - mae: 0.0350
 9/29 [========>.....................] - ETA: 0s - loss: 9.8217e-04 - mae: 0.0327
11/29 [==========>...................] - ETA: 0s - loss: 8.5126e-04 - mae: 0.0301
13/29 [============>.................] - ETA: 0s - loss: 7.7259e-04 - mae: 0.0288
15/29 [==============>...............] - ETA: 0s - loss: 7.5091e-04 - mae: 0.0282
17/29 [================>.............] - ETA: 0s - loss: 7.6117e-04 - mae: 0.0288
19/29 [==================>...........] - ETA: 0s - loss: 8.0865e-04 - mae: 0.0298
21/29 [====================>.........] - ETA: 0s - loss: 7.8465e-04 - mae: 0.0294
23/29 [======================>.......] - ETA: 0s - loss: 7.5394e-04 - mae: 0.0290
25/29 [========================>.....] - ETA: 0s - loss: 7.4351e-04 - mae: 0.0288
27/29 [==========================>...] - ETA: 0s - loss: 7.0545e-04 - mae: 0.0278
29/29 [==============================] - ETA: 0s - loss: 6.8679e-04 - mae: 0.0273
29/29 [==============================] - 1s 48ms/step - loss: 6.8679e-04 - mae: 0.0273 - val_loss: 0.0026 - val_mae: 0.0672 - lr: 2.3438e-05
Epoch 124/200

 1/29 [>.............................] - ETA: 1s - loss: 0.0025 - mae: 0.0541
 3/29 [==>...........................] - ETA: 1s - loss: 0.0020 - mae: 0.0497
 4/29 [===>..........................] - ETA: 1s - loss: 0.0018 - mae: 0.0474
 6/29 [=====>........................] - ETA: 1s - loss: 0.0014 - mae: 0.0397
 8/29 [=======>......................] - ETA: 0s - loss: 0.0012 - mae: 0.0366
10/29 [=========>....................] - ETA: 0s - loss: 0.0010 - mae: 0.0330
12/29 [===========>..................] - ETA: 0s - loss: 8.8215e-04 - mae: 0.0307
14/29 [=============>................] - ETA: 0s - loss: 8.0321e-04 - mae: 0.0293
16/29 [===============>..............] - ETA: 0s - loss: 7.8245e-04 - mae: 0.0291
18/29 [=================>............] - ETA: 0s - loss: 7.6910e-04 - mae: 0.0291
20/29 [===================>..........] - ETA: 0s - loss: 7.6499e-04 - mae: 0.0289
22/29 [=====================>........] - ETA: 0s - loss: 7.4219e-04 - mae: 0.0285
24/29 [=======================>......] - ETA: 0s - loss: 7.1661e-04 - mae: 0.0282
26/29 [=========================>....] - ETA: 0s - loss: 6.9284e-04 - mae: 0.0276
28/29 [===========================>..] - ETA: 0s - loss: 6.6803e-04 - mae: 0.0269
29/29 [==============================] - 1s 48ms/step - loss: 6.6558e-04 - mae: 0.0268 - val_loss: 0.0026 - val_mae: 0.0673 - lr: 2.3438e-05
Epoch 125/200

 1/29 [>.............................] - ETA: 1s - loss: 0.0028 - mae: 0.0667
 3/29 [==>...........................] - ETA: 1s - loss: 0.0022 - mae: 0.0553
 5/29 [====>.........................] - ETA: 1s - loss: 0.0016 - mae: 0.0457
 7/29 [======>.......................] - ETA: 1s - loss: 0.0013 - mae: 0.0408
 9/29 [========>.....................] - ETA: 0s - loss: 0.0011 - mae: 0.0367
11/29 [==========>...................] - ETA: 0s - loss: 9.6246e-04 - mae: 0.0330
13/29 [============>.................] - ETA: 0s - loss: 8.5889e-04 - mae: 0.0311
15/29 [==============>...............] - ETA: 0s - loss: 8.0184e-04 - mae: 0.0300
17/29 [================>.............] - ETA: 0s - loss: 8.2391e-04 - mae: 0.0308
19/29 [==================>...........] - ETA: 0s - loss: 8.0499e-04 - mae: 0.0306
21/29 [====================>.........] - ETA: 0s - loss: 7.9321e-04 - mae: 0.0302
23/29 [======================>.......] - ETA: 0s - loss: 7.7672e-04 - mae: 0.0302
25/29 [========================>.....] - ETA: 0s - loss: 7.6901e-04 - mae: 0.0300
27/29 [==========================>...] - ETA: 0s - loss: 7.2678e-04 - mae: 0.0289
29/29 [==============================] - ETA: 0s - loss: 7.0433e-04 - mae: 0.0283
29/29 [==============================] - 1s 49ms/step - loss: 7.0433e-04 - mae: 0.0283 - val_loss: 0.0026 - val_mae: 0.0671 - lr: 2.3438e-05
Epoch 126/200

 1/29 [>.............................] - ETA: 1s - loss: 0.0033 - mae: 0.0557
 3/29 [==>...........................] - ETA: 1s - loss: 0.0026 - mae: 0.0521
 5/29 [====>.........................] - ETA: 1s - loss: 0.0019 - mae: 0.0442
 7/29 [======>.......................] - ETA: 0s - loss: 0.0015 - mae: 0.0390
 9/29 [========>.....................] - ETA: 0s - loss: 0.0013 - mae: 0.0353
11/29 [==========>...................] - ETA: 0s - loss: 0.0011 - mae: 0.0329
13/29 [============>.................] - ETA: 0s - loss: 0.0010 - mae: 0.0309
15/29 [==============>...............] - ETA: 0s - loss: 9.4633e-04 - mae: 0.0304
17/29 [================>.............] - ETA: 0s - loss: 9.4081e-04 - mae: 0.0310
19/29 [==================>...........] - ETA: 0s - loss: 9.4578e-04 - mae: 0.0315
21/29 [====================>.........] - ETA: 0s - loss: 8.9710e-04 - mae: 0.0307
23/29 [======================>.......] - ETA: 0s - loss: 8.5934e-04 - mae: 0.0303
25/29 [========================>.....] - ETA: 0s - loss: 8.3436e-04 - mae: 0.0300
27/29 [==========================>...] - ETA: 0s - loss: 7.8596e-04 - mae: 0.0288
29/29 [==============================] - ETA: 0s - loss: 7.6607e-04 - mae: 0.0284
29/29 [==============================] - 1s 47ms/step - loss: 7.6607e-04 - mae: 0.0284 - val_loss: 0.0026 - val_mae: 0.0674 - lr: 2.3438e-05
Epoch 127/200

 1/29 [>.............................] - ETA: 1s - loss: 0.0023 - mae: 0.0567
 3/29 [==>...........................] - ETA: 1s - loss: 0.0020 - mae: 0.0508
 5/29 [====>.........................] - ETA: 1s - loss: 0.0015 - mae: 0.0431
 7/29 [======>.......................] - ETA: 0s - loss: 0.0012 - mae: 0.0367
 9/29 [========>.....................] - ETA: 0s - loss: 0.0010 - mae: 0.0339
11/29 [==========>...................] - ETA: 0s - loss: 9.1995e-04 - mae: 0.0315
13/29 [============>.................] - ETA: 0s - loss: 8.1791e-04 - mae: 0.0296
15/29 [==============>...............] - ETA: 0s - loss: 7.7846e-04 - mae: 0.0291
17/29 [================>.............] - ETA: 0s - loss: 8.1464e-04 - mae: 0.0299
19/29 [==================>...........] - ETA: 0s - loss: 8.3338e-04 - mae: 0.0304
21/29 [====================>.........] - ETA: 0s - loss: 8.2444e-04 - mae: 0.0304
23/29 [======================>.......] - ETA: 0s - loss: 7.9306e-04 - mae: 0.0297
25/29 [========================>.....] - ETA: 0s - loss: 7.7946e-04 - mae: 0.0295
27/29 [==========================>...] - ETA: 0s - loss: 7.3796e-04 - mae: 0.0285
29/29 [==============================] - ETA: 0s - loss: 7.1978e-04 - mae: 0.0281
29/29 [==============================] - 1s 47ms/step - loss: 7.1978e-04 - mae: 0.0281 - val_loss: 0.0026 - val_mae: 0.0676 - lr: 2.3438e-05
Epoch 128/200

 1/29 [>.............................] - ETA: 1s - loss: 0.0036 - mae: 0.0639
 3/29 [==>...........................] - ETA: 1s - loss: 0.0023 - mae: 0.0517
 5/29 [====>.........................] - ETA: 1s - loss: 0.0017 - mae: 0.0441
 7/29 [======>.......................] - ETA: 0s - loss: 0.0014 - mae: 0.0378
 9/29 [========>.....................] - ETA: 0s - loss: 0.0012 - mae: 0.0347
11/29 [==========>...................] - ETA: 0s - loss: 0.0010 - mae: 0.0322
13/29 [============>.................] - ETA: 0s - loss: 9.0040e-04 - mae: 0.0304
15/29 [==============>...............] - ETA: 0s - loss: 8.3637e-04 - mae: 0.0292
17/29 [================>.............] - ETA: 0s - loss: 8.8152e-04 - mae: 0.0304
19/29 [==================>...........] - ETA: 0s - loss: 8.6077e-04 - mae: 0.0304
21/29 [====================>.........] - ETA: 0s - loss: 8.6400e-04 - mae: 0.0308
23/29 [======================>.......] - ETA: 0s - loss: 8.2467e-04 - mae: 0.0301
25/29 [========================>.....] - ETA: 0s - loss: 8.1171e-04 - mae: 0.0300
27/29 [==========================>...] - ETA: 0s - loss: 7.6889e-04 - mae: 0.0290
29/29 [==============================] - ETA: 0s - loss: 7.5346e-04 - mae: 0.0286
29/29 [==============================] - 1s 47ms/step - loss: 7.5346e-04 - mae: 0.0286 - val_loss: 0.0026 - val_mae: 0.0679 - lr: 2.3438e-05
Epoch 129/200

 1/29 [>.............................] - ETA: 1s - loss: 0.0029 - mae: 0.0641
 3/29 [==>...........................] - ETA: 1s - loss: 0.0025 - mae: 0.0569
 5/29 [====>.........................] - ETA: 1s - loss: 0.0019 - mae: 0.0469
 7/29 [======>.......................] - ETA: 1s - loss: 0.0014 - mae: 0.0390
 9/29 [========>.....................] - ETA: 0s - loss: 0.0012 - mae: 0.0356
11/29 [==========>...................] - ETA: 0s - loss: 0.0010 - mae: 0.0328
13/29 [============>.................] - ETA: 0s - loss: 9.4772e-04 - mae: 0.0314
15/29 [==============>...............] - ETA: 0s - loss: 8.7798e-04 - mae: 0.0302
16/29 [===============>..............] - ETA: 0s - loss: 8.7128e-04 - mae: 0.0303
17/29 [================>.............] - ETA: 0s - loss: 8.6185e-04 - mae: 0.0303
19/29 [==================>...........] - ETA: 0s - loss: 8.6019e-04 - mae: 0.0306
21/29 [====================>.........] - ETA: 0s - loss: 8.6381e-04 - mae: 0.0308
23/29 [======================>.......] - ETA: 0s - loss: 8.3195e-04 - mae: 0.0304
25/29 [========================>.....] - ETA: 0s - loss: 8.1222e-04 - mae: 0.0300
26/29 [=========================>....] - ETA: 0s - loss: 7.8959e-04 - mae: 0.0294
28/29 [===========================>..] - ETA: 0s - loss: 7.4690e-04 - mae: 0.0284
Epoch 129: ReduceLROnPlateau reducing learning rate to 1.1718750101863407e-05.

29/29 [==============================] - 1s 51ms/step - loss: 7.4419e-04 - mae: 0.0283 - val_loss: 0.0027 - val_mae: 0.0683 - lr: 2.3438e-05
Epoch 130/200

 1/29 [>.............................] - ETA: 1s - loss: 0.0039 - mae: 0.0748
 3/29 [==>...........................] - ETA: 1s - loss: 0.0025 - mae: 0.0550
 5/29 [====>.........................] - ETA: 1s - loss: 0.0018 - mae: 0.0453
 7/29 [======>.......................] - ETA: 0s - loss: 0.0014 - mae: 0.0400
 9/29 [========>.....................] - ETA: 0s - loss: 0.0012 - mae: 0.0355
11/29 [==========>...................] - ETA: 0s - loss: 0.0010 - mae: 0.0331
13/29 [============>.................] - ETA: 0s - loss: 9.3921e-04 - mae: 0.0315
14/29 [=============>................] - ETA: 0s - loss: 8.9064e-04 - mae: 0.0307
16/29 [===============>..............] - ETA: 0s - loss: 9.0055e-04 - mae: 0.0312
17/29 [================>.............] - ETA: 0s - loss: 9.2002e-04 - mae: 0.0317
19/29 [==================>...........] - ETA: 0s - loss: 8.9052e-04 - mae: 0.0314
21/29 [====================>.........] - ETA: 0s - loss: 8.5515e-04 - mae: 0.0307
23/29 [======================>.......] - ETA: 0s - loss: 8.1748e-04 - mae: 0.0302
25/29 [========================>.....] - ETA: 0s - loss: 7.9917e-04 - mae: 0.0299
27/29 [==========================>...] - ETA: 0s - loss: 7.5772e-04 - mae: 0.0291
29/29 [==============================] - ETA: 0s - loss: 7.3614e-04 - mae: 0.0285
29/29 [==============================] - 1s 50ms/step - loss: 7.3614e-04 - mae: 0.0285 - val_loss: 0.0027 - val_mae: 0.0682 - lr: 1.1719e-05
Epoch 131/200

 1/29 [>.............................] - ETA: 1s - loss: 0.0028 - mae: 0.0589
 3/29 [==>...........................] - ETA: 1s - loss: 0.0025 - mae: 0.0568
 5/29 [====>.........................] - ETA: 1s - loss: 0.0018 - mae: 0.0457
 7/29 [======>.......................] - ETA: 0s - loss: 0.0014 - mae: 0.0390
 9/29 [========>.....................] - ETA: 0s - loss: 0.0012 - mae: 0.0356
11/29 [==========>...................] - ETA: 0s - loss: 0.0010 - mae: 0.0327
13/29 [============>.................] - ETA: 0s - loss: 9.1495e-04 - mae: 0.0308
15/29 [==============>...............] - ETA: 0s - loss: 8.5213e-04 - mae: 0.0297
17/29 [================>.............] - ETA: 0s - loss: 8.6483e-04 - mae: 0.0304
19/29 [==================>...........] - ETA: 0s - loss: 8.5003e-04 - mae: 0.0304
21/29 [====================>.........] - ETA: 0s - loss: 8.1843e-04 - mae: 0.0298
23/29 [======================>.......] - ETA: 0s - loss: 7.7786e-04 - mae: 0.0291
25/29 [========================>.....] - ETA: 0s - loss: 7.6952e-04 - mae: 0.0289
27/29 [==========================>...] - ETA: 0s - loss: 7.3126e-04 - mae: 0.0281
29/29 [==============================] - ETA: 0s - loss: 7.0732e-04 - mae: 0.0275
29/29 [==============================] - 1s 48ms/step - loss: 7.0732e-04 - mae: 0.0275 - val_loss: 0.0026 - val_mae: 0.0679 - lr: 1.1719e-05
Epoch 132/200

 1/29 [>.............................] - ETA: 1s - loss: 0.0023 - mae: 0.0572
 3/29 [==>...........................] - ETA: 1s - loss: 0.0022 - mae: 0.0544
 5/29 [====>.........................] - ETA: 1s - loss: 0.0016 - mae: 0.0439
 7/29 [======>.......................] - ETA: 0s - loss: 0.0013 - mae: 0.0378
 9/29 [========>.....................] - ETA: 0s - loss: 0.0011 - mae: 0.0351
11/29 [==========>...................] - ETA: 0s - loss: 9.4517e-04 - mae: 0.0322
13/29 [============>.................] - ETA: 0s - loss: 8.4088e-04 - mae: 0.0302
15/29 [==============>...............] - ETA: 0s - loss: 8.0610e-04 - mae: 0.0294
17/29 [================>.............] - ETA: 0s - loss: 7.8654e-04 - mae: 0.0294
19/29 [==================>...........] - ETA: 0s - loss: 8.1399e-04 - mae: 0.0301
21/29 [====================>.........] - ETA: 0s - loss: 7.9347e-04 - mae: 0.0299
23/29 [======================>.......] - ETA: 0s - loss: 7.5980e-04 - mae: 0.0292
25/29 [========================>.....] - ETA: 0s - loss: 7.4561e-04 - mae: 0.0289
27/29 [==========================>...] - ETA: 0s - loss: 7.1481e-04 - mae: 0.0283
29/29 [==============================] - ETA: 0s - loss: 6.9557e-04 - mae: 0.0279
29/29 [==============================] - 1s 47ms/step - loss: 6.9557e-04 - mae: 0.0279 - val_loss: 0.0026 - val_mae: 0.0674 - lr: 1.1719e-05
Epoch 133/200

 1/29 [>.............................] - ETA: 1s - loss: 0.0039 - mae: 0.0626
 3/29 [==>...........................] - ETA: 1s - loss: 0.0027 - mae: 0.0545
 5/29 [====>.........................] - ETA: 1s - loss: 0.0020 - mae: 0.0458
 7/29 [======>.......................] - ETA: 1s - loss: 0.0016 - mae: 0.0396
 8/29 [=======>......................] - ETA: 1s - loss: 0.0014 - mae: 0.0376
 9/29 [========>.....................] - ETA: 1s - loss: 0.0013 - mae: 0.0364
10/29 [=========>....................] - ETA: 1s - loss: 0.0012 - mae: 0.0347
11/29 [==========>...................] - ETA: 1s - loss: 0.0012 - mae: 0.0335
12/29 [===========>..................] - ETA: 1s - loss: 0.0011 - mae: 0.0317
13/29 [============>.................] - ETA: 1s - loss: 0.0010 - mae: 0.0311
14/29 [=============>................] - ETA: 1s - loss: 9.5609e-04 - mae: 0.0298
15/29 [==============>...............] - ETA: 1s - loss: 9.0808e-04 - mae: 0.0290
16/29 [===============>..............] - ETA: 1s - loss: 9.0824e-04 - mae: 0.0293
18/29 [=================>............] - ETA: 0s - loss: 8.9052e-04 - mae: 0.0295
20/29 [===================>..........] - ETA: 0s - loss: 8.7105e-04 - mae: 0.0292
22/29 [=====================>........] - ETA: 0s - loss: 8.3766e-04 - mae: 0.0288
24/29 [=======================>......] - ETA: 0s - loss: 7.9933e-04 - mae: 0.0282
25/29 [========================>.....] - ETA: 0s - loss: 8.0173e-04 - mae: 0.0284
26/29 [=========================>....] - ETA: 0s - loss: 7.8020e-04 - mae: 0.0279
27/29 [==========================>...] - ETA: 0s - loss: 7.5814e-04 - mae: 0.0275
29/29 [==============================] - ETA: 0s - loss: 7.3915e-04 - mae: 0.0270
29/29 [==============================] - 2s 73ms/step - loss: 7.3915e-04 - mae: 0.0270 - val_loss: 0.0026 - val_mae: 0.0673 - lr: 1.1719e-05
Epoch 134/200

 1/29 [>.............................] - ETA: 1s - loss: 0.0016 - mae: 0.0449
 3/29 [==>...........................] - ETA: 1s - loss: 0.0020 - mae: 0.0496
 5/29 [====>.........................] - ETA: 1s - loss: 0.0015 - mae: 0.0423
 7/29 [======>.......................] - ETA: 0s - loss: 0.0013 - mae: 0.0379
 9/29 [========>.....................] - ETA: 0s - loss: 0.0010 - mae: 0.0337
11/29 [==========>...................] - ETA: 0s - loss: 9.1776e-04 - mae: 0.0314
13/29 [============>.................] - ETA: 0s - loss: 8.2995e-04 - mae: 0.0297
15/29 [==============>...............] - ETA: 0s - loss: 7.6324e-04 - mae: 0.0284
17/29 [================>.............] - ETA: 0s - loss: 7.9134e-04 - mae: 0.0293
19/29 [==================>...........] - ETA: 0s - loss: 7.7979e-04 - mae: 0.0292
21/29 [====================>.........] - ETA: 0s - loss: 7.6248e-04 - mae: 0.0290
23/29 [======================>.......] - ETA: 0s - loss: 7.3241e-04 - mae: 0.0285
25/29 [========================>.....] - ETA: 0s - loss: 7.2714e-04 - mae: 0.0285
27/29 [==========================>...] - ETA: 0s - loss: 6.9315e-04 - mae: 0.0274
29/29 [==============================] - ETA: 0s - loss: 6.7262e-04 - mae: 0.0270
29/29 [==============================] - 1s 48ms/step - loss: 6.7262e-04 - mae: 0.0270 - val_loss: 0.0026 - val_mae: 0.0672 - lr: 1.1719e-05
Epoch 135/200

 1/29 [>.............................] - ETA: 1s - loss: 0.0024 - mae: 0.0531
 3/29 [==>...........................] - ETA: 1s - loss: 0.0017 - mae: 0.0430
 5/29 [====>.........................] - ETA: 1s - loss: 0.0013 - mae: 0.0380
 7/29 [======>.......................] - ETA: 0s - loss: 0.0011 - mae: 0.0340
 9/29 [========>.....................] - ETA: 0s - loss: 9.1537e-04 - mae: 0.0315
11/29 [==========>...................] - ETA: 0s - loss: 7.9277e-04 - mae: 0.0289
13/29 [============>.................] - ETA: 0s - loss: 7.2195e-04 - mae: 0.0279
15/29 [==============>...............] - ETA: 0s - loss: 6.9563e-04 - mae: 0.0277
17/29 [================>.............] - ETA: 0s - loss: 7.3204e-04 - mae: 0.0285
19/29 [==================>...........] - ETA: 0s - loss: 7.2463e-04 - mae: 0.0288
21/29 [====================>.........] - ETA: 0s - loss: 7.0746e-04 - mae: 0.0286
23/29 [======================>.......] - ETA: 0s - loss: 6.7953e-04 - mae: 0.0281
25/29 [========================>.....] - ETA: 0s - loss: 6.6982e-04 - mae: 0.0277
27/29 [==========================>...] - ETA: 0s - loss: 6.4221e-04 - mae: 0.0271
29/29 [==============================] - ETA: 0s - loss: 6.2674e-04 - mae: 0.0267
29/29 [==============================] - 1s 47ms/step - loss: 6.2674e-04 - mae: 0.0267 - val_loss: 0.0026 - val_mae: 0.0671 - lr: 1.1719e-05
Epoch 136/200

 1/29 [>.............................] - ETA: 1s - loss: 0.0035 - mae: 0.0597
 3/29 [==>...........................] - ETA: 1s - loss: 0.0025 - mae: 0.0523
 5/29 [====>.........................] - ETA: 1s - loss: 0.0018 - mae: 0.0439
 7/29 [======>.......................] - ETA: 1s - loss: 0.0014 - mae: 0.0381
 9/29 [========>.....................] - ETA: 0s - loss: 0.0012 - mae: 0.0348
11/29 [==========>...................] - ETA: 0s - loss: 0.0011 - mae: 0.0323
13/29 [============>.................] - ETA: 0s - loss: 9.4112e-04 - mae: 0.0305
15/29 [==============>...............] - ETA: 0s - loss: 9.1485e-04 - mae: 0.0305
17/29 [================>.............] - ETA: 0s - loss: 9.3348e-04 - mae: 0.0307
19/29 [==================>...........] - ETA: 0s - loss: 9.1027e-04 - mae: 0.0306
21/29 [====================>.........] - ETA: 0s - loss: 8.8573e-04 - mae: 0.0302
23/29 [======================>.......] - ETA: 0s - loss: 8.4111e-04 - mae: 0.0295
25/29 [========================>.....] - ETA: 0s - loss: 8.1499e-04 - mae: 0.0291
27/29 [==========================>...] - ETA: 0s - loss: 7.7104e-04 - mae: 0.0282
29/29 [==============================] - ETA: 0s - loss: 7.5441e-04 - mae: 0.0279
29/29 [==============================] - 1s 48ms/step - loss: 7.5441e-04 - mae: 0.0279 - val_loss: 0.0026 - val_mae: 0.0672 - lr: 1.1719e-05
Epoch 137/200

 1/29 [>.............................] - ETA: 1s - loss: 0.0021 - mae: 0.0492
 3/29 [==>...........................] - ETA: 1s - loss: 0.0021 - mae: 0.0507
 5/29 [====>.........................] - ETA: 1s - loss: 0.0015 - mae: 0.0425
 7/29 [======>.......................] - ETA: 1s - loss: 0.0013 - mae: 0.0385
 9/29 [========>.....................] - ETA: 0s - loss: 0.0011 - mae: 0.0350
11/29 [==========>...................] - ETA: 0s - loss: 9.8310e-04 - mae: 0.0326
13/29 [============>.................] - ETA: 0s - loss: 8.7273e-04 - mae: 0.0306
15/29 [==============>...............] - ETA: 0s - loss: 8.2147e-04 - mae: 0.0298
17/29 [================>.............] - ETA: 0s - loss: 7.8840e-04 - mae: 0.0293
19/29 [==================>...........] - ETA: 0s - loss: 7.7171e-04 - mae: 0.0293
21/29 [====================>.........] - ETA: 0s - loss: 7.4848e-04 - mae: 0.0288
23/29 [======================>.......] - ETA: 0s - loss: 7.3183e-04 - mae: 0.0287
25/29 [========================>.....] - ETA: 0s - loss: 7.4135e-04 - mae: 0.0289
27/29 [==========================>...] - ETA: 0s - loss: 6.9953e-04 - mae: 0.0279
28/29 [===========================>..] - ETA: 0s - loss: 6.8157e-04 - mae: 0.0275
29/29 [==============================] - 1s 50ms/step - loss: 6.7944e-04 - mae: 0.0274 - val_loss: 0.0026 - val_mae: 0.0672 - lr: 1.1719e-05
Epoch 138/200

 1/29 [>.............................] - ETA: 1s - loss: 0.0027 - mae: 0.0556
 3/29 [==>...........................] - ETA: 1s - loss: 0.0024 - mae: 0.0544
 5/29 [====>.........................] - ETA: 1s - loss: 0.0018 - mae: 0.0444
 7/29 [======>.......................] - ETA: 0s - loss: 0.0014 - mae: 0.0385
 9/29 [========>.....................] - ETA: 0s - loss: 0.0012 - mae: 0.0347
11/29 [==========>...................] - ETA: 0s - loss: 0.0010 - mae: 0.0317
13/29 [============>.................] - ETA: 0s - loss: 8.9971e-04 - mae: 0.0300
15/29 [==============>...............] - ETA: 0s - loss: 8.6994e-04 - mae: 0.0298
17/29 [================>.............] - ETA: 0s - loss: 8.8684e-04 - mae: 0.0305
19/29 [==================>...........] - ETA: 0s - loss: 8.7038e-04 - mae: 0.0305
21/29 [====================>.........] - ETA: 0s - loss: 8.3105e-04 - mae: 0.0298
23/29 [======================>.......] - ETA: 0s - loss: 8.0152e-04 - mae: 0.0294
25/29 [========================>.....] - ETA: 0s - loss: 8.0051e-04 - mae: 0.0296
27/29 [==========================>...] - ETA: 0s - loss: 7.5498e-04 - mae: 0.0285
29/29 [==============================] - ETA: 0s - loss: 7.3556e-04 - mae: 0.0281
29/29 [==============================] - 1s 49ms/step - loss: 7.3556e-04 - mae: 0.0281 - val_loss: 0.0026 - val_mae: 0.0672 - lr: 1.1719e-05
Epoch 139/200

 1/29 [>.............................] - ETA: 1s - loss: 0.0027 - mae: 0.0521
 3/29 [==>...........................] - ETA: 1s - loss: 0.0030 - mae: 0.0585
 5/29 [====>.........................] - ETA: 1s - loss: 0.0021 - mae: 0.0468
 7/29 [======>.......................] - ETA: 0s - loss: 0.0016 - mae: 0.0396
 9/29 [========>.....................] - ETA: 0s - loss: 0.0013 - mae: 0.0355
11/29 [==========>...................] - ETA: 0s - loss: 0.0011 - mae: 0.0328
13/29 [============>.................] - ETA: 0s - loss: 9.8730e-04 - mae: 0.0307
15/29 [==============>...............] - ETA: 0s - loss: 9.0871e-04 - mae: 0.0294
17/29 [================>.............] - ETA: 0s - loss: 9.3395e-04 - mae: 0.0300
19/29 [==================>...........] - ETA: 0s - loss: 9.2007e-04 - mae: 0.0302
21/29 [====================>.........] - ETA: 0s - loss: 9.0233e-04 - mae: 0.0301
23/29 [======================>.......] - ETA: 0s - loss: 8.5598e-04 - mae: 0.0293
25/29 [========================>.....] - ETA: 0s - loss: 8.3443e-04 - mae: 0.0291
27/29 [==========================>...] - ETA: 0s - loss: 7.9784e-04 - mae: 0.0284
29/29 [==============================] - ETA: 0s - loss: 7.7328e-04 - mae: 0.0278
29/29 [==============================] - 1s 48ms/step - loss: 7.7328e-04 - mae: 0.0278 - val_loss: 0.0026 - val_mae: 0.0672 - lr: 1.1719e-05
Epoch 140/200

 1/29 [>.............................] - ETA: 1s - loss: 0.0031 - mae: 0.0633
 3/29 [==>...........................] - ETA: 1s - loss: 0.0019 - mae: 0.0476
 5/29 [====>.........................] - ETA: 1s - loss: 0.0015 - mae: 0.0419
 7/29 [======>.......................] - ETA: 1s - loss: 0.0012 - mae: 0.0370
 9/29 [========>.....................] - ETA: 0s - loss: 0.0010 - mae: 0.0333
11/29 [==========>...................] - ETA: 0s - loss: 9.0399e-04 - mae: 0.0311
13/29 [============>.................] - ETA: 0s - loss: 8.0606e-04 - mae: 0.0293
15/29 [==============>...............] - ETA: 0s - loss: 7.7253e-04 - mae: 0.0286
17/29 [================>.............] - ETA: 0s - loss: 7.9570e-04 - mae: 0.0292
19/29 [==================>...........] - ETA: 0s - loss: 7.9288e-04 - mae: 0.0294
21/29 [====================>.........] - ETA: 0s - loss: 7.8335e-04 - mae: 0.0294
23/29 [======================>.......] - ETA: 0s - loss: 7.4903e-04 - mae: 0.0289
25/29 [========================>.....] - ETA: 0s - loss: 7.5519e-04 - mae: 0.0289
27/29 [==========================>...] - ETA: 0s - loss: 7.1978e-04 - mae: 0.0281
29/29 [==============================] - ETA: 0s - loss: 7.0113e-04 - mae: 0.0276
29/29 [==============================] - 1s 48ms/step - loss: 7.0113e-04 - mae: 0.0276 - val_loss: 0.0026 - val_mae: 0.0671 - lr: 1.1719e-05
Epoch 141/200

 1/29 [>.............................] - ETA: 1s - loss: 0.0048 - mae: 0.0792
 3/29 [==>...........................] - ETA: 1s - loss: 0.0030 - mae: 0.0604
 5/29 [====>.........................] - ETA: 1s - loss: 0.0021 - mae: 0.0487
 7/29 [======>.......................] - ETA: 1s - loss: 0.0016 - mae: 0.0418
 9/29 [========>.....................] - ETA: 0s - loss: 0.0014 - mae: 0.0373
11/29 [==========>...................] - ETA: 0s - loss: 0.0012 - mae: 0.0342
13/29 [============>.................] - ETA: 0s - loss: 0.0010 - mae: 0.0322
15/29 [==============>...............] - ETA: 0s - loss: 9.6873e-04 - mae: 0.0313
17/29 [================>.............] - ETA: 0s - loss: 9.4571e-04 - mae: 0.0312
19/29 [==================>...........] - ETA: 0s - loss: 9.2122e-04 - mae: 0.0312
20/29 [===================>..........] - ETA: 0s - loss: 9.1595e-04 - mae: 0.0312
22/29 [=====================>........] - ETA: 0s - loss: 8.8237e-04 - mae: 0.0307
24/29 [=======================>......] - ETA: 0s - loss: 8.4188e-04 - mae: 0.0301
26/29 [=========================>....] - ETA: 0s - loss: 8.0550e-04 - mae: 0.0292
28/29 [===========================>..] - ETA: 0s - loss: 7.6626e-04 - mae: 0.0284
29/29 [==============================] - 1s 49ms/step - loss: 7.6367e-04 - mae: 0.0283 - val_loss: 0.0026 - val_mae: 0.0671 - lr: 1.1719e-05
Epoch 142/200

 1/29 [>.............................] - ETA: 1s - loss: 0.0038 - mae: 0.0720
 3/29 [==>...........................] - ETA: 1s - loss: 0.0031 - mae: 0.0618
 5/29 [====>.........................] - ETA: 1s - loss: 0.0021 - mae: 0.0490
 7/29 [======>.......................] - ETA: 1s - loss: 0.0017 - mae: 0.0418
 9/29 [========>.....................] - ETA: 0s - loss: 0.0014 - mae: 0.0370
11/29 [==========>...................] - ETA: 0s - loss: 0.0012 - mae: 0.0335
13/29 [============>.................] - ETA: 0s - loss: 0.0010 - mae: 0.0312
15/29 [==============>...............] - ETA: 0s - loss: 9.3228e-04 - mae: 0.0298
17/29 [================>.............] - ETA: 0s - loss: 9.0537e-04 - mae: 0.0298
19/29 [==================>...........] - ETA: 0s - loss: 8.8723e-04 - mae: 0.0300
21/29 [====================>.........] - ETA: 0s - loss: 8.4395e-04 - mae: 0.0293
23/29 [======================>.......] - ETA: 0s - loss: 8.0861e-04 - mae: 0.0289
25/29 [========================>.....] - ETA: 0s - loss: 7.9455e-04 - mae: 0.0286
27/29 [==========================>...] - ETA: 0s - loss: 7.5177e-04 - mae: 0.0277
29/29 [==============================] - ETA: 0s - loss: 7.2886e-04 - mae: 0.0272
29/29 [==============================] - 1s 49ms/step - loss: 7.2886e-04 - mae: 0.0272 - val_loss: 0.0026 - val_mae: 0.0668 - lr: 1.1719e-05
Epoch 143/200

 1/29 [>.............................] - ETA: 1s - loss: 0.0023 - mae: 0.0551
 3/29 [==>...........................] - ETA: 1s - loss: 0.0020 - mae: 0.0505
 5/29 [====>.........................] - ETA: 1s - loss: 0.0014 - mae: 0.0423
 7/29 [======>.......................] - ETA: 0s - loss: 0.0012 - mae: 0.0377
 9/29 [========>.....................] - ETA: 0s - loss: 0.0010 - mae: 0.0344
11/29 [==========>...................] - ETA: 0s - loss: 8.9060e-04 - mae: 0.0316
13/29 [============>.................] - ETA: 0s - loss: 7.9330e-04 - mae: 0.0296
15/29 [==============>...............] - ETA: 0s - loss: 7.6296e-04 - mae: 0.0290
17/29 [================>.............] - ETA: 0s - loss: 7.9940e-04 - mae: 0.0296
19/29 [==================>...........] - ETA: 0s - loss: 7.8840e-04 - mae: 0.0295
21/29 [====================>.........] - ETA: 0s - loss: 7.9676e-04 - mae: 0.0298
23/29 [======================>.......] - ETA: 0s - loss: 7.5475e-04 - mae: 0.0291
25/29 [========================>.....] - ETA: 0s - loss: 7.5248e-04 - mae: 0.0292
27/29 [==========================>...] - ETA: 0s - loss: 7.2062e-04 - mae: 0.0285
29/29 [==============================] - ETA: 0s - loss: 7.0675e-04 - mae: 0.0282
29/29 [==============================] - 1s 49ms/step - loss: 7.0675e-04 - mae: 0.0282 - val_loss: 0.0026 - val_mae: 0.0668 - lr: 1.1719e-05
Epoch 144/200

 1/29 [>.............................] - ETA: 1s - loss: 0.0029 - mae: 0.0562
 3/29 [==>...........................] - ETA: 1s - loss: 0.0024 - mae: 0.0544
 5/29 [====>.........................] - ETA: 1s - loss: 0.0018 - mae: 0.0459
 7/29 [======>.......................] - ETA: 1s - loss: 0.0014 - mae: 0.0395
 9/29 [========>.....................] - ETA: 0s - loss: 0.0012 - mae: 0.0362
11/29 [==========>...................] - ETA: 0s - loss: 0.0011 - mae: 0.0338
13/29 [============>.................] - ETA: 0s - loss: 9.6842e-04 - mae: 0.0318
15/29 [==============>...............] - ETA: 0s - loss: 9.0424e-04 - mae: 0.0308
17/29 [================>.............] - ETA: 0s - loss: 9.3837e-04 - mae: 0.0312
19/29 [==================>...........] - ETA: 0s - loss: 9.3169e-04 - mae: 0.0314
21/29 [====================>.........] - ETA: 0s - loss: 9.1167e-04 - mae: 0.0313
23/29 [======================>.......] - ETA: 0s - loss: 8.5995e-04 - mae: 0.0303
25/29 [========================>.....] - ETA: 0s - loss: 8.4580e-04 - mae: 0.0300
27/29 [==========================>...] - ETA: 0s - loss: 7.9992e-04 - mae: 0.0289
29/29 [==============================] - ETA: 0s - loss: 7.7342e-04 - mae: 0.0283
Epoch 144: ReduceLROnPlateau reducing learning rate to 5.859375050931703e-06.

29/29 [==============================] - 1s 49ms/step - loss: 7.7342e-04 - mae: 0.0283 - val_loss: 0.0026 - val_mae: 0.0670 - lr: 1.1719e-05
Epoch 145/200

 1/29 [>.............................] - ETA: 1s - loss: 0.0034 - mae: 0.0645
 3/29 [==>...........................] - ETA: 1s - loss: 0.0024 - mae: 0.0546
 5/29 [====>.........................] - ETA: 1s - loss: 0.0017 - mae: 0.0446
 7/29 [======>.......................] - ETA: 0s - loss: 0.0014 - mae: 0.0386
 9/29 [========>.....................] - ETA: 0s - loss: 0.0012 - mae: 0.0354
11/29 [==========>...................] - ETA: 0s - loss: 0.0010 - mae: 0.0328
13/29 [============>.................] - ETA: 0s - loss: 9.0310e-04 - mae: 0.0307
15/29 [==============>...............] - ETA: 0s - loss: 8.7432e-04 - mae: 0.0301
17/29 [================>.............] - ETA: 0s - loss: 8.8528e-04 - mae: 0.0307
19/29 [==================>...........] - ETA: 0s - loss: 8.6470e-04 - mae: 0.0307
21/29 [====================>.........] - ETA: 0s - loss: 8.3298e-04 - mae: 0.0301
23/29 [======================>.......] - ETA: 0s - loss: 8.0227e-04 - mae: 0.0298
25/29 [========================>.....] - ETA: 0s - loss: 7.8609e-04 - mae: 0.0295
27/29 [==========================>...] - ETA: 0s - loss: 7.4717e-04 - mae: 0.0285
29/29 [==============================] - ETA: 0s - loss: 7.2627e-04 - mae: 0.0280
29/29 [==============================] - 1s 48ms/step - loss: 7.2627e-04 - mae: 0.0280 - val_loss: 0.0026 - val_mae: 0.0671 - lr: 5.8594e-06
Epoch 146/200

 1/29 [>.............................] - ETA: 1s - loss: 0.0017 - mae: 0.0505
 3/29 [==>...........................] - ETA: 1s - loss: 0.0023 - mae: 0.0513
 5/29 [====>.........................] - ETA: 1s - loss: 0.0017 - mae: 0.0425
 7/29 [======>.......................] - ETA: 1s - loss: 0.0013 - mae: 0.0368
 9/29 [========>.....................] - ETA: 0s - loss: 0.0011 - mae: 0.0338
11/29 [==========>...................] - ETA: 0s - loss: 9.4985e-04 - mae: 0.0312
13/29 [============>.................] - ETA: 0s - loss: 8.5550e-04 - mae: 0.0296
15/29 [==============>...............] - ETA: 0s - loss: 8.0009e-04 - mae: 0.0286
17/29 [================>.............] - ETA: 0s - loss: 8.0022e-04 - mae: 0.0291
19/29 [==================>...........] - ETA: 0s - loss: 7.7322e-04 - mae: 0.0288
21/29 [====================>.........] - ETA: 0s - loss: 7.6410e-04 - mae: 0.0287
23/29 [======================>.......] - ETA: 0s - loss: 7.2410e-04 - mae: 0.0280
25/29 [========================>.....] - ETA: 0s - loss: 7.1508e-04 - mae: 0.0277
27/29 [==========================>...] - ETA: 0s - loss: 6.7728e-04 - mae: 0.0269
29/29 [==============================] - ETA: 0s - loss: 6.5663e-04 - mae: 0.0264
29/29 [==============================] - 1s 48ms/step - loss: 6.5663e-04 - mae: 0.0264 - val_loss: 0.0026 - val_mae: 0.0671 - lr: 5.8594e-06
Epoch 147/200

 1/29 [>.............................] - ETA: 1s - loss: 0.0027 - mae: 0.0637
 3/29 [==>...........................] - ETA: 1s - loss: 0.0026 - mae: 0.0605
 5/29 [====>.........................] - ETA: 1s - loss: 0.0019 - mae: 0.0485
 7/29 [======>.......................] - ETA: 0s - loss: 0.0015 - mae: 0.0414
 9/29 [========>.....................] - ETA: 0s - loss: 0.0012 - mae: 0.0361
11/29 [==========>...................] - ETA: 0s - loss: 0.0011 - mae: 0.0334
13/29 [============>.................] - ETA: 0s - loss: 9.3457e-04 - mae: 0.0314
15/29 [==============>...............] - ETA: 0s - loss: 9.0344e-04 - mae: 0.0311
17/29 [================>.............] - ETA: 0s - loss: 9.2071e-04 - mae: 0.0317
19/29 [==================>...........] - ETA: 0s - loss: 9.1813e-04 - mae: 0.0318
21/29 [====================>.........] - ETA: 0s - loss: 9.0525e-04 - mae: 0.0316
23/29 [======================>.......] - ETA: 0s - loss: 8.6168e-04 - mae: 0.0309
25/29 [========================>.....] - ETA: 0s - loss: 8.5330e-04 - mae: 0.0309
27/29 [==========================>...] - ETA: 0s - loss: 8.0537e-04 - mae: 0.0297
29/29 [==============================] - ETA: 0s - loss: 7.8684e-04 - mae: 0.0293
29/29 [==============================] - 1s 49ms/step - loss: 7.8684e-04 - mae: 0.0293 - val_loss: 0.0026 - val_mae: 0.0670 - lr: 5.8594e-06
Epoch 148/200

 1/29 [>.............................] - ETA: 1s - loss: 0.0028 - mae: 0.0577
 3/29 [==>...........................] - ETA: 1s - loss: 0.0021 - mae: 0.0520
 5/29 [====>.........................] - ETA: 1s - loss: 0.0015 - mae: 0.0432
 7/29 [======>.......................] - ETA: 1s - loss: 0.0012 - mae: 0.0367
 9/29 [========>.....................] - ETA: 0s - loss: 0.0010 - mae: 0.0333
11/29 [==========>...................] - ETA: 0s - loss: 8.9626e-04 - mae: 0.0308
13/29 [============>.................] - ETA: 0s - loss: 8.0658e-04 - mae: 0.0293
15/29 [==============>...............] - ETA: 0s - loss: 7.5650e-04 - mae: 0.0283
17/29 [================>.............] - ETA: 0s - loss: 8.2913e-04 - mae: 0.0295
19/29 [==================>...........] - ETA: 0s - loss: 8.2677e-04 - mae: 0.0298
21/29 [====================>.........] - ETA: 0s - loss: 8.0871e-04 - mae: 0.0296
23/29 [======================>.......] - ETA: 0s - loss: 7.8091e-04 - mae: 0.0294
25/29 [========================>.....] - ETA: 0s - loss: 7.5751e-04 - mae: 0.0290
27/29 [==========================>...] - ETA: 0s - loss: 7.2154e-04 - mae: 0.0281
28/29 [===========================>..] - ETA: 0s - loss: 7.0766e-04 - mae: 0.0278
29/29 [==============================] - 1s 51ms/step - loss: 7.0505e-04 - mae: 0.0278 - val_loss: 0.0026 - val_mae: 0.0670 - lr: 5.8594e-06
Epoch 149/200

 1/29 [>.............................] - ETA: 1s - loss: 0.0048 - mae: 0.0739
 3/29 [==>...........................] - ETA: 1s - loss: 0.0029 - mae: 0.0573
 4/29 [===>..........................] - ETA: 1s - loss: 0.0026 - mae: 0.0543
 5/29 [====>.........................] - ETA: 1s - loss: 0.0022 - mae: 0.0486
 6/29 [=====>........................] - ETA: 1s - loss: 0.0019 - mae: 0.0441
 8/29 [=======>......................] - ETA: 1s - loss: 0.0015 - mae: 0.0394
 9/29 [========>.....................] - ETA: 1s - loss: 0.0014 - mae: 0.0373
10/29 [=========>....................] - ETA: 1s - loss: 0.0013 - mae: 0.0358
11/29 [==========>...................] - ETA: 0s - loss: 0.0012 - mae: 0.0342
13/29 [============>.................] - ETA: 0s - loss: 0.0011 - mae: 0.0325
15/29 [==============>...............] - ETA: 0s - loss: 0.0011 - mae: 0.0319
17/29 [================>.............] - ETA: 0s - loss: 0.0011 - mae: 0.0324
19/29 [==================>...........] - ETA: 0s - loss: 0.0010 - mae: 0.0323
21/29 [====================>.........] - ETA: 0s - loss: 0.0010 - mae: 0.0321
22/29 [=====================>........] - ETA: 0s - loss: 9.8827e-04 - mae: 0.0319
23/29 [======================>.......] - ETA: 0s - loss: 9.5519e-04 - mae: 0.0312
25/29 [========================>.....] - ETA: 0s - loss: 9.2600e-04 - mae: 0.0308
27/29 [==========================>...] - ETA: 0s - loss: 8.6988e-04 - mae: 0.0296
29/29 [==============================] - ETA: 0s - loss: 8.4471e-04 - mae: 0.0290
29/29 [==============================] - 2s 54ms/step - loss: 8.4471e-04 - mae: 0.0290 - val_loss: 0.0026 - val_mae: 0.0671 - lr: 5.8594e-06
Epoch 150/200

 1/29 [>.............................] - ETA: 1s - loss: 0.0019 - mae: 0.0513
 3/29 [==>...........................] - ETA: 1s - loss: 0.0026 - mae: 0.0536
 5/29 [====>.........................] - ETA: 1s - loss: 0.0019 - mae: 0.0443
 7/29 [======>.......................] - ETA: 0s - loss: 0.0015 - mae: 0.0389
 9/29 [========>.....................] - ETA: 0s - loss: 0.0013 - mae: 0.0357
11/29 [==========>...................] - ETA: 0s - loss: 0.0011 - mae: 0.0329
13/29 [============>.................] - ETA: 0s - loss: 9.6659e-04 - mae: 0.0308
15/29 [==============>...............] - ETA: 0s - loss: 8.9595e-04 - mae: 0.0298
17/29 [================>.............] - ETA: 0s - loss: 8.9722e-04 - mae: 0.0300
19/29 [==================>...........] - ETA: 0s - loss: 8.9611e-04 - mae: 0.0304
21/29 [====================>.........] - ETA: 0s - loss: 8.5930e-04 - mae: 0.0299
23/29 [======================>.......] - ETA: 0s - loss: 8.1572e-04 - mae: 0.0293
25/29 [========================>.....] - ETA: 0s - loss: 7.9483e-04 - mae: 0.0290
27/29 [==========================>...] - ETA: 0s - loss: 7.4452e-04 - mae: 0.0278
29/29 [==============================] - ETA: 0s - loss: 7.2209e-04 - mae: 0.0273
29/29 [==============================] - 1s 48ms/step - loss: 7.2209e-04 - mae: 0.0273 - val_loss: 0.0026 - val_mae: 0.0671 - lr: 5.8594e-06
Epoch 151/200

 1/29 [>.............................] - ETA: 1s - loss: 0.0020 - mae: 0.0484
 3/29 [==>...........................] - ETA: 1s - loss: 0.0020 - mae: 0.0508
 5/29 [====>.........................] - ETA: 1s - loss: 0.0017 - mae: 0.0447
 7/29 [======>.......................] - ETA: 1s - loss: 0.0014 - mae: 0.0385
 9/29 [========>.....................] - ETA: 0s - loss: 0.0011 - mae: 0.0344
11/29 [==========>...................] - ETA: 0s - loss: 9.8482e-04 - mae: 0.0315
13/29 [============>.................] - ETA: 0s - loss: 8.8210e-04 - mae: 0.0300
15/29 [==============>...............] - ETA: 0s - loss: 8.3586e-04 - mae: 0.0294
17/29 [================>.............] - ETA: 0s - loss: 8.1625e-04 - mae: 0.0295
19/29 [==================>...........] - ETA: 0s - loss: 8.4067e-04 - mae: 0.0302
21/29 [====================>.........] - ETA: 0s - loss: 8.1544e-04 - mae: 0.0297
23/29 [======================>.......] - ETA: 0s - loss: 7.8160e-04 - mae: 0.0292
25/29 [========================>.....] - ETA: 0s - loss: 7.7694e-04 - mae: 0.0291
27/29 [==========================>...] - ETA: 0s - loss: 7.3162e-04 - mae: 0.0279
29/29 [==============================] - ETA: 0s - loss: 7.0552e-04 - mae: 0.0273
29/29 [==============================] - 1s 49ms/step - loss: 7.0552e-04 - mae: 0.0273 - val_loss: 0.0026 - val_mae: 0.0672 - lr: 5.8594e-06
Epoch 152/200

 1/29 [>.............................] - ETA: 1s - loss: 0.0031 - mae: 0.0669
 3/29 [==>...........................] - ETA: 1s - loss: 0.0023 - mae: 0.0556
 4/29 [===>..........................] - ETA: 1s - loss: 0.0020 - mae: 0.0498
 5/29 [====>.........................] - ETA: 1s - loss: 0.0017 - mae: 0.0456
 6/29 [=====>........................] - ETA: 1s - loss: 0.0015 - mae: 0.0415
 8/29 [=======>......................] - ETA: 1s - loss: 0.0012 - mae: 0.0372
10/29 [=========>....................] - ETA: 0s - loss: 0.0010 - mae: 0.0340
12/29 [===========>..................] - ETA: 0s - loss: 9.2511e-04 - mae: 0.0316
14/29 [=============>................] - ETA: 0s - loss: 8.4941e-04 - mae: 0.0304
16/29 [===============>..............] - ETA: 0s - loss: 8.0795e-04 - mae: 0.0299
17/29 [================>.............] - ETA: 0s - loss: 8.0644e-04 - mae: 0.0301
18/29 [=================>............] - ETA: 0s - loss: 8.3370e-04 - mae: 0.0306
19/29 [==================>...........] - ETA: 0s - loss: 8.2775e-04 - mae: 0.0305
20/29 [===================>..........] - ETA: 0s - loss: 8.1525e-04 - mae: 0.0304
21/29 [====================>.........] - ETA: 0s - loss: 7.9700e-04 - mae: 0.0300
23/29 [======================>.......] - ETA: 0s - loss: 7.7449e-04 - mae: 0.0296
25/29 [========================>.....] - ETA: 0s - loss: 7.5007e-04 - mae: 0.0292
27/29 [==========================>...] - ETA: 0s - loss: 7.1070e-04 - mae: 0.0282
29/29 [==============================] - ETA: 0s - loss: 6.9263e-04 - mae: 0.0277
29/29 [==============================] - 2s 52ms/step - loss: 6.9263e-04 - mae: 0.0277 - val_loss: 0.0026 - val_mae: 0.0672 - lr: 5.8594e-06
Epoch 153/200

 1/29 [>.............................] - ETA: 1s - loss: 0.0029 - mae: 0.0590
 3/29 [==>...........................] - ETA: 1s - loss: 0.0023 - mae: 0.0534
 5/29 [====>.........................] - ETA: 1s - loss: 0.0018 - mae: 0.0461
 7/29 [======>.......................] - ETA: 1s - loss: 0.0014 - mae: 0.0391
 9/29 [========>.....................] - ETA: 0s - loss: 0.0011 - mae: 0.0350
11/29 [==========>...................] - ETA: 0s - loss: 0.0010 - mae: 0.0326
13/29 [============>.................] - ETA: 0s - loss: 8.9544e-04 - mae: 0.0306
15/29 [==============>...............] - ETA: 0s - loss: 8.9321e-04 - mae: 0.0307
17/29 [================>.............] - ETA: 0s - loss: 8.6339e-04 - mae: 0.0306
19/29 [==================>...........] - ETA: 0s - loss: 8.5889e-04 - mae: 0.0307
21/29 [====================>.........] - ETA: 0s - loss: 8.2969e-04 - mae: 0.0301
23/29 [======================>.......] - ETA: 0s - loss: 8.0134e-04 - mae: 0.0297
25/29 [========================>.....] - ETA: 0s - loss: 7.8622e-04 - mae: 0.0294
27/29 [==========================>...] - ETA: 0s - loss: 7.3919e-04 - mae: 0.0283
28/29 [===========================>..] - ETA: 0s - loss: 7.2031e-04 - mae: 0.0278
29/29 [==============================] - 1s 52ms/step - loss: 7.1744e-04 - mae: 0.0277 - val_loss: 0.0026 - val_mae: 0.0671 - lr: 5.8594e-06
Epoch 154/200

 1/29 [>.............................] - ETA: 1s - loss: 0.0031 - mae: 0.0658
 3/29 [==>...........................] - ETA: 1s - loss: 0.0027 - mae: 0.0615
 5/29 [====>.........................] - ETA: 1s - loss: 0.0019 - mae: 0.0481
 7/29 [======>.......................] - ETA: 1s - loss: 0.0015 - mae: 0.0403
 9/29 [========>.....................] - ETA: 0s - loss: 0.0012 - mae: 0.0367
11/29 [==========>...................] - ETA: 0s - loss: 0.0011 - mae: 0.0335
13/29 [============>.................] - ETA: 0s - loss: 9.5069e-04 - mae: 0.0315
15/29 [==============>...............] - ETA: 0s - loss: 9.2599e-04 - mae: 0.0313
17/29 [================>.............] - ETA: 0s - loss: 8.8994e-04 - mae: 0.0310
19/29 [==================>...........] - ETA: 0s - loss: 8.7778e-04 - mae: 0.0311
21/29 [====================>.........] - ETA: 0s - loss: 8.5447e-04 - mae: 0.0309
23/29 [======================>.......] - ETA: 0s - loss: 8.1841e-04 - mae: 0.0302
25/29 [========================>.....] - ETA: 0s - loss: 8.1759e-04 - mae: 0.0300
27/29 [==========================>...] - ETA: 0s - loss: 7.6887e-04 - mae: 0.0288
29/29 [==============================] - ETA: 0s - loss: 7.4925e-04 - mae: 0.0284
29/29 [==============================] - 1s 49ms/step - loss: 7.4925e-04 - mae: 0.0284 - val_loss: 0.0026 - val_mae: 0.0670 - lr: 5.8594e-06
Epoch 155/200

 1/29 [>.............................] - ETA: 1s - loss: 0.0028 - mae: 0.0585
 3/29 [==>...........................] - ETA: 1s - loss: 0.0023 - mae: 0.0510
 5/29 [====>.........................] - ETA: 1s - loss: 0.0017 - mae: 0.0429
 7/29 [======>.......................] - ETA: 1s - loss: 0.0014 - mae: 0.0378
 9/29 [========>.....................] - ETA: 0s - loss: 0.0011 - mae: 0.0340
11/29 [==========>...................] - ETA: 0s - loss: 9.5621e-04 - mae: 0.0306
13/29 [============>.................] - ETA: 0s - loss: 8.6721e-04 - mae: 0.0294
15/29 [==============>...............] - ETA: 0s - loss: 8.2961e-04 - mae: 0.0290
17/29 [================>.............] - ETA: 0s - loss: 8.7409e-04 - mae: 0.0301
18/29 [=================>............] - ETA: 0s - loss: 8.7780e-04 - mae: 0.0304
20/29 [===================>..........] - ETA: 0s - loss: 8.5404e-04 - mae: 0.0301
22/29 [=====================>........] - ETA: 0s - loss: 8.0414e-04 - mae: 0.0292
24/29 [=======================>......] - ETA: 0s - loss: 7.7562e-04 - mae: 0.0287
25/29 [========================>.....] - ETA: 0s - loss: 7.6904e-04 - mae: 0.0286
27/29 [==========================>...] - ETA: 0s - loss: 7.2719e-04 - mae: 0.0276
29/29 [==============================] - ETA: 0s - loss: 7.0383e-04 - mae: 0.0271
29/29 [==============================] - 1s 51ms/step - loss: 7.0383e-04 - mae: 0.0271 - val_loss: 0.0026 - val_mae: 0.0670 - lr: 5.8594e-06
Epoch 156/200

 1/29 [>.............................] - ETA: 1s - loss: 0.0033 - mae: 0.0675
 3/29 [==>...........................] - ETA: 1s - loss: 0.0029 - mae: 0.0601
 4/29 [===>..........................] - ETA: 1s - loss: 0.0025 - mae: 0.0551
 5/29 [====>.........................] - ETA: 1s - loss: 0.0022 - mae: 0.0500
 7/29 [======>.......................] - ETA: 1s - loss: 0.0017 - mae: 0.0422
 9/29 [========>.....................] - ETA: 0s - loss: 0.0014 - mae: 0.0373
11/29 [==========>...................] - ETA: 0s - loss: 0.0012 - mae: 0.0342
13/29 [============>.................] - ETA: 0s - loss: 0.0010 - mae: 0.0320
15/29 [==============>...............] - ETA: 0s - loss: 9.6671e-04 - mae: 0.0309
16/29 [===============>..............] - ETA: 0s - loss: 9.7907e-04 - mae: 0.0311
17/29 [================>.............] - ETA: 0s - loss: 9.6608e-04 - mae: 0.0312
19/29 [==================>...........] - ETA: 0s - loss: 9.6093e-04 - mae: 0.0314
21/29 [====================>.........] - ETA: 0s - loss: 9.0300e-04 - mae: 0.0305
23/29 [======================>.......] - ETA: 0s - loss: 8.5410e-04 - mae: 0.0296
25/29 [========================>.....] - ETA: 0s - loss: 8.3243e-04 - mae: 0.0294
27/29 [==========================>...] - ETA: 0s - loss: 7.9113e-04 - mae: 0.0285
29/29 [==============================] - ETA: 0s - loss: 7.7051e-04 - mae: 0.0280
29/29 [==============================] - 1s 52ms/step - loss: 7.7051e-04 - mae: 0.0280 - val_loss: 0.0026 - val_mae: 0.0672 - lr: 5.8594e-06
Epoch 157/200

 1/29 [>.............................] - ETA: 1s - loss: 0.0018 - mae: 0.0494
 3/29 [==>...........................] - ETA: 1s - loss: 0.0024 - mae: 0.0573
 5/29 [====>.........................] - ETA: 1s - loss: 0.0018 - mae: 0.0475
 6/29 [=====>........................] - ETA: 1s - loss: 0.0016 - mae: 0.0435
 8/29 [=======>......................] - ETA: 1s - loss: 0.0013 - mae: 0.0390
10/29 [=========>....................] - ETA: 0s - loss: 0.0011 - mae: 0.0362
11/29 [==========>...................] - ETA: 0s - loss: 0.0011 - mae: 0.0345
12/29 [===========>..................] - ETA: 0s - loss: 9.9730e-04 - mae: 0.0334
14/29 [=============>................] - ETA: 0s - loss: 9.0158e-04 - mae: 0.0317
16/29 [===============>..............] - ETA: 0s - loss: 8.8118e-04 - mae: 0.0314
17/29 [================>.............] - ETA: 0s - loss: 8.9047e-04 - mae: 0.0316
18/29 [=================>............] - ETA: 0s - loss: 8.8955e-04 - mae: 0.0318
19/29 [==================>...........] - ETA: 0s - loss: 8.9094e-04 - mae: 0.0319
20/29 [===================>..........] - ETA: 0s - loss: 8.8079e-04 - mae: 0.0318
21/29 [====================>.........] - ETA: 0s - loss: 8.7335e-04 - mae: 0.0318
23/29 [======================>.......] - ETA: 0s - loss: 8.3184e-04 - mae: 0.0310
25/29 [========================>.....] - ETA: 0s - loss: 8.1511e-04 - mae: 0.0307
27/29 [==========================>...] - ETA: 0s - loss: 7.7354e-04 - mae: 0.0296
29/29 [==============================] - ETA: 0s - loss: 7.5069e-04 - mae: 0.0290
29/29 [==============================] - 2s 54ms/step - loss: 7.5069e-04 - mae: 0.0290 - val_loss: 0.0026 - val_mae: 0.0672 - lr: 5.8594e-06
Epoch 158/200

 1/29 [>.............................] - ETA: 1s - loss: 0.0016 - mae: 0.0460
 3/29 [==>...........................] - ETA: 1s - loss: 0.0020 - mae: 0.0495
 5/29 [====>.........................] - ETA: 1s - loss: 0.0015 - mae: 0.0433
 7/29 [======>.......................] - ETA: 1s - loss: 0.0012 - mae: 0.0373
 9/29 [========>.....................] - ETA: 0s - loss: 0.0011 - mae: 0.0343
11/29 [==========>...................] - ETA: 0s - loss: 9.2492e-04 - mae: 0.0317
13/29 [============>.................] - ETA: 0s - loss: 8.1920e-04 - mae: 0.0296
15/29 [==============>...............] - ETA: 0s - loss: 7.8086e-04 - mae: 0.0290
16/29 [===============>..............] - ETA: 0s - loss: 7.6570e-04 - mae: 0.0286
17/29 [================>.............] - ETA: 0s - loss: 7.6037e-04 - mae: 0.0286
19/29 [==================>...........] - ETA: 0s - loss: 7.4973e-04 - mae: 0.0285
20/29 [===================>..........] - ETA: 0s - loss: 7.3756e-04 - mae: 0.0282
21/29 [====================>.........] - ETA: 0s - loss: 7.2791e-04 - mae: 0.0282
23/29 [======================>.......] - ETA: 0s - loss: 7.0406e-04 - mae: 0.0280
25/29 [========================>.....] - ETA: 0s - loss: 6.8881e-04 - mae: 0.0277
27/29 [==========================>...] - ETA: 0s - loss: 6.5806e-04 - mae: 0.0270
29/29 [==============================] - ETA: 0s - loss: 6.4537e-04 - mae: 0.0267
29/29 [==============================] - 1s 50ms/step - loss: 6.4537e-04 - mae: 0.0267 - val_loss: 0.0026 - val_mae: 0.0672 - lr: 5.8594e-06
Epoch 159/200

 1/29 [>.............................] - ETA: 1s - loss: 0.0056 - mae: 0.0790
 3/29 [==>...........................] - ETA: 1s - loss: 0.0033 - mae: 0.0622
 5/29 [====>.........................] - ETA: 1s - loss: 0.0023 - mae: 0.0496
 7/29 [======>.......................] - ETA: 1s - loss: 0.0017 - mae: 0.0424
 9/29 [========>.....................] - ETA: 0s - loss: 0.0014 - mae: 0.0377
11/29 [==========>...................] - ETA: 0s - loss: 0.0012 - mae: 0.0342
12/29 [===========>..................] - ETA: 0s - loss: 0.0011 - mae: 0.0330
13/29 [============>.................] - ETA: 0s - loss: 0.0011 - mae: 0.0318
15/29 [==============>...............] - ETA: 0s - loss: 0.0010 - mae: 0.0310
17/29 [================>.............] - ETA: 0s - loss: 9.5091e-04 - mae: 0.0306
19/29 [==================>...........] - ETA: 0s - loss: 9.1697e-04 - mae: 0.0304
20/29 [===================>..........] - ETA: 0s - loss: 8.9791e-04 - mae: 0.0302
22/29 [=====================>........] - ETA: 0s - loss: 8.6468e-04 - mae: 0.0298
23/29 [======================>.......] - ETA: 0s - loss: 8.3792e-04 - mae: 0.0292
25/29 [========================>.....] - ETA: 0s - loss: 8.1271e-04 - mae: 0.0290
27/29 [==========================>...] - ETA: 0s - loss: 7.6837e-04 - mae: 0.0280
29/29 [==============================] - ETA: 0s - loss: 7.5012e-04 - mae: 0.0276
Epoch 159: ReduceLROnPlateau reducing learning rate to 2.9296875254658516e-06.

29/29 [==============================] - 1s 51ms/step - loss: 7.5012e-04 - mae: 0.0276 - val_loss: 0.0026 - val_mae: 0.0670 - lr: 5.8594e-06
Epoch 160/200

 1/29 [>.............................] - ETA: 1s - loss: 0.0035 - mae: 0.0624
 3/29 [==>...........................] - ETA: 1s - loss: 0.0025 - mae: 0.0528
 5/29 [====>.........................] - ETA: 1s - loss: 0.0017 - mae: 0.0418
 7/29 [======>.......................] - ETA: 1s - loss: 0.0014 - mae: 0.0364
 9/29 [========>.....................] - ETA: 0s - loss: 0.0011 - mae: 0.0330
11/29 [==========>...................] - ETA: 0s - loss: 9.9419e-04 - mae: 0.0310
13/29 [============>.................] - ETA: 0s - loss: 8.9448e-04 - mae: 0.0296
15/29 [==============>...............] - ETA: 0s - loss: 8.4040e-04 - mae: 0.0290
17/29 [================>.............] - ETA: 0s - loss: 8.4959e-04 - mae: 0.0298
19/29 [==================>...........] - ETA: 0s - loss: 8.3995e-04 - mae: 0.0301
21/29 [====================>.........] - ETA: 0s - loss: 8.1987e-04 - mae: 0.0297
23/29 [======================>.......] - ETA: 0s - loss: 7.8799e-04 - mae: 0.0293
25/29 [========================>.....] - ETA: 0s - loss: 7.6589e-04 - mae: 0.0289
27/29 [==========================>...] - ETA: 0s - loss: 7.3123e-04 - mae: 0.0281
29/29 [==============================] - ETA: 0s - loss: 7.1097e-04 - mae: 0.0276
29/29 [==============================] - 1s 50ms/step - loss: 7.1097e-04 - mae: 0.0276 - val_loss: 0.0026 - val_mae: 0.0670 - lr: 2.9297e-06
Epoch 161/200

 1/29 [>.............................] - ETA: 1s - loss: 0.0029 - mae: 0.0632
 3/29 [==>...........................] - ETA: 1s - loss: 0.0022 - mae: 0.0522
 5/29 [====>.........................] - ETA: 1s - loss: 0.0017 - mae: 0.0457
 7/29 [======>.......................] - ETA: 1s - loss: 0.0013 - mae: 0.0396
 9/29 [========>.....................] - ETA: 0s - loss: 0.0011 - mae: 0.0353
11/29 [==========>...................] - ETA: 0s - loss: 9.8501e-04 - mae: 0.0328
13/29 [============>.................] - ETA: 0s - loss: 8.7434e-04 - mae: 0.0307
15/29 [==============>...............] - ETA: 0s - loss: 8.3613e-04 - mae: 0.0297
17/29 [================>.............] - ETA: 0s - loss: 8.7852e-04 - mae: 0.0306
19/29 [==================>...........] - ETA: 0s - loss: 8.7442e-04 - mae: 0.0307
21/29 [====================>.........] - ETA: 0s - loss: 8.5996e-04 - mae: 0.0306
22/29 [=====================>........] - ETA: 0s - loss: 8.4356e-04 - mae: 0.0305
24/29 [=======================>......] - ETA: 0s - loss: 8.0803e-04 - mae: 0.0298
26/29 [=========================>....] - ETA: 0s - loss: 7.8142e-04 - mae: 0.0293
28/29 [===========================>..] - ETA: 0s - loss: 7.3858e-04 - mae: 0.0282
29/29 [==============================] - 1s 50ms/step - loss: 7.3582e-04 - mae: 0.0281 - val_loss: 0.0026 - val_mae: 0.0670 - lr: 2.9297e-06
Epoch 162/200

 1/29 [>.............................] - ETA: 1s - loss: 0.0036 - mae: 0.0642
 3/29 [==>...........................] - ETA: 1s - loss: 0.0024 - mae: 0.0557
 5/29 [====>.........................] - ETA: 1s - loss: 0.0018 - mae: 0.0459
 7/29 [======>.......................] - ETA: 0s - loss: 0.0014 - mae: 0.0398
 9/29 [========>.....................] - ETA: 0s - loss: 0.0012 - mae: 0.0362
11/29 [==========>...................] - ETA: 0s - loss: 0.0011 - mae: 0.0337
13/29 [============>.................] - ETA: 0s - loss: 9.4657e-04 - mae: 0.0316
14/29 [=============>................] - ETA: 0s - loss: 9.0628e-04 - mae: 0.0308
15/29 [==============>...............] - ETA: 0s - loss: 8.8040e-04 - mae: 0.0304
17/29 [================>.............] - ETA: 0s - loss: 9.1751e-04 - mae: 0.0312
19/29 [==================>...........] - ETA: 0s - loss: 9.0877e-04 - mae: 0.0313
21/29 [====================>.........] - ETA: 0s - loss: 8.7714e-04 - mae: 0.0309
23/29 [======================>.......] - ETA: 0s - loss: 8.3802e-04 - mae: 0.0303
25/29 [========================>.....] - ETA: 0s - loss: 8.1539e-04 - mae: 0.0299
27/29 [==========================>...] - ETA: 0s - loss: 7.6874e-04 - mae: 0.0288
29/29 [==============================] - ETA: 0s - loss: 7.4880e-04 - mae: 0.0283
29/29 [==============================] - 1s 52ms/step - loss: 7.4880e-04 - mae: 0.0283 - val_loss: 0.0026 - val_mae: 0.0669 - lr: 2.9297e-06
Epoch 163/200

 1/29 [>.............................] - ETA: 1s - loss: 0.0035 - mae: 0.0619
 3/29 [==>...........................] - ETA: 1s - loss: 0.0021 - mae: 0.0495
 5/29 [====>.........................] - ETA: 1s - loss: 0.0016 - mae: 0.0422
 7/29 [======>.......................] - ETA: 1s - loss: 0.0013 - mae: 0.0366
 9/29 [========>.....................] - ETA: 0s - loss: 0.0011 - mae: 0.0333
11/29 [==========>...................] - ETA: 0s - loss: 9.3319e-04 - mae: 0.0308
13/29 [============>.................] - ETA: 0s - loss: 8.4231e-04 - mae: 0.0295
15/29 [==============>...............] - ETA: 0s - loss: 8.0466e-04 - mae: 0.0292
17/29 [================>.............] - ETA: 0s - loss: 8.0203e-04 - mae: 0.0295
19/29 [==================>...........] - ETA: 0s - loss: 8.2398e-04 - mae: 0.0298
21/29 [====================>.........] - ETA: 0s - loss: 8.1017e-04 - mae: 0.0295
23/29 [======================>.......] - ETA: 0s - loss: 7.8632e-04 - mae: 0.0292
25/29 [========================>.....] - ETA: 0s - loss: 7.8668e-04 - mae: 0.0294
27/29 [==========================>...] - ETA: 0s - loss: 7.4755e-04 - mae: 0.0284
29/29 [==============================] - ETA: 0s - loss: 7.3192e-04 - mae: 0.0281
29/29 [==============================] - 1s 50ms/step - loss: 7.3192e-04 - mae: 0.0281 - val_loss: 0.0026 - val_mae: 0.0670 - lr: 2.9297e-06
Epoch 164/200

 1/29 [>.............................] - ETA: 1s - loss: 0.0042 - mae: 0.0735
 3/29 [==>...........................] - ETA: 1s - loss: 0.0025 - mae: 0.0555
 5/29 [====>.........................] - ETA: 1s - loss: 0.0018 - mae: 0.0460
 7/29 [======>.......................] - ETA: 1s - loss: 0.0014 - mae: 0.0396
 9/29 [========>.....................] - ETA: 0s - loss: 0.0012 - mae: 0.0358
11/29 [==========>...................] - ETA: 0s - loss: 0.0010 - mae: 0.0327
13/29 [============>.................] - ETA: 0s - loss: 9.1899e-04 - mae: 0.0311
15/29 [==============>...............] - ETA: 0s - loss: 8.7668e-04 - mae: 0.0305
17/29 [================>.............] - ETA: 0s - loss: 9.4407e-04 - mae: 0.0319
19/29 [==================>...........] - ETA: 0s - loss: 9.3200e-04 - mae: 0.0318
20/29 [===================>..........] - ETA: 0s - loss: 9.3757e-04 - mae: 0.0320
22/29 [=====================>........] - ETA: 0s - loss: 8.9515e-04 - mae: 0.0313
24/29 [=======================>......] - ETA: 0s - loss: 8.5849e-04 - mae: 0.0306
26/29 [=========================>....] - ETA: 0s - loss: 8.3698e-04 - mae: 0.0302
27/29 [==========================>...] - ETA: 0s - loss: 8.1197e-04 - mae: 0.0296
29/29 [==============================] - ETA: 0s - loss: 7.8782e-04 - mae: 0.0290
29/29 [==============================] - 1s 51ms/step - loss: 7.8782e-04 - mae: 0.0290 - val_loss: 0.0026 - val_mae: 0.0670 - lr: 2.9297e-06
Epoch 165/200

 1/29 [>.............................] - ETA: 1s - loss: 0.0024 - mae: 0.0591
 3/29 [==>...........................] - ETA: 1s - loss: 0.0021 - mae: 0.0532
 5/29 [====>.........................] - ETA: 1s - loss: 0.0016 - mae: 0.0443
 7/29 [======>.......................] - ETA: 1s - loss: 0.0013 - mae: 0.0387
 9/29 [========>.....................] - ETA: 0s - loss: 0.0011 - mae: 0.0350
11/29 [==========>...................] - ETA: 0s - loss: 9.2751e-04 - mae: 0.0324
13/29 [============>.................] - ETA: 0s - loss: 8.2979e-04 - mae: 0.0304
15/29 [==============>...............] - ETA: 0s - loss: 7.6408e-04 - mae: 0.0292
17/29 [================>.............] - ETA: 0s - loss: 8.1204e-04 - mae: 0.0301
19/29 [==================>...........] - ETA: 0s - loss: 8.0245e-04 - mae: 0.0302
21/29 [====================>.........] - ETA: 0s - loss: 7.6673e-04 - mae: 0.0296
23/29 [======================>.......] - ETA: 0s - loss: 7.4966e-04 - mae: 0.0292
25/29 [========================>.....] - ETA: 0s - loss: 7.4434e-04 - mae: 0.0292
27/29 [==========================>...] - ETA: 0s - loss: 7.0485e-04 - mae: 0.0282
29/29 [==============================] - ETA: 0s - loss: 6.8636e-04 - mae: 0.0277
29/29 [==============================] - 1s 50ms/step - loss: 6.8636e-04 - mae: 0.0277 - val_loss: 0.0026 - val_mae: 0.0670 - lr: 2.9297e-06
Epoch 166/200

 1/29 [>.............................] - ETA: 1s - loss: 0.0017 - mae: 0.0485
 3/29 [==>...........................] - ETA: 1s - loss: 0.0025 - mae: 0.0524
 5/29 [====>.........................] - ETA: 1s - loss: 0.0018 - mae: 0.0435
 7/29 [======>.......................] - ETA: 1s - loss: 0.0014 - mae: 0.0381
 9/29 [========>.....................] - ETA: 0s - loss: 0.0012 - mae: 0.0344
11/29 [==========>...................] - ETA: 0s - loss: 0.0010 - mae: 0.0313
13/29 [============>.................] - ETA: 0s - loss: 8.9647e-04 - mae: 0.0296
15/29 [==============>...............] - ETA: 0s - loss: 8.3630e-04 - mae: 0.0286
17/29 [================>.............] - ETA: 0s - loss: 8.3525e-04 - mae: 0.0292
19/29 [==================>...........] - ETA: 0s - loss: 8.4247e-04 - mae: 0.0298
21/29 [====================>.........] - ETA: 0s - loss: 8.1516e-04 - mae: 0.0294
23/29 [======================>.......] - ETA: 0s - loss: 7.7906e-04 - mae: 0.0288
25/29 [========================>.....] - ETA: 0s - loss: 7.6352e-04 - mae: 0.0286
27/29 [==========================>...] - ETA: 0s - loss: 7.2161e-04 - mae: 0.0276
29/29 [==============================] - ETA: 0s - loss: 7.0114e-04 - mae: 0.0271
29/29 [==============================] - 1s 49ms/step - loss: 7.0114e-04 - mae: 0.0271 - val_loss: 0.0026 - val_mae: 0.0669 - lr: 2.9297e-06
Epoch 167/200

 1/29 [>.............................] - ETA: 1s - loss: 0.0039 - mae: 0.0674
 3/29 [==>...........................] - ETA: 1s - loss: 0.0029 - mae: 0.0570
 5/29 [====>.........................] - ETA: 1s - loss: 0.0020 - mae: 0.0466
 7/29 [======>.......................] - ETA: 1s - loss: 0.0016 - mae: 0.0397
 9/29 [========>.....................] - ETA: 0s - loss: 0.0013 - mae: 0.0354
11/29 [==========>...................] - ETA: 0s - loss: 0.0011 - mae: 0.0320
13/29 [============>.................] - ETA: 0s - loss: 9.7170e-04 - mae: 0.0301
15/29 [==============>...............] - ETA: 0s - loss: 9.1388e-04 - mae: 0.0293
17/29 [================>.............] - ETA: 0s - loss: 8.9149e-04 - mae: 0.0294
18/29 [=================>............] - ETA: 0s - loss: 8.8812e-04 - mae: 0.0296
20/29 [===================>..........] - ETA: 0s - loss: 8.6110e-04 - mae: 0.0292
22/29 [=====================>........] - ETA: 0s - loss: 8.4441e-04 - mae: 0.0293
24/29 [=======================>......] - ETA: 0s - loss: 8.1311e-04 - mae: 0.0288
26/29 [=========================>....] - ETA: 0s - loss: 7.9292e-04 - mae: 0.0284
28/29 [===========================>..] - ETA: 0s - loss: 7.4676e-04 - mae: 0.0274
29/29 [==============================] - 1s 50ms/step - loss: 7.4363e-04 - mae: 0.0273 - val_loss: 0.0026 - val_mae: 0.0670 - lr: 2.9297e-06
Epoch 168/200

 1/29 [>.............................] - ETA: 1s - loss: 0.0031 - mae: 0.0636
 3/29 [==>...........................] - ETA: 1s - loss: 0.0021 - mae: 0.0526
 5/29 [====>.........................] - ETA: 1s - loss: 0.0015 - mae: 0.0423
 7/29 [======>.......................] - ETA: 1s - loss: 0.0012 - mae: 0.0362
 9/29 [========>.....................] - ETA: 0s - loss: 0.0010 - mae: 0.0335
11/29 [==========>...................] - ETA: 0s - loss: 8.8489e-04 - mae: 0.0309
13/29 [============>.................] - ETA: 0s - loss: 7.9860e-04 - mae: 0.0293
15/29 [==============>...............] - ETA: 0s - loss: 7.4829e-04 - mae: 0.0283
17/29 [================>.............] - ETA: 0s - loss: 7.5374e-04 - mae: 0.0287
19/29 [==================>...........] - ETA: 0s - loss: 7.6743e-04 - mae: 0.0292
21/29 [====================>.........] - ETA: 0s - loss: 7.3895e-04 - mae: 0.0288
23/29 [======================>.......] - ETA: 0s - loss: 7.1778e-04 - mae: 0.0286
25/29 [========================>.....] - ETA: 0s - loss: 7.1308e-04 - mae: 0.0286
27/29 [==========================>...] - ETA: 0s - loss: 6.7508e-04 - mae: 0.0276
29/29 [==============================] - ETA: 0s - loss: 6.6131e-04 - mae: 0.0273
29/29 [==============================] - 1s 50ms/step - loss: 6.6131e-04 - mae: 0.0273 - val_loss: 0.0026 - val_mae: 0.0670 - lr: 2.9297e-06
Epoch 169/200

 1/29 [>.............................] - ETA: 1s - loss: 0.0020 - mae: 0.0474
 3/29 [==>...........................] - ETA: 1s - loss: 0.0018 - mae: 0.0476
 4/29 [===>..........................] - ETA: 1s - loss: 0.0016 - mae: 0.0447
 6/29 [=====>........................] - ETA: 1s - loss: 0.0013 - mae: 0.0394
 8/29 [=======>......................] - ETA: 1s - loss: 0.0012 - mae: 0.0357
10/29 [=========>....................] - ETA: 0s - loss: 0.0010 - mae: 0.0330
12/29 [===========>..................] - ETA: 0s - loss: 8.9046e-04 - mae: 0.0304
14/29 [=============>................] - ETA: 0s - loss: 8.0509e-04 - mae: 0.0290
16/29 [===============>..............] - ETA: 0s - loss: 8.1742e-04 - mae: 0.0293
18/29 [=================>............] - ETA: 0s - loss: 8.5963e-04 - mae: 0.0300
20/29 [===================>..........] - ETA: 0s - loss: 8.4237e-04 - mae: 0.0299
22/29 [=====================>........] - ETA: 0s - loss: 8.1193e-04 - mae: 0.0295
24/29 [=======================>......] - ETA: 0s - loss: 7.7649e-04 - mae: 0.0290
26/29 [=========================>....] - ETA: 0s - loss: 7.6663e-04 - mae: 0.0287
28/29 [===========================>..] - ETA: 0s - loss: 7.3023e-04 - mae: 0.0278
29/29 [==============================] - 1s 50ms/step - loss: 7.2868e-04 - mae: 0.0277 - val_loss: 0.0026 - val_mae: 0.0670 - lr: 2.9297e-06
Epoch 170/200

 1/29 [>.............................] - ETA: 1s - loss: 0.0037 - mae: 0.0634
 3/29 [==>...........................] - ETA: 1s - loss: 0.0027 - mae: 0.0593
 5/29 [====>.........................] - ETA: 1s - loss: 0.0020 - mae: 0.0480
 7/29 [======>.......................] - ETA: 1s - loss: 0.0016 - mae: 0.0416
 9/29 [========>.....................] - ETA: 0s - loss: 0.0013 - mae: 0.0374
11/29 [==========>...................] - ETA: 0s - loss: 0.0011 - mae: 0.0335
13/29 [============>.................] - ETA: 0s - loss: 9.8780e-04 - mae: 0.0316
15/29 [==============>...............] - ETA: 0s - loss: 9.3344e-04 - mae: 0.0307
17/29 [================>.............] - ETA: 0s - loss: 9.6749e-04 - mae: 0.0319
18/29 [=================>............] - ETA: 0s - loss: 9.6058e-04 - mae: 0.0320
20/29 [===================>..........] - ETA: 0s - loss: 9.3998e-04 - mae: 0.0318
22/29 [=====================>........] - ETA: 0s - loss: 9.0327e-04 - mae: 0.0313
24/29 [=======================>......] - ETA: 0s - loss: 8.6365e-04 - mae: 0.0306
26/29 [=========================>....] - ETA: 0s - loss: 8.3823e-04 - mae: 0.0300
28/29 [===========================>..] - ETA: 0s - loss: 7.9656e-04 - mae: 0.0290
29/29 [==============================] - 1s 49ms/step - loss: 7.9416e-04 - mae: 0.0290 - val_loss: 0.0026 - val_mae: 0.0669 - lr: 2.9297e-06
Epoch 171/200

 1/29 [>.............................] - ETA: 1s - loss: 0.0022 - mae: 0.0502
 3/29 [==>...........................] - ETA: 1s - loss: 0.0021 - mae: 0.0515
 5/29 [====>.........................] - ETA: 1s - loss: 0.0015 - mae: 0.0426
 7/29 [======>.......................] - ETA: 1s - loss: 0.0012 - mae: 0.0361
 8/29 [=======>......................] - ETA: 1s - loss: 0.0011 - mae: 0.0341
10/29 [=========>....................] - ETA: 0s - loss: 9.6333e-04 - mae: 0.0320
12/29 [===========>..................] - ETA: 0s - loss: 8.3627e-04 - mae: 0.0293
14/29 [=============>................] - ETA: 0s - loss: 7.7125e-04 - mae: 0.0284
16/29 [===============>..............] - ETA: 0s - loss: 7.6405e-04 - mae: 0.0286
18/29 [=================>............] - ETA: 0s - loss: 7.7253e-04 - mae: 0.0292
20/29 [===================>..........] - ETA: 0s - loss: 7.4833e-04 - mae: 0.0289
22/29 [=====================>........] - ETA: 0s - loss: 7.2362e-04 - mae: 0.0286
24/29 [=======================>......] - ETA: 0s - loss: 7.0780e-04 - mae: 0.0285
26/29 [=========================>....] - ETA: 0s - loss: 6.9021e-04 - mae: 0.0280
28/29 [===========================>..] - ETA: 0s - loss: 6.5768e-04 - mae: 0.0272
29/29 [==============================] - 1s 52ms/step - loss: 6.5484e-04 - mae: 0.0271 - val_loss: 0.0026 - val_mae: 0.0669 - lr: 2.9297e-06
Epoch 172/200

 1/29 [>.............................] - ETA: 1s - loss: 0.0024 - mae: 0.0574
 3/29 [==>...........................] - ETA: 1s - loss: 0.0021 - mae: 0.0536
 5/29 [====>.........................] - ETA: 1s - loss: 0.0017 - mae: 0.0452
 7/29 [======>.......................] - ETA: 0s - loss: 0.0013 - mae: 0.0395
 9/29 [========>.....................] - ETA: 0s - loss: 0.0011 - mae: 0.0358
11/29 [==========>...................] - ETA: 0s - loss: 9.9393e-04 - mae: 0.0329
13/29 [============>.................] - ETA: 0s - loss: 8.9191e-04 - mae: 0.0311
15/29 [==============>...............] - ETA: 0s - loss: 8.4164e-04 - mae: 0.0302
17/29 [================>.............] - ETA: 0s - loss: 8.8884e-04 - mae: 0.0310
19/29 [==================>...........] - ETA: 0s - loss: 8.7852e-04 - mae: 0.0311
21/29 [====================>.........] - ETA: 0s - loss: 8.6612e-04 - mae: 0.0311
23/29 [======================>.......] - ETA: 0s - loss: 8.2731e-04 - mae: 0.0306
25/29 [========================>.....] - ETA: 0s - loss: 8.0986e-04 - mae: 0.0302
27/29 [==========================>...] - ETA: 0s - loss: 7.6799e-04 - mae: 0.0291
29/29 [==============================] - ETA: 0s - loss: 7.4554e-04 - mae: 0.0285
29/29 [==============================] - 1s 49ms/step - loss: 7.4554e-04 - mae: 0.0285 - val_loss: 0.0026 - val_mae: 0.0669 - lr: 2.9297e-06
Epoch 173/200

 1/29 [>.............................] - ETA: 1s - loss: 0.0037 - mae: 0.0623
 3/29 [==>...........................] - ETA: 1s - loss: 0.0026 - mae: 0.0542
 5/29 [====>.........................] - ETA: 1s - loss: 0.0020 - mae: 0.0455
 7/29 [======>.......................] - ETA: 0s - loss: 0.0015 - mae: 0.0395
 9/29 [========>.....................] - ETA: 0s - loss: 0.0013 - mae: 0.0357
11/29 [==========>...................] - ETA: 0s - loss: 0.0011 - mae: 0.0326
13/29 [============>.................] - ETA: 0s - loss: 9.7237e-04 - mae: 0.0309
15/29 [==============>...............] - ETA: 0s - loss: 9.2171e-04 - mae: 0.0300
17/29 [================>.............] - ETA: 0s - loss: 9.2010e-04 - mae: 0.0304
19/29 [==================>...........] - ETA: 0s - loss: 9.0631e-04 - mae: 0.0305
21/29 [====================>.........] - ETA: 0s - loss: 8.8867e-04 - mae: 0.0304
23/29 [======================>.......] - ETA: 0s - loss: 8.3401e-04 - mae: 0.0293
25/29 [========================>.....] - ETA: 0s - loss: 8.2640e-04 - mae: 0.0294
27/29 [==========================>...] - ETA: 0s - loss: 7.9127e-04 - mae: 0.0286
29/29 [==============================] - ETA: 0s - loss: 7.7637e-04 - mae: 0.0284
29/29 [==============================] - 1s 48ms/step - loss: 7.7637e-04 - mae: 0.0284 - val_loss: 0.0026 - val_mae: 0.0669 - lr: 2.9297e-06
Epoch 174/200

 1/29 [>.............................] - ETA: 1s - loss: 0.0034 - mae: 0.0655
 3/29 [==>...........................] - ETA: 1s - loss: 0.0022 - mae: 0.0528
 5/29 [====>.........................] - ETA: 1s - loss: 0.0016 - mae: 0.0422
 7/29 [======>.......................] - ETA: 0s - loss: 0.0013 - mae: 0.0376
 9/29 [========>.....................] - ETA: 0s - loss: 0.0011 - mae: 0.0341
11/29 [==========>...................] - ETA: 0s - loss: 9.6372e-04 - mae: 0.0314
13/29 [============>.................] - ETA: 0s - loss: 8.5979e-04 - mae: 0.0298
15/29 [==============>...............] - ETA: 0s - loss: 8.0210e-04 - mae: 0.0287
17/29 [================>.............] - ETA: 0s - loss: 8.4168e-04 - mae: 0.0294
19/29 [==================>...........] - ETA: 0s - loss: 8.6869e-04 - mae: 0.0299
21/29 [====================>.........] - ETA: 0s - loss: 8.6338e-04 - mae: 0.0301
23/29 [======================>.......] - ETA: 0s - loss: 8.2979e-04 - mae: 0.0296
25/29 [========================>.....] - ETA: 0s - loss: 8.1341e-04 - mae: 0.0294
27/29 [==========================>...] - ETA: 0s - loss: 7.6810e-04 - mae: 0.0284
29/29 [==============================] - ETA: 0s - loss: 7.5514e-04 - mae: 0.0280
Epoch 174: ReduceLROnPlateau reducing learning rate to 1.4648437627329258e-06.

29/29 [==============================] - 1s 49ms/step - loss: 7.5514e-04 - mae: 0.0280 - val_loss: 0.0026 - val_mae: 0.0671 - lr: 2.9297e-06
Epoch 175/200

 1/29 [>.............................] - ETA: 1s - loss: 0.0035 - mae: 0.0672
 3/29 [==>...........................] - ETA: 1s - loss: 0.0027 - mae: 0.0577
 4/29 [===>..........................] - ETA: 1s - loss: 0.0022 - mae: 0.0508
 5/29 [====>.........................] - ETA: 1s - loss: 0.0019 - mae: 0.0457
 6/29 [=====>........................] - ETA: 1s - loss: 0.0016 - mae: 0.0427
 8/29 [=======>......................] - ETA: 1s - loss: 0.0013 - mae: 0.0373
10/29 [=========>....................] - ETA: 0s - loss: 0.0011 - mae: 0.0341
12/29 [===========>..................] - ETA: 0s - loss: 9.7622e-04 - mae: 0.0311
14/29 [=============>................] - ETA: 0s - loss: 8.8111e-04 - mae: 0.0297
16/29 [===============>..............] - ETA: 0s - loss: 9.3464e-04 - mae: 0.0309
18/29 [=================>............] - ETA: 0s - loss: 9.1714e-04 - mae: 0.0309
20/29 [===================>..........] - ETA: 0s - loss: 9.2017e-04 - mae: 0.0313
22/29 [=====================>........] - ETA: 0s - loss: 8.7909e-04 - mae: 0.0306
24/29 [=======================>......] - ETA: 0s - loss: 8.3815e-04 - mae: 0.0299
26/29 [=========================>....] - ETA: 0s - loss: 8.2375e-04 - mae: 0.0296
28/29 [===========================>..] - ETA: 0s - loss: 7.8207e-04 - mae: 0.0286
29/29 [==============================] - 1s 48ms/step - loss: 7.7986e-04 - mae: 0.0285 - val_loss: 0.0026 - val_mae: 0.0671 - lr: 1.4648e-06
Epoch 176/200

 1/29 [>.............................] - ETA: 1s - loss: 0.0028 - mae: 0.0644
 3/29 [==>...........................] - ETA: 1s - loss: 0.0028 - mae: 0.0594
 5/29 [====>.........................] - ETA: 1s - loss: 0.0019 - mae: 0.0462
 7/29 [======>.......................] - ETA: 0s - loss: 0.0015 - mae: 0.0396
 9/29 [========>.....................] - ETA: 0s - loss: 0.0013 - mae: 0.0355
11/29 [==========>...................] - ETA: 0s - loss: 0.0011 - mae: 0.0329
13/29 [============>.................] - ETA: 0s - loss: 9.7047e-04 - mae: 0.0308
15/29 [==============>...............] - ETA: 0s - loss: 9.2666e-04 - mae: 0.0302
17/29 [================>.............] - ETA: 0s - loss: 8.9691e-04 - mae: 0.0301
19/29 [==================>...........] - ETA: 0s - loss: 8.8172e-04 - mae: 0.0300
21/29 [====================>.........] - ETA: 0s - loss: 8.4721e-04 - mae: 0.0296
23/29 [======================>.......] - ETA: 0s - loss: 8.1050e-04 - mae: 0.0291
25/29 [========================>.....] - ETA: 0s - loss: 7.9051e-04 - mae: 0.0288
27/29 [==========================>...] - ETA: 0s - loss: 7.5646e-04 - mae: 0.0282
29/29 [==============================] - ETA: 0s - loss: 7.4057e-04 - mae: 0.0278
29/29 [==============================] - 1s 48ms/step - loss: 7.4057e-04 - mae: 0.0278 - val_loss: 0.0026 - val_mae: 0.0671 - lr: 1.4648e-06
Epoch 177/200

 1/29 [>.............................] - ETA: 1s - loss: 0.0028 - mae: 0.0578
 3/29 [==>...........................] - ETA: 1s - loss: 0.0026 - mae: 0.0579
 5/29 [====>.........................] - ETA: 1s - loss: 0.0018 - mae: 0.0467
 7/29 [======>.......................] - ETA: 0s - loss: 0.0015 - mae: 0.0410
 9/29 [========>.....................] - ETA: 0s - loss: 0.0012 - mae: 0.0371
11/29 [==========>...................] - ETA: 0s - loss: 0.0011 - mae: 0.0342
13/29 [============>.................] - ETA: 0s - loss: 9.5407e-04 - mae: 0.0321
15/29 [==============>...............] - ETA: 0s - loss: 8.9106e-04 - mae: 0.0310
17/29 [================>.............] - ETA: 0s - loss: 9.0055e-04 - mae: 0.0312
19/29 [==================>...........] - ETA: 0s - loss: 8.8632e-04 - mae: 0.0312
21/29 [====================>.........] - ETA: 0s - loss: 8.4347e-04 - mae: 0.0303
23/29 [======================>.......] - ETA: 0s - loss: 7.9838e-04 - mae: 0.0295
25/29 [========================>.....] - ETA: 0s - loss: 7.8659e-04 - mae: 0.0294
27/29 [==========================>...] - ETA: 0s - loss: 7.4961e-04 - mae: 0.0285
29/29 [==============================] - ETA: 0s - loss: 7.2713e-04 - mae: 0.0279
29/29 [==============================] - 1s 48ms/step - loss: 7.2713e-04 - mae: 0.0279 - val_loss: 0.0026 - val_mae: 0.0670 - lr: 1.4648e-06
Epoch 178/200

 1/29 [>.............................] - ETA: 1s - loss: 0.0037 - mae: 0.0664
 3/29 [==>...........................] - ETA: 1s - loss: 0.0028 - mae: 0.0571
 5/29 [====>.........................] - ETA: 1s - loss: 0.0020 - mae: 0.0471
 7/29 [======>.......................] - ETA: 0s - loss: 0.0016 - mae: 0.0409
 9/29 [========>.....................] - ETA: 0s - loss: 0.0013 - mae: 0.0367
11/29 [==========>...................] - ETA: 0s - loss: 0.0011 - mae: 0.0335
13/29 [============>.................] - ETA: 0s - loss: 9.8770e-04 - mae: 0.0311
15/29 [==============>...............] - ETA: 0s - loss: 9.1677e-04 - mae: 0.0302
17/29 [================>.............] - ETA: 0s - loss: 8.8535e-04 - mae: 0.0301
19/29 [==================>...........] - ETA: 0s - loss: 8.5966e-04 - mae: 0.0300
21/29 [====================>.........] - ETA: 0s - loss: 8.4230e-04 - mae: 0.0299
23/29 [======================>.......] - ETA: 0s - loss: 8.1089e-04 - mae: 0.0294
25/29 [========================>.....] - ETA: 0s - loss: 7.9875e-04 - mae: 0.0291
27/29 [==========================>...] - ETA: 0s - loss: 7.5123e-04 - mae: 0.0281
29/29 [==============================] - ETA: 0s - loss: 7.3230e-04 - mae: 0.0277
29/29 [==============================] - 1s 48ms/step - loss: 7.3230e-04 - mae: 0.0277 - val_loss: 0.0026 - val_mae: 0.0670 - lr: 1.4648e-06
Epoch 179/200

 1/29 [>.............................] - ETA: 1s - loss: 0.0022 - mae: 0.0541
 3/29 [==>...........................] - ETA: 1s - loss: 0.0027 - mae: 0.0580
 5/29 [====>.........................] - ETA: 1s - loss: 0.0020 - mae: 0.0480
 7/29 [======>.......................] - ETA: 0s - loss: 0.0016 - mae: 0.0413
 9/29 [========>.....................] - ETA: 0s - loss: 0.0013 - mae: 0.0367
11/29 [==========>...................] - ETA: 0s - loss: 0.0011 - mae: 0.0341
13/29 [============>.................] - ETA: 0s - loss: 0.0010 - mae: 0.0322
15/29 [==============>...............] - ETA: 0s - loss: 9.3977e-04 - mae: 0.0311
17/29 [================>.............] - ETA: 0s - loss: 9.0666e-04 - mae: 0.0309
19/29 [==================>...........] - ETA: 0s - loss: 8.9673e-04 - mae: 0.0310
21/29 [====================>.........] - ETA: 0s - loss: 8.7439e-04 - mae: 0.0308
23/29 [======================>.......] - ETA: 0s - loss: 8.2870e-04 - mae: 0.0300
25/29 [========================>.....] - ETA: 0s - loss: 8.0349e-04 - mae: 0.0296
27/29 [==========================>...] - ETA: 0s - loss: 7.5844e-04 - mae: 0.0286
29/29 [==============================] - ETA: 0s - loss: 7.4060e-04 - mae: 0.0282
29/29 [==============================] - 1s 48ms/step - loss: 7.4060e-04 - mae: 0.0282 - val_loss: 0.0026 - val_mae: 0.0670 - lr: 1.4648e-06
Epoch 180/200

 1/29 [>.............................] - ETA: 1s - loss: 0.0034 - mae: 0.0660
 3/29 [==>...........................] - ETA: 1s - loss: 0.0021 - mae: 0.0509
 5/29 [====>.........................] - ETA: 1s - loss: 0.0016 - mae: 0.0425
 7/29 [======>.......................] - ETA: 1s - loss: 0.0012 - mae: 0.0367
 9/29 [========>.....................] - ETA: 0s - loss: 0.0010 - mae: 0.0328
11/29 [==========>...................] - ETA: 0s - loss: 9.1469e-04 - mae: 0.0303
13/29 [============>.................] - ETA: 0s - loss: 8.2484e-04 - mae: 0.0289
15/29 [==============>...............] - ETA: 0s - loss: 7.8988e-04 - mae: 0.0287
17/29 [================>.............] - ETA: 0s - loss: 8.2058e-04 - mae: 0.0295
19/29 [==================>...........] - ETA: 0s - loss: 8.1647e-04 - mae: 0.0295
21/29 [====================>.........] - ETA: 0s - loss: 8.0750e-04 - mae: 0.0293
23/29 [======================>.......] - ETA: 0s - loss: 7.7718e-04 - mae: 0.0287
25/29 [========================>.....] - ETA: 0s - loss: 7.7064e-04 - mae: 0.0287
27/29 [==========================>...] - ETA: 0s - loss: 7.3091e-04 - mae: 0.0278
29/29 [==============================] - ETA: 0s - loss: 7.1025e-04 - mae: 0.0274
29/29 [==============================] - 1s 49ms/step - loss: 7.1025e-04 - mae: 0.0274 - val_loss: 0.0026 - val_mae: 0.0669 - lr: 1.4648e-06
Epoch 181/200

 1/29 [>.............................] - ETA: 1s - loss: 0.0033 - mae: 0.0684
 3/29 [==>...........................] - ETA: 1s - loss: 0.0024 - mae: 0.0567
 5/29 [====>.........................] - ETA: 1s - loss: 0.0017 - mae: 0.0447
 6/29 [=====>........................] - ETA: 1s - loss: 0.0015 - mae: 0.0411
 8/29 [=======>......................] - ETA: 0s - loss: 0.0012 - mae: 0.0370
10/29 [=========>....................] - ETA: 0s - loss: 0.0010 - mae: 0.0335
12/29 [===========>..................] - ETA: 0s - loss: 8.9442e-04 - mae: 0.0303
14/29 [=============>................] - ETA: 0s - loss: 8.1171e-04 - mae: 0.0288
16/29 [===============>..............] - ETA: 0s - loss: 7.8117e-04 - mae: 0.0283
18/29 [=================>............] - ETA: 0s - loss: 7.7467e-04 - mae: 0.0286
20/29 [===================>..........] - ETA: 0s - loss: 7.4531e-04 - mae: 0.0283
22/29 [=====================>........] - ETA: 0s - loss: 7.2423e-04 - mae: 0.0280
24/29 [=======================>......] - ETA: 0s - loss: 7.1155e-04 - mae: 0.0278
26/29 [=========================>....] - ETA: 0s - loss: 7.0532e-04 - mae: 0.0277
28/29 [===========================>..] - ETA: 0s - loss: 6.7114e-04 - mae: 0.0269
29/29 [==============================] - 1s 48ms/step - loss: 6.7042e-04 - mae: 0.0269 - val_loss: 0.0026 - val_mae: 0.0669 - lr: 1.4648e-06
Epoch 182/200

 1/29 [>.............................] - ETA: 1s - loss: 0.0021 - mae: 0.0481
 3/29 [==>...........................] - ETA: 1s - loss: 0.0017 - mae: 0.0463
 5/29 [====>.........................] - ETA: 1s - loss: 0.0013 - mae: 0.0398
 7/29 [======>.......................] - ETA: 0s - loss: 0.0011 - mae: 0.0352
 9/29 [========>.....................] - ETA: 0s - loss: 9.3554e-04 - mae: 0.0327
11/29 [==========>...................] - ETA: 0s - loss: 8.3015e-04 - mae: 0.0302
13/29 [============>.................] - ETA: 0s - loss: 7.3664e-04 - mae: 0.0284
15/29 [==============>...............] - ETA: 0s - loss: 6.9903e-04 - mae: 0.0277
17/29 [================>.............] - ETA: 0s - loss: 6.8383e-04 - mae: 0.0275
19/29 [==================>...........] - ETA: 0s - loss: 6.9933e-04 - mae: 0.0279
21/29 [====================>.........] - ETA: 0s - loss: 6.8783e-04 - mae: 0.0280
23/29 [======================>.......] - ETA: 0s - loss: 6.5960e-04 - mae: 0.0273
25/29 [========================>.....] - ETA: 0s - loss: 6.7465e-04 - mae: 0.0276
27/29 [==========================>...] - ETA: 0s - loss: 6.4154e-04 - mae: 0.0268
29/29 [==============================] - ETA: 0s - loss: 6.2573e-04 - mae: 0.0263
29/29 [==============================] - 1s 48ms/step - loss: 6.2573e-04 - mae: 0.0263 - val_loss: 0.0025 - val_mae: 0.0668 - lr: 1.4648e-06
Epoch 183/200

 1/29 [>.............................] - ETA: 1s - loss: 0.0027 - mae: 0.0517
 3/29 [==>...........................] - ETA: 1s - loss: 0.0020 - mae: 0.0487
 5/29 [====>.........................] - ETA: 1s - loss: 0.0014 - mae: 0.0391
 7/29 [======>.......................] - ETA: 1s - loss: 0.0012 - mae: 0.0351
 9/29 [========>.....................] - ETA: 0s - loss: 0.0010 - mae: 0.0324
11/29 [==========>...................] - ETA: 0s - loss: 8.7681e-04 - mae: 0.0301
13/29 [============>.................] - ETA: 0s - loss: 8.0510e-04 - mae: 0.0289
15/29 [==============>...............] - ETA: 0s - loss: 7.8819e-04 - mae: 0.0287
17/29 [================>.............] - ETA: 0s - loss: 8.0423e-04 - mae: 0.0291
19/29 [==================>...........] - ETA: 0s - loss: 7.8912e-04 - mae: 0.0291
21/29 [====================>.........] - ETA: 0s - loss: 7.8283e-04 - mae: 0.0290
23/29 [======================>.......] - ETA: 0s - loss: 7.6604e-04 - mae: 0.0288
25/29 [========================>.....] - ETA: 0s - loss: 7.5853e-04 - mae: 0.0286
27/29 [==========================>...] - ETA: 0s - loss: 7.1425e-04 - mae: 0.0276
29/29 [==============================] - ETA: 0s - loss: 6.9374e-04 - mae: 0.0271
29/29 [==============================] - 1s 48ms/step - loss: 6.9374e-04 - mae: 0.0271 - val_loss: 0.0025 - val_mae: 0.0668 - lr: 1.4648e-06
Epoch 184/200

 1/29 [>.............................] - ETA: 1s - loss: 0.0043 - mae: 0.0649
 3/29 [==>...........................] - ETA: 1s - loss: 0.0025 - mae: 0.0517
 5/29 [====>.........................] - ETA: 1s - loss: 0.0018 - mae: 0.0433
 7/29 [======>.......................] - ETA: 1s - loss: 0.0014 - mae: 0.0371
 9/29 [========>.....................] - ETA: 0s - loss: 0.0012 - mae: 0.0335
11/29 [==========>...................] - ETA: 0s - loss: 0.0010 - mae: 0.0313
13/29 [============>.................] - ETA: 0s - loss: 9.1300e-04 - mae: 0.0296
15/29 [==============>...............] - ETA: 0s - loss: 8.5586e-04 - mae: 0.0288
17/29 [================>.............] - ETA: 0s - loss: 8.5790e-04 - mae: 0.0293
19/29 [==================>...........] - ETA: 0s - loss: 8.5202e-04 - mae: 0.0295
21/29 [====================>.........] - ETA: 0s - loss: 8.3643e-04 - mae: 0.0295
23/29 [======================>.......] - ETA: 0s - loss: 8.0772e-04 - mae: 0.0292
25/29 [========================>.....] - ETA: 0s - loss: 8.0032e-04 - mae: 0.0292
27/29 [==========================>...] - ETA: 0s - loss: 7.5791e-04 - mae: 0.0282
29/29 [==============================] - ETA: 0s - loss: 7.4121e-04 - mae: 0.0279
29/29 [==============================] - 1s 49ms/step - loss: 7.4121e-04 - mae: 0.0279 - val_loss: 0.0025 - val_mae: 0.0668 - lr: 1.4648e-06
Epoch 185/200

 1/29 [>.............................] - ETA: 1s - loss: 0.0039 - mae: 0.0668
 3/29 [==>...........................] - ETA: 1s - loss: 0.0031 - mae: 0.0595
 5/29 [====>.........................] - ETA: 1s - loss: 0.0024 - mae: 0.0507
 7/29 [======>.......................] - ETA: 0s - loss: 0.0018 - mae: 0.0425
 9/29 [========>.....................] - ETA: 0s - loss: 0.0015 - mae: 0.0378
11/29 [==========>...................] - ETA: 0s - loss: 0.0013 - mae: 0.0349
13/29 [============>.................] - ETA: 0s - loss: 0.0011 - mae: 0.0325
15/29 [==============>...............] - ETA: 0s - loss: 0.0011 - mae: 0.0320
17/29 [================>.............] - ETA: 0s - loss: 0.0011 - mae: 0.0326
19/29 [==================>...........] - ETA: 0s - loss: 0.0010 - mae: 0.0322
21/29 [====================>.........] - ETA: 0s - loss: 9.7511e-04 - mae: 0.0315
23/29 [======================>.......] - ETA: 0s - loss: 9.2947e-04 - mae: 0.0308
25/29 [========================>.....] - ETA: 0s - loss: 9.0407e-04 - mae: 0.0305
27/29 [==========================>...] - ETA: 0s - loss: 8.5334e-04 - mae: 0.0293
29/29 [==============================] - ETA: 0s - loss: 8.3319e-04 - mae: 0.0289
29/29 [==============================] - 1s 48ms/step - loss: 8.3319e-04 - mae: 0.0289 - val_loss: 0.0026 - val_mae: 0.0669 - lr: 1.4648e-06
Epoch 186/200

 1/29 [>.............................] - ETA: 1s - loss: 0.0038 - mae: 0.0652
 3/29 [==>...........................] - ETA: 1s - loss: 0.0027 - mae: 0.0558
 5/29 [====>.........................] - ETA: 1s - loss: 0.0020 - mae: 0.0476
 7/29 [======>.......................] - ETA: 1s - loss: 0.0016 - mae: 0.0418
 9/29 [========>.....................] - ETA: 0s - loss: 0.0013 - mae: 0.0371
11/29 [==========>...................] - ETA: 0s - loss: 0.0011 - mae: 0.0340
13/29 [============>.................] - ETA: 0s - loss: 0.0010 - mae: 0.0321
15/29 [==============>...............] - ETA: 0s - loss: 9.3128e-04 - mae: 0.0308
17/29 [================>.............] - ETA: 0s - loss: 9.2107e-04 - mae: 0.0310
19/29 [==================>...........] - ETA: 0s - loss: 9.0564e-04 - mae: 0.0313
21/29 [====================>.........] - ETA: 0s - loss: 8.8042e-04 - mae: 0.0310
23/29 [======================>.......] - ETA: 0s - loss: 8.5026e-04 - mae: 0.0306
25/29 [========================>.....] - ETA: 0s - loss: 8.2835e-04 - mae: 0.0302
27/29 [==========================>...] - ETA: 0s - loss: 7.8606e-04 - mae: 0.0293
29/29 [==============================] - ETA: 0s - loss: 7.6331e-04 - mae: 0.0288
29/29 [==============================] - 1s 48ms/step - loss: 7.6331e-04 - mae: 0.0288 - val_loss: 0.0026 - val_mae: 0.0669 - lr: 1.4648e-06
Epoch 187/200

 1/29 [>.............................] - ETA: 1s - loss: 0.0038 - mae: 0.0706
 3/29 [==>...........................] - ETA: 1s - loss: 0.0029 - mae: 0.0597
 5/29 [====>.........................] - ETA: 1s - loss: 0.0020 - mae: 0.0468
 7/29 [======>.......................] - ETA: 1s - loss: 0.0015 - mae: 0.0396
 9/29 [========>.....................] - ETA: 0s - loss: 0.0013 - mae: 0.0354
11/29 [==========>...................] - ETA: 0s - loss: 0.0011 - mae: 0.0331
13/29 [============>.................] - ETA: 0s - loss: 0.0010 - mae: 0.0313
15/29 [==============>...............] - ETA: 0s - loss: 9.4547e-04 - mae: 0.0304
17/29 [================>.............] - ETA: 0s - loss: 9.1937e-04 - mae: 0.0303
18/29 [=================>............] - ETA: 0s - loss: 9.3320e-04 - mae: 0.0306
19/29 [==================>...........] - ETA: 0s - loss: 9.2128e-04 - mae: 0.0308
21/29 [====================>.........] - ETA: 0s - loss: 8.9330e-04 - mae: 0.0304
23/29 [======================>.......] - ETA: 0s - loss: 8.5885e-04 - mae: 0.0299
25/29 [========================>.....] - ETA: 0s - loss: 8.3390e-04 - mae: 0.0296
27/29 [==========================>...] - ETA: 0s - loss: 7.8695e-04 - mae: 0.0285
29/29 [==============================] - ETA: 0s - loss: 7.6191e-04 - mae: 0.0279
29/29 [==============================] - 1s 50ms/step - loss: 7.6191e-04 - mae: 0.0279 - val_loss: 0.0026 - val_mae: 0.0669 - lr: 1.4648e-06
Epoch 188/200

 1/29 [>.............................] - ETA: 1s - loss: 0.0020 - mae: 0.0482
 3/29 [==>...........................] - ETA: 1s - loss: 0.0019 - mae: 0.0488
 5/29 [====>.........................] - ETA: 1s - loss: 0.0014 - mae: 0.0402
 7/29 [======>.......................] - ETA: 0s - loss: 0.0012 - mae: 0.0359
 9/29 [========>.....................] - ETA: 0s - loss: 9.8224e-04 - mae: 0.0329
11/29 [==========>...................] - ETA: 0s - loss: 8.4519e-04 - mae: 0.0301
13/29 [============>.................] - ETA: 0s - loss: 7.5748e-04 - mae: 0.0284
15/29 [==============>...............] - ETA: 0s - loss: 7.1771e-04 - mae: 0.0278
17/29 [================>.............] - ETA: 0s - loss: 7.4103e-04 - mae: 0.0283
19/29 [==================>...........] - ETA: 0s - loss: 7.5021e-04 - mae: 0.0287
21/29 [====================>.........] - ETA: 0s - loss: 7.3258e-04 - mae: 0.0285
23/29 [======================>.......] - ETA: 0s - loss: 7.1373e-04 - mae: 0.0282
25/29 [========================>.....] - ETA: 0s - loss: 7.0812e-04 - mae: 0.0281
27/29 [==========================>...] - ETA: 0s - loss: 6.7558e-04 - mae: 0.0273
29/29 [==============================] - ETA: 0s - loss: 6.6087e-04 - mae: 0.0269
29/29 [==============================] - 1s 47ms/step - loss: 6.6087e-04 - mae: 0.0269 - val_loss: 0.0026 - val_mae: 0.0669 - lr: 1.4648e-06
Epoch 189/200

 1/29 [>.............................] - ETA: 1s - loss: 0.0025 - mae: 0.0487
 3/29 [==>...........................] - ETA: 1s - loss: 0.0020 - mae: 0.0482
 5/29 [====>.........................] - ETA: 1s - loss: 0.0016 - mae: 0.0429
 7/29 [======>.......................] - ETA: 1s - loss: 0.0013 - mae: 0.0364
 9/29 [========>.....................] - ETA: 0s - loss: 0.0011 - mae: 0.0337
11/29 [==========>...................] - ETA: 0s - loss: 9.5348e-04 - mae: 0.0311
13/29 [============>.................] - ETA: 0s - loss: 8.5205e-04 - mae: 0.0295
15/29 [==============>...............] - ETA: 0s - loss: 8.2932e-04 - mae: 0.0294
17/29 [================>.............] - ETA: 0s - loss: 8.7221e-04 - mae: 0.0303
19/29 [==================>...........] - ETA: 0s - loss: 8.6437e-04 - mae: 0.0306
21/29 [====================>.........] - ETA: 0s - loss: 8.4385e-04 - mae: 0.0304
23/29 [======================>.......] - ETA: 0s - loss: 8.3037e-04 - mae: 0.0300
25/29 [========================>.....] - ETA: 0s - loss: 8.1378e-04 - mae: 0.0297
27/29 [==========================>...] - ETA: 0s - loss: 7.7283e-04 - mae: 0.0287
29/29 [==============================] - ETA: 0s - loss: 7.4793e-04 - mae: 0.0281
Epoch 189: ReduceLROnPlateau reducing learning rate to 7.324218813664629e-07.

29/29 [==============================] - 1s 48ms/step - loss: 7.4793e-04 - mae: 0.0281 - val_loss: 0.0026 - val_mae: 0.0669 - lr: 1.4648e-06
Epoch 190/200

 1/29 [>.............................] - ETA: 1s - loss: 0.0035 - mae: 0.0667
 3/29 [==>...........................] - ETA: 1s - loss: 0.0023 - mae: 0.0522
 5/29 [====>.........................] - ETA: 1s - loss: 0.0017 - mae: 0.0444
 7/29 [======>.......................] - ETA: 0s - loss: 0.0013 - mae: 0.0373
 9/29 [========>.....................] - ETA: 0s - loss: 0.0011 - mae: 0.0340
11/29 [==========>...................] - ETA: 0s - loss: 9.7670e-04 - mae: 0.0311
13/29 [============>.................] - ETA: 0s - loss: 8.7191e-04 - mae: 0.0294
15/29 [==============>...............] - ETA: 0s - loss: 8.0521e-04 - mae: 0.0281
17/29 [================>.............] - ETA: 0s - loss: 8.4835e-04 - mae: 0.0291
19/29 [==================>...........] - ETA: 0s - loss: 8.4035e-04 - mae: 0.0293
21/29 [====================>.........] - ETA: 0s - loss: 8.2847e-04 - mae: 0.0294
23/29 [======================>.......] - ETA: 0s - loss: 7.9039e-04 - mae: 0.0289
25/29 [========================>.....] - ETA: 0s - loss: 7.8560e-04 - mae: 0.0289
27/29 [==========================>...] - ETA: 0s - loss: 7.4395e-04 - mae: 0.0279
29/29 [==============================] - ETA: 0s - loss: 7.2588e-04 - mae: 0.0276
29/29 [==============================] - 1s 48ms/step - loss: 7.2588e-04 - mae: 0.0276 - val_loss: 0.0026 - val_mae: 0.0669 - lr: 7.3242e-07
Epoch 191/200

 1/29 [>.............................] - ETA: 1s - loss: 0.0034 - mae: 0.0695
 3/29 [==>...........................] - ETA: 1s - loss: 0.0023 - mae: 0.0554
 5/29 [====>.........................] - ETA: 1s - loss: 0.0016 - mae: 0.0435
 7/29 [======>.......................] - ETA: 1s - loss: 0.0013 - mae: 0.0381
 9/29 [========>.....................] - ETA: 0s - loss: 0.0011 - mae: 0.0344
11/29 [==========>...................] - ETA: 0s - loss: 9.6522e-04 - mae: 0.0323
13/29 [============>.................] - ETA: 0s - loss: 8.5680e-04 - mae: 0.0303
15/29 [==============>...............] - ETA: 0s - loss: 8.2886e-04 - mae: 0.0299
17/29 [================>.............] - ETA: 0s - loss: 8.1250e-04 - mae: 0.0298
19/29 [==================>...........] - ETA: 0s - loss: 8.0956e-04 - mae: 0.0301
21/29 [====================>.........] - ETA: 0s - loss: 7.8930e-04 - mae: 0.0301
23/29 [======================>.......] - ETA: 0s - loss: 7.5993e-04 - mae: 0.0295
25/29 [========================>.....] - ETA: 0s - loss: 7.3400e-04 - mae: 0.0291
27/29 [==========================>...] - ETA: 0s - loss: 6.9334e-04 - mae: 0.0280
29/29 [==============================] - ETA: 0s - loss: 6.8352e-04 - mae: 0.0278
29/29 [==============================] - 1s 48ms/step - loss: 6.8352e-04 - mae: 0.0278 - val_loss: 0.0026 - val_mae: 0.0669 - lr: 7.3242e-07
Epoch 192/200

 1/29 [>.............................] - ETA: 1s - loss: 0.0049 - mae: 0.0769
 3/29 [==>...........................] - ETA: 1s - loss: 0.0035 - mae: 0.0595
 5/29 [====>.........................] - ETA: 1s - loss: 0.0024 - mae: 0.0484
 7/29 [======>.......................] - ETA: 1s - loss: 0.0019 - mae: 0.0415
 9/29 [========>.....................] - ETA: 0s - loss: 0.0016 - mae: 0.0382
11/29 [==========>...................] - ETA: 0s - loss: 0.0013 - mae: 0.0346
13/29 [============>.................] - ETA: 0s - loss: 0.0012 - mae: 0.0322
15/29 [==============>...............] - ETA: 0s - loss: 0.0011 - mae: 0.0314
17/29 [================>.............] - ETA: 0s - loss: 0.0011 - mae: 0.0318
19/29 [==================>...........] - ETA: 0s - loss: 0.0010 - mae: 0.0316
21/29 [====================>.........] - ETA: 0s - loss: 0.0010 - mae: 0.0315
23/29 [======================>.......] - ETA: 0s - loss: 9.7403e-04 - mae: 0.0308
25/29 [========================>.....] - ETA: 0s - loss: 9.4542e-04 - mae: 0.0305
27/29 [==========================>...] - ETA: 0s - loss: 8.9340e-04 - mae: 0.0295
29/29 [==============================] - ETA: 0s - loss: 8.6425e-04 - mae: 0.0290
29/29 [==============================] - 1s 49ms/step - loss: 8.6425e-04 - mae: 0.0290 - val_loss: 0.0026 - val_mae: 0.0669 - lr: 7.3242e-07
Epoch 193/200

 1/29 [>.............................] - ETA: 1s - loss: 0.0038 - mae: 0.0679
 3/29 [==>...........................] - ETA: 1s - loss: 0.0026 - mae: 0.0564
 5/29 [====>.........................] - ETA: 1s - loss: 0.0018 - mae: 0.0450
 7/29 [======>.......................] - ETA: 1s - loss: 0.0014 - mae: 0.0388
 9/29 [========>.....................] - ETA: 0s - loss: 0.0012 - mae: 0.0350
11/29 [==========>...................] - ETA: 0s - loss: 0.0010 - mae: 0.0318
13/29 [============>.................] - ETA: 0s - loss: 9.0153e-04 - mae: 0.0299
15/29 [==============>...............] - ETA: 0s - loss: 8.3407e-04 - mae: 0.0289
17/29 [================>.............] - ETA: 0s - loss: 8.4046e-04 - mae: 0.0293
19/29 [==================>...........] - ETA: 0s - loss: 8.5345e-04 - mae: 0.0297
21/29 [====================>.........] - ETA: 0s - loss: 8.1078e-04 - mae: 0.0290
23/29 [======================>.......] - ETA: 0s - loss: 7.7491e-04 - mae: 0.0285
25/29 [========================>.....] - ETA: 0s - loss: 7.6853e-04 - mae: 0.0284
27/29 [==========================>...] - ETA: 0s - loss: 7.2722e-04 - mae: 0.0273
29/29 [==============================] - ETA: 0s - loss: 7.0659e-04 - mae: 0.0269
29/29 [==============================] - 1s 49ms/step - loss: 7.0659e-04 - mae: 0.0269 - val_loss: 0.0026 - val_mae: 0.0669 - lr: 7.3242e-07
Epoch 194/200

 1/29 [>.............................] - ETA: 1s - loss: 0.0034 - mae: 0.0632
 3/29 [==>...........................] - ETA: 1s - loss: 0.0024 - mae: 0.0550
 5/29 [====>.........................] - ETA: 1s - loss: 0.0018 - mae: 0.0460
 7/29 [======>.......................] - ETA: 0s - loss: 0.0014 - mae: 0.0393
 9/29 [========>.....................] - ETA: 0s - loss: 0.0012 - mae: 0.0356
11/29 [==========>...................] - ETA: 0s - loss: 0.0010 - mae: 0.0323
13/29 [============>.................] - ETA: 0s - loss: 9.1018e-04 - mae: 0.0306
15/29 [==============>...............] - ETA: 0s - loss: 8.4429e-04 - mae: 0.0295
17/29 [================>.............] - ETA: 0s - loss: 8.6123e-04 - mae: 0.0298
19/29 [==================>...........] - ETA: 0s - loss: 8.4886e-04 - mae: 0.0299
21/29 [====================>.........] - ETA: 0s - loss: 8.2367e-04 - mae: 0.0297
23/29 [======================>.......] - ETA: 0s - loss: 7.8554e-04 - mae: 0.0291
25/29 [========================>.....] - ETA: 0s - loss: 7.7961e-04 - mae: 0.0291
27/29 [==========================>...] - ETA: 0s - loss: 7.3788e-04 - mae: 0.0281
29/29 [==============================] - ETA: 0s - loss: 7.1930e-04 - mae: 0.0276
29/29 [==============================] - 1s 47ms/step - loss: 7.1930e-04 - mae: 0.0276 - val_loss: 0.0026 - val_mae: 0.0669 - lr: 7.3242e-07
Epoch 195/200

 1/29 [>.............................] - ETA: 1s - loss: 0.0015 - mae: 0.0451
 3/29 [==>...........................] - ETA: 1s - loss: 0.0018 - mae: 0.0476
 5/29 [====>.........................] - ETA: 1s - loss: 0.0013 - mae: 0.0407
 7/29 [======>.......................] - ETA: 0s - loss: 0.0011 - mae: 0.0356
 9/29 [========>.....................] - ETA: 0s - loss: 9.0136e-04 - mae: 0.0320
11/29 [==========>...................] - ETA: 0s - loss: 7.8531e-04 - mae: 0.0292
13/29 [============>.................] - ETA: 0s - loss: 7.0373e-04 - mae: 0.0275
15/29 [==============>...............] - ETA: 0s - loss: 6.7822e-04 - mae: 0.0272
17/29 [================>.............] - ETA: 0s - loss: 7.4675e-04 - mae: 0.0286
19/29 [==================>...........] - ETA: 0s - loss: 7.5710e-04 - mae: 0.0290
21/29 [====================>.........] - ETA: 0s - loss: 7.5326e-04 - mae: 0.0291
23/29 [======================>.......] - ETA: 0s - loss: 7.2619e-04 - mae: 0.0285
25/29 [========================>.....] - ETA: 0s - loss: 7.1610e-04 - mae: 0.0282
27/29 [==========================>...] - ETA: 0s - loss: 6.8087e-04 - mae: 0.0275
29/29 [==============================] - ETA: 0s - loss: 6.6122e-04 - mae: 0.0269
29/29 [==============================] - 1s 47ms/step - loss: 6.6122e-04 - mae: 0.0269 - val_loss: 0.0026 - val_mae: 0.0669 - lr: 7.3242e-07
Epoch 196/200

 1/29 [>.............................] - ETA: 1s - loss: 0.0020 - mae: 0.0520
 3/29 [==>...........................] - ETA: 1s - loss: 0.0023 - mae: 0.0532
 5/29 [====>.........................] - ETA: 1s - loss: 0.0017 - mae: 0.0433
 7/29 [======>.......................] - ETA: 1s - loss: 0.0013 - mae: 0.0382
 9/29 [========>.....................] - ETA: 0s - loss: 0.0011 - mae: 0.0353
11/29 [==========>...................] - ETA: 0s - loss: 9.8736e-04 - mae: 0.0323
13/29 [============>.................] - ETA: 0s - loss: 8.7014e-04 - mae: 0.0301
15/29 [==============>...............] - ETA: 0s - loss: 8.2668e-04 - mae: 0.0294
17/29 [================>.............] - ETA: 0s - loss: 8.5284e-04 - mae: 0.0301
19/29 [==================>...........] - ETA: 0s - loss: 8.8415e-04 - mae: 0.0309
20/29 [===================>..........] - ETA: 0s - loss: 8.6989e-04 - mae: 0.0308
22/29 [=====================>........] - ETA: 0s - loss: 8.4218e-04 - mae: 0.0305
24/29 [=======================>......] - ETA: 0s - loss: 8.1201e-04 - mae: 0.0299
25/29 [========================>.....] - ETA: 0s - loss: 8.0384e-04 - mae: 0.0297
27/29 [==========================>...] - ETA: 0s - loss: 7.6402e-04 - mae: 0.0287
29/29 [==============================] - ETA: 0s - loss: 7.4212e-04 - mae: 0.0282
29/29 [==============================] - 1s 50ms/step - loss: 7.4212e-04 - mae: 0.0282 - val_loss: 0.0026 - val_mae: 0.0669 - lr: 7.3242e-07
Epoch 197/200

 1/29 [>.............................] - ETA: 1s - loss: 0.0013 - mae: 0.0433
 3/29 [==>...........................] - ETA: 1s - loss: 0.0021 - mae: 0.0521
 4/29 [===>..........................] - ETA: 1s - loss: 0.0017 - mae: 0.0455
 6/29 [=====>........................] - ETA: 1s - loss: 0.0013 - mae: 0.0396
 7/29 [======>.......................] - ETA: 1s - loss: 0.0012 - mae: 0.0374
 9/29 [========>.....................] - ETA: 1s - loss: 0.0011 - mae: 0.0350
11/29 [==========>...................] - ETA: 0s - loss: 9.3154e-04 - mae: 0.0317
13/29 [============>.................] - ETA: 0s - loss: 8.2789e-04 - mae: 0.0296
14/29 [=============>................] - ETA: 0s - loss: 7.9936e-04 - mae: 0.0289
15/29 [==============>...............] - ETA: 0s - loss: 7.9027e-04 - mae: 0.0289
17/29 [================>.............] - ETA: 0s - loss: 8.1895e-04 - mae: 0.0293
19/29 [==================>...........] - ETA: 0s - loss: 8.3177e-04 - mae: 0.0298
21/29 [====================>.........] - ETA: 0s - loss: 8.0277e-04 - mae: 0.0295
23/29 [======================>.......] - ETA: 0s - loss: 7.7795e-04 - mae: 0.0290
25/29 [========================>.....] - ETA: 0s - loss: 7.7280e-04 - mae: 0.0289
27/29 [==========================>...] - ETA: 0s - loss: 7.2595e-04 - mae: 0.0277
29/29 [==============================] - ETA: 0s - loss: 7.0501e-04 - mae: 0.0272
29/29 [==============================] - 2s 53ms/step - loss: 7.0501e-04 - mae: 0.0272 - val_loss: 0.0026 - val_mae: 0.0669 - lr: 7.3242e-07
Epoch 198/200

 1/29 [>.............................] - ETA: 1s - loss: 0.0040 - mae: 0.0730
 3/29 [==>...........................] - ETA: 1s - loss: 0.0027 - mae: 0.0582
 5/29 [====>.........................] - ETA: 1s - loss: 0.0020 - mae: 0.0485
 7/29 [======>.......................] - ETA: 0s - loss: 0.0016 - mae: 0.0416
 9/29 [========>.....................] - ETA: 0s - loss: 0.0013 - mae: 0.0373
11/29 [==========>...................] - ETA: 0s - loss: 0.0011 - mae: 0.0342
13/29 [============>.................] - ETA: 0s - loss: 9.8993e-04 - mae: 0.0318
15/29 [==============>...............] - ETA: 0s - loss: 9.5412e-04 - mae: 0.0315
17/29 [================>.............] - ETA: 0s - loss: 9.1015e-04 - mae: 0.0311
19/29 [==================>...........] - ETA: 0s - loss: 8.9359e-04 - mae: 0.0309
21/29 [====================>.........] - ETA: 0s - loss: 8.6693e-04 - mae: 0.0306
23/29 [======================>.......] - ETA: 0s - loss: 8.3700e-04 - mae: 0.0301
25/29 [========================>.....] - ETA: 0s - loss: 8.4428e-04 - mae: 0.0302
27/29 [==========================>...] - ETA: 0s - loss: 8.0243e-04 - mae: 0.0293
29/29 [==============================] - ETA: 0s - loss: 7.8655e-04 - mae: 0.0290
29/29 [==============================] - 1s 47ms/step - loss: 7.8655e-04 - mae: 0.0290 - val_loss: 0.0026 - val_mae: 0.0669 - lr: 7.3242e-07
Epoch 199/200

 1/29 [>.............................] - ETA: 1s - loss: 0.0032 - mae: 0.0629
 3/29 [==>...........................] - ETA: 1s - loss: 0.0024 - mae: 0.0530
 5/29 [====>.........................] - ETA: 1s - loss: 0.0017 - mae: 0.0444
 7/29 [======>.......................] - ETA: 0s - loss: 0.0014 - mae: 0.0383
 9/29 [========>.....................] - ETA: 0s - loss: 0.0012 - mae: 0.0352
11/29 [==========>...................] - ETA: 0s - loss: 0.0010 - mae: 0.0323
13/29 [============>.................] - ETA: 0s - loss: 8.9572e-04 - mae: 0.0304
15/29 [==============>...............] - ETA: 0s - loss: 8.4477e-04 - mae: 0.0297
17/29 [================>.............] - ETA: 0s - loss: 8.7870e-04 - mae: 0.0306
19/29 [==================>...........] - ETA: 0s - loss: 9.0207e-04 - mae: 0.0313
21/29 [====================>.........] - ETA: 0s - loss: 8.8799e-04 - mae: 0.0311
23/29 [======================>.......] - ETA: 0s - loss: 8.5376e-04 - mae: 0.0306
25/29 [========================>.....] - ETA: 0s - loss: 8.3347e-04 - mae: 0.0303
27/29 [==========================>...] - ETA: 0s - loss: 7.8552e-04 - mae: 0.0292
29/29 [==============================] - ETA: 0s - loss: 7.6064e-04 - mae: 0.0286
29/29 [==============================] - 1s 48ms/step - loss: 7.6064e-04 - mae: 0.0286 - val_loss: 0.0026 - val_mae: 0.0668 - lr: 7.3242e-07
Epoch 200/200

 1/29 [>.............................] - ETA: 1s - loss: 0.0021 - mae: 0.0480
 3/29 [==>...........................] - ETA: 1s - loss: 0.0019 - mae: 0.0479
 5/29 [====>.........................] - ETA: 1s - loss: 0.0014 - mae: 0.0408
 7/29 [======>.......................] - ETA: 0s - loss: 0.0012 - mae: 0.0359
 9/29 [========>.....................] - ETA: 0s - loss: 9.8963e-04 - mae: 0.0327
11/29 [==========>...................] - ETA: 0s - loss: 8.7237e-04 - mae: 0.0306
13/29 [============>.................] - ETA: 0s - loss: 7.8878e-04 - mae: 0.0291
15/29 [==============>...............] - ETA: 0s - loss: 7.4702e-04 - mae: 0.0284
17/29 [================>.............] - ETA: 0s - loss: 7.6457e-04 - mae: 0.0290
19/29 [==================>...........] - ETA: 0s - loss: 7.6851e-04 - mae: 0.0293
21/29 [====================>.........] - ETA: 0s - loss: 7.4656e-04 - mae: 0.0288
23/29 [======================>.......] - ETA: 0s - loss: 7.1317e-04 - mae: 0.0282
25/29 [========================>.....] - ETA: 0s - loss: 7.1898e-04 - mae: 0.0284
27/29 [==========================>...] - ETA: 0s - loss: 6.8046e-04 - mae: 0.0274
29/29 [==============================] - ETA: 0s - loss: 6.6759e-04 - mae: 0.0272
29/29 [==============================] - 1s 47ms/step - loss: 6.6759e-04 - mae: 0.0272 - val_loss: 0.0025 - val_mae: 0.0668 - lr: 7.3242e-07

 1/13 [=>............................] - ETA: 6s
 6/13 [============>.................] - ETA: 0s
11/13 [========================>.....] - ETA: 0s
13/13 [==============================] - 1s 11ms/step

GRU 评估 (价格):
  MAE: 14.2778
  RMSE: 14.4870
  MAPE: 20.00%
  R2: -8.0610

方向预测准确率: 0.5066

Baseline(随机游走 P_t) R2: 0.8933
  [未达标] 模型 R2=-8.0610 < 0.8，建议：增大 RF Top-N、增加训练 epoch 或检查数据
✅ oil_pred.csv 已生成

已保存对齐后的预测结果到 C:\Users\12725\Desktop\大宗绿测_基于油价因子的绿色金融产品预测与风险分析 - 副本\技术文档\源代码\web_runs\run_20260413_144847_top10\prediction_results.csv，样本数=395

每日预测 vs 真实值（最后 15 行）：
      Date    Actual      Pred     Error  AbsError
2025-11-11 72.720001 85.650238 12.930237 12.930237
2025-11-13 69.849998 85.805878 15.955879 15.955879
2025-11-14 71.379997 85.225235 13.845238 13.845238
2025-11-17 71.300003 85.167313 13.867310 13.867310
2025-11-18 72.500000 85.589996 13.089996 13.089996
2025-11-19 70.879997 85.819618 14.939621 14.939621
2025-11-20 70.150002 85.787361 15.637360 15.637360
2025-11-21 69.300003 85.394196 16.094193 16.094193
2025-11-24 70.419998 85.054306 14.634308 14.634308
2025-11-25 69.250000 84.947014 15.697014 15.697014
2025-11-26 70.040001 84.963768 14.923767 14.923767
2025-11-27 70.040001 84.743729 14.703728 14.703728
2025-12-29 69.610001 84.745682 15.135681 15.135681
2025-12-30 69.739998 84.342140 14.602142 14.602142
2025-12-31 69.739998 84.464981 14.724983 14.724983

已保存每日汇总表到 C:\Users\12725\Desktop\大宗绿测_基于油价因子的绿色金融产品预测与风险分析 - 副本\技术文档\源代码\web_runs\run_20260413_144847_top10\daily_predictions_vs_actual.csv

=== 附加分析：驱动因子 / 风险信号 / 回测 / 报告 ===
已保存驱动因子分析表到 C:\Users\12725\Desktop\大宗绿测_基于油价因子的绿色金融产品预测与风险分析 - 副本\技术文档\源代码\web_runs\run_20260413_144847_top10\driver_factor_analysis.csv
已保存风险与信号分类表到 C:\Users\12725\Desktop\大宗绿测_基于油价因子的绿色金融产品预测与风险分析 - 副本\技术文档\源代码\web_runs\run_20260413_144847_top10\risk_signal_classification.csv
回测完成：Strategy 总收益=-1.87%，最大回撤=-24.31%，胜率=48.86%
已保存报告到 C:\Users\12725\Desktop\大宗绿测_基于油价因子的绿色金融产品预测与风险分析 - 副本\技术文档\源代码\web_runs\run_20260413_144847_top10\bank_team_report.md

完成！

=== 实盘预测：递推预测未来 1 天 ===
开始油价预测特征工程...
输入数据形状: (2842, 15)
添加油价自身特征...
添加金融市场特征...
添加基本面特征...
添加技术指标特征...
添加波动率特征...
添加市场结构特征...
添加季节性特征...
添加市场情绪特征...
添加地缘大事件影响特征...
添加衍生关系特征...
确保特征因果性...
对 8 个未滞后特征应用 shift(1): ['VIX_Level', 'OVX_Level', 'Basis', 'Market_Structure', 'Oil_Search_Trend']...
特征工程完成，特征总数: 173

1/1 [==============================] - ETA: 0s
1/1 [==============================] - 0s 26ms/step
已保存未来预测到 C:\Users\12725\Desktop\大宗绿测_基于油价因子的绿色金融产品预测与风险分析 - 副本\技术文档\源代码\web_runs\run_20260413_144847_top10\future_forecast.csv，行数=1
