"Symbol","ReportTypeID","EndDate","FundID","FundClassID","StartDate","EstablishDateShares","TotalBeginningFundShare","TotalPurchaseFundShare","TotalRedemptionFundShare","FundSplitChangeShare","EndDateShares"
"000042","1","2016-03-31","10110453","202000000031","2016-01-01","247395794.87","17829317.70","22943899.67","23063462.25","","17709755.12"
"000042","2","2016-06-30","10110453","202000000031","2016-04-01","247395794.87","17709755.12","23016492.72","22995474.25","","17730773.59"
"000042","5","2016-06-30","10110453","202000000031","2016-01-01","247395794.87","17829317.70","45960392.39","46058936.50","","17730773.59"
"000042","3","2016-09-30","10110453","202000000031","2016-07-01","247395794.87","17730773.59","19651529.29","2595181.03","","34787121.85"
"000042","4","2016-12-31","10110453","202000000031","2016-10-01","247395794.87","34787121.85","2018157.55","8065061.64","","28740217.76"
"000042","6","2016-12-31","10110453","202000000031","2016-01-01","247395794.87","17829317.70","67630079.23","56719179.17","","28740217.76"
"000042","1","2017-03-31","10110453","202000000031","2017-01-01","247395794.87","28740217.76","40302728.00","18760371.59","","50282574.17"
"000042","2","2017-06-30","10110453","202000000031","2017-04-01","247395794.87","50282574.17","897199.38","1412700.19","","49767073.36"
"000042","5","2017-06-30","10110453","202000000031","2017-01-01","247395794.87","28740217.76","41199927.38","20173071.78","","49767073.36"
"000042","3","2017-09-30","10110453","202000000031","2017-07-01","247395794.87","49767073.36","9300064.53","1921662.86","","57145475.03"
"000042","4","2017-12-31","10110453","202000000031","2017-10-01","247395794.87","57145475.03","1846964.27","1467677.56","","57524761.74"
"000042","6","2017-12-31","10110453","202000000031","2017-01-01","247395794.87","28740217.76","52346956.18","23562412.20","","57524761.74"
"000042","1","2018-03-31","10110453","202000000031","2018-01-01","247395794.87","57524761.74","2393330.36","2939052.16","","56979039.94"
"000042","2","2018-06-30","10110453","202000000031","2018-04-01","247395794.87","56979039.94","1225096.47","582300.40","0.00","57621836.01"
"000042","5","2018-06-30","10110453","202000000031","2018-01-01","247395794.87","57524761.74","3618426.83","3521352.56","0.00","57621836.01"
"000042","3","2018-09-30","10110453","202000000031","2018-07-01","247395794.87","57621836.01","1656916.99","886755.85","0.00","58391997.15"
"000042","4","2018-12-31","10110453","202000000031","2018-10-01","247395794.87","58391997.15","1450659.70","1242574.73","0.00","58600082.12"
"000042","6","2018-12-31","10110453","202000000031","2018-01-01","247395794.87","57524761.74","6726003.52","5650683.14","","58600082.12"
"000042","1","2019-03-31","10110453","202000000031","2019-01-01","247395794.87","58600082.12","3900889.32","2631641.49","0.00","59869329.95"
"000042","2","2019-06-30","10110453","202000000031","2019-04-01","247395794.87","59869329.95","276368066.51","3526845.29","0.00","332710551.17"
"000042","5","2019-06-30","10110453","202000000031","2019-01-01","247395794.87","58600082.12","280268955.83","6158486.78","","332710551.17"
"000042","3","2019-09-30","10110453","202000000031","2019-07-01","247395794.87","332710551.17","357302681.74","4523932.83","0.00","685489300.08"
"000042","4","2019-12-31","10110453","202000000031","2019-10-01","247395794.87","685489300.08","3189069.35","288969923.15","0.00","399708446.28"
"000042","6","2019-12-31","10110453","202000000031","2019-01-01","247395794.87","58600082.12","640760706.92","299652342.76","","399708446.28"
"000042","1","2020-03-31","10110453","202000000031","2020-01-01","247395794.87","399708446.28","4863502.80","219712335.99","","184859613.09"
"000042","2","2020-06-30","10110453","202000000031","2020-04-01","247395794.87","184859613.09","2587116.18","63276620.81","","124170108.46"
"000042","5","2020-06-30","10110453","202000000031","2020-01-01","247395794.87","399708446.28","7450618.98","282988956.80","","124170108.46"
"000042","3","2020-09-30","10110453","202000000031","2020-07-01","247395794.87","124170108.46","23134684.78","7350558.93","","139954234.31"
"000042","4","2020-12-31","10110453","202000000031","2020-10-01","247395794.87","139954234.31","7897582.80","4854553.06","","142997264.05"
"000042","6","2020-12-31","10110453","202000000031","2020-01-01","247395794.87","399708446.28","38482886.56","295194068.79","","142997264.05"
"000042","1","2021-03-31","10110453","202000000031","2021-01-01","247395794.87","142997264.05","6296177.64","46618340.30","","102675101.39"
"000042","2","2021-06-30","10110453","202000000031","2021-04-01","247395794.87","102675101.39","3738891.87","2397736.57","","104016256.69"
"000042","5","2021-06-30","10110453","202000000031","2021-01-01","247395794.87","142997264.05","10035069.51","49016076.87","","104016256.69"
"000042","3","2021-09-30","10110453","202000000031","2021-07-01","247395794.87","104016256.69","3631950.80","4803361.81","","102844845.68"
"000042","4","2021-12-31","10110453","202000000031","2021-10-01","247395794.87","102844845.68","6920370.08","9346684.14","","100418531.62"
"000042","6","2021-12-31","10110453","202000000031","2021-01-01","247395794.87","142997264.05","20587390.39","63166122.82","","100418531.62"
"000042","1","2022-03-31","10110453","202000000031","2022-01-01","247395794.87","100418531.62","3545699.65","4382411.00","","99581820.27"
"000042","2","2022-06-30","10110453","202000000031","2022-04-01","247395794.87","99581820.27","3629074.24","1276434.01","","101934460.50"
"000042","5","2022-06-30","10110453","202000000031","2022-01-01","247395794.87","100418531.62","7174773.89","5658845.01","","101934460.50"
"000042","3","2022-09-30","10110453","202000000031","2022-07-01","247395794.87","101934460.50","1528328.22","1252463.22","","102210325.50"
"000042","4","2022-12-31","10110453","202000000031","2022-10-01","247395794.87","102210325.50","1718051.01","2618342.64","","101310033.87"
"000042","6","2022-12-31","10110453","202000000031","2022-01-01","247395794.87","100418531.62","10421153.12","9529650.87","","101310033.87"
"000042","1","2023-03-31","10110453","202000000031","2023-01-01","247395794.87","101310033.87","4146375.80","66576958.03","","38879451.64"
"000042","2","2023-06-30","10110453","202000000031","2023-04-01","247395794.87","38879451.64","2583422.90","2167129.57","","39295744.97"
"000042","5","2023-06-30","10110453","202000000031","2023-01-01","247395794.87","101310033.87","6729798.70","68744087.60","","39295744.97"
"000042","3","2023-09-30","10110453","202000000031","2023-07-01","247395794.87","39295744.97","3473364.48","2314357.81","","40454751.64"
"000042","4","2023-12-31","10110453","202000000031","2023-10-01","247395794.87","40454751.64","1470651.95","2058775.26","","39866628.33"
"000042","6","2023-12-31","10110453","202000000031","2023-01-01","247395794.87","101310033.87","11673815.13","73117220.67","","39866628.33"
"000042","1","2024-03-31","10110453","202000000031","2024-01-01","247395794.87","39866628.33","1369913.33","5316853.68","","35919687.98"
"000042","2","2024-06-30","10110453","202000000031","2024-04-01","247395794.87","35919687.98","1173920.21","1449912.41","","35643695.78"
"000042","5","2024-06-30","10110453","202000000031","2024-01-01","247395794.87","39866628.33","2543833.54","6766766.09","","35643695.78"
"000042","3","2024-09-30","10110453","202000000031","2024-07-01","247395794.87","35643695.78","1238354.12","1330641.35","","35551408.55"
"000042","4","2024-12-31","10110453","202000000031","2024-10-01","247395794.87","35551408.55","3690421.86","4253990.65","","34987839.76"
"000042","6","2024-12-31","10110453","202000000031","2024-01-01","247395794.87","39866628.33","7472609.52","12351398.09","","34987839.76"
"000042","1","2025-03-31","10110453","202000000031","2025-01-01","247395794.87","34987839.76","878151.29","1863978.05","","34002013.00"
"000042","2","2025-06-30","10110453","202000000031","2025-04-01","247395794.87","34002013.00","702796.84","14308847.72","","20395962.12"
"000042","5","2025-06-30","10110453","202000000031","2025-01-01","247395794.87","34987839.76","1580948.13","16172825.77","","20395962.12"
"000042","3","2025-09-30","10110453","202000000031","2025-07-01","247395794.87","20395962.12","1533435.59","5684043.88","","16245353.83"
"000042","4","2025-12-31","10110453","202000000031","2025-10-01","247395794.87","16245353.83","1296970.33","1794379.59","","15747944.57"
"000042","6","2025-12-31","10110453","202000000031","2025-01-01","247395794.87","34987839.76","4411354.05","23651249.24","","15747944.57"
"003184","5","2017-06-30","10110453","202000006581","2017-01-01","247395794.87","","","","","0.00"
"003184","2","2017-06-30","10110453","202000006581","2017-04-01","247395794.87","","","","",""
"003184","3","2017-09-30","10110453","202000006581","2017-07-01","247395794.87","","","","",""
"003184","6","2017-12-31","10110453","202000006581","2017-01-01","247395794.87","","","","","0.00"
"003184","4","2017-12-31","10110453","202000006581","2017-10-01","247395794.87","","","","",""
"003184","1","2018-03-31","10110453","202000006581","2018-01-01","247395794.87","","","","",""
"003184","2","2018-06-30","10110453","202000006581","2018-04-01","247395794.87","0.00","0.00","0.00","0.00","0.00"
"003184","5","2018-06-30","10110453","202000006581","2018-01-01","247395794.87","0.00","0.00","0.00","0.00","0.00"
"003184","3","2018-09-30","10110453","202000006581","2018-07-01","247395794.87","0.00","0.00","0.00","0.00","0.00"
"003184","4","2018-12-31","10110453","202000006581","2018-10-01","247395794.87","0.00","0.00","0.00","0.00","0.00"
"003184","2","2019-06-30","10110453","202000006581","2019-04-01","247395794.87","0.00","0.00","0.00","0.00","0.00"
"003184","3","2019-09-30","10110453","202000006581","2019-07-01","247395794.87","0.00","0.00","0.00","0.00","0.00"
"003184","4","2019-12-31","10110453","202000006581","2019-10-01","247395794.87","0.00","0.00","0.00","0.00","0.00"
"003184","1","2020-03-31","10110453","202000006581","2020-01-01","247395794.87","","","","",""
"003184","2","2020-06-30","10110453","202000006581","2020-04-01","247395794.87","","","","",""
"003184","3","2020-09-30","10110453","202000006581","2020-07-01","247395794.87","","","","",""
"003184","4","2020-12-31","10110453","202000006581","2020-10-01","247395794.87","","","","",""
"003184","1","2021-03-31","10110453","202000006581","2021-01-01","247395794.87","","","","",""
"003184","2","2021-06-30","10110453","202000006581","2021-04-01","247395794.87","","","","",""
"003184","3","2021-09-30","10110453","202000006581","2021-07-01","247395794.87","","","","",""
"003184","4","2021-12-31","10110453","202000006581","2021-10-01","247395794.87","","","","",""
"003184","1","2022-03-31","10110453","202000006581","2022-01-01","247395794.87","","","","",""
"003184","2","2022-06-30","10110453","202000006581","2022-04-01","247395794.87","","","","",""
"003184","3","2022-09-30","10110453","202000006581","2022-07-01","247395794.87","","","","",""
"003184","4","2022-12-31","10110453","202000006581","2022-10-01","247395794.87","","","","",""
"003184","1","2023-03-31","10110453","202000006581","2023-01-01","247395794.87","","","","",""
"003184","2","2023-06-30","10110453","202000006581","2023-04-01","247395794.87","","","","",""
"003184","3","2023-09-30","10110453","202000006581","2023-07-01","247395794.87","","","","",""
"003184","4","2023-12-31","10110453","202000006581","2023-10-01","247395794.87","","","","",""
"003184","1","2024-03-31","10110453","202000006581","2024-01-01","247395794.87","","","","",""
"003184","2","2024-06-30","10110453","202000006581","2024-04-01","247395794.87","","","","",""
"003184","3","2024-09-30","10110453","202000006581","2024-07-01","247395794.87","","","","",""
"003184","4","2024-12-31","10110453","202000006581","2024-10-01","247395794.87","","","","",""
"003184","1","2025-03-31","10110453","202000006581","2025-01-01","247395794.87","","","","",""
"003184","2","2025-06-30","10110453","202000006581","2025-04-01","247395794.87","","","","",""
"003184","3","2025-09-30","10110453","202000006581","2025-07-01","247395794.87","","","","",""
"003184","4","2025-12-31","10110453","202000006581","2025-10-01","247395794.87","","","","",""
"007548","4","2019-12-31","10459723","202000021395","2019-10-01","1480685367.43","1480685367.43","11612484.60","219184883.62","","1273112968.41"
"007548","6","2019-12-31","10459723","202000021395","2019-09-02","1480685367.43","1480685367.43","11612484.60","219184883.62","","1273112968.41"
"007548","1","2020-03-31","10459723","202000021395","2020-01-01","1480685367.43","1273112968.41","223296670.56","592256282.75","","904153356.22"
"007548","2","2020-06-30","10459723","202000021395","2020-04-01","1480685367.43","904153356.22","12717457.44","538029809.71","","378841003.95"
"007548","5","2020-06-30","10459723","202000021395","2020-01-01","1480685367.43","1273112968.41","236014128.00","1130286092.46","","378841003.95"
"007548","3","2020-09-30","10459723","202000021395","2020-07-01","1480685367.43","378841003.95","32704738.11","89748028.44","","321797713.62"
"007548","4","2020-12-31","10459723","202000021395","2020-10-01","1480685367.43","321797713.62","24865203.07","27601433.20","","319061483.49"
"007548","6","2020-12-31","10459723","202000021395","2020-01-01","1480685367.43","1273112968.41","293584069.18","1247635554.10","","319061483.49"
"007548","1","2021-03-31","10459723","202000021395","2021-01-01","1480685367.43","319061483.49","183842943.67","77367645.80","","425536781.36"
"007548","2","2021-06-30","10459723","202000021395","2021-04-01","1480685367.43","425536781.36","97118822.03","264802448.88","","257853154.51"
"007548","5","2021-06-30","10459723","202000021395","2021-01-01","1480685367.43","319061483.49","280961765.70","342170094.68","","257853154.51"
"007548","3","2021-09-30","10459723","202000021395","2021-07-01","1480685367.43","257853154.51","37456873.46","72899211.76","","222410816.21"
"007548","4","2021-12-31","10459723","202000021395","2021-10-01","1480685367.43","222410816.21","10225345.68","20150335.73","","212485826.16"
"007548","6","2021-12-31","10459723","202000021395","2021-01-01","1480685367.43","319061483.49","328643984.84","435219642.17","","212485826.16"
"007548","1","2022-03-31","10459723","202000021395","2022-01-01","1480685367.43","212485826.16","7102636.97","20459440.29","","199129022.84"
"007548","2","2022-06-30","10459723","202000021395","2022-04-01","1480685367.43","199129022.84","51596915.80","51644633.38","","199081305.26"
"007548","5","2022-06-30","10459723","202000021395","2022-01-01","1480685367.43","212485826.16","58699552.77","72104073.67","","199081305.26"
"007548","3","2022-09-30","10459723","202000021395","2022-07-01","1480685367.43","199081305.26","6018735.12","7848997.63","","197251042.75"
"007548","4","2022-12-31","10459723","202000021395","2022-10-01","1480685367.43","197251042.75","155582068.12","8407718.29","","344425392.58"
"007548","6","2022-12-31","10459723","202000021395","2022-01-01","1480685367.43","212485826.16","220300356.01","88360789.59","","344425392.58"
"007548","1","2023-03-31","10459723","202000021395","2023-01-01","1480685367.43","344425392.58","118782928.83","71621887.37","","391586434.04"
"007548","2","2023-06-30","10459723","202000021395","2023-04-01","1480685367.43","391586434.04","31564992.28","57332371.68","","365819054.64"
"007548","5","2023-06-30","10459723","202000021395","2023-01-01","1480685367.43","344425392.58","150347921.11","128954259.05","","365819054.64"
"007548","3","2023-09-30","10459723","202000021395","2023-07-01","1480685367.43","365819054.64","25074977.19","24335472.22","","366558559.61"
"007548","4","2023-12-31","10459723","202000021395","2023-10-01","1480685367.43","366558559.61","2617367.88","104215005.40","","264960922.09"
"007548","6","2023-12-31","10459723","202000021395","2023-01-01","1480685367.43","344425392.58","178040266.18","257504736.67","","264960922.09"
"007548","1","2024-03-31","10459723","202000021395","2024-01-01","1480685367.43","264960922.09","3077955.33","27593907.29","","240444970.13"
"007548","2","2024-06-30","10459723","202000021395","2024-04-01","1480685367.43","240444970.13","4784453.36","15073502.93","","230155920.56"
"007548","5","2024-06-30","10459723","202000021395","2024-01-01","1480685367.43","264960922.09","7862408.69","42667410.22","","230155920.56"
"007548","3","2024-09-30","10459723","202000021395","2024-07-01","1480685367.43","230155920.56","46307600.54","13051978.80","","263411542.30"
"007548","4","2024-12-31","10459723","202000021395","2024-10-01","1480685367.43","263411542.30","9310981.41","39413934.98","","233308588.73"
"007548","6","2024-12-31","10459723","202000021395","2024-01-01","1480685367.43","264960922.09","63480990.64","95133324.00","","233308588.73"
"007548","1","2025-03-31","10459723","202000021395","2025-01-01","1480685367.43","233308588.73","18653092.59","18996297.21","","232965384.11"
"007548","2","2025-06-30","10459723","202000021395","2025-04-01","1480685367.43","232965384.11","32820018.91","8306105.58","","257479297.44"
"007548","5","2025-06-30","10459723","202000021395","2025-01-01","1480685367.43","233308588.73","51473111.50","27302402.79","","257479297.44"
"007548","3","2025-09-30","10459723","202000021395","2025-07-01","1480685367.43","257479297.44","10094989.77","79831227.06","","187743060.15"
"007548","4","2025-12-31","10459723","202000021395","2025-10-01","1480685367.43","187743060.15","30185368.16","34671814.98","","183256613.33"
"007548","6","2025-12-31","10459723","202000021395","2025-01-01","1480685367.43","233308588.73","91753469.43","141805444.83","","183256613.33"
"008264","1","2020-03-31","10463444","202000021997","2020-01-01","2303118656.65","2303118656.65","45836923.98","533433755.76","","1815521824.87"
"008264","2","2020-06-30","10463444","202000021997","2020-04-01","2303118656.65","1815521824.87","38194147.11","995831831.79","","857884140.19"
"008264","5","2020-06-30","10463444","202000021997","2020-01-01","2303118656.65","2303118656.65","84031071.09","1529265587.55","","857884140.19"
"008264","3","2020-09-30","10463444","202000021997","2020-07-01","2303118656.65","857884140.19","529067436.62","321209888.86","","1065741687.95"
"008264","4","2020-12-31","10463444","202000021997","2020-10-01","2303118656.65","1065741687.95","132100857.96","471168289.14","","726674256.77"
"008264","6","2020-12-31","10463444","202000021997","2020-01-01","2303118656.65","2303118656.65","745199365.67","2321643765.55","","726674256.77"
"008264","1","2021-03-31","10463444","202000021997","2021-01-01","2303118656.65","726674256.77","230032973.53","292784835.70","","663922394.60"
"008264","2","2021-06-30","10463444","202000021997","2021-04-01","2303118656.65","663922394.60","45566419.45","95031982.98","","614456831.07"
"008264","5","2021-06-30","10463444","202000021997","2021-01-01","2303118656.65","726674256.77","275599392.98","387816818.68","","614456831.07"
"008264","3","2021-09-30","10463444","202000021997","2021-07-01","2303118656.65","614456831.07","67921703.97","99041268.73","","583337266.31"
"008264","4","2021-12-31","10463444","202000021997","2021-10-01","2303118656.65","583337266.31","29781036.24","50329356.91","","562788945.64"
"008264","6","2021-12-31","10463444","202000021997","2021-01-01","2303118656.65","726674256.77","373302133.19","537187444.32","","562788945.64"
"008264","1","2022-03-31","10463444","202000021997","2022-01-01","2303118656.65","562788945.64","14588350.29","50197542.27","","527179753.66"
"008264","2","2022-06-30","10463444","202000021997","2022-04-01","2303118656.65","527179753.66","9466409.92","33832512.40","","502813651.18"
"008264","5","2022-06-30","10463444","202000021997","2022-01-01","2303118656.65","562788945.64","24054760.21","84030054.67","","502813651.18"
"008264","3","2022-09-30","10463444","202000021997","2022-07-01","2303118656.65","502813651.18","8508695.06","29381872.54","","481940473.70"
"008264","4","2022-12-31","10463444","202000021997","2022-10-01","2303118656.65","481940473.70","5673493.68","17499822.62","","470114144.76"
"008264","6","2022-12-31","10463444","202000021997","2022-01-01","2303118656.65","562788945.64","38236948.95","130911749.83","","470114144.76"
"008264","1","2023-03-31","10463444","202000021997","2023-01-01","2303118656.65","470114144.76","4837429.53","20463048.92","","454488525.37"
"008264","2","2023-06-30","10463444","202000021997","2023-04-01","2303118656.65","454488525.37","3277118.36","31299241.17","","426466402.56"
"008264","5","2023-06-30","10463444","202000021997","2023-01-01","2303118656.65","470114144.76","8114547.89","51762290.09","","426466402.56"
"008264","3","2023-09-30","10463444","202000021997","2023-07-01","2303118656.65","426466402.56","2108167.80","14724077.51","","413850492.85"
"008264","4","2023-12-31","10463444","202000021997","2023-10-01","2303118656.65","413850492.85","1872526.37","15468266.68","","400254752.54"
"008264","6","2023-12-31","10463444","202000021997","2023-01-01","2303118656.65","470114144.76","12095242.06","81954634.28","","400254752.54"
"008264","1","2024-03-31","10463444","202000021997","2024-01-01","2303118656.65","400254752.54","2725840.39","12893793.08","","390086799.85"
"008264","2","2024-06-30","10463444","202000021997","2024-04-01","2303118656.65","390086799.85","2541449.94","9626401.91","","383001847.88"
"008264","5","2024-06-30","10463444","202000021997","2024-01-01","2303118656.65","400254752.54","5267290.33","22520194.99","","383001847.88"
"008264","3","2024-09-30","10463444","202000021997","2024-07-01","2303118656.65","383001847.88","1266242.62","11812310.50","","372455780.00"
"008264","4","2024-12-31","10463444","202000021997","2024-10-01","2303118656.65","372455780.00","2626822.77","26085844.95","","348996757.82"
"008264","6","2024-12-31","10463444","202000021997","2024-01-01","2303118656.65","400254752.54","9160355.72","60418350.44","","348996757.82"
"008264","1","2025-03-31","10463444","202000021997","2025-01-01","2303118656.65","348996757.82","1960719.36","16513519.42","","334443957.76"
"008264","2","2025-06-30","10463444","202000021997","2025-04-01","2303118656.65","334443957.76","2109253.45","22231616.40","","314321594.81"
"008264","5","2025-06-30","10463444","202000021997","2025-01-01","2303118656.65","348996757.82","4069972.81","38745135.82","","314321594.81"
"008264","3","2025-09-30","10463444","202000021997","2025-07-01","2303118656.65","314321594.81","10573348.06","43561539.05","","281333403.82"
"008264","4","2025-12-31","10463444","202000021997","2025-10-01","2303118656.65","281333403.82","5631732.73","24013902.68","","262951233.87"
"008264","6","2025-12-31","10463444","202000021997","2025-01-01","2303118656.65","348996757.82","20275053.60","106320577.55","","262951233.87"
"008265","1","2020-03-31","10463444","202000021998","2020-01-01","2303118656.65","485080256.46","27784655.52","163087825.86","","349777086.12"
"008265","2","2020-06-30","10463444","202000021998","2020-04-01","2303118656.65","349777086.12","21874214.40","190409960.07","","181241340.45"
"008265","5","2020-06-30","10463444","202000021998","2020-01-01","485080256.46","485080256.46","49658869.92","353497785.93","","181241340.45"
"008265","3","2020-09-30","10463444","202000021998","2020-07-01","2303118656.65","181241340.45","90688868.11","92974306.78","","178955901.78"
"008265","4","2020-12-31","10463444","202000021998","2020-10-01","2303118656.65","178955901.78","58354332.25","66590298.99","","170719935.04"
"008265","6","2020-12-31","10463444","202000021998","2020-01-01","485080256.46","485080256.46","198702070.28","513062391.70","","170719935.04"
"008265","1","2021-03-31","10463444","202000021998","2021-01-01","2303118656.65","170719935.04","102499866.15","88489553.34","","184730247.85"
"008265","2","2021-06-30","10463444","202000021998","2021-04-01","2303118656.65","184730247.85","28584824.73","53397542.20","","159917530.38"
"008265","5","2021-06-30","10463444","202000021998","2021-01-01","485080256.46","170719935.04","131084690.88","141887095.54","","159917530.38"
"008265","3","2021-09-30","10463444","202000021998","2021-07-01","2303118656.65","159917530.38","23560720.02","42935067.27","","140543183.13"
"008265","4","2021-12-31","10463444","202000021998","2021-10-01","2303118656.65","140543183.13","11931238.03","19508486.79","","132965934.37"
"008265","6","2021-12-31","10463444","202000021998","2021-01-01","485080256.46","170719935.04","166576648.93","204330649.60","","132965934.37"
"008265","1","2022-03-31","10463444","202000021998","2022-01-01","2303118656.65","132965934.37","4992604.54","14338112.81","","123620426.10"
"008265","2","2022-06-30","10463444","202000021998","2022-04-01","2303118656.65","123620426.10","3956157.77","7957633.46","","119618950.41"
"008265","5","2022-06-30","10463444","202000021998","2022-01-01","485080256.46","132965934.37","8948762.31","22295746.27","","119618950.41"
"008265","3","2022-09-30","10463444","202000021998","2022-07-01","2303118656.65","119618950.41","3382724.28","7718140.07","","115283534.62"
"008265","4","2022-12-31","10463444","202000021998","2022-10-01","2303118656.65","115283534.62","2992206.16","6470086.41","","111805654.37"
"008265","6","2022-12-31","10463444","202000021998","2022-01-01","485080256.46","132965934.37","15323692.75","36483972.75","","111805654.37"
"008265","1","2023-03-31","10463444","202000021998","2023-01-01","2303118656.65","111805654.37","4256954.00","8496891.98","","107565716.39"
"008265","2","2023-06-30","10463444","202000021998","2023-04-01","2303118656.65","107565716.39","2007951.51","8420123.16","","101153544.74"
"008265","5","2023-06-30","10463444","202000021998","2023-01-01","485080256.46","111805654.37","6264905.51","16917015.14","","101153544.74"
"008265","3","2023-09-30","10463444","202000021998","2023-07-01","2303118656.65","101153544.74","1097218.92","6089624.04","","96161139.62"
"008265","4","2023-12-31","10463444","202000021998","2023-10-01","2303118656.65","96161139.62","909822.41","5042170.78","","92028791.25"
"008265","6","2023-12-31","10463444","202000021998","2023-01-01","485080256.46","111805654.37","8271946.84","28048809.96","","92028791.25"
"008265","1","2024-03-31","10463444","202000021998","2024-01-01","2303118656.65","92028791.25","24702265.37","4472312.57","","112258744.05"
"008265","2","2024-06-30","10463444","202000021998","2024-04-01","2303118656.65","112258744.05","14118796.15","13167611.52","","113209928.68"
"008265","5","2024-06-30","10463444","202000021998","2024-01-01","485080256.46","92028791.25","38821061.52","17639924.09","","113209928.68"
"008265","3","2024-09-30","10463444","202000021998","2024-07-01","2303118656.65","113209928.68","837391.88","18616322.48","","95430998.08"
"008265","4","2024-12-31","10463444","202000021998","2024-10-01","2303118656.65","95430998.08","11417312.25","17812219.12","","89036091.21"
"008265","6","2024-12-31","10463444","202000021998","2024-01-01","485080256.46","92028791.25","51075765.65","54068465.69","","89036091.21"
"008265","1","2025-03-31","10463444","202000021998","2025-01-01","2303118656.65","89036091.21","3113970.45","7585231.06","","84564830.60"
"008265","2","2025-06-30","10463444","202000021998","2025-04-01","2303118656.65","84564830.60","1518256.59","4035183.76","","82047903.43"
"008265","5","2025-06-30","10463444","202000021998","2025-01-01","485080256.46","89036091.21","4632227.04","11620414.82","","82047903.43"
"008265","3","2025-09-30","10463444","202000021998","2025-07-01","2303118656.65","82047903.43","8855764.13","14487817.38","","76415850.18"
"008265","4","2025-12-31","10463444","202000021998","2025-10-01","2303118656.65","76415850.18","6395208.95","16129121.60","","66681937.53"
"008265","6","2025-12-31","10463444","202000021998","2025-01-01","485080256.46","89036091.21","19883200.12","42237353.80","","66681937.53"
"009246","3","2020-09-30","10493325","202000023518","2020-07-16","2225819599.15","2225819599.15","35406966.69","221669264.77","","2039557301.07"
"009246","4","2020-12-31","10493325","202000023518","2020-10-01","2225819599.15","2039557301.07","42362838.31","1123024188.08","","958895951.30"
"009246","6","2020-12-31","10493325","202000023518","2020-07-16","2225819599.15","2225819599.15","77769805.00","1344693452.85","","958895951.30"
"009246","1","2021-03-31","10493325","202000023518","2021-01-01","2225819599.15","958895951.30","109433864.27","587067148.25","","481262667.32"
"009246","2","2021-06-30","10493325","202000023518","2021-04-01","2225819599.15","481262667.32","25291838.26","116030162.46","","390524343.12"
"009246","5","2021-06-30","10493325","202000023518","2021-01-01","2225819599.15","958895951.30","134725702.53","703097310.71","","390524343.12"
"009246","3","2021-09-30","10493325","202000023518","2021-07-01","2225819599.15","390524343.12","71190591.12","133532895.60","","328182038.64"
"009246","4","2021-12-31","10493325","202000023518","2021-10-01","2225819599.15","328182038.64","21941043.76","36484501.90","","313638580.50"
"009246","6","2021-12-31","10493325","202000023518","2021-01-01","2225819599.15","958895951.30","227857337.41","873114708.21","","313638580.50"
"009246","1","2022-03-31","10493325","202000023518","2022-01-01","2225819599.15","313638580.50","19164115.23","29569299.72","","303233396.01"
"009246","2","2022-06-30","10493325","202000023518","2022-04-01","2225819599.15","303233396.01","15619887.85","14894795.17","","303958488.69"
"009246","5","2022-06-30","10493325","202000023518","2022-01-01","2225819599.15","313638580.50","34784003.08","44464094.89","","303958488.69"
"009246","3","2022-09-30","10493325","202000023518","2022-07-01","2225819599.15","303958488.69","8520705.98","16730935.32","","295748259.35"
"009246","4","2022-12-31","10493325","202000023518","2022-10-01","2225819599.15","295748259.35","5265470.67","35270692.01","","265743038.01"
"009246","6","2022-12-31","10493325","202000023518","2022-01-01","2225819599.15","313638580.50","48570179.73","96465722.22","","265743038.01"
"009246","1","2023-03-31","10493325","202000023518","2023-01-01","2225819599.15","265743038.01","6638567.74","9345882.32","","263035723.43"
"009246","2","2023-06-30","10493325","202000023518","2023-04-01","2225819599.15","263035723.43","6106597.92","11909882.98","","257232438.37"
"009246","5","2023-06-30","10493325","202000023518","2023-01-01","2225819599.15","265743038.01","12745165.66","21255765.30","","257232438.37"
"009246","3","2023-09-30","10493325","202000023518","2023-07-01","2225819599.15","257232438.37","4041864.35","11026443.97","","250247858.75"
"009246","4","2023-12-31","10493325","202000023518","2023-10-01","2225819599.15","250247858.75","3168222.01","10391020.17","","243025060.59"
"009246","6","2023-12-31","10493325","202000023518","2023-01-01","2225819599.15","265743038.01","19955252.02","42673229.44","","243025060.59"
"009246","1","2024-03-31","10493325","202000023518","2024-01-01","2225819599.15","243025060.59","2591402.78","10366102.59","","235250360.78"
"009246","2","2024-06-30","10493325","202000023518","2024-04-01","2225819599.15","235250360.78","1836317.63","8613393.39","","228473285.02"
"009246","5","2024-06-30","10493325","202000023518","2024-01-01","2225819599.15","243025060.59","4427720.41","18979495.98","","228473285.02"
"009246","3","2024-09-30","10493325","202000023518","2024-07-01","2225819599.15","228473285.02","1499404.58","8964462.12","","221008227.48"
"009246","4","2024-12-31","10493325","202000023518","2024-10-01","2225819599.15","221008227.48","4333897.26","12809087.53","","212533037.21"
"009246","6","2024-12-31","10493325","202000023518","2024-01-01","2225819599.15","243025060.59","10261022.25","40753045.63","","212533037.21"
"009246","1","2025-03-31","10493325","202000023518","2025-01-01","2225819599.15","212533037.21","1772339.13","10334051.47","","203971324.87"
"009246","2","2025-06-30","10493325","202000023518","2025-04-01","2225819599.15","203971324.87","50735409.84","7890313.24","","246816421.47"
"009246","5","2025-06-30","10493325","202000023518","2025-01-01","2225819599.15","212533037.21","52507748.97","18224364.71","","246816421.47"
"009246","3","2025-09-30","10493325","202000023518","2025-07-01","2225819599.15","246816421.47","24810709.41","37236542.85","","234390588.03"
"009246","4","2025-12-31","10493325","202000023518","2025-10-01","2225819599.15","234390588.03","25732002.31","23162368.80","","236960221.54"
"009246","6","2025-12-31","10493325","202000023518","2025-01-01","2225819599.15","212533037.21","103050460.69","78623276.36","","236960221.54"
"009630","2","2021-06-30","10524866","202000025353","2021-04-01","1483922110.54","1483922110.54","883840.13","32784146.73","","1452021803.94"
"009630","5","2021-06-30","10524866","202000025353","2021-03-16","1483922110.54","1483922110.54","883840.13","32784146.73","","1452021803.94"
"009630","3","2021-09-30","10524866","202000025353","2021-07-01","1483922110.54","1452021803.94","5127282.16","86337977.16","","1370811108.94"
"009630","4","2021-12-31","10524866","202000025353","2021-10-01","1483922110.54","1370811108.94","1480188.28","67892094.59","","1304399202.63"
"009630","6","2021-12-31","10524866","202000025353","2021-03-16","1483922110.54","1483922110.54","7491310.57","187014218.48","","1304399202.63"
"009630","1","2022-03-31","10524866","202000025353","2022-01-01","1483922110.54","1304399202.63","1774944.17","76302301.80","","1229871845.00"
"009630","2","2022-06-30","10524866","202000025353","2022-04-01","1483922110.54","1229871845.00","1853082.09","37978291.99","","1193746635.10"
"009630","5","2022-06-30","10524866","202000025353","2022-01-01","1483922110.54","1304399202.63","3628026.26","114280593.79","","1193746635.10"
"009630","3","2022-09-30","10524866","202000025353","2022-07-01","1483922110.54","1193746635.10","1790542.45","43589198.51","","1151947979.04"
"009630","4","2022-12-31","10524866","202000025353","2022-10-01","1483922110.54","1151947979.04","936905.97","39663796.38","","1113221088.63"
"009630","6","2022-12-31","10524866","202000025353","2022-01-01","1483922110.54","1304399202.63","6355474.68","197533588.68","","1113221088.63"
"009630","1","2023-03-31","10524866","202000025353","2023-01-01","1483922110.54","1113221088.63","875531.79","36475033.31","","1077621587.11"
"009630","2","2023-06-30","10524866","202000025353","2023-04-01","1483922110.54","1077621587.11","1245713.64","66706353.82","","1012160946.93"
"009630","5","2023-06-30","10524866","202000025353","2023-01-01","1483922110.54","1113221088.63","2121245.43","103181387.13","","1012160946.93"
"009630","3","2023-09-30","10524866","202000025353","2023-07-01","1483922110.54","1012160946.93","617508.23","33640111.80","","979138343.36"
"009630","4","2023-12-31","10524866","202000025353","2023-10-01","1483922110.54","979138343.36","698942.67","50086735.39","","929750550.64"
"009630","6","2023-12-31","10524866","202000025353","2023-01-01","1483922110.54","1113221088.63","3437696.33","186908234.32","","929750550.64"
"009630","1","2024-03-31","10524866","202000025353","2024-01-01","1483922110.54","929750550.64","335942.26","32009032.92","","898077459.98"
"009630","2","2024-06-30","10524866","202000025353","2024-04-01","1483922110.54","898077459.98","594358.84","24628862.96","","874042955.86"
"009630","5","2024-06-30","10524866","202000025353","2024-01-01","1483922110.54","929750550.64","930301.10","56637895.88","","874042955.86"
"009630","3","2024-09-30","10524866","202000025353","2024-07-01","1483922110.54","874042955.86","331542.08","31915084.79","","842459413.15"
"009630","4","2024-12-31","10524866","202000025353","2024-10-01","1483922110.54","842459413.15","1449428.61","90968654.58","","752940187.18"
"009630","6","2024-12-31","10524866","202000025353","2024-01-01","1483922110.54","929750550.64","2711271.79","179521635.25","","752940187.18"
"009630","1","2025-03-31","10524866","202000025353","2025-01-01","1483922110.54","752940187.18","342351313.77","35531606.98","","1059759893.97"
"009630","2","2025-06-30","10524866","202000025353","2025-04-01","1483922110.54","1059759893.97","63767990.64","24398185.64","","1099129698.97"
"009630","5","2025-06-30","10524866","202000025353","2025-01-01","1483922110.54","752940187.18","406119304.41","59929792.62","","1099129698.97"
"009630","3","2025-09-30","10524866","202000025353","2025-07-01","1483922110.54","1099129698.97","144030988.06","284372284.67","","958788402.36"
"009630","4","2025-12-31","10524866","202000025353","2025-10-01","1483922110.54","958788402.36","75730168.87","37035476.50","","997483094.73"
"009630","6","2025-12-31","10524866","202000025353","2025-01-01","1483922110.54","752940187.18","625880461.34","381337553.79","","997483094.73"
"009631","2","2021-06-30","10524866","202000025354","2021-04-01","1483922110.54","934797390.33","1756860.54","43291409.67","","893262841.20"
"009631","5","2021-06-30","10524866","202000025354","2021-01-01","934797390.33","934797390.33","1756860.54","43291409.67","","893262841.20"
"009631","3","2021-09-30","10524866","202000025354","2021-07-01","1483922110.54","893262841.20","6986211.37","99655229.08","","800593823.49"
"009631","4","2021-12-31","10524866","202000025354","2021-10-01","1483922110.54","800593823.49","6432621.27","43764502.63","","763261942.13"
"009631","6","2021-12-31","10524866","202000025354","2021-03-16","934797390.33","934797390.33","15175693.18","186711141.38","","763261942.13"
"009631","1","2022-03-31","10524866","202000025354","2022-01-01","1483922110.54","763261942.13","6890498.04","51943265.20","","718209174.97"
"009631","2","2022-06-30","10524866","202000025354","2022-04-01","1483922110.54","718209174.97","3348151.21","31127135.38","","690430190.80"
"009631","5","2022-06-30","10524866","202000025354","2022-01-01","934797390.33","763261942.13","10238649.25","83070400.58","","690430190.80"
"009631","3","2022-09-30","10524866","202000025354","2022-07-01","1483922110.54","690430190.80","1774289.02","24363228.78","","667841251.04"
"009631","4","2022-12-31","10524866","202000025354","2022-10-01","1483922110.54","667841251.04","1448428.74","20801310.94","","648488368.84"
"009631","6","2022-12-31","10524866","202000025354","2022-01-01","934797390.33","763261942.13","13461367.01","128234940.30","","648488368.84"
"009631","1","2023-03-31","10524866","202000025354","2023-01-01","1483922110.54","648488368.84","1065944.99","31056148.59","","618498165.24"
"009631","2","2023-06-30","10524866","202000025354","2023-04-01","1483922110.54","618498165.24","1350758.37","27536634.52","","592312289.09"
"009631","5","2023-06-30","10524866","202000025354","2023-01-01","1483922110.54","648488368.84","2416703.36","58592783.11","","592312289.09"
"009631","3","2023-09-30","10524866","202000025354","2023-07-01","1483922110.54","592312289.09","652588.01","26706164.37","","566258712.73"
"009631","4","2023-12-31","10524866","202000025354","2023-10-01","1483922110.54","566258712.73","738533.27","41241644.81","","525755601.19"
"009631","6","2023-12-31","10524866","202000025354","2023-01-01","934797390.33","648488368.84","3807824.64","126540592.29","","525755601.19"
"009631","1","2024-03-31","10524866","202000025354","2024-01-01","1483922110.54","525755601.19","877320.39","19525909.94","","507107011.64"
"009631","2","2024-06-30","10524866","202000025354","2024-04-01","1483922110.54","507107011.64","1079001.75","19118984.71","","489067028.68"
"009631","5","2024-06-30","10524866","202000025354","2024-01-01","934797390.33","525755601.19","1956322.14","38644894.65","","489067028.68"
"009631","3","2024-09-30","10524866","202000025354","2024-07-01","1483922110.54","489067028.68","5510271.23","20370638.07","","474206661.84"
"009631","4","2024-12-31","10524866","202000025354","2024-10-01","1483922110.54","474206661.84","7074607.47","27050227.87","","454231041.44"
"009631","6","2024-12-31","10524866","202000025354","2024-01-01","934797390.33","525755601.19","14541200.84","86065760.59","","454231041.44"
"009631","1","2025-03-31","10524866","202000025354","2025-01-01","1483922110.54","454231041.44","5403663.71","27403730.34","","432230974.81"
"009631","2","2025-06-30","10524866","202000025354","2025-04-01","1483922110.54","432230974.81","62082540.42","35031428.15","","459282087.08"
"009631","5","2025-06-30","10524866","202000025354","2025-01-01","934797390.33","454231041.44","67486204.13","62435158.49","","459282087.08"
"009631","3","2025-09-30","10524866","202000025354","2025-07-01","1483922110.54","459282087.08","10616904.79","56151122.48","","413747869.39"
"009631","4","2025-12-31","10524866","202000025354","2025-10-01","1483922110.54","413747869.39","2370673.38","51358235.10","","364760307.67"
"009631","6","2025-12-31","10524866","202000025354","2025-01-01","934797390.33","454231041.44","80473782.30","169944516.07","","364760307.67"
"010070","1","2021-03-31","10500695","202000024212","2021-01-01","116467984.54","116467984.54","1331248.57","9100477.84","","108698755.27"
"010070","2","2021-06-30","10500695","202000024212","2021-04-01","116467984.54","108698755.27","177866.60","3147349.31","","105729272.56"
"010070","5","2021-06-30","10500695","202000024212","2021-01-01","116467984.54","116467984.54","1509115.17","12247827.15","","105729272.56"
"010070","3","2021-09-30","10500695","202000024212","2021-07-01","116467984.54","105729272.56","338349.68","1482733.27","","104584888.97"
"010070","4","2021-12-31","10500695","202000024212","2021-10-01","116467984.54","104584888.97","219914.09","2022149.27","","102782653.79"
"010070","6","2021-12-31","10500695","202000024212","2021-01-01","116467984.54","116467984.54","2067378.94","15752709.69","","102782653.79"
"010070","1","2022-03-31","10500695","202000024212","2022-01-01","116467984.54","102782653.79","74607445.29","90377995.45","","87012103.63"
"010070","2","2022-06-30","10500695","202000024212","2022-04-01","116467984.54","87012103.63","113109.15","89973.36","","87035239.42"
"010070","5","2022-06-30","10500695","202000024212","2022-01-01","116467984.54","102782653.79","74720554.44","90467968.81","","87035239.42"
"010070","3","2022-09-30","10500695","202000024212","2022-07-01","116467984.54","87035239.42","25654.69","165889.98","","86895004.13"
"010070","4","2022-12-31","10500695","202000024212","2022-10-01","116467984.54","86895004.13","30494.73","120963.24","","86804535.62"
"010070","6","2022-12-31","10500695","202000024212","2022-01-01","116467984.54","102782653.79","74776703.86","90754822.03","","86804535.62"
"010070","1","2023-03-31","10500695","202000024212","2023-01-01","116467984.54","86804535.62","22195.22","72559.46","","86754171.38"
"010070","2","2023-06-30","10500695","202000024212","2023-04-01","116467984.54","86754171.38","4972950.58","5040033.93","","86687088.03"
"010070","5","2023-06-30","10500695","202000024212","2023-01-01","116467984.54","86804535.62","4995145.80","5112593.39","","86687088.03"
"010070","3","2023-09-30","10500695","202000024212","2023-07-01","116467984.54","86687088.03","23134.28","72058890.08","","14651332.23"
"010070","4","2023-12-31","10500695","202000024212","2023-10-01","116467984.54","14651332.23","24293.19","91367.60","","14584257.82"
"010070","6","2023-12-31","10500695","202000024212","2023-01-01","116467984.54","86804535.62","5042573.27","77262851.07","","14584257.82"
"010070","1","2024-03-31","10500695","202000024212","2024-01-01","116467984.54","14584257.82","7791.10","226051.12","","14365997.80"
"010070","2","2024-06-30","10500695","202000024212","2024-04-01","116467984.54","14365997.80","8964.49","12599141.86","","1775820.43"
"010070","5","2024-06-30","10500695","202000024212","2024-01-01","116467984.54","14584257.82","16755.59","12825192.98","","1775820.43"
"010071","1","2021-03-31","10500695","202000024213","2021-01-01","116467984.54","101643641.55","444478.23","51024512.98","","51063606.80"
"010071","2","2021-06-30","10500695","202000024213","2021-04-01","116467984.54","51063606.80","17632909.16","12055928.97","","56640586.99"
"010071","5","2021-06-30","10500695","202000024213","2021-01-01","101643641.55","101643641.55","18077387.39","63080441.95","","56640586.99"
"010071","3","2021-09-30","10500695","202000024213","2021-07-01","116467984.54","56640586.99","446103.06","6273306.31","","50813383.74"
"010071","4","2021-12-31","10500695","202000024213","2021-10-01","116467984.54","50813383.74","159675.47","477584.73","","50495474.48"
"010071","6","2021-12-31","10500695","202000024213","2021-01-01","101643641.55","101643641.55","18683165.92","69831332.99","","50495474.48"
"010071","1","2022-03-31","10500695","202000024213","2022-01-01","116467984.54","50495474.48","17519.94","48901.21","","50464093.21"
"010071","2","2022-06-30","10500695","202000024213","2022-04-01","116467984.54","50464093.21","54990.49","56151.30","","50462932.40"
"010071","5","2022-06-30","10500695","202000024213","2022-01-01","101643641.55","50495474.48","72510.43","105052.51","","50462932.40"
"010071","3","2022-09-30","10500695","202000024213","2022-07-01","116467984.54","50462932.40","96130.42","74859.97","","50484202.85"
"010071","4","2022-12-31","10500695","202000024213","2022-10-01","116467984.54","50484202.85","225496.60","248800.75","","50460898.70"
"010071","6","2022-12-31","10500695","202000024213","2022-01-01","101643641.55","50495474.48","394137.45","428713.23","","50460898.70"
"010071","1","2023-03-31","10500695","202000024213","2023-01-01","116467984.54","50460898.70","47471.19","95583.14","","50412786.75"
"010071","2","2023-06-30","10500695","202000024213","2023-04-01","116467984.54","50412786.75","75428.69","27407.46","","50460807.98"
"010071","5","2023-06-30","10500695","202000024213","2023-01-01","101643641.55","50460898.70","122899.88","122990.60","","50460807.98"
"010071","3","2023-09-30","10500695","202000024213","2023-07-01","116467984.54","50460807.98","77261.50","50051354.49","","486714.99"
"010071","4","2023-12-31","10500695","202000024213","2023-10-01","116467984.54","486714.99","262984.06","127065.87","","622633.18"
"010071","6","2023-12-31","10500695","202000024213","2023-01-01","101643641.55","50460898.70","463145.44","50301410.96","","622633.18"
"010071","1","2024-03-31","10500695","202000024213","2024-01-01","116467984.54","622633.18","19451.50","104516.37","","537568.31"
"010071","2","2024-06-30","10500695","202000024213","2024-04-01","116467984.54","537568.31","14235.57","63734.80","","488069.08"
"010071","5","2024-06-30","10500695","202000024213","2024-01-01","101643641.55","622633.18","33687.07","168251.17","","488069.08"
"011122","3","2021-09-30","10542164","202000027875","2021-07-01","1967928681.34","1967928681.34","12158852.37","105878461.57","","1874209072.14"
"011122","4","2021-12-31","10542164","202000027875","2021-10-01","1967928681.34","1874209072.14","19816030.09","551656033.18","","1342369069.05"
"011122","6","2021-12-31","10542164","202000027875","2021-06-10","1967928681.34","1967928681.34","31974882.46","657534494.75","","1342369069.05"
"011122","1","2022-03-31","10542164","202000027875","2022-01-01","1967928681.34","1342369069.05","14042001.93","45995071.89","","1310415999.09"
"011122","2","2022-06-30","10542164","202000027875","2022-04-01","1967928681.34","1310415999.09","8342334.78","26066360.44","","1292691973.43"
"011122","5","2022-06-30","10542164","202000027875","2022-01-01","1967928681.34","1342369069.05","22384336.71","72061432.33","","1292691973.43"
"011122","3","2022-09-30","10542164","202000027875","2022-07-01","1967928681.34","1292691973.43","5307298.91","33292142.51","","1264707129.83"
"011122","4","2022-12-31","10542164","202000027875","2022-10-01","1967928681.34","1264707129.83","4246926.11","25890501.97","","1243063553.97"
"011122","6","2022-12-31","10542164","202000027875","2022-01-01","1967928681.34","1342369069.05","31938561.73","131244076.81","","1243063553.97"
"011122","1","2023-03-31","10542164","202000027875","2023-01-01","1967928681.34","1243063553.97","8000390.17","40744975.79","","1210318968.35"
"011122","2","2023-06-30","10542164","202000027875","2023-04-01","1967928681.34","1210318968.35","5672111.80","55811314.74","","1160179765.41"
"011122","5","2023-06-30","10542164","202000027875","2023-01-01","1967928681.34","1243063553.97","13672501.97","96556290.53","","1160179765.41"
"011122","3","2023-09-30","10542164","202000027875","2023-07-01","1967928681.34","1160179765.41","3178706.82","45296452.57","","1118062019.66"
"011122","4","2023-12-31","10542164","202000027875","2023-10-01","1967928681.34","1118062019.66","2783424.40","40732313.17","","1080113130.89"
"011122","6","2023-12-31","10542164","202000027875","2023-01-01","1967928681.34","1243063553.97","19634633.19","182585056.27","","1080113130.89"
"011122","1","2024-03-31","10542164","202000027875","2024-01-01","1967928681.34","1080113130.89","2799104.60","26934248.39","","1055977987.10"
"011122","2","2024-06-30","10542164","202000027875","2024-04-01","1967928681.34","1055977987.10","1428377.95","21744178.68","","1035662186.37"
"011122","5","2024-06-30","10542164","202000027875","2024-01-01","1967928681.34","1080113130.89","4227482.55","48678427.07","","1035662186.37"
"011122","3","2024-09-30","10542164","202000027875","2024-07-01","1967928681.34","1035662186.37","4810396.42","24804158.95","","1015668423.84"
"011122","4","2024-12-31","10542164","202000027875","2024-10-01","1967928681.34","1015668423.84","6223044.97","37632891.75","","984258577.06"
"011122","6","2024-12-31","10542164","202000027875","2024-01-01","1967928681.34","1080113130.89","15260923.94","111115477.77","","984258577.06"
"011122","1","2025-03-31","10542164","202000027875","2025-01-01","1967928681.34","984258577.06","17060102.26","43308879.72","","958009799.60"
"011122","2","2025-06-30","10542164","202000027875","2025-04-01","1967928681.34","958009799.60","2154708.39","31471544.35","","928692963.64"
"011122","5","2025-06-30","10542164","202000027875","2025-01-01","1967928681.34","984258577.06","19214810.65","74780424.07","","928692963.64"
"011122","3","2025-09-30","10542164","202000027875","2025-07-01","1967928681.34","928692963.64","19541468.44","70229080.67","","878005351.41"
"011122","4","2025-12-31","10542164","202000027875","2025-10-01","1967928681.34","878005351.41","56869228.22","83552508.18","","851322071.45"
"011122","6","2025-12-31","10542164","202000027875","2025-01-01","1967928681.34","984258577.06","95625507.31","228562012.92","","851322071.45"
"011123","3","2021-09-30","10542164","202000027876","2021-07-01","1967928681.34","86355821.85","2536778.79","12457946.41","","76434654.23"
"011123","4","2021-12-31","10542164","202000027876","2021-10-01","1967928681.34","76434654.23","6816301.01","17811117.93","","65439837.31"
"011123","6","2021-12-31","10542164","202000027876","2021-06-10","86355821.85","86355821.85","9353079.80","30269064.34","","65439837.31"
"011123","1","2022-03-31","10542164","202000027876","2022-01-01","1967928681.34","65439837.31","3803910.20","6254385.54","","62989361.97"
"011123","2","2022-06-30","10542164","202000027876","2022-04-01","1967928681.34","62989361.97","2028082.32","4066846.44","","60950597.85"
"011123","5","2022-06-30","10542164","202000027876","2022-01-01","86355821.85","65439837.31","5831992.52","10321231.98","","60950597.85"
"011123","3","2022-09-30","10542164","202000027876","2022-07-01","1967928681.34","60950597.85","1300719.57","2813407.70","","59437909.72"
"011123","4","2022-12-31","10542164","202000027876","2022-10-01","1967928681.34","59437909.72","1508184.22","874794.52","","60071299.42"
"011123","6","2022-12-31","10542164","202000027876","2022-01-01","86355821.85","65439837.31","8640896.31","14009434.20","","60071299.42"
"011123","1","2023-03-31","10542164","202000027876","2023-01-01","1967928681.34","60071299.42","2661323.39","3763719.12","","58968903.69"
"011123","2","2023-06-30","10542164","202000027876","2023-04-01","1967928681.34","58968903.69","2963132.14","4746268.81","","57185767.02"
"011123","5","2023-06-30","10542164","202000027876","2023-01-01","86355821.85","60071299.42","5624455.53","8509987.93","","57185767.02"
"011123","3","2023-09-30","10542164","202000027876","2023-07-01","1967928681.34","57185767.02","1007422.19","2059056.78","","56134132.43"
"011123","4","2023-12-31","10542164","202000027876","2023-10-01","1967928681.34","56134132.43","13390070.11","3536649.80","","65987552.74"
"011123","6","2023-12-31","10542164","202000027876","2023-01-01","86355821.85","60071299.42","20021947.83","14105694.51","","65987552.74"
"011123","1","2024-03-31","10542164","202000027876","2024-01-01","1967928681.34","65987552.74","967264.52","13539865.06","","53414952.20"
"011123","2","2024-06-30","10542164","202000027876","2024-04-01","1967928681.34","53414952.20","343277.07","1277114.81","","52481114.46"
"011123","5","2024-06-30","10542164","202000027876","2024-01-01","86355821.85","65987552.74","1310541.59","14816979.87","","52481114.46"
"011123","3","2024-09-30","10542164","202000027876","2024-07-01","1967928681.34","52481114.46","10438188.20","2103872.87","","60815429.79"
"011123","4","2024-12-31","10542164","202000027876","2024-10-01","1967928681.34","60815429.79","6976680.21","4958923.20","","62833186.80"
"011123","6","2024-12-31","10542164","202000027876","2024-01-01","86355821.85","65987552.74","18725410.00","21879775.94","","62833186.80"
"011123","1","2025-03-31","10542164","202000027876","2025-01-01","1967928681.34","62833186.80","36585587.78","13243680.20","","86175094.38"
"011123","2","2025-06-30","10542164","202000027876","2025-04-01","1967928681.34","86175094.38","68888850.72","12531394.48","","142532550.62"
"011123","5","2025-06-30","10542164","202000027876","2025-01-01","86355821.85","62833186.80","105474438.50","25775074.68","","142532550.62"
"011123","3","2025-09-30","10542164","202000027876","2025-07-01","1967928681.34","142532550.62","323627589.16","77675392.73","","388484747.05"
"011123","4","2025-12-31","10542164","202000027876","2025-10-01","1967928681.34","388484747.05","544631581.00","82274587.65","","850841740.40"
"011123","6","2025-12-31","10542164","202000027876","2025-01-01","86355821.85","62833186.80","973733608.66","185725055.06","","850841740.40"
"011149","1","2021-03-31","10520474","202000024890","2021-01-01","5021117.47","5021117.47","608120.62","266315.85","","5362922.24"
"011149","2","2021-06-30","10520474","202000024890","2021-04-01","5021117.47","5362922.24","660959.63","617197.36","","5406684.51"
"011149","5","2021-06-30","10520474","202000024890","2021-01-01","5021117.47","5021117.47","1269080.25","883513.21","","5406684.51"
"011149","3","2021-09-30","10520474","202000024890","2021-07-01","5021117.47","5406684.51","4338879.60","894705.91","","8850858.20"
"011149","4","2021-12-31","10520474","202000024890","2021-10-01","5021117.47","8850858.20","196074.08","312061.10","","8734871.18"
"011149","6","2021-12-31","10520474","202000024890","2021-01-01","5021117.47","5021117.47","5804033.93","2090280.22","","8734871.18"
"011149","1","2022-03-31","10520474","202000024890","2022-01-01","5021117.47","8734871.18","69585.20","250936.93","","8553519.45"
"011149","2","2022-06-30","10520474","202000024890","2022-04-01","5021117.47","8553519.45","154590.40","138261.69","","8569848.16"
"011149","5","2022-06-30","10520474","202000024890","2022-01-01","5021117.47","8734871.18","224175.60","389198.62","","8569848.16"
"011149","3","2022-09-30","10520474","202000024890","2022-07-01","5021117.47","8569848.16","442618.29","59312.91","","8953153.54"
"011149","4","2022-12-31","10520474","202000024890","2022-10-01","5021117.47","8953153.54","567406.73","260147.15","","9260413.12"
"011149","6","2022-12-31","10520474","202000024890","2022-01-01","5021117.47","8734871.18","1234200.62","708658.68","","9260413.12"
"011149","1","2023-03-31","10520474","202000024890","2023-01-01","5021117.47","9260413.12","761957.79","151652.20","","9870718.71"
"011149","2","2023-06-30","10520474","202000024890","2023-04-01","5021117.47","9870718.71","1914950.51","1245515.13","","10540154.09"
"011149","5","2023-06-30","10520474","202000024890","2023-01-01","5021117.47","9260413.12","2676908.30","1397167.33","","10540154.09"
"011149","3","2023-09-30","10520474","202000024890","2023-07-01","5021117.47","10540154.09","10337327.59","3120609.38","","17756872.30"
"011149","4","2023-12-31","10520474","202000024890","2023-10-01","5021117.47","17756872.30","48902672.36","9904203.47","","56755341.19"
"011149","6","2023-12-31","10520474","202000024890","2023-01-01","5021117.47","9260413.12","61916908.25","14421980.18","","56755341.19"
"011149","1","2024-03-31","10520474","202000024890","2024-01-01","5021117.47","56755341.19","1270588.50","31360297.24","","26665632.45"
"011149","2","2024-06-30","10520474","202000024890","2024-04-01","5021117.47","26665632.45","316451.87","3813285.18","","23168799.14"
"011149","5","2024-06-30","10520474","202000024890","2024-01-01","5021117.47","56755341.19","1587040.37","35173582.42","","23168799.14"
"011149","3","2024-09-30","10520474","202000024890","2024-07-01","5021117.47","23168799.14","155252.32","12332164.77","","10991886.69"
"011149","4","2024-12-31","10520474","202000024890","2024-10-01","5021117.47","10991886.69","186686.48","616807.30","","10561765.87"
"011149","6","2024-12-31","10520474","202000024890","2024-01-01","5021117.47","56755341.19","1928979.17","48122554.49","","10561765.87"
"011149","1","2025-03-31","10520474","202000024890","2025-01-01","5021117.47","10561765.87","375300.15","1953634.17","","8983431.85"
"011149","2","2025-06-30","10520474","202000024890","2025-04-01","5021117.47","8983431.85","68825.82","1200139.12","","7852118.55"
"011149","5","2025-06-30","10520474","202000024890","2025-01-01","5021117.47","10561765.87","444125.97","3153773.29","","7852118.55"
"011149","3","2025-09-30","10520474","202000024890","2025-07-01","5021117.47","7852118.55","17312894.50","6202136.37","","18962876.68"
"011149","4","2025-12-31","10520474","202000024890","2025-10-01","5021117.47","18962876.68","88328.90","278388.03","","18772817.55"
"011149","6","2025-12-31","10520474","202000024890","2025-01-01","5021117.47","10561765.87","17845349.37","9634297.69","","18772817.55"
"011150","1","2021-03-31","10520474","202000024891","2021-01-01","5021117.47","5480000.00","3402377.34","1316288.58","","7566088.76"
"011150","2","2021-06-30","10520474","202000024891","2021-04-01","5021117.47","7566088.76","940860.57","1029838.91","","7477110.42"
"011150","5","2021-06-30","10520474","202000024891","2021-01-01","5480000.00","5480000.00","4343237.91","2346127.49","","7477110.42"
"011150","3","2021-09-30","10520474","202000024891","2021-07-01","5021117.47","7477110.42","660889.38","1342253.58","","6795746.22"
"011150","4","2021-12-31","10520474","202000024891","2021-10-01","5021117.47","6795746.22","227282.29","215196.11","","6807832.40"
"011150","6","2021-12-31","10520474","202000024891","2021-01-01","5480000.00","5480000.00","5231409.58","3903577.18","","6807832.40"
"011150","1","2022-03-31","10520474","202000024891","2022-01-01","5021117.47","6807832.40","1346263.02","96799.71","","8057295.71"
"011150","2","2022-06-30","10520474","202000024891","2022-04-01","5021117.47","8057295.71","1670028.63","318167.25","","9409157.09"
"011150","5","2022-06-30","10520474","202000024891","2022-01-01","5480000.00","6807832.40","3016291.65","414966.96","","9409157.09"
"011150","3","2022-09-30","10520474","202000024891","2022-07-01","5021117.47","9409157.09","1220762.77","345358.67","","10284561.19"
"011150","4","2022-12-31","10520474","202000024891","2022-10-01","5021117.47","10284561.19","1659684.97","261280.04","","11682966.12"
"011150","6","2022-12-31","10520474","202000024891","2022-01-01","5480000.00","6807832.40","5896739.39","1021605.67","","11682966.12"
"011150","1","2023-03-31","10520474","202000024891","2023-01-01","5021117.47","11682966.12","1015289.96","324775.93","","12373480.15"
"011150","2","2023-06-30","10520474","202000024891","2023-04-01","5021117.47","12373480.15","26349173.17","4364242.36","","34358410.96"
"011150","5","2023-06-30","10520474","202000024891","2023-01-01","5480000.00","11682966.12","27364463.13","4689018.29","","34358410.96"
"011150","3","2023-09-30","10520474","202000024891","2023-07-01","5021117.47","34358410.96","66700325.74","19958097.23","","81100639.47"
"011150","4","2023-12-31","10520474","202000024891","2023-10-01","5021117.47","81100639.47","139640732.49","63694439.78","","157046932.18"
"011150","6","2023-12-31","10520474","202000024891","2023-01-01","5480000.00","11682966.12","233705521.36","88341555.30","","157046932.18"
"011150","1","2024-03-31","10520474","202000024891","2024-01-01","5021117.47","157046932.18","27061696.22","88228107.43","","95880520.97"
"011150","2","2024-06-30","10520474","202000024891","2024-04-01","5021117.47","95880520.97","12141171.25","17347219.05","","90674473.17"
"011150","5","2024-06-30","10520474","202000024891","2024-01-01","5480000.00","157046932.18","39202867.47","105575326.48","","90674473.17"
"011150","3","2024-09-30","10520474","202000024891","2024-07-01","5021117.47","90674473.17","669055.75","10167996.50","","81175532.42"
"011150","4","2024-12-31","10520474","202000024891","2024-10-01","5021117.47","81175532.42","358302.15","10707345.41","","70826489.16"
"011150","6","2024-12-31","10520474","202000024891","2024-01-01","5480000.00","157046932.18","40230225.37","126450668.39","","70826489.16"
"011150","1","2025-03-31","10520474","202000024891","2025-01-01","5021117.47","70826489.16","355508.33","11562789.04","","59619208.45"
"011150","2","2025-06-30","10520474","202000024891","2025-04-01","5021117.47","59619208.45","382530.08","5435076.17","","54566662.36"
"011150","5","2025-06-30","10520474","202000024891","2025-01-01","5480000.00","70826489.16","738038.41","16997865.21","","54566662.36"
"011150","3","2025-09-30","10520474","202000024891","2025-07-01","5021117.47","54566662.36","414035.56","36738807.93","","18241889.99"
"011150","4","2025-12-31","10520474","202000024891","2025-10-01","5021117.47","18241889.99","83700.66","9283196.75","","9042393.90"
"011150","6","2025-12-31","10520474","202000024891","2025-01-01","5480000.00","70826489.16","1235774.63","63019869.89","","9042393.90"
"012387","3","2021-09-30","10544288","202000028573","2021-07-20","144677414.89","144677414.89","","","","144677414.89"
"012387","4","2021-12-31","10544288","202000028573","2021-10-01","144677414.89","144677414.89","2611088.07","79897972.05","","67390530.91"
"012387","6","2021-12-31","10544288","202000028573","2021-07-20","144677414.89","144677414.89","2611088.07","79897972.05","","67390530.91"
"012387","1","2022-03-31","10544288","202000028573","2022-01-01","144677414.89","67390530.91","1324284.26","4004780.22","","64710034.95"
"012387","2","2022-06-30","10544288","202000028573","2022-04-01","144677414.89","64710034.95","823137.66","2385607.33","","63147565.28"
"012387","5","2022-06-30","10544288","202000028573","2022-01-01","144677414.89","67390530.91","2147421.92","6390387.55","","63147565.28"
"012387","3","2022-09-30","10544288","202000028573","2022-07-01","144677414.89","63147565.28","555192.63","4479469.61","","59223288.30"
"012387","4","2022-12-31","10544288","202000028573","2022-10-01","144677414.89","59223288.30","514921.44","1283083.65","","58455126.09"
"012387","6","2022-12-31","10544288","202000028573","2022-01-01","144677414.89","67390530.91","3217535.99","12152940.81","","58455126.09"
"012387","1","2023-03-31","10544288","202000028573","2023-01-01","144677414.89","58455126.09","248265.15","2420058.46","","56283332.78"
"012387","2","2023-06-30","10544288","202000028573","2023-04-01","144677414.89","56283332.78","504218.38","2374578.93","","54412972.23"
"012387","5","2023-06-30","10544288","202000028573","2023-01-01","144677414.89","58455126.09","752483.53","4794637.39","","54412972.23"
"012387","3","2023-09-30","10544288","202000028573","2023-07-01","144677414.89","54412972.23","1622473.19","1151686.23","","54883759.19"
"012387","4","2023-12-31","10544288","202000028573","2023-10-01","144677414.89","54883759.19","485222.18","12843703.71","","42525277.66"
"012387","6","2023-12-31","10544288","202000028573","2023-01-01","144677414.89","58455126.09","2860178.90","18790027.33","","42525277.66"
"012387","1","2024-03-31","10544288","202000028573","2024-01-01","144677414.89","42525277.66","696143.13","1173267.38","","42048153.41"
"012387","2","2024-06-30","10544288","202000028573","2024-04-01","144677414.89","42048153.41","627320.88","2714794.69","","39960679.60"
"012387","5","2024-06-30","10544288","202000028573","2024-01-01","144677414.89","42525277.66","1323464.01","3888062.07","","39960679.60"
"012387","3","2024-09-30","10544288","202000028573","2024-07-01","144677414.89","39960679.60","97140.22","1921611.96","","38136207.86"
"012387","4","2024-12-31","10544288","202000028573","2024-10-01","144677414.89","38136207.86","412611.39","1433925.01","","37114894.24"
"012387","6","2024-12-31","10544288","202000028573","2024-01-01","144677414.89","42525277.66","1833215.62","7243599.04","","37114894.24"
"012387","1","2025-03-31","10544288","202000028573","2025-01-01","144677414.89","37114894.24","87781.35","2645960.62","","34556714.97"
"012387","2","2025-06-30","10544288","202000028573","2025-04-01","144677414.89","34556714.97","124905.07","1698806.18","","32982813.86"
"012387","5","2025-06-30","10544288","202000028573","2025-01-01","144677414.89","37114894.24","212686.42","4344766.80","","32982813.86"
"012387","3","2025-09-30","10544288","202000028573","2025-07-01","144677414.89","32982813.86","265396.72","4156261.01","","29091949.57"
"012387","4","2025-12-31","10544288","202000028573","2025-10-01","144677414.89","29091949.57","83452.11","3140584.86","","26034816.82"
"012387","6","2025-12-31","10544288","202000028573","2025-01-01","144677414.89","37114894.24","561535.25","11641612.67","","26034816.82"
"012388","3","2021-09-30","10544288","202000028574","2021-07-20","234590800.36","234590800.36","","","","234590800.36"
"012388","4","2021-12-31","10544288","202000028574","2021-10-01","144677414.89","234590800.36","29153608.17","135941373.53","","127803035.00"
"012388","6","2021-12-31","10544288","202000028574","2021-07-20","234590800.36","234590800.36","29153608.17","135941373.53","","127803035.00"
"012388","1","2022-03-31","10544288","202000028574","2022-01-01","144677414.89","127803035.00","11511539.04","23523004.45","","115791569.59"
"012388","2","2022-06-30","10544288","202000028574","2022-04-01","144677414.89","115791569.59","3410329.09","7662611.12","","111539287.56"
"012388","5","2022-06-30","10544288","202000028574","2022-01-01","234590800.36","127803035.00","14921868.13","31185615.57","","111539287.56"
"012388","3","2022-09-30","10544288","202000028574","2022-07-01","144677414.89","111539287.56","2284910.03","8581395.55","","105242802.04"
"012388","4","2022-12-31","10544288","202000028574","2022-10-01","144677414.89","105242802.04","2224188.10","3637469.35","","103829520.79"
"012388","6","2022-12-31","10544288","202000028574","2022-01-01","234590800.36","127803035.00","19430966.26","43404480.47","","103829520.79"
"012388","1","2023-03-31","10544288","202000028574","2023-01-01","144677414.89","103829520.79","1642755.69","5697030.24","","99775246.24"
"012388","2","2023-06-30","10544288","202000028574","2023-04-01","144677414.89","99775246.24","3855263.29","8599329.78","","95031179.75"
"012388","5","2023-06-30","10544288","202000028574","2023-01-01","234590800.36","103829520.79","5498018.98","14296360.02","","95031179.75"
"012388","3","2023-09-30","10544288","202000028574","2023-07-01","144677414.89","95031179.75","3708434.60","10353051.02","","88386563.33"
"012388","4","2023-12-31","10544288","202000028574","2023-10-01","144677414.89","88386563.33","3903203.31","5416362.18","","86873404.46"
"012388","6","2023-12-31","10544288","202000028574","2023-01-01","234590800.36","103829520.79","13109656.89","30065773.22","","86873404.46"
"012388","1","2024-03-31","10544288","202000028574","2024-01-01","144677414.89","86873404.46","5860654.45","7780974.21","","84953084.70"
"012388","2","2024-06-30","10544288","202000028574","2024-04-01","144677414.89","84953084.70","4667640.77","6599143.19","","83021582.28"
"012388","5","2024-06-30","10544288","202000028574","2024-01-01","234590800.36","86873404.46","10528295.22","14380117.40","","83021582.28"
"012388","3","2024-09-30","10544288","202000028574","2024-07-01","144677414.89","83021582.28","1331581.74","5363649.30","","78989514.72"
"012388","4","2024-12-31","10544288","202000028574","2024-10-01","144677414.89","78989514.72","1399908.02","6993008.59","","73396414.15"
"012388","6","2024-12-31","10544288","202000028574","2024-01-01","234590800.36","86873404.46","13259784.98","26736775.29","","73396414.15"
"012388","1","2025-03-31","10544288","202000028574","2025-01-01","144677414.89","73396414.15","374444.06","4286431.74","","69484426.47"
"012388","2","2025-06-30","10544288","202000028574","2025-04-01","144677414.89","69484426.47","7424021.75","3458705.26","","73449742.96"
"012388","5","2025-06-30","10544288","202000028574","2025-01-01","234590800.36","73396414.15","7798465.81","7745137.00","","73449742.96"
"012388","3","2025-09-30","10544288","202000028574","2025-07-01","144677414.89","73449742.96","732943.64","17679851.15","","56502835.45"
"012388","4","2025-12-31","10544288","202000028574","2025-10-01","144677414.89","56502835.45","396660.55","3129164.40","","53770331.60"
"012388","6","2025-12-31","10544288","202000028574","2025-01-01","234590800.36","73396414.15","8928070.00","28554152.55","","53770331.60"
"012811","3","2021-09-30","10459360","202000029534","2021-07-01","316856306.97","","1796578.71","1589008.08","","207570.63"
"012811","4","2021-12-31","10459360","202000029534","2021-10-01","316856306.97","207570.63","875633.90","999256.94","","83947.59"
"012811","6","2021-12-31","10459360","202000029534","2021-01-01","","","2672212.61","2588265.02","","83947.59"
"012811","1","2022-03-31","10459360","202000029534","2022-01-01","316856306.97","83947.59","104442.40","67688.03","","120701.96"
"012811","2","2022-06-30","10459360","202000029534","2022-04-01","316856306.97","120701.96","2057402.39","1775941.47","","402162.88"
"012811","5","2022-06-30","10459360","202000029534","2022-01-01","","83947.59","2161844.79","1843629.50","","402162.88"
"012811","3","2022-09-30","10459360","202000029534","2022-07-01","316856306.97","402162.88","10449091.67","1642496.98","","9208757.57"
"012811","4","2022-12-31","10459360","202000029534","2022-10-01","316856306.97","9208757.57","1609959.79","7146683.10","","3672034.26"
"012811","6","2022-12-31","10459360","202000029534","2022-01-01","","83947.59","14220896.25","10632809.58","","3672034.26"
"012811","1","2023-03-31","10459360","202000029534","2023-01-01","316856306.97","3672034.26","385049.59","334992.34","","3722091.51"
"012811","2","2023-06-30","10459360","202000029534","2023-04-01","316856306.97","3722091.51","16530672.82","19619061.33","","633703.00"
"012811","5","2023-06-30","10459360","202000029534","2023-01-01","","3672034.26","16915722.41","19954053.67","","633703.00"
"012811","3","2023-09-30","10459360","202000029534","2023-07-01","316856306.97","633703.00","18840489.35","18736605.16","","737587.19"
"012854","2","2022-06-30","10574812","202000035272","2022-04-01","28034070.18","28032395.37","26138.37","7477.89","","28051055.85"
"012854","5","2022-06-30","10574812","202000035272","2022-03-15","28034070.18","28034070.18","27157.49","10171.82","","28051055.85"
"012854","3","2022-09-30","10574812","202000035272","2022-07-01","28034070.18","28051055.85","13062528.50","25004.72","","41088579.63"
"012854","4","2022-12-31","10574812","202000035272","2022-10-01","28034070.18","41088579.63","20913.58","6163.36","","41103329.85"
"012854","6","2022-12-31","10574812","202000035272","2022-03-15","28034070.18","28034070.18","13110599.57","41339.90","","41103329.85"
"012854","1","2023-03-31","10574812","202000035272","2023-01-01","28034070.18","41103329.85","9046143.91","20347.64","","50129126.12"
"012854","2","2023-06-30","10574812","202000035272","2023-04-01","28034070.18","50129126.12","27950.54","18059.85","","50139016.81"
"012854","5","2023-06-30","10574812","202000035272","2023-01-01","28034070.18","41103329.85","9074094.45","38407.49","","50139016.81"
"012854","3","2023-09-30","10574812","202000035272","2023-07-01","28034070.18","50139016.81","7639827.49","8414.17","","57770430.13"
"012854","4","2023-12-31","10574812","202000035272","2023-10-01","28034070.18","57770430.13","5057.31","1728.16","","57773759.28"
"012854","6","2023-12-31","10574812","202000035272","2023-01-01","28034070.18","41103329.85","16718979.25","48549.82","","57773759.28"
"012854","1","2024-03-31","10574812","202000035272","2024-01-01","28034070.18","57773759.28","30042.61","6583.86","","57797218.03"
"012854","2","2024-06-30","10574812","202000035272","2024-04-01","28034070.18","57797218.03","17173.19","61582.70","","57752808.52"
"012854","5","2024-06-30","10574812","202000035272","2024-01-01","28034070.18","57773759.28","47215.80","68166.56","","57752808.52"
"012854","3","2024-09-30","10574812","202000035272","2024-07-01","28034070.18","57752808.52","33688.96","16397.54","","57770099.94"
"012854","4","2024-12-31","10574812","202000035272","2024-10-01","28034070.18","57770099.94","671824.23","10429053.79","","48012870.38"
"012854","6","2024-12-31","10574812","202000035272","2024-01-01","28034070.18","57773759.28","752728.99","10513617.89","","48012870.38"
"012854","1","2025-03-31","10574812","202000035272","2025-01-01","28034070.18","48012870.38","218540.07","473094.51","","47758315.94"
"012854","2","2025-06-30","10574812","202000035272","2025-04-01","28034070.18","47758315.94","105560.35","147766.92","","47716109.37"
"012854","5","2025-06-30","10574812","202000035272","2025-01-01","28034070.18","48012870.38","324100.42","620861.43","","47716109.37"
"012854","3","2025-09-30","10574812","202000035272","2025-07-01","28034070.18","47716109.37","156001.74","177299.63","","47694811.48"
"012854","4","2025-12-31","10574812","202000035272","2025-10-01","28034070.18","47694811.48","84581.97","4288801.86","","43490591.59"
"012854","6","2025-12-31","10574812","202000035272","2025-01-01","28034070.18","48012870.38","564684.13","5086962.92","","43490591.59"
"012855","2","2022-06-30","10574812","202000035273","2022-04-01","28034070.18","28164.22","25249931.59","25239103.90","","38991.91"
"012855","5","2022-06-30","10574812","202000035273","2022-03-15","180022612.33","180022612.33","25465993.24","205449613.66","","38991.91"
"012855","3","2022-09-30","10574812","202000035273","2022-07-01","28034070.18","38991.91","14572851.14","14569303.16","","42539.89"
"012855","4","2022-12-31","10574812","202000035273","2022-10-01","28034070.18","42539.89","12507009.00","12361147.82","","188401.07"
"012855","6","2022-12-31","10574812","202000035273","2022-03-15","180022612.33","180022612.33","52545853.38","232380064.64","","188401.07"
"012855","1","2023-03-31","10574812","202000035273","2023-01-01","28034070.18","188401.07","11206326.45","11180811.54","","213915.98"
"012855","2","2023-06-30","10574812","202000035273","2023-04-01","28034070.18","213915.98","3658604.64","87852.42","","3784668.20"
"012855","5","2023-06-30","10574812","202000035273","2023-01-01","180022612.33","188401.07","14864931.09","11268663.96","","3784668.20"
"012855","3","2023-09-30","10574812","202000035273","2023-07-01","28034070.18","3784668.20","288367.63","3695488.59","","377547.24"
"012855","4","2023-12-31","10574812","202000035273","2023-10-01","28034070.18","377547.24","196585.51","198004.09","","376128.66"
"012855","6","2023-12-31","10574812","202000035273","2023-01-01","180022612.33","188401.07","15349884.23","15162156.64","","376128.66"
"012855","1","2024-03-31","10574812","202000035273","2024-01-01","28034070.18","376128.66","4694673.08","4717047.35","","353754.39"
"012855","2","2024-06-30","10574812","202000035273","2024-04-01","28034070.18","353754.39","79274.79","180898.00","","252131.18"
"012855","5","2024-06-30","10574812","202000035273","2024-01-01","180022612.33","376128.66","4773947.87","4897945.35","","252131.18"
"012855","3","2024-09-30","10574812","202000035273","2024-07-01","28034070.18","252131.18","2559914.44","1150844.42","","1661201.20"
"012855","4","2024-12-31","10574812","202000035273","2024-10-01","28034070.18","1661201.20","9141793.26","6336598.19","","4466396.27"
"012855","6","2024-12-31","10574812","202000035273","2024-01-01","180022612.33","376128.66","16475655.57","12385387.96","","4466396.27"
"012855","1","2025-03-31","10574812","202000035273","2025-01-01","28034070.18","4466396.27","4411154.32","6994623.89","","1882926.70"
"012855","2","2025-06-30","10574812","202000035273","2025-04-01","28034070.18","1882926.70","7866160.45","5721351.78","","4027735.37"
"012855","5","2025-06-30","10574812","202000035273","2025-01-01","180022612.33","4466396.27","12277314.77","12715975.67","","4027735.37"
"012855","3","2025-09-30","10574812","202000035273","2025-07-01","28034070.18","4027735.37","2285703.08","4748117.59","","1565320.86"
"012855","4","2025-12-31","10574812","202000035273","2025-10-01","28034070.18","1565320.86","4320753.01","4417002.44","","1469071.43"
"012855","6","2025-12-31","10574812","202000035273","2025-01-01","180022612.33","4466396.27","18883770.86","21881095.70","","1469071.43"
"013174","1","2022-03-31","10570468","202000033023","2022-01-01","281897092.08","128237729.30","1597088.64","32890121.47","","96944696.47"
"013174","2","2022-06-30","10570468","202000033023","2022-04-01","281897092.08","96944696.47","1990003.50","7417944.93","","91516755.04"
"013174","5","2022-06-30","10570468","202000033023","2022-01-01","281897092.08","128237729.30","3587092.14","40308066.40","","91516755.04"
"013174","3","2022-09-30","10570468","202000033023","2022-07-01","281897092.08","91516755.04","951355.31","9483890.44","","82984219.91"
"013174","4","2022-12-31","10570468","202000033023","2022-10-01","281897092.08","82984219.91","638272.32","3821897.67","","79800594.56"
"013174","6","2022-12-31","10570468","202000033023","2022-01-01","281897092.08","128237729.30","5176719.77","53613854.51","","79800594.56"
"013174","1","2023-03-31","10570468","202000033023","2023-01-01","281897092.08","79800594.56","645105.65","3779279.62","","76666420.59"
"013174","2","2023-06-30","10570468","202000033023","2023-04-01","281897092.08","76666420.59","721598.36","4267765.88","","73120253.07"
"013174","5","2023-06-30","10570468","202000033023","2023-01-01","281897092.08","79800594.56","1366704.01","8047045.50","","73120253.07"
"013174","3","2023-09-30","10570468","202000033023","2023-07-01","281897092.08","73120253.07","481608.34","3261540.20","","70340321.21"
"013174","4","2023-12-31","10570468","202000033023","2023-10-01","281897092.08","70340321.21","221308.66","5207473.54","","65354156.33"
"013174","6","2023-12-31","10570468","202000033023","2023-01-01","281897092.08","79800594.56","2069621.01","16516059.24","","65354156.33"
"013174","1","2024-03-31","10570468","202000033023","2024-01-01","281897092.08","65354156.33","389030.29","12839465.68","","52903720.94"
"013174","2","2024-06-30","10570468","202000033023","2024-04-01","281897092.08","52903720.94","23430656.46","32825647.37","","43508730.03"
"013174","5","2024-06-30","10570468","202000033023","2024-01-01","281897092.08","65354156.33","23819686.75","45665113.05","","43508730.03"
"013174","3","2024-09-30","10570468","202000033023","2024-07-01","281897092.08","43508730.03","22065823.06","3248069.43","","62326483.66"
"013174","4","2024-12-31","10570468","202000033023","2024-10-01","281897092.08","62326483.66","751514.39","8789830.28","","54288167.77"
"013174","6","2024-12-31","10570468","202000033023","2024-01-01","281897092.08","65354156.33","46637024.20","57703012.76","","54288167.77"
"013174","1","2025-03-31","10570468","202000033023","2025-01-01","281897092.08","54288167.77","177674.06","1989872.20","","52475969.63"
"013174","2","2025-06-30","10570468","202000033023","2025-04-01","281897092.08","52475969.63","5433949.53","5184932.00","","52724987.16"
"013174","5","2025-06-30","10570468","202000033023","2025-01-01","281897092.08","54288167.77","5611623.59","7174804.20","","52724987.16"
"013174","3","2025-09-30","10570468","202000033023","2025-07-01","281897092.08","52724987.16","1512412.62","13145859.66","","41091540.12"
"013174","4","2025-12-31","10570468","202000033023","2025-10-01","281897092.08","41091540.12","7468438.71","36931293.37","","11628685.46"
"013174","6","2025-12-31","10570468","202000033023","2025-01-01","281897092.08","54288167.77","14592474.92","57251957.23","","11628685.46"
"014123","3","2022-09-30","10588314","202000037908","2022-07-01","504809.12","504809.12","19.70","9907.03","","494921.79"
"014124","3","2022-09-30","10588314","202000037909","2022-07-01","504809.12","200297608.24","6610.47","200093874.86","","210343.85"
"014552","2","2022-06-30","10574681","202000035239","2022-04-01","999999000.00","999999000.00","","","","999999000.00"
"014552","5","2022-06-30","10574681","202000035239","2022-03-16","999999000.00","999999000.00","","","","999999000.00"
"014552","3","2022-09-30","10574681","202000035239","2022-07-01","999999000.00","999999000.00","","","","999999000.00"
"014552","4","2022-12-31","10574681","202000035239","2022-10-01","999999000.00","999999000.00","","","","999999000.00"
"014552","6","2022-12-31","10574681","202000035239","2022-03-16","999999000.00","999999000.00","","","","999999000.00"
"014552","1","2023-03-31","10574681","202000035239","2023-01-01","999999000.00","999999000.00","","","","999999000.00"
"014552","2","2023-06-30","10574681","202000035239","2023-04-01","999999000.00","999999000.00","","","","999999000.00"
"014552","5","2023-06-30","10574681","202000035239","2023-01-01","999999000.00","999999000.00","","","","999999000.00"
"014552","3","2023-09-30","10574681","202000035239","2023-07-01","999999000.00","999999000.00","","","","999999000.00"
"014552","4","2023-12-31","10574681","202000035239","2023-10-01","999999000.00","999999000.00","","","","999999000.00"
"014552","6","2023-12-31","10574681","202000035239","2023-01-01","999999000.00","999999000.00","","","","999999000.00"
"014552","1","2024-03-31","10574681","202000035239","2024-01-01","999999000.00","999999000.00","","","","999999000.00"
"014552","2","2024-06-30","10574681","202000035239","2024-04-01","999999000.00","999999000.00","","","","999999000.00"
"014552","5","2024-06-30","10574681","202000035239","2024-01-01","999999000.00","999999000.00","","","","999999000.00"
"014552","3","2024-09-30","10574681","202000035239","2024-07-01","999999000.00","999999000.00","","","","999999000.00"
"014552","4","2024-12-31","10574681","202000035239","2024-10-01","999999000.00","999999000.00","","","","999999000.00"
"014552","6","2024-12-31","10574681","202000035239","2024-01-01","999999000.00","999999000.00","","","","999999000.00"
"014552","1","2025-03-31","10574681","202000035239","2025-01-01","999999000.00","999999000.00","751.48","","","999999751.48"
"014552","2","2025-06-30","10574681","202000035239","2025-04-01","999999000.00","999999751.48","804.52","","","1000000556.00"
"014552","5","2025-06-30","10574681","202000035239","2025-01-01","999999000.00","999999000.00","1556.00","","","1000000556.00"
"014552","3","2025-09-30","10574681","202000035239","2025-07-01","999999000.00","1000000556.00","","","","1000000556.00"
"014552","4","2025-12-31","10574681","202000035239","2025-10-01","999999000.00","1000000556.00","","","","1000000556.00"
"014552","6","2025-12-31","10574681","202000035239","2025-01-01","999999000.00","999999000.00","1556.00","","","1000000556.00"
"014553","2","2022-06-30","10574681","202000035240","2022-04-01","999999000.00","10000000.00","","","","10000000.00"
"014553","5","2022-06-30","10574681","202000035240","2022-03-16","10000000.00","10000000.00","","","","10000000.00"
"014553","3","2022-09-30","10574681","202000035240","2022-07-01","999999000.00","10000000.00","","","","10000000.00"
"014553","4","2022-12-31","10574681","202000035240","2022-10-01","999999000.00","10000000.00","","","","10000000.00"
"014553","6","2022-12-31","10574681","202000035240","2022-03-16","10000000.00","10000000.00","","","","10000000.00"
"014553","1","2023-03-31","10574681","202000035240","2023-01-01","999999000.00","10000000.00","","","","10000000.00"
"014553","2","2023-06-30","10574681","202000035240","2023-04-01","999999000.00","10000000.00","","","","10000000.00"
"014553","5","2023-06-30","10574681","202000035240","2023-01-01","10000000.00","10000000.00","","","","10000000.00"
"014553","3","2023-09-30","10574681","202000035240","2023-07-01","999999000.00","10000000.00","","","","10000000.00"
"014553","4","2023-12-31","10574681","202000035240","2023-10-01","999999000.00","10000000.00","","","","10000000.00"
"014553","6","2023-12-31","10574681","202000035240","2023-01-01","10000000.00","10000000.00","","","","10000000.00"
"014553","1","2024-03-31","10574681","202000035240","2024-01-01","999999000.00","10000000.00","","","","10000000.00"
"014553","2","2024-06-30","10574681","202000035240","2024-04-01","999999000.00","10000000.00","","","","10000000.00"
"014553","5","2024-06-30","10574681","202000035240","2024-01-01","10000000.00","10000000.00","","","","10000000.00"
"014553","3","2024-09-30","10574681","202000035240","2024-07-01","999999000.00","10000000.00","","","","10000000.00"
"014553","4","2024-12-31","10574681","202000035240","2024-10-01","999999000.00","10000000.00","","","","10000000.00"
"014553","6","2024-12-31","10574681","202000035240","2024-01-01","10000000.00","10000000.00","","","","10000000.00"
"014553","1","2025-03-31","10574681","202000035240","2025-01-01","999999000.00","10000000.00","728.44","","","10000728.44"
"014553","2","2025-06-30","10574681","202000035240","2025-04-01","999999000.00","10000728.44","97.49","","","10000825.93"
"014553","5","2025-06-30","10574681","202000035240","2025-01-01","10000000.00","10000000.00","825.93","","","10000825.93"
"014553","3","2025-09-30","10574681","202000035240","2025-07-01","999999000.00","10000825.93","","","","10000825.93"
"014553","4","2025-12-31","10574681","202000035240","2025-10-01","999999000.00","10000825.93","","","","10000825.93"
"014553","6","2025-12-31","10574681","202000035240","2025-01-01","10000000.00","10000000.00","825.93","","","10000825.93"
"014634","3","2022-09-30","10590358","202000038775","2022-07-01","144569111.60","144569111.60","42170.51","7284185.02","","137327097.09"
"014634","4","2022-12-31","10590358","202000038775","2022-10-01","144569111.60","137327097.09","113870.73","11482511.47","","125958456.35"
"014634","6","2022-12-31","10590358","202000038775","2022-06-06","144569111.60","144569111.60","156041.24","18766696.49","","125958456.35"
"014634","1","2023-03-31","10590358","202000038775","2023-01-01","144569111.60","125958456.35","1178745.85","11933290.46","","115203911.74"
"014634","2","2023-06-30","10590358","202000038775","2023-04-01","144569111.60","115203911.74","386996.14","8964627.13","","106626280.75"
"014634","5","2023-06-30","10590358","202000038775","2023-01-01","144569111.60","125958456.35","1565741.99","20897917.59","","106626280.75"
"014634","3","2023-09-30","10590358","202000038775","2023-07-01","144569111.60","106626280.75","55034.58","7449388.37","","99231926.96"
"014634","4","2023-12-31","10590358","202000038775","2023-10-01","144569111.60","99231926.96","75708.54","6692833.72","","92614801.78"
"014634","6","2023-12-31","10590358","202000038775","2023-01-01","144569111.60","125958456.35","1696485.11","35040139.68","","92614801.78"
"014634","1","2024-03-31","10590358","202000038775","2024-01-01","144569111.60","92614801.78","58325.76","19552343.03","","73120784.51"
"014634","2","2024-06-30","10590358","202000038775","2024-04-01","144569111.60","73120784.51","62046.39","3210541.37","","69972289.53"
"014634","5","2024-06-30","10590358","202000038775","2024-01-01","144569111.60","92614801.78","120372.15","22762884.40","","69972289.53"
"014634","3","2024-09-30","10590358","202000038775","2024-07-01","144569111.60","69972289.53","65012.67","1903235.27","","68134066.93"
"014634","4","2024-12-31","10590358","202000038775","2024-10-01","144569111.60","68134066.93","670643.85","4065633.48","","64739077.30"
"014634","6","2024-12-31","10590358","202000038775","2024-01-01","144569111.60","92614801.78","856028.67","28731753.15","","64739077.30"
"014634","1","2025-03-31","10590358","202000038775","2025-01-01","144569111.60","64739077.30","245528.09","2528977.43","","62455627.96"
"014634","2","2025-06-30","10590358","202000038775","2025-04-01","144569111.60","62455627.96","39928.77","2094496.70","","60401060.03"
"014634","5","2025-06-30","10590358","202000038775","2025-01-01","144569111.60","64739077.30","285456.86","4623474.13","","60401060.03"
"014634","3","2025-09-30","10590358","202000038775","2025-07-01","144569111.60","60401060.03","6488649.41","30865472.02","","36024237.42"
"014634","4","2025-12-31","10590358","202000038775","2025-10-01","144569111.60","36024237.42","1672827.42","12170078.65","","25526986.19"
"014634","6","2025-12-31","10590358","202000038775","2025-01-01","144569111.60","64739077.30","8446933.69","47659024.80","","25526986.19"
"014635","3","2022-09-30","10590358","202000038776","2022-07-01","144569111.60","71242029.80","84328.66","30643838.96","","40682519.50"
"014635","4","2022-12-31","10590358","202000038776","2022-10-01","144569111.60","40682519.50","37020.48","1983595.61","","38735944.37"
"014635","6","2022-12-31","10590358","202000038776","2022-06-06","71242029.80","71242029.80","121349.14","32627434.57","","38735944.37"
"014635","1","2023-03-31","10590358","202000038776","2023-01-01","144569111.60","38735944.37","23421.01","341154.09","","38418211.29"
"014635","2","2023-06-30","10590358","202000038776","2023-04-01","144569111.60","38418211.29","9985.73","2922787.46","","35505409.56"
"014635","5","2023-06-30","10590358","202000038776","2023-01-01","71242029.80","38735944.37","33406.74","3263941.55","","35505409.56"
"014635","3","2023-09-30","10590358","202000038776","2023-07-01","144569111.60","35505409.56","314762.63","385053.59","","35435118.60"
"014635","4","2023-12-31","10590358","202000038776","2023-10-01","144569111.60","35435118.60","137571.05","2330507.49","","33242182.16"
"014635","6","2023-12-31","10590358","202000038776","2023-01-01","71242029.80","38735944.37","485740.42","5979502.63","","33242182.16"
"014635","1","2024-03-31","10590358","202000038776","2024-01-01","144569111.60","33242182.16","228081.23","289351.02","","33180912.37"
"014635","2","2024-06-30","10590358","202000038776","2024-04-01","144569111.60","33180912.37","21081.60","5907237.41","","27294756.56"
"014635","5","2024-06-30","10590358","202000038776","2024-01-01","71242029.80","33242182.16","249162.83","6196588.43","","27294756.56"
"014635","3","2024-09-30","10590358","202000038776","2024-07-01","144569111.60","27294756.56","20407.93","347391.65","","26967772.84"
"014635","4","2024-12-31","10590358","202000038776","2024-10-01","144569111.60","26967772.84","215071.18","1795111.93","","25387732.09"
"014635","6","2024-12-31","10590358","202000038776","2024-01-01","71242029.80","33242182.16","484641.94","8339092.01","","25387732.09"
"014635","1","2025-03-31","10590358","202000038776","2025-01-01","144569111.60","25387732.09","87905.27","553172.54","","24922464.82"
"014635","2","2025-06-30","10590358","202000038776","2025-04-01","144569111.60","24922464.82","29931.17","789377.10","","24163018.89"
"014635","5","2025-06-30","10590358","202000038776","2025-01-01","71242029.80","25387732.09","117836.44","1342549.64","","24163018.89"
"014635","3","2025-09-30","10590358","202000038776","2025-07-01","144569111.60","24163018.89","88205.01","8560378.57","","15690845.33"
"014635","4","2025-12-31","10590358","202000038776","2025-10-01","144569111.60","15690845.33","23474364.75","13847314.45","","25317895.63"
"014635","6","2025-12-31","10590358","202000038776","2025-01-01","71242029.80","25387732.09","23680406.20","23750242.66","","25317895.63"
"014922","2","2022-06-30","10583792","202000036341","2022-04-01","194929147.69","195068591.03","1595408.23","","","196663999.26"
"014922","5","2022-06-30","10583792","202000036341","2022-03-09","194929147.69","194929147.69","1734851.57","","","196663999.26"
"014922","3","2022-09-30","10583792","202000036341","2022-07-01","194929147.69","196663999.26","492329.72","","","197156328.98"
"014922","4","2022-12-31","10583792","202000036341","2022-10-01","194929147.69","197156328.98","221759.18","","","197378088.16"
"014922","6","2022-12-31","10583792","202000036341","2022-03-09","194929147.69","194929147.69","2448940.47","","","197378088.16"
"014922","1","2023-03-31","10583792","202000036341","2023-01-01","194929147.69","197378088.16","331128.30","7594925.44","","190114291.02"
"014922","2","2023-06-30","10583792","202000036341","2023-04-01","194929147.69","190114291.02","257716.63","13775627.83","","176596379.82"
"014922","5","2023-06-30","10583792","202000036341","2023-01-01","194929147.69","197378088.16","588844.93","21370553.27","","176596379.82"
"014922","3","2023-09-30","10583792","202000036341","2023-07-01","194929147.69","176596379.82","1454650.72","7934046.14","","170116984.40"
"014922","4","2023-12-31","10583792","202000036341","2023-10-01","194929147.69","170116984.40","162558.60","7334661.81","","162944881.19"
"014922","6","2023-12-31","10583792","202000036341","2023-01-01","194929147.69","197378088.16","2206054.25","36639261.22","","162944881.19"
"014922","1","2024-03-31","10583792","202000036341","2024-01-01","194929147.69","162944881.19","50109.43","7364131.17","","155630859.45"
"014922","2","2024-06-30","10583792","202000036341","2024-04-01","194929147.69","155630859.45","39418.83","4336642.48","","151333635.80"
"014922","5","2024-06-30","10583792","202000036341","2024-01-01","194929147.69","162944881.19","89528.26","11700773.65","","151333635.80"
"014922","3","2024-09-30","10583792","202000036341","2024-07-01","194929147.69","151333635.80","119983.90","4831553.51","","146622066.19"
"014922","4","2024-12-31","10583792","202000036341","2024-10-01","194929147.69","146622066.19","239125.54","4848449.13","","142012742.60"
"014922","6","2024-12-31","10583792","202000036341","2024-01-01","194929147.69","162944881.19","448637.70","21380776.29","","142012742.60"
"014922","1","2025-03-31","10583792","202000036341","2025-01-01","194929147.69","142012742.60","90149.15","10029270.26","","132073621.49"
"014922","2","2025-06-30","10583792","202000036341","2025-04-01","194929147.69","132073621.49","54520.86","4023654.20","","128104488.15"
"014922","5","2025-06-30","10583792","202000036341","2025-01-01","194929147.69","142012742.60","144670.01","14052924.46","","128104488.15"
"014922","3","2025-09-30","10583792","202000036341","2025-07-01","194929147.69","128104488.15","2397966.97","51999809.51","","78502645.61"
"014922","4","2025-12-31","10583792","202000036341","2025-10-01","194929147.69","78502645.61","275548.82","21858929.77","","56919264.66"
"014922","6","2025-12-31","10583792","202000036341","2025-01-01","194929147.69","142012742.60","2818185.80","87911663.74","","56919264.66"
"014923","2","2022-06-30","10583792","202000036342","2022-04-01","194929147.69","13062661.16","360094.16","","","13422755.32"
"014923","5","2022-06-30","10583792","202000036342","2022-03-09","12791508.87","12791508.87","631246.45","","","13422755.32"
"014923","3","2022-09-30","10583792","202000036342","2022-07-01","194929147.69","13422755.32","159460.46","","","13582215.78"
"014923","4","2022-12-31","10583792","202000036342","2022-10-01","194929147.69","13582215.78","153271.39","","","13735487.17"
"014923","6","2022-12-31","10583792","202000036342","2022-03-09","12791508.87","12791508.87","943978.30","","","13735487.17"
"014923","1","2023-03-31","10583792","202000036342","2023-01-01","194929147.69","13735487.17","53747.06","1511721.05","","12277513.18"
"014923","2","2023-06-30","10583792","202000036342","2023-04-01","194929147.69","12277513.18","64608.57","726879.01","","11615242.74"
"014923","5","2023-06-30","10583792","202000036342","2023-01-01","194929147.69","13735487.17","118355.63","2238600.06","","11615242.74"
"014923","3","2023-09-30","10583792","202000036342","2023-07-01","194929147.69","11615242.74","30325.60","538122.30","","11107446.04"
"014923","4","2023-12-31","10583792","202000036342","2023-10-01","194929147.69","11107446.04","20975.58","3240131.05","","7888290.57"
"014923","6","2023-12-31","10583792","202000036342","2023-01-01","12791508.87","13735487.17","169656.81","6016853.41","","7888290.57"
"014923","1","2024-03-31","10583792","202000036342","2024-01-01","194929147.69","7888290.57","116169.54","297967.60","","7706492.51"
"014923","2","2024-06-30","10583792","202000036342","2024-04-01","194929147.69","7706492.51","20338.60","238377.52","","7488453.59"
"014923","5","2024-06-30","10583792","202000036342","2024-01-01","12791508.87","7888290.57","136508.14","536345.12","","7488453.59"
"014923","3","2024-09-30","10583792","202000036342","2024-07-01","194929147.69","7488453.59","109408.44","624449.80","","6973412.23"
"014923","4","2024-12-31","10583792","202000036342","2024-10-01","194929147.69","6973412.23","160024.45","168542.58","","6964894.10"
"014923","6","2024-12-31","10583792","202000036342","2024-01-01","12791508.87","7888290.57","405941.03","1329337.50","","6964894.10"
"014923","1","2025-03-31","10583792","202000036342","2025-01-01","194929147.69","6964894.10","25474.14","359712.42","","6630655.82"
"014923","2","2025-06-30","10583792","202000036342","2025-04-01","194929147.69","6630655.82","167423.86","48988.63","","6749091.05"
"014923","5","2025-06-30","10583792","202000036342","2025-01-01","12791508.87","6964894.10","192898.00","408701.05","","6749091.05"
"014923","3","2025-09-30","10583792","202000036342","2025-07-01","194929147.69","6749091.05","28890.15","1235322.85","","5542658.35"
"014923","4","2025-12-31","10583792","202000036342","2025-10-01","194929147.69","5542658.35","17265.48","773250.47","","4786673.36"
"014923","6","2025-12-31","10583792","202000036342","2025-01-01","12791508.87","6964894.10","239053.63","2417274.37","","4786673.36"
"015102","2","2022-06-30","10585359","202000036859","2022-04-01","434947942.42","434947942.42","3581526.07","23643127.96","","414886340.53"
"015102","5","2022-06-30","10585359","202000036859","2022-03-02","434947942.42","434947942.42","3581526.07","23643127.96","","414886340.53"
"015102","3","2022-09-30","10585359","202000036859","2022-07-01","434947942.42","414886340.53","18110852.83","61531483.15","","371465710.21"
"015102","4","2022-12-31","10585359","202000036859","2022-10-01","434947942.42","371465710.21","5384986.71","11999106.02","","364851590.90"
"015102","6","2022-12-31","10585359","202000036859","2022-03-02","434947942.42","434947942.42","27077365.61","97173717.13","","364851590.90"
"015102","1","2023-03-31","10585359","202000036859","2023-01-01","434947942.42","364851590.90","9289386.30","8847837.03","","365293140.17"
"015102","2","2023-06-30","10585359","202000036859","2023-04-01","434947942.42","365293140.17","17239968.04","11675990.68","","370857117.53"
"015102","5","2023-06-30","10585359","202000036859","2023-01-01","434947942.42","364851590.90","26529354.34","20523827.71","","370857117.53"
"015102","3","2023-09-30","10585359","202000036859","2023-07-01","434947942.42","370857117.53","5408178.22","13568675.48","","362696620.27"
"015102","4","2023-12-31","10585359","202000036859","2023-10-01","434947942.42","362696620.27","2913093.76","13850284.53","","351759429.50"
"015102","6","2023-12-31","10585359","202000036859","2023-01-01","434947942.42","364851590.90","34850626.32","47942787.72","","351759429.50"
"015102","1","2024-03-31","10585359","202000036859","2024-01-01","434947942.42","351759429.50","2275002.05","12210967.78","","341823463.77"
"015102","2","2024-06-30","10585359","202000036859","2024-04-01","434947942.42","341823463.77","589782.02","6310890.60","","336102355.19"
"015102","5","2024-06-30","10585359","202000036859","2024-01-01","434947942.42","351759429.50","2864784.07","18521858.38","","336102355.19"
"015102","3","2024-09-30","10585359","202000036859","2024-07-01","434947942.42","336102355.19","1296523.28","9480845.94","","327918032.53"
"015102","4","2024-12-31","10585359","202000036859","2024-10-01","434947942.42","327918032.53","3044534.87","13290013.09","","317672554.31"
"015102","6","2024-12-31","10585359","202000036859","2024-01-01","434947942.42","351759429.50","7205842.22","41292717.41","","317672554.31"
"015102","1","2025-03-31","10585359","202000036859","2025-01-01","434947942.42","317672554.31","35468238.67","12598190.20","","340542602.78"
"015102","2","2025-06-30","10585359","202000036859","2025-04-01","434947942.42","340542602.78","17153772.40","12411276.81","","345285098.37"
"015102","5","2025-06-30","10585359","202000036859","2025-01-01","434947942.42","317672554.31","52622011.07","25009467.01","","345285098.37"
"015102","3","2025-09-30","10585359","202000036859","2025-07-01","434947942.42","345285098.37","17412263.43","98084537.07","","264612824.73"
"015102","4","2025-12-31","10585359","202000036859","2025-10-01","434947942.42","264612824.73","5244503.80","54158571.65","","215698756.88"
"015102","6","2025-12-31","10585359","202000036859","2025-01-01","434947942.42","317672554.31","75278778.30","177252575.73","","215698756.88"
"015103","2","2022-06-30","10585359","202000036858","2022-04-01","434947942.42","59995337.10","643310.12","10765485.10","","49873162.12"
"015103","5","2022-06-30","10585359","202000036858","2022-03-02","59995337.10","59995337.10","643310.12","10765485.10","","49873162.12"
"015103","3","2022-09-30","10585359","202000036858","2022-07-01","434947942.42","49873162.12","6561770.23","8556311.13","","47878621.22"
"015103","4","2022-12-31","10585359","202000036858","2022-10-01","434947942.42","47878621.22","2765948.92","1771662.28","","48872907.86"
"015103","6","2022-12-31","10585359","202000036858","2022-03-02","59995337.10","59995337.10","9971029.27","21093458.51","","48872907.86"
"015103","1","2023-03-31","10585359","202000036858","2023-01-01","434947942.42","48872907.86","7350612.70","3454636.28","","52768884.28"
"015103","2","2023-06-30","10585359","202000036858","2023-04-01","434947942.42","52768884.28","2230870.72","2327407.91","","52672347.09"
"015103","5","2023-06-30","10585359","202000036858","2023-01-01","59995337.10","48872907.86","9581483.42","5782044.19","","52672347.09"
"015103","3","2023-09-30","10585359","202000036858","2023-07-01","434947942.42","52672347.09","2004489.03","2251628.12","","52425208.00"
"015103","4","2023-12-31","10585359","202000036858","2023-10-01","434947942.42","52425208.00","850439.35","3387636.09","","49888011.26"
"015103","6","2023-12-31","10585359","202000036858","2023-01-01","59995337.10","48872907.86","12436411.80","11421308.40","","49888011.26"
"015103","1","2024-03-31","10585359","202000036858","2024-01-01","434947942.42","49888011.26","1185200.64","2554589.01","","48518622.89"
"015103","2","2024-06-30","10585359","202000036858","2024-04-01","434947942.42","48518622.89","501876.08","1262783.97","","47757715.00"
"015103","5","2024-06-30","10585359","202000036858","2024-01-01","59995337.10","49888011.26","1687076.72","3817372.98","","47757715.00"
"015103","3","2024-09-30","10585359","202000036858","2024-07-01","434947942.42","47757715.00","935483.89","2369339.00","","46323859.89"
"015103","4","2024-12-31","10585359","202000036858","2024-10-01","434947942.42","46323859.89","1221795.55","4334982.12","","43210673.32"
"015103","6","2024-12-31","10585359","202000036858","2024-01-01","59995337.10","49888011.26","3844356.16","10521694.10","","43210673.32"
"015103","1","2025-03-31","10585359","202000036858","2025-01-01","434947942.42","43210673.32","44011556.35","19202972.35","","68019257.32"
"015103","2","2025-06-30","10585359","202000036858","2025-04-01","434947942.42","68019257.32","3002717.42","25838010.16","","45183964.58"
"015103","5","2025-06-30","10585359","202000036858","2025-01-01","59995337.10","43210673.32","47014273.77","45040982.51","","45183964.58"
"015103","3","2025-09-30","10585359","202000036858","2025-07-01","434947942.42","45183964.58","12036105.35","18348131.18","","38871938.75"
"015103","4","2025-12-31","10585359","202000036858","2025-10-01","434947942.42","38871938.75","1989262.66","7632332.04","","33228869.37"
"015103","6","2025-12-31","10585359","202000036858","2025-01-01","59995337.10","43210673.32","61039641.78","71021445.73","","33228869.37"
"015780","3","2022-09-30","10593047","202000039650","2022-07-01","359516214.93","359516214.93","631002.48","89327079.84","","270820137.57"
"015780","4","2022-12-31","10593047","202000039650","2022-10-01","359516214.93","270820137.57","391753.98","140108025.97","","131103865.58"
"015780","6","2022-12-31","10593047","202000039650","2022-06-24","359516214.93","359516214.93","1022756.46","229435105.81","","131103865.58"
"015780","1","2023-03-31","10593047","202000039650","2023-01-01","359516214.93","131103865.58","4552764.76","67998491.42","","67658138.92"
"015780","2","2023-06-30","10593047","202000039650","2023-04-01","359516214.93","67658138.92","1094746.07","9414178.26","","59338706.73"
"015780","5","2023-06-30","10593047","202000039650","2023-01-01","359516214.93","131103865.58","5647510.83","77412669.68","","59338706.73"
"015780","3","2023-09-30","10593047","202000039650","2023-07-01","359516214.93","59338706.73","340479.54","6621647.20","","53057539.07"
"015780","4","2023-12-31","10593047","202000039650","2023-10-01","359516214.93","53057539.07","81270.17","2857387.29","","50281421.95"
"015780","6","2023-12-31","10593047","202000039650","2023-01-01","359516214.93","131103865.58","6069260.54","86891704.17","","50281421.95"
"015780","1","2024-03-31","10593047","202000039650","2024-01-01","359516214.93","50281421.95","82142.42","1166012.27","","49197552.10"
"015780","2","2024-06-30","10593047","202000039650","2024-04-01","359516214.93","49197552.10","37653.94","2990763.67","","46244442.37"
"015780","5","2024-06-30","10593047","202000039650","2024-01-01","359516214.93","50281421.95","119796.36","4156775.94","","46244442.37"
"015780","3","2024-09-30","10593047","202000039650","2024-07-01","359516214.93","46244442.37","15993.22","846325.46","","45414110.13"
"015780","4","2024-12-31","10593047","202000039650","2024-10-01","359516214.93","45414110.13","43501.64","7191899.29","","38265712.48"
"015780","6","2024-12-31","10593047","202000039650","2024-01-01","359516214.93","50281421.95","179291.22","12195000.69","","38265712.48"
"015780","1","2025-03-31","10593047","202000039650","2025-01-01","359516214.93","38265712.48","401143.25","6817807.66","","31849048.07"
"015780","2","2025-06-30","10593047","202000039650","2025-04-01","359516214.93","31849048.07","2944352.75","3774218.03","","31019182.79"
"015780","5","2025-06-30","10593047","202000039650","2025-01-01","359516214.93","38265712.48","3345496.00","10592025.69","","31019182.79"
"015780","3","2025-09-30","10593047","202000039650","2025-07-01","359516214.93","31019182.79","408472.62","3988518.45","","27439136.96"
"015780","4","2025-12-31","10593047","202000039650","2025-10-01","359516214.93","27439136.96","132283.60","4066477.40","","23504943.16"
"015780","6","2025-12-31","10593047","202000039650","2025-01-01","359516214.93","38265712.48","3886252.22","18647021.54","","23504943.16"
"015781","3","2022-09-30","10593047","202000039651","2022-07-01","359516214.93","16205804.34","231300.83","7317780.12","","9119325.05"
"015781","4","2022-12-31","10593047","202000039651","2022-10-01","359516214.93","9119325.05","308835.01","5720132.21","","3708027.85"
"015781","6","2022-12-31","10593047","202000039651","2022-06-24","16205804.34","16205804.34","540135.84","13037912.33","","3708027.85"
"015781","1","2023-03-31","10593047","202000039651","2023-01-01","359516214.93","3708027.85","550640.16","2310657.80","","1948010.21"
"015781","2","2023-06-30","10593047","202000039651","2023-04-01","359516214.93","1948010.21","86740.76","128214.92","","1906536.05"
"015781","5","2023-06-30","10593047","202000039651","2023-01-01","16205804.34","3708027.85","637380.92","2438872.72","","1906536.05"
"015781","3","2023-09-30","10593047","202000039651","2023-07-01","359516214.93","1906536.05","263486.68","554045.74","","1615976.99"
"015781","4","2023-12-31","10593047","202000039651","2023-10-01","359516214.93","1615976.99","93432.32","192078.04","","1517331.27"
"015781","6","2023-12-31","10593047","202000039651","2023-01-01","16205804.34","3708027.85","994299.92","3184996.50","","1517331.27"
"015781","1","2024-03-31","10593047","202000039651","2024-01-01","359516214.93","1517331.27","36885.38","112190.34","","1442026.31"
"015781","2","2024-06-30","10593047","202000039651","2024-04-01","359516214.93","1442026.31","17540.98","234534.95","","1225032.34"
"015781","5","2024-06-30","10593047","202000039651","2024-01-01","16205804.34","1517331.27","54426.36","346725.29","","1225032.34"
"015781","3","2024-09-30","10593047","202000039651","2024-07-01","359516214.93","1225032.34","21682.93","108049.97","","1138665.30"
"015781","4","2024-12-31","10593047","202000039651","2024-10-01","359516214.93","1138665.30","409503.43","162717.29","","1385451.44"
"015781","6","2024-12-31","10593047","202000039651","2024-01-01","16205804.34","1517331.27","485612.72","617492.55","","1385451.44"
"015781","1","2025-03-31","10593047","202000039651","2025-01-01","359516214.93","1385451.44","122567.92","523943.22","","984076.14"
"015781","2","2025-06-30","10593047","202000039651","2025-04-01","359516214.93","984076.14","158876181.76","72436815.07","","87423442.83"
"015781","5","2025-06-30","10593047","202000039651","2025-01-01","359516214.93","1385451.44","158998749.68","72960758.29","","87423442.83"
"015781","3","2025-09-30","10593047","202000039651","2025-07-01","359516214.93","87423442.83","4536209.81","69904361.69","","22055290.95"
"015781","4","2025-12-31","10593047","202000039651","2025-10-01","359516214.93","22055290.95","106609.60","11992842.28","","10169058.27"
"015781","6","2025-12-31","10593047","202000039651","2025-01-01","16205804.34","1385451.44","163641569.09","154857962.26","","10169058.27"
"016512","1","2023-03-31","10604745","202000042693","2023-01-01","5981647574.48","5981647574.48","23323.44","3250886860.99","","2730784036.93"
"016512","2","2023-06-30","10604745","202000042693","2023-04-01","5981647574.48","2730784036.93","4907290.36","49724.99","","2735641602.30"
"016512","5","2023-06-30","10604745","202000042693","2023-01-01","5981647574.48","5981647574.48","4930613.80","3250936585.98","","2735641602.30"
"016512","3","2023-09-30","10604745","202000042693","2023-07-01","5981647574.48","2735641602.30","264106364.90","616439340.46","","2383308626.74"
"016512","4","2023-12-31","10604745","202000042693","2023-10-01","5981647574.48","2383308626.74","77721752.65","97954605.56","","2363075773.83"
"016512","6","2023-12-31","10604745","202000042693","2023-01-01","5981647574.48","5981647574.48","346758731.35","3965330532.00","","2363075773.83"
"016512","1","2024-03-31","10604745","202000042693","2024-01-01","5981647574.48","2363075773.83","96531.80","82628044.51","","2280544261.12"
"016512","2","2024-06-30","10604745","202000042693","2024-04-01","5981647574.48","2280544261.12","104671900.27","2.00","","2385216159.39"
"016512","5","2024-06-30","10604745","202000042693","2024-01-01","5981647574.48","2363075773.83","104768432.07","82628046.51","","2385216159.39"
"016512","3","2024-09-30","10604745","202000042693","2024-07-01","5981647574.48","2385216159.39","3777085.44","2847.71","","2388990397.12"
"016512","4","2024-12-31","10604745","202000042693","2024-10-01","5981647574.48","2388990397.12","","158644936.01","","2230345461.11"
"016512","6","2024-12-31","10604745","202000042693","2024-01-01","5981647574.48","2363075773.83","108545517.51","241275830.23","","2230345461.11"
"016512","1","2025-03-31","10604745","202000042693","2025-01-01","5981647574.48","2230345461.11","24446.09","99999716.64","","2130370190.56"
"016512","2","2025-06-30","10604745","202000042693","2025-04-01","5981647574.48","2130370190.56","92737642.59","1144.35","","2223106688.80"
"016512","5","2025-06-30","10604745","202000042693","2025-01-01","5981647574.48","2230345461.11","92762088.68","100000860.99","","2223106688.80"
"016512","3","2025-09-30","10604745","202000042693","2025-07-01","5981647574.48","2223106688.80","92.90","92738612.08","","2130368169.62"
"016512","4","2025-12-31","10604745","202000042693","2025-10-01","5981647574.48","2130368169.62","1370.16","200001361.75","","1930368178.03"
"016512","6","2025-12-31","10604745","202000042693","2025-01-01","5981647574.48","2230345461.11","92763551.74","392740834.82","","1930368178.03"
"016680","4","2022-12-31","10598636","202000041904","2022-10-25","87120640.18","87120640.18","20349480.64","65385531.86","","42084588.96"
"016680","6","2022-12-31","10598636","202000041904","2022-10-25","87120640.18","87120640.18","20349480.64","65385531.86","","42084588.96"
"016680","1","2023-03-31","10598636","202000041904","2023-01-01","87120640.18","42084588.96","11951243.52","31844256.51","","22191575.97"
"016680","2","2023-06-30","10598636","202000041904","2023-04-01","87120640.18","22191575.97","19691296.17","8527617.52","","33355254.62"
"016680","5","2023-06-30","10598636","202000041904","2023-01-01","87120640.18","42084588.96","31642539.69","40371874.03","","33355254.62"
"016680","3","2023-09-30","10598636","202000041904","2023-07-01","87120640.18","33355254.62","559856.70","5578987.40","","28336123.92"
"016680","4","2023-12-31","10598636","202000041904","2023-10-01","87120640.18","28336123.92","587695.36","2093139.32","","26830679.96"
"016680","6","2023-12-31","10598636","202000041904","2023-01-01","87120640.18","42084588.96","32790091.75","48044000.75","","26830679.96"
"016680","1","2024-03-31","10598636","202000041904","2024-01-01","87120640.18","26830679.96","220165.88","1086926.43","","25963919.41"
"016680","2","2024-06-30","10598636","202000041904","2024-04-01","87120640.18","25963919.41","287270.16","2264010.18","","23987179.39"
"016680","5","2024-06-30","10598636","202000041904","2024-01-01","87120640.18","26830679.96","507436.04","3350936.61","","23987179.39"
"016680","3","2024-09-30","10598636","202000041904","2024-07-01","87120640.18","23987179.39","221908.85","812857.41","","23396230.83"
"016680","4","2024-12-31","10598636","202000041904","2024-10-01","87120640.18","23396230.83","393381.34","12389223.19","","11400388.98"
"016680","6","2024-12-31","10598636","202000041904","2024-01-01","87120640.18","26830679.96","1122726.23","16553017.21","","11400388.98"
"016680","1","2025-03-31","10598636","202000041904","2025-01-01","87120640.18","11400388.98","497311.29","3984043.81","","7913656.46"
"016680","2","2025-06-30","10598636","202000041904","2025-04-01","87120640.18","7913656.46","181066.04","1260120.42","","6834602.08"
"016680","5","2025-06-30","10598636","202000041904","2025-01-01","87120640.18","11400388.98","678377.33","5244164.23","","6834602.08"
"016680","3","2025-09-30","10598636","202000041904","2025-07-01","87120640.18","6834602.08","2020974.69","4849114.96","","4006461.81"
"016680","4","2025-12-31","10598636","202000041904","2025-10-01","87120640.18","4006461.81","2642538.47","1530364.67","","5118635.61"
"016680","6","2025-12-31","10598636","202000041904","2025-01-01","87120640.18","11400388.98","5341890.49","11623643.86","","5118635.61"
"016681","4","2022-12-31","10598636","202000041905","2022-10-25","178494129.77","178494129.77","19529850.46","162552133.54","","35471846.69"
"016681","6","2022-12-31","10598636","202000041905","2022-10-25","178494129.77","178494129.77","19529850.46","162552133.54","","35471846.69"
"016681","1","2023-03-31","10598636","202000041905","2023-01-01","87120640.18","35471846.69","11615449.28","35910275.08","","11177020.89"
"016681","2","2023-06-30","10598636","202000041905","2023-04-01","87120640.18","11177020.89","10343337.73","5634857.45","","15885501.17"
"016681","5","2023-06-30","10598636","202000041905","2023-01-01","178494129.77","35471846.69","21958787.01","41545132.53","","15885501.17"
"016681","3","2023-09-30","10598636","202000041905","2023-07-01","87120640.18","15885501.17","1039700.30","2511210.27","","14413991.20"
"016681","4","2023-12-31","10598636","202000041905","2023-10-01","87120640.18","14413991.20","295645.59","1211786.09","","13497850.70"
"016681","6","2023-12-31","10598636","202000041905","2023-01-01","178494129.77","35471846.69","23294132.90","45268128.89","","13497850.70"
"016681","1","2024-03-31","10598636","202000041905","2024-01-01","87120640.18","13497850.70","393269.25","808040.60","","13083079.35"
"016681","2","2024-06-30","10598636","202000041905","2024-04-01","87120640.18","13083079.35","1260828.72","1236119.88","","13107788.19"
"016681","5","2024-06-30","10598636","202000041905","2024-01-01","178494129.77","13497850.70","1654097.97","2044160.48","","13107788.19"
"016681","3","2024-09-30","10598636","202000041905","2024-07-01","87120640.18","13107788.19","1181995.82","1211153.74","","13078630.27"
"016681","4","2024-12-31","10598636","202000041905","2024-10-01","87120640.18","13078630.27","728672.18","5422629.22","","8384673.23"
"016681","6","2024-12-31","10598636","202000041905","2024-01-01","178494129.77","13497850.70","3564765.97","8677943.44","","8384673.23"
"016681","1","2025-03-31","10598636","202000041905","2025-01-01","87120640.18","8384673.23","514389.23","1328740.39","","7570322.07"
"016681","2","2025-06-30","10598636","202000041905","2025-04-01","87120640.18","7570322.07","133784.14","1899018.76","","5805087.45"
"016681","5","2025-06-30","10598636","202000041905","2025-01-01","178494129.77","8384673.23","648173.37","3227759.15","","5805087.45"
"016681","3","2025-09-30","10598636","202000041905","2025-07-01","87120640.18","5805087.45","2219987.81","3615326.12","","4409749.14"
"016681","4","2025-12-31","10598636","202000041905","2025-10-01","87120640.18","4409749.14","3072783.99","2636614.51","","4845918.62"
"016681","6","2025-12-31","10598636","202000041905","2025-01-01","178494129.77","8384673.23","5940945.17","9479699.78","","4845918.62"
"016945","1","2024-03-31","101056850","202000052598","2024-01-23","13512161.28","13512161.28","","","","13512161.28"
"016945","2","2024-06-30","101056850","202000052598","2024-04-01","13512161.28","13512161.28","123429.49","","","13635590.77"
"016945","5","2024-06-30","101056850","202000052598","2024-01-23","13512161.28","13512161.28","123429.49","","","13635590.77"
"016945","3","2024-09-30","101056850","202000052598","2024-07-01","13512161.28","13635590.77","127347.86","3189916.39","","10573022.24"
"016945","4","2024-12-31","101056850","202000052598","2024-10-01","13512161.28","10573022.24","413823.83","139962.71","","10846883.36"
"016945","6","2024-12-31","101056850","202000052598","2024-01-23","13512161.28","13512161.28","664601.18","3329879.10","","10846883.36"
"016945","1","2025-03-31","101056850","202000052598","2025-01-01","13512161.28","10846883.36","161032.55","94480.25","","10913435.66"
"016945","2","2025-06-30","101056850","202000052598","2025-04-01","13512161.28","10913435.66","264277.30","272712.29","","10905000.67"
"016945","5","2025-06-30","101056850","202000052598","2025-01-01","13512161.28","10846883.36","425309.85","367192.54","","10905000.67"
"016945","3","2025-09-30","101056850","202000052598","2025-07-01","13512161.28","10905000.67","588784.93","273167.46","","11220618.14"
"016945","4","2025-12-31","101056850","202000052598","2025-10-01","13512161.28","11220618.14","456641.82","232880.08","","11444379.88"
"016945","6","2025-12-31","101056850","202000052598","2025-01-01","13512161.28","10846883.36","1470736.60","873240.08","","11444379.88"
"017053","3","2023-09-30","10763230","202000045552","2023-07-01","2689067003.33","1922129875.90","189622143.92","1260424987.79","","851327032.03"
"017053","4","2023-12-31","10763230","202000045552","2023-10-01","2689067003.33","851327032.03","98742.56","689807337.02","","161618437.57"
"017053","6","2023-12-31","10763230","202000045552","2023-05-25","2689067003.33","2689067003.33","189851365.29","2717299931.05","","161618437.57"
"017053","1","2024-03-31","10763230","202000045552","2024-01-01","2689067003.33","161618437.57","195421198.55","34880015.42","","322159620.70"
"017053","2","2024-06-30","10763230","202000045552","2024-04-01","2689067003.33","322159620.70","96605193.35","41940225.21","","376824588.84"
"017053","5","2024-06-30","10763230","202000045552","2024-01-01","2689067003.33","161618437.57","292026391.90","76820240.63","","376824588.84"
"017053","3","2024-09-30","10763230","202000045552","2024-07-01","2689067003.33","376824588.84","80306242.38","156890759.13","","300240072.09"
"017053","4","2024-12-31","10763230","202000045552","2024-10-01","2689067003.33","300240072.09","2648992.41","157552990.87","","145336073.63"
"017053","6","2024-12-31","10763230","202000045552","2024-01-01","2689067003.33","161618437.57","374981626.69","391263990.63","","145336073.63"
"017053","1","2025-03-31","10763230","202000045552","2025-01-01","2689067003.33","145336073.63","27477122.39","14472323.45","","158340872.57"
"017053","2","2025-06-30","10763230","202000045552","2025-04-01","2689067003.33","158340872.57","96969932.45","113714818.18","","141595986.84"
"017053","5","2025-06-30","10763230","202000045552","2025-01-01","2689067003.33","145336073.63","124447054.84","128187141.63","","141595986.84"
"017053","3","2025-09-30","10763230","202000045552","2025-07-01","2689067003.33","141595986.84","126579614.42","28599831.84","","239575769.42"
"017053","4","2025-12-31","10763230","202000045552","2025-10-01","2689067003.33","239575769.42","102282.78","287183.50","","239390868.70"
"017053","6","2025-12-31","10763230","202000045552","2025-01-01","2689067003.33","145336073.63","251128952.04","157074156.97","","239390868.70"
"017086","2","2023-06-30","10632481","202000044378","2023-04-01","645444289.68","645444289.68","414964.51","15987580.26","","629871673.93"
"017086","5","2023-06-30","10632481","202000044378","2023-03-06","645444289.68","645444289.68","414964.51","15987580.26","","629871673.93"
"017086","3","2023-09-30","10632481","202000044378","2023-07-01","645444289.68","629871673.93","1808724.18","22206969.43","","609473428.68"
"017086","4","2023-12-31","10632481","202000044378","2023-10-01","645444289.68","609473428.68","995654.87","36406429.68","","574062653.87"
"017086","6","2023-12-31","10632481","202000044378","2023-03-06","645444289.68","645444289.68","3219343.56","74600979.37","","574062653.87"
"017086","1","2024-03-31","10632481","202000044378","2024-01-01","645444289.68","574062653.87","1292797.94","35121866.66","","540233585.15"
"017086","2","2024-06-30","10632481","202000044378","2024-04-01","645444289.68","540233585.15","1840954.83","19810366.49","","522264173.49"
"017086","5","2024-06-30","10632481","202000044378","2024-01-01","645444289.68","574062653.87","3133752.77","54932233.15","","522264173.49"
"017086","3","2024-09-30","10632481","202000044378","2024-07-01","645444289.68","522264173.49","609876.65","12388273.80","","510485776.34"
"017086","4","2024-12-31","10632481","202000044378","2024-10-01","645444289.68","510485776.34","864157.94","31745210.30","","479604723.98"
"017086","6","2024-12-31","10632481","202000044378","2024-01-01","645444289.68","574062653.87","4607787.36","99065717.25","","479604723.98"
"017086","1","2025-03-31","10632481","202000044378","2025-01-01","645444289.68","479604723.98","507498.21","46466790.98","","433645431.21"
"017086","2","2025-06-30","10632481","202000044378","2025-04-01","645444289.68","433645431.21","149233.76","89059559.05","","344735105.92"
"017086","5","2025-06-30","10632481","202000044378","2025-01-01","645444289.68","479604723.98","656731.97","135526350.03","","344735105.92"
"017086","3","2025-09-30","10632481","202000044378","2025-07-01","645444289.68","344735105.92","7361721.81","225101611.93","","126995215.80"
"017086","4","2025-12-31","10632481","202000044378","2025-10-01","645444289.68","126995215.80","32174235.39","28590861.69","","130578589.50"
"017086","6","2025-12-31","10632481","202000044378","2025-01-01","645444289.68","479604723.98","40192689.17","389218823.65","","130578589.50"
"017087","2","2023-06-30","10632481","202000044379","2023-04-01","645444289.68","73680756.42","352193.57","7353725.79","","66679224.20"
"017087","5","2023-06-30","10632481","202000044379","2023-03-06","73680756.42","73680756.42","352193.57","7353725.79","","66679224.20"
"017087","3","2023-09-30","10632481","202000044379","2023-07-01","645444289.68","66679224.20","1993136.73","4456496.63","","64215864.30"
"017087","4","2023-12-31","10632481","202000044379","2023-10-01","645444289.68","64215864.30","511778.90","1980030.43","","62747612.77"
"017087","6","2023-12-31","10632481","202000044379","2023-03-06","73680756.42","73680756.42","2857109.20","13790252.85","","62747612.77"
"017087","1","2024-03-31","10632481","202000044379","2024-01-01","645444289.68","62747612.77","826053.08","6302036.71","","57271629.14"
"017087","2","2024-06-30","10632481","202000044379","2024-04-01","645444289.68","57271629.14","601284.88","1336311.11","","56536602.91"
"017087","5","2024-06-30","10632481","202000044379","2024-01-01","73680756.42","62747612.77","1427337.96","7638347.82","","56536602.91"
"017087","3","2024-09-30","10632481","202000044379","2024-07-01","645444289.68","56536602.91","1026635.19","33562631.12","","24000606.98"
"017087","4","2024-12-31","10632481","202000044379","2024-10-01","645444289.68","24000606.98","532147.65","2861506.07","","21671248.56"
"017087","6","2024-12-31","10632481","202000044379","2024-01-01","73680756.42","62747612.77","2986120.80","44062485.01","","21671248.56"
"017087","1","2025-03-31","10632481","202000044379","2025-01-01","645444289.68","21671248.56","614143.28","2084248.23","","20201143.61"
"017087","2","2025-06-30","10632481","202000044379","2025-04-01","645444289.68","20201143.61","332135.62","2750532.12","","17782747.11"
"017087","5","2025-06-30","10632481","202000044379","2025-01-01","73680756.42","21671248.56","946278.90","4834780.35","","17782747.11"
"017087","3","2025-09-30","10632481","202000044379","2025-07-01","645444289.68","17782747.11","28714837.74","11658292.37","","34839292.48"
"017087","4","2025-12-31","10632481","202000044379","2025-10-01","645444289.68","34839292.48","28543561.48","26204046.70","","37178807.26"
"017087","6","2025-12-31","10632481","202000044379","2025-01-01","73680756.42","21671248.56","58204678.12","42697119.42","","37178807.26"
"017199","1","2023-03-31","10610223","202000043947","2023-01-19","843854143.66","843854143.66","53086.37","223778745.63","","620128484.40"
"017199","2","2023-06-30","10610223","202000043947","2023-04-01","843854143.66","620128484.40","2020615.98","109202367.66","","512946732.72"
"017199","5","2023-06-30","10610223","202000043947","2023-01-19","843854143.66","843854143.66","2073702.35","332981113.29","","512946732.72"
"017199","3","2023-09-30","10610223","202000043947","2023-07-01","843854143.66","512946732.72","781230.02","48365664.93","","465362297.81"
"017199","4","2023-12-31","10610223","202000043947","2023-10-01","843854143.66","465362297.81","984551.86","32042268.35","","434304581.32"
"017199","6","2023-12-31","10610223","202000043947","2023-01-19","843854143.66","843854143.66","3839484.23","413389046.57","","434304581.32"
"017199","1","2024-03-31","10610223","202000043947","2024-01-01","843854143.66","434304581.32","463131.12","21267699.81","","413500012.63"
"017199","2","2024-06-30","10610223","202000043947","2024-04-01","843854143.66","413500012.63","1045853.96","18241954.38","","396303912.21"
"017199","5","2024-06-30","10610223","202000043947","2024-01-01","843854143.66","434304581.32","1508985.08","39509654.19","","396303912.21"
"017199","3","2024-09-30","10610223","202000043947","2024-07-01","843854143.66","396303912.21","124112.89","21638936.54","","374789088.56"
"017199","4","2024-12-31","10610223","202000043947","2024-10-01","843854143.66","374789088.56","217215.64","26096899.07","","348909405.13"
"017199","6","2024-12-31","10610223","202000043947","2024-01-01","843854143.66","434304581.32","1850313.61","87245489.80","","348909405.13"
"017199","1","2025-03-31","10610223","202000043947","2025-01-01","843854143.66","348909405.13","342483.22","13433921.96","","335817966.39"
"017199","2","2025-06-30","10610223","202000043947","2025-04-01","843854143.66","335817966.39","282156.47","16146940.98","","319953181.88"
"017199","5","2025-06-30","10610223","202000043947","2025-01-01","843854143.66","348909405.13","624639.69","29580862.94","","319953181.88"
"017199","3","2025-09-30","10610223","202000043947","2025-07-01","843854143.66","319953181.88","674213.74","54472964.05","","266154431.57"
"017199","4","2025-12-31","10610223","202000043947","2025-10-01","843854143.66","266154431.57","191286.99","18977073.20","","247368645.36"
"017199","6","2025-12-31","10610223","202000043947","2025-01-01","843854143.66","348909405.13","1490140.42","103030900.19","","247368645.36"
"017200","1","2023-03-31","10610223","202000043948","2023-01-19","259191719.11","259191719.11","1314.53","158095049.35","","101097984.29"
"017200","2","2023-06-30","10610223","202000043948","2023-04-01","843854143.66","101097984.29","33541534.52","15325952.98","","119313565.83"
"017200","5","2023-06-30","10610223","202000043948","2023-01-19","259191719.11","259191719.11","33542849.05","173421002.33","","119313565.83"
"017200","3","2023-09-30","10610223","202000043948","2023-07-01","843854143.66","119313565.83","50799.02","40781279.97","","78583084.88"
"017200","4","2023-12-31","10610223","202000043948","2023-10-01","843854143.66","78583084.88","60585.68","9060545.30","","69583125.26"
"017200","6","2023-12-31","10610223","202000043948","2023-01-19","259191719.11","259191719.11","33654233.75","223262827.60","","69583125.26"
"017200","1","2024-03-31","10610223","202000043948","2024-01-01","843854143.66","69583125.26","150117.35","3226444.93","","66506797.68"
"017200","2","2024-06-30","10610223","202000043948","2024-04-01","843854143.66","66506797.68","301448.95","1690336.33","","65117910.30"
"017200","5","2024-06-30","10610223","202000043948","2024-01-01","843854143.66","69583125.26","451566.30","4916781.26","","65117910.30"
"017200","3","2024-09-30","10610223","202000043948","2024-07-01","843854143.66","65117910.30","8183606.23","3263768.06","","70037748.47"
"017200","4","2024-12-31","10610223","202000043948","2024-10-01","843854143.66","70037748.47","8552202.50","10327253.38","","68262697.59"
"017200","6","2024-12-31","10610223","202000043948","2024-01-01","259191719.11","69583125.26","17187375.03","18507802.70","","68262697.59"
"017200","1","2025-03-31","10610223","202000043948","2025-01-01","843854143.66","68262697.59","1240805.60","17622343.33","","51881159.86"
"017200","2","2025-06-30","10610223","202000043948","2025-04-01","843854143.66","51881159.86","11066.80","3429371.53","","48462855.13"
"017200","5","2025-06-30","10610223","202000043948","2025-01-01","259191719.11","68262697.59","1251872.40","21051714.86","","48462855.13"
"017200","3","2025-09-30","10610223","202000043948","2025-07-01","843854143.66","48462855.13","63181.97","8328727.96","","40197309.14"
"017200","4","2025-12-31","10610223","202000043948","2025-10-01","843854143.66","40197309.14","242171.96","3987423.39","","36452057.71"
"017200","6","2025-12-31","10610223","202000043948","2025-01-01","259191719.11","68262697.59","1557226.33","33367866.21","","36452057.71"
"017581","4","2023-12-31","10806353","202000047096","2023-10-01","1009999000.00","1009999000.00","","","","1009999000.00"
"017581","6","2023-12-31","10806353","202000047096","2023-08-21","1009999000.00","1009999000.00","","","","1009999000.00"
"017581","1","2024-03-31","10806353","202000047096","2024-01-01","1009999000.00","1009999000.00","","","","1009999000.00"
"017581","2","2024-06-30","10806353","202000047096","2024-04-01","1009999000.00","1009999000.00","","","","1009999000.00"
"017581","5","2024-06-30","10806353","202000047096","2024-01-01","1009999000.00","1009999000.00","","","","1009999000.00"
"017581","3","2024-09-30","10806353","202000047096","2024-07-01","1009999000.00","1009999000.00","","","","1009999000.00"
"017581","4","2024-12-31","10806353","202000047096","2024-10-01","1009999000.00","1009999000.00","","","","1009999000.00"
"017581","6","2024-12-31","10806353","202000047096","2024-01-01","1009999000.00","1009999000.00","","","","1009999000.00"
"017581","1","2025-03-31","10806353","202000047096","2025-01-01","1009999000.00","1009999000.00","","","","1009999000.00"
"017581","2","2025-06-30","10806353","202000047096","2025-04-01","1009999000.00","1009999000.00","","","","1009999000.00"
"017581","5","2025-06-30","10806353","202000047096","2025-01-01","1009999000.00","1009999000.00","","","","1009999000.00"
"017581","3","2025-09-30","10806353","202000047096","2025-07-01","1009999000.00","1009999000.00","","","","1009999000.00"
"017581","4","2025-12-31","10806353","202000047096","2025-10-01","1009999000.00","1009999000.00","","","","1009999000.00"
"017581","6","2025-12-31","10806353","202000047096","2025-01-01","1009999000.00","1009999000.00","","","","1009999000.00"
"017582","4","2023-12-31","10806353","202000047095","2023-10-01","1009999000.00","","","","",""
"017582","1","2024-03-31","10806353","202000047095","2024-01-01","1009999000.00","","","","",""
"017582","2","2024-06-30","10806353","202000047095","2024-04-01","1009999000.00","","","","",""
"017582","3","2024-09-30","10806353","202000047095","2024-07-01","1009999000.00","","","","",""
"017582","4","2024-12-31","10806353","202000047095","2024-10-01","1009999000.00","","","","",""
"017582","1","2025-03-31","10806353","202000047095","2025-01-01","1009999000.00","","","","",""
"017582","2","2025-06-30","10806353","202000047095","2025-04-01","1009999000.00","","","","",""
"017582","3","2025-09-30","10806353","202000047095","2025-07-01","1009999000.00","","","","",""
"017582","4","2025-12-31","10806353","202000047095","2025-10-01","1009999000.00","","","","",""
"018118","2","2023-06-30","10773720","202000045804","2023-04-28","149601442.39","149601442.39","1660687.21","30174374.10","","121087755.50"
"018118","5","2023-06-30","10773720","202000045804","2023-04-28","149601442.39","149601442.39","1660687.21","30174374.10","","121087755.50"
"018118","3","2023-09-30","10773720","202000045804","2023-07-01","149601442.39","121087755.50","4107785.28","33293574.84","","91901965.94"
"018118","4","2023-12-31","10773720","202000045804","2023-10-01","149601442.39","91901965.94","1888533.13","4349666.74","","89440832.33"
"018118","6","2023-12-31","10773720","202000045804","2023-04-28","149601442.39","149601442.39","7657005.62","67817615.68","","89440832.33"
"018118","1","2024-03-31","10773720","202000045804","2024-01-01","149601442.39","89440832.33","275444.83","3025773.30","","86690503.86"
"018118","2","2024-06-30","10773720","202000045804","2024-04-01","149601442.39","86690503.86","72781.73","6651534.82","","80111750.77"
"018118","5","2024-06-30","10773720","202000045804","2024-01-01","149601442.39","89440832.33","348226.56","9677308.12","","80111750.77"
"018118","3","2024-09-30","10773720","202000045804","2024-07-01","149601442.39","80111750.77","31831.87","3358931.55","","76784651.09"
"018118","4","2024-12-31","10773720","202000045804","2024-10-01","149601442.39","76784651.09","104671.44","6740844.53","","70148478.00"
"018118","6","2024-12-31","10773720","202000045804","2024-01-01","149601442.39","89440832.33","484729.87","19777084.20","","70148478.00"
"018118","1","2025-03-31","10773720","202000045804","2025-01-01","149601442.39","70148478.00","16067.55","3450070.83","","66714474.72"
"018118","2","2025-06-30","10773720","202000045804","2025-04-01","149601442.39","66714474.72","42555.55","2203509.18","","64553521.09"
"018118","5","2025-06-30","10773720","202000045804","2025-01-01","149601442.39","70148478.00","58623.10","5653580.01","","64553521.09"
"018118","3","2025-09-30","10773720","202000045804","2025-07-01","149601442.39","64553521.09","455193.97","25462582.11","","39546132.95"
"018119","2","2023-06-30","10773720","202000045805","2023-04-28","152037070.52","152037070.52","164040.65","139484306.70","","12716804.47"
"018119","5","2023-06-30","10773720","202000045805","2023-04-28","152037070.52","152037070.52","164040.65","139484306.70","","12716804.47"
"018119","3","2023-09-30","10773720","202000045805","2023-07-01","149601442.39","12716804.47","359514.28","3791242.22","","9285076.53"
"018119","4","2023-12-31","10773720","202000045805","2023-10-01","149601442.39","9285076.53","141487.70","251196.01","","9175368.22"
"018119","6","2023-12-31","10773720","202000045805","2023-04-28","152037070.52","152037070.52","665042.63","143526744.93","","9175368.22"
"018119","1","2024-03-31","10773720","202000045805","2024-01-01","149601442.39","9175368.22","128083.59","830100.36","","8473351.45"
"018119","2","2024-06-30","10773720","202000045805","2024-04-01","149601442.39","8473351.45","81797.76","141117.86","","8414031.35"
"018119","5","2024-06-30","10773720","202000045805","2024-01-01","152037070.52","9175368.22","209881.35","971218.22","","8414031.35"
"018119","3","2024-09-30","10773720","202000045805","2024-07-01","149601442.39","8414031.35","116426.94","185391.03","","8345067.26"
"018119","4","2024-12-31","10773720","202000045805","2024-10-01","149601442.39","8345067.26","53053.09","522047.33","","7876073.02"
"018119","6","2024-12-31","10773720","202000045805","2024-01-01","152037070.52","9175368.22","379361.38","1678656.58","","7876073.02"
"018119","1","2025-03-31","10773720","202000045805","2025-01-01","149601442.39","7876073.02","23828.61","1092807.54","","6807094.09"
"018119","2","2025-06-30","10773720","202000045805","2025-04-01","149601442.39","6807094.09","14925.25","72484.29","","6749535.05"
"018119","5","2025-06-30","10773720","202000045805","2025-01-01","152037070.52","7876073.02","38753.86","1165291.83","","6749535.05"
"018119","3","2025-09-30","10773720","202000045805","2025-07-01","149601442.39","6749535.05","53147.74","3734240.09","","3068442.70"
"018130","2","2023-06-30","10756620","202000045468","2023-04-01","231894319.44","231894319.44","","","","231894319.44"
"018130","5","2023-06-30","10756620","202000045468","2023-03-31","231894319.44","231894319.44","","","","231894319.44"
"018130","3","2023-09-30","10756620","202000045468","2023-07-01","231894319.44","231894319.44","756241.28","35208156.40","","197442404.32"
"018130","4","2023-12-31","10756620","202000045468","2023-10-01","231894319.44","197442404.32","213017.61","26531583.86","","171123838.07"
"018130","6","2023-12-31","10756620","202000045468","2023-03-31","231894319.44","231894319.44","969258.89","61739740.26","","171123838.07"
"018130","1","2024-03-31","10756620","202000045468","2024-01-01","231894319.44","171123838.07","542416.66","17563852.68","","154102402.05"
"018130","2","2024-06-30","10756620","202000045468","2024-04-01","231894319.44","154102402.05","1149634.20","16074096.32","","139177939.93"
"018130","5","2024-06-30","10756620","202000045468","2024-01-01","231894319.44","171123838.07","1692050.86","33637949.00","","139177939.93"
"018130","3","2024-09-30","10756620","202000045468","2024-07-01","231894319.44","139177939.93","281891.38","10213688.69","","129246142.62"
"018130","4","2024-12-31","10756620","202000045468","2024-10-01","231894319.44","129246142.62","8129518.39","65082097.32","","72293563.69"
"018130","6","2024-12-31","10756620","202000045468","2024-01-01","231894319.44","171123838.07","10103460.63","108933735.01","","72293563.69"
"018130","1","2025-03-31","10756620","202000045468","2025-01-01","231894319.44","72293563.69","172000193.14","19239085.17","","225054671.66"
"018130","2","2025-06-30","10756620","202000045468","2025-04-01","231894319.44","225054671.66","63868569.51","30180826.18","","258742414.99"
"018130","5","2025-06-30","10756620","202000045468","2025-01-01","231894319.44","72293563.69","235868762.65","49419911.35","","258742414.99"
"018130","3","2025-09-30","10756620","202000045468","2025-07-01","231894319.44","258742414.99","183954596.94","125750954.19","","316946057.74"
"018130","4","2025-12-31","10756620","202000045468","2025-10-01","231894319.44","316946057.74","206008259.40","68572797.40","","454381519.74"
"018130","6","2025-12-31","10756620","202000045468","2025-01-01","231894319.44","72293563.69","625831618.99","243743662.94","","454381519.74"
"018131","2","2023-06-30","10756620","202000045469","2023-04-01","231894319.44","107414110.39","","","","107414110.39"
"018131","5","2023-06-30","10756620","202000045469","2023-03-31","107414110.39","107414110.39","","","","107414110.39"
"018131","3","2023-09-30","10756620","202000045469","2023-07-01","231894319.44","107414110.39","29110.63","54147114.38","","53296106.64"
"018131","4","2023-12-31","10756620","202000045469","2023-10-01","231894319.44","53296106.64","1574750.30","13144600.47","","41726256.47"
"018131","6","2023-12-31","10756620","202000045469","2023-03-31","107414110.39","107414110.39","1603860.93","67291714.85","","41726256.47"
"018131","1","2024-03-31","10756620","202000045469","2024-01-01","231894319.44","41726256.47","1946575.93","7841052.86","","35831779.54"
"018131","2","2024-06-30","10756620","202000045469","2024-04-01","231894319.44","35831779.54","543082.17","6716070.62","","29658791.09"
"018131","5","2024-06-30","10756620","202000045469","2024-01-01","107414110.39","41726256.47","2489658.10","14557123.48","","29658791.09"
"018131","3","2024-09-30","10756620","202000045469","2024-07-01","231894319.44","29658791.09","311154.15","1383890.41","","28586054.83"
"018131","4","2024-12-31","10756620","202000045469","2024-10-01","231894319.44","28586054.83","8296062.63","15027513.97","","21854603.49"
"018131","6","2024-12-31","10756620","202000045469","2024-01-01","107414110.39","41726256.47","11096874.88","30968527.86","","21854603.49"
"018131","1","2025-03-31","10756620","202000045469","2025-01-01","231894319.44","21854603.49","203534907.36","27974502.42","","197415008.43"
"018131","2","2025-06-30","10756620","202000045469","2025-04-01","231894319.44","197415008.43","115925717.86","82389476.53","","230951249.76"
"018131","5","2025-06-30","10756620","202000045469","2025-01-01","107414110.39","21854603.49","319460625.22","110363978.95","","230951249.76"
"018131","3","2025-09-30","10756620","202000045469","2025-07-01","231894319.44","230951249.76","185268967.82","197607047.14","","218613170.44"
"018131","4","2025-12-31","10756620","202000045469","2025-10-01","231894319.44","218613170.44","72577405.68","104328569.32","","186862006.80"
"018131","6","2025-12-31","10756620","202000045469","2025-01-01","107414110.39","21854603.49","577306998.72","412299595.41","","186862006.80"
"018882","2","2024-06-30","101027385","202000052079","2024-04-01","643364.41","643364.41","320.83","330259.36","","313425.88"
"018882","5","2024-06-30","101027385","202000052079","2024-03-12","643364.41","643364.41","320.83","330259.36","","313425.88"
"018882","3","2024-09-30","101027385","202000052079","2024-07-01","643364.41","313425.88","3344.35","1571.79","","315198.44"
"018882","4","2024-12-31","101027385","202000052079","2024-10-01","643364.41","315198.44","113802.46","310981.55","","118019.35"
"018882","6","2024-12-31","101027385","202000052079","2024-03-12","643364.41","643364.41","117467.64","642812.70","","118019.35"
"018882","1","2025-03-31","101027385","202000052079","2025-01-01","643364.41","118019.35","74427.92","3604.83","","188842.44"
"018883","2","2024-06-30","101027385","202000052080","2024-04-01","643364.41","218676848.00","10092977.40","218586833.13","","10182992.27"
"018883","5","2024-06-30","101027385","202000052080","2024-03-12","218676848.00","218676848.00","10092977.40","218586833.13","","10182992.27"
"018883","3","2024-09-30","101027385","202000052080","2024-07-01","643364.41","10182992.27","10642.21","10103298.83","","90335.65"
"018883","4","2024-12-31","101027385","202000052080","2024-10-01","643364.41","90335.65","333756.59","41766.70","","382325.54"
"018883","6","2024-12-31","101027385","202000052080","2024-03-12","218676848.00","218676848.00","10437376.20","228731898.66","","382325.54"
"018883","1","2025-03-31","101027385","202000052080","2025-01-01","643364.41","382325.54","12606.01","142134.44","","252797.11"
"020014","3","2024-09-30","101149226","202000054895","2024-07-01","7294206.38","1581738.50","22829.83","1180369.10","","424199.23"
"020014","4","2024-12-31","101149226","202000054895","2024-10-01","7294206.38","424199.23","10779819.21","6526853.36","","4677165.08"
"020014","6","2024-12-31","101149226","202000054895","2024-06-07","7294206.38","7294206.38","11677007.75","14294049.05","","4677165.08"
"020014","1","2025-03-31","101149226","202000054895","2025-01-01","7294206.38","4677165.08","316248.87","1442424.79","","3550989.16"
"020014","2","2025-06-30","101149226","202000054895","2025-04-01","7294206.38","3550989.16","34438.85","618075.38","","2967352.63"
"020014","5","2025-06-30","101149226","202000054895","2025-01-01","7294206.38","4677165.08","350687.72","2060500.17","","2967352.63"
"020014","3","2025-09-30","101149226","202000054895","2025-07-01","7294206.38","2967352.63","263899.94","1319890.80","","1911361.77"
"020014","4","2025-12-31","101149226","202000054895","2025-10-01","7294206.38","1911361.77","109542.32","222182.31","","1798721.78"
"020014","6","2025-12-31","101149226","202000054895","2025-01-01","7294206.38","4677165.08","724129.98","3602573.28","","1798721.78"
"020016","3","2024-09-30","101149226","202000054896","2024-07-01","7294206.38","15584986.48","3524816.99","15953327.15","","3156476.32"
"020016","4","2024-12-31","101149226","202000054896","2024-10-01","7294206.38","3156476.32","109000921.51","87557805.12","","24599592.71"
"020016","6","2024-12-31","101149226","202000054896","2024-06-07","215165628.90","215165628.90","114906034.11","305472070.30","","24599592.71"
"020016","1","2025-03-31","101149226","202000054896","2025-01-01","7294206.38","24599592.71","944967.83","8963389.02","","16581171.52"
"020016","2","2025-06-30","101149226","202000054896","2025-04-01","7294206.38","16581171.52","384026.09","5355192.07","","11610005.54"
"020016","5","2025-06-30","101149226","202000054896","2025-01-01","215165628.90","24599592.71","1328993.92","14318581.09","","11610005.54"
"020016","3","2025-09-30","101149226","202000054896","2025-07-01","7294206.38","11610005.54","1570260.05","6577699.93","","6602565.66"
"020016","4","2025-12-31","101149226","202000054896","2025-10-01","7294206.38","6602565.66","917141.99","2746977.52","","4772730.13"
"020016","6","2025-12-31","101149226","202000054896","2025-01-01","215165628.90","24599592.71","3816395.96","23643258.54","","4772730.13"
"020868","2","2024-06-30","101123540","202000054310","2024-04-09","11343371.30","11343371.30","1566610.76","1194350.68","","11715631.38"
"020868","5","2024-06-30","101123540","202000054310","2024-04-09","11343371.30","11343371.30","1566610.76","1194350.68","","11715631.38"
"020868","3","2024-09-30","101123540","202000054310","2024-07-01","11343371.30","11715631.38","2194858.52","1179947.84","","12730542.06"
"020868","4","2024-12-31","101123540","202000054310","2024-10-01","11343371.30","12730542.06","4801060.56","4046258.93","","13485343.69"
"020868","6","2024-12-31","101123540","202000054310","2024-04-09","11343371.30","11343371.30","8562529.84","6420557.45","","13485343.69"
"020868","1","2025-03-31","101123540","202000054310","2025-01-01","11343371.30","13485343.69","799902.67","1102014.65","","13183231.71"
"020868","2","2025-06-30","101123540","202000054310","2025-04-01","11343371.30","13183231.71","944290.03","1182532.98","","12944988.76"
"020868","5","2025-06-30","101123540","202000054310","2025-01-01","11343371.30","13485343.69","1744192.70","2284547.63","","12944988.76"
"020868","3","2025-09-30","101123540","202000054310","2025-07-01","11343371.30","12944988.76","1476916.01","1354141.57","","13067763.20"
"020868","4","2025-12-31","101123540","202000054310","2025-10-01","11343371.30","13067763.20","820949.42","1017056.85","","12871655.77"
"020868","6","2025-12-31","101123540","202000054310","2025-01-01","11343371.30","13485343.69","4042058.13","4655746.05","","12871655.77"
"020869","2","2024-06-30","101123540","202000054311","2024-04-09","225602.83","225602.83","1293893.91","739170.90","","780325.84"
"020869","5","2024-06-30","101123540","202000054311","2024-04-09","225602.83","225602.83","1293893.91","739170.90","","780325.84"
"020869","3","2024-09-30","101123540","202000054311","2024-07-01","11343371.30","780325.84","3332367.62","768710.88","","3343982.58"
"020869","4","2024-12-31","101123540","202000054311","2024-10-01","11343371.30","3343982.58","7015197.01","7149982.30","","3209197.29"
"020869","6","2024-12-31","101123540","202000054311","2024-04-09","225602.83","225602.83","11641458.54","8657864.08","","3209197.29"
"020869","1","2025-03-31","101123540","202000054311","2025-01-01","11343371.30","3209197.29","1392226.76","2541800.85","","2059623.20"
"020869","2","2025-06-30","101123540","202000054311","2025-04-01","","2059623.20","787604.54","1128038.99","","1719188.75"
"020869","5","2025-06-30","101123540","202000054311","2025-01-01","225602.83","3209197.29","2179831.30","3669839.84","","1719188.75"
"020869","3","2025-09-30","101123540","202000054311","2025-07-01","11343371.30","1719188.75","1852395.29","2157473.03","","1414111.01"
"020869","4","2025-12-31","101123540","202000054311","2025-10-01","11343371.30","1414111.01","1093275.63","1089292.45","","1418094.19"
"020869","6","2025-12-31","101123540","202000054311","2025-01-01","225602.83","3209197.29","5125502.22","6916605.32","","1418094.19"
"021254","2","2024-06-30","101150403","202000054951","2024-04-25","10001549.70","10001549.70","34256.54","11784.95","","10024021.29"
"021254","5","2024-06-30","101150403","202000054951","2024-04-25","10001549.70","10001549.70","34256.54","11784.95","","10024021.29"
"021254","3","2024-09-30","101150403","202000054951","2024-07-01","10001549.70","10024021.29","306407.62","143456.68","","10186972.23"
"021254","4","2024-12-31","101150403","202000054951","2024-10-01","10001549.70","10186972.23","1327935.97","617889.41","","10897018.79"
"021254","6","2024-12-31","101150403","202000054951","2024-04-25","10001549.70","10001549.70","1668600.13","773131.04","","10897018.79"
"021254","1","2025-03-31","101150403","202000054951","2025-01-01","10001549.70","10897018.79","285785.85","328410.96","","10854393.68"
"021254","2","2025-06-30","101150403","202000054951","2025-04-01","10001549.70","10854393.68","4851711.76","701746.15","","15004359.29"
"021254","5","2025-06-30","101150403","202000054951","2025-01-01","10001549.70","10897018.79","5137497.61","1030157.11","","15004359.29"
"021254","3","2025-09-30","101150403","202000054951","2025-07-01","10001549.70","15004359.29","882545.23","639947.91","","15246956.61"
"021254","4","2025-12-31","101150403","202000054951","2025-10-01","10001549.70","15246956.61","177141.53","266264.20","","15157833.94"
"021254","6","2025-12-31","101150403","202000054951","2025-01-01","10001549.70","10897018.79","6197184.37","1936369.22","","15157833.94"
"021255","2","2024-06-30","101150403","202000054952","2024-04-25","63520.01","63520.01","278535.61","6641.16","","335414.46"
"021255","5","2024-06-30","101150403","202000054952","2024-04-25","63520.01","63520.01","278535.61","6641.16","","335414.46"
"021255","3","2024-09-30","101150403","202000054952","2024-07-01","10001549.70","335414.46","719371.67","271006.10","","783780.03"
"021255","4","2024-12-31","101150403","202000054952","2024-10-01","10001549.70","783780.03","1618103.28","1139550.89","","1262332.42"
"021255","6","2024-12-31","101150403","202000054952","2024-04-25","63520.01","63520.01","2616010.56","1417198.15","","1262332.42"
"021255","1","2025-03-31","101150403","202000054952","2025-01-01","10001549.70","1262332.42","556110.82","380888.37","","1437554.87"
"021255","2","2025-06-30","101150403","202000054952","2025-04-01","10001549.70","1437554.87","140759.46","645753.88","","932560.45"
"021255","5","2025-06-30","101150403","202000054952","2025-01-01","63520.01","1262332.42","696870.28","1026642.25","","932560.45"
"021255","3","2025-09-30","101150403","202000054952","2025-07-01","10001549.70","932560.45","1568184.49","1644499.07","","856245.87"
"021255","4","2025-12-31","101150403","202000054952","2025-10-01","10001549.70","856245.87","1293603.55","521928.98","","1627920.44"
"021255","6","2025-12-31","101150403","202000054952","2025-01-01","63520.01","1262332.42","3558658.32","3193070.30","","1627920.44"
"021476","3","2024-09-30","101295989","202000056931","2024-07-01","9000000.00","9000000.00","10.01","","","9000010.01"
"021476","4","2024-12-31","101295989","202000056931","2024-10-01","9000000.00","9000010.01","121.95","112.33","","9000019.63"
"021476","6","2024-12-31","101295989","202000056931","2024-06-18","9000000.00","9000000.00","131.96","112.33","","9000019.63"
"021476","1","2025-03-31","101295989","202000056931","2025-01-01","9000000.00","9000019.63","441.86","262.53","","9000198.96"
"021476","2","2025-06-30","101295989","202000056931","2025-04-01","9000000.00","9000198.96","354.92","207.33","","9000346.55"
"021476","5","2025-06-30","101295989","202000056931","2025-01-01","9000000.00","9000019.63","796.78","469.86","","9000346.55"
"021476","3","2025-09-30","101295989","202000056931","2025-07-01","9000000.00","9000346.55","21540.05","15360.98","","9006525.62"
"021476","4","2025-12-31","101295989","202000056931","2025-10-01","9000000.00","9006525.62","3622.83","192.47","","9009955.98"
"021476","6","2025-12-31","101295989","202000056931","2025-01-01","9000000.00","9000019.63","25959.66","16023.31","","9009955.98"
"021477","3","2024-09-30","101295989","202000056932","2024-07-01","9000000.00","1000000.00","108.91","","","1000108.91"
"021477","4","2024-12-31","101295989","202000056932","2024-10-01","9000000.00","1000108.91","1291.38","184.46","","1001215.83"
"021477","6","2024-12-31","101295989","202000056932","2024-06-18","1000000.00","1000000.00","1400.29","184.46","","1001215.83"
"021477","1","2025-03-31","101295989","202000056932","2025-01-01","9000000.00","1001215.83","11329.37","10557.48","","1001987.72"
"021477","2","2025-06-30","101295989","202000056932","2025-04-01","9000000.00","1001987.72","9560.00","3258.64","","1008289.08"
"021477","5","2025-06-30","101295989","202000056932","2025-01-01","1000000.00","1001215.83","20889.37","13816.12","","1008289.08"
"021477","3","2025-09-30","101295989","202000056932","2025-07-01","9000000.00","1008289.08","32706.85","33408.01","","1007587.92"
"021477","4","2025-12-31","101295989","202000056932","2025-10-01","9000000.00","1007587.92","9270.92","11107.68","","1005751.16"
"021477","6","2025-12-31","101295989","202000056932","2025-01-01","1000000.00","1001215.83","62867.14","58331.81","","1005751.16"
"021904","4","2024-12-31","101419792","202000063159","2024-10-29","73203160.84","73203160.84","","","","73203160.84"
"021904","6","2024-12-31","101419792","202000063159","2024-10-29","73203160.84","73203160.84","","","","73203160.84"
"021904","1","2025-03-31","101419792","202000063159","2025-01-01","73203160.84","73203160.84","99645.81","59411120.65","","13891686.00"
"021904","2","2025-06-30","101419792","202000063159","2025-04-01","73203160.84","13891686.00","14443.63","722776.00","","13183353.63"
"021904","5","2025-06-30","101419792","202000063159","2025-01-01","73203160.84","73203160.84","114089.44","60133896.65","","13183353.63"
"021904","3","2025-09-30","101419792","202000063159","2025-07-01","73203160.84","13183353.63","95859.30","649139.73","","12630073.20"
"021904","4","2025-12-31","101419792","202000063159","2025-10-01","73203160.84","12630073.20","7834.92","281536.21","","12356371.91"
"021904","6","2025-12-31","101419792","202000063159","2025-01-01","73203160.84","73203160.84","217783.66","61064572.59","","12356371.91"
"021905","4","2024-12-31","101419792","202000063160","2024-10-29","880088.30","880088.30","","","","880088.30"
"021905","6","2024-12-31","101419792","202000063160","2024-10-29","880088.30","880088.30","","","","880088.30"
"021905","1","2025-03-31","101419792","202000063160","2025-01-01","880088.30","880088.30","49551.00","530292.83","","399346.47"
"021905","2","2025-06-30","101419792","202000063160","2025-04-01","880088.30","399346.47","131328.93","150633.97","","380041.43"
"021905","5","2025-06-30","101419792","202000063160","2025-01-01","880088.30","880088.30","180879.93","680926.80","","380041.43"
"021905","3","2025-09-30","101419792","202000063160","2025-07-01","880088.30","380041.43","28339.91","108437.79","","299943.55"
"021905","4","2025-12-31","101419792","202000063160","2025-10-01","880088.30","299943.55","26712.08","53821.04","","272834.59"
"021905","6","2025-12-31","101419792","202000063160","2025-01-01","880088.30","880088.30","235931.92","843185.63","","272834.59"
"022795","4","2024-12-31","101149226","202000065732","2024-10-01","7294206.38","","10.00","","","10.00"
"022795","6","2024-12-31","101149226","202000065732","2024-06-07","","","10.00","","","10.00"
"022795","1","2025-03-31","101149226","202000065732","2025-01-01","7294206.38","10.00","1488.57","31.64","","1466.93"
"022795","2","2025-06-30","101149226","202000065732","2025-04-01","7294206.38","1466.93","154.07","10.22","","1610.78"
"022795","5","2025-06-30","101149226","202000065732","2025-01-01","","10.00","1642.64","41.86","","1610.78"
"022795","3","2025-09-30","101149226","202000065732","2025-07-01","7294206.38","1610.78","37.00","822.34","","825.44"
"022795","4","2025-12-31","101149226","202000065732","2025-10-01","7294206.38","825.44","295.16","238.25","","882.35"
"022795","6","2025-12-31","101149226","202000065732","2025-01-01","","10.00","1974.80","1102.45","","882.35"
"023139","1","2025-03-31","10763230","202000066750","2025-01-01","2689067003.33","","93.89","","","93.89"
"023139","2","2025-06-30","10763230","202000066750","2025-04-01","2689067003.33","93.89","0.94","","","94.83"
"023139","5","2025-06-30","10763230","202000066750","2025-01-01","","","94.83","","","94.83"
"023139","3","2025-09-30","10763230","202000066750","2025-07-01","2689067003.33","94.83","20.65","9.37","","106.11"
"023139","4","2025-12-31","10763230","202000066750","2025-10-01","2689067003.33","106.11","23415285.75","","","23415391.86"
"023139","6","2025-12-31","10763230","202000066750","2025-01-01","","","23415401.23","9.37","","23415391.86"
"024266","4","2025-12-31","101578609","202000076202","2025-10-01","536367845.44","501034923.38","6449996.55","188317256.23","","319167663.70"
"024266","6","2025-12-31","101578609","202000076202","2025-08-26","536367845.44","536367845.44","6692321.03","223892502.77","","319167663.70"
"024267","4","2025-12-31","101578609","202000076203","2025-10-01","536367845.44","309607727.46","10565251.20","189641165.98","","130531812.68"
"024267","6","2025-12-31","101578609","202000076203","2025-08-26","423357375.00","423357375.00","10649028.46","303474590.78","","130531812.68"
"026421","4","2025-12-31","10493325","202000082812","2025-10-01","2225819599.15","","23410.47","","","23410.47"
"026421","6","2025-12-31","10493325","202000082812","2025-01-01","","","23410.47","","","23410.47"
"159621","4","2022-12-31","10591967","202000039296","2022-10-01","989434717.00","218434717.00","3000000.00","75000000.00","","146434717.00"
"159621","6","2022-12-31","10591967","202000039296","2022-08-30","989434717.00","989434717.00","9000000.00","852000000.00","","146434717.00"
"159621","1","2023-03-31","10591967","202000039296","2023-01-01","989434717.00","146434717.00","","81000000.00","","65434717.00"
"159621","2","2023-06-30","10591967","202000039296","2023-04-01","989434717.00","65434717.00","","12000000.00","","53434717.00"
"159621","5","2023-06-30","10591967","202000039296","2023-01-01","989434717.00","146434717.00","","93000000.00","","53434717.00"
"159621","3","2023-09-30","10591967","202000039296","2023-07-01","989434717.00","53434717.00","","6000000.00","","47434717.00"
"159621","4","2023-12-31","10591967","202000039296","2023-10-01","989434717.00","47434717.00","15000000.00","","","62434717.00"
"159621","6","2023-12-31","10591967","202000039296","2023-01-01","989434717.00","146434717.00","15000000.00","99000000.00","","62434717.00"
"159621","1","2024-03-31","10591967","202000039296","2024-01-01","989434717.00","62434717.00","3000000.00","9000000.00","","56434717.00"
"159621","2","2024-06-30","10591967","202000039296","2024-04-01","989434717.00","56434717.00","3000000.00","9000000.00","","50434717.00"
"159621","5","2024-06-30","10591967","202000039296","2024-01-01","989434717.00","62434717.00","6000000.00","18000000.00","","50434717.00"
"159621","3","2024-09-30","10591967","202000039296","2024-07-01","989434717.00","50434717.00","36000000.00","24000000.00","","62434717.00"
"159621","4","2024-12-31","10591967","202000039296","2024-10-01","989434717.00","62434717.00","3000000.00","33000000.00","","32434717.00"
"159621","6","2024-12-31","10591967","202000039296","2024-01-01","989434717.00","62434717.00","45000000.00","75000000.00","","32434717.00"
"159621","1","2025-03-31","10591967","202000039296","2025-01-01","989434717.00","32434717.00","","9000000.00","","23434717.00"
"159621","2","2025-06-30","10591967","202000039296","2025-04-01","989434717.00","23434717.00","21000000.00","12000000.00","","32434717.00"
"159621","5","2025-06-30","10591967","202000039296","2025-01-01","989434717.00","32434717.00","21000000.00","21000000.00","","32434717.00"
"159621","3","2025-09-30","10591967","202000039296","2025-07-01","989434717.00","32434717.00","","15000000.00","","17434717.00"
"159621","4","2025-12-31","10591967","202000039296","2025-10-01","989434717.00","17434717.00","3000000.00","3000000.00","","17434717.00"
"159621","6","2025-12-31","10591967","202000039296","2025-01-01","989434717.00","32434717.00","24000000.00","39000000.00","","17434717.00"
"159653","2","2023-06-30","10622604","202000044296","2023-04-01","232972068.00","85972068.00","90000000.00","114000000.00","","61972068.00"
"159653","5","2023-06-30","10622604","202000044296","2023-03-06","232972068.00","232972068.00","93000000.00","264000000.00","","61972068.00"
"159653","3","2023-09-30","10622604","202000044296","2023-07-01","232972068.00","61972068.00","48000000.00","99000000.00","","10972068.00"
"159653","4","2023-12-31","10622604","202000044296","2023-10-01","232972068.00","10972068.00","51000000.00","51000000.00","","10972068.00"
"159653","6","2023-12-31","10622604","202000044296","2023-03-06","232972068.00","232972068.00","192000000.00","414000000.00","","10972068.00"
"159653","1","2024-03-31","10622604","202000044296","2024-01-01","232972068.00","10972068.00","51000000.00","","","61972068.00"
"159653","2","2024-06-30","10622604","202000044296","2024-04-01","232972068.00","61972068.00","","","","61972068.00"
"159653","5","2024-06-30","10622604","202000044296","2024-01-01","232972068.00","10972068.00","51000000.00","","","61972068.00"
"159653","3","2024-09-30","10622604","202000044296","2024-07-01","232972068.00","61972068.00","","","","61972068.00"
"159653","4","2024-12-31","10622604","202000044296","2024-10-01","232972068.00","61972068.00","","3000000.00","","58972068.00"
"159653","6","2024-12-31","10622604","202000044296","2024-01-01","232972068.00","10972068.00","51000000.00","3000000.00","","58972068.00"
"159653","1","2025-03-31","10622604","202000044296","2025-01-01","232972068.00","58972068.00","","","","58972068.00"
"159653","2","2025-06-30","10622604","202000044296","2025-04-01","232972068.00","58972068.00","3000000.00","6000000.00","","55972068.00"
"159653","5","2025-06-30","10622604","202000044296","2025-01-01","232972068.00","58972068.00","3000000.00","6000000.00","","55972068.00"
"159653","3","2025-09-30","10622604","202000044296","2025-07-01","232972068.00","55972068.00","3000000.00","3000000.00","","55972068.00"
"159653","4","2025-12-31","10622604","202000044296","2025-10-01","232972068.00","55972068.00","9000000.00","12000000.00","","52972068.00"
"159653","6","2025-12-31","10622604","202000044296","2025-01-01","232972068.00","58972068.00","15000000.00","21000000.00","","52972068.00"
"159717","4","2021-12-31","10558883","202000031050","2021-10-01","360373183.00","245373183.00","7500000.00","195000000.00","","57873183.00"
"159717","6","2021-12-31","10558883","202000031050","2021-09-15","360373183.00","360373183.00","12500000.00","315000000.00","","57873183.00"
"159717","1","2022-03-31","10558883","202000031050","2022-01-01","360373183.00","57873183.00","7500000.00","12500000.00","","52873183.00"
"159717","2","2022-06-30","10558883","202000031050","2022-04-01","360373183.00","52873183.00","20000000.00","15000000.00","","57873183.00"
"159717","5","2022-06-30","10558883","202000031050","2022-01-01","360373183.00","57873183.00","27500000.00","27500000.00","","57873183.00"
"159717","3","2022-09-30","10558883","202000031050","2022-07-01","360373183.00","57873183.00","15000000.00","10000000.00","","62873183.00"
"159717","4","2022-12-31","10558883","202000031050","2022-10-01","360373183.00","62873183.00","7500000.00","7500000.00","","62873183.00"
"159717","6","2022-12-31","10558883","202000031050","2022-01-01","360373183.00","57873183.00","50000000.00","45000000.00","","62873183.00"
"159717","1","2023-03-31","10558883","202000031050","2023-01-01","360373183.00","62873183.00","12500000.00","7500000.00","","67873183.00"
"159717","2","2023-06-30","10558883","202000031050","2023-04-01","360373183.00","67873183.00","2500000.00","7500000.00","","62873183.00"
"159717","5","2023-06-30","10558883","202000031050","2023-01-01","360373183.00","62873183.00","15000000.00","15000000.00","","62873183.00"
"159717","3","2023-09-30","10558883","202000031050","2023-07-01","360373183.00","62873183.00","2500000.00","5000000.00","","60373183.00"
"159717","4","2023-12-31","10558883","202000031050","2023-10-01","360373183.00","60373183.00","5000000.00","10000000.00","","55373183.00"
"159717","6","2023-12-31","10558883","202000031050","2023-01-01","360373183.00","62873183.00","22500000.00","30000000.00","","55373183.00"
"159717","1","2024-03-31","10558883","202000031050","2024-01-01","360373183.00","55373183.00","27500000.00","22500000.00","","60373183.00"
"159717","2","2024-06-30","10558883","202000031050","2024-04-01","360373183.00","60373183.00","30000000.00","25000000.00","","65373183.00"
"159717","5","2024-06-30","10558883","202000031050","2024-01-01","360373183.00","55373183.00","57500000.00","47500000.00","","65373183.00"
"159717","3","2024-09-30","10558883","202000031050","2024-07-01","360373183.00","65373183.00","5000000.00","12500000.00","","57873183.00"
"159717","4","2024-12-31","10558883","202000031050","2024-10-01","360373183.00","57873183.00","142500000.00","117500000.00","","82873183.00"
"159717","6","2024-12-31","10558883","202000031050","2024-01-01","360373183.00","55373183.00","205000000.00","177500000.00","","82873183.00"
"159717","1","2025-03-31","10558883","202000031050","2025-01-01","360373183.00","82873183.00","","22500000.00","","60373183.00"
"159717","2","2025-06-30","10558883","202000031050","2025-04-01","360373183.00","60373183.00","7500000.00","17500000.00","","50373183.00"
"159717","5","2025-06-30","10558883","202000031050","2025-01-01","360373183.00","82873183.00","7500000.00","40000000.00","","50373183.00"
"159717","3","2025-09-30","10558883","202000031050","2025-07-01","360373183.00","50373183.00","20000000.00","42500000.00","","27873183.00"
"159717","4","2025-12-31","10558883","202000031050","2025-10-01","360373183.00","27873183.00","25000000.00","37500000.00","","15373183.00"
"159717","6","2025-12-31","10558883","202000031050","2025-01-01","360373183.00","82873183.00","52500000.00","120000000.00","","15373183.00"
"159791","2","2022-06-30","10579466","202000036118","2022-04-01","291083347.00","91083347.00","2000000.00","68000000.00","","25083347.00"
"159791","5","2022-06-30","10579466","202000036118","2022-02-24","291083347.00","291083347.00","8000000.00","274000000.00","","25083347.00"
"159791","3","2022-09-30","10579466","202000036118","2022-07-01","291083347.00","25083347.00","42000000.00","48000000.00","","19083347.00"
"159791","4","2022-12-31","10579466","202000036118","2022-10-01","291083347.00","19083347.00","48000000.00","48000000.00","","19083347.00"
"159791","6","2022-12-31","10579466","202000036118","2022-02-24","291083347.00","291083347.00","98000000.00","370000000.00","","19083347.00"
"159791","1","2023-03-31","10579466","202000036118","2023-01-01","291083347.00","19083347.00","104000000.00","66000000.00","","57083347.00"
"159791","2","2023-06-30","10579466","202000036118","2023-04-01","291083347.00","57083347.00","44000000.00","82000000.00","","19083347.00"
"159791","5","2023-06-30","10579466","202000036118","2023-01-01","291083347.00","19083347.00","148000000.00","148000000.00","","19083347.00"
"159791","3","2023-09-30","10579466","202000036118","2023-07-01","291083347.00","19083347.00","44000000.00","46000000.00","","17083347.00"
"159791","4","2023-12-31","10579466","202000036118","2023-10-01","291083347.00","17083347.00","58000000.00","54000000.00","","21083347.00"
"159791","6","2023-12-31","10579466","202000036118","2023-01-01","291083347.00","19083347.00","250000000.00","248000000.00","","21083347.00"
"159791","1","2024-03-31","10579466","202000036118","2024-01-01","291083347.00","21083347.00","42000000.00","42000000.00","","21083347.00"
"159791","2","2024-06-30","10579466","202000036118","2024-04-01","291083347.00","21083347.00","14000000.00","2000000.00","","33083347.00"
"159791","5","2024-06-30","10579466","202000036118","2024-01-01","291083347.00","21083347.00","56000000.00","44000000.00","","33083347.00"
"159791","3","2024-09-30","10579466","202000036118","2024-07-01","291083347.00","33083347.00","4000000.00","4000000.00","","33083347.00"
"159791","4","2024-12-31","10579466","202000036118","2024-10-01","291083347.00","33083347.00","22000000.00","18000000.00","","37083347.00"
"159791","6","2024-12-31","10579466","202000036118","2024-01-01","291083347.00","21083347.00","82000000.00","66000000.00","","37083347.00"
"159791","1","2025-03-31","10579466","202000036118","2025-01-01","291083347.00","37083347.00","2000000.00","4000000.00","","35083347.00"
"159791","2","2025-06-30","10579466","202000036118","2025-04-01","291083347.00","35083347.00","","2000000.00","","33083347.00"
"159791","5","2025-06-30","10579466","202000036118","2025-01-01","291083347.00","37083347.00","2000000.00","6000000.00","","33083347.00"
"159791","3","2025-09-30","10579466","202000036118","2025-07-01","291083347.00","33083347.00","2000000.00","4000000.00","","31083347.00"
"159791","4","2025-12-31","10579466","202000036118","2025-10-01","291083347.00","31083347.00","2000000.00","6000000.00","","27083347.00"
"159791","6","2025-12-31","10579466","202000036118","2025-01-01","291083347.00","37083347.00","6000000.00","16000000.00","","27083347.00"
"501086","4","2019-12-31","10459360","202000021339","2019-10-01","316856306.97","236334713.26","6788403.67","127855597.10","","115267519.83"
"501086","6","2019-12-31","10459360","202000021339","2019-08-21","316856306.97","316856306.97","7030716.82","208619503.96","","115267519.83"
"501086","1","2020-03-31","10459360","202000021339","2020-01-01","316856306.97","115267519.83","3719296.97","73220917.53","","45765899.27"
"501086","2","2020-06-30","10459360","202000021339","2020-04-01","316856306.97","45765899.27","543174.76","12918142.62","","33390931.41"
"501086","5","2020-06-30","10459360","202000021339","2020-01-01","316856306.97","115267519.83","4262471.73","86139060.15","","33390931.41"
"501086","3","2020-09-30","10459360","202000021339","2020-07-01","316856306.97","33390931.41","1801463.17","7838284.24","","27354110.34"
"501086","4","2020-12-31","10459360","202000021339","2020-10-01","316856306.97","27354110.34","1907386.19","6368942.61","","22892553.92"
"501086","6","2020-12-31","10459360","202000021339","2020-01-01","316856306.97","115267519.83","7971321.09","100346287.00","","22892553.92"
"501086","1","2021-03-31","10459360","202000021339","2021-01-01","316856306.97","22892553.92","4165526.29","3629302.00","","23428778.21"
"501086","2","2021-06-30","10459360","202000021339","2021-04-01","316856306.97","23428778.21","5692184.15","3223996.95","","25896965.41"
"501086","5","2021-06-30","10459360","202000021339","2021-01-01","316856306.97","22892553.92","9857710.44","6853298.95","","25896965.41"
"501086","3","2021-09-30","10459360","202000021339","2021-07-01","316856306.97","25896965.41","11639915.61","4512630.86","","33024250.16"
"501086","4","2021-12-31","10459360","202000021339","2021-10-01","316856306.97","33024250.16","495286.40","7539916.36","","25979620.20"
"501086","6","2021-12-31","10459360","202000021339","2021-01-01","316856306.97","22892553.92","21992912.45","18905846.17","","25979620.20"
"501086","1","2022-03-31","10459360","202000021339","2022-01-01","316856306.97","25979620.20","7293069.12","5222227.80","","28050461.52"
"501086","2","2022-06-30","10459360","202000021339","2022-04-01","316856306.97","28050461.52","3615159.75","9588335.05","","22077286.22"
"501086","5","2022-06-30","10459360","202000021339","2022-01-01","316856306.97","25979620.20","10908228.87","14810562.85","","22077286.22"
"501086","3","2022-09-30","10459360","202000021339","2022-07-01","316856306.97","22077286.22","13741187.10","873002.60","","34945470.72"
"501086","4","2022-12-31","10459360","202000021339","2022-10-01","316856306.97","34945470.72","6144167.38","8247324.32","","32842313.78"
"501086","6","2022-12-31","10459360","202000021339","2022-01-01","316856306.97","25979620.20","30793583.35","23930889.77","","32842313.78"
"501086","1","2023-03-31","10459360","202000021339","2023-01-01","316856306.97","32842313.78","3288938.74","9275469.70","","26855782.82"
"501086","2","2023-06-30","10459360","202000021339","2023-04-01","316856306.97","26855782.82","1156702.75","2675938.89","","25336546.68"
"501086","5","2023-06-30","10459360","202000021339","2023-01-01","316856306.97","32842313.78","4445641.49","11951408.59","","25336546.68"
"501086","3","2023-09-30","10459360","202000021339","2023-07-01","316856306.97","25336546.68","91495.36","17605944.42","","7822097.62"
"510990","3","2021-09-30","10542339","202000027956","2021-07-01","294948628.00","294948628.00","24000000.00","234000000.00","","84948628.00"
"510990","4","2021-12-31","10542339","202000027956","2021-10-01","294948628.00","84948628.00","20000000.00","34000000.00","","70948628.00"
"510990","6","2021-12-31","10542339","202000027956","2021-06-18","294948628.00","294948628.00","44000000.00","268000000.00","","70948628.00"
"510990","1","2022-03-31","10542339","202000027956","2022-01-01","294948628.00","70948628.00","32000000.00","26000000.00","","76948628.00"
"510990","2","2022-06-30","10542339","202000027956","2022-04-01","294948628.00","76948628.00","30000000.00","24000000.00","","82948628.00"
"510990","5","2022-06-30","10542339","202000027956","2022-01-01","294948628.00","70948628.00","62000000.00","50000000.00","","82948628.00"
"510990","3","2022-09-30","10542339","202000027956","2022-07-01","294948628.00","82948628.00","20000000.00","28000000.00","","74948628.00"
"510990","4","2022-12-31","10542339","202000027956","2022-10-01","294948628.00","74948628.00","10000000.00","14000000.00","","70948628.00"
"510990","6","2022-12-31","10542339","202000027956","2022-01-01","294948628.00","70948628.00","92000000.00","92000000.00","","70948628.00"
"510990","1","2023-03-31","10542339","202000027956","2023-01-01","294948628.00","70948628.00","14000000.00","12000000.00","","72948628.00"
"510990","2","2023-06-30","10542339","202000027956","2023-04-01","294948628.00","72948628.00","12000000.00","14000000.00","","70948628.00"
"510990","5","2023-06-30","10542339","202000027956","2023-01-01","294948628.00","70948628.00","26000000.00","26000000.00","","70948628.00"
"510990","3","2023-09-30","10542339","202000027956","2023-07-01","294948628.00","70948628.00","","12000000.00","","58948628.00"
"510990","4","2023-12-31","10542339","202000027956","2023-10-01","294948628.00","58948628.00","12000000.00","14000000.00","","56948628.00"
"510990","6","2023-12-31","10542339","202000027956","2023-01-01","294948628.00","70948628.00","38000000.00","52000000.00","","56948628.00"
"510990","1","2024-03-31","10542339","202000027956","2024-01-01","294948628.00","56948628.00","14000000.00","10000000.00","","60948628.00"
"510990","2","2024-06-30","10542339","202000027956","2024-04-01","294948628.00","60948628.00","10000000.00","18000000.00","","52948628.00"
"510990","5","2024-06-30","10542339","202000027956","2024-01-01","294948628.00","56948628.00","24000000.00","28000000.00","","52948628.00"
"510990","3","2024-09-30","10542339","202000027956","2024-07-01","294948628.00","52948628.00","18000000.00","16000000.00","","54948628.00"
"510990","4","2024-12-31","10542339","202000027956","2024-10-01","294948628.00","54948628.00","14000000.00","8000000.00","","60948628.00"
"510990","6","2024-12-31","10542339","202000027956","2024-01-01","294948628.00","56948628.00","56000000.00","52000000.00","","60948628.00"
"510990","1","2025-03-31","10542339","202000027956","2025-01-01","294948628.00","60948628.00","2000000.00","12000000.00","","50948628.00"
"510990","2","2025-06-30","10542339","202000027956","2025-04-01","294948628.00","50948628.00","6000000.00","8000000.00","","48948628.00"
"510990","5","2025-06-30","10542339","202000027956","2025-01-01","294948628.00","60948628.00","8000000.00","20000000.00","","48948628.00"
"510990","3","2025-09-30","10542339","202000027956","2025-07-01","294948628.00","48948628.00","10000000.00","16000000.00","","42948628.00"
"510990","4","2025-12-31","10542339","202000027956","2025-10-01","294948628.00","42948628.00","10000000.00","12000000.00","","40948628.00"
"510990","6","2025-12-31","10542339","202000027956","2025-01-01","294948628.00","60948628.00","28000000.00","48000000.00","","40948628.00"
"516400","3","2021-09-30","10543468","202000028255","2021-07-01","241458957.00","241458957.00","2000000.00","230000000.00","","13458957.00"
"516720","3","2021-09-30","10544999","202000028861","2021-07-22","504337807.00","504337807.00","43500000.00","313500000.00","","234337807.00"
"516720","4","2021-12-31","10544999","202000028861","2021-10-01","504337807.00","234337807.00","7500000.00","94500000.00","","147337807.00"
"516720","6","2021-12-31","10544999","202000028861","2021-07-22","504337807.00","504337807.00","51000000.00","408000000.00","","147337807.00"
"516720","1","2022-03-31","10544999","202000028861","2022-01-01","504337807.00","147337807.00","","49500000.00","","97837807.00"
"516720","2","2022-06-30","10544999","202000028861","2022-04-01","504337807.00","97837807.00","3000000.00","30000000.00","","70837807.00"
"516720","5","2022-06-30","10544999","202000028861","2022-01-01","504337807.00","147337807.00","3000000.00","79500000.00","","70837807.00"
"516720","3","2022-09-30","10544999","202000028861","2022-07-01","504337807.00","70837807.00","","7500000.00","","63337807.00"
"516720","4","2022-12-31","10544999","202000028861","2022-10-01","504337807.00","63337807.00","7500000.00","7500000.00","","63337807.00"
"516720","6","2022-12-31","10544999","202000028861","2022-01-01","504337807.00","147337807.00","10500000.00","94500000.00","","63337807.00"
"516720","1","2023-03-31","10544999","202000028861","2023-01-01","504337807.00","63337807.00","6000000.00","10500000.00","","58837807.00"
"516720","2","2023-06-30","10544999","202000028861","2023-04-01","504337807.00","58837807.00","9000000.00","6000000.00","","61837807.00"
"516720","5","2023-06-30","10544999","202000028861","2023-01-01","504337807.00","63337807.00","15000000.00","16500000.00","","61837807.00"
"516720","3","2023-09-30","10544999","202000028861","2023-07-01","504337807.00","61837807.00","","7500000.00","","54337807.00"
"516720","4","2023-12-31","10544999","202000028861","2023-10-01","504337807.00","54337807.00","4500000.00","7500000.00","","51337807.00"
"516720","6","2023-12-31","10544999","202000028861","2023-01-01","504337807.00","63337807.00","19500000.00","31500000.00","","51337807.00"
"516720","1","2024-03-31","10544999","202000028861","2024-01-01","504337807.00","51337807.00","","7500000.00","","43837807.00"
"516720","2","2024-06-30","10544999","202000028861","2024-04-01","504337807.00","43837807.00","22500000.00","24000000.00","","42337807.00"
"516720","5","2024-06-30","10544999","202000028861","2024-01-01","504337807.00","51337807.00","22500000.00","31500000.00","","42337807.00"
"516720","3","2024-09-30","10544999","202000028861","2024-07-01","504337807.00","42337807.00","3000000.00","6000000.00","","39337807.00"
"516720","4","2024-12-31","10544999","202000028861","2024-10-01","504337807.00","39337807.00","3000000.00","9000000.00","","33337807.00"
"516720","6","2024-12-31","10544999","202000028861","2024-01-01","504337807.00","51337807.00","28500000.00","46500000.00","","33337807.00"
"516720","1","2025-03-31","10544999","202000028861","2025-01-01","504337807.00","33337807.00","3000000.00","9000000.00","","27337807.00"
"516720","2","2025-06-30","10544999","202000028861","2025-04-01","504337807.00","27337807.00","","1500000.00","","25837807.00"
"516720","5","2025-06-30","10544999","202000028861","2025-01-01","504337807.00","33337807.00","3000000.00","10500000.00","","25837807.00"
"516720","3","2025-09-30","10544999","202000028861","2025-07-01","504337807.00","25837807.00","","6000000.00","","19837807.00"
"516720","4","2025-12-31","10544999","202000028861","2025-10-01","504337807.00","19837807.00","","4500000.00","","15337807.00"
"516720","6","2025-12-31","10544999","202000028861","2025-01-01","504337807.00","33337807.00","3000000.00","21000000.00","","15337807.00"
"516830","3","2021-09-30","10543611","202000028363","2021-07-01","552176885.00","552176885.00","57500000.00","145000000.00","","464676885.00"
"516830","4","2021-12-31","10543611","202000028363","2021-10-01","552176885.00","464676885.00","2500000.00","92500000.00","","374676885.00"
"516830","6","2021-12-31","10543611","202000028363","2021-06-24","552176885.00","552176885.00","60000000.00","237500000.00","","374676885.00"
"516830","1","2022-03-31","10543611","202000028363","2022-01-01","552176885.00","374676885.00","","27500000.00","","347176885.00"
"516830","2","2022-06-30","10543611","202000028363","2022-04-01","552176885.00","347176885.00","10000000.00","22500000.00","","334676885.00"
"516830","5","2022-06-30","10543611","202000028363","2022-01-01","552176885.00","374676885.00","10000000.00","50000000.00","","334676885.00"
"516830","3","2022-09-30","10543611","202000028363","2022-07-01","552176885.00","334676885.00","12500000.00","15000000.00","","332176885.00"
"516830","4","2022-12-31","10543611","202000028363","2022-10-01","552176885.00","332176885.00","45000000.00","37500000.00","","339676885.00"
"516830","6","2022-12-31","10543611","202000028363","2022-01-01","552176885.00","374676885.00","67500000.00","102500000.00","","339676885.00"
"516830","1","2023-03-31","10543611","202000028363","2023-01-01","552176885.00","339676885.00","22500000.00","32500000.00","","329676885.00"
"516830","2","2023-06-30","10543611","202000028363","2023-04-01","552176885.00","329676885.00","25000000.00","77500000.00","","277176885.00"
"516830","5","2023-06-30","10543611","202000028363","2023-01-01","552176885.00","339676885.00","47500000.00","110000000.00","","277176885.00"
"516830","3","2023-09-30","10543611","202000028363","2023-07-01","552176885.00","277176885.00","","35000000.00","","242176885.00"
"516830","4","2023-12-31","10543611","202000028363","2023-10-01","552176885.00","242176885.00","2500000.00","5000000.00","","239676885.00"
"516830","6","2023-12-31","10543611","202000028363","2023-01-01","552176885.00","339676885.00","50000000.00","150000000.00","","239676885.00"
"516830","1","2024-03-31","10543611","202000028363","2024-01-01","552176885.00","239676885.00","87500000.00","92500000.00","","234676885.00"
"516830","2","2024-06-30","10543611","202000028363","2024-04-01","552176885.00","234676885.00","25000000.00","30000000.00","","229676885.00"
"516830","5","2024-06-30","10543611","202000028363","2024-01-01","552176885.00","239676885.00","112500000.00","122500000.00","","229676885.00"
"516830","3","2024-09-30","10543611","202000028363","2024-07-01","552176885.00","229676885.00","7500000.00","12500000.00","","224676885.00"
"516830","4","2024-12-31","10543611","202000028363","2024-10-01","552176885.00","224676885.00","50000000.00","72500000.00","","202176885.00"
"516830","6","2024-12-31","10543611","202000028363","2024-01-01","552176885.00","239676885.00","170000000.00","207500000.00","","202176885.00"
"516830","1","2025-03-31","10543611","202000028363","2025-01-01","552176885.00","202176885.00","7500000.00","20000000.00","","189676885.00"
"516830","2","2025-06-30","10543611","202000028363","2025-04-01","552176885.00","189676885.00","62500000.00","5000000.00","","247176885.00"
"516830","5","2025-06-30","10543611","202000028363","2025-01-01","552176885.00","202176885.00","70000000.00","25000000.00","","247176885.00"
"516830","3","2025-09-30","10543611","202000028363","2025-07-01","552176885.00","247176885.00","5000000.00","47500000.00","","204676885.00"
"516830","4","2025-12-31","10543611","202000028363","2025-10-01","552176885.00","204676885.00","2500000.00","50000000.00","","157176885.00"
"516830","6","2025-12-31","10543611","202000028363","2025-01-01","552176885.00","202176885.00","77500000.00","122500000.00","","157176885.00"
"560180","2","2023-06-30","10769384","202000045597","2023-04-13","518103000.00","518103000.00","10000000.00","327500000.00","","200603000.00"
"560180","5","2023-06-30","10769384","202000045597","2023-04-13","518103000.00","518103000.00","10000000.00","327500000.00","","200603000.00"
"560180","3","2023-09-30","10769384","202000045597","2023-07-01","518103000.00","200603000.00","10000000.00","90000000.00","","120603000.00"
"560180","4","2023-12-31","10769384","202000045597","2023-10-01","518103000.00","120603000.00","","10000000.00","","110603000.00"
"560180","6","2023-12-31","10769384","202000045597","2023-04-13","518103000.00","518103000.00","20000000.00","427500000.00","","110603000.00"
"560180","1","2024-03-31","10769384","202000045597","2024-01-01","518103000.00","110603000.00","","10000000.00","","100603000.00"
"560180","2","2024-06-30","10769384","202000045597","2024-04-01","518103000.00","100603000.00","","12500000.00","","88103000.00"
"560180","5","2024-06-30","10769384","202000045597","2024-01-01","518103000.00","110603000.00","","22500000.00","","88103000.00"
"560180","3","2024-09-30","10769384","202000045597","2024-07-01","518103000.00","88103000.00","","10000000.00","","78103000.00"
"560180","4","2024-12-31","10769384","202000045597","2024-10-01","518103000.00","78103000.00","12500000.00","45000000.00","","45603000.00"
"560180","6","2024-12-31","10769384","202000045597","2024-01-01","518103000.00","110603000.00","12500000.00","77500000.00","","45603000.00"
"560180","1","2025-03-31","10769384","202000045597","2025-01-01","518103000.00","45603000.00","","17500000.00","","28103000.00"
"560180","2","2025-06-30","10769384","202000045597","2025-04-01","518103000.00","28103000.00","2500000.00","5000000.00","","25603000.00"
"560180","5","2025-06-30","10769384","202000045597","2025-01-01","518103000.00","45603000.00","2500000.00","22500000.00","","25603000.00"
"560180","3","2025-09-30","10769384","202000045597","2025-07-01","518103000.00","25603000.00","7500000.00","12500000.00","","20603000.00"
"560180","4","2025-12-31","10769384","202000045597","2025-10-01","518103000.00","20603000.00","2500000.00","7500000.00","","15603000.00"
"560180","6","2025-12-31","10769384","202000045597","2025-01-01","518103000.00","45603000.00","12500000.00","42500000.00","","15603000.00"
"560810","1","2025-03-31","101423534","202000064377","2025-01-01","876116009.00","557116009.00","6000000.00","41000000.00","","522116009.00"
"560810","2","2025-06-30","101423534","202000064377","2025-04-01","876116009.00","522116009.00","35000000.00","46000000.00","","511116009.00"
"560810","5","2025-06-30","101423534","202000064377","2025-01-01","876116009.00","557116009.00","41000000.00","87000000.00","","511116009.00"
"560810","3","2025-09-30","101423534","202000064377","2025-07-01","876116009.00","511116009.00","189000000.00","91000000.00","","609116009.00"
"560810","4","2025-12-31","101423534","202000064377","2025-10-01","876116009.00","609116009.00","218000000.00","11000000.00","","816116009.00"
"560810","6","2025-12-31","101423534","202000064377","2025-01-01","876116009.00","557116009.00","448000000.00","189000000.00","","816116009.00"
"561150","3","2022-09-30","10589869","202000038615","2022-07-28","229486619.00","229486619.00","9000000.00","201000000.00","","37486619.00"
"561900","3","2021-09-30","10544723","202000028730","2021-07-06","242334374.00","242334374.00","9000000.00","138000000.00","","113334374.00"
"561900","4","2021-12-31","10544723","202000028730","2021-10-01","242334374.00","113334374.00","9000000.00","36000000.00","","86334374.00"
"561900","6","2021-12-31","10544723","202000028730","2021-07-06","242334374.00","242334374.00","18000000.00","174000000.00","","86334374.00"
"561900","1","2022-03-31","10544723","202000028730","2022-01-01","242334374.00","86334374.00","3000000.00","3000000.00","","86334374.00"
"561900","2","2022-06-30","10544723","202000028730","2022-04-01","242334374.00","86334374.00","6000000.00","9000000.00","","83334374.00"
"561900","5","2022-06-30","10544723","202000028730","2022-01-01","242334374.00","86334374.00","9000000.00","12000000.00","","83334374.00"
"561900","3","2022-09-30","10544723","202000028730","2022-07-01","242334374.00","83334374.00","12000000.00","12000000.00","","83334374.00"
"561900","4","2022-12-31","10544723","202000028730","2022-10-01","242334374.00","83334374.00","3000000.00","9000000.00","","77334374.00"
"561900","6","2022-12-31","10544723","202000028730","2022-01-01","242334374.00","86334374.00","24000000.00","33000000.00","","77334374.00"
"561900","1","2023-03-31","10544723","202000028730","2023-01-01","242334374.00","77334374.00","3000000.00","6000000.00","","74334374.00"
"561900","2","2023-06-30","10544723","202000028730","2023-04-01","242334374.00","74334374.00","6000000.00","","","80334374.00"
"561900","5","2023-06-30","10544723","202000028730","2023-01-01","242334374.00","77334374.00","9000000.00","6000000.00","","80334374.00"
"561900","3","2023-09-30","10544723","202000028730","2023-07-01","242334374.00","80334374.00","","6000000.00","","74334374.00"
"561900","4","2023-12-31","10544723","202000028730","2023-10-01","242334374.00","74334374.00","3000000.00","6000000.00","","71334374.00"
"561900","6","2023-12-31","10544723","202000028730","2023-01-01","242334374.00","77334374.00","12000000.00","18000000.00","","71334374.00"
"561900","1","2024-03-31","10544723","202000028730","2024-01-01","242334374.00","71334374.00","6000000.00","","","77334374.00"
"561900","2","2024-06-30","10544723","202000028730","2024-04-01","242334374.00","77334374.00","","6000000.00","","71334374.00"
"561900","5","2024-06-30","10544723","202000028730","2024-01-01","242334374.00","71334374.00","6000000.00","6000000.00","","71334374.00"
"561900","3","2024-09-30","10544723","202000028730","2024-07-01","242334374.00","71334374.00","3000000.00","","","74334374.00"
"561900","4","2024-12-31","10544723","202000028730","2024-10-01","242334374.00","74334374.00","24000000.00","30000000.00","","68334374.00"
"561900","6","2024-12-31","10544723","202000028730","2024-01-01","242334374.00","71334374.00","33000000.00","36000000.00","","68334374.00"
"561900","1","2025-03-31","10544723","202000028730","2025-01-01","242334374.00","68334374.00","3000000.00","12000000.00","","59334374.00"
"561900","2","2025-06-30","10544723","202000028730","2025-04-01","242334374.00","59334374.00","6000000.00","21000000.00","","44334374.00"
"561900","5","2025-06-30","10544723","202000028730","2025-01-01","242334374.00","68334374.00","9000000.00","33000000.00","","44334374.00"
"561900","3","2025-09-30","10544723","202000028730","2025-07-01","242334374.00","44334374.00","15000000.00","24000000.00","","35334374.00"
"561900","4","2025-12-31","10544723","202000028730","2025-10-01","242334374.00","35334374.00","","","","35334374.00"
"561900","6","2025-12-31","10544723","202000028730","2025-01-01","242334374.00","68334374.00","24000000.00","57000000.00","","35334374.00"
