[web] started_at=2026-04-13 15:50:12 pid=51776
2026-04-13 15:50:14.083822: I tensorflow/core/util/port.cc:113] oneDNN custom operations are on. You may see slightly different numerical results due to floating-point round-off errors from different computation orders. To turn them off, set the environment variable `TF_ENABLE_ONEDNN_OPTS=0`.
WARNING:tensorflow:From F:\ProgramData\anaconda3\envs\oilprice\lib\site-packages\keras\src\losses.py:2976: The name tf.losses.sparse_softmax_cross_entropy is deprecated. Please use tf.compat.v1.losses.sparse_softmax_cross_entropy instead.

开始油价预测特征工程...
输入数据形状: (5113, 12)
添加油价自身特征...
添加金融市场特征...
添加基本面特征...
添加技术指标特征...
添加波动率特征...
添加市场结构特征...
添加季节性特征...
添加市场情绪特征...
添加地缘大事件影响特征...
添加衍生关系特征...
确保特征因果性...
对 8 个未滞后特征应用 shift(1): ['VIX_Level', 'OVX_Level', 'Basis', 'Market_Structure', 'Oil_Search_Trend']...
特征工程完成，特征总数: 162

特征分类统计:
  价格特征: 38个特征
  收益率特征: 6个特征
  技术指标: 32个特征
  波动率特征: 19个特征
  金融市场: 25个特征
  基本面: 20个特征
  市场结构: 6个特征
  季节性: 12个特征
  情绪特征: 11个特征
  衍生关系: 15个特征

原始数据形状: (5113, 12)
特征工程后数据形状: (5113, 162)
新增特征数量: 150

前5行数据（部分列）:
            WTI_Futures  WTI_Futures_Return  ...  Volatility_20d  Month
Date                                         ...                       
2010-01-01    70.496714                 NaN  ...             NaN      1
2010-01-02    70.358450           -0.001963  ...             NaN      1
2010-01-03    71.006138            0.009163  ...             NaN      1
2010-01-04    72.529168            0.021222  ...             NaN      1
2010-01-05    72.295015           -0.003234  ...             NaN      1

[5 rows x 7 columns]
================================================================================
多变量油价预测系统（按时间序列最佳实践）
================================================================================
============================================================
开始加载所有数据...
============================================================
加载WTI价格数据...
加载金融数据...
加载供给侧数据...
  已加载活跃钻井机数量 (Rigs)
  已加载地缘大事件 (GeoEvent)，事件日数: 20
数据形状: (2841, 15)
开始油价预测特征工程...
输入数据形状: (2841, 15)
添加油价自身特征...
添加金融市场特征...
添加基本面特征...
添加技术指标特征...
添加波动率特征...
添加市场结构特征...
添加季节性特征...
添加市场情绪特征...
添加地缘大事件影响特征...
添加衍生关系特征...
确保特征因果性...
对 8 个未滞后特征应用 shift(1): ['VIX_Level', 'OVX_Level', 'Basis', 'Market_Structure', 'Oil_Search_Trend']...
特征工程完成，特征总数: 173
按日期切分: Train_end=2020-12-31, Val_end=2022-12-31

数据切分: Train=1541, Val=516, Test=784

=== Step 3: 随机森林特征选择 Top-15 ===
  选中特征数: 15
  Top 特征:
     1. WTI_Futures
     2. US10Y
     3. WTI_Futures_Lag1
     4. Stocks_MA_20
     5. BB_Lower_20
     6. BB_Upper_20
     7. Inventory_Price_Ratio
     8. Basis
     9. WTI_Futures_MA_10
    10. WTI_Futures_Lag2
    11. WTI_Futures_MA_5
    12. WTI_Spot
    13. WTI_Futures_MA_20
    14. MACD
    15. WTI_Futures_Lag20

数据清洗后: Train=930, Val=275, Test=425

已保存所有特征总表到 C:\Users\12725\Desktop\大宗绿测_基于油价因子的绿色金融产品预测与风险分析 - 副本\技术文档\源代码\web_runs\run_20260413_155012_top15\all_features_data.csv，行数=1630，列数=18

最终特征数: 15

已保存模型输入总表到 C:\Users\12725\Desktop\大宗绿测_基于油价因子的绿色金融产品预测与风险分析 - 副本\技术文档\源代码\web_runs\run_20260413_155012_top15\model_input_data.csv，行数=1630，列数=18

训练GRU...
WARNING:tensorflow:From F:\ProgramData\anaconda3\envs\oilprice\lib\site-packages\keras\src\backend.py:873: The name tf.get_default_graph is deprecated. Please use tf.compat.v1.get_default_graph instead.

2026-04-13 15:50:46.298393: I tensorflow/core/platform/cpu_feature_guard.cc:182] This TensorFlow binary is optimized to use available CPU instructions in performance-critical operations.
To enable the following instructions: SSE SSE2 SSE3 SSE4.1 SSE4.2 AVX2 AVX_VNNI FMA, in other operations, rebuild TensorFlow with the appropriate compiler flags.
Epoch 1/200
WARNING:tensorflow:From F:\ProgramData\anaconda3\envs\oilprice\lib\site-packages\keras\src\utils\tf_utils.py:492: The name tf.ragged.RaggedTensorValue is deprecated. Please use tf.compat.v1.ragged.RaggedTensorValue instead.

WARNING:tensorflow:From F:\ProgramData\anaconda3\envs\oilprice\lib\site-packages\keras\src\engine\base_layer_utils.py:384: The name tf.executing_eagerly_outside_functions is deprecated. Please use tf.compat.v1.executing_eagerly_outside_functions instead.


 1/29 [>.............................] - ETA: 1:13 - loss: 0.4518 - mae: 0.9495
 3/29 [==>...........................] - ETA: 1s - loss: 0.2629 - mae: 0.6216  
 5/29 [====>.........................] - ETA: 1s - loss: 0.1660 - mae: 0.4417
 6/29 [=====>........................] - ETA: 1s - loss: 0.1441 - mae: 0.4093
 8/29 [=======>......................] - ETA: 0s - loss: 0.1116 - mae: 0.3401
 9/29 [========>.....................] - ETA: 0s - loss: 0.1014 - mae: 0.3228
10/29 [=========>....................] - ETA: 0s - loss: 0.0927 - mae: 0.3063
11/29 [==========>...................] - ETA: 0s - loss: 0.0851 - mae: 0.2881
12/29 [===========>..................] - ETA: 0s - loss: 0.0784 - mae: 0.2703
13/29 [============>.................] - ETA: 0s - loss: 0.0738 - mae: 0.2627
14/29 [=============>................] - ETA: 0s - loss: 0.0700 - mae: 0.2573
16/29 [===============>..............] - ETA: 0s - loss: 0.0626 - mae: 0.2400
18/29 [=================>............] - ETA: 0s - loss: 0.0566 - mae: 0.2253
20/29 [===================>..........] - ETA: 0s - loss: 0.0527 - mae: 0.2190
21/29 [====================>.........] - ETA: 0s - loss: 0.0504 - mae: 0.2125
22/29 [=====================>........] - ETA: 0s - loss: 0.0483 - mae: 0.2062
23/29 [======================>.......] - ETA: 0s - loss: 0.0468 - mae: 0.2040
24/29 [=======================>......] - ETA: 0s - loss: 0.0454 - mae: 0.2011
25/29 [========================>.....] - ETA: 0s - loss: 0.0438 - mae: 0.1973
27/29 [==========================>...] - ETA: 0s - loss: 0.0413 - mae: 0.1927
29/29 [==============================] - ETA: 0s - loss: 0.0397 - mae: 0.1871
29/29 [==============================] - 5s 72ms/step - loss: 0.0397 - mae: 0.1871 - val_loss: 0.0046 - val_mae: 0.0917 - lr: 0.0030
Epoch 2/200

 1/29 [>.............................] - ETA: 1s - loss: 0.1879 - mae: 0.6064
 3/29 [==>...........................] - ETA: 1s - loss: 0.0852 - mae: 0.3519
 4/29 [===>..........................] - ETA: 1s - loss: 0.0765 - mae: 0.3353
 6/29 [=====>........................] - ETA: 1s - loss: 0.0605 - mae: 0.2952
 8/29 [=======>......................] - ETA: 1s - loss: 0.0466 - mae: 0.2416
 9/29 [========>.....................] - ETA: 0s - loss: 0.0425 - mae: 0.2283
10/29 [=========>....................] - ETA: 0s - loss: 0.0396 - mae: 0.2207
11/29 [==========>...................] - ETA: 0s - loss: 0.0365 - mae: 0.2078
13/29 [============>.................] - ETA: 0s - loss: 0.0319 - mae: 0.1906
15/29 [==============>...............] - ETA: 0s - loss: 0.0283 - mae: 0.1761
17/29 [================>.............] - ETA: 0s - loss: 0.0260 - mae: 0.1660
18/29 [=================>............] - ETA: 0s - loss: 0.0251 - mae: 0.1619
20/29 [===================>..........] - ETA: 0s - loss: 0.0231 - mae: 0.1550
21/29 [====================>.........] - ETA: 0s - loss: 0.0222 - mae: 0.1510
22/29 [=====================>........] - ETA: 0s - loss: 0.0214 - mae: 0.1471
23/29 [======================>.......] - ETA: 0s - loss: 0.0206 - mae: 0.1429
25/29 [========================>.....] - ETA: 0s - loss: 0.0201 - mae: 0.1407
27/29 [==========================>...] - ETA: 0s - loss: 0.0201 - mae: 0.1417
28/29 [===========================>..] - ETA: 0s - loss: 0.0201 - mae: 0.1428
29/29 [==============================] - 2s 52ms/step - loss: 0.0200 - mae: 0.1424 - val_loss: 0.0012 - val_mae: 0.0405 - lr: 0.0030
Epoch 3/200

 1/29 [>.............................] - ETA: 1s - loss: 0.0745 - mae: 0.3734
 3/29 [==>...........................] - ETA: 1s - loss: 0.0448 - mae: 0.2563
 4/29 [===>..........................] - ETA: 1s - loss: 0.0477 - mae: 0.2686
 5/29 [====>.........................] - ETA: 1s - loss: 0.0435 - mae: 0.2577
 6/29 [=====>........................] - ETA: 1s - loss: 0.0374 - mae: 0.2316
 7/29 [======>.......................] - ETA: 1s - loss: 0.0330 - mae: 0.2106
 9/29 [========>.....................] - ETA: 0s - loss: 0.0287 - mae: 0.1964
11/29 [==========>...................] - ETA: 0s - loss: 0.0256 - mae: 0.1850
13/29 [============>.................] - ETA: 0s - loss: 0.0222 - mae: 0.1660
15/29 [==============>...............] - ETA: 0s - loss: 0.0205 - mae: 0.1578
17/29 [================>.............] - ETA: 0s - loss: 0.0188 - mae: 0.1481
19/29 [==================>...........] - ETA: 0s - loss: 0.0176 - mae: 0.1416
21/29 [====================>.........] - ETA: 0s - loss: 0.0166 - mae: 0.1372
22/29 [=====================>........] - ETA: 0s - loss: 0.0161 - mae: 0.1349
23/29 [======================>.......] - ETA: 0s - loss: 0.0156 - mae: 0.1320
24/29 [=======================>......] - ETA: 0s - loss: 0.0154 - mae: 0.1307
26/29 [=========================>....] - ETA: 0s - loss: 0.0148 - mae: 0.1302
28/29 [===========================>..] - ETA: 0s - loss: 0.0140 - mae: 0.1260
29/29 [==============================] - 1s 52ms/step - loss: 0.0139 - mae: 0.1255 - val_loss: 8.8040e-04 - val_mae: 0.0352 - lr: 0.0030
Epoch 4/200

 1/29 [>.............................] - ETA: 1s - loss: 0.0922 - mae: 0.4264
 3/29 [==>...........................] - ETA: 1s - loss: 0.0454 - mae: 0.2596
 4/29 [===>..........................] - ETA: 1s - loss: 0.0465 - mae: 0.2661
 6/29 [=====>........................] - ETA: 1s - loss: 0.0347 - mae: 0.2193
 8/29 [=======>......................] - ETA: 0s - loss: 0.0273 - mae: 0.1859
10/29 [=========>....................] - ETA: 0s - loss: 0.0244 - mae: 0.1784
12/29 [===========>..................] - ETA: 0s - loss: 0.0214 - mae: 0.1646
14/29 [=============>................] - ETA: 0s - loss: 0.0222 - mae: 0.1723
16/29 [===============>..............] - ETA: 0s - loss: 0.0208 - mae: 0.1662
18/29 [=================>............] - ETA: 0s - loss: 0.0205 - mae: 0.1673
20/29 [===================>..........] - ETA: 0s - loss: 0.0202 - mae: 0.1682
22/29 [=====================>........] - ETA: 0s - loss: 0.0186 - mae: 0.1586
24/29 [=======================>......] - ETA: 0s - loss: 0.0178 - mae: 0.1544
26/29 [=========================>....] - ETA: 0s - loss: 0.0175 - mae: 0.1518
28/29 [===========================>..] - ETA: 0s - loss: 0.0163 - mae: 0.1426
29/29 [==============================] - 1s 48ms/step - loss: 0.0162 - mae: 0.1421 - val_loss: 0.0127 - val_mae: 0.1523 - lr: 0.0030
Epoch 5/200

 1/29 [>.............................] - ETA: 1s - loss: 0.0138 - mae: 0.1189
 3/29 [==>...........................] - ETA: 1s - loss: 0.0123 - mae: 0.1227
 4/29 [===>..........................] - ETA: 1s - loss: 0.0123 - mae: 0.1266
 6/29 [=====>........................] - ETA: 1s - loss: 0.0100 - mae: 0.1146
 8/29 [=======>......................] - ETA: 0s - loss: 0.0082 - mae: 0.0997
10/29 [=========>....................] - ETA: 0s - loss: 0.0074 - mae: 0.0940
12/29 [===========>..................] - ETA: 0s - loss: 0.0067 - mae: 0.0896
14/29 [=============>................] - ETA: 0s - loss: 0.0062 - mae: 0.0849
16/29 [===============>..............] - ETA: 0s - loss: 0.0059 - mae: 0.0827
18/29 [=================>............] - ETA: 0s - loss: 0.0056 - mae: 0.0813
20/29 [===================>..........] - ETA: 0s - loss: 0.0056 - mae: 0.0824
22/29 [=====================>........] - ETA: 0s - loss: 0.0054 - mae: 0.0807
24/29 [=======================>......] - ETA: 0s - loss: 0.0053 - mae: 0.0795
26/29 [=========================>....] - ETA: 0s - loss: 0.0059 - mae: 0.0854
27/29 [==========================>...] - ETA: 0s - loss: 0.0059 - mae: 0.0862
29/29 [==============================] - ETA: 0s - loss: 0.0057 - mae: 0.0856
29/29 [==============================] - 1s 48ms/step - loss: 0.0057 - mae: 0.0856 - val_loss: 0.0014 - val_mae: 0.0411 - lr: 0.0030
Epoch 6/200

 1/29 [>.............................] - ETA: 1s - loss: 0.1044 - mae: 0.4493
 3/29 [==>...........................] - ETA: 1s - loss: 0.0595 - mae: 0.2983
 5/29 [====>.........................] - ETA: 1s - loss: 0.0406 - mae: 0.2347
 7/29 [======>.......................] - ETA: 0s - loss: 0.0365 - mae: 0.2270
 9/29 [========>.....................] - ETA: 0s - loss: 0.0303 - mae: 0.2018
11/29 [==========>...................] - ETA: 0s - loss: 0.0261 - mae: 0.1834
13/29 [============>.................] - ETA: 0s - loss: 0.0239 - mae: 0.1783
15/29 [==============>...............] - ETA: 0s - loss: 0.0221 - mae: 0.1715
17/29 [================>.............] - ETA: 0s - loss: 0.0198 - mae: 0.1577
19/29 [==================>...........] - ETA: 0s - loss: 0.0183 - mae: 0.1507
21/29 [====================>.........] - ETA: 0s - loss: 0.0169 - mae: 0.1434
23/29 [======================>.......] - ETA: 0s - loss: 0.0156 - mae: 0.1352
25/29 [========================>.....] - ETA: 0s - loss: 0.0149 - mae: 0.1311
27/29 [==========================>...] - ETA: 0s - loss: 0.0139 - mae: 0.1236
29/29 [==============================] - ETA: 0s - loss: 0.0133 - mae: 0.1190
29/29 [==============================] - 1s 47ms/step - loss: 0.0133 - mae: 0.1190 - val_loss: 2.6949e-04 - val_mae: 0.0167 - lr: 0.0030
Epoch 7/200

 1/29 [>.............................] - ETA: 1s - loss: 0.0661 - mae: 0.3569
 3/29 [==>...........................] - ETA: 1s - loss: 0.0340 - mae: 0.2190
 5/29 [====>.........................] - ETA: 1s - loss: 0.0231 - mae: 0.1713
 7/29 [======>.......................] - ETA: 0s - loss: 0.0210 - mae: 0.1697
 9/29 [========>.....................] - ETA: 0s - loss: 0.0179 - mae: 0.1557
10/29 [=========>....................] - ETA: 0s - loss: 0.0163 - mae: 0.1452
12/29 [===========>..................] - ETA: 0s - loss: 0.0144 - mae: 0.1357
14/29 [=============>................] - ETA: 0s - loss: 0.0133 - mae: 0.1314
16/29 [===============>..............] - ETA: 0s - loss: 0.0122 - mae: 0.1249
18/29 [=================>............] - ETA: 0s - loss: 0.0114 - mae: 0.1194
20/29 [===================>..........] - ETA: 0s - loss: 0.0106 - mae: 0.1142
22/29 [=====================>........] - ETA: 0s - loss: 0.0099 - mae: 0.1092
24/29 [=======================>......] - ETA: 0s - loss: 0.0092 - mae: 0.1044
25/29 [========================>.....] - ETA: 0s - loss: 0.0089 - mae: 0.1024
27/29 [==========================>...] - ETA: 0s - loss: 0.0083 - mae: 0.0961
29/29 [==============================] - ETA: 0s - loss: 0.0080 - mae: 0.0930
29/29 [==============================] - 1s 48ms/step - loss: 0.0080 - mae: 0.0930 - val_loss: 0.0059 - val_mae: 0.0895 - lr: 0.0030
Epoch 8/200

 1/29 [>.............................] - ETA: 1s - loss: 0.0219 - mae: 0.1715
 3/29 [==>...........................] - ETA: 1s - loss: 0.0122 - mae: 0.1182
 5/29 [====>.........................] - ETA: 1s - loss: 0.0085 - mae: 0.0940
 7/29 [======>.......................] - ETA: 0s - loss: 0.0065 - mae: 0.0800
 9/29 [========>.....................] - ETA: 0s - loss: 0.0057 - mae: 0.0762
11/29 [==========>...................] - ETA: 0s - loss: 0.0051 - mae: 0.0724
13/29 [============>.................] - ETA: 0s - loss: 0.0046 - mae: 0.0670
15/29 [==============>...............] - ETA: 0s - loss: 0.0043 - mae: 0.0658
17/29 [================>.............] - ETA: 0s - loss: 0.0041 - mae: 0.0649
19/29 [==================>...........] - ETA: 0s - loss: 0.0041 - mae: 0.0655
21/29 [====================>.........] - ETA: 0s - loss: 0.0044 - mae: 0.0695
23/29 [======================>.......] - ETA: 0s - loss: 0.0043 - mae: 0.0696
25/29 [========================>.....] - ETA: 0s - loss: 0.0041 - mae: 0.0672
27/29 [==========================>...] - ETA: 0s - loss: 0.0038 - mae: 0.0632
29/29 [==============================] - ETA: 0s - loss: 0.0037 - mae: 0.0611
29/29 [==============================] - 1s 46ms/step - loss: 0.0037 - mae: 0.0611 - val_loss: 0.0397 - val_mae: 0.2508 - lr: 0.0030
Epoch 9/200

 1/29 [>.............................] - ETA: 1s - loss: 0.0229 - mae: 0.1856
 3/29 [==>...........................] - ETA: 1s - loss: 0.0130 - mae: 0.1319
 5/29 [====>.........................] - ETA: 1s - loss: 0.0098 - mae: 0.1122
 7/29 [======>.......................] - ETA: 0s - loss: 0.0099 - mae: 0.1193
 9/29 [========>.....................] - ETA: 0s - loss: 0.0089 - mae: 0.1119
11/29 [==========>...................] - ETA: 0s - loss: 0.0076 - mae: 0.0988
13/29 [============>.................] - ETA: 0s - loss: 0.0070 - mae: 0.0959
15/29 [==============>...............] - ETA: 0s - loss: 0.0068 - mae: 0.0951
17/29 [================>.............] - ETA: 0s - loss: 0.0064 - mae: 0.0919
19/29 [==================>...........] - ETA: 0s - loss: 0.0061 - mae: 0.0887
21/29 [====================>.........] - ETA: 0s - loss: 0.0059 - mae: 0.0863
23/29 [======================>.......] - ETA: 0s - loss: 0.0055 - mae: 0.0825
25/29 [========================>.....] - ETA: 0s - loss: 0.0054 - mae: 0.0814
27/29 [==========================>...] - ETA: 0s - loss: 0.0051 - mae: 0.0791
29/29 [==============================] - ETA: 0s - loss: 0.0049 - mae: 0.0775
29/29 [==============================] - 1s 47ms/step - loss: 0.0049 - mae: 0.0775 - val_loss: 0.0036 - val_mae: 0.0814 - lr: 0.0030
Epoch 10/200

 1/29 [>.............................] - ETA: 1s - loss: 0.0338 - mae: 0.2488
 3/29 [==>...........................] - ETA: 1s - loss: 0.0196 - mae: 0.1670
 5/29 [====>.........................] - ETA: 1s - loss: 0.0152 - mae: 0.1456
 7/29 [======>.......................] - ETA: 0s - loss: 0.0126 - mae: 0.1323
 9/29 [========>.....................] - ETA: 0s - loss: 0.0105 - mae: 0.1179
10/29 [=========>....................] - ETA: 0s - loss: 0.0096 - mae: 0.1100
12/29 [===========>..................] - ETA: 0s - loss: 0.0087 - mae: 0.1049
13/29 [============>.................] - ETA: 0s - loss: 0.0084 - mae: 0.1027
15/29 [==============>...............] - ETA: 0s - loss: 0.0076 - mae: 0.0969
17/29 [================>.............] - ETA: 0s - loss: 0.0071 - mae: 0.0929
18/29 [=================>............] - ETA: 0s - loss: 0.0070 - mae: 0.0920
19/29 [==================>...........] - ETA: 0s - loss: 0.0068 - mae: 0.0912
21/29 [====================>.........] - ETA: 0s - loss: 0.0064 - mae: 0.0878
22/29 [=====================>........] - ETA: 0s - loss: 0.0062 - mae: 0.0862
24/29 [=======================>......] - ETA: 0s - loss: 0.0059 - mae: 0.0836
25/29 [========================>.....] - ETA: 0s - loss: 0.0060 - mae: 0.0842
27/29 [==========================>...] - ETA: 0s - loss: 0.0056 - mae: 0.0816
29/29 [==============================] - ETA: 0s - loss: 0.0054 - mae: 0.0794
29/29 [==============================] - 1s 49ms/step - loss: 0.0054 - mae: 0.0794 - val_loss: 0.0051 - val_mae: 0.0854 - lr: 0.0030
Epoch 11/200

 1/29 [>.............................] - ETA: 1s - loss: 0.0183 - mae: 0.1520
 3/29 [==>...........................] - ETA: 1s - loss: 0.0098 - mae: 0.0986
 4/29 [===>..........................] - ETA: 1s - loss: 0.0087 - mae: 0.0961
 6/29 [=====>........................] - ETA: 1s - loss: 0.0062 - mae: 0.0771
 7/29 [======>.......................] - ETA: 1s - loss: 0.0056 - mae: 0.0732
 9/29 [========>.....................] - ETA: 0s - loss: 0.0049 - mae: 0.0696
11/29 [==========>...................] - ETA: 0s - loss: 0.0042 - mae: 0.0645
12/29 [===========>..................] - ETA: 0s - loss: 0.0041 - mae: 0.0633
13/29 [============>.................] - ETA: 0s - loss: 0.0038 - mae: 0.0612
14/29 [=============>................] - ETA: 0s - loss: 0.0036 - mae: 0.0600
16/29 [===============>..............] - ETA: 0s - loss: 0.0036 - mae: 0.0607
17/29 [================>.............] - ETA: 0s - loss: 0.0035 - mae: 0.0600
19/29 [==================>...........] - ETA: 0s - loss: 0.0034 - mae: 0.0602
20/29 [===================>..........] - ETA: 0s - loss: 0.0035 - mae: 0.0616
21/29 [====================>.........] - ETA: 0s - loss: 0.0036 - mae: 0.0623
22/29 [=====================>........] - ETA: 0s - loss: 0.0035 - mae: 0.0612
23/29 [======================>.......] - ETA: 0s - loss: 0.0034 - mae: 0.0605
24/29 [=======================>......] - ETA: 0s - loss: 0.0034 - mae: 0.0608
25/29 [========================>.....] - ETA: 0s - loss: 0.0041 - mae: 0.0653
27/29 [==========================>...] - ETA: 0s - loss: 0.0045 - mae: 0.0702
28/29 [===========================>..] - ETA: 0s - loss: 0.0044 - mae: 0.0699
29/29 [==============================] - 2s 53ms/step - loss: 0.0044 - mae: 0.0696 - val_loss: 0.0158 - val_mae: 0.1608 - lr: 0.0030
Epoch 12/200

 1/29 [>.............................] - ETA: 1s - loss: 0.0067 - mae: 0.0879
 3/29 [==>...........................] - ETA: 1s - loss: 0.0060 - mae: 0.0889
 5/29 [====>.........................] - ETA: 1s - loss: 0.0042 - mae: 0.0716
 7/29 [======>.......................] - ETA: 0s - loss: 0.0041 - mae: 0.0726
 9/29 [========>.....................] - ETA: 0s - loss: 0.0036 - mae: 0.0683
11/29 [==========>...................] - ETA: 0s - loss: 0.0032 - mae: 0.0622
13/29 [============>.................] - ETA: 0s - loss: 0.0030 - mae: 0.0607
15/29 [==============>...............] - ETA: 0s - loss: 0.0031 - mae: 0.0634
17/29 [================>.............] - ETA: 0s - loss: 0.0032 - mae: 0.0639
19/29 [==================>...........] - ETA: 0s - loss: 0.0033 - mae: 0.0640
21/29 [====================>.........] - ETA: 0s - loss: 0.0032 - mae: 0.0629
23/29 [======================>.......] - ETA: 0s - loss: 0.0031 - mae: 0.0610
25/29 [========================>.....] - ETA: 0s - loss: 0.0033 - mae: 0.0641
27/29 [==========================>...] - ETA: 0s - loss: 0.0033 - mae: 0.0659
29/29 [==============================] - ETA: 0s - loss: 0.0033 - mae: 0.0660
29/29 [==============================] - 1s 49ms/step - loss: 0.0033 - mae: 0.0660 - val_loss: 0.0060 - val_mae: 0.1034 - lr: 0.0030
Epoch 13/200

 1/29 [>.............................] - ETA: 1s - loss: 0.0209 - mae: 0.1723
 3/29 [==>...........................] - ETA: 1s - loss: 0.0099 - mae: 0.1049
 5/29 [====>.........................] - ETA: 1s - loss: 0.0076 - mae: 0.0917
 7/29 [======>.......................] - ETA: 1s - loss: 0.0062 - mae: 0.0831
 9/29 [========>.....................] - ETA: 0s - loss: 0.0051 - mae: 0.0746
11/29 [==========>...................] - ETA: 0s - loss: 0.0047 - mae: 0.0724
13/29 [============>.................] - ETA: 0s - loss: 0.0044 - mae: 0.0701
15/29 [==============>...............] - ETA: 0s - loss: 0.0044 - mae: 0.0707
17/29 [================>.............] - ETA: 0s - loss: 0.0044 - mae: 0.0715
19/29 [==================>...........] - ETA: 0s - loss: 0.0042 - mae: 0.0699
21/29 [====================>.........] - ETA: 0s - loss: 0.0047 - mae: 0.0758
23/29 [======================>.......] - ETA: 0s - loss: 0.0045 - mae: 0.0739
25/29 [========================>.....] - ETA: 0s - loss: 0.0044 - mae: 0.0719
27/29 [==========================>...] - ETA: 0s - loss: 0.0041 - mae: 0.0682
29/29 [==============================] - ETA: 0s - loss: 0.0039 - mae: 0.0660
29/29 [==============================] - 1s 49ms/step - loss: 0.0039 - mae: 0.0660 - val_loss: 0.0321 - val_mae: 0.2277 - lr: 0.0030
Epoch 14/200

 1/29 [>.............................] - ETA: 1s - loss: 0.0188 - mae: 0.1619
 3/29 [==>...........................] - ETA: 1s - loss: 0.0121 - mae: 0.1283
 5/29 [====>.........................] - ETA: 1s - loss: 0.0083 - mae: 0.0986
 7/29 [======>.......................] - ETA: 1s - loss: 0.0081 - mae: 0.1027
 9/29 [========>.....................] - ETA: 0s - loss: 0.0074 - mae: 0.0994
11/29 [==========>...................] - ETA: 0s - loss: 0.0063 - mae: 0.0884
13/29 [============>.................] - ETA: 0s - loss: 0.0058 - mae: 0.0853
15/29 [==============>...............] - ETA: 0s - loss: 0.0053 - mae: 0.0819
17/29 [================>.............] - ETA: 0s - loss: 0.0051 - mae: 0.0792
19/29 [==================>...........] - ETA: 0s - loss: 0.0049 - mae: 0.0787
21/29 [====================>.........] - ETA: 0s - loss: 0.0047 - mae: 0.0770
23/29 [======================>.......] - ETA: 0s - loss: 0.0046 - mae: 0.0757
25/29 [========================>.....] - ETA: 0s - loss: 0.0045 - mae: 0.0751
27/29 [==========================>...] - ETA: 0s - loss: 0.0042 - mae: 0.0717
29/29 [==============================] - ETA: 0s - loss: 0.0041 - mae: 0.0699
29/29 [==============================] - 1s 47ms/step - loss: 0.0041 - mae: 0.0699 - val_loss: 9.1224e-04 - val_mae: 0.0388 - lr: 0.0030
Epoch 15/200

 1/29 [>.............................] - ETA: 1s - loss: 0.0940 - mae: 0.4264
 3/29 [==>...........................] - ETA: 1s - loss: 0.0472 - mae: 0.2597
 5/29 [====>.........................] - ETA: 1s - loss: 0.0368 - mae: 0.2316
 7/29 [======>.......................] - ETA: 0s - loss: 0.0297 - mae: 0.2057
 9/29 [========>.....................] - ETA: 0s - loss: 0.0238 - mae: 0.1734
11/29 [==========>...................] - ETA: 0s - loss: 0.0212 - mae: 0.1660
13/29 [============>.................] - ETA: 0s - loss: 0.0190 - mae: 0.1568
15/29 [==============>...............] - ETA: 0s - loss: 0.0167 - mae: 0.1427
17/29 [================>.............] - ETA: 0s - loss: 0.0154 - mae: 0.1363
19/29 [==================>...........] - ETA: 0s - loss: 0.0142 - mae: 0.1300
21/29 [====================>.........] - ETA: 0s - loss: 0.0131 - mae: 0.1229
23/29 [======================>.......] - ETA: 0s - loss: 0.0122 - mae: 0.1169
25/29 [========================>.....] - ETA: 0s - loss: 0.0113 - mae: 0.1101
27/29 [==========================>...] - ETA: 0s - loss: 0.0105 - mae: 0.1031
29/29 [==============================] - ETA: 0s - loss: 0.0101 - mae: 0.0998
29/29 [==============================] - 1s 47ms/step - loss: 0.0101 - mae: 0.0998 - val_loss: 0.0080 - val_mae: 0.1248 - lr: 0.0030
Epoch 16/200

 1/29 [>.............................] - ETA: 1s - loss: 0.0231 - mae: 0.1858
 3/29 [==>...........................] - ETA: 1s - loss: 0.0132 - mae: 0.1288
 5/29 [====>.........................] - ETA: 1s - loss: 0.0114 - mae: 0.1235
 7/29 [======>.......................] - ETA: 0s - loss: 0.0091 - mae: 0.1086
 9/29 [========>.....................] - ETA: 0s - loss: 0.0074 - mae: 0.0944
11/29 [==========>...................] - ETA: 0s - loss: 0.0066 - mae: 0.0905
13/29 [============>.................] - ETA: 0s - loss: 0.0061 - mae: 0.0876
15/29 [==============>...............] - ETA: 0s - loss: 0.0056 - mae: 0.0825
17/29 [================>.............] - ETA: 0s - loss: 0.0051 - mae: 0.0781
19/29 [==================>...........] - ETA: 0s - loss: 0.0049 - mae: 0.0760
21/29 [====================>.........] - ETA: 0s - loss: 0.0045 - mae: 0.0726
23/29 [======================>.......] - ETA: 0s - loss: 0.0042 - mae: 0.0697
25/29 [========================>.....] - ETA: 0s - loss: 0.0040 - mae: 0.0665
27/29 [==========================>...] - ETA: 0s - loss: 0.0037 - mae: 0.0626
29/29 [==============================] - ETA: 0s - loss: 0.0035 - mae: 0.0605
29/29 [==============================] - 1s 46ms/step - loss: 0.0035 - mae: 0.0605 - val_loss: 0.0032 - val_mae: 0.0782 - lr: 0.0030
Epoch 17/200

 1/29 [>.............................] - ETA: 1s - loss: 0.0225 - mae: 0.1956
 3/29 [==>...........................] - ETA: 1s - loss: 0.0118 - mae: 0.1246
 5/29 [====>.........................] - ETA: 1s - loss: 0.0096 - mae: 0.1139
 7/29 [======>.......................] - ETA: 0s - loss: 0.0082 - mae: 0.1054
 9/29 [========>.....................] - ETA: 0s - loss: 0.0067 - mae: 0.0908
11/29 [==========>...................] - ETA: 0s - loss: 0.0058 - mae: 0.0830
13/29 [============>.................] - ETA: 0s - loss: 0.0053 - mae: 0.0794
15/29 [==============>...............] - ETA: 0s - loss: 0.0049 - mae: 0.0764
17/29 [================>.............] - ETA: 0s - loss: 0.0046 - mae: 0.0731
19/29 [==================>...........] - ETA: 0s - loss: 0.0044 - mae: 0.0715
21/29 [====================>.........] - ETA: 0s - loss: 0.0040 - mae: 0.0681
23/29 [======================>.......] - ETA: 0s - loss: 0.0038 - mae: 0.0653
25/29 [========================>.....] - ETA: 0s - loss: 0.0035 - mae: 0.0633
27/29 [==========================>...] - ETA: 0s - loss: 0.0033 - mae: 0.0594
29/29 [==============================] - ETA: 0s - loss: 0.0032 - mae: 0.0574
29/29 [==============================] - 1s 47ms/step - loss: 0.0032 - mae: 0.0574 - val_loss: 0.0040 - val_mae: 0.0857 - lr: 0.0030
Epoch 18/200

 1/29 [>.............................] - ETA: 1s - loss: 0.0240 - mae: 0.1983
 3/29 [==>...........................] - ETA: 1s - loss: 0.0112 - mae: 0.1138
 5/29 [====>.........................] - ETA: 1s - loss: 0.0080 - mae: 0.0941
 7/29 [======>.......................] - ETA: 0s - loss: 0.0072 - mae: 0.0934
 9/29 [========>.....................] - ETA: 0s - loss: 0.0062 - mae: 0.0869
11/29 [==========>...................] - ETA: 0s - loss: 0.0053 - mae: 0.0792
13/29 [============>.................] - ETA: 0s - loss: 0.0049 - mae: 0.0766
15/29 [==============>...............] - ETA: 0s - loss: 0.0044 - mae: 0.0716
17/29 [================>.............] - ETA: 0s - loss: 0.0041 - mae: 0.0692
19/29 [==================>...........] - ETA: 0s - loss: 0.0040 - mae: 0.0680
21/29 [====================>.........] - ETA: 0s - loss: 0.0038 - mae: 0.0670
23/29 [======================>.......] - ETA: 0s - loss: 0.0036 - mae: 0.0642
25/29 [========================>.....] - ETA: 0s - loss: 0.0034 - mae: 0.0622
27/29 [==========================>...] - ETA: 0s - loss: 0.0032 - mae: 0.0595
29/29 [==============================] - ETA: 0s - loss: 0.0031 - mae: 0.0575
29/29 [==============================] - 1s 48ms/step - loss: 0.0031 - mae: 0.0575 - val_loss: 0.0194 - val_mae: 0.1816 - lr: 0.0030
Epoch 19/200

 1/29 [>.............................] - ETA: 1s - loss: 0.0082 - mae: 0.1082
 3/29 [==>...........................] - ETA: 1s - loss: 0.0051 - mae: 0.0804
 5/29 [====>.........................] - ETA: 1s - loss: 0.0044 - mae: 0.0766
 7/29 [======>.......................] - ETA: 1s - loss: 0.0039 - mae: 0.0739
 9/29 [========>.....................] - ETA: 0s - loss: 0.0034 - mae: 0.0671
11/29 [==========>...................] - ETA: 0s - loss: 0.0031 - mae: 0.0644
13/29 [============>.................] - ETA: 0s - loss: 0.0031 - mae: 0.0648
15/29 [==============>...............] - ETA: 0s - loss: 0.0028 - mae: 0.0623
17/29 [================>.............] - ETA: 0s - loss: 0.0027 - mae: 0.0600
19/29 [==================>...........] - ETA: 0s - loss: 0.0027 - mae: 0.0593
21/29 [====================>.........] - ETA: 0s - loss: 0.0027 - mae: 0.0588
23/29 [======================>.......] - ETA: 0s - loss: 0.0025 - mae: 0.0562
25/29 [========================>.....] - ETA: 0s - loss: 0.0026 - mae: 0.0574
27/29 [==========================>...] - ETA: 0s - loss: 0.0025 - mae: 0.0561
29/29 [==============================] - ETA: 0s - loss: 0.0024 - mae: 0.0553
29/29 [==============================] - 1s 48ms/step - loss: 0.0024 - mae: 0.0553 - val_loss: 0.0142 - val_mae: 0.1598 - lr: 0.0030
Epoch 20/200

 1/29 [>.............................] - ETA: 1s - loss: 0.0098 - mae: 0.1197
 3/29 [==>...........................] - ETA: 1s - loss: 0.0062 - mae: 0.0887
 5/29 [====>.........................] - ETA: 1s - loss: 0.0049 - mae: 0.0784
 7/29 [======>.......................] - ETA: 0s - loss: 0.0038 - mae: 0.0670
 9/29 [========>.....................] - ETA: 0s - loss: 0.0033 - mae: 0.0618
11/29 [==========>...................] - ETA: 0s - loss: 0.0029 - mae: 0.0562
13/29 [============>.................] - ETA: 0s - loss: 0.0025 - mae: 0.0518
15/29 [==============>...............] - ETA: 0s - loss: 0.0024 - mae: 0.0518
17/29 [================>.............] - ETA: 0s - loss: 0.0024 - mae: 0.0519
19/29 [==================>...........] - ETA: 0s - loss: 0.0023 - mae: 0.0518
21/29 [====================>.........] - ETA: 0s - loss: 0.0025 - mae: 0.0547
23/29 [======================>.......] - ETA: 0s - loss: 0.0025 - mae: 0.0541
25/29 [========================>.....] - ETA: 0s - loss: 0.0024 - mae: 0.0530
27/29 [==========================>...] - ETA: 0s - loss: 0.0023 - mae: 0.0512
29/29 [==============================] - ETA: 0s - loss: 0.0022 - mae: 0.0499
29/29 [==============================] - 1s 46ms/step - loss: 0.0022 - mae: 0.0499 - val_loss: 0.0295 - val_mae: 0.2200 - lr: 0.0030
Epoch 21/200

 1/29 [>.............................] - ETA: 1s - loss: 0.0084 - mae: 0.1089
 3/29 [==>...........................] - ETA: 1s - loss: 0.0063 - mae: 0.0903
 5/29 [====>.........................] - ETA: 1s - loss: 0.0044 - mae: 0.0735
 7/29 [======>.......................] - ETA: 0s - loss: 0.0040 - mae: 0.0727
 9/29 [========>.....................] - ETA: 0s - loss: 0.0035 - mae: 0.0669
10/29 [=========>....................] - ETA: 0s - loss: 0.0032 - mae: 0.0634
12/29 [===========>..................] - ETA: 0s - loss: 0.0028 - mae: 0.0586
14/29 [=============>................] - ETA: 0s - loss: 0.0027 - mae: 0.0581
16/29 [===============>..............] - ETA: 0s - loss: 0.0027 - mae: 0.0576
18/29 [=================>............] - ETA: 0s - loss: 0.0026 - mae: 0.0565
20/29 [===================>..........] - ETA: 0s - loss: 0.0025 - mae: 0.0550
22/29 [=====================>........] - ETA: 0s - loss: 0.0024 - mae: 0.0534
24/29 [=======================>......] - ETA: 0s - loss: 0.0023 - mae: 0.0524
26/29 [=========================>....] - ETA: 0s - loss: 0.0023 - mae: 0.0536
28/29 [===========================>..] - ETA: 0s - loss: 0.0022 - mae: 0.0525
Epoch 21: ReduceLROnPlateau reducing learning rate to 0.001500000013038516.

29/29 [==============================] - 1s 47ms/step - loss: 0.0022 - mae: 0.0524 - val_loss: 0.0126 - val_mae: 0.1553 - lr: 0.0030
Epoch 22/200

 1/29 [>.............................] - ETA: 1s - loss: 0.0143 - mae: 0.1577
 3/29 [==>...........................] - ETA: 1s - loss: 0.0076 - mae: 0.0996
 5/29 [====>.........................] - ETA: 1s - loss: 0.0054 - mae: 0.0811
 7/29 [======>.......................] - ETA: 0s - loss: 0.0046 - mae: 0.0758
 9/29 [========>.....................] - ETA: 0s - loss: 0.0043 - mae: 0.0746
11/29 [==========>...................] - ETA: 0s - loss: 0.0039 - mae: 0.0713
13/29 [============>.................] - ETA: 0s - loss: 0.0035 - mae: 0.0668
15/29 [==============>...............] - ETA: 0s - loss: 0.0033 - mae: 0.0645
17/29 [================>.............] - ETA: 0s - loss: 0.0031 - mae: 0.0625
19/29 [==================>...........] - ETA: 0s - loss: 0.0029 - mae: 0.0605
21/29 [====================>.........] - ETA: 0s - loss: 0.0029 - mae: 0.0611
23/29 [======================>.......] - ETA: 0s - loss: 0.0028 - mae: 0.0600
25/29 [========================>.....] - ETA: 0s - loss: 0.0027 - mae: 0.0585
27/29 [==========================>...] - ETA: 0s - loss: 0.0025 - mae: 0.0557
29/29 [==============================] - ETA: 0s - loss: 0.0024 - mae: 0.0540
29/29 [==============================] - 1s 47ms/step - loss: 0.0024 - mae: 0.0540 - val_loss: 0.0109 - val_mae: 0.1324 - lr: 0.0015
Epoch 23/200

 1/29 [>.............................] - ETA: 1s - loss: 0.0112 - mae: 0.1246
 3/29 [==>...........................] - ETA: 1s - loss: 0.0059 - mae: 0.0820
 5/29 [====>.........................] - ETA: 1s - loss: 0.0040 - mae: 0.0649
 7/29 [======>.......................] - ETA: 0s - loss: 0.0031 - mae: 0.0559
 9/29 [========>.....................] - ETA: 0s - loss: 0.0030 - mae: 0.0568
11/29 [==========>...................] - ETA: 0s - loss: 0.0027 - mae: 0.0542
13/29 [============>.................] - ETA: 0s - loss: 0.0025 - mae: 0.0537
15/29 [==============>...............] - ETA: 0s - loss: 0.0031 - mae: 0.0604
17/29 [================>.............] - ETA: 0s - loss: 0.0032 - mae: 0.0617
19/29 [==================>...........] - ETA: 0s - loss: 0.0031 - mae: 0.0611
21/29 [====================>.........] - ETA: 0s - loss: 0.0034 - mae: 0.0648
23/29 [======================>.......] - ETA: 0s - loss: 0.0034 - mae: 0.0655
25/29 [========================>.....] - ETA: 0s - loss: 0.0033 - mae: 0.0643
27/29 [==========================>...] - ETA: 0s - loss: 0.0030 - mae: 0.0605
29/29 [==============================] - ETA: 0s - loss: 0.0029 - mae: 0.0585
29/29 [==============================] - 1s 49ms/step - loss: 0.0029 - mae: 0.0585 - val_loss: 0.0064 - val_mae: 0.0991 - lr: 0.0015
Epoch 24/200

 1/29 [>.............................] - ETA: 1s - loss: 0.0166 - mae: 0.1615
 3/29 [==>...........................] - ETA: 1s - loss: 0.0076 - mae: 0.0915
 5/29 [====>.........................] - ETA: 1s - loss: 0.0052 - mae: 0.0730
 7/29 [======>.......................] - ETA: 1s - loss: 0.0040 - mae: 0.0624
 9/29 [========>.....................] - ETA: 0s - loss: 0.0040 - mae: 0.0657
11/29 [==========>...................] - ETA: 0s - loss: 0.0037 - mae: 0.0645
13/29 [============>.................] - ETA: 0s - loss: 0.0035 - mae: 0.0630
15/29 [==============>...............] - ETA: 0s - loss: 0.0039 - mae: 0.0687
17/29 [================>.............] - ETA: 0s - loss: 0.0038 - mae: 0.0683
19/29 [==================>...........] - ETA: 0s - loss: 0.0037 - mae: 0.0677
21/29 [====================>.........] - ETA: 0s - loss: 0.0041 - mae: 0.0725
23/29 [======================>.......] - ETA: 0s - loss: 0.0042 - mae: 0.0748
25/29 [========================>.....] - ETA: 0s - loss: 0.0041 - mae: 0.0734
27/29 [==========================>...] - ETA: 0s - loss: 0.0038 - mae: 0.0690
29/29 [==============================] - ETA: 0s - loss: 0.0036 - mae: 0.0667
29/29 [==============================] - 1s 48ms/step - loss: 0.0036 - mae: 0.0667 - val_loss: 0.0063 - val_mae: 0.0979 - lr: 0.0015
Epoch 25/200

 1/29 [>.............................] - ETA: 1s - loss: 0.0089 - mae: 0.1117
 3/29 [==>...........................] - ETA: 1s - loss: 0.0046 - mae: 0.0735
 5/29 [====>.........................] - ETA: 1s - loss: 0.0036 - mae: 0.0650
 7/29 [======>.......................] - ETA: 0s - loss: 0.0031 - mae: 0.0607
 9/29 [========>.....................] - ETA: 0s - loss: 0.0029 - mae: 0.0584
11/29 [==========>...................] - ETA: 0s - loss: 0.0027 - mae: 0.0570
13/29 [============>.................] - ETA: 0s - loss: 0.0027 - mae: 0.0585
15/29 [==============>...............] - ETA: 0s - loss: 0.0039 - mae: 0.0693
17/29 [================>.............] - ETA: 0s - loss: 0.0043 - mae: 0.0728
19/29 [==================>...........] - ETA: 0s - loss: 0.0041 - mae: 0.0719
21/29 [====================>.........] - ETA: 0s - loss: 0.0047 - mae: 0.0779
23/29 [======================>.......] - ETA: 0s - loss: 0.0048 - mae: 0.0808
25/29 [========================>.....] - ETA: 0s - loss: 0.0047 - mae: 0.0798
27/29 [==========================>...] - ETA: 0s - loss: 0.0044 - mae: 0.0750
29/29 [==============================] - ETA: 0s - loss: 0.0042 - mae: 0.0727
29/29 [==============================] - 1s 47ms/step - loss: 0.0042 - mae: 0.0727 - val_loss: 0.0012 - val_mae: 0.0417 - lr: 0.0015
Epoch 26/200

 1/29 [>.............................] - ETA: 1s - loss: 0.0329 - mae: 0.2512
 3/29 [==>...........................] - ETA: 1s - loss: 0.0177 - mae: 0.1611
 5/29 [====>.........................] - ETA: 1s - loss: 0.0115 - mae: 0.1167
 7/29 [======>.......................] - ETA: 0s - loss: 0.0085 - mae: 0.0934
 9/29 [========>.....................] - ETA: 0s - loss: 0.0088 - mae: 0.1016
11/29 [==========>...................] - ETA: 0s - loss: 0.0082 - mae: 0.0989
13/29 [============>.................] - ETA: 0s - loss: 0.0073 - mae: 0.0933
15/29 [==============>...............] - ETA: 0s - loss: 0.0075 - mae: 0.0967
17/29 [================>.............] - ETA: 0s - loss: 0.0072 - mae: 0.0953
19/29 [==================>...........] - ETA: 0s - loss: 0.0068 - mae: 0.0933
21/29 [====================>.........] - ETA: 0s - loss: 0.0074 - mae: 0.0989
23/29 [======================>.......] - ETA: 0s - loss: 0.0073 - mae: 0.1003
25/29 [========================>.....] - ETA: 0s - loss: 0.0069 - mae: 0.0963
27/29 [==========================>...] - ETA: 0s - loss: 0.0064 - mae: 0.0911
29/29 [==============================] - ETA: 0s - loss: 0.0062 - mae: 0.0880
29/29 [==============================] - 1s 47ms/step - loss: 0.0062 - mae: 0.0880 - val_loss: 0.0032 - val_mae: 0.0678 - lr: 0.0015
Epoch 27/200

 1/29 [>.............................] - ETA: 1s - loss: 0.0144 - mae: 0.1412
 3/29 [==>...........................] - ETA: 1s - loss: 0.0073 - mae: 0.0899
 5/29 [====>.........................] - ETA: 1s - loss: 0.0054 - mae: 0.0772
 7/29 [======>.......................] - ETA: 0s - loss: 0.0045 - mae: 0.0725
 9/29 [========>.....................] - ETA: 0s - loss: 0.0040 - mae: 0.0686
11/29 [==========>...................] - ETA: 0s - loss: 0.0037 - mae: 0.0660
13/29 [============>.................] - ETA: 0s - loss: 0.0037 - mae: 0.0679
15/29 [==============>...............] - ETA: 0s - loss: 0.0052 - mae: 0.0807
17/29 [================>.............] - ETA: 0s - loss: 0.0053 - mae: 0.0824
19/29 [==================>...........] - ETA: 0s - loss: 0.0050 - mae: 0.0800
21/29 [====================>.........] - ETA: 0s - loss: 0.0057 - mae: 0.0869
23/29 [======================>.......] - ETA: 0s - loss: 0.0059 - mae: 0.0898
25/29 [========================>.....] - ETA: 0s - loss: 0.0058 - mae: 0.0890
27/29 [==========================>...] - ETA: 0s - loss: 0.0054 - mae: 0.0854
29/29 [==============================] - ETA: 0s - loss: 0.0052 - mae: 0.0836
29/29 [==============================] - 1s 47ms/step - loss: 0.0052 - mae: 0.0836 - val_loss: 9.7571e-04 - val_mae: 0.0364 - lr: 0.0015
Epoch 28/200

 1/29 [>.............................] - ETA: 1s - loss: 0.0254 - mae: 0.2130
 3/29 [==>...........................] - ETA: 1s - loss: 0.0127 - mae: 0.1328
 5/29 [====>.........................] - ETA: 1s - loss: 0.0083 - mae: 0.0979
 7/29 [======>.......................] - ETA: 0s - loss: 0.0062 - mae: 0.0806
 9/29 [========>.....................] - ETA: 0s - loss: 0.0062 - mae: 0.0850
11/29 [==========>...................] - ETA: 0s - loss: 0.0056 - mae: 0.0805
13/29 [============>.................] - ETA: 0s - loss: 0.0050 - mae: 0.0756
15/29 [==============>...............] - ETA: 0s - loss: 0.0055 - mae: 0.0819
17/29 [================>.............] - ETA: 0s - loss: 0.0055 - mae: 0.0826
19/29 [==================>...........] - ETA: 0s - loss: 0.0053 - mae: 0.0808
21/29 [====================>.........] - ETA: 0s - loss: 0.0057 - mae: 0.0863
23/29 [======================>.......] - ETA: 0s - loss: 0.0058 - mae: 0.0881
25/29 [========================>.....] - ETA: 0s - loss: 0.0055 - mae: 0.0860
27/29 [==========================>...] - ETA: 0s - loss: 0.0051 - mae: 0.0805
29/29 [==============================] - ETA: 0s - loss: 0.0049 - mae: 0.0777
29/29 [==============================] - 1s 47ms/step - loss: 0.0049 - mae: 0.0777 - val_loss: 0.0017 - val_mae: 0.0486 - lr: 0.0015
Epoch 29/200

 1/29 [>.............................] - ETA: 1s - loss: 0.0114 - mae: 0.1177
 3/29 [==>...........................] - ETA: 1s - loss: 0.0069 - mae: 0.0866
 5/29 [====>.........................] - ETA: 1s - loss: 0.0057 - mae: 0.0819
 7/29 [======>.......................] - ETA: 0s - loss: 0.0052 - mae: 0.0821
 9/29 [========>.....................] - ETA: 0s - loss: 0.0043 - mae: 0.0723
11/29 [==========>...................] - ETA: 0s - loss: 0.0037 - mae: 0.0652
13/29 [============>.................] - ETA: 0s - loss: 0.0036 - mae: 0.0657
15/29 [==============>...............] - ETA: 0s - loss: 0.0051 - mae: 0.0781
17/29 [================>.............] - ETA: 0s - loss: 0.0057 - mae: 0.0835
19/29 [==================>...........] - ETA: 0s - loss: 0.0054 - mae: 0.0815
21/29 [====================>.........] - ETA: 0s - loss: 0.0057 - mae: 0.0850
23/29 [======================>.......] - ETA: 0s - loss: 0.0056 - mae: 0.0860
25/29 [========================>.....] - ETA: 0s - loss: 0.0055 - mae: 0.0854
27/29 [==========================>...] - ETA: 0s - loss: 0.0051 - mae: 0.0803
29/29 [==============================] - ETA: 0s - loss: 0.0049 - mae: 0.0779
29/29 [==============================] - 1s 49ms/step - loss: 0.0049 - mae: 0.0779 - val_loss: 0.0014 - val_mae: 0.0473 - lr: 0.0015
Epoch 30/200

 1/29 [>.............................] - ETA: 1s - loss: 0.0490 - mae: 0.3066
 3/29 [==>...........................] - ETA: 1s - loss: 0.0276 - mae: 0.2119
 5/29 [====>.........................] - ETA: 1s - loss: 0.0174 - mae: 0.1492
 7/29 [======>.......................] - ETA: 0s - loss: 0.0127 - mae: 0.1159
 9/29 [========>.....................] - ETA: 0s - loss: 0.0111 - mae: 0.1119
11/29 [==========>...................] - ETA: 0s - loss: 0.0096 - mae: 0.1033
13/29 [============>.................] - ETA: 0s - loss: 0.0086 - mae: 0.0980
15/29 [==============>...............] - ETA: 0s - loss: 0.0091 - mae: 0.1042
17/29 [================>.............] - ETA: 0s - loss: 0.0090 - mae: 0.1054
19/29 [==================>...........] - ETA: 0s - loss: 0.0084 - mae: 0.1007
21/29 [====================>.........] - ETA: 0s - loss: 0.0086 - mae: 0.1047
23/29 [======================>.......] - ETA: 0s - loss: 0.0084 - mae: 0.1050
25/29 [========================>.....] - ETA: 0s - loss: 0.0080 - mae: 0.1020
27/29 [==========================>...] - ETA: 0s - loss: 0.0075 - mae: 0.0957
29/29 [==============================] - ETA: 0s - loss: 0.0072 - mae: 0.0924
29/29 [==============================] - 1s 47ms/step - loss: 0.0072 - mae: 0.0924 - val_loss: 0.0012 - val_mae: 0.0451 - lr: 0.0015
Epoch 31/200

 1/29 [>.............................] - ETA: 1s - loss: 0.0135 - mae: 0.1484
 3/29 [==>...........................] - ETA: 1s - loss: 0.0073 - mae: 0.0984
 5/29 [====>.........................] - ETA: 1s - loss: 0.0050 - mae: 0.0768
 7/29 [======>.......................] - ETA: 1s - loss: 0.0041 - mae: 0.0694
 9/29 [========>.....................] - ETA: 0s - loss: 0.0034 - mae: 0.0633
11/29 [==========>...................] - ETA: 0s - loss: 0.0030 - mae: 0.0584
13/29 [============>.................] - ETA: 0s - loss: 0.0029 - mae: 0.0579
15/29 [==============>...............] - ETA: 0s - loss: 0.0034 - mae: 0.0639
17/29 [================>.............] - ETA: 0s - loss: 0.0037 - mae: 0.0676
19/29 [==================>...........] - ETA: 0s - loss: 0.0036 - mae: 0.0667
21/29 [====================>.........] - ETA: 0s - loss: 0.0037 - mae: 0.0691
23/29 [======================>.......] - ETA: 0s - loss: 0.0036 - mae: 0.0675
25/29 [========================>.....] - ETA: 0s - loss: 0.0035 - mae: 0.0666
27/29 [==========================>...] - ETA: 0s - loss: 0.0032 - mae: 0.0625
29/29 [==============================] - ETA: 0s - loss: 0.0031 - mae: 0.0607
29/29 [==============================] - 1s 46ms/step - loss: 0.0031 - mae: 0.0607 - val_loss: 0.0024 - val_mae: 0.0645 - lr: 0.0015
Epoch 32/200

 1/29 [>.............................] - ETA: 1s - loss: 0.0049 - mae: 0.0673
 3/29 [==>...........................] - ETA: 1s - loss: 0.0047 - mae: 0.0736
 5/29 [====>.........................] - ETA: 1s - loss: 0.0048 - mae: 0.0786
 7/29 [======>.......................] - ETA: 0s - loss: 0.0045 - mae: 0.0788
 9/29 [========>.....................] - ETA: 0s - loss: 0.0037 - mae: 0.0676
11/29 [==========>...................] - ETA: 0s - loss: 0.0032 - mae: 0.0624
13/29 [============>.................] - ETA: 0s - loss: 0.0031 - mae: 0.0632
15/29 [==============>...............] - ETA: 0s - loss: 0.0030 - mae: 0.0623
17/29 [================>.............] - ETA: 0s - loss: 0.0029 - mae: 0.0619
19/29 [==================>...........] - ETA: 0s - loss: 0.0028 - mae: 0.0606
21/29 [====================>.........] - ETA: 0s - loss: 0.0027 - mae: 0.0585
23/29 [======================>.......] - ETA: 0s - loss: 0.0025 - mae: 0.0570
25/29 [========================>.....] - ETA: 0s - loss: 0.0026 - mae: 0.0581
27/29 [==========================>...] - ETA: 0s - loss: 0.0025 - mae: 0.0554
29/29 [==============================] - ETA: 0s - loss: 0.0024 - mae: 0.0539
29/29 [==============================] - 1s 47ms/step - loss: 0.0024 - mae: 0.0539 - val_loss: 0.0013 - val_mae: 0.0452 - lr: 0.0015
Epoch 33/200

 1/29 [>.............................] - ETA: 1s - loss: 0.0197 - mae: 0.1778
 3/29 [==>...........................] - ETA: 1s - loss: 0.0127 - mae: 0.1362
 5/29 [====>.........................] - ETA: 1s - loss: 0.0114 - mae: 0.1326
 7/29 [======>.......................] - ETA: 0s - loss: 0.0118 - mae: 0.1390
 9/29 [========>.....................] - ETA: 0s - loss: 0.0111 - mae: 0.1363
11/29 [==========>...................] - ETA: 0s - loss: 0.0104 - mae: 0.1323
13/29 [============>.................] - ETA: 0s - loss: 0.0091 - mae: 0.1206
15/29 [==============>...............] - ETA: 0s - loss: 0.0087 - mae: 0.1180
17/29 [================>.............] - ETA: 0s - loss: 0.0085 - mae: 0.1166
19/29 [==================>...........] - ETA: 0s - loss: 0.0082 - mae: 0.1139
21/29 [====================>.........] - ETA: 0s - loss: 0.0082 - mae: 0.1138
23/29 [======================>.......] - ETA: 0s - loss: 0.0079 - mae: 0.1122
25/29 [========================>.....] - ETA: 0s - loss: 0.0077 - mae: 0.1084
27/29 [==========================>...] - ETA: 0s - loss: 0.0072 - mae: 0.1039
29/29 [==============================] - ETA: 0s - loss: 0.0070 - mae: 0.1007
29/29 [==============================] - 1s 47ms/step - loss: 0.0070 - mae: 0.1007 - val_loss: 0.0023 - val_mae: 0.0651 - lr: 0.0015
Epoch 34/200

 1/29 [>.............................] - ETA: 1s - loss: 0.0503 - mae: 0.3130
 3/29 [==>...........................] - ETA: 1s - loss: 0.0296 - mae: 0.2180
 5/29 [====>.........................] - ETA: 1s - loss: 0.0183 - mae: 0.1477
 7/29 [======>.......................] - ETA: 0s - loss: 0.0135 - mae: 0.1186
 9/29 [========>.....................] - ETA: 0s - loss: 0.0115 - mae: 0.1121
11/29 [==========>...................] - ETA: 0s - loss: 0.0097 - mae: 0.1000
13/29 [============>.................] - ETA: 0s - loss: 0.0084 - mae: 0.0897
15/29 [==============>...............] - ETA: 0s - loss: 0.0075 - mae: 0.0849
17/29 [================>.............] - ETA: 0s - loss: 0.0070 - mae: 0.0827
19/29 [==================>...........] - ETA: 0s - loss: 0.0067 - mae: 0.0821
21/29 [====================>.........] - ETA: 0s - loss: 0.0064 - mae: 0.0808
23/29 [======================>.......] - ETA: 0s - loss: 0.0059 - mae: 0.0770
25/29 [========================>.....] - ETA: 0s - loss: 0.0059 - mae: 0.0786
27/29 [==========================>...] - ETA: 0s - loss: 0.0057 - mae: 0.0782
29/29 [==============================] - ETA: 0s - loss: 0.0055 - mae: 0.0758
29/29 [==============================] - 1s 46ms/step - loss: 0.0055 - mae: 0.0758 - val_loss: 0.0012 - val_mae: 0.0380 - lr: 0.0015
Epoch 35/200

 1/29 [>.............................] - ETA: 1s - loss: 0.0047 - mae: 0.0826
 3/29 [==>...........................] - ETA: 1s - loss: 0.0055 - mae: 0.0866
 5/29 [====>.........................] - ETA: 1s - loss: 0.0039 - mae: 0.0702
 7/29 [======>.......................] - ETA: 0s - loss: 0.0044 - mae: 0.0769
 9/29 [========>.....................] - ETA: 0s - loss: 0.0040 - mae: 0.0744
11/29 [==========>...................] - ETA: 0s - loss: 0.0037 - mae: 0.0713
13/29 [============>.................] - ETA: 0s - loss: 0.0032 - mae: 0.0637
15/29 [==============>...............] - ETA: 0s - loss: 0.0031 - mae: 0.0637
17/29 [================>.............] - ETA: 0s - loss: 0.0033 - mae: 0.0662
19/29 [==================>...........] - ETA: 0s - loss: 0.0032 - mae: 0.0652
21/29 [====================>.........] - ETA: 0s - loss: 0.0032 - mae: 0.0656
23/29 [======================>.......] - ETA: 0s - loss: 0.0036 - mae: 0.0696
25/29 [========================>.....] - ETA: 0s - loss: 0.0052 - mae: 0.0799
27/29 [==========================>...] - ETA: 0s - loss: 0.0058 - mae: 0.0858
29/29 [==============================] - ETA: 0s - loss: 0.0058 - mae: 0.0869
29/29 [==============================] - 1s 46ms/step - loss: 0.0058 - mae: 0.0869 - val_loss: 0.0019 - val_mae: 0.0498 - lr: 0.0015
Epoch 36/200

 1/29 [>.............................] - ETA: 1s - loss: 0.0139 - mae: 0.1492
 3/29 [==>...........................] - ETA: 1s - loss: 0.0076 - mae: 0.0986
 5/29 [====>.........................] - ETA: 1s - loss: 0.0051 - mae: 0.0770
 7/29 [======>.......................] - ETA: 0s - loss: 0.0038 - mae: 0.0627
 9/29 [========>.....................] - ETA: 0s - loss: 0.0031 - mae: 0.0546
11/29 [==========>...................] - ETA: 0s - loss: 0.0027 - mae: 0.0497
13/29 [============>.................] - ETA: 0s - loss: 0.0024 - mae: 0.0465
15/29 [==============>...............] - ETA: 0s - loss: 0.0022 - mae: 0.0450
17/29 [================>.............] - ETA: 0s - loss: 0.0021 - mae: 0.0446
19/29 [==================>...........] - ETA: 0s - loss: 0.0021 - mae: 0.0457
21/29 [====================>.........] - ETA: 0s - loss: 0.0020 - mae: 0.0455
23/29 [======================>.......] - ETA: 0s - loss: 0.0020 - mae: 0.0457
25/29 [========================>.....] - ETA: 0s - loss: 0.0020 - mae: 0.0455
27/29 [==========================>...] - ETA: 0s - loss: 0.0020 - mae: 0.0458
29/29 [==============================] - ETA: 0s - loss: 0.0019 - mae: 0.0448
Epoch 36: ReduceLROnPlateau reducing learning rate to 0.000750000006519258.

29/29 [==============================] - 1s 46ms/step - loss: 0.0019 - mae: 0.0448 - val_loss: 0.0033 - val_mae: 0.0752 - lr: 0.0015
Epoch 37/200

 1/29 [>.............................] - ETA: 1s - loss: 0.0030 - mae: 0.0615
 3/29 [==>...........................] - ETA: 1s - loss: 0.0023 - mae: 0.0545
 5/29 [====>.........................] - ETA: 1s - loss: 0.0022 - mae: 0.0530
 7/29 [======>.......................] - ETA: 0s - loss: 0.0022 - mae: 0.0538
 9/29 [========>.....................] - ETA: 0s - loss: 0.0019 - mae: 0.0493
11/29 [==========>...................] - ETA: 0s - loss: 0.0018 - mae: 0.0474
13/29 [============>.................] - ETA: 0s - loss: 0.0016 - mae: 0.0435
15/29 [==============>...............] - ETA: 0s - loss: 0.0016 - mae: 0.0445
17/29 [================>.............] - ETA: 0s - loss: 0.0017 - mae: 0.0460
19/29 [==================>...........] - ETA: 0s - loss: 0.0017 - mae: 0.0455
21/29 [====================>.........] - ETA: 0s - loss: 0.0017 - mae: 0.0452
23/29 [======================>.......] - ETA: 0s - loss: 0.0017 - mae: 0.0468
25/29 [========================>.....] - ETA: 0s - loss: 0.0020 - mae: 0.0501
27/29 [==========================>...] - ETA: 0s - loss: 0.0022 - mae: 0.0530
29/29 [==============================] - ETA: 0s - loss: 0.0022 - mae: 0.0535
29/29 [==============================] - 1s 47ms/step - loss: 0.0022 - mae: 0.0535 - val_loss: 4.3085e-04 - val_mae: 0.0250 - lr: 7.5000e-04
Epoch 38/200

 1/29 [>.............................] - ETA: 1s - loss: 0.0091 - mae: 0.1175
 3/29 [==>...........................] - ETA: 1s - loss: 0.0071 - mae: 0.1013
 5/29 [====>.........................] - ETA: 1s - loss: 0.0049 - mae: 0.0797
 7/29 [======>.......................] - ETA: 0s - loss: 0.0037 - mae: 0.0669
 9/29 [========>.....................] - ETA: 0s - loss: 0.0031 - mae: 0.0585
11/29 [==========>...................] - ETA: 0s - loss: 0.0027 - mae: 0.0546
13/29 [============>.................] - ETA: 0s - loss: 0.0024 - mae: 0.0499
15/29 [==============>...............] - ETA: 0s - loss: 0.0026 - mae: 0.0539
17/29 [================>.............] - ETA: 0s - loss: 0.0030 - mae: 0.0595
19/29 [==================>...........] - ETA: 0s - loss: 0.0029 - mae: 0.0595
21/29 [====================>.........] - ETA: 0s - loss: 0.0028 - mae: 0.0578
23/29 [======================>.......] - ETA: 0s - loss: 0.0026 - mae: 0.0561
25/29 [========================>.....] - ETA: 0s - loss: 0.0026 - mae: 0.0555
27/29 [==========================>...] - ETA: 0s - loss: 0.0024 - mae: 0.0532
29/29 [==============================] - ETA: 0s - loss: 0.0023 - mae: 0.0518
29/29 [==============================] - 1s 47ms/step - loss: 0.0023 - mae: 0.0518 - val_loss: 0.0050 - val_mae: 0.0852 - lr: 7.5000e-04
Epoch 39/200

 1/29 [>.............................] - ETA: 1s - loss: 0.0033 - mae: 0.0654
 3/29 [==>...........................] - ETA: 1s - loss: 0.0037 - mae: 0.0700
 5/29 [====>.........................] - ETA: 1s - loss: 0.0035 - mae: 0.0703
 7/29 [======>.......................] - ETA: 0s - loss: 0.0029 - mae: 0.0627
 9/29 [========>.....................] - ETA: 0s - loss: 0.0025 - mae: 0.0572
11/29 [==========>...................] - ETA: 0s - loss: 0.0021 - mae: 0.0518
13/29 [============>.................] - ETA: 0s - loss: 0.0019 - mae: 0.0482
15/29 [==============>...............] - ETA: 0s - loss: 0.0018 - mae: 0.0463
17/29 [================>.............] - ETA: 0s - loss: 0.0018 - mae: 0.0471
19/29 [==================>...........] - ETA: 0s - loss: 0.0018 - mae: 0.0457
21/29 [====================>.........] - ETA: 0s - loss: 0.0017 - mae: 0.0447
23/29 [======================>.......] - ETA: 0s - loss: 0.0016 - mae: 0.0435
25/29 [========================>.....] - ETA: 0s - loss: 0.0016 - mae: 0.0432
27/29 [==========================>...] - ETA: 0s - loss: 0.0015 - mae: 0.0417
29/29 [==============================] - ETA: 0s - loss: 0.0014 - mae: 0.0406
29/29 [==============================] - 1s 48ms/step - loss: 0.0014 - mae: 0.0406 - val_loss: 0.0066 - val_mae: 0.0983 - lr: 7.5000e-04
Epoch 40/200

 1/29 [>.............................] - ETA: 1s - loss: 0.0073 - mae: 0.1045
 3/29 [==>...........................] - ETA: 1s - loss: 0.0040 - mae: 0.0707
 5/29 [====>.........................] - ETA: 1s - loss: 0.0029 - mae: 0.0590
 7/29 [======>.......................] - ETA: 0s - loss: 0.0023 - mae: 0.0490
 9/29 [========>.....................] - ETA: 0s - loss: 0.0020 - mae: 0.0460
11/29 [==========>...................] - ETA: 0s - loss: 0.0017 - mae: 0.0422
13/29 [============>.................] - ETA: 0s - loss: 0.0016 - mae: 0.0412
15/29 [==============>...............] - ETA: 0s - loss: 0.0016 - mae: 0.0426
17/29 [================>.............] - ETA: 0s - loss: 0.0017 - mae: 0.0440
19/29 [==================>...........] - ETA: 0s - loss: 0.0016 - mae: 0.0438
21/29 [====================>.........] - ETA: 0s - loss: 0.0016 - mae: 0.0435
23/29 [======================>.......] - ETA: 0s - loss: 0.0015 - mae: 0.0420
25/29 [========================>.....] - ETA: 0s - loss: 0.0015 - mae: 0.0415
27/29 [==========================>...] - ETA: 0s - loss: 0.0014 - mae: 0.0397
29/29 [==============================] - ETA: 0s - loss: 0.0013 - mae: 0.0386
29/29 [==============================] - 1s 46ms/step - loss: 0.0013 - mae: 0.0386 - val_loss: 0.0022 - val_mae: 0.0609 - lr: 7.5000e-04
Epoch 41/200

 1/29 [>.............................] - ETA: 1s - loss: 0.0086 - mae: 0.1069
 3/29 [==>...........................] - ETA: 1s - loss: 0.0056 - mae: 0.0805
 5/29 [====>.........................] - ETA: 1s - loss: 0.0046 - mae: 0.0736
 7/29 [======>.......................] - ETA: 0s - loss: 0.0037 - mae: 0.0653
 9/29 [========>.....................] - ETA: 0s - loss: 0.0030 - mae: 0.0562
11/29 [==========>...................] - ETA: 0s - loss: 0.0026 - mae: 0.0509
13/29 [============>.................] - ETA: 0s - loss: 0.0023 - mae: 0.0492
15/29 [==============>...............] - ETA: 0s - loss: 0.0021 - mae: 0.0476
17/29 [================>.............] - ETA: 0s - loss: 0.0021 - mae: 0.0478
19/29 [==================>...........] - ETA: 0s - loss: 0.0021 - mae: 0.0486
21/29 [====================>.........] - ETA: 0s - loss: 0.0020 - mae: 0.0478
23/29 [======================>.......] - ETA: 0s - loss: 0.0020 - mae: 0.0481
25/29 [========================>.....] - ETA: 0s - loss: 0.0019 - mae: 0.0474
27/29 [==========================>...] - ETA: 0s - loss: 0.0018 - mae: 0.0457
29/29 [==============================] - ETA: 0s - loss: 0.0018 - mae: 0.0448
29/29 [==============================] - 1s 46ms/step - loss: 0.0018 - mae: 0.0448 - val_loss: 9.7969e-04 - val_mae: 0.0389 - lr: 7.5000e-04
Epoch 42/200

 1/29 [>.............................] - ETA: 1s - loss: 0.0028 - mae: 0.0626
 3/29 [==>...........................] - ETA: 1s - loss: 0.0020 - mae: 0.0528
 5/29 [====>.........................] - ETA: 1s - loss: 0.0017 - mae: 0.0459
 7/29 [======>.......................] - ETA: 0s - loss: 0.0016 - mae: 0.0449
 9/29 [========>.....................] - ETA: 0s - loss: 0.0014 - mae: 0.0408
11/29 [==========>...................] - ETA: 0s - loss: 0.0013 - mae: 0.0398
13/29 [============>.................] - ETA: 0s - loss: 0.0012 - mae: 0.0366
15/29 [==============>...............] - ETA: 0s - loss: 0.0014 - mae: 0.0406
17/29 [================>.............] - ETA: 0s - loss: 0.0017 - mae: 0.0449
19/29 [==================>...........] - ETA: 0s - loss: 0.0016 - mae: 0.0447
21/29 [====================>.........] - ETA: 0s - loss: 0.0016 - mae: 0.0440
23/29 [======================>.......] - ETA: 0s - loss: 0.0016 - mae: 0.0451
25/29 [========================>.....] - ETA: 0s - loss: 0.0016 - mae: 0.0448
27/29 [==========================>...] - ETA: 0s - loss: 0.0015 - mae: 0.0425
29/29 [==============================] - ETA: 0s - loss: 0.0015 - mae: 0.0417
29/29 [==============================] - 1s 47ms/step - loss: 0.0015 - mae: 0.0417 - val_loss: 0.0013 - val_mae: 0.0450 - lr: 7.5000e-04
Epoch 43/200

 1/29 [>.............................] - ETA: 1s - loss: 0.0054 - mae: 0.0914
 3/29 [==>...........................] - ETA: 1s - loss: 0.0055 - mae: 0.0931
 5/29 [====>.........................] - ETA: 1s - loss: 0.0041 - mae: 0.0764
 7/29 [======>.......................] - ETA: 0s - loss: 0.0030 - mae: 0.0616
 9/29 [========>.....................] - ETA: 0s - loss: 0.0025 - mae: 0.0529
11/29 [==========>...................] - ETA: 0s - loss: 0.0022 - mae: 0.0489
13/29 [============>.................] - ETA: 0s - loss: 0.0019 - mae: 0.0445
15/29 [==============>...............] - ETA: 0s - loss: 0.0021 - mae: 0.0491
17/29 [================>.............] - ETA: 0s - loss: 0.0025 - mae: 0.0546
19/29 [==================>...........] - ETA: 0s - loss: 0.0026 - mae: 0.0553
21/29 [====================>.........] - ETA: 0s - loss: 0.0025 - mae: 0.0540
23/29 [======================>.......] - ETA: 0s - loss: 0.0023 - mae: 0.0520
25/29 [========================>.....] - ETA: 0s - loss: 0.0022 - mae: 0.0506
27/29 [==========================>...] - ETA: 0s - loss: 0.0021 - mae: 0.0482
29/29 [==============================] - ETA: 0s - loss: 0.0020 - mae: 0.0468
29/29 [==============================] - 1s 47ms/step - loss: 0.0020 - mae: 0.0468 - val_loss: 0.0042 - val_mae: 0.0756 - lr: 7.5000e-04
Epoch 44/200

 1/29 [>.............................] - ETA: 1s - loss: 0.0024 - mae: 0.0509
 3/29 [==>...........................] - ETA: 1s - loss: 0.0031 - mae: 0.0630
 5/29 [====>.........................] - ETA: 1s - loss: 0.0030 - mae: 0.0651
 7/29 [======>.......................] - ETA: 0s - loss: 0.0025 - mae: 0.0578
 9/29 [========>.....................] - ETA: 0s - loss: 0.0021 - mae: 0.0527
11/29 [==========>...................] - ETA: 0s - loss: 0.0018 - mae: 0.0481
13/29 [============>.................] - ETA: 0s - loss: 0.0017 - mae: 0.0460
15/29 [==============>...............] - ETA: 0s - loss: 0.0016 - mae: 0.0432
17/29 [================>.............] - ETA: 0s - loss: 0.0016 - mae: 0.0432
19/29 [==================>...........] - ETA: 0s - loss: 0.0015 - mae: 0.0425
21/29 [====================>.........] - ETA: 0s - loss: 0.0014 - mae: 0.0414
23/29 [======================>.......] - ETA: 0s - loss: 0.0014 - mae: 0.0408
25/29 [========================>.....] - ETA: 0s - loss: 0.0014 - mae: 0.0403
27/29 [==========================>...] - ETA: 0s - loss: 0.0013 - mae: 0.0385
29/29 [==============================] - ETA: 0s - loss: 0.0012 - mae: 0.0377
29/29 [==============================] - 1s 48ms/step - loss: 0.0012 - mae: 0.0377 - val_loss: 0.0035 - val_mae: 0.0702 - lr: 7.5000e-04
Epoch 45/200

 1/29 [>.............................] - ETA: 1s - loss: 0.0069 - mae: 0.0906
 3/29 [==>...........................] - ETA: 1s - loss: 0.0047 - mae: 0.0732
 5/29 [====>.........................] - ETA: 1s - loss: 0.0032 - mae: 0.0581
 7/29 [======>.......................] - ETA: 1s - loss: 0.0024 - mae: 0.0483
 9/29 [========>.....................] - ETA: 0s - loss: 0.0020 - mae: 0.0434
11/29 [==========>...................] - ETA: 0s - loss: 0.0017 - mae: 0.0393
13/29 [============>.................] - ETA: 0s - loss: 0.0015 - mae: 0.0376
15/29 [==============>...............] - ETA: 0s - loss: 0.0015 - mae: 0.0378
17/29 [================>.............] - ETA: 0s - loss: 0.0015 - mae: 0.0387
19/29 [==================>...........] - ETA: 0s - loss: 0.0015 - mae: 0.0396
21/29 [====================>.........] - ETA: 0s - loss: 0.0015 - mae: 0.0391
23/29 [======================>.......] - ETA: 0s - loss: 0.0014 - mae: 0.0391
25/29 [========================>.....] - ETA: 0s - loss: 0.0014 - mae: 0.0390
27/29 [==========================>...] - ETA: 0s - loss: 0.0013 - mae: 0.0369
29/29 [==============================] - ETA: 0s - loss: 0.0013 - mae: 0.0363
29/29 [==============================] - 1s 47ms/step - loss: 0.0013 - mae: 0.0363 - val_loss: 0.0017 - val_mae: 0.0516 - lr: 7.5000e-04
Epoch 46/200

 1/29 [>.............................] - ETA: 1s - loss: 0.0061 - mae: 0.0853
 3/29 [==>...........................] - ETA: 1s - loss: 0.0041 - mae: 0.0694
 5/29 [====>.........................] - ETA: 1s - loss: 0.0033 - mae: 0.0612
 7/29 [======>.......................] - ETA: 0s - loss: 0.0029 - mae: 0.0581
 9/29 [========>.....................] - ETA: 0s - loss: 0.0024 - mae: 0.0524
11/29 [==========>...................] - ETA: 0s - loss: 0.0021 - mae: 0.0479
13/29 [============>.................] - ETA: 0s - loss: 0.0018 - mae: 0.0442
15/29 [==============>...............] - ETA: 0s - loss: 0.0017 - mae: 0.0414
17/29 [================>.............] - ETA: 0s - loss: 0.0016 - mae: 0.0405
19/29 [==================>...........] - ETA: 0s - loss: 0.0016 - mae: 0.0407
21/29 [====================>.........] - ETA: 0s - loss: 0.0015 - mae: 0.0407
23/29 [======================>.......] - ETA: 0s - loss: 0.0015 - mae: 0.0416
25/29 [========================>.....] - ETA: 0s - loss: 0.0015 - mae: 0.0412
27/29 [==========================>...] - ETA: 0s - loss: 0.0014 - mae: 0.0399
29/29 [==============================] - ETA: 0s - loss: 0.0014 - mae: 0.0391
29/29 [==============================] - 1s 47ms/step - loss: 0.0014 - mae: 0.0391 - val_loss: 8.6372e-04 - val_mae: 0.0375 - lr: 7.5000e-04
Epoch 47/200

 1/29 [>.............................] - ETA: 1s - loss: 0.0056 - mae: 0.0853
 3/29 [==>...........................] - ETA: 1s - loss: 0.0047 - mae: 0.0798
 5/29 [====>.........................] - ETA: 1s - loss: 0.0032 - mae: 0.0618
 7/29 [======>.......................] - ETA: 0s - loss: 0.0026 - mae: 0.0557
 9/29 [========>.....................] - ETA: 0s - loss: 0.0022 - mae: 0.0507
11/29 [==========>...................] - ETA: 0s - loss: 0.0021 - mae: 0.0490
13/29 [============>.................] - ETA: 0s - loss: 0.0018 - mae: 0.0440
15/29 [==============>...............] - ETA: 0s - loss: 0.0019 - mae: 0.0467
17/29 [================>.............] - ETA: 0s - loss: 0.0023 - mae: 0.0512
19/29 [==================>...........] - ETA: 0s - loss: 0.0022 - mae: 0.0508
21/29 [====================>.........] - ETA: 0s - loss: 0.0021 - mae: 0.0491
23/29 [======================>.......] - ETA: 0s - loss: 0.0020 - mae: 0.0490
25/29 [========================>.....] - ETA: 0s - loss: 0.0020 - mae: 0.0482
27/29 [==========================>...] - ETA: 0s - loss: 0.0018 - mae: 0.0456
29/29 [==============================] - ETA: 0s - loss: 0.0018 - mae: 0.0443
29/29 [==============================] - 1s 46ms/step - loss: 0.0018 - mae: 0.0443 - val_loss: 0.0019 - val_mae: 0.0509 - lr: 7.5000e-04
Epoch 48/200

 1/29 [>.............................] - ETA: 1s - loss: 0.0027 - mae: 0.0609
 3/29 [==>...........................] - ETA: 1s - loss: 0.0036 - mae: 0.0700
 5/29 [====>.........................] - ETA: 1s - loss: 0.0029 - mae: 0.0633
 7/29 [======>.......................] - ETA: 0s - loss: 0.0023 - mae: 0.0545
 9/29 [========>.....................] - ETA: 0s - loss: 0.0019 - mae: 0.0487
11/29 [==========>...................] - ETA: 0s - loss: 0.0017 - mae: 0.0436
13/29 [============>.................] - ETA: 0s - loss: 0.0015 - mae: 0.0411
15/29 [==============>...............] - ETA: 0s - loss: 0.0015 - mae: 0.0420
17/29 [================>.............] - ETA: 0s - loss: 0.0018 - mae: 0.0455
19/29 [==================>...........] - ETA: 0s - loss: 0.0017 - mae: 0.0449
21/29 [====================>.........] - ETA: 0s - loss: 0.0017 - mae: 0.0443
23/29 [======================>.......] - ETA: 0s - loss: 0.0016 - mae: 0.0438
25/29 [========================>.....] - ETA: 0s - loss: 0.0016 - mae: 0.0431
27/29 [==========================>...] - ETA: 0s - loss: 0.0015 - mae: 0.0409
29/29 [==============================] - ETA: 0s - loss: 0.0014 - mae: 0.0400
29/29 [==============================] - 1s 47ms/step - loss: 0.0014 - mae: 0.0400 - val_loss: 0.0037 - val_mae: 0.0706 - lr: 7.5000e-04
Epoch 49/200

 1/29 [>.............................] - ETA: 1s - loss: 0.0030 - mae: 0.0559
 3/29 [==>...........................] - ETA: 1s - loss: 0.0024 - mae: 0.0554
 5/29 [====>.........................] - ETA: 1s - loss: 0.0020 - mae: 0.0506
 7/29 [======>.......................] - ETA: 0s - loss: 0.0016 - mae: 0.0453
 9/29 [========>.....................] - ETA: 0s - loss: 0.0014 - mae: 0.0423
11/29 [==========>...................] - ETA: 0s - loss: 0.0013 - mae: 0.0396
13/29 [============>.................] - ETA: 0s - loss: 0.0012 - mae: 0.0389
15/29 [==============>...............] - ETA: 0s - loss: 0.0012 - mae: 0.0386
17/29 [================>.............] - ETA: 0s - loss: 0.0013 - mae: 0.0390
19/29 [==================>...........] - ETA: 0s - loss: 0.0012 - mae: 0.0387
21/29 [====================>.........] - ETA: 0s - loss: 0.0012 - mae: 0.0382
23/29 [======================>.......] - ETA: 0s - loss: 0.0012 - mae: 0.0377
25/29 [========================>.....] - ETA: 0s - loss: 0.0012 - mae: 0.0375
27/29 [==========================>...] - ETA: 0s - loss: 0.0011 - mae: 0.0361
29/29 [==============================] - ETA: 0s - loss: 0.0011 - mae: 0.0354
29/29 [==============================] - 1s 47ms/step - loss: 0.0011 - mae: 0.0354 - val_loss: 0.0033 - val_mae: 0.0683 - lr: 7.5000e-04
Epoch 50/200

 1/29 [>.............................] - ETA: 1s - loss: 0.0044 - mae: 0.0758
 3/29 [==>...........................] - ETA: 1s - loss: 0.0036 - mae: 0.0668
 5/29 [====>.........................] - ETA: 1s - loss: 0.0025 - mae: 0.0522
 7/29 [======>.......................] - ETA: 0s - loss: 0.0019 - mae: 0.0441
 9/29 [========>.....................] - ETA: 0s - loss: 0.0016 - mae: 0.0391
11/29 [==========>...................] - ETA: 0s - loss: 0.0014 - mae: 0.0358
13/29 [============>.................] - ETA: 0s - loss: 0.0013 - mae: 0.0350
15/29 [==============>...............] - ETA: 0s - loss: 0.0012 - mae: 0.0339
17/29 [================>.............] - ETA: 0s - loss: 0.0012 - mae: 0.0356
19/29 [==================>...........] - ETA: 0s - loss: 0.0013 - mae: 0.0368
21/29 [====================>.........] - ETA: 0s - loss: 0.0013 - mae: 0.0369
23/29 [======================>.......] - ETA: 0s - loss: 0.0012 - mae: 0.0369
25/29 [========================>.....] - ETA: 0s - loss: 0.0012 - mae: 0.0367
27/29 [==========================>...] - ETA: 0s - loss: 0.0011 - mae: 0.0351
29/29 [==============================] - ETA: 0s - loss: 0.0011 - mae: 0.0345
29/29 [==============================] - 1s 47ms/step - loss: 0.0011 - mae: 0.0345 - val_loss: 0.0018 - val_mae: 0.0526 - lr: 7.5000e-04
Epoch 51/200

 1/29 [>.............................] - ETA: 1s - loss: 0.0038 - mae: 0.0707
 3/29 [==>...........................] - ETA: 1s - loss: 0.0031 - mae: 0.0618
 5/29 [====>.........................] - ETA: 1s - loss: 0.0024 - mae: 0.0532
 7/29 [======>.......................] - ETA: 0s - loss: 0.0021 - mae: 0.0503
 9/29 [========>.....................] - ETA: 0s - loss: 0.0017 - mae: 0.0452
11/29 [==========>...................] - ETA: 0s - loss: 0.0015 - mae: 0.0416
13/29 [============>.................] - ETA: 0s - loss: 0.0014 - mae: 0.0386
15/29 [==============>...............] - ETA: 0s - loss: 0.0013 - mae: 0.0370
17/29 [================>.............] - ETA: 0s - loss: 0.0012 - mae: 0.0366
19/29 [==================>...........] - ETA: 0s - loss: 0.0012 - mae: 0.0372
21/29 [====================>.........] - ETA: 0s - loss: 0.0012 - mae: 0.0373
23/29 [======================>.......] - ETA: 0s - loss: 0.0012 - mae: 0.0381
25/29 [========================>.....] - ETA: 0s - loss: 0.0012 - mae: 0.0380
27/29 [==========================>...] - ETA: 0s - loss: 0.0012 - mae: 0.0366
29/29 [==============================] - ETA: 0s - loss: 0.0011 - mae: 0.0359
Epoch 51: ReduceLROnPlateau reducing learning rate to 0.000375000003259629.

29/29 [==============================] - 1s 47ms/step - loss: 0.0011 - mae: 0.0359 - val_loss: 9.4500e-04 - val_mae: 0.0384 - lr: 7.5000e-04
Epoch 52/200

 1/29 [>.............................] - ETA: 1s - loss: 0.0033 - mae: 0.0700
 3/29 [==>...........................] - ETA: 1s - loss: 0.0028 - mae: 0.0620
 5/29 [====>.........................] - ETA: 1s - loss: 0.0020 - mae: 0.0509
 7/29 [======>.......................] - ETA: 0s - loss: 0.0017 - mae: 0.0451
 9/29 [========>.....................] - ETA: 0s - loss: 0.0015 - mae: 0.0416
11/29 [==========>...................] - ETA: 0s - loss: 0.0013 - mae: 0.0397
13/29 [============>.................] - ETA: 0s - loss: 0.0012 - mae: 0.0366
15/29 [==============>...............] - ETA: 0s - loss: 0.0013 - mae: 0.0382
17/29 [================>.............] - ETA: 0s - loss: 0.0016 - mae: 0.0422
19/29 [==================>...........] - ETA: 0s - loss: 0.0015 - mae: 0.0417
21/29 [====================>.........] - ETA: 0s - loss: 0.0015 - mae: 0.0412
23/29 [======================>.......] - ETA: 0s - loss: 0.0014 - mae: 0.0408
25/29 [========================>.....] - ETA: 0s - loss: 0.0014 - mae: 0.0401
27/29 [==========================>...] - ETA: 0s - loss: 0.0013 - mae: 0.0383
29/29 [==============================] - ETA: 0s - loss: 0.0013 - mae: 0.0373
29/29 [==============================] - 1s 48ms/step - loss: 0.0013 - mae: 0.0373 - val_loss: 0.0015 - val_mae: 0.0465 - lr: 3.7500e-04
Epoch 53/200

 1/29 [>.............................] - ETA: 1s - loss: 0.0040 - mae: 0.0778
 3/29 [==>...........................] - ETA: 1s - loss: 0.0033 - mae: 0.0675
 5/29 [====>.........................] - ETA: 1s - loss: 0.0024 - mae: 0.0557
 7/29 [======>.......................] - ETA: 0s - loss: 0.0019 - mae: 0.0462
 9/29 [========>.....................] - ETA: 0s - loss: 0.0016 - mae: 0.0414
11/29 [==========>...................] - ETA: 0s - loss: 0.0014 - mae: 0.0381
13/29 [============>.................] - ETA: 0s - loss: 0.0012 - mae: 0.0358
15/29 [==============>...............] - ETA: 0s - loss: 0.0012 - mae: 0.0359
17/29 [================>.............] - ETA: 0s - loss: 0.0013 - mae: 0.0374
19/29 [==================>...........] - ETA: 0s - loss: 0.0013 - mae: 0.0375
21/29 [====================>.........] - ETA: 0s - loss: 0.0013 - mae: 0.0371
23/29 [======================>.......] - ETA: 0s - loss: 0.0012 - mae: 0.0370
25/29 [========================>.....] - ETA: 0s - loss: 0.0012 - mae: 0.0364
27/29 [==========================>...] - ETA: 0s - loss: 0.0011 - mae: 0.0350
29/29 [==============================] - ETA: 0s - loss: 0.0011 - mae: 0.0341
29/29 [==============================] - 1s 47ms/step - loss: 0.0011 - mae: 0.0341 - val_loss: 0.0019 - val_mae: 0.0510 - lr: 3.7500e-04
Epoch 54/200

 1/29 [>.............................] - ETA: 1s - loss: 0.0039 - mae: 0.0662
 3/29 [==>...........................] - ETA: 1s - loss: 0.0028 - mae: 0.0566
 5/29 [====>.........................] - ETA: 1s - loss: 0.0021 - mae: 0.0505
 7/29 [======>.......................] - ETA: 0s - loss: 0.0018 - mae: 0.0452
 9/29 [========>.....................] - ETA: 0s - loss: 0.0015 - mae: 0.0398
11/29 [==========>...................] - ETA: 0s - loss: 0.0013 - mae: 0.0368
13/29 [============>.................] - ETA: 0s - loss: 0.0011 - mae: 0.0352
15/29 [==============>...............] - ETA: 0s - loss: 0.0011 - mae: 0.0348
17/29 [================>.............] - ETA: 0s - loss: 0.0011 - mae: 0.0358
19/29 [==================>...........] - ETA: 0s - loss: 0.0011 - mae: 0.0357
21/29 [====================>.........] - ETA: 0s - loss: 0.0011 - mae: 0.0355
23/29 [======================>.......] - ETA: 0s - loss: 0.0011 - mae: 0.0355
25/29 [========================>.....] - ETA: 0s - loss: 0.0011 - mae: 0.0355
27/29 [==========================>...] - ETA: 0s - loss: 0.0010 - mae: 0.0341
29/29 [==============================] - ETA: 0s - loss: 9.9769e-04 - mae: 0.0333
29/29 [==============================] - 1s 47ms/step - loss: 9.9769e-04 - mae: 0.0333 - val_loss: 0.0023 - val_mae: 0.0565 - lr: 3.7500e-04
Epoch 55/200

 1/29 [>.............................] - ETA: 1s - loss: 0.0035 - mae: 0.0657
 3/29 [==>...........................] - ETA: 1s - loss: 0.0032 - mae: 0.0600
 5/29 [====>.........................] - ETA: 1s - loss: 0.0023 - mae: 0.0491
 7/29 [======>.......................] - ETA: 0s - loss: 0.0018 - mae: 0.0427
 9/29 [========>.....................] - ETA: 0s - loss: 0.0016 - mae: 0.0404
11/29 [==========>...................] - ETA: 0s - loss: 0.0013 - mae: 0.0362
13/29 [============>.................] - ETA: 0s - loss: 0.0012 - mae: 0.0350
15/29 [==============>...............] - ETA: 0s - loss: 0.0012 - mae: 0.0345
17/29 [================>.............] - ETA: 0s - loss: 0.0012 - mae: 0.0353
19/29 [==================>...........] - ETA: 0s - loss: 0.0012 - mae: 0.0349
21/29 [====================>.........] - ETA: 0s - loss: 0.0011 - mae: 0.0343
23/29 [======================>.......] - ETA: 0s - loss: 0.0011 - mae: 0.0346
25/29 [========================>.....] - ETA: 0s - loss: 0.0011 - mae: 0.0348
27/29 [==========================>...] - ETA: 0s - loss: 0.0010 - mae: 0.0333
29/29 [==============================] - ETA: 0s - loss: 0.0010 - mae: 0.0326
29/29 [==============================] - 1s 47ms/step - loss: 0.0010 - mae: 0.0326 - val_loss: 0.0024 - val_mae: 0.0578 - lr: 3.7500e-04
Epoch 56/200

 1/29 [>.............................] - ETA: 1s - loss: 0.0040 - mae: 0.0664
 3/29 [==>...........................] - ETA: 1s - loss: 0.0035 - mae: 0.0651
 5/29 [====>.........................] - ETA: 1s - loss: 0.0025 - mae: 0.0524
 7/29 [======>.......................] - ETA: 0s - loss: 0.0020 - mae: 0.0459
 9/29 [========>.....................] - ETA: 0s - loss: 0.0018 - mae: 0.0431
11/29 [==========>...................] - ETA: 0s - loss: 0.0015 - mae: 0.0396
13/29 [============>.................] - ETA: 0s - loss: 0.0014 - mae: 0.0373
15/29 [==============>...............] - ETA: 0s - loss: 0.0013 - mae: 0.0363
17/29 [================>.............] - ETA: 0s - loss: 0.0013 - mae: 0.0361
19/29 [==================>...........] - ETA: 0s - loss: 0.0012 - mae: 0.0356
21/29 [====================>.........] - ETA: 0s - loss: 0.0012 - mae: 0.0352
23/29 [======================>.......] - ETA: 0s - loss: 0.0012 - mae: 0.0353
25/29 [========================>.....] - ETA: 0s - loss: 0.0012 - mae: 0.0355
27/29 [==========================>...] - ETA: 0s - loss: 0.0011 - mae: 0.0338
29/29 [==============================] - ETA: 0s - loss: 0.0011 - mae: 0.0332
29/29 [==============================] - 1s 47ms/step - loss: 0.0011 - mae: 0.0332 - val_loss: 0.0026 - val_mae: 0.0591 - lr: 3.7500e-04
Epoch 57/200

 1/29 [>.............................] - ETA: 1s - loss: 0.0037 - mae: 0.0649
 3/29 [==>...........................] - ETA: 1s - loss: 0.0036 - mae: 0.0618
 5/29 [====>.........................] - ETA: 1s - loss: 0.0025 - mae: 0.0492
 7/29 [======>.......................] - ETA: 0s - loss: 0.0020 - mae: 0.0434
 9/29 [========>.....................] - ETA: 0s - loss: 0.0017 - mae: 0.0398
11/29 [==========>...................] - ETA: 0s - loss: 0.0015 - mae: 0.0371
13/29 [============>.................] - ETA: 0s - loss: 0.0013 - mae: 0.0356
15/29 [==============>...............] - ETA: 0s - loss: 0.0012 - mae: 0.0344
17/29 [================>.............] - ETA: 0s - loss: 0.0012 - mae: 0.0345
19/29 [==================>...........] - ETA: 0s - loss: 0.0011 - mae: 0.0340
21/29 [====================>.........] - ETA: 0s - loss: 0.0011 - mae: 0.0334
23/29 [======================>.......] - ETA: 0s - loss: 0.0011 - mae: 0.0333
25/29 [========================>.....] - ETA: 0s - loss: 0.0011 - mae: 0.0336
27/29 [==========================>...] - ETA: 0s - loss: 9.9175e-04 - mae: 0.0319
29/29 [==============================] - ETA: 0s - loss: 9.6431e-04 - mae: 0.0313
29/29 [==============================] - 1s 48ms/step - loss: 9.6431e-04 - mae: 0.0313 - val_loss: 0.0024 - val_mae: 0.0584 - lr: 3.7500e-04
Epoch 58/200

 1/29 [>.............................] - ETA: 1s - loss: 0.0034 - mae: 0.0702
 3/29 [==>...........................] - ETA: 1s - loss: 0.0025 - mae: 0.0568
 5/29 [====>.........................] - ETA: 1s - loss: 0.0017 - mae: 0.0452
 7/29 [======>.......................] - ETA: 0s - loss: 0.0014 - mae: 0.0404
 9/29 [========>.....................] - ETA: 0s - loss: 0.0012 - mae: 0.0377
11/29 [==========>...................] - ETA: 0s - loss: 0.0011 - mae: 0.0355
13/29 [============>.................] - ETA: 0s - loss: 0.0010 - mae: 0.0336
15/29 [==============>...............] - ETA: 0s - loss: 0.0010 - mae: 0.0340
17/29 [================>.............] - ETA: 0s - loss: 0.0012 - mae: 0.0358
19/29 [==================>...........] - ETA: 0s - loss: 0.0012 - mae: 0.0359
21/29 [====================>.........] - ETA: 0s - loss: 0.0012 - mae: 0.0358
23/29 [======================>.......] - ETA: 0s - loss: 0.0011 - mae: 0.0356
25/29 [========================>.....] - ETA: 0s - loss: 0.0011 - mae: 0.0353
27/29 [==========================>...] - ETA: 0s - loss: 0.0011 - mae: 0.0340
29/29 [==============================] - ETA: 0s - loss: 0.0010 - mae: 0.0333
29/29 [==============================] - 1s 48ms/step - loss: 0.0010 - mae: 0.0333 - val_loss: 0.0031 - val_mae: 0.0639 - lr: 3.7500e-04
Epoch 59/200

 1/29 [>.............................] - ETA: 1s - loss: 0.0035 - mae: 0.0708
 3/29 [==>...........................] - ETA: 1s - loss: 0.0031 - mae: 0.0622
 5/29 [====>.........................] - ETA: 1s - loss: 0.0022 - mae: 0.0519
 7/29 [======>.......................] - ETA: 1s - loss: 0.0017 - mae: 0.0442
 9/29 [========>.....................] - ETA: 0s - loss: 0.0014 - mae: 0.0397
11/29 [==========>...................] - ETA: 0s - loss: 0.0013 - mae: 0.0365
13/29 [============>.................] - ETA: 0s - loss: 0.0011 - mae: 0.0348
15/29 [==============>...............] - ETA: 0s - loss: 0.0011 - mae: 0.0338
17/29 [================>.............] - ETA: 0s - loss: 0.0011 - mae: 0.0341
19/29 [==================>...........] - ETA: 0s - loss: 0.0011 - mae: 0.0342
21/29 [====================>.........] - ETA: 0s - loss: 0.0010 - mae: 0.0335
23/29 [======================>.......] - ETA: 0s - loss: 0.0010 - mae: 0.0335
25/29 [========================>.....] - ETA: 0s - loss: 0.0010 - mae: 0.0338
27/29 [==========================>...] - ETA: 0s - loss: 9.5468e-04 - mae: 0.0324
29/29 [==============================] - ETA: 0s - loss: 9.3245e-04 - mae: 0.0319
29/29 [==============================] - 1s 48ms/step - loss: 9.3245e-04 - mae: 0.0319 - val_loss: 0.0031 - val_mae: 0.0647 - lr: 3.7500e-04
Epoch 60/200

 1/29 [>.............................] - ETA: 1s - loss: 0.0051 - mae: 0.0718
 3/29 [==>...........................] - ETA: 1s - loss: 0.0033 - mae: 0.0614
 5/29 [====>.........................] - ETA: 1s - loss: 0.0024 - mae: 0.0503
 7/29 [======>.......................] - ETA: 0s - loss: 0.0018 - mae: 0.0417
 9/29 [========>.....................] - ETA: 0s - loss: 0.0015 - mae: 0.0381
11/29 [==========>...................] - ETA: 0s - loss: 0.0013 - mae: 0.0359
13/29 [============>.................] - ETA: 0s - loss: 0.0012 - mae: 0.0350
15/29 [==============>...............] - ETA: 0s - loss: 0.0011 - mae: 0.0334
17/29 [================>.............] - ETA: 0s - loss: 0.0012 - mae: 0.0348
19/29 [==================>...........] - ETA: 0s - loss: 0.0012 - mae: 0.0352
21/29 [====================>.........] - ETA: 0s - loss: 0.0011 - mae: 0.0350
23/29 [======================>.......] - ETA: 0s - loss: 0.0011 - mae: 0.0348
25/29 [========================>.....] - ETA: 0s - loss: 0.0011 - mae: 0.0348
27/29 [==========================>...] - ETA: 0s - loss: 0.0010 - mae: 0.0334
29/29 [==============================] - ETA: 0s - loss: 0.0010 - mae: 0.0327
29/29 [==============================] - 1s 46ms/step - loss: 0.0010 - mae: 0.0327 - val_loss: 0.0029 - val_mae: 0.0642 - lr: 3.7500e-04
Epoch 61/200

 1/29 [>.............................] - ETA: 1s - loss: 0.0029 - mae: 0.0663
 3/29 [==>...........................] - ETA: 1s - loss: 0.0027 - mae: 0.0591
 5/29 [====>.........................] - ETA: 1s - loss: 0.0021 - mae: 0.0499
 7/29 [======>.......................] - ETA: 0s - loss: 0.0017 - mae: 0.0448
 9/29 [========>.....................] - ETA: 0s - loss: 0.0015 - mae: 0.0404
11/29 [==========>...................] - ETA: 0s - loss: 0.0013 - mae: 0.0375
13/29 [============>.................] - ETA: 0s - loss: 0.0012 - mae: 0.0355
15/29 [==============>...............] - ETA: 0s - loss: 0.0011 - mae: 0.0345
17/29 [================>.............] - ETA: 0s - loss: 0.0011 - mae: 0.0338
19/29 [==================>...........] - ETA: 0s - loss: 0.0010 - mae: 0.0332
21/29 [====================>.........] - ETA: 0s - loss: 9.9398e-04 - mae: 0.0327
23/29 [======================>.......] - ETA: 0s - loss: 9.8023e-04 - mae: 0.0330
25/29 [========================>.....] - ETA: 0s - loss: 9.7849e-04 - mae: 0.0331
27/29 [==========================>...] - ETA: 0s - loss: 9.1835e-04 - mae: 0.0317
29/29 [==============================] - ETA: 0s - loss: 8.8886e-04 - mae: 0.0309
29/29 [==============================] - 1s 48ms/step - loss: 8.8886e-04 - mae: 0.0309 - val_loss: 0.0028 - val_mae: 0.0617 - lr: 3.7500e-04
Epoch 62/200

 1/29 [>.............................] - ETA: 1s - loss: 0.0039 - mae: 0.0730
 3/29 [==>...........................] - ETA: 1s - loss: 0.0028 - mae: 0.0594
 5/29 [====>.........................] - ETA: 1s - loss: 0.0020 - mae: 0.0479
 7/29 [======>.......................] - ETA: 0s - loss: 0.0016 - mae: 0.0423
 9/29 [========>.....................] - ETA: 0s - loss: 0.0013 - mae: 0.0376
11/29 [==========>...................] - ETA: 0s - loss: 0.0012 - mae: 0.0347
13/29 [============>.................] - ETA: 0s - loss: 0.0011 - mae: 0.0330
15/29 [==============>...............] - ETA: 0s - loss: 0.0010 - mae: 0.0329
17/29 [================>.............] - ETA: 0s - loss: 0.0011 - mae: 0.0335
19/29 [==================>...........] - ETA: 0s - loss: 0.0011 - mae: 0.0337
21/29 [====================>.........] - ETA: 0s - loss: 0.0010 - mae: 0.0336
23/29 [======================>.......] - ETA: 0s - loss: 0.0010 - mae: 0.0337
25/29 [========================>.....] - ETA: 0s - loss: 0.0010 - mae: 0.0337
27/29 [==========================>...] - ETA: 0s - loss: 9.5985e-04 - mae: 0.0322
29/29 [==============================] - ETA: 0s - loss: 9.4064e-04 - mae: 0.0317
29/29 [==============================] - 1s 47ms/step - loss: 9.4064e-04 - mae: 0.0317 - val_loss: 0.0031 - val_mae: 0.0645 - lr: 3.7500e-04
Epoch 63/200

 1/29 [>.............................] - ETA: 1s - loss: 0.0017 - mae: 0.0469
 3/29 [==>...........................] - ETA: 1s - loss: 0.0016 - mae: 0.0448
 5/29 [====>.........................] - ETA: 1s - loss: 0.0014 - mae: 0.0418
 7/29 [======>.......................] - ETA: 1s - loss: 0.0012 - mae: 0.0379
 9/29 [========>.....................] - ETA: 0s - loss: 0.0010 - mae: 0.0354
11/29 [==========>...................] - ETA: 0s - loss: 9.0279e-04 - mae: 0.0329
13/29 [============>.................] - ETA: 0s - loss: 8.3755e-04 - mae: 0.0319
15/29 [==============>...............] - ETA: 0s - loss: 8.6953e-04 - mae: 0.0318
17/29 [================>.............] - ETA: 0s - loss: 9.3777e-04 - mae: 0.0329
19/29 [==================>...........] - ETA: 0s - loss: 9.2207e-04 - mae: 0.0327
21/29 [====================>.........] - ETA: 0s - loss: 9.1510e-04 - mae: 0.0326
23/29 [======================>.......] - ETA: 0s - loss: 9.0158e-04 - mae: 0.0327
25/29 [========================>.....] - ETA: 0s - loss: 9.0215e-04 - mae: 0.0328
27/29 [==========================>...] - ETA: 0s - loss: 8.4826e-04 - mae: 0.0314
29/29 [==============================] - ETA: 0s - loss: 8.2184e-04 - mae: 0.0306
29/29 [==============================] - 1s 47ms/step - loss: 8.2184e-04 - mae: 0.0306 - val_loss: 0.0030 - val_mae: 0.0642 - lr: 3.7500e-04
Epoch 64/200

 1/29 [>.............................] - ETA: 1s - loss: 0.0025 - mae: 0.0605
 3/29 [==>...........................] - ETA: 1s - loss: 0.0024 - mae: 0.0542
 5/29 [====>.........................] - ETA: 1s - loss: 0.0017 - mae: 0.0446
 7/29 [======>.......................] - ETA: 0s - loss: 0.0014 - mae: 0.0389
 9/29 [========>.....................] - ETA: 0s - loss: 0.0012 - mae: 0.0356
11/29 [==========>...................] - ETA: 0s - loss: 0.0010 - mae: 0.0335
13/29 [============>.................] - ETA: 0s - loss: 9.5360e-04 - mae: 0.0320
15/29 [==============>...............] - ETA: 0s - loss: 9.6039e-04 - mae: 0.0323
17/29 [================>.............] - ETA: 0s - loss: 0.0010 - mae: 0.0333    
19/29 [==================>...........] - ETA: 0s - loss: 9.9202e-04 - mae: 0.0331
21/29 [====================>.........] - ETA: 0s - loss: 9.7071e-04 - mae: 0.0329
23/29 [======================>.......] - ETA: 0s - loss: 9.6007e-04 - mae: 0.0332
25/29 [========================>.....] - ETA: 0s - loss: 9.4753e-04 - mae: 0.0332
27/29 [==========================>...] - ETA: 0s - loss: 8.9681e-04 - mae: 0.0319
29/29 [==============================] - ETA: 0s - loss: 8.7591e-04 - mae: 0.0314
29/29 [==============================] - 1s 48ms/step - loss: 8.7591e-04 - mae: 0.0314 - val_loss: 0.0028 - val_mae: 0.0628 - lr: 3.7500e-04
Epoch 65/200

 1/29 [>.............................] - ETA: 1s - loss: 0.0021 - mae: 0.0537
 3/29 [==>...........................] - ETA: 1s - loss: 0.0024 - mae: 0.0571
 5/29 [====>.........................] - ETA: 1s - loss: 0.0018 - mae: 0.0477
 7/29 [======>.......................] - ETA: 1s - loss: 0.0015 - mae: 0.0425
 9/29 [========>.....................] - ETA: 0s - loss: 0.0013 - mae: 0.0385
11/29 [==========>...................] - ETA: 0s - loss: 0.0011 - mae: 0.0351
13/29 [============>.................] - ETA: 0s - loss: 9.8255e-04 - mae: 0.0334
15/29 [==============>...............] - ETA: 0s - loss: 9.5293e-04 - mae: 0.0328
17/29 [================>.............] - ETA: 0s - loss: 9.8811e-04 - mae: 0.0336
19/29 [==================>...........] - ETA: 0s - loss: 0.0010 - mae: 0.0341    
21/29 [====================>.........] - ETA: 0s - loss: 9.9080e-04 - mae: 0.0336
23/29 [======================>.......] - ETA: 0s - loss: 9.7080e-04 - mae: 0.0336
25/29 [========================>.....] - ETA: 0s - loss: 9.6999e-04 - mae: 0.0336
27/29 [==========================>...] - ETA: 0s - loss: 9.1588e-04 - mae: 0.0322
29/29 [==============================] - ETA: 0s - loss: 8.9235e-04 - mae: 0.0317
29/29 [==============================] - 1s 48ms/step - loss: 8.9235e-04 - mae: 0.0317 - val_loss: 0.0029 - val_mae: 0.0630 - lr: 3.7500e-04
Epoch 66/200

 1/29 [>.............................] - ETA: 1s - loss: 0.0024 - mae: 0.0570
 3/29 [==>...........................] - ETA: 1s - loss: 0.0023 - mae: 0.0535
 5/29 [====>.........................] - ETA: 1s - loss: 0.0018 - mae: 0.0456
 7/29 [======>.......................] - ETA: 0s - loss: 0.0015 - mae: 0.0419
 9/29 [========>.....................] - ETA: 0s - loss: 0.0013 - mae: 0.0375
11/29 [==========>...................] - ETA: 0s - loss: 0.0011 - mae: 0.0348
13/29 [============>.................] - ETA: 0s - loss: 0.0010 - mae: 0.0331
15/29 [==============>...............] - ETA: 0s - loss: 9.5388e-04 - mae: 0.0323
17/29 [================>.............] - ETA: 0s - loss: 9.5714e-04 - mae: 0.0325
19/29 [==================>...........] - ETA: 0s - loss: 9.3188e-04 - mae: 0.0322
21/29 [====================>.........] - ETA: 0s - loss: 9.3113e-04 - mae: 0.0323
23/29 [======================>.......] - ETA: 0s - loss: 9.0474e-04 - mae: 0.0320
25/29 [========================>.....] - ETA: 0s - loss: 8.8434e-04 - mae: 0.0318
27/29 [==========================>...] - ETA: 0s - loss: 8.4770e-04 - mae: 0.0308
29/29 [==============================] - ETA: 0s - loss: 8.2250e-04 - mae: 0.0302
Epoch 66: ReduceLROnPlateau reducing learning rate to 0.0001875000016298145.

29/29 [==============================] - 1s 47ms/step - loss: 8.2250e-04 - mae: 0.0302 - val_loss: 0.0026 - val_mae: 0.0599 - lr: 3.7500e-04
Epoch 67/200

 1/29 [>.............................] - ETA: 1s - loss: 0.0057 - mae: 0.0704
 3/29 [==>...........................] - ETA: 1s - loss: 0.0034 - mae: 0.0609
 5/29 [====>.........................] - ETA: 1s - loss: 0.0023 - mae: 0.0492
 7/29 [======>.......................] - ETA: 0s - loss: 0.0018 - mae: 0.0423
 9/29 [========>.....................] - ETA: 0s - loss: 0.0015 - mae: 0.0376
11/29 [==========>...................] - ETA: 0s - loss: 0.0013 - mae: 0.0353
13/29 [============>.................] - ETA: 0s - loss: 0.0012 - mae: 0.0340
15/29 [==============>...............] - ETA: 0s - loss: 0.0012 - mae: 0.0335
17/29 [================>.............] - ETA: 0s - loss: 0.0012 - mae: 0.0343
19/29 [==================>...........] - ETA: 0s - loss: 0.0012 - mae: 0.0346
21/29 [====================>.........] - ETA: 0s - loss: 0.0012 - mae: 0.0350
23/29 [======================>.......] - ETA: 0s - loss: 0.0011 - mae: 0.0345
25/29 [========================>.....] - ETA: 0s - loss: 0.0011 - mae: 0.0346
27/29 [==========================>...] - ETA: 0s - loss: 0.0010 - mae: 0.0331
29/29 [==============================] - ETA: 0s - loss: 0.0010 - mae: 0.0325
29/29 [==============================] - 1s 46ms/step - loss: 0.0010 - mae: 0.0325 - val_loss: 0.0027 - val_mae: 0.0612 - lr: 1.8750e-04
Epoch 68/200

 1/29 [>.............................] - ETA: 1s - loss: 0.0026 - mae: 0.0604
 3/29 [==>...........................] - ETA: 1s - loss: 0.0029 - mae: 0.0592
 5/29 [====>.........................] - ETA: 1s - loss: 0.0021 - mae: 0.0493
 7/29 [======>.......................] - ETA: 0s - loss: 0.0017 - mae: 0.0428
 9/29 [========>.....................] - ETA: 0s - loss: 0.0014 - mae: 0.0385
11/29 [==========>...................] - ETA: 0s - loss: 0.0012 - mae: 0.0358
13/29 [============>.................] - ETA: 0s - loss: 0.0011 - mae: 0.0343
15/29 [==============>...............] - ETA: 0s - loss: 0.0011 - mae: 0.0337
17/29 [================>.............] - ETA: 0s - loss: 0.0011 - mae: 0.0342
19/29 [==================>...........] - ETA: 0s - loss: 0.0011 - mae: 0.0336
21/29 [====================>.........] - ETA: 0s - loss: 0.0010 - mae: 0.0331
23/29 [======================>.......] - ETA: 0s - loss: 0.0010 - mae: 0.0329
25/29 [========================>.....] - ETA: 0s - loss: 0.0010 - mae: 0.0331
27/29 [==========================>...] - ETA: 0s - loss: 9.4403e-04 - mae: 0.0315
29/29 [==============================] - ETA: 0s - loss: 9.1407e-04 - mae: 0.0309
29/29 [==============================] - 1s 47ms/step - loss: 9.1407e-04 - mae: 0.0309 - val_loss: 0.0025 - val_mae: 0.0584 - lr: 1.8750e-04
Epoch 69/200

 1/29 [>.............................] - ETA: 1s - loss: 0.0046 - mae: 0.0722
 3/29 [==>...........................] - ETA: 1s - loss: 0.0031 - mae: 0.0598
 5/29 [====>.........................] - ETA: 1s - loss: 0.0022 - mae: 0.0495
 7/29 [======>.......................] - ETA: 0s - loss: 0.0018 - mae: 0.0436
 9/29 [========>.....................] - ETA: 0s - loss: 0.0016 - mae: 0.0400
11/29 [==========>...................] - ETA: 0s - loss: 0.0013 - mae: 0.0365
13/29 [============>.................] - ETA: 0s - loss: 0.0012 - mae: 0.0349
15/29 [==============>...............] - ETA: 0s - loss: 0.0011 - mae: 0.0341
17/29 [================>.............] - ETA: 0s - loss: 0.0011 - mae: 0.0337
19/29 [==================>...........] - ETA: 0s - loss: 0.0011 - mae: 0.0335
21/29 [====================>.........] - ETA: 0s - loss: 0.0010 - mae: 0.0329
23/29 [======================>.......] - ETA: 0s - loss: 0.0010 - mae: 0.0329
25/29 [========================>.....] - ETA: 0s - loss: 0.0010 - mae: 0.0333
27/29 [==========================>...] - ETA: 0s - loss: 9.4511e-04 - mae: 0.0317
29/29 [==============================] - ETA: 0s - loss: 9.1206e-04 - mae: 0.0309
29/29 [==============================] - 1s 48ms/step - loss: 9.1206e-04 - mae: 0.0309 - val_loss: 0.0025 - val_mae: 0.0582 - lr: 1.8750e-04
Epoch 70/200

 1/29 [>.............................] - ETA: 1s - loss: 0.0032 - mae: 0.0647
 3/29 [==>...........................] - ETA: 1s - loss: 0.0023 - mae: 0.0541
 5/29 [====>.........................] - ETA: 1s - loss: 0.0017 - mae: 0.0445
 7/29 [======>.......................] - ETA: 0s - loss: 0.0014 - mae: 0.0395
 9/29 [========>.....................] - ETA: 0s - loss: 0.0012 - mae: 0.0360
11/29 [==========>...................] - ETA: 0s - loss: 0.0010 - mae: 0.0328
13/29 [============>.................] - ETA: 0s - loss: 9.2927e-04 - mae: 0.0315
15/29 [==============>...............] - ETA: 0s - loss: 9.3127e-04 - mae: 0.0319
17/29 [================>.............] - ETA: 0s - loss: 9.9110e-04 - mae: 0.0327
19/29 [==================>...........] - ETA: 0s - loss: 9.9896e-04 - mae: 0.0329
21/29 [====================>.........] - ETA: 0s - loss: 9.8314e-04 - mae: 0.0326
23/29 [======================>.......] - ETA: 0s - loss: 9.6308e-04 - mae: 0.0326
25/29 [========================>.....] - ETA: 0s - loss: 9.5630e-04 - mae: 0.0326
27/29 [==========================>...] - ETA: 0s - loss: 8.9986e-04 - mae: 0.0311
29/29 [==============================] - ETA: 0s - loss: 8.7520e-04 - mae: 0.0305
29/29 [==============================] - 1s 48ms/step - loss: 8.7520e-04 - mae: 0.0305 - val_loss: 0.0025 - val_mae: 0.0580 - lr: 1.8750e-04
Epoch 71/200

 1/29 [>.............................] - ETA: 1s - loss: 0.0037 - mae: 0.0666
 3/29 [==>...........................] - ETA: 1s - loss: 0.0030 - mae: 0.0607
 5/29 [====>.........................] - ETA: 1s - loss: 0.0023 - mae: 0.0505
 7/29 [======>.......................] - ETA: 0s - loss: 0.0018 - mae: 0.0442
 9/29 [========>.....................] - ETA: 0s - loss: 0.0016 - mae: 0.0406
11/29 [==========>...................] - ETA: 0s - loss: 0.0013 - mae: 0.0369
13/29 [============>.................] - ETA: 0s - loss: 0.0012 - mae: 0.0348
15/29 [==============>...............] - ETA: 0s - loss: 0.0011 - mae: 0.0338
17/29 [================>.............] - ETA: 0s - loss: 0.0011 - mae: 0.0344
19/29 [==================>...........] - ETA: 0s - loss: 0.0011 - mae: 0.0341
21/29 [====================>.........] - ETA: 0s - loss: 0.0011 - mae: 0.0336
23/29 [======================>.......] - ETA: 0s - loss: 0.0010 - mae: 0.0333
25/29 [========================>.....] - ETA: 0s - loss: 0.0010 - mae: 0.0332
27/29 [==========================>...] - ETA: 0s - loss: 9.5647e-04 - mae: 0.0318
29/29 [==============================] - ETA: 0s - loss: 9.3160e-04 - mae: 0.0312
29/29 [==============================] - 1s 47ms/step - loss: 9.3160e-04 - mae: 0.0312 - val_loss: 0.0024 - val_mae: 0.0577 - lr: 1.8750e-04
Epoch 72/200

 1/29 [>.............................] - ETA: 1s - loss: 0.0019 - mae: 0.0510
 3/29 [==>...........................] - ETA: 1s - loss: 0.0018 - mae: 0.0479
 5/29 [====>.........................] - ETA: 1s - loss: 0.0014 - mae: 0.0407
 7/29 [======>.......................] - ETA: 0s - loss: 0.0012 - mae: 0.0377
 9/29 [========>.....................] - ETA: 0s - loss: 0.0011 - mae: 0.0350
11/29 [==========>...................] - ETA: 0s - loss: 9.2684e-04 - mae: 0.0327
13/29 [============>.................] - ETA: 0s - loss: 8.3986e-04 - mae: 0.0311
15/29 [==============>...............] - ETA: 0s - loss: 8.3780e-04 - mae: 0.0312
17/29 [================>.............] - ETA: 0s - loss: 8.7174e-04 - mae: 0.0323
19/29 [==================>...........] - ETA: 0s - loss: 8.7632e-04 - mae: 0.0321
21/29 [====================>.........] - ETA: 0s - loss: 8.7645e-04 - mae: 0.0320
23/29 [======================>.......] - ETA: 0s - loss: 8.5043e-04 - mae: 0.0315
25/29 [========================>.....] - ETA: 0s - loss: 8.6535e-04 - mae: 0.0317
27/29 [==========================>...] - ETA: 0s - loss: 8.1791e-04 - mae: 0.0305
29/29 [==============================] - ETA: 0s - loss: 7.9384e-04 - mae: 0.0299
29/29 [==============================] - 1s 47ms/step - loss: 7.9384e-04 - mae: 0.0299 - val_loss: 0.0026 - val_mae: 0.0592 - lr: 1.8750e-04
Epoch 73/200

 1/29 [>.............................] - ETA: 1s - loss: 0.0014 - mae: 0.0435
 3/29 [==>...........................] - ETA: 1s - loss: 0.0021 - mae: 0.0504
 5/29 [====>.........................] - ETA: 1s - loss: 0.0016 - mae: 0.0429
 7/29 [======>.......................] - ETA: 0s - loss: 0.0013 - mae: 0.0378
 9/29 [========>.....................] - ETA: 0s - loss: 0.0011 - mae: 0.0353
11/29 [==========>...................] - ETA: 0s - loss: 9.7283e-04 - mae: 0.0323
13/29 [============>.................] - ETA: 0s - loss: 9.0119e-04 - mae: 0.0314
15/29 [==============>...............] - ETA: 0s - loss: 8.4432e-04 - mae: 0.0302
17/29 [================>.............] - ETA: 0s - loss: 8.7689e-04 - mae: 0.0309
19/29 [==================>...........] - ETA: 0s - loss: 8.8190e-04 - mae: 0.0313
21/29 [====================>.........] - ETA: 0s - loss: 8.7120e-04 - mae: 0.0312
23/29 [======================>.......] - ETA: 0s - loss: 8.4777e-04 - mae: 0.0310
25/29 [========================>.....] - ETA: 0s - loss: 8.4106e-04 - mae: 0.0311
27/29 [==========================>...] - ETA: 0s - loss: 8.0405e-04 - mae: 0.0301
29/29 [==============================] - ETA: 0s - loss: 7.8669e-04 - mae: 0.0296
29/29 [==============================] - 1s 46ms/step - loss: 7.8669e-04 - mae: 0.0296 - val_loss: 0.0025 - val_mae: 0.0586 - lr: 1.8750e-04
Epoch 74/200

 1/29 [>.............................] - ETA: 1s - loss: 0.0037 - mae: 0.0691
 3/29 [==>...........................] - ETA: 1s - loss: 0.0030 - mae: 0.0603
 5/29 [====>.........................] - ETA: 1s - loss: 0.0021 - mae: 0.0484
 7/29 [======>.......................] - ETA: 0s - loss: 0.0017 - mae: 0.0431
 9/29 [========>.....................] - ETA: 0s - loss: 0.0015 - mae: 0.0395
11/29 [==========>...................] - ETA: 0s - loss: 0.0013 - mae: 0.0362
13/29 [============>.................] - ETA: 0s - loss: 0.0011 - mae: 0.0344
15/29 [==============>...............] - ETA: 0s - loss: 0.0010 - mae: 0.0330
17/29 [================>.............] - ETA: 0s - loss: 0.0011 - mae: 0.0339
19/29 [==================>...........] - ETA: 0s - loss: 0.0010 - mae: 0.0335
21/29 [====================>.........] - ETA: 0s - loss: 0.0010 - mae: 0.0332
23/29 [======================>.......] - ETA: 0s - loss: 9.8165e-04 - mae: 0.0327
25/29 [========================>.....] - ETA: 0s - loss: 9.8065e-04 - mae: 0.0330
27/29 [==========================>...] - ETA: 0s - loss: 9.2488e-04 - mae: 0.0316
29/29 [==============================] - ETA: 0s - loss: 8.9361e-04 - mae: 0.0309
29/29 [==============================] - 1s 47ms/step - loss: 8.9361e-04 - mae: 0.0309 - val_loss: 0.0026 - val_mae: 0.0592 - lr: 1.8750e-04
Epoch 75/200

 1/29 [>.............................] - ETA: 1s - loss: 0.0028 - mae: 0.0615
 3/29 [==>...........................] - ETA: 1s - loss: 0.0027 - mae: 0.0565
 5/29 [====>.........................] - ETA: 1s - loss: 0.0019 - mae: 0.0448
 7/29 [======>.......................] - ETA: 0s - loss: 0.0016 - mae: 0.0411
 9/29 [========>.....................] - ETA: 0s - loss: 0.0013 - mae: 0.0377
11/29 [==========>...................] - ETA: 0s - loss: 0.0012 - mae: 0.0347
13/29 [============>.................] - ETA: 0s - loss: 0.0010 - mae: 0.0329
15/29 [==============>...............] - ETA: 0s - loss: 9.8898e-04 - mae: 0.0323
17/29 [================>.............] - ETA: 0s - loss: 9.9516e-04 - mae: 0.0324
19/29 [==================>...........] - ETA: 0s - loss: 9.6533e-04 - mae: 0.0320
21/29 [====================>.........] - ETA: 0s - loss: 9.3458e-04 - mae: 0.0317
23/29 [======================>.......] - ETA: 0s - loss: 9.0722e-04 - mae: 0.0314
25/29 [========================>.....] - ETA: 0s - loss: 9.0352e-04 - mae: 0.0315
27/29 [==========================>...] - ETA: 0s - loss: 8.4590e-04 - mae: 0.0300
29/29 [==============================] - ETA: 0s - loss: 8.2112e-04 - mae: 0.0295
29/29 [==============================] - 1s 48ms/step - loss: 8.2112e-04 - mae: 0.0295 - val_loss: 0.0026 - val_mae: 0.0591 - lr: 1.8750e-04
Epoch 76/200

 1/29 [>.............................] - ETA: 1s - loss: 0.0026 - mae: 0.0606
 3/29 [==>...........................] - ETA: 1s - loss: 0.0021 - mae: 0.0516
 5/29 [====>.........................] - ETA: 1s - loss: 0.0016 - mae: 0.0431
 7/29 [======>.......................] - ETA: 0s - loss: 0.0013 - mae: 0.0375
 9/29 [========>.....................] - ETA: 0s - loss: 0.0011 - mae: 0.0342
11/29 [==========>...................] - ETA: 0s - loss: 9.6312e-04 - mae: 0.0324
13/29 [============>.................] - ETA: 0s - loss: 8.6813e-04 - mae: 0.0308
15/29 [==============>...............] - ETA: 0s - loss: 8.7357e-04 - mae: 0.0310
17/29 [================>.............] - ETA: 0s - loss: 9.3310e-04 - mae: 0.0322
19/29 [==================>...........] - ETA: 0s - loss: 9.5623e-04 - mae: 0.0324
21/29 [====================>.........] - ETA: 0s - loss: 9.6698e-04 - mae: 0.0328
23/29 [======================>.......] - ETA: 0s - loss: 9.3474e-04 - mae: 0.0324
25/29 [========================>.....] - ETA: 0s - loss: 9.2730e-04 - mae: 0.0325
27/29 [==========================>...] - ETA: 0s - loss: 8.8366e-04 - mae: 0.0312
29/29 [==============================] - ETA: 0s - loss: 8.5593e-04 - mae: 0.0305
29/29 [==============================] - 1s 45ms/step - loss: 8.5593e-04 - mae: 0.0305 - val_loss: 0.0027 - val_mae: 0.0598 - lr: 1.8750e-04
Epoch 77/200

 1/29 [>.............................] - ETA: 1s - loss: 0.0032 - mae: 0.0587
 3/29 [==>...........................] - ETA: 1s - loss: 0.0027 - mae: 0.0578
 5/29 [====>.........................] - ETA: 1s - loss: 0.0020 - mae: 0.0479
 7/29 [======>.......................] - ETA: 0s - loss: 0.0016 - mae: 0.0415
 9/29 [========>.....................] - ETA: 0s - loss: 0.0013 - mae: 0.0380
11/29 [==========>...................] - ETA: 0s - loss: 0.0012 - mae: 0.0351
13/29 [============>.................] - ETA: 0s - loss: 0.0011 - mae: 0.0342
15/29 [==============>...............] - ETA: 0s - loss: 9.8408e-04 - mae: 0.0323
17/29 [================>.............] - ETA: 0s - loss: 9.8874e-04 - mae: 0.0323
19/29 [==================>...........] - ETA: 0s - loss: 9.8430e-04 - mae: 0.0323
21/29 [====================>.........] - ETA: 0s - loss: 9.7014e-04 - mae: 0.0324
23/29 [======================>.......] - ETA: 0s - loss: 9.4643e-04 - mae: 0.0322
25/29 [========================>.....] - ETA: 0s - loss: 9.3851e-04 - mae: 0.0321
27/29 [==========================>...] - ETA: 0s - loss: 8.8792e-04 - mae: 0.0308
29/29 [==============================] - ETA: 0s - loss: 8.6428e-04 - mae: 0.0301
29/29 [==============================] - 1s 46ms/step - loss: 8.6428e-04 - mae: 0.0301 - val_loss: 0.0025 - val_mae: 0.0581 - lr: 1.8750e-04
Epoch 78/200

 1/29 [>.............................] - ETA: 1s - loss: 0.0036 - mae: 0.0689
 3/29 [==>...........................] - ETA: 1s - loss: 0.0027 - mae: 0.0562
 5/29 [====>.........................] - ETA: 1s - loss: 0.0021 - mae: 0.0477
 7/29 [======>.......................] - ETA: 0s - loss: 0.0016 - mae: 0.0412
 9/29 [========>.....................] - ETA: 0s - loss: 0.0014 - mae: 0.0369
11/29 [==========>...................] - ETA: 0s - loss: 0.0012 - mae: 0.0339
13/29 [============>.................] - ETA: 0s - loss: 0.0011 - mae: 0.0325
15/29 [==============>...............] - ETA: 0s - loss: 9.9445e-04 - mae: 0.0315
17/29 [================>.............] - ETA: 0s - loss: 9.8733e-04 - mae: 0.0318
19/29 [==================>...........] - ETA: 0s - loss: 9.7546e-04 - mae: 0.0321
21/29 [====================>.........] - ETA: 0s - loss: 9.3718e-04 - mae: 0.0315
23/29 [======================>.......] - ETA: 0s - loss: 8.9809e-04 - mae: 0.0310
25/29 [========================>.....] - ETA: 0s - loss: 8.8497e-04 - mae: 0.0308
27/29 [==========================>...] - ETA: 0s - loss: 8.3886e-04 - mae: 0.0296
29/29 [==============================] - ETA: 0s - loss: 8.1770e-04 - mae: 0.0291
29/29 [==============================] - 1s 46ms/step - loss: 8.1770e-04 - mae: 0.0291 - val_loss: 0.0024 - val_mae: 0.0578 - lr: 1.8750e-04
Epoch 79/200

 1/29 [>.............................] - ETA: 1s - loss: 0.0021 - mae: 0.0529
 3/29 [==>...........................] - ETA: 1s - loss: 0.0024 - mae: 0.0543
 5/29 [====>.........................] - ETA: 1s - loss: 0.0018 - mae: 0.0448
 7/29 [======>.......................] - ETA: 0s - loss: 0.0014 - mae: 0.0399
 9/29 [========>.....................] - ETA: 0s - loss: 0.0012 - mae: 0.0368
11/29 [==========>...................] - ETA: 0s - loss: 0.0011 - mae: 0.0341
13/29 [============>.................] - ETA: 0s - loss: 9.8325e-04 - mae: 0.0327
15/29 [==============>...............] - ETA: 0s - loss: 9.2197e-04 - mae: 0.0316
17/29 [================>.............] - ETA: 0s - loss: 9.2759e-04 - mae: 0.0320
19/29 [==================>...........] - ETA: 0s - loss: 9.1328e-04 - mae: 0.0320
21/29 [====================>.........] - ETA: 0s - loss: 9.2237e-04 - mae: 0.0321
23/29 [======================>.......] - ETA: 0s - loss: 9.0898e-04 - mae: 0.0321
25/29 [========================>.....] - ETA: 0s - loss: 8.9908e-04 - mae: 0.0321
27/29 [==========================>...] - ETA: 0s - loss: 8.4268e-04 - mae: 0.0306
29/29 [==============================] - ETA: 0s - loss: 8.2648e-04 - mae: 0.0302
29/29 [==============================] - 1s 46ms/step - loss: 8.2648e-04 - mae: 0.0302 - val_loss: 0.0024 - val_mae: 0.0568 - lr: 1.8750e-04
Epoch 80/200

 1/29 [>.............................] - ETA: 1s - loss: 0.0042 - mae: 0.0767
 3/29 [==>...........................] - ETA: 1s - loss: 0.0028 - mae: 0.0583
 5/29 [====>.........................] - ETA: 1s - loss: 0.0019 - mae: 0.0464
 7/29 [======>.......................] - ETA: 0s - loss: 0.0015 - mae: 0.0397
 9/29 [========>.....................] - ETA: 0s - loss: 0.0013 - mae: 0.0373
11/29 [==========>...................] - ETA: 0s - loss: 0.0012 - mae: 0.0345
13/29 [============>.................] - ETA: 0s - loss: 0.0010 - mae: 0.0328
15/29 [==============>...............] - ETA: 0s - loss: 9.9217e-04 - mae: 0.0318
17/29 [================>.............] - ETA: 0s - loss: 0.0011 - mae: 0.0325    
19/29 [==================>...........] - ETA: 0s - loss: 0.0011 - mae: 0.0330
21/29 [====================>.........] - ETA: 0s - loss: 0.0010 - mae: 0.0333
23/29 [======================>.......] - ETA: 0s - loss: 0.0010 - mae: 0.0330
25/29 [========================>.....] - ETA: 0s - loss: 9.8637e-04 - mae: 0.0326
27/29 [==========================>...] - ETA: 0s - loss: 9.2293e-04 - mae: 0.0310
29/29 [==============================] - ETA: 0s - loss: 9.0018e-04 - mae: 0.0305
29/29 [==============================] - 1s 46ms/step - loss: 9.0018e-04 - mae: 0.0305 - val_loss: 0.0025 - val_mae: 0.0579 - lr: 1.8750e-04
Epoch 81/200

 1/29 [>.............................] - ETA: 1s - loss: 0.0058 - mae: 0.0840
 3/29 [==>...........................] - ETA: 1s - loss: 0.0027 - mae: 0.0540
 5/29 [====>.........................] - ETA: 1s - loss: 0.0019 - mae: 0.0442
 7/29 [======>.......................] - ETA: 0s - loss: 0.0015 - mae: 0.0376
 9/29 [========>.....................] - ETA: 0s - loss: 0.0012 - mae: 0.0344
11/29 [==========>...................] - ETA: 0s - loss: 0.0011 - mae: 0.0327
13/29 [============>.................] - ETA: 0s - loss: 9.8243e-04 - mae: 0.0311
15/29 [==============>...............] - ETA: 0s - loss: 9.5561e-04 - mae: 0.0307
17/29 [================>.............] - ETA: 0s - loss: 9.2853e-04 - mae: 0.0307
19/29 [==================>...........] - ETA: 0s - loss: 9.3813e-04 - mae: 0.0308
21/29 [====================>.........] - ETA: 0s - loss: 9.1465e-04 - mae: 0.0307
23/29 [======================>.......] - ETA: 0s - loss: 8.7983e-04 - mae: 0.0302
25/29 [========================>.....] - ETA: 0s - loss: 8.6068e-04 - mae: 0.0300
27/29 [==========================>...] - ETA: 0s - loss: 8.1744e-04 - mae: 0.0290
29/29 [==============================] - ETA: 0s - loss: 7.9638e-04 - mae: 0.0284
Epoch 81: ReduceLROnPlateau reducing learning rate to 9.375000081490725e-05.

29/29 [==============================] - 1s 45ms/step - loss: 7.9638e-04 - mae: 0.0284 - val_loss: 0.0023 - val_mae: 0.0558 - lr: 1.8750e-04
Epoch 82/200

 1/29 [>.............................] - ETA: 1s - loss: 0.0032 - mae: 0.0621
 3/29 [==>...........................] - ETA: 1s - loss: 0.0025 - mae: 0.0563
 5/29 [====>.........................] - ETA: 1s - loss: 0.0020 - mae: 0.0478
 7/29 [======>.......................] - ETA: 0s - loss: 0.0016 - mae: 0.0424
 9/29 [========>.....................] - ETA: 0s - loss: 0.0013 - mae: 0.0383
11/29 [==========>...................] - ETA: 0s - loss: 0.0012 - mae: 0.0352
13/29 [============>.................] - ETA: 0s - loss: 0.0011 - mae: 0.0333
15/29 [==============>...............] - ETA: 0s - loss: 9.6615e-04 - mae: 0.0319
17/29 [================>.............] - ETA: 0s - loss: 9.9699e-04 - mae: 0.0323
19/29 [==================>...........] - ETA: 0s - loss: 0.0010 - mae: 0.0329    
21/29 [====================>.........] - ETA: 0s - loss: 9.9261e-04 - mae: 0.0325
23/29 [======================>.......] - ETA: 0s - loss: 9.4964e-04 - mae: 0.0319
25/29 [========================>.....] - ETA: 0s - loss: 9.5420e-04 - mae: 0.0322
27/29 [==========================>...] - ETA: 0s - loss: 8.9635e-04 - mae: 0.0308
29/29 [==============================] - ETA: 0s - loss: 8.7465e-04 - mae: 0.0302
29/29 [==============================] - 1s 46ms/step - loss: 8.7465e-04 - mae: 0.0302 - val_loss: 0.0025 - val_mae: 0.0579 - lr: 9.3750e-05
Epoch 83/200

 1/29 [>.............................] - ETA: 1s - loss: 0.0033 - mae: 0.0656
 3/29 [==>...........................] - ETA: 1s - loss: 0.0032 - mae: 0.0649
 5/29 [====>.........................] - ETA: 1s - loss: 0.0022 - mae: 0.0500
 7/29 [======>.......................] - ETA: 0s - loss: 0.0017 - mae: 0.0432
 9/29 [========>.....................] - ETA: 0s - loss: 0.0015 - mae: 0.0399
11/29 [==========>...................] - ETA: 0s - loss: 0.0013 - mae: 0.0369
13/29 [============>.................] - ETA: 0s - loss: 0.0012 - mae: 0.0347
15/29 [==============>...............] - ETA: 0s - loss: 0.0011 - mae: 0.0339
17/29 [================>.............] - ETA: 0s - loss: 0.0011 - mae: 0.0338
19/29 [==================>...........] - ETA: 0s - loss: 0.0010 - mae: 0.0334
21/29 [====================>.........] - ETA: 0s - loss: 0.0010 - mae: 0.0333
23/29 [======================>.......] - ETA: 0s - loss: 9.6954e-04 - mae: 0.0329
25/29 [========================>.....] - ETA: 0s - loss: 9.8415e-04 - mae: 0.0331
27/29 [==========================>...] - ETA: 0s - loss: 9.3210e-04 - mae: 0.0318
29/29 [==============================] - ETA: 0s - loss: 9.0591e-04 - mae: 0.0312
29/29 [==============================] - 1s 46ms/step - loss: 9.0591e-04 - mae: 0.0312 - val_loss: 0.0024 - val_mae: 0.0571 - lr: 9.3750e-05
Epoch 84/200

 1/29 [>.............................] - ETA: 1s - loss: 0.0027 - mae: 0.0618
 3/29 [==>...........................] - ETA: 1s - loss: 0.0022 - mae: 0.0535
 5/29 [====>.........................] - ETA: 1s - loss: 0.0016 - mae: 0.0436
 7/29 [======>.......................] - ETA: 0s - loss: 0.0014 - mae: 0.0395
 9/29 [========>.....................] - ETA: 0s - loss: 0.0012 - mae: 0.0363
11/29 [==========>...................] - ETA: 0s - loss: 0.0011 - mae: 0.0337
13/29 [============>.................] - ETA: 0s - loss: 9.3844e-04 - mae: 0.0316
15/29 [==============>...............] - ETA: 0s - loss: 9.3159e-04 - mae: 0.0315
17/29 [================>.............] - ETA: 0s - loss: 9.7195e-04 - mae: 0.0325
19/29 [==================>...........] - ETA: 0s - loss: 9.6739e-04 - mae: 0.0327
21/29 [====================>.........] - ETA: 0s - loss: 9.5850e-04 - mae: 0.0326
23/29 [======================>.......] - ETA: 0s - loss: 9.2749e-04 - mae: 0.0322
25/29 [========================>.....] - ETA: 0s - loss: 9.2184e-04 - mae: 0.0322
27/29 [==========================>...] - ETA: 0s - loss: 8.6673e-04 - mae: 0.0308
29/29 [==============================] - ETA: 0s - loss: 8.4001e-04 - mae: 0.0301
29/29 [==============================] - 1s 47ms/step - loss: 8.4001e-04 - mae: 0.0301 - val_loss: 0.0024 - val_mae: 0.0579 - lr: 9.3750e-05
Epoch 85/200

 1/29 [>.............................] - ETA: 1s - loss: 0.0027 - mae: 0.0556
 3/29 [==>...........................] - ETA: 1s - loss: 0.0026 - mae: 0.0573
 5/29 [====>.........................] - ETA: 1s - loss: 0.0018 - mae: 0.0458
 7/29 [======>.......................] - ETA: 0s - loss: 0.0015 - mae: 0.0401
 9/29 [========>.....................] - ETA: 0s - loss: 0.0013 - mae: 0.0365
11/29 [==========>...................] - ETA: 0s - loss: 0.0011 - mae: 0.0339
13/29 [============>.................] - ETA: 0s - loss: 0.0010 - mae: 0.0331
15/29 [==============>...............] - ETA: 0s - loss: 9.9138e-04 - mae: 0.0325
17/29 [================>.............] - ETA: 0s - loss: 9.4966e-04 - mae: 0.0320
19/29 [==================>...........] - ETA: 0s - loss: 9.3922e-04 - mae: 0.0320
21/29 [====================>.........] - ETA: 0s - loss: 8.8939e-04 - mae: 0.0312
23/29 [======================>.......] - ETA: 0s - loss: 8.5579e-04 - mae: 0.0307
25/29 [========================>.....] - ETA: 0s - loss: 8.6662e-04 - mae: 0.0310
27/29 [==========================>...] - ETA: 0s - loss: 8.2386e-04 - mae: 0.0300
29/29 [==============================] - ETA: 0s - loss: 7.9944e-04 - mae: 0.0294
29/29 [==============================] - 1s 46ms/step - loss: 7.9944e-04 - mae: 0.0294 - val_loss: 0.0024 - val_mae: 0.0571 - lr: 9.3750e-05
Epoch 86/200

 1/29 [>.............................] - ETA: 1s - loss: 0.0022 - mae: 0.0534
 3/29 [==>...........................] - ETA: 1s - loss: 0.0022 - mae: 0.0518
 5/29 [====>.........................] - ETA: 1s - loss: 0.0017 - mae: 0.0441
 7/29 [======>.......................] - ETA: 0s - loss: 0.0014 - mae: 0.0391
 9/29 [========>.....................] - ETA: 0s - loss: 0.0012 - mae: 0.0356
11/29 [==========>...................] - ETA: 0s - loss: 0.0010 - mae: 0.0327
13/29 [============>.................] - ETA: 0s - loss: 9.1683e-04 - mae: 0.0308
15/29 [==============>...............] - ETA: 0s - loss: 9.0578e-04 - mae: 0.0309
17/29 [================>.............] - ETA: 0s - loss: 9.2636e-04 - mae: 0.0312
19/29 [==================>...........] - ETA: 0s - loss: 9.1064e-04 - mae: 0.0313
21/29 [====================>.........] - ETA: 0s - loss: 8.9338e-04 - mae: 0.0311
23/29 [======================>.......] - ETA: 0s - loss: 8.7606e-04 - mae: 0.0310
25/29 [========================>.....] - ETA: 0s - loss: 8.7533e-04 - mae: 0.0310
27/29 [==========================>...] - ETA: 0s - loss: 8.3264e-04 - mae: 0.0301
29/29 [==============================] - ETA: 0s - loss: 8.0521e-04 - mae: 0.0294
29/29 [==============================] - 1s 46ms/step - loss: 8.0521e-04 - mae: 0.0294 - val_loss: 0.0024 - val_mae: 0.0575 - lr: 9.3750e-05
Epoch 87/200

 1/29 [>.............................] - ETA: 1s - loss: 0.0036 - mae: 0.0681
 3/29 [==>...........................] - ETA: 1s - loss: 0.0029 - mae: 0.0618
 5/29 [====>.........................] - ETA: 1s - loss: 0.0021 - mae: 0.0498
 7/29 [======>.......................] - ETA: 0s - loss: 0.0017 - mae: 0.0441
 9/29 [========>.....................] - ETA: 0s - loss: 0.0014 - mae: 0.0397
11/29 [==========>...................] - ETA: 0s - loss: 0.0012 - mae: 0.0363
13/29 [============>.................] - ETA: 0s - loss: 0.0011 - mae: 0.0352
15/29 [==============>...............] - ETA: 0s - loss: 0.0010 - mae: 0.0336
17/29 [================>.............] - ETA: 0s - loss: 0.0010 - mae: 0.0335
19/29 [==================>...........] - ETA: 0s - loss: 0.0010 - mae: 0.0337
21/29 [====================>.........] - ETA: 0s - loss: 9.7667e-04 - mae: 0.0331
23/29 [======================>.......] - ETA: 0s - loss: 9.4036e-04 - mae: 0.0326
25/29 [========================>.....] - ETA: 0s - loss: 9.3063e-04 - mae: 0.0326
27/29 [==========================>...] - ETA: 0s - loss: 8.7677e-04 - mae: 0.0312
29/29 [==============================] - ETA: 0s - loss: 8.5151e-04 - mae: 0.0306
29/29 [==============================] - 1s 45ms/step - loss: 8.5151e-04 - mae: 0.0306 - val_loss: 0.0023 - val_mae: 0.0562 - lr: 9.3750e-05
Epoch 88/200

 1/29 [>.............................] - ETA: 1s - loss: 0.0029 - mae: 0.0640
 3/29 [==>...........................] - ETA: 1s - loss: 0.0029 - mae: 0.0604
 5/29 [====>.........................] - ETA: 1s - loss: 0.0020 - mae: 0.0476
 7/29 [======>.......................] - ETA: 0s - loss: 0.0016 - mae: 0.0427
 9/29 [========>.....................] - ETA: 0s - loss: 0.0014 - mae: 0.0385
11/29 [==========>...................] - ETA: 0s - loss: 0.0012 - mae: 0.0360
13/29 [============>.................] - ETA: 0s - loss: 0.0011 - mae: 0.0338
15/29 [==============>...............] - ETA: 0s - loss: 0.0010 - mae: 0.0327
17/29 [================>.............] - ETA: 0s - loss: 0.0010 - mae: 0.0330
19/29 [==================>...........] - ETA: 0s - loss: 0.0010 - mae: 0.0333
21/29 [====================>.........] - ETA: 0s - loss: 9.8777e-04 - mae: 0.0329
23/29 [======================>.......] - ETA: 0s - loss: 9.6412e-04 - mae: 0.0327
25/29 [========================>.....] - ETA: 0s - loss: 9.4108e-04 - mae: 0.0323
27/29 [==========================>...] - ETA: 0s - loss: 8.9504e-04 - mae: 0.0312
29/29 [==============================] - ETA: 0s - loss: 8.6640e-04 - mae: 0.0305
29/29 [==============================] - 1s 45ms/step - loss: 8.6640e-04 - mae: 0.0305 - val_loss: 0.0023 - val_mae: 0.0563 - lr: 9.3750e-05
Epoch 89/200

 1/29 [>.............................] - ETA: 1s - loss: 0.0034 - mae: 0.0624
 3/29 [==>...........................] - ETA: 1s - loss: 0.0026 - mae: 0.0534
 5/29 [====>.........................] - ETA: 1s - loss: 0.0019 - mae: 0.0446
 7/29 [======>.......................] - ETA: 0s - loss: 0.0015 - mae: 0.0394
 9/29 [========>.....................] - ETA: 0s - loss: 0.0013 - mae: 0.0361
11/29 [==========>...................] - ETA: 0s - loss: 0.0011 - mae: 0.0334
13/29 [============>.................] - ETA: 0s - loss: 0.0010 - mae: 0.0320
15/29 [==============>...............] - ETA: 0s - loss: 9.6057e-04 - mae: 0.0314
17/29 [================>.............] - ETA: 0s - loss: 9.9105e-04 - mae: 0.0319
19/29 [==================>...........] - ETA: 0s - loss: 9.9057e-04 - mae: 0.0324
21/29 [====================>.........] - ETA: 0s - loss: 9.6292e-04 - mae: 0.0321
23/29 [======================>.......] - ETA: 0s - loss: 9.4565e-04 - mae: 0.0322
25/29 [========================>.....] - ETA: 0s - loss: 9.1563e-04 - mae: 0.0316
27/29 [==========================>...] - ETA: 0s - loss: 8.6736e-04 - mae: 0.0304
29/29 [==============================] - ETA: 0s - loss: 8.3790e-04 - mae: 0.0297
29/29 [==============================] - 1s 46ms/step - loss: 8.3790e-04 - mae: 0.0297 - val_loss: 0.0023 - val_mae: 0.0569 - lr: 9.3750e-05
Epoch 90/200

 1/29 [>.............................] - ETA: 1s - loss: 0.0031 - mae: 0.0596
 3/29 [==>...........................] - ETA: 1s - loss: 0.0023 - mae: 0.0524
 5/29 [====>.........................] - ETA: 1s - loss: 0.0016 - mae: 0.0419
 7/29 [======>.......................] - ETA: 0s - loss: 0.0013 - mae: 0.0376
 9/29 [========>.....................] - ETA: 0s - loss: 0.0011 - mae: 0.0343
11/29 [==========>...................] - ETA: 0s - loss: 9.9805e-04 - mae: 0.0321
13/29 [============>.................] - ETA: 0s - loss: 8.9458e-04 - mae: 0.0305
15/29 [==============>...............] - ETA: 0s - loss: 8.6776e-04 - mae: 0.0301
17/29 [================>.............] - ETA: 0s - loss: 8.7577e-04 - mae: 0.0304
19/29 [==================>...........] - ETA: 0s - loss: 8.5422e-04 - mae: 0.0303
21/29 [====================>.........] - ETA: 0s - loss: 8.6943e-04 - mae: 0.0307
23/29 [======================>.......] - ETA: 0s - loss: 8.4395e-04 - mae: 0.0305
25/29 [========================>.....] - ETA: 0s - loss: 8.3922e-04 - mae: 0.0306
27/29 [==========================>...] - ETA: 0s - loss: 7.9514e-04 - mae: 0.0294
29/29 [==============================] - ETA: 0s - loss: 7.7724e-04 - mae: 0.0289
29/29 [==============================] - 1s 47ms/step - loss: 7.7724e-04 - mae: 0.0289 - val_loss: 0.0024 - val_mae: 0.0571 - lr: 9.3750e-05
Epoch 91/200

 1/29 [>.............................] - ETA: 1s - loss: 0.0018 - mae: 0.0479
 3/29 [==>...........................] - ETA: 1s - loss: 0.0026 - mae: 0.0554
 5/29 [====>.........................] - ETA: 1s - loss: 0.0018 - mae: 0.0451
 7/29 [======>.......................] - ETA: 0s - loss: 0.0015 - mae: 0.0393
 9/29 [========>.....................] - ETA: 0s - loss: 0.0013 - mae: 0.0367
11/29 [==========>...................] - ETA: 0s - loss: 0.0011 - mae: 0.0341
13/29 [============>.................] - ETA: 0s - loss: 0.0010 - mae: 0.0325
15/29 [==============>...............] - ETA: 0s - loss: 9.6366e-04 - mae: 0.0319
17/29 [================>.............] - ETA: 0s - loss: 9.6698e-04 - mae: 0.0322
19/29 [==================>...........] - ETA: 0s - loss: 9.7885e-04 - mae: 0.0327
21/29 [====================>.........] - ETA: 0s - loss: 9.4973e-04 - mae: 0.0324
23/29 [======================>.......] - ETA: 0s - loss: 9.1583e-04 - mae: 0.0319
25/29 [========================>.....] - ETA: 0s - loss: 9.1598e-04 - mae: 0.0320
27/29 [==========================>...] - ETA: 0s - loss: 8.6415e-04 - mae: 0.0306
29/29 [==============================] - ETA: 0s - loss: 8.4641e-04 - mae: 0.0302
29/29 [==============================] - 1s 47ms/step - loss: 8.4641e-04 - mae: 0.0302 - val_loss: 0.0024 - val_mae: 0.0573 - lr: 9.3750e-05
Epoch 92/200

 1/29 [>.............................] - ETA: 1s - loss: 0.0039 - mae: 0.0673
 3/29 [==>...........................] - ETA: 1s - loss: 0.0031 - mae: 0.0621
 5/29 [====>.........................] - ETA: 1s - loss: 0.0022 - mae: 0.0496
 7/29 [======>.......................] - ETA: 0s - loss: 0.0017 - mae: 0.0423
 9/29 [========>.....................] - ETA: 0s - loss: 0.0014 - mae: 0.0376
11/29 [==========>...................] - ETA: 0s - loss: 0.0012 - mae: 0.0349
13/29 [============>.................] - ETA: 0s - loss: 0.0011 - mae: 0.0328
15/29 [==============>...............] - ETA: 0s - loss: 0.0010 - mae: 0.0323
17/29 [================>.............] - ETA: 0s - loss: 0.0011 - mae: 0.0332
19/29 [==================>...........] - ETA: 0s - loss: 0.0011 - mae: 0.0334
21/29 [====================>.........] - ETA: 0s - loss: 0.0010 - mae: 0.0328
23/29 [======================>.......] - ETA: 0s - loss: 9.7099e-04 - mae: 0.0323
25/29 [========================>.....] - ETA: 0s - loss: 9.5717e-04 - mae: 0.0322
27/29 [==========================>...] - ETA: 0s - loss: 8.9863e-04 - mae: 0.0308
29/29 [==============================] - ETA: 0s - loss: 8.7006e-04 - mae: 0.0301
29/29 [==============================] - 1s 47ms/step - loss: 8.7006e-04 - mae: 0.0301 - val_loss: 0.0022 - val_mae: 0.0559 - lr: 9.3750e-05
Epoch 93/200

 1/29 [>.............................] - ETA: 1s - loss: 0.0019 - mae: 0.0521
 3/29 [==>...........................] - ETA: 1s - loss: 0.0019 - mae: 0.0489
 5/29 [====>.........................] - ETA: 1s - loss: 0.0014 - mae: 0.0408
 7/29 [======>.......................] - ETA: 0s - loss: 0.0011 - mae: 0.0364
 9/29 [========>.....................] - ETA: 0s - loss: 9.7185e-04 - mae: 0.0332
11/29 [==========>...................] - ETA: 0s - loss: 8.7432e-04 - mae: 0.0315
13/29 [============>.................] - ETA: 0s - loss: 7.9495e-04 - mae: 0.0302
15/29 [==============>...............] - ETA: 0s - loss: 7.9146e-04 - mae: 0.0303
17/29 [================>.............] - ETA: 0s - loss: 8.5555e-04 - mae: 0.0314
19/29 [==================>...........] - ETA: 0s - loss: 8.3661e-04 - mae: 0.0311
21/29 [====================>.........] - ETA: 0s - loss: 8.2553e-04 - mae: 0.0308
23/29 [======================>.......] - ETA: 0s - loss: 8.0424e-04 - mae: 0.0305
25/29 [========================>.....] - ETA: 0s - loss: 7.9821e-04 - mae: 0.0304
27/29 [==========================>...] - ETA: 0s - loss: 7.5633e-04 - mae: 0.0293
29/29 [==============================] - ETA: 0s - loss: 7.3378e-04 - mae: 0.0287
29/29 [==============================] - 1s 47ms/step - loss: 7.3378e-04 - mae: 0.0287 - val_loss: 0.0023 - val_mae: 0.0563 - lr: 9.3750e-05
Epoch 94/200

 1/29 [>.............................] - ETA: 1s - loss: 0.0024 - mae: 0.0587
 3/29 [==>...........................] - ETA: 1s - loss: 0.0024 - mae: 0.0558
 5/29 [====>.........................] - ETA: 1s - loss: 0.0018 - mae: 0.0459
 7/29 [======>.......................] - ETA: 0s - loss: 0.0014 - mae: 0.0397
 9/29 [========>.....................] - ETA: 0s - loss: 0.0012 - mae: 0.0365
11/29 [==========>...................] - ETA: 0s - loss: 0.0011 - mae: 0.0336
13/29 [============>.................] - ETA: 0s - loss: 9.6856e-04 - mae: 0.0322
15/29 [==============>...............] - ETA: 0s - loss: 9.2541e-04 - mae: 0.0317
17/29 [================>.............] - ETA: 0s - loss: 9.6910e-04 - mae: 0.0322
19/29 [==================>...........] - ETA: 0s - loss: 9.6904e-04 - mae: 0.0326
21/29 [====================>.........] - ETA: 0s - loss: 9.4862e-04 - mae: 0.0325
23/29 [======================>.......] - ETA: 0s - loss: 9.1498e-04 - mae: 0.0320
25/29 [========================>.....] - ETA: 0s - loss: 9.1580e-04 - mae: 0.0320
27/29 [==========================>...] - ETA: 0s - loss: 8.6221e-04 - mae: 0.0305
29/29 [==============================] - ETA: 0s - loss: 8.3947e-04 - mae: 0.0300
29/29 [==============================] - 1s 47ms/step - loss: 8.3947e-04 - mae: 0.0300 - val_loss: 0.0023 - val_mae: 0.0568 - lr: 9.3750e-05
Epoch 95/200

 1/29 [>.............................] - ETA: 1s - loss: 0.0031 - mae: 0.0629
 3/29 [==>...........................] - ETA: 1s - loss: 0.0023 - mae: 0.0545
 5/29 [====>.........................] - ETA: 1s - loss: 0.0017 - mae: 0.0461
 7/29 [======>.......................] - ETA: 0s - loss: 0.0015 - mae: 0.0413
 9/29 [========>.....................] - ETA: 0s - loss: 0.0012 - mae: 0.0374
11/29 [==========>...................] - ETA: 0s - loss: 0.0011 - mae: 0.0342
13/29 [============>.................] - ETA: 0s - loss: 9.6162e-04 - mae: 0.0327
15/29 [==============>...............] - ETA: 0s - loss: 9.4774e-04 - mae: 0.0327
17/29 [================>.............] - ETA: 0s - loss: 9.6396e-04 - mae: 0.0331
19/29 [==================>...........] - ETA: 0s - loss: 9.8570e-04 - mae: 0.0335
21/29 [====================>.........] - ETA: 0s - loss: 9.8175e-04 - mae: 0.0335
23/29 [======================>.......] - ETA: 0s - loss: 9.3700e-04 - mae: 0.0328
25/29 [========================>.....] - ETA: 0s - loss: 9.2784e-04 - mae: 0.0328
27/29 [==========================>...] - ETA: 0s - loss: 8.7345e-04 - mae: 0.0314
29/29 [==============================] - ETA: 0s - loss: 8.5655e-04 - mae: 0.0309
29/29 [==============================] - 1s 46ms/step - loss: 8.5655e-04 - mae: 0.0309 - val_loss: 0.0024 - val_mae: 0.0570 - lr: 9.3750e-05
Epoch 96/200

 1/29 [>.............................] - ETA: 1s - loss: 0.0029 - mae: 0.0553
 3/29 [==>...........................] - ETA: 1s - loss: 0.0028 - mae: 0.0571
 5/29 [====>.........................] - ETA: 1s - loss: 0.0021 - mae: 0.0488
 7/29 [======>.......................] - ETA: 0s - loss: 0.0017 - mae: 0.0424
 9/29 [========>.....................] - ETA: 0s - loss: 0.0014 - mae: 0.0383
11/29 [==========>...................] - ETA: 0s - loss: 0.0012 - mae: 0.0365
13/29 [============>.................] - ETA: 0s - loss: 0.0011 - mae: 0.0345
15/29 [==============>...............] - ETA: 0s - loss: 0.0011 - mae: 0.0336
17/29 [================>.............] - ETA: 0s - loss: 0.0010 - mae: 0.0337
19/29 [==================>...........] - ETA: 0s - loss: 0.0011 - mae: 0.0342
21/29 [====================>.........] - ETA: 0s - loss: 0.0010 - mae: 0.0338
23/29 [======================>.......] - ETA: 0s - loss: 9.7648e-04 - mae: 0.0329
25/29 [========================>.....] - ETA: 0s - loss: 9.6169e-04 - mae: 0.0329
27/29 [==========================>...] - ETA: 0s - loss: 9.1340e-04 - mae: 0.0318
29/29 [==============================] - ETA: 0s - loss: 8.8221e-04 - mae: 0.0310
Epoch 96: ReduceLROnPlateau reducing learning rate to 4.6875000407453626e-05.

29/29 [==============================] - 1s 46ms/step - loss: 8.8221e-04 - mae: 0.0310 - val_loss: 0.0023 - val_mae: 0.0563 - lr: 9.3750e-05
Epoch 97/200

 1/29 [>.............................] - ETA: 1s - loss: 0.0022 - mae: 0.0545
 3/29 [==>...........................] - ETA: 1s - loss: 0.0018 - mae: 0.0471
 5/29 [====>.........................] - ETA: 1s - loss: 0.0015 - mae: 0.0420
 7/29 [======>.......................] - ETA: 0s - loss: 0.0012 - mae: 0.0379
 9/29 [========>.....................] - ETA: 0s - loss: 0.0011 - mae: 0.0349
11/29 [==========>...................] - ETA: 0s - loss: 9.4841e-04 - mae: 0.0322
13/29 [============>.................] - ETA: 0s - loss: 8.7134e-04 - mae: 0.0311
15/29 [==============>...............] - ETA: 0s - loss: 9.1905e-04 - mae: 0.0314
17/29 [================>.............] - ETA: 0s - loss: 9.4681e-04 - mae: 0.0320
19/29 [==================>...........] - ETA: 0s - loss: 9.7803e-04 - mae: 0.0322
21/29 [====================>.........] - ETA: 0s - loss: 9.5315e-04 - mae: 0.0318
23/29 [======================>.......] - ETA: 0s - loss: 9.1153e-04 - mae: 0.0313
25/29 [========================>.....] - ETA: 0s - loss: 8.9934e-04 - mae: 0.0312
27/29 [==========================>...] - ETA: 0s - loss: 8.6070e-04 - mae: 0.0302
29/29 [==============================] - ETA: 0s - loss: 8.3568e-04 - mae: 0.0296
29/29 [==============================] - 1s 46ms/step - loss: 8.3568e-04 - mae: 0.0296 - val_loss: 0.0023 - val_mae: 0.0559 - lr: 4.6875e-05
Epoch 98/200

 1/29 [>.............................] - ETA: 1s - loss: 0.0021 - mae: 0.0542
 3/29 [==>...........................] - ETA: 1s - loss: 0.0026 - mae: 0.0580
 5/29 [====>.........................] - ETA: 1s - loss: 0.0018 - mae: 0.0467
 7/29 [======>.......................] - ETA: 0s - loss: 0.0015 - mae: 0.0412
 9/29 [========>.....................] - ETA: 0s - loss: 0.0013 - mae: 0.0375
11/29 [==========>...................] - ETA: 0s - loss: 0.0012 - mae: 0.0355
13/29 [============>.................] - ETA: 0s - loss: 0.0010 - mae: 0.0333
15/29 [==============>...............] - ETA: 0s - loss: 9.8750e-04 - mae: 0.0319
17/29 [================>.............] - ETA: 0s - loss: 9.8366e-04 - mae: 0.0322
19/29 [==================>...........] - ETA: 0s - loss: 9.7655e-04 - mae: 0.0324
21/29 [====================>.........] - ETA: 0s - loss: 9.7790e-04 - mae: 0.0325
23/29 [======================>.......] - ETA: 0s - loss: 9.3490e-04 - mae: 0.0319
25/29 [========================>.....] - ETA: 0s - loss: 9.2392e-04 - mae: 0.0319
27/29 [==========================>...] - ETA: 0s - loss: 8.7635e-04 - mae: 0.0308
29/29 [==============================] - ETA: 0s - loss: 8.5145e-04 - mae: 0.0302
29/29 [==============================] - 1s 47ms/step - loss: 8.5145e-04 - mae: 0.0302 - val_loss: 0.0023 - val_mae: 0.0560 - lr: 4.6875e-05
Epoch 99/200

 1/29 [>.............................] - ETA: 1s - loss: 0.0027 - mae: 0.0629
 3/29 [==>...........................] - ETA: 1s - loss: 0.0022 - mae: 0.0528
 5/29 [====>.........................] - ETA: 1s - loss: 0.0017 - mae: 0.0448
 7/29 [======>.......................] - ETA: 0s - loss: 0.0015 - mae: 0.0400
 9/29 [========>.....................] - ETA: 0s - loss: 0.0012 - mae: 0.0353
11/29 [==========>...................] - ETA: 0s - loss: 0.0010 - mae: 0.0325
13/29 [============>.................] - ETA: 0s - loss: 9.3644e-04 - mae: 0.0310
15/29 [==============>...............] - ETA: 0s - loss: 8.7904e-04 - mae: 0.0301
17/29 [================>.............] - ETA: 0s - loss: 9.4568e-04 - mae: 0.0315
19/29 [==================>...........] - ETA: 0s - loss: 9.3169e-04 - mae: 0.0317
21/29 [====================>.........] - ETA: 0s - loss: 9.0749e-04 - mae: 0.0315
23/29 [======================>.......] - ETA: 0s - loss: 8.7236e-04 - mae: 0.0310
25/29 [========================>.....] - ETA: 0s - loss: 8.7077e-04 - mae: 0.0311
27/29 [==========================>...] - ETA: 0s - loss: 8.2420e-04 - mae: 0.0300
29/29 [==============================] - ETA: 0s - loss: 7.9906e-04 - mae: 0.0293
29/29 [==============================] - 1s 47ms/step - loss: 7.9906e-04 - mae: 0.0293 - val_loss: 0.0022 - val_mae: 0.0555 - lr: 4.6875e-05
Epoch 100/200

 1/29 [>.............................] - ETA: 1s - loss: 0.0023 - mae: 0.0558
 3/29 [==>...........................] - ETA: 1s - loss: 0.0027 - mae: 0.0560
 5/29 [====>.........................] - ETA: 1s - loss: 0.0019 - mae: 0.0455
 7/29 [======>.......................] - ETA: 0s - loss: 0.0016 - mae: 0.0407
 9/29 [========>.....................] - ETA: 0s - loss: 0.0013 - mae: 0.0377
11/29 [==========>...................] - ETA: 0s - loss: 0.0012 - mae: 0.0348
13/29 [============>.................] - ETA: 0s - loss: 0.0010 - mae: 0.0333
15/29 [==============>...............] - ETA: 0s - loss: 0.0010 - mae: 0.0329
17/29 [================>.............] - ETA: 0s - loss: 0.0010 - mae: 0.0329
19/29 [==================>...........] - ETA: 0s - loss: 0.0010 - mae: 0.0330
21/29 [====================>.........] - ETA: 0s - loss: 9.7896e-04 - mae: 0.0327
23/29 [======================>.......] - ETA: 0s - loss: 9.4017e-04 - mae: 0.0321
25/29 [========================>.....] - ETA: 0s - loss: 9.2588e-04 - mae: 0.0320
27/29 [==========================>...] - ETA: 0s - loss: 8.7269e-04 - mae: 0.0306
29/29 [==============================] - ETA: 0s - loss: 8.5119e-04 - mae: 0.0301
29/29 [==============================] - 1s 48ms/step - loss: 8.5119e-04 - mae: 0.0301 - val_loss: 0.0023 - val_mae: 0.0563 - lr: 4.6875e-05
Epoch 101/200

 1/29 [>.............................] - ETA: 1s - loss: 0.0022 - mae: 0.0567
 3/29 [==>...........................] - ETA: 1s - loss: 0.0020 - mae: 0.0503
 5/29 [====>.........................] - ETA: 1s - loss: 0.0015 - mae: 0.0429
 7/29 [======>.......................] - ETA: 0s - loss: 0.0013 - mae: 0.0385
 9/29 [========>.....................] - ETA: 0s - loss: 0.0011 - mae: 0.0358
11/29 [==========>...................] - ETA: 0s - loss: 9.8437e-04 - mae: 0.0332
13/29 [============>.................] - ETA: 0s - loss: 8.9582e-04 - mae: 0.0319
15/29 [==============>...............] - ETA: 0s - loss: 8.5437e-04 - mae: 0.0311
17/29 [================>.............] - ETA: 0s - loss: 8.8234e-04 - mae: 0.0316
19/29 [==================>...........] - ETA: 0s - loss: 8.6829e-04 - mae: 0.0316
21/29 [====================>.........] - ETA: 0s - loss: 8.6466e-04 - mae: 0.0316
23/29 [======================>.......] - ETA: 0s - loss: 8.4141e-04 - mae: 0.0311
25/29 [========================>.....] - ETA: 0s - loss: 8.4251e-04 - mae: 0.0313
27/29 [==========================>...] - ETA: 0s - loss: 7.9843e-04 - mae: 0.0300
29/29 [==============================] - ETA: 0s - loss: 7.7556e-04 - mae: 0.0294
29/29 [==============================] - 1s 46ms/step - loss: 7.7556e-04 - mae: 0.0294 - val_loss: 0.0023 - val_mae: 0.0562 - lr: 4.6875e-05
Epoch 102/200

 1/29 [>.............................] - ETA: 1s - loss: 0.0021 - mae: 0.0571
 3/29 [==>...........................] - ETA: 1s - loss: 0.0023 - mae: 0.0567
 5/29 [====>.........................] - ETA: 1s - loss: 0.0017 - mae: 0.0445
 7/29 [======>.......................] - ETA: 0s - loss: 0.0013 - mae: 0.0392
 9/29 [========>.....................] - ETA: 0s - loss: 0.0011 - mae: 0.0359
11/29 [==========>...................] - ETA: 0s - loss: 9.9538e-04 - mae: 0.0332
13/29 [============>.................] - ETA: 0s - loss: 8.9816e-04 - mae: 0.0315
15/29 [==============>...............] - ETA: 0s - loss: 8.4509e-04 - mae: 0.0306
17/29 [================>.............] - ETA: 0s - loss: 8.9490e-04 - mae: 0.0314
19/29 [==================>...........] - ETA: 0s - loss: 8.7436e-04 - mae: 0.0312
21/29 [====================>.........] - ETA: 0s - loss: 8.5155e-04 - mae: 0.0308
23/29 [======================>.......] - ETA: 0s - loss: 8.2519e-04 - mae: 0.0305
25/29 [========================>.....] - ETA: 0s - loss: 8.4209e-04 - mae: 0.0308
27/29 [==========================>...] - ETA: 0s - loss: 7.9713e-04 - mae: 0.0297
29/29 [==============================] - ETA: 0s - loss: 7.8228e-04 - mae: 0.0293
29/29 [==============================] - 1s 46ms/step - loss: 7.8228e-04 - mae: 0.0293 - val_loss: 0.0022 - val_mae: 0.0554 - lr: 4.6875e-05
Epoch 103/200

 1/29 [>.............................] - ETA: 1s - loss: 0.0026 - mae: 0.0592
 3/29 [==>...........................] - ETA: 1s - loss: 0.0026 - mae: 0.0576
 5/29 [====>.........................] - ETA: 1s - loss: 0.0019 - mae: 0.0486
 7/29 [======>.......................] - ETA: 1s - loss: 0.0015 - mae: 0.0414
 9/29 [========>.....................] - ETA: 0s - loss: 0.0013 - mae: 0.0372
11/29 [==========>...................] - ETA: 0s - loss: 0.0011 - mae: 0.0344
13/29 [============>.................] - ETA: 0s - loss: 0.0010 - mae: 0.0330
15/29 [==============>...............] - ETA: 0s - loss: 9.9534e-04 - mae: 0.0327
17/29 [================>.............] - ETA: 0s - loss: 9.9931e-04 - mae: 0.0327
19/29 [==================>...........] - ETA: 0s - loss: 9.7961e-04 - mae: 0.0324
21/29 [====================>.........] - ETA: 0s - loss: 9.6097e-04 - mae: 0.0322
23/29 [======================>.......] - ETA: 0s - loss: 9.3645e-04 - mae: 0.0321
25/29 [========================>.....] - ETA: 0s - loss: 9.1879e-04 - mae: 0.0318
27/29 [==========================>...] - ETA: 0s - loss: 8.6914e-04 - mae: 0.0307
29/29 [==============================] - ETA: 0s - loss: 8.4488e-04 - mae: 0.0301
29/29 [==============================] - 1s 48ms/step - loss: 8.4488e-04 - mae: 0.0301 - val_loss: 0.0023 - val_mae: 0.0564 - lr: 4.6875e-05
Epoch 104/200

 1/29 [>.............................] - ETA: 1s - loss: 0.0020 - mae: 0.0533
 3/29 [==>...........................] - ETA: 1s - loss: 0.0027 - mae: 0.0578
 5/29 [====>.........................] - ETA: 1s - loss: 0.0019 - mae: 0.0460
 7/29 [======>.......................] - ETA: 1s - loss: 0.0015 - mae: 0.0394
 9/29 [========>.....................] - ETA: 0s - loss: 0.0012 - mae: 0.0360
11/29 [==========>...................] - ETA: 0s - loss: 0.0011 - mae: 0.0331
13/29 [============>.................] - ETA: 0s - loss: 9.8616e-04 - mae: 0.0320
15/29 [==============>...............] - ETA: 0s - loss: 9.7502e-04 - mae: 0.0319
17/29 [================>.............] - ETA: 0s - loss: 9.6739e-04 - mae: 0.0320
19/29 [==================>...........] - ETA: 0s - loss: 9.5662e-04 - mae: 0.0319
21/29 [====================>.........] - ETA: 0s - loss: 9.4117e-04 - mae: 0.0318
23/29 [======================>.......] - ETA: 0s - loss: 9.0703e-04 - mae: 0.0313
25/29 [========================>.....] - ETA: 0s - loss: 8.9444e-04 - mae: 0.0311
27/29 [==========================>...] - ETA: 0s - loss: 8.4704e-04 - mae: 0.0298
29/29 [==============================] - ETA: 0s - loss: 8.2680e-04 - mae: 0.0294
29/29 [==============================] - 1s 47ms/step - loss: 8.2680e-04 - mae: 0.0294 - val_loss: 0.0023 - val_mae: 0.0565 - lr: 4.6875e-05
Epoch 105/200

 1/29 [>.............................] - ETA: 1s - loss: 0.0027 - mae: 0.0590
 3/29 [==>...........................] - ETA: 1s - loss: 0.0025 - mae: 0.0550
 5/29 [====>.........................] - ETA: 1s - loss: 0.0017 - mae: 0.0435
 7/29 [======>.......................] - ETA: 0s - loss: 0.0013 - mae: 0.0374
 9/29 [========>.....................] - ETA: 0s - loss: 0.0011 - mae: 0.0335
11/29 [==========>...................] - ETA: 0s - loss: 9.8664e-04 - mae: 0.0314
13/29 [============>.................] - ETA: 0s - loss: 8.9528e-04 - mae: 0.0300
15/29 [==============>...............] - ETA: 0s - loss: 8.5542e-04 - mae: 0.0294
17/29 [================>.............] - ETA: 0s - loss: 8.7898e-04 - mae: 0.0302
19/29 [==================>...........] - ETA: 0s - loss: 8.9203e-04 - mae: 0.0308
21/29 [====================>.........] - ETA: 0s - loss: 8.7621e-04 - mae: 0.0308
23/29 [======================>.......] - ETA: 0s - loss: 8.3909e-04 - mae: 0.0302
25/29 [========================>.....] - ETA: 0s - loss: 8.4447e-04 - mae: 0.0304
27/29 [==========================>...] - ETA: 0s - loss: 7.8967e-04 - mae: 0.0290
29/29 [==============================] - ETA: 0s - loss: 7.7382e-04 - mae: 0.0285
29/29 [==============================] - 1s 47ms/step - loss: 7.7382e-04 - mae: 0.0285 - val_loss: 0.0023 - val_mae: 0.0564 - lr: 4.6875e-05
Epoch 106/200

 1/29 [>.............................] - ETA: 1s - loss: 0.0023 - mae: 0.0587
 3/29 [==>...........................] - ETA: 1s - loss: 0.0022 - mae: 0.0562
 5/29 [====>.........................] - ETA: 1s - loss: 0.0016 - mae: 0.0450
 7/29 [======>.......................] - ETA: 0s - loss: 0.0013 - mae: 0.0394
 9/29 [========>.....................] - ETA: 0s - loss: 0.0011 - mae: 0.0361
11/29 [==========>...................] - ETA: 0s - loss: 9.6658e-04 - mae: 0.0337
13/29 [============>.................] - ETA: 0s - loss: 9.0486e-04 - mae: 0.0329
15/29 [==============>...............] - ETA: 0s - loss: 8.5663e-04 - mae: 0.0317
17/29 [================>.............] - ETA: 0s - loss: 9.1105e-04 - mae: 0.0328
19/29 [==================>...........] - ETA: 0s - loss: 9.2261e-04 - mae: 0.0331
21/29 [====================>.........] - ETA: 0s - loss: 9.3719e-04 - mae: 0.0333
23/29 [======================>.......] - ETA: 0s - loss: 9.0532e-04 - mae: 0.0329
25/29 [========================>.....] - ETA: 0s - loss: 8.8707e-04 - mae: 0.0325
27/29 [==========================>...] - ETA: 0s - loss: 8.3870e-04 - mae: 0.0312
29/29 [==============================] - ETA: 0s - loss: 8.1234e-04 - mae: 0.0305
29/29 [==============================] - 1s 47ms/step - loss: 8.1234e-04 - mae: 0.0305 - val_loss: 0.0023 - val_mae: 0.0571 - lr: 4.6875e-05
Epoch 107/200

 1/29 [>.............................] - ETA: 1s - loss: 0.0034 - mae: 0.0690
 3/29 [==>...........................] - ETA: 1s - loss: 0.0024 - mae: 0.0559
 5/29 [====>.........................] - ETA: 1s - loss: 0.0017 - mae: 0.0456
 7/29 [======>.......................] - ETA: 0s - loss: 0.0013 - mae: 0.0392
 9/29 [========>.....................] - ETA: 0s - loss: 0.0012 - mae: 0.0361
11/29 [==========>...................] - ETA: 0s - loss: 0.0010 - mae: 0.0332
13/29 [============>.................] - ETA: 0s - loss: 9.2876e-04 - mae: 0.0320
15/29 [==============>...............] - ETA: 0s - loss: 8.7303e-04 - mae: 0.0310
17/29 [================>.............] - ETA: 0s - loss: 8.5961e-04 - mae: 0.0308
19/29 [==================>...........] - ETA: 0s - loss: 8.4933e-04 - mae: 0.0309
21/29 [====================>.........] - ETA: 0s - loss: 8.2043e-04 - mae: 0.0304
23/29 [======================>.......] - ETA: 0s - loss: 7.9064e-04 - mae: 0.0300
25/29 [========================>.....] - ETA: 0s - loss: 7.9483e-04 - mae: 0.0302
27/29 [==========================>...] - ETA: 0s - loss: 7.5255e-04 - mae: 0.0291
29/29 [==============================] - ETA: 0s - loss: 7.3186e-04 - mae: 0.0285
29/29 [==============================] - 1s 47ms/step - loss: 7.3186e-04 - mae: 0.0285 - val_loss: 0.0022 - val_mae: 0.0564 - lr: 4.6875e-05
Epoch 108/200

 1/29 [>.............................] - ETA: 1s - loss: 0.0035 - mae: 0.0653
 3/29 [==>...........................] - ETA: 1s - loss: 0.0025 - mae: 0.0551
 5/29 [====>.........................] - ETA: 1s - loss: 0.0019 - mae: 0.0455
 7/29 [======>.......................] - ETA: 1s - loss: 0.0016 - mae: 0.0417
 9/29 [========>.....................] - ETA: 0s - loss: 0.0013 - mae: 0.0376
11/29 [==========>...................] - ETA: 0s - loss: 0.0012 - mae: 0.0351
13/29 [============>.................] - ETA: 0s - loss: 0.0011 - mae: 0.0334
15/29 [==============>...............] - ETA: 0s - loss: 0.0010 - mae: 0.0327
17/29 [================>.............] - ETA: 0s - loss: 0.0010 - mae: 0.0325
19/29 [==================>...........] - ETA: 0s - loss: 9.9971e-04 - mae: 0.0325
21/29 [====================>.........] - ETA: 0s - loss: 9.8802e-04 - mae: 0.0327
23/29 [======================>.......] - ETA: 0s - loss: 9.3566e-04 - mae: 0.0318
25/29 [========================>.....] - ETA: 0s - loss: 9.3006e-04 - mae: 0.0319
27/29 [==========================>...] - ETA: 0s - loss: 8.7973e-04 - mae: 0.0308
29/29 [==============================] - ETA: 0s - loss: 8.5382e-04 - mae: 0.0301
29/29 [==============================] - 1s 47ms/step - loss: 8.5382e-04 - mae: 0.0301 - val_loss: 0.0022 - val_mae: 0.0552 - lr: 4.6875e-05
Epoch 109/200

 1/29 [>.............................] - ETA: 1s - loss: 0.0026 - mae: 0.0599
 3/29 [==>...........................] - ETA: 1s - loss: 0.0025 - mae: 0.0549
 5/29 [====>.........................] - ETA: 1s - loss: 0.0017 - mae: 0.0438
 7/29 [======>.......................] - ETA: 0s - loss: 0.0014 - mae: 0.0389
 9/29 [========>.....................] - ETA: 0s - loss: 0.0012 - mae: 0.0343
11/29 [==========>...................] - ETA: 0s - loss: 0.0010 - mae: 0.0321
13/29 [============>.................] - ETA: 0s - loss: 9.1413e-04 - mae: 0.0304
15/29 [==============>...............] - ETA: 0s - loss: 8.8520e-04 - mae: 0.0300
17/29 [================>.............] - ETA: 0s - loss: 9.2770e-04 - mae: 0.0311
19/29 [==================>...........] - ETA: 0s - loss: 9.4887e-04 - mae: 0.0322
21/29 [====================>.........] - ETA: 0s - loss: 9.1834e-04 - mae: 0.0319
23/29 [======================>.......] - ETA: 0s - loss: 8.8956e-04 - mae: 0.0315
25/29 [========================>.....] - ETA: 0s - loss: 8.6433e-04 - mae: 0.0311
27/29 [==========================>...] - ETA: 0s - loss: 8.1347e-04 - mae: 0.0297
29/29 [==============================] - ETA: 0s - loss: 7.9398e-04 - mae: 0.0292
29/29 [==============================] - 1s 48ms/step - loss: 7.9398e-04 - mae: 0.0292 - val_loss: 0.0023 - val_mae: 0.0558 - lr: 4.6875e-05
Epoch 110/200

 1/29 [>.............................] - ETA: 1s - loss: 0.0032 - mae: 0.0674
 3/29 [==>...........................] - ETA: 1s - loss: 0.0029 - mae: 0.0605
 5/29 [====>.........................] - ETA: 1s - loss: 0.0020 - mae: 0.0484
 7/29 [======>.......................] - ETA: 0s - loss: 0.0016 - mae: 0.0428
 9/29 [========>.....................] - ETA: 0s - loss: 0.0014 - mae: 0.0387
11/29 [==========>...................] - ETA: 0s - loss: 0.0012 - mae: 0.0354
13/29 [============>.................] - ETA: 0s - loss: 0.0011 - mae: 0.0333
15/29 [==============>...............] - ETA: 0s - loss: 0.0010 - mae: 0.0324
17/29 [================>.............] - ETA: 0s - loss: 9.7284e-04 - mae: 0.0321
19/29 [==================>...........] - ETA: 0s - loss: 9.3997e-04 - mae: 0.0319
21/29 [====================>.........] - ETA: 0s - loss: 9.1840e-04 - mae: 0.0316
23/29 [======================>.......] - ETA: 0s - loss: 8.9394e-04 - mae: 0.0315
25/29 [========================>.....] - ETA: 0s - loss: 8.9775e-04 - mae: 0.0317
27/29 [==========================>...] - ETA: 0s - loss: 8.4488e-04 - mae: 0.0303
29/29 [==============================] - ETA: 0s - loss: 8.1983e-04 - mae: 0.0296
29/29 [==============================] - 1s 48ms/step - loss: 8.1983e-04 - mae: 0.0296 - val_loss: 0.0022 - val_mae: 0.0553 - lr: 4.6875e-05
Epoch 111/200

 1/29 [>.............................] - ETA: 1s - loss: 0.0024 - mae: 0.0586
 3/29 [==>...........................] - ETA: 1s - loss: 0.0024 - mae: 0.0557
 5/29 [====>.........................] - ETA: 1s - loss: 0.0017 - mae: 0.0452
 7/29 [======>.......................] - ETA: 0s - loss: 0.0013 - mae: 0.0394
 9/29 [========>.....................] - ETA: 0s - loss: 0.0012 - mae: 0.0364
11/29 [==========>...................] - ETA: 0s - loss: 0.0010 - mae: 0.0336
13/29 [============>.................] - ETA: 0s - loss: 9.1341e-04 - mae: 0.0317
15/29 [==============>...............] - ETA: 0s - loss: 8.8251e-04 - mae: 0.0312
17/29 [================>.............] - ETA: 0s - loss: 9.1881e-04 - mae: 0.0319
19/29 [==================>...........] - ETA: 0s - loss: 9.5177e-04 - mae: 0.0324
21/29 [====================>.........] - ETA: 0s - loss: 9.4185e-04 - mae: 0.0324
23/29 [======================>.......] - ETA: 0s - loss: 9.1460e-04 - mae: 0.0319
25/29 [========================>.....] - ETA: 0s - loss: 9.1269e-04 - mae: 0.0322
27/29 [==========================>...] - ETA: 0s - loss: 8.5728e-04 - mae: 0.0308
29/29 [==============================] - ETA: 0s - loss: 8.3503e-04 - mae: 0.0303
Epoch 111: ReduceLROnPlateau reducing learning rate to 2.3437500203726813e-05.

29/29 [==============================] - 1s 47ms/step - loss: 8.3503e-04 - mae: 0.0303 - val_loss: 0.0022 - val_mae: 0.0553 - lr: 4.6875e-05
Epoch 112/200

 1/29 [>.............................] - ETA: 1s - loss: 0.0027 - mae: 0.0638
 3/29 [==>...........................] - ETA: 1s - loss: 0.0024 - mae: 0.0565
 5/29 [====>.........................] - ETA: 1s - loss: 0.0017 - mae: 0.0461
 7/29 [======>.......................] - ETA: 0s - loss: 0.0014 - mae: 0.0406
 9/29 [========>.....................] - ETA: 0s - loss: 0.0012 - mae: 0.0362
11/29 [==========>...................] - ETA: 0s - loss: 0.0011 - mae: 0.0337
13/29 [============>.................] - ETA: 0s - loss: 9.7351e-04 - mae: 0.0328
15/29 [==============>...............] - ETA: 0s - loss: 9.4861e-04 - mae: 0.0323
17/29 [================>.............] - ETA: 0s - loss: 9.8050e-04 - mae: 0.0331
19/29 [==================>...........] - ETA: 0s - loss: 9.7695e-04 - mae: 0.0333
21/29 [====================>.........] - ETA: 0s - loss: 9.7011e-04 - mae: 0.0333
23/29 [======================>.......] - ETA: 0s - loss: 9.2611e-04 - mae: 0.0326
25/29 [========================>.....] - ETA: 0s - loss: 9.0561e-04 - mae: 0.0323
27/29 [==========================>...] - ETA: 0s - loss: 8.7690e-04 - mae: 0.0314
29/29 [==============================] - ETA: 0s - loss: 8.5364e-04 - mae: 0.0308
29/29 [==============================] - 1s 46ms/step - loss: 8.5364e-04 - mae: 0.0308 - val_loss: 0.0022 - val_mae: 0.0550 - lr: 2.3438e-05
Epoch 113/200

 1/29 [>.............................] - ETA: 1s - loss: 0.0047 - mae: 0.0712
 3/29 [==>...........................] - ETA: 1s - loss: 0.0029 - mae: 0.0558
 5/29 [====>.........................] - ETA: 1s - loss: 0.0020 - mae: 0.0452
 7/29 [======>.......................] - ETA: 0s - loss: 0.0016 - mae: 0.0416
 9/29 [========>.....................] - ETA: 0s - loss: 0.0013 - mae: 0.0371
11/29 [==========>...................] - ETA: 0s - loss: 0.0012 - mae: 0.0344
13/29 [============>.................] - ETA: 0s - loss: 0.0011 - mae: 0.0327
15/29 [==============>...............] - ETA: 0s - loss: 0.0010 - mae: 0.0320
17/29 [================>.............] - ETA: 0s - loss: 9.9319e-04 - mae: 0.0323
19/29 [==================>...........] - ETA: 0s - loss: 9.7969e-04 - mae: 0.0325
21/29 [====================>.........] - ETA: 0s - loss: 9.5887e-04 - mae: 0.0324
23/29 [======================>.......] - ETA: 0s - loss: 9.2287e-04 - mae: 0.0319
25/29 [========================>.....] - ETA: 0s - loss: 9.0292e-04 - mae: 0.0317
26/29 [=========================>....] - ETA: 0s - loss: 8.7321e-04 - mae: 0.0309
27/29 [==========================>...] - ETA: 0s - loss: 8.4622e-04 - mae: 0.0303
28/29 [===========================>..] - ETA: 0s - loss: 8.2287e-04 - mae: 0.0297
29/29 [==============================] - 1s 47ms/step - loss: 8.2006e-04 - mae: 0.0297 - val_loss: 0.0022 - val_mae: 0.0548 - lr: 2.3438e-05
Epoch 114/200

 1/29 [>.............................] - ETA: 1s - loss: 0.0012 - mae: 0.0381
 2/29 [=>............................] - ETA: 1s - loss: 0.0028 - mae: 0.0546
 3/29 [==>...........................] - ETA: 1s - loss: 0.0025 - mae: 0.0514
 4/29 [===>..........................] - ETA: 1s - loss: 0.0022 - mae: 0.0486
 5/29 [====>.........................] - ETA: 1s - loss: 0.0018 - mae: 0.0436
 6/29 [=====>........................] - ETA: 1s - loss: 0.0016 - mae: 0.0402
 7/29 [======>.......................] - ETA: 1s - loss: 0.0014 - mae: 0.0383
 8/29 [=======>......................] - ETA: 1s - loss: 0.0013 - mae: 0.0360
 9/29 [========>.....................] - ETA: 1s - loss: 0.0012 - mae: 0.0348
11/29 [==========>...................] - ETA: 0s - loss: 0.0011 - mae: 0.0323
13/29 [============>.................] - ETA: 0s - loss: 9.6009e-04 - mae: 0.0310
15/29 [==============>...............] - ETA: 0s - loss: 9.5498e-04 - mae: 0.0312
17/29 [================>.............] - ETA: 0s - loss: 9.8782e-04 - mae: 0.0315
19/29 [==================>...........] - ETA: 0s - loss: 9.5441e-04 - mae: 0.0312
21/29 [====================>.........] - ETA: 0s - loss: 9.0760e-04 - mae: 0.0307
23/29 [======================>.......] - ETA: 0s - loss: 8.6464e-04 - mae: 0.0301
25/29 [========================>.....] - ETA: 0s - loss: 8.6655e-04 - mae: 0.0304
27/29 [==========================>...] - ETA: 0s - loss: 8.1952e-04 - mae: 0.0291
29/29 [==============================] - ETA: 0s - loss: 7.9923e-04 - mae: 0.0287
29/29 [==============================] - 1s 50ms/step - loss: 7.9923e-04 - mae: 0.0287 - val_loss: 0.0022 - val_mae: 0.0552 - lr: 2.3438e-05
Epoch 115/200

 1/29 [>.............................] - ETA: 1s - loss: 0.0035 - mae: 0.0680
 3/29 [==>...........................] - ETA: 1s - loss: 0.0027 - mae: 0.0568
 5/29 [====>.........................] - ETA: 1s - loss: 0.0019 - mae: 0.0463
 7/29 [======>.......................] - ETA: 0s - loss: 0.0015 - mae: 0.0406
 9/29 [========>.....................] - ETA: 0s - loss: 0.0013 - mae: 0.0366
11/29 [==========>...................] - ETA: 0s - loss: 0.0011 - mae: 0.0340
13/29 [============>.................] - ETA: 0s - loss: 0.0010 - mae: 0.0325
15/29 [==============>...............] - ETA: 0s - loss: 9.5854e-04 - mae: 0.0316
17/29 [================>.............] - ETA: 0s - loss: 0.0010 - mae: 0.0328    
19/29 [==================>...........] - ETA: 0s - loss: 9.9780e-04 - mae: 0.0329
21/29 [====================>.........] - ETA: 0s - loss: 9.9341e-04 - mae: 0.0330
23/29 [======================>.......] - ETA: 0s - loss: 9.6812e-04 - mae: 0.0328
25/29 [========================>.....] - ETA: 0s - loss: 9.5959e-04 - mae: 0.0329
27/29 [==========================>...] - ETA: 0s - loss: 9.0513e-04 - mae: 0.0315
29/29 [==============================] - ETA: 0s - loss: 8.8225e-04 - mae: 0.0310
29/29 [==============================] - 1s 48ms/step - loss: 8.8225e-04 - mae: 0.0310 - val_loss: 0.0022 - val_mae: 0.0556 - lr: 2.3438e-05
Epoch 116/200

 1/29 [>.............................] - ETA: 1s - loss: 0.0017 - mae: 0.0445
 3/29 [==>...........................] - ETA: 1s - loss: 0.0017 - mae: 0.0463
 5/29 [====>.........................] - ETA: 1s - loss: 0.0013 - mae: 0.0395
 7/29 [======>.......................] - ETA: 0s - loss: 0.0011 - mae: 0.0347
 9/29 [========>.....................] - ETA: 0s - loss: 9.0567e-04 - mae: 0.0314
11/29 [==========>...................] - ETA: 0s - loss: 7.9097e-04 - mae: 0.0291
13/29 [============>.................] - ETA: 0s - loss: 7.3045e-04 - mae: 0.0284
15/29 [==============>...............] - ETA: 0s - loss: 7.5247e-04 - mae: 0.0286
17/29 [================>.............] - ETA: 0s - loss: 7.8185e-04 - mae: 0.0297
19/29 [==================>...........] - ETA: 0s - loss: 7.8407e-04 - mae: 0.0296
21/29 [====================>.........] - ETA: 0s - loss: 7.9428e-04 - mae: 0.0297
23/29 [======================>.......] - ETA: 0s - loss: 7.6408e-04 - mae: 0.0293
25/29 [========================>.....] - ETA: 0s - loss: 7.5590e-04 - mae: 0.0292
27/29 [==========================>...] - ETA: 0s - loss: 7.2292e-04 - mae: 0.0284
29/29 [==============================] - ETA: 0s - loss: 7.0485e-04 - mae: 0.0279
29/29 [==============================] - 1s 47ms/step - loss: 7.0485e-04 - mae: 0.0279 - val_loss: 0.0022 - val_mae: 0.0551 - lr: 2.3438e-05
Epoch 117/200

 1/29 [>.............................] - ETA: 1s - loss: 0.0024 - mae: 0.0580
 3/29 [==>...........................] - ETA: 1s - loss: 0.0019 - mae: 0.0480
 5/29 [====>.........................] - ETA: 1s - loss: 0.0013 - mae: 0.0383
 7/29 [======>.......................] - ETA: 0s - loss: 0.0011 - mae: 0.0343
 9/29 [========>.....................] - ETA: 0s - loss: 9.4063e-04 - mae: 0.0327
11/29 [==========>...................] - ETA: 0s - loss: 8.4062e-04 - mae: 0.0307
13/29 [============>.................] - ETA: 0s - loss: 7.5067e-04 - mae: 0.0289
15/29 [==============>...............] - ETA: 0s - loss: 7.3221e-04 - mae: 0.0286
17/29 [================>.............] - ETA: 0s - loss: 7.4080e-04 - mae: 0.0288
19/29 [==================>...........] - ETA: 0s - loss: 7.3669e-04 - mae: 0.0290
21/29 [====================>.........] - ETA: 0s - loss: 7.3747e-04 - mae: 0.0292
23/29 [======================>.......] - ETA: 0s - loss: 7.0990e-04 - mae: 0.0286
25/29 [========================>.....] - ETA: 0s - loss: 7.1010e-04 - mae: 0.0287
27/29 [==========================>...] - ETA: 0s - loss: 6.7018e-04 - mae: 0.0277
29/29 [==============================] - ETA: 0s - loss: 6.4729e-04 - mae: 0.0270
29/29 [==============================] - 1s 47ms/step - loss: 6.4729e-04 - mae: 0.0270 - val_loss: 0.0021 - val_mae: 0.0545 - lr: 2.3438e-05
Epoch 118/200

 1/29 [>.............................] - ETA: 1s - loss: 0.0035 - mae: 0.0607
 3/29 [==>...........................] - ETA: 1s - loss: 0.0028 - mae: 0.0548
 5/29 [====>.........................] - ETA: 1s - loss: 0.0020 - mae: 0.0455
 7/29 [======>.......................] - ETA: 0s - loss: 0.0015 - mae: 0.0390
 9/29 [========>.....................] - ETA: 0s - loss: 0.0014 - mae: 0.0368
11/29 [==========>...................] - ETA: 0s - loss: 0.0012 - mae: 0.0340
13/29 [============>.................] - ETA: 0s - loss: 0.0011 - mae: 0.0322
15/29 [==============>...............] - ETA: 0s - loss: 9.9098e-04 - mae: 0.0312
17/29 [================>.............] - ETA: 0s - loss: 9.6980e-04 - mae: 0.0312
19/29 [==================>...........] - ETA: 0s - loss: 9.5875e-04 - mae: 0.0315
21/29 [====================>.........] - ETA: 0s - loss: 9.6427e-04 - mae: 0.0313
23/29 [======================>.......] - ETA: 0s - loss: 9.3224e-04 - mae: 0.0308
25/29 [========================>.....] - ETA: 0s - loss: 9.1994e-04 - mae: 0.0309
27/29 [==========================>...] - ETA: 0s - loss: 8.7013e-04 - mae: 0.0297
29/29 [==============================] - ETA: 0s - loss: 8.5032e-04 - mae: 0.0293
29/29 [==============================] - 1s 46ms/step - loss: 8.5032e-04 - mae: 0.0293 - val_loss: 0.0022 - val_mae: 0.0553 - lr: 2.3438e-05
Epoch 119/200

 1/29 [>.............................] - ETA: 1s - loss: 0.0026 - mae: 0.0609
 3/29 [==>...........................] - ETA: 1s - loss: 0.0024 - mae: 0.0592
 5/29 [====>.........................] - ETA: 1s - loss: 0.0018 - mae: 0.0483
 7/29 [======>.......................] - ETA: 0s - loss: 0.0014 - mae: 0.0420
 9/29 [========>.....................] - ETA: 0s - loss: 0.0012 - mae: 0.0384
11/29 [==========>...................] - ETA: 0s - loss: 0.0011 - mae: 0.0357
13/29 [============>.................] - ETA: 0s - loss: 0.0010 - mae: 0.0343
15/29 [==============>...............] - ETA: 0s - loss: 9.3679e-04 - mae: 0.0330
17/29 [================>.............] - ETA: 0s - loss: 9.4875e-04 - mae: 0.0335
19/29 [==================>...........] - ETA: 0s - loss: 9.5315e-04 - mae: 0.0336
21/29 [====================>.........] - ETA: 0s - loss: 9.4009e-04 - mae: 0.0333
23/29 [======================>.......] - ETA: 0s - loss: 9.1455e-04 - mae: 0.0330
25/29 [========================>.....] - ETA: 0s - loss: 9.1120e-04 - mae: 0.0328
27/29 [==========================>...] - ETA: 0s - loss: 8.5845e-04 - mae: 0.0314
29/29 [==============================] - ETA: 0s - loss: 8.3599e-04 - mae: 0.0308
29/29 [==============================] - 1s 47ms/step - loss: 8.3599e-04 - mae: 0.0308 - val_loss: 0.0022 - val_mae: 0.0557 - lr: 2.3438e-05
Epoch 120/200

 1/29 [>.............................] - ETA: 1s - loss: 0.0025 - mae: 0.0595
 3/29 [==>...........................] - ETA: 1s - loss: 0.0022 - mae: 0.0514
 5/29 [====>.........................] - ETA: 1s - loss: 0.0016 - mae: 0.0416
 7/29 [======>.......................] - ETA: 0s - loss: 0.0013 - mae: 0.0374
 9/29 [========>.....................] - ETA: 0s - loss: 0.0011 - mae: 0.0348
11/29 [==========>...................] - ETA: 0s - loss: 9.9017e-04 - mae: 0.0322
13/29 [============>.................] - ETA: 0s - loss: 9.0234e-04 - mae: 0.0311
15/29 [==============>...............] - ETA: 0s - loss: 8.5608e-04 - mae: 0.0304
17/29 [================>.............] - ETA: 0s - loss: 8.4448e-04 - mae: 0.0306
19/29 [==================>...........] - ETA: 0s - loss: 8.9771e-04 - mae: 0.0315
21/29 [====================>.........] - ETA: 0s - loss: 8.9400e-04 - mae: 0.0315
23/29 [======================>.......] - ETA: 0s - loss: 8.5393e-04 - mae: 0.0309
25/29 [========================>.....] - ETA: 0s - loss: 8.4328e-04 - mae: 0.0308
27/29 [==========================>...] - ETA: 0s - loss: 7.9763e-04 - mae: 0.0296
29/29 [==============================] - ETA: 0s - loss: 7.7158e-04 - mae: 0.0289
29/29 [==============================] - 1s 47ms/step - loss: 7.7158e-04 - mae: 0.0289 - val_loss: 0.0022 - val_mae: 0.0555 - lr: 2.3438e-05
Epoch 121/200

 1/29 [>.............................] - ETA: 1s - loss: 0.0020 - mae: 0.0529
 3/29 [==>...........................] - ETA: 1s - loss: 0.0023 - mae: 0.0531
 5/29 [====>.........................] - ETA: 1s - loss: 0.0017 - mae: 0.0458
 7/29 [======>.......................] - ETA: 0s - loss: 0.0014 - mae: 0.0395
 9/29 [========>.....................] - ETA: 0s - loss: 0.0012 - mae: 0.0363
11/29 [==========>...................] - ETA: 0s - loss: 0.0010 - mae: 0.0336
13/29 [============>.................] - ETA: 0s - loss: 9.5022e-04 - mae: 0.0323
15/29 [==============>...............] - ETA: 0s - loss: 9.1165e-04 - mae: 0.0317
17/29 [================>.............] - ETA: 0s - loss: 9.4559e-04 - mae: 0.0324
19/29 [==================>...........] - ETA: 0s - loss: 9.4200e-04 - mae: 0.0326
21/29 [====================>.........] - ETA: 0s - loss: 9.0937e-04 - mae: 0.0320
23/29 [======================>.......] - ETA: 0s - loss: 8.8250e-04 - mae: 0.0318
25/29 [========================>.....] - ETA: 0s - loss: 8.6198e-04 - mae: 0.0314
27/29 [==========================>...] - ETA: 0s - loss: 8.2075e-04 - mae: 0.0303
29/29 [==============================] - ETA: 0s - loss: 8.0173e-04 - mae: 0.0298
29/29 [==============================] - 1s 46ms/step - loss: 8.0173e-04 - mae: 0.0298 - val_loss: 0.0022 - val_mae: 0.0554 - lr: 2.3438e-05
Epoch 122/200

 1/29 [>.............................] - ETA: 1s - loss: 0.0017 - mae: 0.0494
 3/29 [==>...........................] - ETA: 1s - loss: 0.0019 - mae: 0.0509
 5/29 [====>.........................] - ETA: 1s - loss: 0.0016 - mae: 0.0439
 7/29 [======>.......................] - ETA: 1s - loss: 0.0013 - mae: 0.0383
 9/29 [========>.....................] - ETA: 0s - loss: 0.0011 - mae: 0.0350
11/29 [==========>...................] - ETA: 0s - loss: 9.5914e-04 - mae: 0.0321
13/29 [============>.................] - ETA: 0s - loss: 8.5672e-04 - mae: 0.0302
15/29 [==============>...............] - ETA: 0s - loss: 8.1450e-04 - mae: 0.0293
17/29 [================>.............] - ETA: 0s - loss: 8.1323e-04 - mae: 0.0292
19/29 [==================>...........] - ETA: 0s - loss: 7.9704e-04 - mae: 0.0291
21/29 [====================>.........] - ETA: 0s - loss: 8.1384e-04 - mae: 0.0294
23/29 [======================>.......] - ETA: 0s - loss: 7.8583e-04 - mae: 0.0290
25/29 [========================>.....] - ETA: 0s - loss: 7.8058e-04 - mae: 0.0291
27/29 [==========================>...] - ETA: 0s - loss: 7.3401e-04 - mae: 0.0278
29/29 [==============================] - ETA: 0s - loss: 7.1493e-04 - mae: 0.0273
29/29 [==============================] - 1s 47ms/step - loss: 7.1493e-04 - mae: 0.0273 - val_loss: 0.0021 - val_mae: 0.0546 - lr: 2.3438e-05
Epoch 123/200

 1/29 [>.............................] - ETA: 1s - loss: 0.0028 - mae: 0.0565
 3/29 [==>...........................] - ETA: 1s - loss: 0.0023 - mae: 0.0512
 5/29 [====>.........................] - ETA: 1s - loss: 0.0015 - mae: 0.0402
 7/29 [======>.......................] - ETA: 0s - loss: 0.0012 - mae: 0.0357
 9/29 [========>.....................] - ETA: 0s - loss: 0.0011 - mae: 0.0334
11/29 [==========>...................] - ETA: 0s - loss: 9.2296e-04 - mae: 0.0310
13/29 [============>.................] - ETA: 0s - loss: 8.3669e-04 - mae: 0.0297
15/29 [==============>...............] - ETA: 0s - loss: 8.5233e-04 - mae: 0.0298
17/29 [================>.............] - ETA: 0s - loss: 8.4164e-04 - mae: 0.0301
19/29 [==================>...........] - ETA: 0s - loss: 8.7107e-04 - mae: 0.0308
21/29 [====================>.........] - ETA: 0s - loss: 8.4495e-04 - mae: 0.0304
23/29 [======================>.......] - ETA: 0s - loss: 8.1922e-04 - mae: 0.0301
25/29 [========================>.....] - ETA: 0s - loss: 8.1640e-04 - mae: 0.0301
27/29 [==========================>...] - ETA: 0s - loss: 7.7228e-04 - mae: 0.0289
29/29 [==============================] - ETA: 0s - loss: 7.5313e-04 - mae: 0.0284
29/29 [==============================] - 1s 47ms/step - loss: 7.5313e-04 - mae: 0.0284 - val_loss: 0.0022 - val_mae: 0.0550 - lr: 2.3438e-05
Epoch 124/200

 1/29 [>.............................] - ETA: 1s - loss: 0.0029 - mae: 0.0644
 3/29 [==>...........................] - ETA: 1s - loss: 0.0026 - mae: 0.0564
 5/29 [====>.........................] - ETA: 1s - loss: 0.0019 - mae: 0.0463
 7/29 [======>.......................] - ETA: 0s - loss: 0.0015 - mae: 0.0411
 9/29 [========>.....................] - ETA: 0s - loss: 0.0013 - mae: 0.0373
11/29 [==========>...................] - ETA: 0s - loss: 0.0011 - mae: 0.0343
13/29 [============>.................] - ETA: 0s - loss: 9.8570e-04 - mae: 0.0322
15/29 [==============>...............] - ETA: 0s - loss: 9.2361e-04 - mae: 0.0313
17/29 [================>.............] - ETA: 0s - loss: 9.4563e-04 - mae: 0.0318
19/29 [==================>...........] - ETA: 0s - loss: 9.3533e-04 - mae: 0.0316
21/29 [====================>.........] - ETA: 0s - loss: 9.1170e-04 - mae: 0.0314
23/29 [======================>.......] - ETA: 0s - loss: 8.8023e-04 - mae: 0.0309
25/29 [========================>.....] - ETA: 0s - loss: 8.6746e-04 - mae: 0.0307
27/29 [==========================>...] - ETA: 0s - loss: 8.1711e-04 - mae: 0.0295
29/29 [==============================] - ETA: 0s - loss: 8.0094e-04 - mae: 0.0291
29/29 [==============================] - 1s 48ms/step - loss: 8.0094e-04 - mae: 0.0291 - val_loss: 0.0021 - val_mae: 0.0543 - lr: 2.3438e-05
Epoch 125/200

 1/29 [>.............................] - ETA: 1s - loss: 0.0022 - mae: 0.0542
 3/29 [==>...........................] - ETA: 1s - loss: 0.0024 - mae: 0.0521
 5/29 [====>.........................] - ETA: 1s - loss: 0.0017 - mae: 0.0431
 7/29 [======>.......................] - ETA: 0s - loss: 0.0014 - mae: 0.0396
 9/29 [========>.....................] - ETA: 0s - loss: 0.0012 - mae: 0.0350
11/29 [==========>...................] - ETA: 0s - loss: 0.0010 - mae: 0.0325
13/29 [============>.................] - ETA: 0s - loss: 9.3126e-04 - mae: 0.0311
15/29 [==============>...............] - ETA: 0s - loss: 8.7470e-04 - mae: 0.0303
17/29 [================>.............] - ETA: 0s - loss: 8.6308e-04 - mae: 0.0302
19/29 [==================>...........] - ETA: 0s - loss: 8.6887e-04 - mae: 0.0305
21/29 [====================>.........] - ETA: 0s - loss: 8.5418e-04 - mae: 0.0304
23/29 [======================>.......] - ETA: 0s - loss: 8.4232e-04 - mae: 0.0305
25/29 [========================>.....] - ETA: 0s - loss: 8.3136e-04 - mae: 0.0303
27/29 [==========================>...] - ETA: 0s - loss: 7.8230e-04 - mae: 0.0291
29/29 [==============================] - ETA: 0s - loss: 7.5786e-04 - mae: 0.0285
29/29 [==============================] - 1s 47ms/step - loss: 7.5786e-04 - mae: 0.0285 - val_loss: 0.0021 - val_mae: 0.0542 - lr: 2.3438e-05
Epoch 126/200

 1/29 [>.............................] - ETA: 1s - loss: 0.0026 - mae: 0.0588
 3/29 [==>...........................] - ETA: 1s - loss: 0.0026 - mae: 0.0571
 5/29 [====>.........................] - ETA: 1s - loss: 0.0019 - mae: 0.0472
 7/29 [======>.......................] - ETA: 0s - loss: 0.0016 - mae: 0.0413
 9/29 [========>.....................] - ETA: 0s - loss: 0.0013 - mae: 0.0372
11/29 [==========>...................] - ETA: 0s - loss: 0.0012 - mae: 0.0350
13/29 [============>.................] - ETA: 0s - loss: 0.0010 - mae: 0.0326
15/29 [==============>...............] - ETA: 0s - loss: 9.8517e-04 - mae: 0.0322
17/29 [================>.............] - ETA: 0s - loss: 9.9201e-04 - mae: 0.0327
19/29 [==================>...........] - ETA: 0s - loss: 9.8508e-04 - mae: 0.0329
21/29 [====================>.........] - ETA: 0s - loss: 9.5886e-04 - mae: 0.0326
23/29 [======================>.......] - ETA: 0s - loss: 9.2255e-04 - mae: 0.0321
25/29 [========================>.....] - ETA: 0s - loss: 9.0984e-04 - mae: 0.0320
27/29 [==========================>...] - ETA: 0s - loss: 8.6379e-04 - mae: 0.0308
29/29 [==============================] - ETA: 0s - loss: 8.4315e-04 - mae: 0.0302
Epoch 126: ReduceLROnPlateau reducing learning rate to 1.1718750101863407e-05.

29/29 [==============================] - 1s 46ms/step - loss: 8.4315e-04 - mae: 0.0302 - val_loss: 0.0021 - val_mae: 0.0543 - lr: 2.3438e-05
Epoch 127/200

 1/29 [>.............................] - ETA: 1s - loss: 0.0019 - mae: 0.0484
 3/29 [==>...........................] - ETA: 1s - loss: 0.0019 - mae: 0.0492
 5/29 [====>.........................] - ETA: 1s - loss: 0.0014 - mae: 0.0415
 7/29 [======>.......................] - ETA: 0s - loss: 0.0011 - mae: 0.0357
 9/29 [========>.....................] - ETA: 0s - loss: 9.8805e-04 - mae: 0.0336
11/29 [==========>...................] - ETA: 0s - loss: 8.9142e-04 - mae: 0.0315
13/29 [============>.................] - ETA: 0s - loss: 8.0316e-04 - mae: 0.0300
15/29 [==============>...............] - ETA: 0s - loss: 7.6913e-04 - mae: 0.0294
17/29 [================>.............] - ETA: 0s - loss: 8.0606e-04 - mae: 0.0301
19/29 [==================>...........] - ETA: 0s - loss: 7.8992e-04 - mae: 0.0300
21/29 [====================>.........] - ETA: 0s - loss: 7.8302e-04 - mae: 0.0301
23/29 [======================>.......] - ETA: 0s - loss: 7.7831e-04 - mae: 0.0300
25/29 [========================>.....] - ETA: 0s - loss: 7.8297e-04 - mae: 0.0302
27/29 [==========================>...] - ETA: 0s - loss: 7.4015e-04 - mae: 0.0290
29/29 [==============================] - ETA: 0s - loss: 7.1910e-04 - mae: 0.0284
29/29 [==============================] - 1s 47ms/step - loss: 7.1910e-04 - mae: 0.0284 - val_loss: 0.0021 - val_mae: 0.0541 - lr: 1.1719e-05
Epoch 128/200

 1/29 [>.............................] - ETA: 1s - loss: 0.0028 - mae: 0.0621
 3/29 [==>...........................] - ETA: 1s - loss: 0.0023 - mae: 0.0558
 5/29 [====>.........................] - ETA: 1s - loss: 0.0018 - mae: 0.0477
 7/29 [======>.......................] - ETA: 0s - loss: 0.0014 - mae: 0.0399
 9/29 [========>.....................] - ETA: 0s - loss: 0.0012 - mae: 0.0365
10/29 [=========>....................] - ETA: 0s - loss: 0.0011 - mae: 0.0351
12/29 [===========>..................] - ETA: 0s - loss: 9.6434e-04 - mae: 0.0329
14/29 [=============>................] - ETA: 0s - loss: 8.7139e-04 - mae: 0.0311
16/29 [===============>..............] - ETA: 0s - loss: 8.9188e-04 - mae: 0.0314
18/29 [=================>............] - ETA: 0s - loss: 9.0465e-04 - mae: 0.0317
20/29 [===================>..........] - ETA: 0s - loss: 8.9053e-04 - mae: 0.0316
22/29 [=====================>........] - ETA: 0s - loss: 8.7321e-04 - mae: 0.0315
24/29 [=======================>......] - ETA: 0s - loss: 8.4725e-04 - mae: 0.0311
26/29 [=========================>....] - ETA: 0s - loss: 8.3589e-04 - mae: 0.0306
28/29 [===========================>..] - ETA: 0s - loss: 8.0008e-04 - mae: 0.0296
29/29 [==============================] - 1s 48ms/step - loss: 7.9759e-04 - mae: 0.0296 - val_loss: 0.0021 - val_mae: 0.0542 - lr: 1.1719e-05
Epoch 129/200

 1/29 [>.............................] - ETA: 1s - loss: 0.0026 - mae: 0.0599
 3/29 [==>...........................] - ETA: 1s - loss: 0.0025 - mae: 0.0567
 5/29 [====>.........................] - ETA: 1s - loss: 0.0018 - mae: 0.0458
 7/29 [======>.......................] - ETA: 1s - loss: 0.0014 - mae: 0.0399
 9/29 [========>.....................] - ETA: 0s - loss: 0.0012 - mae: 0.0366
11/29 [==========>...................] - ETA: 0s - loss: 0.0011 - mae: 0.0343
13/29 [============>.................] - ETA: 0s - loss: 9.7515e-04 - mae: 0.0328
15/29 [==============>...............] - ETA: 0s - loss: 9.2872e-04 - mae: 0.0322
17/29 [================>.............] - ETA: 0s - loss: 9.5215e-04 - mae: 0.0328
19/29 [==================>...........] - ETA: 0s - loss: 9.4642e-04 - mae: 0.0328
21/29 [====================>.........] - ETA: 0s - loss: 9.5656e-04 - mae: 0.0331
23/29 [======================>.......] - ETA: 0s - loss: 9.2587e-04 - mae: 0.0326
25/29 [========================>.....] - ETA: 0s - loss: 9.1512e-04 - mae: 0.0324
27/29 [==========================>...] - ETA: 0s - loss: 8.7152e-04 - mae: 0.0313
29/29 [==============================] - ETA: 0s - loss: 8.4450e-04 - mae: 0.0306
29/29 [==============================] - 1s 48ms/step - loss: 8.4450e-04 - mae: 0.0306 - val_loss: 0.0021 - val_mae: 0.0546 - lr: 1.1719e-05
Epoch 130/200

 1/29 [>.............................] - ETA: 1s - loss: 0.0042 - mae: 0.0760
 3/29 [==>...........................] - ETA: 1s - loss: 0.0030 - mae: 0.0607
 5/29 [====>.........................] - ETA: 1s - loss: 0.0021 - mae: 0.0483
 7/29 [======>.......................] - ETA: 0s - loss: 0.0017 - mae: 0.0429
 9/29 [========>.....................] - ETA: 0s - loss: 0.0014 - mae: 0.0376
11/29 [==========>...................] - ETA: 0s - loss: 0.0012 - mae: 0.0345
13/29 [============>.................] - ETA: 0s - loss: 0.0011 - mae: 0.0328
15/29 [==============>...............] - ETA: 0s - loss: 9.8960e-04 - mae: 0.0317
17/29 [================>.............] - ETA: 0s - loss: 0.0010 - mae: 0.0325    
19/29 [==================>...........] - ETA: 0s - loss: 0.0010 - mae: 0.0324
21/29 [====================>.........] - ETA: 0s - loss: 9.5996e-04 - mae: 0.0317
23/29 [======================>.......] - ETA: 0s - loss: 9.2695e-04 - mae: 0.0315
25/29 [========================>.....] - ETA: 0s - loss: 9.0968e-04 - mae: 0.0314
27/29 [==========================>...] - ETA: 0s - loss: 8.5572e-04 - mae: 0.0301
29/29 [==============================] - ETA: 0s - loss: 8.3023e-04 - mae: 0.0295
29/29 [==============================] - 1s 48ms/step - loss: 8.3023e-04 - mae: 0.0295 - val_loss: 0.0021 - val_mae: 0.0547 - lr: 1.1719e-05
Epoch 131/200

 1/29 [>.............................] - ETA: 1s - loss: 0.0030 - mae: 0.0634
 3/29 [==>...........................] - ETA: 1s - loss: 0.0028 - mae: 0.0585
 5/29 [====>.........................] - ETA: 1s - loss: 0.0020 - mae: 0.0463
 7/29 [======>.......................] - ETA: 1s - loss: 0.0016 - mae: 0.0398
 9/29 [========>.....................] - ETA: 0s - loss: 0.0013 - mae: 0.0362
11/29 [==========>...................] - ETA: 0s - loss: 0.0011 - mae: 0.0333
13/29 [============>.................] - ETA: 0s - loss: 0.0010 - mae: 0.0316
15/29 [==============>...............] - ETA: 0s - loss: 9.5546e-04 - mae: 0.0306
17/29 [================>.............] - ETA: 0s - loss: 9.9950e-04 - mae: 0.0316
19/29 [==================>...........] - ETA: 0s - loss: 0.0010 - mae: 0.0321    
21/29 [====================>.........] - ETA: 0s - loss: 9.5631e-04 - mae: 0.0312
23/29 [======================>.......] - ETA: 0s - loss: 9.2226e-04 - mae: 0.0310
25/29 [========================>.....] - ETA: 0s - loss: 9.0937e-04 - mae: 0.0310
27/29 [==========================>...] - ETA: 0s - loss: 8.5996e-04 - mae: 0.0298
29/29 [==============================] - ETA: 0s - loss: 8.3120e-04 - mae: 0.0291
29/29 [==============================] - 1s 47ms/step - loss: 8.3120e-04 - mae: 0.0291 - val_loss: 0.0021 - val_mae: 0.0545 - lr: 1.1719e-05
Epoch 132/200

 1/29 [>.............................] - ETA: 1s - loss: 0.0022 - mae: 0.0524
 3/29 [==>...........................] - ETA: 1s - loss: 0.0017 - mae: 0.0463
 5/29 [====>.........................] - ETA: 1s - loss: 0.0013 - mae: 0.0404
 7/29 [======>.......................] - ETA: 0s - loss: 0.0010 - mae: 0.0345
 9/29 [========>.....................] - ETA: 0s - loss: 9.3687e-04 - mae: 0.0326
11/29 [==========>...................] - ETA: 0s - loss: 8.3585e-04 - mae: 0.0307
13/29 [============>.................] - ETA: 0s - loss: 7.5085e-04 - mae: 0.0290
15/29 [==============>...............] - ETA: 0s - loss: 7.1295e-04 - mae: 0.0280
17/29 [================>.............] - ETA: 0s - loss: 7.8697e-04 - mae: 0.0293
19/29 [==================>...........] - ETA: 0s - loss: 8.1020e-04 - mae: 0.0299
21/29 [====================>.........] - ETA: 0s - loss: 7.9318e-04 - mae: 0.0300
23/29 [======================>.......] - ETA: 0s - loss: 7.6935e-04 - mae: 0.0296
25/29 [========================>.....] - ETA: 0s - loss: 7.6886e-04 - mae: 0.0296
27/29 [==========================>...] - ETA: 0s - loss: 7.3574e-04 - mae: 0.0288
29/29 [==============================] - ETA: 0s - loss: 7.1611e-04 - mae: 0.0282
29/29 [==============================] - 1s 47ms/step - loss: 7.1611e-04 - mae: 0.0282 - val_loss: 0.0020 - val_mae: 0.0539 - lr: 1.1719e-05
Epoch 133/200

 1/29 [>.............................] - ETA: 1s - loss: 0.0038 - mae: 0.0672
 3/29 [==>...........................] - ETA: 1s - loss: 0.0026 - mae: 0.0570
 5/29 [====>.........................] - ETA: 1s - loss: 0.0019 - mae: 0.0465
 7/29 [======>.......................] - ETA: 0s - loss: 0.0015 - mae: 0.0404
 9/29 [========>.....................] - ETA: 0s - loss: 0.0013 - mae: 0.0372
11/29 [==========>...................] - ETA: 0s - loss: 0.0011 - mae: 0.0341
13/29 [============>.................] - ETA: 0s - loss: 0.0010 - mae: 0.0322
15/29 [==============>...............] - ETA: 0s - loss: 9.1853e-04 - mae: 0.0304
17/29 [================>.............] - ETA: 0s - loss: 9.1981e-04 - mae: 0.0308
19/29 [==================>...........] - ETA: 0s - loss: 8.9233e-04 - mae: 0.0307
21/29 [====================>.........] - ETA: 0s - loss: 8.8172e-04 - mae: 0.0307
23/29 [======================>.......] - ETA: 0s - loss: 8.5443e-04 - mae: 0.0304
25/29 [========================>.....] - ETA: 0s - loss: 8.4506e-04 - mae: 0.0304
27/29 [==========================>...] - ETA: 0s - loss: 7.9277e-04 - mae: 0.0290
29/29 [==============================] - ETA: 0s - loss: 7.7079e-04 - mae: 0.0284
29/29 [==============================] - 1s 46ms/step - loss: 7.7079e-04 - mae: 0.0284 - val_loss: 0.0020 - val_mae: 0.0538 - lr: 1.1719e-05
Epoch 134/200

 1/29 [>.............................] - ETA: 1s - loss: 0.0015 - mae: 0.0439
 3/29 [==>...........................] - ETA: 1s - loss: 0.0021 - mae: 0.0499
 5/29 [====>.........................] - ETA: 1s - loss: 0.0015 - mae: 0.0413
 7/29 [======>.......................] - ETA: 0s - loss: 0.0012 - mae: 0.0362
 9/29 [========>.....................] - ETA: 0s - loss: 0.0010 - mae: 0.0322
11/29 [==========>...................] - ETA: 0s - loss: 9.0603e-04 - mae: 0.0302
13/29 [============>.................] - ETA: 0s - loss: 8.2650e-04 - mae: 0.0291
15/29 [==============>...............] - ETA: 0s - loss: 7.7366e-04 - mae: 0.0282
17/29 [================>.............] - ETA: 0s - loss: 8.5961e-04 - mae: 0.0300
19/29 [==================>...........] - ETA: 0s - loss: 8.5276e-04 - mae: 0.0301
21/29 [====================>.........] - ETA: 0s - loss: 8.4070e-04 - mae: 0.0300
23/29 [======================>.......] - ETA: 0s - loss: 8.1795e-04 - mae: 0.0295
25/29 [========================>.....] - ETA: 0s - loss: 8.0407e-04 - mae: 0.0292
27/29 [==========================>...] - ETA: 0s - loss: 7.5942e-04 - mae: 0.0280
29/29 [==============================] - ETA: 0s - loss: 7.3626e-04 - mae: 0.0274
29/29 [==============================] - 1s 47ms/step - loss: 7.3626e-04 - mae: 0.0274 - val_loss: 0.0020 - val_mae: 0.0538 - lr: 1.1719e-05
Epoch 135/200

 1/29 [>.............................] - ETA: 1s - loss: 0.0020 - mae: 0.0475
 3/29 [==>...........................] - ETA: 1s - loss: 0.0020 - mae: 0.0476
 5/29 [====>.........................] - ETA: 1s - loss: 0.0015 - mae: 0.0409
 7/29 [======>.......................] - ETA: 0s - loss: 0.0012 - mae: 0.0349
 9/29 [========>.....................] - ETA: 0s - loss: 0.0010 - mae: 0.0328
11/29 [==========>...................] - ETA: 0s - loss: 8.9866e-04 - mae: 0.0303
13/29 [============>.................] - ETA: 0s - loss: 8.3703e-04 - mae: 0.0297
15/29 [==============>...............] - ETA: 0s - loss: 8.1121e-04 - mae: 0.0294
17/29 [================>.............] - ETA: 0s - loss: 8.8407e-04 - mae: 0.0309
19/29 [==================>...........] - ETA: 0s - loss: 8.7674e-04 - mae: 0.0312
21/29 [====================>.........] - ETA: 0s - loss: 8.6066e-04 - mae: 0.0310
23/29 [======================>.......] - ETA: 0s - loss: 8.1944e-04 - mae: 0.0303
25/29 [========================>.....] - ETA: 0s - loss: 8.0167e-04 - mae: 0.0298
27/29 [==========================>...] - ETA: 0s - loss: 7.6902e-04 - mae: 0.0290
29/29 [==============================] - ETA: 0s - loss: 7.4739e-04 - mae: 0.0285
29/29 [==============================] - 1s 47ms/step - loss: 7.4739e-04 - mae: 0.0285 - val_loss: 0.0020 - val_mae: 0.0535 - lr: 1.1719e-05
Epoch 136/200

 1/29 [>.............................] - ETA: 1s - loss: 0.0024 - mae: 0.0470
 3/29 [==>...........................] - ETA: 1s - loss: 0.0021 - mae: 0.0508
 5/29 [====>.........................] - ETA: 1s - loss: 0.0016 - mae: 0.0430
 7/29 [======>.......................] - ETA: 0s - loss: 0.0013 - mae: 0.0381
 9/29 [========>.....................] - ETA: 0s - loss: 0.0011 - mae: 0.0347
11/29 [==========>...................] - ETA: 0s - loss: 9.8462e-04 - mae: 0.0329
13/29 [============>.................] - ETA: 0s - loss: 8.8283e-04 - mae: 0.0310
15/29 [==============>...............] - ETA: 0s - loss: 8.7263e-04 - mae: 0.0310
17/29 [================>.............] - ETA: 0s - loss: 8.5957e-04 - mae: 0.0310
19/29 [==================>...........] - ETA: 0s - loss: 8.8619e-04 - mae: 0.0314
21/29 [====================>.........] - ETA: 0s - loss: 8.5866e-04 - mae: 0.0309
23/29 [======================>.......] - ETA: 0s - loss: 8.3926e-04 - mae: 0.0307
25/29 [========================>.....] - ETA: 0s - loss: 8.1433e-04 - mae: 0.0304
27/29 [==========================>...] - ETA: 0s - loss: 7.6619e-04 - mae: 0.0290
29/29 [==============================] - ETA: 0s - loss: 7.4883e-04 - mae: 0.0286
29/29 [==============================] - 1s 48ms/step - loss: 7.4883e-04 - mae: 0.0286 - val_loss: 0.0020 - val_mae: 0.0538 - lr: 1.1719e-05
Epoch 137/200

 1/29 [>.............................] - ETA: 1s - loss: 0.0021 - mae: 0.0491
 3/29 [==>...........................] - ETA: 1s - loss: 0.0018 - mae: 0.0475
 5/29 [====>.........................] - ETA: 1s - loss: 0.0013 - mae: 0.0395
 7/29 [======>.......................] - ETA: 1s - loss: 0.0011 - mae: 0.0357
 9/29 [========>.....................] - ETA: 0s - loss: 9.9515e-04 - mae: 0.0334
11/29 [==========>...................] - ETA: 0s - loss: 8.9503e-04 - mae: 0.0318
13/29 [============>.................] - ETA: 0s - loss: 8.1330e-04 - mae: 0.0306
15/29 [==============>...............] - ETA: 0s - loss: 7.8054e-04 - mae: 0.0301
17/29 [================>.............] - ETA: 0s - loss: 7.9473e-04 - mae: 0.0301
19/29 [==================>...........] - ETA: 0s - loss: 7.8309e-04 - mae: 0.0302
21/29 [====================>.........] - ETA: 0s - loss: 7.6957e-04 - mae: 0.0301
23/29 [======================>.......] - ETA: 0s - loss: 7.4460e-04 - mae: 0.0296
25/29 [========================>.....] - ETA: 0s - loss: 7.4598e-04 - mae: 0.0298
27/29 [==========================>...] - ETA: 0s - loss: 7.0577e-04 - mae: 0.0286
29/29 [==============================] - ETA: 0s - loss: 6.8208e-04 - mae: 0.0280
29/29 [==============================] - 1s 48ms/step - loss: 6.8208e-04 - mae: 0.0280 - val_loss: 0.0020 - val_mae: 0.0539 - lr: 1.1719e-05
Epoch 138/200

 1/29 [>.............................] - ETA: 1s - loss: 0.0041 - mae: 0.0645
 3/29 [==>...........................] - ETA: 1s - loss: 0.0029 - mae: 0.0554
 5/29 [====>.........................] - ETA: 1s - loss: 0.0021 - mae: 0.0461
 7/29 [======>.......................] - ETA: 0s - loss: 0.0016 - mae: 0.0396
 9/29 [========>.....................] - ETA: 0s - loss: 0.0013 - mae: 0.0352
11/29 [==========>...................] - ETA: 0s - loss: 0.0011 - mae: 0.0328
13/29 [============>.................] - ETA: 0s - loss: 0.0010 - mae: 0.0312
15/29 [==============>...............] - ETA: 0s - loss: 9.5087e-04 - mae: 0.0302
17/29 [================>.............] - ETA: 0s - loss: 9.3948e-04 - mae: 0.0303
19/29 [==================>...........] - ETA: 0s - loss: 9.1427e-04 - mae: 0.0301
21/29 [====================>.........] - ETA: 0s - loss: 8.8519e-04 - mae: 0.0297
22/29 [=====================>........] - ETA: 0s - loss: 8.6813e-04 - mae: 0.0295
24/29 [=======================>......] - ETA: 0s - loss: 8.4813e-04 - mae: 0.0294
26/29 [=========================>....] - ETA: 0s - loss: 8.4136e-04 - mae: 0.0292
28/29 [===========================>..] - ETA: 0s - loss: 7.9800e-04 - mae: 0.0281
29/29 [==============================] - 1s 47ms/step - loss: 7.9615e-04 - mae: 0.0281 - val_loss: 0.0020 - val_mae: 0.0539 - lr: 1.1719e-05
Epoch 139/200

 1/29 [>.............................] - ETA: 1s - loss: 0.0027 - mae: 0.0599
 3/29 [==>...........................] - ETA: 1s - loss: 0.0027 - mae: 0.0588
 5/29 [====>.........................] - ETA: 1s - loss: 0.0019 - mae: 0.0465
 7/29 [======>.......................] - ETA: 0s - loss: 0.0015 - mae: 0.0392
 9/29 [========>.....................] - ETA: 0s - loss: 0.0012 - mae: 0.0360
11/29 [==========>...................] - ETA: 0s - loss: 0.0011 - mae: 0.0336
12/29 [===========>..................] - ETA: 0s - loss: 0.0010 - mae: 0.0326
13/29 [============>.................] - ETA: 0s - loss: 9.6326e-04 - mae: 0.0316
14/29 [=============>................] - ETA: 0s - loss: 9.3564e-04 - mae: 0.0313
15/29 [==============>...............] - ETA: 0s - loss: 9.0063e-04 - mae: 0.0307
17/29 [================>.............] - ETA: 0s - loss: 9.5226e-04 - mae: 0.0312
19/29 [==================>...........] - ETA: 0s - loss: 9.2563e-04 - mae: 0.0311
21/29 [====================>.........] - ETA: 0s - loss: 9.2501e-04 - mae: 0.0312
23/29 [======================>.......] - ETA: 0s - loss: 8.8211e-04 - mae: 0.0305
25/29 [========================>.....] - ETA: 0s - loss: 8.7793e-04 - mae: 0.0304
27/29 [==========================>...] - ETA: 0s - loss: 8.3563e-04 - mae: 0.0294
29/29 [==============================] - ETA: 0s - loss: 8.1301e-04 - mae: 0.0288
29/29 [==============================] - 1s 49ms/step - loss: 8.1301e-04 - mae: 0.0288 - val_loss: 0.0020 - val_mae: 0.0539 - lr: 1.1719e-05
Epoch 140/200

 1/29 [>.............................] - ETA: 1s - loss: 0.0023 - mae: 0.0565
 3/29 [==>...........................] - ETA: 1s - loss: 0.0015 - mae: 0.0440
 5/29 [====>.........................] - ETA: 1s - loss: 0.0011 - mae: 0.0368
 7/29 [======>.......................] - ETA: 0s - loss: 0.0010 - mae: 0.0338
 9/29 [========>.....................] - ETA: 0s - loss: 9.0230e-04 - mae: 0.0320
11/29 [==========>...................] - ETA: 0s - loss: 8.0749e-04 - mae: 0.0301
13/29 [============>.................] - ETA: 0s - loss: 7.4306e-04 - mae: 0.0291
15/29 [==============>...............] - ETA: 0s - loss: 7.1256e-04 - mae: 0.0283
17/29 [================>.............] - ETA: 0s - loss: 7.6097e-04 - mae: 0.0291
19/29 [==================>...........] - ETA: 0s - loss: 7.8093e-04 - mae: 0.0294
21/29 [====================>.........] - ETA: 0s - loss: 8.0831e-04 - mae: 0.0301
23/29 [======================>.......] - ETA: 0s - loss: 7.8138e-04 - mae: 0.0298
25/29 [========================>.....] - ETA: 0s - loss: 7.8497e-04 - mae: 0.0299
27/29 [==========================>...] - ETA: 0s - loss: 7.4660e-04 - mae: 0.0288
29/29 [==============================] - ETA: 0s - loss: 7.2766e-04 - mae: 0.0283
29/29 [==============================] - 1s 50ms/step - loss: 7.2766e-04 - mae: 0.0283 - val_loss: 0.0021 - val_mae: 0.0541 - lr: 1.1719e-05
Epoch 141/200

 1/29 [>.............................] - ETA: 1s - loss: 0.0041 - mae: 0.0729
 3/29 [==>...........................] - ETA: 1s - loss: 0.0027 - mae: 0.0573
 5/29 [====>.........................] - ETA: 1s - loss: 0.0018 - mae: 0.0447
 7/29 [======>.......................] - ETA: 1s - loss: 0.0015 - mae: 0.0388
 9/29 [========>.....................] - ETA: 0s - loss: 0.0012 - mae: 0.0355
11/29 [==========>...................] - ETA: 0s - loss: 0.0011 - mae: 0.0329
13/29 [============>.................] - ETA: 0s - loss: 9.7548e-04 - mae: 0.0317
15/29 [==============>...............] - ETA: 0s - loss: 9.6367e-04 - mae: 0.0317
17/29 [================>.............] - ETA: 0s - loss: 9.5698e-04 - mae: 0.0318
19/29 [==================>...........] - ETA: 0s - loss: 9.2697e-04 - mae: 0.0316
21/29 [====================>.........] - ETA: 0s - loss: 9.2422e-04 - mae: 0.0318
22/29 [=====================>........] - ETA: 0s - loss: 9.0871e-04 - mae: 0.0316
24/29 [=======================>......] - ETA: 0s - loss: 8.8175e-04 - mae: 0.0312
26/29 [=========================>....] - ETA: 0s - loss: 8.4387e-04 - mae: 0.0302
28/29 [===========================>..] - ETA: 0s - loss: 8.0048e-04 - mae: 0.0291
Epoch 141: ReduceLROnPlateau reducing learning rate to 5.859375050931703e-06.

29/29 [==============================] - 1s 49ms/step - loss: 7.9778e-04 - mae: 0.0291 - val_loss: 0.0021 - val_mae: 0.0543 - lr: 1.1719e-05
Epoch 142/200

 1/29 [>.............................] - ETA: 1s - loss: 0.0037 - mae: 0.0699
 3/29 [==>...........................] - ETA: 1s - loss: 0.0026 - mae: 0.0577
 5/29 [====>.........................] - ETA: 1s - loss: 0.0019 - mae: 0.0462
 7/29 [======>.......................] - ETA: 0s - loss: 0.0015 - mae: 0.0395
 9/29 [========>.....................] - ETA: 0s - loss: 0.0012 - mae: 0.0362
11/29 [==========>...................] - ETA: 0s - loss: 0.0011 - mae: 0.0326
13/29 [============>.................] - ETA: 0s - loss: 9.4563e-04 - mae: 0.0309
15/29 [==============>...............] - ETA: 0s - loss: 8.7191e-04 - mae: 0.0300
17/29 [================>.............] - ETA: 0s - loss: 8.6051e-04 - mae: 0.0303
19/29 [==================>...........] - ETA: 0s - loss: 8.5629e-04 - mae: 0.0305
21/29 [====================>.........] - ETA: 0s - loss: 8.3752e-04 - mae: 0.0302
23/29 [======================>.......] - ETA: 0s - loss: 8.1132e-04 - mae: 0.0299
25/29 [========================>.....] - ETA: 0s - loss: 8.1607e-04 - mae: 0.0300
27/29 [==========================>...] - ETA: 0s - loss: 7.7110e-04 - mae: 0.0289
29/29 [==============================] - ETA: 0s - loss: 7.4945e-04 - mae: 0.0284
29/29 [==============================] - 1s 47ms/step - loss: 7.4945e-04 - mae: 0.0284 - val_loss: 0.0021 - val_mae: 0.0539 - lr: 5.8594e-06
Epoch 143/200

 1/29 [>.............................] - ETA: 1s - loss: 0.0035 - mae: 0.0649
 3/29 [==>...........................] - ETA: 1s - loss: 0.0027 - mae: 0.0580
 5/29 [====>.........................] - ETA: 1s - loss: 0.0019 - mae: 0.0459
 7/29 [======>.......................] - ETA: 1s - loss: 0.0015 - mae: 0.0408
 9/29 [========>.....................] - ETA: 0s - loss: 0.0013 - mae: 0.0371
11/29 [==========>...................] - ETA: 0s - loss: 0.0011 - mae: 0.0345
13/29 [============>.................] - ETA: 0s - loss: 0.0010 - mae: 0.0324
15/29 [==============>...............] - ETA: 0s - loss: 9.3879e-04 - mae: 0.0316
17/29 [================>.............] - ETA: 0s - loss: 9.9694e-04 - mae: 0.0326
19/29 [==================>...........] - ETA: 0s - loss: 9.6888e-04 - mae: 0.0325
21/29 [====================>.........] - ETA: 0s - loss: 9.7926e-04 - mae: 0.0329
23/29 [======================>.......] - ETA: 0s - loss: 9.3213e-04 - mae: 0.0321
25/29 [========================>.....] - ETA: 0s - loss: 9.3468e-04 - mae: 0.0323
27/29 [==========================>...] - ETA: 0s - loss: 8.8648e-04 - mae: 0.0311
29/29 [==============================] - ETA: 0s - loss: 8.6153e-04 - mae: 0.0305
29/29 [==============================] - 1s 49ms/step - loss: 8.6153e-04 - mae: 0.0305 - val_loss: 0.0020 - val_mae: 0.0539 - lr: 5.8594e-06
Epoch 144/200

 1/29 [>.............................] - ETA: 1s - loss: 0.0017 - mae: 0.0456
 3/29 [==>...........................] - ETA: 1s - loss: 0.0016 - mae: 0.0441
 5/29 [====>.........................] - ETA: 1s - loss: 0.0014 - mae: 0.0407
 7/29 [======>.......................] - ETA: 1s - loss: 0.0012 - mae: 0.0361
 9/29 [========>.....................] - ETA: 0s - loss: 9.8457e-04 - mae: 0.0330
11/29 [==========>...................] - ETA: 0s - loss: 9.1497e-04 - mae: 0.0321
13/29 [============>.................] - ETA: 0s - loss: 8.3777e-04 - mae: 0.0308
15/29 [==============>...............] - ETA: 0s - loss: 8.2146e-04 - mae: 0.0302
17/29 [================>.............] - ETA: 0s - loss: 8.6061e-04 - mae: 0.0308
19/29 [==================>...........] - ETA: 0s - loss: 8.9197e-04 - mae: 0.0316
21/29 [====================>.........] - ETA: 0s - loss: 8.8393e-04 - mae: 0.0315
23/29 [======================>.......] - ETA: 0s - loss: 8.4594e-04 - mae: 0.0309
25/29 [========================>.....] - ETA: 0s - loss: 8.5874e-04 - mae: 0.0311
27/29 [==========================>...] - ETA: 0s - loss: 8.0728e-04 - mae: 0.0297
29/29 [==============================] - ETA: 0s - loss: 7.8085e-04 - mae: 0.0290
29/29 [==============================] - 1s 49ms/step - loss: 7.8085e-04 - mae: 0.0290 - val_loss: 0.0020 - val_mae: 0.0539 - lr: 5.8594e-06
Epoch 145/200

 1/29 [>.............................] - ETA: 1s - loss: 0.0023 - mae: 0.0576
 3/29 [==>...........................] - ETA: 1s - loss: 0.0027 - mae: 0.0556
 5/29 [====>.........................] - ETA: 1s - loss: 0.0020 - mae: 0.0456
 7/29 [======>.......................] - ETA: 0s - loss: 0.0015 - mae: 0.0388
 9/29 [========>.....................] - ETA: 0s - loss: 0.0013 - mae: 0.0361
11/29 [==========>...................] - ETA: 0s - loss: 0.0011 - mae: 0.0332
13/29 [============>.................] - ETA: 0s - loss: 0.0010 - mae: 0.0317
15/29 [==============>...............] - ETA: 0s - loss: 9.9927e-04 - mae: 0.0310
17/29 [================>.............] - ETA: 0s - loss: 9.6796e-04 - mae: 0.0308
19/29 [==================>...........] - ETA: 0s - loss: 9.3262e-04 - mae: 0.0306
21/29 [====================>.........] - ETA: 0s - loss: 9.1243e-04 - mae: 0.0303
23/29 [======================>.......] - ETA: 0s - loss: 8.9494e-04 - mae: 0.0304
25/29 [========================>.....] - ETA: 0s - loss: 8.7973e-04 - mae: 0.0303
27/29 [==========================>...] - ETA: 0s - loss: 8.3403e-04 - mae: 0.0291
29/29 [==============================] - ETA: 0s - loss: 8.1167e-04 - mae: 0.0287
29/29 [==============================] - 1s 48ms/step - loss: 8.1167e-04 - mae: 0.0287 - val_loss: 0.0020 - val_mae: 0.0539 - lr: 5.8594e-06
Epoch 146/200

 1/29 [>.............................] - ETA: 1s - loss: 0.0026 - mae: 0.0542
 3/29 [==>...........................] - ETA: 1s - loss: 0.0023 - mae: 0.0528
 5/29 [====>.........................] - ETA: 1s - loss: 0.0016 - mae: 0.0427
 7/29 [======>.......................] - ETA: 1s - loss: 0.0013 - mae: 0.0368
 9/29 [========>.....................] - ETA: 0s - loss: 0.0011 - mae: 0.0350
10/29 [=========>....................] - ETA: 0s - loss: 0.0010 - mae: 0.0334
12/29 [===========>..................] - ETA: 0s - loss: 9.3395e-04 - mae: 0.0315
14/29 [=============>................] - ETA: 0s - loss: 8.6132e-04 - mae: 0.0303
16/29 [===============>..............] - ETA: 0s - loss: 8.3546e-04 - mae: 0.0302
18/29 [=================>............] - ETA: 0s - loss: 8.4870e-04 - mae: 0.0307
20/29 [===================>..........] - ETA: 0s - loss: 8.5196e-04 - mae: 0.0307
22/29 [=====================>........] - ETA: 0s - loss: 8.2893e-04 - mae: 0.0303
24/29 [=======================>......] - ETA: 0s - loss: 7.9056e-04 - mae: 0.0296
26/29 [=========================>....] - ETA: 0s - loss: 7.8136e-04 - mae: 0.0292
28/29 [===========================>..] - ETA: 0s - loss: 7.4074e-04 - mae: 0.0281
29/29 [==============================] - 1s 49ms/step - loss: 7.3791e-04 - mae: 0.0280 - val_loss: 0.0020 - val_mae: 0.0536 - lr: 5.8594e-06
Epoch 147/200

 1/29 [>.............................] - ETA: 1s - loss: 0.0026 - mae: 0.0574
 3/29 [==>...........................] - ETA: 1s - loss: 0.0023 - mae: 0.0523
 4/29 [===>..........................] - ETA: 1s - loss: 0.0019 - mae: 0.0476
 6/29 [=====>........................] - ETA: 1s - loss: 0.0014 - mae: 0.0398
 7/29 [======>.......................] - ETA: 1s - loss: 0.0013 - mae: 0.0380
 9/29 [========>.....................] - ETA: 0s - loss: 0.0011 - mae: 0.0347
11/29 [==========>...................] - ETA: 0s - loss: 9.9320e-04 - mae: 0.0323
13/29 [============>.................] - ETA: 0s - loss: 8.8875e-04 - mae: 0.0306
14/29 [=============>................] - ETA: 0s - loss: 8.6286e-04 - mae: 0.0302
15/29 [==============>...............] - ETA: 0s - loss: 8.5529e-04 - mae: 0.0301
16/29 [===============>..............] - ETA: 0s - loss: 8.5523e-04 - mae: 0.0302
17/29 [================>.............] - ETA: 0s - loss: 8.6280e-04 - mae: 0.0304
18/29 [=================>............] - ETA: 0s - loss: 8.9584e-04 - mae: 0.0311
20/29 [===================>..........] - ETA: 0s - loss: 9.0258e-04 - mae: 0.0312
21/29 [====================>.........] - ETA: 0s - loss: 9.0519e-04 - mae: 0.0314
23/29 [======================>.......] - ETA: 0s - loss: 8.6608e-04 - mae: 0.0308
25/29 [========================>.....] - ETA: 0s - loss: 8.7550e-04 - mae: 0.0310
27/29 [==========================>...] - ETA: 0s - loss: 8.2426e-04 - mae: 0.0297
29/29 [==============================] - ETA: 0s - loss: 8.0594e-04 - mae: 0.0293
29/29 [==============================] - 1s 52ms/step - loss: 8.0594e-04 - mae: 0.0293 - val_loss: 0.0020 - val_mae: 0.0534 - lr: 5.8594e-06
Epoch 148/200

 1/29 [>.............................] - ETA: 1s - loss: 0.0037 - mae: 0.0621
 3/29 [==>...........................] - ETA: 1s - loss: 0.0031 - mae: 0.0603
 5/29 [====>.........................] - ETA: 1s - loss: 0.0022 - mae: 0.0480
 7/29 [======>.......................] - ETA: 1s - loss: 0.0017 - mae: 0.0407
 9/29 [========>.....................] - ETA: 0s - loss: 0.0014 - mae: 0.0368
11/29 [==========>...................] - ETA: 0s - loss: 0.0012 - mae: 0.0340
12/29 [===========>..................] - ETA: 0s - loss: 0.0011 - mae: 0.0330
14/29 [=============>................] - ETA: 0s - loss: 0.0010 - mae: 0.0314
16/29 [===============>..............] - ETA: 0s - loss: 0.0010 - mae: 0.0310
18/29 [=================>............] - ETA: 0s - loss: 0.0011 - mae: 0.0324
20/29 [===================>..........] - ETA: 0s - loss: 0.0010 - mae: 0.0319
22/29 [=====================>........] - ETA: 0s - loss: 9.8488e-04 - mae: 0.0317
24/29 [=======================>......] - ETA: 0s - loss: 9.4267e-04 - mae: 0.0311
25/29 [========================>.....] - ETA: 0s - loss: 9.2908e-04 - mae: 0.0309
26/29 [=========================>....] - ETA: 0s - loss: 9.1064e-04 - mae: 0.0305
28/29 [===========================>..] - ETA: 0s - loss: 8.6089e-04 - mae: 0.0293
29/29 [==============================] - 1s 51ms/step - loss: 8.5866e-04 - mae: 0.0293 - val_loss: 0.0020 - val_mae: 0.0534 - lr: 5.8594e-06
Epoch 149/200

 1/29 [>.............................] - ETA: 1s - loss: 0.0038 - mae: 0.0665
 3/29 [==>...........................] - ETA: 1s - loss: 0.0029 - mae: 0.0566
 4/29 [===>..........................] - ETA: 1s - loss: 0.0024 - mae: 0.0513
 6/29 [=====>........................] - ETA: 1s - loss: 0.0018 - mae: 0.0421
 8/29 [=======>......................] - ETA: 1s - loss: 0.0015 - mae: 0.0380
10/29 [=========>....................] - ETA: 0s - loss: 0.0013 - mae: 0.0356
12/29 [===========>..................] - ETA: 0s - loss: 0.0012 - mae: 0.0336
14/29 [=============>................] - ETA: 0s - loss: 0.0011 - mae: 0.0328
16/29 [===============>..............] - ETA: 0s - loss: 0.0011 - mae: 0.0332
18/29 [=================>............] - ETA: 0s - loss: 0.0011 - mae: 0.0337
20/29 [===================>..........] - ETA: 0s - loss: 0.0011 - mae: 0.0332
22/29 [=====================>........] - ETA: 0s - loss: 0.0010 - mae: 0.0329
24/29 [=======================>......] - ETA: 0s - loss: 9.7539e-04 - mae: 0.0320
26/29 [=========================>....] - ETA: 0s - loss: 9.4618e-04 - mae: 0.0314
28/29 [===========================>..] - ETA: 0s - loss: 9.0242e-04 - mae: 0.0303
29/29 [==============================] - 1s 49ms/step - loss: 8.9891e-04 - mae: 0.0303 - val_loss: 0.0020 - val_mae: 0.0536 - lr: 5.8594e-06
Epoch 150/200

 1/29 [>.............................] - ETA: 1s - loss: 0.0034 - mae: 0.0675
 3/29 [==>...........................] - ETA: 1s - loss: 0.0028 - mae: 0.0573
 5/29 [====>.........................] - ETA: 1s - loss: 0.0019 - mae: 0.0469
 7/29 [======>.......................] - ETA: 1s - loss: 0.0016 - mae: 0.0409
 9/29 [========>.....................] - ETA: 0s - loss: 0.0013 - mae: 0.0369
11/29 [==========>...................] - ETA: 0s - loss: 0.0011 - mae: 0.0340
13/29 [============>.................] - ETA: 0s - loss: 0.0010 - mae: 0.0322
15/29 [==============>...............] - ETA: 0s - loss: 9.5281e-04 - mae: 0.0316
17/29 [================>.............] - ETA: 0s - loss: 9.6291e-04 - mae: 0.0321
19/29 [==================>...........] - ETA: 0s - loss: 9.6024e-04 - mae: 0.0325
21/29 [====================>.........] - ETA: 0s - loss: 9.1260e-04 - mae: 0.0317
23/29 [======================>.......] - ETA: 0s - loss: 8.7321e-04 - mae: 0.0311
25/29 [========================>.....] - ETA: 0s - loss: 8.6071e-04 - mae: 0.0310
27/29 [==========================>...] - ETA: 0s - loss: 8.1190e-04 - mae: 0.0296
29/29 [==============================] - ETA: 0s - loss: 7.8709e-04 - mae: 0.0290
29/29 [==============================] - 1s 49ms/step - loss: 7.8709e-04 - mae: 0.0290 - val_loss: 0.0020 - val_mae: 0.0537 - lr: 5.8594e-06
Epoch 151/200

 1/29 [>.............................] - ETA: 1s - loss: 0.0029 - mae: 0.0559
 3/29 [==>...........................] - ETA: 1s - loss: 0.0026 - mae: 0.0526
 5/29 [====>.........................] - ETA: 1s - loss: 0.0020 - mae: 0.0446
 7/29 [======>.......................] - ETA: 0s - loss: 0.0016 - mae: 0.0396
 9/29 [========>.....................] - ETA: 0s - loss: 0.0013 - mae: 0.0358
11/29 [==========>...................] - ETA: 0s - loss: 0.0012 - mae: 0.0335
13/29 [============>.................] - ETA: 0s - loss: 0.0010 - mae: 0.0320
15/29 [==============>...............] - ETA: 0s - loss: 9.8675e-04 - mae: 0.0311
17/29 [================>.............] - ETA: 0s - loss: 9.6682e-04 - mae: 0.0313
19/29 [==================>...........] - ETA: 0s - loss: 9.6459e-04 - mae: 0.0317
21/29 [====================>.........] - ETA: 0s - loss: 9.2320e-04 - mae: 0.0311
23/29 [======================>.......] - ETA: 0s - loss: 8.8974e-04 - mae: 0.0306
25/29 [========================>.....] - ETA: 0s - loss: 8.7314e-04 - mae: 0.0305
27/29 [==========================>...] - ETA: 0s - loss: 8.2246e-04 - mae: 0.0292
29/29 [==============================] - ETA: 0s - loss: 7.9437e-04 - mae: 0.0285
29/29 [==============================] - 1s 47ms/step - loss: 7.9437e-04 - mae: 0.0285 - val_loss: 0.0020 - val_mae: 0.0537 - lr: 5.8594e-06
Epoch 152/200

 1/29 [>.............................] - ETA: 1s - loss: 0.0043 - mae: 0.0728
 3/29 [==>...........................] - ETA: 1s - loss: 0.0034 - mae: 0.0626
 5/29 [====>.........................] - ETA: 1s - loss: 0.0023 - mae: 0.0495
 7/29 [======>.......................] - ETA: 0s - loss: 0.0018 - mae: 0.0425
 9/29 [========>.....................] - ETA: 0s - loss: 0.0015 - mae: 0.0391
11/29 [==========>...................] - ETA: 0s - loss: 0.0013 - mae: 0.0361
13/29 [============>.................] - ETA: 0s - loss: 0.0012 - mae: 0.0339
15/29 [==============>...............] - ETA: 0s - loss: 0.0011 - mae: 0.0329
17/29 [================>.............] - ETA: 0s - loss: 0.0010 - mae: 0.0324
19/29 [==================>...........] - ETA: 0s - loss: 0.0010 - mae: 0.0328
21/29 [====================>.........] - ETA: 0s - loss: 0.0010 - mae: 0.0326
23/29 [======================>.......] - ETA: 0s - loss: 9.6630e-04 - mae: 0.0321
25/29 [========================>.....] - ETA: 0s - loss: 9.4155e-04 - mae: 0.0318
27/29 [==========================>...] - ETA: 0s - loss: 8.8673e-04 - mae: 0.0305
29/29 [==============================] - ETA: 0s - loss: 8.6085e-04 - mae: 0.0299
29/29 [==============================] - 1s 48ms/step - loss: 8.6085e-04 - mae: 0.0299 - val_loss: 0.0020 - val_mae: 0.0537 - lr: 5.8594e-06
Epoch 153/200

 1/29 [>.............................] - ETA: 1s - loss: 0.0025 - mae: 0.0621
 3/29 [==>...........................] - ETA: 1s - loss: 0.0022 - mae: 0.0532
 5/29 [====>.........................] - ETA: 1s - loss: 0.0016 - mae: 0.0445
 7/29 [======>.......................] - ETA: 0s - loss: 0.0013 - mae: 0.0393
 9/29 [========>.....................] - ETA: 0s - loss: 0.0011 - mae: 0.0356
11/29 [==========>...................] - ETA: 0s - loss: 0.0010 - mae: 0.0334
13/29 [============>.................] - ETA: 0s - loss: 9.1066e-04 - mae: 0.0318
15/29 [==============>...............] - ETA: 0s - loss: 8.7593e-04 - mae: 0.0310
17/29 [================>.............] - ETA: 0s - loss: 8.9398e-04 - mae: 0.0317
19/29 [==================>...........] - ETA: 0s - loss: 8.9197e-04 - mae: 0.0318
21/29 [====================>.........] - ETA: 0s - loss: 8.5975e-04 - mae: 0.0311
23/29 [======================>.......] - ETA: 0s - loss: 8.3310e-04 - mae: 0.0308
25/29 [========================>.....] - ETA: 0s - loss: 8.3387e-04 - mae: 0.0309
27/29 [==========================>...] - ETA: 0s - loss: 7.8600e-04 - mae: 0.0297
29/29 [==============================] - ETA: 0s - loss: 7.6146e-04 - mae: 0.0290
29/29 [==============================] - 1s 47ms/step - loss: 7.6146e-04 - mae: 0.0290 - val_loss: 0.0020 - val_mae: 0.0537 - lr: 5.8594e-06
Epoch 154/200

 1/29 [>.............................] - ETA: 1s - loss: 0.0023 - mae: 0.0507
 3/29 [==>...........................] - ETA: 1s - loss: 0.0022 - mae: 0.0512
 5/29 [====>.........................] - ETA: 1s - loss: 0.0016 - mae: 0.0420
 7/29 [======>.......................] - ETA: 0s - loss: 0.0013 - mae: 0.0367
 9/29 [========>.....................] - ETA: 0s - loss: 0.0011 - mae: 0.0342
11/29 [==========>...................] - ETA: 0s - loss: 9.5245e-04 - mae: 0.0314
13/29 [============>.................] - ETA: 0s - loss: 8.7318e-04 - mae: 0.0305
15/29 [==============>...............] - ETA: 0s - loss: 8.6374e-04 - mae: 0.0304
17/29 [================>.............] - ETA: 0s - loss: 8.5918e-04 - mae: 0.0307
19/29 [==================>...........] - ETA: 0s - loss: 8.3370e-04 - mae: 0.0306
21/29 [====================>.........] - ETA: 0s - loss: 8.1501e-04 - mae: 0.0302
23/29 [======================>.......] - ETA: 0s - loss: 7.9372e-04 - mae: 0.0300
25/29 [========================>.....] - ETA: 0s - loss: 8.0226e-04 - mae: 0.0301
27/29 [==========================>...] - ETA: 0s - loss: 7.5991e-04 - mae: 0.0290
29/29 [==============================] - ETA: 0s - loss: 7.3964e-04 - mae: 0.0284
29/29 [==============================] - 1s 47ms/step - loss: 7.3964e-04 - mae: 0.0284 - val_loss: 0.0020 - val_mae: 0.0535 - lr: 5.8594e-06
Epoch 155/200

 1/29 [>.............................] - ETA: 1s - loss: 0.0019 - mae: 0.0536
 3/29 [==>...........................] - ETA: 1s - loss: 0.0017 - mae: 0.0481
 5/29 [====>.........................] - ETA: 1s - loss: 0.0013 - mae: 0.0395
 7/29 [======>.......................] - ETA: 0s - loss: 0.0011 - mae: 0.0361
 9/29 [========>.....................] - ETA: 0s - loss: 9.2686e-04 - mae: 0.0327
11/29 [==========>...................] - ETA: 0s - loss: 8.0977e-04 - mae: 0.0301
13/29 [============>.................] - ETA: 0s - loss: 7.6078e-04 - mae: 0.0294
15/29 [==============>...............] - ETA: 0s - loss: 7.5527e-04 - mae: 0.0295
17/29 [================>.............] - ETA: 0s - loss: 8.7706e-04 - mae: 0.0312
19/29 [==================>...........] - ETA: 0s - loss: 8.6953e-04 - mae: 0.0312
21/29 [====================>.........] - ETA: 0s - loss: 8.2922e-04 - mae: 0.0304
23/29 [======================>.......] - ETA: 0s - loss: 7.9995e-04 - mae: 0.0300
25/29 [========================>.....] - ETA: 0s - loss: 8.0600e-04 - mae: 0.0301
27/29 [==========================>...] - ETA: 0s - loss: 7.5981e-04 - mae: 0.0289
29/29 [==============================] - ETA: 0s - loss: 7.3235e-04 - mae: 0.0281
29/29 [==============================] - 1s 48ms/step - loss: 7.3235e-04 - mae: 0.0281 - val_loss: 0.0020 - val_mae: 0.0535 - lr: 5.8594e-06
Epoch 156/200

 1/29 [>.............................] - ETA: 1s - loss: 0.0036 - mae: 0.0687
 3/29 [==>...........................] - ETA: 1s - loss: 0.0033 - mae: 0.0611
 5/29 [====>.........................] - ETA: 1s - loss: 0.0024 - mae: 0.0511
 7/29 [======>.......................] - ETA: 0s - loss: 0.0019 - mae: 0.0432
 9/29 [========>.....................] - ETA: 0s - loss: 0.0015 - mae: 0.0386
11/29 [==========>...................] - ETA: 0s - loss: 0.0013 - mae: 0.0352
13/29 [============>.................] - ETA: 0s - loss: 0.0012 - mae: 0.0334
15/29 [==============>...............] - ETA: 0s - loss: 0.0011 - mae: 0.0326
17/29 [================>.............] - ETA: 0s - loss: 0.0011 - mae: 0.0336
19/29 [==================>...........] - ETA: 0s - loss: 0.0011 - mae: 0.0335
21/29 [====================>.........] - ETA: 0s - loss: 0.0011 - mae: 0.0327
23/29 [======================>.......] - ETA: 0s - loss: 0.0010 - mae: 0.0322
25/29 [========================>.....] - ETA: 0s - loss: 9.8151e-04 - mae: 0.0319
27/29 [==========================>...] - ETA: 0s - loss: 9.3084e-04 - mae: 0.0308
29/29 [==============================] - ETA: 0s - loss: 9.0516e-04 - mae: 0.0302
Epoch 156: ReduceLROnPlateau reducing learning rate to 2.9296875254658516e-06.

29/29 [==============================] - 1s 47ms/step - loss: 9.0516e-04 - mae: 0.0302 - val_loss: 0.0020 - val_mae: 0.0538 - lr: 5.8594e-06
Epoch 157/200

 1/29 [>.............................] - ETA: 1s - loss: 0.0024 - mae: 0.0534
 3/29 [==>...........................] - ETA: 1s - loss: 0.0025 - mae: 0.0546
 5/29 [====>.........................] - ETA: 1s - loss: 0.0018 - mae: 0.0446
 7/29 [======>.......................] - ETA: 1s - loss: 0.0014 - mae: 0.0389
 9/29 [========>.....................] - ETA: 0s - loss: 0.0012 - mae: 0.0359
11/29 [==========>...................] - ETA: 0s - loss: 0.0011 - mae: 0.0337
13/29 [============>.................] - ETA: 0s - loss: 9.7732e-04 - mae: 0.0323
15/29 [==============>...............] - ETA: 0s - loss: 9.0864e-04 - mae: 0.0311
17/29 [================>.............] - ETA: 0s - loss: 9.6504e-04 - mae: 0.0322
19/29 [==================>...........] - ETA: 0s - loss: 9.6782e-04 - mae: 0.0325
21/29 [====================>.........] - ETA: 0s - loss: 9.4470e-04 - mae: 0.0324
23/29 [======================>.......] - ETA: 0s - loss: 9.0653e-04 - mae: 0.0319
25/29 [========================>.....] - ETA: 0s - loss: 8.9720e-04 - mae: 0.0317
27/29 [==========================>...] - ETA: 0s - loss: 8.4970e-04 - mae: 0.0306
29/29 [==============================] - ETA: 0s - loss: 8.2593e-04 - mae: 0.0301
29/29 [==============================] - 1s 48ms/step - loss: 8.2593e-04 - mae: 0.0301 - val_loss: 0.0020 - val_mae: 0.0537 - lr: 2.9297e-06
Epoch 158/200

 1/29 [>.............................] - ETA: 1s - loss: 0.0019 - mae: 0.0508
 3/29 [==>...........................] - ETA: 1s - loss: 0.0018 - mae: 0.0463
 5/29 [====>.........................] - ETA: 1s - loss: 0.0014 - mae: 0.0405
 7/29 [======>.......................] - ETA: 1s - loss: 0.0011 - mae: 0.0359
 9/29 [========>.....................] - ETA: 0s - loss: 0.0010 - mae: 0.0336
11/29 [==========>...................] - ETA: 0s - loss: 9.1381e-04 - mae: 0.0317
13/29 [============>.................] - ETA: 0s - loss: 8.2137e-04 - mae: 0.0301
15/29 [==============>...............] - ETA: 0s - loss: 8.0949e-04 - mae: 0.0299
17/29 [================>.............] - ETA: 0s - loss: 8.0943e-04 - mae: 0.0300
19/29 [==================>...........] - ETA: 0s - loss: 7.9350e-04 - mae: 0.0298
21/29 [====================>.........] - ETA: 0s - loss: 7.9019e-04 - mae: 0.0299
23/29 [======================>.......] - ETA: 0s - loss: 7.6490e-04 - mae: 0.0295
25/29 [========================>.....] - ETA: 0s - loss: 7.5346e-04 - mae: 0.0292
27/29 [==========================>...] - ETA: 0s - loss: 7.1610e-04 - mae: 0.0282
29/29 [==============================] - ETA: 0s - loss: 7.0156e-04 - mae: 0.0278
29/29 [==============================] - 1s 48ms/step - loss: 7.0156e-04 - mae: 0.0278 - val_loss: 0.0020 - val_mae: 0.0537 - lr: 2.9297e-06
Epoch 159/200

 1/29 [>.............................] - ETA: 1s - loss: 0.0056 - mae: 0.0750
 3/29 [==>...........................] - ETA: 1s - loss: 0.0038 - mae: 0.0659
 5/29 [====>.........................] - ETA: 1s - loss: 0.0024 - mae: 0.0485
 7/29 [======>.......................] - ETA: 0s - loss: 0.0019 - mae: 0.0419
 9/29 [========>.....................] - ETA: 0s - loss: 0.0016 - mae: 0.0377
11/29 [==========>...................] - ETA: 0s - loss: 0.0013 - mae: 0.0343
13/29 [============>.................] - ETA: 0s - loss: 0.0012 - mae: 0.0323
15/29 [==============>...............] - ETA: 0s - loss: 0.0011 - mae: 0.0318
17/29 [================>.............] - ETA: 0s - loss: 0.0011 - mae: 0.0316
19/29 [==================>...........] - ETA: 0s - loss: 0.0010 - mae: 0.0319
21/29 [====================>.........] - ETA: 0s - loss: 9.8892e-04 - mae: 0.0313
23/29 [======================>.......] - ETA: 0s - loss: 9.4368e-04 - mae: 0.0308
25/29 [========================>.....] - ETA: 0s - loss: 9.2308e-04 - mae: 0.0307
27/29 [==========================>...] - ETA: 0s - loss: 8.6971e-04 - mae: 0.0295
29/29 [==============================] - ETA: 0s - loss: 8.4732e-04 - mae: 0.0290
29/29 [==============================] - 1s 48ms/step - loss: 8.4732e-04 - mae: 0.0290 - val_loss: 0.0020 - val_mae: 0.0537 - lr: 2.9297e-06
Epoch 160/200

 1/29 [>.............................] - ETA: 1s - loss: 0.0034 - mae: 0.0626
 3/29 [==>...........................] - ETA: 1s - loss: 0.0026 - mae: 0.0573
 5/29 [====>.........................] - ETA: 1s - loss: 0.0018 - mae: 0.0449
 7/29 [======>.......................] - ETA: 0s - loss: 0.0014 - mae: 0.0397
 9/29 [========>.....................] - ETA: 0s - loss: 0.0012 - mae: 0.0356
11/29 [==========>...................] - ETA: 0s - loss: 0.0010 - mae: 0.0330
13/29 [============>.................] - ETA: 0s - loss: 9.2821e-04 - mae: 0.0312
15/29 [==============>...............] - ETA: 0s - loss: 8.8495e-04 - mae: 0.0304
17/29 [================>.............] - ETA: 0s - loss: 9.3341e-04 - mae: 0.0312
19/29 [==================>...........] - ETA: 0s - loss: 9.1496e-04 - mae: 0.0313
21/29 [====================>.........] - ETA: 0s - loss: 8.9891e-04 - mae: 0.0310
23/29 [======================>.......] - ETA: 0s - loss: 8.6853e-04 - mae: 0.0306
25/29 [========================>.....] - ETA: 0s - loss: 8.4976e-04 - mae: 0.0305
26/29 [=========================>....] - ETA: 0s - loss: 8.2803e-04 - mae: 0.0299
27/29 [==========================>...] - ETA: 0s - loss: 8.1136e-04 - mae: 0.0295
29/29 [==============================] - ETA: 0s - loss: 7.8675e-04 - mae: 0.0289
29/29 [==============================] - 1s 48ms/step - loss: 7.8675e-04 - mae: 0.0289 - val_loss: 0.0020 - val_mae: 0.0537 - lr: 2.9297e-06
Epoch 161/200

 1/29 [>.............................] - ETA: 1s - loss: 0.0022 - mae: 0.0543
 3/29 [==>...........................] - ETA: 1s - loss: 0.0022 - mae: 0.0530
 5/29 [====>.........................] - ETA: 1s - loss: 0.0017 - mae: 0.0443
 6/29 [=====>........................] - ETA: 1s - loss: 0.0015 - mae: 0.0413
 8/29 [=======>......................] - ETA: 1s - loss: 0.0012 - mae: 0.0373
 9/29 [========>.....................] - ETA: 0s - loss: 0.0012 - mae: 0.0358
10/29 [=========>....................] - ETA: 0s - loss: 0.0011 - mae: 0.0342
12/29 [===========>..................] - ETA: 0s - loss: 9.6870e-04 - mae: 0.0322
14/29 [=============>................] - ETA: 0s - loss: 8.7049e-04 - mae: 0.0302
16/29 [===============>..............] - ETA: 0s - loss: 8.7297e-04 - mae: 0.0304
18/29 [=================>............] - ETA: 0s - loss: 9.3991e-04 - mae: 0.0316
20/29 [===================>..........] - ETA: 0s - loss: 8.8672e-04 - mae: 0.0308
22/29 [=====================>........] - ETA: 0s - loss: 9.0013e-04 - mae: 0.0313
24/29 [=======================>......] - ETA: 0s - loss: 8.6205e-04 - mae: 0.0307
26/29 [=========================>....] - ETA: 0s - loss: 8.3220e-04 - mae: 0.0300
28/29 [===========================>..] - ETA: 0s - loss: 7.9063e-04 - mae: 0.0290
29/29 [==============================] - 1s 49ms/step - loss: 7.8739e-04 - mae: 0.0289 - val_loss: 0.0020 - val_mae: 0.0538 - lr: 2.9297e-06
Epoch 162/200

 1/29 [>.............................] - ETA: 1s - loss: 0.0025 - mae: 0.0587
 3/29 [==>...........................] - ETA: 1s - loss: 0.0022 - mae: 0.0531
 5/29 [====>.........................] - ETA: 1s - loss: 0.0018 - mae: 0.0462
 7/29 [======>.......................] - ETA: 0s - loss: 0.0015 - mae: 0.0408
 9/29 [========>.....................] - ETA: 0s - loss: 0.0013 - mae: 0.0369
11/29 [==========>...................] - ETA: 0s - loss: 0.0011 - mae: 0.0348
13/29 [============>.................] - ETA: 0s - loss: 0.0010 - mae: 0.0329
15/29 [==============>...............] - ETA: 0s - loss: 9.8063e-04 - mae: 0.0322
17/29 [================>.............] - ETA: 0s - loss: 0.0010 - mae: 0.0329    
19/29 [==================>...........] - ETA: 0s - loss: 9.8601e-04 - mae: 0.0329
21/29 [====================>.........] - ETA: 0s - loss: 9.5672e-04 - mae: 0.0325
23/29 [======================>.......] - ETA: 0s - loss: 9.2055e-04 - mae: 0.0321
25/29 [========================>.....] - ETA: 0s - loss: 9.1443e-04 - mae: 0.0320
27/29 [==========================>...] - ETA: 0s - loss: 8.6086e-04 - mae: 0.0306
29/29 [==============================] - ETA: 0s - loss: 8.3701e-04 - mae: 0.0301
29/29 [==============================] - 1s 47ms/step - loss: 8.3701e-04 - mae: 0.0301 - val_loss: 0.0020 - val_mae: 0.0537 - lr: 2.9297e-06
Epoch 163/200

 1/29 [>.............................] - ETA: 1s - loss: 0.0031 - mae: 0.0584
 3/29 [==>...........................] - ETA: 1s - loss: 0.0024 - mae: 0.0542
 5/29 [====>.........................] - ETA: 1s - loss: 0.0017 - mae: 0.0445
 7/29 [======>.......................] - ETA: 0s - loss: 0.0014 - mae: 0.0393
 9/29 [========>.....................] - ETA: 0s - loss: 0.0012 - mae: 0.0361
11/29 [==========>...................] - ETA: 0s - loss: 0.0010 - mae: 0.0336
13/29 [============>.................] - ETA: 0s - loss: 9.4640e-04 - mae: 0.0320
15/29 [==============>...............] - ETA: 0s - loss: 9.1827e-04 - mae: 0.0315
17/29 [================>.............] - ETA: 0s - loss: 9.0706e-04 - mae: 0.0314
19/29 [==================>...........] - ETA: 0s - loss: 9.3428e-04 - mae: 0.0323
21/29 [====================>.........] - ETA: 0s - loss: 9.4468e-04 - mae: 0.0325
23/29 [======================>.......] - ETA: 0s - loss: 9.2264e-04 - mae: 0.0322
25/29 [========================>.....] - ETA: 0s - loss: 9.2358e-04 - mae: 0.0322
27/29 [==========================>...] - ETA: 0s - loss: 8.8102e-04 - mae: 0.0312
29/29 [==============================] - ETA: 0s - loss: 8.5664e-04 - mae: 0.0306
29/29 [==============================] - 1s 48ms/step - loss: 8.5664e-04 - mae: 0.0306 - val_loss: 0.0020 - val_mae: 0.0538 - lr: 2.9297e-06
Epoch 164/200

 1/29 [>.............................] - ETA: 1s - loss: 0.0020 - mae: 0.0500
 3/29 [==>...........................] - ETA: 1s - loss: 0.0022 - mae: 0.0528
 5/29 [====>.........................] - ETA: 1s - loss: 0.0016 - mae: 0.0437
 7/29 [======>.......................] - ETA: 0s - loss: 0.0013 - mae: 0.0388
 9/29 [========>.....................] - ETA: 0s - loss: 0.0011 - mae: 0.0356
11/29 [==========>...................] - ETA: 0s - loss: 9.9268e-04 - mae: 0.0332
13/29 [============>.................] - ETA: 0s - loss: 9.2251e-04 - mae: 0.0319
15/29 [==============>...............] - ETA: 0s - loss: 8.8408e-04 - mae: 0.0313
17/29 [================>.............] - ETA: 0s - loss: 9.4103e-04 - mae: 0.0326
19/29 [==================>...........] - ETA: 0s - loss: 9.1759e-04 - mae: 0.0322
21/29 [====================>.........] - ETA: 0s - loss: 9.1226e-04 - mae: 0.0324
23/29 [======================>.......] - ETA: 0s - loss: 8.8558e-04 - mae: 0.0319
25/29 [========================>.....] - ETA: 0s - loss: 8.8047e-04 - mae: 0.0318
27/29 [==========================>...] - ETA: 0s - loss: 8.3168e-04 - mae: 0.0306
29/29 [==============================] - ETA: 0s - loss: 8.0582e-04 - mae: 0.0299
29/29 [==============================] - 1s 47ms/step - loss: 8.0582e-04 - mae: 0.0299 - val_loss: 0.0020 - val_mae: 0.0538 - lr: 2.9297e-06
Epoch 165/200

 1/29 [>.............................] - ETA: 1s - loss: 0.0032 - mae: 0.0641
 3/29 [==>...........................] - ETA: 1s - loss: 0.0023 - mae: 0.0533
 5/29 [====>.........................] - ETA: 1s - loss: 0.0016 - mae: 0.0423
 7/29 [======>.......................] - ETA: 0s - loss: 0.0013 - mae: 0.0383
 9/29 [========>.....................] - ETA: 0s - loss: 0.0011 - mae: 0.0349
11/29 [==========>...................] - ETA: 0s - loss: 9.9738e-04 - mae: 0.0330
13/29 [============>.................] - ETA: 0s - loss: 9.0189e-04 - mae: 0.0315
15/29 [==============>...............] - ETA: 0s - loss: 8.3281e-04 - mae: 0.0301
17/29 [================>.............] - ETA: 0s - loss: 8.4908e-04 - mae: 0.0306
19/29 [==================>...........] - ETA: 0s - loss: 8.6764e-04 - mae: 0.0310
21/29 [====================>.........] - ETA: 0s - loss: 8.2854e-04 - mae: 0.0304
23/29 [======================>.......] - ETA: 0s - loss: 8.2495e-04 - mae: 0.0305
25/29 [========================>.....] - ETA: 0s - loss: 8.1487e-04 - mae: 0.0302
27/29 [==========================>...] - ETA: 0s - loss: 7.6882e-04 - mae: 0.0289
29/29 [==============================] - ETA: 0s - loss: 7.4670e-04 - mae: 0.0284
29/29 [==============================] - 1s 48ms/step - loss: 7.4670e-04 - mae: 0.0284 - val_loss: 0.0020 - val_mae: 0.0536 - lr: 2.9297e-06
Epoch 166/200

 1/29 [>.............................] - ETA: 1s - loss: 0.0029 - mae: 0.0563
 3/29 [==>...........................] - ETA: 1s - loss: 0.0024 - mae: 0.0519
 5/29 [====>.........................] - ETA: 1s - loss: 0.0017 - mae: 0.0424
 7/29 [======>.......................] - ETA: 0s - loss: 0.0014 - mae: 0.0386
 9/29 [========>.....................] - ETA: 0s - loss: 0.0012 - mae: 0.0355
11/29 [==========>...................] - ETA: 0s - loss: 0.0010 - mae: 0.0323
13/29 [============>.................] - ETA: 0s - loss: 9.4434e-04 - mae: 0.0310
15/29 [==============>...............] - ETA: 0s - loss: 8.8113e-04 - mae: 0.0299
17/29 [================>.............] - ETA: 0s - loss: 8.6865e-04 - mae: 0.0302
19/29 [==================>...........] - ETA: 0s - loss: 8.9106e-04 - mae: 0.0305
21/29 [====================>.........] - ETA: 0s - loss: 8.6734e-04 - mae: 0.0303
23/29 [======================>.......] - ETA: 0s - loss: 8.2573e-04 - mae: 0.0297
25/29 [========================>.....] - ETA: 0s - loss: 8.2029e-04 - mae: 0.0297
27/29 [==========================>...] - ETA: 0s - loss: 7.7754e-04 - mae: 0.0286
29/29 [==============================] - ETA: 0s - loss: 7.5572e-04 - mae: 0.0281
29/29 [==============================] - 1s 47ms/step - loss: 7.5572e-04 - mae: 0.0281 - val_loss: 0.0020 - val_mae: 0.0536 - lr: 2.9297e-06
Epoch 167/200

 1/29 [>.............................] - ETA: 1s - loss: 0.0076 - mae: 0.0853
 3/29 [==>...........................] - ETA: 1s - loss: 0.0039 - mae: 0.0600
 5/29 [====>.........................] - ETA: 1s - loss: 0.0026 - mae: 0.0481
 7/29 [======>.......................] - ETA: 0s - loss: 0.0020 - mae: 0.0410
 9/29 [========>.....................] - ETA: 0s - loss: 0.0016 - mae: 0.0362
10/29 [=========>....................] - ETA: 0s - loss: 0.0015 - mae: 0.0347
12/29 [===========>..................] - ETA: 0s - loss: 0.0013 - mae: 0.0327
14/29 [=============>................] - ETA: 0s - loss: 0.0012 - mae: 0.0314
16/29 [===============>..............] - ETA: 0s - loss: 0.0011 - mae: 0.0310
18/29 [=================>............] - ETA: 0s - loss: 0.0011 - mae: 0.0319
20/29 [===================>..........] - ETA: 0s - loss: 0.0011 - mae: 0.0315
22/29 [=====================>........] - ETA: 0s - loss: 0.0011 - mae: 0.0313
24/29 [=======================>......] - ETA: 0s - loss: 0.0010 - mae: 0.0307
26/29 [=========================>....] - ETA: 0s - loss: 9.8291e-04 - mae: 0.0303
28/29 [===========================>..] - ETA: 0s - loss: 9.2124e-04 - mae: 0.0289
29/29 [==============================] - 1s 47ms/step - loss: 9.1775e-04 - mae: 0.0288 - val_loss: 0.0020 - val_mae: 0.0536 - lr: 2.9297e-06
Epoch 168/200

 1/29 [>.............................] - ETA: 1s - loss: 0.0037 - mae: 0.0696
 3/29 [==>...........................] - ETA: 1s - loss: 0.0023 - mae: 0.0530
 5/29 [====>.........................] - ETA: 1s - loss: 0.0016 - mae: 0.0435
 7/29 [======>.......................] - ETA: 0s - loss: 0.0013 - mae: 0.0373
 9/29 [========>.....................] - ETA: 0s - loss: 0.0011 - mae: 0.0343
11/29 [==========>...................] - ETA: 0s - loss: 9.3757e-04 - mae: 0.0318
13/29 [============>.................] - ETA: 0s - loss: 8.4769e-04 - mae: 0.0302
15/29 [==============>...............] - ETA: 0s - loss: 7.9930e-04 - mae: 0.0294
17/29 [================>.............] - ETA: 0s - loss: 7.9668e-04 - mae: 0.0296
19/29 [==================>...........] - ETA: 0s - loss: 7.8699e-04 - mae: 0.0297
21/29 [====================>.........] - ETA: 0s - loss: 7.6401e-04 - mae: 0.0294
23/29 [======================>.......] - ETA: 0s - loss: 7.4583e-04 - mae: 0.0291
24/29 [=======================>......] - ETA: 0s - loss: 7.3494e-04 - mae: 0.0289
25/29 [========================>.....] - ETA: 0s - loss: 7.3814e-04 - mae: 0.0290
27/29 [==========================>...] - ETA: 0s - loss: 7.0022e-04 - mae: 0.0279
29/29 [==============================] - ETA: 0s - loss: 6.8535e-04 - mae: 0.0274
29/29 [==============================] - 1s 48ms/step - loss: 6.8535e-04 - mae: 0.0274 - val_loss: 0.0020 - val_mae: 0.0535 - lr: 2.9297e-06
Epoch 169/200

 1/29 [>.............................] - ETA: 1s - loss: 0.0025 - mae: 0.0487
 3/29 [==>...........................] - ETA: 1s - loss: 0.0024 - mae: 0.0522
 5/29 [====>.........................] - ETA: 1s - loss: 0.0019 - mae: 0.0453
 7/29 [======>.......................] - ETA: 0s - loss: 0.0016 - mae: 0.0403
 9/29 [========>.....................] - ETA: 0s - loss: 0.0013 - mae: 0.0361
11/29 [==========>...................] - ETA: 0s - loss: 0.0011 - mae: 0.0339
13/29 [============>.................] - ETA: 0s - loss: 0.0010 - mae: 0.0319
15/29 [==============>...............] - ETA: 0s - loss: 9.4650e-04 - mae: 0.0306
17/29 [================>.............] - ETA: 0s - loss: 9.5743e-04 - mae: 0.0313
19/29 [==================>...........] - ETA: 0s - loss: 9.4823e-04 - mae: 0.0313
21/29 [====================>.........] - ETA: 0s - loss: 9.4540e-04 - mae: 0.0312
23/29 [======================>.......] - ETA: 0s - loss: 8.9910e-04 - mae: 0.0304
25/29 [========================>.....] - ETA: 0s - loss: 8.9009e-04 - mae: 0.0305
27/29 [==========================>...] - ETA: 0s - loss: 8.5324e-04 - mae: 0.0295
29/29 [==============================] - ETA: 0s - loss: 8.3233e-04 - mae: 0.0291
29/29 [==============================] - 1s 47ms/step - loss: 8.3233e-04 - mae: 0.0291 - val_loss: 0.0020 - val_mae: 0.0534 - lr: 2.9297e-06
Epoch 170/200

 1/29 [>.............................] - ETA: 1s - loss: 0.0030 - mae: 0.0625
 3/29 [==>...........................] - ETA: 1s - loss: 0.0026 - mae: 0.0572
 5/29 [====>.........................] - ETA: 1s - loss: 0.0019 - mae: 0.0466
 7/29 [======>.......................] - ETA: 0s - loss: 0.0015 - mae: 0.0398
 9/29 [========>.....................] - ETA: 0s - loss: 0.0012 - mae: 0.0362
11/29 [==========>...................] - ETA: 0s - loss: 0.0010 - mae: 0.0330
13/29 [============>.................] - ETA: 0s - loss: 9.5383e-04 - mae: 0.0316
15/29 [==============>...............] - ETA: 0s - loss: 8.9457e-04 - mae: 0.0307
17/29 [================>.............] - ETA: 0s - loss: 8.9810e-04 - mae: 0.0312
19/29 [==================>...........] - ETA: 0s - loss: 8.8479e-04 - mae: 0.0311
21/29 [====================>.........] - ETA: 0s - loss: 8.7640e-04 - mae: 0.0310
23/29 [======================>.......] - ETA: 0s - loss: 8.4441e-04 - mae: 0.0306
25/29 [========================>.....] - ETA: 0s - loss: 8.3114e-04 - mae: 0.0304
27/29 [==========================>...] - ETA: 0s - loss: 7.8614e-04 - mae: 0.0291
29/29 [==============================] - ETA: 0s - loss: 7.6850e-04 - mae: 0.0287
29/29 [==============================] - 1s 48ms/step - loss: 7.6850e-04 - mae: 0.0287 - val_loss: 0.0020 - val_mae: 0.0533 - lr: 2.9297e-06
Epoch 171/200

 1/29 [>.............................] - ETA: 1s - loss: 0.0014 - mae: 0.0435
 3/29 [==>...........................] - ETA: 1s - loss: 0.0019 - mae: 0.0503
 5/29 [====>.........................] - ETA: 1s - loss: 0.0014 - mae: 0.0413
 7/29 [======>.......................] - ETA: 0s - loss: 0.0012 - mae: 0.0365
 9/29 [========>.....................] - ETA: 0s - loss: 9.9900e-04 - mae: 0.0334
11/29 [==========>...................] - ETA: 0s - loss: 8.8926e-04 - mae: 0.0312
13/29 [============>.................] - ETA: 0s - loss: 8.1706e-04 - mae: 0.0299
15/29 [==============>...............] - ETA: 0s - loss: 8.0804e-04 - mae: 0.0295
17/29 [================>.............] - ETA: 0s - loss: 8.2109e-04 - mae: 0.0298
19/29 [==================>...........] - ETA: 0s - loss: 8.2734e-04 - mae: 0.0302
21/29 [====================>.........] - ETA: 0s - loss: 8.1710e-04 - mae: 0.0300
23/29 [======================>.......] - ETA: 0s - loss: 7.8497e-04 - mae: 0.0295
25/29 [========================>.....] - ETA: 0s - loss: 7.8017e-04 - mae: 0.0294
27/29 [==========================>...] - ETA: 0s - loss: 7.3719e-04 - mae: 0.0283
29/29 [==============================] - ETA: 0s - loss: 7.1943e-04 - mae: 0.0279
Epoch 171: ReduceLROnPlateau reducing learning rate to 1.4648437627329258e-06.

29/29 [==============================] - 1s 46ms/step - loss: 7.1943e-04 - mae: 0.0279 - val_loss: 0.0020 - val_mae: 0.0532 - lr: 2.9297e-06
Epoch 172/200

 1/29 [>.............................] - ETA: 1s - loss: 0.0022 - mae: 0.0532
 3/29 [==>...........................] - ETA: 1s - loss: 0.0024 - mae: 0.0542
 5/29 [====>.........................] - ETA: 1s - loss: 0.0018 - mae: 0.0452
 7/29 [======>.......................] - ETA: 0s - loss: 0.0014 - mae: 0.0401
 9/29 [========>.....................] - ETA: 0s - loss: 0.0012 - mae: 0.0370
11/29 [==========>...................] - ETA: 0s - loss: 0.0011 - mae: 0.0344
13/29 [============>.................] - ETA: 0s - loss: 9.8292e-04 - mae: 0.0330
15/29 [==============>...............] - ETA: 0s - loss: 9.3055e-04 - mae: 0.0321
17/29 [================>.............] - ETA: 0s - loss: 9.4650e-04 - mae: 0.0325
19/29 [==================>...........] - ETA: 0s - loss: 9.3717e-04 - mae: 0.0327
21/29 [====================>.........] - ETA: 0s - loss: 9.1192e-04 - mae: 0.0324
23/29 [======================>.......] - ETA: 0s - loss: 8.7305e-04 - mae: 0.0318
25/29 [========================>.....] - ETA: 0s - loss: 8.5992e-04 - mae: 0.0316
27/29 [==========================>...] - ETA: 0s - loss: 8.1667e-04 - mae: 0.0305
29/29 [==============================] - ETA: 0s - loss: 7.9436e-04 - mae: 0.0298
29/29 [==============================] - 1s 47ms/step - loss: 7.9436e-04 - mae: 0.0298 - val_loss: 0.0020 - val_mae: 0.0533 - lr: 1.4648e-06
Epoch 173/200

 1/29 [>.............................] - ETA: 1s - loss: 0.0025 - mae: 0.0606
 3/29 [==>...........................] - ETA: 1s - loss: 0.0026 - mae: 0.0547
 5/29 [====>.........................] - ETA: 1s - loss: 0.0018 - mae: 0.0438
 7/29 [======>.......................] - ETA: 0s - loss: 0.0015 - mae: 0.0384
 9/29 [========>.....................] - ETA: 0s - loss: 0.0012 - mae: 0.0348
11/29 [==========>...................] - ETA: 0s - loss: 0.0011 - mae: 0.0323
13/29 [============>.................] - ETA: 0s - loss: 9.5925e-04 - mae: 0.0309
15/29 [==============>...............] - ETA: 0s - loss: 9.2707e-04 - mae: 0.0303
17/29 [================>.............] - ETA: 0s - loss: 9.1395e-04 - mae: 0.0305
19/29 [==================>...........] - ETA: 0s - loss: 8.8795e-04 - mae: 0.0302
21/29 [====================>.........] - ETA: 0s - loss: 8.7344e-04 - mae: 0.0302
23/29 [======================>.......] - ETA: 0s - loss: 8.3546e-04 - mae: 0.0296
25/29 [========================>.....] - ETA: 0s - loss: 8.4085e-04 - mae: 0.0299
27/29 [==========================>...] - ETA: 0s - loss: 8.1969e-04 - mae: 0.0293
29/29 [==============================] - ETA: 0s - loss: 8.0231e-04 - mae: 0.0289
29/29 [==============================] - 1s 47ms/step - loss: 8.0231e-04 - mae: 0.0289 - val_loss: 0.0020 - val_mae: 0.0532 - lr: 1.4648e-06
Epoch 174/200

 1/29 [>.............................] - ETA: 1s - loss: 0.0033 - mae: 0.0605
 3/29 [==>...........................] - ETA: 1s - loss: 0.0025 - mae: 0.0544
 5/29 [====>.........................] - ETA: 1s - loss: 0.0017 - mae: 0.0433
 7/29 [======>.......................] - ETA: 0s - loss: 0.0014 - mae: 0.0379
 9/29 [========>.....................] - ETA: 0s - loss: 0.0012 - mae: 0.0343
11/29 [==========>...................] - ETA: 0s - loss: 0.0010 - mae: 0.0320
13/29 [============>.................] - ETA: 0s - loss: 9.1873e-04 - mae: 0.0305
15/29 [==============>...............] - ETA: 0s - loss: 8.8372e-04 - mae: 0.0299
17/29 [================>.............] - ETA: 0s - loss: 9.6146e-04 - mae: 0.0313
19/29 [==================>...........] - ETA: 0s - loss: 9.6067e-04 - mae: 0.0316
21/29 [====================>.........] - ETA: 0s - loss: 9.4383e-04 - mae: 0.0316
23/29 [======================>.......] - ETA: 0s - loss: 9.0430e-04 - mae: 0.0311
25/29 [========================>.....] - ETA: 0s - loss: 8.9820e-04 - mae: 0.0313
27/29 [==========================>...] - ETA: 0s - loss: 8.4908e-04 - mae: 0.0300
29/29 [==============================] - ETA: 0s - loss: 8.3581e-04 - mae: 0.0296
29/29 [==============================] - 1s 47ms/step - loss: 8.3581e-04 - mae: 0.0296 - val_loss: 0.0020 - val_mae: 0.0534 - lr: 1.4648e-06
Epoch 175/200

 1/29 [>.............................] - ETA: 1s - loss: 0.0025 - mae: 0.0546
 3/29 [==>...........................] - ETA: 1s - loss: 0.0022 - mae: 0.0517
 5/29 [====>.........................] - ETA: 1s - loss: 0.0016 - mae: 0.0424
 7/29 [======>.......................] - ETA: 0s - loss: 0.0013 - mae: 0.0378
 9/29 [========>.....................] - ETA: 0s - loss: 0.0011 - mae: 0.0343
11/29 [==========>...................] - ETA: 0s - loss: 9.6730e-04 - mae: 0.0317
13/29 [============>.................] - ETA: 0s - loss: 8.6290e-04 - mae: 0.0298
15/29 [==============>...............] - ETA: 0s - loss: 8.3281e-04 - mae: 0.0295
17/29 [================>.............] - ETA: 0s - loss: 8.5659e-04 - mae: 0.0302
19/29 [==================>...........] - ETA: 0s - loss: 8.6959e-04 - mae: 0.0307
21/29 [====================>.........] - ETA: 0s - loss: 8.6397e-04 - mae: 0.0308
23/29 [======================>.......] - ETA: 0s - loss: 8.3380e-04 - mae: 0.0304
25/29 [========================>.....] - ETA: 0s - loss: 8.3133e-04 - mae: 0.0303
27/29 [==========================>...] - ETA: 0s - loss: 7.8734e-04 - mae: 0.0293
29/29 [==============================] - ETA: 0s - loss: 7.6791e-04 - mae: 0.0288
29/29 [==============================] - 1s 46ms/step - loss: 7.6791e-04 - mae: 0.0288 - val_loss: 0.0020 - val_mae: 0.0534 - lr: 1.4648e-06
Epoch 176/200

 1/29 [>.............................] - ETA: 1s - loss: 0.0018 - mae: 0.0486
 3/29 [==>...........................] - ETA: 1s - loss: 0.0025 - mae: 0.0554
 5/29 [====>.........................] - ETA: 1s - loss: 0.0017 - mae: 0.0435
 7/29 [======>.......................] - ETA: 0s - loss: 0.0014 - mae: 0.0383
 9/29 [========>.....................] - ETA: 0s - loss: 0.0012 - mae: 0.0346
11/29 [==========>...................] - ETA: 0s - loss: 0.0010 - mae: 0.0323
13/29 [============>.................] - ETA: 0s - loss: 9.2683e-04 - mae: 0.0307
15/29 [==============>...............] - ETA: 0s - loss: 8.7345e-04 - mae: 0.0299
17/29 [================>.............] - ETA: 0s - loss: 8.9604e-04 - mae: 0.0305
19/29 [==================>...........] - ETA: 0s - loss: 9.0049e-04 - mae: 0.0308
21/29 [====================>.........] - ETA: 0s - loss: 8.7341e-04 - mae: 0.0305
23/29 [======================>.......] - ETA: 0s - loss: 8.4478e-04 - mae: 0.0301
25/29 [========================>.....] - ETA: 0s - loss: 8.3256e-04 - mae: 0.0300
27/29 [==========================>...] - ETA: 0s - loss: 7.9427e-04 - mae: 0.0291
29/29 [==============================] - ETA: 0s - loss: 7.7286e-04 - mae: 0.0285
29/29 [==============================] - 1s 47ms/step - loss: 7.7286e-04 - mae: 0.0285 - val_loss: 0.0020 - val_mae: 0.0534 - lr: 1.4648e-06
Epoch 177/200

 1/29 [>.............................] - ETA: 1s - loss: 0.0022 - mae: 0.0546
 3/29 [==>...........................] - ETA: 1s - loss: 0.0019 - mae: 0.0507
 5/29 [====>.........................] - ETA: 1s - loss: 0.0014 - mae: 0.0407
 7/29 [======>.......................] - ETA: 1s - loss: 0.0012 - mae: 0.0377
 9/29 [========>.....................] - ETA: 0s - loss: 0.0010 - mae: 0.0342
11/29 [==========>...................] - ETA: 0s - loss: 9.1536e-04 - mae: 0.0324
13/29 [============>.................] - ETA: 0s - loss: 8.4054e-04 - mae: 0.0312
15/29 [==============>...............] - ETA: 0s - loss: 8.0705e-04 - mae: 0.0303
17/29 [================>.............] - ETA: 0s - loss: 7.9930e-04 - mae: 0.0303
19/29 [==================>...........] - ETA: 0s - loss: 7.7450e-04 - mae: 0.0299
21/29 [====================>.........] - ETA: 0s - loss: 7.6108e-04 - mae: 0.0297
23/29 [======================>.......] - ETA: 0s - loss: 7.4648e-04 - mae: 0.0296
25/29 [========================>.....] - ETA: 0s - loss: 7.4210e-04 - mae: 0.0296
27/29 [==========================>...] - ETA: 0s - loss: 7.0490e-04 - mae: 0.0284
29/29 [==============================] - ETA: 0s - loss: 6.8799e-04 - mae: 0.0279
29/29 [==============================] - 1s 48ms/step - loss: 6.8799e-04 - mae: 0.0279 - val_loss: 0.0020 - val_mae: 0.0533 - lr: 1.4648e-06
Epoch 178/200

 1/29 [>.............................] - ETA: 1s - loss: 0.0031 - mae: 0.0646
 3/29 [==>...........................] - ETA: 1s - loss: 0.0029 - mae: 0.0618
 5/29 [====>.........................] - ETA: 1s - loss: 0.0022 - mae: 0.0494
 7/29 [======>.......................] - ETA: 0s - loss: 0.0017 - mae: 0.0434
 9/29 [========>.....................] - ETA: 0s - loss: 0.0015 - mae: 0.0389
11/29 [==========>...................] - ETA: 0s - loss: 0.0013 - mae: 0.0360
13/29 [============>.................] - ETA: 0s - loss: 0.0011 - mae: 0.0338
15/29 [==============>...............] - ETA: 0s - loss: 0.0011 - mae: 0.0327
17/29 [================>.............] - ETA: 0s - loss: 0.0010 - mae: 0.0322
19/29 [==================>...........] - ETA: 0s - loss: 9.8734e-04 - mae: 0.0322
21/29 [====================>.........] - ETA: 0s - loss: 9.7614e-04 - mae: 0.0321
23/29 [======================>.......] - ETA: 0s - loss: 9.4017e-04 - mae: 0.0316
25/29 [========================>.....] - ETA: 0s - loss: 9.2050e-04 - mae: 0.0314
27/29 [==========================>...] - ETA: 0s - loss: 8.6396e-04 - mae: 0.0299
29/29 [==============================] - ETA: 0s - loss: 8.4389e-04 - mae: 0.0294
29/29 [==============================] - 1s 47ms/step - loss: 8.4389e-04 - mae: 0.0294 - val_loss: 0.0020 - val_mae: 0.0534 - lr: 1.4648e-06
Epoch 179/200

 1/29 [>.............................] - ETA: 1s - loss: 0.0024 - mae: 0.0569
 3/29 [==>...........................] - ETA: 1s - loss: 0.0027 - mae: 0.0575
 5/29 [====>.........................] - ETA: 1s - loss: 0.0019 - mae: 0.0465
 7/29 [======>.......................] - ETA: 0s - loss: 0.0015 - mae: 0.0407
 9/29 [========>.....................] - ETA: 0s - loss: 0.0013 - mae: 0.0369
11/29 [==========>...................] - ETA: 0s - loss: 0.0011 - mae: 0.0343
13/29 [============>.................] - ETA: 0s - loss: 0.0010 - mae: 0.0326
15/29 [==============>...............] - ETA: 0s - loss: 9.6038e-04 - mae: 0.0317
17/29 [================>.............] - ETA: 0s - loss: 9.5339e-04 - mae: 0.0316
19/29 [==================>...........] - ETA: 0s - loss: 9.3604e-04 - mae: 0.0315
21/29 [====================>.........] - ETA: 0s - loss: 9.0801e-04 - mae: 0.0310
23/29 [======================>.......] - ETA: 0s - loss: 8.5952e-04 - mae: 0.0303
25/29 [========================>.....] - ETA: 0s - loss: 8.5102e-04 - mae: 0.0303
27/29 [==========================>...] - ETA: 0s - loss: 7.9901e-04 - mae: 0.0290
29/29 [==============================] - ETA: 0s - loss: 7.9001e-04 - mae: 0.0287
29/29 [==============================] - 1s 46ms/step - loss: 7.9001e-04 - mae: 0.0287 - val_loss: 0.0020 - val_mae: 0.0534 - lr: 1.4648e-06
Epoch 180/200

 1/29 [>.............................] - ETA: 1s - loss: 0.0020 - mae: 0.0483
 3/29 [==>...........................] - ETA: 1s - loss: 0.0021 - mae: 0.0492
 5/29 [====>.........................] - ETA: 1s - loss: 0.0015 - mae: 0.0400
 7/29 [======>.......................] - ETA: 0s - loss: 0.0012 - mae: 0.0351
 9/29 [========>.....................] - ETA: 0s - loss: 0.0010 - mae: 0.0328
11/29 [==========>...................] - ETA: 0s - loss: 9.2082e-04 - mae: 0.0305
13/29 [============>.................] - ETA: 0s - loss: 8.3244e-04 - mae: 0.0292
15/29 [==============>...............] - ETA: 0s - loss: 8.0237e-04 - mae: 0.0288
17/29 [================>.............] - ETA: 0s - loss: 8.4117e-04 - mae: 0.0298
19/29 [==================>...........] - ETA: 0s - loss: 8.5764e-04 - mae: 0.0302
21/29 [====================>.........] - ETA: 0s - loss: 8.5902e-04 - mae: 0.0305
23/29 [======================>.......] - ETA: 0s - loss: 8.4321e-04 - mae: 0.0305
25/29 [========================>.....] - ETA: 0s - loss: 8.2834e-04 - mae: 0.0303
27/29 [==========================>...] - ETA: 0s - loss: 7.8599e-04 - mae: 0.0292
29/29 [==============================] - ETA: 0s - loss: 7.6121e-04 - mae: 0.0286
29/29 [==============================] - 1s 46ms/step - loss: 7.6121e-04 - mae: 0.0286 - val_loss: 0.0020 - val_mae: 0.0534 - lr: 1.4648e-06
Epoch 181/200

 1/29 [>.............................] - ETA: 1s - loss: 0.0038 - mae: 0.0688
 3/29 [==>...........................] - ETA: 1s - loss: 0.0031 - mae: 0.0592
 5/29 [====>.........................] - ETA: 1s - loss: 0.0021 - mae: 0.0470
 7/29 [======>.......................] - ETA: 0s - loss: 0.0017 - mae: 0.0408
 9/29 [========>.....................] - ETA: 0s - loss: 0.0014 - mae: 0.0367
11/29 [==========>...................] - ETA: 0s - loss: 0.0012 - mae: 0.0336
13/29 [============>.................] - ETA: 0s - loss: 0.0011 - mae: 0.0319
15/29 [==============>...............] - ETA: 0s - loss: 0.0010 - mae: 0.0313
17/29 [================>.............] - ETA: 0s - loss: 9.9028e-04 - mae: 0.0313
19/29 [==================>...........] - ETA: 0s - loss: 9.4255e-04 - mae: 0.0308
21/29 [====================>.........] - ETA: 0s - loss: 9.2205e-04 - mae: 0.0308
23/29 [======================>.......] - ETA: 0s - loss: 8.8043e-04 - mae: 0.0302
25/29 [========================>.....] - ETA: 0s - loss: 8.8280e-04 - mae: 0.0304
27/29 [==========================>...] - ETA: 0s - loss: 8.3807e-04 - mae: 0.0293
29/29 [==============================] - ETA: 0s - loss: 8.1700e-04 - mae: 0.0288
29/29 [==============================] - 1s 47ms/step - loss: 8.1700e-04 - mae: 0.0288 - val_loss: 0.0020 - val_mae: 0.0533 - lr: 1.4648e-06
Epoch 182/200

 1/29 [>.............................] - ETA: 1s - loss: 0.0015 - mae: 0.0414
 3/29 [==>...........................] - ETA: 1s - loss: 0.0015 - mae: 0.0429
 5/29 [====>.........................] - ETA: 1s - loss: 0.0011 - mae: 0.0362
 7/29 [======>.......................] - ETA: 0s - loss: 9.6322e-04 - mae: 0.0338
 9/29 [========>.....................] - ETA: 0s - loss: 8.3255e-04 - mae: 0.0315
11/29 [==========>...................] - ETA: 0s - loss: 7.5672e-04 - mae: 0.0295
13/29 [============>.................] - ETA: 0s - loss: 6.8066e-04 - mae: 0.0280
15/29 [==============>...............] - ETA: 0s - loss: 6.4454e-04 - mae: 0.0270
17/29 [================>.............] - ETA: 0s - loss: 6.6178e-04 - mae: 0.0276
19/29 [==================>...........] - ETA: 0s - loss: 6.7762e-04 - mae: 0.0281
21/29 [====================>.........] - ETA: 0s - loss: 6.7009e-04 - mae: 0.0281
23/29 [======================>.......] - ETA: 0s - loss: 6.4601e-04 - mae: 0.0275
25/29 [========================>.....] - ETA: 0s - loss: 6.7050e-04 - mae: 0.0280
27/29 [==========================>...] - ETA: 0s - loss: 6.4828e-04 - mae: 0.0273
29/29 [==============================] - ETA: 0s - loss: 6.2940e-04 - mae: 0.0268
29/29 [==============================] - 1s 47ms/step - loss: 6.2940e-04 - mae: 0.0268 - val_loss: 0.0020 - val_mae: 0.0532 - lr: 1.4648e-06
Epoch 183/200

 1/29 [>.............................] - ETA: 1s - loss: 0.0029 - mae: 0.0568
 3/29 [==>...........................] - ETA: 1s - loss: 0.0023 - mae: 0.0530
 5/29 [====>.........................] - ETA: 1s - loss: 0.0016 - mae: 0.0423
 7/29 [======>.......................] - ETA: 0s - loss: 0.0013 - mae: 0.0376
 9/29 [========>.....................] - ETA: 0s - loss: 0.0011 - mae: 0.0343
11/29 [==========>...................] - ETA: 0s - loss: 9.9001e-04 - mae: 0.0320
13/29 [============>.................] - ETA: 0s - loss: 8.9336e-04 - mae: 0.0303
15/29 [==============>...............] - ETA: 0s - loss: 8.9311e-04 - mae: 0.0304
17/29 [================>.............] - ETA: 0s - loss: 9.2661e-04 - mae: 0.0314
18/29 [=================>............] - ETA: 0s - loss: 9.2165e-04 - mae: 0.0315
20/29 [===================>..........] - ETA: 0s - loss: 8.7823e-04 - mae: 0.0308
22/29 [=====================>........] - ETA: 0s - loss: 8.7095e-04 - mae: 0.0310
24/29 [=======================>......] - ETA: 0s - loss: 8.4121e-04 - mae: 0.0304
26/29 [=========================>....] - ETA: 0s - loss: 8.1918e-04 - mae: 0.0298
28/29 [===========================>..] - ETA: 0s - loss: 7.6826e-04 - mae: 0.0285
29/29 [==============================] - 1s 47ms/step - loss: 7.6528e-04 - mae: 0.0284 - val_loss: 0.0020 - val_mae: 0.0532 - lr: 1.4648e-06
Epoch 184/200

 1/29 [>.............................] - ETA: 1s - loss: 0.0051 - mae: 0.0729
 3/29 [==>...........................] - ETA: 1s - loss: 0.0029 - mae: 0.0559
 5/29 [====>.........................] - ETA: 1s - loss: 0.0020 - mae: 0.0449
 7/29 [======>.......................] - ETA: 1s - loss: 0.0015 - mae: 0.0386
 9/29 [========>.....................] - ETA: 0s - loss: 0.0013 - mae: 0.0346
11/29 [==========>...................] - ETA: 0s - loss: 0.0011 - mae: 0.0318
13/29 [============>.................] - ETA: 0s - loss: 9.9829e-04 - mae: 0.0306
15/29 [==============>...............] - ETA: 0s - loss: 9.5032e-04 - mae: 0.0300
17/29 [================>.............] - ETA: 0s - loss: 9.4778e-04 - mae: 0.0305
19/29 [==================>...........] - ETA: 0s - loss: 9.2644e-04 - mae: 0.0306
21/29 [====================>.........] - ETA: 0s - loss: 9.1396e-04 - mae: 0.0306
23/29 [======================>.......] - ETA: 0s - loss: 8.8229e-04 - mae: 0.0303
25/29 [========================>.....] - ETA: 0s - loss: 8.8420e-04 - mae: 0.0304
27/29 [==========================>...] - ETA: 0s - loss: 8.4361e-04 - mae: 0.0293
29/29 [==============================] - ETA: 0s - loss: 8.1831e-04 - mae: 0.0287
29/29 [==============================] - 1s 47ms/step - loss: 8.1831e-04 - mae: 0.0287 - val_loss: 0.0020 - val_mae: 0.0533 - lr: 1.4648e-06
Epoch 185/200

 1/29 [>.............................] - ETA: 1s - loss: 0.0038 - mae: 0.0667
 3/29 [==>...........................] - ETA: 1s - loss: 0.0040 - mae: 0.0610
 5/29 [====>.........................] - ETA: 1s - loss: 0.0027 - mae: 0.0500
 7/29 [======>.......................] - ETA: 0s - loss: 0.0021 - mae: 0.0426
 9/29 [========>.....................] - ETA: 0s - loss: 0.0017 - mae: 0.0385
11/29 [==========>...................] - ETA: 0s - loss: 0.0015 - mae: 0.0357
13/29 [============>.................] - ETA: 0s - loss: 0.0013 - mae: 0.0336
15/29 [==============>...............] - ETA: 0s - loss: 0.0012 - mae: 0.0325
17/29 [================>.............] - ETA: 0s - loss: 0.0012 - mae: 0.0331
19/29 [==================>...........] - ETA: 0s - loss: 0.0012 - mae: 0.0333
21/29 [====================>.........] - ETA: 0s - loss: 0.0011 - mae: 0.0329
23/29 [======================>.......] - ETA: 0s - loss: 0.0011 - mae: 0.0324
25/29 [========================>.....] - ETA: 0s - loss: 0.0011 - mae: 0.0324
27/29 [==========================>...] - ETA: 0s - loss: 0.0010 - mae: 0.0309
29/29 [==============================] - ETA: 0s - loss: 9.7654e-04 - mae: 0.0303
29/29 [==============================] - 1s 48ms/step - loss: 9.7654e-04 - mae: 0.0303 - val_loss: 0.0020 - val_mae: 0.0533 - lr: 1.4648e-06
Epoch 186/200

 1/29 [>.............................] - ETA: 1s - loss: 0.0028 - mae: 0.0579
 3/29 [==>...........................] - ETA: 1s - loss: 0.0027 - mae: 0.0568
 5/29 [====>.........................] - ETA: 1s - loss: 0.0020 - mae: 0.0471
 7/29 [======>.......................] - ETA: 0s - loss: 0.0016 - mae: 0.0411
 9/29 [========>.....................] - ETA: 0s - loss: 0.0013 - mae: 0.0374
11/29 [==========>...................] - ETA: 0s - loss: 0.0011 - mae: 0.0342
13/29 [============>.................] - ETA: 0s - loss: 0.0010 - mae: 0.0323
15/29 [==============>...............] - ETA: 0s - loss: 9.5594e-04 - mae: 0.0311
17/29 [================>.............] - ETA: 0s - loss: 9.6044e-04 - mae: 0.0313
19/29 [==================>...........] - ETA: 0s - loss: 9.2513e-04 - mae: 0.0308
21/29 [====================>.........] - ETA: 0s - loss: 8.9944e-04 - mae: 0.0303
23/29 [======================>.......] - ETA: 0s - loss: 8.7476e-04 - mae: 0.0301
25/29 [========================>.....] - ETA: 0s - loss: 8.6270e-04 - mae: 0.0301
27/29 [==========================>...] - ETA: 0s - loss: 8.1879e-04 - mae: 0.0290
29/29 [==============================] - ETA: 0s - loss: 7.9286e-04 - mae: 0.0284
Epoch 186: ReduceLROnPlateau reducing learning rate to 7.324218813664629e-07.

29/29 [==============================] - 1s 47ms/step - loss: 7.9286e-04 - mae: 0.0284 - val_loss: 0.0020 - val_mae: 0.0534 - lr: 1.4648e-06
Epoch 187/200

 1/29 [>.............................] - ETA: 1s - loss: 0.0032 - mae: 0.0671
 3/29 [==>...........................] - ETA: 1s - loss: 0.0021 - mae: 0.0521
 5/29 [====>.........................] - ETA: 1s - loss: 0.0015 - mae: 0.0416
 7/29 [======>.......................] - ETA: 0s - loss: 0.0011 - mae: 0.0354
 9/29 [========>.....................] - ETA: 0s - loss: 9.6700e-04 - mae: 0.0322
11/29 [==========>...................] - ETA: 0s - loss: 8.6429e-04 - mae: 0.0304
13/29 [============>.................] - ETA: 0s - loss: 8.0650e-04 - mae: 0.0296
15/29 [==============>...............] - ETA: 0s - loss: 7.9137e-04 - mae: 0.0295
17/29 [================>.............] - ETA: 0s - loss: 7.8680e-04 - mae: 0.0295
19/29 [==================>...........] - ETA: 0s - loss: 7.9794e-04 - mae: 0.0301
21/29 [====================>.........] - ETA: 0s - loss: 7.7630e-04 - mae: 0.0297
23/29 [======================>.......] - ETA: 0s - loss: 7.5930e-04 - mae: 0.0296
25/29 [========================>.....] - ETA: 0s - loss: 7.6753e-04 - mae: 0.0297
26/29 [=========================>....] - ETA: 0s - loss: 7.4353e-04 - mae: 0.0291
28/29 [===========================>..] - ETA: 0s - loss: 7.0307e-04 - mae: 0.0280
29/29 [==============================] - 1s 47ms/step - loss: 7.0181e-04 - mae: 0.0279 - val_loss: 0.0020 - val_mae: 0.0534 - lr: 7.3242e-07
Epoch 188/200

 1/29 [>.............................] - ETA: 1s - loss: 0.0024 - mae: 0.0546
 3/29 [==>...........................] - ETA: 1s - loss: 0.0019 - mae: 0.0498
 5/29 [====>.........................] - ETA: 1s - loss: 0.0015 - mae: 0.0413
 7/29 [======>.......................] - ETA: 0s - loss: 0.0012 - mae: 0.0364
 9/29 [========>.....................] - ETA: 0s - loss: 0.0010 - mae: 0.0337
11/29 [==========>...................] - ETA: 0s - loss: 8.9939e-04 - mae: 0.0315
13/29 [============>.................] - ETA: 0s - loss: 8.1413e-04 - mae: 0.0301
15/29 [==============>...............] - ETA: 0s - loss: 8.0790e-04 - mae: 0.0299
17/29 [================>.............] - ETA: 0s - loss: 8.3221e-04 - mae: 0.0304
19/29 [==================>...........] - ETA: 0s - loss: 8.5231e-04 - mae: 0.0308
21/29 [====================>.........] - ETA: 0s - loss: 8.2051e-04 - mae: 0.0304
23/29 [======================>.......] - ETA: 0s - loss: 7.9582e-04 - mae: 0.0300
25/29 [========================>.....] - ETA: 0s - loss: 7.8372e-04 - mae: 0.0297
27/29 [==========================>...] - ETA: 0s - loss: 7.4583e-04 - mae: 0.0286
29/29 [==============================] - ETA: 0s - loss: 7.2988e-04 - mae: 0.0282
29/29 [==============================] - 1s 47ms/step - loss: 7.2988e-04 - mae: 0.0282 - val_loss: 0.0020 - val_mae: 0.0534 - lr: 7.3242e-07
Epoch 189/200

 1/29 [>.............................] - ETA: 1s - loss: 0.0018 - mae: 0.0439
 3/29 [==>...........................] - ETA: 1s - loss: 0.0019 - mae: 0.0484
 5/29 [====>.........................] - ETA: 1s - loss: 0.0014 - mae: 0.0405
 7/29 [======>.......................] - ETA: 0s - loss: 0.0011 - mae: 0.0355
 9/29 [========>.....................] - ETA: 0s - loss: 9.8618e-04 - mae: 0.0326
11/29 [==========>...................] - ETA: 0s - loss: 8.6532e-04 - mae: 0.0305
13/29 [============>.................] - ETA: 0s - loss: 7.9373e-04 - mae: 0.0296
15/29 [==============>...............] - ETA: 0s - loss: 7.4824e-04 - mae: 0.0288
17/29 [================>.............] - ETA: 0s - loss: 8.2632e-04 - mae: 0.0300
19/29 [==================>...........] - ETA: 0s - loss: 8.3049e-04 - mae: 0.0302
21/29 [====================>.........] - ETA: 0s - loss: 8.1938e-04 - mae: 0.0301
23/29 [======================>.......] - ETA: 0s - loss: 8.0730e-04 - mae: 0.0299
25/29 [========================>.....] - ETA: 0s - loss: 8.0418e-04 - mae: 0.0299
27/29 [==========================>...] - ETA: 0s - loss: 7.6257e-04 - mae: 0.0288
29/29 [==============================] - ETA: 0s - loss: 7.3587e-04 - mae: 0.0280
29/29 [==============================] - 1s 47ms/step - loss: 7.3587e-04 - mae: 0.0280 - val_loss: 0.0020 - val_mae: 0.0534 - lr: 7.3242e-07
Epoch 190/200

 1/29 [>.............................] - ETA: 1s - loss: 0.0016 - mae: 0.0477
 3/29 [==>...........................] - ETA: 1s - loss: 0.0016 - mae: 0.0468
 5/29 [====>.........................] - ETA: 1s - loss: 0.0013 - mae: 0.0421
 7/29 [======>.......................] - ETA: 0s - loss: 0.0011 - mae: 0.0370
 9/29 [========>.....................] - ETA: 0s - loss: 9.3355e-04 - mae: 0.0338
11/29 [==========>...................] - ETA: 0s - loss: 8.4029e-04 - mae: 0.0317
13/29 [============>.................] - ETA: 0s - loss: 7.6281e-04 - mae: 0.0302
15/29 [==============>...............] - ETA: 0s - loss: 7.4180e-04 - mae: 0.0293
17/29 [================>.............] - ETA: 0s - loss: 7.7515e-04 - mae: 0.0298
19/29 [==================>...........] - ETA: 0s - loss: 7.5457e-04 - mae: 0.0295
21/29 [====================>.........] - ETA: 0s - loss: 7.4775e-04 - mae: 0.0294
23/29 [======================>.......] - ETA: 0s - loss: 7.2605e-04 - mae: 0.0291
25/29 [========================>.....] - ETA: 0s - loss: 7.2945e-04 - mae: 0.0293
27/29 [==========================>...] - ETA: 0s - loss: 6.9270e-04 - mae: 0.0282
29/29 [==============================] - ETA: 0s - loss: 6.8125e-04 - mae: 0.0279
29/29 [==============================] - 1s 47ms/step - loss: 6.8125e-04 - mae: 0.0279 - val_loss: 0.0020 - val_mae: 0.0534 - lr: 7.3242e-07
Epoch 191/200

 1/29 [>.............................] - ETA: 1s - loss: 0.0024 - mae: 0.0556
 3/29 [==>...........................] - ETA: 1s - loss: 0.0023 - mae: 0.0527
 5/29 [====>.........................] - ETA: 1s - loss: 0.0016 - mae: 0.0416
 7/29 [======>.......................] - ETA: 1s - loss: 0.0013 - mae: 0.0371
 9/29 [========>.....................] - ETA: 0s - loss: 0.0011 - mae: 0.0340
11/29 [==========>...................] - ETA: 0s - loss: 0.0010 - mae: 0.0319
13/29 [============>.................] - ETA: 0s - loss: 9.0255e-04 - mae: 0.0303
15/29 [==============>...............] - ETA: 0s - loss: 8.6227e-04 - mae: 0.0297
17/29 [================>.............] - ETA: 0s - loss: 8.6131e-04 - mae: 0.0299
19/29 [==================>...........] - ETA: 0s - loss: 8.5110e-04 - mae: 0.0300
21/29 [====================>.........] - ETA: 0s - loss: 8.3615e-04 - mae: 0.0301
23/29 [======================>.......] - ETA: 0s - loss: 8.2774e-04 - mae: 0.0301
25/29 [========================>.....] - ETA: 0s - loss: 8.0670e-04 - mae: 0.0297
27/29 [==========================>...] - ETA: 0s - loss: 7.6347e-04 - mae: 0.0286
29/29 [==============================] - ETA: 0s - loss: 7.4633e-04 - mae: 0.0281
29/29 [==============================] - 1s 48ms/step - loss: 7.4633e-04 - mae: 0.0281 - val_loss: 0.0020 - val_mae: 0.0534 - lr: 7.3242e-07
Epoch 192/200

 1/29 [>.............................] - ETA: 1s - loss: 0.0031 - mae: 0.0620
 3/29 [==>...........................] - ETA: 1s - loss: 0.0022 - mae: 0.0529
 5/29 [====>.........................] - ETA: 1s - loss: 0.0016 - mae: 0.0442
 7/29 [======>.......................] - ETA: 0s - loss: 0.0013 - mae: 0.0392
 9/29 [========>.....................] - ETA: 0s - loss: 0.0012 - mae: 0.0364
11/29 [==========>...................] - ETA: 0s - loss: 0.0010 - mae: 0.0332
13/29 [============>.................] - ETA: 0s - loss: 9.0968e-04 - mae: 0.0315
15/29 [==============>...............] - ETA: 0s - loss: 8.7667e-04 - mae: 0.0312
17/29 [================>.............] - ETA: 0s - loss: 9.4619e-04 - mae: 0.0325
19/29 [==================>...........] - ETA: 0s - loss: 9.1287e-04 - mae: 0.0322
21/29 [====================>.........] - ETA: 0s - loss: 9.2617e-04 - mae: 0.0325
23/29 [======================>.......] - ETA: 0s - loss: 8.8587e-04 - mae: 0.0316
25/29 [========================>.....] - ETA: 0s - loss: 8.7897e-04 - mae: 0.0316
27/29 [==========================>...] - ETA: 0s - loss: 8.3408e-04 - mae: 0.0305
29/29 [==============================] - ETA: 0s - loss: 8.0787e-04 - mae: 0.0298
29/29 [==============================] - 1s 47ms/step - loss: 8.0787e-04 - mae: 0.0298 - val_loss: 0.0020 - val_mae: 0.0534 - lr: 7.3242e-07
Epoch 193/200

 1/29 [>.............................] - ETA: 1s - loss: 0.0043 - mae: 0.0722
 3/29 [==>...........................] - ETA: 1s - loss: 0.0028 - mae: 0.0590
 5/29 [====>.........................] - ETA: 1s - loss: 0.0019 - mae: 0.0458
 7/29 [======>.......................] - ETA: 0s - loss: 0.0015 - mae: 0.0400
 9/29 [========>.....................] - ETA: 0s - loss: 0.0013 - mae: 0.0366
11/29 [==========>...................] - ETA: 0s - loss: 0.0011 - mae: 0.0332
13/29 [============>.................] - ETA: 0s - loss: 9.7800e-04 - mae: 0.0316
15/29 [==============>...............] - ETA: 0s - loss: 9.0048e-04 - mae: 0.0303
17/29 [================>.............] - ETA: 0s - loss: 8.6487e-04 - mae: 0.0300
19/29 [==================>...........] - ETA: 0s - loss: 9.1670e-04 - mae: 0.0309
21/29 [====================>.........] - ETA: 0s - loss: 8.8520e-04 - mae: 0.0303
23/29 [======================>.......] - ETA: 0s - loss: 8.6339e-04 - mae: 0.0303
25/29 [========================>.....] - ETA: 0s - loss: 8.6700e-04 - mae: 0.0305
27/29 [==========================>...] - ETA: 0s - loss: 8.1918e-04 - mae: 0.0293
29/29 [==============================] - ETA: 0s - loss: 7.9507e-04 - mae: 0.0287
29/29 [==============================] - 1s 48ms/step - loss: 7.9507e-04 - mae: 0.0287 - val_loss: 0.0020 - val_mae: 0.0533 - lr: 7.3242e-07
Epoch 194/200

 1/29 [>.............................] - ETA: 1s - loss: 0.0048 - mae: 0.0652
 3/29 [==>...........................] - ETA: 1s - loss: 0.0031 - mae: 0.0570
 5/29 [====>.........................] - ETA: 1s - loss: 0.0022 - mae: 0.0477
 7/29 [======>.......................] - ETA: 0s - loss: 0.0017 - mae: 0.0413
 9/29 [========>.....................] - ETA: 0s - loss: 0.0014 - mae: 0.0378
10/29 [=========>....................] - ETA: 0s - loss: 0.0013 - mae: 0.0356
12/29 [===========>..................] - ETA: 0s - loss: 0.0012 - mae: 0.0333
14/29 [=============>................] - ETA: 0s - loss: 0.0011 - mae: 0.0315
16/29 [===============>..............] - ETA: 0s - loss: 0.0010 - mae: 0.0312
18/29 [=================>............] - ETA: 0s - loss: 0.0010 - mae: 0.0313
20/29 [===================>..........] - ETA: 0s - loss: 9.9017e-04 - mae: 0.0309
22/29 [=====================>........] - ETA: 0s - loss: 9.6048e-04 - mae: 0.0308
24/29 [=======================>......] - ETA: 0s - loss: 9.2989e-04 - mae: 0.0305
26/29 [=========================>....] - ETA: 0s - loss: 9.1859e-04 - mae: 0.0302
28/29 [===========================>..] - ETA: 0s - loss: 8.6830e-04 - mae: 0.0291
29/29 [==============================] - 1s 47ms/step - loss: 8.6504e-04 - mae: 0.0290 - val_loss: 0.0020 - val_mae: 0.0533 - lr: 7.3242e-07
Epoch 195/200

 1/29 [>.............................] - ETA: 1s - loss: 0.0029 - mae: 0.0625
 3/29 [==>...........................] - ETA: 1s - loss: 0.0022 - mae: 0.0536
 5/29 [====>.........................] - ETA: 1s - loss: 0.0016 - mae: 0.0428
 7/29 [======>.......................] - ETA: 0s - loss: 0.0013 - mae: 0.0386
 9/29 [========>.....................] - ETA: 0s - loss: 0.0011 - mae: 0.0350
11/29 [==========>...................] - ETA: 0s - loss: 9.8105e-04 - mae: 0.0321
13/29 [============>.................] - ETA: 0s - loss: 8.7895e-04 - mae: 0.0304
15/29 [==============>...............] - ETA: 0s - loss: 8.5779e-04 - mae: 0.0301
17/29 [================>.............] - ETA: 0s - loss: 9.0515e-04 - mae: 0.0311
19/29 [==================>...........] - ETA: 0s - loss: 8.8110e-04 - mae: 0.0311
21/29 [====================>.........] - ETA: 0s - loss: 8.8002e-04 - mae: 0.0312
23/29 [======================>.......] - ETA: 0s - loss: 8.4593e-04 - mae: 0.0307
25/29 [========================>.....] - ETA: 0s - loss: 8.3564e-04 - mae: 0.0305
27/29 [==========================>...] - ETA: 0s - loss: 7.9605e-04 - mae: 0.0295
29/29 [==============================] - ETA: 0s - loss: 7.7290e-04 - mae: 0.0289
29/29 [==============================] - 1s 46ms/step - loss: 7.7290e-04 - mae: 0.0289 - val_loss: 0.0020 - val_mae: 0.0533 - lr: 7.3242e-07
Epoch 196/200

 1/29 [>.............................] - ETA: 1s - loss: 0.0025 - mae: 0.0602
 3/29 [==>...........................] - ETA: 1s - loss: 0.0024 - mae: 0.0553
 5/29 [====>.........................] - ETA: 1s - loss: 0.0016 - mae: 0.0422
 7/29 [======>.......................] - ETA: 0s - loss: 0.0013 - mae: 0.0376
 9/29 [========>.....................] - ETA: 0s - loss: 0.0011 - mae: 0.0341
11/29 [==========>...................] - ETA: 0s - loss: 0.0010 - mae: 0.0324
13/29 [============>.................] - ETA: 0s - loss: 9.0227e-04 - mae: 0.0306
15/29 [==============>...............] - ETA: 0s - loss: 8.6722e-04 - mae: 0.0298
17/29 [================>.............] - ETA: 0s - loss: 9.0078e-04 - mae: 0.0305
19/29 [==================>...........] - ETA: 0s - loss: 9.3061e-04 - mae: 0.0312
21/29 [====================>.........] - ETA: 0s - loss: 9.0398e-04 - mae: 0.0309
23/29 [======================>.......] - ETA: 0s - loss: 8.7363e-04 - mae: 0.0304
25/29 [========================>.....] - ETA: 0s - loss: 8.6196e-04 - mae: 0.0305
27/29 [==========================>...] - ETA: 0s - loss: 8.1701e-04 - mae: 0.0293
29/29 [==============================] - ETA: 0s - loss: 7.9216e-04 - mae: 0.0287
29/29 [==============================] - 1s 47ms/step - loss: 7.9216e-04 - mae: 0.0287 - val_loss: 0.0020 - val_mae: 0.0533 - lr: 7.3242e-07
Epoch 197/200

 1/29 [>.............................] - ETA: 1s - loss: 0.0013 - mae: 0.0400
 3/29 [==>...........................] - ETA: 1s - loss: 0.0017 - mae: 0.0456
 5/29 [====>.........................] - ETA: 1s - loss: 0.0014 - mae: 0.0397
 7/29 [======>.......................] - ETA: 0s - loss: 0.0011 - mae: 0.0356
 9/29 [========>.....................] - ETA: 0s - loss: 0.0010 - mae: 0.0336
11/29 [==========>...................] - ETA: 0s - loss: 8.9518e-04 - mae: 0.0315
13/29 [============>.................] - ETA: 0s - loss: 8.0465e-04 - mae: 0.0299
15/29 [==============>...............] - ETA: 0s - loss: 7.8952e-04 - mae: 0.0292
17/29 [================>.............] - ETA: 0s - loss: 7.9588e-04 - mae: 0.0295
19/29 [==================>...........] - ETA: 0s - loss: 8.1032e-04 - mae: 0.0299
21/29 [====================>.........] - ETA: 0s - loss: 7.8431e-04 - mae: 0.0297
23/29 [======================>.......] - ETA: 0s - loss: 7.5826e-04 - mae: 0.0293
25/29 [========================>.....] - ETA: 0s - loss: 7.6837e-04 - mae: 0.0296
27/29 [==========================>...] - ETA: 0s - loss: 7.2254e-04 - mae: 0.0283
29/29 [==============================] - ETA: 0s - loss: 7.0014e-04 - mae: 0.0277
29/29 [==============================] - 1s 48ms/step - loss: 7.0014e-04 - mae: 0.0277 - val_loss: 0.0020 - val_mae: 0.0533 - lr: 7.3242e-07
Epoch 198/200

 1/29 [>.............................] - ETA: 1s - loss: 0.0023 - mae: 0.0525
 3/29 [==>...........................] - ETA: 1s - loss: 0.0021 - mae: 0.0479
 5/29 [====>.........................] - ETA: 1s - loss: 0.0016 - mae: 0.0403
 7/29 [======>.......................] - ETA: 0s - loss: 0.0013 - mae: 0.0369
 9/29 [========>.....................] - ETA: 0s - loss: 0.0011 - mae: 0.0342
11/29 [==========>...................] - ETA: 0s - loss: 9.9775e-04 - mae: 0.0322
13/29 [============>.................] - ETA: 0s - loss: 9.0458e-04 - mae: 0.0309
15/29 [==============>...............] - ETA: 0s - loss: 9.6414e-04 - mae: 0.0319
17/29 [================>.............] - ETA: 0s - loss: 9.5086e-04 - mae: 0.0319
19/29 [==================>...........] - ETA: 0s - loss: 9.5258e-04 - mae: 0.0319
21/29 [====================>.........] - ETA: 0s - loss: 9.3213e-04 - mae: 0.0319
23/29 [======================>.......] - ETA: 0s - loss: 9.0129e-04 - mae: 0.0316
25/29 [========================>.....] - ETA: 0s - loss: 8.9987e-04 - mae: 0.0316
27/29 [==========================>...] - ETA: 0s - loss: 8.6510e-04 - mae: 0.0306
29/29 [==============================] - ETA: 0s - loss: 8.4896e-04 - mae: 0.0302
29/29 [==============================] - 1s 47ms/step - loss: 8.4896e-04 - mae: 0.0302 - val_loss: 0.0020 - val_mae: 0.0533 - lr: 7.3242e-07
Epoch 199/200

 1/29 [>.............................] - ETA: 1s - loss: 0.0026 - mae: 0.0602
 3/29 [==>...........................] - ETA: 1s - loss: 0.0023 - mae: 0.0541
 5/29 [====>.........................] - ETA: 1s - loss: 0.0016 - mae: 0.0432
 7/29 [======>.......................] - ETA: 0s - loss: 0.0014 - mae: 0.0387
 9/29 [========>.....................] - ETA: 0s - loss: 0.0012 - mae: 0.0352
11/29 [==========>...................] - ETA: 0s - loss: 0.0010 - mae: 0.0327
13/29 [============>.................] - ETA: 0s - loss: 9.0857e-04 - mae: 0.0308
15/29 [==============>...............] - ETA: 0s - loss: 8.7778e-04 - mae: 0.0304
16/29 [===============>..............] - ETA: 0s - loss: 8.7166e-04 - mae: 0.0303
18/29 [=================>............] - ETA: 0s - loss: 9.0730e-04 - mae: 0.0313
20/29 [===================>..........] - ETA: 0s - loss: 8.8084e-04 - mae: 0.0311
22/29 [=====================>........] - ETA: 0s - loss: 8.6116e-04 - mae: 0.0311
24/29 [=======================>......] - ETA: 0s - loss: 8.3098e-04 - mae: 0.0308
26/29 [=========================>....] - ETA: 0s - loss: 8.1345e-04 - mae: 0.0302
28/29 [===========================>..] - ETA: 0s - loss: 7.6658e-04 - mae: 0.0290
29/29 [==============================] - 1s 49ms/step - loss: 7.6392e-04 - mae: 0.0289 - val_loss: 0.0020 - val_mae: 0.0534 - lr: 7.3242e-07
Epoch 200/200

 1/29 [>.............................] - ETA: 1s - loss: 0.0031 - mae: 0.0621
 3/29 [==>...........................] - ETA: 1s - loss: 0.0023 - mae: 0.0534
 5/29 [====>.........................] - ETA: 1s - loss: 0.0017 - mae: 0.0438
 7/29 [======>.......................] - ETA: 0s - loss: 0.0014 - mae: 0.0400
 9/29 [========>.....................] - ETA: 0s - loss: 0.0012 - mae: 0.0363
11/29 [==========>...................] - ETA: 0s - loss: 0.0011 - mae: 0.0339
13/29 [============>.................] - ETA: 0s - loss: 9.6824e-04 - mae: 0.0325
15/29 [==============>...............] - ETA: 0s - loss: 9.0648e-04 - mae: 0.0316
17/29 [================>.............] - ETA: 0s - loss: 8.9726e-04 - mae: 0.0318
19/29 [==================>...........] - ETA: 0s - loss: 8.8528e-04 - mae: 0.0316
21/29 [====================>.........] - ETA: 0s - loss: 8.7291e-04 - mae: 0.0315
23/29 [======================>.......] - ETA: 0s - loss: 8.3811e-04 - mae: 0.0310
25/29 [========================>.....] - ETA: 0s - loss: 8.3361e-04 - mae: 0.0311
27/29 [==========================>...] - ETA: 0s - loss: 7.8956e-04 - mae: 0.0299
28/29 [===========================>..] - ETA: 0s - loss: 7.7549e-04 - mae: 0.0295
29/29 [==============================] - 1s 48ms/step - loss: 7.7268e-04 - mae: 0.0295 - val_loss: 0.0020 - val_mae: 0.0534 - lr: 7.3242e-07

 1/13 [=>............................] - ETA: 6s
 6/13 [============>.................] - ETA: 0s
11/13 [========================>.....] - ETA: 0s
13/13 [==============================] - 1s 11ms/step

GRU 评估 (价格):
  MAE: 10.8200
  RMSE: 11.1705
  MAPE: 14.96%
  R2: -4.3872

方向预测准确率: 0.5066

Baseline(随机游走 P_t) R2: 0.8933
  [未达标] 模型 R2=-4.3872 < 0.8，建议：增大 RF Top-N、增加训练 epoch 或检查数据
✅ oil_pred.csv 已生成

已保存对齐后的预测结果到 C:\Users\12725\Desktop\大宗绿测_基于油价因子的绿色金融产品预测与风险分析 - 副本\技术文档\源代码\web_runs\run_20260413_155012_top15\prediction_results.csv，样本数=395

每日预测 vs 真实值（最后 15 行）：
      Date    Actual      Pred     Error  AbsError
2025-11-11 72.720001 81.567131  8.847130  8.847130
2025-11-13 69.849998 81.685173 11.835175 11.835175
2025-11-14 71.379997 80.937286  9.557289  9.557289
2025-11-17 71.300003 80.669083  9.369080  9.369080
2025-11-18 72.500000 81.296371  8.796371  8.796371
2025-11-19 70.879997 82.012497 11.132500 11.132500
2025-11-20 70.150002 81.865135 11.715134 11.715134
2025-11-21 69.300003 81.369667 12.069664 12.069664
2025-11-24 70.419998 80.709808 10.289810 10.289810
2025-11-25 69.250000 80.400681 11.150681 11.150681
2025-11-26 70.040001 80.210548 10.170547 10.170547
2025-11-27 70.040001 79.851303  9.811302  9.811302
2025-12-29 69.610001 79.646866 10.036865 10.036865
2025-12-30 69.739998 77.653145  7.913147  7.913147
2025-12-31 69.739998 77.767387  8.027390  8.027390

已保存每日汇总表到 C:\Users\12725\Desktop\大宗绿测_基于油价因子的绿色金融产品预测与风险分析 - 副本\技术文档\源代码\web_runs\run_20260413_155012_top15\daily_predictions_vs_actual.csv

=== 附加分析：驱动因子 / 风险信号 / 回测 / 报告 ===
已保存驱动因子分析表到 C:\Users\12725\Desktop\大宗绿测_基于油价因子的绿色金融产品预测与风险分析 - 副本\技术文档\源代码\web_runs\run_20260413_155012_top15\driver_factor_analysis.csv
已保存风险与信号分类表到 C:\Users\12725\Desktop\大宗绿测_基于油价因子的绿色金融产品预测与风险分析 - 副本\技术文档\源代码\web_runs\run_20260413_155012_top15\risk_signal_classification.csv
回测完成：Strategy 总收益=-4.87%，最大回撤=-24.31%，胜率=48.10%
已保存报告到 C:\Users\12725\Desktop\大宗绿测_基于油价因子的绿色金融产品预测与风险分析 - 副本\技术文档\源代码\web_runs\run_20260413_155012_top15\bank_team_report.md

完成！

=== 实盘预测：递推预测未来 1 天 ===
开始油价预测特征工程...
输入数据形状: (2842, 15)
添加油价自身特征...
添加金融市场特征...
添加基本面特征...
添加技术指标特征...
添加波动率特征...
添加市场结构特征...
添加季节性特征...
添加市场情绪特征...
添加地缘大事件影响特征...
添加衍生关系特征...
确保特征因果性...
对 8 个未滞后特征应用 shift(1): ['VIX_Level', 'OVX_Level', 'Basis', 'Market_Structure', 'Oil_Search_Trend']...
特征工程完成，特征总数: 173

1/1 [==============================] - ETA: 0s
1/1 [==============================] - 0s 19ms/step
已保存未来预测到 C:\Users\12725\Desktop\大宗绿测_基于油价因子的绿色金融产品预测与风险分析 - 副本\技术文档\源代码\web_runs\run_20260413_155012_top15\future_forecast.csv，行数=1
