"TradingDate","Symbol","FundClassID","NAV","AccumulativeNAV","AnnualizedYield","Frequency","MarketStatus"
"2024-04-02","000042","202000000031","1.7666","2.2554","","",""
"2024-04-03","000042","202000000031","1.7642","2.2530","","",""
"2024-04-08","000042","202000000031","1.7583","2.2471","","",""
"2024-04-09","000042","202000000031","1.7520","2.2408","","",""
"2024-04-10","000042","202000000031","1.7398","2.2286","","",""
"2024-04-11","000042","202000000031","1.7465","2.2353","","",""
"2024-04-12","000042","202000000031","1.7342","2.2230","","",""
"2024-04-15","000042","202000000031","1.7738","2.2626","","",""
"2024-04-16","000042","202000000031","1.7514","2.2402","","",""
"2024-04-17","000042","202000000031","1.7824","2.2712","","",""
"2024-04-18","000042","202000000031","1.7895","2.2783","","",""
"2024-04-19","000042","202000000031","1.7844","2.2732","","",""
"2024-04-22","000042","202000000031","1.7726","2.2614","","",""
"2024-04-23","000042","202000000031","1.7541","2.2429","","",""
"2024-04-24","000042","202000000031","1.7661","2.2549","","",""
"2024-04-25","000042","202000000031","1.7703","2.2591","","",""
"2024-04-26","000042","202000000031","1.7819","2.2707","","",""
"2024-04-29","000042","202000000031","1.7896","2.2784","","",""
"2024-04-30","000042","202000000031","1.7846","2.2734","","",""
"2024-05-06","000042","202000000031","1.8091","2.2979","","",""
"2024-05-07","000042","202000000031","1.8072","2.2960","","",""
"2024-05-08","000042","202000000031","1.7958","2.2846","","",""
"2024-05-09","000042","202000000031","1.8144","2.3032","","",""
"2024-05-10","000042","202000000031","1.8149","2.3037","","",""
"2024-05-13","000042","202000000031","1.8185","2.3073","","",""
"2024-05-14","000042","202000000031","1.8151","2.3039","","",""
"2024-05-15","000042","202000000031","1.8017","2.2905","","",""
"2024-05-16","000042","202000000031","1.8037","2.2925","","",""
"2024-05-17","000042","202000000031","1.8210","2.3098","","",""
"2024-05-20","000042","202000000031","1.8259","2.3147","","",""
"2024-05-21","000042","202000000031","1.8216","2.3104","","",""
"2024-05-22","000042","202000000031","1.8221","2.3109","","",""
"2024-05-23","000042","202000000031","1.8019","2.2907","","",""
"2024-05-24","000042","202000000031","1.7876","2.2764","","",""
"2024-05-27","000042","202000000031","1.8080","2.2968","","",""
"2024-05-28","000042","202000000031","1.7942","2.2830","","",""
"2024-05-29","000042","202000000031","1.7941","2.2829","","",""
"2024-05-30","000042","202000000031","1.7843","2.2731","","",""
"2024-05-31","000042","202000000031","1.7760","2.2648","","",""
"2024-06-03","000042","202000000031","1.7767","2.2655","","",""
"2024-06-04","000042","202000000031","1.7883","2.2771","","",""
"2024-06-05","000042","202000000031","1.7804","2.2692","","",""
"2024-06-06","000042","202000000031","1.7765","2.2653","","",""
"2024-06-07","000042","202000000031","1.7746","2.2634","","",""
"2024-06-11","000042","202000000031","1.7600","2.2488","","",""
"2024-06-12","000042","202000000031","1.7607","2.2495","","",""
"2024-06-13","000042","202000000031","1.7509","2.2397","","",""
"2024-06-14","000042","202000000031","1.7581","2.2469","","",""
"2024-06-17","000042","202000000031","1.7556","2.2444","","",""
"2024-06-18","000042","202000000031","1.7642","2.2530","","",""
"2024-06-19","000042","202000000031","1.7532","2.2420","","",""
"2024-06-20","000042","202000000031","1.7370","2.2258","","",""
"2024-06-21","000042","202000000031","1.7387","2.2275","","",""
"2024-06-24","000042","202000000031","1.7277","2.2165","","",""
"2024-06-25","000042","202000000031","1.7242","2.2130","","",""
"2024-06-26","000042","202000000031","1.7370","2.2258","","",""
"2024-06-27","000042","202000000031","1.7260","2.2148","","",""
"2024-06-28","000042","202000000031","1.7334","2.2222","","",""
"2024-06-30","000042","202000000031","1.7332","2.2220","","",""
"2024-07-01","000042","202000000031","1.7408","2.2296","","",""
"2024-07-02","000042","202000000031","1.7316","2.2204","","",""
"2024-07-03","000042","202000000031","1.7242","2.2130","","",""
"2024-07-04","000042","202000000031","1.7140","2.2028","","",""
"2024-07-05","000042","202000000031","1.7098","2.1986","","",""
"2024-07-08","000042","202000000031","1.6923","2.1811","","",""
"2024-07-09","000042","202000000031","1.7060","2.1948","","",""
"2024-07-10","000042","202000000031","1.7056","2.1944","","",""
"2024-07-11","000042","202000000031","1.7303","2.2191","","",""
"2024-07-12","000042","202000000031","1.7305","2.2193","","",""
"2024-07-15","000042","202000000031","1.7301","2.2189","","",""
"2024-07-16","000042","202000000031","1.7391","2.2279","","",""
"2024-07-17","000042","202000000031","1.7402","2.2290","","",""
"2024-07-18","000042","202000000031","1.7498","2.2386","","",""
"2024-07-19","000042","202000000031","1.7588","2.2476","","",""
"2024-07-22","000042","202000000031","1.7476","2.2364","","",""
"2024-07-23","000042","202000000031","1.7163","2.2051","","",""
"2024-07-24","000042","202000000031","1.7046","2.1934","","",""
"2024-07-25","000042","202000000031","1.7017","2.1905","","",""
"2024-07-26","000042","202000000031","1.7123","2.2011","","",""
"2024-07-29","000042","202000000031","1.7066","2.1954","","",""
"2024-07-30","000042","202000000031","1.6951","2.1839","","",""
"2024-07-31","000042","202000000031","1.7268","2.2156","","",""
"2024-08-01","000042","202000000031","1.7208","2.2096","","",""
"2024-08-02","000042","202000000031","1.7062","2.1950","","",""
"2024-08-05","000042","202000000031","1.6871","2.1759","","",""
"2024-08-06","000042","202000000031","1.6893","2.1781","","",""
"2024-08-07","000042","202000000031","1.6885","2.1773","","",""
"2024-08-08","000042","202000000031","1.6883","2.1771","","",""
"2024-08-09","000042","202000000031","1.6786","2.1674","","",""
"2024-08-12","000042","202000000031","1.6755","2.1643","","",""
"2024-08-13","000042","202000000031","1.6822","2.1710","","",""
"2024-08-14","000042","202000000031","1.6664","2.1552","","",""
"2024-08-15","000042","202000000031","1.6814","2.1702","","",""
"2024-08-16","000042","202000000031","1.6828","2.1716","","",""
"2024-08-19","000042","202000000031","1.6886","2.1774","","",""
"2024-08-20","000042","202000000031","1.6719","2.1607","","",""
"2024-08-21","000042","202000000031","1.6680","2.1568","","",""
"2024-08-22","000042","202000000031","1.6640","2.1528","","",""
"2024-08-23","000042","202000000031","1.6699","2.1587","","",""
"2024-08-26","000042","202000000031","1.6689","2.1577","","",""
"2024-08-27","000042","202000000031","1.6564","2.1452","","",""
"2024-08-28","000042","202000000031","1.6497","2.1385","","",""
"2024-08-29","000042","202000000031","1.6472","2.1360","","",""
"2024-08-30","000042","202000000031","1.6667","2.1555","","",""
"2024-09-02","000042","202000000031","1.6358","2.1246","","",""
"2024-09-03","000042","202000000031","1.6439","2.1327","","",""
"2024-09-04","000042","202000000031","1.6381","2.1269","","",""
"2024-09-05","000042","202000000031","1.6436","2.1324","","",""
"2024-09-06","000042","202000000031","1.6285","2.1173","","",""
"2024-09-09","000042","202000000031","1.6088","2.0976","","",""
"2024-09-10","000042","202000000031","1.6081","2.0969","","",""
"2024-09-11","000042","202000000031","1.6060","2.0948","","",""
"2024-09-12","000042","202000000031","1.6000","2.0888","","",""
"2024-09-13","000042","202000000031","1.5884","2.0772","","",""
"2024-09-18","000042","202000000031","1.5956","2.0844","","",""
"2024-09-19","000042","202000000031","1.6148","2.1036","","",""
"2024-09-20","000042","202000000031","1.6149","2.1037","","",""
"2024-09-23","000042","202000000031","1.6201","2.1089","","",""
"2024-09-24","000042","202000000031","1.6764","2.1652","","",""
"2024-09-25","000042","202000000031","1.7008","2.1896","","",""
"2024-09-26","000042","202000000031","1.7701","2.2589","","",""
"2024-09-27","000042","202000000031","1.8486","2.3374","","",""
"2024-09-30","000042","202000000031","2.0061","2.4949","","",""
"2024-10-08","000042","202000000031","2.1261","2.6149","","",""
"2024-10-09","000042","202000000031","1.9574","2.4462","","",""
"2024-10-10","000042","202000000031","1.9830","2.4718","","",""
"2024-10-11","000042","202000000031","1.9227","2.4115","","",""
"2024-10-14","000042","202000000031","1.9586","2.4474","","",""
"2024-10-15","000042","202000000031","1.9105","2.3993","","",""
"2024-10-16","000042","202000000031","1.9036","2.3924","","",""
"2024-10-17","000042","202000000031","1.8811","2.3699","","",""
"2024-10-18","000042","202000000031","1.9304","2.4192","","",""
"2024-10-21","000042","202000000031","1.9432","2.4320","","",""
"2024-10-22","000042","202000000031","1.9599","2.4487","","",""
"2024-10-23","000042","202000000031","1.9758","2.4646","","",""
"2024-10-24","000042","202000000031","1.9528","2.4416","","",""
"2024-10-25","000042","202000000031","1.9728","2.4616","","",""
"2024-10-28","000042","202000000031","1.9777","2.4665","","",""
"2024-10-29","000042","202000000031","1.9588","2.4476","","",""
"2024-10-30","000042","202000000031","1.9505","2.4393","","",""
"2024-10-31","000042","202000000031","1.9540","2.4428","","",""
"2024-11-01","000042","202000000031","1.9575","2.4463","","",""
"2024-11-04","000042","202000000031","1.9801","2.4689","","",""
"2024-11-05","000042","202000000031","2.0279","2.5167","","",""
"2024-11-06","000042","202000000031","2.0250","2.5138","","",""
"2024-11-07","000042","202000000031","2.0734","2.5622","","",""
"2024-11-08","000042","202000000031","2.0530","2.5418","","",""
"2024-11-11","000042","202000000031","2.0665","2.5553","","",""
"2024-11-12","000042","202000000031","2.0473","2.5361","","",""
"2024-11-13","000042","202000000031","2.0609","2.5497","","",""
"2024-11-14","000042","202000000031","2.0227","2.5115","","",""
"2024-11-15","000042","202000000031","1.9930","2.4818","","",""
"2024-11-18","000042","202000000031","1.9848","2.4736","","",""
"2024-11-19","000042","202000000031","1.9958","2.4846","","",""
"2024-11-20","000042","202000000031","2.0047","2.4935","","",""
"2024-11-21","000042","202000000031","2.0032","2.4920","","",""
"2024-11-22","000042","202000000031","1.9397","2.4285","","",""
"2024-11-25","000042","202000000031","1.9353","2.4241","","",""
"2024-11-26","000042","202000000031","1.9268","2.4156","","",""
"2024-11-27","000042","202000000031","1.9582","2.4470","","",""
"2024-11-28","000042","202000000031","1.9430","2.4318","","",""
"2024-11-29","000042","202000000031","1.9622","2.4510","","",""
"2024-12-02","000042","202000000031","1.9763","2.4651","","",""
"2024-12-03","000042","202000000031","1.9782","2.4670","","",""
"2024-12-04","000042","202000000031","1.9593","2.4481","","",""
"2024-12-05","000042","202000000031","1.9566","2.4454","","",""
"2024-12-06","000042","202000000031","1.9850","2.4738","","",""
"2024-12-09","000042","202000000031","1.9806","2.4694","","",""
"2024-12-10","000042","202000000031","1.9922","2.4810","","",""
"2024-12-11","000042","202000000031","1.9947","2.4835","","",""
"2024-12-12","000042","202000000031","2.0093","2.4981","","",""
"2024-12-13","000042","202000000031","1.9640","2.4528","","",""
"2024-12-16","000042","202000000031","1.9507","2.4395","","",""
"2024-12-17","000042","202000000031","1.9510","2.4398","","",""
"2024-12-18","000042","202000000031","1.9585","2.4473","","",""
"2024-12-19","000042","202000000031","1.9579","2.4467","","",""
"2024-12-20","000042","202000000031","1.9483","2.4371","","",""
"2024-12-23","000042","202000000031","1.9463","2.4351","","",""
"2024-12-24","000042","202000000031","1.9679","2.4567","","",""
"2024-12-25","000042","202000000031","1.9661","2.4549","","",""
"2024-12-26","000042","202000000031","1.9673","2.4561","","",""
"2024-12-27","000042","202000000031","1.9674","2.4562","","",""
"2024-12-30","000042","202000000031","1.9770","2.4658","","",""
"2024-12-31","000042","202000000031","1.9425","2.4313","","",""
"2025-01-02","000042","202000000031","1.8882","2.3770","","",""
"2025-01-03","000042","202000000031","1.8616","2.3504","","",""
"2025-01-06","000042","202000000031","1.8605","2.3493","","",""
"2025-01-07","000042","202000000031","1.8714","2.3602","","",""
"2025-01-08","000042","202000000031","1.8650","2.3538","","",""
"2025-01-09","000042","202000000031","1.8592","2.3480","","",""
"2025-01-10","000042","202000000031","1.8321","2.3209","","",""
"2025-01-13","000042","202000000031","1.8270","2.3158","","",""
"2025-01-14","000042","202000000031","1.8751","2.3639","","",""
"2025-01-15","000042","202000000031","1.8646","2.3534","","",""
"2025-01-16","000042","202000000031","1.8712","2.3600","","",""
"2025-01-17","000042","202000000031","1.8712","2.3600","","",""
"2025-01-20","000042","202000000031","1.8761","2.3649","","",""
"2025-01-21","000042","202000000031","1.8744","2.3632","","",""
"2025-01-22","000042","202000000031","1.8595","2.3483","","",""
"2025-01-23","000042","202000000031","1.8644","2.3532","","",""
"2025-01-24","000042","202000000031","1.8793","2.3681","","",""
"2025-01-27","000042","202000000031","1.8744","2.3632","","",""
"2025-02-05","000042","202000000031","1.8606","2.3494","","",""
"2025-02-06","000042","202000000031","1.8776","2.3664","","",""
"2025-02-07","000042","202000000031","1.9047","2.3935","","",""
"2025-02-10","000042","202000000031","1.9124","2.4012","","",""
"2025-02-11","000042","202000000031","1.9032","2.3920","","",""
"2025-02-12","000042","202000000031","1.9180","2.4068","","",""
"2025-02-13","000042","202000000031","1.9150","2.4038","","",""
"2025-02-14","000042","202000000031","1.9309","2.4197","","",""
"2025-02-17","000042","202000000031","1.9390","2.4278","","",""
"2025-02-18","000042","202000000031","1.9172","2.4060","","",""
"2025-02-19","000042","202000000031","1.9232","2.4120","","",""
"2025-02-20","000042","202000000031","1.9265","2.4153","","",""
"2025-02-21","000042","202000000031","1.9466","2.4354","","",""
"2025-02-24","000042","202000000031","1.9438","2.4326","","",""
"2025-02-25","000042","202000000031","1.9264","2.4152","","",""
"2025-02-26","000042","202000000031","1.9445","2.4333","","",""
"2025-02-27","000042","202000000031","1.9477","2.4365","","",""
"2025-02-28","000042","202000000031","1.9166","2.4054","","",""
"2025-03-03","000042","202000000031","1.9258","2.4146","","",""
"2025-03-04","000042","202000000031","1.9244","2.4132","","",""
"2025-03-05","000042","202000000031","1.9302","2.4190","","",""
"2025-03-06","000042","202000000031","1.9483","2.4371","","",""
"2025-03-07","000042","202000000031","1.9436","2.4324","","",""
"2025-03-10","000042","202000000031","1.9405","2.4293","","",""
"2025-03-11","000042","202000000031","1.9465","2.4353","","",""
"2025-03-12","000042","202000000031","1.9443","2.4331","","",""
"2025-03-13","000042","202000000031","1.9372","2.4260","","",""
"2025-03-14","000042","202000000031","1.9707","2.4595","","",""
"2025-03-17","000042","202000000031","1.9672","2.4560","","",""
"2025-03-18","000042","202000000031","1.9725","2.4613","","",""
"2025-03-19","000042","202000000031","1.9613","2.4501","","",""
"2025-03-20","000042","202000000031","1.9504","2.4392","","",""
"2025-03-21","000042","202000000031","1.9291","2.4179","","",""
"2025-03-24","000042","202000000031","1.9363","2.4251","","",""
"2025-03-25","000042","202000000031","1.9349","2.4237","","",""
"2025-03-26","000042","202000000031","1.9297","2.4185","","",""
"2025-03-27","000042","202000000031","1.9346","2.4234","","",""
"2025-03-28","000042","202000000031","1.9237","2.4125","","",""
"2025-03-31","000042","202000000031","1.9041","2.3929","","",""
"2025-04-01","000042","202000000031","1.9142","2.4030","","",""
"2024-04-02","003184","202000006581","1.0000","1.0000","","",""
"2024-04-03","003184","202000006581","1.0000","1.0000","","",""
"2024-04-08","003184","202000006581","1.0000","1.0000","","",""
"2024-04-09","003184","202000006581","1.0000","1.0000","","",""
"2024-04-10","003184","202000006581","1.0000","1.0000","","",""
"2024-04-11","003184","202000006581","1.0000","1.0000","","",""
"2024-04-12","003184","202000006581","1.0000","1.0000","","",""
"2024-04-15","003184","202000006581","1.0000","1.0000","","",""
"2024-04-16","003184","202000006581","1.0000","1.0000","","",""
"2024-04-17","003184","202000006581","1.0000","1.0000","","",""
"2024-04-18","003184","202000006581","1.0000","1.0000","","",""
"2024-04-19","003184","202000006581","1.0000","1.0000","","",""
"2024-04-22","003184","202000006581","1.0000","1.0000","","",""
"2024-04-23","003184","202000006581","1.0000","1.0000","","",""
"2024-04-24","003184","202000006581","1.0000","1.0000","","",""
"2024-04-25","003184","202000006581","1.0000","1.0000","","",""
"2024-04-26","003184","202000006581","1.0000","1.0000","","",""
"2024-04-29","003184","202000006581","1.0000","1.0000","","",""
"2024-04-30","003184","202000006581","1.0000","1.0000","","",""
"2024-05-06","003184","202000006581","1.0000","1.0000","","",""
"2024-05-07","003184","202000006581","1.0000","1.0000","","",""
"2024-05-08","003184","202000006581","1.0000","1.0000","","",""
"2024-05-09","003184","202000006581","1.0000","1.0000","","",""
"2024-05-10","003184","202000006581","1.0000","1.0000","","",""
"2024-05-13","003184","202000006581","1.0000","1.0000","","",""
"2024-05-14","003184","202000006581","1.0000","1.0000","","",""
"2024-05-15","003184","202000006581","1.0000","1.0000","","",""
"2024-05-16","003184","202000006581","1.0000","1.0000","","",""
"2024-05-17","003184","202000006581","1.0000","1.0000","","",""
"2024-05-20","003184","202000006581","1.0000","1.0000","","",""
"2024-05-21","003184","202000006581","1.0000","1.0000","","",""
"2024-05-22","003184","202000006581","1.0000","1.0000","","",""
"2024-05-23","003184","202000006581","1.0000","1.0000","","",""
"2024-05-24","003184","202000006581","1.0000","1.0000","","",""
"2024-05-27","003184","202000006581","1.0000","1.0000","","",""
"2024-05-28","003184","202000006581","1.0000","1.0000","","",""
"2024-05-29","003184","202000006581","1.0000","1.0000","","",""
"2024-05-30","003184","202000006581","1.0000","1.0000","","",""
"2024-05-31","003184","202000006581","1.0000","1.0000","","",""
"2024-06-03","003184","202000006581","1.0000","1.0000","","",""
"2024-06-04","003184","202000006581","1.0000","1.0000","","",""
"2024-06-05","003184","202000006581","1.0000","1.0000","","",""
"2024-06-06","003184","202000006581","1.0000","1.0000","","",""
"2024-06-07","003184","202000006581","1.0000","1.0000","","",""
"2024-06-11","003184","202000006581","1.0000","1.0000","","",""
"2024-06-12","003184","202000006581","1.0000","1.0000","","",""
"2024-06-13","003184","202000006581","1.0000","1.0000","","",""
"2024-06-14","003184","202000006581","1.0000","1.0000","","",""
"2024-06-17","003184","202000006581","1.0000","1.0000","","",""
"2024-06-18","003184","202000006581","1.0000","1.0000","","",""
"2024-06-19","003184","202000006581","1.0000","1.0000","","",""
"2024-06-20","003184","202000006581","1.0000","1.0000","","",""
"2024-06-21","003184","202000006581","1.0000","1.0000","","",""
"2024-06-24","003184","202000006581","1.0000","1.0000","","",""
"2024-06-25","003184","202000006581","1.0000","1.0000","","",""
"2024-06-26","003184","202000006581","1.0000","1.0000","","",""
"2024-06-27","003184","202000006581","1.0000","1.0000","","",""
"2024-06-28","003184","202000006581","1.0000","1.0000","","",""
"2024-06-30","003184","202000006581","1.0000","1.0000","","",""
"2024-07-01","003184","202000006581","1.0000","1.0000","","",""
"2024-07-02","003184","202000006581","1.0000","1.0000","","",""
"2024-07-03","003184","202000006581","1.0000","1.0000","","",""
"2024-07-04","003184","202000006581","1.0000","1.0000","","",""
"2024-07-05","003184","202000006581","1.0000","1.0000","","",""
"2024-07-08","003184","202000006581","1.0000","1.0000","","",""
"2024-07-09","003184","202000006581","1.0000","1.0000","","",""
"2024-07-10","003184","202000006581","1.0000","1.0000","","",""
"2024-07-11","003184","202000006581","1.0000","1.0000","","",""
"2024-07-12","003184","202000006581","1.0000","1.0000","","",""
"2024-07-15","003184","202000006581","1.0000","1.0000","","",""
"2024-07-16","003184","202000006581","1.0000","1.0000","","",""
"2024-07-17","003184","202000006581","1.0000","1.0000","","",""
"2024-07-18","003184","202000006581","1.0000","1.0000","","",""
"2024-07-19","003184","202000006581","1.0000","1.0000","","",""
"2024-07-22","003184","202000006581","1.0000","1.0000","","",""
"2024-07-23","003184","202000006581","1.0000","1.0000","","",""
"2024-07-24","003184","202000006581","1.0000","1.0000","","",""
"2024-07-25","003184","202000006581","1.0000","1.0000","","",""
"2024-07-26","003184","202000006581","1.0000","1.0000","","",""
"2024-07-29","003184","202000006581","1.0000","1.0000","","",""
"2024-07-30","003184","202000006581","1.0000","1.0000","","",""
"2024-07-31","003184","202000006581","1.0000","1.0000","","",""
"2024-08-01","003184","202000006581","1.0000","1.0000","","",""
"2024-08-02","003184","202000006581","1.0000","1.0000","","",""
"2024-08-05","003184","202000006581","1.0000","1.0000","","",""
"2024-08-06","003184","202000006581","1.0000","1.0000","","",""
"2024-08-07","003184","202000006581","1.0000","1.0000","","",""
"2024-08-08","003184","202000006581","1.0000","1.0000","","",""
"2024-08-09","003184","202000006581","1.0000","1.0000","","",""
"2024-08-12","003184","202000006581","1.0000","1.0000","","",""
"2024-08-13","003184","202000006581","1.0000","1.0000","","",""
"2024-08-14","003184","202000006581","1.0000","1.0000","","",""
"2024-08-15","003184","202000006581","1.0000","1.0000","","",""
"2024-08-16","003184","202000006581","1.0000","1.0000","","",""
"2024-08-19","003184","202000006581","1.0000","1.0000","","",""
"2024-08-20","003184","202000006581","1.0000","1.0000","","",""
"2024-08-21","003184","202000006581","1.0000","1.0000","","",""
"2024-08-22","003184","202000006581","1.0000","1.0000","","",""
"2024-08-23","003184","202000006581","1.0000","1.0000","","",""
"2024-08-26","003184","202000006581","1.0000","1.0000","","",""
"2024-08-27","003184","202000006581","1.0000","1.0000","","",""
"2024-08-28","003184","202000006581","1.0000","1.0000","","",""
"2024-08-29","003184","202000006581","1.0000","1.0000","","",""
"2024-08-30","003184","202000006581","1.0000","1.0000","","",""
"2024-09-02","003184","202000006581","1.0000","1.0000","","",""
"2024-09-03","003184","202000006581","1.0000","1.0000","","",""
"2024-09-04","003184","202000006581","1.0000","1.0000","","",""
"2024-09-05","003184","202000006581","1.0000","1.0000","","",""
"2024-09-06","003184","202000006581","1.0000","1.0000","","",""
"2024-09-09","003184","202000006581","1.0000","1.0000","","",""
"2024-09-10","003184","202000006581","1.0000","1.0000","","",""
"2024-09-11","003184","202000006581","1.0000","1.0000","","",""
"2024-09-12","003184","202000006581","1.0000","1.0000","","",""
"2024-09-13","003184","202000006581","1.0000","1.0000","","",""
"2024-09-18","003184","202000006581","1.0000","1.0000","","",""
"2024-09-19","003184","202000006581","1.0000","1.0000","","",""
"2024-09-20","003184","202000006581","1.0000","1.0000","","",""
"2024-09-23","003184","202000006581","1.0000","1.0000","","",""
"2024-09-24","003184","202000006581","1.0000","1.0000","","",""
"2024-09-25","003184","202000006581","1.0000","1.0000","","",""
"2024-09-26","003184","202000006581","1.0000","1.0000","","",""
"2024-09-27","003184","202000006581","1.0000","1.0000","","",""
"2024-09-30","003184","202000006581","1.0000","1.0000","","",""
"2024-10-08","003184","202000006581","1.0000","1.0000","","",""
"2024-10-09","003184","202000006581","1.0000","1.0000","","",""
"2024-10-10","003184","202000006581","1.0000","1.0000","","",""
"2024-10-11","003184","202000006581","1.0000","1.0000","","",""
"2024-10-14","003184","202000006581","1.0000","1.0000","","",""
"2024-10-15","003184","202000006581","1.0000","1.0000","","",""
"2024-10-16","003184","202000006581","1.0000","1.0000","","",""
"2024-10-17","003184","202000006581","1.0000","1.0000","","",""
"2024-10-18","003184","202000006581","1.0000","1.0000","","",""
"2024-10-21","003184","202000006581","1.0000","1.0000","","",""
"2024-10-22","003184","202000006581","1.0000","1.0000","","",""
"2024-10-23","003184","202000006581","1.0000","1.0000","","",""
"2024-10-24","003184","202000006581","1.0000","1.0000","","",""
"2024-10-25","003184","202000006581","1.0000","1.0000","","",""
"2024-10-28","003184","202000006581","1.0000","1.0000","","",""
"2024-10-29","003184","202000006581","1.0000","1.0000","","",""
"2024-10-30","003184","202000006581","1.0000","1.0000","","",""
"2024-10-31","003184","202000006581","1.0000","1.0000","","",""
"2024-11-01","003184","202000006581","1.0000","1.0000","","",""
"2024-11-04","003184","202000006581","1.0000","1.0000","","",""
"2024-11-05","003184","202000006581","1.0000","1.0000","","",""
"2024-11-06","003184","202000006581","1.0000","1.0000","","",""
"2024-11-07","003184","202000006581","1.0000","1.0000","","",""
"2024-11-08","003184","202000006581","1.0000","1.0000","","",""
"2024-11-11","003184","202000006581","1.0000","1.0000","","",""
"2024-11-12","003184","202000006581","1.0000","1.0000","","",""
"2024-11-13","003184","202000006581","1.0000","1.0000","","",""
"2024-11-14","003184","202000006581","1.0000","1.0000","","",""
"2024-11-15","003184","202000006581","1.0000","1.0000","","",""
"2024-11-18","003184","202000006581","1.0000","1.0000","","",""
"2024-11-19","003184","202000006581","1.0000","1.0000","","",""
"2024-11-20","003184","202000006581","1.0000","1.0000","","",""
"2024-11-21","003184","202000006581","1.0000","1.0000","","",""
"2024-11-22","003184","202000006581","1.0000","1.0000","","",""
"2024-11-25","003184","202000006581","1.0000","1.0000","","",""
"2024-11-26","003184","202000006581","1.0000","1.0000","","",""
"2024-11-27","003184","202000006581","1.0000","1.0000","","",""
"2024-11-28","003184","202000006581","1.0000","1.0000","","",""
"2024-11-29","003184","202000006581","1.0000","1.0000","","",""
"2024-12-02","003184","202000006581","1.0000","1.0000","","",""
"2024-12-03","003184","202000006581","1.0000","1.0000","","",""
"2024-12-04","003184","202000006581","1.0000","1.0000","","",""
"2024-12-05","003184","202000006581","1.0000","1.0000","","",""
"2024-12-06","003184","202000006581","1.0000","1.0000","","",""
"2024-12-09","003184","202000006581","1.0000","1.0000","","",""
"2024-12-10","003184","202000006581","1.0000","1.0000","","",""
"2024-12-11","003184","202000006581","1.0000","1.0000","","",""
"2024-12-12","003184","202000006581","1.0000","1.0000","","",""
"2024-12-13","003184","202000006581","1.0000","1.0000","","",""
"2024-12-16","003184","202000006581","1.0000","1.0000","","",""
"2024-12-17","003184","202000006581","1.0000","1.0000","","",""
"2024-12-18","003184","202000006581","1.0000","1.0000","","",""
"2024-12-19","003184","202000006581","1.0000","1.0000","","",""
"2024-12-20","003184","202000006581","1.0000","1.0000","","",""
"2024-12-23","003184","202000006581","1.0000","1.0000","","",""
"2024-12-24","003184","202000006581","1.0000","1.0000","","",""
"2024-12-25","003184","202000006581","1.0000","1.0000","","",""
"2024-12-26","003184","202000006581","1.0000","1.0000","","",""
"2024-12-27","003184","202000006581","1.0000","1.0000","","",""
"2024-12-30","003184","202000006581","1.0000","1.0000","","",""
"2024-12-31","003184","202000006581","1.0000","1.0000","","",""
"2025-01-02","003184","202000006581","1.0000","1.0000","","",""
"2025-01-03","003184","202000006581","1.0000","1.0000","","",""
"2025-01-06","003184","202000006581","1.0000","1.0000","","",""
"2025-01-07","003184","202000006581","1.0000","1.0000","","",""
"2025-01-08","003184","202000006581","1.0000","1.0000","","",""
"2025-01-09","003184","202000006581","1.0000","1.0000","","",""
"2025-01-10","003184","202000006581","1.0000","1.0000","","",""
"2025-01-13","003184","202000006581","1.0000","1.0000","","",""
"2025-01-14","003184","202000006581","1.0000","1.0000","","",""
"2025-01-15","003184","202000006581","1.0000","1.0000","","",""
"2025-01-16","003184","202000006581","1.0000","1.0000","","",""
"2025-01-17","003184","202000006581","1.0000","1.0000","","",""
"2025-01-20","003184","202000006581","1.0000","1.0000","","",""
"2025-01-21","003184","202000006581","1.0000","1.0000","","",""
"2025-01-22","003184","202000006581","1.0000","1.0000","","",""
"2025-01-23","003184","202000006581","1.0000","1.0000","","",""
"2025-01-24","003184","202000006581","1.0000","1.0000","","",""
"2025-01-27","003184","202000006581","1.0000","1.0000","","",""
"2025-02-05","003184","202000006581","1.0000","1.0000","","",""
"2025-02-06","003184","202000006581","1.0000","1.0000","","",""
"2025-02-07","003184","202000006581","1.0000","1.0000","","",""
"2025-02-10","003184","202000006581","1.0000","1.0000","","",""
"2025-02-11","003184","202000006581","1.0000","1.0000","","",""
"2025-02-12","003184","202000006581","1.0000","1.0000","","",""
"2025-02-13","003184","202000006581","1.0000","1.0000","","",""
"2025-02-14","003184","202000006581","1.0000","1.0000","","",""
"2025-02-17","003184","202000006581","1.0000","1.0000","","",""
"2025-02-18","003184","202000006581","1.0000","1.0000","","",""
"2025-02-19","003184","202000006581","1.0000","1.0000","","",""
"2025-02-20","003184","202000006581","1.0000","1.0000","","",""
"2025-02-21","003184","202000006581","1.0000","1.0000","","",""
"2025-02-24","003184","202000006581","1.0000","1.0000","","",""
"2025-02-25","003184","202000006581","1.0000","1.0000","","",""
"2025-02-26","003184","202000006581","1.0000","1.0000","","",""
"2025-02-27","003184","202000006581","1.0000","1.0000","","",""
"2025-02-28","003184","202000006581","1.0000","1.0000","","",""
"2025-03-03","003184","202000006581","1.0000","1.0000","","",""
"2025-03-04","003184","202000006581","1.0000","1.0000","","",""
"2025-03-05","003184","202000006581","1.0000","1.0000","","",""
"2025-03-06","003184","202000006581","1.0000","1.0000","","",""
"2025-03-07","003184","202000006581","1.0000","1.0000","","",""
"2025-03-10","003184","202000006581","1.0000","1.0000","","",""
"2025-03-11","003184","202000006581","1.0000","1.0000","","",""
"2025-03-12","003184","202000006581","1.0000","1.0000","","",""
"2025-03-13","003184","202000006581","1.0000","1.0000","","",""
"2025-03-14","003184","202000006581","1.0000","1.0000","","",""
"2025-03-17","003184","202000006581","1.0000","1.0000","","",""
"2025-03-18","003184","202000006581","1.0000","1.0000","","",""
"2025-03-19","003184","202000006581","1.0000","1.0000","","",""
"2025-03-20","003184","202000006581","1.0000","1.0000","","",""
"2025-03-21","003184","202000006581","1.0000","1.0000","","",""
"2025-03-24","003184","202000006581","1.0000","1.0000","","",""
"2025-03-25","003184","202000006581","1.0000","1.0000","","",""
"2025-03-26","003184","202000006581","1.0000","1.0000","","",""
"2025-03-27","003184","202000006581","1.0000","1.0000","","",""
"2025-03-28","003184","202000006581","1.0000","1.0000","","",""
"2025-03-31","003184","202000006581","1.0000","1.0000","","",""
"2025-04-01","003184","202000006581","1.0000","1.0000","","",""
"2024-04-02","007548","202000021395","1.5426","1.5426","","",""
"2024-04-03","007548","202000021395","1.5400","1.5400","","",""
"2024-04-08","007548","202000021395","1.4983","1.4983","","",""
"2024-04-09","007548","202000021395","1.4954","1.4954","","",""
"2024-04-10","007548","202000021395","1.4957","1.4957","","",""
"2024-04-11","007548","202000021395","1.5023","1.5023","","",""
"2024-04-12","007548","202000021395","1.4837","1.4837","","",""
"2024-04-15","007548","202000021395","1.5152","1.5152","","",""
"2024-04-16","007548","202000021395","1.4912","1.4912","","",""
"2024-04-17","007548","202000021395","1.4980","1.4980","","",""
"2024-04-18","007548","202000021395","1.5014","1.5014","","",""
"2024-04-19","007548","202000021395","1.4903","1.4903","","",""
"2024-04-22","007548","202000021395","1.5115","1.5115","","",""
"2024-04-23","007548","202000021395","1.5363","1.5363","","",""
"2024-04-24","007548","202000021395","1.5500","1.5500","","",""
"2024-04-25","007548","202000021395","1.5417","1.5417","","",""
"2024-04-26","007548","202000021395","1.5717","1.5717","","",""
"2024-04-29","007548","202000021395","1.5746","1.5746","","",""
"2024-04-30","007548","202000021395","1.5777","1.5777","","",""
"2024-05-06","007548","202000021395","1.6249","1.6249","","",""
"2024-05-07","007548","202000021395","1.6292","1.6292","","",""
"2024-05-08","007548","202000021395","1.6135","1.6135","","",""
"2024-05-09","007548","202000021395","1.6259","1.6259","","",""
"2024-05-10","007548","202000021395","1.6210","1.6210","","",""
"2024-05-13","007548","202000021395","1.6001","1.6001","","",""
"2024-05-14","007548","202000021395","1.6016","1.6016","","",""
"2024-05-15","007548","202000021395","1.5981","1.5981","","",""
"2024-05-16","007548","202000021395","1.6052","1.6052","","",""
"2024-05-17","007548","202000021395","1.6086","1.6086","","",""
"2024-05-20","007548","202000021395","1.6157","1.6157","","",""
"2024-05-21","007548","202000021395","1.6045","1.6045","","",""
"2024-05-22","007548","202000021395","1.5912","1.5912","","",""
"2024-05-23","007548","202000021395","1.5772","1.5772","","",""
"2024-05-24","007548","202000021395","1.5606","1.5606","","",""
"2024-05-27","007548","202000021395","1.5734","1.5734","","",""
"2024-05-28","007548","202000021395","1.5632","1.5632","","",""
"2024-05-29","007548","202000021395","1.5602","1.5602","","",""
"2024-05-30","007548","202000021395","1.5352","1.5352","","",""
"2024-05-31","007548","202000021395","1.5373","1.5373","","",""
"2024-06-03","007548","202000021395","1.5431","1.5431","","",""
"2024-06-04","007548","202000021395","1.5545","1.5545","","",""
"2024-06-05","007548","202000021395","1.5457","1.5457","","",""
"2024-06-06","007548","202000021395","1.5474","1.5474","","",""
"2024-06-07","007548","202000021395","1.5330","1.5330","","",""
"2024-06-11","007548","202000021395","1.5077","1.5077","","",""
"2024-06-12","007548","202000021395","1.5057","1.5057","","",""
"2024-06-13","007548","202000021395","1.4982","1.4982","","",""
"2024-06-14","007548","202000021395","1.5028","1.5028","","",""
"2024-06-17","007548","202000021395","1.4953","1.4953","","",""
"2024-06-18","007548","202000021395","1.4794","1.4794","","",""
"2024-06-19","007548","202000021395","1.4972","1.4972","","",""
"2024-06-20","007548","202000021395","1.4882","1.4882","","",""
"2024-06-21","007548","202000021395","1.4693","1.4693","","",""
"2024-06-24","007548","202000021395","1.4662","1.4662","","",""
"2024-06-25","007548","202000021395","1.4733","1.4733","","",""
"2024-06-26","007548","202000021395","1.4773","1.4773","","",""
"2024-06-27","007548","202000021395","1.4524","1.4524","","",""
"2024-06-28","007548","202000021395","1.4450","1.4450","","",""
"2024-06-30","007548","202000021395","1.4449","1.4449","","",""
"2024-07-01","007548","202000021395","1.4406","1.4406","","",""
"2024-07-02","007548","202000021395","1.4501","1.4501","","",""
"2024-07-03","007548","202000021395","1.4504","1.4504","","",""
"2024-07-04","007548","202000021395","1.4429","1.4429","","",""
"2024-07-05","007548","202000021395","1.4296","1.4296","","",""
"2024-07-08","007548","202000021395","1.4073","1.4073","","",""
"2024-07-09","007548","202000021395","1.4098","1.4098","","",""
"2024-07-10","007548","202000021395","1.4040","1.4040","","",""
"2024-07-11","007548","202000021395","1.4297","1.4297","","",""
"2024-07-12","007548","202000021395","1.4416","1.4416","","",""
"2024-07-15","007548","202000021395","1.4286","1.4286","","",""
"2024-07-16","007548","202000021395","1.4221","1.4221","","",""
"2024-07-17","007548","202000021395","1.4318","1.4318","","",""
"2024-07-18","007548","202000021395","1.4349","1.4349","","",""
"2024-07-19","007548","202000021395","1.4313","1.4313","","",""
"2024-07-22","007548","202000021395","1.4269","1.4269","","",""
"2024-07-23","007548","202000021395","1.3947","1.3947","","",""
"2024-07-24","007548","202000021395","1.3773","1.3773","","",""
"2024-07-25","007548","202000021395","1.3621","1.3621","","",""
"2024-07-26","007548","202000021395","1.3634","1.3634","","",""
"2024-07-29","007548","202000021395","1.3562","1.3562","","",""
"2024-07-30","007548","202000021395","1.3377","1.3377","","",""
"2024-07-31","007548","202000021395","1.3776","1.3776","","",""
"2024-08-01","007548","202000021395","1.3617","1.3617","","",""
"2024-08-02","007548","202000021395","1.3470","1.3470","","",""
"2024-08-05","007548","202000021395","1.3500","1.3500","","",""
"2024-08-06","007548","202000021395","1.3562","1.3562","","",""
"2024-08-07","007548","202000021395","1.3712","1.3712","","",""
"2024-08-08","007548","202000021395","1.3873","1.3873","","",""
"2024-08-09","007548","202000021395","1.3880","1.3880","","",""
"2024-08-12","007548","202000021395","1.3854","1.3854","","",""
"2024-08-13","007548","202000021395","1.3828","1.3828","","",""
"2024-08-14","007548","202000021395","1.3706","1.3706","","",""
"2024-08-15","007548","202000021395","1.3679","1.3679","","",""
"2024-08-16","007548","202000021395","1.3740","1.3740","","",""
"2024-08-19","007548","202000021395","1.3730","1.3730","","",""
"2024-08-20","007548","202000021395","1.3609","1.3609","","",""
"2024-08-21","007548","202000021395","1.3580","1.3580","","",""
"2024-08-22","007548","202000021395","1.3545","1.3545","","",""
"2024-08-23","007548","202000021395","1.3504","1.3504","","",""
"2024-08-26","007548","202000021395","1.3491","1.3491","","",""
"2024-08-27","007548","202000021395","1.3567","1.3567","","",""
"2024-08-28","007548","202000021395","1.3414","1.3414","","",""
"2024-08-29","007548","202000021395","1.3566","1.3566","","",""
"2024-08-30","007548","202000021395","1.3847","1.3847","","",""
"2024-09-02","007548","202000021395","1.3555","1.3555","","",""
"2024-09-03","007548","202000021395","1.3684","1.3684","","",""
"2024-09-04","007548","202000021395","1.3481","1.3481","","",""
"2024-09-05","007548","202000021395","1.3475","1.3475","","",""
"2024-09-06","007548","202000021395","1.3386","1.3386","","",""
"2024-09-09","007548","202000021395","1.3216","1.3216","","",""
"2024-09-10","007548","202000021395","1.3223","1.3223","","",""
"2024-09-11","007548","202000021395","1.3180","1.3180","","",""
"2024-09-12","007548","202000021395","1.2930","1.2930","","",""
"2024-09-13","007548","202000021395","1.2858","1.2858","","",""
"2024-09-18","007548","202000021395","1.2864","1.2864","","",""
"2024-09-19","007548","202000021395","1.3040","1.3040","","",""
"2024-09-20","007548","202000021395","1.3100","1.3100","","",""
"2024-09-23","007548","202000021395","1.3069","1.3069","","",""
"2024-09-24","007548","202000021395","1.3610","1.3610","","",""
"2024-09-25","007548","202000021395","1.3604","1.3604","","",""
"2024-09-26","007548","202000021395","1.4386","1.4386","","",""
"2024-09-27","007548","202000021395","1.5011","1.5011","","",""
"2024-09-30","007548","202000021395","1.5912","1.5912","","",""
"2024-10-08","007548","202000021395","1.6221","1.6221","","",""
"2024-10-09","007548","202000021395","1.5412","1.5412","","",""
"2024-10-10","007548","202000021395","1.5836","1.5836","","",""
"2024-10-11","007548","202000021395","1.5607","1.5607","","",""
"2024-10-14","007548","202000021395","1.5643","1.5643","","",""
"2024-10-15","007548","202000021395","1.5114","1.5114","","",""
"2024-10-16","007548","202000021395","1.5118","1.5118","","",""
"2024-10-17","007548","202000021395","1.4922","1.4922","","",""
"2024-10-18","007548","202000021395","1.5268","1.5268","","",""
"2024-10-21","007548","202000021395","1.5068","1.5068","","",""
"2024-10-22","007548","202000021395","1.5254","1.5254","","",""
"2024-10-23","007548","202000021395","1.5472","1.5472","","",""
"2024-10-24","007548","202000021395","1.5322","1.5322","","",""
"2024-10-25","007548","202000021395","1.5303","1.5303","","",""
"2024-10-28","007548","202000021395","1.5504","1.5504","","",""
"2024-10-29","007548","202000021395","1.5339","1.5339","","",""
"2024-10-30","007548","202000021395","1.5081","1.5081","","",""
"2024-10-31","007548","202000021395","1.4988","1.4988","","",""
"2024-11-01","007548","202000021395","1.5154","1.5154","","",""
"2024-11-04","007548","202000021395","1.5215","1.5215","","",""
"2024-11-05","007548","202000021395","1.5523","1.5523","","",""
"2024-11-06","007548","202000021395","1.5333","1.5333","","",""
"2024-11-07","007548","202000021395","1.5945","1.5945","","",""
"2024-11-08","007548","202000021395","1.5656","1.5656","","",""
"2024-11-11","007548","202000021395","1.5467","1.5467","","",""
"2024-11-12","007548","202000021395","1.5145","1.5145","","",""
"2024-11-13","007548","202000021395","1.5182","1.5182","","",""
"2024-11-14","007548","202000021395","1.4973","1.4973","","",""
"2024-11-15","007548","202000021395","1.4867","1.4867","","",""
"2024-11-18","007548","202000021395","1.4785","1.4785","","",""
"2024-11-19","007548","202000021395","1.4754","1.4754","","",""
"2024-11-20","007548","202000021395","1.4784","1.4784","","",""
"2024-11-21","007548","202000021395","1.4768","1.4768","","",""
"2024-11-22","007548","202000021395","1.4461","1.4461","","",""
"2024-11-25","007548","202000021395","1.4479","1.4479","","",""
"2024-11-26","007548","202000021395","1.4467","1.4467","","",""
"2024-11-27","007548","202000021395","1.4791","1.4791","","",""
"2024-11-28","007548","202000021395","1.4496","1.4496","","",""
"2024-11-29","007548","202000021395","1.4614","1.4614","","",""
"2024-12-02","007548","202000021395","1.4598","1.4598","","",""
"2024-12-03","007548","202000021395","1.4663","1.4663","","",""
"2024-12-04","007548","202000021395","1.4638","1.4638","","",""
"2024-12-05","007548","202000021395","1.4526","1.4526","","",""
"2024-12-06","007548","202000021395","1.4748","1.4748","","",""
"2024-12-09","007548","202000021395","1.4843","1.4843","","",""
"2024-12-10","007548","202000021395","1.4935","1.4935","","",""
"2024-12-11","007548","202000021395","1.4891","1.4891","","",""
"2024-12-12","007548","202000021395","1.5205","1.5205","","",""
"2024-12-13","007548","202000021395","1.4826","1.4826","","",""
"2024-12-16","007548","202000021395","1.4667","1.4667","","",""
"2024-12-17","007548","202000021395","1.4700","1.4700","","",""
"2024-12-18","007548","202000021395","1.4741","1.4741","","",""
"2024-12-19","007548","202000021395","1.4690","1.4690","","",""
"2024-12-20","007548","202000021395","1.4656","1.4656","","",""
"2024-12-23","007548","202000021395","1.4631","1.4631","","",""
"2024-12-24","007548","202000021395","1.4796","1.4796","","",""
"2024-12-25","007548","202000021395","1.4753","1.4753","","",""
"2024-12-26","007548","202000021395","1.4756","1.4756","","",""
"2024-12-27","007548","202000021395","1.4646","1.4646","","",""
"2024-12-30","007548","202000021395","1.4630","1.4630","","",""
"2024-12-31","007548","202000021395","1.4664","1.4664","","",""
"2025-01-02","007548","202000021395","1.4408","1.4408","","",""
"2025-01-03","007548","202000021395","1.4334","1.4334","","",""
"2025-01-06","007548","202000021395","1.4167","1.4167","","",""
"2025-01-07","007548","202000021395","1.4050","1.4050","","",""
"2025-01-08","007548","202000021395","1.4005","1.4005","","",""
"2025-01-09","007548","202000021395","1.3997","1.3997","","",""
"2025-01-10","007548","202000021395","1.3927","1.3927","","",""
"2025-01-13","007548","202000021395","1.3969","1.3969","","",""
"2025-01-14","007548","202000021395","1.4320","1.4320","","",""
"2025-01-15","007548","202000021395","1.4314","1.4314","","",""
"2025-01-16","007548","202000021395","1.4346","1.4346","","",""
"2025-01-17","007548","202000021395","1.4353","1.4353","","",""
"2025-01-20","007548","202000021395","1.4453","1.4453","","",""
"2025-01-21","007548","202000021395","1.4435","1.4435","","",""
"2025-01-22","007548","202000021395","1.4249","1.4249","","",""
"2025-01-23","007548","202000021395","1.4258","1.4258","","",""
"2025-01-24","007548","202000021395","1.4307","1.4307","","",""
"2025-01-27","007548","202000021395","1.4457","1.4457","","",""
"2025-02-05","007548","202000021395","1.4627","1.4627","","",""
"2025-02-06","007548","202000021395","1.4655","1.4655","","",""
"2025-02-07","007548","202000021395","1.4793","1.4793","","",""
"2025-02-10","007548","202000021395","1.4911","1.4911","","",""
"2025-02-11","007548","202000021395","1.4849","1.4849","","",""
"2025-02-12","007548","202000021395","1.5154","1.5154","","",""
"2025-02-13","007548","202000021395","1.5338","1.5338","","",""
"2025-02-14","007548","202000021395","1.5628","1.5628","","",""
"2025-02-17","007548","202000021395","1.5584","1.5584","","",""
"2025-02-18","007548","202000021395","1.5600","1.5600","","",""
"2025-02-19","007548","202000021395","1.5563","1.5563","","",""
"2025-02-20","007548","202000021395","1.5506","1.5506","","",""
"2025-02-21","007548","202000021395","1.5902","1.5902","","",""
"2025-02-24","007548","202000021395","1.5827","1.5827","","",""
"2025-02-25","007548","202000021395","1.5539","1.5539","","",""
"2025-02-26","007548","202000021395","1.5839","1.5839","","",""
"2025-02-27","007548","202000021395","1.5989","1.5989","","",""
"2025-02-28","007548","202000021395","1.5698","1.5698","","",""
"2025-03-03","007548","202000021395","1.5793","1.5793","","",""
"2025-03-04","007548","202000021395","1.5741","1.5741","","",""
"2025-03-05","007548","202000021395","1.6037","1.6037","","",""
"2025-03-06","007548","202000021395","1.6507","1.6507","","",""
"2025-03-07","007548","202000021395","1.6434","1.6434","","",""
"2025-03-10","007548","202000021395","1.6354","1.6354","","",""
"2025-03-11","007548","202000021395","1.6661","1.6661","","",""
"2025-03-12","007548","202000021395","1.6591","1.6591","","",""
"2025-03-13","007548","202000021395","1.6528","1.6528","","",""
"2025-03-14","007548","202000021395","1.6933","1.6933","","",""
"2025-03-17","007548","202000021395","1.6991","1.6991","","",""
"2025-03-18","007548","202000021395","1.7174","1.7174","","",""
"2025-03-19","007548","202000021395","1.7058","1.7058","","",""
"2025-03-20","007548","202000021395","1.6747","1.6747","","",""
"2025-03-21","007548","202000021395","1.6509","1.6509","","",""
"2025-03-24","007548","202000021395","1.6582","1.6582","","",""
"2025-03-25","007548","202000021395","1.6412","1.6412","","",""
"2025-03-26","007548","202000021395","1.6450","1.6450","","",""
"2025-03-27","007548","202000021395","1.6513","1.6513","","",""
"2025-03-28","007548","202000021395","1.6367","1.6367","","",""
"2025-03-31","007548","202000021395","1.6187","1.6187","","",""
"2025-04-01","007548","202000021395","1.6335","1.6335","","",""
"2024-04-02","008264","202000021997","1.0347","1.0347","","",""
"2024-04-03","008264","202000021997","1.0341","1.0341","","",""
"2024-04-08","008264","202000021997","1.0311","1.0311","","",""
"2024-04-09","008264","202000021997","1.0280","1.0280","","",""
"2024-04-10","008264","202000021997","1.0281","1.0281","","",""
"2024-04-11","008264","202000021997","1.0410","1.0410","","",""
"2024-04-12","008264","202000021997","1.0462","1.0462","","",""
"2024-04-15","008264","202000021997","1.0671","1.0671","","",""
"2024-04-16","008264","202000021997","1.0539","1.0539","","",""
"2024-04-17","008264","202000021997","1.0720","1.0720","","",""
"2024-04-18","008264","202000021997","1.0727","1.0727","","",""
"2024-04-19","008264","202000021997","1.0726","1.0726","","",""
"2024-04-22","008264","202000021997","1.0606","1.0606","","",""
"2024-04-23","008264","202000021997","1.0410","1.0410","","",""
"2024-04-24","008264","202000021997","1.0524","1.0524","","",""
"2024-04-25","008264","202000021997","1.0482","1.0482","","",""
"2024-04-26","008264","202000021997","1.0645","1.0645","","",""
"2024-04-29","008264","202000021997","1.0671","1.0671","","",""
"2024-04-30","008264","202000021997","1.0777","1.0777","","",""
"2024-05-06","008264","202000021997","1.0966","1.0966","","",""
"2024-05-07","008264","202000021997","1.0955","1.0955","","",""
"2024-05-08","008264","202000021997","1.0885","1.0885","","",""
"2024-05-09","008264","202000021997","1.1039","1.1039","","",""
"2024-05-10","008264","202000021997","1.1108","1.1108","","",""
"2024-05-13","008264","202000021997","1.1197","1.1197","","",""
"2024-05-14","008264","202000021997","1.1198","1.1198","","",""
"2024-05-15","008264","202000021997","1.1141","1.1141","","",""
"2024-05-16","008264","202000021997","1.1018","1.1018","","",""
"2024-05-17","008264","202000021997","1.0984","1.0984","","",""
"2024-05-20","008264","202000021997","1.1044","1.1044","","",""
"2024-05-21","008264","202000021997","1.0978","1.0978","","",""
"2024-05-22","008264","202000021997","1.0855","1.0855","","",""
"2024-05-23","008264","202000021997","1.0760","1.0760","","",""
"2024-05-24","008264","202000021997","1.0720","1.0720","","",""
"2024-05-27","008264","202000021997","1.0885","1.0885","","",""
"2024-05-28","008264","202000021997","1.0811","1.0811","","",""
"2024-05-29","008264","202000021997","1.0795","1.0795","","",""
"2024-05-30","008264","202000021997","1.0711","1.0711","","",""
"2024-05-31","008264","202000021997","1.0674","1.0674","","",""
"2024-06-03","008264","202000021997","1.0740","1.0740","","",""
"2024-06-04","008264","202000021997","1.0790","1.0790","","",""
"2024-06-05","008264","202000021997","1.0653","1.0653","","",""
"2024-06-06","008264","202000021997","1.0722","1.0722","","",""
"2024-06-07","008264","202000021997","1.0682","1.0682","","",""
"2024-06-11","008264","202000021997","1.0597","1.0597","","",""
"2024-06-12","008264","202000021997","1.0649","1.0649","","",""
"2024-06-13","008264","202000021997","1.0601","1.0601","","",""
"2024-06-14","008264","202000021997","1.0673","1.0673","","",""
"2024-06-17","008264","202000021997","1.0661","1.0661","","",""
"2024-06-18","008264","202000021997","1.0743","1.0743","","",""
"2024-06-19","008264","202000021997","1.0733","1.0733","","",""
"2024-06-20","008264","202000021997","1.0716","1.0716","","",""
"2024-06-21","008264","202000021997","1.0691","1.0691","","",""
"2024-06-24","008264","202000021997","1.0566","1.0566","","",""
"2024-06-25","008264","202000021997","1.0529","1.0529","","",""
"2024-06-26","008264","202000021997","1.0576","1.0576","","",""
"2024-06-27","008264","202000021997","1.0418","1.0418","","",""
"2024-06-28","008264","202000021997","1.0538","1.0538","","",""
"2024-06-30","008264","202000021997","1.0537","1.0537","","",""
"2024-07-01","008264","202000021997","1.0665","1.0665","","",""
"2024-07-02","008264","202000021997","1.0540","1.0540","","",""
"2024-07-03","008264","202000021997","1.0428","1.0428","","",""
"2024-07-04","008264","202000021997","1.0406","1.0406","","",""
"2024-07-05","008264","202000021997","1.0427","1.0427","","",""
"2024-07-08","008264","202000021997","1.0360","1.0360","","",""
"2024-07-09","008264","202000021997","1.0563","1.0563","","",""
"2024-07-10","008264","202000021997","1.0472","1.0472","","",""
"2024-07-11","008264","202000021997","1.0573","1.0573","","",""
"2024-07-12","008264","202000021997","1.0555","1.0555","","",""
"2024-07-15","008264","202000021997","1.0501","1.0501","","",""
"2024-07-16","008264","202000021997","1.0464","1.0464","","",""
"2024-07-17","008264","202000021997","1.0248","1.0248","","",""
"2024-07-18","008264","202000021997","1.0275","1.0275","","",""
"2024-07-19","008264","202000021997","1.0184","1.0184","","",""
"2024-07-22","008264","202000021997","1.0167","1.0167","","",""
"2024-07-23","008264","202000021997","0.9933","0.9933","","",""
"2024-07-24","008264","202000021997","0.9854","0.9854","","",""
"2024-07-25","008264","202000021997","0.9698","0.9698","","",""
"2024-07-26","008264","202000021997","0.9787","0.9787","","",""
"2024-07-29","008264","202000021997","0.9796","0.9796","","",""
"2024-07-30","008264","202000021997","0.9707","0.9707","","",""
"2024-07-31","008264","202000021997","0.9895","0.9895","","",""
"2024-08-01","008264","202000021997","0.9878","0.9878","","",""
"2024-08-02","008264","202000021997","0.9766","0.9766","","",""
"2024-08-05","008264","202000021997","0.9544","0.9544","","",""
"2024-08-06","008264","202000021997","0.9555","0.9555","","",""
"2024-08-07","008264","202000021997","0.9628","0.9628","","",""
"2024-08-08","008264","202000021997","0.9620","0.9620","","",""
"2024-08-09","008264","202000021997","0.9600","0.9600","","",""
"2024-08-12","008264","202000021997","0.9637","0.9637","","",""
"2024-08-13","008264","202000021997","0.9678","0.9678","","",""
"2024-08-14","008264","202000021997","0.9619","0.9619","","",""
"2024-08-15","008264","202000021997","0.9639","0.9639","","",""
"2024-08-16","008264","202000021997","0.9693","0.9693","","",""
"2024-08-19","008264","202000021997","0.9723","0.9723","","",""
"2024-08-20","008264","202000021997","0.9655","0.9655","","",""
"2024-08-21","008264","202000021997","0.9678","0.9678","","",""
"2024-08-22","008264","202000021997","0.9724","0.9724","","",""
"2024-08-23","008264","202000021997","0.9756","0.9756","","",""
"2024-08-26","008264","202000021997","0.9735","0.9735","","",""
"2024-08-27","008264","202000021997","0.9699","0.9699","","",""
"2024-08-28","008264","202000021997","0.9676","0.9676","","",""
"2024-08-29","008264","202000021997","0.9700","0.9700","","",""
"2024-08-30","008264","202000021997","0.9721","0.9721","","",""
"2024-09-02","008264","202000021997","0.9665","0.9665","","",""
"2024-09-03","008264","202000021997","0.9699","0.9699","","",""
"2024-09-04","008264","202000021997","0.9653","0.9653","","",""
"2024-09-05","008264","202000021997","0.9621","0.9621","","",""
"2024-09-06","008264","202000021997","0.9528","0.9528","","",""
"2024-09-09","008264","202000021997","0.9455","0.9455","","",""
"2024-09-10","008264","202000021997","0.9454","0.9454","","",""
"2024-09-11","008264","202000021997","0.9456","0.9456","","",""
"2024-09-12","008264","202000021997","0.9437","0.9437","","",""
"2024-09-13","008264","202000021997","0.9444","0.9444","","",""
"2024-09-18","008264","202000021997","0.9473","0.9473","","",""
"2024-09-19","008264","202000021997","0.9485","0.9485","","",""
"2024-09-20","008264","202000021997","0.9461","0.9461","","",""
"2024-09-23","008264","202000021997","0.9480","0.9480","","",""
"2024-09-24","008264","202000021997","0.9727","0.9727","","",""
"2024-09-25","008264","202000021997","0.9779","0.9779","","",""
"2024-09-26","008264","202000021997","0.9990","0.9990","","",""
"2024-09-27","008264","202000021997","1.0186","1.0186","","",""
"2024-09-30","008264","202000021997","1.0757","1.0757","","",""
"2024-10-08","008264","202000021997","1.1239","1.1239","","",""
"2024-10-09","008264","202000021997","1.0642","1.0642","","",""
"2024-10-10","008264","202000021997","1.0830","1.0830","","",""
"2024-10-11","008264","202000021997","1.0656","1.0656","","",""
"2024-10-14","008264","202000021997","1.0761","1.0761","","",""
"2024-10-15","008264","202000021997","1.0489","1.0489","","",""
"2024-10-16","008264","202000021997","1.0388","1.0388","","",""
"2024-10-17","008264","202000021997","1.0335","1.0335","","",""
"2024-10-18","008264","202000021997","1.0710","1.0710","","",""
"2024-10-21","008264","202000021997","1.0675","1.0675","","",""
"2024-10-22","008264","202000021997","1.0781","1.0781","","",""
"2024-10-23","008264","202000021997","1.0802","1.0802","","",""
"2024-10-24","008264","202000021997","1.0733","1.0733","","",""
"2024-10-25","008264","202000021997","1.0733","1.0733","","",""
"2024-10-28","008264","202000021997","1.0647","1.0647","","",""
"2024-10-29","008264","202000021997","1.0587","1.0587","","",""
"2024-10-30","008264","202000021997","1.0483","1.0483","","",""
"2024-10-31","008264","202000021997","1.0376","1.0376","","",""
"2024-11-01","008264","202000021997","1.0354","1.0354","","",""
"2024-11-04","008264","202000021997","1.0457","1.0457","","",""
"2024-11-05","008264","202000021997","1.0627","1.0627","","",""
"2024-11-06","008264","202000021997","1.0517","1.0517","","",""
"2024-11-07","008264","202000021997","1.0679","1.0679","","",""
"2024-11-08","008264","202000021997","1.0626","1.0626","","",""
"2024-11-11","008264","202000021997","1.0668","1.0668","","",""
"2024-11-12","008264","202000021997","1.0562","1.0562","","",""
"2024-11-13","008264","202000021997","1.0621","1.0621","","",""
"2024-11-14","008264","202000021997","1.0433","1.0433","","",""
"2024-11-15","008264","202000021997","1.0303","1.0303","","",""
"2024-11-18","008264","202000021997","1.0221","1.0221","","",""
"2024-11-19","008264","202000021997","1.0356","1.0356","","",""
"2024-11-20","008264","202000021997","1.0437","1.0437","","",""
"2024-11-21","008264","202000021997","1.0451","1.0451","","",""
"2024-11-22","008264","202000021997","1.0224","1.0224","","",""
"2024-11-25","008264","202000021997","1.0203","1.0203","","",""
"2024-11-26","008264","202000021997","1.0151","1.0151","","",""
"2024-11-27","008264","202000021997","1.0348","1.0348","","",""
"2024-11-28","008264","202000021997","1.0258","1.0258","","",""
"2024-11-29","008264","202000021997","1.0368","1.0368","","",""
"2024-12-02","008264","202000021997","1.0451","1.0451","","",""
"2024-12-03","008264","202000021997","1.0473","1.0473","","",""
"2024-12-04","008264","202000021997","1.0407","1.0407","","",""
"2024-12-05","008264","202000021997","1.0366","1.0366","","",""
"2024-12-06","008264","202000021997","1.0489","1.0489","","",""
"2024-12-09","008264","202000021997","1.0565","1.0565","","",""
"2024-12-10","008264","202000021997","1.0541","1.0541","","",""
"2024-12-11","008264","202000021997","1.0588","1.0588","","",""
"2024-12-12","008264","202000021997","1.0679","1.0679","","",""
"2024-12-13","008264","202000021997","1.0519","1.0519","","",""
"2024-12-16","008264","202000021997","1.0434","1.0434","","",""
"2024-12-17","008264","202000021997","1.0411","1.0411","","",""
"2024-12-18","008264","202000021997","1.0457","1.0457","","",""
"2024-12-19","008264","202000021997","1.0473","1.0473","","",""
"2024-12-20","008264","202000021997","1.0465","1.0465","","",""
"2024-12-23","008264","202000021997","1.0392","1.0392","","",""
"2024-12-24","008264","202000021997","1.0516","1.0516","","",""
"2024-12-25","008264","202000021997","1.0448","1.0448","","",""
"2024-12-26","008264","202000021997","1.0511","1.0511","","",""
"2024-12-27","008264","202000021997","1.0475","1.0475","","",""
"2024-12-30","008264","202000021997","1.0485","1.0485","","",""
"2024-12-31","008264","202000021997","1.0437","1.0437","","",""
"2025-01-02","008264","202000021997","1.0243","1.0243","","",""
"2025-01-03","008264","202000021997","1.0179","1.0179","","",""
"2025-01-06","008264","202000021997","1.0150","1.0150","","",""
"2025-01-07","008264","202000021997","1.0178","1.0178","","",""
"2025-01-08","008264","202000021997","1.0180","1.0180","","",""
"2025-01-09","008264","202000021997","1.0189","1.0189","","",""
"2025-01-10","008264","202000021997","1.0059","1.0059","","",""
"2025-01-13","008264","202000021997","0.9945","0.9945","","",""
"2025-01-14","008264","202000021997","1.0189","1.0189","","",""
"2025-01-15","008264","202000021997","1.0101","1.0101","","",""
"2025-01-16","008264","202000021997","1.0147","1.0147","","",""
"2025-01-17","008264","202000021997","1.0218","1.0218","","",""
"2025-01-20","008264","202000021997","1.0323","1.0323","","",""
"2025-01-21","008264","202000021997","1.0440","1.0440","","",""
"2025-01-22","008264","202000021997","1.0417","1.0417","","",""
"2025-01-23","008264","202000021997","1.0307","1.0307","","",""
"2025-01-24","008264","202000021997","1.0455","1.0455","","",""
"2025-01-27","008264","202000021997","1.0442","1.0442","","",""
"2025-02-05","008264","202000021997","1.0357","1.0357","","",""
"2025-02-06","008264","202000021997","1.0477","1.0477","","",""
"2025-02-07","008264","202000021997","1.0573","1.0573","","",""
"2025-02-10","008264","202000021997","1.0597","1.0597","","",""
"2025-02-11","008264","202000021997","1.0582","1.0582","","",""
"2025-02-12","008264","202000021997","1.0683","1.0683","","",""
"2025-02-13","008264","202000021997","1.0480","1.0480","","",""
"2025-02-14","008264","202000021997","1.0691","1.0691","","",""
"2025-02-17","008264","202000021997","1.0701","1.0701","","",""
"2025-02-18","008264","202000021997","1.0711","1.0711","","",""
"2025-02-19","008264","202000021997","1.0843","1.0843","","",""
"2025-02-20","008264","202000021997","1.0811","1.0811","","",""
"2025-02-21","008264","202000021997","1.1092","1.1092","","",""
"2025-02-24","008264","202000021997","1.0993","1.0993","","",""
"2025-02-25","008264","202000021997","1.0889","1.0889","","",""
"2025-02-26","008264","202000021997","1.1023","1.1023","","",""
"2025-02-27","008264","202000021997","1.0959","1.0959","","",""
"2025-02-28","008264","202000021997","1.0635","1.0635","","",""
"2025-03-03","008264","202000021997","1.0656","1.0656","","",""
"2025-03-04","008264","202000021997","1.0701","1.0701","","",""
"2025-03-05","008264","202000021997","1.0909","1.0909","","",""
"2025-03-06","008264","202000021997","1.1082","1.1082","","",""
"2025-03-07","008264","202000021997","1.1034","1.1034","","",""
"2025-03-10","008264","202000021997","1.0921","1.0921","","",""
"2025-03-11","008264","202000021997","1.0946","1.0946","","",""
"2025-03-12","008264","202000021997","1.0886","1.0886","","",""
"2025-03-13","008264","202000021997","1.0811","1.0811","","",""
"2025-03-14","008264","202000021997","1.1033","1.1033","","",""
"2025-03-17","008264","202000021997","1.1088","1.1088","","",""
"2025-03-18","008264","202000021997","1.1339","1.1339","","",""
"2025-03-19","008264","202000021997","1.1348","1.1348","","",""
"2025-03-20","008264","202000021997","1.1224","1.1224","","",""
"2025-03-21","008264","202000021997","1.1000","1.1000","","",""
"2025-03-24","008264","202000021997","1.1150","1.1150","","",""
"2025-03-25","008264","202000021997","1.0977","1.0977","","",""
"2025-03-26","008264","202000021997","1.1064","1.1064","","",""
"2025-03-27","008264","202000021997","1.1177","1.1177","","",""
"2025-03-28","008264","202000021997","1.1131","1.1131","","",""
"2025-03-31","008264","202000021997","1.1076","1.1076","","",""
"2025-04-01","008264","202000021997","1.1137","1.1137","","",""
"2024-04-02","008265","202000021998","1.0084","1.0084","","",""
"2024-04-03","008265","202000021998","1.0078","1.0078","","",""
"2024-04-08","008265","202000021998","1.0048","1.0048","","",""
"2024-04-09","008265","202000021998","1.0017","1.0017","","",""
"2024-04-10","008265","202000021998","1.0018","1.0018","","",""
"2024-04-11","008265","202000021998","1.0144","1.0144","","",""
"2024-04-12","008265","202000021998","1.0195","1.0195","","",""
"2024-04-15","008265","202000021998","1.0398","1.0398","","",""
"2024-04-16","008265","202000021998","1.0269","1.0269","","",""
"2024-04-17","008265","202000021998","1.0445","1.0445","","",""
"2024-04-18","008265","202000021998","1.0452","1.0452","","",""
"2024-04-19","008265","202000021998","1.0450","1.0450","","",""
"2024-04-22","008265","202000021998","1.0333","1.0333","","",""
"2024-04-23","008265","202000021998","1.0142","1.0142","","",""
"2024-04-24","008265","202000021998","1.0253","1.0253","","",""
"2024-04-25","008265","202000021998","1.0212","1.0212","","",""
"2024-04-26","008265","202000021998","1.0371","1.0371","","",""
"2024-04-29","008265","202000021998","1.0395","1.0395","","",""
"2024-04-30","008265","202000021998","1.0498","1.0498","","",""
"2024-05-06","008265","202000021998","1.0681","1.0681","","",""
"2024-05-07","008265","202000021998","1.0670","1.0670","","",""
"2024-05-08","008265","202000021998","1.0602","1.0602","","",""
"2024-05-09","008265","202000021998","1.0751","1.0751","","",""
"2024-05-10","008265","202000021998","1.0818","1.0818","","",""
"2024-05-13","008265","202000021998","1.0905","1.0905","","",""
"2024-05-14","008265","202000021998","1.0905","1.0905","","",""
"2024-05-15","008265","202000021998","1.0850","1.0850","","",""
"2024-05-16","008265","202000021998","1.0730","1.0730","","",""
"2024-05-17","008265","202000021998","1.0697","1.0697","","",""
"2024-05-20","008265","202000021998","1.0754","1.0754","","",""
"2024-05-21","008265","202000021998","1.0691","1.0691","","",""
"2024-05-22","008265","202000021998","1.0571","1.0571","","",""
"2024-05-23","008265","202000021998","1.0478","1.0478","","",""
"2024-05-24","008265","202000021998","1.0439","1.0439","","",""
"2024-05-27","008265","202000021998","1.0599","1.0599","","",""
"2024-05-28","008265","202000021998","1.0526","1.0526","","",""
"2024-05-29","008265","202000021998","1.0511","1.0511","","",""
"2024-05-30","008265","202000021998","1.0428","1.0428","","",""
"2024-05-31","008265","202000021998","1.0393","1.0393","","",""
"2024-06-03","008265","202000021998","1.0456","1.0456","","",""
"2024-06-04","008265","202000021998","1.0505","1.0505","","",""
"2024-06-05","008265","202000021998","1.0371","1.0371","","",""
"2024-06-06","008265","202000021998","1.0438","1.0438","","",""
"2024-06-07","008265","202000021998","1.0400","1.0400","","",""
"2024-06-11","008265","202000021998","1.0315","1.0315","","",""
"2024-06-12","008265","202000021998","1.0366","1.0366","","",""
"2024-06-13","008265","202000021998","1.0320","1.0320","","",""
"2024-06-14","008265","202000021998","1.0389","1.0389","","",""
"2024-06-17","008265","202000021998","1.0377","1.0377","","",""
"2024-06-18","008265","202000021998","1.0456","1.0456","","",""
"2024-06-19","008265","202000021998","1.0446","1.0446","","",""
"2024-06-20","008265","202000021998","1.0430","1.0430","","",""
"2024-06-21","008265","202000021998","1.0405","1.0405","","",""
"2024-06-24","008265","202000021998","1.0283","1.0283","","",""
"2024-06-25","008265","202000021998","1.0247","1.0247","","",""
"2024-06-26","008265","202000021998","1.0292","1.0292","","",""
"2024-06-27","008265","202000021998","1.0138","1.0138","","",""
"2024-06-28","008265","202000021998","1.0255","1.0255","","",""
"2024-06-30","008265","202000021998","1.0254","1.0254","","",""
"2024-07-01","008265","202000021998","1.0378","1.0378","","",""
"2024-07-02","008265","202000021998","1.0257","1.0257","","",""
"2024-07-03","008265","202000021998","1.0147","1.0147","","",""
"2024-07-04","008265","202000021998","1.0126","1.0126","","",""
"2024-07-05","008265","202000021998","1.0147","1.0147","","",""
"2024-07-08","008265","202000021998","1.0081","1.0081","","",""
"2024-07-09","008265","202000021998","1.0278","1.0278","","",""
"2024-07-10","008265","202000021998","1.0189","1.0189","","",""
"2024-07-11","008265","202000021998","1.0288","1.0288","","",""
"2024-07-12","008265","202000021998","1.0270","1.0270","","",""
"2024-07-15","008265","202000021998","1.0217","1.0217","","",""
"2024-07-16","008265","202000021998","1.0180","1.0180","","",""
"2024-07-17","008265","202000021998","0.9971","0.9971","","",""
"2024-07-18","008265","202000021998","0.9997","0.9997","","",""
"2024-07-19","008265","202000021998","0.9907","0.9907","","",""
"2024-07-22","008265","202000021998","0.9891","0.9891","","",""
"2024-07-23","008265","202000021998","0.9662","0.9662","","",""
"2024-07-24","008265","202000021998","0.9586","0.9586","","",""
"2024-07-25","008265","202000021998","0.9434","0.9434","","",""
"2024-07-26","008265","202000021998","0.9520","0.9520","","",""
"2024-07-29","008265","202000021998","0.9528","0.9528","","",""
"2024-07-30","008265","202000021998","0.9441","0.9441","","",""
"2024-07-31","008265","202000021998","0.9625","0.9625","","",""
"2024-08-01","008265","202000021998","0.9608","0.9608","","",""
"2024-08-02","008265","202000021998","0.9498","0.9498","","",""
"2024-08-05","008265","202000021998","0.9283","0.9283","","",""
"2024-08-06","008265","202000021998","0.9293","0.9293","","",""
"2024-08-07","008265","202000021998","0.9363","0.9363","","",""
"2024-08-08","008265","202000021998","0.9356","0.9356","","",""
"2024-08-09","008265","202000021998","0.9336","0.9336","","",""
"2024-08-12","008265","202000021998","0.9371","0.9371","","",""
"2024-08-13","008265","202000021998","0.9411","0.9411","","",""
"2024-08-14","008265","202000021998","0.9354","0.9354","","",""
"2024-08-15","008265","202000021998","0.9374","0.9374","","",""
"2024-08-16","008265","202000021998","0.9425","0.9425","","",""
"2024-08-19","008265","202000021998","0.9455","0.9455","","",""
"2024-08-20","008265","202000021998","0.9388","0.9388","","",""
"2024-08-21","008265","202000021998","0.9410","0.9410","","",""
"2024-08-22","008265","202000021998","0.9454","0.9454","","",""
"2024-08-23","008265","202000021998","0.9485","0.9485","","",""
"2024-08-26","008265","202000021998","0.9464","0.9464","","",""
"2024-08-27","008265","202000021998","0.9430","0.9430","","",""
"2024-08-28","008265","202000021998","0.9407","0.9407","","",""
"2024-08-29","008265","202000021998","0.9431","0.9431","","",""
"2024-08-30","008265","202000021998","0.9450","0.9450","","",""
"2024-09-02","008265","202000021998","0.9396","0.9396","","",""
"2024-09-03","008265","202000021998","0.9429","0.9429","","",""
"2024-09-04","008265","202000021998","0.9384","0.9384","","",""
"2024-09-05","008265","202000021998","0.9353","0.9353","","",""
"2024-09-06","008265","202000021998","0.9262","0.9262","","",""
"2024-09-09","008265","202000021998","0.9190","0.9190","","",""
"2024-09-10","008265","202000021998","0.9190","0.9190","","",""
"2024-09-11","008265","202000021998","0.9191","0.9191","","",""
"2024-09-12","008265","202000021998","0.9172","0.9172","","",""
"2024-09-13","008265","202000021998","0.9179","0.9179","","",""
"2024-09-18","008265","202000021998","0.9206","0.9206","","",""
"2024-09-19","008265","202000021998","0.9218","0.9218","","",""
"2024-09-20","008265","202000021998","0.9195","0.9195","","",""
"2024-09-23","008265","202000021998","0.9213","0.9213","","",""
"2024-09-24","008265","202000021998","0.9452","0.9452","","",""
"2024-09-25","008265","202000021998","0.9503","0.9503","","",""
"2024-09-26","008265","202000021998","0.9708","0.9708","","",""
"2024-09-27","008265","202000021998","0.9898","0.9898","","",""
"2024-09-30","008265","202000021998","1.0452","1.0452","","",""
"2024-10-08","008265","202000021998","1.0950","1.0950","","",""
"2024-10-09","008265","202000021998","1.0368","1.0368","","",""
"2024-10-10","008265","202000021998","1.0551","1.0551","","",""
"2024-10-11","008265","202000021998","1.0382","1.0382","","",""
"2024-10-14","008265","202000021998","1.0484","1.0484","","",""
"2024-10-15","008265","202000021998","1.0218","1.0218","","",""
"2024-10-16","008265","202000021998","1.0120","1.0120","","",""
"2024-10-17","008265","202000021998","1.0068","1.0068","","",""
"2024-10-18","008265","202000021998","1.0433","1.0433","","",""
"2024-10-21","008265","202000021998","1.0399","1.0399","","",""
"2024-10-22","008265","202000021998","1.0501","1.0501","","",""
"2024-10-23","008265","202000021998","1.0522","1.0522","","",""
"2024-10-24","008265","202000021998","1.0455","1.0455","","",""
"2024-10-25","008265","202000021998","1.0454","1.0454","","",""
"2024-10-28","008265","202000021998","1.0370","1.0370","","",""
"2024-10-29","008265","202000021998","1.0312","1.0312","","",""
"2024-10-30","008265","202000021998","1.0210","1.0210","","",""
"2024-10-31","008265","202000021998","1.0106","1.0106","","",""
"2024-11-01","008265","202000021998","1.0084","1.0084","","",""
"2024-11-04","008265","202000021998","1.0184","1.0184","","",""
"2024-11-05","008265","202000021998","1.0349","1.0349","","",""
"2024-11-06","008265","202000021998","1.0242","1.0242","","",""
"2024-11-07","008265","202000021998","1.0400","1.0400","","",""
"2024-11-08","008265","202000021998","1.0348","1.0348","","",""
"2024-11-11","008265","202000021998","1.0388","1.0388","","",""
"2024-11-12","008265","202000021998","1.0284","1.0284","","",""
"2024-11-13","008265","202000021998","1.0343","1.0343","","",""
"2024-11-14","008265","202000021998","1.0159","1.0159","","",""
"2024-11-15","008265","202000021998","1.0032","1.0032","","",""
"2024-11-18","008265","202000021998","0.9952","0.9952","","",""
"2024-11-19","008265","202000021998","1.0083","1.0083","","",""
"2024-11-20","008265","202000021998","1.0161","1.0161","","",""
"2024-11-21","008265","202000021998","1.0175","1.0175","","",""
"2024-11-22","008265","202000021998","0.9954","0.9954","","",""
"2024-11-25","008265","202000021998","0.9934","0.9934","","",""
"2024-11-26","008265","202000021998","0.9882","0.9882","","",""
"2024-11-27","008265","202000021998","1.0074","1.0074","","",""
"2024-11-28","008265","202000021998","0.9986","0.9986","","",""
"2024-11-29","008265","202000021998","1.0093","1.0093","","",""
"2024-12-02","008265","202000021998","1.0174","1.0174","","",""
"2024-12-03","008265","202000021998","1.0194","1.0194","","",""
"2024-12-04","008265","202000021998","1.0130","1.0130","","",""
"2024-12-05","008265","202000021998","1.0090","1.0090","","",""
"2024-12-06","008265","202000021998","1.0210","1.0210","","",""
"2024-12-09","008265","202000021998","1.0283","1.0283","","",""
"2024-12-10","008265","202000021998","1.0260","1.0260","","",""
"2024-12-11","008265","202000021998","1.0305","1.0305","","",""
"2024-12-12","008265","202000021998","1.0394","1.0394","","",""
"2024-12-13","008265","202000021998","1.0238","1.0238","","",""
"2024-12-16","008265","202000021998","1.0154","1.0154","","",""
"2024-12-17","008265","202000021998","1.0132","1.0132","","",""
"2024-12-18","008265","202000021998","1.0177","1.0177","","",""
"2024-12-19","008265","202000021998","1.0192","1.0192","","",""
"2024-12-20","008265","202000021998","1.0184","1.0184","","",""
"2024-12-23","008265","202000021998","1.0112","1.0112","","",""
"2024-12-24","008265","202000021998","1.0233","1.0233","","",""
"2024-12-25","008265","202000021998","1.0167","1.0167","","",""
"2024-12-26","008265","202000021998","1.0228","1.0228","","",""
"2024-12-27","008265","202000021998","1.0193","1.0193","","",""
"2024-12-30","008265","202000021998","1.0202","1.0202","","",""
"2024-12-31","008265","202000021998","1.0155","1.0155","","",""
"2025-01-02","008265","202000021998","0.9966","0.9966","","",""
"2025-01-03","008265","202000021998","0.9903","0.9903","","",""
"2025-01-06","008265","202000021998","0.9875","0.9875","","",""
"2025-01-07","008265","202000021998","0.9902","0.9902","","",""
"2025-01-08","008265","202000021998","0.9903","0.9903","","",""
"2025-01-09","008265","202000021998","0.9912","0.9912","","",""
"2025-01-10","008265","202000021998","0.9786","0.9786","","",""
"2025-01-13","008265","202000021998","0.9675","0.9675","","",""
"2025-01-14","008265","202000021998","0.9911","0.9911","","",""
"2025-01-15","008265","202000021998","0.9826","0.9826","","",""
"2025-01-16","008265","202000021998","0.9871","0.9871","","",""
"2025-01-17","008265","202000021998","0.9939","0.9939","","",""
"2025-01-20","008265","202000021998","1.0041","1.0041","","",""
"2025-01-21","008265","202000021998","1.0155","1.0155","","",""
"2025-01-22","008265","202000021998","1.0132","1.0132","","",""
"2025-01-23","008265","202000021998","1.0024","1.0024","","",""
"2025-01-24","008265","202000021998","1.0168","1.0168","","",""
"2025-01-27","008265","202000021998","1.0155","1.0155","","",""
"2025-02-05","008265","202000021998","1.0071","1.0071","","",""
"2025-02-06","008265","202000021998","1.0187","1.0187","","",""
"2025-02-07","008265","202000021998","1.0280","1.0280","","",""
"2025-02-10","008265","202000021998","1.0303","1.0303","","",""
"2025-02-11","008265","202000021998","1.0289","1.0289","","",""
"2025-02-12","008265","202000021998","1.0387","1.0387","","",""
"2025-02-13","008265","202000021998","1.0190","1.0190","","",""
"2025-02-14","008265","202000021998","1.0394","1.0394","","",""
"2025-02-17","008265","202000021998","1.0404","1.0404","","",""
"2025-02-18","008265","202000021998","1.0413","1.0413","","",""
"2025-02-19","008265","202000021998","1.0542","1.0542","","",""
"2025-02-20","008265","202000021998","1.0510","1.0510","","",""
"2025-02-21","008265","202000021998","1.0783","1.0783","","",""
"2025-02-24","008265","202000021998","1.0686","1.0686","","",""
"2025-02-25","008265","202000021998","1.0585","1.0585","","",""
"2025-02-26","008265","202000021998","1.0715","1.0715","","",""
"2025-02-27","008265","202000021998","1.0652","1.0652","","",""
"2025-02-28","008265","202000021998","1.0338","1.0338","","",""
"2025-03-03","008265","202000021998","1.0357","1.0357","","",""
"2025-03-04","008265","202000021998","1.0401","1.0401","","",""
"2025-03-05","008265","202000021998","1.0603","1.0603","","",""
"2025-03-06","008265","202000021998","1.0771","1.0771","","",""
"2025-03-07","008265","202000021998","1.0724","1.0724","","",""
"2025-03-10","008265","202000021998","1.0614","1.0614","","",""
"2025-03-11","008265","202000021998","1.0638","1.0638","","",""
"2025-03-12","008265","202000021998","1.0579","1.0579","","",""
"2025-03-13","008265","202000021998","1.0506","1.0506","","",""
"2025-03-14","008265","202000021998","1.0722","1.0722","","",""
"2025-03-17","008265","202000021998","1.0775","1.0775","","",""
"2025-03-18","008265","202000021998","1.1018","1.1018","","",""
"2025-03-19","008265","202000021998","1.1027","1.1027","","",""
"2025-03-20","008265","202000021998","1.0906","1.0906","","",""
"2025-03-21","008265","202000021998","1.0688","1.0688","","",""
"2025-03-24","008265","202000021998","1.0834","1.0834","","",""
"2025-03-25","008265","202000021998","1.0665","1.0665","","",""
"2025-03-26","008265","202000021998","1.0750","1.0750","","",""
"2025-03-27","008265","202000021998","1.0860","1.0860","","",""
"2025-03-28","008265","202000021998","1.0815","1.0815","","",""
"2025-03-31","008265","202000021998","1.0761","1.0761","","",""
"2025-04-01","008265","202000021998","1.0820","1.0820","","",""
"2024-04-02","009246","202000023518","0.8066","0.8066","","",""
"2024-04-03","009246","202000023518","0.8078","0.8078","","",""
"2024-04-08","009246","202000023518","0.7989","0.7989","","",""
"2024-04-09","009246","202000023518","0.8005","0.8005","","",""
"2024-04-10","009246","202000023518","0.7941","0.7941","","",""
"2024-04-11","009246","202000023518","0.7987","0.7987","","",""
"2024-04-12","009246","202000023518","0.7968","0.7968","","",""
"2024-04-15","009246","202000023518","0.8080","0.8080","","",""
"2024-04-16","009246","202000023518","0.7941","0.7941","","",""
"2024-04-17","009246","202000023518","0.8129","0.8129","","",""
"2024-04-18","009246","202000023518","0.8130","0.8130","","",""
"2024-04-19","009246","202000023518","0.8097","0.8097","","",""
"2024-04-22","009246","202000023518","0.8057","0.8057","","",""
"2024-04-23","009246","202000023518","0.7988","0.7988","","",""
"2024-04-24","009246","202000023518","0.8060","0.8060","","",""
"2024-04-25","009246","202000023518","0.8040","0.8040","","",""
"2024-04-26","009246","202000023518","0.8140","0.8140","","",""
"2024-04-29","009246","202000023518","0.8229","0.8229","","",""
"2024-04-30","009246","202000023518","0.8219","0.8219","","",""
"2024-05-06","009246","202000023518","0.8354","0.8354","","",""
"2024-05-07","009246","202000023518","0.8356","0.8356","","",""
"2024-05-08","009246","202000023518","0.8284","0.8284","","",""
"2024-05-09","009246","202000023518","0.8381","0.8381","","",""
"2024-05-10","009246","202000023518","0.8373","0.8373","","",""
"2024-05-13","009246","202000023518","0.8371","0.8371","","",""
"2024-05-14","009246","202000023518","0.8378","0.8378","","",""
"2024-05-15","009246","202000023518","0.8326","0.8326","","",""
"2024-05-16","009246","202000023518","0.8303","0.8303","","",""
"2024-05-17","009246","202000023518","0.8341","0.8341","","",""
"2024-05-20","009246","202000023518","0.8385","0.8385","","",""
"2024-05-21","009246","202000023518","0.8355","0.8355","","",""
"2024-05-22","009246","202000023518","0.8323","0.8323","","",""
"2024-05-23","009246","202000023518","0.8220","0.8220","","",""
"2024-05-24","009246","202000023518","0.8157","0.8157","","",""
"2024-05-27","009246","202000023518","0.8243","0.8243","","",""
"2024-05-28","009246","202000023518","0.8179","0.8179","","",""
"2024-05-29","009246","202000023518","0.8191","0.8191","","",""
"2024-05-30","009246","202000023518","0.8151","0.8151","","",""
"2024-05-31","009246","202000023518","0.8141","0.8141","","",""
"2024-06-03","009246","202000023518","0.8136","0.8136","","",""
"2024-06-04","009246","202000023518","0.8199","0.8199","","",""
"2024-06-05","009246","202000023518","0.8109","0.8109","","",""
"2024-06-06","009246","202000023518","0.8082","0.8082","","",""
"2024-06-07","009246","202000023518","0.8056","0.8056","","",""
"2024-06-11","009246","202000023518","0.8031","0.8031","","",""
"2024-06-12","009246","202000023518","0.8066","0.8066","","",""
"2024-06-13","009246","202000023518","0.8018","0.8018","","",""
"2024-06-14","009246","202000023518","0.8043","0.8043","","",""
"2024-06-17","009246","202000023518","0.8014","0.8014","","",""
"2024-06-18","009246","202000023518","0.8064","0.8064","","",""
"2024-06-19","009246","202000023518","0.8022","0.8022","","",""
"2024-06-20","009246","202000023518","0.7987","0.7987","","",""
"2024-06-21","009246","202000023518","0.7993","0.7993","","",""
"2024-06-24","009246","202000023518","0.7917","0.7917","","",""
"2024-06-25","009246","202000023518","0.7893","0.7893","","",""
"2024-06-26","009246","202000023518","0.7948","0.7948","","",""
"2024-06-27","009246","202000023518","0.7894","0.7894","","",""
"2024-06-28","009246","202000023518","0.7969","0.7969","","",""
"2024-06-30","009246","202000023518","0.7968","0.7968","","",""
"2024-07-01","009246","202000023518","0.8053","0.8053","","",""
"2024-07-02","009246","202000023518","0.8007","0.8007","","",""
"2024-07-03","009246","202000023518","0.7944","0.7944","","",""
"2024-07-04","009246","202000023518","0.7904","0.7904","","",""
"2024-07-05","009246","202000023518","0.7898","0.7898","","",""
"2024-07-08","009246","202000023518","0.7830","0.7830","","",""
"2024-07-09","009246","202000023518","0.7917","0.7917","","",""
"2024-07-10","009246","202000023518","0.7843","0.7843","","",""
"2024-07-11","009246","202000023518","0.7915","0.7915","","",""
"2024-07-12","009246","202000023518","0.7903","0.7903","","",""
"2024-07-15","009246","202000023518","0.7906","0.7906","","",""
"2024-07-16","009246","202000023518","0.7910","0.7910","","",""
"2024-07-17","009246","202000023518","0.7852","0.7852","","",""
"2024-07-18","009246","202000023518","0.7905","0.7905","","",""
"2024-07-19","009246","202000023518","0.7896","0.7896","","",""
"2024-07-22","009246","202000023518","0.7842","0.7842","","",""
"2024-07-23","009246","202000023518","0.7703","0.7703","","",""
"2024-07-24","009246","202000023518","0.7677","0.7677","","",""
"2024-07-25","009246","202000023518","0.7645","0.7645","","",""
"2024-07-26","009246","202000023518","0.7698","0.7698","","",""
"2024-07-29","009246","202000023518","0.7679","0.7679","","",""
"2024-07-30","009246","202000023518","0.7625","0.7625","","",""
"2024-07-31","009246","202000023518","0.7776","0.7776","","",""
"2024-08-01","009246","202000023518","0.7747","0.7747","","",""
"2024-08-02","009246","202000023518","0.7676","0.7676","","",""
"2024-08-05","009246","202000023518","0.7552","0.7552","","",""
"2024-08-06","009246","202000023518","0.7584","0.7584","","",""
"2024-08-07","009246","202000023518","0.7597","0.7597","","",""
"2024-08-08","009246","202000023518","0.7604","0.7604","","",""
"2024-08-09","009246","202000023518","0.7560","0.7560","","",""
"2024-08-12","009246","202000023518","0.7570","0.7570","","",""
"2024-08-13","009246","202000023518","0.7589","0.7589","","",""
"2024-08-14","009246","202000023518","0.7542","0.7542","","",""
"2024-08-15","009246","202000023518","0.7595","0.7595","","",""
"2024-08-16","009246","202000023518","0.7592","0.7592","","",""
"2024-08-19","009246","202000023518","0.7608","0.7608","","",""
"2024-08-20","009246","202000023518","0.7525","0.7525","","",""
"2024-08-21","009246","202000023518","0.7510","0.7510","","",""
"2024-08-22","009246","202000023518","0.7472","0.7472","","",""
"2024-08-23","009246","202000023518","0.7479","0.7479","","",""
"2024-08-26","009246","202000023518","0.7460","0.7460","","",""
"2024-08-27","009246","202000023518","0.7401","0.7401","","",""
"2024-08-28","009246","202000023518","0.7379","0.7379","","",""
"2024-08-29","009246","202000023518","0.7407","0.7407","","",""
"2024-08-30","009246","202000023518","0.7507","0.7507","","",""
"2024-09-02","009246","202000023518","0.7381","0.7381","","",""
"2024-09-03","009246","202000023518","0.7431","0.7431","","",""
"2024-09-04","009246","202000023518","0.7406","0.7406","","",""
"2024-09-05","009246","202000023518","0.7429","0.7429","","",""
"2024-09-06","009246","202000023518","0.7327","0.7327","","",""
"2024-09-09","009246","202000023518","0.7254","0.7254","","",""
"2024-09-10","009246","202000023518","0.7269","0.7269","","",""
"2024-09-11","009246","202000023518","0.7267","0.7267","","",""
"2024-09-12","009246","202000023518","0.7228","0.7228","","",""
"2024-09-13","009246","202000023518","0.7177","0.7177","","",""
"2024-09-18","009246","202000023518","0.7211","0.7211","","",""
"2024-09-19","009246","202000023518","0.7271","0.7271","","",""
"2024-09-20","009246","202000023518","0.7266","0.7266","","",""
"2024-09-23","009246","202000023518","0.7268","0.7268","","",""
"2024-09-24","009246","202000023518","0.7540","0.7540","","",""
"2024-09-25","009246","202000023518","0.7616","0.7616","","",""
"2024-09-26","009246","202000023518","0.7883","0.7883","","",""
"2024-09-27","009246","202000023518","0.8219","0.8219","","",""
"2024-09-30","009246","202000023518","0.8906","0.8906","","",""
"2024-10-08","009246","202000023518","0.9365","0.9365","","",""
"2024-10-09","009246","202000023518","0.8696","0.8696","","",""
"2024-10-10","009246","202000023518","0.8762","0.8762","","",""
"2024-10-11","009246","202000023518","0.8484","0.8484","","",""
"2024-10-14","009246","202000023518","0.8644","0.8644","","",""
"2024-10-15","009246","202000023518","0.8454","0.8454","","",""
"2024-10-16","009246","202000023518","0.8394","0.8394","","",""
"2024-10-17","009246","202000023518","0.8324","0.8324","","",""
"2024-10-18","009246","202000023518","0.8607","0.8607","","",""
"2024-10-21","009246","202000023518","0.8666","0.8666","","",""
"2024-10-22","009246","202000023518","0.8734","0.8734","","",""
"2024-10-23","009246","202000023518","0.8743","0.8743","","",""
"2024-10-24","009246","202000023518","0.8674","0.8674","","",""
"2024-10-25","009246","202000023518","0.8735","0.8735","","",""
"2024-10-28","009246","202000023518","0.8788","0.8788","","",""
"2024-10-29","009246","202000023518","0.8698","0.8698","","",""
"2024-10-30","009246","202000023518","0.8640","0.8640","","",""
"2024-10-31","009246","202000023518","0.8608","0.8608","","",""
"2024-11-01","009246","202000023518","0.8590","0.8590","","",""
"2024-11-04","009246","202000023518","0.8704","0.8704","","",""
"2024-11-05","009246","202000023518","0.8868","0.8868","","",""
"2024-11-06","009246","202000023518","0.8840","0.8840","","",""
"2024-11-07","009246","202000023518","0.9003","0.9003","","",""
"2024-11-08","009246","202000023518","0.8946","0.8946","","",""
"2024-11-11","009246","202000023518","0.9028","0.9028","","",""
"2024-11-12","009246","202000023518","0.8945","0.8945","","",""
"2024-11-13","009246","202000023518","0.8979","0.8979","","",""
"2024-11-14","009246","202000023518","0.8808","0.8808","","",""
"2024-11-15","009246","202000023518","0.8694","0.8694","","",""
"2024-11-18","009246","202000023518","0.8600","0.8600","","",""
"2024-11-19","009246","202000023518","0.8709","0.8709","","",""
"2024-11-20","009246","202000023518","0.8748","0.8748","","",""
"2024-11-21","009246","202000023518","0.8736","0.8736","","",""
"2024-11-22","009246","202000023518","0.8459","0.8459","","",""
"2024-11-25","009246","202000023518","0.8443","0.8443","","",""
"2024-11-26","009246","202000023518","0.8411","0.8411","","",""
"2024-11-27","009246","202000023518","0.8554","0.8554","","",""
"2024-11-28","009246","202000023518","0.8481","0.8481","","",""
"2024-11-29","009246","202000023518","0.8600","0.8600","","",""
"2024-12-02","009246","202000023518","0.8681","0.8681","","",""
"2024-12-03","009246","202000023518","0.8695","0.8695","","",""
"2024-12-04","009246","202000023518","0.8659","0.8659","","",""
"2024-12-05","009246","202000023518","0.8669","0.8669","","",""
"2024-12-06","009246","202000023518","0.8756","0.8756","","",""
"2024-12-09","009246","202000023518","0.8744","0.8744","","",""
"2024-12-10","009246","202000023518","0.8793","0.8793","","",""
"2024-12-11","009246","202000023518","0.8848","0.8848","","",""
"2024-12-12","009246","202000023518","0.8908","0.8908","","",""
"2024-12-13","009246","202000023518","0.8739","0.8739","","",""
"2024-12-16","009246","202000023518","0.8667","0.8667","","",""
"2024-12-17","009246","202000023518","0.8640","0.8640","","",""
"2024-12-18","009246","202000023518","0.8680","0.8680","","",""
"2024-12-19","009246","202000023518","0.8693","0.8693","","",""
"2024-12-20","009246","202000023518","0.8686","0.8686","","",""
"2024-12-23","009246","202000023518","0.8627","0.8627","","",""
"2024-12-24","009246","202000023518","0.8741","0.8741","","",""
"2024-12-25","009246","202000023518","0.8704","0.8704","","",""
"2024-12-26","009246","202000023518","0.8743","0.8743","","",""
"2024-12-27","009246","202000023518","0.8735","0.8735","","",""
"2024-12-30","009246","202000023518","0.8738","0.8738","","",""
"2024-12-31","009246","202000023518","0.8609","0.8609","","",""
"2025-01-02","009246","202000023518","0.8431","0.8431","","",""
"2025-01-03","009246","202000023518","0.8358","0.8358","","",""
"2025-01-06","009246","202000023518","0.8351","0.8351","","",""
"2025-01-07","009246","202000023518","0.8419","0.8419","","",""
"2025-01-08","009246","202000023518","0.8406","0.8406","","",""
"2025-01-09","009246","202000023518","0.8388","0.8388","","",""
"2025-01-10","009246","202000023518","0.8284","0.8284","","",""
"2025-01-13","009246","202000023518","0.8273","0.8273","","",""
"2025-01-14","009246","202000023518","0.8472","0.8472","","",""
"2025-01-15","009246","202000023518","0.8419","0.8419","","",""
"2025-01-16","009246","202000023518","0.8440","0.8440","","",""
"2025-01-17","009246","202000023518","0.8517","0.8517","","",""
"2025-01-20","009246","202000023518","0.8547","0.8547","","",""
"2025-01-21","009246","202000023518","0.8560","0.8560","","",""
"2025-01-22","009246","202000023518","0.8505","0.8505","","",""
"2025-01-23","009246","202000023518","0.8498","0.8498","","",""
"2025-01-24","009246","202000023518","0.8573","0.8573","","",""
"2025-01-27","009246","202000023518","0.8564","0.8564","","",""
"2025-02-05","009246","202000023518","0.8553","0.8553","","",""
"2025-02-06","009246","202000023518","0.8657","0.8657","","",""
"2025-02-07","009246","202000023518","0.8745","0.8745","","",""
"2025-02-10","009246","202000023518","0.8781","0.8781","","",""
"2025-02-11","009246","202000023518","0.8784","0.8784","","",""
"2025-02-12","009246","202000023518","0.8834","0.8834","","",""
"2025-02-13","009246","202000023518","0.8799","0.8799","","",""
"2025-02-14","009246","202000023518","0.8878","0.8878","","",""
"2025-02-17","009246","202000023518","0.8838","0.8838","","",""
"2025-02-18","009246","202000023518","0.8763","0.8763","","",""
"2025-02-19","009246","202000023518","0.8837","0.8837","","",""
"2025-02-20","009246","202000023518","0.8842","0.8842","","",""
"2025-02-21","009246","202000023518","0.8929","0.8929","","",""
"2025-02-24","009246","202000023518","0.8923","0.8923","","",""
"2025-02-25","009246","202000023518","0.8843","0.8843","","",""
"2025-02-26","009246","202000023518","0.8895","0.8895","","",""
"2025-02-27","009246","202000023518","0.8899","0.8899","","",""
"2025-02-28","009246","202000023518","0.8718","0.8718","","",""
"2025-03-03","009246","202000023518","0.8730","0.8730","","",""
"2025-03-04","009246","202000023518","0.8757","0.8757","","",""
"2025-03-05","009246","202000023518","0.8775","0.8775","","",""
"2025-03-06","009246","202000023518","0.8890","0.8890","","",""
"2025-03-07","009246","202000023518","0.8896","0.8896","","",""
"2025-03-10","009246","202000023518","0.8906","0.8906","","",""
"2025-03-11","009246","202000023518","0.8964","0.8964","","",""
"2025-03-12","009246","202000023518","0.8959","0.8959","","",""
"2025-03-13","009246","202000023518","0.8912","0.8912","","",""
"2025-03-14","009246","202000023518","0.9059","0.9059","","",""
"2025-03-17","009246","202000023518","0.9036","0.9036","","",""
"2025-03-18","009246","202000023518","0.9047","0.9047","","",""
"2025-03-19","009246","202000023518","0.9057","0.9057","","",""
"2025-03-20","009246","202000023518","0.9013","0.9013","","",""
"2025-03-21","009246","202000023518","0.8932","0.8932","","",""
"2025-03-24","009246","202000023518","0.8945","0.8945","","",""
"2025-03-25","009246","202000023518","0.8978","0.8978","","",""
"2025-03-26","009246","202000023518","0.8984","0.8984","","",""
"2025-03-27","009246","202000023518","0.8988","0.8988","","",""
"2025-03-28","009246","202000023518","0.8944","0.8944","","",""
"2025-03-31","009246","202000023518","0.8864","0.8864","","",""
"2025-04-01","009246","202000023518","0.8934","0.8934","","",""
"2024-04-02","009630","202000025353","0.6820","0.6820","","",""
"2024-04-03","009630","202000025353","0.6812","0.6812","","",""
"2024-04-08","009630","202000025353","0.6766","0.6766","","",""
"2024-04-09","009630","202000025353","0.6801","0.6801","","",""
"2024-04-10","009630","202000025353","0.6821","0.6821","","",""
"2024-04-11","009630","202000025353","0.6830","0.6830","","",""
"2024-04-12","009630","202000025353","0.6794","0.6794","","",""
"2024-04-15","009630","202000025353","0.6841","0.6841","","",""
"2024-04-16","009630","202000025353","0.6730","0.6730","","",""
"2024-04-17","009630","202000025353","0.6783","0.6783","","",""
"2024-04-18","009630","202000025353","0.6782","0.6782","","",""
"2024-04-19","009630","202000025353","0.6758","0.6758","","",""
"2024-04-22","009630","202000025353","0.6845","0.6845","","",""
"2024-04-23","009630","202000025353","0.6896","0.6896","","",""
"2024-04-24","009630","202000025353","0.6958","0.6958","","",""
"2024-04-25","009630","202000025353","0.6963","0.6963","","",""
"2024-04-26","009630","202000025353","0.7065","0.7065","","",""
"2024-04-29","009630","202000025353","0.7104","0.7104","","",""
"2024-04-30","009630","202000025353","0.7128","0.7128","","",""
"2024-05-06","009630","202000025353","0.7301","0.7301","","",""
"2024-05-07","009630","202000025353","0.7284","0.7284","","",""
"2024-05-08","009630","202000025353","0.7217","0.7217","","",""
"2024-05-09","009630","202000025353","0.7322","0.7322","","",""
"2024-05-10","009630","202000025353","0.7369","0.7369","","",""
"2024-05-13","009630","202000025353","0.7394","0.7394","","",""
"2024-05-14","009630","202000025353","0.7385","0.7385","","",""
"2024-05-15","009630","202000025353","0.7317","0.7317","","",""
"2024-05-16","009630","202000025353","0.7347","0.7347","","",""
"2024-05-17","009630","202000025353","0.7360","0.7360","","",""
"2024-05-20","009630","202000025353","0.7404","0.7404","","",""
"2024-05-21","009630","202000025353","0.7330","0.7330","","",""
"2024-05-22","009630","202000025353","0.7330","0.7330","","",""
"2024-05-23","009630","202000025353","0.7288","0.7288","","",""
"2024-05-24","009630","202000025353","0.7256","0.7256","","",""
"2024-05-27","009630","202000025353","0.7332","0.7332","","",""
"2024-05-28","009630","202000025353","0.7316","0.7316","","",""
"2024-05-29","009630","202000025353","0.7278","0.7278","","",""
"2024-05-30","009630","202000025353","0.7221","0.7221","","",""
"2024-05-31","009630","202000025353","0.7190","0.7190","","",""
"2024-06-03","009630","202000025353","0.7250","0.7250","","",""
"2024-06-04","009630","202000025353","0.7304","0.7304","","",""
"2024-06-05","009630","202000025353","0.7285","0.7285","","",""
"2024-06-06","009630","202000025353","0.7299","0.7299","","",""
"2024-06-07","009630","202000025353","0.7251","0.7251","","",""
"2024-06-11","009630","202000025353","0.7285","0.7285","","",""
"2024-06-12","009630","202000025353","0.7250","0.7250","","",""
"2024-06-13","009630","202000025353","0.7262","0.7262","","",""
"2024-06-14","009630","202000025353","0.7199","0.7199","","",""
"2024-06-17","009630","202000025353","0.7197","0.7197","","",""
"2024-06-18","009630","202000025353","0.7191","0.7191","","",""
"2024-06-19","009630","202000025353","0.7245","0.7245","","",""
"2024-06-20","009630","202000025353","0.7207","0.7207","","",""
"2024-06-21","009630","202000025353","0.7138","0.7138","","",""
"2024-06-24","009630","202000025353","0.7075","0.7075","","",""
"2024-06-25","009630","202000025353","0.7082","0.7082","","",""
"2024-06-26","009630","202000025353","0.7115","0.7115","","",""
"2024-06-27","009630","202000025353","0.7006","0.7006","","",""
"2024-06-28","009630","202000025353","0.7013","0.7013","","",""
"2024-06-30","009630","202000025353","0.7013","0.7013","","",""
"2024-07-01","009630","202000025353","0.7062","0.7062","","",""
"2024-07-02","009630","202000025353","0.7040","0.7040","","",""
"2024-07-03","009630","202000025353","0.7050","0.7050","","",""
"2024-07-04","009630","202000025353","0.7022","0.7022","","",""
"2024-07-05","009630","202000025353","0.7038","0.7038","","",""
"2024-07-08","009630","202000025353","0.6970","0.6970","","",""
"2024-07-09","009630","202000025353","0.6971","0.6971","","",""
"2024-07-10","009630","202000025353","0.6953","0.6953","","",""
"2024-07-11","009630","202000025353","0.7057","0.7057","","",""
"2024-07-12","009630","202000025353","0.7132","0.7132","","",""
"2024-07-15","009630","202000025353","0.7065","0.7065","","",""
"2024-07-16","009630","202000025353","0.7055","0.7055","","",""
"2024-07-17","009630","202000025353","0.7042","0.7042","","",""
"2024-07-18","009630","202000025353","0.7064","0.7064","","",""
"2024-07-19","009630","202000025353","0.7037","0.7037","","",""
"2024-07-22","009630","202000025353","0.7069","0.7069","","",""
"2024-07-23","009630","202000025353","0.6929","0.6929","","",""
"2024-07-24","009630","202000025353","0.6858","0.6858","","",""
"2024-07-25","009630","202000025353","0.6776","0.6776","","",""
"2024-07-26","009630","202000025353","0.6777","0.6777","","",""
"2024-07-29","009630","202000025353","0.6753","0.6753","","",""
"2024-07-30","009630","202000025353","0.6688","0.6688","","",""
"2024-07-31","009630","202000025353","0.6848","0.6848","","",""
"2024-08-01","009630","202000025353","0.6810","0.6810","","",""
"2024-08-02","009630","202000025353","0.6740","0.6740","","",""
"2024-08-05","009630","202000025353","0.6686","0.6686","","",""
"2024-08-06","009630","202000025353","0.6675","0.6675","","",""
"2024-08-07","009630","202000025353","0.6702","0.6702","","",""
"2024-08-08","009630","202000025353","0.6745","0.6745","","",""
"2024-08-09","009630","202000025353","0.6709","0.6709","","",""
"2024-08-12","009630","202000025353","0.6695","0.6695","","",""
"2024-08-13","009630","202000025353","0.6701","0.6701","","",""
"2024-08-14","009630","202000025353","0.6629","0.6629","","",""
"2024-08-15","009630","202000025353","0.6637","0.6637","","",""
"2024-08-16","009630","202000025353","0.6683","0.6683","","",""
"2024-08-19","009630","202000025353","0.6657","0.6657","","",""
"2024-08-20","009630","202000025353","0.6589","0.6589","","",""
"2024-08-21","009630","202000025353","0.6581","0.6581","","",""
"2024-08-22","009630","202000025353","0.6567","0.6567","","",""
"2024-08-23","009630","202000025353","0.6585","0.6585","","",""
"2024-08-26","009630","202000025353","0.6593","0.6593","","",""
"2024-08-27","009630","202000025353","0.6583","0.6583","","",""
"2024-08-28","009630","202000025353","0.6534","0.6534","","",""
"2024-08-29","009630","202000025353","0.6671","0.6671","","",""
"2024-08-30","009630","202000025353","0.6765","0.6765","","",""
"2024-09-02","009630","202000025353","0.6672","0.6672","","",""
"2024-09-03","009630","202000025353","0.6730","0.6730","","",""
"2024-09-04","009630","202000025353","0.6678","0.6678","","",""
"2024-09-05","009630","202000025353","0.6681","0.6681","","",""
"2024-09-06","009630","202000025353","0.6634","0.6634","","",""
"2024-09-09","009630","202000025353","0.6594","0.6594","","",""
"2024-09-10","009630","202000025353","0.6589","0.6589","","",""
"2024-09-11","009630","202000025353","0.6589","0.6589","","",""
"2024-09-12","009630","202000025353","0.6571","0.6571","","",""
"2024-09-13","009630","202000025353","0.6537","0.6537","","",""
"2024-09-18","009630","202000025353","0.6590","0.6590","","",""
"2024-09-19","009630","202000025353","0.6670","0.6670","","",""
"2024-09-20","009630","202000025353","0.6651","0.6651","","",""
"2024-09-23","009630","202000025353","0.6637","0.6637","","",""
"2024-09-24","009630","202000025353","0.6855","0.6855","","",""
"2024-09-25","009630","202000025353","0.6873","0.6873","","",""
"2024-09-26","009630","202000025353","0.6997","0.6997","","",""
"2024-09-27","009630","202000025353","0.7149","0.7149","","",""
"2024-09-30","009630","202000025353","0.7441","0.7441","","",""
"2024-10-08","009630","202000025353","0.7615","0.7615","","",""
"2024-10-09","009630","202000025353","0.7407","0.7407","","",""
"2024-10-10","009630","202000025353","0.7532","0.7532","","",""
"2024-10-11","009630","202000025353","0.7435","0.7435","","",""
"2024-10-14","009630","202000025353","0.7528","0.7528","","",""
"2024-10-15","009630","202000025353","0.7380","0.7380","","",""
"2024-10-16","009630","202000025353","0.7364","0.7364","","",""
"2024-10-17","009630","202000025353","0.7296","0.7296","","",""
"2024-10-18","009630","202000025353","0.7464","0.7464","","",""
"2024-10-21","009630","202000025353","0.7435","0.7435","","",""
"2024-10-22","009630","202000025353","0.7474","0.7474","","",""
"2024-10-23","009630","202000025353","0.7480","0.7480","","",""
"2024-10-24","009630","202000025353","0.7433","0.7433","","",""
"2024-10-25","009630","202000025353","0.7404","0.7404","","",""
"2024-10-28","009630","202000025353","0.7439","0.7439","","",""
"2024-10-29","009630","202000025353","0.7390","0.7390","","",""
"2024-10-30","009630","202000025353","0.7332","0.7332","","",""
"2024-10-31","009630","202000025353","0.7296","0.7296","","",""
"2024-11-01","009630","202000025353","0.7322","0.7322","","",""
"2024-11-04","009630","202000025353","0.7361","0.7361","","",""
"2024-11-05","009630","202000025353","0.7472","0.7472","","",""
"2024-11-06","009630","202000025353","0.7350","0.7350","","",""
"2024-11-07","009630","202000025353","0.7458","0.7458","","",""
"2024-11-08","009630","202000025353","0.7441","0.7441","","",""
"2024-11-11","009630","202000025353","0.7490","0.7490","","",""
"2024-11-12","009630","202000025353","0.7442","0.7442","","",""
"2024-11-13","009630","202000025353","0.7460","0.7460","","",""
"2024-11-14","009630","202000025353","0.7342","0.7342","","",""
"2024-11-15","009630","202000025353","0.7338","0.7338","","",""
"2024-11-18","009630","202000025353","0.7311","0.7311","","",""
"2024-11-19","009630","202000025353","0.7375","0.7375","","",""
"2024-11-20","009630","202000025353","0.7397","0.7397","","",""
"2024-11-21","009630","202000025353","0.7415","0.7415","","",""
"2024-11-22","009630","202000025353","0.7264","0.7264","","",""
"2024-11-25","009630","202000025353","0.7248","0.7248","","",""
"2024-11-26","009630","202000025353","0.7221","0.7221","","",""
"2024-11-27","009630","202000025353","0.7363","0.7363","","",""
"2024-11-28","009630","202000025353","0.7344","0.7344","","",""
"2024-11-29","009630","202000025353","0.7389","0.7389","","",""
"2024-12-02","009630","202000025353","0.7433","0.7433","","",""
"2024-12-03","009630","202000025353","0.7438","0.7438","","",""
"2024-12-04","009630","202000025353","0.7403","0.7403","","",""
"2024-12-05","009630","202000025353","0.7398","0.7398","","",""
"2024-12-06","009630","202000025353","0.7487","0.7487","","",""
"2024-12-09","009630","202000025353","0.7560","0.7560","","",""
"2024-12-10","009630","202000025353","0.7557","0.7557","","",""
"2024-12-11","009630","202000025353","0.7612","0.7612","","",""
"2024-12-12","009630","202000025353","0.7662","0.7662","","",""
"2024-12-13","009630","202000025353","0.7590","0.7590","","",""
"2024-12-16","009630","202000025353","0.7568","0.7568","","",""
"2024-12-17","009630","202000025353","0.7572","0.7572","","",""
"2024-12-18","009630","202000025353","0.7643","0.7643","","",""
"2024-12-19","009630","202000025353","0.7690","0.7690","","",""
"2024-12-20","009630","202000025353","0.7687","0.7687","","",""
"2024-12-23","009630","202000025353","0.7683","0.7683","","",""
"2024-12-24","009630","202000025353","0.7795","0.7795","","",""
"2024-12-25","009630","202000025353","0.7763","0.7763","","",""
"2024-12-26","009630","202000025353","0.7798","0.7798","","",""
"2024-12-27","009630","202000025353","0.7805","0.7805","","",""
"2024-12-30","009630","202000025353","0.7824","0.7824","","",""
"2024-12-31","009630","202000025353","0.7798","0.7798","","",""
"2025-01-02","009630","202000025353","0.7643","0.7643","","",""
"2025-01-03","009630","202000025353","0.7650","0.7650","","",""
"2025-01-06","009630","202000025353","0.7640","0.7640","","",""
"2025-01-07","009630","202000025353","0.7599","0.7599","","",""
"2025-01-08","009630","202000025353","0.7486","0.7486","","",""
"2025-01-09","009630","202000025353","0.7423","0.7423","","",""
"2025-01-10","009630","202000025353","0.7364","0.7364","","",""
"2025-01-13","009630","202000025353","0.7297","0.7297","","",""
"2025-01-14","009630","202000025353","0.7499","0.7499","","",""
"2025-01-15","009630","202000025353","0.7455","0.7455","","",""
"2025-01-16","009630","202000025353","0.7510","0.7510","","",""
"2025-01-17","009630","202000025353","0.7568","0.7568","","",""
"2025-01-20","009630","202000025353","0.7628","0.7628","","",""
"2025-01-21","009630","202000025353","0.7661","0.7661","","",""
"2025-01-22","009630","202000025353","0.7587","0.7587","","",""
"2025-01-23","009630","202000025353","0.7536","0.7536","","",""
"2025-01-24","009630","202000025353","0.7654","0.7654","","",""
"2025-01-27","009630","202000025353","0.7655","0.7655","","",""
"2025-02-05","009630","202000025353","0.7601","0.7601","","",""
"2025-02-06","009630","202000025353","0.7682","0.7682","","",""
"2025-02-07","009630","202000025353","0.7740","0.7740","","",""
"2025-02-10","009630","202000025353","0.7798","0.7798","","",""
"2025-02-11","009630","202000025353","0.7766","0.7766","","",""
"2025-02-12","009630","202000025353","0.7834","0.7834","","",""
"2025-02-13","009630","202000025353","0.7798","0.7798","","",""
"2025-02-14","009630","202000025353","0.7864","0.7864","","",""
"2025-02-17","009630","202000025353","0.7804","0.7804","","",""
"2025-02-18","009630","202000025353","0.7831","0.7831","","",""
"2025-02-19","009630","202000025353","0.7830","0.7830","","",""
"2025-02-20","009630","202000025353","0.7829","0.7829","","",""
"2025-02-21","009630","202000025353","0.7906","0.7906","","",""
"2025-02-24","009630","202000025353","0.7960","0.7960","","",""
"2025-02-25","009630","202000025353","0.7902","0.7902","","",""
"2025-02-26","009630","202000025353","0.7958","0.7958","","",""
"2025-02-27","009630","202000025353","0.7988","0.7988","","",""
"2025-02-28","009630","202000025353","0.7875","0.7875","","",""
"2025-03-03","009630","202000025353","0.7861","0.7861","","",""
"2025-03-04","009630","202000025353","0.7886","0.7886","","",""
"2025-03-05","009630","202000025353","0.7954","0.7954","","",""
"2025-03-06","009630","202000025353","0.8014","0.8014","","",""
"2025-03-07","009630","202000025353","0.7994","0.7994","","",""
"2025-03-10","009630","202000025353","0.7962","0.7962","","",""
"2025-03-11","009630","202000025353","0.7963","0.7963","","",""
"2025-03-12","009630","202000025353","0.7938","0.7938","","",""
"2025-03-13","009630","202000025353","0.7904","0.7904","","",""
"2025-03-14","009630","202000025353","0.7987","0.7987","","",""
"2025-03-17","009630","202000025353","0.8034","0.8034","","",""
"2025-03-18","009630","202000025353","0.8142","0.8142","","",""
"2025-03-19","009630","202000025353","0.8124","0.8124","","",""
"2025-03-20","009630","202000025353","0.8058","0.8058","","",""
"2025-03-21","009630","202000025353","0.7968","0.7968","","",""
"2025-03-24","009630","202000025353","0.8040","0.8040","","",""
"2025-03-25","009630","202000025353","0.8040","0.8040","","",""
"2025-03-26","009630","202000025353","0.8045","0.8045","","",""
"2025-03-27","009630","202000025353","0.8112","0.8112","","",""
"2025-03-28","009630","202000025353","0.8085","0.8085","","",""
"2025-03-31","009630","202000025353","0.7995","0.7995","","",""
"2025-04-01","009630","202000025353","0.8081","0.8081","","",""
"2024-04-02","009631","202000025354","0.6748","0.6748","","",""
"2024-04-03","009631","202000025354","0.6741","0.6741","","",""
"2024-04-08","009631","202000025354","0.6695","0.6695","","",""
"2024-04-09","009631","202000025354","0.6729","0.6729","","",""
"2024-04-10","009631","202000025354","0.6749","0.6749","","",""
"2024-04-11","009631","202000025354","0.6757","0.6757","","",""
"2024-04-12","009631","202000025354","0.6722","0.6722","","",""
"2024-04-15","009631","202000025354","0.6769","0.6769","","",""
"2024-04-16","009631","202000025354","0.6659","0.6659","","",""
"2024-04-17","009631","202000025354","0.6711","0.6711","","",""
"2024-04-18","009631","202000025354","0.6710","0.6710","","",""
"2024-04-19","009631","202000025354","0.6686","0.6686","","",""
"2024-04-22","009631","202000025354","0.6772","0.6772","","",""
"2024-04-23","009631","202000025354","0.6822","0.6822","","",""
"2024-04-24","009631","202000025354","0.6884","0.6884","","",""
"2024-04-25","009631","202000025354","0.6888","0.6888","","",""
"2024-04-26","009631","202000025354","0.6989","0.6989","","",""
"2024-04-29","009631","202000025354","0.7027","0.7027","","",""
"2024-04-30","009631","202000025354","0.7051","0.7051","","",""
"2024-05-06","009631","202000025354","0.7222","0.7222","","",""
"2024-05-07","009631","202000025354","0.7205","0.7205","","",""
"2024-05-08","009631","202000025354","0.7138","0.7138","","",""
"2024-05-09","009631","202000025354","0.7242","0.7242","","",""
"2024-05-10","009631","202000025354","0.7289","0.7289","","",""
"2024-05-13","009631","202000025354","0.7314","0.7314","","",""
"2024-05-14","009631","202000025354","0.7304","0.7304","","",""
"2024-05-15","009631","202000025354","0.7237","0.7237","","",""
"2024-05-16","009631","202000025354","0.7267","0.7267","","",""
"2024-05-17","009631","202000025354","0.7279","0.7279","","",""
"2024-05-20","009631","202000025354","0.7323","0.7323","","",""
"2024-05-21","009631","202000025354","0.7249","0.7249","","",""
"2024-05-22","009631","202000025354","0.7250","0.7250","","",""
"2024-05-23","009631","202000025354","0.7208","0.7208","","",""
"2024-05-24","009631","202000025354","0.7177","0.7177","","",""
"2024-05-27","009631","202000025354","0.7251","0.7251","","",""
"2024-05-28","009631","202000025354","0.7236","0.7236","","",""
"2024-05-29","009631","202000025354","0.7197","0.7197","","",""
"2024-05-30","009631","202000025354","0.7141","0.7141","","",""
"2024-05-31","009631","202000025354","0.7111","0.7111","","",""
"2024-06-03","009631","202000025354","0.7170","0.7170","","",""
"2024-06-04","009631","202000025354","0.7223","0.7223","","",""
"2024-06-05","009631","202000025354","0.7204","0.7204","","",""
"2024-06-06","009631","202000025354","0.7218","0.7218","","",""
"2024-06-07","009631","202000025354","0.7170","0.7170","","",""
"2024-06-11","009631","202000025354","0.7204","0.7204","","",""
"2024-06-12","009631","202000025354","0.7170","0.7170","","",""
"2024-06-13","009631","202000025354","0.7181","0.7181","","",""
"2024-06-14","009631","202000025354","0.7119","0.7119","","",""
"2024-06-17","009631","202000025354","0.7116","0.7116","","",""
"2024-06-18","009631","202000025354","0.7110","0.7110","","",""
"2024-06-19","009631","202000025354","0.7164","0.7164","","",""
"2024-06-20","009631","202000025354","0.7126","0.7126","","",""
"2024-06-21","009631","202000025354","0.7057","0.7057","","",""
"2024-06-24","009631","202000025354","0.6996","0.6996","","",""
"2024-06-25","009631","202000025354","0.7002","0.7002","","",""
"2024-06-26","009631","202000025354","0.7035","0.7035","","",""
"2024-06-27","009631","202000025354","0.6927","0.6927","","",""
"2024-06-28","009631","202000025354","0.6934","0.6934","","",""
"2024-06-30","009631","202000025354","0.6933","0.6933","","",""
"2024-07-01","009631","202000025354","0.6982","0.6982","","",""
"2024-07-02","009631","202000025354","0.6960","0.6960","","",""
"2024-07-03","009631","202000025354","0.6970","0.6970","","",""
"2024-07-04","009631","202000025354","0.6942","0.6942","","",""
"2024-07-05","009631","202000025354","0.6958","0.6958","","",""
"2024-07-08","009631","202000025354","0.6891","0.6891","","",""
"2024-07-09","009631","202000025354","0.6891","0.6891","","",""
"2024-07-10","009631","202000025354","0.6873","0.6873","","",""
"2024-07-11","009631","202000025354","0.6977","0.6977","","",""
"2024-07-12","009631","202000025354","0.7050","0.7050","","",""
"2024-07-15","009631","202000025354","0.6984","0.6984","","",""
"2024-07-16","009631","202000025354","0.6974","0.6974","","",""
"2024-07-17","009631","202000025354","0.6961","0.6961","","",""
"2024-07-18","009631","202000025354","0.6983","0.6983","","",""
"2024-07-19","009631","202000025354","0.6956","0.6956","","",""
"2024-07-22","009631","202000025354","0.6987","0.6987","","",""
"2024-07-23","009631","202000025354","0.6849","0.6849","","",""
"2024-07-24","009631","202000025354","0.6779","0.6779","","",""
"2024-07-25","009631","202000025354","0.6697","0.6697","","",""
"2024-07-26","009631","202000025354","0.6699","0.6699","","",""
"2024-07-29","009631","202000025354","0.6674","0.6674","","",""
"2024-07-30","009631","202000025354","0.6610","0.6610","","",""
"2024-07-31","009631","202000025354","0.6769","0.6769","","",""
"2024-08-01","009631","202000025354","0.6731","0.6731","","",""
"2024-08-02","009631","202000025354","0.6661","0.6661","","",""
"2024-08-05","009631","202000025354","0.6608","0.6608","","",""
"2024-08-06","009631","202000025354","0.6597","0.6597","","",""
"2024-08-07","009631","202000025354","0.6624","0.6624","","",""
"2024-08-08","009631","202000025354","0.6666","0.6666","","",""
"2024-08-09","009631","202000025354","0.6630","0.6630","","",""
"2024-08-12","009631","202000025354","0.6617","0.6617","","",""
"2024-08-13","009631","202000025354","0.6622","0.6622","","",""
"2024-08-14","009631","202000025354","0.6551","0.6551","","",""
"2024-08-15","009631","202000025354","0.6559","0.6559","","",""
"2024-08-16","009631","202000025354","0.6604","0.6604","","",""
"2024-08-19","009631","202000025354","0.6578","0.6578","","",""
"2024-08-20","009631","202000025354","0.6511","0.6511","","",""
"2024-08-21","009631","202000025354","0.6503","0.6503","","",""
"2024-08-22","009631","202000025354","0.6489","0.6489","","",""
"2024-08-23","009631","202000025354","0.6507","0.6507","","",""
"2024-08-26","009631","202000025354","0.6515","0.6515","","",""
"2024-08-27","009631","202000025354","0.6505","0.6505","","",""
"2024-08-28","009631","202000025354","0.6456","0.6456","","",""
"2024-08-29","009631","202000025354","0.6591","0.6591","","",""
"2024-08-30","009631","202000025354","0.6684","0.6684","","",""
"2024-09-02","009631","202000025354","0.6592","0.6592","","",""
"2024-09-03","009631","202000025354","0.6649","0.6649","","",""
"2024-09-04","009631","202000025354","0.6599","0.6599","","",""
"2024-09-05","009631","202000025354","0.6601","0.6601","","",""
"2024-09-06","009631","202000025354","0.6554","0.6554","","",""
"2024-09-09","009631","202000025354","0.6515","0.6515","","",""
"2024-09-10","009631","202000025354","0.6510","0.6510","","",""
"2024-09-11","009631","202000025354","0.6510","0.6510","","",""
"2024-09-12","009631","202000025354","0.6492","0.6492","","",""
"2024-09-13","009631","202000025354","0.6458","0.6458","","",""
"2024-09-18","009631","202000025354","0.6510","0.6510","","",""
"2024-09-19","009631","202000025354","0.6590","0.6590","","",""
"2024-09-20","009631","202000025354","0.6570","0.6570","","",""
"2024-09-23","009631","202000025354","0.6556","0.6556","","",""
"2024-09-24","009631","202000025354","0.6772","0.6772","","",""
"2024-09-25","009631","202000025354","0.6789","0.6789","","",""
"2024-09-26","009631","202000025354","0.6912","0.6912","","",""
"2024-09-27","009631","202000025354","0.7062","0.7062","","",""
"2024-09-30","009631","202000025354","0.7350","0.7350","","",""
"2024-10-08","009631","202000025354","0.7522","0.7522","","",""
"2024-10-09","009631","202000025354","0.7316","0.7316","","",""
"2024-10-10","009631","202000025354","0.7439","0.7439","","",""
"2024-10-11","009631","202000025354","0.7343","0.7343","","",""
"2024-10-14","009631","202000025354","0.7435","0.7435","","",""
"2024-10-15","009631","202000025354","0.7289","0.7289","","",""
"2024-10-16","009631","202000025354","0.7273","0.7273","","",""
"2024-10-17","009631","202000025354","0.7206","0.7206","","",""
"2024-10-18","009631","202000025354","0.7372","0.7372","","",""
"2024-10-21","009631","202000025354","0.7342","0.7342","","",""
"2024-10-22","009631","202000025354","0.7381","0.7381","","",""
"2024-10-23","009631","202000025354","0.7387","0.7387","","",""
"2024-10-24","009631","202000025354","0.7341","0.7341","","",""
"2024-10-25","009631","202000025354","0.7311","0.7311","","",""
"2024-10-28","009631","202000025354","0.7347","0.7347","","",""
"2024-10-29","009631","202000025354","0.7298","0.7298","","",""
"2024-10-30","009631","202000025354","0.7240","0.7240","","",""
"2024-10-31","009631","202000025354","0.7205","0.7205","","",""
"2024-11-01","009631","202000025354","0.7231","0.7231","","",""
"2024-11-04","009631","202000025354","0.7268","0.7268","","",""
"2024-11-05","009631","202000025354","0.7378","0.7378","","",""
"2024-11-06","009631","202000025354","0.7258","0.7258","","",""
"2024-11-07","009631","202000025354","0.7364","0.7364","","",""
"2024-11-08","009631","202000025354","0.7347","0.7347","","",""
"2024-11-11","009631","202000025354","0.7396","0.7396","","",""
"2024-11-12","009631","202000025354","0.7348","0.7348","","",""
"2024-11-13","009631","202000025354","0.7366","0.7366","","",""
"2024-11-14","009631","202000025354","0.7249","0.7249","","",""
"2024-11-15","009631","202000025354","0.7245","0.7245","","",""
"2024-11-18","009631","202000025354","0.7219","0.7219","","",""
"2024-11-19","009631","202000025354","0.7282","0.7282","","",""
"2024-11-20","009631","202000025354","0.7303","0.7303","","",""
"2024-11-21","009631","202000025354","0.7320","0.7320","","",""
"2024-11-22","009631","202000025354","0.7172","0.7172","","",""
"2024-11-25","009631","202000025354","0.7155","0.7155","","",""
"2024-11-26","009631","202000025354","0.7129","0.7129","","",""
"2024-11-27","009631","202000025354","0.7269","0.7269","","",""
"2024-11-28","009631","202000025354","0.7250","0.7250","","",""
"2024-11-29","009631","202000025354","0.7294","0.7294","","",""
"2024-12-02","009631","202000025354","0.7338","0.7338","","",""
"2024-12-03","009631","202000025354","0.7343","0.7343","","",""
"2024-12-04","009631","202000025354","0.7308","0.7308","","",""
"2024-12-05","009631","202000025354","0.7303","0.7303","","",""
"2024-12-06","009631","202000025354","0.7391","0.7391","","",""
"2024-12-09","009631","202000025354","0.7463","0.7463","","",""
"2024-12-10","009631","202000025354","0.7460","0.7460","","",""
"2024-12-11","009631","202000025354","0.7514","0.7514","","",""
"2024-12-12","009631","202000025354","0.7563","0.7563","","",""
"2024-12-13","009631","202000025354","0.7492","0.7492","","",""
"2024-12-16","009631","202000025354","0.7470","0.7470","","",""
"2024-12-17","009631","202000025354","0.7474","0.7474","","",""
"2024-12-18","009631","202000025354","0.7544","0.7544","","",""
"2024-12-19","009631","202000025354","0.7590","0.7590","","",""
"2024-12-20","009631","202000025354","0.7587","0.7587","","",""
"2024-12-23","009631","202000025354","0.7583","0.7583","","",""
"2024-12-24","009631","202000025354","0.7694","0.7694","","",""
"2024-12-25","009631","202000025354","0.7662","0.7662","","",""
"2024-12-26","009631","202000025354","0.7697","0.7697","","",""
"2024-12-27","009631","202000025354","0.7703","0.7703","","",""
"2024-12-30","009631","202000025354","0.7722","0.7722","","",""
"2024-12-31","009631","202000025354","0.7696","0.7696","","",""
"2025-01-02","009631","202000025354","0.7542","0.7542","","",""
"2025-01-03","009631","202000025354","0.7550","0.7550","","",""
"2025-01-06","009631","202000025354","0.7539","0.7539","","",""
"2025-01-07","009631","202000025354","0.7499","0.7499","","",""
"2025-01-08","009631","202000025354","0.7387","0.7387","","",""
"2025-01-09","009631","202000025354","0.7326","0.7326","","",""
"2025-01-10","009631","202000025354","0.7267","0.7267","","",""
"2025-01-13","009631","202000025354","0.7201","0.7201","","",""
"2025-01-14","009631","202000025354","0.7400","0.7400","","",""
"2025-01-15","009631","202000025354","0.7356","0.7356","","",""
"2025-01-16","009631","202000025354","0.7411","0.7411","","",""
"2025-01-17","009631","202000025354","0.7468","0.7468","","",""
"2025-01-20","009631","202000025354","0.7526","0.7526","","",""
"2025-01-21","009631","202000025354","0.7559","0.7559","","",""
"2025-01-22","009631","202000025354","0.7486","0.7486","","",""
"2025-01-23","009631","202000025354","0.7436","0.7436","","",""
"2025-01-24","009631","202000025354","0.7552","0.7552","","",""
"2025-01-27","009631","202000025354","0.7553","0.7553","","",""
"2025-02-05","009631","202000025354","0.7499","0.7499","","",""
"2025-02-06","009631","202000025354","0.7579","0.7579","","",""
"2025-02-07","009631","202000025354","0.7636","0.7636","","",""
"2025-02-10","009631","202000025354","0.7693","0.7693","","",""
"2025-02-11","009631","202000025354","0.7661","0.7661","","",""
"2025-02-12","009631","202000025354","0.7728","0.7728","","",""
"2025-02-13","009631","202000025354","0.7693","0.7693","","",""
"2025-02-14","009631","202000025354","0.7757","0.7757","","",""
"2025-02-17","009631","202000025354","0.7698","0.7698","","",""
"2025-02-18","009631","202000025354","0.7725","0.7725","","",""
"2025-02-19","009631","202000025354","0.7724","0.7724","","",""
"2025-02-20","009631","202000025354","0.7723","0.7723","","",""
"2025-02-21","009631","202000025354","0.7799","0.7799","","",""
"2025-02-24","009631","202000025354","0.7852","0.7852","","",""
"2025-02-25","009631","202000025354","0.7794","0.7794","","",""
"2025-02-26","009631","202000025354","0.7850","0.7850","","",""
"2025-02-27","009631","202000025354","0.7879","0.7879","","",""
"2025-02-28","009631","202000025354","0.7768","0.7768","","",""
"2025-03-03","009631","202000025354","0.7753","0.7753","","",""
"2025-03-04","009631","202000025354","0.7778","0.7778","","",""
"2025-03-05","009631","202000025354","0.7845","0.7845","","",""
"2025-03-06","009631","202000025354","0.7904","0.7904","","",""
"2025-03-07","009631","202000025354","0.7884","0.7884","","",""
"2025-03-10","009631","202000025354","0.7852","0.7852","","",""
"2025-03-11","009631","202000025354","0.7853","0.7853","","",""
"2025-03-12","009631","202000025354","0.7828","0.7828","","",""
"2025-03-13","009631","202000025354","0.7795","0.7795","","",""
"2025-03-14","009631","202000025354","0.7877","0.7877","","",""
"2025-03-17","009631","202000025354","0.7923","0.7923","","",""
"2025-03-18","009631","202000025354","0.8029","0.8029","","",""
"2025-03-19","009631","202000025354","0.8012","0.8012","","",""
"2025-03-20","009631","202000025354","0.7946","0.7946","","",""
"2025-03-21","009631","202000025354","0.7858","0.7858","","",""
"2025-03-24","009631","202000025354","0.7928","0.7928","","",""
"2025-03-25","009631","202000025354","0.7928","0.7928","","",""
"2025-03-26","009631","202000025354","0.7934","0.7934","","",""
"2025-03-27","009631","202000025354","0.7999","0.7999","","",""
"2025-03-28","009631","202000025354","0.7972","0.7972","","",""
"2025-03-31","009631","202000025354","0.7883","0.7883","","",""
"2025-04-01","009631","202000025354","0.7968","0.7968","","",""
"2024-04-02","010070","202000024212","0.8106","0.8106","","",""
"2024-04-03","010070","202000024212","0.8066","0.8066","","",""
"2024-04-08","010070","202000024212","0.8028","0.8028","","",""
"2024-04-09","010070","202000024212","0.8034","0.8034","","",""
"2024-04-10","010070","202000024212","0.7972","0.7972","","",""
"2024-04-11","010070","202000024212","0.7963","0.7963","","",""
"2024-04-12","010070","202000024212","0.7889","0.7889","","",""
"2024-04-15","010070","202000024212","0.7998","0.7998","","",""
"2024-04-16","010070","202000024212","0.7984","0.7984","","",""
"2024-04-17","010070","202000024212","0.8052","0.8052","","",""
"2024-04-18","010070","202000024212","0.8056","0.8056","","",""
"2024-04-19","010070","202000024212","0.8029","0.8029","","",""
"2024-04-22","010070","202000024212","0.8071","0.8071","","",""
"2024-04-23","010070","202000024212","0.8091","0.8091","","",""
"2024-04-24","010070","202000024212","0.8094","0.8094","","",""
"2024-04-25","010070","202000024212","0.8113","0.8113","","",""
"2024-04-26","010070","202000024212","0.8174","0.8174","","",""
"2024-04-29","010070","202000024212","0.8216","0.8216","","",""
"2024-04-30","010070","202000024212","0.8193","0.8193","","",""
"2024-05-06","010070","202000024212","0.8280","0.8280","","",""
"2024-05-07","010070","202000024212","0.8300","0.8300","","",""
"2024-05-08","010070","202000024212","0.8295","0.8295","","",""
"2024-05-09","010070","202000024212","0.8355","0.8355","","",""
"2024-05-10","010070","202000024212","0.8395","0.8395","","",""
"2024-05-13","010070","202000024212","0.8406","0.8406","","",""
"2024-05-14","010070","202000024212","0.8370","0.8370","","",""
"2024-05-15","010070","202000024212","0.8344","0.8344","","",""
"2024-05-16","010070","202000024212","0.8349","0.8349","","",""
"2024-05-17","010070","202000024212","0.8381","0.8381","","",""
"2024-05-20","010070","202000024212","0.8466","0.8466","","",""
"2024-05-21","010070","202000024212","0.8446","0.8446","","",""
"2024-05-22","010070","202000024212","0.8444","0.8444","","",""
"2024-05-23","010070","202000024212","0.8354","0.8354","","",""
"2024-05-24","010070","202000024212","0.8327","0.8327","","",""
"2024-05-27","010070","202000024212","0.8419","0.8419","","",""
"2024-05-28","010070","202000024212","0.8379","0.8379","","",""
"2024-05-29","010070","202000024212","0.8392","0.8392","","",""
"2024-05-30","010070","202000024212","0.8329","0.8329","","",""
"2024-05-31","010070","202000024212","0.8313","0.8313","","",""
"2024-06-03","010070","202000024212","0.8305","0.8305","","",""
"2024-06-04","010070","202000024212","0.8348","0.8348","","",""
"2024-06-05","010070","202000024212","0.8277","0.8277","","",""
"2024-06-06","010070","202000024212","0.8318","0.8318","","",""
"2024-06-07","010070","202000024212","0.8299","0.8299","","",""
"2024-06-11","010070","202000024212","0.8202","0.8202","","",""
"2024-06-12","010070","202000024212","0.8267","0.8267","","",""
"2024-06-13","010070","202000024212","0.8233","0.8233","","",""
"2024-06-14","010070","202000024212","0.8230","0.8230","","",""
"2024-06-17","010070","202000024212","0.8164","0.8164","","",""
"2024-06-18","010070","202000024212","0.8194","0.8194","","",""
"2024-06-19","010070","202000024212","0.8192","0.8192","","",""
"2024-06-20","010070","202000024212","0.8189","0.8189","","",""
"2024-06-21","010070","202000024212","0.8185","0.8185","","",""
"2024-06-24","010070","202000024212","0.8115","0.8115","","",""
"2024-06-25","010070","202000024212","0.8116","0.8116","","",""
"2024-06-26","010070","202000024212","0.8138","0.8138","","",""
"2024-06-27","010070","202000024212","0.8094","0.8094","","",""
"2024-06-28","010070","202000024212","0.8130","0.8130","","",""
"2024-06-30","010070","202000024212","0.8129","0.8129","","",""
"2024-07-01","010070","202000024212","0.8231","0.8231","","",""
"2024-07-02","010070","202000024212","0.8216","0.8216","","",""
"2024-07-03","010070","202000024212","0.8144","0.8144","","",""
"2024-07-04","010070","202000024212","0.8133","0.8133","","",""
"2024-07-05","010070","202000024212","0.8116","0.8116","","",""
"2024-07-08","010070","202000024212","0.8103","0.8103","","",""
"2024-07-09","010070","202000024212","0.8109","0.8109","","",""
"2024-04-02","010071","202000024213","0.8040","0.8040","","",""
"2024-04-03","010071","202000024213","0.8000","0.8000","","",""
"2024-04-08","010071","202000024213","0.7963","0.7963","","",""
"2024-04-09","010071","202000024213","0.7969","0.7969","","",""
"2024-04-10","010071","202000024213","0.7907","0.7907","","",""
"2024-04-11","010071","202000024213","0.7898","0.7898","","",""
"2024-04-12","010071","202000024213","0.7825","0.7825","","",""
"2024-04-15","010071","202000024213","0.7933","0.7933","","",""
"2024-04-16","010071","202000024213","0.7919","0.7919","","",""
"2024-04-17","010071","202000024213","0.7986","0.7986","","",""
"2024-04-18","010071","202000024213","0.7990","0.7990","","",""
"2024-04-19","010071","202000024213","0.7963","0.7963","","",""
"2024-04-22","010071","202000024213","0.8005","0.8005","","",""
"2024-04-23","010071","202000024213","0.8025","0.8025","","",""
"2024-04-24","010071","202000024213","0.8028","0.8028","","",""
"2024-04-25","010071","202000024213","0.8046","0.8046","","",""
"2024-04-26","010071","202000024213","0.8107","0.8107","","",""
"2024-04-29","010071","202000024213","0.8149","0.8149","","",""
"2024-04-30","010071","202000024213","0.8126","0.8126","","",""
"2024-05-06","010071","202000024213","0.8211","0.8211","","",""
"2024-05-07","010071","202000024213","0.8232","0.8232","","",""
"2024-05-08","010071","202000024213","0.8227","0.8227","","",""
"2024-05-09","010071","202000024213","0.8286","0.8286","","",""
"2024-05-10","010071","202000024213","0.8325","0.8325","","",""
"2024-05-13","010071","202000024213","0.8337","0.8337","","",""
"2024-05-14","010071","202000024213","0.8301","0.8301","","",""
"2024-05-15","010071","202000024213","0.8275","0.8275","","",""
"2024-05-16","010071","202000024213","0.8280","0.8280","","",""
"2024-05-17","010071","202000024213","0.8312","0.8312","","",""
"2024-05-20","010071","202000024213","0.8395","0.8395","","",""
"2024-05-21","010071","202000024213","0.8376","0.8376","","",""
"2024-05-22","010071","202000024213","0.8374","0.8374","","",""
"2024-05-23","010071","202000024213","0.8284","0.8284","","",""
"2024-05-24","010071","202000024213","0.8257","0.8257","","",""
"2024-05-27","010071","202000024213","0.8349","0.8349","","",""
"2024-05-28","010071","202000024213","0.8309","0.8309","","",""
"2024-05-29","010071","202000024213","0.8322","0.8322","","",""
"2024-05-30","010071","202000024213","0.8260","0.8260","","",""
"2024-05-31","010071","202000024213","0.8244","0.8244","","",""
"2024-06-03","010071","202000024213","0.8235","0.8235","","",""
"2024-06-04","010071","202000024213","0.8278","0.8278","","",""
"2024-06-05","010071","202000024213","0.8208","0.8208","","",""
"2024-06-06","010071","202000024213","0.8248","0.8248","","",""
"2024-06-07","010071","202000024213","0.8232","0.8232","","",""
"2024-06-11","010071","202000024213","0.8135","0.8135","","",""
"2024-06-12","010071","202000024213","0.8200","0.8200","","",""
"2024-06-13","010071","202000024213","0.8166","0.8166","","",""
"2024-06-14","010071","202000024213","0.8163","0.8163","","",""
"2024-06-17","010071","202000024213","0.8097","0.8097","","",""
"2024-06-18","010071","202000024213","0.8127","0.8127","","",""
"2024-06-19","010071","202000024213","0.8125","0.8125","","",""
"2024-06-20","010071","202000024213","0.8123","0.8123","","",""
"2024-06-21","010071","202000024213","0.8118","0.8118","","",""
"2024-06-24","010071","202000024213","0.8049","0.8049","","",""
"2024-06-25","010071","202000024213","0.8050","0.8050","","",""
"2024-06-26","010071","202000024213","0.8072","0.8072","","",""
"2024-06-27","010071","202000024213","0.8028","0.8028","","",""
"2024-06-28","010071","202000024213","0.8064","0.8064","","",""
"2024-06-30","010071","202000024213","0.8063","0.8063","","",""
"2024-07-01","010071","202000024213","0.8164","0.8164","","",""
"2024-07-02","010071","202000024213","0.8149","0.8149","","",""
"2024-07-03","010071","202000024213","0.8077","0.8077","","",""
"2024-07-04","010071","202000024213","0.8066","0.8066","","",""
"2024-07-05","010071","202000024213","0.8049","0.8049","","",""
"2024-07-08","010071","202000024213","0.8037","0.8037","","",""
"2024-07-09","010071","202000024213","0.8042","0.8042","","",""
"2024-04-02","011122","202000027875","0.5176","0.5176","","",""
"2024-04-03","011122","202000027875","0.5142","0.5142","","",""
"2024-04-08","011122","202000027875","0.5122","0.5122","","",""
"2024-04-09","011122","202000027875","0.5118","0.5118","","",""
"2024-04-10","011122","202000027875","0.5103","0.5103","","",""
"2024-04-11","011122","202000027875","0.5099","0.5099","","",""
"2024-04-12","011122","202000027875","0.5104","0.5104","","",""
"2024-04-15","011122","202000027875","0.5175","0.5175","","",""
"2024-04-16","011122","202000027875","0.5104","0.5104","","",""
"2024-04-17","011122","202000027875","0.5172","0.5172","","",""
"2024-04-18","011122","202000027875","0.5152","0.5152","","",""
"2024-04-19","011122","202000027875","0.5113","0.5113","","",""
"2024-04-22","011122","202000027875","0.5107","0.5107","","",""
"2024-04-23","011122","202000027875","0.5156","0.5156","","",""
"2024-04-24","011122","202000027875","0.5232","0.5232","","",""
"2024-04-25","011122","202000027875","0.5239","0.5239","","",""
"2024-04-26","011122","202000027875","0.5325","0.5325","","",""
"2024-04-29","011122","202000027875","0.5383","0.5383","","",""
"2024-04-30","011122","202000027875","0.5355","0.5355","","",""
"2024-05-06","011122","202000027875","0.5458","0.5458","","",""
"2024-05-07","011122","202000027875","0.5449","0.5449","","",""
"2024-05-08","011122","202000027875","0.5384","0.5384","","",""
"2024-05-09","011122","202000027875","0.5434","0.5434","","",""
"2024-05-10","011122","202000027875","0.5434","0.5434","","",""
"2024-05-13","011122","202000027875","0.5429","0.5429","","",""
"2024-05-14","011122","202000027875","0.5427","0.5427","","",""
"2024-05-15","011122","202000027875","0.5403","0.5403","","",""
"2024-05-16","011122","202000027875","0.5467","0.5467","","",""
"2024-05-17","011122","202000027875","0.5487","0.5487","","",""
"2024-05-20","011122","202000027875","0.5513","0.5513","","",""
"2024-05-21","011122","202000027875","0.5486","0.5486","","",""
"2024-05-22","011122","202000027875","0.5468","0.5468","","",""
"2024-05-23","011122","202000027875","0.5422","0.5422","","",""
"2024-05-24","011122","202000027875","0.5336","0.5336","","",""
"2024-05-27","011122","202000027875","0.5392","0.5392","","",""
"2024-05-28","011122","202000027875","0.5367","0.5367","","",""
"2024-05-29","011122","202000027875","0.5329","0.5329","","",""
"2024-05-30","011122","202000027875","0.5302","0.5302","","",""
"2024-05-31","011122","202000027875","0.5259","0.5259","","",""
"2024-06-03","011122","202000027875","0.5332","0.5332","","",""
"2024-06-04","011122","202000027875","0.5380","0.5380","","",""
"2024-06-05","011122","202000027875","0.5356","0.5356","","",""
"2024-06-06","011122","202000027875","0.5379","0.5379","","",""
"2024-06-07","011122","202000027875","0.5309","0.5309","","",""
"2024-06-11","011122","202000027875","0.5288","0.5288","","",""
"2024-06-12","011122","202000027875","0.5275","0.5275","","",""
"2024-06-13","011122","202000027875","0.5319","0.5319","","",""
"2024-06-14","011122","202000027875","0.5364","0.5364","","",""
"2024-06-17","011122","202000027875","0.5386","0.5386","","",""
"2024-06-18","011122","202000027875","0.5406","0.5406","","",""
"2024-06-19","011122","202000027875","0.5445","0.5445","","",""
"2024-06-20","011122","202000027875","0.5422","0.5422","","",""
"2024-06-21","011122","202000027875","0.5381","0.5381","","",""
"2024-06-24","011122","202000027875","0.5351","0.5351","","",""
"2024-06-25","011122","202000027875","0.5333","0.5333","","",""
"2024-06-26","011122","202000027875","0.5371","0.5371","","",""
"2024-06-27","011122","202000027875","0.5322","0.5322","","",""
"2024-06-28","011122","202000027875","0.5322","0.5322","","",""
"2024-06-30","011122","202000027875","0.5321","0.5321","","",""
"2024-07-01","011122","202000027875","0.5319","0.5319","","",""
"2024-07-02","011122","202000027875","0.5356","0.5356","","",""
"2024-07-03","011122","202000027875","0.5365","0.5365","","",""
"2024-07-04","011122","202000027875","0.5385","0.5385","","",""
"2024-07-05","011122","202000027875","0.5351","0.5351","","",""
"2024-07-08","011122","202000027875","0.5338","0.5338","","",""
"2024-07-09","011122","202000027875","0.5409","0.5409","","",""
"2024-07-10","011122","202000027875","0.5426","0.5426","","",""
"2024-07-11","011122","202000027875","0.5458","0.5458","","",""
"2024-07-12","011122","202000027875","0.5500","0.5500","","",""
"2024-07-15","011122","202000027875","0.5491","0.5491","","",""
"2024-07-16","011122","202000027875","0.5513","0.5513","","",""
"2024-07-17","011122","202000027875","0.5452","0.5452","","",""
"2024-07-18","011122","202000027875","0.5468","0.5468","","",""
"2024-07-19","011122","202000027875","0.5435","0.5435","","",""
"2024-07-22","011122","202000027875","0.5436","0.5436","","",""
"2024-07-23","011122","202000027875","0.5361","0.5361","","",""
"2024-07-24","011122","202000027875","0.5330","0.5330","","",""
"2024-07-25","011122","202000027875","0.5228","0.5228","","",""
"2024-07-26","011122","202000027875","0.5245","0.5245","","",""
"2024-07-29","011122","202000027875","0.5280","0.5280","","",""
"2024-07-30","011122","202000027875","0.5229","0.5229","","",""
"2024-07-31","011122","202000027875","0.5300","0.5300","","",""
"2024-08-01","011122","202000027875","0.5308","0.5308","","",""
"2024-08-02","011122","202000027875","0.5228","0.5228","","",""
"2024-08-05","011122","202000027875","0.5123","0.5123","","",""
"2024-08-06","011122","202000027875","0.5107","0.5107","","",""
"2024-08-07","011122","202000027875","0.5118","0.5118","","",""
"2024-08-08","011122","202000027875","0.5142","0.5142","","",""
"2024-08-09","011122","202000027875","0.5141","0.5141","","",""
"2024-08-12","011122","202000027875","0.5144","0.5144","","",""
"2024-08-13","011122","202000027875","0.5161","0.5161","","",""
"2024-08-14","011122","202000027875","0.5136","0.5136","","",""
"2024-08-15","011122","202000027875","0.5158","0.5158","","",""
"2024-08-16","011122","202000027875","0.5235","0.5235","","",""
"2024-08-19","011122","202000027875","0.5261","0.5261","","",""
"2024-08-20","011122","202000027875","0.5252","0.5252","","",""
"2024-08-21","011122","202000027875","0.5247","0.5247","","",""
"2024-08-22","011122","202000027875","0.5284","0.5284","","",""
"2024-08-23","011122","202000027875","0.5285","0.5285","","",""
"2024-08-26","011122","202000027875","0.5289","0.5289","","",""
"2024-08-27","011122","202000027875","0.5293","0.5293","","",""
"2024-08-28","011122","202000027875","0.5239","0.5239","","",""
"2024-08-29","011122","202000027875","0.5226","0.5226","","",""
"2024-08-30","011122","202000027875","0.5238","0.5238","","",""
"2024-09-02","011122","202000027875","0.5220","0.5220","","",""
"2024-09-03","011122","202000027875","0.5207","0.5207","","",""
"2024-09-04","011122","202000027875","0.5167","0.5167","","",""
"2024-09-05","011122","202000027875","0.5146","0.5146","","",""
"2024-09-06","011122","202000027875","0.5117","0.5117","","",""
"2024-09-09","011122","202000027875","0.5066","0.5066","","",""
"2024-09-10","011122","202000027875","0.5089","0.5089","","",""
"2024-09-11","011122","202000027875","0.5051","0.5051","","",""
"2024-09-12","011122","202000027875","0.5084","0.5084","","",""
"2024-09-13","011122","202000027875","0.5102","0.5102","","",""
"2024-09-18","011122","202000027875","0.5162","0.5162","","",""
"2024-09-19","011122","202000027875","0.5204","0.5204","","",""
"2024-09-20","011122","202000027875","0.5236","0.5236","","",""
"2024-09-23","011122","202000027875","0.5246","0.5246","","",""
"2024-09-24","011122","202000027875","0.5456","0.5456","","",""
"2024-09-25","011122","202000027875","0.5498","0.5498","","",""
"2024-09-26","011122","202000027875","0.5688","0.5688","","",""
"2024-09-27","011122","202000027875","0.5806","0.5806","","",""
"2024-09-30","011122","202000027875","0.6075","0.6075","","",""
"2024-10-08","011122","202000027875","0.6284","0.6284","","",""
"2024-10-09","011122","202000027875","0.6000","0.6000","","",""
"2024-10-10","011122","202000027875","0.6176","0.6176","","",""
"2024-10-11","011122","202000027875","0.6101","0.6101","","",""
"2024-10-14","011122","202000027875","0.6167","0.6167","","",""
"2024-10-15","011122","202000027875","0.5988","0.5988","","",""
"2024-10-16","011122","202000027875","0.5995","0.5995","","",""
"2024-10-17","011122","202000027875","0.5938","0.5938","","",""
"2024-10-18","011122","202000027875","0.6124","0.6124","","",""
"2024-10-21","011122","202000027875","0.6089","0.6089","","",""
"2024-10-22","011122","202000027875","0.6129","0.6129","","",""
"2024-10-23","011122","202000027875","0.6155","0.6155","","",""
"2024-10-24","011122","202000027875","0.6089","0.6089","","",""
"2024-10-25","011122","202000027875","0.6058","0.6058","","",""
"2024-10-28","011122","202000027875","0.6041","0.6041","","",""
"2024-10-29","011122","202000027875","0.6007","0.6007","","",""
"2024-10-30","011122","202000027875","0.5938","0.5938","","",""
"2024-10-31","011122","202000027875","0.5899","0.5899","","",""
"2024-11-01","011122","202000027875","0.5965","0.5965","","",""
"2024-11-04","011122","202000027875","0.6002","0.6002","","",""
"2024-11-05","011122","202000027875","0.6110","0.6110","","",""
"2024-11-06","011122","202000027875","0.6030","0.6030","","",""
"2024-11-07","011122","202000027875","0.6152","0.6152","","",""
"2024-11-08","011122","202000027875","0.6093","0.6093","","",""
"2024-11-11","011122","202000027875","0.6070","0.6070","","",""
"2024-11-12","011122","202000027875","0.5976","0.5976","","",""
"2024-11-13","011122","202000027875","0.6006","0.6006","","",""
"2024-11-14","011122","202000027875","0.5876","0.5876","","",""
"2024-11-15","011122","202000027875","0.5828","0.5828","","",""
"2024-11-18","011122","202000027875","0.5803","0.5803","","",""
"2024-11-19","011122","202000027875","0.5868","0.5868","","",""
"2024-11-20","011122","202000027875","0.5900","0.5900","","",""
"2024-11-21","011122","202000027875","0.5886","0.5886","","",""
"2024-11-22","011122","202000027875","0.5734","0.5734","","",""
"2024-11-25","011122","202000027875","0.5712","0.5712","","",""
"2024-11-26","011122","202000027875","0.5722","0.5722","","",""
"2024-11-27","011122","202000027875","0.5840","0.5840","","",""
"2024-11-28","011122","202000027875","0.5776","0.5776","","",""
"2024-11-29","011122","202000027875","0.5821","0.5821","","",""
"2024-12-02","011122","202000027875","0.5884","0.5884","","",""
"2024-12-03","011122","202000027875","0.5887","0.5887","","",""
"2024-12-04","011122","202000027875","0.5878","0.5878","","",""
"2024-12-05","011122","202000027875","0.5844","0.5844","","",""
"2024-12-06","011122","202000027875","0.5886","0.5886","","",""
"2024-12-09","011122","202000027875","0.5963","0.5963","","",""
"2024-12-10","011122","202000027875","0.5946","0.5946","","",""
"2024-12-11","011122","202000027875","0.5947","0.5947","","",""
"2024-12-12","011122","202000027875","0.6000","0.6000","","",""
"2024-12-13","011122","202000027875","0.5886","0.5886","","",""
"2024-12-16","011122","202000027875","0.5858","0.5858","","",""
"2024-12-17","011122","202000027875","0.5870","0.5870","","",""
"2024-12-18","011122","202000027875","0.5887","0.5887","","",""
"2024-12-19","011122","202000027875","0.5909","0.5909","","",""
"2024-12-20","011122","202000027875","0.5881","0.5881","","",""
"2024-12-23","011122","202000027875","0.5880","0.5880","","",""
"2024-12-24","011122","202000027875","0.5939","0.5939","","",""
"2024-12-25","011122","202000027875","0.5944","0.5944","","",""
"2024-12-26","011122","202000027875","0.5983","0.5983","","",""
"2024-12-27","011122","202000027875","0.5971","0.5971","","",""
"2024-12-30","011122","202000027875","0.5976","0.5976","","",""
"2024-12-31","011122","202000027875","0.5916","0.5916","","",""
"2025-01-02","011122","202000027875","0.5759","0.5759","","",""
"2025-01-03","011122","202000027875","0.5750","0.5750","","",""
"2025-01-06","011122","202000027875","0.5732","0.5732","","",""
"2025-01-07","011122","202000027875","0.5822","0.5822","","",""
"2025-01-08","011122","202000027875","0.5808","0.5808","","",""
"2025-01-09","011122","202000027875","0.5855","0.5855","","",""
"2025-01-10","011122","202000027875","0.5791","0.5791","","",""
"2025-01-13","011122","202000027875","0.5757","0.5757","","",""
"2025-01-14","011122","202000027875","0.5953","0.5953","","",""
"2025-01-15","011122","202000027875","0.5949","0.5949","","",""
"2025-01-16","011122","202000027875","0.5972","0.5972","","",""
"2025-01-17","011122","202000027875","0.6045","0.6045","","",""
"2025-01-20","011122","202000027875","0.6100","0.6100","","",""
"2025-01-21","011122","202000027875","0.6226","0.6226","","",""
"2025-01-22","011122","202000027875","0.6193","0.6193","","",""
"2025-01-23","011122","202000027875","0.6145","0.6145","","",""
"2025-01-24","011122","202000027875","0.6246","0.6246","","",""
"2025-01-27","011122","202000027875","0.6163","0.6163","","",""
"2025-02-05","011122","202000027875","0.6189","0.6189","","",""
"2025-02-06","011122","202000027875","0.6358","0.6358","","",""
"2025-02-07","011122","202000027875","0.6411","0.6411","","",""
"2025-02-10","011122","202000027875","0.6450","0.6450","","",""
"2025-02-11","011122","202000027875","0.6429","0.6429","","",""
"2025-02-12","011122","202000027875","0.6506","0.6506","","",""
"2025-02-13","011122","202000027875","0.6397","0.6397","","",""
"2025-02-14","011122","202000027875","0.6456","0.6456","","",""
"2025-02-17","011122","202000027875","0.6486","0.6486","","",""
"2025-02-18","011122","202000027875","0.6465","0.6465","","",""
"2025-02-19","011122","202000027875","0.6638","0.6638","","",""
"2025-02-20","011122","202000027875","0.6592","0.6592","","",""
"2025-02-21","011122","202000027875","0.6753","0.6753","","",""
"2025-02-24","011122","202000027875","0.6739","0.6739","","",""
"2025-02-25","011122","202000027875","0.6660","0.6660","","",""
"2025-02-26","011122","202000027875","0.6776","0.6776","","",""
"2025-02-27","011122","202000027875","0.6732","0.6732","","",""
"2025-02-28","011122","202000027875","0.6442","0.6442","","",""
"2025-03-03","011122","202000027875","0.6422","0.6422","","",""
"2025-03-04","011122","202000027875","0.6453","0.6453","","",""
"2025-03-05","011122","202000027875","0.6567","0.6567","","",""
"2025-03-06","011122","202000027875","0.6707","0.6707","","",""
"2025-03-07","011122","202000027875","0.6669","0.6669","","",""
"2025-03-10","011122","202000027875","0.6573","0.6573","","",""
"2025-03-11","011122","202000027875","0.6553","0.6553","","",""
"2025-03-12","011122","202000027875","0.6540","0.6540","","",""
"2025-03-13","011122","202000027875","0.6445","0.6445","","",""
"2025-03-14","011122","202000027875","0.6610","0.6610","","",""
"2025-03-17","011122","202000027875","0.6593","0.6593","","",""
"2025-03-18","011122","202000027875","0.6703","0.6703","","",""
"2025-03-19","011122","202000027875","0.6677","0.6677","","",""
"2025-03-20","011122","202000027875","0.6612","0.6612","","",""
"2025-03-21","011122","202000027875","0.6434","0.6434","","",""
"2025-03-24","011122","202000027875","0.6520","0.6520","","",""
"2025-03-25","011122","202000027875","0.6453","0.6453","","",""
"2025-03-26","011122","202000027875","0.6465","0.6465","","",""
"2025-03-27","011122","202000027875","0.6485","0.6485","","",""
"2025-03-28","011122","202000027875","0.6450","0.6450","","",""
"2025-03-31","011122","202000027875","0.6403","0.6403","","",""
"2025-04-01","011122","202000027875","0.6365","0.6365","","",""
"2024-04-02","011123","202000027876","0.5061","0.5061","","",""
"2024-04-03","011123","202000027876","0.5027","0.5027","","",""
"2024-04-08","011123","202000027876","0.5008","0.5008","","",""
"2024-04-09","011123","202000027876","0.5003","0.5003","","",""
"2024-04-10","011123","202000027876","0.4988","0.4988","","",""
"2024-04-11","011123","202000027876","0.4984","0.4984","","",""
"2024-04-12","011123","202000027876","0.4989","0.4989","","",""
"2024-04-15","011123","202000027876","0.5058","0.5058","","",""
"2024-04-16","011123","202000027876","0.4989","0.4989","","",""
"2024-04-17","011123","202000027876","0.5055","0.5055","","",""
"2024-04-18","011123","202000027876","0.5036","0.5036","","",""
"2024-04-19","011123","202000027876","0.4998","0.4998","","",""
"2024-04-22","011123","202000027876","0.4991","0.4991","","",""
"2024-04-23","011123","202000027876","0.5039","0.5039","","",""
"2024-04-24","011123","202000027876","0.5113","0.5113","","",""
"2024-04-25","011123","202000027876","0.5120","0.5120","","",""
"2024-04-26","011123","202000027876","0.5203","0.5203","","",""
"2024-04-29","011123","202000027876","0.5260","0.5260","","",""
"2024-04-30","011123","202000027876","0.5233","0.5233","","",""
"2024-05-06","011123","202000027876","0.5332","0.5332","","",""
"2024-05-07","011123","202000027876","0.5324","0.5324","","",""
"2024-05-08","011123","202000027876","0.5260","0.5260","","",""
"2024-05-09","011123","202000027876","0.5308","0.5308","","",""
"2024-05-10","011123","202000027876","0.5308","0.5308","","",""
"2024-05-13","011123","202000027876","0.5304","0.5304","","",""
"2024-05-14","011123","202000027876","0.5301","0.5301","","",""
"2024-05-15","011123","202000027876","0.5277","0.5277","","",""
"2024-05-16","011123","202000027876","0.5340","0.5340","","",""
"2024-05-17","011123","202000027876","0.5359","0.5359","","",""
"2024-05-20","011123","202000027876","0.5384","0.5384","","",""
"2024-05-21","011123","202000027876","0.5358","0.5358","","",""
"2024-05-22","011123","202000027876","0.5340","0.5340","","",""
"2024-05-23","011123","202000027876","0.5295","0.5295","","",""
"2024-05-24","011123","202000027876","0.5211","0.5211","","",""
"2024-05-27","011123","202000027876","0.5266","0.5266","","",""
"2024-05-28","011123","202000027876","0.5241","0.5241","","",""
"2024-05-29","011123","202000027876","0.5204","0.5204","","",""
"2024-05-30","011123","202000027876","0.5177","0.5177","","",""
"2024-05-31","011123","202000027876","0.5135","0.5135","","",""
"2024-06-03","011123","202000027876","0.5206","0.5206","","",""
"2024-06-04","011123","202000027876","0.5253","0.5253","","",""
"2024-06-05","011123","202000027876","0.5230","0.5230","","",""
"2024-06-06","011123","202000027876","0.5251","0.5251","","",""
"2024-06-07","011123","202000027876","0.5184","0.5184","","",""
"2024-06-11","011123","202000027876","0.5162","0.5162","","",""
"2024-06-12","011123","202000027876","0.5149","0.5149","","",""
"2024-06-13","011123","202000027876","0.5192","0.5192","","",""
"2024-06-14","011123","202000027876","0.5236","0.5236","","",""
"2024-06-17","011123","202000027876","0.5257","0.5257","","",""
"2024-06-18","011123","202000027876","0.5277","0.5277","","",""
"2024-06-19","011123","202000027876","0.5315","0.5315","","",""
"2024-06-20","011123","202000027876","0.5292","0.5292","","",""
"2024-06-21","011123","202000027876","0.5251","0.5251","","",""
"2024-06-24","011123","202000027876","0.5222","0.5222","","",""
"2024-06-25","011123","202000027876","0.5204","0.5204","","",""
"2024-06-26","011123","202000027876","0.5242","0.5242","","",""
"2024-06-27","011123","202000027876","0.5193","0.5193","","",""
"2024-06-28","011123","202000027876","0.5193","0.5193","","",""
"2024-06-30","011123","202000027876","0.5193","0.5193","","",""
"2024-07-01","011123","202000027876","0.5190","0.5190","","",""
"2024-07-02","011123","202000027876","0.5226","0.5226","","",""
"2024-07-03","011123","202000027876","0.5235","0.5235","","",""
"2024-07-04","011123","202000027876","0.5254","0.5254","","",""
"2024-07-05","011123","202000027876","0.5221","0.5221","","",""
"2024-07-08","011123","202000027876","0.5208","0.5208","","",""
"2024-07-09","011123","202000027876","0.5277","0.5277","","",""
"2024-07-10","011123","202000027876","0.5293","0.5293","","",""
"2024-07-11","011123","202000027876","0.5325","0.5325","","",""
"2024-07-12","011123","202000027876","0.5366","0.5366","","",""
"2024-07-15","011123","202000027876","0.5356","0.5356","","",""
"2024-07-16","011123","202000027876","0.5377","0.5377","","",""
"2024-07-17","011123","202000027876","0.5318","0.5318","","",""
"2024-07-18","011123","202000027876","0.5334","0.5334","","",""
"2024-07-19","011123","202000027876","0.5302","0.5302","","",""
"2024-07-22","011123","202000027876","0.5302","0.5302","","",""
"2024-07-23","011123","202000027876","0.5229","0.5229","","",""
"2024-07-24","011123","202000027876","0.5198","0.5198","","",""
"2024-07-25","011123","202000027876","0.5099","0.5099","","",""
"2024-07-26","011123","202000027876","0.5116","0.5116","","",""
"2024-07-29","011123","202000027876","0.5149","0.5149","","",""
"2024-07-30","011123","202000027876","0.5099","0.5099","","",""
"2024-07-31","011123","202000027876","0.5169","0.5169","","",""
"2024-08-01","011123","202000027876","0.5176","0.5176","","",""
"2024-08-02","011123","202000027876","0.5098","0.5098","","",""
"2024-08-05","011123","202000027876","0.4995","0.4995","","",""
"2024-08-06","011123","202000027876","0.4979","0.4979","","",""
"2024-08-07","011123","202000027876","0.4990","0.4990","","",""
"2024-08-08","011123","202000027876","0.5013","0.5013","","",""
"2024-08-09","011123","202000027876","0.5013","0.5013","","",""
"2024-08-12","011123","202000027876","0.5014","0.5014","","",""
"2024-08-13","011123","202000027876","0.5031","0.5031","","",""
"2024-08-14","011123","202000027876","0.5007","0.5007","","",""
"2024-08-15","011123","202000027876","0.5029","0.5029","","",""
"2024-08-16","011123","202000027876","0.5103","0.5103","","",""
"2024-08-19","011123","202000027876","0.5128","0.5128","","",""
"2024-08-20","011123","202000027876","0.5119","0.5119","","",""
"2024-08-21","011123","202000027876","0.5115","0.5115","","",""
"2024-08-22","011123","202000027876","0.5150","0.5150","","",""
"2024-08-23","011123","202000027876","0.5151","0.5151","","",""
"2024-08-26","011123","202000027876","0.5155","0.5155","","",""
"2024-08-27","011123","202000027876","0.5159","0.5159","","",""
"2024-08-28","011123","202000027876","0.5105","0.5105","","",""
"2024-08-29","011123","202000027876","0.5093","0.5093","","",""
"2024-08-30","011123","202000027876","0.5105","0.5105","","",""
"2024-09-02","011123","202000027876","0.5087","0.5087","","",""
"2024-09-03","011123","202000027876","0.5074","0.5074","","",""
"2024-09-04","011123","202000027876","0.5035","0.5035","","",""
"2024-09-05","011123","202000027876","0.5014","0.5014","","",""
"2024-09-06","011123","202000027876","0.4985","0.4985","","",""
"2024-09-09","011123","202000027876","0.4936","0.4936","","",""
"2024-09-10","011123","202000027876","0.4958","0.4958","","",""
"2024-09-11","011123","202000027876","0.4921","0.4921","","",""
"2024-09-12","011123","202000027876","0.4953","0.4953","","",""
"2024-09-13","011123","202000027876","0.4971","0.4971","","",""
"2024-09-18","011123","202000027876","0.5028","0.5028","","",""
"2024-09-19","011123","202000027876","0.5069","0.5069","","",""
"2024-09-20","011123","202000027876","0.5100","0.5100","","",""
"2024-09-23","011123","202000027876","0.5109","0.5109","","",""
"2024-09-24","011123","202000027876","0.5314","0.5314","","",""
"2024-09-25","011123","202000027876","0.5355","0.5355","","",""
"2024-09-26","011123","202000027876","0.5540","0.5540","","",""
"2024-09-27","011123","202000027876","0.5655","0.5655","","",""
"2024-09-30","011123","202000027876","0.5916","0.5916","","",""
"2024-10-08","011123","202000027876","0.6120","0.6120","","",""
"2024-10-09","011123","202000027876","0.5843","0.5843","","",""
"2024-10-10","011123","202000027876","0.6014","0.6014","","",""
"2024-10-11","011123","202000027876","0.5941","0.5941","","",""
"2024-10-14","011123","202000027876","0.6005","0.6005","","",""
"2024-10-15","011123","202000027876","0.5830","0.5830","","",""
"2024-10-16","011123","202000027876","0.5836","0.5836","","",""
"2024-10-17","011123","202000027876","0.5781","0.5781","","",""
"2024-10-18","011123","202000027876","0.5962","0.5962","","",""
"2024-10-21","011123","202000027876","0.5927","0.5927","","",""
"2024-10-22","011123","202000027876","0.5967","0.5967","","",""
"2024-10-23","011123","202000027876","0.5992","0.5992","","",""
"2024-10-24","011123","202000027876","0.5928","0.5928","","",""
"2024-10-25","011123","202000027876","0.5897","0.5897","","",""
"2024-10-28","011123","202000027876","0.5880","0.5880","","",""
"2024-10-29","011123","202000027876","0.5847","0.5847","","",""
"2024-10-30","011123","202000027876","0.5780","0.5780","","",""
"2024-10-31","011123","202000027876","0.5741","0.5741","","",""
"2024-11-01","011123","202000027876","0.5805","0.5805","","",""
"2024-11-04","011123","202000027876","0.5841","0.5841","","",""
"2024-11-05","011123","202000027876","0.5947","0.5947","","",""
"2024-11-06","011123","202000027876","0.5868","0.5868","","",""
"2024-11-07","011123","202000027876","0.5987","0.5987","","",""
"2024-11-08","011123","202000027876","0.5930","0.5930","","",""
"2024-11-11","011123","202000027876","0.5906","0.5906","","",""
"2024-11-12","011123","202000027876","0.5815","0.5815","","",""
"2024-11-13","011123","202000027876","0.5844","0.5844","","",""
"2024-11-14","011123","202000027876","0.5717","0.5717","","",""
"2024-11-15","011123","202000027876","0.5670","0.5670","","",""
"2024-11-18","011123","202000027876","0.5645","0.5645","","",""
"2024-11-19","011123","202000027876","0.5709","0.5709","","",""
"2024-11-20","011123","202000027876","0.5740","0.5740","","",""
"2024-11-21","011123","202000027876","0.5726","0.5726","","",""
"2024-11-22","011123","202000027876","0.5578","0.5578","","",""
"2024-11-25","011123","202000027876","0.5557","0.5557","","",""
"2024-11-26","011123","202000027876","0.5566","0.5566","","",""
"2024-11-27","011123","202000027876","0.5680","0.5680","","",""
"2024-11-28","011123","202000027876","0.5619","0.5619","","",""
"2024-11-29","011123","202000027876","0.5662","0.5662","","",""
"2024-12-02","011123","202000027876","0.5723","0.5723","","",""
"2024-12-03","011123","202000027876","0.5725","0.5725","","",""
"2024-12-04","011123","202000027876","0.5716","0.5716","","",""
"2024-12-05","011123","202000027876","0.5683","0.5683","","",""
"2024-12-06","011123","202000027876","0.5724","0.5724","","",""
"2024-12-09","011123","202000027876","0.5798","0.5798","","",""
"2024-12-10","011123","202000027876","0.5782","0.5782","","",""
"2024-12-11","011123","202000027876","0.5783","0.5783","","",""
"2024-12-12","011123","202000027876","0.5835","0.5835","","",""
"2024-12-13","011123","202000027876","0.5724","0.5724","","",""
"2024-12-16","011123","202000027876","0.5696","0.5696","","",""
"2024-12-17","011123","202000027876","0.5708","0.5708","","",""
"2024-12-18","011123","202000027876","0.5723","0.5723","","",""
"2024-12-19","011123","202000027876","0.5745","0.5745","","",""
"2024-12-20","011123","202000027876","0.5718","0.5718","","",""
"2024-12-23","011123","202000027876","0.5716","0.5716","","",""
"2024-12-24","011123","202000027876","0.5773","0.5773","","",""
"2024-12-25","011123","202000027876","0.5779","0.5779","","",""
"2024-12-26","011123","202000027876","0.5816","0.5816","","",""
"2024-12-27","011123","202000027876","0.5804","0.5804","","",""
"2024-12-30","011123","202000027876","0.5808","0.5808","","",""
"2024-12-31","011123","202000027876","0.5750","0.5750","","",""
"2025-01-02","011123","202000027876","0.5598","0.5598","","",""
"2025-01-03","011123","202000027876","0.5589","0.5589","","",""
"2025-01-06","011123","202000027876","0.5571","0.5571","","",""
"2025-01-07","011123","202000027876","0.5658","0.5658","","",""
"2025-01-08","011123","202000027876","0.5644","0.5644","","",""
"2025-01-09","011123","202000027876","0.5690","0.5690","","",""
"2025-01-10","011123","202000027876","0.5628","0.5628","","",""
"2025-01-13","011123","202000027876","0.5594","0.5594","","",""
"2025-01-14","011123","202000027876","0.5785","0.5785","","",""
"2025-01-15","011123","202000027876","0.5780","0.5780","","",""
"2025-01-16","011123","202000027876","0.5803","0.5803","","",""
"2025-01-17","011123","202000027876","0.5873","0.5873","","",""
"2025-01-20","011123","202000027876","0.5927","0.5927","","",""
"2025-01-21","011123","202000027876","0.6049","0.6049","","",""
"2025-01-22","011123","202000027876","0.6017","0.6017","","",""
"2025-01-23","011123","202000027876","0.5970","0.5970","","",""
"2025-01-24","011123","202000027876","0.6068","0.6068","","",""
"2025-01-27","011123","202000027876","0.5987","0.5987","","",""
"2025-02-05","011123","202000027876","0.6011","0.6011","","",""
"2025-02-06","011123","202000027876","0.6175","0.6175","","",""
"2025-02-07","011123","202000027876","0.6226","0.6226","","",""
"2025-02-10","011123","202000027876","0.6264","0.6264","","",""
"2025-02-11","011123","202000027876","0.6243","0.6243","","",""
"2025-02-12","011123","202000027876","0.6318","0.6318","","",""
"2025-02-13","011123","202000027876","0.6212","0.6212","","",""
"2025-02-14","011123","202000027876","0.6269","0.6269","","",""
"2025-02-17","011123","202000027876","0.6297","0.6297","","",""
"2025-02-18","011123","202000027876","0.6277","0.6277","","",""
"2025-02-19","011123","202000027876","0.6445","0.6445","","",""
"2025-02-20","011123","202000027876","0.6401","0.6401","","",""
"2025-02-21","011123","202000027876","0.6556","0.6556","","",""
"2025-02-24","011123","202000027876","0.6543","0.6543","","",""
"2025-02-25","011123","202000027876","0.6466","0.6466","","",""
"2025-02-26","011123","202000027876","0.6578","0.6578","","",""
"2025-02-27","011123","202000027876","0.6535","0.6535","","",""
"2025-02-28","011123","202000027876","0.6254","0.6254","","",""
"2025-03-03","011123","202000027876","0.6234","0.6234","","",""
"2025-03-04","011123","202000027876","0.6264","0.6264","","",""
"2025-03-05","011123","202000027876","0.6374","0.6374","","",""
"2025-03-06","011123","202000027876","0.6510","0.6510","","",""
"2025-03-07","011123","202000027876","0.6473","0.6473","","",""
"2025-03-10","011123","202000027876","0.6380","0.6380","","",""
"2025-03-11","011123","202000027876","0.6360","0.6360","","",""
"2025-03-12","011123","202000027876","0.6347","0.6347","","",""
"2025-03-13","011123","202000027876","0.6255","0.6255","","",""
"2025-03-14","011123","202000027876","0.6415","0.6415","","",""
"2025-03-17","011123","202000027876","0.6397","0.6397","","",""
"2025-03-18","011123","202000027876","0.6504","0.6504","","",""
"2025-03-19","011123","202000027876","0.6479","0.6479","","",""
"2025-03-20","011123","202000027876","0.6416","0.6416","","",""
"2025-03-21","011123","202000027876","0.6243","0.6243","","",""
"2025-03-24","011123","202000027876","0.6326","0.6326","","",""
"2025-03-25","011123","202000027876","0.6261","0.6261","","",""
"2025-03-26","011123","202000027876","0.6273","0.6273","","",""
"2025-03-27","011123","202000027876","0.6291","0.6291","","",""
"2025-03-28","011123","202000027876","0.6257","0.6257","","",""
"2025-03-31","011123","202000027876","0.6211","0.6211","","",""
"2025-04-01","011123","202000027876","0.6174","0.6174","","",""
"2024-04-02","011149","202000024890","0.9921","0.9921","","",""
"2024-04-03","011149","202000024890","0.9831","0.9831","","",""
"2024-04-08","011149","202000024890","0.9707","0.9707","","",""
"2024-04-09","011149","202000024890","0.9818","0.9818","","",""
"2024-04-10","011149","202000024890","0.9687","0.9687","","",""
"2024-04-11","011149","202000024890","0.9745","0.9745","","",""
"2024-04-12","011149","202000024890","0.9747","0.9747","","",""
"2024-04-15","011149","202000024890","0.9794","0.9794","","",""
"2024-04-16","011149","202000024890","0.9518","0.9518","","",""
"2024-04-17","011149","202000024890","0.9854","0.9854","","",""
"2024-04-18","011149","202000024890","0.9815","0.9815","","",""
"2024-04-19","011149","202000024890","0.9790","0.9790","","",""
"2024-04-22","011149","202000024890","0.9724","0.9724","","",""
"2024-04-23","011149","202000024890","0.9606","0.9606","","",""
"2024-04-24","011149","202000024890","0.9730","0.9730","","",""
"2024-04-25","011149","202000024890","0.9712","0.9712","","",""
"2024-04-26","011149","202000024890","0.9797","0.9797","","",""
"2024-04-29","011149","202000024890","0.9899","0.9899","","",""
"2024-04-30","011149","202000024890","0.9866","0.9866","","",""
"2024-05-06","011149","202000024890","1.0088","1.0088","","",""
"2024-05-07","011149","202000024890","1.0095","1.0095","","",""
"2024-05-08","011149","202000024890","1.0003","1.0003","","",""
"2024-05-09","011149","202000024890","1.0176","1.0176","","",""
"2024-05-10","011149","202000024890","1.0135","1.0135","","",""
"2024-05-13","011149","202000024890","1.0099","1.0099","","",""
"2024-05-14","011149","202000024890","1.0046","1.0046","","",""
"2024-05-15","011149","202000024890","1.0016","1.0016","","",""
"2024-05-16","011149","202000024890","1.0126","1.0126","","",""
"2024-05-17","011149","202000024890","1.0212","1.0212","","",""
"2024-05-20","011149","202000024890","1.0262","1.0262","","",""
"2024-05-21","011149","202000024890","1.0205","1.0205","","",""
"2024-05-22","011149","202000024890","1.0244","1.0244","","",""
"2024-05-23","011149","202000024890","1.0113","1.0113","","",""
"2024-05-24","011149","202000024890","1.0025","1.0025","","",""
"2024-05-27","011149","202000024890","1.0108","1.0108","","",""
"2024-05-28","011149","202000024890","0.9989","0.9989","","",""
"2024-05-29","011149","202000024890","0.9980","0.9980","","",""
"2024-05-30","011149","202000024890","0.9916","0.9916","","",""
"2024-05-31","011149","202000024890","0.9871","0.9871","","",""
"2024-06-03","011149","202000024890","0.9827","0.9827","","",""
"2024-06-04","011149","202000024890","0.9894","0.9894","","",""
"2024-06-05","011149","202000024890","0.9789","0.9789","","",""
"2024-06-06","011149","202000024890","0.9746","0.9746","","",""
"2024-06-07","011149","202000024890","0.9730","0.9730","","",""
"2024-06-11","011149","202000024890","0.9702","0.9702","","",""
"2024-06-12","011149","202000024890","0.9771","0.9771","","",""
"2024-06-13","011149","202000024890","0.9717","0.9717","","",""
"2024-06-14","011149","202000024890","0.9701","0.9701","","",""
"2024-06-17","011149","202000024890","0.9668","0.9668","","",""
"2024-06-18","011149","202000024890","0.9698","0.9698","","",""
"2024-06-19","011149","202000024890","0.9620","0.9620","","",""
"2024-06-20","011149","202000024890","0.9579","0.9579","","",""
"2024-06-21","011149","202000024890","0.9574","0.9574","","",""
"2024-06-24","011149","202000024890","0.9423","0.9423","","",""
"2024-06-25","011149","202000024890","0.9366","0.9366","","",""
"2024-06-26","011149","202000024890","0.9440","0.9440","","",""
"2024-06-27","011149","202000024890","0.9260","0.9260","","",""
"2024-06-28","011149","202000024890","0.9269","0.9269","","",""
"2024-06-30","011149","202000024890","0.9268","0.9268","","",""
"2024-07-01","011149","202000024890","0.9292","0.9292","","",""
"2024-07-02","011149","202000024890","0.9131","0.9131","","",""
"2024-07-03","011149","202000024890","0.9121","0.9121","","",""
"2024-07-04","011149","202000024890","0.9073","0.9073","","",""
"2024-07-05","011149","202000024890","0.9027","0.9027","","",""
"2024-07-08","011149","202000024890","0.8902","0.8902","","",""
"2024-07-09","011149","202000024890","0.9005","0.9005","","",""
"2024-07-10","011149","202000024890","0.9004","0.9004","","",""
"2024-07-11","011149","202000024890","0.9144","0.9144","","",""
"2024-07-12","011149","202000024890","0.9137","0.9137","","",""
"2024-07-15","011149","202000024890","0.9065","0.9065","","",""
"2024-07-16","011149","202000024890","0.9077","0.9077","","",""
"2024-07-17","011149","202000024890","0.8977","0.8977","","",""
"2024-07-18","011149","202000024890","0.9038","0.9038","","",""
"2024-07-19","011149","202000024890","0.9052","0.9052","","",""
"2024-07-22","011149","202000024890","0.9045","0.9045","","",""
"2024-07-23","011149","202000024890","0.8867","0.8867","","",""
"2024-07-24","011149","202000024890","0.8763","0.8763","","",""
"2024-07-25","011149","202000024890","0.8687","0.8687","","",""
"2024-07-26","011149","202000024890","0.8782","0.8782","","",""
"2024-07-29","011149","202000024890","0.8729","0.8729","","",""
"2024-07-30","011149","202000024890","0.8706","0.8706","","",""
"2024-07-31","011149","202000024890","0.8911","0.8911","","",""
"2024-08-01","011149","202000024890","0.8868","0.8868","","",""
"2024-08-02","011149","202000024890","0.8745","0.8745","","",""
"2024-08-05","011149","202000024890","0.8638","0.8638","","",""
"2024-08-06","011149","202000024890","0.8768","0.8768","","",""
"2024-08-07","011149","202000024890","0.8770","0.8770","","",""
"2024-08-08","011149","202000024890","0.8771","0.8771","","",""
"2024-08-09","011149","202000024890","0.8737","0.8737","","",""
"2024-08-12","011149","202000024890","0.8684","0.8684","","",""
"2024-08-13","011149","202000024890","0.8719","0.8719","","",""
"2024-08-14","011149","202000024890","0.8603","0.8603","","",""
"2024-08-15","011149","202000024890","0.8633","0.8633","","",""
"2024-08-16","011149","202000024890","0.8589","0.8589","","",""
"2024-08-19","011149","202000024890","0.8580","0.8580","","",""
"2024-08-20","011149","202000024890","0.8498","0.8498","","",""
"2024-08-21","011149","202000024890","0.8462","0.8462","","",""
"2024-08-22","011149","202000024890","0.8439","0.8439","","",""
"2024-08-23","011149","202000024890","0.8482","0.8482","","",""
"2024-08-26","011149","202000024890","0.8488","0.8488","","",""
"2024-08-27","011149","202000024890","0.8462","0.8462","","",""
"2024-08-28","011149","202000024890","0.8457","0.8457","","",""
"2024-08-29","011149","202000024890","0.8492","0.8492","","",""
"2024-08-30","011149","202000024890","0.8623","0.8623","","",""
"2024-09-02","011149","202000024890","0.8499","0.8499","","",""
"2024-09-03","011149","202000024890","0.8551","0.8551","","",""
"2024-09-04","011149","202000024890","0.8542","0.8542","","",""
"2024-09-05","011149","202000024890","0.8555","0.8555","","",""
"2024-09-06","011149","202000024890","0.8470","0.8470","","",""
"2024-09-09","011149","202000024890","0.8381","0.8381","","",""
"2024-09-10","011149","202000024890","0.8390","0.8390","","",""
"2024-09-11","011149","202000024890","0.8421","0.8421","","",""
"2024-09-12","011149","202000024890","0.8403","0.8403","","",""
"2024-09-13","011149","202000024890","0.8319","0.8319","","",""
"2024-09-18","011149","202000024890","0.8343","0.8343","","",""
"2024-09-19","011149","202000024890","0.8434","0.8434","","",""
"2024-09-20","011149","202000024890","0.8424","0.8424","","",""
"2024-09-23","011149","202000024890","0.8424","0.8424","","",""
"2024-09-24","011149","202000024890","0.8686","0.8686","","",""
"2024-09-25","011149","202000024890","0.8716","0.8716","","",""
"2024-09-26","011149","202000024890","0.9114","0.9114","","",""
"2024-09-27","011149","202000024890","0.9526","0.9526","","",""
"2024-09-30","011149","202000024890","1.0325","1.0325","","",""
"2024-10-08","011149","202000024890","1.0924","1.0924","","",""
"2024-10-09","011149","202000024890","1.0300","1.0300","","",""
"2024-10-10","011149","202000024890","1.0320","1.0320","","",""
"2024-10-11","011149","202000024890","1.0099","1.0099","","",""
"2024-10-14","011149","202000024890","1.0188","1.0188","","",""
"2024-10-15","011149","202000024890","0.9946","0.9946","","",""
"2024-10-16","011149","202000024890","0.9839","0.9839","","",""
"2024-10-17","011149","202000024890","0.9806","0.9806","","",""
"2024-10-18","011149","202000024890","1.0232","1.0232","","",""
"2024-10-21","011149","202000024890","1.0279","1.0279","","",""
"2024-10-22","011149","202000024890","1.0325","1.0325","","",""
"2024-10-23","011149","202000024890","1.0350","1.0350","","",""
"2024-10-24","011149","202000024890","1.0199","1.0199","","",""
"2024-10-25","011149","202000024890","1.0304","1.0304","","",""
"2024-10-28","011149","202000024890","1.0425","1.0425","","",""
"2024-10-29","011149","202000024890","1.0268","1.0268","","",""
"2024-10-30","011149","202000024890","1.0234","1.0234","","",""
"2024-10-31","011149","202000024890","1.0233","1.0233","","",""
"2024-11-01","011149","202000024890","1.0015","1.0015","","",""
"2024-11-04","011149","202000024890","1.0123","1.0123","","",""
"2024-11-05","011149","202000024890","1.0482","1.0482","","",""
"2024-11-06","011149","202000024890","1.0434","1.0434","","",""
"2024-11-07","011149","202000024890","1.0681","1.0681","","",""
"2024-11-08","011149","202000024890","1.0705","1.0705","","",""
"2024-11-11","011149","202000024890","1.0721","1.0721","","",""
"2024-11-12","011149","202000024890","1.0588","1.0588","","",""
"2024-11-13","011149","202000024890","1.0517","1.0517","","",""
"2024-11-14","011149","202000024890","1.0224","1.0224","","",""
"2024-11-15","011149","202000024890","1.0027","1.0027","","",""
"2024-11-18","011149","202000024890","0.9861","0.9861","","",""
"2024-11-19","011149","202000024890","0.9957","0.9957","","",""
"2024-11-20","011149","202000024890","1.0035","1.0035","","",""
"2024-11-21","011149","202000024890","0.9997","0.9997","","",""
"2024-11-22","011149","202000024890","0.9705","0.9705","","",""
"2024-11-25","011149","202000024890","0.9669","0.9669","","",""
"2024-11-26","011149","202000024890","0.9688","0.9688","","",""
"2024-11-27","011149","202000024890","0.9940","0.9940","","",""
"2024-11-28","011149","202000024890","0.9904","0.9904","","",""
"2024-11-29","011149","202000024890","1.0001","1.0001","","",""
"2024-12-02","011149","202000024890","1.0026","1.0026","","",""
"2024-12-03","011149","202000024890","0.9946","0.9946","","",""
"2024-12-04","011149","202000024890","0.9824","0.9824","","",""
"2024-12-05","011149","202000024890","0.9929","0.9929","","",""
"2024-12-06","011149","202000024890","1.0048","1.0048","","",""
"2024-12-09","011149","202000024890","1.0102","1.0102","","",""
"2024-12-10","011149","202000024890","1.0181","1.0181","","",""
"2024-12-11","011149","202000024890","1.0232","1.0232","","",""
"2024-12-12","011149","202000024890","1.0366","1.0366","","",""
"2024-12-13","011149","202000024890","1.0141","1.0141","","",""
"2024-12-16","011149","202000024890","0.9950","0.9950","","",""
"2024-12-17","011149","202000024890","0.9831","0.9831","","",""
"2024-12-18","011149","202000024890","0.9892","0.9892","","",""
"2024-12-19","011149","202000024890","0.9802","0.9802","","",""
"2024-12-20","011149","202000024890","0.9813","0.9813","","",""
"2024-12-23","011149","202000024890","0.9736","0.9736","","",""
"2024-12-24","011149","202000024890","0.9817","0.9817","","",""
"2024-12-25","011149","202000024890","0.9792","0.9792","","",""
"2024-12-26","011149","202000024890","0.9914","0.9914","","",""
"2024-12-27","011149","202000024890","0.9856","0.9856","","",""
"2024-12-30","011149","202000024890","0.9816","0.9816","","",""
"2024-12-31","011149","202000024890","0.9604","0.9604","","",""
"2025-01-02","011149","202000024890","0.9399","0.9399","","",""
"2025-01-03","011149","202000024890","0.9174","0.9174","","",""
"2025-01-06","011149","202000024890","0.9083","0.9083","","",""
"2025-01-07","011149","202000024890","0.9247","0.9247","","",""
"2025-01-08","011149","202000024890","0.9245","0.9245","","",""
"2025-01-09","011149","202000024890","0.9269","0.9269","","",""
"2025-01-10","011149","202000024890","0.9018","0.9018","","",""
"2025-01-13","011149","202000024890","0.8929","0.8929","","",""
"2025-01-14","011149","202000024890","0.9209","0.9209","","",""
"2025-01-15","011149","202000024890","0.9204","0.9204","","",""
"2025-01-16","011149","202000024890","0.9232","0.9232","","",""
"2025-01-17","011149","202000024890","0.9298","0.9298","","",""
"2025-01-20","011149","202000024890","0.9373","0.9373","","",""
"2025-01-21","011149","202000024890","0.9487","0.9487","","",""
"2025-01-22","011149","202000024890","0.9424","0.9424","","",""
"2025-01-23","011149","202000024890","0.9319","0.9319","","",""
"2025-01-24","011149","202000024890","0.9489","0.9489","","",""
"2025-01-27","011149","202000024890","0.9364","0.9364","","",""
"2025-02-05","011149","202000024890","0.9492","0.9492","","",""
"2025-02-06","011149","202000024890","0.9732","0.9732","","",""
"2025-02-07","011149","202000024890","0.9802","0.9802","","",""
"2025-02-10","011149","202000024890","0.9924","0.9924","","",""
"2025-02-11","011149","202000024890","0.9806","0.9806","","",""
"2025-02-12","011149","202000024890","1.0058","1.0058","","",""
"2025-02-13","011149","202000024890","0.9910","0.9910","","",""
"2025-02-14","011149","202000024890","1.0062","1.0062","","",""
"2025-02-17","011149","202000024890","1.0112","1.0112","","",""
"2025-02-18","011149","202000024890","0.9931","0.9931","","",""
"2025-02-19","011149","202000024890","1.0196","1.0196","","",""
"2025-02-20","011149","202000024890","1.0188","1.0188","","",""
"2025-02-21","011149","202000024890","1.0565","1.0565","","",""
"2025-02-24","011149","202000024890","1.0574","1.0574","","",""
"2025-02-25","011149","202000024890","1.0487","1.0487","","",""
"2025-02-26","011149","202000024890","1.0677","1.0677","","",""
"2025-02-27","011149","202000024890","1.0518","1.0518","","",""
"2025-02-28","011149","202000024890","0.9997","0.9997","","",""
"2025-03-03","011149","202000024890","1.0005","1.0005","","",""
"2025-03-04","011149","202000024890","1.0096","1.0096","","",""
"2025-03-05","011149","202000024890","1.0273","1.0273","","",""
"2025-03-06","011149","202000024890","1.0551","1.0551","","",""
"2025-03-07","011149","202000024890","1.0474","1.0474","","",""
"2025-03-10","011149","202000024890","1.0289","1.0289","","",""
"2025-03-11","011149","202000024890","1.0242","1.0242","","",""
"2025-03-12","011149","202000024890","1.0156","1.0156","","",""
"2025-03-13","011149","202000024890","0.9931","0.9931","","",""
"2025-03-14","011149","202000024890","1.0095","1.0095","","",""
"2025-03-17","011149","202000024890","1.0083","1.0083","","",""
"2025-03-18","011149","202000024890","1.0189","1.0189","","",""
"2025-03-19","011149","202000024890","1.0107","1.0107","","",""
"2025-03-20","011149","202000024890","0.9978","0.9978","","",""
"2025-03-21","011149","202000024890","0.9660","0.9660","","",""
"2025-03-24","011149","202000024890","0.9697","0.9697","","",""
"2025-03-25","011149","202000024890","0.9445","0.9445","","",""
"2025-03-26","011149","202000024890","0.9512","0.9512","","",""
"2025-03-27","011149","202000024890","0.9522","0.9522","","",""
"2025-03-28","011149","202000024890","0.9401","0.9401","","",""
"2025-03-31","011149","202000024890","0.9292","0.9292","","",""
"2025-04-01","011149","202000024890","0.9296","0.9296","","",""
"2024-04-02","011150","202000024891","0.9761","0.9761","","",""
"2024-04-03","011150","202000024891","0.9672","0.9672","","",""
"2024-04-08","011150","202000024891","0.9550","0.9550","","",""
"2024-04-09","011150","202000024891","0.9659","0.9659","","",""
"2024-04-10","011150","202000024891","0.9530","0.9530","","",""
"2024-04-11","011150","202000024891","0.9587","0.9587","","",""
"2024-04-12","011150","202000024891","0.9588","0.9588","","",""
"2024-04-15","011150","202000024891","0.9634","0.9634","","",""
"2024-04-16","011150","202000024891","0.9363","0.9363","","",""
"2024-04-17","011150","202000024891","0.9693","0.9693","","",""
"2024-04-18","011150","202000024891","0.9655","0.9655","","",""
"2024-04-19","011150","202000024891","0.9630","0.9630","","",""
"2024-04-22","011150","202000024891","0.9564","0.9564","","",""
"2024-04-23","011150","202000024891","0.9449","0.9449","","",""
"2024-04-24","011150","202000024891","0.9570","0.9570","","",""
"2024-04-25","011150","202000024891","0.9552","0.9552","","",""
"2024-04-26","011150","202000024891","0.9635","0.9635","","",""
"2024-04-29","011150","202000024891","0.9736","0.9736","","",""
"2024-04-30","011150","202000024891","0.9703","0.9703","","",""
"2024-05-06","011150","202000024891","0.9920","0.9920","","",""
"2024-05-07","011150","202000024891","0.9928","0.9928","","",""
"2024-05-08","011150","202000024891","0.9837","0.9837","","",""
"2024-05-09","011150","202000024891","1.0007","1.0007","","",""
"2024-05-10","011150","202000024891","0.9966","0.9966","","",""
"2024-05-13","011150","202000024891","0.9931","0.9931","","",""
"2024-05-14","011150","202000024891","0.9879","0.9879","","",""
"2024-05-15","011150","202000024891","0.9849","0.9849","","",""
"2024-05-16","011150","202000024891","0.9956","0.9956","","",""
"2024-05-17","011150","202000024891","1.0041","1.0041","","",""
"2024-05-20","011150","202000024891","1.0090","1.0090","","",""
"2024-05-21","011150","202000024891","1.0033","1.0033","","",""
"2024-05-22","011150","202000024891","1.0072","1.0072","","",""
"2024-05-23","011150","202000024891","0.9943","0.9943","","",""
"2024-05-24","011150","202000024891","0.9856","0.9856","","",""
"2024-05-27","011150","202000024891","0.9937","0.9937","","",""
"2024-05-28","011150","202000024891","0.9821","0.9821","","",""
"2024-05-29","011150","202000024891","0.9812","0.9812","","",""
"2024-05-30","011150","202000024891","0.9748","0.9748","","",""
"2024-05-31","011150","202000024891","0.9704","0.9704","","",""
"2024-06-03","011150","202000024891","0.9661","0.9661","","",""
"2024-06-04","011150","202000024891","0.9726","0.9726","","",""
"2024-06-05","011150","202000024891","0.9623","0.9623","","",""
"2024-06-06","011150","202000024891","0.9580","0.9580","","",""
"2024-06-07","011150","202000024891","0.9565","0.9565","","",""
"2024-06-11","011150","202000024891","0.9536","0.9536","","",""
"2024-06-12","011150","202000024891","0.9604","0.9604","","",""
"2024-06-13","011150","202000024891","0.9551","0.9551","","",""
"2024-06-14","011150","202000024891","0.9535","0.9535","","",""
"2024-06-17","011150","202000024891","0.9502","0.9502","","",""
"2024-06-18","011150","202000024891","0.9531","0.9531","","",""
"2024-06-19","011150","202000024891","0.9454","0.9454","","",""
"2024-06-20","011150","202000024891","0.9415","0.9415","","",""
"2024-06-21","011150","202000024891","0.9409","0.9409","","",""
"2024-06-24","011150","202000024891","0.9260","0.9260","","",""
"2024-06-25","011150","202000024891","0.9204","0.9204","","",""
"2024-06-26","011150","202000024891","0.9277","0.9277","","",""
"2024-06-27","011150","202000024891","0.9100","0.9100","","",""
"2024-06-28","011150","202000024891","0.9109","0.9109","","",""
"2024-06-30","011150","202000024891","0.9108","0.9108","","",""
"2024-07-01","011150","202000024891","0.9131","0.9131","","",""
"2024-07-02","011150","202000024891","0.8973","0.8973","","",""
"2024-07-03","011150","202000024891","0.8962","0.8962","","",""
"2024-07-04","011150","202000024891","0.8915","0.8915","","",""
"2024-07-05","011150","202000024891","0.8870","0.8870","","",""
"2024-07-08","011150","202000024891","0.8746","0.8746","","",""
"2024-07-09","011150","202000024891","0.8848","0.8848","","",""
"2024-07-10","011150","202000024891","0.8847","0.8847","","",""
"2024-07-11","011150","202000024891","0.8984","0.8984","","",""
"2024-07-12","011150","202000024891","0.8978","0.8978","","",""
"2024-07-15","011150","202000024891","0.8906","0.8906","","",""
"2024-07-16","011150","202000024891","0.8918","0.8918","","",""
"2024-07-17","011150","202000024891","0.8820","0.8820","","",""
"2024-07-18","011150","202000024891","0.8879","0.8879","","",""
"2024-07-19","011150","202000024891","0.8893","0.8893","","",""
"2024-07-22","011150","202000024891","0.8886","0.8886","","",""
"2024-07-23","011150","202000024891","0.8710","0.8710","","",""
"2024-07-24","011150","202000024891","0.8608","0.8608","","",""
"2024-07-25","011150","202000024891","0.8534","0.8534","","",""
"2024-07-26","011150","202000024891","0.8627","0.8627","","",""
"2024-07-29","011150","202000024891","0.8574","0.8574","","",""
"2024-07-30","011150","202000024891","0.8551","0.8551","","",""
"2024-07-31","011150","202000024891","0.8753","0.8753","","",""
"2024-08-01","011150","202000024891","0.8710","0.8710","","",""
"2024-08-02","011150","202000024891","0.8589","0.8589","","",""
"2024-08-05","011150","202000024891","0.8484","0.8484","","",""
"2024-08-06","011150","202000024891","0.8612","0.8612","","",""
"2024-08-07","011150","202000024891","0.8614","0.8614","","",""
"2024-08-08","011150","202000024891","0.8615","0.8615","","",""
"2024-08-09","011150","202000024891","0.8581","0.8581","","",""
"2024-08-12","011150","202000024891","0.8528","0.8528","","",""
"2024-08-13","011150","202000024891","0.8563","0.8563","","",""
"2024-08-14","011150","202000024891","0.8448","0.8448","","",""
"2024-08-15","011150","202000024891","0.8478","0.8478","","",""
"2024-08-16","011150","202000024891","0.8435","0.8435","","",""
"2024-08-19","011150","202000024891","0.8425","0.8425","","",""
"2024-08-20","011150","202000024891","0.8345","0.8345","","",""
"2024-08-21","011150","202000024891","0.8309","0.8309","","",""
"2024-08-22","011150","202000024891","0.8286","0.8286","","",""
"2024-08-23","011150","202000024891","0.8328","0.8328","","",""
"2024-08-26","011150","202000024891","0.8334","0.8334","","",""
"2024-08-27","011150","202000024891","0.8308","0.8308","","",""
"2024-08-28","011150","202000024891","0.8304","0.8304","","",""
"2024-08-29","011150","202000024891","0.8338","0.8338","","",""
"2024-08-30","011150","202000024891","0.8467","0.8467","","",""
"2024-09-02","011150","202000024891","0.8344","0.8344","","",""
"2024-09-03","011150","202000024891","0.8395","0.8395","","",""
"2024-09-04","011150","202000024891","0.8386","0.8386","","",""
"2024-09-05","011150","202000024891","0.8399","0.8399","","",""
"2024-09-06","011150","202000024891","0.8315","0.8315","","",""
"2024-09-09","011150","202000024891","0.8228","0.8228","","",""
"2024-09-10","011150","202000024891","0.8236","0.8236","","",""
"2024-09-11","011150","202000024891","0.8266","0.8266","","",""
"2024-09-12","011150","202000024891","0.8248","0.8248","","",""
"2024-09-13","011150","202000024891","0.8166","0.8166","","",""
"2024-09-18","011150","202000024891","0.8190","0.8190","","",""
"2024-09-19","011150","202000024891","0.8279","0.8279","","",""
"2024-09-20","011150","202000024891","0.8269","0.8269","","",""
"2024-09-23","011150","202000024891","0.8268","0.8268","","",""
"2024-09-24","011150","202000024891","0.8525","0.8525","","",""
"2024-09-25","011150","202000024891","0.8555","0.8555","","",""
"2024-09-26","011150","202000024891","0.8945","0.8945","","",""
"2024-09-27","011150","202000024891","0.9350","0.9350","","",""
"2024-09-30","011150","202000024891","1.0133","1.0133","","",""
"2024-10-08","011150","202000024891","1.0720","1.0720","","",""
"2024-10-09","011150","202000024891","1.0108","1.0108","","",""
"2024-10-10","011150","202000024891","1.0127","1.0127","","",""
"2024-10-11","011150","202000024891","0.9910","0.9910","","",""
"2024-10-14","011150","202000024891","0.9997","0.9997","","",""
"2024-10-15","011150","202000024891","0.9759","0.9759","","",""
"2024-10-16","011150","202000024891","0.9654","0.9654","","",""
"2024-10-17","011150","202000024891","0.9621","0.9621","","",""
"2024-10-18","011150","202000024891","1.0039","1.0039","","",""
"2024-10-21","011150","202000024891","1.0085","1.0085","","",""
"2024-10-22","011150","202000024891","1.0130","1.0130","","",""
"2024-10-23","011150","202000024891","1.0155","1.0155","","",""
"2024-10-24","011150","202000024891","1.0006","1.0006","","",""
"2024-10-25","011150","202000024891","1.0109","1.0109","","",""
"2024-10-28","011150","202000024891","1.0227","1.0227","","",""
"2024-10-29","011150","202000024891","1.0073","1.0073","","",""
"2024-10-30","011150","202000024891","1.0039","1.0039","","",""
"2024-10-31","011150","202000024891","1.0039","1.0039","","",""
"2024-11-01","011150","202000024891","0.9824","0.9824","","",""
"2024-11-04","011150","202000024891","0.9930","0.9930","","",""
"2024-11-05","011150","202000024891","1.0282","1.0282","","",""
"2024-11-06","011150","202000024891","1.0235","1.0235","","",""
"2024-11-07","011150","202000024891","1.0477","1.0477","","",""
"2024-11-08","011150","202000024891","1.0501","1.0501","","",""
"2024-11-11","011150","202000024891","1.0515","1.0515","","",""
"2024-11-12","011150","202000024891","1.0385","1.0385","","",""
"2024-11-13","011150","202000024891","1.0315","1.0315","","",""
"2024-11-14","011150","202000024891","1.0027","1.0027","","",""
"2024-11-15","011150","202000024891","0.9834","0.9834","","",""
"2024-11-18","011150","202000024891","0.9671","0.9671","","",""
"2024-11-19","011150","202000024891","0.9765","0.9765","","",""
"2024-11-20","011150","202000024891","0.9841","0.9841","","",""
"2024-11-21","011150","202000024891","0.9804","0.9804","","",""
"2024-11-22","011150","202000024891","0.9518","0.9518","","",""
"2024-11-25","011150","202000024891","0.9482","0.9482","","",""
"2024-11-26","011150","202000024891","0.9501","0.9501","","",""
"2024-11-27","011150","202000024891","0.9748","0.9748","","",""
"2024-11-28","011150","202000024891","0.9712","0.9712","","",""
"2024-11-29","011150","202000024891","0.9807","0.9807","","",""
"2024-12-02","011150","202000024891","0.9831","0.9831","","",""
"2024-12-03","011150","202000024891","0.9752","0.9752","","",""
"2024-12-04","011150","202000024891","0.9633","0.9633","","",""
"2024-12-05","011150","202000024891","0.9736","0.9736","","",""
"2024-12-06","011150","202000024891","0.9852","0.9852","","",""
"2024-12-09","011150","202000024891","0.9904","0.9904","","",""
"2024-12-10","011150","202000024891","0.9982","0.9982","","",""
"2024-12-11","011150","202000024891","1.0032","1.0032","","",""
"2024-12-12","011150","202000024891","1.0163","1.0163","","",""
"2024-12-13","011150","202000024891","0.9943","0.9943","","",""
"2024-12-16","011150","202000024891","0.9754","0.9754","","",""
"2024-12-17","011150","202000024891","0.9638","0.9638","","",""
"2024-12-18","011150","202000024891","0.9698","0.9698","","",""
"2024-12-19","011150","202000024891","0.9609","0.9609","","",""
"2024-12-20","011150","202000024891","0.9619","0.9619","","",""
"2024-12-23","011150","202000024891","0.9544","0.9544","","",""
"2024-12-24","011150","202000024891","0.9623","0.9623","","",""
"2024-12-25","011150","202000024891","0.9599","0.9599","","",""
"2024-12-26","011150","202000024891","0.9718","0.9718","","",""
"2024-12-27","011150","202000024891","0.9661","0.9661","","",""
"2024-12-30","011150","202000024891","0.9621","0.9621","","",""
"2024-12-31","011150","202000024891","0.9414","0.9414","","",""
"2025-01-02","011150","202000024891","0.9213","0.9213","","",""
"2025-01-03","011150","202000024891","0.8992","0.8992","","",""
"2025-01-06","011150","202000024891","0.8902","0.8902","","",""
"2025-01-07","011150","202000024891","0.9062","0.9062","","",""
"2025-01-08","011150","202000024891","0.9060","0.9060","","",""
"2025-01-09","011150","202000024891","0.9084","0.9084","","",""
"2025-01-10","011150","202000024891","0.8838","0.8838","","",""
"2025-01-13","011150","202000024891","0.8750","0.8750","","",""
"2025-01-14","011150","202000024891","0.9025","0.9025","","",""
"2025-01-15","011150","202000024891","0.9020","0.9020","","",""
"2025-01-16","011150","202000024891","0.9047","0.9047","","",""
"2025-01-17","011150","202000024891","0.9111","0.9111","","",""
"2025-01-20","011150","202000024891","0.9185","0.9185","","",""
"2025-01-21","011150","202000024891","0.9296","0.9296","","",""
"2025-01-22","011150","202000024891","0.9235","0.9235","","",""
"2025-01-23","011150","202000024891","0.9131","0.9131","","",""
"2025-01-24","011150","202000024891","0.9298","0.9298","","",""
"2025-01-27","011150","202000024891","0.9175","0.9175","","",""
"2025-02-05","011150","202000024891","0.9299","0.9299","","",""
"2025-02-06","011150","202000024891","0.9534","0.9534","","",""
"2025-02-07","011150","202000024891","0.9603","0.9603","","",""
"2025-02-10","011150","202000024891","0.9722","0.9722","","",""
"2025-02-11","011150","202000024891","0.9606","0.9606","","",""
"2025-02-12","011150","202000024891","0.9853","0.9853","","",""
"2025-02-13","011150","202000024891","0.9707","0.9707","","",""
"2025-02-14","011150","202000024891","0.9856","0.9856","","",""
"2025-02-17","011150","202000024891","0.9905","0.9905","","",""
"2025-02-18","011150","202000024891","0.9727","0.9727","","",""
"2025-02-19","011150","202000024891","0.9987","0.9987","","",""
"2025-02-20","011150","202000024891","0.9979","0.9979","","",""
"2025-02-21","011150","202000024891","1.0348","1.0348","","",""
"2025-02-24","011150","202000024891","1.0356","1.0356","","",""
"2025-02-25","011150","202000024891","1.0271","1.0271","","",""
"2025-02-26","011150","202000024891","1.0457","1.0457","","",""
"2025-02-27","011150","202000024891","1.0301","1.0301","","",""
"2025-02-28","011150","202000024891","0.9791","0.9791","","",""
"2025-03-03","011150","202000024891","0.9798","0.9798","","",""
"2025-03-04","011150","202000024891","0.9887","0.9887","","",""
"2025-03-05","011150","202000024891","1.0060","1.0060","","",""
"2025-03-06","011150","202000024891","1.0333","1.0333","","",""
"2025-03-07","011150","202000024891","1.0257","1.0257","","",""
"2025-03-10","011150","202000024891","1.0075","1.0075","","",""
"2025-03-11","011150","202000024891","1.0029","1.0029","","",""
"2025-03-12","011150","202000024891","0.9945","0.9945","","",""
"2025-03-13","011150","202000024891","0.9724","0.9724","","",""
"2025-03-14","011150","202000024891","0.9885","0.9885","","",""
"2025-03-17","011150","202000024891","0.9873","0.9873","","",""
"2025-03-18","011150","202000024891","0.9976","0.9976","","",""
"2025-03-19","011150","202000024891","0.9896","0.9896","","",""
"2025-03-20","011150","202000024891","0.9769","0.9769","","",""
"2025-03-21","011150","202000024891","0.9458","0.9458","","",""
"2025-03-24","011150","202000024891","0.9493","0.9493","","",""
"2025-03-25","011150","202000024891","0.9247","0.9247","","",""
"2025-03-26","011150","202000024891","0.9312","0.9312","","",""
"2025-03-27","011150","202000024891","0.9322","0.9322","","",""
"2025-03-28","011150","202000024891","0.9204","0.9204","","",""
"2025-03-31","011150","202000024891","0.9096","0.9096","","",""
"2025-04-01","011150","202000024891","0.9100","0.9100","","",""
"2024-04-02","012387","202000028573","0.6314","0.6314","","",""
"2024-04-03","012387","202000028573","0.6263","0.6263","","",""
"2024-04-08","012387","202000028573","0.6200","0.6200","","",""
"2024-04-09","012387","202000028573","0.6213","0.6213","","",""
"2024-04-10","012387","202000028573","0.6129","0.6129","","",""
"2024-04-11","012387","202000028573","0.6193","0.6193","","",""
"2024-04-12","012387","202000028573","0.6214","0.6214","","",""
"2024-04-15","012387","202000028573","0.6250","0.6250","","",""
"2024-04-16","012387","202000028573","0.6138","0.6138","","",""
"2024-04-17","012387","202000028573","0.6386","0.6386","","",""
"2024-04-18","012387","202000028573","0.6396","0.6396","","",""
"2024-04-19","012387","202000028573","0.6353","0.6353","","",""
"2024-04-22","012387","202000028573","0.6383","0.6383","","",""
"2024-04-23","012387","202000028573","0.6304","0.6304","","",""
"2024-04-24","012387","202000028573","0.6412","0.6412","","",""
"2024-04-25","012387","202000028573","0.6338","0.6338","","",""
"2024-04-26","012387","202000028573","0.6449","0.6449","","",""
"2024-04-29","012387","202000028573","0.6554","0.6554","","",""
"2024-04-30","012387","202000028573","0.6551","0.6551","","",""
"2024-05-06","012387","202000028573","0.6685","0.6685","","",""
"2024-05-07","012387","202000028573","0.6694","0.6694","","",""
"2024-05-08","012387","202000028573","0.6602","0.6602","","",""
"2024-05-09","012387","202000028573","0.6687","0.6687","","",""
"2024-05-10","012387","202000028573","0.6660","0.6660","","",""
"2024-05-13","012387","202000028573","0.6678","0.6678","","",""
"2024-05-14","012387","202000028573","0.6750","0.6750","","",""
"2024-05-15","012387","202000028573","0.6699","0.6699","","",""
"2024-05-16","012387","202000028573","0.6676","0.6676","","",""
"2024-05-17","012387","202000028573","0.6684","0.6684","","",""
"2024-05-20","012387","202000028573","0.6724","0.6724","","",""
"2024-05-21","012387","202000028573","0.6674","0.6674","","",""
"2024-05-22","012387","202000028573","0.6617","0.6617","","",""
"2024-05-23","012387","202000028573","0.6541","0.6541","","",""
"2024-05-24","012387","202000028573","0.6467","0.6467","","",""
"2024-05-27","012387","202000028573","0.6570","0.6570","","",""
"2024-05-28","012387","202000028573","0.6517","0.6517","","",""
"2024-05-29","012387","202000028573","0.6497","0.6497","","",""
"2024-05-30","012387","202000028573","0.6480","0.6480","","",""
"2024-05-31","012387","202000028573","0.6481","0.6481","","",""
"2024-06-03","012387","202000028573","0.6506","0.6506","","",""
"2024-06-04","012387","202000028573","0.6580","0.6580","","",""
"2024-06-05","012387","202000028573","0.6485","0.6485","","",""
"2024-06-06","012387","202000028573","0.6423","0.6423","","",""
"2024-06-07","012387","202000028573","0.6391","0.6391","","",""
"2024-06-11","012387","202000028573","0.6425","0.6425","","",""
"2024-06-12","012387","202000028573","0.6440","0.6440","","",""
"2024-06-13","012387","202000028573","0.6443","0.6443","","",""
"2024-06-14","012387","202000028573","0.6477","0.6477","","",""
"2024-06-17","012387","202000028573","0.6539","0.6539","","",""
"2024-06-18","012387","202000028573","0.6643","0.6643","","",""
"2024-06-19","012387","202000028573","0.6551","0.6551","","",""
"2024-06-20","012387","202000028573","0.6451","0.6451","","",""
"2024-06-21","012387","202000028573","0.6494","0.6494","","",""
"2024-06-24","012387","202000028573","0.6370","0.6370","","",""
"2024-06-25","012387","202000028573","0.6320","0.6320","","",""
"2024-06-26","012387","202000028573","0.6413","0.6413","","",""
"2024-06-27","012387","202000028573","0.6264","0.6264","","",""
"2024-06-28","012387","202000028573","0.6365","0.6365","","",""
"2024-06-30","012387","202000028573","0.6364","0.6364","","",""
"2024-07-01","012387","202000028573","0.6360","0.6360","","",""
"2024-07-02","012387","202000028573","0.6231","0.6231","","",""
"2024-07-03","012387","202000028573","0.6144","0.6144","","",""
"2024-07-04","012387","202000028573","0.6108","0.6108","","",""
"2024-07-05","012387","202000028573","0.6116","0.6116","","",""
"2024-07-08","012387","202000028573","0.6010","0.6010","","",""
"2024-07-09","012387","202000028573","0.6180","0.6180","","",""
"2024-07-10","012387","202000028573","0.6182","0.6182","","",""
"2024-07-11","012387","202000028573","0.6314","0.6314","","",""
"2024-07-12","012387","202000028573","0.6292","0.6292","","",""
"2024-07-15","012387","202000028573","0.6185","0.6185","","",""
"2024-07-16","012387","202000028573","0.6172","0.6172","","",""
"2024-07-17","012387","202000028573","0.6045","0.6045","","",""
"2024-07-18","012387","202000028573","0.6065","0.6065","","",""
"2024-07-19","012387","202000028573","0.6059","0.6059","","",""
"2024-07-22","012387","202000028573","0.6094","0.6094","","",""
"2024-07-23","012387","202000028573","0.5910","0.5910","","",""
"2024-07-24","012387","202000028573","0.5816","0.5816","","",""
"2024-07-25","012387","202000028573","0.5804","0.5804","","",""
"2024-07-26","012387","202000028573","0.5962","0.5962","","",""
"2024-07-29","012387","202000028573","0.5857","0.5857","","",""
"2024-07-30","012387","202000028573","0.5821","0.5821","","",""
"2024-07-31","012387","202000028573","0.6050","0.6050","","",""
"2024-08-01","012387","202000028573","0.5994","0.5994","","",""
"2024-08-02","012387","202000028573","0.5861","0.5861","","",""
"2024-08-05","012387","202000028573","0.5699","0.5699","","",""
"2024-08-06","012387","202000028573","0.5760","0.5760","","",""
"2024-08-07","012387","202000028573","0.5778","0.5778","","",""
"2024-08-08","012387","202000028573","0.5758","0.5758","","",""
"2024-08-09","012387","202000028573","0.5738","0.5738","","",""
"2024-08-12","012387","202000028573","0.5725","0.5725","","",""
"2024-08-13","012387","202000028573","0.5771","0.5771","","",""
"2024-08-14","012387","202000028573","0.5665","0.5665","","",""
"2024-08-15","012387","202000028573","0.5674","0.5674","","",""
"2024-08-16","012387","202000028573","0.5630","0.5630","","",""
"2024-08-19","012387","202000028573","0.5653","0.5653","","",""
"2024-08-20","012387","202000028573","0.5560","0.5560","","",""
"2024-08-21","012387","202000028573","0.5560","0.5560","","",""
"2024-08-22","012387","202000028573","0.5522","0.5522","","",""
"2024-08-23","012387","202000028573","0.5538","0.5538","","",""
"2024-08-26","012387","202000028573","0.5548","0.5548","","",""
"2024-08-27","012387","202000028573","0.5488","0.5488","","",""
"2024-08-28","012387","202000028573","0.5524","0.5524","","",""
"2024-08-29","012387","202000028573","0.5639","0.5639","","",""
"2024-08-30","012387","202000028573","0.5773","0.5773","","",""
"2024-09-02","012387","202000028573","0.5682","0.5682","","",""
"2024-09-03","012387","202000028573","0.5774","0.5774","","",""
"2024-09-04","012387","202000028573","0.5772","0.5772","","",""
"2024-09-05","012387","202000028573","0.5810","0.5810","","",""
"2024-09-06","012387","202000028573","0.5711","0.5711","","",""
"2024-09-09","012387","202000028573","0.5648","0.5648","","",""
"2024-09-10","012387","202000028573","0.5692","0.5692","","",""
"2024-09-11","012387","202000028573","0.5775","0.5775","","",""
"2024-09-12","012387","202000028573","0.5738","0.5738","","",""
"2024-09-13","012387","202000028573","0.5669","0.5669","","",""
"2024-09-18","012387","202000028573","0.5723","0.5723","","",""
"2024-09-19","012387","202000028573","0.5764","0.5764","","",""
"2024-09-20","012387","202000028573","0.5734","0.5734","","",""
"2024-09-23","012387","202000028573","0.5716","0.5716","","",""
"2024-09-24","012387","202000028573","0.5838","0.5838","","",""
"2024-09-25","012387","202000028573","0.5837","0.5837","","",""
"2024-09-26","012387","202000028573","0.6014","0.6014","","",""
"2024-09-27","012387","202000028573","0.6297","0.6297","","",""
"2024-09-30","012387","202000028573","0.6816","0.6816","","",""
"2024-10-08","012387","202000028573","0.7142","0.7142","","",""
"2024-10-09","012387","202000028573","0.6727","0.6727","","",""
"2024-10-10","012387","202000028573","0.6811","0.6811","","",""
"2024-10-11","012387","202000028573","0.6559","0.6559","","",""
"2024-10-14","012387","202000028573","0.6697","0.6697","","",""
"2024-10-15","012387","202000028573","0.6509","0.6509","","",""
"2024-10-16","012387","202000028573","0.6487","0.6487","","",""
"2024-10-17","012387","202000028573","0.6494","0.6494","","",""
"2024-10-18","012387","202000028573","0.6738","0.6738","","",""
"2024-10-21","012387","202000028573","0.6771","0.6771","","",""
"2024-10-22","012387","202000028573","0.6904","0.6904","","",""
"2024-10-23","012387","202000028573","0.6948","0.6948","","",""
"2024-10-24","012387","202000028573","0.6887","0.6887","","",""
"2024-10-25","012387","202000028573","0.6964","0.6964","","",""
"2024-10-28","012387","202000028573","0.6944","0.6944","","",""
"2024-10-29","012387","202000028573","0.6885","0.6885","","",""
"2024-10-30","012387","202000028573","0.6883","0.6883","","",""
"2024-10-31","012387","202000028573","0.6861","0.6861","","",""
"2024-11-01","012387","202000028573","0.6776","0.6776","","",""
"2024-11-04","012387","202000028573","0.6965","0.6965","","",""
"2024-11-05","012387","202000028573","0.7110","0.7110","","",""
"2024-11-06","012387","202000028573","0.7007","0.7007","","",""
"2024-11-07","012387","202000028573","0.7018","0.7018","","",""
"2024-11-08","012387","202000028573","0.7031","0.7031","","",""
"2024-11-11","012387","202000028573","0.7130","0.7130","","",""
"2024-11-12","012387","202000028573","0.7053","0.7053","","",""
"2024-11-13","012387","202000028573","0.7064","0.7064","","",""
"2024-11-14","012387","202000028573","0.6913","0.6913","","",""
"2024-11-15","012387","202000028573","0.6783","0.6783","","",""
"2024-11-18","012387","202000028573","0.6723","0.6723","","",""
"2024-11-19","012387","202000028573","0.6877","0.6877","","",""
"2024-11-20","012387","202000028573","0.6924","0.6924","","",""
"2024-11-21","012387","202000028573","0.6935","0.6935","","",""
"2024-11-22","012387","202000028573","0.6682","0.6682","","",""
"2024-11-25","012387","202000028573","0.6679","0.6679","","",""
"2024-11-26","012387","202000028573","0.6623","0.6623","","",""
"2024-11-27","012387","202000028573","0.6776","0.6776","","",""
"2024-11-28","012387","202000028573","0.6699","0.6699","","",""
"2024-11-29","012387","202000028573","0.6819","0.6819","","",""
"2024-12-02","012387","202000028573","0.6963","0.6963","","",""
"2024-12-03","012387","202000028573","0.6941","0.6941","","",""
"2024-12-04","012387","202000028573","0.6874","0.6874","","",""
"2024-12-05","012387","202000028573","0.6852","0.6852","","",""
"2024-12-06","012387","202000028573","0.6912","0.6912","","",""
"2024-12-09","012387","202000028573","0.6946","0.6946","","",""
"2024-12-10","012387","202000028573","0.6994","0.6994","","",""
"2024-12-11","012387","202000028573","0.7016","0.7016","","",""
"2024-12-12","012387","202000028573","0.7050","0.7050","","",""
"2024-12-13","012387","202000028573","0.6952","0.6952","","",""
"2024-12-16","012387","202000028573","0.6845","0.6845","","",""
"2024-12-17","012387","202000028573","0.6776","0.6776","","",""
"2024-12-18","012387","202000028573","0.6815","0.6815","","",""
"2024-12-19","012387","202000028573","0.6878","0.6878","","",""
"2024-12-20","012387","202000028573","0.6896","0.6896","","",""
"2024-12-23","012387","202000028573","0.6822","0.6822","","",""
"2024-12-24","012387","202000028573","0.6934","0.6934","","",""
"2024-12-25","012387","202000028573","0.6903","0.6903","","",""
"2024-12-26","012387","202000028573","0.6973","0.6973","","",""
"2024-12-27","012387","202000028573","0.6917","0.6917","","",""
"2024-12-30","012387","202000028573","0.6913","0.6913","","",""
"2024-12-31","012387","202000028573","0.6804","0.6804","","",""
"2025-01-02","012387","202000028573","0.6600","0.6600","","",""
"2025-01-03","012387","202000028573","0.6480","0.6480","","",""
"2025-01-06","012387","202000028573","0.6496","0.6496","","",""
"2025-01-07","012387","202000028573","0.6604","0.6604","","",""
"2025-01-08","012387","202000028573","0.6619","0.6619","","",""
"2025-01-09","012387","202000028573","0.6624","0.6624","","",""
"2025-01-10","012387","202000028573","0.6499","0.6499","","",""
"2025-01-13","012387","202000028573","0.6454","0.6454","","",""
"2025-01-14","012387","202000028573","0.6706","0.6706","","",""
"2025-01-15","012387","202000028573","0.6605","0.6605","","",""
"2025-01-16","012387","202000028573","0.6651","0.6651","","",""
"2025-01-17","012387","202000028573","0.6754","0.6754","","",""
"2025-01-20","012387","202000028573","0.6839","0.6839","","",""
"2025-01-21","012387","202000028573","0.6893","0.6893","","",""
"2025-01-22","012387","202000028573","0.6866","0.6866","","",""
"2025-01-23","012387","202000028573","0.6787","0.6787","","",""
"2025-01-24","012387","202000028573","0.6813","0.6813","","",""
"2025-01-27","012387","202000028573","0.6736","0.6736","","",""
"2025-02-05","012387","202000028573","0.6647","0.6647","","",""
"2025-02-06","012387","202000028573","0.6828","0.6828","","",""
"2025-02-07","012387","202000028573","0.6928","0.6928","","",""
"2025-02-10","012387","202000028573","0.6930","0.6930","","",""
"2025-02-11","012387","202000028573","0.6844","0.6844","","",""
"2025-02-12","012387","202000028573","0.6940","0.6940","","",""
"2025-02-13","012387","202000028573","0.6779","0.6779","","",""
"2025-02-14","012387","202000028573","0.6834","0.6834","","",""
"2025-02-17","012387","202000028573","0.6874","0.6874","","",""
"2025-02-18","012387","202000028573","0.6872","0.6872","","",""
"2025-02-19","012387","202000028573","0.6974","0.6974","","",""
"2025-02-20","012387","202000028573","0.6989","0.6989","","",""
"2025-02-21","012387","202000028573","0.7145","0.7145","","",""
"2025-02-24","012387","202000028573","0.7133","0.7133","","",""
"2025-02-25","012387","202000028573","0.7163","0.7163","","",""
"2025-02-26","012387","202000028573","0.7274","0.7274","","",""
"2025-02-27","012387","202000028573","0.7245","0.7245","","",""
"2025-02-28","012387","202000028573","0.6985","0.6985","","",""
"2025-03-03","012387","202000028573","0.6992","0.6992","","",""
"2025-03-04","012387","202000028573","0.6973","0.6973","","",""
"2025-03-05","012387","202000028573","0.7063","0.7063","","",""
"2025-03-06","012387","202000028573","0.7179","0.7179","","",""
"2025-03-07","012387","202000028573","0.7183","0.7183","","",""
"2025-03-10","012387","202000028573","0.7229","0.7229","","",""
"2025-03-11","012387","202000028573","0.7309","0.7309","","",""
"2025-03-12","012387","202000028573","0.7302","0.7302","","",""
"2025-03-13","012387","202000028573","0.7212","0.7212","","",""
"2025-03-14","012387","202000028573","0.7302","0.7302","","",""
"2025-03-17","012387","202000028573","0.7286","0.7286","","",""
"2025-03-18","012387","202000028573","0.7378","0.7378","","",""
"2025-03-19","012387","202000028573","0.7360","0.7360","","",""
"2025-03-20","012387","202000028573","0.7370","0.7370","","",""
"2025-03-21","012387","202000028573","0.7186","0.7186","","",""
"2025-03-24","012387","202000028573","0.7254","0.7254","","",""
"2025-03-25","012387","202000028573","0.7175","0.7175","","",""
"2025-03-26","012387","202000028573","0.7210","0.7210","","",""
"2025-03-27","012387","202000028573","0.7221","0.7221","","",""
"2025-03-28","012387","202000028573","0.7111","0.7111","","",""
"2025-03-31","012387","202000028573","0.7024","0.7024","","",""
"2025-04-01","012387","202000028573","0.7085","0.7085","","",""
"2024-04-02","012388","202000028574","0.6229","0.6229","","",""
"2024-04-03","012388","202000028574","0.6179","0.6179","","",""
"2024-04-08","012388","202000028574","0.6117","0.6117","","",""
"2024-04-09","012388","202000028574","0.6129","0.6129","","",""
"2024-04-10","012388","202000028574","0.6046","0.6046","","",""
"2024-04-11","012388","202000028574","0.6109","0.6109","","",""
"2024-04-12","012388","202000028574","0.6130","0.6130","","",""
"2024-04-15","012388","202000028574","0.6166","0.6166","","",""
"2024-04-16","012388","202000028574","0.6055","0.6055","","",""
"2024-04-17","012388","202000028574","0.6300","0.6300","","",""
"2024-04-18","012388","202000028574","0.6309","0.6309","","",""
"2024-04-19","012388","202000028574","0.6266","0.6266","","",""
"2024-04-22","012388","202000028574","0.6296","0.6296","","",""
"2024-04-23","012388","202000028574","0.6218","0.6218","","",""
"2024-04-24","012388","202000028574","0.6324","0.6324","","",""
"2024-04-25","012388","202000028574","0.6251","0.6251","","",""
"2024-04-26","012388","202000028574","0.6360","0.6360","","",""
"2024-04-29","012388","202000028574","0.6464","0.6464","","",""
"2024-04-30","012388","202000028574","0.6461","0.6461","","",""
"2024-05-06","012388","202000028574","0.6593","0.6593","","",""
"2024-05-07","012388","202000028574","0.6601","0.6601","","",""
"2024-05-08","012388","202000028574","0.6511","0.6511","","",""
"2024-05-09","012388","202000028574","0.6594","0.6594","","",""
"2024-05-10","012388","202000028574","0.6568","0.6568","","",""
"2024-05-13","012388","202000028574","0.6585","0.6585","","",""
"2024-05-14","012388","202000028574","0.6656","0.6656","","",""
"2024-05-15","012388","202000028574","0.6606","0.6606","","",""
"2024-05-16","012388","202000028574","0.6583","0.6583","","",""
"2024-05-17","012388","202000028574","0.6590","0.6590","","",""
"2024-05-20","012388","202000028574","0.6630","0.6630","","",""
"2024-05-21","012388","202000028574","0.6580","0.6580","","",""
"2024-05-22","012388","202000028574","0.6524","0.6524","","",""
"2024-05-23","012388","202000028574","0.6449","0.6449","","",""
"2024-05-24","012388","202000028574","0.6376","0.6376","","",""
"2024-05-27","012388","202000028574","0.6477","0.6477","","",""
"2024-05-28","012388","202000028574","0.6424","0.6424","","",""
"2024-05-29","012388","202000028574","0.6406","0.6406","","",""
"2024-05-30","012388","202000028574","0.6389","0.6389","","",""
"2024-05-31","012388","202000028574","0.6389","0.6389","","",""
"2024-06-03","012388","202000028574","0.6414","0.6414","","",""
"2024-06-04","012388","202000028574","0.6487","0.6487","","",""
"2024-06-05","012388","202000028574","0.6393","0.6393","","",""
"2024-06-06","012388","202000028574","0.6331","0.6331","","",""
"2024-06-07","012388","202000028574","0.6300","0.6300","","",""
"2024-06-11","012388","202000028574","0.6333","0.6333","","",""
"2024-06-12","012388","202000028574","0.6348","0.6348","","",""
"2024-06-13","012388","202000028574","0.6350","0.6350","","",""
"2024-06-14","012388","202000028574","0.6384","0.6384","","",""
"2024-06-17","012388","202000028574","0.6445","0.6445","","",""
"2024-06-18","012388","202000028574","0.6547","0.6547","","",""
"2024-06-19","012388","202000028574","0.6457","0.6457","","",""
"2024-06-20","012388","202000028574","0.6358","0.6358","","",""
"2024-06-21","012388","202000028574","0.6400","0.6400","","",""
"2024-06-24","012388","202000028574","0.6277","0.6277","","",""
"2024-06-25","012388","202000028574","0.6228","0.6228","","",""
"2024-06-26","012388","202000028574","0.6320","0.6320","","",""
"2024-06-27","012388","202000028574","0.6173","0.6173","","",""
"2024-06-28","012388","202000028574","0.6272","0.6272","","",""
"2024-06-30","012388","202000028574","0.6271","0.6271","","",""
"2024-07-01","012388","202000028574","0.6267","0.6267","","",""
"2024-07-02","012388","202000028574","0.6140","0.6140","","",""
"2024-07-03","012388","202000028574","0.6054","0.6054","","",""
"2024-07-04","012388","202000028574","0.6019","0.6019","","",""
"2024-07-05","012388","202000028574","0.6026","0.6026","","",""
"2024-07-08","012388","202000028574","0.5922","0.5922","","",""
"2024-07-09","012388","202000028574","0.6089","0.6089","","",""
"2024-07-10","012388","202000028574","0.6091","0.6091","","",""
"2024-07-11","012388","202000028574","0.6221","0.6221","","",""
"2024-07-12","012388","202000028574","0.6199","0.6199","","",""
"2024-07-15","012388","202000028574","0.6094","0.6094","","",""
"2024-07-16","012388","202000028574","0.6081","0.6081","","",""
"2024-07-17","012388","202000028574","0.5956","0.5956","","",""
"2024-07-18","012388","202000028574","0.5975","0.5975","","",""
"2024-07-19","012388","202000028574","0.5969","0.5969","","",""
"2024-07-22","012388","202000028574","0.6003","0.6003","","",""
"2024-07-23","012388","202000028574","0.5822","0.5822","","",""
"2024-07-24","012388","202000028574","0.5729","0.5729","","",""
"2024-07-25","012388","202000028574","0.5717","0.5717","","",""
"2024-07-26","012388","202000028574","0.5873","0.5873","","",""
"2024-07-29","012388","202000028574","0.5769","0.5769","","",""
"2024-07-30","012388","202000028574","0.5734","0.5734","","",""
"2024-07-31","012388","202000028574","0.5959","0.5959","","",""
"2024-08-01","012388","202000028574","0.5904","0.5904","","",""
"2024-08-02","012388","202000028574","0.5773","0.5773","","",""
"2024-08-05","012388","202000028574","0.5614","0.5614","","",""
"2024-08-06","012388","202000028574","0.5673","0.5673","","",""
"2024-08-07","012388","202000028574","0.5691","0.5691","","",""
"2024-08-08","012388","202000028574","0.5671","0.5671","","",""
"2024-08-09","012388","202000028574","0.5652","0.5652","","",""
"2024-08-12","012388","202000028574","0.5639","0.5639","","",""
"2024-08-13","012388","202000028574","0.5683","0.5683","","",""
"2024-08-14","012388","202000028574","0.5579","0.5579","","",""
"2024-08-15","012388","202000028574","0.5588","0.5588","","",""
"2024-08-16","012388","202000028574","0.5544","0.5544","","",""
"2024-08-19","012388","202000028574","0.5567","0.5567","","",""
"2024-08-20","012388","202000028574","0.5475","0.5475","","",""
"2024-08-21","012388","202000028574","0.5475","0.5475","","",""
"2024-08-22","012388","202000028574","0.5437","0.5437","","",""
"2024-08-23","012388","202000028574","0.5453","0.5453","","",""
"2024-08-26","012388","202000028574","0.5463","0.5463","","",""
"2024-08-27","012388","202000028574","0.5404","0.5404","","",""
"2024-08-28","012388","202000028574","0.5439","0.5439","","",""
"2024-08-29","012388","202000028574","0.5552","0.5552","","",""
"2024-08-30","012388","202000028574","0.5684","0.5684","","",""
"2024-09-02","012388","202000028574","0.5595","0.5595","","",""
"2024-09-03","012388","202000028574","0.5685","0.5685","","",""
"2024-09-04","012388","202000028574","0.5683","0.5683","","",""
"2024-09-05","012388","202000028574","0.5720","0.5720","","",""
"2024-09-06","012388","202000028574","0.5623","0.5623","","",""
"2024-09-09","012388","202000028574","0.5561","0.5561","","",""
"2024-09-10","012388","202000028574","0.5604","0.5604","","",""
"2024-09-11","012388","202000028574","0.5685","0.5685","","",""
"2024-09-12","012388","202000028574","0.5649","0.5649","","",""
"2024-09-13","012388","202000028574","0.5581","0.5581","","",""
"2024-09-18","012388","202000028574","0.5634","0.5634","","",""
"2024-09-19","012388","202000028574","0.5674","0.5674","","",""
"2024-09-20","012388","202000028574","0.5645","0.5645","","",""
"2024-09-23","012388","202000028574","0.5626","0.5626","","",""
"2024-09-24","012388","202000028574","0.5746","0.5746","","",""
"2024-09-25","012388","202000028574","0.5745","0.5745","","",""
"2024-09-26","012388","202000028574","0.5919","0.5919","","",""
"2024-09-27","012388","202000028574","0.6198","0.6198","","",""
"2024-09-30","012388","202000028574","0.6708","0.6708","","",""
"2024-10-08","012388","202000028574","0.7028","0.7028","","",""
"2024-10-09","012388","202000028574","0.6620","0.6620","","",""
"2024-10-10","012388","202000028574","0.6702","0.6702","","",""
"2024-10-11","012388","202000028574","0.6454","0.6454","","",""
"2024-10-14","012388","202000028574","0.6590","0.6590","","",""
"2024-10-15","012388","202000028574","0.6405","0.6405","","",""
"2024-10-16","012388","202000028574","0.6383","0.6383","","",""
"2024-10-17","012388","202000028574","0.6389","0.6389","","",""
"2024-10-18","012388","202000028574","0.6630","0.6630","","",""
"2024-10-21","012388","202000028574","0.6662","0.6662","","",""
"2024-10-22","012388","202000028574","0.6793","0.6793","","",""
"2024-10-23","012388","202000028574","0.6836","0.6836","","",""
"2024-10-24","012388","202000028574","0.6776","0.6776","","",""
"2024-10-25","012388","202000028574","0.6852","0.6852","","",""
"2024-10-28","012388","202000028574","0.6831","0.6831","","",""
"2024-10-29","012388","202000028574","0.6773","0.6773","","",""
"2024-10-30","012388","202000028574","0.6771","0.6771","","",""
"2024-10-31","012388","202000028574","0.6750","0.6750","","",""
"2024-11-01","012388","202000028574","0.6666","0.6666","","",""
"2024-11-04","012388","202000028574","0.6852","0.6852","","",""
"2024-11-05","012388","202000028574","0.6994","0.6994","","",""
"2024-11-06","012388","202000028574","0.6893","0.6893","","",""
"2024-11-07","012388","202000028574","0.6904","0.6904","","",""
"2024-11-08","012388","202000028574","0.6916","0.6916","","",""
"2024-11-11","012388","202000028574","0.7013","0.7013","","",""
"2024-11-12","012388","202000028574","0.6937","0.6937","","",""
"2024-11-13","012388","202000028574","0.6948","0.6948","","",""
"2024-11-14","012388","202000028574","0.6799","0.6799","","",""
"2024-11-15","012388","202000028574","0.6671","0.6671","","",""
"2024-11-18","012388","202000028574","0.6613","0.6613","","",""
"2024-11-19","012388","202000028574","0.6764","0.6764","","",""
"2024-11-20","012388","202000028574","0.6810","0.6810","","",""
"2024-11-21","012388","202000028574","0.6820","0.6820","","",""
"2024-11-22","012388","202000028574","0.6572","0.6572","","",""
"2024-11-25","012388","202000028574","0.6569","0.6569","","",""
"2024-11-26","012388","202000028574","0.6513","0.6513","","",""
"2024-11-27","012388","202000028574","0.6663","0.6663","","",""
"2024-11-28","012388","202000028574","0.6587","0.6587","","",""
"2024-11-29","012388","202000028574","0.6705","0.6705","","",""
"2024-12-02","012388","202000028574","0.6847","0.6847","","",""
"2024-12-03","012388","202000028574","0.6825","0.6825","","",""
"2024-12-04","012388","202000028574","0.6759","0.6759","","",""
"2024-12-05","012388","202000028574","0.6738","0.6738","","",""
"2024-12-06","012388","202000028574","0.6797","0.6797","","",""
"2024-12-09","012388","202000028574","0.6830","0.6830","","",""
"2024-12-10","012388","202000028574","0.6877","0.6877","","",""
"2024-12-11","012388","202000028574","0.6898","0.6898","","",""
"2024-12-12","012388","202000028574","0.6932","0.6932","","",""
"2024-12-13","012388","202000028574","0.6835","0.6835","","",""
"2024-12-16","012388","202000028574","0.6729","0.6729","","",""
"2024-12-17","012388","202000028574","0.6662","0.6662","","",""
"2024-12-18","012388","202000028574","0.6700","0.6700","","",""
"2024-12-19","012388","202000028574","0.6762","0.6762","","",""
"2024-12-20","012388","202000028574","0.6779","0.6779","","",""
"2024-12-23","012388","202000028574","0.6706","0.6706","","",""
"2024-12-24","012388","202000028574","0.6816","0.6816","","",""
"2024-12-25","012388","202000028574","0.6786","0.6786","","",""
"2024-12-26","012388","202000028574","0.6854","0.6854","","",""
"2024-12-27","012388","202000028574","0.6799","0.6799","","",""
"2024-12-30","012388","202000028574","0.6795","0.6795","","",""
"2024-12-31","012388","202000028574","0.6688","0.6688","","",""
"2025-01-02","012388","202000028574","0.6487","0.6487","","",""
"2025-01-03","012388","202000028574","0.6369","0.6369","","",""
"2025-01-06","012388","202000028574","0.6384","0.6384","","",""
"2025-01-07","012388","202000028574","0.6491","0.6491","","",""
"2025-01-08","012388","202000028574","0.6505","0.6505","","",""
"2025-01-09","012388","202000028574","0.6510","0.6510","","",""
"2025-01-10","012388","202000028574","0.6388","0.6388","","",""
"2025-01-13","012388","202000028574","0.6342","0.6342","","",""
"2025-01-14","012388","202000028574","0.6591","0.6591","","",""
"2025-01-15","012388","202000028574","0.6491","0.6491","","",""
"2025-01-16","012388","202000028574","0.6537","0.6537","","",""
"2025-01-17","012388","202000028574","0.6637","0.6637","","",""
"2025-01-20","012388","202000028574","0.6720","0.6720","","",""
"2025-01-21","012388","202000028574","0.6773","0.6773","","",""
"2025-01-22","012388","202000028574","0.6747","0.6747","","",""
"2025-01-23","012388","202000028574","0.6669","0.6669","","",""
"2025-01-24","012388","202000028574","0.6694","0.6694","","",""
"2025-01-27","012388","202000028574","0.6619","0.6619","","",""
"2025-02-05","012388","202000028574","0.6531","0.6531","","",""
"2025-02-06","012388","202000028574","0.6708","0.6708","","",""
"2025-02-07","012388","202000028574","0.6807","0.6807","","",""
"2025-02-10","012388","202000028574","0.6808","0.6808","","",""
"2025-02-11","012388","202000028574","0.6723","0.6723","","",""
"2025-02-12","012388","202000028574","0.6817","0.6817","","",""
"2025-02-13","012388","202000028574","0.6659","0.6659","","",""
"2025-02-14","012388","202000028574","0.6714","0.6714","","",""
"2025-02-17","012388","202000028574","0.6752","0.6752","","",""
"2025-02-18","012388","202000028574","0.6750","0.6750","","",""
"2025-02-19","012388","202000028574","0.6850","0.6850","","",""
"2025-02-20","012388","202000028574","0.6865","0.6865","","",""
"2025-02-21","012388","202000028574","0.7019","0.7019","","",""
"2025-02-24","012388","202000028574","0.7006","0.7006","","",""
"2025-02-25","012388","202000028574","0.7035","0.7035","","",""
"2025-02-26","012388","202000028574","0.7145","0.7145","","",""
"2025-02-27","012388","202000028574","0.7116","0.7116","","",""
"2025-02-28","012388","202000028574","0.6860","0.6860","","",""
"2025-03-03","012388","202000028574","0.6867","0.6867","","",""
"2025-03-04","012388","202000028574","0.6848","0.6848","","",""
"2025-03-05","012388","202000028574","0.6937","0.6937","","",""
"2025-03-06","012388","202000028574","0.7050","0.7050","","",""
"2025-03-07","012388","202000028574","0.7054","0.7054","","",""
"2025-03-10","012388","202000028574","0.7099","0.7099","","",""
"2025-03-11","012388","202000028574","0.7177","0.7177","","",""
"2025-03-12","012388","202000028574","0.7170","0.7170","","",""
"2025-03-13","012388","202000028574","0.7082","0.7082","","",""
"2025-03-14","012388","202000028574","0.7170","0.7170","","",""
"2025-03-17","012388","202000028574","0.7155","0.7155","","",""
"2025-03-18","012388","202000028574","0.7245","0.7245","","",""
"2025-03-19","012388","202000028574","0.7227","0.7227","","",""
"2025-03-20","012388","202000028574","0.7236","0.7236","","",""
"2025-03-21","012388","202000028574","0.7056","0.7056","","",""
"2025-03-24","012388","202000028574","0.7122","0.7122","","",""
"2025-03-25","012388","202000028574","0.7045","0.7045","","",""
"2025-03-26","012388","202000028574","0.7078","0.7078","","",""
"2025-03-27","012388","202000028574","0.7089","0.7089","","",""
"2025-03-28","012388","202000028574","0.6981","0.6981","","",""
"2025-03-31","012388","202000028574","0.6896","0.6896","","",""
"2025-04-01","012388","202000028574","0.6955","0.6955","","",""
"2024-04-02","012854","202000035272","0.8855","0.8855","","",""
"2024-04-03","012854","202000035272","0.8840","0.8840","","",""
"2024-04-08","012854","202000035272","0.8776","0.8776","","",""
"2024-04-09","012854","202000035272","0.8749","0.8749","","",""
"2024-04-10","012854","202000035272","0.8708","0.8708","","",""
"2024-04-11","012854","202000035272","0.8698","0.8698","","",""
"2024-04-12","012854","202000035272","0.8628","0.8628","","",""
"2024-04-15","012854","202000035272","0.8825","0.8825","","",""
"2024-04-16","012854","202000035272","0.8773","0.8773","","",""
"2024-04-17","012854","202000035272","0.8874","0.8874","","",""
"2024-04-18","012854","202000035272","0.8886","0.8886","","",""
"2024-04-19","012854","202000035272","0.8837","0.8837","","",""
"2024-04-22","012854","202000035272","0.8814","0.8814","","",""
"2024-04-23","012854","202000035272","0.8751","0.8751","","",""
"2024-04-24","012854","202000035272","0.8789","0.8789","","",""
"2024-04-25","012854","202000035272","0.8810","0.8810","","",""
"2024-04-26","012854","202000035272","0.8938","0.8938","","",""
"2024-04-29","012854","202000035272","0.9008","0.9008","","",""
"2024-04-30","012854","202000035272","0.8969","0.8969","","",""
"2024-05-06","012854","202000035272","0.9084","0.9084","","",""
"2024-05-07","012854","202000035272","0.9083","0.9083","","",""
"2024-05-08","012854","202000035272","0.9016","0.9016","","",""
"2024-05-09","012854","202000035272","0.9088","0.9088","","",""
"2024-05-10","012854","202000035272","0.9096","0.9096","","",""
"2024-05-13","012854","202000035272","0.9097","0.9097","","",""
"2024-05-14","012854","202000035272","0.9070","0.9070","","",""
"2024-05-15","012854","202000035272","0.9013","0.9013","","",""
"2024-05-16","012854","202000035272","0.9043","0.9043","","",""
"2024-05-17","012854","202000035272","0.9135","0.9135","","",""
"2024-05-20","012854","202000035272","0.9156","0.9156","","",""
"2024-05-21","012854","202000035272","0.9127","0.9127","","",""
"2024-05-22","012854","202000035272","0.9141","0.9141","","",""
"2024-05-23","012854","202000035272","0.9047","0.9047","","",""
"2024-05-24","012854","202000035272","0.8963","0.8963","","",""
"2024-05-27","012854","202000035272","0.9047","0.9047","","",""
"2024-05-28","012854","202000035272","0.8997","0.8997","","",""
"2024-05-29","012854","202000035272","0.9015","0.9015","","",""
"2024-05-30","012854","202000035272","0.8955","0.8955","","",""
"2024-05-31","012854","202000035272","0.8905","0.8905","","",""
"2024-06-03","012854","202000035272","0.8945","0.8945","","",""
"2024-06-04","012854","202000035272","0.9010","0.9010","","",""
"2024-06-05","012854","202000035272","0.8967","0.8967","","",""
"2024-06-06","012854","202000035272","0.8983","0.8983","","",""
"2024-06-07","012854","202000035272","0.8947","0.8947","","",""
"2024-06-11","012854","202000035272","0.8864","0.8864","","",""
"2024-06-12","012854","202000035272","0.8855","0.8855","","",""
"2024-06-13","012854","202000035272","0.8809","0.8809","","",""
"2024-06-14","012854","202000035272","0.8856","0.8856","","",""
"2024-06-17","012854","202000035272","0.8820","0.8820","","",""
"2024-06-18","012854","202000035272","0.8844","0.8844","","",""
"2024-06-19","012854","202000035272","0.8832","0.8832","","",""
"2024-06-20","012854","202000035272","0.8793","0.8793","","",""
"2024-06-21","012854","202000035272","0.8764","0.8764","","",""
"2024-06-24","012854","202000035272","0.8749","0.8749","","",""
"2024-06-25","012854","202000035272","0.8711","0.8711","","",""
"2024-06-26","012854","202000035272","0.8747","0.8747","","",""
"2024-06-27","012854","202000035272","0.8700","0.8700","","",""
"2024-06-28","012854","202000035272","0.8728","0.8728","","",""
"2024-06-30","012854","202000035272","0.8727","0.8727","","",""
"2024-07-01","012854","202000035272","0.8764","0.8764","","",""
"2024-07-02","012854","202000035272","0.8757","0.8757","","",""
"2024-07-03","012854","202000035272","0.8739","0.8739","","",""
"2024-07-04","012854","202000035272","0.8722","0.8722","","",""
"2024-07-05","012854","202000035272","0.8684","0.8684","","",""
"2024-07-08","012854","202000035272","0.8629","0.8629","","",""
"2024-07-09","012854","202000035272","0.8712","0.8712","","",""
"2024-07-10","012854","202000035272","0.8694","0.8694","","",""
"2024-07-11","012854","202000035272","0.8782","0.8782","","",""
"2024-07-12","012854","202000035272","0.8820","0.8820","","",""
"2024-07-15","012854","202000035272","0.8822","0.8822","","",""
"2024-07-16","012854","202000035272","0.8862","0.8862","","",""
"2024-07-17","012854","202000035272","0.8867","0.8867","","",""
"2024-07-18","012854","202000035272","0.8918","0.8918","","",""
"2024-07-19","012854","202000035272","0.8958","0.8958","","",""
"2024-07-22","012854","202000035272","0.8900","0.8900","","",""
"2024-07-23","012854","202000035272","0.8731","0.8731","","",""
"2024-07-24","012854","202000035272","0.8691","0.8691","","",""
"2024-07-25","012854","202000035272","0.8627","0.8627","","",""
"2024-07-26","012854","202000035272","0.8655","0.8655","","",""
"2024-07-29","012854","202000035272","0.8620","0.8620","","",""
"2024-07-30","012854","202000035272","0.8553","0.8553","","",""
"2024-07-31","012854","202000035272","0.8712","0.8712","","",""
"2024-08-01","012854","202000035272","0.8661","0.8661","","",""
"2024-08-02","012854","202000035272","0.8563","0.8563","","",""
"2024-08-05","012854","202000035272","0.8467","0.8467","","",""
"2024-08-06","012854","202000035272","0.8442","0.8442","","",""
"2024-08-07","012854","202000035272","0.8440","0.8440","","",""
"2024-08-08","012854","202000035272","0.8451","0.8451","","",""
"2024-08-09","012854","202000035272","0.8435","0.8435","","",""
"2024-08-12","012854","202000035272","0.8432","0.8432","","",""
"2024-08-13","012854","202000035272","0.8448","0.8448","","",""
"2024-08-14","012854","202000035272","0.8393","0.8393","","",""
"2024-08-15","012854","202000035272","0.8476","0.8476","","",""
"2024-08-16","012854","202000035272","0.8507","0.8507","","",""
"2024-08-19","012854","202000035272","0.8536","0.8536","","",""
"2024-08-20","012854","202000035272","0.8494","0.8494","","",""
"2024-08-21","012854","202000035272","0.8474","0.8474","","",""
"2024-08-22","012854","202000035272","0.8482","0.8482","","",""
"2024-08-23","012854","202000035272","0.8527","0.8527","","",""
"2024-08-26","012854","202000035272","0.8510","0.8510","","",""
"2024-08-27","012854","202000035272","0.8472","0.8472","","",""
"2024-08-28","012854","202000035272","0.8424","0.8424","","",""
"2024-08-29","012854","202000035272","0.8386","0.8386","","",""
"2024-08-30","012854","202000035272","0.8480","0.8480","","",""
"2024-09-02","012854","202000035272","0.8345","0.8345","","",""
"2024-09-03","012854","202000035272","0.8368","0.8368","","",""
"2024-09-04","012854","202000035272","0.8308","0.8308","","",""
"2024-09-05","012854","202000035272","0.8315","0.8315","","",""
"2024-09-06","012854","202000035272","0.8260","0.8260","","",""
"2024-09-09","012854","202000035272","0.8165","0.8165","","",""
"2024-09-10","012854","202000035272","0.8173","0.8173","","",""
"2024-09-11","012854","202000035272","0.8155","0.8155","","",""
"2024-09-12","012854","202000035272","0.8122","0.8122","","",""
"2024-09-13","012854","202000035272","0.8101","0.8101","","",""
"2024-09-18","012854","202000035272","0.8147","0.8147","","",""
"2024-09-19","012854","202000035272","0.8196","0.8196","","",""
"2024-09-20","012854","202000035272","0.8210","0.8210","","",""
"2024-09-23","012854","202000035272","0.8239","0.8239","","",""
"2024-09-24","012854","202000035272","0.8566","0.8566","","",""
"2024-09-25","012854","202000035272","0.8691","0.8691","","",""
"2024-09-26","012854","202000035272","0.9025","0.9025","","",""
"2024-09-27","012854","202000035272","0.9360","0.9360","","",""
"2024-09-30","012854","202000035272","1.0067","1.0067","","",""
"2024-10-08","012854","202000035272","1.0620","1.0620","","",""
"2024-10-09","012854","202000035272","0.9906","0.9906","","",""
"2024-10-10","012854","202000035272","1.0058","1.0058","","",""
"2024-10-11","012854","202000035272","0.9805","0.9805","","",""
"2024-10-14","012854","202000035272","0.9964","0.9964","","",""
"2024-10-15","012854","202000035272","0.9709","0.9709","","",""
"2024-10-16","012854","202000035272","0.9656","0.9656","","",""
"2024-10-17","012854","202000035272","0.9553","0.9553","","",""
"2024-10-18","012854","202000035272","0.9866","0.9866","","",""
"2024-10-21","012854","202000035272","0.9861","0.9861","","",""
"2024-10-22","012854","202000035272","0.9906","0.9906","","",""
"2024-10-23","012854","202000035272","0.9926","0.9926","","",""
"2024-10-24","012854","202000035272","0.9824","0.9824","","",""
"2024-10-25","012854","202000035272","0.9856","0.9856","","",""
"2024-10-28","012854","202000035272","0.9844","0.9844","","",""
"2024-10-29","012854","202000035272","0.9761","0.9761","","",""
"2024-10-30","012854","202000035272","0.9703","0.9703","","",""
"2024-10-31","012854","202000035272","0.9683","0.9683","","",""
"2024-11-01","012854","202000035272","0.9710","0.9710","","",""
"2024-11-04","012854","202000035272","0.9825","0.9825","","",""
"2024-11-05","012854","202000035272","1.0023","1.0023","","",""
"2024-11-06","012854","202000035272","0.9969","0.9969","","",""
"2024-11-07","012854","202000035272","1.0236","1.0236","","",""
"2024-11-08","012854","202000035272","1.0146","1.0146","","",""
"2024-11-11","012854","202000035272","1.0160","1.0160","","",""
"2024-11-12","012854","202000035272","1.0043","1.0043","","",""
"2024-11-13","012854","202000035272","1.0108","1.0108","","",""
"2024-11-14","012854","202000035272","0.9970","0.9970","","",""
"2024-11-15","012854","202000035272","0.9813","0.9813","","",""
"2024-11-18","012854","202000035272","0.9787","0.9787","","",""
"2024-11-19","012854","202000035272","0.9817","0.9817","","",""
"2024-11-20","012854","202000035272","0.9847","0.9847","","",""
"2024-11-21","012854","202000035272","0.9846","0.9846","","",""
"2024-11-22","012854","202000035272","0.9579","0.9579","","",""
"2024-11-25","012854","202000035272","0.9529","0.9529","","",""
"2024-11-26","012854","202000035272","0.9522","0.9522","","",""
"2024-11-27","012854","202000035272","0.9644","0.9644","","",""
"2024-11-28","012854","202000035272","0.9560","0.9560","","",""
"2024-11-29","012854","202000035272","0.9639","0.9639","","",""
"2024-12-02","012854","202000035272","0.9711","0.9711","","",""
"2024-12-03","012854","202000035272","0.9726","0.9726","","",""
"2024-12-04","012854","202000035272","0.9691","0.9691","","",""
"2024-12-05","012854","202000035272","0.9659","0.9659","","",""
"2024-12-06","012854","202000035272","0.9777","0.9777","","",""
"2024-12-09","012854","202000035272","0.9762","0.9762","","",""
"2024-12-10","012854","202000035272","0.9867","0.9867","","",""
"2024-12-11","012854","202000035272","0.9851","0.9851","","",""
"2024-12-12","012854","202000035272","0.9950","0.9950","","",""
"2024-12-13","012854","202000035272","0.9738","0.9738","","",""
"2024-12-16","012854","202000035272","0.9706","0.9706","","",""
"2024-12-17","012854","202000035272","0.9748","0.9748","","",""
"2024-12-18","012854","202000035272","0.9796","0.9796","","",""
"2024-12-19","012854","202000035272","0.9803","0.9803","","",""
"2024-12-20","012854","202000035272","0.9753","0.9753","","",""
"2024-12-23","012854","202000035272","0.9786","0.9786","","",""
"2024-12-24","012854","202000035272","0.9908","0.9908","","",""
"2024-12-25","012854","202000035272","0.9923","0.9923","","",""
"2024-12-26","012854","202000035272","0.9936","0.9936","","",""
"2024-12-27","012854","202000035272","0.9912","0.9912","","",""
"2024-12-30","012854","202000035272","0.9940","0.9940","","",""
"2024-12-31","012854","202000035272","0.9807","0.9807","","",""
"2025-01-02","012854","202000035272","0.9545","0.9545","","",""
"2025-01-03","012854","202000035272","0.9471","0.9471","","",""
"2025-01-06","012854","202000035272","0.9455","0.9455","","",""
"2025-01-07","012854","202000035272","0.9506","0.9506","","",""
"2025-01-08","012854","202000035272","0.9503","0.9503","","",""
"2025-01-09","012854","202000035272","0.9466","0.9466","","",""
"2025-01-10","012854","202000035272","0.9368","0.9368","","",""
"2025-01-13","012854","202000035272","0.9327","0.9327","","",""
"2025-01-14","012854","202000035272","0.9534","0.9534","","",""
"2025-01-15","012854","202000035272","0.9476","0.9476","","",""
"2025-01-16","012854","202000035272","0.9496","0.9496","","",""
"2025-01-17","012854","202000035272","0.9527","0.9527","","",""
"2025-01-20","012854","202000035272","0.9587","0.9587","","",""
"2025-01-21","012854","202000035272","0.9589","0.9589","","",""
"2025-01-22","012854","202000035272","0.9508","0.9508","","",""
"2025-01-23","012854","202000035272","0.9527","0.9527","","",""
"2025-01-24","012854","202000035272","0.9601","0.9601","","",""
"2025-01-27","012854","202000035272","0.9572","0.9572","","",""
"2025-02-05","012854","202000035272","0.9484","0.9484","","",""
"2025-02-06","012854","202000035272","0.9573","0.9573","","",""
"2025-02-07","012854","202000035272","0.9697","0.9697","","",""
"2025-02-10","012854","202000035272","0.9715","0.9715","","",""
"2025-02-11","012854","202000035272","0.9700","0.9700","","",""
"2025-02-12","012854","202000035272","0.9787","0.9787","","",""
"2025-02-13","012854","202000035272","0.9759","0.9759","","",""
"2025-02-14","012854","202000035272","0.9845","0.9845","","",""
"2025-02-17","012854","202000035272","0.9838","0.9838","","",""
"2025-02-18","012854","202000035272","0.9798","0.9798","","",""
"2025-02-19","012854","202000035272","0.9845","0.9845","","",""
"2025-02-20","012854","202000035272","0.9827","0.9827","","",""
"2025-02-21","012854","202000035272","0.9929","0.9929","","",""
"2025-02-24","012854","202000035272","0.9899","0.9899","","",""
"2025-02-25","012854","202000035272","0.9789","0.9789","","",""
"2025-02-26","012854","202000035272","0.9863","0.9863","","",""
"2025-02-27","012854","202000035272","0.9919","0.9919","","",""
"2025-02-28","012854","202000035272","0.9759","0.9759","","",""
"2025-03-03","012854","202000035272","0.9761","0.9761","","",""
"2025-03-04","012854","202000035272","0.9735","0.9735","","",""
"2025-03-05","012854","202000035272","0.9780","0.9780","","",""
"2025-03-06","012854","202000035272","0.9905","0.9905","","",""
"2025-03-07","012854","202000035272","0.9886","0.9886","","",""
"2025-03-10","012854","202000035272","0.9841","0.9841","","",""
"2025-03-11","012854","202000035272","0.9849","0.9849","","",""
"2025-03-12","012854","202000035272","0.9826","0.9826","","",""
"2025-03-13","012854","202000035272","0.9799","0.9799","","",""
"2025-03-14","012854","202000035272","1.0026","1.0026","","",""
"2025-03-17","012854","202000035272","0.9992","0.9992","","",""
"2025-03-18","012854","202000035272","1.0019","1.0019","","",""
"2025-03-19","012854","202000035272","1.0065","1.0065","","",""
"2025-03-20","012854","202000035272","0.9971","0.9971","","",""
"2025-03-21","012854","202000035272","0.9814","0.9814","","",""
"2025-03-24","012854","202000035272","0.9885","0.9885","","",""
"2025-03-25","012854","202000035272","0.9891","0.9891","","",""
"2025-03-26","012854","202000035272","0.9839","0.9839","","",""
"2025-03-27","012854","202000035272","0.9879","0.9879","","",""
"2025-03-28","012854","202000035272","0.9847","0.9847","","",""
"2025-03-31","012854","202000035272","0.9808","0.9808","","",""
"2025-04-01","012854","202000035272","0.9803","0.9803","","",""
"2024-04-02","012855","202000035273","0.9196","0.9196","","",""
"2024-04-03","012855","202000035273","0.9181","0.9181","","",""
"2024-04-08","012855","202000035273","0.9115","0.9115","","",""
"2024-04-09","012855","202000035273","0.9086","0.9086","","",""
"2024-04-10","012855","202000035273","0.9043","0.9043","","",""
"2024-04-11","012855","202000035273","0.9033","0.9033","","",""
"2024-04-12","012855","202000035273","0.8960","0.8960","","",""
"2024-04-15","012855","202000035273","0.9165","0.9165","","",""
"2024-04-16","012855","202000035273","0.9111","0.9111","","",""
"2024-04-17","012855","202000035273","0.9215","0.9215","","",""
"2024-04-18","012855","202000035273","0.9228","0.9228","","",""
"2024-04-19","012855","202000035273","0.9177","0.9177","","",""
"2024-04-22","012855","202000035273","0.9153","0.9153","","",""
"2024-04-23","012855","202000035273","0.9087","0.9087","","",""
"2024-04-24","012855","202000035273","0.9127","0.9127","","",""
"2024-04-25","012855","202000035273","0.9149","0.9149","","",""
"2024-04-26","012855","202000035273","0.9282","0.9282","","",""
"2024-04-29","012855","202000035273","0.9354","0.9354","","",""
"2024-04-30","012855","202000035273","0.9314","0.9314","","",""
"2024-05-06","012855","202000035273","0.9433","0.9433","","",""
"2024-05-07","012855","202000035273","0.9432","0.9432","","",""
"2024-05-08","012855","202000035273","0.9362","0.9362","","",""
"2024-05-09","012855","202000035273","0.9438","0.9438","","",""
"2024-05-10","012855","202000035273","0.9446","0.9446","","",""
"2024-05-13","012855","202000035273","0.9447","0.9447","","",""
"2024-05-14","012855","202000035273","0.9418","0.9418","","",""
"2024-05-15","012855","202000035273","0.9359","0.9359","","",""
"2024-05-16","012855","202000035273","0.9391","0.9391","","",""
"2024-05-17","012855","202000035273","0.9486","0.9486","","",""
"2024-05-20","012855","202000035273","0.9508","0.9508","","",""
"2024-05-21","012855","202000035273","0.9478","0.9478","","",""
"2024-05-22","012855","202000035273","0.9492","0.9492","","",""
"2024-05-23","012855","202000035273","0.9395","0.9395","","",""
"2024-05-24","012855","202000035273","0.9307","0.9307","","",""
"2024-05-27","012855","202000035273","0.9395","0.9395","","",""
"2024-05-28","012855","202000035273","0.9343","0.9343","","",""
"2024-05-29","012855","202000035273","0.9361","0.9361","","",""
"2024-05-30","012855","202000035273","0.9298","0.9298","","",""
"2024-05-31","012855","202000035273","0.9247","0.9247","","",""
"2024-06-03","012855","202000035273","0.9289","0.9289","","",""
"2024-06-04","012855","202000035273","0.9356","0.9356","","",""
"2024-06-05","012855","202000035273","0.9311","0.9311","","",""
"2024-06-06","012855","202000035273","0.9328","0.9328","","",""
"2024-06-07","012855","202000035273","0.9290","0.9290","","",""
"2024-06-11","012855","202000035273","0.9204","0.9204","","",""
"2024-06-12","012855","202000035273","0.9195","0.9195","","",""
"2024-06-13","012855","202000035273","0.9146","0.9146","","",""
"2024-06-14","012855","202000035273","0.9195","0.9195","","",""
"2024-06-17","012855","202000035273","0.9158","0.9158","","",""
"2024-06-18","012855","202000035273","0.9183","0.9183","","",""
"2024-06-19","012855","202000035273","0.9170","0.9170","","",""
"2024-06-20","012855","202000035273","0.9130","0.9130","","",""
"2024-06-21","012855","202000035273","0.9099","0.9099","","",""
"2024-06-24","012855","202000035273","0.9084","0.9084","","",""
"2024-06-25","012855","202000035273","0.9045","0.9045","","",""
"2024-06-26","012855","202000035273","0.9082","0.9082","","",""
"2024-06-27","012855","202000035273","0.9033","0.9033","","",""
"2024-06-28","012855","202000035273","0.9062","0.9062","","",""
"2024-06-30","012855","202000035273","0.9061","0.9061","","",""
"2024-07-01","012855","202000035273","0.9100","0.9100","","",""
"2024-07-02","012855","202000035273","0.9093","0.9093","","",""
"2024-07-03","012855","202000035273","0.9073","0.9073","","",""
"2024-07-04","012855","202000035273","0.9056","0.9056","","",""
"2024-07-05","012855","202000035273","0.9016","0.9016","","",""
"2024-07-08","012855","202000035273","0.8959","0.8959","","",""
"2024-07-09","012855","202000035273","0.9045","0.9045","","",""
"2024-07-10","012855","202000035273","0.9027","0.9027","","",""
"2024-07-11","012855","202000035273","0.9118","0.9118","","",""
"2024-07-12","012855","202000035273","0.9158","0.9158","","",""
"2024-07-15","012855","202000035273","0.9160","0.9160","","",""
"2024-07-16","012855","202000035273","0.9201","0.9201","","",""
"2024-07-17","012855","202000035273","0.9206","0.9206","","",""
"2024-07-18","012855","202000035273","0.9260","0.9260","","",""
"2024-07-19","012855","202000035273","0.9301","0.9301","","",""
"2024-07-22","012855","202000035273","0.9240","0.9240","","",""
"2024-07-23","012855","202000035273","0.9065","0.9065","","",""
"2024-07-24","012855","202000035273","0.9024","0.9024","","",""
"2024-07-25","012855","202000035273","0.8958","0.8958","","",""
"2024-07-26","012855","202000035273","0.8987","0.8987","","",""
"2024-07-29","012855","202000035273","0.8950","0.8950","","",""
"2024-07-30","012855","202000035273","0.8880","0.8880","","",""
"2024-07-31","012855","202000035273","0.9046","0.9046","","",""
"2024-08-01","012855","202000035273","0.8992","0.8992","","",""
"2024-08-02","012855","202000035273","0.8891","0.8891","","",""
"2024-08-05","012855","202000035273","0.8791","0.8791","","",""
"2024-08-06","012855","202000035273","0.8765","0.8765","","",""
"2024-08-07","012855","202000035273","0.8763","0.8763","","",""
"2024-08-08","012855","202000035273","0.8775","0.8775","","",""
"2024-08-09","012855","202000035273","0.8758","0.8758","","",""
"2024-08-12","012855","202000035273","0.8754","0.8754","","",""
"2024-08-13","012855","202000035273","0.8771","0.8771","","",""
"2024-08-14","012855","202000035273","0.8714","0.8714","","",""
"2024-08-15","012855","202000035273","0.8801","0.8801","","",""
"2024-08-16","012855","202000035273","0.8833","0.8833","","",""
"2024-08-19","012855","202000035273","0.8863","0.8863","","",""
"2024-08-20","012855","202000035273","0.8819","0.8819","","",""
"2024-08-21","012855","202000035273","0.8799","0.8799","","",""
"2024-08-22","012855","202000035273","0.8807","0.8807","","",""
"2024-08-23","012855","202000035273","0.8854","0.8854","","",""
"2024-08-26","012855","202000035273","0.8836","0.8836","","",""
"2024-08-27","012855","202000035273","0.8797","0.8797","","",""
"2024-08-28","012855","202000035273","0.8746","0.8746","","",""
"2024-08-29","012855","202000035273","0.8706","0.8706","","",""
"2024-08-30","012855","202000035273","0.8804","0.8804","","",""
"2024-09-02","012855","202000035273","0.8664","0.8664","","",""
"2024-09-03","012855","202000035273","0.8688","0.8688","","",""
"2024-09-04","012855","202000035273","0.8625","0.8625","","",""
"2024-09-05","012855","202000035273","0.8633","0.8633","","",""
"2024-09-06","012855","202000035273","0.8576","0.8576","","",""
"2024-09-09","012855","202000035273","0.8477","0.8477","","",""
"2024-09-10","012855","202000035273","0.8485","0.8485","","",""
"2024-09-11","012855","202000035273","0.8466","0.8466","","",""
"2024-09-12","012855","202000035273","0.8432","0.8432","","",""
"2024-09-13","012855","202000035273","0.8411","0.8411","","",""
"2024-09-18","012855","202000035273","0.8458","0.8458","","",""
"2024-09-19","012855","202000035273","0.8510","0.8510","","",""
"2024-09-20","012855","202000035273","0.8524","0.8524","","",""
"2024-09-23","012855","202000035273","0.8554","0.8554","","",""
"2024-09-24","012855","202000035273","0.8893","0.8893","","",""
"2024-09-25","012855","202000035273","0.9023","0.9023","","",""
"2024-09-26","012855","202000035273","0.9369","0.9369","","",""
"2024-09-27","012855","202000035273","0.9717","0.9717","","",""
"2024-09-30","012855","202000035273","1.0451","1.0451","","",""
"2024-10-08","012855","202000035273","1.1026","1.1026","","",""
"2024-10-09","012855","202000035273","1.0284","1.0284","","",""
"2024-10-10","012855","202000035273","1.0449","1.0449","","",""
"2024-10-11","012855","202000035273","1.0186","1.0186","","",""
"2024-10-14","012855","202000035273","1.0357","1.0357","","",""
"2024-10-15","012855","202000035273","1.0092","1.0092","","",""
"2024-10-16","012855","202000035273","1.0037","1.0037","","",""
"2024-10-17","012855","202000035273","0.9930","0.9930","","",""
"2024-10-18","012855","202000035273","1.0256","1.0256","","",""
"2024-10-21","012855","202000035273","1.0252","1.0252","","",""
"2024-10-22","012855","202000035273","1.0299","1.0299","","",""
"2024-10-23","012855","202000035273","1.0320","1.0320","","",""
"2024-10-24","012855","202000035273","1.0214","1.0214","","",""
"2024-10-25","012855","202000035273","1.0247","1.0247","","",""
"2024-10-28","012855","202000035273","1.0233","1.0233","","",""
"2024-10-29","012855","202000035273","1.0148","1.0148","","",""
"2024-10-30","012855","202000035273","1.0088","1.0088","","",""
"2024-10-31","012855","202000035273","1.0066","1.0066","","",""
"2024-11-01","012855","202000035273","1.0095","1.0095","","",""
"2024-11-04","012855","202000035273","1.0215","1.0215","","",""
"2024-11-05","012855","202000035273","1.0420","1.0420","","",""
"2024-11-06","012855","202000035273","1.0363","1.0363","","",""
"2024-11-07","012855","202000035273","1.0642","1.0642","","",""
"2024-11-08","012855","202000035273","1.0548","1.0548","","",""
"2024-11-11","012855","202000035273","1.0563","1.0563","","",""
"2024-11-12","012855","202000035273","1.0441","1.0441","","",""
"2024-11-13","012855","202000035273","1.0509","1.0509","","",""
"2024-11-14","012855","202000035273","1.0365","1.0365","","",""
"2024-11-15","012855","202000035273","1.0201","1.0201","","",""
"2024-11-18","012855","202000035273","1.0175","1.0175","","",""
"2024-11-19","012855","202000035273","1.0206","1.0206","","",""
"2024-11-20","012855","202000035273","1.0238","1.0238","","",""
"2024-11-21","012855","202000035273","1.0237","1.0237","","",""
"2024-11-22","012855","202000035273","0.9959","0.9959","","",""
"2024-11-25","012855","202000035273","0.9907","0.9907","","",""
"2024-11-26","012855","202000035273","0.9900","0.9900","","",""
"2024-11-27","012855","202000035273","1.0027","1.0027","","",""
"2024-11-28","012855","202000035273","0.9939","0.9939","","",""
"2024-11-29","012855","202000035273","1.0022","1.0022","","",""
"2024-12-02","012855","202000035273","1.0097","1.0097","","",""
"2024-12-03","012855","202000035273","1.0112","1.0112","","",""
"2024-12-04","012855","202000035273","1.0075","1.0075","","",""
"2024-12-05","012855","202000035273","1.0043","1.0043","","",""
"2024-12-06","012855","202000035273","1.0166","1.0166","","",""
"2024-12-09","012855","202000035273","1.0150","1.0150","","",""
"2024-12-10","012855","202000035273","1.0259","1.0259","","",""
"2024-12-11","012855","202000035273","1.0242","1.0242","","",""
"2024-12-12","012855","202000035273","1.0345","1.0345","","",""
"2024-12-13","012855","202000035273","1.0125","1.0125","","",""
"2024-12-16","012855","202000035273","1.0091","1.0091","","",""
"2024-12-17","012855","202000035273","1.0135","1.0135","","",""
"2024-12-18","012855","202000035273","1.0185","1.0185","","",""
"2024-12-19","012855","202000035273","1.0192","1.0192","","",""
"2024-12-20","012855","202000035273","1.0140","1.0140","","",""
"2024-12-23","012855","202000035273","1.0175","1.0175","","",""
"2024-12-24","012855","202000035273","1.0302","1.0302","","",""
"2024-12-25","012855","202000035273","1.0317","1.0317","","",""
"2024-12-26","012855","202000035273","1.0331","1.0331","","",""
"2024-12-27","012855","202000035273","1.0305","1.0305","","",""
"2024-12-30","012855","202000035273","1.0334","1.0334","","",""
"2024-12-31","012855","202000035273","1.0196","1.0196","","",""
"2025-01-02","012855","202000035273","0.9924","0.9924","","",""
"2025-01-03","012855","202000035273","0.9847","0.9847","","",""
"2025-01-06","012855","202000035273","0.9830","0.9830","","",""
"2025-01-07","012855","202000035273","0.9885","0.9885","","",""
"2025-01-08","012855","202000035273","0.9881","0.9881","","",""
"2025-01-09","012855","202000035273","0.9843","0.9843","","",""
"2025-01-10","012855","202000035273","0.9741","0.9741","","",""
"2025-01-13","012855","202000035273","0.9698","0.9698","","",""
"2025-01-14","012855","202000035273","0.9913","0.9913","","",""
"2025-01-15","012855","202000035273","0.9853","0.9853","","",""
"2025-01-16","012855","202000035273","0.9874","0.9874","","",""
"2025-01-17","012855","202000035273","0.9906","0.9906","","",""
"2025-01-20","012855","202000035273","0.9969","0.9969","","",""
"2025-01-21","012855","202000035273","0.9970","0.9970","","",""
"2025-01-22","012855","202000035273","0.9886","0.9886","","",""
"2025-01-23","012855","202000035273","0.9905","0.9905","","",""
"2025-01-24","012855","202000035273","0.9983","0.9983","","",""
"2025-01-27","012855","202000035273","0.9953","0.9953","","",""
"2025-02-05","012855","202000035273","0.9861","0.9861","","",""
"2025-02-06","012855","202000035273","0.9954","0.9954","","",""
"2025-02-07","012855","202000035273","1.0082","1.0082","","",""
"2025-02-10","012855","202000035273","1.0101","1.0101","","",""
"2025-02-11","012855","202000035273","1.0085","1.0085","","",""
"2025-02-12","012855","202000035273","1.0176","1.0176","","",""
"2025-02-13","012855","202000035273","1.0146","1.0146","","",""
"2025-02-14","012855","202000035273","1.0236","1.0236","","",""
"2025-02-17","012855","202000035273","1.0228","1.0228","","",""
"2025-02-18","012855","202000035273","1.0187","1.0187","","",""
"2025-02-19","012855","202000035273","1.0235","1.0235","","",""
"2025-02-20","012855","202000035273","1.0217","1.0217","","",""
"2025-02-21","012855","202000035273","1.0323","1.0323","","",""
"2025-02-24","012855","202000035273","1.0292","1.0292","","",""
"2025-02-25","012855","202000035273","1.0178","1.0178","","",""
"2025-02-26","012855","202000035273","1.0255","1.0255","","",""
"2025-02-27","012855","202000035273","1.0313","1.0313","","",""
"2025-02-28","012855","202000035273","1.0146","1.0146","","",""
"2025-03-03","012855","202000035273","1.0149","1.0149","","",""
"2025-03-04","012855","202000035273","1.0122","1.0122","","",""
"2025-03-05","012855","202000035273","1.0168","1.0168","","",""
"2025-03-06","012855","202000035273","1.0298","1.0298","","",""
"2025-03-07","012855","202000035273","1.0278","1.0278","","",""
"2025-03-10","012855","202000035273","1.0231","1.0231","","",""
"2025-03-11","012855","202000035273","1.0239","1.0239","","",""
"2025-03-12","012855","202000035273","1.0216","1.0216","","",""
"2025-03-13","012855","202000035273","1.0188","1.0188","","",""
"2025-03-14","012855","202000035273","1.0424","1.0424","","",""
"2025-03-17","012855","202000035273","1.0388","1.0388","","",""
"2025-03-18","012855","202000035273","1.0417","1.0417","","",""
"2025-03-19","012855","202000035273","1.0464","1.0464","","",""
"2025-03-20","012855","202000035273","1.0366","1.0366","","",""
"2025-03-21","012855","202000035273","1.0203","1.0203","","",""
"2025-03-24","012855","202000035273","1.0277","1.0277","","",""
"2025-03-25","012855","202000035273","1.0283","1.0283","","",""
"2025-03-26","012855","202000035273","1.0229","1.0229","","",""
"2025-03-27","012855","202000035273","1.0271","1.0271","","",""
"2025-03-28","012855","202000035273","1.0237","1.0237","","",""
"2025-03-31","012855","202000035273","1.0196","1.0196","","",""
"2025-04-01","012855","202000035273","1.0191","1.0191","","",""
"2024-04-02","013174","202000033023","0.8323","0.8323","","",""
"2024-04-03","013174","202000033023","0.8305","0.8305","","",""
"2024-04-08","013174","202000033023","0.8213","0.8213","","",""
"2024-04-09","013174","202000033023","0.8208","0.8208","","",""
"2024-04-10","013174","202000033023","0.8152","0.8152","","",""
"2024-04-11","013174","202000033023","0.8159","0.8159","","",""
"2024-04-12","013174","202000033023","0.8098","0.8098","","",""
"2024-04-15","013174","202000033023","0.8269","0.8269","","",""
"2024-04-16","013174","202000033023","0.8207","0.8207","","",""
"2024-04-17","013174","202000033023","0.8298","0.8298","","",""
"2024-04-18","013174","202000033023","0.8316","0.8316","","",""
"2024-04-19","013174","202000033023","0.8271","0.8271","","",""
"2024-04-22","013174","202000033023","0.8255","0.8255","","",""
"2024-04-23","013174","202000033023","0.8215","0.8215","","",""
"2024-04-24","013174","202000033023","0.8243","0.8243","","",""
"2024-04-25","013174","202000033023","0.8268","0.8268","","",""
"2024-04-26","013174","202000033023","0.8364","0.8364","","",""
"2024-04-29","013174","202000033023","0.8451","0.8451","","",""
"2024-04-30","013174","202000033023","0.8426","0.8426","","",""
"2024-05-06","013174","202000033023","0.8549","0.8549","","",""
"2024-05-07","013174","202000033023","0.8555","0.8555","","",""
"2024-05-08","013174","202000033023","0.8496","0.8496","","",""
"2024-05-09","013174","202000033023","0.8569","0.8569","","",""
"2024-05-10","013174","202000033023","0.8577","0.8577","","",""
"2024-05-13","013174","202000033023","0.8570","0.8570","","",""
"2024-05-14","013174","202000033023","0.8561","0.8561","","",""
"2024-05-15","013174","202000033023","0.8512","0.8512","","",""
"2024-05-16","013174","202000033023","0.8544","0.8544","","",""
"2024-05-17","013174","202000033023","0.8626","0.8626","","",""
"2024-05-20","013174","202000033023","0.8650","0.8650","","",""
"2024-05-21","013174","202000033023","0.8625","0.8625","","",""
"2024-05-22","013174","202000033023","0.8632","0.8632","","",""
"2024-05-23","013174","202000033023","0.8544","0.8544","","",""
"2024-05-24","013174","202000033023","0.8464","0.8464","","",""
"2024-05-27","013174","202000033023","0.8540","0.8540","","",""
"2024-05-28","013174","202000033023","0.8495","0.8495","","",""
"2024-05-29","013174","202000033023","0.8498","0.8498","","",""
"2024-05-30","013174","202000033023","0.8444","0.8444","","",""
"2024-05-31","013174","202000033023","0.8415","0.8415","","",""
"2024-06-03","013174","202000033023","0.8418","0.8418","","",""
"2024-06-04","013174","202000033023","0.8484","0.8484","","",""
"2024-06-05","013174","202000033023","0.8426","0.8426","","",""
"2024-06-06","013174","202000033023","0.8417","0.8417","","",""
"2024-06-07","013174","202000033023","0.8373","0.8373","","",""
"2024-06-11","013174","202000033023","0.8288","0.8288","","",""
"2024-06-12","013174","202000033023","0.8285","0.8285","","",""
"2024-06-13","013174","202000033023","0.8243","0.8243","","",""
"2024-06-14","013174","202000033023","0.8289","0.8289","","",""
"2024-06-17","013174","202000033023","0.8267","0.8267","","",""
"2024-06-18","013174","202000033023","0.8274","0.8274","","",""
"2024-06-19","013174","202000033023","0.8256","0.8256","","",""
"2024-06-20","013174","202000033023","0.8205","0.8205","","",""
"2024-06-21","013174","202000033023","0.8181","0.8181","","",""
"2024-06-24","013174","202000033023","0.8173","0.8173","","",""
"2024-06-25","013174","202000033023","0.8140","0.8140","","",""
"2024-06-26","013174","202000033023","0.8182","0.8182","","",""
"2024-06-27","013174","202000033023","0.8139","0.8139","","",""
"2024-06-28","013174","202000033023","0.8144","0.8144","","",""
"2024-06-30","013174","202000033023","0.8144","0.8144","","",""
"2024-07-01","013174","202000033023","0.8167","0.8167","","",""
"2024-07-02","013174","202000033023","0.8175","0.8175","","",""
"2024-07-03","013174","202000033023","0.8154","0.8154","","",""
"2024-07-04","013174","202000033023","0.8125","0.8125","","",""
"2024-07-05","013174","202000033023","0.8086","0.8086","","",""
"2024-07-08","013174","202000033023","0.8033","0.8033","","",""
"2024-07-09","013174","202000033023","0.8118","0.8118","","",""
"2024-07-10","013174","202000033023","0.8090","0.8090","","",""
"2024-07-11","013174","202000033023","0.8183","0.8183","","",""
"2024-07-12","013174","202000033023","0.8215","0.8215","","",""
"2024-07-15","013174","202000033023","0.8219","0.8219","","",""
"2024-07-16","013174","202000033023","0.8248","0.8248","","",""
"2024-07-17","013174","202000033023","0.8267","0.8267","","",""
"2024-07-18","013174","202000033023","0.8315","0.8315","","",""
"2024-07-19","013174","202000033023","0.8352","0.8352","","",""
"2024-07-22","013174","202000033023","0.8289","0.8289","","",""
"2024-07-23","013174","202000033023","0.8138","0.8138","","",""
"2024-07-24","013174","202000033023","0.8096","0.8096","","",""
"2024-07-25","013174","202000033023","0.8056","0.8056","","",""
"2024-07-26","013174","202000033023","0.8084","0.8084","","",""
"2024-07-29","013174","202000033023","0.8046","0.8046","","",""
"2024-07-30","013174","202000033023","0.7991","0.7991","","",""
"2024-07-31","013174","202000033023","0.8149","0.8149","","",""
"2024-08-01","013174","202000033023","0.8088","0.8088","","",""
"2024-08-02","013174","202000033023","0.8027","0.8027","","",""
"2024-08-05","013174","202000033023","0.7963","0.7963","","",""
"2024-08-06","013174","202000033023","0.7947","0.7947","","",""
"2024-08-07","013174","202000033023","0.7963","0.7963","","",""
"2024-08-08","013174","202000033023","0.7984","0.7984","","",""
"2024-08-09","013174","202000033023","0.7961","0.7961","","",""
"2024-08-12","013174","202000033023","0.7959","0.7959","","",""
"2024-08-13","013174","202000033023","0.7972","0.7972","","",""
"2024-08-14","013174","202000033023","0.7917","0.7917","","",""
"2024-08-15","013174","202000033023","0.7986","0.7986","","",""
"2024-08-16","013174","202000033023","0.8007","0.8007","","",""
"2024-08-19","013174","202000033023","0.8038","0.8038","","",""
"2024-08-20","013174","202000033023","0.7991","0.7991","","",""
"2024-08-21","013174","202000033023","0.7967","0.7967","","",""
"2024-08-22","013174","202000033023","0.7963","0.7963","","",""
"2024-08-23","013174","202000033023","0.8008","0.8008","","",""
"2024-08-26","013174","202000033023","0.8001","0.8001","","",""
"2024-08-27","013174","202000033023","0.7984","0.7984","","",""
"2024-08-28","013174","202000033023","0.7941","0.7941","","",""
"2024-08-29","013174","202000033023","0.7924","0.7924","","",""
"2024-08-30","013174","202000033023","0.8004","0.8004","","",""
"2024-09-02","013174","202000033023","0.7904","0.7904","","",""
"2024-09-03","013174","202000033023","0.7914","0.7914","","",""
"2024-09-04","013174","202000033023","0.7870","0.7870","","",""
"2024-09-05","013174","202000033023","0.7881","0.7881","","",""
"2024-09-06","013174","202000033023","0.7824","0.7824","","",""
"2024-09-09","013174","202000033023","0.7733","0.7733","","",""
"2024-09-10","013174","202000033023","0.7738","0.7738","","",""
"2024-09-11","013174","202000033023","0.7712","0.7712","","",""
"2024-09-12","013174","202000033023","0.7686","0.7686","","",""
"2024-09-13","013174","202000033023","0.7659","0.7659","","",""
"2024-09-18","013174","202000033023","0.7691","0.7691","","",""
"2024-09-19","013174","202000033023","0.7733","0.7733","","",""
"2024-09-20","013174","202000033023","0.7740","0.7740","","",""
"2024-09-23","013174","202000033023","0.7779","0.7779","","",""
"2024-09-24","013174","202000033023","0.8102","0.8102","","",""
"2024-09-25","013174","202000033023","0.8213","0.8213","","",""
"2024-09-26","013174","202000033023","0.8550","0.8550","","",""
"2024-09-27","013174","202000033023","0.8872","0.8872","","",""
"2024-09-30","013174","202000033023","0.9542","0.9542","","",""
"2024-10-08","013174","202000033023","1.0028","1.0028","","",""
"2024-10-09","013174","202000033023","0.9361","0.9361","","",""
"2024-10-10","013174","202000033023","0.9481","0.9481","","",""
"2024-10-11","013174","202000033023","0.9261","0.9261","","",""
"2024-10-14","013174","202000033023","0.9420","0.9420","","",""
"2024-10-15","013174","202000033023","0.9180","0.9180","","",""
"2024-10-16","013174","202000033023","0.9140","0.9140","","",""
"2024-10-17","013174","202000033023","0.9032","0.9032","","",""
"2024-10-18","013174","202000033023","0.9307","0.9307","","",""
"2024-10-21","013174","202000033023","0.9300","0.9300","","",""
"2024-10-22","013174","202000033023","0.9350","0.9350","","",""
"2024-10-23","013174","202000033023","0.9386","0.9386","","",""
"2024-10-24","013174","202000033023","0.9307","0.9307","","",""
"2024-10-25","013174","202000033023","0.9352","0.9352","","",""
"2024-10-28","013174","202000033023","0.9366","0.9366","","",""
"2024-10-29","013174","202000033023","0.9287","0.9287","","",""
"2024-10-30","013174","202000033023","0.9197","0.9197","","",""
"2024-10-31","013174","202000033023","0.9196","0.9196","","",""
"2024-11-01","013174","202000033023","0.9225","0.9225","","",""
"2024-11-04","013174","202000033023","0.9346","0.9346","","",""
"2024-11-05","013174","202000033023","0.9543","0.9543","","",""
"2024-11-06","013174","202000033023","0.9469","0.9469","","",""
"2024-11-07","013174","202000033023","0.9762","0.9762","","",""
"2024-11-08","013174","202000033023","0.9646","0.9646","","",""
"2024-11-11","013174","202000033023","0.9652","0.9652","","",""
"2024-11-12","013174","202000033023","0.9558","0.9558","","",""
"2024-11-13","013174","202000033023","0.9605","0.9605","","",""
"2024-11-14","013174","202000033023","0.9483","0.9483","","",""
"2024-11-15","013174","202000033023","0.9342","0.9342","","",""
"2024-11-18","013174","202000033023","0.9330","0.9330","","",""
"2024-11-19","013174","202000033023","0.9379","0.9379","","",""
"2024-11-20","013174","202000033023","0.9401","0.9401","","",""
"2024-11-21","013174","202000033023","0.9405","0.9405","","",""
"2024-11-22","013174","202000033023","0.9136","0.9136","","",""
"2024-11-25","013174","202000033023","0.9095","0.9095","","",""
"2024-11-26","013174","202000033023","0.9101","0.9101","","",""
"2024-11-27","013174","202000033023","0.9236","0.9236","","",""
"2024-11-28","013174","202000033023","0.9164","0.9164","","",""
"2024-11-29","013174","202000033023","0.9254","0.9254","","",""
"2024-12-02","013174","202000033023","0.9308","0.9308","","",""
"2024-12-03","013174","202000033023","0.9339","0.9339","","",""
"2024-12-04","013174","202000033023","0.9318","0.9318","","",""
"2024-12-05","013174","202000033023","0.9289","0.9289","","",""
"2024-12-06","013174","202000033023","0.9403","0.9403","","",""
"2024-12-09","013174","202000033023","0.9400","0.9400","","",""
"2024-12-10","013174","202000033023","0.9473","0.9473","","",""
"2024-12-11","013174","202000033023","0.9466","0.9466","","",""
"2024-12-12","013174","202000033023","0.9561","0.9561","","",""
"2024-12-13","013174","202000033023","0.9361","0.9361","","",""
"2024-12-16","013174","202000033023","0.9335","0.9335","","",""
"2024-12-17","013174","202000033023","0.9365","0.9365","","",""
"2024-12-18","013174","202000033023","0.9410","0.9410","","",""
"2024-12-19","013174","202000033023","0.9402","0.9402","","",""
"2024-12-20","013174","202000033023","0.9361","0.9361","","",""
"2024-12-23","013174","202000033023","0.9384","0.9384","","",""
"2024-12-24","013174","202000033023","0.9507","0.9507","","",""
"2024-12-25","013174","202000033023","0.9514","0.9514","","",""
"2024-12-26","013174","202000033023","0.9509","0.9509","","",""
"2024-12-27","013174","202000033023","0.9502","0.9502","","",""
"2024-12-30","013174","202000033023","0.9555","0.9555","","",""
"2024-12-31","013174","202000033023","0.9434","0.9434","","",""
"2025-01-02","013174","202000033023","0.9198","0.9198","","",""
"2025-01-03","013174","202000033023","0.9114","0.9114","","",""
"2025-01-06","013174","202000033023","0.9094","0.9094","","",""
"2025-01-07","013174","202000033023","0.9122","0.9122","","",""
"2025-01-08","013174","202000033023","0.9131","0.9131","","",""
"2025-01-09","013174","202000033023","0.9109","0.9109","","",""
"2025-01-10","013174","202000033023","0.9013","0.9013","","",""
"2025-01-13","013174","202000033023","0.8983","0.8983","","",""
"2025-01-14","013174","202000033023","0.9174","0.9174","","",""
"2025-01-15","013174","202000033023","0.9132","0.9132","","",""
"2025-01-16","013174","202000033023","0.9142","0.9142","","",""
"2025-01-17","013174","202000033023","0.9175","0.9175","","",""
"2025-01-20","013174","202000033023","0.9217","0.9217","","",""
"2025-01-21","013174","202000033023","0.9221","0.9221","","",""
"2025-01-22","013174","202000033023","0.9125","0.9125","","",""
"2025-01-23","013174","202000033023","0.9163","0.9163","","",""
"2025-01-24","013174","202000033023","0.9227","0.9227","","",""
"2025-01-27","013174","202000033023","0.9225","0.9225","","",""
"2025-02-05","013174","202000033023","0.9122","0.9122","","",""
"2025-02-06","013174","202000033023","0.9187","0.9187","","",""
"2025-02-07","013174","202000033023","0.9282","0.9282","","",""
"2025-02-10","013174","202000033023","0.9284","0.9284","","",""
"2025-02-11","013174","202000033023","0.9265","0.9265","","",""
"2025-02-12","013174","202000033023","0.9329","0.9329","","",""
"2025-02-13","013174","202000033023","0.9316","0.9316","","",""
"2025-02-14","013174","202000033023","0.9395","0.9395","","",""
"2025-02-17","013174","202000033023","0.9386","0.9386","","",""
"2025-02-18","013174","202000033023","0.9335","0.9335","","",""
"2025-02-19","013174","202000033023","0.9369","0.9369","","",""
"2025-02-20","013174","202000033023","0.9351","0.9351","","",""
"2025-02-21","013174","202000033023","0.9423","0.9423","","",""
"2025-02-24","013174","202000033023","0.9395","0.9395","","",""
"2025-02-25","013174","202000033023","0.9288","0.9288","","",""
"2025-02-26","013174","202000033023","0.9350","0.9350","","",""
"2025-02-27","013174","202000033023","0.9390","0.9390","","",""
"2025-02-28","013174","202000033023","0.9260","0.9260","","",""
"2025-03-03","013174","202000033023","0.9258","0.9258","","",""
"2025-03-04","013174","202000033023","0.9244","0.9244","","",""
"2025-03-05","013174","202000033023","0.9285","0.9285","","",""
"2025-03-06","013174","202000033023","0.9381","0.9381","","",""
"2025-03-07","013174","202000033023","0.9363","0.9363","","",""
"2025-03-10","013174","202000033023","0.9331","0.9331","","",""
"2025-03-11","013174","202000033023","0.9370","0.9370","","",""
"2025-03-12","013174","202000033023","0.9360","0.9360","","",""
"2025-03-13","013174","202000033023","0.9356","0.9356","","",""
"2025-03-14","013174","202000033023","0.9578","0.9578","","",""
"2025-03-17","013174","202000033023","0.9556","0.9556","","",""
"2025-03-18","013174","202000033023","0.9573","0.9573","","",""
"2025-03-19","013174","202000033023","0.9600","0.9600","","",""
"2025-03-20","013174","202000033023","0.9511","0.9511","","",""
"2025-03-21","013174","202000033023","0.9403","0.9403","","",""
"2025-03-24","013174","202000033023","0.9462","0.9462","","",""
"2025-03-25","013174","202000033023","0.9477","0.9477","","",""
"2025-03-26","013174","202000033023","0.9430","0.9430","","",""
"2025-03-27","013174","202000033023","0.9467","0.9467","","",""
"2025-03-28","013174","202000033023","0.9435","0.9435","","",""
"2025-03-31","013174","202000033023","0.9386","0.9386","","",""
"2025-04-01","013174","202000033023","0.9377","0.9377","","",""
"2024-04-03","014552","202000035239","1.0306","1.0856","","",""
"2024-04-12","014552","202000035239","1.0335","1.0885","","",""
"2024-04-19","014552","202000035239","1.0366","1.0916","","",""
"2024-04-26","014552","202000035239","1.0337","1.0887","","",""
"2024-04-30","014552","202000035239","1.0328","1.0878","","",""
"2024-05-10","014552","202000035239","1.0334","1.0884","","",""
"2024-05-17","014552","202000035239","1.0342","1.0892","","",""
"2024-05-24","014552","202000035239","1.0358","1.0908","","",""
"2024-05-31","014552","202000035239","1.0372","1.0922","","",""
"2024-06-07","014552","202000035239","1.0399","1.0949","","",""
"2024-06-14","014552","202000035239","1.0423","1.0973","","",""
"2024-06-21","014552","202000035239","1.0346","1.0996","","",""
"2024-06-28","014552","202000035239","1.0375","1.1025","","",""
"2024-06-30","014552","202000035239","1.0376","1.1026","","",""
"2024-07-05","014552","202000035239","1.0354","1.1004","","",""
"2024-07-12","014552","202000035239","1.0366","1.1016","","",""
"2024-07-19","014552","202000035239","1.0372","1.1022","","",""
"2024-07-26","014552","202000035239","1.0416","1.1066","","",""
"2024-08-02","014552","202000035239","1.0452","1.1102","","",""
"2024-08-09","014552","202000035239","1.0463","1.1113","","",""
"2024-08-16","014552","202000035239","1.0444","1.1094","","",""
"2024-08-23","014552","202000035239","1.0227","1.1077","","",""
"2024-08-30","014552","202000035239","1.0200","1.1050","","",""
"2024-09-06","014552","202000035239","1.0214","1.1064","","",""
"2024-09-13","014552","202000035239","1.0208","1.1058","","",""
"2024-09-20","014552","202000035239","1.0216","1.1066","","",""
"2024-09-27","014552","202000035239","1.0184","1.1034","","",""
"2024-09-30","014552","202000035239","1.0144","1.0994","","",""
"2024-10-11","014552","202000035239","1.0117","1.0967","","",""
"2024-10-18","014552","202000035239","1.0141","1.0991","","",""
"2024-10-25","014552","202000035239","1.0112","1.0962","","",""
"2024-11-01","014552","202000035239","1.0108","1.0958","","",""
"2024-11-08","014552","202000035239","1.0117","1.0967","","",""
"2024-11-15","014552","202000035239","1.0131","1.0981","","",""
"2024-11-22","014552","202000035239","1.0137","1.0987","","",""
"2024-11-29","014552","202000035239","1.0169","1.1019","","",""
"2024-12-06","014552","202000035239","1.0221","1.1071","","",""
"2024-12-13","014552","202000035239","1.0270","1.1120","","",""
"2024-12-20","014552","202000035239","1.0291","1.1141","","",""
"2024-12-26","014552","202000035239","1.0291","1.1141","","",""
"2024-12-27","014552","202000035239","1.0295","1.1145","","",""
"2024-12-30","014552","202000035239","1.0295","1.1145","","",""
"2024-12-31","014552","202000035239","1.0304","1.1154","","",""
"2025-01-02","014552","202000035239","1.0304","1.1154","","",""
"2025-01-03","014552","202000035239","1.0337","1.1187","","",""
"2025-01-06","014552","202000035239","1.0337","1.1187","","",""
"2025-01-07","014552","202000035239","1.0337","1.1187","","",""
"2025-01-08","014552","202000035239","1.0337","1.1187","","",""
"2025-01-09","014552","202000035239","1.0337","1.1187","","",""
"2025-01-10","014552","202000035239","1.0330","1.1180","","",""
"2025-01-13","014552","202000035239","1.0330","1.1180","","",""
"2025-01-14","014552","202000035239","1.0330","1.1180","","",""
"2025-01-15","014552","202000035239","1.0330","1.1180","","",""
"2025-01-16","014552","202000035239","1.0330","1.1180","","",""
"2025-01-17","014552","202000035239","1.0326","1.1176","","",""
"2025-01-20","014552","202000035239","1.0326","1.1176","","",""
"2025-01-21","014552","202000035239","1.0326","1.1176","","",""
"2025-01-22","014552","202000035239","1.0326","1.1176","","",""
"2025-01-23","014552","202000035239","1.0326","1.1176","","",""
"2025-01-24","014552","202000035239","1.0322","1.1172","","",""
"2025-01-27","014552","202000035239","1.0330","1.1180","","",""
"2025-02-05","014552","202000035239","1.0330","1.1180","","",""
"2025-02-06","014552","202000035239","1.0330","1.1180","","",""
"2025-02-07","014552","202000035239","1.0346","1.1196","","",""
"2025-02-10","014552","202000035239","1.0346","1.1196","","",""
"2025-02-11","014552","202000035239","1.0346","1.1196","","",""
"2025-02-12","014552","202000035239","1.0346","1.1196","","",""
"2025-02-13","014552","202000035239","1.0346","1.1196","","",""
"2025-02-14","014552","202000035239","1.0343","1.1193","","",""
"2025-02-17","014552","202000035239","1.0343","1.1193","","",""
"2025-02-18","014552","202000035239","1.0343","1.1193","","",""
"2025-02-19","014552","202000035239","1.0343","1.1193","","",""
"2025-02-20","014552","202000035239","1.0343","1.1193","","",""
"2025-02-21","014552","202000035239","1.0309","1.1159","","",""
"2025-02-24","014552","202000035239","1.0309","1.1159","","",""
"2025-02-25","014552","202000035239","1.0309","1.1159","","",""
"2025-02-26","014552","202000035239","1.0309","1.1159","","",""
"2025-02-27","014552","202000035239","1.0309","1.1159","","",""
"2025-02-28","014552","202000035239","1.0278","1.1128","","",""
"2025-03-03","014552","202000035239","1.0278","1.1128","","",""
"2025-03-04","014552","202000035239","1.0278","1.1128","","",""
"2025-03-05","014552","202000035239","1.0278","1.1128","","",""
"2025-03-06","014552","202000035239","1.0278","1.1128","","",""
"2025-03-07","014552","202000035239","1.0257","1.1107","","",""
"2025-03-10","014552","202000035239","1.0257","1.1107","","",""
"2025-03-11","014552","202000035239","1.0257","1.1107","","",""
"2025-03-12","014552","202000035239","1.0257","1.1107","","",""
"2025-03-13","014552","202000035239","1.0257","1.1107","","",""
"2025-03-14","014552","202000035239","1.0240","1.1090","","",""
"2025-03-17","014552","202000035239","1.0240","1.1090","","",""
"2025-03-18","014552","202000035239","1.0240","1.1090","","",""
"2025-03-19","014552","202000035239","1.0240","1.1090","","",""
"2025-03-20","014552","202000035239","1.0240","1.1090","","",""
"2025-03-21","014552","202000035239","1.0251","1.1101","","",""
"2025-03-24","014552","202000035239","1.0259","1.1109","","",""
"2025-03-25","014552","202000035239","1.0273","1.1123","","",""
"2025-03-26","014552","202000035239","1.0278","1.1128","","",""
"2025-03-27","014552","202000035239","1.0285","1.1135","","",""
"2025-03-28","014552","202000035239","1.0290","1.1140","","",""
"2025-03-31","014552","202000035239","1.0295","1.1145","","",""
"2025-04-01","014552","202000035239","1.0298","1.1148","","",""
"2024-04-03","014553","202000035240","1.0270","1.0770","","",""
"2024-04-12","014553","202000035240","1.0297","1.0797","","",""
"2024-04-19","014553","202000035240","1.0328","1.0828","","",""
"2024-04-26","014553","202000035240","1.0298","1.0798","","",""
"2024-04-30","014553","202000035240","1.0289","1.0789","","",""
"2024-05-10","014553","202000035240","1.0294","1.0794","","",""
"2024-05-17","014553","202000035240","1.0301","1.0801","","",""
"2024-05-24","014553","202000035240","1.0317","1.0817","","",""
"2024-05-31","014553","202000035240","1.0329","1.0829","","",""
"2024-06-07","014553","202000035240","1.0356","1.0856","","",""
"2024-06-14","014553","202000035240","1.0379","1.0879","","",""
"2024-06-21","014553","202000035240","1.0300","1.0900","","",""
"2024-06-28","014553","202000035240","1.0328","1.0928","","",""
"2024-06-30","014553","202000035240","1.0330","1.0930","","",""
"2024-07-05","014553","202000035240","1.0307","1.0907","","",""
"2024-07-12","014553","202000035240","1.0318","1.0918","","",""
"2024-07-19","014553","202000035240","1.0323","1.0923","","",""
"2024-07-26","014553","202000035240","1.0366","1.0966","","",""
"2024-08-02","014553","202000035240","1.0401","1.1001","","",""
"2024-08-09","014553","202000035240","1.0411","1.1011","","",""
"2024-08-16","014553","202000035240","1.0392","1.0992","","",""
"2024-08-23","014553","202000035240","1.0174","1.0974","","",""
"2024-08-30","014553","202000035240","1.0146","1.0946","","",""
"2024-09-06","014553","202000035240","1.0159","1.0959","","",""
"2024-09-13","014553","202000035240","1.0153","1.0953","","",""
"2024-09-20","014553","202000035240","1.0160","1.0960","","",""
"2024-09-27","014553","202000035240","1.0128","1.0928","","",""
"2024-09-30","014553","202000035240","1.0087","1.0887","","",""
"2024-10-11","014553","202000035240","1.0059","1.0859","","",""
"2024-10-18","014553","202000035240","1.0082","1.0882","","",""
"2024-10-25","014553","202000035240","1.0053","1.0853","","",""
"2024-11-01","014553","202000035240","1.0048","1.0848","","",""
"2024-11-08","014553","202000035240","1.0056","1.0856","","",""
"2024-11-15","014553","202000035240","1.0069","1.0869","","",""
"2024-11-22","014553","202000035240","1.0075","1.0875","","",""
"2024-11-29","014553","202000035240","1.0106","1.0906","","",""
"2024-12-06","014553","202000035240","1.0157","1.0957","","",""
"2024-12-13","014553","202000035240","1.0205","1.1005","","",""
"2024-12-20","014553","202000035240","1.0224","1.1024","","",""
"2024-12-26","014553","202000035240","1.0224","1.1024","","",""
"2024-12-27","014553","202000035240","1.0227","1.1027","","",""
"2024-12-30","014553","202000035240","1.0227","1.1027","","",""
"2024-12-31","014553","202000035240","1.0236","1.1036","","",""
"2025-01-02","014553","202000035240","1.0236","1.1036","","",""
"2025-01-03","014553","202000035240","1.0268","1.1068","","",""
"2025-01-06","014553","202000035240","1.0268","1.1068","","",""
"2025-01-07","014553","202000035240","1.0268","1.1068","","",""
"2025-01-08","014553","202000035240","1.0268","1.1068","","",""
"2025-01-09","014553","202000035240","1.0268","1.1068","","",""
"2025-01-10","014553","202000035240","1.0261","1.1061","","",""
"2025-01-13","014553","202000035240","1.0261","1.1061","","",""
"2025-01-14","014553","202000035240","1.0261","1.1061","","",""
"2025-01-15","014553","202000035240","1.0261","1.1061","","",""
"2025-01-16","014553","202000035240","1.0261","1.1061","","",""
"2025-01-17","014553","202000035240","1.0256","1.1056","","",""
"2025-01-20","014553","202000035240","1.0256","1.1056","","",""
"2025-01-21","014553","202000035240","1.0256","1.1056","","",""
"2025-01-22","014553","202000035240","1.0256","1.1056","","",""
"2025-01-23","014553","202000035240","1.0256","1.1056","","",""
"2025-01-24","014553","202000035240","1.0251","1.1051","","",""
"2025-01-27","014553","202000035240","1.0259","1.1059","","",""
"2025-02-05","014553","202000035240","1.0259","1.1059","","",""
"2025-02-06","014553","202000035240","1.0259","1.1059","","",""
"2025-02-07","014553","202000035240","1.0273","1.1073","","",""
"2025-02-10","014553","202000035240","1.0273","1.1073","","",""
"2025-02-11","014553","202000035240","1.0273","1.1073","","",""
"2025-02-12","014553","202000035240","1.0273","1.1073","","",""
"2025-02-13","014553","202000035240","1.0273","1.1073","","",""
"2025-02-14","014553","202000035240","1.0270","1.1070","","",""
"2025-02-17","014553","202000035240","1.0270","1.1070","","",""
"2025-02-18","014553","202000035240","1.0270","1.1070","","",""
"2025-02-19","014553","202000035240","1.0270","1.1070","","",""
"2025-02-20","014553","202000035240","1.0270","1.1070","","",""
"2025-02-21","014553","202000035240","1.0235","1.1035","","",""
"2025-02-24","014553","202000035240","1.0235","1.1035","","",""
"2025-02-25","014553","202000035240","1.0235","1.1035","","",""
"2025-02-26","014553","202000035240","1.0235","1.1035","","",""
"2025-02-27","014553","202000035240","1.0235","1.1035","","",""
"2025-02-28","014553","202000035240","1.0203","1.1003","","",""
"2025-03-03","014553","202000035240","1.0203","1.1003","","",""
"2025-03-04","014553","202000035240","1.0203","1.1003","","",""
"2025-03-05","014553","202000035240","1.0203","1.1003","","",""
"2025-03-06","014553","202000035240","1.0203","1.1003","","",""
"2025-03-07","014553","202000035240","1.0183","1.0983","","",""
"2025-03-10","014553","202000035240","1.0183","1.0983","","",""
"2025-03-11","014553","202000035240","1.0183","1.0983","","",""
"2025-03-12","014553","202000035240","1.0183","1.0983","","",""
"2025-03-13","014553","202000035240","1.0183","1.0983","","",""
"2025-03-14","014553","202000035240","1.0165","1.0965","","",""
"2025-03-17","014553","202000035240","1.0165","1.0965","","",""
"2025-03-18","014553","202000035240","1.0165","1.0965","","",""
"2025-03-19","014553","202000035240","1.0165","1.0965","","",""
"2025-03-20","014553","202000035240","1.0165","1.0965","","",""
"2025-03-21","014553","202000035240","1.0175","1.0975","","",""
"2025-03-24","014553","202000035240","1.0182","1.0982","","",""
"2025-03-25","014553","202000035240","1.0196","1.0996","","",""
"2025-03-26","014553","202000035240","1.0201","1.1001","","",""
"2025-03-27","014553","202000035240","1.0208","1.1008","","",""
"2025-03-28","014553","202000035240","1.0212","1.1012","","",""
"2025-03-31","014553","202000035240","1.0217","1.1017","","",""
"2025-04-01","014553","202000035240","1.0220","1.1020","","",""
"2024-04-02","014634","202000038775","0.8500","0.8500","","",""
"2024-04-03","014634","202000038775","0.8483","0.8483","","",""
"2024-04-08","014634","202000038775","0.8406","0.8406","","",""
"2024-04-09","014634","202000038775","0.8385","0.8385","","",""
"2024-04-10","014634","202000038775","0.8333","0.8333","","",""
"2024-04-11","014634","202000038775","0.8351","0.8351","","",""
"2024-04-12","014634","202000038775","0.8307","0.8307","","",""
"2024-04-15","014634","202000038775","0.8474","0.8474","","",""
"2024-04-16","014634","202000038775","0.8400","0.8400","","",""
"2024-04-17","014634","202000038775","0.8506","0.8506","","",""
"2024-04-18","014634","202000038775","0.8518","0.8518","","",""
"2024-04-19","014634","202000038775","0.8463","0.8463","","",""
"2024-04-22","014634","202000038775","0.8440","0.8440","","",""
"2024-04-23","014634","202000038775","0.8383","0.8383","","",""
"2024-04-24","014634","202000038775","0.8414","0.8414","","",""
"2024-04-25","014634","202000038775","0.8440","0.8440","","",""
"2024-04-26","014634","202000038775","0.8540","0.8540","","",""
"2024-04-29","014634","202000038775","0.8609","0.8609","","",""
"2024-04-30","014634","202000038775","0.8601","0.8601","","",""
"2024-05-06","014634","202000038775","0.8726","0.8726","","",""
"2024-05-07","014634","202000038775","0.8728","0.8728","","",""
"2024-05-08","014634","202000038775","0.8667","0.8667","","",""
"2024-05-09","014634","202000038775","0.8741","0.8741","","",""
"2024-05-10","014634","202000038775","0.8750","0.8750","","",""
"2024-05-13","014634","202000038775","0.8755","0.8755","","",""
"2024-05-14","014634","202000038775","0.8739","0.8739","","",""
"2024-05-15","014634","202000038775","0.8681","0.8681","","",""
"2024-05-16","014634","202000038775","0.8695","0.8695","","",""
"2024-05-17","014634","202000038775","0.8757","0.8757","","",""
"2024-05-20","014634","202000038775","0.8769","0.8769","","",""
"2024-05-21","014634","202000038775","0.8754","0.8754","","",""
"2024-05-22","014634","202000038775","0.8754","0.8754","","",""
"2024-05-23","014634","202000038775","0.8682","0.8682","","",""
"2024-05-24","014634","202000038775","0.8612","0.8612","","",""
"2024-05-27","014634","202000038775","0.8697","0.8697","","",""
"2024-05-28","014634","202000038775","0.8644","0.8644","","",""
"2024-05-29","014634","202000038775","0.8640","0.8640","","",""
"2024-05-30","014634","202000038775","0.8594","0.8594","","",""
"2024-05-31","014634","202000038775","0.8562","0.8562","","",""
"2024-06-03","014634","202000038775","0.8578","0.8578","","",""
"2024-06-04","014634","202000038775","0.8649","0.8649","","",""
"2024-06-05","014634","202000038775","0.8604","0.8604","","",""
"2024-06-06","014634","202000038775","0.8610","0.8610","","",""
"2024-06-07","014634","202000038775","0.8575","0.8575","","",""
"2024-06-11","014634","202000038775","0.8496","0.8496","","",""
"2024-06-12","014634","202000038775","0.8497","0.8497","","",""
"2024-06-13","014634","202000038775","0.8456","0.8456","","",""
"2024-06-14","014634","202000038775","0.8502","0.8502","","",""
"2024-06-17","014634","202000038775","0.8480","0.8480","","",""
"2024-06-18","014634","202000038775","0.8489","0.8489","","",""
"2024-06-19","014634","202000038775","0.8461","0.8461","","",""
"2024-06-20","014634","202000038775","0.8406","0.8406","","",""
"2024-06-21","014634","202000038775","0.8386","0.8386","","",""
"2024-06-24","014634","202000038775","0.8356","0.8356","","",""
"2024-06-25","014634","202000038775","0.8321","0.8321","","",""
"2024-06-26","014634","202000038775","0.8364","0.8364","","",""
"2024-06-27","014634","202000038775","0.8320","0.8320","","",""
"2024-06-28","014634","202000038775","0.8338","0.8338","","",""
"2024-06-30","014634","202000038775","0.8337","0.8337","","",""
"2024-07-01","014634","202000038775","0.8366","0.8366","","",""
"2024-07-02","014634","202000038775","0.8342","0.8342","","",""
"2024-07-03","014634","202000038775","0.8322","0.8322","","",""
"2024-07-04","014634","202000038775","0.8281","0.8281","","",""
"2024-07-05","014634","202000038775","0.8246","0.8246","","",""
"2024-07-08","014634","202000038775","0.8186","0.8186","","",""
"2024-07-09","014634","202000038775","0.8277","0.8277","","",""
"2024-07-10","014634","202000038775","0.8260","0.8260","","",""
"2024-07-11","014634","202000038775","0.8351","0.8351","","",""
"2024-07-12","014634","202000038775","0.8379","0.8379","","",""
"2024-07-15","014634","202000038775","0.8378","0.8378","","",""
"2024-07-16","014634","202000038775","0.8407","0.8407","","",""
"2024-07-17","014634","202000038775","0.8399","0.8399","","",""
"2024-07-18","014634","202000038775","0.8450","0.8450","","",""
"2024-07-19","014634","202000038775","0.8479","0.8479","","",""
"2024-07-22","014634","202000038775","0.8413","0.8413","","",""
"2024-07-23","014634","202000038775","0.8231","0.8231","","",""
"2024-07-24","014634","202000038775","0.8176","0.8176","","",""
"2024-07-25","014634","202000038775","0.8127","0.8127","","",""
"2024-07-26","014634","202000038775","0.8165","0.8165","","",""
"2024-07-29","014634","202000038775","0.8110","0.8110","","",""
"2024-07-30","014634","202000038775","0.8056","0.8056","","",""
"2024-07-31","014634","202000038775","0.8219","0.8219","","",""
"2024-08-01","014634","202000038775","0.8154","0.8154","","",""
"2024-08-02","014634","202000038775","0.8081","0.8081","","",""
"2024-08-05","014634","202000038775","0.7989","0.7989","","",""
"2024-08-06","014634","202000038775","0.7987","0.7987","","",""
"2024-08-07","014634","202000038775","0.7990","0.7990","","",""
"2024-08-08","014634","202000038775","0.8006","0.8006","","",""
"2024-08-09","014634","202000038775","0.7980","0.7980","","",""
"2024-08-12","014634","202000038775","0.7974","0.7974","","",""
"2024-08-13","014634","202000038775","0.7991","0.7991","","",""
"2024-08-14","014634","202000038775","0.7936","0.7936","","",""
"2024-08-15","014634","202000038775","0.7999","0.7999","","",""
"2024-08-16","014634","202000038775","0.8017","0.8017","","",""
"2024-08-19","014634","202000038775","0.8043","0.8043","","",""
"2024-08-20","014634","202000038775","0.7992","0.7992","","",""
"2024-08-21","014634","202000038775","0.7970","0.7970","","",""
"2024-08-22","014634","202000038775","0.7959","0.7959","","",""
"2024-08-23","014634","202000038775","0.7989","0.7989","","",""
"2024-08-26","014634","202000038775","0.7982","0.7982","","",""
"2024-08-27","014634","202000038775","0.7945","0.7945","","",""
"2024-08-28","014634","202000038775","0.7908","0.7908","","",""
"2024-08-29","014634","202000038775","0.7891","0.7891","","",""
"2024-08-30","014634","202000038775","0.7962","0.7962","","",""
"2024-09-02","014634","202000038775","0.7861","0.7861","","",""
"2024-09-03","014634","202000038775","0.7899","0.7899","","",""
"2024-09-04","014634","202000038775","0.7861","0.7861","","",""
"2024-09-05","014634","202000038775","0.7873","0.7873","","",""
"2024-09-06","014634","202000038775","0.7811","0.7811","","",""
"2024-09-09","014634","202000038775","0.7724","0.7724","","",""
"2024-09-10","014634","202000038775","0.7728","0.7728","","",""
"2024-09-11","014634","202000038775","0.7708","0.7708","","",""
"2024-09-12","014634","202000038775","0.7672","0.7672","","",""
"2024-09-13","014634","202000038775","0.7644","0.7644","","",""
"2024-09-18","014634","202000038775","0.7687","0.7687","","",""
"2024-09-19","014634","202000038775","0.7716","0.7716","","",""
"2024-09-20","014634","202000038775","0.7719","0.7719","","",""
"2024-09-23","014634","202000038775","0.7743","0.7743","","",""
"2024-09-24","014634","202000038775","0.8011","0.8011","","",""
"2024-09-25","014634","202000038775","0.8100","0.8100","","",""
"2024-09-26","014634","202000038775","0.8396","0.8396","","",""
"2024-09-27","014634","202000038775","0.8717","0.8717","","",""
"2024-09-30","014634","202000038775","0.9384","0.9384","","",""
"2024-10-08","014634","202000038775","0.9879","0.9879","","",""
"2024-10-09","014634","202000038775","0.9207","0.9207","","",""
"2024-10-10","014634","202000038775","0.9340","0.9340","","",""
"2024-10-11","014634","202000038775","0.9102","0.9102","","",""
"2024-10-14","014634","202000038775","0.9264","0.9264","","",""
"2024-10-15","014634","202000038775","0.9040","0.9040","","",""
"2024-10-16","014634","202000038775","0.8983","0.8983","","",""
"2024-10-17","014634","202000038775","0.8888","0.8888","","",""
"2024-10-18","014634","202000038775","0.9148","0.9148","","",""
"2024-10-21","014634","202000038775","0.9172","0.9172","","",""
"2024-10-22","014634","202000038775","0.9237","0.9237","","",""
"2024-10-23","014634","202000038775","0.9260","0.9260","","",""
"2024-10-24","014634","202000038775","0.9178","0.9178","","",""
"2024-10-25","014634","202000038775","0.9219","0.9219","","",""
"2024-10-28","014634","202000038775","0.9225","0.9225","","",""
"2024-10-29","014634","202000038775","0.9145","0.9145","","",""
"2024-10-30","014634","202000038775","0.9082","0.9082","","",""
"2024-10-31","014634","202000038775","0.9060","0.9060","","",""
"2024-11-01","014634","202000038775","0.9059","0.9059","","",""
"2024-11-04","014634","202000038775","0.9179","0.9179","","",""
"2024-11-05","014634","202000038775","0.9353","0.9353","","",""
"2024-11-06","014634","202000038775","0.9304","0.9304","","",""
"2024-11-07","014634","202000038775","0.9524","0.9524","","",""
"2024-11-08","014634","202000038775","0.9437","0.9437","","",""
"2024-11-11","014634","202000038775","0.9493","0.9493","","",""
"2024-11-12","014634","202000038775","0.9411","0.9411","","",""
"2024-11-13","014634","202000038775","0.9472","0.9472","","",""
"2024-11-14","014634","202000038775","0.9321","0.9321","","",""
"2024-11-15","014634","202000038775","0.9169","0.9169","","",""
"2024-11-18","014634","202000038775","0.9100","0.9100","","",""
"2024-11-19","014634","202000038775","0.9161","0.9161","","",""
"2024-11-20","014634","202000038775","0.9193","0.9193","","",""
"2024-11-21","014634","202000038775","0.9185","0.9185","","",""
"2024-11-22","014634","202000038775","0.8924","0.8924","","",""
"2024-11-25","014634","202000038775","0.8889","0.8889","","",""
"2024-11-26","014634","202000038775","0.8886","0.8886","","",""
"2024-11-27","014634","202000038775","0.9020","0.9020","","",""
"2024-11-28","014634","202000038775","0.8940","0.8940","","",""
"2024-11-29","014634","202000038775","0.9026","0.9026","","",""
"2024-12-02","014634","202000038775","0.9093","0.9093","","",""
"2024-12-03","014634","202000038775","0.9100","0.9100","","",""
"2024-12-04","014634","202000038775","0.9052","0.9052","","",""
"2024-12-05","014634","202000038775","0.9029","0.9029","","",""
"2024-12-06","014634","202000038775","0.9149","0.9149","","",""
"2024-12-09","014634","202000038775","0.9136","0.9136","","",""
"2024-12-10","014634","202000038775","0.9196","0.9196","","",""
"2024-12-11","014634","202000038775","0.9207","0.9207","","",""
"2024-12-12","014634","202000038775","0.9296","0.9296","","",""
"2024-12-13","014634","202000038775","0.9122","0.9122","","",""
"2024-12-16","014634","202000038775","0.9080","0.9080","","",""
"2024-12-17","014634","202000038775","0.9103","0.9103","","",""
"2024-12-18","014634","202000038775","0.9156","0.9156","","",""
"2024-12-19","014634","202000038775","0.9176","0.9176","","",""
"2024-12-20","014634","202000038775","0.9147","0.9147","","",""
"2024-12-23","014634","202000038775","0.9138","0.9138","","",""
"2024-12-24","014634","202000038775","0.9249","0.9249","","",""
"2024-12-25","014634","202000038775","0.9237","0.9237","","",""
"2024-12-26","014634","202000038775","0.9251","0.9251","","",""
"2024-12-27","014634","202000038775","0.9237","0.9237","","",""
"2024-12-30","014634","202000038775","0.9275","0.9275","","",""
"2024-12-31","014634","202000038775","0.9148","0.9148","","",""
"2025-01-02","014634","202000038775","0.8926","0.8926","","",""
"2025-01-03","014634","202000038775","0.8839","0.8839","","",""
"2025-01-06","014634","202000038775","0.8836","0.8836","","",""
"2025-01-07","014634","202000038775","0.8880","0.8880","","",""
"2025-01-08","014634","202000038775","0.8872","0.8872","","",""
"2025-01-09","014634","202000038775","0.8849","0.8849","","",""
"2025-01-10","014634","202000038775","0.8757","0.8757","","",""
"2025-01-13","014634","202000038775","0.8726","0.8726","","",""
"2025-01-14","014634","202000038775","0.8928","0.8928","","",""
"2025-01-15","014634","202000038775","0.8882","0.8882","","",""
"2025-01-16","014634","202000038775","0.8907","0.8907","","",""
"2025-01-17","014634","202000038775","0.8943","0.8943","","",""
"2025-01-20","014634","202000038775","0.8996","0.8996","","",""
"2025-01-21","014634","202000038775","0.8999","0.8999","","",""
"2025-01-22","014634","202000038775","0.8917","0.8917","","",""
"2025-01-23","014634","202000038775","0.8931","0.8931","","",""
"2025-01-24","014634","202000038775","0.9001","0.9001","","",""
"2025-01-27","014634","202000038775","0.8980","0.8980","","",""
"2025-02-05","014634","202000038775","0.8907","0.8907","","",""
"2025-02-06","014634","202000038775","0.9002","0.9002","","",""
"2025-02-07","014634","202000038775","0.9110","0.9110","","",""
"2025-02-10","014634","202000038775","0.9121","0.9121","","",""
"2025-02-11","014634","202000038775","0.9098","0.9098","","",""
"2025-02-12","014634","202000038775","0.9192","0.9192","","",""
"2025-02-13","014634","202000038775","0.9164","0.9164","","",""
"2025-02-14","014634","202000038775","0.9248","0.9248","","",""
"2025-02-17","014634","202000038775","0.9246","0.9246","","",""
"2025-02-18","014634","202000038775","0.9189","0.9189","","",""
"2025-02-19","014634","202000038775","0.9242","0.9242","","",""
"2025-02-20","014634","202000038775","0.9236","0.9236","","",""
"2025-02-21","014634","202000038775","0.9319","0.9319","","",""
"2025-02-24","014634","202000038775","0.9285","0.9285","","",""
"2025-02-25","014634","202000038775","0.9198","0.9198","","",""
"2025-02-26","014634","202000038775","0.9260","0.9260","","",""
"2025-02-27","014634","202000038775","0.9295","0.9295","","",""
"2025-02-28","014634","202000038775","0.9149","0.9149","","",""
"2025-03-03","014634","202000038775","0.9156","0.9156","","",""
"2025-03-04","014634","202000038775","0.9141","0.9141","","",""
"2025-03-05","014634","202000038775","0.9179","0.9179","","",""
"2025-03-06","014634","202000038775","0.9277","0.9277","","",""
"2025-03-07","014634","202000038775","0.9257","0.9257","","",""
"2025-03-10","014634","202000038775","0.9216","0.9216","","",""
"2025-03-11","014634","202000038775","0.9234","0.9234","","",""
"2025-03-12","014634","202000038775","0.9215","0.9215","","",""
"2025-03-13","014634","202000038775","0.9185","0.9185","","",""
"2025-03-14","014634","202000038775","0.9398","0.9398","","",""
"2025-03-17","014634","202000038775","0.9377","0.9377","","",""
"2025-03-18","014634","202000038775","0.9409","0.9409","","",""
"2025-03-19","014634","202000038775","0.9437","0.9437","","",""
"2025-03-20","014634","202000038775","0.9363","0.9363","","",""
"2025-03-21","014634","202000038775","0.9228","0.9228","","",""
"2025-03-24","014634","202000038775","0.9278","0.9278","","",""
"2025-03-25","014634","202000038775","0.9271","0.9271","","",""
"2025-03-26","014634","202000038775","0.9231","0.9231","","",""
"2025-03-27","014634","202000038775","0.9269","0.9269","","",""
"2025-03-28","014634","202000038775","0.9236","0.9236","","",""
"2025-03-31","014634","202000038775","0.9190","0.9190","","",""
"2025-04-01","014634","202000038775","0.9183","0.9183","","",""
"2024-04-02","014635","202000038776","0.8408","0.8408","","",""
"2024-04-03","014635","202000038776","0.8390","0.8390","","",""
"2024-04-08","014635","202000038776","0.8313","0.8313","","",""
"2024-04-09","014635","202000038776","0.8292","0.8292","","",""
"2024-04-10","014635","202000038776","0.8241","0.8241","","",""
"2024-04-11","014635","202000038776","0.8259","0.8259","","",""
"2024-04-12","014635","202000038776","0.8214","0.8214","","",""
"2024-04-15","014635","202000038776","0.8379","0.8379","","",""
"2024-04-16","014635","202000038776","0.8306","0.8306","","",""
"2024-04-17","014635","202000038776","0.8411","0.8411","","",""
"2024-04-18","014635","202000038776","0.8423","0.8423","","",""
"2024-04-19","014635","202000038776","0.8369","0.8369","","",""
"2024-04-22","014635","202000038776","0.8345","0.8345","","",""
"2024-04-23","014635","202000038776","0.8289","0.8289","","",""
"2024-04-24","014635","202000038776","0.8319","0.8319","","",""
"2024-04-25","014635","202000038776","0.8345","0.8345","","",""
"2024-04-26","014635","202000038776","0.8443","0.8443","","",""
"2024-04-29","014635","202000038776","0.8511","0.8511","","",""
"2024-04-30","014635","202000038776","0.8503","0.8503","","",""
"2024-05-06","014635","202000038776","0.8626","0.8626","","",""
"2024-05-07","014635","202000038776","0.8628","0.8628","","",""
"2024-05-08","014635","202000038776","0.8568","0.8568","","",""
"2024-05-09","014635","202000038776","0.8641","0.8641","","",""
"2024-05-10","014635","202000038776","0.8649","0.8649","","",""
"2024-05-13","014635","202000038776","0.8654","0.8654","","",""
"2024-05-14","014635","202000038776","0.8638","0.8638","","",""
"2024-05-15","014635","202000038776","0.8580","0.8580","","",""
"2024-05-16","014635","202000038776","0.8594","0.8594","","",""
"2024-05-17","014635","202000038776","0.8655","0.8655","","",""
"2024-05-20","014635","202000038776","0.8666","0.8666","","",""
"2024-05-21","014635","202000038776","0.8651","0.8651","","",""
"2024-05-22","014635","202000038776","0.8651","0.8651","","",""
"2024-05-23","014635","202000038776","0.8580","0.8580","","",""
"2024-05-24","014635","202000038776","0.8511","0.8511","","",""
"2024-05-27","014635","202000038776","0.8594","0.8594","","",""
"2024-05-28","014635","202000038776","0.8541","0.8541","","",""
"2024-05-29","014635","202000038776","0.8538","0.8538","","",""
"2024-05-30","014635","202000038776","0.8492","0.8492","","",""
"2024-05-31","014635","202000038776","0.8461","0.8461","","",""
"2024-06-03","014635","202000038776","0.8476","0.8476","","",""
"2024-06-04","014635","202000038776","0.8545","0.8545","","",""
"2024-06-05","014635","202000038776","0.8501","0.8501","","",""
"2024-06-06","014635","202000038776","0.8506","0.8506","","",""
"2024-06-07","014635","202000038776","0.8472","0.8472","","",""
"2024-06-11","014635","202000038776","0.8394","0.8394","","",""
"2024-06-12","014635","202000038776","0.8394","0.8394","","",""
"2024-06-13","014635","202000038776","0.8354","0.8354","","",""
"2024-06-14","014635","202000038776","0.8399","0.8399","","",""
"2024-06-17","014635","202000038776","0.8377","0.8377","","",""
"2024-06-18","014635","202000038776","0.8385","0.8385","","",""
"2024-06-19","014635","202000038776","0.8358","0.8358","","",""
"2024-06-20","014635","202000038776","0.8303","0.8303","","",""
"2024-06-21","014635","202000038776","0.8284","0.8284","","",""
"2024-06-24","014635","202000038776","0.8254","0.8254","","",""
"2024-06-25","014635","202000038776","0.8219","0.8219","","",""
"2024-06-26","014635","202000038776","0.8261","0.8261","","",""
"2024-06-27","014635","202000038776","0.8217","0.8217","","",""
"2024-06-28","014635","202000038776","0.8235","0.8235","","",""
"2024-06-30","014635","202000038776","0.8234","0.8234","","",""
"2024-07-01","014635","202000038776","0.8262","0.8262","","",""
"2024-07-02","014635","202000038776","0.8239","0.8239","","",""
"2024-07-03","014635","202000038776","0.8218","0.8218","","",""
"2024-07-04","014635","202000038776","0.8178","0.8178","","",""
"2024-07-05","014635","202000038776","0.8144","0.8144","","",""
"2024-07-08","014635","202000038776","0.8084","0.8084","","",""
"2024-07-09","014635","202000038776","0.8173","0.8173","","",""
"2024-07-10","014635","202000038776","0.8157","0.8157","","",""
"2024-07-11","014635","202000038776","0.8246","0.8246","","",""
"2024-07-12","014635","202000038776","0.8273","0.8273","","",""
"2024-07-15","014635","202000038776","0.8272","0.8272","","",""
"2024-07-16","014635","202000038776","0.8301","0.8301","","",""
"2024-07-17","014635","202000038776","0.8292","0.8292","","",""
"2024-07-18","014635","202000038776","0.8343","0.8343","","",""
"2024-07-19","014635","202000038776","0.8371","0.8371","","",""
"2024-07-22","014635","202000038776","0.8306","0.8306","","",""
"2024-07-23","014635","202000038776","0.8126","0.8126","","",""
"2024-07-24","014635","202000038776","0.8072","0.8072","","",""
"2024-07-25","014635","202000038776","0.8023","0.8023","","",""
"2024-07-26","014635","202000038776","0.8061","0.8061","","",""
"2024-07-29","014635","202000038776","0.8006","0.8006","","",""
"2024-07-30","014635","202000038776","0.7952","0.7952","","",""
"2024-07-31","014635","202000038776","0.8114","0.8114","","",""
"2024-08-01","014635","202000038776","0.8049","0.8049","","",""
"2024-08-02","014635","202000038776","0.7977","0.7977","","",""
"2024-08-05","014635","202000038776","0.7886","0.7886","","",""
"2024-08-06","014635","202000038776","0.7883","0.7883","","",""
"2024-08-07","014635","202000038776","0.7886","0.7886","","",""
"2024-08-08","014635","202000038776","0.7902","0.7902","","",""
"2024-08-09","014635","202000038776","0.7876","0.7876","","",""
"2024-08-12","014635","202000038776","0.7870","0.7870","","",""
"2024-08-13","014635","202000038776","0.7886","0.7886","","",""
"2024-08-14","014635","202000038776","0.7832","0.7832","","",""
"2024-08-15","014635","202000038776","0.7894","0.7894","","",""
"2024-08-16","014635","202000038776","0.7912","0.7912","","",""
"2024-08-19","014635","202000038776","0.7937","0.7937","","",""
"2024-08-20","014635","202000038776","0.7887","0.7887","","",""
"2024-08-21","014635","202000038776","0.7865","0.7865","","",""
"2024-08-22","014635","202000038776","0.7853","0.7853","","",""
"2024-08-23","014635","202000038776","0.7883","0.7883","","",""
"2024-08-26","014635","202000038776","0.7876","0.7876","","",""
"2024-08-27","014635","202000038776","0.7839","0.7839","","",""
"2024-08-28","014635","202000038776","0.7802","0.7802","","",""
"2024-08-29","014635","202000038776","0.7786","0.7786","","",""
"2024-08-30","014635","202000038776","0.7856","0.7856","","",""
"2024-09-02","014635","202000038776","0.7755","0.7755","","",""
"2024-09-03","014635","202000038776","0.7793","0.7793","","",""
"2024-09-04","014635","202000038776","0.7755","0.7755","","",""
"2024-09-05","014635","202000038776","0.7768","0.7768","","",""
"2024-09-06","014635","202000038776","0.7706","0.7706","","",""
"2024-09-09","014635","202000038776","0.7619","0.7619","","",""
"2024-09-10","014635","202000038776","0.7623","0.7623","","",""
"2024-09-11","014635","202000038776","0.7604","0.7604","","",""
"2024-09-12","014635","202000038776","0.7568","0.7568","","",""
"2024-09-13","014635","202000038776","0.7540","0.7540","","",""
"2024-09-18","014635","202000038776","0.7582","0.7582","","",""
"2024-09-19","014635","202000038776","0.7610","0.7610","","",""
"2024-09-20","014635","202000038776","0.7613","0.7613","","",""
"2024-09-23","014635","202000038776","0.7637","0.7637","","",""
"2024-09-24","014635","202000038776","0.7901","0.7901","","",""
"2024-09-25","014635","202000038776","0.7989","0.7989","","",""
"2024-09-26","014635","202000038776","0.8281","0.8281","","",""
"2024-09-27","014635","202000038776","0.8597","0.8597","","",""
"2024-09-30","014635","202000038776","0.9254","0.9254","","",""
"2024-10-08","014635","202000038776","0.9740","0.9740","","",""
"2024-10-09","014635","202000038776","0.9078","0.9078","","",""
"2024-10-10","014635","202000038776","0.9209","0.9209","","",""
"2024-10-11","014635","202000038776","0.8974","0.8974","","",""
"2024-10-14","014635","202000038776","0.9133","0.9133","","",""
"2024-10-15","014635","202000038776","0.8913","0.8913","","",""
"2024-10-16","014635","202000038776","0.8856","0.8856","","",""
"2024-10-17","014635","202000038776","0.8762","0.8762","","",""
"2024-10-18","014635","202000038776","0.9018","0.9018","","",""
"2024-10-21","014635","202000038776","0.9042","0.9042","","",""
"2024-10-22","014635","202000038776","0.9106","0.9106","","",""
"2024-10-23","014635","202000038776","0.9128","0.9128","","",""
"2024-10-24","014635","202000038776","0.9047","0.9047","","",""
"2024-10-25","014635","202000038776","0.9088","0.9088","","",""
"2024-10-28","014635","202000038776","0.9093","0.9093","","",""
"2024-10-29","014635","202000038776","0.9014","0.9014","","",""
"2024-10-30","014635","202000038776","0.8952","0.8952","","",""
"2024-10-31","014635","202000038776","0.8930","0.8930","","",""
"2024-11-01","014635","202000038776","0.8928","0.8928","","",""
"2024-11-04","014635","202000038776","0.9046","0.9046","","",""
"2024-11-05","014635","202000038776","0.9217","0.9217","","",""
"2024-11-06","014635","202000038776","0.9170","0.9170","","",""
"2024-11-07","014635","202000038776","0.9386","0.9386","","",""
"2024-11-08","014635","202000038776","0.9300","0.9300","","",""
"2024-11-11","014635","202000038776","0.9355","0.9355","","",""
"2024-11-12","014635","202000038776","0.9274","0.9274","","",""
"2024-11-13","014635","202000038776","0.9334","0.9334","","",""
"2024-11-14","014635","202000038776","0.9185","0.9185","","",""
"2024-11-15","014635","202000038776","0.9035","0.9035","","",""
"2024-11-18","014635","202000038776","0.8967","0.8967","","",""
"2024-11-19","014635","202000038776","0.9026","0.9026","","",""
"2024-11-20","014635","202000038776","0.9058","0.9058","","",""
"2024-11-21","014635","202000038776","0.9050","0.9050","","",""
"2024-11-22","014635","202000038776","0.8793","0.8793","","",""
"2024-11-25","014635","202000038776","0.8758","0.8758","","",""
"2024-11-26","014635","202000038776","0.8754","0.8754","","",""
"2024-11-27","014635","202000038776","0.8886","0.8886","","",""
"2024-11-28","014635","202000038776","0.8808","0.8808","","",""
"2024-11-29","014635","202000038776","0.8892","0.8892","","",""
"2024-12-02","014635","202000038776","0.8957","0.8957","","",""
"2024-12-03","014635","202000038776","0.8964","0.8964","","",""
"2024-12-04","014635","202000038776","0.8917","0.8917","","",""
"2024-12-05","014635","202000038776","0.8894","0.8894","","",""
"2024-12-06","014635","202000038776","0.9012","0.9012","","",""
"2024-12-09","014635","202000038776","0.8999","0.8999","","",""
"2024-12-10","014635","202000038776","0.9058","0.9058","","",""
"2024-12-11","014635","202000038776","0.9069","0.9069","","",""
"2024-12-12","014635","202000038776","0.9156","0.9156","","",""
"2024-12-13","014635","202000038776","0.8985","0.8985","","",""
"2024-12-16","014635","202000038776","0.8943","0.8943","","",""
"2024-12-17","014635","202000038776","0.8965","0.8965","","",""
"2024-12-18","014635","202000038776","0.9017","0.9017","","",""
"2024-12-19","014635","202000038776","0.9037","0.9037","","",""
"2024-12-20","014635","202000038776","0.9008","0.9008","","",""
"2024-12-23","014635","202000038776","0.8999","0.8999","","",""
"2024-12-24","014635","202000038776","0.9108","0.9108","","",""
"2024-12-25","014635","202000038776","0.9096","0.9096","","",""
"2024-12-26","014635","202000038776","0.9110","0.9110","","",""
"2024-12-27","014635","202000038776","0.9096","0.9096","","",""
"2024-12-30","014635","202000038776","0.9133","0.9133","","",""
"2024-12-31","014635","202000038776","0.9007","0.9007","","",""
"2025-01-02","014635","202000038776","0.8789","0.8789","","",""
"2025-01-03","014635","202000038776","0.8703","0.8703","","",""
"2025-01-06","014635","202000038776","0.8699","0.8699","","",""
"2025-01-07","014635","202000038776","0.8743","0.8743","","",""
"2025-01-08","014635","202000038776","0.8735","0.8735","","",""
"2025-01-09","014635","202000038776","0.8712","0.8712","","",""
"2025-01-10","014635","202000038776","0.8621","0.8621","","",""
"2025-01-13","014635","202000038776","0.8591","0.8591","","",""
"2025-01-14","014635","202000038776","0.8789","0.8789","","",""
"2025-01-15","014635","202000038776","0.8743","0.8743","","",""
"2025-01-16","014635","202000038776","0.8768","0.8768","","",""
"2025-01-17","014635","202000038776","0.8803","0.8803","","",""
"2025-01-20","014635","202000038776","0.8855","0.8855","","",""
"2025-01-21","014635","202000038776","0.8858","0.8858","","",""
"2025-01-22","014635","202000038776","0.8777","0.8777","","",""
"2025-01-23","014635","202000038776","0.8790","0.8790","","",""
"2025-01-24","014635","202000038776","0.8859","0.8859","","",""
"2025-01-27","014635","202000038776","0.8838","0.8838","","",""
"2025-02-05","014635","202000038776","0.8766","0.8766","","",""
"2025-02-06","014635","202000038776","0.8858","0.8858","","",""
"2025-02-07","014635","202000038776","0.8965","0.8965","","",""
"2025-02-10","014635","202000038776","0.8975","0.8975","","",""
"2025-02-11","014635","202000038776","0.8952","0.8952","","",""
"2025-02-12","014635","202000038776","0.9044","0.9044","","",""
"2025-02-13","014635","202000038776","0.9017","0.9017","","",""
"2025-02-14","014635","202000038776","0.9099","0.9099","","",""
"2025-02-17","014635","202000038776","0.9096","0.9096","","",""
"2025-02-18","014635","202000038776","0.9041","0.9041","","",""
"2025-02-19","014635","202000038776","0.9093","0.9093","","",""
"2025-02-20","014635","202000038776","0.9087","0.9087","","",""
"2025-02-21","014635","202000038776","0.9168","0.9168","","",""
"2025-02-24","014635","202000038776","0.9134","0.9134","","",""
"2025-02-25","014635","202000038776","0.9049","0.9049","","",""
"2025-02-26","014635","202000038776","0.9110","0.9110","","",""
"2025-02-27","014635","202000038776","0.9143","0.9143","","",""
"2025-02-28","014635","202000038776","0.8999","0.8999","","",""
"2025-03-03","014635","202000038776","0.9007","0.9007","","",""
"2025-03-04","014635","202000038776","0.8991","0.8991","","",""
"2025-03-05","014635","202000038776","0.9029","0.9029","","",""
"2025-03-06","014635","202000038776","0.9125","0.9125","","",""
"2025-03-07","014635","202000038776","0.9105","0.9105","","",""
"2025-03-10","014635","202000038776","0.9064","0.9064","","",""
"2025-03-11","014635","202000038776","0.9082","0.9082","","",""
"2025-03-12","014635","202000038776","0.9063","0.9063","","",""
"2025-03-13","014635","202000038776","0.9033","0.9033","","",""
"2025-03-14","014635","202000038776","0.9243","0.9243","","",""
"2025-03-17","014635","202000038776","0.9221","0.9221","","",""
"2025-03-18","014635","202000038776","0.9253","0.9253","","",""
"2025-03-19","014635","202000038776","0.9280","0.9280","","",""
"2025-03-20","014635","202000038776","0.9208","0.9208","","",""
"2025-03-21","014635","202000038776","0.9074","0.9074","","",""
"2025-03-24","014635","202000038776","0.9123","0.9123","","",""
"2025-03-25","014635","202000038776","0.9116","0.9116","","",""
"2025-03-26","014635","202000038776","0.9077","0.9077","","",""
"2025-03-27","014635","202000038776","0.9114","0.9114","","",""
"2025-03-28","014635","202000038776","0.9082","0.9082","","",""
"2025-03-31","014635","202000038776","0.9036","0.9036","","",""
"2025-04-01","014635","202000038776","0.9028","0.9028","","",""
"2024-04-02","014922","202000036341","0.7839","0.7839","","",""
"2024-04-03","014922","202000036341","0.7883","0.7883","","",""
"2024-04-08","014922","202000036341","0.7815","0.7815","","",""
"2024-04-09","014922","202000036341","0.7779","0.7779","","",""
"2024-04-10","014922","202000036341","0.7820","0.7820","","",""
"2024-04-11","014922","202000036341","0.7874","0.7874","","",""
"2024-04-12","014922","202000036341","0.7852","0.7852","","",""
"2024-04-15","014922","202000036341","0.8022","0.8022","","",""
"2024-04-16","014922","202000036341","0.7893","0.7893","","",""
"2024-04-17","014922","202000036341","0.7978","0.7978","","",""
"2024-04-18","014922","202000036341","0.7970","0.7970","","",""
"2024-04-19","014922","202000036341","0.7954","0.7954","","",""
"2024-04-22","014922","202000036341","0.7904","0.7904","","",""
"2024-04-23","014922","202000036341","0.7903","0.7903","","",""
"2024-04-24","014922","202000036341","0.7975","0.7975","","",""
"2024-04-25","014922","202000036341","0.8001","0.8001","","",""
"2024-04-26","014922","202000036341","0.8161","0.8161","","",""
"2024-04-29","014922","202000036341","0.8134","0.8134","","",""
"2024-04-30","014922","202000036341","0.8191","0.8191","","",""
"2024-05-06","014922","202000036341","0.8354","0.8354","","",""
"2024-05-07","014922","202000036341","0.8359","0.8359","","",""
"2024-05-08","014922","202000036341","0.8310","0.8310","","",""
"2024-05-09","014922","202000036341","0.8454","0.8454","","",""
"2024-05-10","014922","202000036341","0.8481","0.8481","","",""
"2024-05-13","014922","202000036341","0.8469","0.8469","","",""
"2024-05-14","014922","202000036341","0.8474","0.8474","","",""
"2024-05-15","014922","202000036341","0.8415","0.8415","","",""
"2024-05-16","014922","202000036341","0.8425","0.8425","","",""
"2024-05-17","014922","202000036341","0.8441","0.8441","","",""
"2024-05-20","014922","202000036341","0.8502","0.8502","","",""
"2024-05-21","014922","202000036341","0.8408","0.8408","","",""
"2024-05-22","014922","202000036341","0.8373","0.8373","","",""
"2024-05-23","014922","202000036341","0.8301","0.8301","","",""
"2024-05-24","014922","202000036341","0.8258","0.8258","","",""
"2024-05-27","014922","202000036341","0.8393","0.8393","","",""
"2024-05-28","014922","202000036341","0.8376","0.8376","","",""
"2024-05-29","014922","202000036341","0.8341","0.8341","","",""
"2024-05-30","014922","202000036341","0.8243","0.8243","","",""
"2024-05-31","014922","202000036341","0.8179","0.8179","","",""
"2024-06-03","014922","202000036341","0.8276","0.8276","","",""
"2024-06-04","014922","202000036341","0.8344","0.8344","","",""
"2024-06-05","014922","202000036341","0.8269","0.8269","","",""
"2024-06-06","014922","202000036341","0.8360","0.8360","","",""
"2024-06-07","014922","202000036341","0.8300","0.8300","","",""
"2024-06-11","014922","202000036341","0.8224","0.8224","","",""
"2024-06-12","014922","202000036341","0.8246","0.8246","","",""
"2024-06-13","014922","202000036341","0.8262","0.8262","","",""
"2024-06-14","014922","202000036341","0.8256","0.8256","","",""
"2024-06-17","014922","202000036341","0.8276","0.8276","","",""
"2024-06-18","014922","202000036341","0.8303","0.8303","","",""
"2024-06-19","014922","202000036341","0.8393","0.8393","","",""
"2024-06-20","014922","202000036341","0.8424","0.8424","","",""
"2024-06-21","014922","202000036341","0.8333","0.8333","","",""
"2024-06-24","014922","202000036341","0.8309","0.8309","","",""
"2024-06-25","014922","202000036341","0.8299","0.8299","","",""
"2024-06-26","014922","202000036341","0.8287","0.8287","","",""
"2024-06-27","014922","202000036341","0.8156","0.8156","","",""
"2024-06-28","014922","202000036341","0.8213","0.8213","","",""
"2024-06-30","014922","202000036341","0.8213","0.8213","","",""
"2024-07-01","014922","202000036341","0.8253","0.8253","","",""
"2024-07-02","014922","202000036341","0.8250","0.8250","","",""
"2024-07-03","014922","202000036341","0.8247","0.8247","","",""
"2024-07-04","014922","202000036341","0.8257","0.8257","","",""
"2024-07-05","014922","202000036341","0.8236","0.8236","","",""
"2024-07-08","014922","202000036341","0.8185","0.8185","","",""
"2024-07-09","014922","202000036341","0.8233","0.8233","","",""
"2024-07-10","014922","202000036341","0.8147","0.8147","","",""
"2024-07-11","014922","202000036341","0.8246","0.8246","","",""
"2024-07-12","014922","202000036341","0.8294","0.8294","","",""
"2024-07-15","014922","202000036341","0.8266","0.8266","","",""
"2024-07-16","014922","202000036341","0.8262","0.8262","","",""
"2024-07-17","014922","202000036341","0.8137","0.8137","","",""
"2024-07-18","014922","202000036341","0.8200","0.8200","","",""
"2024-07-19","014922","202000036341","0.8122","0.8122","","",""
"2024-07-22","014922","202000036341","0.8134","0.8134","","",""
"2024-07-23","014922","202000036341","0.7931","0.7931","","",""
"2024-07-24","014922","202000036341","0.7876","0.7876","","",""
"2024-07-25","014922","202000036341","0.7688","0.7688","","",""
"2024-07-26","014922","202000036341","0.7767","0.7767","","",""
"2024-07-29","014922","202000036341","0.7815","0.7815","","",""
"2024-07-30","014922","202000036341","0.7696","0.7696","","",""
"2024-07-31","014922","202000036341","0.7889","0.7889","","",""
"2024-08-01","014922","202000036341","0.7896","0.7896","","",""
"2024-08-02","014922","202000036341","0.7750","0.7750","","",""
"2024-08-05","014922","202000036341","0.7623","0.7623","","",""
"2024-08-06","014922","202000036341","0.7586","0.7586","","",""
"2024-08-07","014922","202000036341","0.7629","0.7629","","",""
"2024-08-08","014922","202000036341","0.7625","0.7625","","",""
"2024-08-09","014922","202000036341","0.7649","0.7649","","",""
"2024-08-12","014922","202000036341","0.7662","0.7662","","",""
"2024-08-13","014922","202000036341","0.7694","0.7694","","",""
"2024-08-14","014922","202000036341","0.7635","0.7635","","",""
"2024-08-15","014922","202000036341","0.7660","0.7660","","",""
"2024-08-16","014922","202000036341","0.7726","0.7726","","",""
"2024-08-19","014922","202000036341","0.7764","0.7764","","",""
"2024-08-20","014922","202000036341","0.7691","0.7691","","",""
"2024-08-21","014922","202000036341","0.7691","0.7691","","",""
"2024-08-22","014922","202000036341","0.7730","0.7730","","",""
"2024-08-23","014922","202000036341","0.7714","0.7714","","",""
"2024-08-26","014922","202000036341","0.7744","0.7744","","",""
"2024-08-27","014922","202000036341","0.7741","0.7741","","",""
"2024-08-28","014922","202000036341","0.7672","0.7672","","",""
"2024-08-29","014922","202000036341","0.7712","0.7712","","",""
"2024-08-30","014922","202000036341","0.7810","0.7810","","",""
"2024-09-02","014922","202000036341","0.7679","0.7679","","",""
"2024-09-03","014922","202000036341","0.7711","0.7711","","",""
"2024-09-04","014922","202000036341","0.7612","0.7612","","",""
"2024-09-05","014922","202000036341","0.7576","0.7576","","",""
"2024-09-06","014922","202000036341","0.7547","0.7547","","",""
"2024-09-09","014922","202000036341","0.7447","0.7447","","",""
"2024-09-10","014922","202000036341","0.7442","0.7442","","",""
"2024-09-11","014922","202000036341","0.7452","0.7452","","",""
"2024-09-12","014922","202000036341","0.7460","0.7460","","",""
"2024-09-13","014922","202000036341","0.7479","0.7479","","",""
"2024-09-18","014922","202000036341","0.7584","0.7584","","",""
"2024-09-19","014922","202000036341","0.7689","0.7689","","",""
"2024-09-20","014922","202000036341","0.7696","0.7696","","",""
"2024-09-23","014922","202000036341","0.7698","0.7698","","",""
"2024-09-24","014922","202000036341","0.7958","0.7958","","",""
"2024-09-25","014922","202000036341","0.8035","0.8035","","",""
"2024-09-26","014922","202000036341","0.8313","0.8313","","",""
"2024-09-27","014922","202000036341","0.8601","0.8601","","",""
"2024-09-30","014922","202000036341","0.9055","0.9055","","",""
"2024-10-08","014922","202000036341","0.9315","0.9315","","",""
"2024-10-09","014922","202000036341","0.8896","0.8896","","",""
"2024-10-10","014922","202000036341","0.9062","0.9062","","",""
"2024-10-11","014922","202000036341","0.8898","0.8898","","",""
"2024-10-14","014922","202000036341","0.8939","0.8939","","",""
"2024-10-15","014922","202000036341","0.8683","0.8683","","",""
"2024-10-16","014922","202000036341","0.8640","0.8640","","",""
"2024-10-17","014922","202000036341","0.8544","0.8544","","",""
"2024-10-18","014922","202000036341","0.8934","0.8934","","",""
"2024-10-21","014922","202000036341","0.8859","0.8859","","",""
"2024-10-22","014922","202000036341","0.8881","0.8881","","",""
"2024-10-23","014922","202000036341","0.8922","0.8922","","",""
"2024-10-24","014922","202000036341","0.8792","0.8792","","",""
"2024-10-25","014922","202000036341","0.8790","0.8790","","",""
"2024-10-28","014922","202000036341","0.8797","0.8797","","",""
"2024-10-29","014922","202000036341","0.8726","0.8726","","",""
"2024-10-30","014922","202000036341","0.8625","0.8625","","",""
"2024-10-31","014922","202000036341","0.8566","0.8566","","",""
"2024-11-01","014922","202000036341","0.8586","0.8586","","",""
"2024-11-04","014922","202000036341","0.8701","0.8701","","",""
"2024-11-05","014922","202000036341","0.8930","0.8930","","",""
"2024-11-06","014922","202000036341","0.8824","0.8824","","",""
"2024-11-07","014922","202000036341","0.9119","0.9119","","",""
"2024-11-08","014922","202000036341","0.9025","0.9025","","",""
"2024-11-11","014922","202000036341","0.9066","0.9066","","",""
"2024-11-12","014922","202000036341","0.8853","0.8853","","",""
"2024-11-13","014922","202000036341","0.8932","0.8932","","",""
"2024-11-14","014922","202000036341","0.8746","0.8746","","",""
"2024-11-15","014922","202000036341","0.8573","0.8573","","",""
"2024-11-18","014922","202000036341","0.8508","0.8508","","",""
"2024-11-19","014922","202000036341","0.8608","0.8608","","",""
"2024-11-20","014922","202000036341","0.8645","0.8645","","",""
"2024-11-21","014922","202000036341","0.8660","0.8660","","",""
"2024-11-22","014922","202000036341","0.8393","0.8393","","",""
"2024-11-25","014922","202000036341","0.8334","0.8334","","",""
"2024-11-26","014922","202000036341","0.8311","0.8311","","",""
"2024-11-27","014922","202000036341","0.8491","0.8491","","",""
"2024-11-28","014922","202000036341","0.8394","0.8394","","",""
"2024-11-29","014922","202000036341","0.8461","0.8461","","",""
"2024-12-02","014922","202000036341","0.8522","0.8522","","",""
"2024-12-03","014922","202000036341","0.8507","0.8507","","",""
"2024-12-04","014922","202000036341","0.8470","0.8470","","",""
"2024-12-05","014922","202000036341","0.8432","0.8432","","",""
"2024-12-06","014922","202000036341","0.8551","0.8551","","",""
"2024-12-09","014922","202000036341","0.8637","0.8637","","",""
"2024-12-10","014922","202000036341","0.8618","0.8618","","",""
"2024-12-11","014922","202000036341","0.8584","0.8584","","",""
"2024-12-12","014922","202000036341","0.8676","0.8676","","",""
"2024-12-13","014922","202000036341","0.8456","0.8456","","",""
"2024-12-16","014922","202000036341","0.8394","0.8394","","",""
"2024-12-17","014922","202000036341","0.8428","0.8428","","",""
"2024-12-18","014922","202000036341","0.8483","0.8483","","",""
"2024-12-19","014922","202000036341","0.8492","0.8492","","",""
"2024-12-20","014922","202000036341","0.8520","0.8520","","",""
"2024-12-23","014922","202000036341","0.8507","0.8507","","",""
"2024-12-24","014922","202000036341","0.8610","0.8610","","",""
"2024-12-25","014922","202000036341","0.8596","0.8596","","",""
"2024-12-26","014922","202000036341","0.8608","0.8608","","",""
"2024-12-27","014922","202000036341","0.8640","0.8640","","",""
"2024-12-30","014922","202000036341","0.8680","0.8680","","",""
"2024-12-31","014922","202000036341","0.8573","0.8573","","",""
"2025-01-02","014922","202000036341","0.8306","0.8306","","",""
"2025-01-03","014922","202000036341","0.8253","0.8253","","",""
"2025-01-06","014922","202000036341","0.8228","0.8228","","",""
"2025-01-07","014922","202000036341","0.8254","0.8254","","",""
"2025-01-08","014922","202000036341","0.8190","0.8190","","",""
"2025-01-09","014922","202000036341","0.8189","0.8189","","",""
"2025-01-10","014922","202000036341","0.8110","0.8110","","",""
"2025-01-13","014922","202000036341","0.8108","0.8108","","",""
"2025-01-14","014922","202000036341","0.8310","0.8310","","",""
"2025-01-15","014922","202000036341","0.8284","0.8284","","",""
"2025-01-16","014922","202000036341","0.8306","0.8306","","",""
"2025-01-17","014922","202000036341","0.8366","0.8366","","",""
"2025-01-20","014922","202000036341","0.8461","0.8461","","",""
"2025-01-21","014922","202000036341","0.8508","0.8508","","",""
"2025-01-22","014922","202000036341","0.8432","0.8432","","",""
"2025-01-23","014922","202000036341","0.8371","0.8371","","",""
"2025-01-24","014922","202000036341","0.8482","0.8482","","",""
"2025-01-27","014922","202000036341","0.8423","0.8423","","",""
"2025-02-05","014922","202000036341","0.8629","0.8629","","",""
"2025-02-06","014922","202000036341","0.8790","0.8790","","",""
"2025-02-07","014922","202000036341","0.8859","0.8859","","",""
"2025-02-10","014922","202000036341","0.8908","0.8908","","",""
"2025-02-11","014922","202000036341","0.8821","0.8821","","",""
"2025-02-12","014922","202000036341","0.8980","0.8980","","",""
"2025-02-13","014922","202000036341","0.8866","0.8866","","",""
"2025-02-14","014922","202000036341","0.9052","0.9052","","",""
"2025-02-17","014922","202000036341","0.9086","0.9086","","",""
"2025-02-18","014922","202000036341","0.9112","0.9112","","",""
"2025-02-19","014922","202000036341","0.9219","0.9219","","",""
"2025-02-20","014922","202000036341","0.9105","0.9105","","",""
"2025-02-21","014922","202000036341","0.9478","0.9478","","",""
"2025-02-24","014922","202000036341","0.9396","0.9396","","",""
"2025-02-25","014922","202000036341","0.9238","0.9238","","",""
"2025-02-26","014922","202000036341","0.9431","0.9431","","",""
"2025-02-27","014922","202000036341","0.9395","0.9395","","",""
"2025-02-28","014922","202000036341","0.9038","0.9038","","",""
"2025-03-03","014922","202000036341","0.8997","0.8997","","",""
"2025-03-04","014922","202000036341","0.8947","0.8947","","",""
"2025-03-05","014922","202000036341","0.9144","0.9144","","",""
"2025-03-06","014922","202000036341","0.9503","0.9503","","",""
"2025-03-07","014922","202000036341","0.9454","0.9454","","",""
"2025-03-10","014922","202000036341","0.9263","0.9263","","",""
"2025-03-11","014922","202000036341","0.9268","0.9268","","",""
"2025-03-12","014922","202000036341","0.9179","0.9179","","",""
"2025-03-13","014922","202000036341","0.9051","0.9051","","",""
"2025-03-14","014922","202000036341","0.9270","0.9270","","",""
"2025-03-17","014922","202000036341","0.9232","0.9232","","",""
"2025-03-18","014922","202000036341","0.9401","0.9401","","",""
"2025-03-19","014922","202000036341","0.9407","0.9407","","",""
"2025-03-20","014922","202000036341","0.9243","0.9243","","",""
"2025-03-21","014922","202000036341","0.8955","0.8955","","",""
"2025-03-24","014922","202000036341","0.9074","0.9074","","",""
"2025-03-25","014922","202000036341","0.8935","0.8935","","",""
"2025-03-26","014922","202000036341","0.8960","0.8960","","",""
"2025-03-27","014922","202000036341","0.9007","0.9007","","",""
"2025-03-28","014922","202000036341","0.8903","0.8903","","",""
"2025-03-31","014922","202000036341","0.8745","0.8745","","",""
"2025-04-01","014922","202000036341","0.8735","0.8735","","",""
"2024-04-02","014923","202000036342","0.7743","0.7743","","",""
"2024-04-03","014923","202000036342","0.7785","0.7785","","",""
"2024-04-08","014923","202000036342","0.7718","0.7718","","",""
"2024-04-09","014923","202000036342","0.7682","0.7682","","",""
"2024-04-10","014923","202000036342","0.7723","0.7723","","",""
"2024-04-11","014923","202000036342","0.7775","0.7775","","",""
"2024-04-12","014923","202000036342","0.7753","0.7753","","",""
"2024-04-15","014923","202000036342","0.7921","0.7921","","",""
"2024-04-16","014923","202000036342","0.7794","0.7794","","",""
"2024-04-17","014923","202000036342","0.7878","0.7878","","",""
"2024-04-18","014923","202000036342","0.7870","0.7870","","",""
"2024-04-19","014923","202000036342","0.7854","0.7854","","",""
"2024-04-22","014923","202000036342","0.7803","0.7803","","",""
"2024-04-23","014923","202000036342","0.7802","0.7802","","",""
"2024-04-24","014923","202000036342","0.7873","0.7873","","",""
"2024-04-25","014923","202000036342","0.7899","0.7899","","",""
"2024-04-26","014923","202000036342","0.8057","0.8057","","",""
"2024-04-29","014923","202000036342","0.8030","0.8030","","",""
"2024-04-30","014923","202000036342","0.8086","0.8086","","",""
"2024-05-06","014923","202000036342","0.8246","0.8246","","",""
"2024-05-07","014923","202000036342","0.8251","0.8251","","",""
"2024-05-08","014923","202000036342","0.8202","0.8202","","",""
"2024-05-09","014923","202000036342","0.8344","0.8344","","",""
"2024-05-10","014923","202000036342","0.8371","0.8371","","",""
"2024-05-13","014923","202000036342","0.8359","0.8359","","",""
"2024-05-14","014923","202000036342","0.8364","0.8364","","",""
"2024-05-15","014923","202000036342","0.8305","0.8305","","",""
"2024-05-16","014923","202000036342","0.8315","0.8315","","",""
"2024-05-17","014923","202000036342","0.8330","0.8330","","",""
"2024-05-20","014923","202000036342","0.8391","0.8391","","",""
"2024-05-21","014923","202000036342","0.8298","0.8298","","",""
"2024-05-22","014923","202000036342","0.8263","0.8263","","",""
"2024-05-23","014923","202000036342","0.8191","0.8191","","",""
"2024-05-24","014923","202000036342","0.8149","0.8149","","",""
"2024-05-27","014923","202000036342","0.8282","0.8282","","",""
"2024-05-28","014923","202000036342","0.8265","0.8265","","",""
"2024-05-29","014923","202000036342","0.8231","0.8231","","",""
"2024-05-30","014923","202000036342","0.8134","0.8134","","",""
"2024-05-31","014923","202000036342","0.8070","0.8070","","",""
"2024-06-03","014923","202000036342","0.8165","0.8165","","",""
"2024-06-04","014923","202000036342","0.8232","0.8232","","",""
"2024-06-05","014923","202000036342","0.8159","0.8159","","",""
"2024-06-06","014923","202000036342","0.8248","0.8248","","",""
"2024-06-07","014923","202000036342","0.8188","0.8188","","",""
"2024-06-11","014923","202000036342","0.8113","0.8113","","",""
"2024-06-12","014923","202000036342","0.8135","0.8135","","",""
"2024-06-13","014923","202000036342","0.8151","0.8151","","",""
"2024-06-14","014923","202000036342","0.8144","0.8144","","",""
"2024-06-17","014923","202000036342","0.8164","0.8164","","",""
"2024-06-18","014923","202000036342","0.8190","0.8190","","",""
"2024-06-19","014923","202000036342","0.8279","0.8279","","",""
"2024-06-20","014923","202000036342","0.8309","0.8309","","",""
"2024-06-21","014923","202000036342","0.8219","0.8219","","",""
"2024-06-24","014923","202000036342","0.8195","0.8195","","",""
"2024-06-25","014923","202000036342","0.8185","0.8185","","",""
"2024-06-26","014923","202000036342","0.8173","0.8173","","",""
"2024-06-27","014923","202000036342","0.8044","0.8044","","",""
"2024-06-28","014923","202000036342","0.8100","0.8100","","",""
"2024-06-30","014923","202000036342","0.8099","0.8099","","",""
"2024-07-01","014923","202000036342","0.8139","0.8139","","",""
"2024-07-02","014923","202000036342","0.8136","0.8136","","",""
"2024-07-03","014923","202000036342","0.8133","0.8133","","",""
"2024-07-04","014923","202000036342","0.8142","0.8142","","",""
"2024-07-05","014923","202000036342","0.8121","0.8121","","",""
"2024-07-08","014923","202000036342","0.8071","0.8071","","",""
"2024-07-09","014923","202000036342","0.8119","0.8119","","",""
"2024-07-10","014923","202000036342","0.8033","0.8033","","",""
"2024-07-11","014923","202000036342","0.8131","0.8131","","",""
"2024-07-12","014923","202000036342","0.8178","0.8178","","",""
"2024-07-15","014923","202000036342","0.8150","0.8150","","",""
"2024-07-16","014923","202000036342","0.8146","0.8146","","",""
"2024-07-17","014923","202000036342","0.8022","0.8022","","",""
"2024-07-18","014923","202000036342","0.8084","0.8084","","",""
"2024-07-19","014923","202000036342","0.8008","0.8008","","",""
"2024-07-22","014923","202000036342","0.8019","0.8019","","",""
"2024-07-23","014923","202000036342","0.7819","0.7819","","",""
"2024-07-24","014923","202000036342","0.7764","0.7764","","",""
"2024-07-25","014923","202000036342","0.7579","0.7579","","",""
"2024-07-26","014923","202000036342","0.7657","0.7657","","",""
"2024-07-29","014923","202000036342","0.7704","0.7704","","",""
"2024-07-30","014923","202000036342","0.7586","0.7586","","",""
"2024-07-31","014923","202000036342","0.7776","0.7776","","",""
"2024-08-01","014923","202000036342","0.7783","0.7783","","",""
"2024-08-02","014923","202000036342","0.7639","0.7639","","",""
"2024-08-05","014923","202000036342","0.7514","0.7514","","",""
"2024-08-06","014923","202000036342","0.7477","0.7477","","",""
"2024-08-07","014923","202000036342","0.7519","0.7519","","",""
"2024-08-08","014923","202000036342","0.7515","0.7515","","",""
"2024-08-09","014923","202000036342","0.7538","0.7538","","",""
"2024-08-12","014923","202000036342","0.7550","0.7550","","",""
"2024-08-13","014923","202000036342","0.7583","0.7583","","",""
"2024-08-14","014923","202000036342","0.7524","0.7524","","",""
"2024-08-15","014923","202000036342","0.7548","0.7548","","",""
"2024-08-16","014923","202000036342","0.7614","0.7614","","",""
"2024-08-19","014923","202000036342","0.7651","0.7651","","",""
"2024-08-20","014923","202000036342","0.7578","0.7578","","",""
"2024-08-21","014923","202000036342","0.7579","0.7579","","",""
"2024-08-22","014923","202000036342","0.7617","0.7617","","",""
"2024-08-23","014923","202000036342","0.7601","0.7601","","",""
"2024-08-26","014923","202000036342","0.7630","0.7630","","",""
"2024-08-27","014923","202000036342","0.7627","0.7627","","",""
"2024-08-28","014923","202000036342","0.7559","0.7559","","",""
"2024-08-29","014923","202000036342","0.7598","0.7598","","",""
"2024-08-30","014923","202000036342","0.7695","0.7695","","",""
"2024-09-02","014923","202000036342","0.7565","0.7565","","",""
"2024-09-03","014923","202000036342","0.7597","0.7597","","",""
"2024-09-04","014923","202000036342","0.7499","0.7499","","",""
"2024-09-05","014923","202000036342","0.7463","0.7463","","",""
"2024-09-06","014923","202000036342","0.7435","0.7435","","",""
"2024-09-09","014923","202000036342","0.7336","0.7336","","",""
"2024-09-10","014923","202000036342","0.7331","0.7331","","",""
"2024-09-11","014923","202000036342","0.7341","0.7341","","",""
"2024-09-12","014923","202000036342","0.7348","0.7348","","",""
"2024-09-13","014923","202000036342","0.7367","0.7367","","",""
"2024-09-18","014923","202000036342","0.7470","0.7470","","",""
"2024-09-19","014923","202000036342","0.7573","0.7573","","",""
"2024-09-20","014923","202000036342","0.7580","0.7580","","",""
"2024-09-23","014923","202000036342","0.7581","0.7581","","",""
"2024-09-24","014923","202000036342","0.7837","0.7837","","",""
"2024-09-25","014923","202000036342","0.7912","0.7912","","",""
"2024-09-26","014923","202000036342","0.8186","0.8186","","",""
"2024-09-27","014923","202000036342","0.8470","0.8470","","",""
"2024-09-30","014923","202000036342","0.8917","0.8917","","",""
"2024-10-08","014923","202000036342","0.9166","0.9166","","",""
"2024-10-09","014923","202000036342","0.8754","0.8754","","",""
"2024-10-10","014923","202000036342","0.8917","0.8917","","",""
"2024-10-11","014923","202000036342","0.8755","0.8755","","",""
"2024-10-14","014923","202000036342","0.8795","0.8795","","",""
"2024-10-15","014923","202000036342","0.8543","0.8543","","",""
"2024-10-16","014923","202000036342","0.8501","0.8501","","",""
"2024-10-17","014923","202000036342","0.8407","0.8407","","",""
"2024-10-18","014923","202000036342","0.8790","0.8790","","",""
"2024-10-21","014923","202000036342","0.8715","0.8715","","",""
"2024-10-22","014923","202000036342","0.8737","0.8737","","",""
"2024-10-23","014923","202000036342","0.8777","0.8777","","",""
"2024-10-24","014923","202000036342","0.8649","0.8649","","",""
"2024-10-25","014923","202000036342","0.8647","0.8647","","",""
"2024-10-28","014923","202000036342","0.8654","0.8654","","",""
"2024-10-29","014923","202000036342","0.8583","0.8583","","",""
"2024-10-30","014923","202000036342","0.8484","0.8484","","",""
"2024-10-31","014923","202000036342","0.8426","0.8426","","",""
"2024-11-01","014923","202000036342","0.8446","0.8446","","",""
"2024-11-04","014923","202000036342","0.8558","0.8558","","",""
"2024-11-05","014923","202000036342","0.8784","0.8784","","",""
"2024-11-06","014923","202000036342","0.8679","0.8679","","",""
"2024-11-07","014923","202000036342","0.8969","0.8969","","",""
"2024-11-08","014923","202000036342","0.8876","0.8876","","",""
"2024-11-11","014923","202000036342","0.8916","0.8916","","",""
"2024-11-12","014923","202000036342","0.8707","0.8707","","",""
"2024-11-13","014923","202000036342","0.8784","0.8784","","",""
"2024-11-14","014923","202000036342","0.8601","0.8601","","",""
"2024-11-15","014923","202000036342","0.8431","0.8431","","",""
"2024-11-18","014923","202000036342","0.8366","0.8366","","",""
"2024-11-19","014923","202000036342","0.8464","0.8464","","",""
"2024-11-20","014923","202000036342","0.8501","0.8501","","",""
"2024-11-21","014923","202000036342","0.8515","0.8515","","",""
"2024-11-22","014923","202000036342","0.8253","0.8253","","",""
"2024-11-25","014923","202000036342","0.8194","0.8194","","",""
"2024-11-26","014923","202000036342","0.8172","0.8172","","",""
"2024-11-27","014923","202000036342","0.8348","0.8348","","",""
"2024-11-28","014923","202000036342","0.8252","0.8252","","",""
"2024-11-29","014923","202000036342","0.8319","0.8319","","",""
"2024-12-02","014923","202000036342","0.8378","0.8378","","",""
"2024-12-03","014923","202000036342","0.8364","0.8364","","",""
"2024-12-04","014923","202000036342","0.8327","0.8327","","",""
"2024-12-05","014923","202000036342","0.8289","0.8289","","",""
"2024-12-06","014923","202000036342","0.8406","0.8406","","",""
"2024-12-09","014923","202000036342","0.8490","0.8490","","",""
"2024-12-10","014923","202000036342","0.8471","0.8471","","",""
"2024-12-11","014923","202000036342","0.8438","0.8438","","",""
"2024-12-12","014923","202000036342","0.8528","0.8528","","",""
"2024-12-13","014923","202000036342","0.8312","0.8312","","",""
"2024-12-16","014923","202000036342","0.8251","0.8251","","",""
"2024-12-17","014923","202000036342","0.8284","0.8284","","",""
"2024-12-18","014923","202000036342","0.8337","0.8337","","",""
"2024-12-19","014923","202000036342","0.8346","0.8346","","",""
"2024-12-20","014923","202000036342","0.8374","0.8374","","",""
"2024-12-23","014923","202000036342","0.8361","0.8361","","",""
"2024-12-24","014923","202000036342","0.8462","0.8462","","",""
"2024-12-25","014923","202000036342","0.8448","0.8448","","",""
"2024-12-26","014923","202000036342","0.8460","0.8460","","",""
"2024-12-27","014923","202000036342","0.8490","0.8490","","",""
"2024-12-30","014923","202000036342","0.8529","0.8529","","",""
"2024-12-31","014923","202000036342","0.8425","0.8425","","",""
"2025-01-02","014923","202000036342","0.8162","0.8162","","",""
"2025-01-03","014923","202000036342","0.8109","0.8109","","",""
"2025-01-06","014923","202000036342","0.8085","0.8085","","",""
"2025-01-07","014923","202000036342","0.8110","0.8110","","",""
"2025-01-08","014923","202000036342","0.8047","0.8047","","",""
"2025-01-09","014923","202000036342","0.8046","0.8046","","",""
"2025-01-10","014923","202000036342","0.7968","0.7968","","",""
"2025-01-13","014923","202000036342","0.7965","0.7965","","",""
"2025-01-14","014923","202000036342","0.8164","0.8164","","",""
"2025-01-15","014923","202000036342","0.8138","0.8138","","",""
"2025-01-16","014923","202000036342","0.8159","0.8159","","",""
"2025-01-17","014923","202000036342","0.8218","0.8218","","",""
"2025-01-20","014923","202000036342","0.8312","0.8312","","",""
"2025-01-21","014923","202000036342","0.8357","0.8357","","",""
"2025-01-22","014923","202000036342","0.8283","0.8283","","",""
"2025-01-23","014923","202000036342","0.8223","0.8223","","",""
"2025-01-24","014923","202000036342","0.8331","0.8331","","",""
"2025-01-27","014923","202000036342","0.8273","0.8273","","",""
"2025-02-05","014923","202000036342","0.8474","0.8474","","",""
"2025-02-06","014923","202000036342","0.8633","0.8633","","",""
"2025-02-07","014923","202000036342","0.8699","0.8699","","",""
"2025-02-10","014923","202000036342","0.8748","0.8748","","",""
"2025-02-11","014923","202000036342","0.8663","0.8663","","",""
"2025-02-12","014923","202000036342","0.8818","0.8818","","",""
"2025-02-13","014923","202000036342","0.8706","0.8706","","",""
"2025-02-14","014923","202000036342","0.8888","0.8888","","",""
"2025-02-17","014923","202000036342","0.8921","0.8921","","",""
"2025-02-18","014923","202000036342","0.8947","0.8947","","",""
"2025-02-19","014923","202000036342","0.9052","0.9052","","",""
"2025-02-20","014923","202000036342","0.8939","0.8939","","",""
"2025-02-21","014923","202000036342","0.9305","0.9305","","",""
"2025-02-24","014923","202000036342","0.9224","0.9224","","",""
"2025-02-25","014923","202000036342","0.9069","0.9069","","",""
"2025-02-26","014923","202000036342","0.9258","0.9258","","",""
"2025-02-27","014923","202000036342","0.9223","0.9223","","",""
"2025-02-28","014923","202000036342","0.8873","0.8873","","",""
"2025-03-03","014923","202000036342","0.8832","0.8832","","",""
"2025-03-04","014923","202000036342","0.8783","0.8783","","",""
"2025-03-05","014923","202000036342","0.8976","0.8976","","",""
"2025-03-06","014923","202000036342","0.9328","0.9328","","",""
"2025-03-07","014923","202000036342","0.9280","0.9280","","",""
"2025-03-10","014923","202000036342","0.9092","0.9092","","",""
"2025-03-11","014923","202000036342","0.9097","0.9097","","",""
"2025-03-12","014923","202000036342","0.9009","0.9009","","",""
"2025-03-13","014923","202000036342","0.8884","0.8884","","",""
"2025-03-14","014923","202000036342","0.9099","0.9099","","",""
"2025-03-17","014923","202000036342","0.9061","0.9061","","",""
"2025-03-18","014923","202000036342","0.9226","0.9226","","",""
"2025-03-19","014923","202000036342","0.9232","0.9232","","",""
"2025-03-20","014923","202000036342","0.9071","0.9071","","",""
"2025-03-21","014923","202000036342","0.8788","0.8788","","",""
"2025-03-24","014923","202000036342","0.8904","0.8904","","",""
"2025-03-25","014923","202000036342","0.8768","0.8768","","",""
"2025-03-26","014923","202000036342","0.8792","0.8792","","",""
"2025-03-27","014923","202000036342","0.8838","0.8838","","",""
"2025-03-28","014923","202000036342","0.8736","0.8736","","",""
"2025-03-31","014923","202000036342","0.8580","0.8580","","",""
"2025-04-01","014923","202000036342","0.8571","0.8571","","",""
"2024-04-02","015102","202000036859","0.7210","0.7210","","",""
"2024-04-03","015102","202000036859","0.7213","0.7213","","",""
"2024-04-08","015102","202000036859","0.7176","0.7176","","",""
"2024-04-09","015102","202000036859","0.7170","0.7170","","",""
"2024-04-10","015102","202000036859","0.7165","0.7165","","",""
"2024-04-11","015102","202000036859","0.7231","0.7231","","",""
"2024-04-12","015102","202000036859","0.7274","0.7274","","",""
"2024-04-15","015102","202000036859","0.7284","0.7284","","",""
"2024-04-16","015102","202000036859","0.7113","0.7113","","",""
"2024-04-17","015102","202000036859","0.7250","0.7250","","",""
"2024-04-18","015102","202000036859","0.7241","0.7241","","",""
"2024-04-19","015102","202000036859","0.7227","0.7227","","",""
"2024-04-22","015102","202000036859","0.7191","0.7191","","",""
"2024-04-23","015102","202000036859","0.7125","0.7125","","",""
"2024-04-24","015102","202000036859","0.7248","0.7248","","",""
"2024-04-25","015102","202000036859","0.7241","0.7241","","",""
"2024-04-26","015102","202000036859","0.7342","0.7342","","",""
"2024-04-29","015102","202000036859","0.7342","0.7342","","",""
"2024-04-30","015102","202000036859","0.7349","0.7349","","",""
"2024-05-06","015102","202000036859","0.7522","0.7522","","",""
"2024-05-07","015102","202000036859","0.7552","0.7552","","",""
"2024-05-08","015102","202000036859","0.7498","0.7498","","",""
"2024-05-09","015102","202000036859","0.7588","0.7588","","",""
"2024-05-10","015102","202000036859","0.7574","0.7574","","",""
"2024-05-13","015102","202000036859","0.7549","0.7549","","",""
"2024-05-14","015102","202000036859","0.7588","0.7588","","",""
"2024-05-15","015102","202000036859","0.7529","0.7529","","",""
"2024-05-16","015102","202000036859","0.7500","0.7500","","",""
"2024-05-17","015102","202000036859","0.7546","0.7546","","",""
"2024-05-20","015102","202000036859","0.7660","0.7660","","",""
"2024-05-21","015102","202000036859","0.7539","0.7539","","",""
"2024-05-22","015102","202000036859","0.7518","0.7518","","",""
"2024-05-23","015102","202000036859","0.7400","0.7400","","",""
"2024-05-24","015102","202000036859","0.7354","0.7354","","",""
"2024-05-27","015102","202000036859","0.7460","0.7460","","",""
"2024-05-28","015102","202000036859","0.7405","0.7405","","",""
"2024-05-29","015102","202000036859","0.7407","0.7407","","",""
"2024-05-30","015102","202000036859","0.7348","0.7348","","",""
"2024-05-31","015102","202000036859","0.7321","0.7321","","",""
"2024-06-03","015102","202000036859","0.7303","0.7303","","",""
"2024-06-04","015102","202000036859","0.7368","0.7368","","",""
"2024-06-05","015102","202000036859","0.7283","0.7283","","",""
"2024-06-06","015102","202000036859","0.7318","0.7318","","",""
"2024-06-07","015102","202000036859","0.7306","0.7306","","",""
"2024-06-11","015102","202000036859","0.7233","0.7233","","",""
"2024-06-12","015102","202000036859","0.7245","0.7245","","",""
"2024-06-13","015102","202000036859","0.7209","0.7209","","",""
"2024-06-14","015102","202000036859","0.7198","0.7198","","",""
"2024-06-17","015102","202000036859","0.7172","0.7172","","",""
"2024-06-18","015102","202000036859","0.7208","0.7208","","",""
"2024-06-19","015102","202000036859","0.7176","0.7176","","",""
"2024-06-20","015102","202000036859","0.7119","0.7119","","",""
"2024-06-21","015102","202000036859","0.7099","0.7099","","",""
"2024-06-24","015102","202000036859","0.7012","0.7012","","",""
"2024-06-25","015102","202000036859","0.6998","0.6998","","",""
"2024-06-26","015102","202000036859","0.7023","0.7023","","",""
"2024-06-27","015102","202000036859","0.6922","0.6922","","",""
"2024-06-28","015102","202000036859","0.6990","0.6990","","",""
"2024-06-30","015102","202000036859","0.6990","0.6990","","",""
"2024-07-01","015102","202000036859","0.7047","0.7047","","",""
"2024-07-02","015102","202000036859","0.6990","0.6990","","",""
"2024-07-03","015102","202000036859","0.6933","0.6933","","",""
"2024-07-04","015102","202000036859","0.6904","0.6904","","",""
"2024-07-05","015102","202000036859","0.6949","0.6949","","",""
"2024-07-08","015102","202000036859","0.6870","0.6870","","",""
"2024-07-09","015102","202000036859","0.6954","0.6954","","",""
"2024-07-10","015102","202000036859","0.6861","0.6861","","",""
"2024-07-11","015102","202000036859","0.6951","0.6951","","",""
"2024-07-12","015102","202000036859","0.6893","0.6893","","",""
"2024-07-15","015102","202000036859","0.6894","0.6894","","",""
"2024-07-16","015102","202000036859","0.6891","0.6891","","",""
"2024-07-17","015102","202000036859","0.6804","0.6804","","",""
"2024-07-18","015102","202000036859","0.6871","0.6871","","",""
"2024-07-19","015102","202000036859","0.6819","0.6819","","",""
"2024-07-22","015102","202000036859","0.6787","0.6787","","",""
"2024-07-23","015102","202000036859","0.6583","0.6583","","",""
"2024-07-24","015102","202000036859","0.6526","0.6526","","",""
"2024-07-25","015102","202000036859","0.6441","0.6441","","",""
"2024-07-26","015102","202000036859","0.6520","0.6520","","",""
"2024-07-29","015102","202000036859","0.6500","0.6500","","",""
"2024-07-30","015102","202000036859","0.6470","0.6470","","",""
"2024-07-31","015102","202000036859","0.6670","0.6670","","",""
"2024-08-01","015102","202000036859","0.6626","0.6626","","",""
"2024-08-02","015102","202000036859","0.6534","0.6534","","",""
"2024-08-05","015102","202000036859","0.6462","0.6462","","",""
"2024-08-06","015102","202000036859","0.6495","0.6495","","",""
"2024-08-07","015102","202000036859","0.6526","0.6526","","",""
"2024-08-08","015102","202000036859","0.6514","0.6514","","",""
"2024-08-09","015102","202000036859","0.6502","0.6502","","",""
"2024-08-12","015102","202000036859","0.6497","0.6497","","",""
"2024-08-13","015102","202000036859","0.6505","0.6505","","",""
"2024-08-14","015102","202000036859","0.6426","0.6426","","",""
"2024-08-15","015102","202000036859","0.6469","0.6469","","",""
"2024-08-16","015102","202000036859","0.6521","0.6521","","",""
"2024-08-19","015102","202000036859","0.6598","0.6598","","",""
"2024-08-20","015102","202000036859","0.6546","0.6546","","",""
"2024-08-21","015102","202000036859","0.6548","0.6548","","",""
"2024-08-22","015102","202000036859","0.6544","0.6544","","",""
"2024-08-23","015102","202000036859","0.6535","0.6535","","",""
"2024-08-26","015102","202000036859","0.6538","0.6538","","",""
"2024-08-27","015102","202000036859","0.6494","0.6494","","",""
"2024-08-28","015102","202000036859","0.6491","0.6491","","",""
"2024-08-29","015102","202000036859","0.6545","0.6545","","",""
"2024-08-30","015102","202000036859","0.6616","0.6616","","",""
"2024-09-02","015102","202000036859","0.6538","0.6538","","",""
"2024-09-03","015102","202000036859","0.6566","0.6566","","",""
"2024-09-04","015102","202000036859","0.6549","0.6549","","",""
"2024-09-05","015102","202000036859","0.6538","0.6538","","",""
"2024-09-06","015102","202000036859","0.6500","0.6500","","",""
"2024-09-09","015102","202000036859","0.6407","0.6407","","",""
"2024-09-10","015102","202000036859","0.6384","0.6384","","",""
"2024-09-11","015102","202000036859","0.6391","0.6391","","",""
"2024-09-12","015102","202000036859","0.6385","0.6385","","",""
"2024-09-13","015102","202000036859","0.6366","0.6366","","",""
"2024-09-18","015102","202000036859","0.6426","0.6426","","",""
"2024-09-19","015102","202000036859","0.6513","0.6513","","",""
"2024-09-20","015102","202000036859","0.6539","0.6539","","",""
"2024-09-23","015102","202000036859","0.6534","0.6534","","",""
"2024-09-24","015102","202000036859","0.6767","0.6767","","",""
"2024-09-25","015102","202000036859","0.6809","0.6809","","",""
"2024-09-26","015102","202000036859","0.7070","0.7070","","",""
"2024-09-27","015102","202000036859","0.7362","0.7362","","",""
"2024-09-30","015102","202000036859","0.7893","0.7893","","",""
"2024-10-08","015102","202000036859","0.8132","0.8132","","",""
"2024-10-09","015102","202000036859","0.7666","0.7666","","",""
"2024-10-10","015102","202000036859","0.7783","0.7783","","",""
"2024-10-11","015102","202000036859","0.7642","0.7642","","",""
"2024-10-14","015102","202000036859","0.7803","0.7803","","",""
"2024-10-15","015102","202000036859","0.7574","0.7574","","",""
"2024-10-16","015102","202000036859","0.7574","0.7574","","",""
"2024-10-17","015102","202000036859","0.7461","0.7461","","",""
"2024-10-18","015102","202000036859","0.7705","0.7705","","",""
"2024-10-21","015102","202000036859","0.7740","0.7740","","",""
"2024-10-22","015102","202000036859","0.7818","0.7818","","",""
"2024-10-23","015102","202000036859","0.7844","0.7844","","",""
"2024-10-24","015102","202000036859","0.7756","0.7756","","",""
"2024-10-25","015102","202000036859","0.7758","0.7758","","",""
"2024-10-28","015102","202000036859","0.7796","0.7796","","",""
"2024-10-29","015102","202000036859","0.7838","0.7838","","",""
"2024-10-30","015102","202000036859","0.7783","0.7783","","",""
"2024-10-31","015102","202000036859","0.7738","0.7738","","",""
"2024-11-01","015102","202000036859","0.7751","0.7751","","",""
"2024-11-04","015102","202000036859","0.7864","0.7864","","",""
"2024-11-05","015102","202000036859","0.8016","0.8016","","",""
"2024-11-06","015102","202000036859","0.7925","0.7925","","",""
"2024-11-07","015102","202000036859","0.8105","0.8105","","",""
"2024-11-08","015102","202000036859","0.8054","0.8054","","",""
"2024-11-11","015102","202000036859","0.8014","0.8014","","",""
"2024-11-12","015102","202000036859","0.7899","0.7899","","",""
"2024-11-13","015102","202000036859","0.7936","0.7936","","",""
"2024-11-14","015102","202000036859","0.7782","0.7782","","",""
"2024-11-15","015102","202000036859","0.7706","0.7706","","",""
"2024-11-18","015102","202000036859","0.7676","0.7676","","",""
"2024-11-19","015102","202000036859","0.7776","0.7776","","",""
"2024-11-20","015102","202000036859","0.7795","0.7795","","",""
"2024-11-21","015102","202000036859","0.7775","0.7775","","",""
"2024-11-22","015102","202000036859","0.7533","0.7533","","",""
"2024-11-25","015102","202000036859","0.7553","0.7553","","",""
"2024-11-26","015102","202000036859","0.7515","0.7515","","",""
"2024-11-27","015102","202000036859","0.7663","0.7663","","",""
"2024-11-28","015102","202000036859","0.7552","0.7552","","",""
"2024-11-29","015102","202000036859","0.7695","0.7695","","",""
"2024-12-02","015102","202000036859","0.7815","0.7815","","",""
"2024-12-03","015102","202000036859","0.7851","0.7851","","",""
"2024-12-04","015102","202000036859","0.7838","0.7838","","",""
"2024-12-05","015102","202000036859","0.7773","0.7773","","",""
"2024-12-06","015102","202000036859","0.7881","0.7881","","",""
"2024-12-09","015102","202000036859","0.7925","0.7925","","",""
"2024-12-10","015102","202000036859","0.7989","0.7989","","",""
"2024-12-11","015102","202000036859","0.8005","0.8005","","",""
"2024-12-12","015102","202000036859","0.8120","0.8120","","",""
"2024-12-13","015102","202000036859","0.7990","0.7990","","",""
"2024-12-16","015102","202000036859","0.7963","0.7963","","",""
"2024-12-17","015102","202000036859","0.7843","0.7843","","",""
"2024-12-18","015102","202000036859","0.7868","0.7868","","",""
"2024-12-19","015102","202000036859","0.7838","0.7838","","",""
"2024-12-20","015102","202000036859","0.7821","0.7821","","",""
"2024-12-23","015102","202000036859","0.7819","0.7819","","",""
"2024-12-24","015102","202000036859","0.7916","0.7916","","",""
"2024-12-25","015102","202000036859","0.7890","0.7890","","",""
"2024-12-26","015102","202000036859","0.7892","0.7892","","",""
"2024-12-27","015102","202000036859","0.7892","0.7892","","",""
"2024-12-30","015102","202000036859","0.7907","0.7907","","",""
"2024-12-31","015102","202000036859","0.7869","0.7869","","",""
"2025-01-02","015102","202000036859","0.7790","0.7790","","",""
"2025-01-03","015102","202000036859","0.7783","0.7783","","",""
"2025-01-06","015102","202000036859","0.7740","0.7740","","",""
"2025-01-07","015102","202000036859","0.7703","0.7703","","",""
"2025-01-08","015102","202000036859","0.7680","0.7680","","",""
"2025-01-09","015102","202000036859","0.7701","0.7701","","",""
"2025-01-10","015102","202000036859","0.7610","0.7610","","",""
"2025-01-13","015102","202000036859","0.7568","0.7568","","",""
"2025-01-14","015102","202000036859","0.7783","0.7783","","",""
"2025-01-15","015102","202000036859","0.7783","0.7783","","",""
"2025-01-16","015102","202000036859","0.7834","0.7834","","",""
"2025-01-17","015102","202000036859","0.7914","0.7914","","",""
"2025-01-20","015102","202000036859","0.8010","0.8010","","",""
"2025-01-21","015102","202000036859","0.8122","0.8122","","",""
"2025-01-22","015102","202000036859","0.8042","0.8042","","",""
"2025-01-23","015102","202000036859","0.8025","0.8025","","",""
"2025-01-24","015102","202000036859","0.8103","0.8103","","",""
"2025-01-27","015102","202000036859","0.8076","0.8076","","",""
"2025-02-05","015102","202000036859","0.8071","0.8071","","",""
"2025-02-06","015102","202000036859","0.8173","0.8173","","",""
"2025-02-07","015102","202000036859","0.8271","0.8271","","",""
"2025-02-10","015102","202000036859","0.8377","0.8377","","",""
"2025-02-11","015102","202000036859","0.8277","0.8277","","",""
"2025-02-12","015102","202000036859","0.8383","0.8383","","",""
"2025-02-13","015102","202000036859","0.8304","0.8304","","",""
"2025-02-14","015102","202000036859","0.8472","0.8472","","",""
"2025-02-17","015102","202000036859","0.8517","0.8517","","",""
"2025-02-18","015102","202000036859","0.8477","0.8477","","",""
"2025-02-19","015102","202000036859","0.8582","0.8582","","",""
"2025-02-20","015102","202000036859","0.8529","0.8529","","",""
"2025-02-21","015102","202000036859","0.8747","0.8747","","",""
"2025-02-24","015102","202000036859","0.8679","0.8679","","",""
"2025-02-25","015102","202000036859","0.8587","0.8587","","",""
"2025-02-26","015102","202000036859","0.8755","0.8755","","",""
"2025-02-27","015102","202000036859","0.8661","0.8661","","",""
"2025-02-28","015102","202000036859","0.8364","0.8364","","",""
"2025-03-03","015102","202000036859","0.8330","0.8330","","",""
"2025-03-04","015102","202000036859","0.8321","0.8321","","",""
"2025-03-05","015102","202000036859","0.8536","0.8536","","",""
"2025-03-06","015102","202000036859","0.8772","0.8772","","",""
"2025-03-07","015102","202000036859","0.8684","0.8684","","",""
"2025-03-10","015102","202000036859","0.8570","0.8570","","",""
"2025-03-11","015102","202000036859","0.8579","0.8579","","",""
"2025-03-12","015102","202000036859","0.8554","0.8554","","",""
"2025-03-13","015102","202000036859","0.8449","0.8449","","",""
"2025-03-14","015102","202000036859","0.8658","0.8658","","",""
"2025-03-17","015102","202000036859","0.8657","0.8657","","",""
"2025-03-18","015102","202000036859","0.8796","0.8796","","",""
"2025-03-19","015102","202000036859","0.8754","0.8754","","",""
"2025-03-20","015102","202000036859","0.8606","0.8606","","",""
"2025-03-21","015102","202000036859","0.8379","0.8379","","",""
"2025-03-24","015102","202000036859","0.8475","0.8475","","",""
"2025-03-25","015102","202000036859","0.8314","0.8314","","",""
"2025-03-26","015102","202000036859","0.8371","0.8371","","",""
"2025-03-27","015102","202000036859","0.8437","0.8437","","",""
"2025-03-28","015102","202000036859","0.8325","0.8325","","",""
"2025-03-31","015102","202000036859","0.8170","0.8170","","",""
"2025-04-01","015102","202000036859","0.8186","0.8186","","",""
"2024-04-02","015103","202000036858","0.7136","0.7136","","",""
"2024-04-03","015103","202000036858","0.7138","0.7138","","",""
"2024-04-08","015103","202000036858","0.7101","0.7101","","",""
"2024-04-09","015103","202000036858","0.7094","0.7094","","",""
"2024-04-10","015103","202000036858","0.7090","0.7090","","",""
"2024-04-11","015103","202000036858","0.7155","0.7155","","",""
"2024-04-12","015103","202000036858","0.7198","0.7198","","",""
"2024-04-15","015103","202000036858","0.7207","0.7207","","",""
"2024-04-16","015103","202000036858","0.7037","0.7037","","",""
"2024-04-17","015103","202000036858","0.7173","0.7173","","",""
"2024-04-18","015103","202000036858","0.7164","0.7164","","",""
"2024-04-19","015103","202000036858","0.7150","0.7150","","",""
"2024-04-22","015103","202000036858","0.7114","0.7114","","",""
"2024-04-23","015103","202000036858","0.7048","0.7048","","",""
"2024-04-24","015103","202000036858","0.7170","0.7170","","",""
"2024-04-25","015103","202000036858","0.7163","0.7163","","",""
"2024-04-26","015103","202000036858","0.7264","0.7264","","",""
"2024-04-29","015103","202000036858","0.7263","0.7263","","",""
"2024-04-30","015103","202000036858","0.7270","0.7270","","",""
"2024-05-06","015103","202000036858","0.7441","0.7441","","",""
"2024-05-07","015103","202000036858","0.7470","0.7470","","",""
"2024-05-08","015103","202000036858","0.7416","0.7416","","",""
"2024-05-09","015103","202000036858","0.7505","0.7505","","",""
"2024-05-10","015103","202000036858","0.7492","0.7492","","",""
"2024-05-13","015103","202000036858","0.7466","0.7466","","",""
"2024-05-14","015103","202000036858","0.7505","0.7505","","",""
"2024-05-15","015103","202000036858","0.7446","0.7446","","",""
"2024-05-16","015103","202000036858","0.7418","0.7418","","",""
"2024-05-17","015103","202000036858","0.7463","0.7463","","",""
"2024-05-20","015103","202000036858","0.7575","0.7575","","",""
"2024-05-21","015103","202000036858","0.7455","0.7455","","",""
"2024-05-22","015103","202000036858","0.7434","0.7434","","",""
"2024-05-23","015103","202000036858","0.7318","0.7318","","",""
"2024-05-24","015103","202000036858","0.7272","0.7272","","",""
"2024-05-27","015103","202000036858","0.7377","0.7377","","",""
"2024-05-28","015103","202000036858","0.7322","0.7322","","",""
"2024-05-29","015103","202000036858","0.7324","0.7324","","",""
"2024-05-30","015103","202000036858","0.7266","0.7266","","",""
"2024-05-31","015103","202000036858","0.7240","0.7240","","",""
"2024-06-03","015103","202000036858","0.7221","0.7221","","",""
"2024-06-04","015103","202000036858","0.7285","0.7285","","",""
"2024-06-05","015103","202000036858","0.7201","0.7201","","",""
"2024-06-06","015103","202000036858","0.7236","0.7236","","",""
"2024-06-07","015103","202000036858","0.7223","0.7223","","",""
"2024-06-11","015103","202000036858","0.7151","0.7151","","",""
"2024-06-12","015103","202000036858","0.7162","0.7162","","",""
"2024-06-13","015103","202000036858","0.7127","0.7127","","",""
"2024-06-14","015103","202000036858","0.7116","0.7116","","",""
"2024-06-17","015103","202000036858","0.7091","0.7091","","",""
"2024-06-18","015103","202000036858","0.7126","0.7126","","",""
"2024-06-19","015103","202000036858","0.7094","0.7094","","",""
"2024-06-20","015103","202000036858","0.7037","0.7037","","",""
"2024-06-21","015103","202000036858","0.7017","0.7017","","",""
"2024-06-24","015103","202000036858","0.6932","0.6932","","",""
"2024-06-25","015103","202000036858","0.6917","0.6917","","",""
"2024-06-26","015103","202000036858","0.6942","0.6942","","",""
"2024-06-27","015103","202000036858","0.6842","0.6842","","",""
"2024-06-28","015103","202000036858","0.6909","0.6909","","",""
"2024-06-30","015103","202000036858","0.6909","0.6909","","",""
"2024-07-01","015103","202000036858","0.6965","0.6965","","",""
"2024-07-02","015103","202000036858","0.6909","0.6909","","",""
"2024-07-03","015103","202000036858","0.6852","0.6852","","",""
"2024-07-04","015103","202000036858","0.6823","0.6823","","",""
"2024-07-05","015103","202000036858","0.6868","0.6868","","",""
"2024-07-08","015103","202000036858","0.6790","0.6790","","",""
"2024-07-09","015103","202000036858","0.6873","0.6873","","",""
"2024-07-10","015103","202000036858","0.6780","0.6780","","",""
"2024-07-11","015103","202000036858","0.6870","0.6870","","",""
"2024-07-12","015103","202000036858","0.6812","0.6812","","",""
"2024-07-15","015103","202000036858","0.6813","0.6813","","",""
"2024-07-16","015103","202000036858","0.6810","0.6810","","",""
"2024-07-17","015103","202000036858","0.6723","0.6723","","",""
"2024-07-18","015103","202000036858","0.6789","0.6789","","",""
"2024-07-19","015103","202000036858","0.6738","0.6738","","",""
"2024-07-22","015103","202000036858","0.6706","0.6706","","",""
"2024-07-23","015103","202000036858","0.6504","0.6504","","",""
"2024-07-24","015103","202000036858","0.6448","0.6448","","",""
"2024-07-25","015103","202000036858","0.6364","0.6364","","",""
"2024-07-26","015103","202000036858","0.6442","0.6442","","",""
"2024-07-29","015103","202000036858","0.6422","0.6422","","",""
"2024-07-30","015103","202000036858","0.6392","0.6392","","",""
"2024-07-31","015103","202000036858","0.6589","0.6589","","",""
"2024-08-01","015103","202000036858","0.6547","0.6547","","",""
"2024-08-02","015103","202000036858","0.6456","0.6456","","",""
"2024-08-05","015103","202000036858","0.6384","0.6384","","",""
"2024-08-06","015103","202000036858","0.6417","0.6417","","",""
"2024-08-07","015103","202000036858","0.6447","0.6447","","",""
"2024-08-08","015103","202000036858","0.6435","0.6435","","",""
"2024-08-09","015103","202000036858","0.6423","0.6423","","",""
"2024-08-12","015103","202000036858","0.6417","0.6417","","",""
"2024-08-13","015103","202000036858","0.6425","0.6425","","",""
"2024-08-14","015103","202000036858","0.6348","0.6348","","",""
"2024-08-15","015103","202000036858","0.6390","0.6390","","",""
"2024-08-16","015103","202000036858","0.6441","0.6441","","",""
"2024-08-19","015103","202000036858","0.6518","0.6518","","",""
"2024-08-20","015103","202000036858","0.6466","0.6466","","",""
"2024-08-21","015103","202000036858","0.6468","0.6468","","",""
"2024-08-22","015103","202000036858","0.6464","0.6464","","",""
"2024-08-23","015103","202000036858","0.6454","0.6454","","",""
"2024-08-26","015103","202000036858","0.6457","0.6457","","",""
"2024-08-27","015103","202000036858","0.6413","0.6413","","",""
"2024-08-28","015103","202000036858","0.6410","0.6410","","",""
"2024-08-29","015103","202000036858","0.6463","0.6463","","",""
"2024-08-30","015103","202000036858","0.6534","0.6534","","",""
"2024-09-02","015103","202000036858","0.6456","0.6456","","",""
"2024-09-03","015103","202000036858","0.6484","0.6484","","",""
"2024-09-04","015103","202000036858","0.6467","0.6467","","",""
"2024-09-05","015103","202000036858","0.6456","0.6456","","",""
"2024-09-06","015103","202000036858","0.6418","0.6418","","",""
"2024-09-09","015103","202000036858","0.6326","0.6326","","",""
"2024-09-10","015103","202000036858","0.6304","0.6304","","",""
"2024-09-11","015103","202000036858","0.6311","0.6311","","",""
"2024-09-12","015103","202000036858","0.6304","0.6304","","",""
"2024-09-13","015103","202000036858","0.6286","0.6286","","",""
"2024-09-18","015103","202000036858","0.6345","0.6345","","",""
"2024-09-19","015103","202000036858","0.6430","0.6430","","",""
"2024-09-20","015103","202000036858","0.6456","0.6456","","",""
"2024-09-23","015103","202000036858","0.6450","0.6450","","",""
"2024-09-24","015103","202000036858","0.6680","0.6680","","",""
"2024-09-25","015103","202000036858","0.6722","0.6722","","",""
"2024-09-26","015103","202000036858","0.6980","0.6980","","",""
"2024-09-27","015103","202000036858","0.7268","0.7268","","",""
"2024-09-30","015103","202000036858","0.7791","0.7791","","",""
"2024-10-08","015103","202000036858","0.8027","0.8027","","",""
"2024-10-09","015103","202000036858","0.7566","0.7566","","",""
"2024-10-10","015103","202000036858","0.7681","0.7681","","",""
"2024-10-11","015103","202000036858","0.7542","0.7542","","",""
"2024-10-14","015103","202000036858","0.7701","0.7701","","",""
"2024-10-15","015103","202000036858","0.7475","0.7475","","",""
"2024-10-16","015103","202000036858","0.7475","0.7475","","",""
"2024-10-17","015103","202000036858","0.7363","0.7363","","",""
"2024-10-18","015103","202000036858","0.7604","0.7604","","",""
"2024-10-21","015103","202000036858","0.7638","0.7638","","",""
"2024-10-22","015103","202000036858","0.7715","0.7715","","",""
"2024-10-23","015103","202000036858","0.7741","0.7741","","",""
"2024-10-24","015103","202000036858","0.7654","0.7654","","",""
"2024-10-25","015103","202000036858","0.7656","0.7656","","",""
"2024-10-28","015103","202000036858","0.7693","0.7693","","",""
"2024-10-29","015103","202000036858","0.7733","0.7733","","",""
"2024-10-30","015103","202000036858","0.7679","0.7679","","",""
"2024-10-31","015103","202000036858","0.7635","0.7635","","",""
"2024-11-01","015103","202000036858","0.7648","0.7648","","",""
"2024-11-04","015103","202000036858","0.7758","0.7758","","",""
"2024-11-05","015103","202000036858","0.7909","0.7909","","",""
"2024-11-06","015103","202000036858","0.7819","0.7819","","",""
"2024-11-07","015103","202000036858","0.7996","0.7996","","",""
"2024-11-08","015103","202000036858","0.7946","0.7946","","",""
"2024-11-11","015103","202000036858","0.7907","0.7907","","",""
"2024-11-12","015103","202000036858","0.7793","0.7793","","",""
"2024-11-13","015103","202000036858","0.7829","0.7829","","",""
"2024-11-14","015103","202000036858","0.7677","0.7677","","",""
"2024-11-15","015103","202000036858","0.7602","0.7602","","",""
"2024-11-18","015103","202000036858","0.7572","0.7572","","",""
"2024-11-19","015103","202000036858","0.7670","0.7670","","",""
"2024-11-20","015103","202000036858","0.7689","0.7689","","",""
"2024-11-21","015103","202000036858","0.7669","0.7669","","",""
"2024-11-22","015103","202000036858","0.7431","0.7431","","",""
"2024-11-25","015103","202000036858","0.7450","0.7450","","",""
"2024-11-26","015103","202000036858","0.7412","0.7412","","",""
"2024-11-27","015103","202000036858","0.7558","0.7558","","",""
"2024-11-28","015103","202000036858","0.7448","0.7448","","",""
"2024-11-29","015103","202000036858","0.7590","0.7590","","",""
"2024-12-02","015103","202000036858","0.7707","0.7707","","",""
"2024-12-03","015103","202000036858","0.7743","0.7743","","",""
"2024-12-04","015103","202000036858","0.7730","0.7730","","",""
"2024-12-05","015103","202000036858","0.7666","0.7666","","",""
"2024-12-06","015103","202000036858","0.7773","0.7773","","",""
"2024-12-09","015103","202000036858","0.7815","0.7815","","",""
"2024-12-10","015103","202000036858","0.7879","0.7879","","",""
"2024-12-11","015103","202000036858","0.7894","0.7894","","",""
"2024-12-12","015103","202000036858","0.8007","0.8007","","",""
"2024-12-13","015103","202000036858","0.7879","0.7879","","",""
"2024-12-16","015103","202000036858","0.7852","0.7852","","",""
"2024-12-17","015103","202000036858","0.7734","0.7734","","",""
"2024-12-18","015103","202000036858","0.7758","0.7758","","",""
"2024-12-19","015103","202000036858","0.7728","0.7728","","",""
"2024-12-20","015103","202000036858","0.7711","0.7711","","",""
"2024-12-23","015103","202000036858","0.7709","0.7709","","",""
"2024-12-24","015103","202000036858","0.7805","0.7805","","",""
"2024-12-25","015103","202000036858","0.7779","0.7779","","",""
"2024-12-26","015103","202000036858","0.7781","0.7781","","",""
"2024-12-27","015103","202000036858","0.7781","0.7781","","",""
"2024-12-30","015103","202000036858","0.7795","0.7795","","",""
"2024-12-31","015103","202000036858","0.7758","0.7758","","",""
"2025-01-02","015103","202000036858","0.7680","0.7680","","",""
"2025-01-03","015103","202000036858","0.7672","0.7672","","",""
"2025-01-06","015103","202000036858","0.7630","0.7630","","",""
"2025-01-07","015103","202000036858","0.7593","0.7593","","",""
"2025-01-08","015103","202000036858","0.7570","0.7570","","",""
"2025-01-09","015103","202000036858","0.7592","0.7592","","",""
"2025-01-10","015103","202000036858","0.7501","0.7501","","",""
"2025-01-13","015103","202000036858","0.7460","0.7460","","",""
"2025-01-14","015103","202000036858","0.7671","0.7671","","",""
"2025-01-15","015103","202000036858","0.7672","0.7672","","",""
"2025-01-16","015103","202000036858","0.7721","0.7721","","",""
"2025-01-17","015103","202000036858","0.7800","0.7800","","",""
"2025-01-20","015103","202000036858","0.7895","0.7895","","",""
"2025-01-21","015103","202000036858","0.8005","0.8005","","",""
"2025-01-22","015103","202000036858","0.7925","0.7925","","",""
"2025-01-23","015103","202000036858","0.7909","0.7909","","",""
"2025-01-24","015103","202000036858","0.7985","0.7985","","",""
"2025-01-27","015103","202000036858","0.7958","0.7958","","",""
"2025-02-05","015103","202000036858","0.7953","0.7953","","",""
"2025-02-06","015103","202000036858","0.8054","0.8054","","",""
"2025-02-07","015103","202000036858","0.8150","0.8150","","",""
"2025-02-10","015103","202000036858","0.8254","0.8254","","",""
"2025-02-11","015103","202000036858","0.8156","0.8156","","",""
"2025-02-12","015103","202000036858","0.8260","0.8260","","",""
"2025-02-13","015103","202000036858","0.8182","0.8182","","",""
"2025-02-14","015103","202000036858","0.8347","0.8347","","",""
"2025-02-17","015103","202000036858","0.8391","0.8391","","",""
"2025-02-18","015103","202000036858","0.8352","0.8352","","",""
"2025-02-19","015103","202000036858","0.8455","0.8455","","",""
"2025-02-20","015103","202000036858","0.8403","0.8403","","",""
"2025-02-21","015103","202000036858","0.8618","0.8618","","",""
"2025-02-24","015103","202000036858","0.8550","0.8550","","",""
"2025-02-25","015103","202000036858","0.8460","0.8460","","",""
"2025-02-26","015103","202000036858","0.8624","0.8624","","",""
"2025-02-27","015103","202000036858","0.8532","0.8532","","",""
"2025-02-28","015103","202000036858","0.8239","0.8239","","",""
"2025-03-03","015103","202000036858","0.8206","0.8206","","",""
"2025-03-04","015103","202000036858","0.8197","0.8197","","",""
"2025-03-05","015103","202000036858","0.8408","0.8408","","",""
"2025-03-06","015103","202000036858","0.8640","0.8640","","",""
"2025-03-07","015103","202000036858","0.8554","0.8554","","",""
"2025-03-10","015103","202000036858","0.8441","0.8441","","",""
"2025-03-11","015103","202000036858","0.8450","0.8450","","",""
"2025-03-12","015103","202000036858","0.8425","0.8425","","",""
"2025-03-13","015103","202000036858","0.8321","0.8321","","",""
"2025-03-14","015103","202000036858","0.8527","0.8527","","",""
"2025-03-17","015103","202000036858","0.8526","0.8526","","",""
"2025-03-18","015103","202000036858","0.8663","0.8663","","",""
"2025-03-19","015103","202000036858","0.8621","0.8621","","",""
"2025-03-20","015103","202000036858","0.8476","0.8476","","",""
"2025-03-21","015103","202000036858","0.8252","0.8252","","",""
"2025-03-24","015103","202000036858","0.8346","0.8346","","",""
"2025-03-25","015103","202000036858","0.8187","0.8187","","",""
"2025-03-26","015103","202000036858","0.8243","0.8243","","",""
"2025-03-27","015103","202000036858","0.8308","0.8308","","",""
"2025-03-28","015103","202000036858","0.8198","0.8198","","",""
"2025-03-31","015103","202000036858","0.8045","0.8045","","",""
"2025-04-01","015103","202000036858","0.8061","0.8061","","",""
"2024-04-02","015780","202000039650","0.9795","0.9795","","",""
"2024-04-03","015780","202000039650","0.9767","0.9767","","",""
"2024-04-08","015780","202000039650","0.9677","0.9677","","",""
"2024-04-09","015780","202000039650","0.9770","0.9770","","",""
"2024-04-10","015780","202000039650","0.9765","0.9765","","",""
"2024-04-11","015780","202000039650","0.9834","0.9834","","",""
"2024-04-12","015780","202000039650","0.9736","0.9736","","",""
"2024-04-15","015780","202000039650","0.9772","0.9772","","",""
"2024-04-16","015780","202000039650","0.9592","0.9592","","",""
"2024-04-17","015780","202000039650","0.9759","0.9759","","",""
"2024-04-18","015780","202000039650","0.9816","0.9816","","",""
"2024-04-19","015780","202000039650","0.9802","0.9802","","",""
"2024-04-22","015780","202000039650","0.9853","0.9853","","",""
"2024-04-23","015780","202000039650","0.9809","0.9809","","",""
"2024-04-24","015780","202000039650","0.9905","0.9905","","",""
"2024-04-25","015780","202000039650","0.9964","0.9964","","",""
"2024-04-26","015780","202000039650","1.0105","1.0105","","",""
"2024-04-29","015780","202000039650","1.0137","1.0137","","",""
"2024-04-30","015780","202000039650","1.0225","1.0225","","",""
"2024-05-06","015780","202000039650","1.0391","1.0391","","",""
"2024-05-07","015780","202000039650","1.0362","1.0362","","",""
"2024-05-08","015780","202000039650","1.0273","1.0273","","",""
"2024-05-09","015780","202000039650","1.0402","1.0402","","",""
"2024-05-10","015780","202000039650","1.0501","1.0501","","",""
"2024-05-13","015780","202000039650","1.0479","1.0479","","",""
"2024-05-14","015780","202000039650","1.0512","1.0512","","",""
"2024-05-15","015780","202000039650","1.0463","1.0463","","",""
"2024-05-16","015780","202000039650","1.0478","1.0478","","",""
"2024-05-17","015780","202000039650","1.0518","1.0518","","",""
"2024-05-20","015780","202000039650","1.0534","1.0534","","",""
"2024-05-21","015780","202000039650","1.0463","1.0463","","",""
"2024-05-22","015780","202000039650","1.0454","1.0454","","",""
"2024-05-23","015780","202000039650","1.0347","1.0347","","",""
"2024-05-24","015780","202000039650","1.0302","1.0302","","",""
"2024-05-27","015780","202000039650","1.0408","1.0408","","",""
"2024-05-28","015780","202000039650","1.0313","1.0313","","",""
"2024-05-29","015780","202000039650","1.0258","1.0258","","",""
"2024-05-30","015780","202000039650","1.0216","1.0216","","",""
"2024-05-31","015780","202000039650","1.0190","1.0190","","",""
"2024-06-03","015780","202000039650","1.0198","1.0198","","",""
"2024-06-04","015780","202000039650","1.0238","1.0238","","",""
"2024-06-05","015780","202000039650","1.0134","1.0134","","",""
"2024-06-06","015780","202000039650","1.0139","1.0139","","",""
"2024-06-07","015780","202000039650","1.0142","1.0142","","",""
"2024-06-11","015780","202000039650","1.0121","1.0121","","",""
"2024-06-12","015780","202000039650","1.0128","1.0128","","",""
"2024-06-13","015780","202000039650","1.0157","1.0157","","",""
"2024-06-14","015780","202000039650","1.0135","1.0135","","",""
"2024-06-17","015780","202000039650","1.0126","1.0126","","",""
"2024-06-18","015780","202000039650","1.0161","1.0161","","",""
"2024-06-19","015780","202000039650","1.0177","1.0177","","",""
"2024-06-20","015780","202000039650","1.0105","1.0105","","",""
"2024-06-21","015780","202000039650","1.0083","1.0083","","",""
"2024-06-24","015780","202000039650","0.9939","0.9939","","",""
"2024-06-25","015780","202000039650","0.9967","0.9967","","",""
"2024-06-26","015780","202000039650","1.0049","1.0049","","",""
"2024-06-27","015780","202000039650","0.9943","0.9943","","",""
"2024-06-28","015780","202000039650","1.0015","1.0015","","",""
"2024-06-30","015780","202000039650","1.0014","1.0014","","",""
"2024-07-01","015780","202000039650","1.0049","1.0049","","",""
"2024-07-02","015780","202000039650","1.0005","1.0005","","",""
"2024-07-03","015780","202000039650","0.9998","0.9998","","",""
"2024-07-04","015780","202000039650","0.9946","0.9946","","",""
"2024-07-05","015780","202000039650","0.9952","0.9952","","",""
"2024-07-08","015780","202000039650","0.9887","0.9887","","",""
"2024-07-09","015780","202000039650","0.9991","0.9991","","",""
"2024-07-10","015780","202000039650","0.9966","0.9966","","",""
"2024-07-11","015780","202000039650","1.0169","1.0169","","",""
"2024-07-12","015780","202000039650","1.0199","1.0199","","",""
"2024-07-15","015780","202000039650","1.0107","1.0107","","",""
"2024-07-16","015780","202000039650","1.0075","1.0075","","",""
"2024-07-17","015780","202000039650","1.0005","1.0005","","",""
"2024-07-18","015780","202000039650","1.0078","1.0078","","",""
"2024-07-19","015780","202000039650","1.0013","1.0013","","",""
"2024-07-22","015780","202000039650","1.0022","1.0022","","",""
"2024-07-23","015780","202000039650","0.9900","0.9900","","",""
"2024-07-24","015780","202000039650","0.9800","0.9800","","",""
"2024-07-25","015780","202000039650","0.9713","0.9713","","",""
"2024-07-26","015780","202000039650","0.9743","0.9743","","",""
"2024-07-29","015780","202000039650","0.9693","0.9693","","",""
"2024-07-30","015780","202000039650","0.9612","0.9612","","",""
"2024-07-31","015780","202000039650","0.9811","0.9811","","",""
"2024-08-01","015780","202000039650","0.9797","0.9797","","",""
"2024-08-02","015780","202000039650","0.9691","0.9691","","",""
"2024-08-05","015780","202000039650","0.9585","0.9585","","",""
"2024-08-06","015780","202000039650","0.9639","0.9639","","",""
"2024-08-07","015780","202000039650","0.9674","0.9674","","",""
"2024-08-08","015780","202000039650","0.9717","0.9717","","",""
"2024-08-09","015780","202000039650","0.9676","0.9676","","",""
"2024-08-12","015780","202000039650","0.9620","0.9620","","",""
"2024-08-13","015780","202000039650","0.9697","0.9697","","",""
"2024-08-14","015780","202000039650","0.9611","0.9611","","",""
"2024-08-15","015780","202000039650","0.9638","0.9638","","",""
"2024-08-16","015780","202000039650","0.9645","0.9645","","",""
"2024-08-19","015780","202000039650","0.9658","0.9658","","",""
"2024-08-20","015780","202000039650","0.9556","0.9556","","",""
"2024-08-21","015780","202000039650","0.9547","0.9547","","",""
"2024-08-22","015780","202000039650","0.9517","0.9517","","",""
"2024-08-23","015780","202000039650","0.9594","0.9594","","",""
"2024-08-26","015780","202000039650","0.9647","0.9647","","",""
"2024-08-27","015780","202000039650","0.9675","0.9675","","",""
"2024-08-28","015780","202000039650","0.9650","0.9650","","",""
"2024-08-29","015780","202000039650","0.9697","0.9697","","",""
"2024-08-30","015780","202000039650","0.9790","0.9790","","",""
"2024-09-02","015780","202000039650","0.9666","0.9666","","",""
"2024-09-03","015780","202000039650","0.9738","0.9738","","",""
"2024-09-04","015780","202000039650","0.9670","0.9670","","",""
"2024-09-05","015780","202000039650","0.9716","0.9716","","",""
"2024-09-06","015780","202000039650","0.9673","0.9673","","",""
"2024-09-09","015780","202000039650","0.9585","0.9585","","",""
"2024-09-10","015780","202000039650","0.9587","0.9587","","",""
"2024-09-11","015780","202000039650","0.9616","0.9616","","",""
"2024-09-12","015780","202000039650","0.9599","0.9599","","",""
"2024-09-13","015780","202000039650","0.9587","0.9587","","",""
"2024-09-18","015780","202000039650","0.9640","0.9640","","",""
"2024-09-19","015780","202000039650","0.9742","0.9742","","",""
"2024-09-20","015780","202000039650","0.9730","0.9730","","",""
"2024-09-23","015780","202000039650","0.9726","0.9726","","",""
"2024-09-24","015780","202000039650","0.9985","0.9985","","",""
"2024-09-25","015780","202000039650","0.9989","0.9989","","",""
"2024-09-26","015780","202000039650","1.0191","1.0191","","",""
"2024-09-27","015780","202000039650","1.0445","1.0445","","",""
"2024-09-30","015780","202000039650","1.0922","1.0922","","",""
"2024-10-08","015780","202000039650","1.1260","1.1260","","",""
"2024-10-09","015780","202000039650","1.0826","1.0826","","",""
"2024-10-10","015780","202000039650","1.0981","1.0981","","",""
"2024-10-11","015780","202000039650","1.0866","1.0866","","",""
"2024-10-14","015780","202000039650","1.0905","1.0905","","",""
"2024-10-15","015780","202000039650","1.0700","1.0700","","",""
"2024-10-16","015780","202000039650","1.0735","1.0735","","",""
"2024-10-17","015780","202000039650","1.0622","1.0622","","",""
"2024-10-18","015780","202000039650","1.0884","1.0884","","",""
"2024-10-21","015780","202000039650","1.0829","1.0829","","",""
"2024-10-22","015780","202000039650","1.0830","1.0830","","",""
"2024-10-23","015780","202000039650","1.0884","1.0884","","",""
"2024-10-24","015780","202000039650","1.0833","1.0833","","",""
"2024-10-25","015780","202000039650","1.0876","1.0876","","",""
"2024-10-28","015780","202000039650","1.0934","1.0934","","",""
"2024-10-29","015780","202000039650","1.0815","1.0815","","",""
"2024-10-30","015780","202000039650","1.0740","1.0740","","",""
"2024-10-31","015780","202000039650","1.0730","1.0730","","",""
"2024-11-01","015780","202000039650","1.0744","1.0744","","",""
"2024-11-04","015780","202000039650","1.0797","1.0797","","",""
"2024-11-05","015780","202000039650","1.0891","1.0891","","",""
"2024-11-06","015780","202000039650","1.0821","1.0821","","",""
"2024-11-07","015780","202000039650","1.0979","1.0979","","",""
"2024-11-08","015780","202000039650","1.0865","1.0865","","",""
"2024-11-11","015780","202000039650","1.0948","1.0948","","",""
"2024-11-12","015780","202000039650","1.0767","1.0767","","",""
"2024-11-13","015780","202000039650","1.0840","1.0840","","",""
"2024-11-14","015780","202000039650","1.0669","1.0669","","",""
"2024-11-15","015780","202000039650","1.0626","1.0626","","",""
"2024-11-18","015780","202000039650","1.0578","1.0578","","",""
"2024-11-19","015780","202000039650","1.0651","1.0651","","",""
"2024-11-20","015780","202000039650","1.0661","1.0661","","",""
"2024-11-21","015780","202000039650","1.0655","1.0655","","",""
"2024-11-22","015780","202000039650","1.0402","1.0402","","",""
"2024-11-25","015780","202000039650","1.0396","1.0396","","",""
"2024-11-26","015780","202000039650","1.0383","1.0383","","",""
"2024-11-27","015780","202000039650","1.0511","1.0511","","",""
"2024-11-28","015780","202000039650","1.0415","1.0415","","",""
"2024-11-29","015780","202000039650","1.0494","1.0494","","",""
"2024-12-02","015780","202000039650","1.0549","1.0549","","",""
"2024-12-03","015780","202000039650","1.0606","1.0606","","",""
"2024-12-04","015780","202000039650","1.0565","1.0565","","",""
"2024-12-05","015780","202000039650","1.0555","1.0555","","",""
"2024-12-06","015780","202000039650","1.0632","1.0632","","",""
"2024-12-09","015780","202000039650","1.0711","1.0711","","",""
"2024-12-10","015780","202000039650","1.0691","1.0691","","",""
"2024-12-11","015780","202000039650","1.0727","1.0727","","",""
"2024-12-12","015780","202000039650","1.0821","1.0821","","",""
"2024-12-13","015780","202000039650","1.0667","1.0667","","",""
"2024-12-16","015780","202000039650","1.0679","1.0679","","",""
"2024-12-17","015780","202000039650","1.0719","1.0719","","",""
"2024-12-18","015780","202000039650","1.0783","1.0783","","",""
"2024-12-19","015780","202000039650","1.0802","1.0802","","",""
"2024-12-20","015780","202000039650","1.0767","1.0767","","",""
"2024-12-23","015780","202000039650","1.0773","1.0773","","",""
"2024-12-24","015780","202000039650","1.0879","1.0879","","",""
"2024-12-25","015780","202000039650","1.0855","1.0855","","",""
"2024-12-26","015780","202000039650","1.0869","1.0869","","",""
"2024-12-27","015780","202000039650","1.0938","1.0938","","",""
"2024-12-30","015780","202000039650","1.0929","1.0929","","",""
"2024-12-31","015780","202000039650","1.0914","1.0914","","",""
"2025-01-02","015780","202000039650","1.0728","1.0728","","",""
"2025-01-03","015780","202000039650","1.0642","1.0642","","",""
"2025-01-06","015780","202000039650","1.0668","1.0668","","",""
"2025-01-07","015780","202000039650","1.0669","1.0669","","",""
"2025-01-08","015780","202000039650","1.0671","1.0671","","",""
"2025-01-09","015780","202000039650","1.0673","1.0673","","",""
"2025-01-10","015780","202000039650","1.0548","1.0548","","",""
"2025-01-13","015780","202000039650","1.0499","1.0499","","",""
"2025-01-14","015780","202000039650","1.0678","1.0678","","",""
"2025-01-15","015780","202000039650","1.0690","1.0690","","",""
"2025-01-16","015780","202000039650","1.0733","1.0733","","",""
"2025-01-17","015780","202000039650","1.0837","1.0837","","",""
"2025-01-20","015780","202000039650","1.0892","1.0892","","",""
"2025-01-21","015780","202000039650","1.0880","1.0880","","",""
"2025-01-22","015780","202000039650","1.0789","1.0789","","",""
"2025-01-23","015780","202000039650","1.0738","1.0738","","",""
"2025-01-24","015780","202000039650","1.0861","1.0861","","",""
"2025-01-27","015780","202000039650","1.0878","1.0878","","",""
"2025-02-05","015780","202000039650","1.0879","1.0879","","",""
"2025-02-06","015780","202000039650","1.0967","1.0967","","",""
"2025-02-07","015780","202000039650","1.1089","1.1089","","",""
"2025-02-10","015780","202000039650","1.1190","1.1190","","",""
"2025-02-11","015780","202000039650","1.1169","1.1169","","",""
"2025-02-12","015780","202000039650","1.1284","1.1284","","",""
"2025-02-13","015780","202000039650","1.1266","1.1266","","",""
"2025-02-14","015780","202000039650","1.1455","1.1455","","",""
"2025-02-17","015780","202000039650","1.1494","1.1494","","",""
"2025-02-18","015780","202000039650","1.1502","1.1502","","",""
"2025-02-19","015780","202000039650","1.1572","1.1572","","",""
"2025-02-20","015780","202000039650","1.1650","1.1650","","",""
"2025-02-21","015780","202000039650","1.2008","1.2008","","",""
"2025-02-24","015780","202000039650","1.1924","1.1924","","",""
"2025-02-25","015780","202000039650","1.1754","1.1754","","",""
"2025-02-26","015780","202000039650","1.1877","1.1877","","",""
"2025-02-27","015780","202000039650","1.1838","1.1838","","",""
"2025-02-28","015780","202000039650","1.1690","1.1690","","",""
"2025-03-03","015780","202000039650","1.1703","1.1703","","",""
"2025-03-04","015780","202000039650","1.1725","1.1725","","",""
"2025-03-05","015780","202000039650","1.1842","1.1842","","",""
"2025-03-06","015780","202000039650","1.1987","1.1987","","",""
"2025-03-07","015780","202000039650","1.2025","1.2025","","",""
"2025-03-10","015780","202000039650","1.1964","1.1964","","",""
"2025-03-11","015780","202000039650","1.1985","1.1985","","",""
"2025-03-12","015780","202000039650","1.1907","1.1907","","",""
"2025-03-13","015780","202000039650","1.1888","1.1888","","",""
"2025-03-14","015780","202000039650","1.2041","1.2041","","",""
"2025-03-17","015780","202000039650","1.2082","1.2082","","",""
"2025-03-18","015780","202000039650","1.2267","1.2267","","",""
"2025-03-19","015780","202000039650","1.2209","1.2209","","",""
"2025-03-20","015780","202000039650","1.2043","1.2043","","",""
"2025-03-21","015780","202000039650","1.1975","1.1975","","",""
"2025-03-24","015780","202000039650","1.1969","1.1969","","",""
"2025-03-25","015780","202000039650","1.1864","1.1864","","",""
"2025-03-26","015780","202000039650","1.1919","1.1919","","",""
"2025-03-27","015780","202000039650","1.1963","1.1963","","",""
"2025-03-28","015780","202000039650","1.1934","1.1934","","",""
"2025-03-31","015780","202000039650","1.1879","1.1879","","",""
"2025-04-01","015780","202000039650","1.1972","1.1972","","",""
"2024-04-02","015781","202000039651","0.9692","0.9692","","",""
"2024-04-03","015781","202000039651","0.9663","0.9663","","",""
"2024-04-08","015781","202000039651","0.9573","0.9573","","",""
"2024-04-09","015781","202000039651","0.9666","0.9666","","",""
"2024-04-10","015781","202000039651","0.9660","0.9660","","",""
"2024-04-11","015781","202000039651","0.9728","0.9728","","",""
"2024-04-12","015781","202000039651","0.9631","0.9631","","",""
"2024-04-15","015781","202000039651","0.9666","0.9666","","",""
"2024-04-16","015781","202000039651","0.9488","0.9488","","",""
"2024-04-17","015781","202000039651","0.9653","0.9653","","",""
"2024-04-18","015781","202000039651","0.9710","0.9710","","",""
"2024-04-19","015781","202000039651","0.9695","0.9695","","",""
"2024-04-22","015781","202000039651","0.9745","0.9745","","",""
"2024-04-23","015781","202000039651","0.9702","0.9702","","",""
"2024-04-24","015781","202000039651","0.9796","0.9796","","",""
"2024-04-25","015781","202000039651","0.9855","0.9855","","",""
"2024-04-26","015781","202000039651","0.9994","0.9994","","",""
"2024-04-29","015781","202000039651","1.0025","1.0025","","",""
"2024-04-30","015781","202000039651","1.0111","1.0111","","",""
"2024-05-06","015781","202000039651","1.0275","1.0275","","",""
"2024-05-07","015781","202000039651","1.0246","1.0246","","",""
"2024-05-08","015781","202000039651","1.0158","1.0158","","",""
"2024-05-09","015781","202000039651","1.0285","1.0285","","",""
"2024-05-10","015781","202000039651","1.0383","1.0383","","",""
"2024-05-13","015781","202000039651","1.0361","1.0361","","",""
"2024-05-14","015781","202000039651","1.0393","1.0393","","",""
"2024-05-15","015781","202000039651","1.0345","1.0345","","",""
"2024-05-16","015781","202000039651","1.0360","1.0360","","",""
"2024-05-17","015781","202000039651","1.0399","1.0399","","",""
"2024-05-20","015781","202000039651","1.0414","1.0414","","",""
"2024-05-21","015781","202000039651","1.0343","1.0343","","",""
"2024-05-22","015781","202000039651","1.0335","1.0335","","",""
"2024-05-23","015781","202000039651","1.0229","1.0229","","",""
"2024-05-24","015781","202000039651","1.0184","1.0184","","",""
"2024-05-27","015781","202000039651","1.0288","1.0288","","",""
"2024-05-28","015781","202000039651","1.0194","1.0194","","",""
"2024-05-29","015781","202000039651","1.0140","1.0140","","",""
"2024-05-30","015781","202000039651","1.0098","1.0098","","",""
"2024-05-31","015781","202000039651","1.0072","1.0072","","",""
"2024-06-03","015781","202000039651","1.0080","1.0080","","",""
"2024-06-04","015781","202000039651","1.0119","1.0119","","",""
"2024-06-05","015781","202000039651","1.0016","1.0016","","",""
"2024-06-06","015781","202000039651","1.0021","1.0021","","",""
"2024-06-07","015781","202000039651","1.0023","1.0023","","",""
"2024-06-11","015781","202000039651","1.0002","1.0002","","",""
"2024-06-12","015781","202000039651","1.0009","1.0009","","",""
"2024-06-13","015781","202000039651","1.0038","1.0038","","",""
"2024-06-14","015781","202000039651","1.0015","1.0015","","",""
"2024-06-17","015781","202000039651","1.0006","1.0006","","",""
"2024-06-18","015781","202000039651","1.0040","1.0040","","",""
"2024-06-19","015781","202000039651","1.0057","1.0057","","",""
"2024-06-20","015781","202000039651","0.9985","0.9985","","",""
"2024-06-21","015781","202000039651","0.9963","0.9963","","",""
"2024-06-24","015781","202000039651","0.9820","0.9820","","",""
"2024-06-25","015781","202000039651","0.9848","0.9848","","",""
"2024-06-26","015781","202000039651","0.9928","0.9928","","",""
"2024-06-27","015781","202000039651","0.9824","0.9824","","",""
"2024-06-28","015781","202000039651","0.9894","0.9894","","",""
"2024-06-30","015781","202000039651","0.9893","0.9893","","",""
"2024-07-01","015781","202000039651","0.9927","0.9927","","",""
"2024-07-02","015781","202000039651","0.9884","0.9884","","",""
"2024-07-03","015781","202000039651","0.9877","0.9877","","",""
"2024-07-04","015781","202000039651","0.9825","0.9825","","",""
"2024-07-05","015781","202000039651","0.9832","0.9832","","",""
"2024-07-08","015781","202000039651","0.9767","0.9767","","",""
"2024-07-09","015781","202000039651","0.9869","0.9869","","",""
"2024-07-10","015781","202000039651","0.9844","0.9844","","",""
"2024-07-11","015781","202000039651","1.0045","1.0045","","",""
"2024-07-12","015781","202000039651","1.0074","1.0074","","",""
"2024-07-15","015781","202000039651","0.9983","0.9983","","",""
"2024-07-16","015781","202000039651","0.9950","0.9950","","",""
"2024-07-17","015781","202000039651","0.9881","0.9881","","",""
"2024-07-18","015781","202000039651","0.9954","0.9954","","",""
"2024-07-19","015781","202000039651","0.9890","0.9890","","",""
"2024-07-22","015781","202000039651","0.9897","0.9897","","",""
"2024-07-23","015781","202000039651","0.9777","0.9777","","",""
"2024-07-24","015781","202000039651","0.9678","0.9678","","",""
"2024-07-25","015781","202000039651","0.9592","0.9592","","",""
"2024-07-26","015781","202000039651","0.9622","0.9622","","",""
"2024-07-29","015781","202000039651","0.9572","0.9572","","",""
"2024-07-30","015781","202000039651","0.9492","0.9492","","",""
"2024-07-31","015781","202000039651","0.9687","0.9687","","",""
"2024-08-01","015781","202000039651","0.9674","0.9674","","",""
"2024-08-02","015781","202000039651","0.9569","0.9569","","",""
"2024-08-05","015781","202000039651","0.9464","0.9464","","",""
"2024-08-06","015781","202000039651","0.9517","0.9517","","",""
"2024-08-07","015781","202000039651","0.9551","0.9551","","",""
"2024-08-08","015781","202000039651","0.9594","0.9594","","",""
"2024-08-09","015781","202000039651","0.9553","0.9553","","",""
"2024-08-12","015781","202000039651","0.9497","0.9497","","",""
"2024-08-13","015781","202000039651","0.9574","0.9574","","",""
"2024-08-14","015781","202000039651","0.9488","0.9488","","",""
"2024-08-15","015781","202000039651","0.9515","0.9515","","",""
"2024-08-16","015781","202000039651","0.9521","0.9521","","",""
"2024-08-19","015781","202000039651","0.9534","0.9534","","",""
"2024-08-20","015781","202000039651","0.9432","0.9432","","",""
"2024-08-21","015781","202000039651","0.9424","0.9424","","",""
"2024-08-22","015781","202000039651","0.9394","0.9394","","",""
"2024-08-23","015781","202000039651","0.9470","0.9470","","",""
"2024-08-26","015781","202000039651","0.9522","0.9522","","",""
"2024-08-27","015781","202000039651","0.9549","0.9549","","",""
"2024-08-28","015781","202000039651","0.9524","0.9524","","",""
"2024-08-29","015781","202000039651","0.9571","0.9571","","",""
"2024-08-30","015781","202000039651","0.9662","0.9662","","",""
"2024-09-02","015781","202000039651","0.9539","0.9539","","",""
"2024-09-03","015781","202000039651","0.9610","0.9610","","",""
"2024-09-04","015781","202000039651","0.9543","0.9543","","",""
"2024-09-05","015781","202000039651","0.9588","0.9588","","",""
"2024-09-06","015781","202000039651","0.9545","0.9545","","",""
"2024-09-09","015781","202000039651","0.9458","0.9458","","",""
"2024-09-10","015781","202000039651","0.9460","0.9460","","",""
"2024-09-11","015781","202000039651","0.9489","0.9489","","",""
"2024-09-12","015781","202000039651","0.9472","0.9472","","",""
"2024-09-13","015781","202000039651","0.9460","0.9460","","",""
"2024-09-18","015781","202000039651","0.9511","0.9511","","",""
"2024-09-19","015781","202000039651","0.9611","0.9611","","",""
"2024-09-20","015781","202000039651","0.9599","0.9599","","",""
"2024-09-23","015781","202000039651","0.9595","0.9595","","",""
"2024-09-24","015781","202000039651","0.9850","0.9850","","",""
"2024-09-25","015781","202000039651","0.9854","0.9854","","",""
"2024-09-26","015781","202000039651","1.0053","1.0053","","",""
"2024-09-27","015781","202000039651","1.0303","1.0303","","",""
"2024-09-30","015781","202000039651","1.0773","1.0773","","",""
"2024-10-08","015781","202000039651","1.1104","1.1104","","",""
"2024-10-09","015781","202000039651","1.0676","1.0676","","",""
"2024-10-10","015781","202000039651","1.0828","1.0828","","",""
"2024-10-11","015781","202000039651","1.0714","1.0714","","",""
"2024-10-14","015781","202000039651","1.0752","1.0752","","",""
"2024-10-15","015781","202000039651","1.0550","1.0550","","",""
"2024-10-16","015781","202000039651","1.0584","1.0584","","",""
"2024-10-17","015781","202000039651","1.0473","1.0473","","",""
"2024-10-18","015781","202000039651","1.0731","1.0731","","",""
"2024-10-21","015781","202000039651","1.0676","1.0676","","",""
"2024-10-22","015781","202000039651","1.0677","1.0677","","",""
"2024-10-23","015781","202000039651","1.0730","1.0730","","",""
"2024-10-24","015781","202000039651","1.0680","1.0680","","",""
"2024-10-25","015781","202000039651","1.0722","1.0722","","",""
"2024-10-28","015781","202000039651","1.0779","1.0779","","",""
"2024-10-29","015781","202000039651","1.0661","1.0661","","",""
"2024-10-30","015781","202000039651","1.0586","1.0586","","",""
"2024-10-31","015781","202000039651","1.0577","1.0577","","",""
"2024-11-01","015781","202000039651","1.0591","1.0591","","",""
"2024-11-04","015781","202000039651","1.0642","1.0642","","",""
"2024-11-05","015781","202000039651","1.0734","1.0734","","",""
"2024-11-06","015781","202000039651","1.0665","1.0665","","",""
"2024-11-07","015781","202000039651","1.0821","1.0821","","",""
"2024-11-08","015781","202000039651","1.0709","1.0709","","",""
"2024-11-11","015781","202000039651","1.0790","1.0790","","",""
"2024-11-12","015781","202000039651","1.0611","1.0611","","",""
"2024-11-13","015781","202000039651","1.0683","1.0683","","",""
"2024-11-14","015781","202000039651","1.0514","1.0514","","",""
"2024-11-15","015781","202000039651","1.0472","1.0472","","",""
"2024-11-18","015781","202000039651","1.0423","1.0423","","",""
"2024-11-19","015781","202000039651","1.0496","1.0496","","",""
"2024-11-20","015781","202000039651","1.0505","1.0505","","",""
"2024-11-21","015781","202000039651","1.0500","1.0500","","",""
"2024-11-22","015781","202000039651","1.0250","1.0250","","",""
"2024-11-25","015781","202000039651","1.0244","1.0244","","",""
"2024-11-26","015781","202000039651","1.0231","1.0231","","",""
"2024-11-27","015781","202000039651","1.0356","1.0356","","",""
"2024-11-28","015781","202000039651","1.0262","1.0262","","",""
"2024-11-29","015781","202000039651","1.0340","1.0340","","",""
"2024-12-02","015781","202000039651","1.0393","1.0393","","",""
"2024-12-03","015781","202000039651","1.0449","1.0449","","",""
"2024-12-04","015781","202000039651","1.0409","1.0409","","",""
"2024-12-05","015781","202000039651","1.0398","1.0398","","",""
"2024-12-06","015781","202000039651","1.0474","1.0474","","",""
"2024-12-09","015781","202000039651","1.0552","1.0552","","",""
"2024-12-10","015781","202000039651","1.0532","1.0532","","",""
"2024-12-11","015781","202000039651","1.0567","1.0567","","",""
"2024-12-12","015781","202000039651","1.0660","1.0660","","",""
"2024-12-13","015781","202000039651","1.0508","1.0508","","",""
"2024-12-16","015781","202000039651","1.0518","1.0518","","",""
"2024-12-17","015781","202000039651","1.0558","1.0558","","",""
"2024-12-18","015781","202000039651","1.0621","1.0621","","",""
"2024-12-19","015781","202000039651","1.0639","1.0639","","",""
"2024-12-20","015781","202000039651","1.0605","1.0605","","",""
"2024-12-23","015781","202000039651","1.0610","1.0610","","",""
"2024-12-24","015781","202000039651","1.0714","1.0714","","",""
"2024-12-25","015781","202000039651","1.0691","1.0691","","",""
"2024-12-26","015781","202000039651","1.0704","1.0704","","",""
"2024-12-27","015781","202000039651","1.0772","1.0772","","",""
"2024-12-30","015781","202000039651","1.0763","1.0763","","",""
"2024-12-31","015781","202000039651","1.0748","1.0748","","",""
"2025-01-02","015781","202000039651","1.0564","1.0564","","",""
"2025-01-03","015781","202000039651","1.0479","1.0479","","",""
"2025-01-06","015781","202000039651","1.0504","1.0504","","",""
"2025-01-07","015781","202000039651","1.0505","1.0505","","",""
"2025-01-08","015781","202000039651","1.0506","1.0506","","",""
"2025-01-09","015781","202000039651","1.0508","1.0508","","",""
"2025-01-10","015781","202000039651","1.0386","1.0386","","",""
"2025-01-13","015781","202000039651","1.0336","1.0336","","",""
"2025-01-14","015781","202000039651","1.0512","1.0512","","",""
"2025-01-15","015781","202000039651","1.0524","1.0524","","",""
"2025-01-16","015781","202000039651","1.0567","1.0567","","",""
"2025-01-17","015781","202000039651","1.0669","1.0669","","",""
"2025-01-20","015781","202000039651","1.0722","1.0722","","",""
"2025-01-21","015781","202000039651","1.0710","1.0710","","",""
"2025-01-22","015781","202000039651","1.0621","1.0621","","",""
"2025-01-23","015781","202000039651","1.0570","1.0570","","",""
"2025-01-24","015781","202000039651","1.0691","1.0691","","",""
"2025-01-27","015781","202000039651","1.0707","1.0707","","",""
"2025-02-05","015781","202000039651","1.0715","1.0715","","",""
"2025-02-06","015781","202000039651","1.0802","1.0802","","",""
"2025-02-07","015781","202000039651","1.0922","1.0922","","",""
"2025-02-10","015781","202000039651","1.1021","1.1021","","",""
"2025-02-11","015781","202000039651","1.1000","1.1000","","",""
"2025-02-12","015781","202000039651","1.1113","1.1113","","",""
"2025-02-13","015781","202000039651","1.1095","1.1095","","",""
"2025-02-14","015781","202000039651","1.1281","1.1281","","",""
"2025-02-17","015781","202000039651","1.1319","1.1319","","",""
"2025-02-18","015781","202000039651","1.1327","1.1327","","",""
"2025-02-19","015781","202000039651","1.1395","1.1395","","",""
"2025-02-20","015781","202000039651","1.1472","1.1472","","",""
"2025-02-21","015781","202000039651","1.1825","1.1825","","",""
"2025-02-24","015781","202000039651","1.1741","1.1741","","",""
"2025-02-25","015781","202000039651","1.1573","1.1573","","",""
"2025-02-26","015781","202000039651","1.1694","1.1694","","",""
"2025-02-27","015781","202000039651","1.1656","1.1656","","",""
"2025-02-28","015781","202000039651","1.1510","1.1510","","",""
"2025-03-03","015781","202000039651","1.1522","1.1522","","",""
"2025-03-04","015781","202000039651","1.1544","1.1544","","",""
"2025-03-05","015781","202000039651","1.1659","1.1659","","",""
"2025-03-06","015781","202000039651","1.1801","1.1801","","",""
"2025-03-07","015781","202000039651","1.1838","1.1838","","",""
"2025-03-10","015781","202000039651","1.1778","1.1778","","",""
"2025-03-11","015781","202000039651","1.1798","1.1798","","",""
"2025-03-12","015781","202000039651","1.1722","1.1722","","",""
"2025-03-13","015781","202000039651","1.1703","1.1703","","",""
"2025-03-14","015781","202000039651","1.1852","1.1852","","",""
"2025-03-17","015781","202000039651","1.1893","1.1893","","",""
"2025-03-18","015781","202000039651","1.2074","1.2074","","",""
"2025-03-19","015781","202000039651","1.2018","1.2018","","",""
"2025-03-20","015781","202000039651","1.1854","1.1854","","",""
"2025-03-21","015781","202000039651","1.1786","1.1786","","",""
"2025-03-24","015781","202000039651","1.1780","1.1780","","",""
"2025-03-25","015781","202000039651","1.1676","1.1676","","",""
"2025-03-26","015781","202000039651","1.1730","1.1730","","",""
"2025-03-27","015781","202000039651","1.1773","1.1773","","",""
"2025-03-28","015781","202000039651","1.1744","1.1744","","",""
"2025-03-31","015781","202000039651","1.1690","1.1690","","",""
"2025-04-01","015781","202000039651","1.1782","1.1782","","",""
"2024-04-02","016512","202000042693","1.0448","1.0448","","",""
"2024-04-03","016512","202000042693","1.0453","1.0453","","",""
"2024-04-08","016512","202000042693","1.0459","1.0459","","",""
"2024-04-09","016512","202000042693","1.0464","1.0464","","",""
"2024-04-10","016512","202000042693","1.0467","1.0467","","",""
"2024-04-11","016512","202000042693","1.0472","1.0472","","",""
"2024-04-12","016512","202000042693","1.0480","1.0480","","",""
"2024-04-15","016512","202000042693","1.0485","1.0485","","",""
"2024-04-16","016512","202000042693","1.0485","1.0485","","",""
"2024-04-17","016512","202000042693","1.0488","1.0488","","",""
"2024-04-18","016512","202000042693","1.0492","1.0492","","",""
"2024-04-19","016512","202000042693","1.0497","1.0497","","",""
"2024-04-22","016512","202000042693","1.0504","1.0504","","",""
"2024-04-23","016512","202000042693","1.0509","1.0509","","",""
"2024-04-24","016512","202000042693","1.0504","1.0504","","",""
"2024-04-25","016512","202000042693","1.0500","1.0500","","",""
"2024-04-26","016512","202000042693","1.0491","1.0491","","",""
"2024-04-29","016512","202000042693","1.0476","1.0476","","",""
"2024-04-30","016512","202000042693","1.0482","1.0482","","",""
"2024-05-06","016512","202000042693","1.0491","1.0491","","",""
"2024-05-07","016512","202000042693","1.0500","1.0500","","",""
"2024-05-08","016512","202000042693","1.0504","1.0504","","",""
"2024-05-09","016512","202000042693","1.0501","1.0501","","",""
"2024-05-10","016512","202000042693","1.0500","1.0500","","",""
"2024-05-13","016512","202000042693","1.0504","1.0504","","",""
"2024-05-14","016512","202000042693","1.0509","1.0509","","",""
"2024-05-15","016512","202000042693","1.0511","1.0511","","",""
"2024-05-16","016512","202000042693","1.0511","1.0511","","",""
"2024-05-17","016512","202000042693","1.0510","1.0510","","",""
"2024-05-20","016512","202000042693","1.0514","1.0514","","",""
"2024-05-21","016512","202000042693","1.0514","1.0514","","",""
"2024-05-22","016512","202000042693","1.0516","1.0516","","",""
"2024-05-23","016512","202000042693","1.0520","1.0520","","",""
"2024-05-24","016512","202000042693","1.0520","1.0520","","",""
"2024-05-27","016512","202000042693","1.0521","1.0521","","",""
"2024-05-28","016512","202000042693","1.0524","1.0524","","",""
"2024-05-29","016512","202000042693","1.0526","1.0526","","",""
"2024-05-30","016512","202000042693","1.0527","1.0527","","",""
"2024-05-31","016512","202000042693","1.0527","1.0527","","",""
"2024-06-03","016512","202000042693","1.0530","1.0530","","",""
"2024-06-04","016512","202000042693","1.0532","1.0532","","",""
"2024-06-05","016512","202000042693","1.0535","1.0535","","",""
"2024-06-06","016512","202000042693","1.0538","1.0538","","",""
"2024-06-07","016512","202000042693","1.0540","1.0540","","",""
"2024-06-11","016512","202000042693","1.0543","1.0543","","",""
"2024-06-12","016512","202000042693","1.0544","1.0544","","",""
"2024-06-13","016512","202000042693","1.0545","1.0545","","",""
"2024-06-14","016512","202000042693","1.0546","1.0546","","",""
"2024-06-17","016512","202000042693","1.0548","1.0548","","",""
"2024-06-18","016512","202000042693","1.0550","1.0550","","",""
"2024-06-19","016512","202000042693","1.0551","1.0551","","",""
"2024-06-20","016512","202000042693","1.0552","1.0552","","",""
"2024-06-21","016512","202000042693","1.0550","1.0550","","",""
"2024-06-24","016512","202000042693","1.0553","1.0553","","",""
"2024-06-25","016512","202000042693","1.0554","1.0554","","",""
"2024-06-26","016512","202000042693","1.0555","1.0555","","",""
"2024-06-27","016512","202000042693","1.0558","1.0558","","",""
"2024-06-28","016512","202000042693","1.0560","1.0560","","",""
"2024-06-30","016512","202000042693","1.0561","1.0561","","",""
"2024-07-01","016512","202000042693","1.0559","1.0559","","",""
"2024-07-02","016512","202000042693","1.0560","1.0560","","",""
"2024-07-03","016512","202000042693","1.0563","1.0563","","",""
"2024-07-04","016512","202000042693","1.0566","1.0566","","",""
"2024-07-05","016512","202000042693","1.0563","1.0563","","",""
"2024-07-08","016512","202000042693","1.0560","1.0560","","",""
"2024-07-09","016512","202000042693","1.0563","1.0563","","",""
"2024-07-10","016512","202000042693","1.0565","1.0565","","",""
"2024-07-11","016512","202000042693","1.0566","1.0566","","",""
"2024-07-12","016512","202000042693","1.0569","1.0569","","",""
"2024-07-15","016512","202000042693","1.0572","1.0572","","",""
"2024-07-16","016512","202000042693","1.0573","1.0573","","",""
"2024-07-17","016512","202000042693","1.0574","1.0574","","",""
"2024-07-18","016512","202000042693","1.0574","1.0574","","",""
"2024-07-19","016512","202000042693","1.0575","1.0575","","",""
"2024-07-22","016512","202000042693","1.0581","1.0581","","",""
"2024-07-23","016512","202000042693","1.0584","1.0584","","",""
"2024-07-24","016512","202000042693","1.0585","1.0585","","",""
"2024-07-25","016512","202000042693","1.0588","1.0588","","",""
"2024-07-26","016512","202000042693","1.0591","1.0591","","",""
"2024-07-29","016512","202000042693","1.0593","1.0593","","",""
"2024-07-30","016512","202000042693","1.0594","1.0594","","",""
"2024-07-31","016512","202000042693","1.0596","1.0596","","",""
"2024-08-01","016512","202000042693","1.0598","1.0598","","",""
"2024-08-02","016512","202000042693","1.0602","1.0602","","",""
"2024-08-05","016512","202000042693","1.0605","1.0605","","",""
"2024-08-06","016512","202000042693","1.0603","1.0603","","",""
"2024-08-07","016512","202000042693","1.0604","1.0604","","",""
"2024-08-08","016512","202000042693","1.0603","1.0603","","",""
"2024-08-09","016512","202000042693","1.0599","1.0599","","",""
"2024-08-12","016512","202000042693","1.0589","1.0589","","",""
"2024-08-13","016512","202000042693","1.0591","1.0591","","",""
"2024-08-14","016512","202000042693","1.0596","1.0596","","",""
"2024-08-15","016512","202000042693","1.0595","1.0595","","",""
"2024-08-16","016512","202000042693","1.0595","1.0595","","",""
"2024-08-19","016512","202000042693","1.0597","1.0597","","",""
"2024-08-20","016512","202000042693","1.0597","1.0597","","",""
"2024-08-21","016512","202000042693","1.0593","1.0593","","",""
"2024-08-22","016512","202000042693","1.0592","1.0592","","",""
"2024-08-23","016512","202000042693","1.0591","1.0591","","",""
"2024-08-26","016512","202000042693","1.0589","1.0589","","",""
"2024-08-27","016512","202000042693","1.0582","1.0582","","",""
"2024-08-28","016512","202000042693","1.0583","1.0583","","",""
"2024-08-29","016512","202000042693","1.0587","1.0587","","",""
"2024-08-30","016512","202000042693","1.0589","1.0589","","",""
"2024-09-02","016512","202000042693","1.0595","1.0595","","",""
"2024-09-03","016512","202000042693","1.0597","1.0597","","",""
"2024-09-04","016512","202000042693","1.0599","1.0599","","",""
"2024-09-05","016512","202000042693","1.0602","1.0602","","",""
"2024-09-06","016512","202000042693","1.0602","1.0602","","",""
"2024-09-09","016512","202000042693","1.0603","1.0603","","",""
"2024-09-10","016512","202000042693","1.0602","1.0602","","",""
"2024-09-11","016512","202000042693","1.0604","1.0604","","",""
"2024-09-12","016512","202000042693","1.0606","1.0606","","",""
"2024-09-13","016512","202000042693","1.0607","1.0607","","",""
"2024-09-18","016512","202000042693","1.0611","1.0611","","",""
"2024-09-19","016512","202000042693","1.0611","1.0611","","",""
"2024-09-20","016512","202000042693","1.0610","1.0610","","",""
"2024-09-23","016512","202000042693","1.0612","1.0612","","",""
"2024-09-24","016512","202000042693","1.0613","1.0613","","",""
"2024-09-25","016512","202000042693","1.0618","1.0618","","",""
"2024-09-26","016512","202000042693","1.0618","1.0618","","",""
"2024-09-27","016512","202000042693","1.0605","1.0605","","",""
"2024-09-30","016512","202000042693","1.0581","1.0581","","",""
"2024-10-08","016512","202000042693","1.0572","1.0572","","",""
"2024-10-09","016512","202000042693","1.0558","1.0558","","",""
"2024-10-10","016512","202000042693","1.0575","1.0575","","",""
"2024-10-11","016512","202000042693","1.0591","1.0591","","",""
"2024-10-14","016512","202000042693","1.0608","1.0608","","",""
"2024-10-15","016512","202000042693","1.0613","1.0613","","",""
"2024-10-16","016512","202000042693","1.0615","1.0615","","",""
"2024-10-17","016512","202000042693","1.0617","1.0617","","",""
"2024-10-18","016512","202000042693","1.0617","1.0617","","",""
"2024-10-21","016512","202000042693","1.0617","1.0617","","",""
"2024-10-22","016512","202000042693","1.0613","1.0613","","",""
"2024-10-23","016512","202000042693","1.0605","1.0605","","",""
"2024-10-24","016512","202000042693","1.0604","1.0604","","",""
"2024-10-25","016512","202000042693","1.0603","1.0603","","",""
"2024-10-28","016512","202000042693","1.0603","1.0603","","",""
"2024-10-29","016512","202000042693","1.0603","1.0603","","",""
"2024-10-30","016512","202000042693","1.0605","1.0605","","",""
"2024-10-31","016512","202000042693","1.0608","1.0608","","",""
"2024-11-01","016512","202000042693","1.0615","1.0615","","",""
"2024-11-04","016512","202000042693","1.0619","1.0619","","",""
"2024-11-05","016512","202000042693","1.0622","1.0622","","",""
"2024-11-06","016512","202000042693","1.0624","1.0624","","",""
"2024-11-07","016512","202000042693","1.0630","1.0630","","",""
"2024-11-08","016512","202000042693","1.0632","1.0632","","",""
"2024-11-11","016512","202000042693","1.0636","1.0636","","",""
"2024-11-12","016512","202000042693","1.0639","1.0639","","",""
"2024-11-13","016512","202000042693","1.0639","1.0639","","",""
"2024-11-14","016512","202000042693","1.0639","1.0639","","",""
"2024-11-15","016512","202000042693","1.0642","1.0642","","",""
"2024-11-18","016512","202000042693","1.0642","1.0642","","",""
"2024-11-19","016512","202000042693","1.0642","1.0642","","",""
"2024-11-20","016512","202000042693","1.0643","1.0643","","",""
"2024-11-21","016512","202000042693","1.0645","1.0645","","",""
"2024-11-22","016512","202000042693","1.0648","1.0648","","",""
"2024-11-25","016512","202000042693","1.0652","1.0652","","",""
"2024-11-26","016512","202000042693","1.0654","1.0654","","",""
"2024-11-27","016512","202000042693","1.0656","1.0656","","",""
"2024-11-28","016512","202000042693","1.0658","1.0658","","",""
"2024-11-29","016512","202000042693","1.0665","1.0665","","",""
"2024-12-02","016512","202000042693","1.0679","1.0679","","",""
"2024-12-03","016512","202000042693","1.0680","1.0680","","",""
"2024-12-04","016512","202000042693","1.0685","1.0685","","",""
"2024-12-05","016512","202000042693","1.0688","1.0688","","",""
"2024-12-06","016512","202000042693","1.0689","1.0689","","",""
"2024-12-09","016512","202000042693","1.0690","1.0690","","",""
"2024-12-10","016512","202000042693","1.0701","1.0701","","",""
"2024-12-11","016512","202000042693","1.0700","1.0700","","",""
"2024-12-12","016512","202000042693","1.0702","1.0702","","",""
"2024-12-13","016512","202000042693","1.0711","1.0711","","",""
"2024-12-16","016512","202000042693","1.0717","1.0717","","",""
"2024-12-17","016512","202000042693","1.0715","1.0715","","",""
"2024-12-18","016512","202000042693","1.0713","1.0713","","",""
"2024-12-19","016512","202000042693","1.0711","1.0711","","",""
"2024-12-20","016512","202000042693","1.0718","1.0718","","",""
"2024-12-23","016512","202000042693","1.0724","1.0724","","",""
"2024-12-24","016512","202000042693","1.0723","1.0723","","",""
"2024-12-25","016512","202000042693","1.0719","1.0719","","",""
"2024-12-26","016512","202000042693","1.0717","1.0717","","",""
"2024-12-27","016512","202000042693","1.0726","1.0726","","",""
"2024-12-30","016512","202000042693","1.0731","1.0731","","",""
"2024-12-31","016512","202000042693","1.0740","1.0740","","",""
"2025-01-02","016512","202000042693","1.0750","1.0750","","",""
"2025-01-03","016512","202000042693","1.0752","1.0752","","",""
"2025-01-06","016512","202000042693","1.0753","1.0753","","",""
"2025-01-07","016512","202000042693","1.0749","1.0749","","",""
"2025-01-08","016512","202000042693","1.0748","1.0748","","",""
"2025-01-09","016512","202000042693","1.0740","1.0740","","",""
"2025-01-10","016512","202000042693","1.0738","1.0738","","",""
"2025-01-13","016512","202000042693","1.0733","1.0733","","",""
"2025-01-14","016512","202000042693","1.0735","1.0735","","",""
"2025-01-15","016512","202000042693","1.0736","1.0736","","",""
"2025-01-16","016512","202000042693","1.0732","1.0732","","",""
"2025-01-17","016512","202000042693","1.0729","1.0729","","",""
"2025-01-20","016512","202000042693","1.0727","1.0727","","",""
"2025-01-21","016512","202000042693","1.0727","1.0727","","",""
"2025-01-22","016512","202000042693","1.0730","1.0730","","",""
"2025-01-23","016512","202000042693","1.0726","1.0726","","",""
"2025-01-24","016512","202000042693","1.0725","1.0725","","",""
"2025-01-27","016512","202000042693","1.0734","1.0734","","",""
"2025-02-05","016512","202000042693","1.0738","1.0738","","",""
"2025-02-06","016512","202000042693","1.0743","1.0743","","",""
"2025-02-07","016512","202000042693","1.0746","1.0746","","",""
"2025-02-10","016512","202000042693","1.0742","1.0742","","",""
"2025-02-11","016512","202000042693","1.0741","1.0741","","",""
"2025-02-12","016512","202000042693","1.0741","1.0741","","",""
"2025-02-13","016512","202000042693","1.0740","1.0740","","",""
"2025-02-14","016512","202000042693","1.0734","1.0734","","",""
"2025-02-17","016512","202000042693","1.0731","1.0731","","",""
"2025-02-18","016512","202000042693","1.0725","1.0725","","",""
"2025-02-19","016512","202000042693","1.0726","1.0726","","",""
"2025-02-20","016512","202000042693","1.0720","1.0720","","",""
"2025-02-21","016512","202000042693","1.0713","1.0713","","",""
"2025-02-24","016512","202000042693","1.0706","1.0706","","",""
"2025-02-25","016512","202000042693","1.0704","1.0704","","",""
"2025-02-26","016512","202000042693","1.0705","1.0705","","",""
"2025-02-27","016512","202000042693","1.0702","1.0702","","",""
"2025-02-28","016512","202000042693","1.0701","1.0701","","",""
"2025-03-03","016512","202000042693","1.0706","1.0706","","",""
"2025-03-04","016512","202000042693","1.0709","1.0709","","",""
"2025-03-05","016512","202000042693","1.0710","1.0710","","",""
"2025-03-06","016512","202000042693","1.0706","1.0706","","",""
"2025-03-07","016512","202000042693","1.0696","1.0696","","",""
"2025-03-10","016512","202000042693","1.0694","1.0694","","",""
"2025-03-11","016512","202000042693","1.0685","1.0685","","",""
"2025-03-12","016512","202000042693","1.0690","1.0690","","",""
"2025-03-13","016512","202000042693","1.0697","1.0697","","",""
"2025-03-14","016512","202000042693","1.0701","1.0701","","",""
"2025-03-17","016512","202000042693","1.0698","1.0698","","",""
"2025-03-18","016512","202000042693","1.0700","1.0700","","",""
"2025-03-19","016512","202000042693","1.0704","1.0704","","",""
"2025-03-20","016512","202000042693","1.0711","1.0711","","",""
"2025-03-21","016512","202000042693","1.0715","1.0715","","",""
"2025-03-24","016512","202000042693","1.0718","1.0718","","",""
"2025-03-25","016512","202000042693","1.0721","1.0721","","",""
"2025-03-26","016512","202000042693","1.0723","1.0723","","",""
"2025-03-27","016512","202000042693","1.0726","1.0726","","",""
"2025-03-28","016512","202000042693","1.0728","1.0728","","",""
"2025-03-31","016512","202000042693","1.0730","1.0730","","",""
"2025-04-01","016512","202000042693","1.0731","1.0731","","",""
"2024-04-02","016680","202000041904","0.8943","0.8943","","",""
"2024-04-03","016680","202000041904","0.8934","0.8934","","",""
"2024-04-08","016680","202000041904","0.8825","0.8825","","",""
"2024-04-09","016680","202000041904","0.8877","0.8877","","",""
"2024-04-10","016680","202000041904","0.8789","0.8789","","",""
"2024-04-11","016680","202000041904","0.8856","0.8856","","",""
"2024-04-12","016680","202000041904","0.8837","0.8837","","",""
"2024-04-15","016680","202000041904","0.8941","0.8941","","",""
"2024-04-16","016680","202000041904","0.8736","0.8736","","",""
"2024-04-17","016680","202000041904","0.8947","0.8947","","",""
"2024-04-18","016680","202000041904","0.8980","0.8980","","",""
"2024-04-19","016680","202000041904","0.8950","0.8950","","",""
"2024-04-22","016680","202000041904","0.8893","0.8893","","",""
"2024-04-23","016680","202000041904","0.8768","0.8768","","",""
"2024-04-24","016680","202000041904","0.8858","0.8858","","",""
"2024-04-25","016680","202000041904","0.8840","0.8840","","",""
"2024-04-26","016680","202000041904","0.9005","0.9005","","",""
"2024-04-29","016680","202000041904","0.9145","0.9145","","",""
"2024-04-30","016680","202000041904","0.9117","0.9117","","",""
"2024-05-06","016680","202000041904","0.9277","0.9277","","",""
"2024-05-07","016680","202000041904","0.9268","0.9268","","",""
"2024-05-08","016680","202000041904","0.9150","0.9150","","",""
"2024-05-09","016680","202000041904","0.9293","0.9293","","",""
"2024-05-10","016680","202000041904","0.9282","0.9282","","",""
"2024-05-13","016680","202000041904","0.9252","0.9252","","",""
"2024-05-14","016680","202000041904","0.9247","0.9247","","",""
"2024-05-15","016680","202000041904","0.9173","0.9173","","",""
"2024-05-16","016680","202000041904","0.9126","0.9126","","",""
"2024-05-17","016680","202000041904","0.9212","0.9212","","",""
"2024-05-20","016680","202000041904","0.9246","0.9246","","",""
"2024-05-21","016680","202000041904","0.9193","0.9193","","",""
"2024-05-22","016680","202000041904","0.9146","0.9146","","",""
"2024-05-23","016680","202000041904","0.8993","0.8993","","",""
"2024-05-24","016680","202000041904","0.8944","0.8944","","",""
"2024-05-27","016680","202000041904","0.9038","0.9038","","",""
"2024-05-28","016680","202000041904","0.8947","0.8947","","",""
"2024-05-29","016680","202000041904","0.8967","0.8967","","",""
"2024-05-30","016680","202000041904","0.8945","0.8945","","",""
"2024-05-31","016680","202000041904","0.8942","0.8942","","",""
"2024-06-03","016680","202000041904","0.8893","0.8893","","",""
"2024-06-04","016680","202000041904","0.8991","0.8991","","",""
"2024-06-05","016680","202000041904","0.8884","0.8884","","",""
"2024-06-06","016680","202000041904","0.8819","0.8819","","",""
"2024-06-07","016680","202000041904","0.8822","0.8822","","",""
"2024-06-11","016680","202000041904","0.8807","0.8807","","",""
"2024-06-12","016680","202000041904","0.8831","0.8831","","",""
"2024-06-13","016680","202000041904","0.8778","0.8778","","",""
"2024-06-14","016680","202000041904","0.8832","0.8832","","",""
"2024-06-17","016680","202000041904","0.8803","0.8803","","",""
"2024-06-18","016680","202000041904","0.8851","0.8851","","",""
"2024-06-19","016680","202000041904","0.8761","0.8761","","",""
"2024-06-20","016680","202000041904","0.8647","0.8647","","",""
"2024-06-21","016680","202000041904","0.8680","0.8680","","",""
"2024-06-24","016680","202000041904","0.8509","0.8509","","",""
"2024-06-25","016680","202000041904","0.8460","0.8460","","",""
"2024-06-26","016680","202000041904","0.8587","0.8587","","",""
"2024-06-27","016680","202000041904","0.8438","0.8438","","",""
"2024-06-28","016680","202000041904","0.8487","0.8487","","",""
"2024-06-30","016680","202000041904","0.8486","0.8486","","",""
"2024-07-01","016680","202000041904","0.8589","0.8589","","",""
"2024-07-02","016680","202000041904","0.8496","0.8496","","",""
"2024-07-03","016680","202000041904","0.8429","0.8429","","",""
"2024-07-04","016680","202000041904","0.8310","0.8310","","",""
"2024-07-05","016680","202000041904","0.8360","0.8360","","",""
"2024-07-08","016680","202000041904","0.8231","0.8231","","",""
"2024-07-09","016680","202000041904","0.8397","0.8397","","",""
"2024-07-10","016680","202000041904","0.8350","0.8350","","",""
"2024-07-11","016680","202000041904","0.8509","0.8509","","",""
"2024-07-12","016680","202000041904","0.8475","0.8475","","",""
"2024-07-15","016680","202000041904","0.8401","0.8401","","",""
"2024-07-16","016680","202000041904","0.8413","0.8413","","",""
"2024-07-17","016680","202000041904","0.8318","0.8318","","",""
"2024-07-18","016680","202000041904","0.8348","0.8348","","",""
"2024-07-19","016680","202000041904","0.8318","0.8318","","",""
"2024-07-22","016680","202000041904","0.8289","0.8289","","",""
"2024-07-23","016680","202000041904","0.8068","0.8068","","",""
"2024-07-24","016680","202000041904","0.7981","0.7981","","",""
"2024-07-25","016680","202000041904","0.7953","0.7953","","",""
"2024-07-26","016680","202000041904","0.8085","0.8085","","",""
"2024-07-29","016680","202000041904","0.8038","0.8038","","",""
"2024-07-30","016680","202000041904","0.8004","0.8004","","",""
"2024-07-31","016680","202000041904","0.8296","0.8296","","",""
"2024-08-01","016680","202000041904","0.8235","0.8235","","",""
"2024-08-02","016680","202000041904","0.8119","0.8119","","",""
"2024-08-05","016680","202000041904","0.7956","0.7956","","",""
"2024-08-06","016680","202000041904","0.8051","0.8051","","",""
"2024-08-07","016680","202000041904","0.8048","0.8048","","",""
"2024-08-08","016680","202000041904","0.8061","0.8061","","",""
"2024-08-09","016680","202000041904","0.8028","0.8028","","",""
"2024-08-12","016680","202000041904","0.8033","0.8033","","",""
"2024-08-13","016680","202000041904","0.8065","0.8065","","",""
"2024-08-14","016680","202000041904","0.7955","0.7955","","",""
"2024-08-15","016680","202000041904","0.8013","0.8013","","",""
"2024-08-16","016680","202000041904","0.7980","0.7980","","",""
"2024-08-19","016680","202000041904","0.8011","0.8011","","",""
"2024-08-20","016680","202000041904","0.7885","0.7885","","",""
"2024-08-21","016680","202000041904","0.7853","0.7853","","",""
"2024-08-22","016680","202000041904","0.7783","0.7783","","",""
"2024-08-23","016680","202000041904","0.7794","0.7794","","",""
"2024-08-26","016680","202000041904","0.7803","0.7803","","",""
"2024-08-27","016680","202000041904","0.7730","0.7730","","",""
"2024-08-28","016680","202000041904","0.7741","0.7741","","",""
"2024-08-29","016680","202000041904","0.7832","0.7832","","",""
"2024-08-30","016680","202000041904","0.7946","0.7946","","",""
"2024-09-02","016680","202000041904","0.7807","0.7807","","",""
"2024-09-03","016680","202000041904","0.7876","0.7876","","",""
"2024-09-04","016680","202000041904","0.7834","0.7834","","",""
"2024-09-05","016680","202000041904","0.7864","0.7864","","",""
"2024-09-06","016680","202000041904","0.7766","0.7766","","",""
"2024-09-09","016680","202000041904","0.7713","0.7713","","",""
"2024-09-10","016680","202000041904","0.7722","0.7722","","",""
"2024-09-11","016680","202000041904","0.7717","0.7717","","",""
"2024-09-12","016680","202000041904","0.7709","0.7709","","",""
"2024-09-13","016680","202000041904","0.7658","0.7658","","",""
"2024-09-18","016680","202000041904","0.7673","0.7673","","",""
"2024-09-19","016680","202000041904","0.7762","0.7762","","",""
"2024-09-20","016680","202000041904","0.7724","0.7724","","",""
"2024-09-23","016680","202000041904","0.7729","0.7729","","",""
"2024-09-24","016680","202000041904","0.8038","0.8038","","",""
"2024-09-25","016680","202000041904","0.8102","0.8102","","",""
"2024-09-26","016680","202000041904","0.8414","0.8414","","",""
"2024-09-27","016680","202000041904","0.8769","0.8769","","",""
"2024-09-30","016680","202000041904","0.9608","0.9608","","",""
"2024-10-08","016680","202000041904","1.0218","1.0218","","",""
"2024-10-09","016680","202000041904","0.9550","0.9550","","",""
"2024-10-10","016680","202000041904","0.9540","0.9540","","",""
"2024-10-11","016680","202000041904","0.9220","0.9220","","",""
"2024-10-14","016680","202000041904","0.9424","0.9424","","",""
"2024-10-15","016680","202000041904","0.9195","0.9195","","",""
"2024-10-16","016680","202000041904","0.9154","0.9154","","",""
"2024-10-17","016680","202000041904","0.9077","0.9077","","",""
"2024-10-18","016680","202000041904","0.9395","0.9395","","",""
"2024-10-21","016680","202000041904","0.9454","0.9454","","",""
"2024-10-22","016680","202000041904","0.9510","0.9510","","",""
"2024-10-23","016680","202000041904","0.9538","0.9538","","",""
"2024-10-24","016680","202000041904","0.9464","0.9464","","",""
"2024-10-25","016680","202000041904","0.9583","0.9583","","",""
"2024-10-28","016680","202000041904","0.9653","0.9653","","",""
"2024-10-29","016680","202000041904","0.9531","0.9531","","",""
"2024-10-30","016680","202000041904","0.9541","0.9541","","",""
"2024-10-31","016680","202000041904","0.9572","0.9572","","",""
"2024-11-01","016680","202000041904","0.9493","0.9493","","",""
"2024-11-04","016680","202000041904","0.9639","0.9639","","",""
"2024-11-05","016680","202000041904","0.9872","0.9872","","",""
"2024-11-06","016680","202000041904","0.9858","0.9858","","",""
"2024-11-07","016680","202000041904","1.0016","1.0016","","",""
"2024-11-08","016680","202000041904","0.9972","0.9972","","",""
"2024-11-11","016680","202000041904","1.0129","1.0129","","",""
"2024-11-12","016680","202000041904","1.0036","1.0036","","",""
"2024-11-13","016680","202000041904","1.0034","1.0034","","",""
"2024-11-14","016680","202000041904","0.9792","0.9792","","",""
"2024-11-15","016680","202000041904","0.9588","0.9588","","",""
"2024-11-18","016680","202000041904","0.9504","0.9504","","",""
"2024-11-19","016680","202000041904","0.9649","0.9649","","",""
"2024-11-20","016680","202000041904","0.9710","0.9710","","",""
"2024-11-21","016680","202000041904","0.9681","0.9681","","",""
"2024-11-22","016680","202000041904","0.9325","0.9325","","",""
"2024-11-25","016680","202000041904","0.9316","0.9316","","",""
"2024-11-26","016680","202000041904","0.9261","0.9261","","",""
"2024-11-27","016680","202000041904","0.9426","0.9426","","",""
"2024-11-28","016680","202000041904","0.9338","0.9338","","",""
"2024-11-29","016680","202000041904","0.9470","0.9470","","",""
"2024-12-02","016680","202000041904","0.9602","0.9602","","",""
"2024-12-03","016680","202000041904","0.9575","0.9575","","",""
"2024-12-04","016680","202000041904","0.9484","0.9484","","",""
"2024-12-05","016680","202000041904","0.9513","0.9513","","",""
"2024-12-06","016680","202000041904","0.9637","0.9637","","",""
"2024-12-09","016680","202000041904","0.9605","0.9605","","",""
"2024-12-10","016680","202000041904","0.9679","0.9679","","",""
"2024-12-11","016680","202000041904","0.9788","0.9788","","",""
"2024-12-12","016680","202000041904","0.9863","0.9863","","",""
"2024-12-13","016680","202000041904","0.9700","0.9700","","",""
"2024-12-16","016680","202000041904","0.9625","0.9625","","",""
"2024-12-17","016680","202000041904","0.9565","0.9565","","",""
"2024-12-18","016680","202000041904","0.9616","0.9616","","",""
"2024-12-19","016680","202000041904","0.9654","0.9654","","",""
"2024-12-20","016680","202000041904","0.9674","0.9674","","",""
"2024-12-23","016680","202000041904","0.9568","0.9568","","",""
"2024-12-24","016680","202000041904","0.9690","0.9690","","",""
"2024-12-25","016680","202000041904","0.9619","0.9619","","",""
"2024-12-26","016680","202000041904","0.9687","0.9687","","",""
"2024-12-27","016680","202000041904","0.9687","0.9687","","",""
"2024-12-30","016680","202000041904","0.9688","0.9688","","",""
"2024-12-31","016680","202000041904","0.9455","0.9455","","",""
"2025-01-02","016680","202000041904","0.9197","0.9197","","",""
"2025-01-03","016680","202000041904","0.9060","0.9060","","",""
"2025-01-06","016680","202000041904","0.9085","0.9085","","",""
"2025-01-07","016680","202000041904","0.9138","0.9138","","",""
"2025-01-08","016680","202000041904","0.9092","0.9092","","",""
"2025-01-09","016680","202000041904","0.9070","0.9070","","",""
"2025-01-10","016680","202000041904","0.8953","0.8953","","",""
"2025-01-13","016680","202000041904","0.8962","0.8962","","",""
"2025-01-14","016680","202000041904","0.9224","0.9224","","",""
"2025-01-15","016680","202000041904","0.9157","0.9157","","",""
"2025-01-16","016680","202000041904","0.9193","0.9193","","",""
"2025-01-17","016680","202000041904","0.9271","0.9271","","",""
"2025-01-20","016680","202000041904","0.9299","0.9299","","",""
"2025-01-21","016680","202000041904","0.9327","0.9327","","",""
"2025-01-22","016680","202000041904","0.9300","0.9300","","",""
"2025-01-23","016680","202000041904","0.9274","0.9274","","",""
"2025-01-24","016680","202000041904","0.9375","0.9375","","",""
"2025-01-27","016680","202000041904","0.9327","0.9327","","",""
"2025-02-05","016680","202000041904","0.9335","0.9335","","",""
"2025-02-06","016680","202000041904","0.9498","0.9498","","",""
"2025-02-07","016680","202000041904","0.9620","0.9620","","",""
"2025-02-10","016680","202000041904","0.9668","0.9668","","",""
"2025-02-11","016680","202000041904","0.9641","0.9641","","",""
"2025-02-12","016680","202000041904","0.9734","0.9734","","",""
"2025-02-13","016680","202000041904","0.9658","0.9658","","",""
"2025-02-14","016680","202000041904","0.9728","0.9728","","",""
"2025-02-17","016680","202000041904","0.9753","0.9753","","",""
"2025-02-18","016680","202000041904","0.9614","0.9614","","",""
"2025-02-19","016680","202000041904","0.9744","0.9744","","",""
"2025-02-20","016680","202000041904","0.9747","0.9747","","",""
"2025-02-21","016680","202000041904","0.9900","0.9900","","",""
"2025-02-24","016680","202000041904","0.9897","0.9897","","",""
"2025-02-25","016680","202000041904","0.9807","0.9807","","",""
"2025-02-26","016680","202000041904","0.9943","0.9943","","",""
"2025-02-27","016680","202000041904","0.9916","0.9916","","",""
"2025-02-28","016680","202000041904","0.9680","0.9680","","",""
"2025-03-03","016680","202000041904","0.9750","0.9750","","",""
"2025-03-04","016680","202000041904","0.9785","0.9785","","",""
"2025-03-05","016680","202000041904","0.9796","0.9796","","",""
"2025-03-06","016680","202000041904","0.9966","0.9966","","",""
"2025-03-07","016680","202000041904","0.9935","0.9935","","",""
"2025-03-10","016680","202000041904","0.9925","0.9925","","",""
"2025-03-11","016680","202000041904","0.9976","0.9976","","",""
"2025-03-12","016680","202000041904","0.9980","0.9980","","",""
"2025-03-13","016680","202000041904","0.9943","0.9943","","",""
"2025-03-14","016680","202000041904","1.0116","1.0116","","",""
"2025-03-17","016680","202000041904","1.0139","1.0139","","",""
"2025-03-18","016680","202000041904","1.0185","1.0185","","",""
"2025-03-19","016680","202000041904","1.0133","1.0133","","",""
"2025-03-20","016680","202000041904","1.0081","1.0081","","",""
"2025-03-21","016680","202000041904","0.9990","0.9990","","",""
"2025-03-24","016680","202000041904","1.0010","1.0010","","",""
"2025-03-25","016680","202000041904","1.0022","1.0022","","",""
"2025-03-26","016680","202000041904","1.0002","1.0002","","",""
"2025-03-27","016680","202000041904","0.9996","0.9996","","",""
"2025-03-28","016680","202000041904","0.9940","0.9940","","",""
"2025-03-31","016680","202000041904","0.9859","0.9859","","",""
"2025-04-01","016680","202000041904","0.9949","0.9949","","",""
"2024-04-02","016681","202000041905","0.8891","0.8891","","",""
"2024-04-03","016681","202000041905","0.8882","0.8882","","",""
"2024-04-08","016681","202000041905","0.8773","0.8773","","",""
"2024-04-09","016681","202000041905","0.8825","0.8825","","",""
"2024-04-10","016681","202000041905","0.8737","0.8737","","",""
"2024-04-11","016681","202000041905","0.8804","0.8804","","",""
"2024-04-12","016681","202000041905","0.8785","0.8785","","",""
"2024-04-15","016681","202000041905","0.8888","0.8888","","",""
"2024-04-16","016681","202000041905","0.8684","0.8684","","",""
"2024-04-17","016681","202000041905","0.8894","0.8894","","",""
"2024-04-18","016681","202000041905","0.8927","0.8927","","",""
"2024-04-19","016681","202000041905","0.8897","0.8897","","",""
"2024-04-22","016681","202000041905","0.8840","0.8840","","",""
"2024-04-23","016681","202000041905","0.8716","0.8716","","",""
"2024-04-24","016681","202000041905","0.8805","0.8805","","",""
"2024-04-25","016681","202000041905","0.8787","0.8787","","",""
"2024-04-26","016681","202000041905","0.8951","0.8951","","",""
"2024-04-29","016681","202000041905","0.9089","0.9089","","",""
"2024-04-30","016681","202000041905","0.9062","0.9062","","",""
"2024-05-06","016681","202000041905","0.9221","0.9221","","",""
"2024-05-07","016681","202000041905","0.9211","0.9211","","",""
"2024-05-08","016681","202000041905","0.9094","0.9094","","",""
"2024-05-09","016681","202000041905","0.9236","0.9236","","",""
"2024-05-10","016681","202000041905","0.9225","0.9225","","",""
"2024-05-13","016681","202000041905","0.9194","0.9194","","",""
"2024-05-14","016681","202000041905","0.9189","0.9189","","",""
"2024-05-15","016681","202000041905","0.9116","0.9116","","",""
"2024-05-16","016681","202000041905","0.9069","0.9069","","",""
"2024-05-17","016681","202000041905","0.9154","0.9154","","",""
"2024-05-20","016681","202000041905","0.9188","0.9188","","",""
"2024-05-21","016681","202000041905","0.9136","0.9136","","",""
"2024-05-22","016681","202000041905","0.9089","0.9089","","",""
"2024-05-23","016681","202000041905","0.8936","0.8936","","",""
"2024-05-24","016681","202000041905","0.8887","0.8887","","",""
"2024-05-27","016681","202000041905","0.8980","0.8980","","",""
"2024-05-28","016681","202000041905","0.8890","0.8890","","",""
"2024-05-29","016681","202000041905","0.8910","0.8910","","",""
"2024-05-30","016681","202000041905","0.8887","0.8887","","",""
"2024-05-31","016681","202000041905","0.8885","0.8885","","",""
"2024-06-03","016681","202000041905","0.8836","0.8836","","",""
"2024-06-04","016681","202000041905","0.8933","0.8933","","",""
"2024-06-05","016681","202000041905","0.8827","0.8827","","",""
"2024-06-06","016681","202000041905","0.8762","0.8762","","",""
"2024-06-07","016681","202000041905","0.8764","0.8764","","",""
"2024-06-11","016681","202000041905","0.8749","0.8749","","",""
"2024-06-12","016681","202000041905","0.8773","0.8773","","",""
"2024-06-13","016681","202000041905","0.8720","0.8720","","",""
"2024-06-14","016681","202000041905","0.8774","0.8774","","",""
"2024-06-17","016681","202000041905","0.8745","0.8745","","",""
"2024-06-18","016681","202000041905","0.8793","0.8793","","",""
"2024-06-19","016681","202000041905","0.8703","0.8703","","",""
"2024-06-20","016681","202000041905","0.8590","0.8590","","",""
"2024-06-21","016681","202000041905","0.8622","0.8622","","",""
"2024-06-24","016681","202000041905","0.8452","0.8452","","",""
"2024-06-25","016681","202000041905","0.8403","0.8403","","",""
"2024-06-26","016681","202000041905","0.8530","0.8530","","",""
"2024-06-27","016681","202000041905","0.8381","0.8381","","",""
"2024-06-28","016681","202000041905","0.8430","0.8430","","",""
"2024-06-30","016681","202000041905","0.8429","0.8429","","",""
"2024-07-01","016681","202000041905","0.8531","0.8531","","",""
"2024-07-02","016681","202000041905","0.8438","0.8438","","",""
"2024-07-03","016681","202000041905","0.8372","0.8372","","",""
"2024-07-04","016681","202000041905","0.8254","0.8254","","",""
"2024-07-05","016681","202000041905","0.8304","0.8304","","",""
"2024-07-08","016681","202000041905","0.8175","0.8175","","",""
"2024-07-09","016681","202000041905","0.8339","0.8339","","",""
"2024-07-10","016681","202000041905","0.8292","0.8292","","",""
"2024-07-11","016681","202000041905","0.8451","0.8451","","",""
"2024-07-12","016681","202000041905","0.8417","0.8417","","",""
"2024-07-15","016681","202000041905","0.8343","0.8343","","",""
"2024-07-16","016681","202000041905","0.8355","0.8355","","",""
"2024-07-17","016681","202000041905","0.8260","0.8260","","",""
"2024-07-18","016681","202000041905","0.8290","0.8290","","",""
"2024-07-19","016681","202000041905","0.8260","0.8260","","",""
"2024-07-22","016681","202000041905","0.8231","0.8231","","",""
"2024-07-23","016681","202000041905","0.8011","0.8011","","",""
"2024-07-24","016681","202000041905","0.7925","0.7925","","",""
"2024-07-25","016681","202000041905","0.7898","0.7898","","",""
"2024-07-26","016681","202000041905","0.8028","0.8028","","",""
"2024-07-29","016681","202000041905","0.7982","0.7982","","",""
"2024-07-30","016681","202000041905","0.7947","0.7947","","",""
"2024-07-31","016681","202000041905","0.8237","0.8237","","",""
"2024-08-01","016681","202000041905","0.8177","0.8177","","",""
"2024-08-02","016681","202000041905","0.8061","0.8061","","",""
"2024-08-05","016681","202000041905","0.7900","0.7900","","",""
"2024-08-06","016681","202000041905","0.7993","0.7993","","",""
"2024-08-07","016681","202000041905","0.7990","0.7990","","",""
"2024-08-08","016681","202000041905","0.8004","0.8004","","",""
"2024-08-09","016681","202000041905","0.7970","0.7970","","",""
"2024-08-12","016681","202000041905","0.7975","0.7975","","",""
"2024-08-13","016681","202000041905","0.8007","0.8007","","",""
"2024-08-14","016681","202000041905","0.7898","0.7898","","",""
"2024-08-15","016681","202000041905","0.7955","0.7955","","",""
"2024-08-16","016681","202000041905","0.7922","0.7922","","",""
"2024-08-19","016681","202000041905","0.7952","0.7952","","",""
"2024-08-20","016681","202000041905","0.7828","0.7828","","",""
"2024-08-21","016681","202000041905","0.7796","0.7796","","",""
"2024-08-22","016681","202000041905","0.7726","0.7726","","",""
"2024-08-23","016681","202000041905","0.7737","0.7737","","",""
"2024-08-26","016681","202000041905","0.7745","0.7745","","",""
"2024-08-27","016681","202000041905","0.7673","0.7673","","",""
"2024-08-28","016681","202000041905","0.7684","0.7684","","",""
"2024-08-29","016681","202000041905","0.7774","0.7774","","",""
"2024-08-30","016681","202000041905","0.7887","0.7887","","",""
"2024-09-02","016681","202000041905","0.7749","0.7749","","",""
"2024-09-03","016681","202000041905","0.7817","0.7817","","",""
"2024-09-04","016681","202000041905","0.7775","0.7775","","",""
"2024-09-05","016681","202000041905","0.7806","0.7806","","",""
"2024-09-06","016681","202000041905","0.7708","0.7708","","",""
"2024-09-09","016681","202000041905","0.7655","0.7655","","",""
"2024-09-10","016681","202000041905","0.7664","0.7664","","",""
"2024-09-11","016681","202000041905","0.7659","0.7659","","",""
"2024-09-12","016681","202000041905","0.7651","0.7651","","",""
"2024-09-13","016681","202000041905","0.7600","0.7600","","",""
"2024-09-18","016681","202000041905","0.7615","0.7615","","",""
"2024-09-19","016681","202000041905","0.7703","0.7703","","",""
"2024-09-20","016681","202000041905","0.7665","0.7665","","",""
"2024-09-23","016681","202000041905","0.7670","0.7670","","",""
"2024-09-24","016681","202000041905","0.7977","0.7977","","",""
"2024-09-25","016681","202000041905","0.8040","0.8040","","",""
"2024-09-26","016681","202000041905","0.8349","0.8349","","",""
"2024-09-27","016681","202000041905","0.8702","0.8702","","",""
"2024-09-30","016681","202000041905","0.9534","0.9534","","",""
"2024-10-08","016681","202000041905","1.0138","1.0138","","",""
"2024-10-09","016681","202000041905","0.9475","0.9475","","",""
"2024-10-10","016681","202000041905","0.9465","0.9465","","",""
"2024-10-11","016681","202000041905","0.9148","0.9148","","",""
"2024-10-14","016681","202000041905","0.9350","0.9350","","",""
"2024-10-15","016681","202000041905","0.9122","0.9122","","",""
"2024-10-16","016681","202000041905","0.9082","0.9082","","",""
"2024-10-17","016681","202000041905","0.9005","0.9005","","",""
"2024-10-18","016681","202000041905","0.9321","0.9321","","",""
"2024-10-21","016681","202000041905","0.9379","0.9379","","",""
"2024-10-22","016681","202000041905","0.9434","0.9434","","",""
"2024-10-23","016681","202000041905","0.9462","0.9462","","",""
"2024-10-24","016681","202000041905","0.9388","0.9388","","",""
"2024-10-25","016681","202000041905","0.9506","0.9506","","",""
"2024-10-28","016681","202000041905","0.9575","0.9575","","",""
"2024-10-29","016681","202000041905","0.9454","0.9454","","",""
"2024-10-30","016681","202000041905","0.9464","0.9464","","",""
"2024-10-31","016681","202000041905","0.9495","0.9495","","",""
"2024-11-01","016681","202000041905","0.9416","0.9416","","",""
"2024-11-04","016681","202000041905","0.9560","0.9560","","",""
"2024-11-05","016681","202000041905","0.9792","0.9792","","",""
"2024-11-06","016681","202000041905","0.9778","0.9778","","",""
"2024-11-07","016681","202000041905","0.9934","0.9934","","",""
"2024-11-08","016681","202000041905","0.9891","0.9891","","",""
"2024-11-11","016681","202000041905","1.0046","1.0046","","",""
"2024-11-12","016681","202000041905","0.9953","0.9953","","",""
"2024-11-13","016681","202000041905","0.9952","0.9952","","",""
"2024-11-14","016681","202000041905","0.9711","0.9711","","",""
"2024-11-15","016681","202000041905","0.9509","0.9509","","",""
"2024-11-18","016681","202000041905","0.9426","0.9426","","",""
"2024-11-19","016681","202000041905","0.9569","0.9569","","",""
"2024-11-20","016681","202000041905","0.9630","0.9630","","",""
"2024-11-21","016681","202000041905","0.9600","0.9600","","",""
"2024-11-22","016681","202000041905","0.9248","0.9248","","",""
"2024-11-25","016681","202000041905","0.9238","0.9238","","",""
"2024-11-26","016681","202000041905","0.9184","0.9184","","",""
"2024-11-27","016681","202000041905","0.9348","0.9348","","",""
"2024-11-28","016681","202000041905","0.9260","0.9260","","",""
"2024-11-29","016681","202000041905","0.9390","0.9390","","",""
"2024-12-02","016681","202000041905","0.9522","0.9522","","",""
"2024-12-03","016681","202000041905","0.9495","0.9495","","",""
"2024-12-04","016681","202000041905","0.9404","0.9404","","",""
"2024-12-05","016681","202000041905","0.9433","0.9433","","",""
"2024-12-06","016681","202000041905","0.9555","0.9555","","",""
"2024-12-09","016681","202000041905","0.9524","0.9524","","",""
"2024-12-10","016681","202000041905","0.9597","0.9597","","",""
"2024-12-11","016681","202000041905","0.9705","0.9705","","",""
"2024-12-12","016681","202000041905","0.9779","0.9779","","",""
"2024-12-13","016681","202000041905","0.9617","0.9617","","",""
"2024-12-16","016681","202000041905","0.9542","0.9542","","",""
"2024-12-17","016681","202000041905","0.9483","0.9483","","",""
"2024-12-18","016681","202000041905","0.9533","0.9533","","",""
"2024-12-19","016681","202000041905","0.9571","0.9571","","",""
"2024-12-20","016681","202000041905","0.9590","0.9590","","",""
"2024-12-23","016681","202000041905","0.9486","0.9486","","",""
"2024-12-24","016681","202000041905","0.9606","0.9606","","",""
"2024-12-25","016681","202000041905","0.9536","0.9536","","",""
"2024-12-26","016681","202000041905","0.9603","0.9603","","",""
"2024-12-27","016681","202000041905","0.9603","0.9603","","",""
"2024-12-30","016681","202000041905","0.9603","0.9603","","",""
"2024-12-31","016681","202000041905","0.9373","0.9373","","",""
"2025-01-02","016681","202000041905","0.9117","0.9117","","",""
"2025-01-03","016681","202000041905","0.8980","0.8980","","",""
"2025-01-06","016681","202000041905","0.9005","0.9005","","",""
"2025-01-07","016681","202000041905","0.9058","0.9058","","",""
"2025-01-08","016681","202000041905","0.9012","0.9012","","",""
"2025-01-09","016681","202000041905","0.8990","0.8990","","",""
"2025-01-10","016681","202000041905","0.8874","0.8874","","",""
"2025-01-13","016681","202000041905","0.8883","0.8883","","",""
"2025-01-14","016681","202000041905","0.9142","0.9142","","",""
"2025-01-15","016681","202000041905","0.9076","0.9076","","",""
"2025-01-16","016681","202000041905","0.9111","0.9111","","",""
"2025-01-17","016681","202000041905","0.9188","0.9188","","",""
"2025-01-20","016681","202000041905","0.9215","0.9215","","",""
"2025-01-21","016681","202000041905","0.9244","0.9244","","",""
"2025-01-22","016681","202000041905","0.9217","0.9217","","",""
"2025-01-23","016681","202000041905","0.9190","0.9190","","",""
"2025-01-24","016681","202000041905","0.9290","0.9290","","",""
"2025-01-27","016681","202000041905","0.9243","0.9243","","",""
"2025-02-05","016681","202000041905","0.9250","0.9250","","",""
"2025-02-06","016681","202000041905","0.9412","0.9412","","",""
"2025-02-07","016681","202000041905","0.9532","0.9532","","",""
"2025-02-10","016681","202000041905","0.9579","0.9579","","",""
"2025-02-11","016681","202000041905","0.9552","0.9552","","",""
"2025-02-12","016681","202000041905","0.9644","0.9644","","",""
"2025-02-13","016681","202000041905","0.9569","0.9569","","",""
"2025-02-14","016681","202000041905","0.9638","0.9638","","",""
"2025-02-17","016681","202000041905","0.9663","0.9663","","",""
"2025-02-18","016681","202000041905","0.9525","0.9525","","",""
"2025-02-19","016681","202000041905","0.9653","0.9653","","",""
"2025-02-20","016681","202000041905","0.9656","0.9656","","",""
"2025-02-21","016681","202000041905","0.9808","0.9808","","",""
"2025-02-24","016681","202000041905","0.9805","0.9805","","",""
"2025-02-25","016681","202000041905","0.9715","0.9715","","",""
"2025-02-26","016681","202000041905","0.9850","0.9850","","",""
"2025-02-27","016681","202000041905","0.9823","0.9823","","",""
"2025-02-28","016681","202000041905","0.9589","0.9589","","",""
"2025-03-03","016681","202000041905","0.9658","0.9658","","",""
"2025-03-04","016681","202000041905","0.9693","0.9693","","",""
"2025-03-05","016681","202000041905","0.9703","0.9703","","",""
"2025-03-06","016681","202000041905","0.9872","0.9872","","",""
"2025-03-07","016681","202000041905","0.9841","0.9841","","",""
"2025-03-10","016681","202000041905","0.9831","0.9831","","",""
"2025-03-11","016681","202000041905","0.9881","0.9881","","",""
"2025-03-12","016681","202000041905","0.9885","0.9885","","",""
"2025-03-13","016681","202000041905","0.9848","0.9848","","",""
"2025-03-14","016681","202000041905","1.0020","1.0020","","",""
"2025-03-17","016681","202000041905","1.0042","1.0042","","",""
"2025-03-18","016681","202000041905","1.0088","1.0088","","",""
"2025-03-19","016681","202000041905","1.0036","1.0036","","",""
"2025-03-20","016681","202000041905","0.9985","0.9985","","",""
"2025-03-21","016681","202000041905","0.9894","0.9894","","",""
"2025-03-24","016681","202000041905","0.9914","0.9914","","",""
"2025-03-25","016681","202000041905","0.9925","0.9925","","",""
"2025-03-26","016681","202000041905","0.9905","0.9905","","",""
"2025-03-27","016681","202000041905","0.9899","0.9899","","",""
"2025-03-28","016681","202000041905","0.9844","0.9844","","",""
"2025-03-31","016681","202000041905","0.9763","0.9763","","",""
"2025-04-01","016681","202000041905","0.9852","0.9852","","",""
"2024-04-03","016945","202000052598","1.1124","1.1124","","",""
"2024-04-12","016945","202000052598","1.0945","1.0945","","",""
"2024-04-19","016945","202000052598","1.1290","1.1290","","",""
"2024-04-22","016945","202000052598","1.1401","1.1401","","",""
"2024-04-23","016945","202000052598","1.1332","1.1332","","",""
"2024-04-24","016945","202000052598","1.1391","1.1391","","",""
"2024-04-25","016945","202000052598","1.1489","1.1489","","",""
"2024-04-26","016945","202000052598","1.1589","1.1589","","",""
"2024-04-29","016945","202000052598","1.1731","1.1731","","",""
"2024-04-30","016945","202000052598","1.1704","1.1704","","",""
"2024-05-06","016945","202000052598","1.2000","1.2000","","",""
"2024-05-07","016945","202000052598","1.1977","1.1977","","",""
"2024-05-08","016945","202000052598","1.1835","1.1835","","",""
"2024-05-09","016945","202000052598","1.1970","1.1970","","",""
"2024-05-10","016945","202000052598","1.2011","1.2011","","",""
"2024-05-13","016945","202000052598","1.2025","1.2025","","",""
"2024-05-14","016945","202000052598","1.2020","1.2020","","",""
"2024-05-15","016945","202000052598","1.1974","1.1974","","",""
"2024-05-16","016945","202000052598","1.2103","1.2103","","",""
"2024-05-17","016945","202000052598","1.2214","1.2214","","",""
"2024-05-20","016945","202000052598","1.2177","1.2177","","",""
"2024-05-21","016945","202000052598","1.2075","1.2075","","",""
"2024-05-22","016945","202000052598","1.2068","1.2068","","",""
"2024-05-23","016945","202000052598","1.1978","1.1978","","",""
"2024-05-24","016945","202000052598","1.1882","1.1882","","",""
"2024-05-27","016945","202000052598","1.1932","1.1932","","",""
"2024-05-28","016945","202000052598","1.1831","1.1831","","",""
"2024-05-29","016945","202000052598","1.1775","1.1775","","",""
"2024-05-30","016945","202000052598","1.1718","1.1718","","",""
"2024-05-31","016945","202000052598","1.1647","1.1647","","",""
"2024-06-03","016945","202000052598","1.1722","1.1722","","",""
"2024-06-04","016945","202000052598","1.1827","1.1827","","",""
"2024-06-05","016945","202000052598","1.1703","1.1703","","",""
"2024-06-06","016945","202000052598","1.1729","1.1729","","",""
"2024-06-07","016945","202000052598","1.1615","1.1615","","",""
"2024-06-11","016945","202000052598","1.1534","1.1534","","",""
"2024-06-12","016945","202000052598","1.1485","1.1485","","",""
"2024-06-13","016945","202000052598","1.1423","1.1423","","",""
"2024-06-14","016945","202000052598","1.1515","1.1515","","",""
"2024-06-17","016945","202000052598","1.1486","1.1486","","",""
"2024-06-18","016945","202000052598","1.1512","1.1512","","",""
"2024-06-19","016945","202000052598","1.1517","1.1517","","",""
"2024-06-20","016945","202000052598","1.1442","1.1442","","",""
"2024-06-21","016945","202000052598","1.1377","1.1377","","",""
"2024-06-24","016945","202000052598","1.1392","1.1392","","",""
"2024-06-25","016945","202000052598","1.1437","1.1437","","",""
"2024-06-26","016945","202000052598","1.1443","1.1443","","",""
"2024-06-27","016945","202000052598","1.1305","1.1305","","",""
"2024-06-28","016945","202000052598","1.1318","1.1318","","",""
"2024-06-30","016945","202000052598","1.1317","1.1317","","",""
"2024-07-01","016945","202000052598","1.1319","1.1319","","",""
"2024-07-02","016945","202000052598","1.1296","1.1296","","",""
"2024-07-03","016945","202000052598","1.1291","1.1291","","",""
"2024-07-04","016945","202000052598","1.1228","1.1228","","",""
"2024-07-05","016945","202000052598","1.1176","1.1176","","",""
"2024-07-08","016945","202000052598","1.1089","1.1089","","",""
"2024-07-09","016945","202000052598","1.1135","1.1135","","",""
"2024-07-10","016945","202000052598","1.1078","1.1078","","",""
"2024-07-11","016945","202000052598","1.1275","1.1275","","",""
"2024-07-12","016945","202000052598","1.1377","1.1377","","",""
"2024-07-15","016945","202000052598","1.1310","1.1310","","",""
"2024-07-16","016945","202000052598","1.1236","1.1236","","",""
"2024-07-17","016945","202000052598","1.1215","1.1215","","",""
"2024-07-18","016945","202000052598","1.1307","1.1307","","",""
"2024-07-19","016945","202000052598","1.1242","1.1242","","",""
"2024-07-22","016945","202000052598","1.1143","1.1143","","",""
"2024-07-23","016945","202000052598","1.0847","1.0847","","",""
"2024-07-24","016945","202000052598","1.0758","1.0758","","",""
"2024-07-25","016945","202000052598","1.0649","1.0649","","",""
"2024-07-26","016945","202000052598","1.0762","1.0762","","",""
"2024-07-29","016945","202000052598","1.0714","1.0714","","",""
"2024-07-30","016945","202000052598","1.0596","1.0596","","",""
"2024-07-31","016945","202000052598","1.0886","1.0886","","",""
"2024-08-01","016945","202000052598","1.0704","1.0704","","",""
"2024-08-02","016945","202000052598","1.0579","1.0579","","",""
"2024-08-05","016945","202000052598","1.0503","1.0503","","",""
"2024-08-06","016945","202000052598","1.0491","1.0491","","",""
"2024-08-07","016945","202000052598","1.0518","1.0518","","",""
"2024-08-08","016945","202000052598","1.0618","1.0618","","",""
"2024-08-09","016945","202000052598","1.0614","1.0614","","",""
"2024-08-12","016945","202000052598","1.0607","1.0607","","",""
"2024-08-13","016945","202000052598","1.0631","1.0631","","",""
"2024-08-14","016945","202000052598","1.0471","1.0471","","",""
"2024-08-15","016945","202000052598","1.0479","1.0479","","",""
"2024-08-16","016945","202000052598","1.0504","1.0504","","",""
"2024-08-19","016945","202000052598","1.0513","1.0513","","",""
"2024-08-20","016945","202000052598","1.0431","1.0431","","",""
"2024-08-21","016945","202000052598","1.0388","1.0388","","",""
"2024-08-22","016945","202000052598","1.0406","1.0406","","",""
"2024-08-23","016945","202000052598","1.0497","1.0497","","",""
"2024-08-26","016945","202000052598","1.0508","1.0508","","",""
"2024-08-27","016945","202000052598","1.0490","1.0490","","",""
"2024-08-28","016945","202000052598","1.0430","1.0430","","",""
"2024-08-29","016945","202000052598","1.0523","1.0523","","",""
"2024-08-30","016945","202000052598","1.0701","1.0701","","",""
"2024-09-02","016945","202000052598","1.0502","1.0502","","",""
"2024-09-03","016945","202000052598","1.0596","1.0596","","",""
"2024-09-04","016945","202000052598","1.0495","1.0495","","",""
"2024-09-05","016945","202000052598","1.0500","1.0500","","",""
"2024-09-06","016945","202000052598","1.0369","1.0369","","",""
"2024-09-09","016945","202000052598","1.0202","1.0202","","",""
"2024-09-10","016945","202000052598","1.0146","1.0146","","",""
"2024-09-11","016945","202000052598","1.0180","1.0180","","",""
"2024-09-12","016945","202000052598","1.0118","1.0118","","",""
"2024-09-13","016945","202000052598","1.0057","1.0057","","",""
"2024-09-18","016945","202000052598","1.0111","1.0111","","",""
"2024-09-19","016945","202000052598","1.0203","1.0203","","",""
"2024-09-20","016945","202000052598","1.0195","1.0195","","",""
"2024-09-23","016945","202000052598","1.0218","1.0218","","",""
"2024-09-24","016945","202000052598","1.0681","1.0681","","",""
"2024-09-25","016945","202000052598","1.0759","1.0759","","",""
"2024-09-26","016945","202000052598","1.1328","1.1328","","",""
"2024-09-27","016945","202000052598","1.1782","1.1782","","",""
"2024-09-30","016945","202000052598","1.2479","1.2479","","",""
"2024-10-08","016945","202000052598","1.2784","1.2784","","",""
"2024-10-09","016945","202000052598","1.2009","1.2009","","",""
"2024-10-10","016945","202000052598","1.2274","1.2274","","",""
"2024-10-11","016945","202000052598","1.2090","1.2090","","",""
"2024-10-14","016945","202000052598","1.2208","1.2208","","",""
"2024-10-15","016945","202000052598","1.1934","1.1934","","",""
"2024-10-16","016945","202000052598","1.1978","1.1978","","",""
"2024-10-17","016945","202000052598","1.1772","1.1772","","",""
"2024-10-18","016945","202000052598","1.2030","1.2030","","",""
"2024-10-21","016945","202000052598","1.2007","1.2007","","",""
"2024-10-22","016945","202000052598","1.2149","1.2149","","",""
"2024-10-23","016945","202000052598","1.2167","1.2167","","",""
"2024-10-24","016945","202000052598","1.2027","1.2027","","",""
"2024-10-25","016945","202000052598","1.2028","1.2028","","",""
"2024-10-28","016945","202000052598","1.2117","1.2117","","",""
"2024-10-29","016945","202000052598","1.1993","1.1993","","",""
"2024-10-30","016945","202000052598","1.1870","1.1870","","",""
"2024-10-31","016945","202000052598","1.1783","1.1783","","",""
"2024-11-01","016945","202000052598","1.1891","1.1891","","",""
"2024-11-04","016945","202000052598","1.1961","1.1961","","",""
"2024-11-05","016945","202000052598","1.2116","1.2116","","",""
"2024-11-06","016945","202000052598","1.1995","1.1995","","",""
"2024-11-07","016945","202000052598","1.2269","1.2269","","",""
"2024-11-08","016945","202000052598","1.2167","1.2167","","",""
"2024-11-11","016945","202000052598","1.2070","1.2070","","",""
"2024-11-12","016945","202000052598","1.1961","1.1961","","",""
"2024-11-13","016945","202000052598","1.1986","1.1986","","",""
"2024-11-14","016945","202000052598","1.1879","1.1879","","",""
"2024-11-15","016945","202000052598","1.1795","1.1795","","",""
"2024-11-18","016945","202000052598","1.1766","1.1766","","",""
"2024-11-19","016945","202000052598","1.1803","1.1803","","",""
"2024-11-20","016945","202000052598","1.1858","1.1858","","",""
"2024-11-21","016945","202000052598","1.1844","1.1844","","",""
"2024-11-22","016945","202000052598","1.1550","1.1550","","",""
"2024-11-25","016945","202000052598","1.1511","1.1511","","",""
"2024-11-26","016945","202000052598","1.1501","1.1501","","",""
"2024-11-27","016945","202000052598","1.1658","1.1658","","",""
"2024-11-28","016945","202000052598","1.1526","1.1526","","",""
"2024-11-29","016945","202000052598","1.1626","1.1626","","",""
"2024-12-02","016945","202000052598","1.1697","1.1697","","",""
"2024-12-03","016945","202000052598","1.1739","1.1739","","",""
"2024-12-04","016945","202000052598","1.1720","1.1720","","",""
"2024-12-05","016945","202000052598","1.1729","1.1729","","",""
"2024-12-06","016945","202000052598","1.1853","1.1853","","",""
"2024-12-09","016945","202000052598","1.1888","1.1888","","",""
"2024-12-10","016945","202000052598","1.1963","1.1963","","",""
"2024-12-11","016945","202000052598","1.1961","1.1961","","",""
"2024-12-12","016945","202000052598","1.2076","1.2076","","",""
"2024-12-13","016945","202000052598","1.1830","1.1830","","",""
"2024-12-16","016945","202000052598","1.1758","1.1758","","",""
"2024-12-17","016945","202000052598","1.1799","1.1799","","",""
"2024-12-18","016945","202000052598","1.1818","1.1818","","",""
"2024-12-19","016945","202000052598","1.1858","1.1858","","",""
"2024-12-20","016945","202000052598","1.1837","1.1837","","",""
"2024-12-23","016945","202000052598","1.1832","1.1832","","",""
"2024-12-24","016945","202000052598","1.1988","1.1988","","",""
"2024-12-25","016945","202000052598","1.1927","1.1927","","",""
"2024-12-26","016945","202000052598","1.1951","1.1951","","",""
"2024-12-27","016945","202000052598","1.1925","1.1925","","",""
"2024-12-30","016945","202000052598","1.1904","1.1904","","",""
"2024-12-31","016945","202000052598","1.1865","1.1865","","",""
"2025-01-02","016945","202000052598","1.1666","1.1666","","",""
"2025-01-03","016945","202000052598","1.1608","1.1608","","",""
"2025-01-06","016945","202000052598","1.1563","1.1563","","",""
"2025-01-07","016945","202000052598","1.1523","1.1523","","",""
"2025-01-08","016945","202000052598","1.1474","1.1474","","",""
"2025-01-09","016945","202000052598","1.1459","1.1459","","",""
"2025-01-10","016945","202000052598","1.1340","1.1340","","",""
"2025-01-13","016945","202000052598","1.1357","1.1357","","",""
"2025-01-14","016945","202000052598","1.1515","1.1515","","",""
"2025-01-15","016945","202000052598","1.1517","1.1517","","",""
"2025-01-16","016945","202000052598","1.1583","1.1583","","",""
"2025-01-17","016945","202000052598","1.1601","1.1601","","",""
"2025-01-20","016945","202000052598","1.1635","1.1635","","",""
"2025-01-21","016945","202000052598","1.1624","1.1624","","",""
"2025-01-22","016945","202000052598","1.1494","1.1494","","",""
"2025-01-23","016945","202000052598","1.1474","1.1474","","",""
"2025-01-24","016945","202000052598","1.1556","1.1556","","",""
"2025-01-27","016945","202000052598","1.1626","1.1626","","",""
"2025-02-05","016945","202000052598","1.1521","1.1521","","",""
"2025-02-06","016945","202000052598","1.1552","1.1552","","",""
"2025-02-07","016945","202000052598","1.1690","1.1690","","",""
"2025-02-10","016945","202000052598","1.1714","1.1714","","",""
"2025-02-11","016945","202000052598","1.1699","1.1699","","",""
"2025-02-12","016945","202000052598","1.1811","1.1811","","",""
"2025-02-13","016945","202000052598","1.1798","1.1798","","",""
"2025-02-14","016945","202000052598","1.1909","1.1909","","",""
"2025-02-17","016945","202000052598","1.1898","1.1898","","",""
"2025-02-18","016945","202000052598","1.1875","1.1875","","",""
"2025-02-19","016945","202000052598","1.1885","1.1885","","",""
"2025-02-20","016945","202000052598","1.1821","1.1821","","",""
"2025-02-21","016945","202000052598","1.1869","1.1869","","",""
"2025-02-24","016945","202000052598","1.1876","1.1876","","",""
"2025-02-25","016945","202000052598","1.1744","1.1744","","",""
"2025-02-26","016945","202000052598","1.1882","1.1882","","",""
"2025-02-27","016945","202000052598","1.1977","1.1977","","",""
"2025-02-28","016945","202000052598","1.1847","1.1847","","",""
"2025-03-03","016945","202000052598","1.1868","1.1868","","",""
"2025-03-04","016945","202000052598","1.1857","1.1857","","",""
"2025-03-05","016945","202000052598","1.1952","1.1952","","",""
"2025-03-06","016945","202000052598","1.2101","1.2101","","",""
"2025-03-07","016945","202000052598","1.2129","1.2129","","",""
"2025-03-10","016945","202000052598","1.2089","1.2089","","",""
"2025-03-11","016945","202000052598","1.2202","1.2202","","",""
"2025-03-12","016945","202000052598","1.2153","1.2153","","",""
"2025-03-13","016945","202000052598","1.2119","1.2119","","",""
"2025-03-14","016945","202000052598","1.2380","1.2380","","",""
"2025-03-17","016945","202000052598","1.2404","1.2404","","",""
"2025-03-18","016945","202000052598","1.2479","1.2479","","",""
"2025-03-19","016945","202000052598","1.2510","1.2510","","",""
"2025-03-20","016945","202000052598","1.2370","1.2370","","",""
"2025-03-21","016945","202000052598","1.2259","1.2259","","",""
"2025-03-24","016945","202000052598","1.2310","1.2310","","",""
"2025-03-25","016945","202000052598","1.2323","1.2323","","",""
"2025-03-26","016945","202000052598","1.2263","1.2263","","",""
"2025-03-27","016945","202000052598","1.2370","1.2370","","",""
"2025-03-28","016945","202000052598","1.2304","1.2304","","",""
"2025-03-31","016945","202000052598","1.2193","1.2193","","",""
"2025-04-01","016945","202000052598","1.2299","1.2299","","",""
"2024-04-02","017053","202000045552","1.0252","1.0252","","",""
"2024-04-03","017053","202000045552","1.0263","1.0263","","",""
"2024-04-08","017053","202000045552","1.0271","1.0271","","",""
"2024-04-09","017053","202000045552","1.0281","1.0281","","",""
"2024-04-10","017053","202000045552","1.0279","1.0279","","",""
"2024-04-11","017053","202000045552","1.0289","1.0289","","",""
"2024-04-12","017053","202000045552","1.0304","1.0304","","",""
"2024-04-15","017053","202000045552","1.0309","1.0309","","",""
"2024-04-16","017053","202000045552","1.0310","1.0310","","",""
"2024-04-17","017053","202000045552","1.0324","1.0324","","",""
"2024-04-18","017053","202000045552","1.0332","1.0332","","",""
"2024-04-19","017053","202000045552","1.0337","1.0337","","",""
"2024-04-22","017053","202000045552","1.0344","1.0344","","",""
"2024-04-23","017053","202000045552","1.0351","1.0351","","",""
"2024-04-24","017053","202000045552","1.0330","1.0330","","",""
"2024-04-25","017053","202000045552","1.0330","1.0330","","",""
"2024-04-26","017053","202000045552","1.0308","1.0308","","",""
"2024-04-29","017053","202000045552","1.0274","1.0274","","",""
"2024-04-30","017053","202000045552","1.0288","1.0288","","",""
"2024-05-06","017053","202000045552","1.0297","1.0297","","",""
"2024-05-07","017053","202000045552","1.0308","1.0308","","",""
"2024-05-08","017053","202000045552","1.0311","1.0311","","",""
"2024-05-09","017053","202000045552","1.0306","1.0306","","",""
"2024-05-10","017053","202000045552","1.0303","1.0303","","",""
"2024-05-13","017053","202000045552","1.0311","1.0311","","",""
"2024-05-14","017053","202000045552","1.0317","1.0317","","",""
"2024-05-15","017053","202000045552","1.0315","1.0315","","",""
"2024-05-16","017053","202000045552","1.0312","1.0312","","",""
"2024-05-17","017053","202000045552","1.0310","1.0310","","",""
"2024-05-20","017053","202000045552","1.0317","1.0317","","",""
"2024-05-21","017053","202000045552","1.0316","1.0316","","",""
"2024-05-22","017053","202000045552","1.0319","1.0319","","",""
"2024-05-23","017053","202000045552","1.0325","1.0325","","",""
"2024-05-24","017053","202000045552","1.0326","1.0326","","",""
"2024-05-27","017053","202000045552","1.0330","1.0330","","",""
"2024-05-28","017053","202000045552","1.0339","1.0339","","",""
"2024-05-29","017053","202000045552","1.0345","1.0345","","",""
"2024-05-30","017053","202000045552","1.0344","1.0344","","",""
"2024-05-31","017053","202000045552","1.0343","1.0343","","",""
"2024-06-03","017053","202000045552","1.0348","1.0348","","",""
"2024-06-04","017053","202000045552","1.0352","1.0352","","",""
"2024-06-05","017053","202000045552","1.0357","1.0357","","",""
"2024-06-06","017053","202000045552","1.0361","1.0361","","",""
"2024-06-07","017053","202000045552","1.0363","1.0363","","",""
"2024-06-11","017053","202000045552","1.0367","1.0367","","",""
"2024-06-12","017053","202000045552","1.0368","1.0368","","",""
"2024-06-13","017053","202000045552","1.0370","1.0370","","",""
"2024-06-14","017053","202000045552","1.0373","1.0373","","",""
"2024-06-17","017053","202000045552","1.0375","1.0375","","",""
"2024-06-18","017053","202000045552","1.0377","1.0377","","",""
"2024-06-19","017053","202000045552","1.0382","1.0382","","",""
"2024-06-20","017053","202000045552","1.0381","1.0381","","",""
"2024-06-21","017053","202000045552","1.0376","1.0376","","",""
"2024-06-24","017053","202000045552","1.0383","1.0383","","",""
"2024-06-25","017053","202000045552","1.0387","1.0387","","",""
"2024-06-26","017053","202000045552","1.0391","1.0391","","",""
"2024-06-27","017053","202000045552","1.0398","1.0398","","",""
"2024-06-28","017053","202000045552","1.0402","1.0402","","",""
"2024-06-30","017053","202000045552","1.0403","1.0403","","",""
"2024-07-01","017053","202000045552","1.0388","1.0388","","",""
"2024-07-02","017053","202000045552","1.0395","1.0395","","",""
"2024-07-03","017053","202000045552","1.0401","1.0401","","",""
"2024-07-04","017053","202000045552","1.0404","1.0404","","",""
"2024-07-05","017053","202000045552","1.0395","1.0395","","",""
"2024-07-08","017053","202000045552","1.0381","1.0381","","",""
"2024-07-09","017053","202000045552","1.0390","1.0390","","",""
"2024-07-10","017053","202000045552","1.0392","1.0392","","",""
"2024-07-11","017053","202000045552","1.0395","1.0395","","",""
"2024-07-12","017053","202000045552","1.0401","1.0401","","",""
"2024-07-15","017053","202000045552","1.0404","1.0404","","",""
"2024-07-16","017053","202000045552","1.0406","1.0406","","",""
"2024-07-17","017053","202000045552","1.0406","1.0406","","",""
"2024-07-18","017053","202000045552","1.0404","1.0404","","",""
"2024-07-19","017053","202000045552","1.0406","1.0406","","",""
"2024-07-22","017053","202000045552","1.0418","1.0418","","",""
"2024-07-23","017053","202000045552","1.0428","1.0428","","",""
"2024-07-24","017053","202000045552","1.0430","1.0430","","",""
"2024-07-25","017053","202000045552","1.0438","1.0438","","",""
"2024-07-26","017053","202000045552","1.0448","1.0448","","",""
"2024-07-29","017053","202000045552","1.0453","1.0453","","",""
"2024-07-30","017053","202000045552","1.0456","1.0456","","",""
"2024-07-31","017053","202000045552","1.0461","1.0461","","",""
"2024-08-01","017053","202000045552","1.0464","1.0464","","",""
"2024-08-02","017053","202000045552","1.0470","1.0470","","",""
"2024-08-05","017053","202000045552","1.0479","1.0479","","",""
"2024-08-06","017053","202000045552","1.0469","1.0469","","",""
"2024-08-07","017053","202000045552","1.0474","1.0474","","",""
"2024-08-08","017053","202000045552","1.0464","1.0464","","",""
"2024-08-09","017053","202000045552","1.0454","1.0454","","",""
"2024-08-12","017053","202000045552","1.0421","1.0421","","",""
"2024-08-13","017053","202000045552","1.0434","1.0434","","",""
"2024-08-14","017053","202000045552","1.0447","1.0447","","",""
"2024-08-15","017053","202000045552","1.0439","1.0439","","",""
"2024-08-16","017053","202000045552","1.0439","1.0439","","",""
"2024-08-19","017053","202000045552","1.0443","1.0443","","",""
"2024-08-20","017053","202000045552","1.0443","1.0443","","",""
"2024-08-21","017053","202000045552","1.0435","1.0435","","",""
"2024-08-22","017053","202000045552","1.0438","1.0438","","",""
"2024-08-23","017053","202000045552","1.0435","1.0435","","",""
"2024-08-26","017053","202000045552","1.0433","1.0433","","",""
"2024-08-27","017053","202000045552","1.0420","1.0420","","",""
"2024-08-28","017053","202000045552","1.0427","1.0427","","",""
"2024-08-29","017053","202000045552","1.0433","1.0433","","",""
"2024-08-30","017053","202000045552","1.0437","1.0437","","",""
"2024-09-02","017053","202000045552","1.0449","1.0449","","",""
"2024-09-03","017053","202000045552","1.0452","1.0452","","",""
"2024-09-04","017053","202000045552","1.0454","1.0454","","",""
"2024-09-05","017053","202000045552","1.0459","1.0459","","",""
"2024-09-06","017053","202000045552","1.0458","1.0458","","",""
"2024-09-09","017053","202000045552","1.0463","1.0463","","",""
"2024-09-10","017053","202000045552","1.0467","1.0467","","",""
"2024-09-11","017053","202000045552","1.0471","1.0471","","",""
"2024-09-12","017053","202000045552","1.0477","1.0477","","",""
"2024-09-13","017053","202000045552","1.0483","1.0483","","",""
"2024-09-18","017053","202000045552","1.0491","1.0491","","",""
"2024-09-19","017053","202000045552","1.0489","1.0489","","",""
"2024-09-20","017053","202000045552","1.0486","1.0486","","",""
"2024-09-23","017053","202000045552","1.0486","1.0486","","",""
"2024-09-24","017053","202000045552","1.0483","1.0483","","",""
"2024-09-25","017053","202000045552","1.0497","1.0497","","",""
"2024-09-26","017053","202000045552","1.0492","1.0492","","",""
"2024-09-27","017053","202000045552","1.0458","1.0458","","",""
"2024-09-30","017053","202000045552","1.0418","1.0418","","",""
"2024-10-08","017053","202000045552","1.0399","1.0399","","",""
"2024-10-09","017053","202000045552","1.0385","1.0385","","",""
"2024-10-10","017053","202000045552","1.0415","1.0415","","",""
"2024-10-11","017053","202000045552","1.0439","1.0439","","",""
"2024-10-14","017053","202000045552","1.0456","1.0456","","",""
"2024-10-15","017053","202000045552","1.0459","1.0459","","",""
"2024-10-16","017053","202000045552","1.0459","1.0459","","",""
"2024-10-17","017053","202000045552","1.0462","1.0462","","",""
"2024-10-18","017053","202000045552","1.0463","1.0463","","",""
"2024-10-21","017053","202000045552","1.0461","1.0461","","",""
"2024-10-22","017053","202000045552","1.0452","1.0452","","",""
"2024-10-23","017053","202000045552","1.0443","1.0443","","",""
"2024-10-24","017053","202000045552","1.0443","1.0443","","",""
"2024-10-25","017053","202000045552","1.0443","1.0443","","",""
"2024-10-28","017053","202000045552","1.0443","1.0443","","",""
"2024-10-29","017053","202000045552","1.0446","1.0446","","",""
"2024-10-30","017053","202000045552","1.0448","1.0448","","",""
"2024-10-31","017053","202000045552","1.0450","1.0450","","",""
"2024-11-01","017053","202000045552","1.0461","1.0461","","",""
"2024-11-04","017053","202000045552","1.0466","1.0466","","",""
"2024-11-05","017053","202000045552","1.0469","1.0469","","",""
"2024-11-06","017053","202000045552","1.0470","1.0470","","",""
"2024-11-07","017053","202000045552","1.0475","1.0475","","",""
"2024-11-08","017053","202000045552","1.0476","1.0476","","",""
"2024-11-11","017053","202000045552","1.0479","1.0479","","",""
"2024-11-12","017053","202000045552","1.0482","1.0482","","",""
"2024-11-13","017053","202000045552","1.0482","1.0482","","",""
"2024-11-14","017053","202000045552","1.0482","1.0482","","",""
"2024-11-15","017053","202000045552","1.0483","1.0483","","",""
"2024-11-18","017053","202000045552","1.0482","1.0482","","",""
"2024-11-19","017053","202000045552","1.0483","1.0483","","",""
"2024-11-20","017053","202000045552","1.0485","1.0485","","",""
"2024-11-21","017053","202000045552","1.0486","1.0486","","",""
"2024-11-22","017053","202000045552","1.0489","1.0489","","",""
"2024-11-25","017053","202000045552","1.0494","1.0494","","",""
"2024-11-26","017053","202000045552","1.0496","1.0496","","",""
"2024-11-27","017053","202000045552","1.0497","1.0497","","",""
"2024-11-28","017053","202000045552","1.0505","1.0505","","",""
"2024-11-29","017053","202000045552","1.0512","1.0512","","",""
"2024-12-02","017053","202000045552","1.0535","1.0535","","",""
"2024-12-03","017053","202000045552","1.0535","1.0535","","",""
"2024-12-04","017053","202000045552","1.0545","1.0545","","",""
"2024-12-05","017053","202000045552","1.0549","1.0549","","",""
"2024-12-06","017053","202000045552","1.0548","1.0548","","",""
"2024-12-09","017053","202000045552","1.0556","1.0556","","",""
"2024-12-10","017053","202000045552","1.0574","1.0574","","",""
"2024-12-11","017053","202000045552","1.0575","1.0575","","",""
"2024-12-12","017053","202000045552","1.0579","1.0579","","",""
"2024-12-13","017053","202000045552","1.0595","1.0595","","",""
"2024-12-16","017053","202000045552","1.0611","1.0611","","",""
"2024-12-17","017053","202000045552","1.0606","1.0606","","",""
"2024-12-18","017053","202000045552","1.0599","1.0599","","",""
"2024-12-19","017053","202000045552","1.0598","1.0598","","",""
"2024-12-20","017053","202000045552","1.0612","1.0612","","",""
"2024-12-23","017053","202000045552","1.0618","1.0618","","",""
"2024-12-24","017053","202000045552","1.0618","1.0618","","",""
"2024-12-25","017053","202000045552","1.0614","1.0614","","",""
"2024-12-26","017053","202000045552","1.0610","1.0610","","",""
"2024-12-27","017053","202000045552","1.0618","1.0618","","",""
"2024-12-30","017053","202000045552","1.0620","1.0620","","",""
"2024-12-31","017053","202000045552","1.0634","1.0634","","",""
"2025-01-02","017053","202000045552","1.0651","1.0651","","",""
"2025-01-03","017053","202000045552","1.0662","1.0662","","",""
"2025-01-06","017053","202000045552","1.0664","1.0664","","",""
"2025-01-07","017053","202000045552","1.0660","1.0660","","",""
"2025-01-08","017053","202000045552","1.0660","1.0660","","",""
"2025-01-09","017053","202000045552","1.0657","1.0657","","",""
"2025-01-10","017053","202000045552","1.0654","1.0654","","",""
"2025-01-13","017053","202000045552","1.0650","1.0650","","",""
"2025-01-14","017053","202000045552","1.0650","1.0650","","",""
"2025-01-15","017053","202000045552","1.0648","1.0648","","",""
"2025-01-16","017053","202000045552","1.0643","1.0643","","",""
"2025-01-17","017053","202000045552","1.0642","1.0642","","",""
"2025-01-20","017053","202000045552","1.0642","1.0642","","",""
"2025-01-21","017053","202000045552","1.0643","1.0643","","",""
"2025-01-22","017053","202000045552","1.0639","1.0639","","",""
"2025-01-23","017053","202000045552","1.0636","1.0636","","",""
"2025-01-24","017053","202000045552","1.0635","1.0635","","",""
"2025-01-27","017053","202000045552","1.0643","1.0643","","",""
"2025-02-05","017053","202000045552","1.0651","1.0651","","",""
"2025-02-06","017053","202000045552","1.0659","1.0659","","",""
"2025-02-07","017053","202000045552","1.0659","1.0659","","",""
"2025-02-10","017053","202000045552","1.0655","1.0655","","",""
"2025-02-11","017053","202000045552","1.0653","1.0653","","",""
"2025-02-12","017053","202000045552","1.0654","1.0654","","",""
"2025-02-13","017053","202000045552","1.0653","1.0653","","",""
"2025-02-14","017053","202000045552","1.0647","1.0647","","",""
"2025-02-17","017053","202000045552","1.0640","1.0640","","",""
"2025-02-18","017053","202000045552","1.0632","1.0632","","",""
"2025-02-19","017053","202000045552","1.0632","1.0632","","",""
"2025-02-20","017053","202000045552","1.0623","1.0623","","",""
"2025-02-21","017053","202000045552","1.0616","1.0616","","",""
"2025-02-24","017053","202000045552","1.0610","1.0610","","",""
"2025-02-25","017053","202000045552","1.0605","1.0605","","",""
"2025-02-26","017053","202000045552","1.0606","1.0606","","",""
"2025-02-27","017053","202000045552","1.0598","1.0598","","",""
"2025-02-28","017053","202000045552","1.0601","1.0601","","",""
"2025-03-03","017053","202000045552","1.0606","1.0606","","",""
"2025-03-04","017053","202000045552","1.0608","1.0608","","",""
"2025-03-05","017053","202000045552","1.0613","1.0613","","",""
"2025-03-06","017053","202000045552","1.0602","1.0602","","",""
"2025-03-07","017053","202000045552","1.0595","1.0595","","",""
"2025-03-10","017053","202000045552","1.0587","1.0587","","",""
"2025-03-11","017053","202000045552","1.0577","1.0577","","",""
"2025-03-12","017053","202000045552","1.0579","1.0579","","",""
"2025-03-13","017053","202000045552","1.0583","1.0583","","",""
"2025-03-14","017053","202000045552","1.0585","1.0585","","",""
"2025-03-17","017053","202000045552","1.0579","1.0579","","",""
"2025-03-18","017053","202000045552","1.0581","1.0581","","",""
"2025-03-19","017053","202000045552","1.0585","1.0585","","",""
"2025-03-20","017053","202000045552","1.0595","1.0595","","",""
"2025-03-21","017053","202000045552","1.0596","1.0596","","",""
"2025-03-24","017053","202000045552","1.0599","1.0599","","",""
"2025-03-25","017053","202000045552","1.0607","1.0607","","",""
"2025-03-26","017053","202000045552","1.0612","1.0612","","",""
"2025-03-27","017053","202000045552","1.0616","1.0616","","",""
"2025-03-28","017053","202000045552","1.0613","1.0613","","",""
"2025-03-31","017053","202000045552","1.0619","1.0619","","",""
"2025-04-01","017053","202000045552","1.0620","1.0620","","",""
"2024-04-02","017086","202000044378","0.8955","0.8955","","",""
"2024-04-03","017086","202000044378","0.8988","0.8988","","",""
"2024-04-08","017086","202000044378","0.8949","0.8949","","",""
"2024-04-09","017086","202000044378","0.8929","0.8929","","",""
"2024-04-10","017086","202000044378","0.8926","0.8926","","",""
"2024-04-11","017086","202000044378","0.8999","0.8999","","",""
"2024-04-12","017086","202000044378","0.9045","0.9045","","",""
"2024-04-15","017086","202000044378","0.9182","0.9182","","",""
"2024-04-16","017086","202000044378","0.9042","0.9042","","",""
"2024-04-17","017086","202000044378","0.9226","0.9226","","",""
"2024-04-18","017086","202000044378","0.9216","0.9216","","",""
"2024-04-19","017086","202000044378","0.9200","0.9200","","",""
"2024-04-22","017086","202000044378","0.9115","0.9115","","",""
"2024-04-23","017086","202000044378","0.9006","0.9006","","",""
"2024-04-24","017086","202000044378","0.9120","0.9120","","",""
"2024-04-25","017086","202000044378","0.9140","0.9140","","",""
"2024-04-26","017086","202000044378","0.9278","0.9278","","",""
"2024-04-29","017086","202000044378","0.9316","0.9316","","",""
"2024-04-30","017086","202000044378","0.9319","0.9319","","",""
"2024-05-06","017086","202000044378","0.9440","0.9440","","",""
"2024-05-07","017086","202000044378","0.9453","0.9453","","",""
"2024-05-08","017086","202000044378","0.9365","0.9365","","",""
"2024-05-09","017086","202000044378","0.9476","0.9476","","",""
"2024-05-10","017086","202000044378","0.9479","0.9479","","",""
"2024-05-13","017086","202000044378","0.9516","0.9516","","",""
"2024-05-14","017086","202000044378","0.9515","0.9515","","",""
"2024-05-15","017086","202000044378","0.9451","0.9451","","",""
"2024-05-16","017086","202000044378","0.9390","0.9390","","",""
"2024-05-17","017086","202000044378","0.9406","0.9406","","",""
"2024-05-20","017086","202000044378","0.9458","0.9458","","",""
"2024-05-21","017086","202000044378","0.9361","0.9361","","",""
"2024-05-22","017086","202000044378","0.9310","0.9310","","",""
"2024-05-23","017086","202000044378","0.9206","0.9206","","",""
"2024-05-24","017086","202000044378","0.9172","0.9172","","",""
"2024-05-27","017086","202000044378","0.9294","0.9294","","",""
"2024-05-28","017086","202000044378","0.9248","0.9248","","",""
"2024-05-29","017086","202000044378","0.9244","0.9244","","",""
"2024-05-30","017086","202000044378","0.9207","0.9207","","",""
"2024-05-31","017086","202000044378","0.9178","0.9178","","",""
"2024-06-03","017086","202000044378","0.9204","0.9204","","",""
"2024-06-04","017086","202000044378","0.9290","0.9290","","",""
"2024-06-05","017086","202000044378","0.9200","0.9200","","",""
"2024-06-06","017086","202000044378","0.9235","0.9235","","",""
"2024-06-07","017086","202000044378","0.9196","0.9196","","",""
"2024-06-11","017086","202000044378","0.9183","0.9183","","",""
"2024-06-12","017086","202000044378","0.9215","0.9215","","",""
"2024-06-13","017086","202000044378","0.9190","0.9190","","",""
"2024-06-14","017086","202000044378","0.9160","0.9160","","",""
"2024-06-17","017086","202000044378","0.9147","0.9147","","",""
"2024-06-18","017086","202000044378","0.9196","0.9196","","",""
"2024-06-19","017086","202000044378","0.9192","0.9192","","",""
"2024-06-20","017086","202000044378","0.9171","0.9171","","",""
"2024-06-21","017086","202000044378","0.9145","0.9145","","",""
"2024-06-24","017086","202000044378","0.9059","0.9059","","",""
"2024-06-25","017086","202000044378","0.9030","0.9030","","",""
"2024-06-26","017086","202000044378","0.9077","0.9077","","",""
"2024-06-27","017086","202000044378","0.8962","0.8962","","",""
"2024-06-28","017086","202000044378","0.9073","0.9073","","",""
"2024-06-30","017086","202000044378","0.9072","0.9072","","",""
"2024-07-01","017086","202000044378","0.9114","0.9114","","",""
"2024-07-02","017086","202000044378","0.9012","0.9012","","",""
"2024-07-03","017086","202000044378","0.8980","0.8980","","",""
"2024-07-04","017086","202000044378","0.8972","0.8972","","",""
"2024-07-05","017086","202000044378","0.9003","0.9003","","",""
"2024-07-08","017086","202000044378","0.8932","0.8932","","",""
"2024-07-09","017086","202000044378","0.9089","0.9089","","",""
"2024-07-10","017086","202000044378","0.9051","0.9051","","",""
"2024-07-11","017086","202000044378","0.9208","0.9208","","",""
"2024-07-12","017086","202000044378","0.9123","0.9123","","",""
"2024-07-15","017086","202000044378","0.9143","0.9143","","",""
"2024-07-16","017086","202000044378","0.9196","0.9196","","",""
"2024-07-17","017086","202000044378","0.9027","0.9027","","",""
"2024-07-18","017086","202000044378","0.9041","0.9041","","",""
"2024-07-19","017086","202000044378","0.8986","0.8986","","",""
"2024-07-22","017086","202000044378","0.8935","0.8935","","",""
"2024-07-23","017086","202000044378","0.8657","0.8657","","",""
"2024-07-24","017086","202000044378","0.8553","0.8553","","",""
"2024-07-25","017086","202000044378","0.8378","0.8378","","",""
"2024-07-26","017086","202000044378","0.8458","0.8458","","",""
"2024-07-29","017086","202000044378","0.8409","0.8409","","",""
"2024-07-30","017086","202000044378","0.8370","0.8370","","",""
"2024-07-31","017086","202000044378","0.8600","0.8600","","",""
"2024-08-01","017086","202000044378","0.8605","0.8605","","",""
"2024-08-02","017086","202000044378","0.8450","0.8450","","",""
"2024-08-05","017086","202000044378","0.8212","0.8212","","",""
"2024-08-06","017086","202000044378","0.8230","0.8230","","",""
"2024-08-07","017086","202000044378","0.8276","0.8276","","",""
"2024-08-08","017086","202000044378","0.8262","0.8262","","",""
"2024-08-09","017086","202000044378","0.8263","0.8263","","",""
"2024-08-12","017086","202000044378","0.8278","0.8278","","",""
"2024-08-13","017086","202000044378","0.8309","0.8309","","",""
"2024-08-14","017086","202000044378","0.8224","0.8224","","",""
"2024-08-15","017086","202000044378","0.8275","0.8275","","",""
"2024-08-16","017086","202000044378","0.8251","0.8251","","",""
"2024-08-19","017086","202000044378","0.8324","0.8324","","",""
"2024-08-20","017086","202000044378","0.8264","0.8264","","",""
"2024-08-21","017086","202000044378","0.8262","0.8262","","",""
"2024-08-22","017086","202000044378","0.8261","0.8261","","",""
"2024-08-23","017086","202000044378","0.8251","0.8251","","",""
"2024-08-26","017086","202000044378","0.8224","0.8224","","",""
"2024-08-27","017086","202000044378","0.8173","0.8173","","",""
"2024-08-28","017086","202000044378","0.8161","0.8161","","",""
"2024-08-29","017086","202000044378","0.8161","0.8161","","",""
"2024-08-30","017086","202000044378","0.8257","0.8257","","",""
"2024-09-02","017086","202000044378","0.8134","0.8134","","",""
"2024-09-03","017086","202000044378","0.8162","0.8162","","",""
"2024-09-04","017086","202000044378","0.8078","0.8078","","",""
"2024-09-05","017086","202000044378","0.8055","0.8055","","",""
"2024-09-06","017086","202000044378","0.7979","0.7979","","",""
"2024-09-09","017086","202000044378","0.7895","0.7895","","",""
"2024-09-10","017086","202000044378","0.7911","0.7911","","",""
"2024-09-11","017086","202000044378","0.7925","0.7925","","",""
"2024-09-12","017086","202000044378","0.7910","0.7910","","",""
"2024-09-13","017086","202000044378","0.7934","0.7934","","",""
"2024-09-18","017086","202000044378","0.7978","0.7978","","",""
"2024-09-19","017086","202000044378","0.8012","0.8012","","",""
"2024-09-20","017086","202000044378","0.8033","0.8033","","",""
"2024-09-23","017086","202000044378","0.8078","0.8078","","",""
"2024-09-24","017086","202000044378","0.8338","0.8338","","",""
"2024-09-25","017086","202000044378","0.8372","0.8372","","",""
"2024-09-26","017086","202000044378","0.8607","0.8607","","",""
"2024-09-27","017086","202000044378","0.8834","0.8834","","",""
"2024-09-30","017086","202000044378","0.9335","0.9335","","",""
"2024-10-08","017086","202000044378","0.9719","0.9719","","",""
"2024-10-09","017086","202000044378","0.9291","0.9291","","",""
"2024-10-10","017086","202000044378","0.9362","0.9362","","",""
"2024-10-11","017086","202000044378","0.9209","0.9209","","",""
"2024-10-14","017086","202000044378","0.9312","0.9312","","",""
"2024-10-15","017086","202000044378","0.9110","0.9110","","",""
"2024-10-16","017086","202000044378","0.9080","0.9080","","",""
"2024-10-17","017086","202000044378","0.9012","0.9012","","",""
"2024-10-18","017086","202000044378","0.9305","0.9305","","",""
"2024-10-21","017086","202000044378","0.9297","0.9297","","",""
"2024-10-22","017086","202000044378","0.9350","0.9350","","",""
"2024-10-23","017086","202000044378","0.9366","0.9366","","",""
"2024-10-24","017086","202000044378","0.9245","0.9245","","",""
"2024-10-25","017086","202000044378","0.9236","0.9236","","",""
"2024-10-28","017086","202000044378","0.9218","0.9218","","",""
"2024-10-29","017086","202000044378","0.9137","0.9137","","",""
"2024-10-30","017086","202000044378","0.9102","0.9102","","",""
"2024-10-31","017086","202000044378","0.9092","0.9092","","",""
"2024-11-01","017086","202000044378","0.9096","0.9096","","",""
"2024-11-04","017086","202000044378","0.9189","0.9189","","",""
"2024-11-05","017086","202000044378","0.9334","0.9334","","",""
"2024-11-06","017086","202000044378","0.9264","0.9264","","",""
"2024-11-07","017086","202000044378","0.9380","0.9380","","",""
"2024-11-08","017086","202000044378","0.9335","0.9335","","",""
"2024-11-11","017086","202000044378","0.9384","0.9384","","",""
"2024-11-12","017086","202000044378","0.9249","0.9249","","",""
"2024-11-13","017086","202000044378","0.9283","0.9283","","",""
"2024-11-14","017086","202000044378","0.9100","0.9100","","",""
"2024-11-15","017086","202000044378","0.9017","0.9017","","",""
"2024-11-18","017086","202000044378","0.8977","0.8977","","",""
"2024-11-19","017086","202000044378","0.9090","0.9090","","",""
"2024-11-20","017086","202000044378","0.9136","0.9136","","",""
"2024-11-21","017086","202000044378","0.9103","0.9103","","",""
"2024-11-22","017086","202000044378","0.8899","0.8899","","",""
"2024-11-25","017086","202000044378","0.8866","0.8866","","",""
"2024-11-26","017086","202000044378","0.8837","0.8837","","",""
"2024-11-27","017086","202000044378","0.9006","0.9006","","",""
"2024-11-28","017086","202000044378","0.8948","0.8948","","",""
"2024-11-29","017086","202000044378","0.9008","0.9008","","",""
"2024-12-02","017086","202000044378","0.9040","0.9040","","",""
"2024-12-03","017086","202000044378","0.9029","0.9029","","",""
"2024-12-04","017086","202000044378","0.9000","0.9000","","",""
"2024-12-05","017086","202000044378","0.8964","0.8964","","",""
"2024-12-06","017086","202000044378","0.9048","0.9048","","",""
"2024-12-09","017086","202000044378","0.9082","0.9082","","",""
"2024-12-10","017086","202000044378","0.9117","0.9117","","",""
"2024-12-11","017086","202000044378","0.9127","0.9127","","",""
"2024-12-12","017086","202000044378","0.9183","0.9183","","",""
"2024-12-13","017086","202000044378","0.9098","0.9098","","",""
"2024-12-16","017086","202000044378","0.9000","0.9000","","",""
"2024-12-17","017086","202000044378","0.8991","0.8991","","",""
"2024-12-18","017086","202000044378","0.9087","0.9087","","",""
"2024-12-19","017086","202000044378","0.9157","0.9157","","",""
"2024-12-20","017086","202000044378","0.9165","0.9165","","",""
"2024-12-23","017086","202000044378","0.9122","0.9122","","",""
"2024-12-24","017086","202000044378","0.9232","0.9232","","",""
"2024-12-25","017086","202000044378","0.9239","0.9239","","",""
"2024-12-26","017086","202000044378","0.9328","0.9328","","",""
"2024-12-27","017086","202000044378","0.9280","0.9280","","",""
"2024-12-30","017086","202000044378","0.9288","0.9288","","",""
"2024-12-31","017086","202000044378","0.9145","0.9145","","",""
"2025-01-02","017086","202000044378","0.8962","0.8962","","",""
"2025-01-03","017086","202000044378","0.8944","0.8944","","",""
"2025-01-06","017086","202000044378","0.8894","0.8894","","",""
"2025-01-07","017086","202000044378","0.8914","0.8914","","",""
"2025-01-08","017086","202000044378","0.8919","0.8919","","",""
"2025-01-09","017086","202000044378","0.8938","0.8938","","",""
"2025-01-10","017086","202000044378","0.8860","0.8860","","",""
"2025-01-13","017086","202000044378","0.8804","0.8804","","",""
"2025-01-14","017086","202000044378","0.9068","0.9068","","",""
"2025-01-15","017086","202000044378","0.9030","0.9030","","",""
"2025-01-16","017086","202000044378","0.9044","0.9044","","",""
"2025-01-17","017086","202000044378","0.9119","0.9119","","",""
"2025-01-20","017086","202000044378","0.9178","0.9178","","",""
"2025-01-21","017086","202000044378","0.9277","0.9277","","",""
"2025-01-22","017086","202000044378","0.9240","0.9240","","",""
"2025-01-23","017086","202000044378","0.9180","0.9180","","",""
"2025-01-24","017086","202000044378","0.9310","0.9310","","",""
"2025-01-27","017086","202000044378","0.9281","0.9281","","",""
"2025-02-05","017086","202000044378","0.9228","0.9228","","",""
"2025-02-06","017086","202000044378","0.9420","0.9420","","",""
"2025-02-07","017086","202000044378","0.9525","0.9525","","",""
"2025-02-10","017086","202000044378","0.9534","0.9534","","",""
"2025-02-11","017086","202000044378","0.9503","0.9503","","",""
"2025-02-12","017086","202000044378","0.9584","0.9584","","",""
"2025-02-13","017086","202000044378","0.9480","0.9480","","",""
"2025-02-14","017086","202000044378","0.9603","0.9603","","",""
"2025-02-17","017086","202000044378","0.9588","0.9588","","",""
"2025-02-18","017086","202000044378","0.9546","0.9546","","",""
"2025-02-19","017086","202000044378","0.9704","0.9704","","",""
"2025-02-20","017086","202000044378","0.9689","0.9689","","",""
"2025-02-21","017086","202000044378","0.9951","0.9951","","",""
"2025-02-24","017086","202000044378","0.9953","0.9953","","",""
"2025-02-25","017086","202000044378","0.9899","0.9899","","",""
"2025-02-26","017086","202000044378","1.0033","1.0033","","",""
"2025-02-27","017086","202000044378","1.0012","1.0012","","",""
"2025-02-28","017086","202000044378","0.9715","0.9715","","",""
"2025-03-03","017086","202000044378","0.9700","0.9700","","",""
"2025-03-04","017086","202000044378","0.9765","0.9765","","",""
"2025-03-05","017086","202000044378","0.9846","0.9846","","",""
"2025-03-06","017086","202000044378","1.0020","1.0020","","",""
"2025-03-07","017086","202000044378","0.9977","0.9977","","",""
"2025-03-10","017086","202000044378","0.9914","0.9914","","",""
"2025-03-11","017086","202000044378","0.9906","0.9906","","",""
"2025-03-12","017086","202000044378","0.9888","0.9888","","",""
"2025-03-13","017086","202000044378","0.9782","0.9782","","",""
"2025-03-14","017086","202000044378","0.9936","0.9936","","",""
"2025-03-17","017086","202000044378","0.9926","0.9926","","",""
"2025-03-18","017086","202000044378","1.0019","1.0019","","",""
"2025-03-19","017086","202000044378","1.0005","1.0005","","",""
"2025-03-20","017086","202000044378","0.9931","0.9931","","",""
"2025-03-21","017086","202000044378","0.9763","0.9763","","",""
"2025-03-24","017086","202000044378","0.9850","0.9850","","",""
"2025-03-25","017086","202000044378","0.9741","0.9741","","",""
"2025-03-26","017086","202000044378","0.9729","0.9729","","",""
"2025-03-27","017086","202000044378","0.9801","0.9801","","",""
"2025-03-28","017086","202000044378","0.9757","0.9757","","",""
"2025-03-31","017086","202000044378","0.9722","0.9722","","",""
"2025-04-01","017086","202000044378","0.9790","0.9790","","",""
"2024-04-02","017087","202000044379","0.8879","0.8879","","",""
"2024-04-03","017087","202000044379","0.8911","0.8911","","",""
"2024-04-08","017087","202000044379","0.8871","0.8871","","",""
"2024-04-09","017087","202000044379","0.8851","0.8851","","",""
"2024-04-10","017087","202000044379","0.8848","0.8848","","",""
"2024-04-11","017087","202000044379","0.8920","0.8920","","",""
"2024-04-12","017087","202000044379","0.8965","0.8965","","",""
"2024-04-15","017087","202000044379","0.9100","0.9100","","",""
"2024-04-16","017087","202000044379","0.8961","0.8961","","",""
"2024-04-17","017087","202000044379","0.9144","0.9144","","",""
"2024-04-18","017087","202000044379","0.9134","0.9134","","",""
"2024-04-19","017087","202000044379","0.9117","0.9117","","",""
"2024-04-22","017087","202000044379","0.9033","0.9033","","",""
"2024-04-23","017087","202000044379","0.8925","0.8925","","",""
"2024-04-24","017087","202000044379","0.9037","0.9037","","",""
"2024-04-25","017087","202000044379","0.9057","0.9057","","",""
"2024-04-26","017087","202000044379","0.9194","0.9194","","",""
"2024-04-29","017087","202000044379","0.9230","0.9230","","",""
"2024-04-30","017087","202000044379","0.9234","0.9234","","",""
"2024-05-06","017087","202000044379","0.9352","0.9352","","",""
"2024-05-07","017087","202000044379","0.9365","0.9365","","",""
"2024-05-08","017087","202000044379","0.9277","0.9277","","",""
"2024-05-09","017087","202000044379","0.9387","0.9387","","",""
"2024-05-10","017087","202000044379","0.9390","0.9390","","",""
"2024-05-13","017087","202000044379","0.9426","0.9426","","",""
"2024-05-14","017087","202000044379","0.9424","0.9424","","",""
"2024-05-15","017087","202000044379","0.9361","0.9361","","",""
"2024-05-16","017087","202000044379","0.9300","0.9300","","",""
"2024-05-17","017087","202000044379","0.9316","0.9316","","",""
"2024-05-20","017087","202000044379","0.9367","0.9367","","",""
"2024-05-21","017087","202000044379","0.9270","0.9270","","",""
"2024-05-22","017087","202000044379","0.9220","0.9220","","",""
"2024-05-23","017087","202000044379","0.9117","0.9117","","",""
"2024-05-24","017087","202000044379","0.9083","0.9083","","",""
"2024-05-27","017087","202000044379","0.9204","0.9204","","",""
"2024-05-28","017087","202000044379","0.9157","0.9157","","",""
"2024-05-29","017087","202000044379","0.9153","0.9153","","",""
"2024-05-30","017087","202000044379","0.9117","0.9117","","",""
"2024-05-31","017087","202000044379","0.9088","0.9088","","",""
"2024-06-03","017087","202000044379","0.9112","0.9112","","",""
"2024-06-04","017087","202000044379","0.9198","0.9198","","",""
"2024-06-05","017087","202000044379","0.9109","0.9109","","",""
"2024-06-06","017087","202000044379","0.9143","0.9143","","",""
"2024-06-07","017087","202000044379","0.9104","0.9104","","",""
"2024-06-11","017087","202000044379","0.9090","0.9090","","",""
"2024-06-12","017087","202000044379","0.9122","0.9122","","",""
"2024-06-13","017087","202000044379","0.9097","0.9097","","",""
"2024-06-14","017087","202000044379","0.9067","0.9067","","",""
"2024-06-17","017087","202000044379","0.9054","0.9054","","",""
"2024-06-18","017087","202000044379","0.9102","0.9102","","",""
"2024-06-19","017087","202000044379","0.9098","0.9098","","",""
"2024-06-20","017087","202000044379","0.9077","0.9077","","",""
"2024-06-21","017087","202000044379","0.9051","0.9051","","",""
"2024-06-24","017087","202000044379","0.8965","0.8965","","",""
"2024-06-25","017087","202000044379","0.8936","0.8936","","",""
"2024-06-26","017087","202000044379","0.8983","0.8983","","",""
"2024-06-27","017087","202000044379","0.8868","0.8868","","",""
"2024-06-28","017087","202000044379","0.8978","0.8978","","",""
"2024-06-30","017087","202000044379","0.8977","0.8977","","",""
"2024-07-01","017087","202000044379","0.9018","0.9018","","",""
"2024-07-02","017087","202000044379","0.8917","0.8917","","",""
"2024-07-03","017087","202000044379","0.8885","0.8885","","",""
"2024-07-04","017087","202000044379","0.8877","0.8877","","",""
"2024-07-05","017087","202000044379","0.8907","0.8907","","",""
"2024-07-08","017087","202000044379","0.8836","0.8836","","",""
"2024-07-09","017087","202000044379","0.8992","0.8992","","",""
"2024-07-10","017087","202000044379","0.8954","0.8954","","",""
"2024-07-11","017087","202000044379","0.9109","0.9109","","",""
"2024-07-12","017087","202000044379","0.9024","0.9024","","",""
"2024-07-15","017087","202000044379","0.9044","0.9044","","",""
"2024-07-16","017087","202000044379","0.9097","0.9097","","",""
"2024-07-17","017087","202000044379","0.8929","0.8929","","",""
"2024-07-18","017087","202000044379","0.8943","0.8943","","",""
"2024-07-19","017087","202000044379","0.8888","0.8888","","",""
"2024-07-22","017087","202000044379","0.8837","0.8837","","",""
"2024-07-23","017087","202000044379","0.8562","0.8562","","",""
"2024-07-24","017087","202000044379","0.8459","0.8459","","",""
"2024-07-25","017087","202000044379","0.8285","0.8285","","",""
"2024-07-26","017087","202000044379","0.8365","0.8365","","",""
"2024-07-29","017087","202000044379","0.8315","0.8315","","",""
"2024-07-30","017087","202000044379","0.8276","0.8276","","",""
"2024-07-31","017087","202000044379","0.8504","0.8504","","",""
"2024-08-01","017087","202000044379","0.8508","0.8508","","",""
"2024-08-02","017087","202000044379","0.8355","0.8355","","",""
"2024-08-05","017087","202000044379","0.8120","0.8120","","",""
"2024-08-06","017087","202000044379","0.8137","0.8137","","",""
"2024-08-07","017087","202000044379","0.8182","0.8182","","",""
"2024-08-08","017087","202000044379","0.8168","0.8168","","",""
"2024-08-09","017087","202000044379","0.8169","0.8169","","",""
"2024-08-12","017087","202000044379","0.8184","0.8184","","",""
"2024-08-13","017087","202000044379","0.8214","0.8214","","",""
"2024-08-14","017087","202000044379","0.8130","0.8130","","",""
"2024-08-15","017087","202000044379","0.8180","0.8180","","",""
"2024-08-16","017087","202000044379","0.8156","0.8156","","",""
"2024-08-19","017087","202000044379","0.8228","0.8228","","",""
"2024-08-20","017087","202000044379","0.8169","0.8169","","",""
"2024-08-21","017087","202000044379","0.8166","0.8166","","",""
"2024-08-22","017087","202000044379","0.8164","0.8164","","",""
"2024-08-23","017087","202000044379","0.8154","0.8154","","",""
"2024-08-26","017087","202000044379","0.8128","0.8128","","",""
"2024-08-27","017087","202000044379","0.8077","0.8077","","",""
"2024-08-28","017087","202000044379","0.8065","0.8065","","",""
"2024-08-29","017087","202000044379","0.8065","0.8065","","",""
"2024-08-30","017087","202000044379","0.8159","0.8159","","",""
"2024-09-02","017087","202000044379","0.8038","0.8038","","",""
"2024-09-03","017087","202000044379","0.8065","0.8065","","",""
"2024-09-04","017087","202000044379","0.7981","0.7981","","",""
"2024-09-05","017087","202000044379","0.7959","0.7959","","",""
"2024-09-06","017087","202000044379","0.7883","0.7883","","",""
"2024-09-09","017087","202000044379","0.7800","0.7800","","",""
"2024-09-10","017087","202000044379","0.7815","0.7815","","",""
"2024-09-11","017087","202000044379","0.7829","0.7829","","",""
"2024-09-12","017087","202000044379","0.7814","0.7814","","",""
"2024-09-13","017087","202000044379","0.7837","0.7837","","",""
"2024-09-18","017087","202000044379","0.7880","0.7880","","",""
"2024-09-19","017087","202000044379","0.7913","0.7913","","",""
"2024-09-20","017087","202000044379","0.7934","0.7934","","",""
"2024-09-23","017087","202000044379","0.7979","0.7979","","",""
"2024-09-24","017087","202000044379","0.8234","0.8234","","",""
"2024-09-25","017087","202000044379","0.8269","0.8269","","",""
"2024-09-26","017087","202000044379","0.8500","0.8500","","",""
"2024-09-27","017087","202000044379","0.8725","0.8725","","",""
"2024-09-30","017087","202000044379","0.9219","0.9219","","",""
"2024-10-08","017087","202000044379","0.9596","0.9596","","",""
"2024-10-09","017087","202000044379","0.9173","0.9173","","",""
"2024-10-10","017087","202000044379","0.9243","0.9243","","",""
"2024-10-11","017087","202000044379","0.9093","0.9093","","",""
"2024-10-14","017087","202000044379","0.9194","0.9194","","",""
"2024-10-15","017087","202000044379","0.8994","0.8994","","",""
"2024-10-16","017087","202000044379","0.8964","0.8964","","",""
"2024-10-17","017087","202000044379","0.8897","0.8897","","",""
"2024-10-18","017087","202000044379","0.9185","0.9185","","",""
"2024-10-21","017087","202000044379","0.9177","0.9177","","",""
"2024-10-22","017087","202000044379","0.9229","0.9229","","",""
"2024-10-23","017087","202000044379","0.9245","0.9245","","",""
"2024-10-24","017087","202000044379","0.9125","0.9125","","",""
"2024-10-25","017087","202000044379","0.9116","0.9116","","",""
"2024-10-28","017087","202000044379","0.9098","0.9098","","",""
"2024-10-29","017087","202000044379","0.9018","0.9018","","",""
"2024-10-30","017087","202000044379","0.8983","0.8983","","",""
"2024-10-31","017087","202000044379","0.8973","0.8973","","",""
"2024-11-01","017087","202000044379","0.8977","0.8977","","",""
"2024-11-04","017087","202000044379","0.9067","0.9067","","",""
"2024-11-05","017087","202000044379","0.9211","0.9211","","",""
"2024-11-06","017087","202000044379","0.9141","0.9141","","",""
"2024-11-07","017087","202000044379","0.9256","0.9256","","",""
"2024-11-08","017087","202000044379","0.9211","0.9211","","",""
"2024-11-11","017087","202000044379","0.9259","0.9259","","",""
"2024-11-12","017087","202000044379","0.9126","0.9126","","",""
"2024-11-13","017087","202000044379","0.9158","0.9158","","",""
"2024-11-14","017087","202000044379","0.8978","0.8978","","",""
"2024-11-15","017087","202000044379","0.8896","0.8896","","",""
"2024-11-18","017087","202000044379","0.8856","0.8856","","",""
"2024-11-19","017087","202000044379","0.8967","0.8967","","",""
"2024-11-20","017087","202000044379","0.9013","0.9013","","",""
"2024-11-21","017087","202000044379","0.8979","0.8979","","",""
"2024-11-22","017087","202000044379","0.8778","0.8778","","",""
"2024-11-25","017087","202000044379","0.8745","0.8745","","",""
"2024-11-26","017087","202000044379","0.8716","0.8716","","",""
"2024-11-27","017087","202000044379","0.8883","0.8883","","",""
"2024-11-28","017087","202000044379","0.8826","0.8826","","",""
"2024-11-29","017087","202000044379","0.8885","0.8885","","",""
"2024-12-02","017087","202000044379","0.8915","0.8915","","",""
"2024-12-03","017087","202000044379","0.8905","0.8905","","",""
"2024-12-04","017087","202000044379","0.8875","0.8875","","",""
"2024-12-05","017087","202000044379","0.8840","0.8840","","",""
"2024-12-06","017087","202000044379","0.8923","0.8923","","",""
"2024-12-09","017087","202000044379","0.8955","0.8955","","",""
"2024-12-10","017087","202000044379","0.8989","0.8989","","",""
"2024-12-11","017087","202000044379","0.8999","0.8999","","",""
"2024-12-12","017087","202000044379","0.9054","0.9054","","",""
"2024-12-13","017087","202000044379","0.8971","0.8971","","",""
"2024-12-16","017087","202000044379","0.8873","0.8873","","",""
"2024-12-17","017087","202000044379","0.8864","0.8864","","",""
"2024-12-18","017087","202000044379","0.8959","0.8959","","",""
"2024-12-19","017087","202000044379","0.9027","0.9027","","",""
"2024-12-20","017087","202000044379","0.9036","0.9036","","",""
"2024-12-23","017087","202000044379","0.8992","0.8992","","",""
"2024-12-24","017087","202000044379","0.9100","0.9100","","",""
"2024-12-25","017087","202000044379","0.9107","0.9107","","",""
"2024-12-26","017087","202000044379","0.9195","0.9195","","",""
"2024-12-27","017087","202000044379","0.9147","0.9147","","",""
"2024-12-30","017087","202000044379","0.9155","0.9155","","",""
"2024-12-31","017087","202000044379","0.9013","0.9013","","",""
"2025-01-02","017087","202000044379","0.8833","0.8833","","",""
"2025-01-03","017087","202000044379","0.8814","0.8814","","",""
"2025-01-06","017087","202000044379","0.8765","0.8765","","",""
"2025-01-07","017087","202000044379","0.8784","0.8784","","",""
"2025-01-08","017087","202000044379","0.8789","0.8789","","",""
"2025-01-09","017087","202000044379","0.8808","0.8808","","",""
"2025-01-10","017087","202000044379","0.8730","0.8730","","",""
"2025-01-13","017087","202000044379","0.8675","0.8675","","",""
"2025-01-14","017087","202000044379","0.8935","0.8935","","",""
"2025-01-15","017087","202000044379","0.8897","0.8897","","",""
"2025-01-16","017087","202000044379","0.8910","0.8910","","",""
"2025-01-17","017087","202000044379","0.8985","0.8985","","",""
"2025-01-20","017087","202000044379","0.9042","0.9042","","",""
"2025-01-21","017087","202000044379","0.9139","0.9139","","",""
"2025-01-22","017087","202000044379","0.9103","0.9103","","",""
"2025-01-23","017087","202000044379","0.9043","0.9043","","",""
"2025-01-24","017087","202000044379","0.9171","0.9171","","",""
"2025-01-27","017087","202000044379","0.9142","0.9142","","",""
"2025-02-05","017087","202000044379","0.9088","0.9088","","",""
"2025-02-06","017087","202000044379","0.9277","0.9277","","",""
"2025-02-07","017087","202000044379","0.9380","0.9380","","",""
"2025-02-10","017087","202000044379","0.9388","0.9388","","",""
"2025-02-11","017087","202000044379","0.9358","0.9358","","",""
"2025-02-12","017087","202000044379","0.9437","0.9437","","",""
"2025-02-13","017087","202000044379","0.9334","0.9334","","",""
"2025-02-14","017087","202000044379","0.9455","0.9455","","",""
"2025-02-17","017087","202000044379","0.9440","0.9440","","",""
"2025-02-18","017087","202000044379","0.9399","0.9399","","",""
"2025-02-19","017087","202000044379","0.9554","0.9554","","",""
"2025-02-20","017087","202000044379","0.9539","0.9539","","",""
"2025-02-21","017087","202000044379","0.9796","0.9796","","",""
"2025-02-24","017087","202000044379","0.9797","0.9797","","",""
"2025-02-25","017087","202000044379","0.9744","0.9744","","",""
"2025-02-26","017087","202000044379","0.9876","0.9876","","",""
"2025-02-27","017087","202000044379","0.9855","0.9855","","",""
"2025-02-28","017087","202000044379","0.9563","0.9563","","",""
"2025-03-03","017087","202000044379","0.9548","0.9548","","",""
"2025-03-04","017087","202000044379","0.9611","0.9611","","",""
"2025-03-05","017087","202000044379","0.9690","0.9690","","",""
"2025-03-06","017087","202000044379","0.9862","0.9862","","",""
"2025-03-07","017087","202000044379","0.9819","0.9819","","",""
"2025-03-10","017087","202000044379","0.9756","0.9756","","",""
"2025-03-11","017087","202000044379","0.9748","0.9748","","",""
"2025-03-12","017087","202000044379","0.9731","0.9731","","",""
"2025-03-13","017087","202000044379","0.9626","0.9626","","",""
"2025-03-14","017087","202000044379","0.9777","0.9777","","",""
"2025-03-17","017087","202000044379","0.9767","0.9767","","",""
"2025-03-18","017087","202000044379","0.9858","0.9858","","",""
"2025-03-19","017087","202000044379","0.9844","0.9844","","",""
"2025-03-20","017087","202000044379","0.9771","0.9771","","",""
"2025-03-21","017087","202000044379","0.9605","0.9605","","",""
"2025-03-24","017087","202000044379","0.9691","0.9691","","",""
"2025-03-25","017087","202000044379","0.9583","0.9583","","",""
"2025-03-26","017087","202000044379","0.9571","0.9571","","",""
"2025-03-27","017087","202000044379","0.9641","0.9641","","",""
"2025-03-28","017087","202000044379","0.9598","0.9598","","",""
"2025-03-31","017087","202000044379","0.9563","0.9563","","",""
"2025-04-01","017087","202000044379","0.9629","0.9629","","",""
"2024-04-02","017199","202000043947","0.8342","0.8342","","",""
"2024-04-03","017199","202000043947","0.8356","0.8356","","",""
"2024-04-08","017199","202000043947","0.8395","0.8395","","",""
"2024-04-09","017199","202000043947","0.8358","0.8358","","",""
"2024-04-10","017199","202000043947","0.8352","0.8352","","",""
"2024-04-11","017199","202000043947","0.8375","0.8375","","",""
"2024-04-12","017199","202000043947","0.8350","0.8350","","",""
"2024-04-15","017199","202000043947","0.8499","0.8499","","",""
"2024-04-16","017199","202000043947","0.8461","0.8461","","",""
"2024-04-17","017199","202000043947","0.8550","0.8550","","",""
"2024-04-18","017199","202000043947","0.8507","0.8507","","",""
"2024-04-19","017199","202000043947","0.8521","0.8521","","",""
"2024-04-22","017199","202000043947","0.8530","0.8530","","",""
"2024-04-23","017199","202000043947","0.8463","0.8463","","",""
"2024-04-24","017199","202000043947","0.8506","0.8506","","",""
"2024-04-25","017199","202000043947","0.8496","0.8496","","",""
"2024-04-26","017199","202000043947","0.8513","0.8513","","",""
"2024-04-29","017199","202000043947","0.8501","0.8501","","",""
"2024-04-30","017199","202000043947","0.8518","0.8518","","",""
"2024-05-06","017199","202000043947","0.8553","0.8553","","",""
"2024-05-07","017199","202000043947","0.8545","0.8545","","",""
"2024-05-08","017199","202000043947","0.8525","0.8525","","",""
"2024-05-09","017199","202000043947","0.8549","0.8549","","",""
"2024-05-10","017199","202000043947","0.8558","0.8558","","",""
"2024-05-13","017199","202000043947","0.8566","0.8566","","",""
"2024-05-14","017199","202000043947","0.8604","0.8604","","",""
"2024-05-15","017199","202000043947","0.8530","0.8530","","",""
"2024-05-16","017199","202000043947","0.8469","0.8469","","",""
"2024-05-17","017199","202000043947","0.8473","0.8473","","",""
"2024-05-20","017199","202000043947","0.8492","0.8492","","",""
"2024-05-21","017199","202000043947","0.8479","0.8479","","",""
"2024-05-22","017199","202000043947","0.8439","0.8439","","",""
"2024-05-23","017199","202000043947","0.8413","0.8413","","",""
"2024-05-24","017199","202000043947","0.8414","0.8414","","",""
"2024-05-27","017199","202000043947","0.8520","0.8520","","",""
"2024-05-28","017199","202000043947","0.8473","0.8473","","",""
"2024-05-29","017199","202000043947","0.8453","0.8453","","",""
"2024-05-30","017199","202000043947","0.8434","0.8434","","",""
"2024-05-31","017199","202000043947","0.8417","0.8417","","",""
"2024-06-03","017199","202000043947","0.8457","0.8457","","",""
"2024-06-04","017199","202000043947","0.8521","0.8521","","",""
"2024-06-05","017199","202000043947","0.8498","0.8498","","",""
"2024-06-06","017199","202000043947","0.8522","0.8522","","",""
"2024-06-07","017199","202000043947","0.8541","0.8541","","",""
"2024-06-11","017199","202000043947","0.8506","0.8506","","",""
"2024-06-12","017199","202000043947","0.8513","0.8513","","",""
"2024-06-13","017199","202000043947","0.8495","0.8495","","",""
"2024-06-14","017199","202000043947","0.8498","0.8498","","",""
"2024-06-17","017199","202000043947","0.8461","0.8461","","",""
"2024-06-18","017199","202000043947","0.8475","0.8475","","",""
"2024-06-19","017199","202000043947","0.8448","0.8448","","",""
"2024-06-20","017199","202000043947","0.8426","0.8426","","",""
"2024-06-21","017199","202000043947","0.8435","0.8435","","",""
"2024-06-24","017199","202000043947","0.8423","0.8423","","",""
"2024-06-25","017199","202000043947","0.8419","0.8419","","",""
"2024-06-26","017199","202000043947","0.8447","0.8447","","",""
"2024-06-27","017199","202000043947","0.8411","0.8411","","",""
"2024-06-28","017199","202000043947","0.8484","0.8484","","",""
"2024-06-30","017199","202000043947","0.8483","0.8483","","",""
"2024-07-01","017199","202000043947","0.8588","0.8588","","",""
"2024-07-02","017199","202000043947","0.8561","0.8561","","",""
"2024-07-03","017199","202000043947","0.8510","0.8510","","",""
"2024-07-04","017199","202000043947","0.8461","0.8461","","",""
"2024-07-05","017199","202000043947","0.8495","0.8495","","",""
"2024-07-08","017199","202000043947","0.8495","0.8495","","",""
"2024-07-09","017199","202000043947","0.8536","0.8536","","",""
"2024-07-10","017199","202000043947","0.8479","0.8479","","",""
"2024-07-11","017199","202000043947","0.8495","0.8495","","",""
"2024-07-12","017199","202000043947","0.8517","0.8517","","",""
"2024-07-15","017199","202000043947","0.8536","0.8536","","",""
"2024-07-16","017199","202000043947","0.8527","0.8527","","",""
"2024-07-17","017199","202000043947","0.8476","0.8476","","",""
"2024-07-18","017199","202000043947","0.8566","0.8566","","",""
"2024-07-19","017199","202000043947","0.8579","0.8579","","",""
"2024-07-22","017199","202000043947","0.8559","0.8559","","",""
"2024-07-23","017199","202000043947","0.8415","0.8415","","",""
"2024-07-24","017199","202000043947","0.8410","0.8410","","",""
"2024-07-25","017199","202000043947","0.8381","0.8381","","",""
"2024-07-26","017199","202000043947","0.8358","0.8358","","",""
"2024-07-29","017199","202000043947","0.8302","0.8302","","",""
"2024-07-30","017199","202000043947","0.8257","0.8257","","",""
"2024-07-31","017199","202000043947","0.8329","0.8329","","",""
"2024-08-01","017199","202000043947","0.8281","0.8281","","",""
"2024-08-02","017199","202000043947","0.8270","0.8270","","",""
"2024-08-05","017199","202000043947","0.8230","0.8230","","",""
"2024-08-06","017199","202000043947","0.8211","0.8211","","",""
"2024-08-07","017199","202000043947","0.8239","0.8239","","",""
"2024-08-08","017199","202000043947","0.8318","0.8318","","",""
"2024-08-09","017199","202000043947","0.8240","0.8240","","",""
"2024-08-12","017199","202000043947","0.8245","0.8245","","",""
"2024-08-13","017199","202000043947","0.8264","0.8264","","",""
"2024-08-14","017199","202000043947","0.8249","0.8249","","",""
"2024-08-15","017199","202000043947","0.8284","0.8284","","",""
"2024-08-16","017199","202000043947","0.8290","0.8290","","",""
"2024-08-19","017199","202000043947","0.8353","0.8353","","",""
"2024-08-20","017199","202000043947","0.8320","0.8320","","",""
"2024-08-21","017199","202000043947","0.8300","0.8300","","",""
"2024-08-22","017199","202000043947","0.8353","0.8353","","",""
"2024-08-23","017199","202000043947","0.8374","0.8374","","",""
"2024-08-26","017199","202000043947","0.8343","0.8343","","",""
"2024-08-27","017199","202000043947","0.8330","0.8330","","",""
"2024-08-28","017199","202000043947","0.8306","0.8306","","",""
"2024-08-29","017199","202000043947","0.8284","0.8284","","",""
"2024-08-30","017199","202000043947","0.8291","0.8291","","",""
"2024-09-02","017199","202000043947","0.8307","0.8307","","",""
"2024-09-03","017199","202000043947","0.8315","0.8315","","",""
"2024-09-04","017199","202000043947","0.8292","0.8292","","",""
"2024-09-05","017199","202000043947","0.8285","0.8285","","",""
"2024-09-06","017199","202000043947","0.8217","0.8217","","",""
"2024-09-09","017199","202000043947","0.8185","0.8185","","",""
"2024-09-10","017199","202000043947","0.8168","0.8168","","",""
"2024-09-11","017199","202000043947","0.8107","0.8107","","",""
"2024-09-12","017199","202000043947","0.8055","0.8055","","",""
"2024-09-13","017199","202000043947","0.8078","0.8078","","",""
"2024-09-18","017199","202000043947","0.8124","0.8124","","",""
"2024-09-19","017199","202000043947","0.8120","0.8120","","",""
"2024-09-20","017199","202000043947","0.8132","0.8132","","",""
"2024-09-23","017199","202000043947","0.8152","0.8152","","",""
"2024-09-24","017199","202000043947","0.8294","0.8294","","",""
"2024-09-25","017199","202000043947","0.8320","0.8320","","",""
"2024-09-26","017199","202000043947","0.8455","0.8455","","",""
"2024-09-27","017199","202000043947","0.8576","0.8576","","",""
"2024-09-30","017199","202000043947","0.8950","0.8950","","",""
"2024-10-08","017199","202000043947","0.9128","0.9128","","",""
"2024-10-09","017199","202000043947","0.8792","0.8792","","",""
"2024-10-10","017199","202000043947","0.8872","0.8872","","",""
"2024-10-11","017199","202000043947","0.8753","0.8753","","",""
"2024-10-14","017199","202000043947","0.8840","0.8840","","",""
"2024-10-15","017199","202000043947","0.8684","0.8684","","",""
"2024-10-16","017199","202000043947","0.8681","0.8681","","",""
"2024-10-17","017199","202000043947","0.8622","0.8622","","",""
"2024-10-18","017199","202000043947","0.8753","0.8753","","",""
"2024-10-21","017199","202000043947","0.8742","0.8742","","",""
"2024-10-22","017199","202000043947","0.8780","0.8780","","",""
"2024-10-23","017199","202000043947","0.8754","0.8754","","",""
"2024-10-24","017199","202000043947","0.8708","0.8708","","",""
"2024-10-25","017199","202000043947","0.8685","0.8685","","",""
"2024-10-28","017199","202000043947","0.8678","0.8678","","",""
"2024-10-29","017199","202000043947","0.8653","0.8653","","",""
"2024-10-30","017199","202000043947","0.8586","0.8586","","",""
"2024-10-31","017199","202000043947","0.8554","0.8554","","",""
"2024-11-01","017199","202000043947","0.8590","0.8590","","",""
"2024-11-04","017199","202000043947","0.8642","0.8642","","",""
"2024-11-05","017199","202000043947","0.8722","0.8722","","",""
"2024-11-06","017199","202000043947","0.8635","0.8635","","",""
"2024-11-07","017199","202000043947","0.8750","0.8750","","",""
"2024-11-08","017199","202000043947","0.8702","0.8702","","",""
"2024-11-11","017199","202000043947","0.8698","0.8698","","",""
"2024-11-12","017199","202000043947","0.8681","0.8681","","",""
"2024-11-13","017199","202000043947","0.8707","0.8707","","",""
"2024-11-14","017199","202000043947","0.8638","0.8638","","",""
"2024-11-15","017199","202000043947","0.8567","0.8567","","",""
"2024-11-18","017199","202000043947","0.8525","0.8525","","",""
"2024-11-19","017199","202000043947","0.8553","0.8553","","",""
"2024-11-20","017199","202000043947","0.8576","0.8576","","",""
"2024-11-21","017199","202000043947","0.8578","0.8578","","",""
"2024-11-22","017199","202000043947","0.8446","0.8446","","",""
"2024-11-25","017199","202000043947","0.8435","0.8435","","",""
"2024-11-26","017199","202000043947","0.8485","0.8485","","",""
"2024-11-27","017199","202000043947","0.8596","0.8596","","",""
"2024-11-28","017199","202000043947","0.8536","0.8536","","",""
"2024-11-29","017199","202000043947","0.8594","0.8594","","",""
"2024-12-02","017199","202000043947","0.8628","0.8628","","",""
"2024-12-03","017199","202000043947","0.8643","0.8643","","",""
"2024-12-04","017199","202000043947","0.8645","0.8645","","",""
"2024-12-05","017199","202000043947","0.8624","0.8624","","",""
"2024-12-06","017199","202000043947","0.8703","0.8703","","",""
"2024-12-09","017199","202000043947","0.8689","0.8689","","",""
"2024-12-10","017199","202000043947","0.8724","0.8724","","",""
"2024-12-11","017199","202000043947","0.8736","0.8736","","",""
"2024-12-12","017199","202000043947","0.8808","0.8808","","",""
"2024-12-13","017199","202000043947","0.8709","0.8709","","",""
"2024-12-16","017199","202000043947","0.8670","0.8670","","",""
"2024-12-17","017199","202000043947","0.8696","0.8696","","",""
"2024-12-18","017199","202000043947","0.8723","0.8723","","",""
"2024-12-19","017199","202000043947","0.8775","0.8775","","",""
"2024-12-20","017199","202000043947","0.8759","0.8759","","",""
"2024-12-23","017199","202000043947","0.8762","0.8762","","",""
"2024-12-24","017199","202000043947","0.8866","0.8866","","",""
"2024-12-25","017199","202000043947","0.8859","0.8859","","",""
"2024-12-26","017199","202000043947","0.8900","0.8900","","",""
"2024-12-27","017199","202000043947","0.8890","0.8890","","",""
"2024-12-30","017199","202000043947","0.8956","0.8956","","",""
"2024-12-31","017199","202000043947","0.8859","0.8859","","",""
"2025-01-02","017199","202000043947","0.8634","0.8634","","",""
"2025-01-03","017199","202000043947","0.8562","0.8562","","",""
"2025-01-06","017199","202000043947","0.8565","0.8565","","",""
"2025-01-07","017199","202000043947","0.8599","0.8599","","",""
"2025-01-08","017199","202000043947","0.8578","0.8578","","",""
"2025-01-09","017199","202000043947","0.8575","0.8575","","",""
"2025-01-10","017199","202000043947","0.8498","0.8498","","",""
"2025-01-13","017199","202000043947","0.8455","0.8455","","",""
"2025-01-14","017199","202000043947","0.8629","0.8629","","",""
"2025-01-15","017199","202000043947","0.8575","0.8575","","",""
"2025-01-16","017199","202000043947","0.8596","0.8596","","",""
"2025-01-17","017199","202000043947","0.8646","0.8646","","",""
"2025-01-20","017199","202000043947","0.8736","0.8736","","",""
"2025-01-21","017199","202000043947","0.8761","0.8761","","",""
"2025-01-22","017199","202000043947","0.8694","0.8694","","",""
"2025-01-23","017199","202000043947","0.8716","0.8716","","",""
"2025-01-24","017199","202000043947","0.8767","0.8767","","",""
"2025-01-27","017199","202000043947","0.8772","0.8772","","",""
"2025-02-05","017199","202000043947","0.8640","0.8640","","",""
"2025-02-06","017199","202000043947","0.8698","0.8698","","",""
"2025-02-07","017199","202000043947","0.8816","0.8816","","",""
"2025-02-10","017199","202000043947","0.8797","0.8797","","",""
"2025-02-11","017199","202000043947","0.8785","0.8785","","",""
"2025-02-12","017199","202000043947","0.8871","0.8871","","",""
"2025-02-13","017199","202000043947","0.8827","0.8827","","",""
"2025-02-14","017199","202000043947","0.8881","0.8881","","",""
"2025-02-17","017199","202000043947","0.8875","0.8875","","",""
"2025-02-18","017199","202000043947","0.8862","0.8862","","",""
"2025-02-19","017199","202000043947","0.8925","0.8925","","",""
"2025-02-20","017199","202000043947","0.8907","0.8907","","",""
"2025-02-21","017199","202000043947","0.8980","0.8980","","",""
"2025-02-24","017199","202000043947","0.8924","0.8924","","",""
"2025-02-25","017199","202000043947","0.8861","0.8861","","",""
"2025-02-26","017199","202000043947","0.8881","0.8881","","",""
"2025-02-27","017199","202000043947","0.8889","0.8889","","",""
"2025-02-28","017199","202000043947","0.8744","0.8744","","",""
"2025-03-03","017199","202000043947","0.8749","0.8749","","",""
"2025-03-04","017199","202000043947","0.8741","0.8741","","",""
"2025-03-05","017199","202000043947","0.8782","0.8782","","",""
"2025-03-06","017199","202000043947","0.8841","0.8841","","",""
"2025-03-07","017199","202000043947","0.8808","0.8808","","",""
"2025-03-10","017199","202000043947","0.8789","0.8789","","",""
"2025-03-11","017199","202000043947","0.8782","0.8782","","",""
"2025-03-12","017199","202000043947","0.8741","0.8741","","",""
"2025-03-13","017199","202000043947","0.8697","0.8697","","",""
"2025-03-14","017199","202000043947","0.8885","0.8885","","",""
"2025-03-17","017199","202000043947","0.8858","0.8858","","",""
"2025-03-18","017199","202000043947","0.8929","0.8929","","",""
"2025-03-19","017199","202000043947","0.8930","0.8930","","",""
"2025-03-20","017199","202000043947","0.8850","0.8850","","",""
"2025-03-21","017199","202000043947","0.8758","0.8758","","",""
"2025-03-24","017199","202000043947","0.8821","0.8821","","",""
"2025-03-25","017199","202000043947","0.8795","0.8795","","",""
"2025-03-26","017199","202000043947","0.8763","0.8763","","",""
"2025-03-27","017199","202000043947","0.8805","0.8805","","",""
"2025-03-28","017199","202000043947","0.8790","0.8790","","",""
"2025-03-31","017199","202000043947","0.8752","0.8752","","",""
"2025-04-01","017199","202000043947","0.8726","0.8726","","",""
"2024-04-02","017200","202000043948","0.8291","0.8291","","",""
"2024-04-03","017200","202000043948","0.8305","0.8305","","",""
"2024-04-08","017200","202000043948","0.8343","0.8343","","",""
"2024-04-09","017200","202000043948","0.8306","0.8306","","",""
"2024-04-10","017200","202000043948","0.8300","0.8300","","",""
"2024-04-11","017200","202000043948","0.8323","0.8323","","",""
"2024-04-12","017200","202000043948","0.8298","0.8298","","",""
"2024-04-15","017200","202000043948","0.8446","0.8446","","",""
"2024-04-16","017200","202000043948","0.8408","0.8408","","",""
"2024-04-17","017200","202000043948","0.8496","0.8496","","",""
"2024-04-18","017200","202000043948","0.8454","0.8454","","",""
"2024-04-19","017200","202000043948","0.8467","0.8467","","",""
"2024-04-22","017200","202000043948","0.8476","0.8476","","",""
"2024-04-23","017200","202000043948","0.8409","0.8409","","",""
"2024-04-24","017200","202000043948","0.8452","0.8452","","",""
"2024-04-25","017200","202000043948","0.8442","0.8442","","",""
"2024-04-26","017200","202000043948","0.8458","0.8458","","",""
"2024-04-29","017200","202000043948","0.8446","0.8446","","",""
"2024-04-30","017200","202000043948","0.8463","0.8463","","",""
"2024-05-06","017200","202000043948","0.8497","0.8497","","",""
"2024-05-07","017200","202000043948","0.8489","0.8489","","",""
"2024-05-08","017200","202000043948","0.8469","0.8469","","",""
"2024-05-09","017200","202000043948","0.8493","0.8493","","",""
"2024-05-10","017200","202000043948","0.8502","0.8502","","",""
"2024-05-13","017200","202000043948","0.8509","0.8509","","",""
"2024-05-14","017200","202000043948","0.8547","0.8547","","",""
"2024-05-15","017200","202000043948","0.8474","0.8474","","",""
"2024-05-16","017200","202000043948","0.8413","0.8413","","",""
"2024-05-17","017200","202000043948","0.8416","0.8416","","",""
"2024-05-20","017200","202000043948","0.8435","0.8435","","",""
"2024-05-21","017200","202000043948","0.8422","0.8422","","",""
"2024-05-22","017200","202000043948","0.8383","0.8383","","",""
"2024-05-23","017200","202000043948","0.8356","0.8356","","",""
"2024-05-24","017200","202000043948","0.8357","0.8357","","",""
"2024-05-27","017200","202000043948","0.8462","0.8462","","",""
"2024-05-28","017200","202000043948","0.8415","0.8415","","",""
"2024-05-29","017200","202000043948","0.8395","0.8395","","",""
"2024-05-30","017200","202000043948","0.8376","0.8376","","",""
"2024-05-31","017200","202000043948","0.8359","0.8359","","",""
"2024-06-03","017200","202000043948","0.8399","0.8399","","",""
"2024-06-04","017200","202000043948","0.8462","0.8462","","",""
"2024-06-05","017200","202000043948","0.8439","0.8439","","",""
"2024-06-06","017200","202000043948","0.8463","0.8463","","",""
"2024-06-07","017200","202000043948","0.8482","0.8482","","",""
"2024-06-11","017200","202000043948","0.8446","0.8446","","",""
"2024-06-12","017200","202000043948","0.8453","0.8453","","",""
"2024-06-13","017200","202000043948","0.8435","0.8435","","",""
"2024-06-14","017200","202000043948","0.8438","0.8438","","",""
"2024-06-17","017200","202000043948","0.8401","0.8401","","",""
"2024-06-18","017200","202000043948","0.8415","0.8415","","",""
"2024-06-19","017200","202000043948","0.8388","0.8388","","",""
"2024-06-20","017200","202000043948","0.8366","0.8366","","",""
"2024-06-21","017200","202000043948","0.8375","0.8375","","",""
"2024-06-24","017200","202000043948","0.8362","0.8362","","",""
"2024-06-25","017200","202000043948","0.8359","0.8359","","",""
"2024-06-26","017200","202000043948","0.8386","0.8386","","",""
"2024-06-27","017200","202000043948","0.8350","0.8350","","",""
"2024-06-28","017200","202000043948","0.8422","0.8422","","",""
"2024-06-30","017200","202000043948","0.8422","0.8422","","",""
"2024-07-01","017200","202000043948","0.8526","0.8526","","",""
"2024-07-02","017200","202000043948","0.8499","0.8499","","",""
"2024-07-03","017200","202000043948","0.8448","0.8448","","",""
"2024-07-04","017200","202000043948","0.8399","0.8399","","",""
"2024-07-05","017200","202000043948","0.8433","0.8433","","",""
"2024-07-08","017200","202000043948","0.8433","0.8433","","",""
"2024-07-09","017200","202000043948","0.8473","0.8473","","",""
"2024-07-10","017200","202000043948","0.8416","0.8416","","",""
"2024-07-11","017200","202000043948","0.8432","0.8432","","",""
"2024-07-12","017200","202000043948","0.8454","0.8454","","",""
"2024-07-15","017200","202000043948","0.8473","0.8473","","",""
"2024-07-16","017200","202000043948","0.8463","0.8463","","",""
"2024-07-17","017200","202000043948","0.8412","0.8412","","",""
"2024-07-18","017200","202000043948","0.8502","0.8502","","",""
"2024-07-19","017200","202000043948","0.8514","0.8514","","",""
"2024-07-22","017200","202000043948","0.8495","0.8495","","",""
"2024-07-23","017200","202000043948","0.8351","0.8351","","",""
"2024-07-24","017200","202000043948","0.8346","0.8346","","",""
"2024-07-25","017200","202000043948","0.8317","0.8317","","",""
"2024-07-26","017200","202000043948","0.8294","0.8294","","",""
"2024-07-29","017200","202000043948","0.8238","0.8238","","",""
"2024-07-30","017200","202000043948","0.8194","0.8194","","",""
"2024-07-31","017200","202000043948","0.8264","0.8264","","",""
"2024-08-01","017200","202000043948","0.8217","0.8217","","",""
"2024-08-02","017200","202000043948","0.8207","0.8207","","",""
"2024-08-05","017200","202000043948","0.8166","0.8166","","",""
"2024-08-06","017200","202000043948","0.8147","0.8147","","",""
"2024-08-07","017200","202000043948","0.8175","0.8175","","",""
"2024-08-08","017200","202000043948","0.8253","0.8253","","",""
"2024-08-09","017200","202000043948","0.8176","0.8176","","",""
"2024-08-12","017200","202000043948","0.8181","0.8181","","",""
"2024-08-13","017200","202000043948","0.8199","0.8199","","",""
"2024-08-14","017200","202000043948","0.8184","0.8184","","",""
"2024-08-15","017200","202000043948","0.8219","0.8219","","",""
"2024-08-16","017200","202000043948","0.8225","0.8225","","",""
"2024-08-19","017200","202000043948","0.8286","0.8286","","",""
"2024-08-20","017200","202000043948","0.8254","0.8254","","",""
"2024-08-21","017200","202000043948","0.8233","0.8233","","",""
"2024-08-22","017200","202000043948","0.8287","0.8287","","",""
"2024-08-23","017200","202000043948","0.8307","0.8307","","",""
"2024-08-26","017200","202000043948","0.8276","0.8276","","",""
"2024-08-27","017200","202000043948","0.8263","0.8263","","",""
"2024-08-28","017200","202000043948","0.8239","0.8239","","",""
"2024-08-29","017200","202000043948","0.8217","0.8217","","",""
"2024-08-30","017200","202000043948","0.8224","0.8224","","",""
"2024-09-02","017200","202000043948","0.8240","0.8240","","",""
"2024-09-03","017200","202000043948","0.8247","0.8247","","",""
"2024-09-04","017200","202000043948","0.8224","0.8224","","",""
"2024-09-05","017200","202000043948","0.8218","0.8218","","",""
"2024-09-06","017200","202000043948","0.8150","0.8150","","",""
"2024-09-09","017200","202000043948","0.8117","0.8117","","",""
"2024-09-10","017200","202000043948","0.8101","0.8101","","",""
"2024-09-11","017200","202000043948","0.8040","0.8040","","",""
"2024-09-12","017200","202000043948","0.7988","0.7988","","",""
"2024-09-13","017200","202000043948","0.8011","0.8011","","",""
"2024-09-18","017200","202000043948","0.8057","0.8057","","",""
"2024-09-19","017200","202000043948","0.8052","0.8052","","",""
"2024-09-20","017200","202000043948","0.8064","0.8064","","",""
"2024-09-23","017200","202000043948","0.8084","0.8084","","",""
"2024-09-24","017200","202000043948","0.8224","0.8224","","",""
"2024-09-25","017200","202000043948","0.8250","0.8250","","",""
"2024-09-26","017200","202000043948","0.8383","0.8383","","",""
"2024-09-27","017200","202000043948","0.8504","0.8504","","",""
"2024-09-30","017200","202000043948","0.8874","0.8874","","",""
"2024-10-08","017200","202000043948","0.9049","0.9049","","",""
"2024-10-09","017200","202000043948","0.8716","0.8716","","",""
"2024-10-10","017200","202000043948","0.8795","0.8795","","",""
"2024-10-11","017200","202000043948","0.8677","0.8677","","",""
"2024-10-14","017200","202000043948","0.8763","0.8763","","",""
"2024-10-15","017200","202000043948","0.8609","0.8609","","",""
"2024-10-16","017200","202000043948","0.8606","0.8606","","",""
"2024-10-17","017200","202000043948","0.8546","0.8546","","",""
"2024-10-18","017200","202000043948","0.8677","0.8677","","",""
"2024-10-21","017200","202000043948","0.8666","0.8666","","",""
"2024-10-22","017200","202000043948","0.8703","0.8703","","",""
"2024-10-23","017200","202000043948","0.8677","0.8677","","",""
"2024-10-24","017200","202000043948","0.8631","0.8631","","",""
"2024-10-25","017200","202000043948","0.8608","0.8608","","",""
"2024-10-28","017200","202000043948","0.8601","0.8601","","",""
"2024-10-29","017200","202000043948","0.8576","0.8576","","",""
"2024-10-30","017200","202000043948","0.8510","0.8510","","",""
"2024-10-31","017200","202000043948","0.8478","0.8478","","",""
"2024-11-01","017200","202000043948","0.8513","0.8513","","",""
"2024-11-04","017200","202000043948","0.8565","0.8565","","",""
"2024-11-05","017200","202000043948","0.8644","0.8644","","",""
"2024-11-06","017200","202000043948","0.8558","0.8558","","",""
"2024-11-07","017200","202000043948","0.8671","0.8671","","",""
"2024-11-08","017200","202000043948","0.8623","0.8623","","",""
"2024-11-11","017200","202000043948","0.8619","0.8619","","",""
"2024-11-12","017200","202000043948","0.8602","0.8602","","",""
"2024-11-13","017200","202000043948","0.8628","0.8628","","",""
"2024-11-14","017200","202000043948","0.8559","0.8559","","",""
"2024-11-15","017200","202000043948","0.8489","0.8489","","",""
"2024-11-18","017200","202000043948","0.8446","0.8446","","",""
"2024-11-19","017200","202000043948","0.8474","0.8474","","",""
"2024-11-20","017200","202000043948","0.8497","0.8497","","",""
"2024-11-21","017200","202000043948","0.8499","0.8499","","",""
"2024-11-22","017200","202000043948","0.8368","0.8368","","",""
"2024-11-25","017200","202000043948","0.8357","0.8357","","",""
"2024-11-26","017200","202000043948","0.8406","0.8406","","",""
"2024-11-27","017200","202000043948","0.8516","0.8516","","",""
"2024-11-28","017200","202000043948","0.8457","0.8457","","",""
"2024-11-29","017200","202000043948","0.8514","0.8514","","",""
"2024-12-02","017200","202000043948","0.8547","0.8547","","",""
"2024-12-03","017200","202000043948","0.8562","0.8562","","",""
"2024-12-04","017200","202000043948","0.8564","0.8564","","",""
"2024-12-05","017200","202000043948","0.8543","0.8543","","",""
"2024-12-06","017200","202000043948","0.8621","0.8621","","",""
"2024-12-09","017200","202000043948","0.8607","0.8607","","",""
"2024-12-10","017200","202000043948","0.8641","0.8641","","",""
"2024-12-11","017200","202000043948","0.8653","0.8653","","",""
"2024-12-12","017200","202000043948","0.8725","0.8725","","",""
"2024-12-13","017200","202000043948","0.8626","0.8626","","",""
"2024-12-16","017200","202000043948","0.8587","0.8587","","",""
"2024-12-17","017200","202000043948","0.8613","0.8613","","",""
"2024-12-18","017200","202000043948","0.8640","0.8640","","",""
"2024-12-19","017200","202000043948","0.8691","0.8691","","",""
"2024-12-20","017200","202000043948","0.8674","0.8674","","",""
"2024-12-23","017200","202000043948","0.8678","0.8678","","",""
"2024-12-24","017200","202000043948","0.8780","0.8780","","",""
"2024-12-25","017200","202000043948","0.8773","0.8773","","",""
"2024-12-26","017200","202000043948","0.8814","0.8814","","",""
"2024-12-27","017200","202000043948","0.8804","0.8804","","",""
"2024-12-30","017200","202000043948","0.8869","0.8869","","",""
"2024-12-31","017200","202000043948","0.8772","0.8772","","",""
"2025-01-02","017200","202000043948","0.8550","0.8550","","",""
"2025-01-03","017200","202000043948","0.8478","0.8478","","",""
"2025-01-06","017200","202000043948","0.8481","0.8481","","",""
"2025-01-07","017200","202000043948","0.8514","0.8514","","",""
"2025-01-08","017200","202000043948","0.8493","0.8493","","",""
"2025-01-09","017200","202000043948","0.8490","0.8490","","",""
"2025-01-10","017200","202000043948","0.8414","0.8414","","",""
"2025-01-13","017200","202000043948","0.8371","0.8371","","",""
"2025-01-14","017200","202000043948","0.8543","0.8543","","",""
"2025-01-15","017200","202000043948","0.8490","0.8490","","",""
"2025-01-16","017200","202000043948","0.8510","0.8510","","",""
"2025-01-17","017200","202000043948","0.8559","0.8559","","",""
"2025-01-20","017200","202000043948","0.8648","0.8648","","",""
"2025-01-21","017200","202000043948","0.8673","0.8673","","",""
"2025-01-22","017200","202000043948","0.8606","0.8606","","",""
"2025-01-23","017200","202000043948","0.8628","0.8628","","",""
"2025-01-24","017200","202000043948","0.8679","0.8679","","",""
"2025-01-27","017200","202000043948","0.8683","0.8683","","",""
"2025-02-05","017200","202000043948","0.8551","0.8551","","",""
"2025-02-06","017200","202000043948","0.8609","0.8609","","",""
"2025-02-07","017200","202000043948","0.8725","0.8725","","",""
"2025-02-10","017200","202000043948","0.8706","0.8706","","",""
"2025-02-11","017200","202000043948","0.8694","0.8694","","",""
"2025-02-12","017200","202000043948","0.8780","0.8780","","",""
"2025-02-13","017200","202000043948","0.8736","0.8736","","",""
"2025-02-14","017200","202000043948","0.8789","0.8789","","",""
"2025-02-17","017200","202000043948","0.8782","0.8782","","",""
"2025-02-18","017200","202000043948","0.8769","0.8769","","",""
"2025-02-19","017200","202000043948","0.8832","0.8832","","",""
"2025-02-20","017200","202000043948","0.8814","0.8814","","",""
"2025-02-21","017200","202000043948","0.8886","0.8886","","",""
"2025-02-24","017200","202000043948","0.8831","0.8831","","",""
"2025-02-25","017200","202000043948","0.8767","0.8767","","",""
"2025-02-26","017200","202000043948","0.8787","0.8787","","",""
"2025-02-27","017200","202000043948","0.8795","0.8795","","",""
"2025-02-28","017200","202000043948","0.8651","0.8651","","",""
"2025-03-03","017200","202000043948","0.8656","0.8656","","",""
"2025-03-04","017200","202000043948","0.8648","0.8648","","",""
"2025-03-05","017200","202000043948","0.8689","0.8689","","",""
"2025-03-06","017200","202000043948","0.8747","0.8747","","",""
"2025-03-07","017200","202000043948","0.8714","0.8714","","",""
"2025-03-10","017200","202000043948","0.8695","0.8695","","",""
"2025-03-11","017200","202000043948","0.8688","0.8688","","",""
"2025-03-12","017200","202000043948","0.8647","0.8647","","",""
"2025-03-13","017200","202000043948","0.8604","0.8604","","",""
"2025-03-14","017200","202000043948","0.8789","0.8789","","",""
"2025-03-17","017200","202000043948","0.8762","0.8762","","",""
"2025-03-18","017200","202000043948","0.8833","0.8833","","",""
"2025-03-19","017200","202000043948","0.8834","0.8834","","",""
"2025-03-20","017200","202000043948","0.8754","0.8754","","",""
"2025-03-21","017200","202000043948","0.8663","0.8663","","",""
"2025-03-24","017200","202000043948","0.8725","0.8725","","",""
"2025-03-25","017200","202000043948","0.8700","0.8700","","",""
"2025-03-26","017200","202000043948","0.8667","0.8667","","",""
"2025-03-27","017200","202000043948","0.8708","0.8708","","",""
"2025-03-28","017200","202000043948","0.8694","0.8694","","",""
"2025-03-31","017200","202000043948","0.8656","0.8656","","",""
"2025-04-01","017200","202000043948","0.8630","0.8630","","",""
"2024-04-03","017581","202000047096","1.0127","1.0127","","",""
"2024-04-12","017581","202000047096","1.0155","1.0155","","",""
"2024-04-19","017581","202000047096","1.0176","1.0176","","",""
"2024-04-26","017581","202000047096","1.0171","1.0171","","",""
"2024-04-30","017581","202000047096","1.0158","1.0158","","",""
"2024-05-10","017581","202000047096","1.0171","1.0171","","",""
"2024-05-17","017581","202000047096","1.0183","1.0183","","",""
"2024-05-24","017581","202000047096","1.0192","1.0192","","",""
"2024-05-31","017581","202000047096","1.0203","1.0203","","",""
"2024-06-07","017581","202000047096","1.0222","1.0222","","",""
"2024-06-14","017581","202000047096","1.0237","1.0237","","",""
"2024-06-21","017581","202000047096","1.0250","1.0250","","",""
"2024-06-28","017581","202000047096","1.0262","1.0262","","",""
"2024-06-30","017581","202000047096","1.0264","1.0264","","",""
"2024-07-05","017581","202000047096","1.0270","1.0270","","",""
"2024-07-12","017581","202000047096","1.0274","1.0274","","",""
"2024-07-19","017581","202000047096","1.0286","1.0286","","",""
"2024-07-26","017581","202000047096","1.0326","1.0326","","",""
"2024-08-02","017581","202000047096","1.0359","1.0359","","",""
"2024-08-09","017581","202000047096","1.0366","1.0366","","",""
"2024-08-16","017581","202000047096","1.0353","1.0353","","",""
"2024-08-20","017581","202000047096","1.0349","1.0349","","",""
"2024-08-21","017581","202000047096","1.0340","1.0340","","",""
"2024-08-23","017581","202000047096","1.0333","1.0333","","",""
"2024-08-30","017581","202000047096","1.0303","1.0303","","",""
"2024-09-06","017581","202000047096","1.0326","1.0326","","",""
"2024-09-13","017581","202000047096","1.0322","1.0322","","",""
"2024-09-20","017581","202000047096","1.0327","1.0327","","",""
"2024-09-27","017581","202000047096","1.0285","1.0285","","",""
"2024-09-30","017581","202000047096","1.0238","1.0238","","",""
"2024-10-11","017581","202000047096","1.0191","1.0191","","",""
"2024-10-18","017581","202000047096","1.0247","1.0247","","",""
"2024-10-25","017581","202000047096","1.0219","1.0219","","",""
"2024-11-01","017581","202000047096","1.0215","1.0215","","",""
"2024-11-08","017581","202000047096","1.0223","1.0223","","",""
"2024-11-15","017581","202000047096","1.0231","1.0231","","",""
"2024-11-22","017581","202000047096","1.0239","1.0239","","",""
"2024-11-29","017581","202000047096","1.0275","1.0275","","",""
"2024-12-06","017581","202000047096","1.0341","1.0341","","",""
"2024-12-13","017581","202000047096","1.0392","1.0392","","",""
"2024-12-20","017581","202000047096","1.0408","1.0408","","",""
"2024-12-26","017581","202000047096","1.0408","1.0408","","",""
"2024-12-27","017581","202000047096","1.0410","1.0410","","",""
"2024-12-30","017581","202000047096","1.0410","1.0410","","",""
"2024-12-31","017581","202000047096","1.0419","1.0419","","",""
"2025-01-02","017581","202000047096","1.0419","1.0419","","",""
"2025-01-03","017581","202000047096","1.0438","1.0438","","",""
"2025-01-06","017581","202000047096","1.0438","1.0438","","",""
"2025-01-07","017581","202000047096","1.0438","1.0438","","",""
"2025-01-08","017581","202000047096","1.0438","1.0438","","",""
"2025-01-09","017581","202000047096","1.0438","1.0438","","",""
"2025-01-10","017581","202000047096","1.0427","1.0427","","",""
"2025-01-13","017581","202000047096","1.0427","1.0427","","",""
"2025-01-14","017581","202000047096","1.0427","1.0427","","",""
"2025-01-15","017581","202000047096","1.0427","1.0427","","",""
"2025-01-16","017581","202000047096","1.0427","1.0427","","",""
"2025-01-17","017581","202000047096","1.0420","1.0420","","",""
"2025-01-20","017581","202000047096","1.0420","1.0420","","",""
"2025-01-21","017581","202000047096","1.0420","1.0420","","",""
"2025-01-22","017581","202000047096","1.0420","1.0420","","",""
"2025-01-23","017581","202000047096","1.0420","1.0420","","",""
"2025-01-24","017581","202000047096","1.0418","1.0418","","",""
"2025-01-27","017581","202000047096","1.0426","1.0426","","",""
"2025-02-05","017581","202000047096","1.0426","1.0426","","",""
"2025-02-06","017581","202000047096","1.0426","1.0426","","",""
"2025-02-07","017581","202000047096","1.0442","1.0442","","",""
"2025-02-10","017581","202000047096","1.0442","1.0442","","",""
"2025-02-11","017581","202000047096","1.0442","1.0442","","",""
"2025-02-12","017581","202000047096","1.0442","1.0442","","",""
"2025-02-13","017581","202000047096","1.0442","1.0442","","",""
"2025-02-14","017581","202000047096","1.0435","1.0435","","",""
"2025-02-17","017581","202000047096","1.0435","1.0435","","",""
"2025-02-18","017581","202000047096","1.0435","1.0435","","",""
"2025-02-19","017581","202000047096","1.0435","1.0435","","",""
"2025-02-20","017581","202000047096","1.0435","1.0435","","",""
"2025-02-21","017581","202000047096","1.0402","1.0402","","",""
"2025-02-24","017581","202000047096","1.0402","1.0402","","",""
"2025-02-25","017581","202000047096","1.0402","1.0402","","",""
"2025-02-26","017581","202000047096","1.0402","1.0402","","",""
"2025-02-27","017581","202000047096","1.0402","1.0402","","",""
"2025-02-28","017581","202000047096","1.0373","1.0373","","",""
"2025-03-03","017581","202000047096","1.0373","1.0373","","",""
"2025-03-04","017581","202000047096","1.0373","1.0373","","",""
"2025-03-05","017581","202000047096","1.0373","1.0373","","",""
"2025-03-06","017581","202000047096","1.0373","1.0373","","",""
"2025-03-07","017581","202000047096","1.0358","1.0358","","",""
"2025-03-10","017581","202000047096","1.0358","1.0358","","",""
"2025-03-11","017581","202000047096","1.0358","1.0358","","",""
"2025-03-12","017581","202000047096","1.0358","1.0358","","",""
"2025-03-13","017581","202000047096","1.0358","1.0358","","",""
"2025-03-14","017581","202000047096","1.0352","1.0352","","",""
"2025-03-17","017581","202000047096","1.0352","1.0352","","",""
"2025-03-18","017581","202000047096","1.0352","1.0352","","",""
"2025-03-19","017581","202000047096","1.0352","1.0352","","",""
"2025-03-20","017581","202000047096","1.0352","1.0352","","",""
"2025-03-21","017581","202000047096","1.0375","1.0375","","",""
"2025-03-24","017581","202000047096","1.0375","1.0375","","",""
"2025-03-25","017581","202000047096","1.0375","1.0375","","",""
"2025-03-26","017581","202000047096","1.0375","1.0375","","",""
"2025-03-27","017581","202000047096","1.0375","1.0375","","",""
"2025-03-28","017581","202000047096","1.0412","1.0412","","",""
"2025-03-31","017581","202000047096","1.0412","1.0412","","",""
"2025-04-01","017581","202000047096","1.0412","1.0412","","",""
"2024-04-02","018118","202000045804","0.8121","0.8121","","",""
"2024-04-03","018118","202000045804","0.8077","0.8077","","",""
"2024-04-08","018118","202000045804","0.7939","0.7939","","",""
"2024-04-09","018118","202000045804","0.8019","0.8019","","",""
"2024-04-10","018118","202000045804","0.7924","0.7924","","",""
"2024-04-11","018118","202000045804","0.7965","0.7965","","",""
"2024-04-12","018118","202000045804","0.7840","0.7840","","",""
"2024-04-15","018118","202000045804","0.7910","0.7910","","",""
"2024-04-16","018118","202000045804","0.7763","0.7763","","",""
"2024-04-17","018118","202000045804","0.7851","0.7851","","",""
"2024-04-18","018118","202000045804","0.7885","0.7885","","",""
"2024-04-19","018118","202000045804","0.7902","0.7902","","",""
"2024-04-22","018118","202000045804","0.7991","0.7991","","",""
"2024-04-23","018118","202000045804","0.8000","0.8000","","",""
"2024-04-24","018118","202000045804","0.8018","0.8018","","",""
"2024-04-25","018118","202000045804","0.8076","0.8076","","",""
"2024-04-26","018118","202000045804","0.8193","0.8193","","",""
"2024-04-29","018118","202000045804","0.8425","0.8425","","",""
"2024-04-30","018118","202000045804","0.8443","0.8443","","",""
"2024-05-06","018118","202000045804","0.8637","0.8637","","",""
"2024-05-07","018118","202000045804","0.8682","0.8682","","",""
"2024-05-08","018118","202000045804","0.8530","0.8530","","",""
"2024-05-09","018118","202000045804","0.8714","0.8714","","",""
"2024-05-10","018118","202000045804","0.8784","0.8784","","",""
"2024-05-13","018118","202000045804","0.8802","0.8802","","",""
"2024-05-14","018118","202000045804","0.8804","0.8804","","",""
"2024-05-15","018118","202000045804","0.8828","0.8828","","",""
"2024-05-16","018118","202000045804","0.8825","0.8825","","",""
"2024-05-17","018118","202000045804","0.8883","0.8883","","",""
"2024-05-20","018118","202000045804","0.8919","0.8919","","",""
"2024-05-21","018118","202000045804","0.8856","0.8856","","",""
"2024-05-22","018118","202000045804","0.8915","0.8915","","",""
"2024-05-23","018118","202000045804","0.8807","0.8807","","",""
"2024-05-24","018118","202000045804","0.8685","0.8685","","",""
"2024-05-27","018118","202000045804","0.8692","0.8692","","",""
"2024-05-28","018118","202000045804","0.8644","0.8644","","",""
"2024-05-29","018118","202000045804","0.8633","0.8633","","",""
"2024-05-30","018118","202000045804","0.8575","0.8575","","",""
"2024-05-31","018118","202000045804","0.8486","0.8486","","",""
"2024-06-03","018118","202000045804","0.8589","0.8589","","",""
"2024-06-04","018118","202000045804","0.8697","0.8697","","",""
"2024-06-05","018118","202000045804","0.8627","0.8627","","",""
"2024-06-06","018118","202000045804","0.8596","0.8596","","",""
"2024-06-07","018118","202000045804","0.8494","0.8494","","",""
"2024-06-11","018118","202000045804","0.8463","0.8463","","",""
"2024-06-12","018118","202000045804","0.8440","0.8440","","",""
"2024-06-13","018118","202000045804","0.8414","0.8414","","",""
"2024-06-14","018118","202000045804","0.8437","0.8437","","",""
"2024-06-17","018118","202000045804","0.8397","0.8397","","",""
"2024-06-18","018118","202000045804","0.8370","0.8370","","",""
"2024-06-19","018118","202000045804","0.8355","0.8355","","",""
"2024-06-20","018118","202000045804","0.8251","0.8251","","",""
"2024-06-21","018118","202000045804","0.8243","0.8243","","",""
"2024-06-24","018118","202000045804","0.8192","0.8192","","",""
"2024-06-25","018118","202000045804","0.8182","0.8182","","",""
"2024-06-26","018118","202000045804","0.8165","0.8165","","",""
"2024-06-27","018118","202000045804","0.8140","0.8140","","",""
"2024-06-28","018118","202000045804","0.8123","0.8123","","",""
"2024-06-30","018118","202000045804","0.8123","0.8123","","",""
"2024-07-01","018118","202000045804","0.8132","0.8132","","",""
"2024-07-02","018118","202000045804","0.8037","0.8037","","",""
"2024-07-03","018118","202000045804","0.7931","0.7931","","",""
"2024-07-04","018118","202000045804","0.7907","0.7907","","",""
"2024-07-05","018118","202000045804","0.7903","0.7903","","",""
"2024-07-08","018118","202000045804","0.7788","0.7788","","",""
"2024-07-09","018118","202000045804","0.7811","0.7811","","",""
"2024-07-10","018118","202000045804","0.7762","0.7762","","",""
"2024-07-11","018118","202000045804","0.7884","0.7884","","",""
"2024-07-12","018118","202000045804","0.8010","0.8010","","",""
"2024-07-15","018118","202000045804","0.7933","0.7933","","",""
"2024-07-16","018118","202000045804","0.7951","0.7951","","",""
"2024-07-17","018118","202000045804","0.7935","0.7935","","",""
"2024-07-18","018118","202000045804","0.7963","0.7963","","",""
"2024-07-19","018118","202000045804","0.7956","0.7956","","",""
"2024-07-22","018118","202000045804","0.7947","0.7947","","",""
"2024-07-23","018118","202000045804","0.7738","0.7738","","",""
"2024-07-24","018118","202000045804","0.7648","0.7648","","",""
"2024-07-25","018118","202000045804","0.7683","0.7683","","",""
"2024-07-26","018118","202000045804","0.7778","0.7778","","",""
"2024-07-29","018118","202000045804","0.7644","0.7644","","",""
"2024-07-30","018118","202000045804","0.7594","0.7594","","",""
"2024-07-31","018118","202000045804","0.7823","0.7823","","",""
"2024-08-01","018118","202000045804","0.7716","0.7716","","",""
"2024-08-02","018118","202000045804","0.7610","0.7610","","",""
"2024-08-05","018118","202000045804","0.7567","0.7567","","",""
"2024-08-06","018118","202000045804","0.7650","0.7650","","",""
"2024-08-07","018118","202000045804","0.7651","0.7651","","",""
"2024-08-08","018118","202000045804","0.7676","0.7676","","",""
"2024-08-09","018118","202000045804","0.7628","0.7628","","",""
"2024-08-12","018118","202000045804","0.7628","0.7628","","",""
"2024-08-13","018118","202000045804","0.7645","0.7645","","",""
"2024-08-14","018118","202000045804","0.7567","0.7567","","",""
"2024-08-15","018118","202000045804","0.7579","0.7579","","",""
"2024-08-16","018118","202000045804","0.7561","0.7561","","",""
"2024-08-19","018118","202000045804","0.7576","0.7576","","",""
"2024-08-20","018118","202000045804","0.7504","0.7504","","",""
"2024-08-21","018118","202000045804","0.7489","0.7489","","",""
"2024-08-22","018118","202000045804","0.7484","0.7484","","",""
"2024-08-23","018118","202000045804","0.7523","0.7523","","",""
"2024-08-26","018118","202000045804","0.7573","0.7573","","",""
"2024-08-27","018118","202000045804","0.7560","0.7560","","",""
"2024-08-28","018118","202000045804","0.7522","0.7522","","",""
"2024-08-29","018118","202000045804","0.7581","0.7581","","",""
"2024-08-30","018118","202000045804","0.7739","0.7739","","",""
"2024-09-02","018118","202000045804","0.7626","0.7626","","",""
"2024-09-03","018118","202000045804","0.7720","0.7720","","",""
"2024-09-04","018118","202000045804","0.7688","0.7688","","",""
"2024-09-05","018118","202000045804","0.7702","0.7702","","",""
"2024-09-06","018118","202000045804","0.7624","0.7624","","",""
"2024-09-09","018118","202000045804","0.7542","0.7542","","",""
"2024-09-10","018118","202000045804","0.7524","0.7524","","",""
"2024-09-11","018118","202000045804","0.7587","0.7587","","",""
"2024-09-12","018118","202000045804","0.7543","0.7543","","",""
"2024-09-13","018118","202000045804","0.7439","0.7439","","",""
"2024-09-18","018118","202000045804","0.7492","0.7492","","",""
"2024-09-19","018118","202000045804","0.7618","0.7618","","",""
"2024-09-20","018118","202000045804","0.7649","0.7649","","",""
"2024-09-23","018118","202000045804","0.7649","0.7649","","",""
"2024-09-24","018118","202000045804","0.7933","0.7933","","",""
"2024-09-25","018118","202000045804","0.7949","0.7949","","",""
"2024-09-26","018118","202000045804","0.8380","0.8380","","",""
"2024-09-27","018118","202000045804","0.8842","0.8842","","",""
"2024-09-30","018118","202000045804","0.9536","0.9536","","",""
"2024-10-08","018118","202000045804","0.9976","0.9976","","",""
"2024-10-09","018118","202000045804","0.9253","0.9253","","",""
"2024-10-10","018118","202000045804","0.9344","0.9344","","",""
"2024-10-11","018118","202000045804","0.9172","0.9172","","",""
"2024-10-14","018118","202000045804","0.9279","0.9279","","",""
"2024-10-15","018118","202000045804","0.9064","0.9064","","",""
"2024-10-16","018118","202000045804","0.9029","0.9029","","",""
"2024-10-17","018118","202000045804","0.8927","0.8927","","",""
"2024-10-18","018118","202000045804","0.9217","0.9217","","",""
"2024-10-21","018118","202000045804","0.9298","0.9298","","",""
"2024-10-22","018118","202000045804","0.9397","0.9397","","",""
"2024-10-23","018118","202000045804","0.9511","0.9511","","",""
"2024-10-24","018118","202000045804","0.9403","0.9403","","",""
"2024-10-25","018118","202000045804","0.9635","0.9635","","",""
"2024-10-28","018118","202000045804","0.9685","0.9685","","",""
"2024-10-29","018118","202000045804","0.9584","0.9584","","",""
"2024-10-30","018118","202000045804","0.9499","0.9499","","",""
"2024-10-31","018118","202000045804","0.9549","0.9549","","",""
"2024-11-01","018118","202000045804","0.9437","0.9437","","",""
"2024-11-04","018118","202000045804","0.9525","0.9525","","",""
"2024-11-05","018118","202000045804","0.9685","0.9685","","",""
"2024-11-06","018118","202000045804","0.9651","0.9651","","",""
"2024-11-07","018118","202000045804","0.9859","0.9859","","",""
"2024-11-08","018118","202000045804","0.9716","0.9716","","",""
"2024-11-11","018118","202000045804","0.9743","0.9743","","",""
"2024-11-12","018118","202000045804","0.9607","0.9607","","",""
"2024-11-13","018118","202000045804","0.9648","0.9648","","",""
"2024-11-14","018118","202000045804","0.9467","0.9467","","",""
"2024-11-15","018118","202000045804","0.9335","0.9335","","",""
"2024-11-18","018118","202000045804","0.9278","0.9278","","",""
"2024-11-19","018118","202000045804","0.9353","0.9353","","",""
"2024-11-20","018118","202000045804","0.9375","0.9375","","",""
"2024-11-21","018118","202000045804","0.9317","0.9317","","",""
"2024-11-22","018118","202000045804","0.9076","0.9076","","",""
"2024-11-25","018118","202000045804","0.9041","0.9041","","",""
"2024-11-26","018118","202000045804","0.8999","0.8999","","",""
"2024-11-27","018118","202000045804","0.9190","0.9190","","",""
"2024-11-28","018118","202000045804","0.9109","0.9109","","",""
"2024-11-29","018118","202000045804","0.9252","0.9252","","",""
"2024-12-02","018118","202000045804","0.9310","0.9310","","",""
"2024-12-03","018118","202000045804","0.9307","0.9307","","",""
"2024-12-04","018118","202000045804","0.9196","0.9196","","",""
"2024-12-05","018118","202000045804","0.9168","0.9168","","",""
"2024-12-06","018118","202000045804","0.9287","0.9287","","",""
"2024-12-09","018118","202000045804","0.9266","0.9266","","",""
"2024-12-10","018118","202000045804","0.9336","0.9336","","",""
"2024-12-11","018118","202000045804","0.9337","0.9337","","",""
"2024-12-12","018118","202000045804","0.9401","0.9401","","",""
"2024-12-13","018118","202000045804","0.9215","0.9215","","",""
"2024-12-16","018118","202000045804","0.9131","0.9131","","",""
"2024-12-17","018118","202000045804","0.9147","0.9147","","",""
"2024-12-18","018118","202000045804","0.9201","0.9201","","",""
"2024-12-19","018118","202000045804","0.9217","0.9217","","",""
"2024-12-20","018118","202000045804","0.9194","0.9194","","",""
"2024-12-23","018118","202000045804","0.9148","0.9148","","",""
"2024-12-24","018118","202000045804","0.9245","0.9245","","",""
"2024-12-25","018118","202000045804","0.9173","0.9173","","",""
"2024-12-26","018118","202000045804","0.9150","0.9150","","",""
"2024-12-27","018118","202000045804","0.9124","0.9124","","",""
"2024-12-30","018118","202000045804","0.9171","0.9171","","",""
"2024-12-31","018118","202000045804","0.9080","0.9080","","",""
"2025-01-02","018118","202000045804","0.8922","0.8922","","",""
"2025-01-03","018118","202000045804","0.8876","0.8876","","",""
"2025-01-06","018118","202000045804","0.8859","0.8859","","",""
"2025-01-07","018118","202000045804","0.8846","0.8846","","",""
"2025-01-08","018118","202000045804","0.8768","0.8768","","",""
"2025-01-09","018118","202000045804","0.8700","0.8700","","",""
"2025-01-10","018118","202000045804","0.8565","0.8565","","",""
"2025-01-13","018118","202000045804","0.8542","0.8542","","",""
"2025-01-14","018118","202000045804","0.8765","0.8765","","",""
"2025-01-15","018118","202000045804","0.8703","0.8703","","",""
"2025-01-16","018118","202000045804","0.8741","0.8741","","",""
"2025-01-17","018118","202000045804","0.8785","0.8785","","",""
"2025-01-20","018118","202000045804","0.8853","0.8853","","",""
"2025-01-21","018118","202000045804","0.8910","0.8910","","",""
"2025-01-22","018118","202000045804","0.8780","0.8780","","",""
"2025-01-23","018118","202000045804","0.8707","0.8707","","",""
"2025-01-24","018118","202000045804","0.8766","0.8766","","",""
"2025-01-27","018118","202000045804","0.8805","0.8805","","",""
"2025-02-05","018118","202000045804","0.8830","0.8830","","",""
"2025-02-06","018118","202000045804","0.8948","0.8948","","",""
"2025-02-07","018118","202000045804","0.9116","0.9116","","",""
"2025-02-10","018118","202000045804","0.9153","0.9153","","",""
"2025-02-11","018118","202000045804","0.9053","0.9053","","",""
"2025-02-12","018118","202000045804","0.9190","0.9190","","",""
"2025-02-13","018118","202000045804","0.9198","0.9198","","",""
"2025-02-14","018118","202000045804","0.9374","0.9374","","",""
"2025-02-17","018118","202000045804","0.9364","0.9364","","",""
"2025-02-18","018118","202000045804","0.9309","0.9309","","",""
"2025-02-19","018118","202000045804","0.9370","0.9370","","",""
"2025-02-20","018118","202000045804","0.9317","0.9317","","",""
"2025-02-21","018118","202000045804","0.9506","0.9506","","",""
"2025-02-24","018118","202000045804","0.9522","0.9522","","",""
"2025-02-25","018118","202000045804","0.9501","0.9501","","",""
"2025-02-26","018118","202000045804","0.9647","0.9647","","",""
"2025-02-27","018118","202000045804","0.9618","0.9618","","",""
"2025-02-28","018118","202000045804","0.9415","0.9415","","",""
"2025-03-03","018118","202000045804","0.9465","0.9465","","",""
"2025-03-04","018118","202000045804","0.9436","0.9436","","",""
"2025-03-05","018118","202000045804","0.9440","0.9440","","",""
"2025-03-06","018118","202000045804","0.9608","0.9608","","",""
"2025-03-07","018118","202000045804","0.9571","0.9571","","",""
"2025-03-10","018118","202000045804","0.9542","0.9542","","",""
"2025-03-11","018118","202000045804","0.9556","0.9556","","",""
"2025-03-12","018118","202000045804","0.9512","0.9512","","",""
"2025-03-13","018118","202000045804","0.9484","0.9484","","",""
"2025-03-14","018118","202000045804","0.9690","0.9690","","",""
"2025-03-17","018118","202000045804","0.9683","0.9683","","",""
"2025-03-18","018118","202000045804","0.9761","0.9761","","",""
"2025-03-19","018118","202000045804","0.9764","0.9764","","",""
"2025-03-20","018118","202000045804","0.9627","0.9627","","",""
"2025-03-21","018118","202000045804","0.9518","0.9518","","",""
"2025-03-24","018118","202000045804","0.9565","0.9565","","",""
"2025-03-25","018118","202000045804","0.9561","0.9561","","",""
"2025-03-26","018118","202000045804","0.9532","0.9532","","",""
"2025-03-27","018118","202000045804","0.9568","0.9568","","",""
"2025-03-28","018118","202000045804","0.9516","0.9516","","",""
"2025-03-31","018118","202000045804","0.9414","0.9414","","",""
"2025-04-01","018118","202000045804","0.9444","0.9444","","",""
"2024-04-02","018119","202000045805","0.8098","0.8098","","",""
"2024-04-03","018119","202000045805","0.8055","0.8055","","",""
"2024-04-08","018119","202000045805","0.7916","0.7916","","",""
"2024-04-09","018119","202000045805","0.7996","0.7996","","",""
"2024-04-10","018119","202000045805","0.7901","0.7901","","",""
"2024-04-11","018119","202000045805","0.7942","0.7942","","",""
"2024-04-12","018119","202000045805","0.7818","0.7818","","",""
"2024-04-15","018119","202000045805","0.7887","0.7887","","",""
"2024-04-16","018119","202000045805","0.7740","0.7740","","",""
"2024-04-17","018119","202000045805","0.7828","0.7828","","",""
"2024-04-18","018119","202000045805","0.7862","0.7862","","",""
"2024-04-19","018119","202000045805","0.7879","0.7879","","",""
"2024-04-22","018119","202000045805","0.7967","0.7967","","",""
"2024-04-23","018119","202000045805","0.7976","0.7976","","",""
"2024-04-24","018119","202000045805","0.7994","0.7994","","",""
"2024-04-25","018119","202000045805","0.8051","0.8051","","",""
"2024-04-26","018119","202000045805","0.8168","0.8168","","",""
"2024-04-29","018119","202000045805","0.8399","0.8399","","",""
"2024-04-30","018119","202000045805","0.8417","0.8417","","",""
"2024-05-06","018119","202000045805","0.8610","0.8610","","",""
"2024-05-07","018119","202000045805","0.8654","0.8654","","",""
"2024-05-08","018119","202000045805","0.8503","0.8503","","",""
"2024-05-09","018119","202000045805","0.8686","0.8686","","",""
"2024-05-10","018119","202000045805","0.8756","0.8756","","",""
"2024-05-13","018119","202000045805","0.8774","0.8774","","",""
"2024-05-14","018119","202000045805","0.8775","0.8775","","",""
"2024-05-15","018119","202000045805","0.8799","0.8799","","",""
"2024-05-16","018119","202000045805","0.8796","0.8796","","",""
"2024-05-17","018119","202000045805","0.8854","0.8854","","",""
"2024-05-20","018119","202000045805","0.8889","0.8889","","",""
"2024-05-21","018119","202000045805","0.8826","0.8826","","",""
"2024-05-22","018119","202000045805","0.8886","0.8886","","",""
"2024-05-23","018119","202000045805","0.8777","0.8777","","",""
"2024-05-24","018119","202000045805","0.8655","0.8655","","",""
"2024-05-27","018119","202000045805","0.8663","0.8663","","",""
"2024-05-28","018119","202000045805","0.8614","0.8614","","",""
"2024-05-29","018119","202000045805","0.8604","0.8604","","",""
"2024-05-30","018119","202000045805","0.8546","0.8546","","",""
"2024-05-31","018119","202000045805","0.8457","0.8457","","",""
"2024-06-03","018119","202000045805","0.8559","0.8559","","",""
"2024-06-04","018119","202000045805","0.8667","0.8667","","",""
"2024-06-05","018119","202000045805","0.8597","0.8597","","",""
"2024-06-06","018119","202000045805","0.8566","0.8566","","",""
"2024-06-07","018119","202000045805","0.8464","0.8464","","",""
"2024-06-11","018119","202000045805","0.8433","0.8433","","",""
"2024-06-12","018119","202000045805","0.8410","0.8410","","",""
"2024-06-13","018119","202000045805","0.8384","0.8384","","",""
"2024-06-14","018119","202000045805","0.8406","0.8406","","",""
"2024-06-17","018119","202000045805","0.8367","0.8367","","",""
"2024-06-18","018119","202000045805","0.8340","0.8340","","",""
"2024-06-19","018119","202000045805","0.8324","0.8324","","",""
"2024-06-20","018119","202000045805","0.8220","0.8220","","",""
"2024-06-21","018119","202000045805","0.8213","0.8213","","",""
"2024-06-24","018119","202000045805","0.8162","0.8162","","",""
"2024-06-25","018119","202000045805","0.8151","0.8151","","",""
"2024-06-26","018119","202000045805","0.8134","0.8134","","",""
"2024-06-27","018119","202000045805","0.8109","0.8109","","",""
"2024-06-28","018119","202000045805","0.8093","0.8093","","",""
"2024-06-30","018119","202000045805","0.8092","0.8092","","",""
"2024-07-01","018119","202000045805","0.8101","0.8101","","",""
"2024-07-02","018119","202000045805","0.8006","0.8006","","",""
"2024-07-03","018119","202000045805","0.7901","0.7901","","",""
"2024-07-04","018119","202000045805","0.7877","0.7877","","",""
"2024-07-05","018119","202000045805","0.7873","0.7873","","",""
"2024-07-08","018119","202000045805","0.7758","0.7758","","",""
"2024-07-09","018119","202000045805","0.7781","0.7781","","",""
"2024-07-10","018119","202000045805","0.7732","0.7732","","",""
"2024-07-11","018119","202000045805","0.7853","0.7853","","",""
"2024-07-12","018119","202000045805","0.7979","0.7979","","",""
"2024-07-15","018119","202000045805","0.7902","0.7902","","",""
"2024-07-16","018119","202000045805","0.7920","0.7920","","",""
"2024-07-17","018119","202000045805","0.7904","0.7904","","",""
"2024-07-18","018119","202000045805","0.7931","0.7931","","",""
"2024-07-19","018119","202000045805","0.7924","0.7924","","",""
"2024-07-22","018119","202000045805","0.7915","0.7915","","",""
"2024-07-23","018119","202000045805","0.7707","0.7707","","",""
"2024-07-24","018119","202000045805","0.7617","0.7617","","",""
"2024-07-25","018119","202000045805","0.7652","0.7652","","",""
"2024-07-26","018119","202000045805","0.7747","0.7747","","",""
"2024-07-29","018119","202000045805","0.7612","0.7612","","",""
"2024-07-30","018119","202000045805","0.7563","0.7563","","",""
"2024-07-31","018119","202000045805","0.7791","0.7791","","",""
"2024-08-01","018119","202000045805","0.7685","0.7685","","",""
"2024-08-02","018119","202000045805","0.7579","0.7579","","",""
"2024-08-05","018119","202000045805","0.7536","0.7536","","",""
"2024-08-06","018119","202000045805","0.7618","0.7618","","",""
"2024-08-07","018119","202000045805","0.7619","0.7619","","",""
"2024-08-08","018119","202000045805","0.7644","0.7644","","",""
"2024-08-09","018119","202000045805","0.7596","0.7596","","",""
"2024-08-12","018119","202000045805","0.7595","0.7595","","",""
"2024-08-13","018119","202000045805","0.7613","0.7613","","",""
"2024-08-14","018119","202000045805","0.7535","0.7535","","",""
"2024-08-15","018119","202000045805","0.7547","0.7547","","",""
"2024-08-16","018119","202000045805","0.7528","0.7528","","",""
"2024-08-19","018119","202000045805","0.7543","0.7543","","",""
"2024-08-20","018119","202000045805","0.7472","0.7472","","",""
"2024-08-21","018119","202000045805","0.7457","0.7457","","",""
"2024-08-22","018119","202000045805","0.7451","0.7451","","",""
"2024-08-23","018119","202000045805","0.7490","0.7490","","",""
"2024-08-26","018119","202000045805","0.7540","0.7540","","",""
"2024-08-27","018119","202000045805","0.7526","0.7526","","",""
"2024-08-28","018119","202000045805","0.7489","0.7489","","",""
"2024-08-29","018119","202000045805","0.7547","0.7547","","",""
"2024-08-30","018119","202000045805","0.7705","0.7705","","",""
"2024-09-02","018119","202000045805","0.7592","0.7592","","",""
"2024-09-03","018119","202000045805","0.7686","0.7686","","",""
"2024-09-04","018119","202000045805","0.7654","0.7654","","",""
"2024-09-05","018119","202000045805","0.7667","0.7667","","",""
"2024-09-06","018119","202000045805","0.7590","0.7590","","",""
"2024-09-09","018119","202000045805","0.7508","0.7508","","",""
"2024-09-10","018119","202000045805","0.7490","0.7490","","",""
"2024-09-11","018119","202000045805","0.7552","0.7552","","",""
"2024-09-12","018119","202000045805","0.7509","0.7509","","",""
"2024-09-13","018119","202000045805","0.7405","0.7405","","",""
"2024-09-18","018119","202000045805","0.7457","0.7457","","",""
"2024-09-19","018119","202000045805","0.7583","0.7583","","",""
"2024-09-20","018119","202000045805","0.7614","0.7614","","",""
"2024-09-23","018119","202000045805","0.7614","0.7614","","",""
"2024-09-24","018119","202000045805","0.7896","0.7896","","",""
"2024-09-25","018119","202000045805","0.7912","0.7912","","",""
"2024-09-26","018119","202000045805","0.8341","0.8341","","",""
"2024-09-27","018119","202000045805","0.8800","0.8800","","",""
"2024-09-30","018119","202000045805","0.9490","0.9490","","",""
"2024-10-08","018119","202000045805","0.9927","0.9927","","",""
"2024-10-09","018119","202000045805","0.9208","0.9208","","",""
"2024-10-10","018119","202000045805","0.9299","0.9299","","",""
"2024-10-11","018119","202000045805","0.9128","0.9128","","",""
"2024-10-14","018119","202000045805","0.9233","0.9233","","",""
"2024-10-15","018119","202000045805","0.9019","0.9019","","",""
"2024-10-16","018119","202000045805","0.8984","0.8984","","",""
"2024-10-17","018119","202000045805","0.8883","0.8883","","",""
"2024-10-18","018119","202000045805","0.9171","0.9171","","",""
"2024-10-21","018119","202000045805","0.9251","0.9251","","",""
"2024-10-22","018119","202000045805","0.9350","0.9350","","",""
"2024-10-23","018119","202000045805","0.9463","0.9463","","",""
"2024-10-24","018119","202000045805","0.9356","0.9356","","",""
"2024-10-25","018119","202000045805","0.9586","0.9586","","",""
"2024-10-28","018119","202000045805","0.9636","0.9636","","",""
"2024-10-29","018119","202000045805","0.9535","0.9535","","",""
"2024-10-30","018119","202000045805","0.9451","0.9451","","",""
"2024-10-31","018119","202000045805","0.9500","0.9500","","",""
"2024-11-01","018119","202000045805","0.9389","0.9389","","",""
"2024-11-04","018119","202000045805","0.9477","0.9477","","",""
"2024-11-05","018119","202000045805","0.9636","0.9636","","",""
"2024-11-06","018119","202000045805","0.9601","0.9601","","",""
"2024-11-07","018119","202000045805","0.9808","0.9808","","",""
"2024-11-08","018119","202000045805","0.9666","0.9666","","",""
"2024-11-11","018119","202000045805","0.9692","0.9692","","",""
"2024-11-12","018119","202000045805","0.9557","0.9557","","",""
"2024-11-13","018119","202000045805","0.9597","0.9597","","",""
"2024-11-14","018119","202000045805","0.9417","0.9417","","",""
"2024-11-15","018119","202000045805","0.9286","0.9286","","",""
"2024-11-18","018119","202000045805","0.9229","0.9229","","",""
"2024-11-19","018119","202000045805","0.9304","0.9304","","",""
"2024-11-20","018119","202000045805","0.9325","0.9325","","",""
"2024-11-21","018119","202000045805","0.9268","0.9268","","",""
"2024-11-22","018119","202000045805","0.9028","0.9028","","",""
"2024-11-25","018119","202000045805","0.8992","0.8992","","",""
"2024-11-26","018119","202000045805","0.8951","0.8951","","",""
"2024-11-27","018119","202000045805","0.9141","0.9141","","",""
"2024-11-28","018119","202000045805","0.9060","0.9060","","",""
"2024-11-29","018119","202000045805","0.9202","0.9202","","",""
"2024-12-02","018119","202000045805","0.9260","0.9260","","",""
"2024-12-03","018119","202000045805","0.9256","0.9256","","",""
"2024-12-04","018119","202000045805","0.9145","0.9145","","",""
"2024-12-05","018119","202000045805","0.9118","0.9118","","",""
"2024-12-06","018119","202000045805","0.9236","0.9236","","",""
"2024-12-09","018119","202000045805","0.9215","0.9215","","",""
"2024-12-10","018119","202000045805","0.9285","0.9285","","",""
"2024-12-11","018119","202000045805","0.9285","0.9285","","",""
"2024-12-12","018119","202000045805","0.9348","0.9348","","",""
"2024-12-13","018119","202000045805","0.9164","0.9164","","",""
"2024-12-16","018119","202000045805","0.9080","0.9080","","",""
"2024-12-17","018119","202000045805","0.9096","0.9096","","",""
"2024-12-18","018119","202000045805","0.9149","0.9149","","",""
"2024-12-19","018119","202000045805","0.9165","0.9165","","",""
"2024-12-20","018119","202000045805","0.9142","0.9142","","",""
"2024-12-23","018119","202000045805","0.9096","0.9096","","",""
"2024-12-24","018119","202000045805","0.9192","0.9192","","",""
"2024-12-25","018119","202000045805","0.9121","0.9121","","",""
"2024-12-26","018119","202000045805","0.9098","0.9098","","",""
"2024-12-27","018119","202000045805","0.9072","0.9072","","",""
"2024-12-30","018119","202000045805","0.9118","0.9118","","",""
"2024-12-31","018119","202000045805","0.9027","0.9027","","",""
"2025-01-02","018119","202000045805","0.8871","0.8871","","",""
"2025-01-03","018119","202000045805","0.8825","0.8825","","",""
"2025-01-06","018119","202000045805","0.8808","0.8808","","",""
"2025-01-07","018119","202000045805","0.8795","0.8795","","",""
"2025-01-08","018119","202000045805","0.8717","0.8717","","",""
"2025-01-09","018119","202000045805","0.8649","0.8649","","",""
"2025-01-10","018119","202000045805","0.8515","0.8515","","",""
"2025-01-13","018119","202000045805","0.8491","0.8491","","",""
"2025-01-14","018119","202000045805","0.8713","0.8713","","",""
"2025-01-15","018119","202000045805","0.8651","0.8651","","",""
"2025-01-16","018119","202000045805","0.8689","0.8689","","",""
"2025-01-17","018119","202000045805","0.8733","0.8733","","",""
"2025-01-20","018119","202000045805","0.8800","0.8800","","",""
"2025-01-21","018119","202000045805","0.8856","0.8856","","",""
"2025-01-22","018119","202000045805","0.8727","0.8727","","",""
"2025-01-23","018119","202000045805","0.8655","0.8655","","",""
"2025-01-24","018119","202000045805","0.8713","0.8713","","",""
"2025-01-27","018119","202000045805","0.8752","0.8752","","",""
"2025-02-05","018119","202000045805","0.8776","0.8776","","",""
"2025-02-06","018119","202000045805","0.8893","0.8893","","",""
"2025-02-07","018119","202000045805","0.9060","0.9060","","",""
"2025-02-10","018119","202000045805","0.9097","0.9097","","",""
"2025-02-11","018119","202000045805","0.8997","0.8997","","",""
"2025-02-12","018119","202000045805","0.9133","0.9133","","",""
"2025-02-13","018119","202000045805","0.9141","0.9141","","",""
"2025-02-14","018119","202000045805","0.9316","0.9316","","",""
"2025-02-17","018119","202000045805","0.9305","0.9305","","",""
"2025-02-18","018119","202000045805","0.9250","0.9250","","",""
"2025-02-19","018119","202000045805","0.9311","0.9311","","",""
"2025-02-20","018119","202000045805","0.9258","0.9258","","",""
"2025-02-21","018119","202000045805","0.9446","0.9446","","",""
"2025-02-24","018119","202000045805","0.9461","0.9461","","",""
"2025-02-25","018119","202000045805","0.9441","0.9441","","",""
"2025-02-26","018119","202000045805","0.9585","0.9585","","",""
"2025-02-27","018119","202000045805","0.9556","0.9556","","",""
"2025-02-28","018119","202000045805","0.9355","0.9355","","",""
"2025-03-03","018119","202000045805","0.9405","0.9405","","",""
"2025-03-04","018119","202000045805","0.9376","0.9376","","",""
"2025-03-05","018119","202000045805","0.9379","0.9379","","",""
"2025-03-06","018119","202000045805","0.9546","0.9546","","",""
"2025-03-07","018119","202000045805","0.9509","0.9509","","",""
"2025-03-10","018119","202000045805","0.9480","0.9480","","",""
"2025-03-11","018119","202000045805","0.9494","0.9494","","",""
"2025-03-12","018119","202000045805","0.9450","0.9450","","",""
"2025-03-13","018119","202000045805","0.9422","0.9422","","",""
"2025-03-14","018119","202000045805","0.9626","0.9626","","",""
"2025-03-17","018119","202000045805","0.9619","0.9619","","",""
"2025-03-18","018119","202000045805","0.9696","0.9696","","",""
"2025-03-19","018119","202000045805","0.9700","0.9700","","",""
"2025-03-20","018119","202000045805","0.9564","0.9564","","",""
"2025-03-21","018119","202000045805","0.9455","0.9455","","",""
"2025-03-24","018119","202000045805","0.9502","0.9502","","",""
"2025-03-25","018119","202000045805","0.9497","0.9497","","",""
"2025-03-26","018119","202000045805","0.9469","0.9469","","",""
"2025-03-27","018119","202000045805","0.9504","0.9504","","",""
"2025-03-28","018119","202000045805","0.9453","0.9453","","",""
"2025-03-31","018119","202000045805","0.9351","0.9351","","",""
"2025-04-01","018119","202000045805","0.9380","0.9380","","",""
"2024-04-02","018130","202000045468","0.9362","0.9362","","",""
"2024-04-03","018130","202000045468","0.9286","0.9286","","",""
"2024-04-08","018130","202000045468","0.9228","0.9228","","",""
"2024-04-09","018130","202000045468","0.9249","0.9249","","",""
"2024-04-10","018130","202000045468","0.9229","0.9229","","",""
"2024-04-11","018130","202000045468","0.9205","0.9205","","",""
"2024-04-12","018130","202000045468","0.9157","0.9157","","",""
"2024-04-15","018130","202000045468","0.9252","0.9252","","",""
"2024-04-16","018130","202000045468","0.9072","0.9072","","",""
"2024-04-17","018130","202000045468","0.9181","0.9181","","",""
"2024-04-18","018130","202000045468","0.9289","0.9289","","",""
"2024-04-19","018130","202000045468","0.9180","0.9180","","",""
"2024-04-22","018130","202000045468","0.9177","0.9177","","",""
"2024-04-23","018130","202000045468","0.9245","0.9245","","",""
"2024-04-24","018130","202000045468","0.9434","0.9434","","",""
"2024-04-25","018130","202000045468","0.9441","0.9441","","",""
"2024-04-26","018130","202000045468","0.9634","0.9634","","",""
"2024-04-29","018130","202000045468","0.9761","0.9761","","",""
"2024-04-30","018130","202000045468","0.9715","0.9715","","",""
"2024-05-06","018130","202000045468","0.9928","0.9928","","",""
"2024-05-07","018130","202000045468","0.9965","0.9965","","",""
"2024-05-08","018130","202000045468","0.9839","0.9839","","",""
"2024-05-09","018130","202000045468","0.9974","0.9974","","",""
"2024-05-10","018130","202000045468","0.9940","0.9940","","",""
"2024-05-13","018130","202000045468","0.9935","0.9935","","",""
"2024-05-14","018130","202000045468","0.9951","0.9951","","",""
"2024-05-15","018130","202000045468","0.9930","0.9930","","",""
"2024-05-16","018130","202000045468","0.9924","0.9924","","",""
"2024-05-17","018130","202000045468","0.9962","0.9962","","",""
"2024-05-20","018130","202000045468","0.9995","0.9995","","",""
"2024-05-21","018130","202000045468","0.9865","0.9865","","",""
"2024-05-22","018130","202000045468","0.9870","0.9870","","",""
"2024-05-23","018130","202000045468","0.9758","0.9758","","",""
"2024-05-24","018130","202000045468","0.9624","0.9624","","",""
"2024-05-27","018130","202000045468","0.9770","0.9770","","",""
"2024-05-28","018130","202000045468","0.9739","0.9739","","",""
"2024-05-29","018130","202000045468","0.9678","0.9678","","",""
"2024-05-30","018130","202000045468","0.9682","0.9682","","",""
"2024-05-31","018130","202000045468","0.9669","0.9669","","",""
"2024-06-03","018130","202000045468","0.9847","0.9847","","",""
"2024-06-04","018130","202000045468","0.9886","0.9886","","",""
"2024-06-05","018130","202000045468","0.9818","0.9818","","",""
"2024-06-06","018130","202000045468","0.9767","0.9767","","",""
"2024-06-07","018130","202000045468","0.9699","0.9699","","",""
"2024-06-11","018130","202000045468","0.9675","0.9675","","",""
"2024-06-12","018130","202000045468","0.9704","0.9704","","",""
"2024-06-13","018130","202000045468","0.9819","0.9819","","",""
"2024-06-14","018130","202000045468","0.9703","0.9703","","",""
"2024-06-17","018130","202000045468","0.9708","0.9708","","",""
"2024-06-18","018130","202000045468","0.9778","0.9778","","",""
"2024-06-19","018130","202000045468","0.9775","0.9775","","",""
"2024-06-20","018130","202000045468","0.9654","0.9654","","",""
"2024-06-21","018130","202000045468","0.9621","0.9621","","",""
"2024-06-24","018130","202000045468","0.9534","0.9534","","",""
"2024-06-25","018130","202000045468","0.9467","0.9467","","",""
"2024-06-26","018130","202000045468","0.9498","0.9498","","",""
"2024-06-27","018130","202000045468","0.9358","0.9358","","",""
"2024-06-28","018130","202000045468","0.9401","0.9401","","",""
"2024-06-30","018130","202000045468","0.9401","0.9401","","",""
"2024-07-01","018130","202000045468","0.9422","0.9422","","",""
"2024-07-02","018130","202000045468","0.9335","0.9335","","",""
"2024-07-03","018130","202000045468","0.9257","0.9257","","",""
"2024-07-04","018130","202000045468","0.9243","0.9243","","",""
"2024-07-05","018130","202000045468","0.9230","0.9230","","",""
"2024-07-08","018130","202000045468","0.9144","0.9144","","",""
"2024-07-09","018130","202000045468","0.9326","0.9326","","",""
"2024-07-10","018130","202000045468","0.9344","0.9344","","",""
"2024-07-11","018130","202000045468","0.9517","0.9517","","",""
"2024-07-12","018130","202000045468","0.9552","0.9552","","",""
"2024-07-15","018130","202000045468","0.9480","0.9480","","",""
"2024-07-16","018130","202000045468","0.9487","0.9487","","",""
"2024-07-17","018130","202000045468","0.9352","0.9352","","",""
"2024-07-18","018130","202000045468","0.9404","0.9404","","",""
"2024-07-19","018130","202000045468","0.9411","0.9411","","",""
"2024-07-22","018130","202000045468","0.9402","0.9402","","",""
"2024-07-23","018130","202000045468","0.9184","0.9184","","",""
"2024-07-24","018130","202000045468","0.9078","0.9078","","",""
"2024-07-25","018130","202000045468","0.8935","0.8935","","",""
"2024-07-26","018130","202000045468","0.9036","0.9036","","",""
"2024-07-29","018130","202000045468","0.9007","0.9007","","",""
"2024-07-30","018130","202000045468","0.8941","0.8941","","",""
"2024-07-31","018130","202000045468","0.9193","0.9193","","",""
"2024-08-01","018130","202000045468","0.9172","0.9172","","",""
"2024-08-02","018130","202000045468","0.8997","0.8997","","",""
"2024-08-05","018130","202000045468","0.8802","0.8802","","",""
"2024-08-06","018130","202000045468","0.8871","0.8871","","",""
"2024-08-07","018130","202000045468","0.8916","0.8916","","",""
"2024-08-08","018130","202000045468","0.8888","0.8888","","",""
"2024-08-09","018130","202000045468","0.8877","0.8877","","",""
"2024-08-12","018130","202000045468","0.8849","0.8849","","",""
"2024-08-13","018130","202000045468","0.8903","0.8903","","",""
"2024-08-14","018130","202000045468","0.8813","0.8813","","",""
"2024-08-15","018130","202000045468","0.8830","0.8830","","",""
"2024-08-16","018130","202000045468","0.8864","0.8864","","",""
"2024-08-19","018130","202000045468","0.8907","0.8907","","",""
"2024-08-20","018130","202000045468","0.8845","0.8845","","",""
"2024-08-21","018130","202000045468","0.8857","0.8857","","",""
"2024-08-22","018130","202000045468","0.8859","0.8859","","",""
"2024-08-23","018130","202000045468","0.8854","0.8854","","",""
"2024-08-26","018130","202000045468","0.8863","0.8863","","",""
"2024-08-27","018130","202000045468","0.8789","0.8789","","",""
"2024-08-28","018130","202000045468","0.8756","0.8756","","",""
"2024-08-29","018130","202000045468","0.8817","0.8817","","",""
"2024-08-30","018130","202000045468","0.8919","0.8919","","",""
"2024-09-02","018130","202000045468","0.8821","0.8821","","",""
"2024-09-03","018130","202000045468","0.8842","0.8842","","",""
"2024-09-04","018130","202000045468","0.8809","0.8809","","",""
"2024-09-05","018130","202000045468","0.8881","0.8881","","",""
"2024-09-06","018130","202000045468","0.8812","0.8812","","",""
"2024-09-09","018130","202000045468","0.8737","0.8737","","",""
"2024-09-10","018130","202000045468","0.8746","0.8746","","",""
"2024-09-11","018130","202000045468","0.8754","0.8754","","",""
"2024-09-12","018130","202000045468","0.8722","0.8722","","",""
"2024-09-13","018130","202000045468","0.8680","0.8680","","",""
"2024-09-18","018130","202000045468","0.8703","0.8703","","",""
"2024-09-19","018130","202000045468","0.8811","0.8811","","",""
"2024-09-20","018130","202000045468","0.8836","0.8836","","",""
"2024-09-23","018130","202000045468","0.8825","0.8825","","",""
"2024-09-24","018130","202000045468","0.9031","0.9031","","",""
"2024-09-25","018130","202000045468","0.9104","0.9104","","",""
"2024-09-26","018130","202000045468","0.9532","0.9532","","",""
"2024-09-27","018130","202000045468","0.9912","0.9912","","",""
"2024-09-30","018130","202000045468","1.0746","1.0746","","",""
"2024-10-08","018130","202000045468","1.1410","1.1410","","",""
"2024-10-09","018130","202000045468","1.0878","1.0878","","",""
"2024-10-10","018130","202000045468","1.0990","1.0990","","",""
"2024-10-11","018130","202000045468","1.0781","1.0781","","",""
"2024-10-14","018130","202000045468","1.0947","1.0947","","",""
"2024-10-15","018130","202000045468","1.0645","1.0645","","",""
"2024-10-16","018130","202000045468","1.0599","1.0599","","",""
"2024-10-17","018130","202000045468","1.0523","1.0523","","",""
"2024-10-18","018130","202000045468","1.1159","1.1159","","",""
"2024-10-21","018130","202000045468","1.1107","1.1107","","",""
"2024-10-22","018130","202000045468","1.1162","1.1162","","",""
"2024-10-23","018130","202000045468","1.1341","1.1341","","",""
"2024-10-24","018130","202000045468","1.1237","1.1237","","",""
"2024-10-25","018130","202000045468","1.1261","1.1261","","",""
"2024-10-28","018130","202000045468","1.1245","1.1245","","",""
"2024-10-29","018130","202000045468","1.1253","1.1253","","",""
"2024-10-30","018130","202000045468","1.1068","1.1068","","",""
"2024-10-31","018130","202000045468","1.1043","1.1043","","",""
"2024-11-01","018130","202000045468","1.0904","1.0904","","",""
"2024-11-04","018130","202000045468","1.1134","1.1134","","",""
"2024-11-05","018130","202000045468","1.1440","1.1440","","",""
"2024-11-06","018130","202000045468","1.1327","1.1327","","",""
"2024-11-07","018130","202000045468","1.1535","1.1535","","",""
"2024-11-08","018130","202000045468","1.1551","1.1551","","",""
"2024-11-11","018130","202000045468","1.1771","1.1771","","",""
"2024-11-12","018130","202000045468","1.1452","1.1452","","",""
"2024-11-13","018130","202000045468","1.1457","1.1457","","",""
"2024-11-14","018130","202000045468","1.1172","1.1172","","",""
"2024-11-15","018130","202000045468","1.1001","1.1001","","",""
"2024-11-18","018130","202000045468","1.0901","1.0901","","",""
"2024-11-19","018130","202000045468","1.1130","1.1130","","",""
"2024-11-20","018130","202000045468","1.1179","1.1179","","",""
"2024-11-21","018130","202000045468","1.1196","1.1196","","",""
"2024-11-22","018130","202000045468","1.0920","1.0920","","",""
"2024-11-25","018130","202000045468","1.0932","1.0932","","",""
"2024-11-26","018130","202000045468","1.0823","1.0823","","",""
"2024-11-27","018130","202000045468","1.1132","1.1132","","",""
"2024-11-28","018130","202000045468","1.1085","1.1085","","",""
"2024-11-29","018130","202000045468","1.1269","1.1269","","",""
"2024-12-02","018130","202000045468","1.1518","1.1518","","",""
"2024-12-03","018130","202000045468","1.1513","1.1513","","",""
"2024-12-04","018130","202000045468","1.1455","1.1455","","",""
"2024-12-05","018130","202000045468","1.1490","1.1490","","",""
"2024-12-06","018130","202000045468","1.1585","1.1585","","",""
"2024-12-09","018130","202000045468","1.1736","1.1736","","",""
"2024-12-10","018130","202000045468","1.1712","1.1712","","",""
"2024-12-11","018130","202000045468","1.1819","1.1819","","",""
"2024-12-12","018130","202000045468","1.1980","1.1980","","",""
"2024-12-13","018130","202000045468","1.1855","1.1855","","",""
"2024-12-16","018130","202000045468","1.1750","1.1750","","",""
"2024-12-17","018130","202000045468","1.1702","1.1702","","",""
"2024-12-18","018130","202000045468","1.1842","1.1842","","",""
"2024-12-19","018130","202000045468","1.1851","1.1851","","",""
"2024-12-20","018130","202000045468","1.2059","1.2059","","",""
"2024-12-23","018130","202000045468","1.1898","1.1898","","",""
"2024-12-24","018130","202000045468","1.2086","1.2086","","",""
"2024-12-25","018130","202000045468","1.2063","1.2063","","",""
"2024-12-26","018130","202000045468","1.2207","1.2207","","",""
"2024-12-27","018130","202000045468","1.2163","1.2163","","",""
"2024-12-30","018130","202000045468","1.2155","1.2155","","",""
"2024-12-31","018130","202000045468","1.2039","1.2039","","",""
"2025-01-02","018130","202000045468","1.1728","1.1728","","",""
"2025-01-03","018130","202000045468","1.1667","1.1667","","",""
"2025-01-06","018130","202000045468","1.1603","1.1603","","",""
"2025-01-07","018130","202000045468","1.1793","1.1793","","",""
"2025-01-08","018130","202000045468","1.1773","1.1773","","",""
"2025-01-09","018130","202000045468","1.1818","1.1818","","",""
"2025-01-10","018130","202000045468","1.1757","1.1757","","",""
"2025-01-13","018130","202000045468","1.1632","1.1632","","",""
"2025-01-14","018130","202000045468","1.1879","1.1879","","",""
"2025-01-15","018130","202000045468","1.1837","1.1837","","",""
"2025-01-16","018130","202000045468","1.1786","1.1786","","",""
"2025-01-17","018130","202000045468","1.1897","1.1897","","",""
"2025-01-20","018130","202000045468","1.1971","1.1971","","",""
"2025-01-21","018130","202000045468","1.2216","1.2216","","",""
"2025-01-22","018130","202000045468","1.2221","1.2221","","",""
"2025-01-23","018130","202000045468","1.2107","1.2107","","",""
"2025-01-24","018130","202000045468","1.2328","1.2328","","",""
"2025-01-27","018130","202000045468","1.2177","1.2177","","",""
"2025-02-05","018130","202000045468","1.2412","1.2412","","",""
"2025-02-06","018130","202000045468","1.2768","1.2768","","",""
"2025-02-07","018130","202000045468","1.2860","1.2860","","",""
"2025-02-10","018130","202000045468","1.2948","1.2948","","",""
"2025-02-11","018130","202000045468","1.2875","1.2875","","",""
"2025-02-12","018130","202000045468","1.3133","1.3133","","",""
"2025-02-13","018130","202000045468","1.2909","1.2909","","",""
"2025-02-14","018130","202000045468","1.3171","1.3171","","",""
"2025-02-17","018130","202000045468","1.3203","1.3203","","",""
"2025-02-18","018130","202000045468","1.3196","1.3196","","",""
"2025-02-19","018130","202000045468","1.3402","1.3402","","",""
"2025-02-20","018130","202000045468","1.3277","1.3277","","",""
"2025-02-21","018130","202000045468","1.3826","1.3826","","",""
"2025-02-24","018130","202000045468","1.3815","1.3815","","",""
"2025-02-25","018130","202000045468","1.3705","1.3705","","",""
"2025-02-26","018130","202000045468","1.3964","1.3964","","",""
"2025-02-27","018130","202000045468","1.3869","1.3869","","",""
"2025-02-28","018130","202000045468","1.3393","1.3393","","",""
"2025-03-03","018130","202000045468","1.3342","1.3342","","",""
"2025-03-04","018130","202000045468","1.3365","1.3365","","",""
"2025-03-05","018130","202000045468","1.3695","1.3695","","",""
"2025-03-06","018130","202000045468","1.3949","1.3949","","",""
"2025-03-07","018130","202000045468","1.3903","1.3903","","",""
"2025-03-10","018130","202000045468","1.3746","1.3746","","",""
"2025-03-11","018130","202000045468","1.3820","1.3820","","",""
"2025-03-12","018130","202000045468","1.3746","1.3746","","",""
"2025-03-13","018130","202000045468","1.3567","1.3567","","",""
"2025-03-14","018130","202000045468","1.3848","1.3848","","",""
"2025-03-17","018130","202000045468","1.3916","1.3916","","",""
"2025-03-18","018130","202000045468","1.4189","1.4189","","",""
"2025-03-19","018130","202000045468","1.4073","1.4073","","",""
"2025-03-20","018130","202000045468","1.3891","1.3891","","",""
"2025-03-21","018130","202000045468","1.3598","1.3598","","",""
"2025-03-24","018130","202000045468","1.3698","1.3698","","",""
"2025-03-25","018130","202000045468","1.3372","1.3372","","",""
"2025-03-26","018130","202000045468","1.3357","1.3357","","",""
"2025-03-27","018130","202000045468","1.3413","1.3413","","",""
"2025-03-28","018130","202000045468","1.3333","1.3333","","",""
"2025-03-31","018130","202000045468","1.3214","1.3214","","",""
"2025-04-01","018130","202000045468","1.3177","1.3177","","",""
"2024-04-02","018131","202000045469","0.9305","0.9305","","",""
"2024-04-03","018131","202000045469","0.9229","0.9229","","",""
"2024-04-08","018131","202000045469","0.9171","0.9171","","",""
"2024-04-09","018131","202000045469","0.9191","0.9191","","",""
"2024-04-10","018131","202000045469","0.9171","0.9171","","",""
"2024-04-11","018131","202000045469","0.9147","0.9147","","",""
"2024-04-12","018131","202000045469","0.9100","0.9100","","",""
"2024-04-15","018131","202000045469","0.9194","0.9194","","",""
"2024-04-16","018131","202000045469","0.9015","0.9015","","",""
"2024-04-17","018131","202000045469","0.9123","0.9123","","",""
"2024-04-18","018131","202000045469","0.9230","0.9230","","",""
"2024-04-19","018131","202000045469","0.9121","0.9121","","",""
"2024-04-22","018131","202000045469","0.9118","0.9118","","",""
"2024-04-23","018131","202000045469","0.9186","0.9186","","",""
"2024-04-24","018131","202000045469","0.9373","0.9373","","",""
"2024-04-25","018131","202000045469","0.9380","0.9380","","",""
"2024-04-26","018131","202000045469","0.9571","0.9571","","",""
"2024-04-29","018131","202000045469","0.9697","0.9697","","",""
"2024-04-30","018131","202000045469","0.9651","0.9651","","",""
"2024-05-06","018131","202000045469","0.9863","0.9863","","",""
"2024-05-07","018131","202000045469","0.9899","0.9899","","",""
"2024-05-08","018131","202000045469","0.9773","0.9773","","",""
"2024-05-09","018131","202000045469","0.9908","0.9908","","",""
"2024-05-10","018131","202000045469","0.9874","0.9874","","",""
"2024-05-13","018131","202000045469","0.9868","0.9868","","",""
"2024-05-14","018131","202000045469","0.9884","0.9884","","",""
"2024-05-15","018131","202000045469","0.9862","0.9862","","",""
"2024-05-16","018131","202000045469","0.9856","0.9856","","",""
"2024-05-17","018131","202000045469","0.9895","0.9895","","",""
"2024-05-20","018131","202000045469","0.9926","0.9926","","",""
"2024-05-21","018131","202000045469","0.9797","0.9797","","",""
"2024-05-22","018131","202000045469","0.9802","0.9802","","",""
"2024-05-23","018131","202000045469","0.9690","0.9690","","",""
"2024-05-24","018131","202000045469","0.9557","0.9557","","",""
"2024-05-27","018131","202000045469","0.9701","0.9701","","",""
"2024-05-28","018131","202000045469","0.9671","0.9671","","",""
"2024-05-29","018131","202000045469","0.9611","0.9611","","",""
"2024-05-30","018131","202000045469","0.9614","0.9614","","",""
"2024-05-31","018131","202000045469","0.9601","0.9601","","",""
"2024-06-03","018131","202000045469","0.9777","0.9777","","",""
"2024-06-04","018131","202000045469","0.9816","0.9816","","",""
"2024-06-05","018131","202000045469","0.9748","0.9748","","",""
"2024-06-06","018131","202000045469","0.9697","0.9697","","",""
"2024-06-07","018131","202000045469","0.9630","0.9630","","",""
"2024-06-11","018131","202000045469","0.9605","0.9605","","",""
"2024-06-12","018131","202000045469","0.9634","0.9634","","",""
"2024-06-13","018131","202000045469","0.9748","0.9748","","",""
"2024-06-14","018131","202000045469","0.9633","0.9633","","",""
"2024-06-17","018131","202000045469","0.9637","0.9637","","",""
"2024-06-18","018131","202000045469","0.9706","0.9706","","",""
"2024-06-19","018131","202000045469","0.9703","0.9703","","",""
"2024-06-20","018131","202000045469","0.9583","0.9583","","",""
"2024-06-21","018131","202000045469","0.9550","0.9550","","",""
"2024-06-24","018131","202000045469","0.9463","0.9463","","",""
"2024-06-25","018131","202000045469","0.9396","0.9396","","",""
"2024-06-26","018131","202000045469","0.9427","0.9427","","",""
"2024-06-27","018131","202000045469","0.9288","0.9288","","",""
"2024-06-28","018131","202000045469","0.9331","0.9331","","",""
"2024-06-30","018131","202000045469","0.9330","0.9330","","",""
"2024-07-01","018131","202000045469","0.9351","0.9351","","",""
"2024-07-02","018131","202000045469","0.9265","0.9265","","",""
"2024-07-03","018131","202000045469","0.9187","0.9187","","",""
"2024-07-04","018131","202000045469","0.9172","0.9172","","",""
"2024-07-05","018131","202000045469","0.9159","0.9159","","",""
"2024-07-08","018131","202000045469","0.9074","0.9074","","",""
"2024-07-09","018131","202000045469","0.9255","0.9255","","",""
"2024-07-10","018131","202000045469","0.9272","0.9272","","",""
"2024-07-11","018131","202000045469","0.9443","0.9443","","",""
"2024-07-12","018131","202000045469","0.9478","0.9478","","",""
"2024-07-15","018131","202000045469","0.9406","0.9406","","",""
"2024-07-16","018131","202000045469","0.9413","0.9413","","",""
"2024-07-17","018131","202000045469","0.9279","0.9279","","",""
"2024-07-18","018131","202000045469","0.9330","0.9330","","",""
"2024-07-19","018131","202000045469","0.9338","0.9338","","",""
"2024-07-22","018131","202000045469","0.9328","0.9328","","",""
"2024-07-23","018131","202000045469","0.9112","0.9112","","",""
"2024-07-24","018131","202000045469","0.9006","0.9006","","",""
"2024-07-25","018131","202000045469","0.8864","0.8864","","",""
"2024-07-26","018131","202000045469","0.8965","0.8965","","",""
"2024-07-29","018131","202000045469","0.8934","0.8934","","",""
"2024-07-30","018131","202000045469","0.8870","0.8870","","",""
"2024-07-31","018131","202000045469","0.9119","0.9119","","",""
"2024-08-01","018131","202000045469","0.9098","0.9098","","",""
"2024-08-02","018131","202000045469","0.8925","0.8925","","",""
"2024-08-05","018131","202000045469","0.8731","0.8731","","",""
"2024-08-06","018131","202000045469","0.8799","0.8799","","",""
"2024-08-07","018131","202000045469","0.8844","0.8844","","",""
"2024-08-08","018131","202000045469","0.8816","0.8816","","",""
"2024-08-09","018131","202000045469","0.8805","0.8805","","",""
"2024-08-12","018131","202000045469","0.8777","0.8777","","",""
"2024-08-13","018131","202000045469","0.8830","0.8830","","",""
"2024-08-14","018131","202000045469","0.8740","0.8740","","",""
"2024-08-15","018131","202000045469","0.8757","0.8757","","",""
"2024-08-16","018131","202000045469","0.8791","0.8791","","",""
"2024-08-19","018131","202000045469","0.8833","0.8833","","",""
"2024-08-20","018131","202000045469","0.8771","0.8771","","",""
"2024-08-21","018131","202000045469","0.8782","0.8782","","",""
"2024-08-22","018131","202000045469","0.8785","0.8785","","",""
"2024-08-23","018131","202000045469","0.8779","0.8779","","",""
"2024-08-26","018131","202000045469","0.8789","0.8789","","",""
"2024-08-27","018131","202000045469","0.8714","0.8714","","",""
"2024-08-28","018131","202000045469","0.8682","0.8682","","",""
"2024-08-29","018131","202000045469","0.8742","0.8742","","",""
"2024-08-30","018131","202000045469","0.8843","0.8843","","",""
"2024-09-02","018131","202000045469","0.8745","0.8745","","",""
"2024-09-03","018131","202000045469","0.8766","0.8766","","",""
"2024-09-04","018131","202000045469","0.8733","0.8733","","",""
"2024-09-05","018131","202000045469","0.8804","0.8804","","",""
"2024-09-06","018131","202000045469","0.8736","0.8736","","",""
"2024-09-09","018131","202000045469","0.8661","0.8661","","",""
"2024-09-10","018131","202000045469","0.8670","0.8670","","",""
"2024-09-11","018131","202000045469","0.8678","0.8678","","",""
"2024-09-12","018131","202000045469","0.8646","0.8646","","",""
"2024-09-13","018131","202000045469","0.8604","0.8604","","",""
"2024-09-18","018131","202000045469","0.8627","0.8627","","",""
"2024-09-19","018131","202000045469","0.8733","0.8733","","",""
"2024-09-20","018131","202000045469","0.8758","0.8758","","",""
"2024-09-23","018131","202000045469","0.8747","0.8747","","",""
"2024-09-24","018131","202000045469","0.8950","0.8950","","",""
"2024-09-25","018131","202000045469","0.9022","0.9022","","",""
"2024-09-26","018131","202000045469","0.9447","0.9447","","",""
"2024-09-27","018131","202000045469","0.9823","0.9823","","",""
"2024-09-30","018131","202000045469","1.0649","1.0649","","",""
"2024-10-08","018131","202000045469","1.1332","1.1332","","",""
"2024-10-09","018131","202000045469","1.0803","1.0803","","",""
"2024-10-10","018131","202000045469","1.0915","1.0915","","",""
"2024-10-11","018131","202000045469","1.0707","1.0707","","",""
"2024-10-14","018131","202000045469","1.0872","1.0872","","",""
"2024-10-15","018131","202000045469","1.0571","1.0571","","",""
"2024-10-16","018131","202000045469","1.0525","1.0525","","",""
"2024-10-17","018131","202000045469","1.0450","1.0450","","",""
"2024-10-18","018131","202000045469","1.1081","1.1081","","",""
"2024-10-21","018131","202000045469","1.1029","1.1029","","",""
"2024-10-22","018131","202000045469","1.1083","1.1083","","",""
"2024-10-23","018131","202000045469","1.1261","1.1261","","",""
"2024-10-24","018131","202000045469","1.1158","1.1158","","",""
"2024-10-25","018131","202000045469","1.1181","1.1181","","",""
"2024-10-28","018131","202000045469","1.1165","1.1165","","",""
"2024-10-29","018131","202000045469","1.1172","1.1172","","",""
"2024-10-30","018131","202000045469","1.0989","1.0989","","",""
"2024-10-31","018131","202000045469","1.0964","1.0964","","",""
"2024-11-01","018131","202000045469","1.0826","1.0826","","",""
"2024-11-04","018131","202000045469","1.1053","1.1053","","",""
"2024-11-05","018131","202000045469","1.1357","1.1357","","",""
"2024-11-06","018131","202000045469","1.1245","1.1245","","",""
"2024-11-07","018131","202000045469","1.1451","1.1451","","",""
"2024-11-08","018131","202000045469","1.1466","1.1466","","",""
"2024-11-11","018131","202000045469","1.1684","1.1684","","",""
"2024-11-12","018131","202000045469","1.1367","1.1367","","",""
"2024-11-13","018131","202000045469","1.1372","1.1372","","",""
"2024-11-14","018131","202000045469","1.1089","1.1089","","",""
"2024-11-15","018131","202000045469","1.0920","1.0920","","",""
"2024-11-18","018131","202000045469","1.0819","1.0819","","",""
"2024-11-19","018131","202000045469","1.1046","1.1046","","",""
"2024-11-20","018131","202000045469","1.1095","1.1095","","",""
"2024-11-21","018131","202000045469","1.1112","1.1112","","",""
"2024-11-22","018131","202000045469","1.0837","1.0837","","",""
"2024-11-25","018131","202000045469","1.0849","1.0849","","",""
"2024-11-26","018131","202000045469","1.0741","1.0741","","",""
"2024-11-27","018131","202000045469","1.1047","1.1047","","",""
"2024-11-28","018131","202000045469","1.1000","1.1000","","",""
"2024-11-29","018131","202000045469","1.1182","1.1182","","",""
"2024-12-02","018131","202000045469","1.1429","1.1429","","",""
"2024-12-03","018131","202000045469","1.1424","1.1424","","",""
"2024-12-04","018131","202000045469","1.1366","1.1366","","",""
"2024-12-05","018131","202000045469","1.1401","1.1401","","",""
"2024-12-06","018131","202000045469","1.1495","1.1495","","",""
"2024-12-09","018131","202000045469","1.1644","1.1644","","",""
"2024-12-10","018131","202000045469","1.1620","1.1620","","",""
"2024-12-11","018131","202000045469","1.1726","1.1726","","",""
"2024-12-12","018131","202000045469","1.1886","1.1886","","",""
"2024-12-13","018131","202000045469","1.1762","1.1762","","",""
"2024-12-16","018131","202000045469","1.1656","1.1656","","",""
"2024-12-17","018131","202000045469","1.1609","1.1609","","",""
"2024-12-18","018131","202000045469","1.1747","1.1747","","",""
"2024-12-19","018131","202000045469","1.1756","1.1756","","",""
"2024-12-20","018131","202000045469","1.1963","1.1963","","",""
"2024-12-23","018131","202000045469","1.1802","1.1802","","",""
"2024-12-24","018131","202000045469","1.1988","1.1988","","",""
"2024-12-25","018131","202000045469","1.1965","1.1965","","",""
"2024-12-26","018131","202000045469","1.2108","1.2108","","",""
"2024-12-27","018131","202000045469","1.2064","1.2064","","",""
"2024-12-30","018131","202000045469","1.2056","1.2056","","",""
"2024-12-31","018131","202000045469","1.1940","1.1940","","",""
"2025-01-02","018131","202000045469","1.1632","1.1632","","",""
"2025-01-03","018131","202000045469","1.1572","1.1572","","",""
"2025-01-06","018131","202000045469","1.1507","1.1507","","",""
"2025-01-07","018131","202000045469","1.1695","1.1695","","",""
"2025-01-08","018131","202000045469","1.1675","1.1675","","",""
"2025-01-09","018131","202000045469","1.1720","1.1720","","",""
"2025-01-10","018131","202000045469","1.1659","1.1659","","",""
"2025-01-13","018131","202000045469","1.1535","1.1535","","",""
"2025-01-14","018131","202000045469","1.1779","1.1779","","",""
"2025-01-15","018131","202000045469","1.1737","1.1737","","",""
"2025-01-16","018131","202000045469","1.1687","1.1687","","",""
"2025-01-17","018131","202000045469","1.1796","1.1796","","",""
"2025-01-20","018131","202000045469","1.1869","1.1869","","",""
"2025-01-21","018131","202000045469","1.2112","1.2112","","",""
"2025-01-22","018131","202000045469","1.2116","1.2116","","",""
"2025-01-23","018131","202000045469","1.2003","1.2003","","",""
"2025-01-24","018131","202000045469","1.2223","1.2223","","",""
"2025-01-27","018131","202000045469","1.2072","1.2072","","",""
"2025-02-05","018131","202000045469","1.2283","1.2283","","",""
"2025-02-06","018131","202000045469","1.2635","1.2635","","",""
"2025-02-07","018131","202000045469","1.2726","1.2726","","",""
"2025-02-10","018131","202000045469","1.2812","1.2812","","",""
"2025-02-11","018131","202000045469","1.2740","1.2740","","",""
"2025-02-12","018131","202000045469","1.2994","1.2994","","",""
"2025-02-13","018131","202000045469","1.2773","1.2773","","",""
"2025-02-14","018131","202000045469","1.3032","1.3032","","",""
"2025-02-17","018131","202000045469","1.3063","1.3063","","",""
"2025-02-18","018131","202000045469","1.3055","1.3055","","",""
"2025-02-19","018131","202000045469","1.3259","1.3259","","",""
"2025-02-20","018131","202000045469","1.3135","1.3135","","",""
"2025-02-21","018131","202000045469","1.3678","1.3678","","",""
"2025-02-24","018131","202000045469","1.3667","1.3667","","",""
"2025-02-25","018131","202000045469","1.3558","1.3558","","",""
"2025-02-26","018131","202000045469","1.3813","1.3813","","",""
"2025-02-27","018131","202000045469","1.3719","1.3719","","",""
"2025-02-28","018131","202000045469","1.3249","1.3249","","",""
"2025-03-03","018131","202000045469","1.3197","1.3197","","",""
"2025-03-04","018131","202000045469","1.3220","1.3220","","",""
"2025-03-05","018131","202000045469","1.3546","1.3546","","",""
"2025-03-06","018131","202000045469","1.3797","1.3797","","",""
"2025-03-07","018131","202000045469","1.3751","1.3751","","",""
"2025-03-10","018131","202000045469","1.3595","1.3595","","",""
"2025-03-11","018131","202000045469","1.3668","1.3668","","",""
"2025-03-12","018131","202000045469","1.3595","1.3595","","",""
"2025-03-13","018131","202000045469","1.3417","1.3417","","",""
"2025-03-14","018131","202000045469","1.3696","1.3696","","",""
"2025-03-17","018131","202000045469","1.3762","1.3762","","",""
"2025-03-18","018131","202000045469","1.4032","1.4032","","",""
"2025-03-19","018131","202000045469","1.3917","1.3917","","",""
"2025-03-20","018131","202000045469","1.3737","1.3737","","",""
"2025-03-21","018131","202000045469","1.3447","1.3447","","",""
"2025-03-24","018131","202000045469","1.3545","1.3545","","",""
"2025-03-25","018131","202000045469","1.3222","1.3222","","",""
"2025-03-26","018131","202000045469","1.3208","1.3208","","",""
"2025-03-27","018131","202000045469","1.3263","1.3263","","",""
"2025-03-28","018131","202000045469","1.3183","1.3183","","",""
"2025-03-31","018131","202000045469","1.3065","1.3065","","",""
"2025-04-01","018131","202000045469","1.3029","1.3029","","",""
"2024-04-03","018882","202000052079","1.0004","1.0004","","",""
"2024-04-11","018882","202000052079","1.0005","1.0005","","",""
"2024-04-12","018882","202000052079","1.0005","1.0005","","",""
"2024-04-15","018882","202000052079","1.0005","1.0005","","",""
"2024-04-16","018882","202000052079","1.0007","1.0007","","",""
"2024-04-17","018882","202000052079","1.0007","1.0007","","",""
"2024-04-18","018882","202000052079","1.0007","1.0007","","",""
"2024-04-19","018882","202000052079","1.0007","1.0007","","",""
"2024-04-22","018882","202000052079","1.0006","1.0006","","",""
"2024-04-23","018882","202000052079","1.0006","1.0006","","",""
"2024-04-24","018882","202000052079","1.0006","1.0006","","",""
"2024-04-25","018882","202000052079","1.0006","1.0006","","",""
"2024-04-26","018882","202000052079","1.0006","1.0006","","",""
"2024-04-29","018882","202000052079","1.0005","1.0005","","",""
"2024-04-30","018882","202000052079","1.0002","1.0002","","",""
"2024-05-06","018882","202000052079","1.0002","1.0002","","",""
"2024-05-07","018882","202000052079","1.0002","1.0002","","",""
"2024-05-08","018882","202000052079","1.0002","1.0002","","",""
"2024-05-09","018882","202000052079","1.0002","1.0002","","",""
"2024-05-10","018882","202000052079","1.0002","1.0002","","",""
"2024-05-13","018882","202000052079","1.0000","1.0000","","",""
"2024-05-14","018882","202000052079","1.0010","1.0010","","",""
"2024-05-15","018882","202000052079","1.0012","1.0012","","",""
"2024-05-16","018882","202000052079","1.0011","1.0011","","",""
"2024-05-17","018882","202000052079","1.0011","1.0011","","",""
"2024-05-20","018882","202000052079","1.0010","1.0010","","",""
"2024-05-21","018882","202000052079","1.0010","1.0010","","",""
"2024-05-22","018882","202000052079","1.0010","1.0010","","",""
"2024-05-23","018882","202000052079","1.0009","1.0009","","",""
"2024-05-24","018882","202000052079","1.0009","1.0009","","",""
"2024-05-27","018882","202000052079","1.0012","1.0012","","",""
"2024-05-28","018882","202000052079","1.0009","1.0009","","",""
"2024-05-29","018882","202000052079","1.0011","1.0011","","",""
"2024-05-30","018882","202000052079","0.9983","0.9983","","",""
"2024-05-31","018882","202000052079","0.9969","0.9969","","",""
"2024-06-03","018882","202000052079","0.9960","0.9960","","",""
"2024-06-04","018882","202000052079","1.0001","1.0001","","",""
"2024-06-05","018882","202000052079","0.9968","0.9968","","",""
"2024-06-06","018882","202000052079","0.9983","0.9983","","",""
"2024-06-07","018882","202000052079","0.9989","0.9989","","",""
"2024-06-11","018882","202000052079","0.9964","0.9964","","",""
"2024-06-12","018882","202000052079","0.9985","0.9985","","",""
"2024-06-13","018882","202000052079","0.9972","0.9972","","",""
"2024-06-14","018882","202000052079","0.9967","0.9967","","",""
"2024-06-17","018882","202000052079","0.9966","0.9966","","",""
"2024-06-18","018882","202000052079","0.9978","0.9978","","",""
"2024-06-19","018882","202000052079","0.9972","0.9972","","",""
"2024-06-20","018882","202000052079","0.9963","0.9963","","",""
"2024-06-21","018882","202000052079","0.9974","0.9974","","",""
"2024-06-24","018882","202000052079","0.9951","0.9951","","",""
"2024-06-25","018882","202000052079","0.9946","0.9946","","",""
"2024-06-26","018882","202000052079","0.9956","0.9956","","",""
"2024-06-27","018882","202000052079","0.9935","0.9935","","",""
"2024-06-28","018882","202000052079","0.9937","0.9937","","",""
"2024-06-30","018882","202000052079","0.9936","0.9936","","",""
"2024-07-01","018882","202000052079","0.9937","0.9937","","",""
"2024-07-02","018882","202000052079","0.9936","0.9936","","",""
"2024-07-03","018882","202000052079","0.9934","0.9934","","",""
"2024-07-04","018882","202000052079","0.9934","0.9934","","",""
"2024-07-05","018882","202000052079","0.9978","0.9978","","",""
"2024-07-08","018882","202000052079","0.9975","0.9975","","",""
"2024-07-09","018882","202000052079","0.9978","0.9978","","",""
"2024-07-10","018882","202000052079","0.9975","0.9975","","",""
"2024-07-11","018882","202000052079","0.9975","0.9975","","",""
"2024-07-12","018882","202000052079","0.9974","0.9974","","",""
"2024-07-15","018882","202000052079","0.9974","0.9974","","",""
"2024-07-16","018882","202000052079","0.9974","0.9974","","",""
"2024-07-17","018882","202000052079","0.9972","0.9972","","",""
"2024-07-18","018882","202000052079","0.9972","0.9972","","",""
"2024-07-19","018882","202000052079","0.9972","0.9972","","",""
"2024-07-22","018882","202000052079","0.9972","0.9972","","",""
"2024-07-23","018882","202000052079","0.9970","0.9970","","",""
"2024-07-24","018882","202000052079","0.9970","0.9970","","",""
"2024-07-25","018882","202000052079","0.9970","0.9970","","",""
"2024-07-26","018882","202000052079","0.9972","0.9972","","",""
"2024-07-29","018882","202000052079","0.9971","0.9971","","",""
"2024-07-30","018882","202000052079","0.9969","0.9969","","",""
"2024-07-31","018882","202000052079","0.9973","0.9973","","",""
"2024-08-01","018882","202000052079","0.9973","0.9973","","",""
"2024-08-02","018882","202000052079","0.9972","0.9972","","",""
"2024-08-05","018882","202000052079","0.9969","0.9969","","",""
"2024-08-06","018882","202000052079","0.9966","0.9966","","",""
"2024-08-07","018882","202000052079","0.9972","0.9972","","",""
"2024-08-08","018882","202000052079","0.9970","0.9970","","",""
"2024-08-09","018882","202000052079","0.9969","0.9969","","",""
"2024-08-12","018882","202000052079","0.9969","0.9969","","",""
"2024-08-13","018882","202000052079","0.9972","0.9972","","",""
"2024-08-14","018882","202000052079","0.9963","0.9963","","",""
"2024-08-15","018882","202000052079","0.9968","0.9968","","",""
"2024-08-16","018882","202000052079","0.9968","0.9968","","",""
"2024-08-19","018882","202000052079","0.9968","0.9968","","",""
"2024-08-20","018882","202000052079","0.9961","0.9961","","",""
"2024-08-21","018882","202000052079","0.9954","0.9954","","",""
"2024-08-22","018882","202000052079","0.9955","0.9955","","",""
"2024-08-23","018882","202000052079","0.9957","0.9957","","",""
"2024-08-26","018882","202000052079","0.9959","0.9959","","",""
"2024-08-27","018882","202000052079","0.9959","0.9959","","",""
"2024-08-28","018882","202000052079","0.9959","0.9959","","",""
"2024-08-29","018882","202000052079","0.9965","0.9965","","",""
"2024-08-30","018882","202000052079","0.9959","0.9959","","",""
"2024-09-02","018882","202000052079","0.9920","0.9920","","",""
"2024-09-03","018882","202000052079","0.9932","0.9932","","",""
"2024-09-04","018882","202000052079","0.9931","0.9931","","",""
"2024-09-05","018882","202000052079","0.9918","0.9918","","",""
"2024-09-06","018882","202000052079","0.9851","0.9851","","",""
"2024-09-09","018882","202000052079","0.9760","0.9760","","",""
"2024-09-10","018882","202000052079","0.9733","0.9733","","",""
"2024-09-11","018882","202000052079","0.9733","0.9733","","",""
"2024-09-12","018882","202000052079","0.9727","0.9727","","",""
"2024-09-13","018882","202000052079","0.9730","0.9730","","",""
"2024-09-18","018882","202000052079","0.9868","0.9868","","",""
"2024-09-19","018882","202000052079","0.9835","0.9835","","",""
"2024-09-20","018882","202000052079","0.9853","0.9853","","",""
"2024-09-23","018882","202000052079","0.9891","0.9891","","",""
"2024-09-24","018882","202000052079","1.0153","1.0153","","",""
"2024-09-25","018882","202000052079","1.0258","1.0258","","",""
"2024-09-26","018882","202000052079","1.0538","1.0538","","",""
"2024-09-27","018882","202000052079","1.0720","1.0720","","",""
"2024-09-30","018882","202000052079","1.1410","1.1410","","",""
"2024-10-08","018882","202000052079","1.1974","1.1974","","",""
"2024-10-09","018882","202000052079","1.1086","1.1086","","",""
"2024-10-10","018882","202000052079","1.1319","1.1319","","",""
"2024-10-11","018882","202000052079","1.1020","1.1020","","",""
"2024-10-14","018882","202000052079","1.1252","1.1252","","",""
"2024-10-15","018882","202000052079","1.0970","1.0970","","",""
"2024-10-16","018882","202000052079","1.0911","1.0911","","",""
"2024-10-17","018882","202000052079","1.0786","1.0786","","",""
"2024-10-18","018882","202000052079","1.1100","1.1100","","",""
"2024-10-21","018882","202000052079","1.1155","1.1155","","",""
"2024-10-22","018882","202000052079","1.1259","1.1259","","",""
"2024-10-23","018882","202000052079","1.1227","1.1227","","",""
"2024-10-24","018882","202000052079","1.1131","1.1131","","",""
"2024-10-25","018882","202000052079","1.1197","1.1197","","",""
"2024-10-28","018882","202000052079","1.1164","1.1164","","",""
"2024-10-29","018882","202000052079","1.1073","1.1073","","",""
"2024-10-30","018882","202000052079","1.1032","1.1032","","",""
"2024-10-31","018882","202000052079","1.0979","1.0979","","",""
"2024-11-01","018882","202000052079","1.0911","1.0911","","",""
"2024-11-04","018882","202000052079","1.1114","1.1114","","",""
"2024-11-05","018882","202000052079","1.1344","1.1344","","",""
"2024-11-06","018882","202000052079","1.1277","1.1277","","",""
"2024-11-07","018882","202000052079","1.1404","1.1404","","",""
"2024-11-08","018882","202000052079","1.1281","1.1281","","",""
"2024-11-11","018882","202000052079","1.1127","1.1127","","",""
"2024-11-12","018882","202000052079","1.1076","1.1076","","",""
"2024-11-13","018882","202000052079","1.1118","1.1118","","",""
"2024-11-14","018882","202000052079","1.1050","1.1050","","",""
"2024-11-15","018882","202000052079","1.0961","1.0961","","",""
"2024-11-18","018882","202000052079","1.0905","1.0905","","",""
"2024-11-19","018882","202000052079","1.0976","1.0976","","",""
"2024-11-20","018882","202000052079","1.1041","1.1041","","",""
"2024-11-21","018882","202000052079","1.1032","1.1032","","",""
"2024-11-22","018882","202000052079","1.0709","1.0709","","",""
"2024-11-25","018882","202000052079","1.0707","1.0707","","",""
"2024-11-26","018882","202000052079","1.0647","1.0647","","",""
"2024-11-27","018882","202000052079","1.0879","1.0879","","",""
"2024-11-28","018882","202000052079","1.0775","1.0775","","",""
"2024-11-29","018882","202000052079","1.0939","1.0939","","",""
"2024-12-02","018882","202000052079","1.1110","1.1110","","",""
"2024-12-03","018882","202000052079","1.1136","1.1136","","",""
"2024-12-04","018882","202000052079","1.1077","1.1077","","",""
"2024-12-05","018882","202000052079","1.1063","1.1063","","",""
"2024-12-06","018882","202000052079","1.1162","1.1162","","",""
"2024-12-09","018882","202000052079","1.1178","1.1178","","",""
"2024-12-10","018882","202000052079","1.1247","1.1247","","",""
"2024-12-11","018882","202000052079","1.1322","1.1322","","",""
"2024-12-12","018882","202000052079","1.1419","1.1419","","",""
"2024-12-13","018882","202000052079","1.1265","1.1265","","",""
"2024-12-16","018882","202000052079","1.1268","1.1268","","",""
"2024-12-17","018882","202000052079","1.1250","1.1250","","",""
"2024-12-18","018882","202000052079","1.1275","1.1275","","",""
"2024-12-19","018882","202000052079","1.1320","1.1320","","",""
"2024-12-20","018882","202000052079","1.1308","1.1308","","",""
"2024-12-23","018882","202000052079","1.1299","1.1299","","",""
"2024-12-24","018882","202000052079","1.1445","1.1445","","",""
"2024-12-25","018882","202000052079","1.1438","1.1438","","",""
"2024-12-26","018882","202000052079","1.1472","1.1472","","",""
"2024-12-27","018882","202000052079","1.1444","1.1444","","",""
"2024-12-30","018882","202000052079","1.1519","1.1519","","",""
"2024-12-31","018882","202000052079","1.1392","1.1392","","",""
"2025-01-02","018882","202000052079","1.1140","1.1140","","",""
"2025-01-03","018882","202000052079","1.1016","1.1016","","",""
"2025-01-06","018882","202000052079","1.1038","1.1038","","",""
"2025-01-07","018882","202000052079","1.1126","1.1126","","",""
"2025-01-08","018882","202000052079","1.1130","1.1130","","",""
"2025-01-09","018882","202000052079","1.1096","1.1096","","",""
"2025-01-10","018882","202000052079","1.0947","1.0947","","",""
"2025-01-13","018882","202000052079","1.0858","1.0858","","",""
"2025-01-14","018882","202000052079","1.1163","1.1163","","",""
"2025-01-15","018882","202000052079","1.1078","1.1078","","",""
"2025-01-16","018882","202000052079","1.1166","1.1166","","",""
"2025-01-17","018882","202000052079","1.1273","1.1273","","",""
"2025-01-20","018882","202000052079","1.1351","1.1351","","",""
"2025-01-21","018882","202000052079","1.1428","1.1428","","",""
"2025-01-22","018882","202000052079","1.1395","1.1395","","",""
"2025-01-23","018882","202000052079","1.1366","1.1366","","",""
"2025-01-24","018882","202000052079","1.1492","1.1492","","",""
"2025-01-27","018882","202000052079","1.1439","1.1439","","",""
"2025-02-05","018882","202000052079","1.1191","1.1191","","",""
"2025-02-06","018882","202000052079","1.1338","1.1338","","",""
"2025-02-07","018882","202000052079","1.1461","1.1461","","",""
"2025-02-10","018882","202000052079","1.1468","1.1468","","",""
"2025-02-11","018882","202000052079","1.1507","1.1507","","",""
"2025-02-12","018882","202000052079","1.1598","1.1598","","",""
"2025-02-13","018882","202000052079","1.1449","1.1449","","",""
"2025-02-14","018882","202000052079","1.1584","1.1584","","",""
"2025-02-17","018882","202000052079","1.1609","1.1609","","",""
"2025-02-18","018882","202000052079","1.1482","1.1482","","",""
"2025-02-19","018882","202000052079","1.1559","1.1559","","",""
"2025-02-20","018882","202000052079","1.1581","1.1581","","",""
"2025-02-21","018882","202000052079","1.1784","1.1784","","",""
"2025-02-24","018882","202000052079","1.1771","1.1771","","",""
"2025-02-25","018882","202000052079","1.1593","1.1593","","",""
"2025-02-26","018882","202000052079","1.1681","1.1681","","",""
"2025-02-27","018882","202000052079","1.1693","1.1693","","",""
"2025-02-28","018882","202000052079","1.1457","1.1457","","",""
"2025-03-03","018882","202000052079","1.1465","1.1465","","",""
"2025-03-04","018882","202000052079","1.1484","1.1484","","",""
"2025-03-05","018882","202000052079","1.1559","1.1559","","",""
"2025-03-06","018882","202000052079","1.1717","1.1717","","",""
"2025-03-07","018882","202000052079","1.1689","1.1689","","",""
"2025-03-10","018882","202000052079","1.1658","1.1658","","",""
"2025-03-11","018882","202000052079","1.1690","1.1690","","",""
"2025-03-12","018882","202000052079","1.1720","1.1720","","",""
"2025-03-13","018882","202000052079","1.1661","1.1661","","",""
"2025-03-14","018882","202000052079","1.1925","1.1925","","",""
"2025-03-17","018882","202000052079","1.1934","1.1934","","",""
"2025-03-18","018882","202000052079","1.1985","1.1985","","",""
"2025-03-19","018882","202000052079","1.1967","1.1967","","",""
"2025-03-20","018882","202000052079","1.1877","1.1877","","",""
"2025-03-21","018882","202000052079","1.1730","1.1730","","",""
"2025-03-24","018882","202000052079","1.1815","1.1815","","",""
"2025-03-25","018882","202000052079","1.1776","1.1776","","",""
"2025-03-26","018882","202000052079","1.1711","1.1711","","",""
"2025-03-27","018882","202000052079","1.1717","1.1717","","",""
"2025-03-28","018882","202000052079","1.1679","1.1679","","",""
"2025-03-31","018882","202000052079","1.1640","1.1640","","",""
"2025-04-01","018882","202000052079","1.1629","1.1629","","",""
"2024-04-03","018883","202000052080","1.0002","1.0002","","",""
"2024-04-11","018883","202000052080","1.0002","1.0002","","",""
"2024-04-12","018883","202000052080","1.0003","1.0003","","",""
"2024-04-15","018883","202000052080","1.0001","1.0001","","",""
"2024-04-16","018883","202000052080","1.0003","1.0003","","",""
"2024-04-17","018883","202000052080","1.0003","1.0003","","",""
"2024-04-18","018883","202000052080","1.0003","1.0003","","",""
"2024-04-19","018883","202000052080","1.0003","1.0003","","",""
"2024-04-22","018883","202000052080","1.0002","1.0002","","",""
"2024-04-23","018883","202000052080","1.0002","1.0002","","",""
"2024-04-24","018883","202000052080","1.0002","1.0002","","",""
"2024-04-25","018883","202000052080","1.0002","1.0002","","",""
"2024-04-26","018883","202000052080","1.0002","1.0002","","",""
"2024-04-29","018883","202000052080","1.0000","1.0000","","",""
"2024-04-30","018883","202000052080","0.9997","0.9997","","",""
"2024-05-06","018883","202000052080","0.9996","0.9996","","",""
"2024-05-07","018883","202000052080","0.9996","0.9996","","",""
"2024-05-08","018883","202000052080","0.9996","0.9996","","",""
"2024-05-09","018883","202000052080","0.9995","0.9995","","",""
"2024-05-10","018883","202000052080","0.9995","0.9995","","",""
"2024-05-13","018883","202000052080","0.9992","0.9992","","",""
"2024-05-14","018883","202000052080","0.9993","0.9993","","",""
"2024-05-15","018883","202000052080","0.9994","0.9994","","",""
"2024-05-16","018883","202000052080","0.9994","0.9994","","",""
"2024-05-17","018883","202000052080","0.9994","0.9994","","",""
"2024-05-20","018883","202000052080","0.9992","0.9992","","",""
"2024-05-21","018883","202000052080","0.9992","0.9992","","",""
"2024-05-22","018883","202000052080","0.9991","0.9991","","",""
"2024-05-23","018883","202000052080","0.9990","0.9990","","",""
"2024-05-24","018883","202000052080","0.9990","0.9990","","",""
"2024-05-27","018883","202000052080","0.9992","0.9992","","",""
"2024-05-28","018883","202000052080","0.9989","0.9989","","",""
"2024-05-29","018883","202000052080","0.9991","0.9991","","",""
"2024-05-30","018883","202000052080","0.9962","0.9962","","",""
"2024-05-31","018883","202000052080","0.9948","0.9948","","",""
"2024-06-03","018883","202000052080","0.9939","0.9939","","",""
"2024-06-04","018883","202000052080","0.9979","0.9979","","",""
"2024-06-05","018883","202000052080","0.9946","0.9946","","",""
"2024-06-06","018883","202000052080","0.9961","0.9961","","",""
"2024-06-07","018883","202000052080","0.9967","0.9967","","",""
"2024-06-11","018883","202000052080","0.9941","0.9941","","",""
"2024-06-12","018883","202000052080","0.9962","0.9962","","",""
"2024-06-13","018883","202000052080","0.9949","0.9949","","",""
"2024-06-14","018883","202000052080","0.9944","0.9944","","",""
"2024-06-17","018883","202000052080","0.9942","0.9942","","",""
"2024-06-18","018883","202000052080","0.9954","0.9954","","",""
"2024-06-19","018883","202000052080","0.9947","0.9947","","",""
"2024-06-20","018883","202000052080","0.9938","0.9938","","",""
"2024-06-21","018883","202000052080","0.9948","0.9948","","",""
"2024-06-24","018883","202000052080","0.9925","0.9925","","",""
"2024-06-25","018883","202000052080","0.9920","0.9920","","",""
"2024-06-26","018883","202000052080","0.9930","0.9930","","",""
"2024-06-27","018883","202000052080","0.9908","0.9908","","",""
"2024-06-28","018883","202000052080","0.9910","0.9910","","",""
"2024-06-30","018883","202000052080","0.9909","0.9909","","",""
"2024-07-01","018883","202000052080","0.9910","0.9910","","",""
"2024-07-02","018883","202000052080","0.9908","0.9908","","",""
"2024-07-03","018883","202000052080","0.9907","0.9907","","",""
"2024-07-04","018883","202000052080","0.9906","0.9906","","",""
"2024-07-05","018883","202000052080","0.9951","0.9951","","",""
"2024-07-08","018883","202000052080","0.9948","0.9948","","",""
"2024-07-09","018883","202000052080","0.9950","0.9950","","",""
"2024-07-10","018883","202000052080","0.9948","0.9948","","",""
"2024-07-11","018883","202000052080","0.9948","0.9948","","",""
"2024-07-12","018883","202000052080","0.9946","0.9946","","",""
"2024-07-15","018883","202000052080","0.9946","0.9946","","",""
"2024-07-16","018883","202000052080","0.9946","0.9946","","",""
"2024-07-17","018883","202000052080","0.9944","0.9944","","",""
"2024-07-18","018883","202000052080","0.9944","0.9944","","",""
"2024-07-19","018883","202000052080","0.9944","0.9944","","",""
"2024-07-22","018883","202000052080","0.9943","0.9943","","",""
"2024-07-23","018883","202000052080","0.9942","0.9942","","",""
"2024-07-24","018883","202000052080","0.9942","0.9942","","",""
"2024-07-25","018883","202000052080","0.9942","0.9942","","",""
"2024-07-26","018883","202000052080","0.9943","0.9943","","",""
"2024-07-29","018883","202000052080","0.9942","0.9942","","",""
"2024-07-30","018883","202000052080","0.9940","0.9940","","",""
"2024-07-31","018883","202000052080","0.9944","0.9944","","",""
"2024-08-01","018883","202000052080","0.9944","0.9944","","",""
"2024-08-02","018883","202000052080","0.9943","0.9943","","",""
"2024-08-05","018883","202000052080","0.9940","0.9940","","",""
"2024-08-06","018883","202000052080","0.9933","0.9933","","",""
"2024-08-07","018883","202000052080","0.9938","0.9938","","",""
"2024-08-08","018883","202000052080","0.9937","0.9937","","",""
"2024-08-09","018883","202000052080","0.9935","0.9935","","",""
"2024-08-12","018883","202000052080","0.9935","0.9935","","",""
"2024-08-13","018883","202000052080","0.9938","0.9938","","",""
"2024-08-14","018883","202000052080","0.9929","0.9929","","",""
"2024-08-15","018883","202000052080","0.9934","0.9934","","",""
"2024-08-16","018883","202000052080","0.9933","0.9933","","",""
"2024-08-19","018883","202000052080","0.9934","0.9934","","",""
"2024-08-20","018883","202000052080","0.9927","0.9927","","",""
"2024-08-21","018883","202000052080","0.9920","0.9920","","",""
"2024-08-22","018883","202000052080","0.9921","0.9921","","",""
"2024-08-23","018883","202000052080","0.9922","0.9922","","",""
"2024-08-26","018883","202000052080","0.9925","0.9925","","",""
"2024-08-27","018883","202000052080","0.9924","0.9924","","",""
"2024-08-28","018883","202000052080","0.9924","0.9924","","",""
"2024-08-29","018883","202000052080","0.9930","0.9930","","",""
"2024-08-30","018883","202000052080","0.9924","0.9924","","",""
"2024-09-02","018883","202000052080","0.9885","0.9885","","",""
"2024-09-03","018883","202000052080","0.9897","0.9897","","",""
"2024-09-04","018883","202000052080","0.9895","0.9895","","",""
"2024-09-05","018883","202000052080","0.9883","0.9883","","",""
"2024-09-06","018883","202000052080","0.9816","0.9816","","",""
"2024-09-09","018883","202000052080","0.9725","0.9725","","",""
"2024-09-10","018883","202000052080","0.9698","0.9698","","",""
"2024-09-11","018883","202000052080","0.9698","0.9698","","",""
"2024-09-12","018883","202000052080","0.9692","0.9692","","",""
"2024-09-13","018883","202000052080","0.9695","0.9695","","",""
"2024-09-18","018883","202000052080","0.9832","0.9832","","",""
"2024-09-19","018883","202000052080","0.9799","0.9799","","",""
"2024-09-20","018883","202000052080","0.9817","0.9817","","",""
"2024-09-23","018883","202000052080","0.9854","0.9854","","",""
"2024-09-24","018883","202000052080","1.0116","1.0116","","",""
"2024-09-25","018883","202000052080","1.0220","1.0220","","",""
"2024-09-26","018883","202000052080","1.0499","1.0499","","",""
"2024-09-27","018883","202000052080","1.0680","1.0680","","",""
"2024-09-30","018883","202000052080","1.1367","1.1367","","",""
"2024-10-08","018883","202000052080","1.1929","1.1929","","",""
"2024-10-09","018883","202000052080","1.1044","1.1044","","",""
"2024-10-10","018883","202000052080","1.1276","1.1276","","",""
"2024-10-11","018883","202000052080","1.0978","1.0978","","",""
"2024-10-14","018883","202000052080","1.1209","1.1209","","",""
"2024-10-15","018883","202000052080","1.0929","1.0929","","",""
"2024-10-16","018883","202000052080","1.0869","1.0869","","",""
"2024-10-17","018883","202000052080","1.0745","1.0745","","",""
"2024-10-18","018883","202000052080","1.1058","1.1058","","",""
"2024-10-21","018883","202000052080","1.1112","1.1112","","",""
"2024-10-22","018883","202000052080","1.1216","1.1216","","",""
"2024-10-23","018883","202000052080","1.1184","1.1184","","",""
"2024-10-24","018883","202000052080","1.1088","1.1088","","",""
"2024-10-25","018883","202000052080","1.1154","1.1154","","",""
"2024-10-28","018883","202000052080","1.1120","1.1120","","",""
"2024-10-29","018883","202000052080","1.1030","1.1030","","",""
"2024-10-30","018883","202000052080","1.0989","1.0989","","",""
"2024-10-31","018883","202000052080","1.0936","1.0936","","",""
"2024-11-01","018883","202000052080","1.0869","1.0869","","",""
"2024-11-04","018883","202000052080","1.1070","1.1070","","",""
"2024-11-05","018883","202000052080","1.1299","1.1299","","",""
"2024-11-06","018883","202000052080","1.1232","1.1232","","",""
"2024-11-07","018883","202000052080","1.1359","1.1359","","",""
"2024-11-08","018883","202000052080","1.1236","1.1236","","",""
"2024-11-11","018883","202000052080","1.1081","1.1081","","",""
"2024-11-12","018883","202000052080","1.1031","1.1031","","",""
"2024-11-13","018883","202000052080","1.1072","1.1072","","",""
"2024-11-14","018883","202000052080","1.1005","1.1005","","",""
"2024-11-15","018883","202000052080","1.0916","1.0916","","",""
"2024-11-18","018883","202000052080","1.0860","1.0860","","",""
"2024-11-19","018883","202000052080","1.0931","1.0931","","",""
"2024-11-20","018883","202000052080","1.0995","1.0995","","",""
"2024-11-21","018883","202000052080","1.0986","1.0986","","",""
"2024-11-22","018883","202000052080","1.0665","1.0665","","",""
"2024-11-25","018883","202000052080","1.0663","1.0663","","",""
"2024-11-26","018883","202000052080","1.0603","1.0603","","",""
"2024-11-27","018883","202000052080","1.0833","1.0833","","",""
"2024-11-28","018883","202000052080","1.0730","1.0730","","",""
"2024-11-29","018883","202000052080","1.0893","1.0893","","",""
"2024-12-02","018883","202000052080","1.1062","1.1062","","",""
"2024-12-03","018883","202000052080","1.1088","1.1088","","",""
"2024-12-04","018883","202000052080","1.1028","1.1028","","",""
"2024-12-05","018883","202000052080","1.1015","1.1015","","",""
"2024-12-06","018883","202000052080","1.1113","1.1113","","",""
"2024-12-09","018883","202000052080","1.1129","1.1129","","",""
"2024-12-10","018883","202000052080","1.1198","1.1198","","",""
"2024-12-11","018883","202000052080","1.1272","1.1272","","",""
"2024-12-12","018883","202000052080","1.1369","1.1369","","",""
"2024-12-13","018883","202000052080","1.1216","1.1216","","",""
"2024-12-16","018883","202000052080","1.1219","1.1219","","",""
"2024-12-17","018883","202000052080","1.1201","1.1201","","",""
"2024-12-18","018883","202000052080","1.1227","1.1227","","",""
"2024-12-19","018883","202000052080","1.1270","1.1270","","",""
"2024-12-20","018883","202000052080","1.1258","1.1258","","",""
"2024-12-23","018883","202000052080","1.1250","1.1250","","",""
"2024-12-24","018883","202000052080","1.1395","1.1395","","",""
"2024-12-25","018883","202000052080","1.1388","1.1388","","",""
"2024-12-26","018883","202000052080","1.1421","1.1421","","",""
"2024-12-27","018883","202000052080","1.1393","1.1393","","",""
"2024-12-30","018883","202000052080","1.1468","1.1468","","",""
"2024-12-31","018883","202000052080","1.1342","1.1342","","",""
"2025-01-02","018883","202000052080","1.1090","1.1090","","",""
"2025-01-03","018883","202000052080","1.0967","1.0967","","",""
"2025-01-06","018883","202000052080","1.0988","1.0988","","",""
"2025-01-07","018883","202000052080","1.1076","1.1076","","",""
"2025-01-08","018883","202000052080","1.1080","1.1080","","",""
"2025-01-09","018883","202000052080","1.1046","1.1046","","",""
"2025-01-10","018883","202000052080","1.0898","1.0898","","",""
"2025-01-13","018883","202000052080","1.0809","1.0809","","",""
"2025-01-14","018883","202000052080","1.1112","1.1112","","",""
"2025-01-15","018883","202000052080","1.1028","1.1028","","",""
"2025-01-16","018883","202000052080","1.1116","1.1116","","",""
"2025-01-17","018883","202000052080","1.1222","1.1222","","",""
"2025-01-20","018883","202000052080","1.1300","1.1300","","",""
"2025-01-21","018883","202000052080","1.1375","1.1375","","",""
"2025-01-22","018883","202000052080","1.1343","1.1343","","",""
"2025-01-23","018883","202000052080","1.1314","1.1314","","",""
"2025-01-24","018883","202000052080","1.1439","1.1439","","",""
"2025-01-27","018883","202000052080","1.1386","1.1386","","",""
"2025-02-05","018883","202000052080","1.1139","1.1139","","",""
"2025-02-06","018883","202000052080","1.1285","1.1285","","",""
"2025-02-07","018883","202000052080","1.1407","1.1407","","",""
"2025-02-10","018883","202000052080","1.1414","1.1414","","",""
"2025-02-11","018883","202000052080","1.1452","1.1452","","",""
"2025-02-12","018883","202000052080","1.1544","1.1544","","",""
"2025-02-13","018883","202000052080","1.1395","1.1395","","",""
"2025-02-14","018883","202000052080","1.1529","1.1529","","",""
"2025-02-17","018883","202000052080","1.1554","1.1554","","",""
"2025-02-18","018883","202000052080","1.1427","1.1427","","",""
"2025-02-19","018883","202000052080","1.1504","1.1504","","",""
"2025-02-20","018883","202000052080","1.1526","1.1526","","",""
"2025-02-21","018883","202000052080","1.1728","1.1728","","",""
"2025-02-24","018883","202000052080","1.1714","1.1714","","",""
"2025-02-25","018883","202000052080","1.1537","1.1537","","",""
"2025-02-26","018883","202000052080","1.1625","1.1625","","",""
"2025-02-27","018883","202000052080","1.1636","1.1636","","",""
"2025-02-28","018883","202000052080","1.1401","1.1401","","",""
"2025-03-03","018883","202000052080","1.1410","1.1410","","",""
"2025-03-04","018883","202000052080","1.1429","1.1429","","",""
"2025-03-05","018883","202000052080","1.1503","1.1503","","",""
"2025-03-06","018883","202000052080","1.1660","1.1660","","",""
"2025-03-07","018883","202000052080","1.1632","1.1632","","",""
"2025-03-10","018883","202000052080","1.1601","1.1601","","",""
"2025-03-11","018883","202000052080","1.1633","1.1633","","",""
"2025-03-12","018883","202000052080","1.1662","1.1662","","",""
"2025-03-13","018883","202000052080","1.1604","1.1604","","",""
"2025-03-14","018883","202000052080","1.1867","1.1867","","",""
"2025-03-17","018883","202000052080","1.1875","1.1875","","",""
"2025-03-18","018883","202000052080","1.1926","1.1926","","",""
"2025-03-19","018883","202000052080","1.1907","1.1907","","",""
"2025-03-20","018883","202000052080","1.1818","1.1818","","",""
"2025-03-21","018883","202000052080","1.1671","1.1671","","",""
"2025-03-24","018883","202000052080","1.1756","1.1756","","",""
"2025-03-25","018883","202000052080","1.1717","1.1717","","",""
"2025-03-26","018883","202000052080","1.1652","1.1652","","",""
"2025-03-27","018883","202000052080","1.1659","1.1659","","",""
"2025-03-28","018883","202000052080","1.1621","1.1621","","",""
"2025-03-31","018883","202000052080","1.1581","1.1581","","",""
"2025-04-01","018883","202000052080","1.1571","1.1571","","",""
"2024-06-07","020014","202000054895","1.0000","1.0000","","",""
"2024-06-13","020014","202000054895","1.0001","1.0001","","",""
"2024-06-14","020014","202000054895","1.0004","1.0004","","",""
"2024-06-17","020014","202000054895","0.9996","0.9996","","",""
"2024-06-18","020014","202000054895","1.0017","1.0017","","",""
"2024-06-19","020014","202000054895","0.9992","0.9992","","",""
"2024-06-20","020014","202000054895","0.9923","0.9923","","",""
"2024-06-21","020014","202000054895","0.9891","0.9891","","",""
"2024-06-24","020014","202000054895","0.9854","0.9854","","",""
"2024-06-25","020014","202000054895","0.9812","0.9812","","",""
"2024-06-26","020014","202000054895","0.9871","0.9871","","",""
"2024-06-27","020014","202000054895","0.9792","0.9792","","",""
"2024-06-28","020014","202000054895","0.9799","0.9799","","",""
"2024-06-30","020014","202000054895","0.9799","0.9799","","",""
"2024-07-01","020014","202000054895","0.9843","0.9843","","",""
"2024-07-02","020014","202000054895","0.9817","0.9817","","",""
"2024-07-03","020014","202000054895","0.9786","0.9786","","",""
"2024-07-04","020014","202000054895","0.9748","0.9748","","",""
"2024-07-05","020014","202000054895","0.9719","0.9719","","",""
"2024-07-08","020014","202000054895","0.9630","0.9630","","",""
"2024-07-09","020014","202000054895","0.9738","0.9738","","",""
"2024-07-10","020014","202000054895","0.9723","0.9723","","",""
"2024-07-11","020014","202000054895","0.9849","0.9849","","",""
"2024-07-12","020014","202000054895","0.9873","0.9873","","",""
"2024-07-15","020014","202000054895","0.9866","0.9866","","",""
"2024-07-16","020014","202000054895","0.9918","0.9918","","",""
"2024-07-17","020014","202000054895","0.9929","0.9929","","",""
"2024-07-18","020014","202000054895","0.9981","0.9981","","",""
"2024-07-19","020014","202000054895","1.0022","1.0022","","",""
"2024-07-22","020014","202000054895","0.9954","0.9954","","",""
"2024-07-23","020014","202000054895","0.9757","0.9757","","",""
"2024-07-24","020014","202000054895","0.9696","0.9696","","",""
"2024-07-25","020014","202000054895","0.9650","0.9650","","",""
"2024-07-26","020014","202000054895","0.9694","0.9694","","",""
"2024-07-29","020014","202000054895","0.9626","0.9626","","",""
"2024-07-30","020014","202000054895","0.9564","0.9564","","",""
"2024-07-31","020014","202000054895","0.9775","0.9775","","",""
"2024-08-01","020014","202000054895","0.9694","0.9694","","",""
"2024-08-02","020014","202000054895","0.9600","0.9600","","",""
"2024-08-05","020014","202000054895","0.9507","0.9507","","",""
"2024-08-06","020014","202000054895","0.9512","0.9512","","",""
"2024-08-07","020014","202000054895","0.9515","0.9515","","",""
"2024-08-08","020014","202000054895","0.9529","0.9529","","",""
"2024-08-09","020014","202000054895","0.9504","0.9504","","",""
"2024-08-12","020014","202000054895","0.9502","0.9502","","",""
"2024-08-13","020014","202000054895","0.9511","0.9511","","",""
"2024-08-14","020014","202000054895","0.9434","0.9434","","",""
"2024-08-15","020014","202000054895","0.9515","0.9515","","",""
"2024-08-16","020014","202000054895","0.9528","0.9528","","",""
"2024-08-19","020014","202000054895","0.9550","0.9550","","",""
"2024-08-20","020014","202000054895","0.9486","0.9486","","",""
"2024-08-21","020014","202000054895","0.9459","0.9459","","",""
"2024-08-22","020014","202000054895","0.9437","0.9437","","",""
"2024-08-23","020014","202000054895","0.9483","0.9483","","",""
"2024-08-26","020014","202000054895","0.9477","0.9477","","",""
"2024-08-27","020014","202000054895","0.9434","0.9434","","",""
"2024-08-28","020014","202000054895","0.9389","0.9389","","",""
"2024-08-29","020014","202000054895","0.9378","0.9378","","",""
"2024-08-30","020014","202000054895","0.9504","0.9504","","",""
"2024-09-02","020014","202000054895","0.9359","0.9359","","",""
"2024-09-03","020014","202000054895","0.9386","0.9386","","",""
"2024-09-04","020014","202000054895","0.9329","0.9329","","",""
"2024-09-05","020014","202000054895","0.9349","0.9349","","",""
"2024-09-06","020014","202000054895","0.9265","0.9265","","",""
"2024-09-09","020014","202000054895","0.9163","0.9163","","",""
"2024-09-10","020014","202000054895","0.9165","0.9165","","",""
"2024-09-11","020014","202000054895","0.9158","0.9158","","",""
"2024-09-12","020014","202000054895","0.9121","0.9121","","",""
"2024-09-13","020014","202000054895","0.9084","0.9084","","",""
"2024-09-18","020014","202000054895","0.9126","0.9126","","",""
"2024-09-19","020014","202000054895","0.9190","0.9190","","",""
"2024-09-20","020014","202000054895","0.9197","0.9197","","",""
"2024-09-23","020014","202000054895","0.9223","0.9223","","",""
"2024-09-24","020014","202000054895","0.9606","0.9606","","",""
"2024-09-25","020014","202000054895","0.9732","0.9732","","",""
"2024-09-26","020014","202000054895","1.0133","1.0133","","",""
"2024-09-27","020014","202000054895","1.0582","1.0582","","",""
"2024-09-30","020014","202000054895","1.3021","1.3021","","",""
"2024-10-08","020014","202000054895","1.3734","1.3734","","",""
"2024-10-09","020014","202000054895","1.3528","1.3528","","",""
"2024-10-10","020014","202000054895","1.3660","1.3660","","",""
"2024-10-11","020014","202000054895","1.3109","1.3109","","",""
"2024-10-14","020014","202000054895","1.3329","1.3329","","",""
"2024-10-15","020014","202000054895","1.2998","1.2998","","",""
"2024-10-16","020014","202000054895","1.2914","1.2914","","",""
"2024-10-17","020014","202000054895","1.2757","1.2757","","",""
"2024-10-18","020014","202000054895","1.3196","1.3196","","",""
"2024-10-21","020014","202000054895","1.3223","1.3223","","",""
"2024-10-22","020014","202000054895","1.3314","1.3314","","",""
"2024-10-23","020014","202000054895","1.3366","1.3366","","",""
"2024-10-24","020014","202000054895","1.3218","1.3218","","",""
"2024-10-25","020014","202000054895","1.3324","1.3324","","",""
"2024-10-28","020014","202000054895","1.3350","1.3350","","",""
"2024-10-29","020014","202000054895","1.3216","1.3216","","",""
"2024-10-30","020014","202000054895","1.3096","1.3096","","",""
"2024-10-31","020014","202000054895","1.3098","1.3098","","",""
"2024-11-01","020014","202000054895","1.3116","1.3116","","",""
"2024-11-04","020014","202000054895","1.3292","1.3292","","",""
"2024-11-05","020014","202000054895","1.3595","1.3595","","",""
"2024-11-06","020014","202000054895","1.3490","1.3490","","",""
"2024-11-07","020014","202000054895","1.3874","1.3874","","",""
"2024-11-08","020014","202000054895","1.3727","1.3727","","",""
"2024-11-11","020014","202000054895","1.3790","1.3790","","",""
"2024-11-12","020014","202000054895","1.3676","1.3676","","",""
"2024-11-13","020014","202000054895","1.3734","1.3734","","",""
"2024-11-14","020014","202000054895","1.3511","1.3511","","",""
"2024-11-15","020014","202000054895","1.3283","1.3283","","",""
"2024-11-18","020014","202000054895","1.3234","1.3234","","",""
"2024-11-19","020014","202000054895","1.3318","1.3318","","",""
"2024-11-20","020014","202000054895","1.3354","1.3354","","",""
"2024-11-21","020014","202000054895","1.3351","1.3351","","",""
"2024-11-22","020014","202000054895","1.2972","1.2972","","",""
"2024-11-25","020014","202000054895","1.2926","1.2926","","",""
"2024-11-26","020014","202000054895","1.2910","1.2910","","",""
"2024-11-27","020014","202000054895","1.3096","1.3096","","",""
"2024-11-28","020014","202000054895","1.2989","1.2989","","",""
"2024-11-29","020014","202000054895","1.3113","1.3113","","",""
"2024-12-02","020014","202000054895","1.3212","1.3212","","",""
"2024-12-03","020014","202000054895","1.3224","1.3224","","",""
"2024-12-04","020014","202000054895","1.3145","1.3145","","",""
"2024-12-05","020014","202000054895","1.3105","1.3105","","",""
"2024-12-06","020014","202000054895","1.3273","1.3273","","",""
"2024-12-09","020014","202000054895","1.3252","1.3252","","",""
"2024-12-10","020014","202000054895","1.3340","1.3340","","",""
"2024-12-11","020014","202000054895","1.3332","1.3332","","",""
"2024-12-12","020014","202000054895","1.3457","1.3457","","",""
"2024-12-13","020014","202000054895","1.3159","1.3159","","",""
"2024-12-16","020014","202000054895","1.3076","1.3076","","",""
"2024-12-17","020014","202000054895","1.3117","1.3117","","",""
"2024-12-18","020014","202000054895","1.3163","1.3163","","",""
"2024-12-19","020014","202000054895","1.3160","1.3160","","",""
"2024-12-20","020014","202000054895","1.3107","1.3107","","",""
"2024-12-23","020014","202000054895","1.3116","1.3116","","",""
"2024-12-24","020014","202000054895","1.3270","1.3270","","",""
"2024-12-25","020014","202000054895","1.3259","1.3259","","",""
"2024-12-26","020014","202000054895","1.3253","1.3253","","",""
"2024-12-27","020014","202000054895","1.3237","1.3237","","",""
"2024-12-30","020014","202000054895","1.3287","1.3287","","",""
"2024-12-31","020014","202000054895","1.3101","1.3101","","",""
"2025-01-02","020014","202000054895","1.2758","1.2758","","",""
"2025-01-03","020014","202000054895","1.2619","1.2619","","",""
"2025-01-06","020014","202000054895","1.2596","1.2596","","",""
"2025-01-07","020014","202000054895","1.2652","1.2652","","",""
"2025-01-08","020014","202000054895","1.2618","1.2618","","",""
"2025-01-09","020014","202000054895","1.2591","1.2591","","",""
"2025-01-10","020014","202000054895","1.2447","1.2447","","",""
"2025-01-13","020014","202000054895","1.2427","1.2427","","",""
"2025-01-14","020014","202000054895","1.2729","1.2729","","",""
"2025-01-15","020014","202000054895","1.2650","1.2650","","",""
"2025-01-16","020014","202000054895","1.2668","1.2668","","",""
"2025-01-17","020014","202000054895","1.2706","1.2706","","",""
"2025-01-20","020014","202000054895","1.2778","1.2778","","",""
"2025-01-21","020014","202000054895","1.2790","1.2790","","",""
"2025-01-22","020014","202000054895","1.2665","1.2665","","",""
"2025-01-23","020014","202000054895","1.2687","1.2687","","",""
"2025-01-24","020014","202000054895","1.2786","1.2786","","",""
"2025-01-27","020014","202000054895","1.2734","1.2734","","",""
"2025-02-05","020014","202000054895","1.2658","1.2658","","",""
"2025-02-06","020014","202000054895","1.2812","1.2812","","",""
"2025-02-07","020014","202000054895","1.2988","1.2988","","",""
"2025-02-10","020014","202000054895","1.3007","1.3007","","",""
"2025-02-11","020014","202000054895","1.2943","1.2943","","",""
"2025-02-12","020014","202000054895","1.3072","1.3072","","",""
"2025-02-13","020014","202000054895","1.3043","1.3043","","",""
"2025-02-14","020014","202000054895","1.3153","1.3153","","",""
"2025-02-17","020014","202000054895","1.3160","1.3160","","",""
"2025-02-18","020014","202000054895","1.3065","1.3065","","",""
"2025-02-19","020014","202000054895","1.3169","1.3169","","",""
"2025-02-20","020014","202000054895","1.3136","1.3136","","",""
"2025-02-21","020014","202000054895","1.3255","1.3255","","",""
"2025-02-24","020014","202000054895","1.3217","1.3217","","",""
"2025-02-25","020014","202000054895","1.3075","1.3075","","",""
"2025-02-26","020014","202000054895","1.3187","1.3187","","",""
"2025-02-27","020014","202000054895","1.3224","1.3224","","",""
"2025-02-28","020014","202000054895","1.2994","1.2994","","",""
"2025-03-03","020014","202000054895","1.3010","1.3010","","",""
"2025-03-04","020014","202000054895","1.2976","1.2976","","",""
"2025-03-05","020014","202000054895","1.3009","1.3009","","",""
"2025-03-06","020014","202000054895","1.3173","1.3173","","",""
"2025-03-07","020014","202000054895","1.3142","1.3142","","",""
"2025-03-10","020014","202000054895","1.3104","1.3104","","",""
"2025-03-11","020014","202000054895","1.3151","1.3151","","",""
"2025-03-12","020014","202000054895","1.3110","1.3110","","",""
"2025-03-13","020014","202000054895","1.3070","1.3070","","",""
"2025-03-14","020014","202000054895","1.3389","1.3389","","",""
"2025-03-17","020014","202000054895","1.3362","1.3362","","",""
"2025-03-18","020014","202000054895","1.3398","1.3398","","",""
"2025-03-19","020014","202000054895","1.3430","1.3430","","",""
"2025-03-20","020014","202000054895","1.3308","1.3308","","",""
"2025-03-21","020014","202000054895","1.3116","1.3116","","",""
"2025-03-24","020014","202000054895","1.3171","1.3171","","",""
"2025-03-25","020014","202000054895","1.3167","1.3167","","",""
"2025-03-26","020014","202000054895","1.3124","1.3124","","",""
"2025-03-27","020014","202000054895","1.3162","1.3162","","",""
"2025-03-28","020014","202000054895","1.3107","1.3107","","",""
"2025-03-31","020014","202000054895","1.3008","1.3008","","",""
"2025-04-01","020014","202000054895","1.3009","1.3009","","",""
"2024-06-07","020016","202000054896","1.0000","1.0000","","",""
"2024-06-13","020016","202000054896","1.0001","1.0001","","",""
"2024-06-14","020016","202000054896","1.0003","1.0003","","",""
"2024-06-17","020016","202000054896","0.9998","0.9998","","",""
"2024-06-18","020016","202000054896","1.0017","1.0017","","",""
"2024-06-19","020016","202000054896","0.9993","0.9993","","",""
"2024-06-20","020016","202000054896","0.9923","0.9923","","",""
"2024-06-21","020016","202000054896","0.9891","0.9891","","",""
"2024-06-24","020016","202000054896","0.9854","0.9854","","",""
"2024-06-25","020016","202000054896","0.9812","0.9812","","",""
"2024-06-26","020016","202000054896","0.9870","0.9870","","",""
"2024-06-27","020016","202000054896","0.9792","0.9792","","",""
"2024-06-28","020016","202000054896","0.9799","0.9799","","",""
"2024-06-30","020016","202000054896","0.9799","0.9799","","",""
"2024-07-01","020016","202000054896","0.9843","0.9843","","",""
"2024-07-02","020016","202000054896","0.9817","0.9817","","",""
"2024-07-03","020016","202000054896","0.9786","0.9786","","",""
"2024-07-04","020016","202000054896","0.9747","0.9747","","",""
"2024-07-05","020016","202000054896","0.9718","0.9718","","",""
"2024-07-08","020016","202000054896","0.9629","0.9629","","",""
"2024-07-09","020016","202000054896","0.9737","0.9737","","",""
"2024-07-10","020016","202000054896","0.9722","0.9722","","",""
"2024-07-11","020016","202000054896","0.9848","0.9848","","",""
"2024-07-12","020016","202000054896","0.9872","0.9872","","",""
"2024-07-15","020016","202000054896","0.9865","0.9865","","",""
"2024-07-16","020016","202000054896","0.9917","0.9917","","",""
"2024-07-17","020016","202000054896","0.9927","0.9927","","",""
"2024-07-18","020016","202000054896","0.9979","0.9979","","",""
"2024-07-19","020016","202000054896","1.0020","1.0020","","",""
"2024-07-22","020016","202000054896","0.9952","0.9952","","",""
"2024-07-23","020016","202000054896","0.9756","0.9756","","",""
"2024-07-24","020016","202000054896","0.9694","0.9694","","",""
"2024-07-25","020016","202000054896","0.9648","0.9648","","",""
"2024-07-26","020016","202000054896","0.9693","0.9693","","",""
"2024-07-29","020016","202000054896","0.9624","0.9624","","",""
"2024-07-30","020016","202000054896","0.9563","0.9563","","",""
"2024-07-31","020016","202000054896","0.9774","0.9774","","",""
"2024-08-01","020016","202000054896","0.9692","0.9692","","",""
"2024-08-02","020016","202000054896","0.9598","0.9598","","",""
"2024-08-05","020016","202000054896","0.9505","0.9505","","",""
"2024-08-06","020016","202000054896","0.9510","0.9510","","",""
"2024-08-07","020016","202000054896","0.9512","0.9512","","",""
"2024-08-08","020016","202000054896","0.9527","0.9527","","",""
"2024-08-09","020016","202000054896","0.9502","0.9502","","",""
"2024-08-12","020016","202000054896","0.9499","0.9499","","",""
"2024-08-13","020016","202000054896","0.9509","0.9509","","",""
"2024-08-14","020016","202000054896","0.9431","0.9431","","",""
"2024-08-15","020016","202000054896","0.9512","0.9512","","",""
"2024-08-16","020016","202000054896","0.9525","0.9525","","",""
"2024-08-19","020016","202000054896","0.9547","0.9547","","",""
"2024-08-20","020016","202000054896","0.9484","0.9484","","",""
"2024-08-21","020016","202000054896","0.9456","0.9456","","",""
"2024-08-22","020016","202000054896","0.9434","0.9434","","",""
"2024-08-23","020016","202000054896","0.9480","0.9480","","",""
"2024-08-26","020016","202000054896","0.9474","0.9474","","",""
"2024-08-27","020016","202000054896","0.9431","0.9431","","",""
"2024-08-28","020016","202000054896","0.9386","0.9386","","",""
"2024-08-29","020016","202000054896","0.9374","0.9374","","",""
"2024-08-30","020016","202000054896","0.9501","0.9501","","",""
"2024-09-02","020016","202000054896","0.9356","0.9356","","",""
"2024-09-03","020016","202000054896","0.9383","0.9383","","",""
"2024-09-04","020016","202000054896","0.9326","0.9326","","",""
"2024-09-05","020016","202000054896","0.9346","0.9346","","",""
"2024-09-06","020016","202000054896","0.9261","0.9261","","",""
"2024-09-09","020016","202000054896","0.9159","0.9159","","",""
"2024-09-10","020016","202000054896","0.9162","0.9162","","",""
"2024-09-11","020016","202000054896","0.9154","0.9154","","",""
"2024-09-12","020016","202000054896","0.9117","0.9117","","",""
"2024-09-13","020016","202000054896","0.9080","0.9080","","",""
"2024-09-18","020016","202000054896","0.9122","0.9122","","",""
"2024-09-19","020016","202000054896","0.9185","0.9185","","",""
"2024-09-20","020016","202000054896","0.9192","0.9192","","",""
"2024-09-23","020016","202000054896","0.9218","0.9218","","",""
"2024-09-24","020016","202000054896","0.9601","0.9601","","",""
"2024-09-25","020016","202000054896","0.9727","0.9727","","",""
"2024-09-26","020016","202000054896","1.0128","1.0128","","",""
"2024-09-27","020016","202000054896","1.0576","1.0576","","",""
"2024-09-30","020016","202000054896","1.3015","1.3015","","",""
"2024-10-08","020016","202000054896","1.3728","1.3728","","",""
"2024-10-09","020016","202000054896","1.3522","1.3522","","",""
"2024-10-10","020016","202000054896","1.3654","1.3654","","",""
"2024-10-11","020016","202000054896","1.3103","1.3103","","",""
"2024-10-14","020016","202000054896","1.3323","1.3323","","",""
"2024-10-15","020016","202000054896","1.2992","1.2992","","",""
"2024-10-16","020016","202000054896","1.2907","1.2907","","",""
"2024-10-17","020016","202000054896","1.2751","1.2751","","",""
"2024-10-18","020016","202000054896","1.3190","1.3190","","",""
"2024-10-21","020016","202000054896","1.3216","1.3216","","",""
"2024-10-22","020016","202000054896","1.3307","1.3307","","",""
"2024-10-23","020016","202000054896","1.3359","1.3359","","",""
"2024-10-24","020016","202000054896","1.3211","1.3211","","",""
"2024-10-25","020016","202000054896","1.3317","1.3317","","",""
"2024-10-28","020016","202000054896","1.3343","1.3343","","",""
"2024-10-29","020016","202000054896","1.3208","1.3208","","",""
"2024-10-30","020016","202000054896","1.3089","1.3089","","",""
"2024-10-31","020016","202000054896","1.3091","1.3091","","",""
"2024-11-01","020016","202000054896","1.3109","1.3109","","",""
"2024-11-04","020016","202000054896","1.3284","1.3284","","",""
"2024-11-05","020016","202000054896","1.3587","1.3587","","",""
"2024-11-06","020016","202000054896","1.3482","1.3482","","",""
"2024-11-07","020016","202000054896","1.3866","1.3866","","",""
"2024-11-08","020016","202000054896","1.3718","1.3718","","",""
"2024-11-11","020016","202000054896","1.3781","1.3781","","",""
"2024-11-12","020016","202000054896","1.3668","1.3668","","",""
"2024-11-13","020016","202000054896","1.3725","1.3725","","",""
"2024-11-14","020016","202000054896","1.3502","1.3502","","",""
"2024-11-15","020016","202000054896","1.3274","1.3274","","",""
"2024-11-18","020016","202000054896","1.3225","1.3225","","",""
"2024-11-19","020016","202000054896","1.3309","1.3309","","",""
"2024-11-20","020016","202000054896","1.3345","1.3345","","",""
"2024-11-21","020016","202000054896","1.3342","1.3342","","",""
"2024-11-22","020016","202000054896","1.2963","1.2963","","",""
"2024-11-25","020016","202000054896","1.2916","1.2916","","",""
"2024-11-26","020016","202000054896","1.2900","1.2900","","",""
"2024-11-27","020016","202000054896","1.3087","1.3087","","",""
"2024-11-28","020016","202000054896","1.2980","1.2980","","",""
"2024-11-29","020016","202000054896","1.3103","1.3103","","",""
"2024-12-02","020016","202000054896","1.3203","1.3203","","",""
"2024-12-03","020016","202000054896","1.3214","1.3214","","",""
"2024-12-04","020016","202000054896","1.3135","1.3135","","",""
"2024-12-05","020016","202000054896","1.3095","1.3095","","",""
"2024-12-06","020016","202000054896","1.3263","1.3263","","",""
"2024-12-09","020016","202000054896","1.3241","1.3241","","",""
"2024-12-10","020016","202000054896","1.3329","1.3329","","",""
"2024-12-11","020016","202000054896","1.3321","1.3321","","",""
"2024-12-12","020016","202000054896","1.3446","1.3446","","",""
"2024-12-13","020016","202000054896","1.3148","1.3148","","",""
"2024-12-16","020016","202000054896","1.3065","1.3065","","",""
"2024-12-17","020016","202000054896","1.3106","1.3106","","",""
"2024-12-18","020016","202000054896","1.3152","1.3152","","",""
"2024-12-19","020016","202000054896","1.3149","1.3149","","",""
"2024-12-20","020016","202000054896","1.3096","1.3096","","",""
"2024-12-23","020016","202000054896","1.3105","1.3105","","",""
"2024-12-24","020016","202000054896","1.3259","1.3259","","",""
"2024-12-25","020016","202000054896","1.3248","1.3248","","",""
"2024-12-26","020016","202000054896","1.3241","1.3241","","",""
"2024-12-27","020016","202000054896","1.3226","1.3226","","",""
"2024-12-30","020016","202000054896","1.3275","1.3275","","",""
"2024-12-31","020016","202000054896","1.3089","1.3089","","",""
"2025-01-02","020016","202000054896","1.2746","1.2746","","",""
"2025-01-03","020016","202000054896","1.2607","1.2607","","",""
"2025-01-06","020016","202000054896","1.2584","1.2584","","",""
"2025-01-07","020016","202000054896","1.2640","1.2640","","",""
"2025-01-08","020016","202000054896","1.2606","1.2606","","",""
"2025-01-09","020016","202000054896","1.2579","1.2579","","",""
"2025-01-10","020016","202000054896","1.2435","1.2435","","",""
"2025-01-13","020016","202000054896","1.2415","1.2415","","",""
"2025-01-14","020016","202000054896","1.2717","1.2717","","",""
"2025-01-15","020016","202000054896","1.2637","1.2637","","",""
"2025-01-16","020016","202000054896","1.2655","1.2655","","",""
"2025-01-17","020016","202000054896","1.2693","1.2693","","",""
"2025-01-20","020016","202000054896","1.2765","1.2765","","",""
"2025-01-21","020016","202000054896","1.2776","1.2776","","",""
"2025-01-22","020016","202000054896","1.2652","1.2652","","",""
"2025-01-23","020016","202000054896","1.2673","1.2673","","",""
"2025-01-24","020016","202000054896","1.2772","1.2772","","",""
"2025-01-27","020016","202000054896","1.2721","1.2721","","",""
"2025-02-05","020016","202000054896","1.2644","1.2644","","",""
"2025-02-06","020016","202000054896","1.2797","1.2797","","",""
"2025-02-07","020016","202000054896","1.2973","1.2973","","",""
"2025-02-10","020016","202000054896","1.2992","1.2992","","",""
"2025-02-11","020016","202000054896","1.2929","1.2929","","",""
"2025-02-12","020016","202000054896","1.3057","1.3057","","",""
"2025-02-13","020016","202000054896","1.3028","1.3028","","",""
"2025-02-14","020016","202000054896","1.3137","1.3137","","",""
"2025-02-17","020016","202000054896","1.3145","1.3145","","",""
"2025-02-18","020016","202000054896","1.3049","1.3049","","",""
"2025-02-19","020016","202000054896","1.3154","1.3154","","",""
"2025-02-20","020016","202000054896","1.3121","1.3121","","",""
"2025-02-21","020016","202000054896","1.3239","1.3239","","",""
"2025-02-24","020016","202000054896","1.3201","1.3201","","",""
"2025-02-25","020016","202000054896","1.3059","1.3059","","",""
"2025-02-26","020016","202000054896","1.3170","1.3170","","",""
"2025-02-27","020016","202000054896","1.3208","1.3208","","",""
"2025-02-28","020016","202000054896","1.2978","1.2978","","",""
"2025-03-03","020016","202000054896","1.2993","1.2993","","",""
"2025-03-04","020016","202000054896","1.2960","1.2960","","",""
"2025-03-05","020016","202000054896","1.2993","1.2993","","",""
"2025-03-06","020016","202000054896","1.3156","1.3156","","",""
"2025-03-07","020016","202000054896","1.3125","1.3125","","",""
"2025-03-10","020016","202000054896","1.3088","1.3088","","",""
"2025-03-11","020016","202000054896","1.3134","1.3134","","",""
"2025-03-12","020016","202000054896","1.3093","1.3093","","",""
"2025-03-13","020016","202000054896","1.3053","1.3053","","",""
"2025-03-14","020016","202000054896","1.3371","1.3371","","",""
"2025-03-17","020016","202000054896","1.3344","1.3344","","",""
"2025-03-18","020016","202000054896","1.3380","1.3380","","",""
"2025-03-19","020016","202000054896","1.3412","1.3412","","",""
"2025-03-20","020016","202000054896","1.3290","1.3290","","",""
"2025-03-21","020016","202000054896","1.3098","1.3098","","",""
"2025-03-24","020016","202000054896","1.3153","1.3153","","",""
"2025-03-25","020016","202000054896","1.3149","1.3149","","",""
"2025-03-26","020016","202000054896","1.3106","1.3106","","",""
"2025-03-27","020016","202000054896","1.3144","1.3144","","",""
"2025-03-28","020016","202000054896","1.3089","1.3089","","",""
"2025-03-31","020016","202000054896","1.2990","1.2990","","",""
"2025-04-01","020016","202000054896","1.2991","1.2991","","",""
"2024-04-09","020868","202000054310","1.0000","1.0000","","",""
"2024-04-12","020868","202000054310","0.9945","0.9945","","",""
"2024-04-16","020868","202000054310","1.0062","1.0062","","",""
"2024-04-17","020868","202000054310","1.0182","1.0182","","",""
"2024-04-18","020868","202000054310","1.0189","1.0189","","",""
"2024-04-19","020868","202000054310","1.0108","1.0108","","",""
"2024-04-22","020868","202000054310","1.0080","1.0080","","",""
"2024-04-23","020868","202000054310","1.0021","1.0021","","",""
"2024-04-24","020868","202000054310","1.0059","1.0059","","",""
"2024-04-25","020868","202000054310","1.0083","1.0083","","",""
"2024-04-26","020868","202000054310","1.0229","1.0229","","",""
"2024-04-29","020868","202000054310","1.0332","1.0332","","",""
"2024-04-30","020868","202000054310","1.0298","1.0298","","",""
"2024-05-06","020868","202000054310","1.0441","1.0441","","",""
"2024-05-07","020868","202000054310","1.0437","1.0437","","",""
"2024-05-08","020868","202000054310","1.0357","1.0357","","",""
"2024-05-09","020868","202000054310","1.0439","1.0439","","",""
"2024-05-10","020868","202000054310","1.0440","1.0440","","",""
"2024-05-13","020868","202000054310","1.0431","1.0431","","",""
"2024-05-14","020868","202000054310","1.0399","1.0399","","",""
"2024-05-15","020868","202000054310","1.0334","1.0334","","",""
"2024-05-16","020868","202000054310","1.0377","1.0377","","",""
"2024-05-17","020868","202000054310","1.0470","1.0470","","",""
"2024-05-20","020868","202000054310","1.0494","1.0494","","",""
"2024-05-21","020868","202000054310","1.0461","1.0461","","",""
"2024-05-22","020868","202000054310","1.0484","1.0484","","",""
"2024-05-23","020868","202000054310","1.0382","1.0382","","",""
"2024-05-24","020868","202000054310","1.0273","1.0273","","",""
"2024-05-27","020868","202000054310","1.0359","1.0359","","",""
"2024-05-28","020868","202000054310","1.0292","1.0292","","",""
"2024-05-29","020868","202000054310","1.0309","1.0309","","",""
"2024-05-30","020868","202000054310","1.0252","1.0252","","",""
"2024-05-31","020868","202000054310","1.0207","1.0207","","",""
"2024-06-03","020868","202000054310","1.0246","1.0246","","",""
"2024-06-04","020868","202000054310","1.0323","1.0323","","",""
"2024-06-05","020868","202000054310","1.0270","1.0270","","",""
"2024-06-06","020868","202000054310","1.0276","1.0276","","",""
"2024-06-07","020868","202000054310","1.0218","1.0218","","",""
"2024-06-11","020868","202000054310","1.0128","1.0128","","",""
"2024-06-12","020868","202000054310","1.0127","1.0127","","",""
"2024-06-13","020868","202000054310","1.0081","1.0081","","",""
"2024-06-14","020868","202000054310","1.0126","1.0126","","",""
"2024-06-17","020868","202000054310","1.0105","1.0105","","",""
"2024-06-18","020868","202000054310","1.0129","1.0129","","",""
"2024-06-19","020868","202000054310","1.0105","1.0105","","",""
"2024-06-20","020868","202000054310","1.0039","1.0039","","",""
"2024-06-21","020868","202000054310","1.0010","1.0010","","",""
"2024-06-24","020868","202000054310","0.9976","0.9976","","",""
"2024-06-25","020868","202000054310","0.9928","0.9928","","",""
"2024-06-26","020868","202000054310","0.9989","0.9989","","",""
"2024-06-27","020868","202000054310","0.9928","0.9928","","",""
"2024-06-28","020868","202000054310","0.9947","0.9947","","",""
"2024-06-30","020868","202000054310","0.9946","0.9946","","",""
"2024-07-01","020868","202000054310","0.9977","0.9977","","",""
"2024-07-02","020868","202000054310","0.9970","0.9970","","",""
"2024-07-03","020868","202000054310","0.9951","0.9951","","",""
"2024-07-04","020868","202000054310","0.9911","0.9911","","",""
"2024-07-05","020868","202000054310","0.9863","0.9863","","",""
"2024-07-08","020868","202000054310","0.9794","0.9794","","",""
"2024-07-09","020868","202000054310","0.9902","0.9902","","",""
"2024-07-10","020868","202000054310","0.9887","0.9887","","",""
"2024-07-11","020868","202000054310","1.0009","1.0009","","",""
"2024-07-12","020868","202000054310","1.0048","1.0048","","",""
"2024-07-15","020868","202000054310","1.0048","1.0048","","",""
"2024-07-16","020868","202000054310","1.0116","1.0116","","",""
"2024-07-17","020868","202000054310","1.0130","1.0130","","",""
"2024-07-18","020868","202000054310","1.0186","1.0186","","",""
"2024-07-19","020868","202000054310","1.0236","1.0236","","",""
"2024-07-22","020868","202000054310","1.0170","1.0170","","",""
"2024-07-23","020868","202000054310","0.9980","0.9980","","",""
"2024-07-24","020868","202000054310","0.9920","0.9920","","",""
"2024-07-25","020868","202000054310","0.9875","0.9875","","",""
"2024-07-26","020868","202000054310","0.9902","0.9902","","",""
"2024-07-29","020868","202000054310","0.9847","0.9847","","",""
"2024-07-30","020868","202000054310","0.9783","0.9783","","",""
"2024-07-31","020868","202000054310","0.9974","0.9974","","",""
"2024-08-01","020868","202000054310","0.9904","0.9904","","",""
"2024-08-02","020868","202000054310","0.9809","0.9809","","",""
"2024-08-05","020868","202000054310","0.9699","0.9699","","",""
"2024-08-06","020868","202000054310","0.9691","0.9691","","",""
"2024-08-07","020868","202000054310","0.9691","0.9691","","",""
"2024-08-08","020868","202000054310","0.9699","0.9699","","",""
"2024-08-09","020868","202000054310","0.9676","0.9676","","",""
"2024-08-12","020868","202000054310","0.9659","0.9659","","",""
"2024-08-13","020868","202000054310","0.9674","0.9674","","",""
"2024-08-14","020868","202000054310","0.9609","0.9609","","",""
"2024-08-15","020868","202000054310","0.9704","0.9704","","",""
"2024-08-16","020868","202000054310","0.9730","0.9730","","",""
"2024-08-19","020868","202000054310","0.9756","0.9756","","",""
"2024-08-20","020868","202000054310","0.9700","0.9700","","",""
"2024-08-21","020868","202000054310","0.9672","0.9672","","",""
"2024-08-22","020868","202000054310","0.9655","0.9655","","",""
"2024-08-23","020868","202000054310","0.9697","0.9697","","",""
"2024-08-26","020868","202000054310","0.9688","0.9688","","",""
"2024-08-27","020868","202000054310","0.9646","0.9646","","",""
"2024-08-28","020868","202000054310","0.9590","0.9590","","",""
"2024-08-29","020868","202000054310","0.9564","0.9564","","",""
"2024-08-30","020868","202000054310","0.9674","0.9674","","",""
"2024-09-02","020868","202000054310","0.9519","0.9519","","",""
"2024-09-03","020868","202000054310","0.9544","0.9544","","",""
"2024-09-04","020868","202000054310","0.9487","0.9487","","",""
"2024-09-05","020868","202000054310","0.9499","0.9499","","",""
"2024-09-06","020868","202000054310","0.9422","0.9422","","",""
"2024-09-09","020868","202000054310","0.9316","0.9316","","",""
"2024-09-10","020868","202000054310","0.9326","0.9326","","",""
"2024-09-11","020868","202000054310","0.9306","0.9306","","",""
"2024-09-12","020868","202000054310","0.9269","0.9269","","",""
"2024-09-13","020868","202000054310","0.9230","0.9230","","",""
"2024-09-18","020868","202000054310","0.9261","0.9261","","",""
"2024-09-19","020868","202000054310","0.9323","0.9323","","",""
"2024-09-20","020868","202000054310","0.9336","0.9336","","",""
"2024-09-23","020868","202000054310","0.9372","0.9372","","",""
"2024-09-24","020868","202000054310","0.9751","0.9751","","",""
"2024-09-25","020868","202000054310","0.9883","0.9883","","",""
"2024-09-26","020868","202000054310","1.0275","1.0275","","",""
"2024-09-27","020868","202000054310","1.0720","1.0720","","",""
"2024-09-30","020868","202000054310","1.1466","1.1466","","",""
"2024-10-08","020868","202000054310","1.1968","1.1968","","",""
"2024-10-09","020868","202000054310","1.1185","1.1185","","",""
"2024-10-10","020868","202000054310","1.1310","1.1310","","",""
"2024-10-11","020868","202000054310","1.0995","1.0995","","",""
"2024-10-14","020868","202000054310","1.1190","1.1190","","",""
"2024-10-15","020868","202000054310","1.0911","1.0911","","",""
"2024-10-16","020868","202000054310","1.0828","1.0828","","",""
"2024-10-17","020868","202000054310","1.0706","1.0706","","",""
"2024-10-18","020868","202000054310","1.1087","1.1087","","",""
"2024-10-21","020868","202000054310","1.1104","1.1104","","",""
"2024-10-22","020868","202000054310","1.1166","1.1166","","",""
"2024-10-23","020868","202000054310","1.1204","1.1204","","",""
"2024-10-24","020868","202000054310","1.1087","1.1087","","",""
"2024-10-25","020868","202000054310","1.1166","1.1166","","",""
"2024-10-28","020868","202000054310","1.1168","1.1168","","",""
"2024-10-29","020868","202000054310","1.1064","1.1064","","",""
"2024-10-30","020868","202000054310","1.0961","1.0961","","",""
"2024-10-31","020868","202000054310","1.0958","1.0958","","",""
"2024-11-01","020868","202000054310","1.0961","1.0961","","",""
"2024-11-04","020868","202000054310","1.1101","1.1101","","",""
"2024-11-05","020868","202000054310","1.1342","1.1342","","",""
"2024-11-06","020868","202000054310","1.1272","1.1272","","",""
"2024-11-07","020868","202000054310","1.1582","1.1582","","",""
"2024-11-08","020868","202000054310","1.1474","1.1474","","",""
"2024-11-11","020868","202000054310","1.1560","1.1560","","",""
"2024-11-12","020868","202000054310","1.1455","1.1455","","",""
"2024-11-13","020868","202000054310","1.1533","1.1533","","",""
"2024-11-14","020868","202000054310","1.1348","1.1348","","",""
"2024-11-15","020868","202000054310","1.1163","1.1163","","",""
"2024-11-18","020868","202000054310","1.1116","1.1116","","",""
"2024-11-19","020868","202000054310","1.1170","1.1170","","",""
"2024-11-20","020868","202000054310","1.1195","1.1195","","",""
"2024-11-21","020868","202000054310","1.1195","1.1195","","",""
"2024-11-22","020868","202000054310","1.0879","1.0879","","",""
"2024-11-25","020868","202000054310","1.0831","1.0831","","",""
"2024-11-26","020868","202000054310","1.0818","1.0818","","",""
"2024-11-27","020868","202000054310","1.0980","1.0980","","",""
"2024-11-28","020868","202000054310","1.0890","1.0890","","",""
"2024-11-29","020868","202000054310","1.0998","1.0998","","",""
"2024-12-02","020868","202000054310","1.1074","1.1074","","",""
"2024-12-03","020868","202000054310","1.1085","1.1085","","",""
"2024-12-04","020868","202000054310","1.1035","1.1035","","",""
"2024-12-05","020868","202000054310","1.0997","1.0997","","",""
"2024-12-06","020868","202000054310","1.1141","1.1141","","",""
"2024-12-09","020868","202000054310","1.1129","1.1129","","",""
"2024-12-10","020868","202000054310","1.1205","1.1205","","",""
"2024-12-11","020868","202000054310","1.1183","1.1183","","",""
"2024-12-12","020868","202000054310","1.1286","1.1286","","",""
"2024-12-13","020868","202000054310","1.1036","1.1036","","",""
"2024-12-16","020868","202000054310","1.0994","1.0994","","",""
"2024-12-17","020868","202000054310","1.1034","1.1034","","",""
"2024-12-18","020868","202000054310","1.1095","1.1095","","",""
"2024-12-19","020868","202000054310","1.1099","1.1099","","",""
"2024-12-20","020868","202000054310","1.1050","1.1050","","",""
"2024-12-23","020868","202000054310","1.1083","1.1083","","",""
"2024-12-24","020868","202000054310","1.1222","1.1222","","",""
"2024-12-25","020868","202000054310","1.1235","1.1235","","",""
"2024-12-26","020868","202000054310","1.1239","1.1239","","",""
"2024-12-27","020868","202000054310","1.1218","1.1218","","",""
"2024-12-30","020868","202000054310","1.1259","1.1259","","",""
"2024-12-31","020868","202000054310","1.1113","1.1113","","",""
"2025-01-02","020868","202000054310","1.0815","1.0815","","",""
"2025-01-03","020868","202000054310","1.0701","1.0701","","",""
"2025-01-06","020868","202000054310","1.0676","1.0676","","",""
"2025-01-07","020868","202000054310","1.0731","1.0731","","",""
"2025-01-08","020868","202000054310","1.0728","1.0728","","",""
"2025-01-09","020868","202000054310","1.0701","1.0701","","",""
"2025-01-10","020868","202000054310","1.0576","1.0576","","",""
"2025-01-13","020868","202000054310","1.0540","1.0540","","",""
"2025-01-14","020868","202000054310","1.0793","1.0793","","",""
"2025-01-15","020868","202000054310","1.0745","1.0745","","",""
"2025-01-16","020868","202000054310","1.0754","1.0754","","",""
"2025-01-17","020868","202000054310","1.0783","1.0783","","",""
"2025-01-20","020868","202000054310","1.0829","1.0829","","",""
"2025-01-21","020868","202000054310","1.0829","1.0829","","",""
"2025-01-22","020868","202000054310","1.0721","1.0721","","",""
"2025-01-23","020868","202000054310","1.0747","1.0747","","",""
"2025-01-24","020868","202000054310","1.0826","1.0826","","",""
"2025-01-27","020868","202000054310","1.0801","1.0801","","",""
"2025-02-05","020868","202000054310","1.0743","1.0743","","",""
"2025-02-06","020868","202000054310","1.0869","1.0869","","",""
"2025-02-07","020868","202000054310","1.1000","1.1000","","",""
"2025-02-10","020868","202000054310","1.1018","1.1018","","",""
"2025-02-11","020868","202000054310","1.0973","1.0973","","",""
"2025-02-12","020868","202000054310","1.1079","1.1079","","",""
"2025-02-13","020868","202000054310","1.1054","1.1054","","",""
"2025-02-14","020868","202000054310","1.1160","1.1160","","",""
"2025-02-17","020868","202000054310","1.1182","1.1182","","",""
"2025-02-18","020868","202000054310","1.1113","1.1113","","",""
"2025-02-19","020868","202000054310","1.1182","1.1182","","",""
"2025-02-20","020868","202000054310","1.1155","1.1155","","",""
"2025-02-21","020868","202000054310","1.1283","1.1283","","",""
"2025-02-24","020868","202000054310","1.1247","1.1247","","",""
"2025-02-25","020868","202000054310","1.1125","1.1125","","",""
"2025-02-26","020868","202000054310","1.1213","1.1213","","",""
"2025-02-27","020868","202000054310","1.1254","1.1254","","",""
"2025-02-28","020868","202000054310","1.1066","1.1066","","",""
"2025-03-03","020868","202000054310","1.1063","1.1063","","",""
"2025-03-04","020868","202000054310","1.1039","1.1039","","",""
"2025-03-05","020868","202000054310","1.1084","1.1084","","",""
"2025-03-06","020868","202000054310","1.1223","1.1223","","",""
"2025-03-07","020868","202000054310","1.1196","1.1196","","",""
"2025-03-10","020868","202000054310","1.1140","1.1140","","",""
"2025-03-11","020868","202000054310","1.1168","1.1168","","",""
"2025-03-12","020868","202000054310","1.1131","1.1131","","",""
"2025-03-13","020868","202000054310","1.1092","1.1092","","",""
"2025-03-14","020868","202000054310","1.1358","1.1358","","",""
"2025-03-17","020868","202000054310","1.1327","1.1327","","",""
"2025-03-18","020868","202000054310","1.1354","1.1354","","",""
"2025-03-19","020868","202000054310","1.1371","1.1371","","",""
"2025-03-20","020868","202000054310","1.1263","1.1263","","",""
"2025-03-21","020868","202000054310","1.1095","1.1095","","",""
"2025-03-24","020868","202000054310","1.1150","1.1150","","",""
"2025-03-25","020868","202000054310","1.1148","1.1148","","",""
"2025-03-26","020868","202000054310","1.1105","1.1105","","",""
"2025-03-27","020868","202000054310","1.1153","1.1153","","",""
"2025-03-28","020868","202000054310","1.1103","1.1103","","",""
"2025-03-31","020868","202000054310","1.1038","1.1038","","",""
"2025-04-01","020868","202000054310","1.1036","1.1036","","",""
"2024-04-09","020869","202000054311","1.0000","1.0000","","",""
"2024-04-12","020869","202000054311","0.9945","0.9945","","",""
"2024-04-16","020869","202000054311","1.0062","1.0062","","",""
"2024-04-17","020869","202000054311","1.0182","1.0182","","",""
"2024-04-18","020869","202000054311","1.0189","1.0189","","",""
"2024-04-19","020869","202000054311","1.0107","1.0107","","",""
"2024-04-22","020869","202000054311","1.0079","1.0079","","",""
"2024-04-23","020869","202000054311","1.0020","1.0020","","",""
"2024-04-24","020869","202000054311","1.0058","1.0058","","",""
"2024-04-25","020869","202000054311","1.0081","1.0081","","",""
"2024-04-26","020869","202000054311","1.0228","1.0228","","",""
"2024-04-29","020869","202000054311","1.0331","1.0331","","",""
"2024-04-30","020869","202000054311","1.0297","1.0297","","",""
"2024-05-06","020869","202000054311","1.0439","1.0439","","",""
"2024-05-07","020869","202000054311","1.0435","1.0435","","",""
"2024-05-08","020869","202000054311","1.0354","1.0354","","",""
"2024-05-09","020869","202000054311","1.0437","1.0437","","",""
"2024-05-10","020869","202000054311","1.0438","1.0438","","",""
"2024-05-13","020869","202000054311","1.0428","1.0428","","",""
"2024-05-14","020869","202000054311","1.0396","1.0396","","",""
"2024-05-15","020869","202000054311","1.0332","1.0332","","",""
"2024-05-16","020869","202000054311","1.0374","1.0374","","",""
"2024-05-17","020869","202000054311","1.0467","1.0467","","",""
"2024-05-20","020869","202000054311","1.0490","1.0490","","",""
"2024-05-21","020869","202000054311","1.0457","1.0457","","",""
"2024-05-22","020869","202000054311","1.0480","1.0480","","",""
"2024-05-23","020869","202000054311","1.0378","1.0378","","",""
"2024-05-24","020869","202000054311","1.0270","1.0270","","",""
"2024-05-27","020869","202000054311","1.0355","1.0355","","",""
"2024-05-28","020869","202000054311","1.0288","1.0288","","",""
"2024-05-29","020869","202000054311","1.0305","1.0305","","",""
"2024-05-30","020869","202000054311","1.0248","1.0248","","",""
"2024-05-31","020869","202000054311","1.0203","1.0203","","",""
"2024-06-03","020869","202000054311","1.0241","1.0241","","",""
"2024-06-04","020869","202000054311","1.0319","1.0319","","",""
"2024-06-05","020869","202000054311","1.0265","1.0265","","",""
"2024-06-06","020869","202000054311","1.0272","1.0272","","",""
"2024-06-07","020869","202000054311","1.0213","1.0213","","",""
"2024-06-11","020869","202000054311","1.0123","1.0123","","",""
"2024-06-12","020869","202000054311","1.0122","1.0122","","",""
"2024-06-13","020869","202000054311","1.0076","1.0076","","",""
"2024-06-14","020869","202000054311","1.0120","1.0120","","",""
"2024-06-17","020869","202000054311","1.0099","1.0099","","",""
"2024-06-18","020869","202000054311","1.0123","1.0123","","",""
"2024-06-19","020869","202000054311","1.0099","1.0099","","",""
"2024-06-20","020869","202000054311","1.0033","1.0033","","",""
"2024-06-21","020869","202000054311","1.0004","1.0004","","",""
"2024-06-24","020869","202000054311","0.9970","0.9970","","",""
"2024-06-25","020869","202000054311","0.9922","0.9922","","",""
"2024-06-26","020869","202000054311","0.9983","0.9983","","",""
"2024-06-27","020869","202000054311","0.9921","0.9921","","",""
"2024-06-28","020869","202000054311","0.9941","0.9941","","",""
"2024-06-30","020869","202000054311","0.9939","0.9939","","",""
"2024-07-01","020869","202000054311","0.9970","0.9970","","",""
"2024-07-02","020869","202000054311","0.9963","0.9963","","",""
"2024-07-03","020869","202000054311","0.9944","0.9944","","",""
"2024-07-04","020869","202000054311","0.9904","0.9904","","",""
"2024-07-05","020869","202000054311","0.9856","0.9856","","",""
"2024-07-08","020869","202000054311","0.9787","0.9787","","",""
"2024-07-09","020869","202000054311","0.9895","0.9895","","",""
"2024-07-10","020869","202000054311","0.9879","0.9879","","",""
"2024-07-11","020869","202000054311","1.0001","1.0001","","",""
"2024-07-12","020869","202000054311","1.0040","1.0040","","",""
"2024-07-15","020869","202000054311","1.0040","1.0040","","",""
"2024-07-16","020869","202000054311","1.0108","1.0108","","",""
"2024-07-17","020869","202000054311","1.0121","1.0121","","",""
"2024-07-18","020869","202000054311","1.0177","1.0177","","",""
"2024-07-19","020869","202000054311","1.0228","1.0228","","",""
"2024-07-22","020869","202000054311","1.0162","1.0162","","",""
"2024-07-23","020869","202000054311","0.9971","0.9971","","",""
"2024-07-24","020869","202000054311","0.9911","0.9911","","",""
"2024-07-25","020869","202000054311","0.9866","0.9866","","",""
"2024-07-26","020869","202000054311","0.9894","0.9894","","",""
"2024-07-29","020869","202000054311","0.9838","0.9838","","",""
"2024-07-30","020869","202000054311","0.9774","0.9774","","",""
"2024-07-31","020869","202000054311","0.9964","0.9964","","",""
"2024-08-01","020869","202000054311","0.9895","0.9895","","",""
"2024-08-02","020869","202000054311","0.9800","0.9800","","",""
"2024-08-05","020869","202000054311","0.9689","0.9689","","",""
"2024-08-06","020869","202000054311","0.9682","0.9682","","",""
"2024-08-07","020869","202000054311","0.9681","0.9681","","",""
"2024-08-08","020869","202000054311","0.9689","0.9689","","",""
"2024-08-09","020869","202000054311","0.9666","0.9666","","",""
"2024-08-12","020869","202000054311","0.9649","0.9649","","",""
"2024-08-13","020869","202000054311","0.9664","0.9664","","",""
"2024-08-14","020869","202000054311","0.9599","0.9599","","",""
"2024-08-15","020869","202000054311","0.9693","0.9693","","",""
"2024-08-16","020869","202000054311","0.9720","0.9720","","",""
"2024-08-19","020869","202000054311","0.9746","0.9746","","",""
"2024-08-20","020869","202000054311","0.9689","0.9689","","",""
"2024-08-21","020869","202000054311","0.9661","0.9661","","",""
"2024-08-22","020869","202000054311","0.9645","0.9645","","",""
"2024-08-23","020869","202000054311","0.9686","0.9686","","",""
"2024-08-26","020869","202000054311","0.9677","0.9677","","",""
"2024-08-27","020869","202000054311","0.9634","0.9634","","",""
"2024-08-28","020869","202000054311","0.9579","0.9579","","",""
"2024-08-29","020869","202000054311","0.9553","0.9553","","",""
"2024-08-30","020869","202000054311","0.9663","0.9663","","",""
"2024-09-02","020869","202000054311","0.9508","0.9508","","",""
"2024-09-03","020869","202000054311","0.9533","0.9533","","",""
"2024-09-04","020869","202000054311","0.9476","0.9476","","",""
"2024-09-05","020869","202000054311","0.9487","0.9487","","",""
"2024-09-06","020869","202000054311","0.9411","0.9411","","",""
"2024-09-09","020869","202000054311","0.9304","0.9304","","",""
"2024-09-10","020869","202000054311","0.9314","0.9314","","",""
"2024-09-11","020869","202000054311","0.9294","0.9294","","",""
"2024-09-12","020869","202000054311","0.9257","0.9257","","",""
"2024-09-13","020869","202000054311","0.9218","0.9218","","",""
"2024-09-18","020869","202000054311","0.9249","0.9249","","",""
"2024-09-19","020869","202000054311","0.9310","0.9310","","",""
"2024-09-20","020869","202000054311","0.9324","0.9324","","",""
"2024-09-23","020869","202000054311","0.9359","0.9359","","",""
"2024-09-24","020869","202000054311","0.9738","0.9738","","",""
"2024-09-25","020869","202000054311","0.9870","0.9870","","",""
"2024-09-26","020869","202000054311","1.0261","1.0261","","",""
"2024-09-27","020869","202000054311","1.0706","1.0706","","",""
"2024-09-30","020869","202000054311","1.1451","1.1451","","",""
"2024-10-08","020869","202000054311","1.1951","1.1951","","",""
"2024-10-09","020869","202000054311","1.1169","1.1169","","",""
"2024-10-10","020869","202000054311","1.1295","1.1295","","",""
"2024-10-11","020869","202000054311","1.0979","1.0979","","",""
"2024-10-14","020869","202000054311","1.1174","1.1174","","",""
"2024-10-15","020869","202000054311","1.0895","1.0895","","",""
"2024-10-16","020869","202000054311","1.0812","1.0812","","",""
"2024-10-17","020869","202000054311","1.0691","1.0691","","",""
"2024-10-18","020869","202000054311","1.1071","1.1071","","",""
"2024-10-21","020869","202000054311","1.1088","1.1088","","",""
"2024-10-22","020869","202000054311","1.1149","1.1149","","",""
"2024-10-23","020869","202000054311","1.1187","1.1187","","",""
"2024-10-24","020869","202000054311","1.1070","1.1070","","",""
"2024-10-25","020869","202000054311","1.1149","1.1149","","",""
"2024-10-28","020869","202000054311","1.1151","1.1151","","",""
"2024-10-29","020869","202000054311","1.1046","1.1046","","",""
"2024-10-30","020869","202000054311","1.0944","1.0944","","",""
"2024-10-31","020869","202000054311","1.0940","1.0940","","",""
"2024-11-01","020869","202000054311","1.0944","1.0944","","",""
"2024-11-04","020869","202000054311","1.1083","1.1083","","",""
"2024-11-05","020869","202000054311","1.1323","1.1323","","",""
"2024-11-06","020869","202000054311","1.1253","1.1253","","",""
"2024-11-07","020869","202000054311","1.1563","1.1563","","",""
"2024-11-08","020869","202000054311","1.1455","1.1455","","",""
"2024-11-11","020869","202000054311","1.1541","1.1541","","",""
"2024-11-12","020869","202000054311","1.1436","1.1436","","",""
"2024-11-13","020869","202000054311","1.1514","1.1514","","",""
"2024-11-14","020869","202000054311","1.1329","1.1329","","",""
"2024-11-15","020869","202000054311","1.1144","1.1144","","",""
"2024-11-18","020869","202000054311","1.1097","1.1097","","",""
"2024-11-19","020869","202000054311","1.1151","1.1151","","",""
"2024-11-20","020869","202000054311","1.1176","1.1176","","",""
"2024-11-21","020869","202000054311","1.1176","1.1176","","",""
"2024-11-22","020869","202000054311","1.0860","1.0860","","",""
"2024-11-25","020869","202000054311","1.0812","1.0812","","",""
"2024-11-26","020869","202000054311","1.0799","1.0799","","",""
"2024-11-27","020869","202000054311","1.0960","1.0960","","",""
"2024-11-28","020869","202000054311","1.0870","1.0870","","",""
"2024-11-29","020869","202000054311","1.0978","1.0978","","",""
"2024-12-02","020869","202000054311","1.1053","1.1053","","",""
"2024-12-03","020869","202000054311","1.1064","1.1064","","",""
"2024-12-04","020869","202000054311","1.1015","1.1015","","",""
"2024-12-05","020869","202000054311","1.0976","1.0976","","",""
"2024-12-06","020869","202000054311","1.1120","1.1120","","",""
"2024-12-09","020869","202000054311","1.1107","1.1107","","",""
"2024-12-10","020869","202000054311","1.1183","1.1183","","",""
"2024-12-11","020869","202000054311","1.1161","1.1161","","",""
"2024-12-12","020869","202000054311","1.1264","1.1264","","",""
"2024-12-13","020869","202000054311","1.1015","1.1015","","",""
"2024-12-16","020869","202000054311","1.0973","1.0973","","",""
"2024-12-17","020869","202000054311","1.1012","1.1012","","",""
"2024-12-18","020869","202000054311","1.1073","1.1073","","",""
"2024-12-19","020869","202000054311","1.1077","1.1077","","",""
"2024-12-20","020869","202000054311","1.1028","1.1028","","",""
"2024-12-23","020869","202000054311","1.1061","1.1061","","",""
"2024-12-24","020869","202000054311","1.1199","1.1199","","",""
"2024-12-25","020869","202000054311","1.1213","1.1213","","",""
"2024-12-26","020869","202000054311","1.1216","1.1216","","",""
"2024-12-27","020869","202000054311","1.1195","1.1195","","",""
"2024-12-30","020869","202000054311","1.1236","1.1236","","",""
"2024-12-31","020869","202000054311","1.1090","1.1090","","",""
"2025-01-02","020869","202000054311","1.0792","1.0792","","",""
"2025-01-03","020869","202000054311","1.0678","1.0678","","",""
"2025-01-06","020869","202000054311","1.0653","1.0653","","",""
"2025-01-07","020869","202000054311","1.0708","1.0708","","",""
"2025-01-08","020869","202000054311","1.0705","1.0705","","",""
"2025-01-09","020869","202000054311","1.0678","1.0678","","",""
"2025-01-10","020869","202000054311","1.0553","1.0553","","",""
"2025-01-13","020869","202000054311","1.0517","1.0517","","",""
"2025-01-14","020869","202000054311","1.0769","1.0769","","",""
"2025-01-15","020869","202000054311","1.0722","1.0722","","",""
"2025-01-16","020869","202000054311","1.0731","1.0731","","",""
"2025-01-17","020869","202000054311","1.0758","1.0758","","",""
"2025-01-20","020869","202000054311","1.0805","1.0805","","",""
"2025-01-21","020869","202000054311","1.0805","1.0805","","",""
"2025-01-22","020869","202000054311","1.0697","1.0697","","",""
"2025-01-23","020869","202000054311","1.0723","1.0723","","",""
"2025-01-24","020869","202000054311","1.0801","1.0801","","",""
"2025-01-27","020869","202000054311","1.0776","1.0776","","",""
"2025-02-05","020869","202000054311","1.0718","1.0718","","",""
"2025-02-06","020869","202000054311","1.0843","1.0843","","",""
"2025-02-07","020869","202000054311","1.0974","1.0974","","",""
"2025-02-10","020869","202000054311","1.0991","1.0991","","",""
"2025-02-11","020869","202000054311","1.0946","1.0946","","",""
"2025-02-12","020869","202000054311","1.1052","1.1052","","",""
"2025-02-13","020869","202000054311","1.1027","1.1027","","",""
"2025-02-14","020869","202000054311","1.1133","1.1133","","",""
"2025-02-17","020869","202000054311","1.1154","1.1154","","",""
"2025-02-18","020869","202000054311","1.1086","1.1086","","",""
"2025-02-19","020869","202000054311","1.1154","1.1154","","",""
"2025-02-20","020869","202000054311","1.1126","1.1126","","",""
"2025-02-21","020869","202000054311","1.1255","1.1255","","",""
"2025-02-24","020869","202000054311","1.1219","1.1219","","",""
"2025-02-25","020869","202000054311","1.1096","1.1096","","",""
"2025-02-26","020869","202000054311","1.1184","1.1184","","",""
"2025-02-27","020869","202000054311","1.1225","1.1225","","",""
"2025-02-28","020869","202000054311","1.1037","1.1037","","",""
"2025-03-03","020869","202000054311","1.1034","1.1034","","",""
"2025-03-04","020869","202000054311","1.1010","1.1010","","",""
"2025-03-05","020869","202000054311","1.1055","1.1055","","",""
"2025-03-06","020869","202000054311","1.1193","1.1193","","",""
"2025-03-07","020869","202000054311","1.1166","1.1166","","",""
"2025-03-10","020869","202000054311","1.1110","1.1110","","",""
"2025-03-11","020869","202000054311","1.1138","1.1138","","",""
"2025-03-12","020869","202000054311","1.1101","1.1101","","",""
"2025-03-13","020869","202000054311","1.1063","1.1063","","",""
"2025-03-14","020869","202000054311","1.1327","1.1327","","",""
"2025-03-17","020869","202000054311","1.1296","1.1296","","",""
"2025-03-18","020869","202000054311","1.1323","1.1323","","",""
"2025-03-19","020869","202000054311","1.1340","1.1340","","",""
"2025-03-20","020869","202000054311","1.1232","1.1232","","",""
"2025-03-21","020869","202000054311","1.1064","1.1064","","",""
"2025-03-24","020869","202000054311","1.1119","1.1119","","",""
"2025-03-25","020869","202000054311","1.1117","1.1117","","",""
"2025-03-26","020869","202000054311","1.1074","1.1074","","",""
"2025-03-27","020869","202000054311","1.1122","1.1122","","",""
"2025-03-28","020869","202000054311","1.1072","1.1072","","",""
"2025-03-31","020869","202000054311","1.1007","1.1007","","",""
"2025-04-01","020869","202000054311","1.1005","1.1005","","",""
"2024-04-25","021254","202000054951","1.0000","1.0000","","",""
"2024-04-26","021254","202000054951","1.0000","1.0000","","",""
"2024-04-30","021254","202000054951","0.9998","0.9998","","",""
"2024-05-09","021254","202000054951","1.0013","1.0013","","",""
"2024-05-10","021254","202000054951","1.0018","1.0018","","",""
"2024-05-13","021254","202000054951","1.0013","1.0013","","",""
"2024-05-14","021254","202000054951","0.9985","0.9985","","",""
"2024-05-15","021254","202000054951","0.9927","0.9927","","",""
"2024-05-16","021254","202000054951","0.9965","0.9965","","",""
"2024-05-17","021254","202000054951","1.0050","1.0050","","",""
"2024-05-20","021254","202000054951","1.0071","1.0071","","",""
"2024-05-21","021254","202000054951","1.0042","1.0042","","",""
"2024-05-22","021254","202000054951","1.0063","1.0063","","",""
"2024-05-23","021254","202000054951","0.9966","0.9966","","",""
"2024-05-24","021254","202000054951","0.9865","0.9865","","",""
"2024-05-27","021254","202000054951","0.9947","0.9947","","",""
"2024-05-28","021254","202000054951","0.9882","0.9882","","",""
"2024-05-29","021254","202000054951","0.9899","0.9899","","",""
"2024-05-30","021254","202000054951","0.9844","0.9844","","",""
"2024-05-31","021254","202000054951","0.9801","0.9801","","",""
"2024-06-03","021254","202000054951","0.9842","0.9842","","",""
"2024-06-04","021254","202000054951","0.9914","0.9914","","",""
"2024-06-05","021254","202000054951","0.9861","0.9861","","",""
"2024-06-06","021254","202000054951","0.9868","0.9868","","",""
"2024-06-07","021254","202000054951","0.9813","0.9813","","",""
"2024-06-11","021254","202000054951","0.9725","0.9725","","",""
"2024-06-12","021254","202000054951","0.9724","0.9724","","",""
"2024-06-13","021254","202000054951","0.9682","0.9682","","",""
"2024-06-14","021254","202000054951","0.9725","0.9725","","",""
"2024-06-17","021254","202000054951","0.9706","0.9706","","",""
"2024-06-18","021254","202000054951","0.9729","0.9729","","",""
"2024-06-19","021254","202000054951","0.9705","0.9705","","",""
"2024-06-20","021254","202000054951","0.9649","0.9649","","",""
"2024-06-21","021254","202000054951","0.9620","0.9620","","",""
"2024-06-24","021254","202000054951","0.9590","0.9590","","",""
"2024-06-25","021254","202000054951","0.9546","0.9546","","",""
"2024-06-26","021254","202000054951","0.9604","0.9604","","",""
"2024-06-27","021254","202000054951","0.9545","0.9545","","",""
"2024-06-28","021254","202000054951","0.9564","0.9564","","",""
"2024-06-30","021254","202000054951","0.9564","0.9564","","",""
"2024-07-01","021254","202000054951","0.9592","0.9592","","",""
"2024-07-02","021254","202000054951","0.9586","0.9586","","",""
"2024-07-03","021254","202000054951","0.9569","0.9569","","",""
"2024-07-04","021254","202000054951","0.9531","0.9531","","",""
"2024-07-05","021254","202000054951","0.9489","0.9489","","",""
"2024-07-08","021254","202000054951","0.9423","0.9423","","",""
"2024-07-09","021254","202000054951","0.9524","0.9524","","",""
"2024-07-10","021254","202000054951","0.9510","0.9510","","",""
"2024-07-11","021254","202000054951","0.9625","0.9625","","",""
"2024-07-12","021254","202000054951","0.9662","0.9662","","",""
"2024-07-15","021254","202000054951","0.9663","0.9663","","",""
"2024-07-16","021254","202000054951","0.9727","0.9727","","",""
"2024-07-17","021254","202000054951","0.9739","0.9739","","",""
"2024-07-18","021254","202000054951","0.9793","0.9793","","",""
"2024-07-19","021254","202000054951","0.9840","0.9840","","",""
"2024-07-22","021254","202000054951","0.9779","0.9779","","",""
"2024-07-23","021254","202000054951","0.9597","0.9597","","",""
"2024-07-24","021254","202000054951","0.9542","0.9542","","",""
"2024-07-25","021254","202000054951","0.9500","0.9500","","",""
"2024-07-26","021254","202000054951","0.9525","0.9525","","",""
"2024-07-29","021254","202000054951","0.9472","0.9472","","",""
"2024-07-30","021254","202000054951","0.9412","0.9412","","",""
"2024-07-31","021254","202000054951","0.9592","0.9592","","",""
"2024-08-01","021254","202000054951","0.9525","0.9525","","",""
"2024-08-02","021254","202000054951","0.9438","0.9438","","",""
"2024-08-05","021254","202000054951","0.9335","0.9335","","",""
"2024-08-06","021254","202000054951","0.9331","0.9331","","",""
"2024-08-07","021254","202000054951","0.9330","0.9330","","",""
"2024-08-08","021254","202000054951","0.9337","0.9337","","",""
"2024-08-09","021254","202000054951","0.9316","0.9316","","",""
"2024-08-12","021254","202000054951","0.9300","0.9300","","",""
"2024-08-13","021254","202000054951","0.9316","0.9316","","",""
"2024-08-14","021254","202000054951","0.9252","0.9252","","",""
"2024-08-15","021254","202000054951","0.9343","0.9343","","",""
"2024-08-16","021254","202000054951","0.9368","0.9368","","",""
"2024-08-19","021254","202000054951","0.9393","0.9393","","",""
"2024-08-20","021254","202000054951","0.9341","0.9341","","",""
"2024-08-21","021254","202000054951","0.9313","0.9313","","",""
"2024-08-22","021254","202000054951","0.9298","0.9298","","",""
"2024-08-23","021254","202000054951","0.9338","0.9338","","",""
"2024-08-26","021254","202000054951","0.9332","0.9332","","",""
"2024-08-27","021254","202000054951","0.9291","0.9291","","",""
"2024-08-28","021254","202000054951","0.9239","0.9239","","",""
"2024-08-29","021254","202000054951","0.9213","0.9213","","",""
"2024-08-30","021254","202000054951","0.9318","0.9318","","",""
"2024-09-02","021254","202000054951","0.9171","0.9171","","",""
"2024-09-03","021254","202000054951","0.9194","0.9194","","",""
"2024-09-04","021254","202000054951","0.9141","0.9141","","",""
"2024-09-05","021254","202000054951","0.9152","0.9152","","",""
"2024-09-06","021254","202000054951","0.9079","0.9079","","",""
"2024-09-09","021254","202000054951","0.8977","0.8977","","",""
"2024-09-10","021254","202000054951","0.8986","0.8986","","",""
"2024-09-11","021254","202000054951","0.8967","0.8967","","",""
"2024-09-12","021254","202000054951","0.8931","0.8931","","",""
"2024-09-13","021254","202000054951","0.8893","0.8893","","",""
"2024-09-18","021254","202000054951","0.8925","0.8925","","",""
"2024-09-19","021254","202000054951","0.8981","0.8981","","",""
"2024-09-20","021254","202000054951","0.8995","0.8995","","",""
"2024-09-23","021254","202000054951","0.9027","0.9027","","",""
"2024-09-24","021254","202000054951","0.9390","0.9390","","",""
"2024-09-25","021254","202000054951","0.9520","0.9520","","",""
"2024-09-26","021254","202000054951","0.9897","0.9897","","",""
"2024-09-27","021254","202000054951","1.0304","1.0304","","",""
"2024-09-30","021254","202000054951","1.1096","1.1096","","",""
"2024-10-08","021254","202000054951","1.1697","1.1697","","",""
"2024-10-09","021254","202000054951","1.0949","1.0949","","",""
"2024-10-10","021254","202000054951","1.1093","1.1093","","",""
"2024-10-11","021254","202000054951","1.0803","1.0803","","",""
"2024-10-14","021254","202000054951","1.0996","1.0996","","",""
"2024-10-15","021254","202000054951","1.0719","1.0719","","",""
"2024-10-16","021254","202000054951","1.0640","1.0640","","",""
"2024-10-17","021254","202000054951","1.0521","1.0521","","",""
"2024-10-18","021254","202000054951","1.0889","1.0889","","",""
"2024-10-21","021254","202000054951","1.0913","1.0913","","",""
"2024-10-22","021254","202000054951","1.0974","1.0974","","",""
"2024-10-23","021254","202000054951","1.1011","1.1011","","",""
"2024-10-24","021254","202000054951","1.0897","1.0897","","",""
"2024-10-25","021254","202000054951","1.0974","1.0974","","",""
"2024-10-28","021254","202000054951","1.0976","1.0976","","",""
"2024-10-29","021254","202000054951","1.0893","1.0893","","",""
"2024-10-30","021254","202000054951","1.0794","1.0794","","",""
"2024-10-31","021254","202000054951","1.0790","1.0790","","",""
"2024-11-01","021254","202000054951","1.0793","1.0793","","",""
"2024-11-04","021254","202000054951","1.0930","1.0930","","",""
"2024-11-05","021254","202000054951","1.1164","1.1164","","",""
"2024-11-06","021254","202000054951","1.1095","1.1095","","",""
"2024-11-07","021254","202000054951","1.1400","1.1400","","",""
"2024-11-08","021254","202000054951","1.1294","1.1294","","",""
"2024-11-11","021254","202000054951","1.1380","1.1380","","",""
"2024-11-12","021254","202000054951","1.1277","1.1277","","",""
"2024-11-13","021254","202000054951","1.1353","1.1353","","",""
"2024-11-14","021254","202000054951","1.1172","1.1172","","",""
"2024-11-15","021254","202000054951","1.0991","1.0991","","",""
"2024-11-18","021254","202000054951","1.0946","1.0946","","",""
"2024-11-19","021254","202000054951","1.1001","1.1001","","",""
"2024-11-20","021254","202000054951","1.1040","1.1040","","",""
"2024-11-21","021254","202000054951","1.1042","1.1042","","",""
"2024-11-22","021254","202000054951","1.0729","1.0729","","",""
"2024-11-25","021254","202000054951","1.0685","1.0685","","",""
"2024-11-26","021254","202000054951","1.0676","1.0676","","",""
"2024-11-27","021254","202000054951","1.0834","1.0834","","",""
"2024-11-28","021254","202000054951","1.0746","1.0746","","",""
"2024-11-29","021254","202000054951","1.0867","1.0867","","",""
"2024-12-02","021254","202000054951","1.0941","1.0941","","",""
"2024-12-03","021254","202000054951","1.0951","1.0951","","",""
"2024-12-04","021254","202000054951","1.0901","1.0901","","",""
"2024-12-05","021254","202000054951","1.0872","1.0872","","",""
"2024-12-06","021254","202000054951","1.1009","1.1009","","",""
"2024-12-09","021254","202000054951","1.0997","1.0997","","",""
"2024-12-10","021254","202000054951","1.1070","1.1070","","",""
"2024-12-11","021254","202000054951","1.1048","1.1048","","",""
"2024-12-12","021254","202000054951","1.1149","1.1149","","",""
"2024-12-13","021254","202000054951","1.0906","1.0906","","",""
"2024-12-16","021254","202000054951","1.0867","1.0867","","",""
"2024-12-17","021254","202000054951","1.0904","1.0904","","",""
"2024-12-18","021254","202000054951","1.0964","1.0964","","",""
"2024-12-19","021254","202000054951","1.0967","1.0967","","",""
"2024-12-20","021254","202000054951","1.0918","1.0918","","",""
"2024-12-23","021254","202000054951","1.0948","1.0948","","",""
"2024-12-24","021254","202000054951","1.1087","1.1087","","",""
"2024-12-25","021254","202000054951","1.1100","1.1100","","",""
"2024-12-26","021254","202000054951","1.1101","1.1101","","",""
"2024-12-27","021254","202000054951","1.1081","1.1081","","",""
"2024-12-30","021254","202000054951","1.1117","1.1117","","",""
"2024-12-31","021254","202000054951","1.0975","1.0975","","",""
"2025-01-02","021254","202000054951","1.0685","1.0685","","",""
"2025-01-03","021254","202000054951","1.0575","1.0575","","",""
"2025-01-06","021254","202000054951","1.0550","1.0550","","",""
"2025-01-07","021254","202000054951","1.0603","1.0603","","",""
"2025-01-08","021254","202000054951","1.0599","1.0599","","",""
"2025-01-09","021254","202000054951","1.0573","1.0573","","",""
"2025-01-10","021254","202000054951","1.0464","1.0464","","",""
"2025-01-13","021254","202000054951","1.0430","1.0430","","",""
"2025-01-14","021254","202000054951","1.0676","1.0676","","",""
"2025-01-15","021254","202000054951","1.0644","1.0644","","",""
"2025-01-16","021254","202000054951","1.0654","1.0654","","",""
"2025-01-17","021254","202000054951","1.0680","1.0680","","",""
"2025-01-20","021254","202000054951","1.0727","1.0727","","",""
"2025-01-21","021254","202000054951","1.0727","1.0727","","",""
"2025-01-22","021254","202000054951","1.0635","1.0635","","",""
"2025-01-23","021254","202000054951","1.0665","1.0665","","",""
"2025-01-24","021254","202000054951","1.0742","1.0742","","",""
"2025-01-27","021254","202000054951","1.0719","1.0719","","",""
"2025-02-05","021254","202000054951","1.0662","1.0662","","",""
"2025-02-06","021254","202000054951","1.0787","1.0787","","",""
"2025-02-07","021254","202000054951","1.0918","1.0918","","",""
"2025-02-10","021254","202000054951","1.0934","1.0934","","",""
"2025-02-11","021254","202000054951","1.0890","1.0890","","",""
"2025-02-12","021254","202000054951","1.0997","1.0997","","",""
"2025-02-13","021254","202000054951","1.0970","1.0970","","",""
"2025-02-14","021254","202000054951","1.1075","1.1075","","",""
"2025-02-17","021254","202000054951","1.1097","1.1097","","",""
"2025-02-18","021254","202000054951","1.1029","1.1029","","",""
"2025-02-19","021254","202000054951","1.1097","1.1097","","",""
"2025-02-20","021254","202000054951","1.1071","1.1071","","",""
"2025-02-21","021254","202000054951","1.1197","1.1197","","",""
"2025-02-24","021254","202000054951","1.1162","1.1162","","",""
"2025-02-25","021254","202000054951","1.1042","1.1042","","",""
"2025-02-26","021254","202000054951","1.1129","1.1129","","",""
"2025-02-27","021254","202000054951","1.1171","1.1171","","",""
"2025-02-28","021254","202000054951","1.0984","1.0984","","",""
"2025-03-03","021254","202000054951","1.0982","1.0982","","",""
"2025-03-04","021254","202000054951","1.0957","1.0957","","",""
"2025-03-05","021254","202000054951","1.1003","1.1003","","",""
"2025-03-06","021254","202000054951","1.1138","1.1138","","",""
"2025-03-07","021254","202000054951","1.1112","1.1112","","",""
"2025-03-10","021254","202000054951","1.1058","1.1058","","",""
"2025-03-11","021254","202000054951","1.1090","1.1090","","",""
"2025-03-12","021254","202000054951","1.1052","1.1052","","",""
"2025-03-13","021254","202000054951","1.1016","1.1016","","",""
"2025-03-14","021254","202000054951","1.1278","1.1278","","",""
"2025-03-17","021254","202000054951","1.1249","1.1249","","",""
"2025-03-18","021254","202000054951","1.1276","1.1276","","",""
"2025-03-19","021254","202000054951","1.1297","1.1297","","",""
"2025-03-20","021254","202000054951","1.1194","1.1194","","",""
"2025-03-21","021254","202000054951","1.1034","1.1034","","",""
"2025-03-24","021254","202000054951","1.1088","1.1088","","",""
"2025-03-25","021254","202000054951","1.1092","1.1092","","",""
"2025-03-26","021254","202000054951","1.1049","1.1049","","",""
"2025-03-27","021254","202000054951","1.1097","1.1097","","",""
"2025-03-28","021254","202000054951","1.1046","1.1046","","",""
"2025-03-31","021254","202000054951","1.0984","1.0984","","",""
"2025-04-01","021254","202000054951","1.0981","1.0981","","",""
"2024-04-25","021255","202000054952","1.0000","1.0000","","",""
"2024-04-26","021255","202000054952","1.0000","1.0000","","",""
"2024-04-30","021255","202000054952","0.9998","0.9998","","",""
"2024-05-08","021255","202000054952","1.0254","1.0254","","",""
"2024-05-09","021255","202000054952","1.0012","1.0012","","",""
"2024-05-10","021255","202000054952","1.0018","1.0018","","",""
"2024-05-13","021255","202000054952","1.0012","1.0012","","",""
"2024-05-14","021255","202000054952","0.9983","0.9983","","",""
"2024-05-15","021255","202000054952","0.9925","0.9925","","",""
"2024-05-16","021255","202000054952","0.9964","0.9964","","",""
"2024-05-17","021255","202000054952","1.0049","1.0049","","",""
"2024-05-20","021255","202000054952","1.0070","1.0070","","",""
"2024-05-21","021255","202000054952","1.0041","1.0041","","",""
"2024-05-22","021255","202000054952","1.0061","1.0061","","",""
"2024-05-23","021255","202000054952","0.9964","0.9964","","",""
"2024-05-24","021255","202000054952","0.9863","0.9863","","",""
"2024-05-27","021255","202000054952","0.9945","0.9945","","",""
"2024-05-28","021255","202000054952","0.9880","0.9880","","",""
"2024-05-29","021255","202000054952","0.9897","0.9897","","",""
"2024-05-30","021255","202000054952","0.9842","0.9842","","",""
"2024-05-31","021255","202000054952","0.9799","0.9799","","",""
"2024-06-03","021255","202000054952","0.9839","0.9839","","",""
"2024-06-04","021255","202000054952","0.9912","0.9912","","",""
"2024-06-05","021255","202000054952","0.9859","0.9859","","",""
"2024-06-06","021255","202000054952","0.9865","0.9865","","",""
"2024-06-07","021255","202000054952","0.9811","0.9811","","",""
"2024-06-11","021255","202000054952","0.9722","0.9722","","",""
"2024-06-12","021255","202000054952","0.9721","0.9721","","",""
"2024-06-13","021255","202000054952","0.9679","0.9679","","",""
"2024-06-14","021255","202000054952","0.9722","0.9722","","",""
"2024-06-17","021255","202000054952","0.9703","0.9703","","",""
"2024-06-18","021255","202000054952","0.9727","0.9727","","",""
"2024-06-19","021255","202000054952","0.9702","0.9702","","",""
"2024-06-20","021255","202000054952","0.9647","0.9647","","",""
"2024-06-21","021255","202000054952","0.9617","0.9617","","",""
"2024-06-24","021255","202000054952","0.9587","0.9587","","",""
"2024-06-25","021255","202000054952","0.9543","0.9543","","",""
"2024-06-26","021255","202000054952","0.9600","0.9600","","",""
"2024-06-27","021255","202000054952","0.9541","0.9541","","",""
"2024-06-28","021255","202000054952","0.9561","0.9561","","",""
"2024-06-30","021255","202000054952","0.9560","0.9560","","",""
"2024-07-01","021255","202000054952","0.9589","0.9589","","",""
"2024-07-02","021255","202000054952","0.9582","0.9582","","",""
"2024-07-03","021255","202000054952","0.9565","0.9565","","",""
"2024-07-04","021255","202000054952","0.9527","0.9527","","",""
"2024-07-05","021255","202000054952","0.9486","0.9486","","",""
"2024-07-08","021255","202000054952","0.9419","0.9419","","",""
"2024-07-09","021255","202000054952","0.9521","0.9521","","",""
"2024-07-10","021255","202000054952","0.9506","0.9506","","",""
"2024-07-11","021255","202000054952","0.9621","0.9621","","",""
"2024-07-12","021255","202000054952","0.9658","0.9658","","",""
"2024-07-15","021255","202000054952","0.9659","0.9659","","",""
"2024-07-16","021255","202000054952","0.9723","0.9723","","",""
"2024-07-17","021255","202000054952","0.9735","0.9735","","",""
"2024-07-18","021255","202000054952","0.9788","0.9788","","",""
"2024-07-19","021255","202000054952","0.9836","0.9836","","",""
"2024-07-22","021255","202000054952","0.9775","0.9775","","",""
"2024-07-23","021255","202000054952","0.9593","0.9593","","",""
"2024-07-24","021255","202000054952","0.9538","0.9538","","",""
"2024-07-25","021255","202000054952","0.9496","0.9496","","",""
"2024-07-26","021255","202000054952","0.9520","0.9520","","",""
"2024-07-29","021255","202000054952","0.9467","0.9467","","",""
"2024-07-30","021255","202000054952","0.9408","0.9408","","",""
"2024-07-31","021255","202000054952","0.9587","0.9587","","",""
"2024-08-01","021255","202000054952","0.9520","0.9520","","",""
"2024-08-02","021255","202000054952","0.9433","0.9433","","",""
"2024-08-05","021255","202000054952","0.9330","0.9330","","",""
"2024-08-06","021255","202000054952","0.9326","0.9326","","",""
"2024-08-07","021255","202000054952","0.9325","0.9325","","",""
"2024-08-08","021255","202000054952","0.9332","0.9332","","",""
"2024-08-09","021255","202000054952","0.9311","0.9311","","",""
"2024-08-12","021255","202000054952","0.9294","0.9294","","",""
"2024-08-13","021255","202000054952","0.9310","0.9310","","",""
"2024-08-14","021255","202000054952","0.9247","0.9247","","",""
"2024-08-15","021255","202000054952","0.9338","0.9338","","",""
"2024-08-16","021255","202000054952","0.9362","0.9362","","",""
"2024-08-19","021255","202000054952","0.9387","0.9387","","",""
"2024-08-20","021255","202000054952","0.9335","0.9335","","",""
"2024-08-21","021255","202000054952","0.9307","0.9307","","",""
"2024-08-22","021255","202000054952","0.9292","0.9292","","",""
"2024-08-23","021255","202000054952","0.9332","0.9332","","",""
"2024-08-26","021255","202000054952","0.9325","0.9325","","",""
"2024-08-27","021255","202000054952","0.9285","0.9285","","",""
"2024-08-28","021255","202000054952","0.9233","0.9233","","",""
"2024-08-29","021255","202000054952","0.9207","0.9207","","",""
"2024-08-30","021255","202000054952","0.9312","0.9312","","",""
"2024-09-02","021255","202000054952","0.9164","0.9164","","",""
"2024-09-03","021255","202000054952","0.9188","0.9188","","",""
"2024-09-04","021255","202000054952","0.9134","0.9134","","",""
"2024-09-05","021255","202000054952","0.9145","0.9145","","",""
"2024-09-06","021255","202000054952","0.9072","0.9072","","",""
"2024-09-09","021255","202000054952","0.8971","0.8971","","",""
"2024-09-10","021255","202000054952","0.8979","0.8979","","",""
"2024-09-11","021255","202000054952","0.8961","0.8961","","",""
"2024-09-12","021255","202000054952","0.8924","0.8924","","",""
"2024-09-13","021255","202000054952","0.8886","0.8886","","",""
"2024-09-18","021255","202000054952","0.8918","0.8918","","",""
"2024-09-19","021255","202000054952","0.8973","0.8973","","",""
"2024-09-20","021255","202000054952","0.8988","0.8988","","",""
"2024-09-23","021255","202000054952","0.9020","0.9020","","",""
"2024-09-24","021255","202000054952","0.9382","0.9382","","",""
"2024-09-25","021255","202000054952","0.9512","0.9512","","",""
"2024-09-26","021255","202000054952","0.9889","0.9889","","",""
"2024-09-27","021255","202000054952","1.0295","1.0295","","",""
"2024-09-30","021255","202000054952","1.1086","1.1086","","",""
"2024-10-08","021255","202000054952","1.1687","1.1687","","",""
"2024-10-09","021255","202000054952","1.0939","1.0939","","",""
"2024-10-10","021255","202000054952","1.1083","1.1083","","",""
"2024-10-11","021255","202000054952","1.0793","1.0793","","",""
"2024-10-14","021255","202000054952","1.0986","1.0986","","",""
"2024-10-15","021255","202000054952","1.0709","1.0709","","",""
"2024-10-16","021255","202000054952","1.0631","1.0631","","",""
"2024-10-17","021255","202000054952","1.0511","1.0511","","",""
"2024-10-18","021255","202000054952","1.0879","1.0879","","",""
"2024-10-21","021255","202000054952","1.0902","1.0902","","",""
"2024-10-22","021255","202000054952","1.0964","1.0964","","",""
"2024-10-23","021255","202000054952","1.1001","1.1001","","",""
"2024-10-24","021255","202000054952","1.0887","1.0887","","",""
"2024-10-25","021255","202000054952","1.0963","1.0963","","",""
"2024-10-28","021255","202000054952","1.0965","1.0965","","",""
"2024-10-29","021255","202000054952","1.0882","1.0882","","",""
"2024-10-30","021255","202000054952","1.0784","1.0784","","",""
"2024-10-31","021255","202000054952","1.0779","1.0779","","",""
"2024-11-01","021255","202000054952","1.0782","1.0782","","",""
"2024-11-04","021255","202000054952","1.0919","1.0919","","",""
"2024-11-05","021255","202000054952","1.1153","1.1153","","",""
"2024-11-06","021255","202000054952","1.1084","1.1084","","",""
"2024-11-07","021255","202000054952","1.1388","1.1388","","",""
"2024-11-08","021255","202000054952","1.1282","1.1282","","",""
"2024-11-11","021255","202000054952","1.1368","1.1368","","",""
"2024-11-12","021255","202000054952","1.1265","1.1265","","",""
"2024-11-13","021255","202000054952","1.1341","1.1341","","",""
"2024-11-14","021255","202000054952","1.1160","1.1160","","",""
"2024-11-15","021255","202000054952","1.0979","1.0979","","",""
"2024-11-18","021255","202000054952","1.0934","1.0934","","",""
"2024-11-19","021255","202000054952","1.0989","1.0989","","",""
"2024-11-20","021255","202000054952","1.1028","1.1028","","",""
"2024-11-21","021255","202000054952","1.1029","1.1029","","",""
"2024-11-22","021255","202000054952","1.0717","1.0717","","",""
"2024-11-25","021255","202000054952","1.0673","1.0673","","",""
"2024-11-26","021255","202000054952","1.0663","1.0663","","",""
"2024-11-27","021255","202000054952","1.0822","1.0822","","",""
"2024-11-28","021255","202000054952","1.0733","1.0733","","",""
"2024-11-29","021255","202000054952","1.0855","1.0855","","",""
"2024-12-02","021255","202000054952","1.0928","1.0928","","",""
"2024-12-03","021255","202000054952","1.0938","1.0938","","",""
"2024-12-04","021255","202000054952","1.0889","1.0889","","",""
"2024-12-05","021255","202000054952","1.0859","1.0859","","",""
"2024-12-06","021255","202000054952","1.0996","1.0996","","",""
"2024-12-09","021255","202000054952","1.0984","1.0984","","",""
"2024-12-10","021255","202000054952","1.1057","1.1057","","",""
"2024-12-11","021255","202000054952","1.1035","1.1035","","",""
"2024-12-12","021255","202000054952","1.1135","1.1135","","",""
"2024-12-13","021255","202000054952","1.0892","1.0892","","",""
"2024-12-16","021255","202000054952","1.0854","1.0854","","",""
"2024-12-17","021255","202000054952","1.0890","1.0890","","",""
"2024-12-18","021255","202000054952","1.0951","1.0951","","",""
"2024-12-19","021255","202000054952","1.0953","1.0953","","",""
"2024-12-20","021255","202000054952","1.0904","1.0904","","",""
"2024-12-23","021255","202000054952","1.0934","1.0934","","",""
"2024-12-24","021255","202000054952","1.1073","1.1073","","",""
"2024-12-25","021255","202000054952","1.1086","1.1086","","",""
"2024-12-26","021255","202000054952","1.1087","1.1087","","",""
"2024-12-27","021255","202000054952","1.1066","1.1066","","",""
"2024-12-30","021255","202000054952","1.1103","1.1103","","",""
"2024-12-31","021255","202000054952","1.0961","1.0961","","",""
"2025-01-02","021255","202000054952","1.0670","1.0670","","",""
"2025-01-03","021255","202000054952","1.0561","1.0561","","",""
"2025-01-06","021255","202000054952","1.0536","1.0536","","",""
"2025-01-07","021255","202000054952","1.0589","1.0589","","",""
"2025-01-08","021255","202000054952","1.0585","1.0585","","",""
"2025-01-09","021255","202000054952","1.0559","1.0559","","",""
"2025-01-10","021255","202000054952","1.0450","1.0450","","",""
"2025-01-13","021255","202000054952","1.0415","1.0415","","",""
"2025-01-14","021255","202000054952","1.0661","1.0661","","",""
"2025-01-15","021255","202000054952","1.0629","1.0629","","",""
"2025-01-16","021255","202000054952","1.0639","1.0639","","",""
"2025-01-17","021255","202000054952","1.0665","1.0665","","",""
"2025-01-20","021255","202000054952","1.0712","1.0712","","",""
"2025-01-21","021255","202000054952","1.0712","1.0712","","",""
"2025-01-22","021255","202000054952","1.0620","1.0620","","",""
"2025-01-23","021255","202000054952","1.0650","1.0650","","",""
"2025-01-24","021255","202000054952","1.0726","1.0726","","",""
"2025-01-27","021255","202000054952","1.0704","1.0704","","",""
"2025-02-05","021255","202000054952","1.0646","1.0646","","",""
"2025-02-06","021255","202000054952","1.0770","1.0770","","",""
"2025-02-07","021255","202000054952","1.0902","1.0902","","",""
"2025-02-10","021255","202000054952","1.0917","1.0917","","",""
"2025-02-11","021255","202000054952","1.0873","1.0873","","",""
"2025-02-12","021255","202000054952","1.0980","1.0980","","",""
"2025-02-13","021255","202000054952","1.0953","1.0953","","",""
"2025-02-14","021255","202000054952","1.1058","1.1058","","",""
"2025-02-17","021255","202000054952","1.1079","1.1079","","",""
"2025-02-18","021255","202000054952","1.1012","1.1012","","",""
"2025-02-19","021255","202000054952","1.1079","1.1079","","",""
"2025-02-20","021255","202000054952","1.1053","1.1053","","",""
"2025-02-21","021255","202000054952","1.1180","1.1180","","",""
"2025-02-24","021255","202000054952","1.1143","1.1143","","",""
"2025-02-25","021255","202000054952","1.1024","1.1024","","",""
"2025-02-26","021255","202000054952","1.1111","1.1111","","",""
"2025-02-27","021255","202000054952","1.1153","1.1153","","",""
"2025-02-28","021255","202000054952","1.0966","1.0966","","",""
"2025-03-03","021255","202000054952","1.0964","1.0964","","",""
"2025-03-04","021255","202000054952","1.0939","1.0939","","",""
"2025-03-05","021255","202000054952","1.0984","1.0984","","",""
"2025-03-06","021255","202000054952","1.1120","1.1120","","",""
"2025-03-07","021255","202000054952","1.1094","1.1094","","",""
"2025-03-10","021255","202000054952","1.1039","1.1039","","",""
"2025-03-11","021255","202000054952","1.1071","1.1071","","",""
"2025-03-12","021255","202000054952","1.1033","1.1033","","",""
"2025-03-13","021255","202000054952","1.0997","1.0997","","",""
"2025-03-14","021255","202000054952","1.1258","1.1258","","",""
"2025-03-17","021255","202000054952","1.1230","1.1230","","",""
"2025-03-18","021255","202000054952","1.1256","1.1256","","",""
"2025-03-19","021255","202000054952","1.1277","1.1277","","",""
"2025-03-20","021255","202000054952","1.1174","1.1174","","",""
"2025-03-21","021255","202000054952","1.1015","1.1015","","",""
"2025-03-24","021255","202000054952","1.1069","1.1069","","",""
"2025-03-25","021255","202000054952","1.1072","1.1072","","",""
"2025-03-26","021255","202000054952","1.1029","1.1029","","",""
"2025-03-27","021255","202000054952","1.1077","1.1077","","",""
"2025-03-28","021255","202000054952","1.1027","1.1027","","",""
"2025-03-31","021255","202000054952","1.0964","1.0964","","",""
"2025-04-01","021255","202000054952","1.0961","1.0961","","",""
"2024-06-18","021476","202000056931","1.0000","1.0000","","",""
"2024-06-19","021476","202000056931","1.0000","1.0000","","",""
"2024-06-21","021476","202000056931","0.9985","0.9985","","",""
"2024-06-28","021476","202000056931","0.9957","0.9957","","",""
"2024-06-30","021476","202000056931","0.9955","0.9955","","",""
"2024-07-03","021476","202000056931","0.9952","0.9952","","",""
"2024-07-04","021476","202000056931","0.9948","0.9948","","",""
"2024-07-05","021476","202000056931","0.9935","0.9935","","",""
"2024-07-08","021476","202000056931","0.9928","0.9928","","",""
"2024-07-09","021476","202000056931","0.9980","0.9980","","",""
"2024-07-10","021476","202000056931","0.9978","0.9978","","",""
"2024-07-11","021476","202000056931","1.0003","1.0003","","",""
"2024-07-12","021476","202000056931","1.0001","1.0001","","",""
"2024-07-15","021476","202000056931","0.9994","0.9994","","",""
"2024-07-16","021476","202000056931","1.0010","1.0010","","",""
"2024-07-17","021476","202000056931","0.9983","0.9983","","",""
"2024-07-18","021476","202000056931","1.0008","1.0008","","",""
"2024-07-19","021476","202000056931","1.0021","1.0021","","",""
"2024-07-22","021476","202000056931","1.0013","1.0013","","",""
"2024-07-23","021476","202000056931","0.9954","0.9954","","",""
"2024-07-24","021476","202000056931","0.9937","0.9937","","",""
"2024-07-25","021476","202000056931","0.9892","0.9892","","",""
"2024-07-26","021476","202000056931","0.9895","0.9895","","",""
"2024-07-29","021476","202000056931","0.9903","0.9903","","",""
"2024-07-30","021476","202000056931","0.9868","0.9868","","",""
"2024-07-31","021476","202000056931","0.9921","0.9921","","",""
"2024-08-01","021476","202000056931","0.9893","0.9893","","",""
"2024-08-02","021476","202000056931","0.9798","0.9798","","",""
"2024-08-05","021476","202000056931","0.9724","0.9724","","",""
"2024-08-06","021476","202000056931","0.9774","0.9774","","",""
"2024-08-07","021476","202000056931","0.9769","0.9769","","",""
"2024-08-08","021476","202000056931","0.9746","0.9746","","",""
"2024-08-09","021476","202000056931","0.9747","0.9747","","",""
"2024-08-12","021476","202000056931","0.9735","0.9735","","",""
"2024-08-13","021476","202000056931","0.9755","0.9755","","",""
"2024-08-14","021476","202000056931","0.9732","0.9732","","",""
"2024-08-15","021476","202000056931","0.9762","0.9762","","",""
"2024-08-16","021476","202000056931","0.9791","0.9791","","",""
"2024-08-19","021476","202000056931","0.9789","0.9789","","",""
"2024-08-20","021476","202000056931","0.9771","0.9771","","",""
"2024-08-21","021476","202000056931","0.9773","0.9773","","",""
"2024-08-22","021476","202000056931","0.9758","0.9758","","",""
"2024-08-23","021476","202000056931","0.9752","0.9752","","",""
"2024-08-26","021476","202000056931","0.9737","0.9737","","",""
"2024-08-27","021476","202000056931","0.9725","0.9725","","",""
"2024-08-28","021476","202000056931","0.9698","0.9698","","",""
"2024-08-29","021476","202000056931","0.9683","0.9683","","",""
"2024-08-30","021476","202000056931","0.9754","0.9754","","",""
"2024-09-02","021476","202000056931","0.9638","0.9638","","",""
"2024-09-03","021476","202000056931","0.9668","0.9668","","",""
"2024-09-04","021476","202000056931","0.9632","0.9632","","",""
"2024-09-05","021476","202000056931","0.9645","0.9645","","",""
"2024-09-06","021476","202000056931","0.9586","0.9586","","",""
"2024-09-09","021476","202000056931","0.9557","0.9557","","",""
"2024-09-10","021476","202000056931","0.9586","0.9586","","",""
"2024-09-11","021476","202000056931","0.9605","0.9605","","",""
"2024-09-12","021476","202000056931","0.9595","0.9595","","",""
"2024-09-13","021476","202000056931","0.9597","0.9597","","",""
"2024-09-18","021476","202000056931","0.9589","0.9589","","",""
"2024-09-19","021476","202000056931","0.9610","0.9610","","",""
"2024-09-20","021476","202000056931","0.9589","0.9589","","",""
"2024-09-23","021476","202000056931","0.9558","0.9558","","",""
"2024-09-24","021476","202000056931","0.9776","0.9776","","",""
"2024-09-25","021476","202000056931","0.9825","0.9825","","",""
"2024-09-26","021476","202000056931","1.0040","1.0040","","",""
"2024-09-27","021476","202000056931","1.0355","1.0355","","",""
"2024-09-30","021476","202000056931","1.1048","1.1048","","",""
"2024-10-08","021476","202000056931","1.1761","1.1761","","",""
"2024-10-09","021476","202000056931","1.1060","1.1060","","",""
"2024-10-10","021476","202000056931","1.1202","1.1202","","",""
"2024-10-11","021476","202000056931","1.0976","1.0976","","",""
"2024-10-14","021476","202000056931","1.1046","1.1046","","",""
"2024-10-15","021476","202000056931","1.0771","1.0771","","",""
"2024-10-16","021476","202000056931","1.0618","1.0618","","",""
"2024-10-17","021476","202000056931","1.0543","1.0543","","",""
"2024-10-18","021476","202000056931","1.0999","1.0999","","",""
"2024-10-21","021476","202000056931","1.0971","1.0971","","",""
"2024-10-22","021476","202000056931","1.1038","1.1038","","",""
"2024-10-23","021476","202000056931","1.1064","1.1064","","",""
"2024-10-24","021476","202000056931","1.0949","1.0949","","",""
"2024-10-25","021476","202000056931","1.1021","1.1021","","",""
"2024-10-28","021476","202000056931","1.0973","1.0973","","",""
"2024-10-29","021476","202000056931","1.0910","1.0910","","",""
"2024-10-30","021476","202000056931","1.0818","1.0818","","",""
"2024-10-31","021476","202000056931","1.0763","1.0763","","",""
"2024-11-01","021476","202000056931","1.0724","1.0724","","",""
"2024-11-04","021476","202000056931","1.0828","1.0828","","",""
"2024-11-05","021476","202000056931","1.1056","1.1056","","",""
"2024-11-06","021476","202000056931","1.0902","1.0902","","",""
"2024-11-07","021476","202000056931","1.1140","1.1140","","",""
"2024-11-08","021476","202000056931","1.1074","1.1074","","",""
"2024-11-11","021476","202000056931","1.1105","1.1105","","",""
"2024-11-12","021476","202000056931","1.0951","1.0951","","",""
"2024-11-13","021476","202000056931","1.1059","1.1059","","",""
"2024-11-14","021476","202000056931","1.0847","1.0847","","",""
"2024-11-15","021476","202000056931","1.0670","1.0670","","",""
"2024-11-18","021476","202000056931","1.0565","1.0565","","",""
"2024-11-19","021476","202000056931","1.0663","1.0663","","",""
"2024-11-20","021476","202000056931","1.0696","1.0696","","",""
"2024-11-21","021476","202000056931","1.0612","1.0612","","",""
"2024-11-22","021476","202000056931","1.0340","1.0340","","",""
"2024-11-25","021476","202000056931","1.0267","1.0267","","",""
"2024-11-26","021476","202000056931","1.0246","1.0246","","",""
"2024-11-27","021476","202000056931","1.0430","1.0430","","",""
"2024-11-28","021476","202000056931","1.0306","1.0306","","",""
"2024-11-29","021476","202000056931","1.0391","1.0391","","",""
"2024-12-02","021476","202000056931","1.0512","1.0512","","",""
"2024-12-03","021476","202000056931","1.0510","1.0510","","",""
"2024-12-04","021476","202000056931","1.0440","1.0440","","",""
"2024-12-05","021476","202000056931","1.0424","1.0424","","",""
"2024-12-06","021476","202000056931","1.0544","1.0544","","",""
"2024-12-09","021476","202000056931","1.0580","1.0580","","",""
"2024-12-10","021476","202000056931","1.0597","1.0597","","",""
"2024-12-11","021476","202000056931","1.0584","1.0584","","",""
"2024-12-12","021476","202000056931","1.0697","1.0697","","",""
"2024-12-13","021476","202000056931","1.0486","1.0486","","",""
"2024-12-16","021476","202000056931","1.0388","1.0388","","",""
"2024-12-17","021476","202000056931","1.0388","1.0388","","",""
"2024-12-18","021476","202000056931","1.0445","1.0445","","",""
"2024-12-19","021476","202000056931","1.0492","1.0492","","",""
"2024-12-20","021476","202000056931","1.0488","1.0488","","",""
"2024-12-23","021476","202000056931","1.0465","1.0465","","",""
"2024-12-24","021476","202000056931","1.0594","1.0594","","",""
"2024-12-25","021476","202000056931","1.0596","1.0596","","",""
"2024-12-26","021476","202000056931","1.0655","1.0655","","",""
"2024-12-27","021476","202000056931","1.0628","1.0628","","",""
"2024-12-30","021476","202000056931","1.0631","1.0631","","",""
"2024-12-31","021476","202000056931","1.0471","1.0471","","",""
"2025-01-02","021476","202000056931","1.0258","1.0258","","",""
"2025-01-03","021476","202000056931","1.0214","1.0214","","",""
"2025-01-06","021476","202000056931","1.0173","1.0173","","",""
"2025-01-07","021476","202000056931","1.0223","1.0223","","",""
"2025-01-08","021476","202000056931","1.0195","1.0195","","",""
"2025-01-09","021476","202000056931","1.0201","1.0201","","",""
"2025-01-10","021476","202000056931","1.0049","1.0049","","",""
"2025-01-13","021476","202000056931","0.9971","0.9971","","",""
"2025-01-14","021476","202000056931","1.0233","1.0233","","",""
"2025-01-15","021476","202000056931","1.0180","1.0180","","",""
"2025-01-16","021476","202000056931","1.0281","1.0281","","",""
"2025-01-17","021476","202000056931","1.0390","1.0390","","",""
"2025-01-20","021476","202000056931","1.0530","1.0530","","",""
"2025-01-21","021476","202000056931","1.0611","1.0611","","",""
"2025-01-22","021476","202000056931","1.0564","1.0564","","",""
"2025-01-23","021476","202000056931","1.0486","1.0486","","",""
"2025-01-24","021476","202000056931","1.0655","1.0655","","",""
"2025-01-27","021476","202000056931","1.0531","1.0531","","",""
"2025-02-05","021476","202000056931","1.0580","1.0580","","",""
"2025-02-06","021476","202000056931","1.0836","1.0836","","",""
"2025-02-07","021476","202000056931","1.1015","1.1015","","",""
"2025-02-10","021476","202000056931","1.1136","1.1136","","",""
"2025-02-11","021476","202000056931","1.1019","1.1019","","",""
"2025-02-12","021476","202000056931","1.1251","1.1251","","",""
"2025-02-13","021476","202000056931","1.1083","1.1083","","",""
"2025-02-14","021476","202000056931","1.1343","1.1343","","",""
"2025-02-17","021476","202000056931","1.1399","1.1399","","",""
"2025-02-18","021476","202000056931","1.1423","1.1423","","",""
"2025-02-19","021476","202000056931","1.1536","1.1536","","",""
"2025-02-20","021476","202000056931","1.1417","1.1417","","",""
"2025-02-21","021476","202000056931","1.1794","1.1794","","",""
"2025-02-24","021476","202000056931","1.1698","1.1698","","",""
"2025-02-25","021476","202000056931","1.1562","1.1562","","",""
"2025-02-26","021476","202000056931","1.1808","1.1808","","",""
"2025-02-27","021476","202000056931","1.1723","1.1723","","",""
"2025-02-28","021476","202000056931","1.1304","1.1304","","",""
"2025-03-03","021476","202000056931","1.1258","1.1258","","",""
"2025-03-04","021476","202000056931","1.1261","1.1261","","",""
"2025-03-05","021476","202000056931","1.1466","1.1466","","",""
"2025-03-06","021476","202000056931","1.1795","1.1795","","",""
"2025-03-07","021476","202000056931","1.1693","1.1693","","",""
"2025-03-10","021476","202000056931","1.1521","1.1521","","",""
"2025-03-11","021476","202000056931","1.1551","1.1551","","",""
"2025-03-12","021476","202000056931","1.1468","1.1468","","",""
"2025-03-13","021476","202000056931","1.1349","1.1349","","",""
"2025-03-14","021476","202000056931","1.1642","1.1642","","",""
"2025-03-17","021476","202000056931","1.1670","1.1670","","",""
"2025-03-18","021476","202000056931","1.1859","1.1859","","",""
"2025-03-19","021476","202000056931","1.1810","1.1810","","",""
"2025-03-20","021476","202000056931","1.1597","1.1597","","",""
"2025-03-21","021476","202000056931","1.1364","1.1364","","",""
"2025-03-24","021476","202000056931","1.1480","1.1480","","",""
"2025-03-25","021476","202000056931","1.1257","1.1257","","",""
"2025-03-26","021476","202000056931","1.1295","1.1295","","",""
"2025-03-27","021476","202000056931","1.1363","1.1363","","",""
"2025-03-28","021476","202000056931","1.1254","1.1254","","",""
"2025-03-31","021476","202000056931","1.1070","1.1070","","",""
"2025-04-01","021476","202000056931","1.1060","1.1060","","",""
"2024-06-18","021477","202000056932","1.0000","1.0000","","",""
"2024-06-19","021477","202000056932","1.0000","1.0000","","",""
"2024-06-21","021477","202000056932","0.9984","0.9984","","",""
"2024-06-28","021477","202000056932","0.9955","0.9955","","",""
"2024-06-30","021477","202000056932","0.9953","0.9953","","",""
"2024-07-03","021477","202000056932","0.9949","0.9949","","",""
"2024-07-04","021477","202000056932","0.9945","0.9945","","",""
"2024-07-05","021477","202000056932","0.9932","0.9932","","",""
"2024-07-08","021477","202000056932","0.9925","0.9925","","",""
"2024-07-09","021477","202000056932","0.9977","0.9977","","",""
"2024-07-10","021477","202000056932","0.9975","0.9975","","",""
"2024-07-11","021477","202000056932","1.0000","1.0000","","",""
"2024-07-12","021477","202000056932","0.9997","0.9997","","",""
"2024-07-15","021477","202000056932","0.9989","0.9989","","",""
"2024-07-16","021477","202000056932","1.0005","1.0005","","",""
"2024-07-17","021477","202000056932","0.9978","0.9978","","",""
"2024-07-18","021477","202000056932","1.0003","1.0003","","",""
"2024-07-19","021477","202000056932","1.0016","1.0016","","",""
"2024-07-22","021477","202000056932","1.0008","1.0008","","",""
"2024-07-23","021477","202000056932","0.9949","0.9949","","",""
"2024-07-24","021477","202000056932","0.9931","0.9931","","",""
"2024-07-25","021477","202000056932","0.9886","0.9886","","",""
"2024-07-26","021477","202000056932","0.9889","0.9889","","",""
"2024-07-29","021477","202000056932","0.9897","0.9897","","",""
"2024-07-30","021477","202000056932","0.9862","0.9862","","",""
"2024-07-31","021477","202000056932","0.9914","0.9914","","",""
"2024-08-01","021477","202000056932","0.9886","0.9886","","",""
"2024-08-02","021477","202000056932","0.9791","0.9791","","",""
"2024-08-05","021477","202000056932","0.9716","0.9716","","",""
"2024-08-06","021477","202000056932","0.9766","0.9766","","",""
"2024-08-07","021477","202000056932","0.9761","0.9761","","",""
"2024-08-08","021477","202000056932","0.9738","0.9738","","",""
"2024-08-09","021477","202000056932","0.9739","0.9739","","",""
"2024-08-12","021477","202000056932","0.9726","0.9726","","",""
"2024-08-13","021477","202000056932","0.9746","0.9746","","",""
"2024-08-14","021477","202000056932","0.9723","0.9723","","",""
"2024-08-15","021477","202000056932","0.9752","0.9752","","",""
"2024-08-16","021477","202000056932","0.9781","0.9781","","",""
"2024-08-19","021477","202000056932","0.9779","0.9779","","",""
"2024-08-20","021477","202000056932","0.9761","0.9761","","",""
"2024-08-21","021477","202000056932","0.9763","0.9763","","",""
"2024-08-22","021477","202000056932","0.9748","0.9748","","",""
"2024-08-23","021477","202000056932","0.9742","0.9742","","",""
"2024-08-26","021477","202000056932","0.9726","0.9726","","",""
"2024-08-27","021477","202000056932","0.9713","0.9713","","",""
"2024-08-28","021477","202000056932","0.9687","0.9687","","",""
"2024-08-29","021477","202000056932","0.9672","0.9672","","",""
"2024-08-30","021477","202000056932","0.9742","0.9742","","",""
"2024-09-02","021477","202000056932","0.9626","0.9626","","",""
"2024-09-03","021477","202000056932","0.9656","0.9656","","",""
"2024-09-04","021477","202000056932","0.9620","0.9620","","",""
"2024-09-05","021477","202000056932","0.9632","0.9632","","",""
"2024-09-06","021477","202000056932","0.9573","0.9573","","",""
"2024-09-09","021477","202000056932","0.9544","0.9544","","",""
"2024-09-10","021477","202000056932","0.9573","0.9573","","",""
"2024-09-11","021477","202000056932","0.9592","0.9592","","",""
"2024-09-12","021477","202000056932","0.9581","0.9581","","",""
"2024-09-13","021477","202000056932","0.9583","0.9583","","",""
"2024-09-18","021477","202000056932","0.9575","0.9575","","",""
"2024-09-19","021477","202000056932","0.9596","0.9596","","",""
"2024-09-20","021477","202000056932","0.9574","0.9574","","",""
"2024-09-23","021477","202000056932","0.9543","0.9543","","",""
"2024-09-24","021477","202000056932","0.9761","0.9761","","",""
"2024-09-25","021477","202000056932","0.9809","0.9809","","",""
"2024-09-26","021477","202000056932","1.0024","1.0024","","",""
"2024-09-27","021477","202000056932","1.0338","1.0338","","",""
"2024-09-30","021477","202000056932","1.1029","1.1029","","",""
"2024-10-08","021477","202000056932","1.1740","1.1740","","",""
"2024-10-09","021477","202000056932","1.1039","1.1039","","",""
"2024-10-10","021477","202000056932","1.1181","1.1181","","",""
"2024-10-11","021477","202000056932","1.0955","1.0955","","",""
"2024-10-14","021477","202000056932","1.1025","1.1025","","",""
"2024-10-15","021477","202000056932","1.0750","1.0750","","",""
"2024-10-16","021477","202000056932","1.0597","1.0597","","",""
"2024-10-17","021477","202000056932","1.0522","1.0522","","",""
"2024-10-18","021477","202000056932","1.0977","1.0977","","",""
"2024-10-21","021477","202000056932","1.0949","1.0949","","",""
"2024-10-22","021477","202000056932","1.1015","1.1015","","",""
"2024-10-23","021477","202000056932","1.1041","1.1041","","",""
"2024-10-24","021477","202000056932","1.0926","1.0926","","",""
"2024-10-25","021477","202000056932","1.0998","1.0998","","",""
"2024-10-28","021477","202000056932","1.0949","1.0949","","",""
"2024-10-29","021477","202000056932","1.0886","1.0886","","",""
"2024-10-30","021477","202000056932","1.0795","1.0795","","",""
"2024-10-31","021477","202000056932","1.0740","1.0740","","",""
"2024-11-01","021477","202000056932","1.0700","1.0700","","",""
"2024-11-04","021477","202000056932","1.0804","1.0804","","",""
"2024-11-05","021477","202000056932","1.1030","1.1030","","",""
"2024-11-06","021477","202000056932","1.0877","1.0877","","",""
"2024-11-07","021477","202000056932","1.1114","1.1114","","",""
"2024-11-08","021477","202000056932","1.1048","1.1048","","",""
"2024-11-11","021477","202000056932","1.1079","1.1079","","",""
"2024-11-12","021477","202000056932","1.0925","1.0925","","",""
"2024-11-13","021477","202000056932","1.1032","1.1032","","",""
"2024-11-14","021477","202000056932","1.0821","1.0821","","",""
"2024-11-15","021477","202000056932","1.0644","1.0644","","",""
"2024-11-18","021477","202000056932","1.0538","1.0538","","",""
"2024-11-19","021477","202000056932","1.0636","1.0636","","",""
"2024-11-20","021477","202000056932","1.0669","1.0669","","",""
"2024-11-21","021477","202000056932","1.0585","1.0585","","",""
"2024-11-22","021477","202000056932","1.0313","1.0313","","",""
"2024-11-25","021477","202000056932","1.0240","1.0240","","",""
"2024-11-26","021477","202000056932","1.0219","1.0219","","",""
"2024-11-27","021477","202000056932","1.0403","1.0403","","",""
"2024-11-28","021477","202000056932","1.0278","1.0278","","",""
"2024-11-29","021477","202000056932","1.0363","1.0363","","",""
"2024-12-02","021477","202000056932","1.0484","1.0484","","",""
"2024-12-03","021477","202000056932","1.0481","1.0481","","",""
"2024-12-04","021477","202000056932","1.0411","1.0411","","",""
"2024-12-05","021477","202000056932","1.0395","1.0395","","",""
"2024-12-06","021477","202000056932","1.0514","1.0514","","",""
"2024-12-09","021477","202000056932","1.0550","1.0550","","",""
"2024-12-10","021477","202000056932","1.0567","1.0567","","",""
"2024-12-11","021477","202000056932","1.0553","1.0553","","",""
"2024-12-12","021477","202000056932","1.0666","1.0666","","",""
"2024-12-13","021477","202000056932","1.0456","1.0456","","",""
"2024-12-16","021477","202000056932","1.0358","1.0358","","",""
"2024-12-17","021477","202000056932","1.0357","1.0357","","",""
"2024-12-18","021477","202000056932","1.0414","1.0414","","",""
"2024-12-19","021477","202000056932","1.0460","1.0460","","",""
"2024-12-20","021477","202000056932","1.0456","1.0456","","",""
"2024-12-23","021477","202000056932","1.0432","1.0432","","",""
"2024-12-24","021477","202000056932","1.0561","1.0561","","",""
"2024-12-25","021477","202000056932","1.0563","1.0563","","",""
"2024-12-26","021477","202000056932","1.0622","1.0622","","",""
"2024-12-27","021477","202000056932","1.0595","1.0595","","",""
"2024-12-30","021477","202000056932","1.0597","1.0597","","",""
"2024-12-31","021477","202000056932","1.0438","1.0438","","",""
"2025-01-02","021477","202000056932","1.0225","1.0225","","",""
"2025-01-03","021477","202000056932","1.0180","1.0180","","",""
"2025-01-06","021477","202000056932","1.0139","1.0139","","",""
"2025-01-07","021477","202000056932","1.0189","1.0189","","",""
"2025-01-08","021477","202000056932","1.0161","1.0161","","",""
"2025-01-09","021477","202000056932","1.0167","1.0167","","",""
"2025-01-10","021477","202000056932","1.0015","1.0015","","",""
"2025-01-13","021477","202000056932","0.9937","0.9937","","",""
"2025-01-14","021477","202000056932","1.0198","1.0198","","",""
"2025-01-15","021477","202000056932","1.0145","1.0145","","",""
"2025-01-16","021477","202000056932","1.0246","1.0246","","",""
"2025-01-17","021477","202000056932","1.0354","1.0354","","",""
"2025-01-20","021477","202000056932","1.0493","1.0493","","",""
"2025-01-21","021477","202000056932","1.0573","1.0573","","",""
"2025-01-22","021477","202000056932","1.0527","1.0527","","",""
"2025-01-23","021477","202000056932","1.0449","1.0449","","",""
"2025-01-24","021477","202000056932","1.0616","1.0616","","",""
"2025-01-27","021477","202000056932","1.0493","1.0493","","",""
"2025-02-05","021477","202000056932","1.0540","1.0540","","",""
"2025-02-06","021477","202000056932","1.0794","1.0794","","",""
"2025-02-07","021477","202000056932","1.0973","1.0973","","",""
"2025-02-10","021477","202000056932","1.1092","1.1092","","",""
"2025-02-11","021477","202000056932","1.0977","1.0977","","",""
"2025-02-12","021477","202000056932","1.1207","1.1207","","",""
"2025-02-13","021477","202000056932","1.1040","1.1040","","",""
"2025-02-14","021477","202000056932","1.1298","1.1298","","",""
"2025-02-17","021477","202000056932","1.1353","1.1353","","",""
"2025-02-18","021477","202000056932","1.1377","1.1377","","",""
"2025-02-19","021477","202000056932","1.1490","1.1490","","",""
"2025-02-20","021477","202000056932","1.1371","1.1371","","",""
"2025-02-21","021477","202000056932","1.1746","1.1746","","",""
"2025-02-24","021477","202000056932","1.1650","1.1650","","",""
"2025-02-25","021477","202000056932","1.1514","1.1514","","",""
"2025-02-26","021477","202000056932","1.1759","1.1759","","",""
"2025-02-27","021477","202000056932","1.1674","1.1674","","",""
"2025-02-28","021477","202000056932","1.1256","1.1256","","",""
"2025-03-03","021477","202000056932","1.1210","1.1210","","",""
"2025-03-04","021477","202000056932","1.1214","1.1214","","",""
"2025-03-05","021477","202000056932","1.1417","1.1417","","",""
"2025-03-06","021477","202000056932","1.1744","1.1744","","",""
"2025-03-07","021477","202000056932","1.1643","1.1643","","",""
"2025-03-10","021477","202000056932","1.1471","1.1471","","",""
"2025-03-11","021477","202000056932","1.1501","1.1501","","",""
"2025-03-12","021477","202000056932","1.1418","1.1418","","",""
"2025-03-13","021477","202000056932","1.1299","1.1299","","",""
"2025-03-14","021477","202000056932","1.1591","1.1591","","",""
"2025-03-17","021477","202000056932","1.1619","1.1619","","",""
"2025-03-18","021477","202000056932","1.1806","1.1806","","",""
"2025-03-19","021477","202000056932","1.1757","1.1757","","",""
"2025-03-20","021477","202000056932","1.1545","1.1545","","",""
"2025-03-21","021477","202000056932","1.1313","1.1313","","",""
"2025-03-24","021477","202000056932","1.1427","1.1427","","",""
"2025-03-25","021477","202000056932","1.1205","1.1205","","",""
"2025-03-26","021477","202000056932","1.1243","1.1243","","",""
"2025-03-27","021477","202000056932","1.1311","1.1311","","",""
"2025-03-28","021477","202000056932","1.1202","1.1202","","",""
"2025-03-31","021477","202000056932","1.1019","1.1019","","",""
"2025-04-01","021477","202000056932","1.1008","1.1008","","",""
"2024-10-29","021904","202000063159","1.0000","1.0000","","",""
"2024-11-01","021904","202000063159","0.9998","0.9998","","",""
"2024-11-08","021904","202000063159","0.9995","0.9995","","",""
"2024-11-15","021904","202000063159","0.9993","0.9993","","",""
"2024-11-22","021904","202000063159","0.9990","0.9990","","",""
"2024-11-29","021904","202000063159","0.9989","0.9989","","",""
"2024-12-06","021904","202000063159","0.9987","0.9987","","",""
"2024-12-13","021904","202000063159","0.9983","0.9983","","",""
"2024-12-20","021904","202000063159","0.9980","0.9980","","",""
"2024-12-27","021904","202000063159","0.9977","0.9977","","",""
"2024-12-31","021904","202000063159","0.9974","0.9974","","",""
"2025-01-02","021904","202000063159","0.9972","0.9972","","",""
"2025-01-03","021904","202000063159","1.0028","1.0028","","",""
"2025-01-06","021904","202000063159","1.0032","1.0032","","",""
"2025-01-07","021904","202000063159","1.0037","1.0037","","",""
"2025-01-08","021904","202000063159","1.0043","1.0043","","",""
"2025-01-09","021904","202000063159","1.0048","1.0048","","",""
"2025-01-10","021904","202000063159","1.0043","1.0043","","",""
"2025-01-13","021904","202000063159","1.0041","1.0041","","",""
"2025-01-14","021904","202000063159","1.0051","1.0051","","",""
"2025-01-15","021904","202000063159","1.0051","1.0051","","",""
"2025-01-16","021904","202000063159","1.0053","1.0053","","",""
"2025-01-17","021904","202000063159","1.0055","1.0055","","",""
"2025-01-20","021904","202000063159","1.0055","1.0055","","",""
"2025-01-21","021904","202000063159","1.0067","1.0067","","",""
"2025-01-22","021904","202000063159","1.0051","1.0051","","",""
"2025-01-23","021904","202000063159","1.0041","1.0041","","",""
"2025-01-24","021904","202000063159","1.0059","1.0059","","",""
"2025-01-27","021904","202000063159","1.0048","1.0048","","",""
"2025-02-05","021904","202000063159","1.0042","1.0042","","",""
"2025-02-06","021904","202000063159","1.0060","1.0060","","",""
"2025-02-07","021904","202000063159","1.0075","1.0075","","",""
"2025-02-10","021904","202000063159","1.0080","1.0080","","",""
"2025-02-11","021904","202000063159","1.0054","1.0054","","",""
"2025-02-12","021904","202000063159","1.0088","1.0088","","",""
"2025-02-13","021904","202000063159","1.0062","1.0062","","",""
"2025-02-14","021904","202000063159","1.0104","1.0104","","",""
"2025-02-17","021904","202000063159","1.0089","1.0089","","",""
"2025-02-18","021904","202000063159","1.0056","1.0056","","",""
"2025-02-19","021904","202000063159","1.0073","1.0073","","",""
"2025-02-20","021904","202000063159","1.0029","1.0029","","",""
"2025-02-21","021904","202000063159","1.0181","1.0181","","",""
"2025-02-24","021904","202000063159","1.0142","1.0142","","",""
"2025-02-25","021904","202000063159","1.0074","1.0074","","",""
"2025-02-26","021904","202000063159","1.0184","1.0184","","",""
"2025-02-27","021904","202000063159","1.0188","1.0188","","",""
"2025-02-28","021904","202000063159","0.9847","0.9847","","",""
"2025-03-03","021904","202000063159","0.9828","0.9828","","",""
"2025-03-04","021904","202000063159","0.9856","0.9856","","",""
"2025-03-05","021904","202000063159","1.0029","1.0029","","",""
"2025-03-06","021904","202000063159","1.0352","1.0352","","",""
"2025-03-07","021904","202000063159","1.0259","1.0259","","",""
"2025-03-10","021904","202000063159","1.0184","1.0184","","",""
"2025-03-11","021904","202000063159","1.0245","1.0245","","",""
"2025-03-12","021904","202000063159","1.0209","1.0209","","",""
"2025-03-13","021904","202000063159","1.0104","1.0104","","",""
"2025-03-14","021904","202000063159","1.0301","1.0301","","",""
"2025-03-17","021904","202000063159","1.0379","1.0379","","",""
"2025-03-18","021904","202000063159","1.0491","1.0491","","",""
"2025-03-19","021904","202000063159","1.0358","1.0358","","",""
"2025-03-20","021904","202000063159","1.0203","1.0203","","",""
"2025-03-21","021904","202000063159","0.9983","0.9983","","",""
"2025-03-24","021904","202000063159","1.0027","1.0027","","",""
"2025-03-25","021904","202000063159","0.9853","0.9853","","",""
"2025-03-26","021904","202000063159","0.9876","0.9876","","",""
"2025-03-27","021904","202000063159","0.9941","0.9941","","",""
"2025-03-28","021904","202000063159","0.9902","0.9902","","",""
"2025-03-31","021904","202000063159","0.9862","0.9862","","",""
"2025-04-01","021904","202000063159","0.9899","0.9899","","",""
"2024-10-29","021905","202000063160","1.0000","1.0000","","",""
"2024-11-01","021905","202000063160","0.9998","0.9998","","",""
"2024-11-08","021905","202000063160","0.9994","0.9994","","",""
"2024-11-15","021905","202000063160","0.9991","0.9991","","",""
"2024-11-22","021905","202000063160","0.9987","0.9987","","",""
"2024-11-29","021905","202000063160","0.9986","0.9986","","",""
"2024-12-06","021905","202000063160","0.9983","0.9983","","",""
"2024-12-13","021905","202000063160","0.9978","0.9978","","",""
"2024-12-20","021905","202000063160","0.9974","0.9974","","",""
"2024-12-27","021905","202000063160","0.9971","0.9971","","",""
"2024-12-31","021905","202000063160","0.9967","0.9967","","",""
"2025-01-02","021905","202000063160","0.9965","0.9965","","",""
"2025-01-03","021905","202000063160","1.0020","1.0020","","",""
"2025-01-06","021905","202000063160","1.0024","1.0024","","",""
"2025-01-07","021905","202000063160","1.0028","1.0028","","",""
"2025-01-08","021905","202000063160","1.0035","1.0035","","",""
"2025-01-09","021905","202000063160","1.0039","1.0039","","",""
"2025-01-10","021905","202000063160","1.0035","1.0035","","",""
"2025-01-13","021905","202000063160","1.0033","1.0033","","",""
"2025-01-14","021905","202000063160","1.0042","1.0042","","",""
"2025-01-15","021905","202000063160","1.0042","1.0042","","",""
"2025-01-16","021905","202000063160","1.0043","1.0043","","",""
"2025-01-17","021905","202000063160","1.0045","1.0045","","",""
"2025-01-20","021905","202000063160","1.0045","1.0045","","",""
"2025-01-21","021905","202000063160","1.0057","1.0057","","",""
"2025-01-22","021905","202000063160","1.0042","1.0042","","",""
"2025-01-23","021905","202000063160","1.0031","1.0031","","",""
"2025-01-24","021905","202000063160","1.0049","1.0049","","",""
"2025-01-27","021905","202000063160","1.0038","1.0038","","",""
"2025-02-05","021905","202000063160","1.0031","1.0031","","",""
"2025-02-06","021905","202000063160","1.0049","1.0049","","",""
"2025-02-07","021905","202000063160","1.0064","1.0064","","",""
"2025-02-10","021905","202000063160","1.0068","1.0068","","",""
"2025-02-11","021905","202000063160","1.0042","1.0042","","",""
"2025-02-12","021905","202000063160","1.0076","1.0076","","",""
"2025-02-13","021905","202000063160","1.0049","1.0049","","",""
"2025-02-14","021905","202000063160","1.0092","1.0092","","",""
"2025-02-17","021905","202000063160","1.0077","1.0077","","",""
"2025-02-18","021905","202000063160","1.0043","1.0043","","",""
"2025-02-19","021905","202000063160","1.0060","1.0060","","",""
"2025-02-20","021905","202000063160","1.0016","1.0016","","",""
"2025-02-21","021905","202000063160","1.0168","1.0168","","",""
"2025-02-24","021905","202000063160","1.0129","1.0129","","",""
"2025-02-25","021905","202000063160","1.0060","1.0060","","",""
"2025-02-26","021905","202000063160","1.0170","1.0170","","",""
"2025-02-27","021905","202000063160","1.0174","1.0174","","",""
"2025-02-28","021905","202000063160","0.9834","0.9834","","",""
"2025-03-03","021905","202000063160","0.9814","0.9814","","",""
"2025-03-04","021905","202000063160","0.9842","0.9842","","",""
"2025-03-05","021905","202000063160","1.0015","1.0015","","",""
"2025-03-06","021905","202000063160","1.0337","1.0337","","",""
"2025-03-07","021905","202000063160","1.0245","1.0245","","",""
"2025-03-10","021905","202000063160","1.0168","1.0168","","",""
"2025-03-11","021905","202000063160","1.0229","1.0229","","",""
"2025-03-12","021905","202000063160","1.0193","1.0193","","",""
"2025-03-13","021905","202000063160","1.0088","1.0088","","",""
"2025-03-14","021905","202000063160","1.0284","1.0284","","",""
"2025-03-17","021905","202000063160","1.0362","1.0362","","",""
"2025-03-18","021905","202000063160","1.0473","1.0473","","",""
"2025-03-19","021905","202000063160","1.0341","1.0341","","",""
"2025-03-20","021905","202000063160","1.0186","1.0186","","",""
"2025-03-21","021905","202000063160","0.9966","0.9966","","",""
"2025-03-24","021905","202000063160","1.0010","1.0010","","",""
"2025-03-25","021905","202000063160","0.9836","0.9836","","",""
"2025-03-26","021905","202000063160","0.9858","0.9858","","",""
"2025-03-27","021905","202000063160","0.9923","0.9923","","",""
"2025-03-28","021905","202000063160","0.9884","0.9884","","",""
"2025-03-31","021905","202000063160","0.9844","0.9844","","",""
"2025-04-01","021905","202000063160","0.9881","0.9881","","",""
"2024-12-09","022795","202000065732","1.0000","1.0000","","",""
"2024-12-10","022795","202000065732","1.0000","1.0000","","",""
"2024-12-11","022795","202000065732","1.0000","1.0000","","",""
"2024-12-12","022795","202000065732","1.0000","1.0000","","",""
"2024-12-13","022795","202000065732","1.0000","1.0000","","",""
"2024-12-16","022795","202000065732","1.0000","1.0000","","",""
"2024-12-17","022795","202000065732","1.0000","1.0000","","",""
"2024-12-18","022795","202000065732","1.0000","1.0000","","",""
"2024-12-19","022795","202000065732","1.0000","1.0000","","",""
"2024-12-20","022795","202000065732","0.9960","0.9960","","",""
"2024-12-23","022795","202000065732","0.9970","0.9970","","",""
"2024-12-24","022795","202000065732","1.0090","1.0090","","",""
"2024-12-25","022795","202000065732","1.0080","1.0080","","",""
"2024-12-26","022795","202000065732","1.0080","1.0080","","",""
"2024-12-27","022795","202000065732","1.0070","1.0070","","",""
"2024-12-30","022795","202000065732","1.0110","1.0110","","",""
"2024-12-31","022795","202000065732","0.9970","0.9970","","",""
"2025-01-02","022795","202000065732","0.9710","0.9710","","",""
"2025-01-03","022795","202000065732","0.9610","0.9610","","",""
"2025-01-06","022795","202000065732","0.9590","0.9590","","",""
"2025-01-07","022795","202000065732","0.9640","0.9640","","",""
"2025-01-08","022795","202000065732","0.9620","0.9620","","",""
"2025-01-09","022795","202000065732","0.9600","0.9600","","",""
"2025-01-10","022795","202000065732","0.9490","0.9490","","",""
"2025-01-13","022795","202000065732","0.9473","0.9473","","",""
"2025-01-14","022795","202000065732","0.9703","0.9703","","",""
"2025-01-15","022795","202000065732","0.9642","0.9642","","",""
"2025-01-16","022795","202000065732","0.9656","0.9656","","",""
"2025-01-17","022795","202000065732","0.9685","0.9685","","",""
"2025-01-20","022795","202000065732","0.9740","0.9740","","",""
"2025-01-21","022795","202000065732","0.9749","0.9749","","",""
"2025-01-22","022795","202000065732","0.9654","0.9654","","",""
"2025-01-23","022795","202000065732","0.9670","0.9670","","",""
"2025-01-24","022795","202000065732","0.9746","0.9746","","",""
"2025-01-27","022795","202000065732","0.9707","0.9707","","",""
"2025-02-05","022795","202000065732","0.9649","0.9649","","",""
"2025-02-06","022795","202000065732","0.9766","0.9766","","",""
"2025-02-07","022795","202000065732","0.9901","0.9901","","",""
"2025-02-10","022795","202000065732","0.9915","0.9915","","",""
"2025-02-11","022795","202000065732","0.9867","0.9867","","",""
"2025-02-12","022795","202000065732","0.9965","0.9965","","",""
"2025-02-13","022795","202000065732","0.9943","0.9943","","",""
"2025-02-14","022795","202000065732","1.0026","1.0026","","",""
"2025-02-17","022795","202000065732","1.0033","1.0033","","",""
"2025-02-18","022795","202000065732","0.9960","0.9960","","",""
"2025-02-19","022795","202000065732","1.0040","1.0040","","",""
"2025-02-20","022795","202000065732","1.0015","1.0015","","",""
"2025-02-21","022795","202000065732","1.0105","1.0105","","",""
"2025-02-24","022795","202000065732","1.0076","1.0076","","",""
"2025-02-25","022795","202000065732","0.9967","0.9967","","",""
"2025-02-26","022795","202000065732","1.0053","1.0053","","",""
"2025-02-27","022795","202000065732","1.0082","1.0082","","",""
"2025-02-28","022795","202000065732","0.9906","0.9906","","",""
"2025-03-03","022795","202000065732","0.9918","0.9918","","",""
"2025-03-04","022795","202000065732","0.9892","0.9892","","",""
"2025-03-05","022795","202000065732","0.9918","0.9918","","",""
"2025-03-06","022795","202000065732","1.0042","1.0042","","",""
"2025-03-07","022795","202000065732","1.0019","1.0019","","",""
"2025-03-10","022795","202000065732","0.9990","0.9990","","",""
"2025-03-11","022795","202000065732","1.0025","1.0025","","",""
"2025-03-12","022795","202000065732","0.9994","0.9994","","",""
"2025-03-13","022795","202000065732","0.9964","0.9964","","",""
"2025-03-14","022795","202000065732","1.0207","1.0207","","",""
"2025-03-17","022795","202000065732","1.0186","1.0186","","",""
"2025-03-18","022795","202000065732","1.0214","1.0214","","",""
"2025-03-19","022795","202000065732","1.0238","1.0238","","",""
"2025-03-20","022795","202000065732","1.0145","1.0145","","",""
"2025-03-21","022795","202000065732","0.9999","0.9999","","",""
"2025-03-24","022795","202000065732","1.0040","1.0040","","",""
"2025-03-25","022795","202000065732","1.0038","1.0038","","",""
"2025-03-26","022795","202000065732","1.0005","1.0005","","",""
"2025-03-27","022795","202000065732","1.0033","1.0033","","",""
"2025-03-28","022795","202000065732","0.9992","0.9992","","",""
"2025-03-31","022795","202000065732","0.9916","0.9916","","",""
"2025-04-01","022795","202000065732","0.9917","0.9917","","",""
"2025-01-03","023139","202000066750","1.0661","1.0661","","",""
"2025-01-06","023139","202000066750","1.0662","1.0662","","",""
"2025-01-07","023139","202000066750","1.0658","1.0658","","",""
"2025-01-08","023139","202000066750","1.0659","1.0659","","",""
"2025-01-09","023139","202000066750","1.0656","1.0656","","",""
"2025-01-10","023139","202000066750","1.0653","1.0653","","",""
"2025-01-13","023139","202000066750","1.0649","1.0649","","",""
"2025-01-14","023139","202000066750","1.0649","1.0649","","",""
"2025-01-15","023139","202000066750","1.0647","1.0647","","",""
"2025-01-16","023139","202000066750","1.0641","1.0641","","",""
"2025-01-17","023139","202000066750","1.0640","1.0640","","",""
"2025-01-20","023139","202000066750","1.0639","1.0639","","",""
"2025-01-21","023139","202000066750","1.0640","1.0640","","",""
"2025-01-22","023139","202000066750","1.0635","1.0635","","",""
"2025-01-23","023139","202000066750","1.0632","1.0632","","",""
"2025-01-24","023139","202000066750","1.0631","1.0631","","",""
"2025-01-27","023139","202000066750","1.0638","1.0638","","",""
"2025-02-05","023139","202000066750","1.0642","1.0642","","",""
"2025-02-06","023139","202000066750","1.0650","1.0650","","",""
"2025-02-07","023139","202000066750","1.0650","1.0650","","",""
"2025-02-10","023139","202000066750","1.0645","1.0645","","",""
"2025-02-11","023139","202000066750","1.0643","1.0643","","",""
"2025-02-12","023139","202000066750","1.0643","1.0643","","",""
"2025-02-13","023139","202000066750","1.0643","1.0643","","",""
"2025-02-14","023139","202000066750","1.0637","1.0637","","",""
"2025-02-17","023139","202000066750","1.0628","1.0628","","",""
"2025-02-18","023139","202000066750","1.0620","1.0620","","",""
"2025-02-19","023139","202000066750","1.0619","1.0619","","",""
"2025-02-20","023139","202000066750","1.0610","1.0610","","",""
"2025-02-21","023139","202000066750","1.0604","1.0604","","",""
"2025-02-24","023139","202000066750","1.0596","1.0596","","",""
"2025-02-25","023139","202000066750","1.0591","1.0591","","",""
"2025-02-26","023139","202000066750","1.0592","1.0592","","",""
"2025-02-27","023139","202000066750","1.0584","1.0584","","",""
"2025-02-28","023139","202000066750","1.0587","1.0587","","",""
"2025-03-03","023139","202000066750","1.0591","1.0591","","",""
"2025-03-04","023139","202000066750","1.0593","1.0593","","",""
"2025-03-05","023139","202000066750","1.0598","1.0598","","",""
"2025-03-06","023139","202000066750","1.0587","1.0587","","",""
"2025-03-07","023139","202000066750","1.0580","1.0580","","",""
"2025-03-10","023139","202000066750","1.0572","1.0572","","",""
"2025-03-11","023139","202000066750","1.0561","1.0561","","",""
"2025-03-12","023139","202000066750","1.0563","1.0563","","",""
"2025-03-13","023139","202000066750","1.0568","1.0568","","",""
"2025-03-14","023139","202000066750","1.0569","1.0569","","",""
"2025-03-17","023139","202000066750","1.0562","1.0562","","",""
"2025-03-18","023139","202000066750","1.0563","1.0563","","",""
"2025-03-19","023139","202000066750","1.0568","1.0568","","",""
"2025-03-20","023139","202000066750","1.0578","1.0578","","",""
"2025-03-21","023139","202000066750","1.0579","1.0579","","",""
"2025-03-24","023139","202000066750","1.0583","1.0583","","",""
"2025-03-25","023139","202000066750","1.0591","1.0591","","",""
"2025-03-26","023139","202000066750","1.0595","1.0595","","",""
"2025-03-27","023139","202000066750","1.0599","1.0599","","",""
"2025-03-28","023139","202000066750","1.0595","1.0595","","",""
"2025-03-31","023139","202000066750","1.0601","1.0601","","",""
"2025-04-01","023139","202000066750","1.0601","1.0601","","",""
"2024-04-02","159621","202000039296","0.8805","0.8805","","",""
"2024-04-03","159621","202000039296","0.8764","0.8764","","",""
"2024-04-08","159621","202000039296","0.8702","0.8702","","",""
"2024-04-09","159621","202000039296","0.8709","0.8709","","",""
"2024-04-10","159621","202000039296","0.8632","0.8632","","",""
"2024-04-11","159621","202000039296","0.8635","0.8635","","",""
"2024-04-12","159621","202000039296","0.8575","0.8575","","",""
"2024-04-15","159621","202000039296","0.8738","0.8738","","",""
"2024-04-16","159621","202000039296","0.8626","0.8626","","",""
"2024-04-17","159621","202000039296","0.8767","0.8767","","",""
"2024-04-18","159621","202000039296","0.8783","0.8783","","",""
"2024-04-19","159621","202000039296","0.8714","0.8714","","",""
"2024-04-22","159621","202000039296","0.8678","0.8678","","",""
"2024-04-23","159621","202000039296","0.8623","0.8623","","",""
"2024-04-24","159621","202000039296","0.8665","0.8665","","",""
"2024-04-25","159621","202000039296","0.8687","0.8687","","",""
"2024-04-26","159621","202000039296","0.8828","0.8828","","",""
"2024-04-29","159621","202000039296","0.8947","0.8947","","",""
"2024-04-30","159621","202000039296","0.8908","0.8908","","",""
"2024-05-06","159621","202000039296","0.9040","0.9040","","",""
"2024-05-07","159621","202000039296","0.9039","0.9039","","",""
"2024-05-08","159621","202000039296","0.8957","0.8957","","",""
"2024-05-09","159621","202000039296","0.9044","0.9044","","",""
"2024-05-10","159621","202000039296","0.9047","0.9047","","",""
"2024-05-13","159621","202000039296","0.9041","0.9041","","",""
"2024-05-14","159621","202000039296","0.9031","0.9031","","",""
"2024-05-15","159621","202000039296","0.8958","0.8958","","",""
"2024-05-16","159621","202000039296","0.8983","0.8983","","",""
"2024-05-17","159621","202000039296","0.9073","0.9073","","",""
"2024-05-20","159621","202000039296","0.9110","0.9110","","",""
"2024-05-21","159621","202000039296","0.9075","0.9075","","",""
"2024-05-22","159621","202000039296","0.9083","0.9083","","",""
"2024-05-23","159621","202000039296","0.8985","0.8985","","",""
"2024-05-24","159621","202000039296","0.8880","0.8880","","",""
"2024-05-27","159621","202000039296","0.8961","0.8961","","",""
"2024-05-28","159621","202000039296","0.8900","0.8900","","",""
"2024-05-29","159621","202000039296","0.8925","0.8925","","",""
"2024-05-30","159621","202000039296","0.8877","0.8877","","",""
"2024-05-31","159621","202000039296","0.8844","0.8844","","",""
"2024-06-03","159621","202000039296","0.8861","0.8861","","",""
"2024-06-04","159621","202000039296","0.8932","0.8932","","",""
"2024-06-05","159621","202000039296","0.8884","0.8884","","",""
"2024-06-06","159621","202000039296","0.8874","0.8874","","",""
"2024-06-07","159621","202000039296","0.8835","0.8835","","",""
"2024-06-11","159621","202000039296","0.8770","0.8770","","",""
"2024-06-12","159621","202000039296","0.8776","0.8776","","",""
"2024-06-13","159621","202000039296","0.8750","0.8750","","",""
"2024-06-14","159621","202000039296","0.8799","0.8799","","",""
"2024-06-17","159621","202000039296","0.8784","0.8784","","",""
"2024-06-18","159621","202000039296","0.8809","0.8809","","",""
"2024-06-19","159621","202000039296","0.8775","0.8775","","",""
"2024-06-20","159621","202000039296","0.8713","0.8713","","",""
"2024-06-21","159621","202000039296","0.8691","0.8691","","",""
"2024-06-24","159621","202000039296","0.8642","0.8642","","",""
"2024-06-25","159621","202000039296","0.8592","0.8592","","",""
"2024-06-26","159621","202000039296","0.8658","0.8658","","",""
"2024-06-27","159621","202000039296","0.8598","0.8598","","",""
"2024-06-28","159621","202000039296","0.8612","0.8612","","",""
"2024-06-30","159621","202000039296","0.8611","0.8611","","",""
"2024-07-01","159621","202000039296","0.8666","0.8666","","",""
"2024-07-02","159621","202000039296","0.8648","0.8648","","",""
"2024-07-03","159621","202000039296","0.8615","0.8615","","",""
"2024-07-04","159621","202000039296","0.8564","0.8564","","",""
"2024-07-05","159621","202000039296","0.8541","0.8541","","",""
"2024-07-08","159621","202000039296","0.8481","0.8481","","",""
"2024-07-09","159621","202000039296","0.8589","0.8589","","",""
"2024-07-10","159621","202000039296","0.8572","0.8572","","",""
"2024-07-11","159621","202000039296","0.8672","0.8672","","",""
"2024-07-12","159621","202000039296","0.8694","0.8694","","",""
"2024-07-15","159621","202000039296","0.8700","0.8700","","",""
"2024-07-16","159621","202000039296","0.8751","0.8751","","",""
"2024-07-17","159621","202000039296","0.8769","0.8769","","",""
"2024-07-18","159621","202000039296","0.8814","0.8814","","",""
"2024-07-19","159621","202000039296","0.8843","0.8843","","",""
"2024-07-22","159621","202000039296","0.8791","0.8791","","",""
"2024-07-23","159621","202000039296","0.8622","0.8622","","",""
"2024-07-24","159621","202000039296","0.8570","0.8570","","",""
"2024-07-25","159621","202000039296","0.8537","0.8537","","",""
"2024-07-26","159621","202000039296","0.8561","0.8561","","",""
"2024-07-29","159621","202000039296","0.8525","0.8525","","",""
"2024-07-30","159621","202000039296","0.8467","0.8467","","",""
"2024-07-31","159621","202000039296","0.8656","0.8656","","",""
"2024-08-01","159621","202000039296","0.8602","0.8602","","",""
"2024-08-02","159621","202000039296","0.8519","0.8519","","",""
"2024-08-05","159621","202000039296","0.8425","0.8425","","",""
"2024-08-06","159621","202000039296","0.8429","0.8429","","",""
"2024-08-07","159621","202000039296","0.8426","0.8426","","",""
"2024-08-08","159621","202000039296","0.8438","0.8438","","",""
"2024-08-09","159621","202000039296","0.8411","0.8411","","",""
"2024-08-12","159621","202000039296","0.8404","0.8404","","",""
"2024-08-13","159621","202000039296","0.8421","0.8421","","",""
"2024-08-14","159621","202000039296","0.8354","0.8354","","",""
"2024-08-15","159621","202000039296","0.8431","0.8431","","",""
"2024-08-16","159621","202000039296","0.8449","0.8449","","",""
"2024-08-19","159621","202000039296","0.8490","0.8490","","",""
"2024-08-20","159621","202000039296","0.8432","0.8432","","",""
"2024-08-21","159621","202000039296","0.8404","0.8404","","",""
"2024-08-22","159621","202000039296","0.8382","0.8382","","",""
"2024-08-23","159621","202000039296","0.8421","0.8421","","",""
"2024-08-26","159621","202000039296","0.8405","0.8405","","",""
"2024-08-27","159621","202000039296","0.8364","0.8364","","",""
"2024-08-28","159621","202000039296","0.8319","0.8319","","",""
"2024-08-29","159621","202000039296","0.8287","0.8287","","",""
"2024-08-30","159621","202000039296","0.8395","0.8395","","",""
"2024-09-02","159621","202000039296","0.8272","0.8272","","",""
"2024-09-03","159621","202000039296","0.8281","0.8281","","",""
"2024-09-04","159621","202000039296","0.8244","0.8244","","",""
"2024-09-05","159621","202000039296","0.8261","0.8261","","",""
"2024-09-06","159621","202000039296","0.8198","0.8198","","",""
"2024-09-09","159621","202000039296","0.8119","0.8119","","",""
"2024-09-10","159621","202000039296","0.8125","0.8125","","",""
"2024-09-11","159621","202000039296","0.8095","0.8095","","",""
"2024-09-12","159621","202000039296","0.8071","0.8071","","",""
"2024-09-13","159621","202000039296","0.8036","0.8036","","",""
"2024-09-18","159621","202000039296","0.8073","0.8073","","",""
"2024-09-19","159621","202000039296","0.8132","0.8132","","",""
"2024-09-20","159621","202000039296","0.8144","0.8144","","",""
"2024-09-23","159621","202000039296","0.8174","0.8174","","",""
"2024-09-24","159621","202000039296","0.8518","0.8518","","",""
"2024-09-25","159621","202000039296","0.8629","0.8629","","",""
"2024-09-26","159621","202000039296","0.8974","0.8974","","",""
"2024-09-27","159621","202000039296","0.9343","0.9343","","",""
"2024-09-30","159621","202000039296","1.0101","1.0101","","",""
"2024-10-08","159621","202000039296","1.0666","1.0666","","",""
"2024-10-09","159621","202000039296","0.9904","0.9904","","",""
"2024-10-10","159621","202000039296","1.0016","1.0016","","",""
"2024-10-11","159621","202000039296","0.9757","0.9757","","",""
"2024-10-14","159621","202000039296","0.9937","0.9937","","",""
"2024-10-15","159621","202000039296","0.9677","0.9677","","",""
"2024-10-16","159621","202000039296","0.9623","0.9623","","",""
"2024-10-17","159621","202000039296","0.9528","0.9528","","",""
"2024-10-18","159621","202000039296","0.9846","0.9846","","",""
"2024-10-21","159621","202000039296","0.9845","0.9845","","",""
"2024-10-22","159621","202000039296","0.9903","0.9903","","",""
"2024-10-23","159621","202000039296","0.9938","0.9938","","",""
"2024-10-24","159621","202000039296","0.9841","0.9841","","",""
"2024-10-25","159621","202000039296","0.9911","0.9911","","",""
"2024-10-28","159621","202000039296","0.9933","0.9933","","",""
"2024-10-29","159621","202000039296","0.9844","0.9844","","",""
"2024-10-30","159621","202000039296","0.9778","0.9778","","",""
"2024-10-31","159621","202000039296","0.9783","0.9783","","",""
"2024-11-01","159621","202000039296","0.9776","0.9776","","",""
"2024-11-04","159621","202000039296","0.9915","0.9915","","",""
"2024-11-05","159621","202000039296","1.0153","1.0153","","",""
"2024-11-06","159621","202000039296","1.0113","1.0113","","",""
"2024-11-07","159621","202000039296","1.0401","1.0401","","",""
"2024-11-08","159621","202000039296","1.0309","1.0309","","",""
"2024-11-11","159621","202000039296","1.0352","1.0352","","",""
"2024-11-12","159621","202000039296","1.0251","1.0251","","",""
"2024-11-13","159621","202000039296","1.0317","1.0317","","",""
"2024-11-14","159621","202000039296","1.0142","1.0142","","",""
"2024-11-15","159621","202000039296","0.9965","0.9965","","",""
"2024-11-18","159621","202000039296","0.9917","0.9917","","",""
"2024-11-19","159621","202000039296","0.9987","0.9987","","",""
"2024-11-20","159621","202000039296","1.0024","1.0024","","",""
"2024-11-21","159621","202000039296","1.0031","1.0031","","",""
"2024-11-22","159621","202000039296","0.9725","0.9725","","",""
"2024-11-25","159621","202000039296","0.9683","0.9683","","",""
"2024-11-26","159621","202000039296","0.9667","0.9667","","",""
"2024-11-27","159621","202000039296","0.9826","0.9826","","",""
"2024-11-28","159621","202000039296","0.9736","0.9736","","",""
"2024-11-29","159621","202000039296","0.9842","0.9842","","",""
"2024-12-02","159621","202000039296","0.9932","0.9932","","",""
"2024-12-03","159621","202000039296","0.9957","0.9957","","",""
"2024-12-04","159621","202000039296","0.9898","0.9898","","",""
"2024-12-05","159621","202000039296","0.9881","0.9881","","",""
"2024-12-06","159621","202000039296","1.0017","1.0017","","",""
"2024-12-09","159621","202000039296","1.0005","1.0005","","",""
"2024-12-10","159621","202000039296","1.0075","1.0075","","",""
"2024-12-11","159621","202000039296","1.0058","1.0058","","",""
"2024-12-12","159621","202000039296","1.0160","1.0160","","",""
"2024-12-13","159621","202000039296","0.9925","0.9925","","",""
"2024-12-16","159621","202000039296","0.9877","0.9877","","",""
"2024-12-17","159621","202000039296","0.9897","0.9897","","",""
"2024-12-18","159621","202000039296","0.9939","0.9939","","",""
"2024-12-19","159621","202000039296","0.9932","0.9932","","",""
"2024-12-20","159621","202000039296","0.9893","0.9893","","",""
"2024-12-23","159621","202000039296","0.9903","0.9903","","",""
"2024-12-24","159621","202000039296","1.0032","1.0032","","",""
"2024-12-25","159621","202000039296","1.0029","1.0029","","",""
"2024-12-26","159621","202000039296","1.0026","1.0026","","",""
"2024-12-27","159621","202000039296","1.0021","1.0021","","",""
"2024-12-30","159621","202000039296","1.0062","1.0062","","",""
"2024-12-31","159621","202000039296","0.9904","0.9904","","",""
"2025-01-02","159621","202000039296","0.9617","0.9617","","",""
"2025-01-03","159621","202000039296","0.9501","0.9501","","",""
"2025-01-06","159621","202000039296","0.9495","0.9495","","",""
"2025-01-07","159621","202000039296","0.9551","0.9551","","",""
"2025-01-08","159621","202000039296","0.9536","0.9536","","",""
"2025-01-09","159621","202000039296","0.9503","0.9503","","",""
"2025-01-10","159621","202000039296","0.9386","0.9386","","",""
"2025-01-13","159621","202000039296","0.9363","0.9363","","",""
"2025-01-14","159621","202000039296","0.9601","0.9601","","",""
"2025-01-15","159621","202000039296","0.9546","0.9546","","",""
"2025-01-16","159621","202000039296","0.9562","0.9562","","",""
"2025-01-17","159621","202000039296","0.9586","0.9586","","",""
"2025-01-20","159621","202000039296","0.9641","0.9641","","",""
"2025-01-21","159621","202000039296","0.9649","0.9649","","",""
"2025-01-22","159621","202000039296","0.9551","0.9551","","",""
"2025-01-23","159621","202000039296","0.9591","0.9591","","",""
"2025-01-24","159621","202000039296","0.9667","0.9667","","",""
"2025-01-27","159621","202000039296","0.9636","0.9636","","",""
"2025-02-05","159621","202000039296","0.9560","0.9560","","",""
"2025-02-06","159621","202000039296","0.9672","0.9672","","",""
"2025-02-07","159621","202000039296","0.9800","0.9800","","",""
"2025-02-10","159621","202000039296","0.9816","0.9816","","",""
"2025-02-11","159621","202000039296","0.9766","0.9766","","",""
"2025-02-12","159621","202000039296","0.9862","0.9862","","",""
"2025-02-13","159621","202000039296","0.9843","0.9843","","",""
"2025-02-14","159621","202000039296","0.9932","0.9932","","",""
"2025-02-17","159621","202000039296","0.9935","0.9935","","",""
"2025-02-18","159621","202000039296","0.9858","0.9858","","",""
"2025-02-19","159621","202000039296","0.9922","0.9922","","",""
"2025-02-20","159621","202000039296","0.9907","0.9907","","",""
"2025-02-21","159621","202000039296","1.0003","1.0003","","",""
"2025-02-24","159621","202000039296","0.9976","0.9976","","",""
"2025-02-25","159621","202000039296","0.9876","0.9876","","",""
"2025-02-26","159621","202000039296","0.9959","0.9959","","",""
"2025-02-27","159621","202000039296","0.9994","0.9994","","",""
"2025-02-28","159621","202000039296","0.9808","0.9808","","",""
"2025-03-03","159621","202000039296","0.9815","0.9815","","",""
"2025-03-04","159621","202000039296","0.9786","0.9786","","",""
"2025-03-05","159621","202000039296","0.9826","0.9826","","",""
"2025-03-06","159621","202000039296","0.9948","0.9948","","",""
"2025-03-07","159621","202000039296","0.9914","0.9914","","",""
"2025-03-10","159621","202000039296","0.9873","0.9873","","",""
"2025-03-11","159621","202000039296","0.9909","0.9909","","",""
"2025-03-12","159621","202000039296","0.9874","0.9874","","",""
"2025-03-13","159621","202000039296","0.9845","0.9845","","",""
"2025-03-14","159621","202000039296","1.0082","1.0082","","",""
"2025-03-17","159621","202000039296","1.0064","1.0064","","",""
"2025-03-18","159621","202000039296","1.0082","1.0082","","",""
"2025-03-19","159621","202000039296","1.0100","1.0100","","",""
"2025-03-20","159621","202000039296","1.0011","1.0011","","",""
"2025-03-21","159621","202000039296","0.9860","0.9860","","",""
"2025-03-24","159621","202000039296","0.9907","0.9907","","",""
"2025-03-25","159621","202000039296","0.9907","0.9907","","",""
"2025-03-26","159621","202000039296","0.9867","0.9867","","",""
"2025-03-27","159621","202000039296","0.9906","0.9906","","",""
"2025-03-28","159621","202000039296","0.9857","0.9857","","",""
"2025-03-31","159621","202000039296","0.9780","0.9780","","",""
"2025-04-01","159621","202000039296","0.9785","0.9785","","",""
"2024-04-02","159653","202000044296","0.8973","0.8973","","",""
"2024-04-03","159653","202000044296","0.8946","0.8946","","",""
"2024-04-08","159653","202000044296","0.8858","0.8858","","",""
"2024-04-09","159653","202000044296","0.8856","0.8856","","",""
"2024-04-10","159653","202000044296","0.8795","0.8795","","",""
"2024-04-11","159653","202000044296","0.8794","0.8794","","",""
"2024-04-12","159653","202000044296","0.8731","0.8731","","",""
"2024-04-15","159653","202000044296","0.8907","0.8907","","",""
"2024-04-16","159653","202000044296","0.8826","0.8826","","",""
"2024-04-17","159653","202000044296","0.8945","0.8945","","",""
"2024-04-18","159653","202000044296","0.8960","0.8960","","",""
"2024-04-19","159653","202000044296","0.8898","0.8898","","",""
"2024-04-22","159653","202000044296","0.8874","0.8874","","",""
"2024-04-23","159653","202000044296","0.8825","0.8825","","",""
"2024-04-24","159653","202000044296","0.8861","0.8861","","",""
"2024-04-25","159653","202000044296","0.8881","0.8881","","",""
"2024-04-26","159653","202000044296","0.9015","0.9015","","",""
"2024-04-29","159653","202000044296","0.9117","0.9117","","",""
"2024-04-30","159653","202000044296","0.9084","0.9084","","",""
"2024-05-06","159653","202000044296","0.9228","0.9228","","",""
"2024-05-07","159653","202000044296","0.9239","0.9239","","",""
"2024-05-08","159653","202000044296","0.9163","0.9163","","",""
"2024-05-09","159653","202000044296","0.9248","0.9248","","",""
"2024-05-10","159653","202000044296","0.9247","0.9247","","",""
"2024-05-13","159653","202000044296","0.9238","0.9238","","",""
"2024-05-14","159653","202000044296","0.9215","0.9215","","",""
"2024-05-15","159653","202000044296","0.9160","0.9160","","",""
"2024-05-16","159653","202000044296","0.9193","0.9193","","",""
"2024-05-17","159653","202000044296","0.9284","0.9284","","",""
"2024-05-20","159653","202000044296","0.9311","0.9311","","",""
"2024-05-21","159653","202000044296","0.9274","0.9274","","",""
"2024-05-22","159653","202000044296","0.9283","0.9283","","",""
"2024-05-23","159653","202000044296","0.9187","0.9187","","",""
"2024-05-24","159653","202000044296","0.9097","0.9097","","",""
"2024-05-27","159653","202000044296","0.9173","0.9173","","",""
"2024-05-28","159653","202000044296","0.9104","0.9104","","",""
"2024-05-29","159653","202000044296","0.9113","0.9113","","",""
"2024-05-30","159653","202000044296","0.9056","0.9056","","",""
"2024-05-31","159653","202000044296","0.9012","0.9012","","",""
"2024-06-03","159653","202000044296","0.9032","0.9032","","",""
"2024-06-04","159653","202000044296","0.9112","0.9112","","",""
"2024-06-05","159653","202000044296","0.9060","0.9060","","",""
"2024-06-06","159653","202000044296","0.9060","0.9060","","",""
"2024-06-07","159653","202000044296","0.9005","0.9005","","",""
"2024-06-11","159653","202000044296","0.8922","0.8922","","",""
"2024-06-12","159653","202000044296","0.8925","0.8925","","",""
"2024-06-13","159653","202000044296","0.8873","0.8873","","",""
"2024-06-14","159653","202000044296","0.8927","0.8927","","",""
"2024-06-17","159653","202000044296","0.8907","0.8907","","",""
"2024-06-18","159653","202000044296","0.8922","0.8922","","",""
"2024-06-19","159653","202000044296","0.8887","0.8887","","",""
"2024-06-20","159653","202000044296","0.8823","0.8823","","",""
"2024-06-21","159653","202000044296","0.8794","0.8794","","",""
"2024-06-24","159653","202000044296","0.8761","0.8761","","",""
"2024-06-25","159653","202000044296","0.8724","0.8724","","",""
"2024-06-26","159653","202000044296","0.8776","0.8776","","",""
"2024-06-27","159653","202000044296","0.8706","0.8706","","",""
"2024-06-28","159653","202000044296","0.8714","0.8714","","",""
"2024-06-30","159653","202000044296","0.8714","0.8714","","",""
"2024-07-01","159653","202000044296","0.8754","0.8754","","",""
"2024-07-02","159653","202000044296","0.8731","0.8731","","",""
"2024-07-03","159653","202000044296","0.8703","0.8703","","",""
"2024-07-04","159653","202000044296","0.8669","0.8669","","",""
"2024-07-05","159653","202000044296","0.8644","0.8644","","",""
"2024-07-08","159653","202000044296","0.8572","0.8572","","",""
"2024-07-09","159653","202000044296","0.8668","0.8668","","",""
"2024-07-10","159653","202000044296","0.8655","0.8655","","",""
"2024-07-11","159653","202000044296","0.8770","0.8770","","",""
"2024-07-12","159653","202000044296","0.8791","0.8791","","",""
"2024-07-15","159653","202000044296","0.8785","0.8785","","",""
"2024-07-16","159653","202000044296","0.8831","0.8831","","",""
"2024-07-17","159653","202000044296","0.8842","0.8842","","",""
"2024-07-18","159653","202000044296","0.8890","0.8890","","",""
"2024-07-19","159653","202000044296","0.8927","0.8927","","",""
"2024-07-22","159653","202000044296","0.8867","0.8867","","",""
"2024-07-23","159653","202000044296","0.8694","0.8694","","",""
"2024-07-24","159653","202000044296","0.8639","0.8639","","",""
"2024-07-25","159653","202000044296","0.8598","0.8598","","",""
"2024-07-26","159653","202000044296","0.8637","0.8637","","",""
"2024-07-29","159653","202000044296","0.8577","0.8577","","",""
"2024-07-30","159653","202000044296","0.8521","0.8521","","",""
"2024-07-31","159653","202000044296","0.8712","0.8712","","",""
"2024-08-01","159653","202000044296","0.8639","0.8639","","",""
"2024-08-02","159653","202000044296","0.8555","0.8555","","",""
"2024-08-05","159653","202000044296","0.8472","0.8472","","",""
"2024-08-06","159653","202000044296","0.8477","0.8477","","",""
"2024-08-07","159653","202000044296","0.8480","0.8480","","",""
"2024-08-08","159653","202000044296","0.8493","0.8493","","",""
"2024-08-09","159653","202000044296","0.8471","0.8471","","",""
"2024-08-12","159653","202000044296","0.8469","0.8469","","",""
"2024-08-13","159653","202000044296","0.8477","0.8477","","",""
"2024-08-14","159653","202000044296","0.8409","0.8409","","",""
"2024-08-15","159653","202000044296","0.8481","0.8481","","",""
"2024-08-16","159653","202000044296","0.8493","0.8493","","",""
"2024-08-19","159653","202000044296","0.8513","0.8513","","",""
"2024-08-20","159653","202000044296","0.8457","0.8457","","",""
"2024-08-21","159653","202000044296","0.8433","0.8433","","",""
"2024-08-22","159653","202000044296","0.8414","0.8414","","",""
"2024-08-23","159653","202000044296","0.8455","0.8455","","",""
"2024-08-26","159653","202000044296","0.8450","0.8450","","",""
"2024-08-27","159653","202000044296","0.8412","0.8412","","",""
"2024-08-28","159653","202000044296","0.8372","0.8372","","",""
"2024-08-29","159653","202000044296","0.8362","0.8362","","",""
"2024-08-30","159653","202000044296","0.8472","0.8472","","",""
"2024-09-02","159653","202000044296","0.8344","0.8344","","",""
"2024-09-03","159653","202000044296","0.8369","0.8369","","",""
"2024-09-04","159653","202000044296","0.8317","0.8317","","",""
"2024-09-05","159653","202000044296","0.8336","0.8336","","",""
"2024-09-06","159653","202000044296","0.8258","0.8258","","",""
"2024-09-09","159653","202000044296","0.8165","0.8165","","",""
"2024-09-10","159653","202000044296","0.8168","0.8168","","",""
"2024-09-11","159653","202000044296","0.8161","0.8161","","",""
"2024-09-12","159653","202000044296","0.8127","0.8127","","",""
"2024-09-13","159653","202000044296","0.8094","0.8094","","",""
"2024-09-18","159653","202000044296","0.8131","0.8131","","",""
"2024-09-19","159653","202000044296","0.8188","0.8188","","",""
"2024-09-20","159653","202000044296","0.8196","0.8196","","",""
"2024-09-23","159653","202000044296","0.8221","0.8221","","",""
"2024-09-24","159653","202000044296","0.8570","0.8570","","",""
"2024-09-25","159653","202000044296","0.8684","0.8684","","",""
"2024-09-26","159653","202000044296","0.9050","0.9050","","",""
"2024-09-27","159653","202000044296","0.9452","0.9452","","",""
"2024-09-30","159653","202000044296","1.0209","1.0209","","",""
"2024-10-08","159653","202000044296","1.0769","1.0769","","",""
"2024-10-09","159653","202000044296","0.9998","0.9998","","",""
"2024-10-10","159653","202000044296","1.0123","1.0123","","",""
"2024-10-11","159653","202000044296","0.9854","0.9854","","",""
"2024-10-14","159653","202000044296","1.0034","1.0034","","",""
"2024-10-15","159653","202000044296","0.9772","0.9772","","",""
"2024-10-16","159653","202000044296","0.9712","0.9712","","",""
"2024-10-17","159653","202000044296","0.9595","0.9595","","",""
"2024-10-18","159653","202000044296","0.9926","0.9926","","",""
"2024-10-21","159653","202000044296","0.9947","0.9947","","",""
"2024-10-22","159653","202000044296","1.0016","1.0016","","",""
"2024-10-23","159653","202000044296","1.0056","1.0056","","",""
"2024-10-24","159653","202000044296","0.9947","0.9947","","",""
"2024-10-25","159653","202000044296","1.0026","1.0026","","",""
"2024-10-28","159653","202000044296","1.0048","1.0048","","",""
"2024-10-29","159653","202000044296","0.9946","0.9946","","",""
"2024-10-30","159653","202000044296","0.9857","0.9857","","",""
"2024-10-31","159653","202000044296","0.9859","0.9859","","",""
"2024-11-01","159653","202000044296","0.9874","0.9874","","",""
"2024-11-04","159653","202000044296","1.0007","1.0007","","",""
"2024-11-05","159653","202000044296","1.0238","1.0238","","",""
"2024-11-06","159653","202000044296","1.0161","1.0161","","",""
"2024-11-07","159653","202000044296","1.0457","1.0457","","",""
"2024-11-08","159653","202000044296","1.0344","1.0344","","",""
"2024-11-11","159653","202000044296","1.0396","1.0396","","",""
"2024-11-12","159653","202000044296","1.0306","1.0306","","",""
"2024-11-13","159653","202000044296","1.0352","1.0352","","",""
"2024-11-14","159653","202000044296","1.0179","1.0179","","",""
"2024-11-15","159653","202000044296","1.0002","1.0002","","",""
"2024-11-18","159653","202000044296","0.9962","0.9962","","",""
"2024-11-19","159653","202000044296","1.0028","1.0028","","",""
"2024-11-20","159653","202000044296","1.0056","1.0056","","",""
"2024-11-21","159653","202000044296","1.0055","1.0055","","",""
"2024-11-22","159653","202000044296","0.9751","0.9751","","",""
"2024-11-25","159653","202000044296","0.9714","0.9714","","",""
"2024-11-26","159653","202000044296","0.9699","0.9699","","",""
"2024-11-27","159653","202000044296","0.9852","0.9852","","",""
"2024-11-28","159653","202000044296","0.9765","0.9765","","",""
"2024-11-29","159653","202000044296","0.9865","0.9865","","",""
"2024-12-02","159653","202000044296","0.9947","0.9947","","",""
"2024-12-03","159653","202000044296","0.9955","0.9955","","",""
"2024-12-04","159653","202000044296","0.9893","0.9893","","",""
"2024-12-05","159653","202000044296","0.9862","0.9862","","",""
"2024-12-06","159653","202000044296","0.9995","0.9995","","",""
"2024-12-09","159653","202000044296","0.9978","0.9978","","",""
"2024-12-10","159653","202000044296","1.0049","1.0049","","",""
"2024-12-11","159653","202000044296","1.0042","1.0042","","",""
"2024-12-12","159653","202000044296","1.0141","1.0141","","",""
"2024-12-13","159653","202000044296","0.9908","0.9908","","",""
"2024-12-16","159653","202000044296","0.9843","0.9843","","",""
"2024-12-17","159653","202000044296","0.9874","0.9874","","",""
"2024-12-18","159653","202000044296","0.9910","0.9910","","",""
"2024-12-19","159653","202000044296","0.9909","0.9909","","",""
"2024-12-20","159653","202000044296","0.9867","0.9867","","",""
"2024-12-23","159653","202000044296","0.9874","0.9874","","",""
"2024-12-24","159653","202000044296","0.9995","0.9995","","",""
"2024-12-25","159653","202000044296","0.9986","0.9986","","",""
"2024-12-26","159653","202000044296","0.9980","0.9980","","",""
"2024-12-27","159653","202000044296","0.9969","0.9969","","",""
"2024-12-30","159653","202000044296","1.0007","1.0007","","",""
"2024-12-31","159653","202000044296","0.9862","0.9862","","",""
"2025-01-02","159653","202000044296","0.9592","0.9592","","",""
"2025-01-03","159653","202000044296","0.9483","0.9483","","",""
"2025-01-06","159653","202000044296","0.9465","0.9465","","",""
"2025-01-07","159653","202000044296","0.9510","0.9510","","",""
"2025-01-08","159653","202000044296","0.9483","0.9483","","",""
"2025-01-09","159653","202000044296","0.9463","0.9463","","",""
"2025-01-10","159653","202000044296","0.9350","0.9350","","",""
"2025-01-13","159653","202000044296","0.9335","0.9335","","",""
"2025-01-14","159653","202000044296","0.9571","0.9571","","",""
"2025-01-15","159653","202000044296","0.9509","0.9509","","",""
"2025-01-16","159653","202000044296","0.9523","0.9523","","",""
"2025-01-17","159653","202000044296","0.9554","0.9554","","",""
"2025-01-20","159653","202000044296","0.9611","0.9611","","",""
"2025-01-21","159653","202000044296","0.9620","0.9620","","",""
"2025-01-22","159653","202000044296","0.9522","0.9522","","",""
"2025-01-23","159653","202000044296","0.9538","0.9538","","",""
"2025-01-24","159653","202000044296","0.9618","0.9618","","",""
"2025-01-27","159653","202000044296","0.9578","0.9578","","",""
"2025-02-05","159653","202000044296","0.9520","0.9520","","",""
"2025-02-06","159653","202000044296","0.9641","0.9641","","",""
"2025-02-07","159653","202000044296","0.9781","0.9781","","",""
"2025-02-10","159653","202000044296","0.9797","0.9797","","",""
"2025-02-11","159653","202000044296","0.9746","0.9746","","",""
"2025-02-12","159653","202000044296","0.9848","0.9848","","",""
"2025-02-13","159653","202000044296","0.9826","0.9826","","",""
"2025-02-14","159653","202000044296","0.9912","0.9912","","",""
"2025-02-17","159653","202000044296","0.9919","0.9919","","",""
"2025-02-18","159653","202000044296","0.9842","0.9842","","",""
"2025-02-19","159653","202000044296","0.9924","0.9924","","",""
"2025-02-20","159653","202000044296","0.9899","0.9899","","",""
"2025-02-21","159653","202000044296","0.9993","0.9993","","",""
"2025-02-24","159653","202000044296","0.9964","0.9964","","",""
"2025-02-25","159653","202000044296","0.9854","0.9854","","",""
"2025-02-26","159653","202000044296","0.9942","0.9942","","",""
"2025-02-27","159653","202000044296","0.9973","0.9973","","",""
"2025-02-28","159653","202000044296","0.9793","0.9793","","",""
"2025-03-03","159653","202000044296","0.9806","0.9806","","",""
"2025-03-04","159653","202000044296","0.9779","0.9779","","",""
"2025-03-05","159653","202000044296","0.9806","0.9806","","",""
"2025-03-06","159653","202000044296","0.9936","0.9936","","",""
"2025-03-07","159653","202000044296","0.9913","0.9913","","",""
"2025-03-10","159653","202000044296","0.9883","0.9883","","",""
"2025-03-11","159653","202000044296","0.9920","0.9920","","",""
"2025-03-12","159653","202000044296","0.9887","0.9887","","",""
"2025-03-13","159653","202000044296","0.9857","0.9857","","",""
"2025-03-14","159653","202000044296","1.0110","1.0110","","",""
"2025-03-17","159653","202000044296","1.0089","1.0089","","",""
"2025-03-18","159653","202000044296","1.0118","1.0118","","",""
"2025-03-19","159653","202000044296","1.0143","1.0143","","",""
"2025-03-20","159653","202000044296","1.0046","1.0046","","",""
"2025-03-21","159653","202000044296","0.9893","0.9893","","",""
"2025-03-24","159653","202000044296","0.9937","0.9937","","",""
"2025-03-25","159653","202000044296","0.9936","0.9936","","",""
"2025-03-26","159653","202000044296","0.9900","0.9900","","",""
"2025-03-27","159653","202000044296","0.9931","0.9931","","",""
"2025-03-28","159653","202000044296","0.9887","0.9887","","",""
"2025-03-31","159653","202000044296","0.9808","0.9808","","",""
"2025-04-01","159653","202000044296","0.9809","0.9809","","",""
"2024-04-02","159717","202000031050","0.8040","0.8040","","",""
"2024-04-03","159717","202000031050","0.8015","0.8015","","",""
"2024-04-08","159717","202000031050","0.7933","0.7933","","",""
"2024-04-09","159717","202000031050","0.7931","0.7931","","",""
"2024-04-10","159717","202000031050","0.7875","0.7875","","",""
"2024-04-11","159717","202000031050","0.7874","0.7874","","",""
"2024-04-12","159717","202000031050","0.7817","0.7817","","",""
"2024-04-15","159717","202000031050","0.7979","0.7979","","",""
"2024-04-16","159717","202000031050","0.7904","0.7904","","",""
"2024-04-17","159717","202000031050","0.8013","0.8013","","",""
"2024-04-18","159717","202000031050","0.8026","0.8026","","",""
"2024-04-19","159717","202000031050","0.7969","0.7969","","",""
"2024-04-22","159717","202000031050","0.7946","0.7946","","",""
"2024-04-23","159717","202000031050","0.7901","0.7901","","",""
"2024-04-24","159717","202000031050","0.7935","0.7935","","",""
"2024-04-25","159717","202000031050","0.7953","0.7953","","",""
"2024-04-26","159717","202000031050","0.8077","0.8077","","",""
"2024-04-29","159717","202000031050","0.8169","0.8169","","",""
"2024-04-30","159717","202000031050","0.8140","0.8140","","",""
"2024-05-06","159717","202000031050","0.8271","0.8271","","",""
"2024-05-07","159717","202000031050","0.8282","0.8282","","",""
"2024-05-08","159717","202000031050","0.8211","0.8211","","",""
"2024-05-09","159717","202000031050","0.8289","0.8289","","",""
"2024-05-10","159717","202000031050","0.8289","0.8289","","",""
"2024-05-13","159717","202000031050","0.8280","0.8280","","",""
"2024-05-14","159717","202000031050","0.8259","0.8259","","",""
"2024-05-15","159717","202000031050","0.8208","0.8208","","",""
"2024-05-16","159717","202000031050","0.8238","0.8238","","",""
"2024-05-17","159717","202000031050","0.8322","0.8322","","",""
"2024-05-20","159717","202000031050","0.8346","0.8346","","",""
"2024-05-21","159717","202000031050","0.8312","0.8312","","",""
"2024-05-22","159717","202000031050","0.8320","0.8320","","",""
"2024-05-23","159717","202000031050","0.8230","0.8230","","",""
"2024-05-24","159717","202000031050","0.8147","0.8147","","",""
"2024-05-27","159717","202000031050","0.8217","0.8217","","",""
"2024-05-28","159717","202000031050","0.8154","0.8154","","",""
"2024-05-29","159717","202000031050","0.8162","0.8162","","",""
"2024-05-30","159717","202000031050","0.8109","0.8109","","",""
"2024-05-31","159717","202000031050","0.8069","0.8069","","",""
"2024-06-03","159717","202000031050","0.8086","0.8086","","",""
"2024-06-04","159717","202000031050","0.8160","0.8160","","",""
"2024-06-05","159717","202000031050","0.8112","0.8112","","",""
"2024-06-06","159717","202000031050","0.8112","0.8112","","",""
"2024-06-07","159717","202000031050","0.8061","0.8061","","",""
"2024-06-11","159717","202000031050","0.7983","0.7983","","",""
"2024-06-12","159717","202000031050","0.7986","0.7986","","",""
"2024-06-13","159717","202000031050","0.7938","0.7938","","",""
"2024-06-14","159717","202000031050","0.7986","0.7986","","",""
"2024-06-17","159717","202000031050","0.7971","0.7971","","",""
"2024-06-18","159717","202000031050","0.7986","0.7986","","",""
"2024-06-19","159717","202000031050","0.7954","0.7954","","",""
"2024-06-20","159717","202000031050","0.7894","0.7894","","",""
"2024-06-21","159717","202000031050","0.7867","0.7867","","",""
"2024-06-24","159717","202000031050","0.7836","0.7836","","",""
"2024-06-25","159717","202000031050","0.7801","0.7801","","",""
"2024-06-26","159717","202000031050","0.7850","0.7850","","",""
"2024-06-27","159717","202000031050","0.7784","0.7784","","",""
"2024-06-28","159717","202000031050","0.7791","0.7791","","",""
"2024-06-30","159717","202000031050","0.7791","0.7791","","",""
"2024-07-01","159717","202000031050","0.7828","0.7828","","",""
"2024-07-02","159717","202000031050","0.7806","0.7806","","",""
"2024-07-03","159717","202000031050","0.7780","0.7780","","",""
"2024-07-04","159717","202000031050","0.7748","0.7748","","",""
"2024-07-05","159717","202000031050","0.7724","0.7724","","",""
"2024-07-08","159717","202000031050","0.7656","0.7656","","",""
"2024-07-09","159717","202000031050","0.7747","0.7747","","",""
"2024-07-10","159717","202000031050","0.7734","0.7734","","",""
"2024-07-11","159717","202000031050","0.7842","0.7842","","",""
"2024-07-12","159717","202000031050","0.7862","0.7862","","",""
"2024-07-15","159717","202000031050","0.7857","0.7857","","",""
"2024-07-16","159717","202000031050","0.7901","0.7901","","",""
"2024-07-17","159717","202000031050","0.7910","0.7910","","",""
"2024-07-18","159717","202000031050","0.7955","0.7955","","",""
"2024-07-19","159717","202000031050","0.7990","0.7990","","",""
"2024-07-22","159717","202000031050","0.7933","0.7933","","",""
"2024-07-23","159717","202000031050","0.7770","0.7770","","",""
"2024-07-24","159717","202000031050","0.7718","0.7718","","",""
"2024-07-25","159717","202000031050","0.7679","0.7679","","",""
"2024-07-26","159717","202000031050","0.7717","0.7717","","",""
"2024-07-29","159717","202000031050","0.7660","0.7660","","",""
"2024-07-30","159717","202000031050","0.7608","0.7608","","",""
"2024-07-31","159717","202000031050","0.7786","0.7786","","",""
"2024-08-01","159717","202000031050","0.7718","0.7718","","",""
"2024-08-02","159717","202000031050","0.7639","0.7639","","",""
"2024-08-05","159717","202000031050","0.7561","0.7561","","",""
"2024-08-06","159717","202000031050","0.7566","0.7566","","",""
"2024-08-07","159717","202000031050","0.7568","0.7568","","",""
"2024-08-08","159717","202000031050","0.7580","0.7580","","",""
"2024-08-09","159717","202000031050","0.7559","0.7559","","",""
"2024-08-12","159717","202000031050","0.7557","0.7557","","",""
"2024-08-13","159717","202000031050","0.7565","0.7565","","",""
"2024-08-14","159717","202000031050","0.7501","0.7501","","",""
"2024-08-15","159717","202000031050","0.7569","0.7569","","",""
"2024-08-16","159717","202000031050","0.7580","0.7580","","",""
"2024-08-19","159717","202000031050","0.7598","0.7598","","",""
"2024-08-20","159717","202000031050","0.7545","0.7545","","",""
"2024-08-21","159717","202000031050","0.7522","0.7522","","",""
"2024-08-22","159717","202000031050","0.7503","0.7503","","",""
"2024-08-23","159717","202000031050","0.7542","0.7542","","",""
"2024-08-26","159717","202000031050","0.7537","0.7537","","",""
"2024-08-27","159717","202000031050","0.7501","0.7501","","",""
"2024-08-28","159717","202000031050","0.7463","0.7463","","",""
"2024-08-29","159717","202000031050","0.7453","0.7453","","",""
"2024-08-30","159717","202000031050","0.7558","0.7558","","",""
"2024-09-02","159717","202000031050","0.7436","0.7436","","",""
"2024-09-03","159717","202000031050","0.7459","0.7459","","",""
"2024-09-04","159717","202000031050","0.7411","0.7411","","",""
"2024-09-05","159717","202000031050","0.7428","0.7428","","",""
"2024-09-06","159717","202000031050","0.7357","0.7357","","",""
"2024-09-09","159717","202000031050","0.7271","0.7271","","",""
"2024-09-10","159717","202000031050","0.7273","0.7273","","",""
"2024-09-11","159717","202000031050","0.7267","0.7267","","",""
"2024-09-12","159717","202000031050","0.7236","0.7236","","",""
"2024-09-13","159717","202000031050","0.7205","0.7205","","",""
"2024-09-18","159717","202000031050","0.7240","0.7240","","",""
"2024-09-19","159717","202000031050","0.7293","0.7293","","",""
"2024-09-20","159717","202000031050","0.7299","0.7299","","",""
"2024-09-23","159717","202000031050","0.7321","0.7321","","",""
"2024-09-24","159717","202000031050","0.7642","0.7642","","",""
"2024-09-25","159717","202000031050","0.7747","0.7747","","",""
"2024-09-26","159717","202000031050","0.8083","0.8083","","",""
"2024-09-27","159717","202000031050","0.8453","0.8453","","",""
"2024-09-30","159717","202000031050","0.9150","0.9150","","",""
"2024-10-08","159717","202000031050","0.9667","0.9667","","",""
"2024-10-09","159717","202000031050","0.8956","0.8956","","",""
"2024-10-10","159717","202000031050","0.9064","0.9064","","",""
"2024-10-11","159717","202000031050","0.8819","0.8819","","",""
"2024-10-14","159717","202000031050","0.8973","0.8973","","",""
"2024-10-15","159717","202000031050","0.8735","0.8735","","",""
"2024-10-16","159717","202000031050","0.8680","0.8680","","",""
"2024-10-17","159717","202000031050","0.8572","0.8572","","",""
"2024-10-18","159717","202000031050","0.8877","0.8877","","",""
"2024-10-21","159717","202000031050","0.8896","0.8896","","",""
"2024-10-22","159717","202000031050","0.8960","0.8960","","",""
"2024-10-23","159717","202000031050","0.8996","0.8996","","",""
"2024-10-24","159717","202000031050","0.8893","0.8893","","",""
"2024-10-25","159717","202000031050","0.8966","0.8966","","",""
"2024-10-28","159717","202000031050","0.8986","0.8986","","",""
"2024-10-29","159717","202000031050","0.8892","0.8892","","",""
"2024-10-30","159717","202000031050","0.8809","0.8809","","",""
"2024-10-31","159717","202000031050","0.8811","0.8811","","",""
"2024-11-01","159717","202000031050","0.8824","0.8824","","",""
"2024-11-04","159717","202000031050","0.8947","0.8947","","",""
"2024-11-05","159717","202000031050","0.9160","0.9160","","",""
"2024-11-06","159717","202000031050","0.9088","0.9088","","",""
"2024-11-07","159717","202000031050","0.9357","0.9357","","",""
"2024-11-08","159717","202000031050","0.9255","0.9255","","",""
"2024-11-11","159717","202000031050","0.9302","0.9302","","",""
"2024-11-12","159717","202000031050","0.9219","0.9219","","",""
"2024-11-13","159717","202000031050","0.9261","0.9261","","",""
"2024-11-14","159717","202000031050","0.9103","0.9103","","",""
"2024-11-15","159717","202000031050","0.8942","0.8942","","",""
"2024-11-18","159717","202000031050","0.8906","0.8906","","",""
"2024-11-19","159717","202000031050","0.8966","0.8966","","",""
"2024-11-20","159717","202000031050","0.8992","0.8992","","",""
"2024-11-21","159717","202000031050","0.8990","0.8990","","",""
"2024-11-22","159717","202000031050","0.8714","0.8714","","",""
"2024-11-25","159717","202000031050","0.8680","0.8680","","",""
"2024-11-26","159717","202000031050","0.8668","0.8668","","",""
"2024-11-27","159717","202000031050","0.8806","0.8806","","",""
"2024-11-28","159717","202000031050","0.8727","0.8727","","",""
"2024-11-29","159717","202000031050","0.8818","0.8818","","",""
"2024-12-02","159717","202000031050","0.8891","0.8891","","",""
"2024-12-03","159717","202000031050","0.8899","0.8899","","",""
"2024-12-04","159717","202000031050","0.8843","0.8843","","",""
"2024-12-05","159717","202000031050","0.8815","0.8815","","",""
"2024-12-06","159717","202000031050","0.8935","0.8935","","",""
"2024-12-09","159717","202000031050","0.8919","0.8919","","",""
"2024-12-10","159717","202000031050","0.8983","0.8983","","",""
"2024-12-11","159717","202000031050","0.8977","0.8977","","",""
"2024-12-12","159717","202000031050","0.9067","0.9067","","",""
"2024-12-13","159717","202000031050","0.8854","0.8854","","",""
"2024-12-16","159717","202000031050","0.8794","0.8794","","",""
"2024-12-17","159717","202000031050","0.8823","0.8823","","",""
"2024-12-18","159717","202000031050","0.8856","0.8856","","",""
"2024-12-19","159717","202000031050","0.8854","0.8854","","",""
"2024-12-20","159717","202000031050","0.8816","0.8816","","",""
"2024-12-23","159717","202000031050","0.8822","0.8822","","",""
"2024-12-24","159717","202000031050","0.8932","0.8932","","",""
"2024-12-25","159717","202000031050","0.8924","0.8924","","",""
"2024-12-26","159717","202000031050","0.8919","0.8919","","",""
"2024-12-27","159717","202000031050","0.8908","0.8908","","",""
"2024-12-30","159717","202000031050","0.8943","0.8943","","",""
"2024-12-31","159717","202000031050","0.8811","0.8811","","",""
"2025-01-02","159717","202000031050","0.8566","0.8566","","",""
"2025-01-03","159717","202000031050","0.8467","0.8467","","",""
"2025-01-06","159717","202000031050","0.8451","0.8451","","",""
"2025-01-07","159717","202000031050","0.8491","0.8491","","",""
"2025-01-08","159717","202000031050","0.8467","0.8467","","",""
"2025-01-09","159717","202000031050","0.8448","0.8448","","",""
"2025-01-10","159717","202000031050","0.8346","0.8346","","",""
"2025-01-13","159717","202000031050","0.8332","0.8332","","",""
"2025-01-14","159717","202000031050","0.8546","0.8546","","",""
"2025-01-15","159717","202000031050","0.8490","0.8490","","",""
"2025-01-16","159717","202000031050","0.8503","0.8503","","",""
"2025-01-17","159717","202000031050","0.8530","0.8530","","",""
"2025-01-20","159717","202000031050","0.8581","0.8581","","",""
"2025-01-21","159717","202000031050","0.8589","0.8589","","",""
"2025-01-22","159717","202000031050","0.8501","0.8501","","",""
"2025-01-23","159717","202000031050","0.8516","0.8516","","",""
"2025-01-24","159717","202000031050","0.8586","0.8586","","",""
"2025-01-27","159717","202000031050","0.8550","0.8550","","",""
"2025-02-05","159717","202000031050","0.8496","0.8496","","",""
"2025-02-06","159717","202000031050","0.8605","0.8605","","",""
"2025-02-07","159717","202000031050","0.8729","0.8729","","",""
"2025-02-10","159717","202000031050","0.8743","0.8743","","",""
"2025-02-11","159717","202000031050","0.8698","0.8698","","",""
"2025-02-12","159717","202000031050","0.8789","0.8789","","",""
"2025-02-13","159717","202000031050","0.8769","0.8769","","",""
"2025-02-14","159717","202000031050","0.8846","0.8846","","",""
"2025-02-17","159717","202000031050","0.8852","0.8852","","",""
"2025-02-18","159717","202000031050","0.8784","0.8784","","",""
"2025-02-19","159717","202000031050","0.8858","0.8858","","",""
"2025-02-20","159717","202000031050","0.8835","0.8835","","",""
"2025-02-21","159717","202000031050","0.8919","0.8919","","",""
"2025-02-24","159717","202000031050","0.8893","0.8893","","",""
"2025-02-25","159717","202000031050","0.8794","0.8794","","",""
"2025-02-26","159717","202000031050","0.8873","0.8873","","",""
"2025-02-27","159717","202000031050","0.8901","0.8901","","",""
"2025-02-28","159717","202000031050","0.8740","0.8740","","",""
"2025-03-03","159717","202000031050","0.8751","0.8751","","",""
"2025-03-04","159717","202000031050","0.8727","0.8727","","",""
"2025-03-05","159717","202000031050","0.8751","0.8751","","",""
"2025-03-06","159717","202000031050","0.8867","0.8867","","",""
"2025-03-07","159717","202000031050","0.8845","0.8845","","",""
"2025-03-10","159717","202000031050","0.8819","0.8819","","",""
"2025-03-11","159717","202000031050","0.8852","0.8852","","",""
"2025-03-12","159717","202000031050","0.8823","0.8823","","",""
"2025-03-13","159717","202000031050","0.8795","0.8795","","",""
"2025-03-14","159717","202000031050","0.9021","0.9021","","",""
"2025-03-17","159717","202000031050","0.9002","0.9002","","",""
"2025-03-18","159717","202000031050","0.9028","0.9028","","",""
"2025-03-19","159717","202000031050","0.9051","0.9051","","",""
"2025-03-20","159717","202000031050","0.8964","0.8964","","",""
"2025-03-21","159717","202000031050","0.8828","0.8828","","",""
"2025-03-24","159717","202000031050","0.8867","0.8867","","",""
"2025-03-25","159717","202000031050","0.8865","0.8865","","",""
"2025-03-26","159717","202000031050","0.8834","0.8834","","",""
"2025-03-27","159717","202000031050","0.8861","0.8861","","",""
"2025-03-28","159717","202000031050","0.8822","0.8822","","",""
"2025-03-31","159717","202000031050","0.8751","0.8751","","",""
"2025-04-01","159717","202000031050","0.8752","0.8752","","",""
"2024-04-02","159791","202000036118","0.8392","0.8392","","",""
"2024-04-03","159791","202000036118","0.8357","0.8357","","",""
"2024-04-08","159791","202000036118","0.8285","0.8285","","",""
"2024-04-09","159791","202000036118","0.8274","0.8274","","",""
"2024-04-10","159791","202000036118","0.8208","0.8208","","",""
"2024-04-11","159791","202000036118","0.8204","0.8204","","",""
"2024-04-12","159791","202000036118","0.8142","0.8142","","",""
"2024-04-15","159791","202000036118","0.8319","0.8319","","",""
"2024-04-16","159791","202000036118","0.8250","0.8250","","",""
"2024-04-17","159791","202000036118","0.8369","0.8369","","",""
"2024-04-18","159791","202000036118","0.8375","0.8375","","",""
"2024-04-19","159791","202000036118","0.8302","0.8302","","",""
"2024-04-22","159791","202000036118","0.8278","0.8278","","",""
"2024-04-23","159791","202000036118","0.8227","0.8227","","",""
"2024-04-24","159791","202000036118","0.8260","0.8260","","",""
"2024-04-25","159791","202000036118","0.8281","0.8281","","",""
"2024-04-26","159791","202000036118","0.8410","0.8410","","",""
"2024-04-29","159791","202000036118","0.8501","0.8501","","",""
"2024-04-30","159791","202000036118","0.8471","0.8471","","",""
"2024-05-06","159791","202000036118","0.8598","0.8598","","",""
"2024-05-07","159791","202000036118","0.8595","0.8595","","",""
"2024-05-08","159791","202000036118","0.8524","0.8524","","",""
"2024-05-09","159791","202000036118","0.8597","0.8597","","",""
"2024-05-10","159791","202000036118","0.8598","0.8598","","",""
"2024-05-13","159791","202000036118","0.8590","0.8590","","",""
"2024-05-14","159791","202000036118","0.8562","0.8562","","",""
"2024-05-15","159791","202000036118","0.8506","0.8506","","",""
"2024-05-16","159791","202000036118","0.8543","0.8543","","",""
"2024-05-17","159791","202000036118","0.8625","0.8625","","",""
"2024-05-20","159791","202000036118","0.8646","0.8646","","",""
"2024-05-21","159791","202000036118","0.8617","0.8617","","",""
"2024-05-22","159791","202000036118","0.8637","0.8637","","",""
"2024-05-23","159791","202000036118","0.8548","0.8548","","",""
"2024-05-24","159791","202000036118","0.8453","0.8453","","",""
"2024-05-27","159791","202000036118","0.8528","0.8528","","",""
"2024-05-28","159791","202000036118","0.8470","0.8470","","",""
"2024-05-29","159791","202000036118","0.8485","0.8485","","",""
"2024-05-30","159791","202000036118","0.8435","0.8435","","",""
"2024-05-31","159791","202000036118","0.8396","0.8396","","",""
"2024-06-03","159791","202000036118","0.8430","0.8430","","",""
"2024-06-04","159791","202000036118","0.8498","0.8498","","",""
"2024-06-05","159791","202000036118","0.8451","0.8451","","",""
"2024-06-06","159791","202000036118","0.8457","0.8457","","",""
"2024-06-07","159791","202000036118","0.8406","0.8406","","",""
"2024-06-11","159791","202000036118","0.8328","0.8328","","",""
"2024-06-12","159791","202000036118","0.8327","0.8327","","",""
"2024-06-13","159791","202000036118","0.8287","0.8287","","",""
"2024-06-14","159791","202000036118","0.8326","0.8326","","",""
"2024-06-17","159791","202000036118","0.8308","0.8308","","",""
"2024-06-18","159791","202000036118","0.8329","0.8329","","",""
"2024-06-19","159791","202000036118","0.8308","0.8308","","",""
"2024-06-20","159791","202000036118","0.8251","0.8251","","",""
"2024-06-21","159791","202000036118","0.8226","0.8226","","",""
"2024-06-24","159791","202000036118","0.8198","0.8198","","",""
"2024-06-25","159791","202000036118","0.8156","0.8156","","",""
"2024-06-26","159791","202000036118","0.8209","0.8209","","",""
"2024-06-27","159791","202000036118","0.8156","0.8156","","",""
"2024-06-28","159791","202000036118","0.8173","0.8173","","",""
"2024-06-30","159791","202000036118","0.8172","0.8172","","",""
"2024-07-01","159791","202000036118","0.8199","0.8199","","",""
"2024-07-02","159791","202000036118","0.8193","0.8193","","",""
"2024-07-03","159791","202000036118","0.8177","0.8177","","",""
"2024-07-04","159791","202000036118","0.8142","0.8142","","",""
"2024-07-05","159791","202000036118","0.8101","0.8101","","",""
"2024-07-08","159791","202000036118","0.8041","0.8041","","",""
"2024-07-09","159791","202000036118","0.8135","0.8135","","",""
"2024-07-10","159791","202000036118","0.8122","0.8122","","",""
"2024-07-11","159791","202000036118","0.8228","0.8228","","",""
"2024-07-12","159791","202000036118","0.8262","0.8262","","",""
"2024-07-15","159791","202000036118","0.8263","0.8263","","",""
"2024-07-16","159791","202000036118","0.8322","0.8322","","",""
"2024-07-17","159791","202000036118","0.8334","0.8334","","",""
"2024-07-18","159791","202000036118","0.8383","0.8383","","",""
"2024-07-19","159791","202000036118","0.8427","0.8427","","",""
"2024-07-22","159791","202000036118","0.8370","0.8370","","",""
"2024-07-23","159791","202000036118","0.8204","0.8204","","",""
"2024-07-24","159791","202000036118","0.8152","0.8152","","",""
"2024-07-25","159791","202000036118","0.8113","0.8113","","",""
"2024-07-26","159791","202000036118","0.8137","0.8137","","",""
"2024-07-29","159791","202000036118","0.8089","0.8089","","",""
"2024-07-30","159791","202000036118","0.8034","0.8034","","",""
"2024-07-31","159791","202000036118","0.8199","0.8199","","",""
"2024-08-01","159791","202000036118","0.8139","0.8139","","",""
"2024-08-02","159791","202000036118","0.8058","0.8058","","",""
"2024-08-05","159791","202000036118","0.7963","0.7963","","",""
"2024-08-06","159791","202000036118","0.7956","0.7956","","",""
"2024-08-07","159791","202000036118","0.7956","0.7956","","",""
"2024-08-08","159791","202000036118","0.7963","0.7963","","",""
"2024-08-09","159791","202000036118","0.7943","0.7943","","",""
"2024-08-12","159791","202000036118","0.7929","0.7929","","",""
"2024-08-13","159791","202000036118","0.7942","0.7942","","",""
"2024-08-14","159791","202000036118","0.7886","0.7886","","",""
"2024-08-15","159791","202000036118","0.7968","0.7968","","",""
"2024-08-16","159791","202000036118","0.7991","0.7991","","",""
"2024-08-19","159791","202000036118","0.8014","0.8014","","",""
"2024-08-20","159791","202000036118","0.7965","0.7965","","",""
"2024-08-21","159791","202000036118","0.7941","0.7941","","",""
"2024-08-22","159791","202000036118","0.7927","0.7927","","",""
"2024-08-23","159791","202000036118","0.7963","0.7963","","",""
"2024-08-26","159791","202000036118","0.7956","0.7956","","",""
"2024-08-27","159791","202000036118","0.7919","0.7919","","",""
"2024-08-28","159791","202000036118","0.7871","0.7871","","",""
"2024-08-29","159791","202000036118","0.7849","0.7849","","",""
"2024-08-30","159791","202000036118","0.7944","0.7944","","",""
"2024-09-02","159791","202000036118","0.7810","0.7810","","",""
"2024-09-03","159791","202000036118","0.7832","0.7832","","",""
"2024-09-04","159791","202000036118","0.7783","0.7783","","",""
"2024-09-05","159791","202000036118","0.7793","0.7793","","",""
"2024-09-06","159791","202000036118","0.7727","0.7727","","",""
"2024-09-09","159791","202000036118","0.7635","0.7635","","",""
"2024-09-10","159791","202000036118","0.7644","0.7644","","",""
"2024-09-11","159791","202000036118","0.7627","0.7627","","",""
"2024-09-12","159791","202000036118","0.7595","0.7595","","",""
"2024-09-13","159791","202000036118","0.7561","0.7561","","",""
"2024-09-18","159791","202000036118","0.7589","0.7589","","",""
"2024-09-19","159791","202000036118","0.7642","0.7642","","",""
"2024-09-20","159791","202000036118","0.7654","0.7654","","",""
"2024-09-23","159791","202000036118","0.7685","0.7685","","",""
"2024-09-24","159791","202000036118","0.8013","0.8013","","",""
"2024-09-25","159791","202000036118","0.8133","0.8133","","",""
"2024-09-26","159791","202000036118","0.8475","0.8475","","",""
"2024-09-27","159791","202000036118","0.8853","0.8853","","",""
"2024-09-30","159791","202000036118","0.9594","0.9594","","",""
"2024-10-08","159791","202000036118","1.0144","1.0144","","",""
"2024-10-09","159791","202000036118","0.9432","0.9432","","",""
"2024-10-10","159791","202000036118","0.9564","0.9564","","",""
"2024-10-11","159791","202000036118","0.9294","0.9294","","",""
"2024-10-14","159791","202000036118","0.9469","0.9469","","",""
"2024-10-15","159791","202000036118","0.9219","0.9219","","",""
"2024-10-16","159791","202000036118","0.9145","0.9145","","",""
"2024-10-17","159791","202000036118","0.9037","0.9037","","",""
"2024-10-18","159791","202000036118","0.9376","0.9376","","",""
"2024-10-21","159791","202000036118","0.9393","0.9393","","",""
"2024-10-22","159791","202000036118","0.9448","0.9448","","",""
"2024-10-23","159791","202000036118","0.9483","0.9483","","",""
"2024-10-24","159791","202000036118","0.9378","0.9378","","",""
"2024-10-25","159791","202000036118","0.9447","0.9447","","",""
"2024-10-28","159791","202000036118","0.9450","0.9450","","",""
"2024-10-29","159791","202000036118","0.9357","0.9357","","",""
"2024-10-30","159791","202000036118","0.9267","0.9267","","",""
"2024-10-31","159791","202000036118","0.9264","0.9264","","",""
"2024-11-01","159791","202000036118","0.9268","0.9268","","",""
"2024-11-04","159791","202000036118","0.9391","0.9391","","",""
"2024-11-05","159791","202000036118","0.9606","0.9606","","",""
"2024-11-06","159791","202000036118","0.9543","0.9543","","",""
"2024-11-07","159791","202000036118","0.9820","0.9820","","",""
"2024-11-08","159791","202000036118","0.9724","0.9724","","",""
"2024-11-11","159791","202000036118","0.9801","0.9801","","",""
"2024-11-12","159791","202000036118","0.9706","0.9706","","",""
"2024-11-13","159791","202000036118","0.9776","0.9776","","",""
"2024-11-14","159791","202000036118","0.9611","0.9611","","",""
"2024-11-15","159791","202000036118","0.9446","0.9446","","",""
"2024-11-18","159791","202000036118","0.9404","0.9404","","",""
"2024-11-19","159791","202000036118","0.9452","0.9452","","",""
"2024-11-20","159791","202000036118","0.9475","0.9475","","",""
"2024-11-21","159791","202000036118","0.9475","0.9475","","",""
"2024-11-22","159791","202000036118","0.9193","0.9193","","",""
"2024-11-25","159791","202000036118","0.9151","0.9151","","",""
"2024-11-26","159791","202000036118","0.9139","0.9139","","",""
"2024-11-27","159791","202000036118","0.9283","0.9283","","",""
"2024-11-28","159791","202000036118","0.9203","0.9203","","",""
"2024-11-29","159791","202000036118","0.9299","0.9299","","",""
"2024-12-02","159791","202000036118","0.9366","0.9366","","",""
"2024-12-03","159791","202000036118","0.9376","0.9376","","",""
"2024-12-04","159791","202000036118","0.9332","0.9332","","",""
"2024-12-05","159791","202000036118","0.9297","0.9297","","",""
"2024-12-06","159791","202000036118","0.9425","0.9425","","",""
"2024-12-09","159791","202000036118","0.9413","0.9413","","",""
"2024-12-10","159791","202000036118","0.9482","0.9482","","",""
"2024-12-11","159791","202000036118","0.9462","0.9462","","",""
"2024-12-12","159791","202000036118","0.9554","0.9554","","",""
"2024-12-13","159791","202000036118","0.9331","0.9331","","",""
"2024-12-16","159791","202000036118","0.9292","0.9292","","",""
"2024-12-17","159791","202000036118","0.9327","0.9327","","",""
"2024-12-18","159791","202000036118","0.9381","0.9381","","",""
"2024-12-19","159791","202000036118","0.9384","0.9384","","",""
"2024-12-20","159791","202000036118","0.9340","0.9340","","",""
"2024-12-23","159791","202000036118","0.9368","0.9368","","",""
"2024-12-24","159791","202000036118","0.9491","0.9491","","",""
"2024-12-25","159791","202000036118","0.9503","0.9503","","",""
"2024-12-26","159791","202000036118","0.9506","0.9506","","",""
"2024-12-27","159791","202000036118","0.9487","0.9487","","",""
"2024-12-30","159791","202000036118","0.9522","0.9522","","",""
"2024-12-31","159791","202000036118","0.9391","0.9391","","",""
"2025-01-02","159791","202000036118","0.9125","0.9125","","",""
"2025-01-03","159791","202000036118","0.9023","0.9023","","",""
"2025-01-06","159791","202000036118","0.9001","0.9001","","",""
"2025-01-07","159791","202000036118","0.9050","0.9050","","",""
"2025-01-08","159791","202000036118","0.9047","0.9047","","",""
"2025-01-09","159791","202000036118","0.9023","0.9023","","",""
"2025-01-10","159791","202000036118","0.8912","0.8912","","",""
"2025-01-13","159791","202000036118","0.8880","0.8880","","",""
"2025-01-14","159791","202000036118","0.9105","0.9105","","",""
"2025-01-15","159791","202000036118","0.9063","0.9063","","",""
"2025-01-16","159791","202000036118","0.9071","0.9071","","",""
"2025-01-17","159791","202000036118","0.9096","0.9096","","",""
"2025-01-20","159791","202000036118","0.9138","0.9138","","",""
"2025-01-21","159791","202000036118","0.9138","0.9138","","",""
"2025-01-22","159791","202000036118","0.9042","0.9042","","",""
"2025-01-23","159791","202000036118","0.9065","0.9065","","",""
"2025-01-24","159791","202000036118","0.9135","0.9135","","",""
"2025-01-27","159791","202000036118","0.9113","0.9113","","",""
"2025-02-05","159791","202000036118","0.9062","0.9062","","",""
"2025-02-06","159791","202000036118","0.9174","0.9174","","",""
"2025-02-07","159791","202000036118","0.9291","0.9291","","",""
"2025-02-10","159791","202000036118","0.9307","0.9307","","",""
"2025-02-11","159791","202000036118","0.9267","0.9267","","",""
"2025-02-12","159791","202000036118","0.9362","0.9362","","",""
"2025-02-13","159791","202000036118","0.9340","0.9340","","",""
"2025-02-14","159791","202000036118","0.9432","0.9432","","",""
"2025-02-17","159791","202000036118","0.9451","0.9451","","",""
"2025-02-18","159791","202000036118","0.9390","0.9390","","",""
"2025-02-19","159791","202000036118","0.9451","0.9451","","",""
"2025-02-20","159791","202000036118","0.9428","0.9428","","",""
"2025-02-21","159791","202000036118","0.9543","0.9543","","",""
"2025-02-24","159791","202000036118","0.9510","0.9510","","",""
"2025-02-25","159791","202000036118","0.9403","0.9403","","",""
"2025-02-26","159791","202000036118","0.9481","0.9481","","",""
"2025-02-27","159791","202000036118","0.9518","0.9518","","",""
"2025-02-28","159791","202000036118","0.9350","0.9350","","",""
"2025-03-03","159791","202000036118","0.9349","0.9349","","",""
"2025-03-04","159791","202000036118","0.9328","0.9328","","",""
"2025-03-05","159791","202000036118","0.9368","0.9368","","",""
"2025-03-06","159791","202000036118","0.9492","0.9492","","",""
"2025-03-07","159791","202000036118","0.9468","0.9468","","",""
"2025-03-10","159791","202000036118","0.9418","0.9418","","",""
"2025-03-11","159791","202000036118","0.9443","0.9443","","",""
"2025-03-12","159791","202000036118","0.9410","0.9410","","",""
"2025-03-13","159791","202000036118","0.9376","0.9376","","",""
"2025-03-14","159791","202000036118","0.9613","0.9613","","",""
"2025-03-17","159791","202000036118","0.9586","0.9586","","",""
"2025-03-18","159791","202000036118","0.9610","0.9610","","",""
"2025-03-19","159791","202000036118","0.9626","0.9626","","",""
"2025-03-20","159791","202000036118","0.9530","0.9530","","",""
"2025-03-21","159791","202000036118","0.9380","0.9380","","",""
"2025-03-24","159791","202000036118","0.9429","0.9429","","",""
"2025-03-25","159791","202000036118","0.9428","0.9428","","",""
"2025-03-26","159791","202000036118","0.9389","0.9389","","",""
"2025-03-27","159791","202000036118","0.9432","0.9432","","",""
"2025-03-28","159791","202000036118","0.9388","0.9388","","",""
"2025-03-31","159791","202000036118","0.9330","0.9330","","",""
"2025-04-01","159791","202000036118","0.9328","0.9328","","",""
"2024-04-02","510990","202000027956","0.7995","0.7995","","",""
"2024-04-03","510990","202000027956","0.7971","0.7971","","",""
"2024-04-08","510990","202000027956","0.7933","0.7933","","",""
"2024-04-09","510990","202000027956","0.7906","0.7906","","",""
"2024-04-10","510990","202000027956","0.7878","0.7878","","",""
"2024-04-11","510990","202000027956","0.7885","0.7885","","",""
"2024-04-12","510990","202000027956","0.7836","0.7836","","",""
"2024-04-15","510990","202000027956","0.7997","0.7997","","",""
"2024-04-16","510990","202000027956","0.7933","0.7933","","",""
"2024-04-17","510990","202000027956","0.8043","0.8043","","",""
"2024-04-18","510990","202000027956","0.8071","0.8071","","",""
"2024-04-19","510990","202000027956","0.8039","0.8039","","",""
"2024-04-22","510990","202000027956","0.8000","0.8000","","",""
"2024-04-23","510990","202000027956","0.7933","0.7933","","",""
"2024-04-24","510990","202000027956","0.7978","0.7978","","",""
"2024-04-25","510990","202000027956","0.7996","0.7996","","",""
"2024-04-26","510990","202000027956","0.8087","0.8087","","",""
"2024-04-29","510990","202000027956","0.8131","0.8131","","",""
"2024-04-30","510990","202000027956","0.8108","0.8108","","",""
"2024-05-06","510990","202000027956","0.8205","0.8205","","",""
"2024-05-07","510990","202000027956","0.8218","0.8218","","",""
"2024-05-08","510990","202000027956","0.8175","0.8175","","",""
"2024-05-09","510990","202000027956","0.8233","0.8233","","",""
"2024-05-10","510990","202000027956","0.8265","0.8265","","",""
"2024-05-13","510990","202000027956","0.8283","0.8283","","",""
"2024-05-14","510990","202000027956","0.8261","0.8261","","",""
"2024-05-15","510990","202000027956","0.8194","0.8194","","",""
"2024-05-16","510990","202000027956","0.8223","0.8223","","",""
"2024-05-17","510990","202000027956","0.8314","0.8314","","",""
"2024-05-20","510990","202000027956","0.8353","0.8353","","",""
"2024-05-21","510990","202000027956","0.8321","0.8321","","",""
"2024-05-22","510990","202000027956","0.8329","0.8329","","",""
"2024-05-23","510990","202000027956","0.8235","0.8235","","",""
"2024-05-24","510990","202000027956","0.8153","0.8153","","",""
"2024-05-27","510990","202000027956","0.8242","0.8242","","",""
"2024-05-28","510990","202000027956","0.8208","0.8208","","",""
"2024-05-29","510990","202000027956","0.8214","0.8214","","",""
"2024-05-30","510990","202000027956","0.8154","0.8154","","",""
"2024-05-31","510990","202000027956","0.8120","0.8120","","",""
"2024-06-03","510990","202000027956","0.8135","0.8135","","",""
"2024-06-04","510990","202000027956","0.8189","0.8189","","",""
"2024-06-05","510990","202000027956","0.8145","0.8145","","",""
"2024-06-06","510990","202000027956","0.8160","0.8160","","",""
"2024-06-07","510990","202000027956","0.8155","0.8155","","",""
"2024-06-11","510990","202000027956","0.8050","0.8050","","",""
"2024-06-12","510990","202000027956","0.8055","0.8055","","",""
"2024-06-13","510990","202000027956","0.8022","0.8022","","",""
"2024-06-14","510990","202000027956","0.8060","0.8060","","",""
"2024-06-17","510990","202000027956","0.8019","0.8019","","",""
"2024-06-18","510990","202000027956","0.8039","0.8039","","",""
"2024-06-19","510990","202000027956","0.8039","0.8039","","",""
"2024-06-20","510990","202000027956","0.8016","0.8016","","",""
"2024-06-21","510990","202000027956","0.7991","0.7991","","",""
"2024-06-24","510990","202000027956","0.7975","0.7975","","",""
"2024-06-25","510990","202000027956","0.7940","0.7940","","",""
"2024-06-26","510990","202000027956","0.7977","0.7977","","",""
"2024-06-27","510990","202000027956","0.7942","0.7942","","",""
"2024-06-28","510990","202000027956","0.7990","0.7990","","",""
"2024-06-30","510990","202000027956","0.7990","0.7990","","",""
"2024-07-01","510990","202000027956","0.8037","0.8037","","",""
"2024-07-02","510990","202000027956","0.8052","0.8052","","",""
"2024-07-03","510990","202000027956","0.8036","0.8036","","",""
"2024-07-04","510990","202000027956","0.8013","0.8013","","",""
"2024-07-05","510990","202000027956","0.7973","0.7973","","",""
"2024-07-08","510990","202000027956","0.7934","0.7934","","",""
"2024-07-09","510990","202000027956","0.8020","0.8020","","",""
"2024-07-10","510990","202000027956","0.7997","0.7997","","",""
"2024-07-11","510990","202000027956","0.8082","0.8082","","",""
"2024-07-12","510990","202000027956","0.8112","0.8112","","",""
"2024-07-15","510990","202000027956","0.8139","0.8139","","",""
"2024-07-16","510990","202000027956","0.8186","0.8186","","",""
"2024-07-17","510990","202000027956","0.8193","0.8193","","",""
"2024-07-18","510990","202000027956","0.8238","0.8238","","",""
"2024-07-19","510990","202000027956","0.8276","0.8276","","",""
"2024-07-22","510990","202000027956","0.8212","0.8212","","",""
"2024-07-23","510990","202000027956","0.8076","0.8076","","",""
"2024-07-24","510990","202000027956","0.8056","0.8056","","",""
"2024-07-25","510990","202000027956","0.7988","0.7988","","",""
"2024-07-26","510990","202000027956","0.7984","0.7984","","",""
"2024-07-29","510990","202000027956","0.7973","0.7973","","",""
"2024-07-30","510990","202000027956","0.7928","0.7928","","",""
"2024-07-31","510990","202000027956","0.8059","0.8059","","",""
"2024-08-01","510990","202000027956","0.8028","0.8028","","",""
"2024-08-02","510990","202000027956","0.7956","0.7956","","",""
"2024-08-05","510990","202000027956","0.7867","0.7867","","",""
"2024-08-06","510990","202000027956","0.7847","0.7847","","",""
"2024-08-07","510990","202000027956","0.7857","0.7857","","",""
"2024-08-08","510990","202000027956","0.7861","0.7861","","",""
"2024-08-09","510990","202000027956","0.7851","0.7851","","",""
"2024-08-12","510990","202000027956","0.7846","0.7846","","",""
"2024-08-13","510990","202000027956","0.7861","0.7861","","",""
"2024-08-14","510990","202000027956","0.7817","0.7817","","",""
"2024-08-15","510990","202000027956","0.7906","0.7906","","",""
"2024-08-16","510990","202000027956","0.7929","0.7929","","",""
"2024-08-19","510990","202000027956","0.7974","0.7974","","",""
"2024-08-20","510990","202000027956","0.7928","0.7928","","",""
"2024-08-21","510990","202000027956","0.7899","0.7899","","",""
"2024-08-22","510990","202000027956","0.7891","0.7891","","",""
"2024-08-23","510990","202000027956","0.7925","0.7925","","",""
"2024-08-26","510990","202000027956","0.7915","0.7915","","",""
"2024-08-27","510990","202000027956","0.7890","0.7890","","",""
"2024-08-28","510990","202000027956","0.7844","0.7844","","",""
"2024-08-29","510990","202000027956","0.7779","0.7779","","",""
"2024-08-30","510990","202000027956","0.7820","0.7820","","",""
"2024-09-02","510990","202000027956","0.7696","0.7696","","",""
"2024-09-03","510990","202000027956","0.7683","0.7683","","",""
"2024-09-04","510990","202000027956","0.7625","0.7625","","",""
"2024-09-05","510990","202000027956","0.7641","0.7641","","",""
"2024-09-06","510990","202000027956","0.7602","0.7602","","",""
"2024-09-09","510990","202000027956","0.7502","0.7502","","",""
"2024-09-10","510990","202000027956","0.7512","0.7512","","",""
"2024-09-11","510990","202000027956","0.7464","0.7464","","",""
"2024-09-12","510990","202000027956","0.7445","0.7445","","",""
"2024-09-13","510990","202000027956","0.7428","0.7428","","",""
"2024-09-18","510990","202000027956","0.7468","0.7468","","",""
"2024-09-19","510990","202000027956","0.7517","0.7517","","",""
"2024-09-20","510990","202000027956","0.7531","0.7531","","",""
"2024-09-23","510990","202000027956","0.7567","0.7567","","",""
"2024-09-24","510990","202000027956","0.7892","0.7892","","",""
"2024-09-25","510990","202000027956","0.8007","0.8007","","",""
"2024-09-26","510990","202000027956","0.8325","0.8325","","",""
"2024-09-27","510990","202000027956","0.8570","0.8570","","",""
"2024-09-30","510990","202000027956","0.9172","0.9172","","",""
"2024-10-08","510990","202000027956","0.9505","0.9505","","",""
"2024-10-09","510990","202000027956","0.8952","0.8952","","",""
"2024-10-10","510990","202000027956","0.9117","0.9117","","",""
"2024-10-11","510990","202000027956","0.8923","0.8923","","",""
"2024-10-14","510990","202000027956","0.9088","0.9088","","",""
"2024-10-15","510990","202000027956","0.8856","0.8856","","",""
"2024-10-16","510990","202000027956","0.8847","0.8847","","",""
"2024-10-17","510990","202000027956","0.8743","0.8743","","",""
"2024-10-18","510990","202000027956","0.8995","0.8995","","",""
"2024-10-21","510990","202000027956","0.9001","0.9001","","",""
"2024-10-22","510990","202000027956","0.9046","0.9046","","",""
"2024-10-23","510990","202000027956","0.9075","0.9075","","",""
"2024-10-24","510990","202000027956","0.8989","0.8989","","",""
"2024-10-25","510990","202000027956","0.9002","0.9002","","",""
"2024-10-28","510990","202000027956","0.9019","0.9019","","",""
"2024-10-29","510990","202000027956","0.8959","0.8959","","",""
"2024-10-30","510990","202000027956","0.8883","0.8883","","",""
"2024-10-31","510990","202000027956","0.8874","0.8874","","",""
"2024-11-01","510990","202000027956","0.8916","0.8916","","",""
"2024-11-04","510990","202000027956","0.9011","0.9011","","",""
"2024-11-05","510990","202000027956","0.9205","0.9205","","",""
"2024-11-06","510990","202000027956","0.9170","0.9170","","",""
"2024-11-07","510990","202000027956","0.9425","0.9425","","",""
"2024-11-08","510990","202000027956","0.9349","0.9349","","",""
"2024-11-11","510990","202000027956","0.9348","0.9348","","",""
"2024-11-12","510990","202000027956","0.9216","0.9216","","",""
"2024-11-13","510990","202000027956","0.9260","0.9260","","",""
"2024-11-14","510990","202000027956","0.9139","0.9139","","",""
"2024-11-15","510990","202000027956","0.9019","0.9019","","",""
"2024-11-18","510990","202000027956","0.9030","0.9030","","",""
"2024-11-19","510990","202000027956","0.9034","0.9034","","",""
"2024-11-20","510990","202000027956","0.9051","0.9051","","",""
"2024-11-21","510990","202000027956","0.9067","0.9067","","",""
"2024-11-22","510990","202000027956","0.8805","0.8805","","",""
"2024-11-25","510990","202000027956","0.8754","0.8754","","",""
"2024-11-26","510990","202000027956","0.8758","0.8758","","",""
"2024-11-27","510990","202000027956","0.8879","0.8879","","",""
"2024-11-28","510990","202000027956","0.8824","0.8824","","",""
"2024-11-29","510990","202000027956","0.8899","0.8899","","",""
"2024-12-02","510990","202000027956","0.8951","0.8951","","",""
"2024-12-03","510990","202000027956","0.8989","0.8989","","",""
"2024-12-04","510990","202000027956","0.8960","0.8960","","",""
"2024-12-05","510990","202000027956","0.8932","0.8932","","",""
"2024-12-06","510990","202000027956","0.9027","0.9027","","",""
"2024-12-09","510990","202000027956","0.9028","0.9028","","",""
"2024-12-10","510990","202000027956","0.9092","0.9092","","",""
"2024-12-11","510990","202000027956","0.9071","0.9071","","",""
"2024-12-12","510990","202000027956","0.9153","0.9153","","",""
"2024-12-13","510990","202000027956","0.8942","0.8942","","",""
"2024-12-16","510990","202000027956","0.8925","0.8925","","",""
"2024-12-17","510990","202000027956","0.8944","0.8944","","",""
"2024-12-18","510990","202000027956","0.9003","0.9003","","",""
"2024-12-19","510990","202000027956","0.8983","0.8983","","",""
"2024-12-20","510990","202000027956","0.8950","0.8950","","",""
"2024-12-23","510990","202000027956","0.8998","0.8998","","",""
"2024-12-24","510990","202000027956","0.9103","0.9103","","",""
"2024-12-25","510990","202000027956","0.9119","0.9119","","",""
"2024-12-26","510990","202000027956","0.9107","0.9107","","",""
"2024-12-27","510990","202000027956","0.9098","0.9098","","",""
"2024-12-30","510990","202000027956","0.9151","0.9151","","",""
"2024-12-31","510990","202000027956","0.9020","0.9020","","",""
"2025-01-02","510990","202000027956","0.8764","0.8764","","",""
"2025-01-03","510990","202000027956","0.8675","0.8675","","",""
"2025-01-06","510990","202000027956","0.8654","0.8654","","",""
"2025-01-07","510990","202000027956","0.8699","0.8699","","",""
"2025-01-08","510990","202000027956","0.8703","0.8703","","",""
"2025-01-09","510990","202000027956","0.8660","0.8660","","",""
"2025-01-10","510990","202000027956","0.8579","0.8579","","",""
"2025-01-13","510990","202000027956","0.8555","0.8555","","",""
"2025-01-14","510990","202000027956","0.8738","0.8738","","",""
"2025-01-15","510990","202000027956","0.8703","0.8703","","",""
"2025-01-16","510990","202000027956","0.8721","0.8721","","",""
"2025-01-17","510990","202000027956","0.8736","0.8736","","",""
"2025-01-20","510990","202000027956","0.8747","0.8747","","",""
"2025-01-21","510990","202000027956","0.8730","0.8730","","",""
"2025-01-22","510990","202000027956","0.8646","0.8646","","",""
"2025-01-23","510990","202000027956","0.8691","0.8691","","",""
"2025-01-24","510990","202000027956","0.8757","0.8757","","",""
"2025-01-27","510990","202000027956","0.8771","0.8771","","",""
"2025-02-05","510990","202000027956","0.8722","0.8722","","",""
"2025-02-06","510990","202000027956","0.8793","0.8793","","",""
"2025-02-07","510990","202000027956","0.8883","0.8883","","",""
"2025-02-10","510990","202000027956","0.8905","0.8905","","",""
"2025-02-11","510990","202000027956","0.8881","0.8881","","",""
"2025-02-12","510990","202000027956","0.8952","0.8952","","",""
"2025-02-13","510990","202000027956","0.8942","0.8942","","",""
"2025-02-14","510990","202000027956","0.9007","0.9007","","",""
"2025-02-17","510990","202000027956","0.9001","0.9001","","",""
"2025-02-18","510990","202000027956","0.8942","0.8942","","",""
"2025-02-19","510990","202000027956","0.8987","0.8987","","",""
"2025-02-20","510990","202000027956","0.8945","0.8945","","",""
"2025-02-21","510990","202000027956","0.9005","0.9005","","",""
"2025-02-24","510990","202000027956","0.8982","0.8982","","",""
"2025-02-25","510990","202000027956","0.8876","0.8876","","",""
"2025-02-26","510990","202000027956","0.8955","0.8955","","",""
"2025-02-27","510990","202000027956","0.8974","0.8974","","",""
"2025-02-28","510990","202000027956","0.8842","0.8842","","",""
"2025-03-03","510990","202000027956","0.8848","0.8848","","",""
"2025-03-04","510990","202000027956","0.8847","0.8847","","",""
"2025-03-05","510990","202000027956","0.8895","0.8895","","",""
"2025-03-06","510990","202000027956","0.8998","0.8998","","",""
"2025-03-07","510990","202000027956","0.8996","0.8996","","",""
"2025-03-10","510990","202000027956","0.8951","0.8951","","",""
"2025-03-11","510990","202000027956","0.8982","0.8982","","",""
"2025-03-12","510990","202000027956","0.8947","0.8947","","",""
"2025-03-13","510990","202000027956","0.8940","0.8940","","",""
"2025-03-14","510990","202000027956","0.9152","0.9152","","",""
"2025-03-17","510990","202000027956","0.9145","0.9145","","",""
"2025-03-18","510990","202000027956","0.9157","0.9157","","",""
"2025-03-19","510990","202000027956","0.9172","0.9172","","",""
"2025-03-20","510990","202000027956","0.9097","0.9097","","",""
"2025-03-21","510990","202000027956","0.8971","0.8971","","",""
"2025-03-24","510990","202000027956","0.9025","0.9025","","",""
"2025-03-25","510990","202000027956","0.9033","0.9033","","",""
"2025-03-26","510990","202000027956","0.8989","0.8989","","",""
"2025-03-27","510990","202000027956","0.9020","0.9020","","",""
"2025-03-28","510990","202000027956","0.8982","0.8982","","",""
"2025-03-31","510990","202000027956","0.8925","0.8925","","",""
"2025-04-01","510990","202000027956","0.8927","0.8927","","",""
"2024-04-02","516720","202000028861","0.7950","0.7950","","",""
"2024-04-03","516720","202000028861","0.7933","0.7933","","",""
"2024-04-08","516720","202000028861","0.7873","0.7873","","",""
"2024-04-09","516720","202000028861","0.7849","0.7849","","",""
"2024-04-10","516720","202000028861","0.7806","0.7806","","",""
"2024-04-11","516720","202000028861","0.7796","0.7796","","",""
"2024-04-12","516720","202000028861","0.7730","0.7730","","",""
"2024-04-15","516720","202000028861","0.7910","0.7910","","",""
"2024-04-16","516720","202000028861","0.7862","0.7862","","",""
"2024-04-17","516720","202000028861","0.7961","0.7961","","",""
"2024-04-18","516720","202000028861","0.7972","0.7972","","",""
"2024-04-19","516720","202000028861","0.7921","0.7921","","",""
"2024-04-22","516720","202000028861","0.7902","0.7902","","",""
"2024-04-23","516720","202000028861","0.7847","0.7847","","",""
"2024-04-24","516720","202000028861","0.7880","0.7880","","",""
"2024-04-25","516720","202000028861","0.7896","0.7896","","",""
"2024-04-26","516720","202000028861","0.8011","0.8011","","",""
"2024-04-29","516720","202000028861","0.8078","0.8078","","",""
"2024-04-30","516720","202000028861","0.8038","0.8038","","",""
"2024-05-06","516720","202000028861","0.8147","0.8147","","",""
"2024-05-07","516720","202000028861","0.8146","0.8146","","",""
"2024-05-08","516720","202000028861","0.8082","0.8082","","",""
"2024-05-09","516720","202000028861","0.8150","0.8150","","",""
"2024-05-10","516720","202000028861","0.8157","0.8157","","",""
"2024-05-13","516720","202000028861","0.8162","0.8162","","",""
"2024-05-14","516720","202000028861","0.8138","0.8138","","",""
"2024-05-15","516720","202000028861","0.8079","0.8079","","",""
"2024-05-16","516720","202000028861","0.8108","0.8108","","",""
"2024-05-17","516720","202000028861","0.8194","0.8194","","",""
"2024-05-20","516720","202000028861","0.8213","0.8213","","",""
"2024-05-21","516720","202000028861","0.8182","0.8182","","",""
"2024-05-22","516720","202000028861","0.8197","0.8197","","",""
"2024-05-23","516720","202000028861","0.8107","0.8107","","",""
"2024-05-24","516720","202000028861","0.8026","0.8026","","",""
"2024-05-27","516720","202000028861","0.8104","0.8104","","",""
"2024-05-28","516720","202000028861","0.8055","0.8055","","",""
"2024-05-29","516720","202000028861","0.8069","0.8069","","",""
"2024-05-30","516720","202000028861","0.8007","0.8007","","",""
"2024-05-31","516720","202000028861","0.7961","0.7961","","",""
"2024-06-03","516720","202000028861","0.7997","0.7997","","",""
"2024-06-04","516720","202000028861","0.8063","0.8063","","",""
"2024-06-05","516720","202000028861","0.8022","0.8022","","",""
"2024-06-06","516720","202000028861","0.8034","0.8034","","",""
"2024-06-07","516720","202000028861","0.8001","0.8001","","",""
"2024-06-11","516720","202000028861","0.7922","0.7922","","",""
"2024-06-12","516720","202000028861","0.7918","0.7918","","",""
"2024-06-13","516720","202000028861","0.7875","0.7875","","",""
"2024-06-14","516720","202000028861","0.7911","0.7911","","",""
"2024-06-17","516720","202000028861","0.7888","0.7888","","",""
"2024-06-18","516720","202000028861","0.7907","0.7907","","",""
"2024-06-19","516720","202000028861","0.7898","0.7898","","",""
"2024-06-20","516720","202000028861","0.7864","0.7864","","",""
"2024-06-21","516720","202000028861","0.7837","0.7837","","",""
"2024-06-24","516720","202000028861","0.7826","0.7826","","",""
"2024-06-25","516720","202000028861","0.7791","0.7791","","",""
"2024-06-26","516720","202000028861","0.7825","0.7825","","",""
"2024-06-27","516720","202000028861","0.7783","0.7783","","",""
"2024-06-28","516720","202000028861","0.7809","0.7809","","",""
"2024-06-30","516720","202000028861","0.7809","0.7809","","",""
"2024-07-01","516720","202000028861","0.7841","0.7841","","",""
"2024-07-02","516720","202000028861","0.7835","0.7835","","",""
"2024-07-03","516720","202000028861","0.7818","0.7818","","",""
"2024-07-04","516720","202000028861","0.7804","0.7804","","",""
"2024-07-05","516720","202000028861","0.7767","0.7767","","",""
"2024-07-08","516720","202000028861","0.7715","0.7715","","",""
"2024-07-09","516720","202000028861","0.7794","0.7794","","",""
"2024-07-10","516720","202000028861","0.7777","0.7777","","",""
"2024-07-11","516720","202000028861","0.7858","0.7858","","",""
"2024-07-12","516720","202000028861","0.7896","0.7896","","",""
"2024-07-15","516720","202000028861","0.7897","0.7897","","",""
"2024-07-16","516720","202000028861","0.7935","0.7935","","",""
"2024-07-17","516720","202000028861","0.7942","0.7942","","",""
"2024-07-18","516720","202000028861","0.7989","0.7989","","",""
"2024-07-19","516720","202000028861","0.8027","0.8027","","",""
"2024-07-22","516720","202000028861","0.7973","0.7973","","",""
"2024-07-23","516720","202000028861","0.7816","0.7816","","",""
"2024-07-24","516720","202000028861","0.7778","0.7778","","",""
"2024-07-25","516720","202000028861","0.7721","0.7721","","",""
"2024-07-26","516720","202000028861","0.7746","0.7746","","",""
"2024-07-29","516720","202000028861","0.7714","0.7714","","",""
"2024-07-30","516720","202000028861","0.7653","0.7653","","",""
"2024-07-31","516720","202000028861","0.7797","0.7797","","",""
"2024-08-01","516720","202000028861","0.7749","0.7749","","",""
"2024-08-02","516720","202000028861","0.7660","0.7660","","",""
"2024-08-05","516720","202000028861","0.7575","0.7575","","",""
"2024-08-06","516720","202000028861","0.7550","0.7550","","",""
"2024-08-07","516720","202000028861","0.7550","0.7550","","",""
"2024-08-08","516720","202000028861","0.7561","0.7561","","",""
"2024-08-09","516720","202000028861","0.7546","0.7546","","",""
"2024-08-12","516720","202000028861","0.7543","0.7543","","",""
"2024-08-13","516720","202000028861","0.7558","0.7558","","",""
"2024-08-14","516720","202000028861","0.7508","0.7508","","",""
"2024-08-15","516720","202000028861","0.7586","0.7586","","",""
"2024-08-16","516720","202000028861","0.7615","0.7615","","",""
"2024-08-19","516720","202000028861","0.7642","0.7642","","",""
"2024-08-20","516720","202000028861","0.7605","0.7605","","",""
"2024-08-21","516720","202000028861","0.7589","0.7589","","",""
"2024-08-22","516720","202000028861","0.7598","0.7598","","",""
"2024-08-23","516720","202000028861","0.7638","0.7638","","",""
"2024-08-26","516720","202000028861","0.7623","0.7623","","",""
"2024-08-27","516720","202000028861","0.7590","0.7590","","",""
"2024-08-28","516720","202000028861","0.7543","0.7543","","",""
"2024-08-29","516720","202000028861","0.7512","0.7512","","",""
"2024-08-30","516720","202000028861","0.7599","0.7599","","",""
"2024-09-02","516720","202000028861","0.7473","0.7473","","",""
"2024-09-03","516720","202000028861","0.7496","0.7496","","",""
"2024-09-04","516720","202000028861","0.7443","0.7443","","",""
"2024-09-05","516720","202000028861","0.7449","0.7449","","",""
"2024-09-06","516720","202000028861","0.7397","0.7397","","",""
"2024-09-09","516720","202000028861","0.7311","0.7311","","",""
"2024-09-10","516720","202000028861","0.7321","0.7321","","",""
"2024-09-11","516720","202000028861","0.7305","0.7305","","",""
"2024-09-12","516720","202000028861","0.7274","0.7274","","",""
"2024-09-13","516720","202000028861","0.7259","0.7259","","",""
"2024-09-18","516720","202000028861","0.7299","0.7299","","",""
"2024-09-19","516720","202000028861","0.7343","0.7343","","",""
"2024-09-20","516720","202000028861","0.7358","0.7358","","",""
"2024-09-23","516720","202000028861","0.7384","0.7384","","",""
"2024-09-24","516720","202000028861","0.7688","0.7688","","",""
"2024-09-25","516720","202000028861","0.7804","0.7804","","",""
"2024-09-26","516720","202000028861","0.8115","0.8115","","",""
"2024-09-27","516720","202000028861","0.8423","0.8423","","",""
"2024-09-30","516720","202000028861","0.9062","0.9062","","",""
"2024-10-08","516720","202000028861","0.9545","0.9545","","",""
"2024-10-09","516720","202000028861","0.8886","0.8886","","",""
"2024-10-10","516720","202000028861","0.9050","0.9050","","",""
"2024-10-11","516720","202000028861","0.8834","0.8834","","",""
"2024-10-14","516720","202000028861","0.8987","0.8987","","",""
"2024-10-15","516720","202000028861","0.8750","0.8750","","",""
"2024-10-16","516720","202000028861","0.8705","0.8705","","",""
"2024-10-17","516720","202000028861","0.8608","0.8608","","",""
"2024-10-18","516720","202000028861","0.8903","0.8903","","",""
"2024-10-21","516720","202000028861","0.8897","0.8897","","",""
"2024-10-22","516720","202000028861","0.8940","0.8940","","",""
"2024-10-23","516720","202000028861","0.8957","0.8957","","",""
"2024-10-24","516720","202000028861","0.8862","0.8862","","",""
"2024-10-25","516720","202000028861","0.8892","0.8892","","",""
"2024-10-28","516720","202000028861","0.8885","0.8885","","",""
"2024-10-29","516720","202000028861","0.8809","0.8809","","",""
"2024-10-30","516720","202000028861","0.8750","0.8750","","",""
"2024-10-31","516720","202000028861","0.8727","0.8727","","",""
"2024-11-01","516720","202000028861","0.8754","0.8754","","",""
"2024-11-04","516720","202000028861","0.8861","0.8861","","",""
"2024-11-05","516720","202000028861","0.9046","0.9046","","",""
"2024-11-06","516720","202000028861","0.8998","0.8998","","",""
"2024-11-07","516720","202000028861","0.9251","0.9251","","",""
"2024-11-08","516720","202000028861","0.9167","0.9167","","",""
"2024-11-11","516720","202000028861","0.9178","0.9178","","",""
"2024-11-12","516720","202000028861","0.9068","0.9068","","",""
"2024-11-13","516720","202000028861","0.9131","0.9131","","",""
"2024-11-14","516720","202000028861","0.8999","0.8999","","",""
"2024-11-15","516720","202000028861","0.8853","0.8853","","",""
"2024-11-18","516720","202000028861","0.8834","0.8834","","",""
"2024-11-19","516720","202000028861","0.8861","0.8861","","",""
"2024-11-20","516720","202000028861","0.8891","0.8891","","",""
"2024-11-21","516720","202000028861","0.8889","0.8889","","",""
"2024-11-22","516720","202000028861","0.8639","0.8639","","",""
"2024-11-25","516720","202000028861","0.8590","0.8590","","",""
"2024-11-26","516720","202000028861","0.8584","0.8584","","",""
"2024-11-27","516720","202000028861","0.8696","0.8696","","",""
"2024-11-28","516720","202000028861","0.8617","0.8617","","",""
"2024-11-29","516720","202000028861","0.8689","0.8689","","",""
"2024-12-02","516720","202000028861","0.8756","0.8756","","",""
"2024-12-03","516720","202000028861","0.8770","0.8770","","",""
"2024-12-04","516720","202000028861","0.8741","0.8741","","",""
"2024-12-05","516720","202000028861","0.8712","0.8712","","",""
"2024-12-06","516720","202000028861","0.8823","0.8823","","",""
"2024-12-09","516720","202000028861","0.8809","0.8809","","",""
"2024-12-10","516720","202000028861","0.8876","0.8876","","",""
"2024-12-11","516720","202000028861","0.8863","0.8863","","",""
"2024-12-12","516720","202000028861","0.8955","0.8955","","",""
"2024-12-13","516720","202000028861","0.8756","0.8756","","",""
"2024-12-16","516720","202000028861","0.8722","0.8722","","",""
"2024-12-17","516720","202000028861","0.8766","0.8766","","",""
"2024-12-18","516720","202000028861","0.8809","0.8809","","",""
"2024-12-19","516720","202000028861","0.8813","0.8813","","",""
"2024-12-20","516720","202000028861","0.8766","0.8766","","",""
"2024-12-23","516720","202000028861","0.8802","0.8802","","",""
"2024-12-24","516720","202000028861","0.8917","0.8917","","",""
"2024-12-25","516720","202000028861","0.8933","0.8933","","",""
"2024-12-26","516720","202000028861","0.8944","0.8944","","",""
"2024-12-27","516720","202000028861","0.8921","0.8921","","",""
"2024-12-30","516720","202000028861","0.8950","0.8950","","",""
"2024-12-31","516720","202000028861","0.8829","0.8829","","",""
"2025-01-02","516720","202000028861","0.8585","0.8585","","",""
"2025-01-03","516720","202000028861","0.8517","0.8517","","",""
"2025-01-06","516720","202000028861","0.8502","0.8502","","",""
"2025-01-07","516720","202000028861","0.8549","0.8549","","",""
"2025-01-08","516720","202000028861","0.8544","0.8544","","",""
"2025-01-09","516720","202000028861","0.8511","0.8511","","",""
"2025-01-10","516720","202000028861","0.8418","0.8418","","",""
"2025-01-13","516720","202000028861","0.8382","0.8382","","",""
"2025-01-14","516720","202000028861","0.8573","0.8573","","",""
"2025-01-15","516720","202000028861","0.8520","0.8520","","",""
"2025-01-16","516720","202000028861","0.8534","0.8534","","",""
"2025-01-17","516720","202000028861","0.8561","0.8561","","",""
"2025-01-20","516720","202000028861","0.8616","0.8616","","",""
"2025-01-21","516720","202000028861","0.8617","0.8617","","",""
"2025-01-22","516720","202000028861","0.8539","0.8539","","",""
"2025-01-23","516720","202000028861","0.8557","0.8557","","",""
"2025-01-24","516720","202000028861","0.8623","0.8623","","",""
"2025-01-27","516720","202000028861","0.8600","0.8600","","",""
"2025-02-05","516720","202000028861","0.8518","0.8518","","",""
"2025-02-06","516720","202000028861","0.8598","0.8598","","",""
"2025-02-07","516720","202000028861","0.8714","0.8714","","",""
"2025-02-10","516720","202000028861","0.8734","0.8734","","",""
"2025-02-11","516720","202000028861","0.8721","0.8721","","",""
"2025-02-12","516720","202000028861","0.8800","0.8800","","",""
"2025-02-13","516720","202000028861","0.8780","0.8780","","",""
"2025-02-14","516720","202000028861","0.8860","0.8860","","",""
"2025-02-17","516720","202000028861","0.8854","0.8854","","",""
"2025-02-18","516720","202000028861","0.8819","0.8819","","",""
"2025-02-19","516720","202000028861","0.8858","0.8858","","",""
"2025-02-20","516720","202000028861","0.8844","0.8844","","",""
"2025-02-21","516720","202000028861","0.8938","0.8938","","",""
"2025-02-24","516720","202000028861","0.8909","0.8909","","",""
"2025-02-25","516720","202000028861","0.8805","0.8805","","",""
"2025-02-26","516720","202000028861","0.8872","0.8872","","",""
"2025-02-27","516720","202000028861","0.8923","0.8923","","",""
"2025-02-28","516720","202000028861","0.8777","0.8777","","",""
"2025-03-03","516720","202000028861","0.8782","0.8782","","",""
"2025-03-04","516720","202000028861","0.8757","0.8757","","",""
"2025-03-05","516720","202000028861","0.8799","0.8799","","",""
"2025-03-06","516720","202000028861","0.8912","0.8912","","",""
"2025-03-07","516720","202000028861","0.8892","0.8892","","",""
"2025-03-10","516720","202000028861","0.8847","0.8847","","",""
"2025-03-11","516720","202000028861","0.8856","0.8856","","",""
"2025-03-12","516720","202000028861","0.8834","0.8834","","",""
"2025-03-13","516720","202000028861","0.8810","0.8810","","",""
"2025-03-14","516720","202000028861","0.9022","0.9022","","",""
"2025-03-17","516720","202000028861","0.8993","0.8993","","",""
"2025-03-18","516720","202000028861","0.9020","0.9020","","",""
"2025-03-19","516720","202000028861","0.9057","0.9057","","",""
"2025-03-20","516720","202000028861","0.8972","0.8972","","",""
"2025-03-21","516720","202000028861","0.8830","0.8830","","",""
"2025-03-24","516720","202000028861","0.8895","0.8895","","",""
"2025-03-25","516720","202000028861","0.8901","0.8901","","",""
"2025-03-26","516720","202000028861","0.8855","0.8855","","",""
"2025-03-27","516720","202000028861","0.8891","0.8891","","",""
"2025-03-28","516720","202000028861","0.8860","0.8860","","",""
"2025-03-31","516720","202000028861","0.8824","0.8824","","",""
"2025-04-01","516720","202000028861","0.8819","0.8819","","",""
"2024-04-02","516830","202000028363","0.7480","0.7480","","",""
"2024-04-03","516830","202000028363","0.7448","0.7448","","",""
"2024-04-08","516830","202000028363","0.7387","0.7387","","",""
"2024-04-09","516830","202000028363","0.7376","0.7376","","",""
"2024-04-10","516830","202000028363","0.7319","0.7319","","",""
"2024-04-11","516830","202000028363","0.7315","0.7315","","",""
"2024-04-12","516830","202000028363","0.7261","0.7261","","",""
"2024-04-15","516830","202000028363","0.7419","0.7419","","",""
"2024-04-16","516830","202000028363","0.7357","0.7357","","",""
"2024-04-17","516830","202000028363","0.7463","0.7463","","",""
"2024-04-18","516830","202000028363","0.7467","0.7467","","",""
"2024-04-19","516830","202000028363","0.7403","0.7403","","",""
"2024-04-22","516830","202000028363","0.7381","0.7381","","",""
"2024-04-23","516830","202000028363","0.7336","0.7336","","",""
"2024-04-24","516830","202000028363","0.7365","0.7365","","",""
"2024-04-25","516830","202000028363","0.7384","0.7384","","",""
"2024-04-26","516830","202000028363","0.7498","0.7498","","",""
"2024-04-29","516830","202000028363","0.7579","0.7579","","",""
"2024-04-30","516830","202000028363","0.7552","0.7552","","",""
"2024-05-06","516830","202000028363","0.7666","0.7666","","",""
"2024-05-07","516830","202000028363","0.7663","0.7663","","",""
"2024-05-08","516830","202000028363","0.7601","0.7601","","",""
"2024-05-09","516830","202000028363","0.7664","0.7664","","",""
"2024-05-10","516830","202000028363","0.7665","0.7665","","",""
"2024-05-13","516830","202000028363","0.7658","0.7658","","",""
"2024-05-14","516830","202000028363","0.7634","0.7634","","",""
"2024-05-15","516830","202000028363","0.7584","0.7584","","",""
"2024-05-16","516830","202000028363","0.7618","0.7618","","",""
"2024-05-17","516830","202000028363","0.7691","0.7691","","",""
"2024-05-20","516830","202000028363","0.7709","0.7709","","",""
"2024-05-21","516830","202000028363","0.7683","0.7683","","",""
"2024-05-22","516830","202000028363","0.7701","0.7701","","",""
"2024-05-23","516830","202000028363","0.7622","0.7622","","",""
"2024-05-24","516830","202000028363","0.7537","0.7537","","",""
"2024-05-27","516830","202000028363","0.7605","0.7605","","",""
"2024-05-28","516830","202000028363","0.7552","0.7552","","",""
"2024-05-29","516830","202000028363","0.7566","0.7566","","",""
"2024-05-30","516830","202000028363","0.7521","0.7521","","",""
"2024-05-31","516830","202000028363","0.7486","0.7486","","",""
"2024-06-03","516830","202000028363","0.7519","0.7519","","",""
"2024-06-04","516830","202000028363","0.7578","0.7578","","",""
"2024-06-05","516830","202000028363","0.7536","0.7536","","",""
"2024-06-06","516830","202000028363","0.7541","0.7541","","",""
"2024-06-07","516830","202000028363","0.7497","0.7497","","",""
"2024-06-11","516830","202000028363","0.7426","0.7426","","",""
"2024-06-12","516830","202000028363","0.7425","0.7425","","",""
"2024-06-13","516830","202000028363","0.7391","0.7391","","",""
"2024-06-14","516830","202000028363","0.7426","0.7426","","",""
"2024-06-17","516830","202000028363","0.7411","0.7411","","",""
"2024-06-18","516830","202000028363","0.7430","0.7430","","",""
"2024-06-19","516830","202000028363","0.7410","0.7410","","",""
"2024-06-20","516830","202000028363","0.7365","0.7365","","",""
"2024-06-21","516830","202000028363","0.7341","0.7341","","",""
"2024-06-24","516830","202000028363","0.7317","0.7317","","",""
"2024-06-25","516830","202000028363","0.7281","0.7281","","",""
"2024-06-26","516830","202000028363","0.7328","0.7328","","",""
"2024-06-27","516830","202000028363","0.7280","0.7280","","",""
"2024-06-28","516830","202000028363","0.7295","0.7295","","",""
"2024-06-30","516830","202000028363","0.7295","0.7295","","",""
"2024-07-01","516830","202000028363","0.7318","0.7318","","",""
"2024-07-02","516830","202000028363","0.7313","0.7313","","",""
"2024-07-03","516830","202000028363","0.7299","0.7299","","",""
"2024-07-04","516830","202000028363","0.7268","0.7268","","",""
"2024-07-05","516830","202000028363","0.7234","0.7234","","",""
"2024-07-08","516830","202000028363","0.7180","0.7180","","",""
"2024-07-09","516830","202000028363","0.7263","0.7263","","",""
"2024-07-10","516830","202000028363","0.7251","0.7251","","",""
"2024-07-11","516830","202000028363","0.7346","0.7346","","",""
"2024-07-12","516830","202000028363","0.7376","0.7376","","",""
"2024-07-15","516830","202000028363","0.7377","0.7377","","",""
"2024-07-16","516830","202000028363","0.7430","0.7430","","",""
"2024-07-17","516830","202000028363","0.7440","0.7440","","",""
"2024-07-18","516830","202000028363","0.7484","0.7484","","",""
"2024-07-19","516830","202000028363","0.7523","0.7523","","",""
"2024-07-22","516830","202000028363","0.7473","0.7473","","",""
"2024-07-23","516830","202000028363","0.7323","0.7323","","",""
"2024-07-24","516830","202000028363","0.7278","0.7278","","",""
"2024-07-25","516830","202000028363","0.7244","0.7244","","",""
"2024-07-26","516830","202000028363","0.7264","0.7264","","",""
"2024-07-29","516830","202000028363","0.7220","0.7220","","",""
"2024-07-30","516830","202000028363","0.7172","0.7172","","",""
"2024-07-31","516830","202000028363","0.7317","0.7317","","",""
"2024-08-01","516830","202000028363","0.7263","0.7263","","",""
"2024-08-02","516830","202000028363","0.7192","0.7192","","",""
"2024-08-05","516830","202000028363","0.7108","0.7108","","",""
"2024-08-06","516830","202000028363","0.7105","0.7105","","",""
"2024-08-07","516830","202000028363","0.7104","0.7104","","",""
"2024-08-08","516830","202000028363","0.7110","0.7110","","",""
"2024-08-09","516830","202000028363","0.7093","0.7093","","",""
"2024-08-12","516830","202000028363","0.7080","0.7080","","",""
"2024-08-13","516830","202000028363","0.7093","0.7093","","",""
"2024-08-14","516830","202000028363","0.7042","0.7042","","",""
"2024-08-15","516830","202000028363","0.7115","0.7115","","",""
"2024-08-16","516830","202000028363","0.7135","0.7135","","",""
"2024-08-19","516830","202000028363","0.7155","0.7155","","",""
"2024-08-20","516830","202000028363","0.7113","0.7113","","",""
"2024-08-21","516830","202000028363","0.7091","0.7091","","",""
"2024-08-22","516830","202000028363","0.7079","0.7079","","",""
"2024-08-23","516830","202000028363","0.7111","0.7111","","",""
"2024-08-26","516830","202000028363","0.7106","0.7106","","",""
"2024-08-27","516830","202000028363","0.7073","0.7073","","",""
"2024-08-28","516830","202000028363","0.7031","0.7031","","",""
"2024-08-29","516830","202000028363","0.7010","0.7010","","",""
"2024-08-30","516830","202000028363","0.7095","0.7095","","",""
"2024-09-02","516830","202000028363","0.6976","0.6976","","",""
"2024-09-03","516830","202000028363","0.6995","0.6995","","",""
"2024-09-04","516830","202000028363","0.6952","0.6952","","",""
"2024-09-05","516830","202000028363","0.6961","0.6961","","",""
"2024-09-06","516830","202000028363","0.6902","0.6902","","",""
"2024-09-09","516830","202000028363","0.6821","0.6821","","",""
"2024-09-10","516830","202000028363","0.6828","0.6828","","",""
"2024-09-11","516830","202000028363","0.6813","0.6813","","",""
"2024-09-12","516830","202000028363","0.6784","0.6784","","",""
"2024-09-13","516830","202000028363","0.6753","0.6753","","",""
"2024-09-18","516830","202000028363","0.6779","0.6779","","",""
"2024-09-19","516830","202000028363","0.6824","0.6824","","",""
"2024-09-20","516830","202000028363","0.6836","0.6836","","",""
"2024-09-23","516830","202000028363","0.6862","0.6862","","",""
"2024-09-24","516830","202000028363","0.7154","0.7154","","",""
"2024-09-25","516830","202000028363","0.7259","0.7259","","",""
"2024-09-26","516830","202000028363","0.7563","0.7563","","",""
"2024-09-27","516830","202000028363","0.7891","0.7891","","",""
"2024-09-30","516830","202000028363","0.8545","0.8545","","",""
"2024-10-08","516830","202000028363","0.9041","0.9041","","",""
"2024-10-09","516830","202000028363","0.8404","0.8404","","",""
"2024-10-10","516830","202000028363","0.8523","0.8523","","",""
"2024-10-11","516830","202000028363","0.8285","0.8285","","",""
"2024-10-14","516830","202000028363","0.8442","0.8442","","",""
"2024-10-15","516830","202000028363","0.8217","0.8217","","",""
"2024-10-16","516830","202000028363","0.8153","0.8153","","",""
"2024-10-17","516830","202000028363","0.8056","0.8056","","",""
"2024-10-18","516830","202000028363","0.8355","0.8355","","",""
"2024-10-21","516830","202000028363","0.8374","0.8374","","",""
"2024-10-22","516830","202000028363","0.8424","0.8424","","",""
"2024-10-23","516830","202000028363","0.8454","0.8454","","",""
"2024-10-24","516830","202000028363","0.8361","0.8361","","",""
"2024-10-25","516830","202000028363","0.8423","0.8423","","",""
"2024-10-28","516830","202000028363","0.8425","0.8425","","",""
"2024-10-29","516830","202000028363","0.8358","0.8358","","",""
"2024-10-30","516830","202000028363","0.8278","0.8278","","",""
"2024-10-31","516830","202000028363","0.8274","0.8274","","",""
"2024-11-01","516830","202000028363","0.8277","0.8277","","",""
"2024-11-04","516830","202000028363","0.8388","0.8388","","",""
"2024-11-05","516830","202000028363","0.8578","0.8578","","",""
"2024-11-06","516830","202000028363","0.8522","0.8522","","",""
"2024-11-07","516830","202000028363","0.8770","0.8770","","",""
"2024-11-08","516830","202000028363","0.8683","0.8683","","",""
"2024-11-11","516830","202000028363","0.8753","0.8753","","",""
"2024-11-12","516830","202000028363","0.8669","0.8669","","",""
"2024-11-13","516830","202000028363","0.8731","0.8731","","",""
"2024-11-14","516830","202000028363","0.8584","0.8584","","",""
"2024-11-15","516830","202000028363","0.8435","0.8435","","",""
"2024-11-18","516830","202000028363","0.8399","0.8399","","",""
"2024-11-19","516830","202000028363","0.8444","0.8444","","",""
"2024-11-20","516830","202000028363","0.8476","0.8476","","",""
"2024-11-21","516830","202000028363","0.8477","0.8477","","",""
"2024-11-22","516830","202000028363","0.8223","0.8223","","",""
"2024-11-25","516830","202000028363","0.8188","0.8188","","",""
"2024-11-26","516830","202000028363","0.8180","0.8180","","",""
"2024-11-27","516830","202000028363","0.8309","0.8309","","",""
"2024-11-28","516830","202000028363","0.8237","0.8237","","",""
"2024-11-29","516830","202000028363","0.8336","0.8336","","",""
"2024-12-02","516830","202000028363","0.8396","0.8396","","",""
"2024-12-03","516830","202000028363","0.8404","0.8404","","",""
"2024-12-04","516830","202000028363","0.8364","0.8364","","",""
"2024-12-05","516830","202000028363","0.8340","0.8340","","",""
"2024-12-06","516830","202000028363","0.8452","0.8452","","",""
"2024-12-09","516830","202000028363","0.8442","0.8442","","",""
"2024-12-10","516830","202000028363","0.8502","0.8502","","",""
"2024-12-11","516830","202000028363","0.8484","0.8484","","",""
"2024-12-12","516830","202000028363","0.8566","0.8566","","",""
"2024-12-13","516830","202000028363","0.8369","0.8369","","",""
"2024-12-16","516830","202000028363","0.8338","0.8338","","",""
"2024-12-17","516830","202000028363","0.8368","0.8368","","",""
"2024-12-18","516830","202000028363","0.8417","0.8417","","",""
"2024-12-19","516830","202000028363","0.8419","0.8419","","",""
"2024-12-20","516830","202000028363","0.8379","0.8379","","",""
"2024-12-23","516830","202000028363","0.8404","0.8404","","",""
"2024-12-24","516830","202000028363","0.8517","0.8517","","",""
"2024-12-25","516830","202000028363","0.8528","0.8528","","",""
"2024-12-26","516830","202000028363","0.8529","0.8529","","",""
"2024-12-27","516830","202000028363","0.8512","0.8512","","",""
"2024-12-30","516830","202000028363","0.8542","0.8542","","",""
"2024-12-31","516830","202000028363","0.8426","0.8426","","",""
"2025-01-02","516830","202000028363","0.8190","0.8190","","",""
"2025-01-03","516830","202000028363","0.8101","0.8101","","",""
"2025-01-06","516830","202000028363","0.8081","0.8081","","",""
"2025-01-07","516830","202000028363","0.8124","0.8124","","",""
"2025-01-08","516830","202000028363","0.8121","0.8121","","",""
"2025-01-09","516830","202000028363","0.8100","0.8100","","",""
"2025-01-10","516830","202000028363","0.8012","0.8012","","",""
"2025-01-13","516830","202000028363","0.7984","0.7984","","",""
"2025-01-14","516830","202000028363","0.8184","0.8184","","",""
"2025-01-15","516830","202000028363","0.8158","0.8158","","",""
"2025-01-16","516830","202000028363","0.8166","0.8166","","",""
"2025-01-17","516830","202000028363","0.8187","0.8187","","",""
"2025-01-20","516830","202000028363","0.8225","0.8225","","",""
"2025-01-21","516830","202000028363","0.8225","0.8225","","",""
"2025-01-22","516830","202000028363","0.8151","0.8151","","",""
"2025-01-23","516830","202000028363","0.8175","0.8175","","",""
"2025-01-24","516830","202000028363","0.8237","0.8237","","",""
"2025-01-27","516830","202000028363","0.8219","0.8219","","",""
"2025-02-05","516830","202000028363","0.8173","0.8173","","",""
"2025-02-06","516830","202000028363","0.8274","0.8274","","",""
"2025-02-07","516830","202000028363","0.8380","0.8380","","",""
"2025-02-10","516830","202000028363","0.8393","0.8393","","",""
"2025-02-11","516830","202000028363","0.8357","0.8357","","",""
"2025-02-12","516830","202000028363","0.8444","0.8444","","",""
"2025-02-13","516830","202000028363","0.8422","0.8422","","",""
"2025-02-14","516830","202000028363","0.8507","0.8507","","",""
"2025-02-17","516830","202000028363","0.8525","0.8525","","",""
"2025-02-18","516830","202000028363","0.8470","0.8470","","",""
"2025-02-19","516830","202000028363","0.8525","0.8525","","",""
"2025-02-20","516830","202000028363","0.8504","0.8504","","",""
"2025-02-21","516830","202000028363","0.8607","0.8607","","",""
"2025-02-24","516830","202000028363","0.8578","0.8578","","",""
"2025-02-25","516830","202000028363","0.8481","0.8481","","",""
"2025-02-26","516830","202000028363","0.8552","0.8552","","",""
"2025-02-27","516830","202000028363","0.8586","0.8586","","",""
"2025-02-28","516830","202000028363","0.8435","0.8435","","",""
"2025-03-03","516830","202000028363","0.8433","0.8433","","",""
"2025-03-04","516830","202000028363","0.8413","0.8413","","",""
"2025-03-05","516830","202000028363","0.8450","0.8450","","",""
"2025-03-06","516830","202000028363","0.8560","0.8560","","",""
"2025-03-07","516830","202000028363","0.8539","0.8539","","",""
"2025-03-10","516830","202000028363","0.8495","0.8495","","",""
"2025-03-11","516830","202000028363","0.8521","0.8521","","",""
"2025-03-12","516830","202000028363","0.8490","0.8490","","",""
"2025-03-13","516830","202000028363","0.8461","0.8461","","",""
"2025-03-14","516830","202000028363","0.8673","0.8673","","",""
"2025-03-17","516830","202000028363","0.8650","0.8650","","",""
"2025-03-18","516830","202000028363","0.8672","0.8672","","",""
"2025-03-19","516830","202000028363","0.8689","0.8689","","",""
"2025-03-20","516830","202000028363","0.8605","0.8605","","",""
"2025-03-21","516830","202000028363","0.8475","0.8475","","",""
"2025-03-24","516830","202000028363","0.8519","0.8519","","",""
"2025-03-25","516830","202000028363","0.8522","0.8522","","",""
"2025-03-26","516830","202000028363","0.8487","0.8487","","",""
"2025-03-27","516830","202000028363","0.8526","0.8526","","",""
"2025-03-28","516830","202000028363","0.8485","0.8485","","",""
"2025-03-31","516830","202000028363","0.8434","0.8434","","",""
"2025-04-01","516830","202000028363","0.8432","0.8432","","",""
"2024-04-02","560180","202000045597","0.9010","0.9010","","",""
"2024-04-03","560180","202000045597","0.8971","0.8971","","",""
"2024-04-08","560180","202000045597","0.8895","0.8895","","",""
"2024-04-09","560180","202000045597","0.8882","0.8882","","",""
"2024-04-10","560180","202000045597","0.8812","0.8812","","",""
"2024-04-11","560180","202000045597","0.8808","0.8808","","",""
"2024-04-12","560180","202000045597","0.8741","0.8741","","",""
"2024-04-15","560180","202000045597","0.8933","0.8933","","",""
"2024-04-16","560180","202000045597","0.8858","0.8858","","",""
"2024-04-17","560180","202000045597","0.8986","0.8986","","",""
"2024-04-18","560180","202000045597","0.8992","0.8992","","",""
"2024-04-19","560180","202000045597","0.8914","0.8914","","",""
"2024-04-22","560180","202000045597","0.8887","0.8887","","",""
"2024-04-23","560180","202000045597","0.8833","0.8833","","",""
"2024-04-24","560180","202000045597","0.8868","0.8868","","",""
"2024-04-25","560180","202000045597","0.8891","0.8891","","",""
"2024-04-26","560180","202000045597","0.9029","0.9029","","",""
"2024-04-29","560180","202000045597","0.9126","0.9126","","",""
"2024-04-30","560180","202000045597","0.9094","0.9094","","",""
"2024-05-06","560180","202000045597","0.9231","0.9231","","",""
"2024-05-07","560180","202000045597","0.9228","0.9228","","",""
"2024-05-08","560180","202000045597","0.9152","0.9152","","",""
"2024-05-09","560180","202000045597","0.9229","0.9229","","",""
"2024-05-10","560180","202000045597","0.9230","0.9230","","",""
"2024-05-13","560180","202000045597","0.9221","0.9221","","",""
"2024-05-14","560180","202000045597","0.9191","0.9191","","",""
"2024-05-15","560180","202000045597","0.9132","0.9132","","",""
"2024-05-16","560180","202000045597","0.9172","0.9172","","",""
"2024-05-17","560180","202000045597","0.9260","0.9260","","",""
"2024-05-20","560180","202000045597","0.9282","0.9282","","",""
"2024-05-21","560180","202000045597","0.9251","0.9251","","",""
"2024-05-22","560180","202000045597","0.9273","0.9273","","",""
"2024-05-23","560180","202000045597","0.9177","0.9177","","",""
"2024-05-24","560180","202000045597","0.9075","0.9075","","",""
"2024-05-27","560180","202000045597","0.9156","0.9156","","",""
"2024-05-28","560180","202000045597","0.9093","0.9093","","",""
"2024-05-29","560180","202000045597","0.9110","0.9110","","",""
"2024-05-30","560180","202000045597","0.9055","0.9055","","",""
"2024-05-31","560180","202000045597","0.9013","0.9013","","",""
"2024-06-03","560180","202000045597","0.9051","0.9051","","",""
"2024-06-04","560180","202000045597","0.9123","0.9123","","",""
"2024-06-05","560180","202000045597","0.9072","0.9072","","",""
"2024-06-06","560180","202000045597","0.9078","0.9078","","",""
"2024-06-07","560180","202000045597","0.9024","0.9024","","",""
"2024-06-11","560180","202000045597","0.8937","0.8937","","",""
"2024-06-12","560180","202000045597","0.8937","0.8937","","",""
"2024-06-13","560180","202000045597","0.8895","0.8895","","",""
"2024-06-14","560180","202000045597","0.8946","0.8946","","",""
"2024-06-17","560180","202000045597","0.8928","0.8928","","",""
"2024-06-18","560180","202000045597","0.8950","0.8950","","",""
"2024-06-19","560180","202000045597","0.8927","0.8927","","",""
"2024-06-20","560180","202000045597","0.8867","0.8867","","",""
"2024-06-21","560180","202000045597","0.8839","0.8839","","",""
"2024-06-24","560180","202000045597","0.8810","0.8810","","",""
"2024-06-25","560180","202000045597","0.8765","0.8765","","",""
"2024-06-26","560180","202000045597","0.8822","0.8822","","",""
"2024-06-27","560180","202000045597","0.8764","0.8764","","",""
"2024-06-28","560180","202000045597","0.8782","0.8782","","",""
"2024-06-30","560180","202000045597","0.8782","0.8782","","",""
"2024-07-01","560180","202000045597","0.8810","0.8810","","",""
"2024-07-02","560180","202000045597","0.8804","0.8804","","",""
"2024-07-03","560180","202000045597","0.8788","0.8788","","",""
"2024-07-04","560180","202000045597","0.8750","0.8750","","",""
"2024-07-05","560180","202000045597","0.8707","0.8707","","",""
"2024-07-08","560180","202000045597","0.8642","0.8642","","",""
"2024-07-09","560180","202000045597","0.8742","0.8742","","",""
"2024-07-10","560180","202000045597","0.8728","0.8728","","",""
"2024-07-11","560180","202000045597","0.8842","0.8842","","",""
"2024-07-12","560180","202000045597","0.8879","0.8879","","",""
"2024-07-15","560180","202000045597","0.8880","0.8880","","",""
"2024-07-16","560180","202000045597","0.8944","0.8944","","",""
"2024-07-17","560180","202000045597","0.8957","0.8957","","",""
"2024-07-18","560180","202000045597","0.9010","0.9010","","",""
"2024-07-19","560180","202000045597","0.9058","0.9058","","",""
"2024-07-22","560180","202000045597","0.8996","0.8996","","",""
"2024-07-23","560180","202000045597","0.8815","0.8815","","",""
"2024-07-24","560180","202000045597","0.8760","0.8760","","",""
"2024-07-25","560180","202000045597","0.8718","0.8718","","",""
"2024-07-26","560180","202000045597","0.8743","0.8743","","",""
"2024-07-29","560180","202000045597","0.8690","0.8690","","",""
"2024-07-30","560180","202000045597","0.8631","0.8631","","",""
"2024-07-31","560180","202000045597","0.8808","0.8808","","",""
"2024-08-01","560180","202000045597","0.8743","0.8743","","",""
"2024-08-02","560180","202000045597","0.8656","0.8656","","",""
"2024-08-05","560180","202000045597","0.8555","0.8555","","",""
"2024-08-06","560180","202000045597","0.8548","0.8548","","",""
"2024-08-07","560180","202000045597","0.8547","0.8547","","",""
"2024-08-08","560180","202000045597","0.8555","0.8555","","",""
"2024-08-09","560180","202000045597","0.8534","0.8534","","",""
"2024-08-12","560180","202000045597","0.8518","0.8518","","",""
"2024-08-13","560180","202000045597","0.8533","0.8533","","",""
"2024-08-14","560180","202000045597","0.8472","0.8472","","",""
"2024-08-15","560180","202000045597","0.8560","0.8560","","",""
"2024-08-16","560180","202000045597","0.8585","0.8585","","",""
"2024-08-19","560180","202000045597","0.8609","0.8609","","",""
"2024-08-20","560180","202000045597","0.8557","0.8557","","",""
"2024-08-21","560180","202000045597","0.8531","0.8531","","",""
"2024-08-22","560180","202000045597","0.8517","0.8517","","",""
"2024-08-23","560180","202000045597","0.8555","0.8555","","",""
"2024-08-26","560180","202000045597","0.8547","0.8547","","",""
"2024-08-27","560180","202000045597","0.8507","0.8507","","",""
"2024-08-28","560180","202000045597","0.8456","0.8456","","",""
"2024-08-29","560180","202000045597","0.8431","0.8431","","",""
"2024-08-30","560180","202000045597","0.8534","0.8534","","",""
"2024-09-02","560180","202000045597","0.8389","0.8389","","",""
"2024-09-03","560180","202000045597","0.8413","0.8413","","",""
"2024-09-04","560180","202000045597","0.8361","0.8361","","",""
"2024-09-05","560180","202000045597","0.8371","0.8371","","",""
"2024-09-06","560180","202000045597","0.8300","0.8300","","",""
"2024-09-09","560180","202000045597","0.8201","0.8201","","",""
"2024-09-10","560180","202000045597","0.8211","0.8211","","",""
"2024-09-11","560180","202000045597","0.8192","0.8192","","",""
"2024-09-12","560180","202000045597","0.8157","0.8157","","",""
"2024-09-13","560180","202000045597","0.8120","0.8120","","",""
"2024-09-18","560180","202000045597","0.8150","0.8150","","",""
"2024-09-19","560180","202000045597","0.8206","0.8206","","",""
"2024-09-20","560180","202000045597","0.8220","0.8220","","",""
"2024-09-23","560180","202000045597","0.8252","0.8252","","",""
"2024-09-24","560180","202000045597","0.8606","0.8606","","",""
"2024-09-25","560180","202000045597","0.8734","0.8734","","",""
"2024-09-26","560180","202000045597","0.9103","0.9103","","",""
"2024-09-27","560180","202000045597","0.9505","0.9505","","",""
"2024-09-30","560180","202000045597","1.0299","1.0299","","",""
"2024-10-08","560180","202000045597","1.0896","1.0896","","",""
"2024-10-09","560180","202000045597","1.0127","1.0127","","",""
"2024-10-10","560180","202000045597","1.0271","1.0271","","",""
"2024-10-11","560180","202000045597","0.9982","0.9982","","",""
"2024-10-14","560180","202000045597","1.0173","1.0173","","",""
"2024-10-15","560180","202000045597","0.9901","0.9901","","",""
"2024-10-16","560180","202000045597","0.9823","0.9823","","",""
"2024-10-17","560180","202000045597","0.9705","0.9705","","",""
"2024-10-18","560180","202000045597","1.0068","1.0068","","",""
"2024-10-21","560180","202000045597","1.0088","1.0088","","",""
"2024-10-22","560180","202000045597","1.0148","1.0148","","",""
"2024-10-23","560180","202000045597","1.0185","1.0185","","",""
"2024-10-24","560180","202000045597","1.0072","1.0072","","",""
"2024-10-25","560180","202000045597","1.0147","1.0147","","",""
"2024-10-28","560180","202000045597","1.0150","1.0150","","",""
"2024-10-29","560180","202000045597","1.0050","1.0050","","",""
"2024-10-30","560180","202000045597","0.9953","0.9953","","",""
"2024-10-31","560180","202000045597","0.9948","0.9948","","",""
"2024-11-01","560180","202000045597","0.9953","0.9953","","",""
"2024-11-04","560180","202000045597","1.0086","1.0086","","",""
"2024-11-05","560180","202000045597","1.0316","1.0316","","",""
"2024-11-06","560180","202000045597","1.0248","1.0248","","",""
"2024-11-07","560180","202000045597","1.0547","1.0547","","",""
"2024-11-08","560180","202000045597","1.0442","1.0442","","",""
"2024-11-11","560180","202000045597","1.0526","1.0526","","",""
"2024-11-12","560180","202000045597","1.0424","1.0424","","",""
"2024-11-13","560180","202000045597","1.0499","1.0499","","",""
"2024-11-14","560180","202000045597","1.0322","1.0322","","",""
"2024-11-15","560180","202000045597","1.0144","1.0144","","",""
"2024-11-18","560180","202000045597","1.0099","1.0099","","",""
"2024-11-19","560180","202000045597","1.0152","1.0152","","",""
"2024-11-20","560180","202000045597","1.0176","1.0176","","",""
"2024-11-21","560180","202000045597","1.0177","1.0177","","",""
"2024-11-22","560180","202000045597","0.9873","0.9873","","",""
"2024-11-25","560180","202000045597","0.9828","0.9828","","",""
"2024-11-26","560180","202000045597","0.9814","0.9814","","",""
"2024-11-27","560180","202000045597","0.9970","0.9970","","",""
"2024-11-28","560180","202000045597","0.9883","0.9883","","",""
"2024-11-29","560180","202000045597","0.9986","0.9986","","",""
"2024-12-02","560180","202000045597","1.0059","1.0059","","",""
"2024-12-03","560180","202000045597","1.0069","1.0069","","",""
"2024-12-04","560180","202000045597","1.0021","1.0021","","",""
"2024-12-05","560180","202000045597","0.9985","0.9985","","",""
"2024-12-06","560180","202000045597","1.0121","1.0121","","",""
"2024-12-09","560180","202000045597","1.0108","1.0108","","",""
"2024-12-10","560180","202000045597","1.0182","1.0182","","",""
"2024-12-11","560180","202000045597","1.0160","1.0160","","",""
"2024-12-12","560180","202000045597","1.0259","1.0259","","",""
"2024-12-13","560180","202000045597","1.0021","1.0021","","",""
"2024-12-16","560180","202000045597","0.9984","0.9984","","",""
"2024-12-17","560180","202000045597","1.0020","1.0020","","",""
"2024-12-18","560180","202000045597","1.0079","1.0079","","",""
"2024-12-19","560180","202000045597","1.0081","1.0081","","",""
"2024-12-20","560180","202000045597","1.0034","1.0034","","",""
"2024-12-23","560180","202000045597","1.0066","1.0066","","",""
"2024-12-24","560180","202000045597","1.0198","1.0198","","",""
"2024-12-25","560180","202000045597","1.0212","1.0212","","",""
"2024-12-26","560180","202000045597","1.0216","1.0216","","",""
"2024-12-27","560180","202000045597","1.0197","1.0197","","",""
"2024-12-30","560180","202000045597","1.0236","1.0236","","",""
"2024-12-31","560180","202000045597","1.0097","1.0097","","",""
"2025-01-02","560180","202000045597","0.9812","0.9812","","",""
"2025-01-03","560180","202000045597","0.9701","0.9701","","",""
"2025-01-06","560180","202000045597","0.9676","0.9676","","",""
"2025-01-07","560180","202000045597","0.9729","0.9729","","",""
"2025-01-08","560180","202000045597","0.9726","0.9726","","",""
"2025-01-09","560180","202000045597","0.9700","0.9700","","",""
"2025-01-10","560180","202000045597","0.9581","0.9581","","",""
"2025-01-13","560180","202000045597","0.9547","0.9547","","",""
"2025-01-14","560180","202000045597","0.9788","0.9788","","",""
"2025-01-15","560180","202000045597","0.9742","0.9742","","",""
"2025-01-16","560180","202000045597","0.9751","0.9751","","",""
"2025-01-17","560180","202000045597","0.9778","0.9778","","",""
"2025-01-20","560180","202000045597","0.9823","0.9823","","",""
"2025-01-21","560180","202000045597","0.9824","0.9824","","",""
"2025-01-22","560180","202000045597","0.9720","0.9720","","",""
"2025-01-23","560180","202000045597","0.9744","0.9744","","",""
"2025-01-24","560180","202000045597","0.9819","0.9819","","",""
"2025-01-27","560180","202000045597","0.9794","0.9794","","",""
"2025-02-05","560180","202000045597","0.9736","0.9736","","",""
"2025-02-06","560180","202000045597","0.9857","0.9857","","",""
"2025-02-07","560180","202000045597","0.9984","0.9984","","",""
"2025-02-10","560180","202000045597","1.0001","1.0001","","",""
"2025-02-11","560180","202000045597","0.9958","0.9958","","",""
"2025-02-12","560180","202000045597","1.0061","1.0061","","",""
"2025-02-13","560180","202000045597","1.0037","1.0037","","",""
"2025-02-14","560180","202000045597","1.0137","1.0137","","",""
"2025-02-17","560180","202000045597","1.0158","1.0158","","",""
"2025-02-18","560180","202000045597","1.0092","1.0092","","",""
"2025-02-19","560180","202000045597","1.0158","1.0158","","",""
"2025-02-20","560180","202000045597","1.0133","1.0133","","",""
"2025-02-21","560180","202000045597","1.0256","1.0256","","",""
"2025-02-24","560180","202000045597","1.0221","1.0221","","",""
"2025-02-25","560180","202000045597","1.0106","1.0106","","",""
"2025-02-26","560180","202000045597","1.0190","1.0190","","",""
"2025-02-27","560180","202000045597","1.0230","1.0230","","",""
"2025-02-28","560180","202000045597","1.0049","1.0049","","",""
"2025-03-03","560180","202000045597","1.0046","1.0046","","",""
"2025-03-04","560180","202000045597","1.0022","1.0022","","",""
"2025-03-05","560180","202000045597","1.0066","1.0066","","",""
"2025-03-06","560180","202000045597","1.0198","1.0198","","",""
"2025-03-07","560180","202000045597","1.0172","1.0172","","",""
"2025-03-10","560180","202000045597","1.0118","1.0118","","",""
"2025-03-11","560180","202000045597","1.0147","1.0147","","",""
"2025-03-12","560180","202000045597","1.0112","1.0112","","",""
"2025-03-13","560180","202000045597","1.0076","1.0076","","",""
"2025-03-14","560180","202000045597","1.0330","1.0330","","",""
"2025-03-17","560180","202000045597","1.0302","1.0302","","",""
"2025-03-18","560180","202000045597","1.0328","1.0328","","",""
"2025-03-19","560180","202000045597","1.0345","1.0345","","",""
"2025-03-20","560180","202000045597","1.0243","1.0243","","",""
"2025-03-21","560180","202000045597","1.0082","1.0082","","",""
"2025-03-24","560180","202000045597","1.0134","1.0134","","",""
"2025-03-25","560180","202000045597","1.0133","1.0133","","",""
"2025-03-26","560180","202000045597","1.0090","1.0090","","",""
"2025-03-27","560180","202000045597","1.0137","1.0137","","",""
"2025-03-28","560180","202000045597","1.0088","1.0088","","",""
"2025-03-31","560180","202000045597","1.0027","1.0027","","",""
"2025-04-01","560180","202000045597","1.0023","1.0023","","",""
"2024-11-25","560810","202000064377","1.0002","1.0002","","",""
"2024-11-29","560810","202000064377","1.0002","1.0002","","",""
"2024-12-06","560810","202000064377","1.0051","1.0051","","",""
"2024-12-09","560810","202000064377","0.9998","0.9998","","",""
"2024-12-10","560810","202000064377","1.0016","1.0016","","",""
"2024-12-11","560810","202000064377","1.0048","1.0048","","",""
"2024-12-12","560810","202000064377","1.0099","1.0099","","",""
"2024-12-13","560810","202000064377","0.9899","0.9899","","",""
"2024-12-16","560810","202000064377","0.9884","0.9884","","",""
"2024-12-17","560810","202000064377","0.9862","0.9862","","",""
"2024-12-18","560810","202000064377","0.9946","0.9946","","",""
"2024-12-19","560810","202000064377","0.9947","0.9947","","",""
"2024-12-20","560810","202000064377","0.9896","0.9896","","",""
"2024-12-23","560810","202000064377","0.9902","0.9902","","",""
"2024-12-24","560810","202000064377","1.0014","1.0014","","",""
"2024-12-25","560810","202000064377","1.0008","1.0008","","",""
"2024-12-26","560810","202000064377","1.0007","1.0007","","",""
"2024-12-27","560810","202000064377","1.0044","1.0044","","",""
"2024-12-30","560810","202000064377","1.0051","1.0051","","",""
"2024-12-31","560810","202000064377","0.9906","0.9906","","",""
"2025-01-02","560810","202000064377","0.9566","0.9566","","",""
"2025-01-03","560810","202000064377","0.9430","0.9430","","",""
"2025-01-06","560810","202000064377","0.9392","0.9392","","",""
"2025-01-07","560810","202000064377","0.9419","0.9419","","",""
"2025-01-08","560810","202000064377","0.9402","0.9402","","",""
"2025-01-09","560810","202000064377","0.9310","0.9310","","",""
"2025-01-10","560810","202000064377","0.9198","0.9198","","",""
"2025-01-13","560810","202000064377","0.9191","0.9191","","",""
"2025-01-14","560810","202000064377","0.9446","0.9446","","",""
"2025-01-15","560810","202000064377","0.9380","0.9380","","",""
"2025-01-16","560810","202000064377","0.9426","0.9426","","",""
"2025-01-17","560810","202000064377","0.9459","0.9459","","",""
"2025-01-20","560810","202000064377","0.9436","0.9436","","",""
"2025-01-21","560810","202000064377","0.9390","0.9390","","",""
"2025-01-22","560810","202000064377","0.9361","0.9361","","",""
"2025-01-23","560810","202000064377","0.9377","0.9377","","",""
"2025-01-24","560810","202000064377","0.9455","0.9455","","",""
"2025-01-27","560810","202000064377","0.9438","0.9438","","",""
"2025-02-05","560810","202000064377","0.9367","0.9367","","",""
"2025-02-06","560810","202000064377","0.9462","0.9462","","",""
"2025-02-07","560810","202000064377","0.9558","0.9558","","",""
"2025-02-10","560810","202000064377","0.9606","0.9606","","",""
"2025-02-11","560810","202000064377","0.9564","0.9564","","",""
"2025-02-12","560810","202000064377","0.9635","0.9635","","",""
"2025-02-13","560810","202000064377","0.9555","0.9555","","",""
"2025-02-14","560810","202000064377","0.9696","0.9696","","",""
"2025-02-17","560810","202000064377","0.9748","0.9748","","",""
"2025-02-18","560810","202000064377","0.9622","0.9622","","",""
"2025-02-19","560810","202000064377","0.9696","0.9696","","",""
"2025-02-20","560810","202000064377","0.9616","0.9616","","",""
"2025-02-21","560810","202000064377","0.9808","0.9808","","",""
"2025-02-24","560810","202000064377","0.9854","0.9854","","",""
"2025-02-25","560810","202000064377","0.9760","0.9760","","",""
"2025-02-26","560810","202000064377","0.9821","0.9821","","",""
"2025-02-27","560810","202000064377","0.9774","0.9774","","",""
"2025-02-28","560810","202000064377","0.9618","0.9618","","",""
"2025-03-03","560810","202000064377","0.9635","0.9635","","",""
"2025-03-04","560810","202000064377","0.9665","0.9665","","",""
"2025-03-05","560810","202000064377","0.9678","0.9678","","",""
"2025-03-06","560810","202000064377","0.9811","0.9811","","",""
"2025-03-07","560810","202000064377","0.9754","0.9754","","",""
"2025-03-10","560810","202000064377","0.9669","0.9669","","",""
"2025-03-11","560810","202000064377","0.9716","0.9716","","",""
"2025-03-12","560810","202000064377","0.9721","0.9721","","",""
"2025-03-13","560810","202000064377","0.9675","0.9675","","",""
"2025-03-14","560810","202000064377","0.9795","0.9795","","",""
"2025-03-17","560810","202000064377","0.9794","0.9794","","",""
"2025-03-18","560810","202000064377","0.9844","0.9844","","",""
"2025-03-19","560810","202000064377","0.9785","0.9785","","",""
"2025-03-20","560810","202000064377","0.9747","0.9747","","",""
"2025-03-21","560810","202000064377","0.9725","0.9725","","",""
"2025-03-24","560810","202000064377","0.9697","0.9697","","",""
"2025-03-25","560810","202000064377","0.9729","0.9729","","",""
"2025-03-26","560810","202000064377","0.9735","0.9735","","",""
"2025-03-27","560810","202000064377","0.9699","0.9699","","",""
"2025-03-28","560810","202000064377","0.9642","0.9642","","",""
"2025-03-31","560810","202000064377","0.9543","0.9543","","",""
"2025-04-01","560810","202000064377","0.9583","0.9583","","",""
"2024-04-02","561900","202000028730","0.7507","0.7507","","",""
"2024-04-03","561900","202000028730","0.7475","0.7475","","",""
"2024-04-08","561900","202000028730","0.7412","0.7412","","",""
"2024-04-09","561900","202000028730","0.7401","0.7401","","",""
"2024-04-10","561900","202000028730","0.7344","0.7344","","",""
"2024-04-11","561900","202000028730","0.7340","0.7340","","",""
"2024-04-12","561900","202000028730","0.7285","0.7285","","",""
"2024-04-15","561900","202000028730","0.7445","0.7445","","",""
"2024-04-16","561900","202000028730","0.7382","0.7382","","",""
"2024-04-17","561900","202000028730","0.7487","0.7487","","",""
"2024-04-18","561900","202000028730","0.7491","0.7491","","",""
"2024-04-19","561900","202000028730","0.7427","0.7427","","",""
"2024-04-22","561900","202000028730","0.7404","0.7404","","",""
"2024-04-23","561900","202000028730","0.7359","0.7359","","",""
"2024-04-24","561900","202000028730","0.7388","0.7388","","",""
"2024-04-25","561900","202000028730","0.7407","0.7407","","",""
"2024-04-26","561900","202000028730","0.7522","0.7522","","",""
"2024-04-29","561900","202000028730","0.7602","0.7602","","",""
"2024-04-30","561900","202000028730","0.7575","0.7575","","",""
"2024-05-06","561900","202000028730","0.7689","0.7689","","",""
"2024-05-07","561900","202000028730","0.7687","0.7687","","",""
"2024-05-08","561900","202000028730","0.7624","0.7624","","",""
"2024-05-09","561900","202000028730","0.7687","0.7687","","",""
"2024-05-10","561900","202000028730","0.7689","0.7689","","",""
"2024-05-13","561900","202000028730","0.7682","0.7682","","",""
"2024-05-14","561900","202000028730","0.7657","0.7657","","",""
"2024-05-15","561900","202000028730","0.7607","0.7607","","",""
"2024-05-16","561900","202000028730","0.7641","0.7641","","",""
"2024-05-17","561900","202000028730","0.7714","0.7714","","",""
"2024-05-20","561900","202000028730","0.7732","0.7732","","",""
"2024-05-21","561900","202000028730","0.7706","0.7706","","",""
"2024-05-22","561900","202000028730","0.7724","0.7724","","",""
"2024-05-23","561900","202000028730","0.7645","0.7645","","",""
"2024-05-24","561900","202000028730","0.7560","0.7560","","",""
"2024-05-27","561900","202000028730","0.7629","0.7629","","",""
"2024-05-28","561900","202000028730","0.7576","0.7576","","",""
"2024-05-29","561900","202000028730","0.7590","0.7590","","",""
"2024-05-30","561900","202000028730","0.7545","0.7545","","",""
"2024-05-31","561900","202000028730","0.7509","0.7509","","",""
"2024-06-03","561900","202000028730","0.7542","0.7542","","",""
"2024-06-04","561900","202000028730","0.7601","0.7601","","",""
"2024-06-05","561900","202000028730","0.7559","0.7559","","",""
"2024-06-06","561900","202000028730","0.7564","0.7564","","",""
"2024-06-07","561900","202000028730","0.7519","0.7519","","",""
"2024-06-11","561900","202000028730","0.7447","0.7447","","",""
"2024-06-12","561900","202000028730","0.7447","0.7447","","",""
"2024-06-13","561900","202000028730","0.7413","0.7413","","",""
"2024-06-14","561900","202000028730","0.7453","0.7453","","",""
"2024-06-17","561900","202000028730","0.7437","0.7437","","",""
"2024-06-18","561900","202000028730","0.7456","0.7456","","",""
"2024-06-19","561900","202000028730","0.7436","0.7436","","",""
"2024-06-20","561900","202000028730","0.7387","0.7387","","",""
"2024-06-21","561900","202000028730","0.7364","0.7364","","",""
"2024-06-24","561900","202000028730","0.7339","0.7339","","",""
"2024-06-25","561900","202000028730","0.7303","0.7303","","",""
"2024-06-26","561900","202000028730","0.7350","0.7350","","",""
"2024-06-27","561900","202000028730","0.7302","0.7302","","",""
"2024-06-28","561900","202000028730","0.7317","0.7317","","",""
"2024-06-30","561900","202000028730","0.7316","0.7316","","",""
"2024-07-01","561900","202000028730","0.7340","0.7340","","",""
"2024-07-02","561900","202000028730","0.7334","0.7334","","",""
"2024-07-03","561900","202000028730","0.7321","0.7321","","",""
"2024-07-04","561900","202000028730","0.7290","0.7290","","",""
"2024-07-05","561900","202000028730","0.7254","0.7254","","",""
"2024-07-08","561900","202000028730","0.7200","0.7200","","",""
"2024-07-09","561900","202000028730","0.7283","0.7283","","",""
"2024-07-10","561900","202000028730","0.7271","0.7271","","",""
"2024-07-11","561900","202000028730","0.7366","0.7366","","",""
"2024-07-12","561900","202000028730","0.7396","0.7396","","",""
"2024-07-15","561900","202000028730","0.7398","0.7398","","",""
"2024-07-16","561900","202000028730","0.7451","0.7451","","",""
"2024-07-17","561900","202000028730","0.7461","0.7461","","",""
"2024-07-18","561900","202000028730","0.7506","0.7506","","",""
"2024-07-19","561900","202000028730","0.7545","0.7545","","",""
"2024-07-22","561900","202000028730","0.7495","0.7495","","",""
"2024-07-23","561900","202000028730","0.7344","0.7344","","",""
"2024-07-24","561900","202000028730","0.7299","0.7299","","",""
"2024-07-25","561900","202000028730","0.7265","0.7265","","",""
"2024-07-26","561900","202000028730","0.7285","0.7285","","",""
"2024-07-29","561900","202000028730","0.7240","0.7240","","",""
"2024-07-30","561900","202000028730","0.7192","0.7192","","",""
"2024-07-31","561900","202000028730","0.7338","0.7338","","",""
"2024-08-01","561900","202000028730","0.7284","0.7284","","",""
"2024-08-02","561900","202000028730","0.7212","0.7212","","",""
"2024-08-05","561900","202000028730","0.7129","0.7129","","",""
"2024-08-06","561900","202000028730","0.7124","0.7124","","",""
"2024-08-07","561900","202000028730","0.7123","0.7123","","",""
"2024-08-08","561900","202000028730","0.7130","0.7130","","",""
"2024-08-09","561900","202000028730","0.7112","0.7112","","",""
"2024-08-12","561900","202000028730","0.7099","0.7099","","",""
"2024-08-13","561900","202000028730","0.7111","0.7111","","",""
"2024-08-14","561900","202000028730","0.7061","0.7061","","",""
"2024-08-15","561900","202000028730","0.7134","0.7134","","",""
"2024-08-16","561900","202000028730","0.7154","0.7154","","",""
"2024-08-19","561900","202000028730","0.7174","0.7174","","",""
"2024-08-20","561900","202000028730","0.7132","0.7132","","",""
"2024-08-21","561900","202000028730","0.7110","0.7110","","",""
"2024-08-22","561900","202000028730","0.7098","0.7098","","",""
"2024-08-23","561900","202000028730","0.7130","0.7130","","",""
"2024-08-26","561900","202000028730","0.7123","0.7123","","",""
"2024-08-27","561900","202000028730","0.7090","0.7090","","",""
"2024-08-28","561900","202000028730","0.7048","0.7048","","",""
"2024-08-29","561900","202000028730","0.7028","0.7028","","",""
"2024-08-30","561900","202000028730","0.7113","0.7113","","",""
"2024-09-02","561900","202000028730","0.6994","0.6994","","",""
"2024-09-03","561900","202000028730","0.7014","0.7014","","",""
"2024-09-04","561900","202000028730","0.6971","0.6971","","",""
"2024-09-05","561900","202000028730","0.6979","0.6979","","",""
"2024-09-06","561900","202000028730","0.6921","0.6921","","",""
"2024-09-09","561900","202000028730","0.6840","0.6840","","",""
"2024-09-10","561900","202000028730","0.6847","0.6847","","",""
"2024-09-11","561900","202000028730","0.6833","0.6833","","",""
"2024-09-12","561900","202000028730","0.6803","0.6803","","",""
"2024-09-13","561900","202000028730","0.6773","0.6773","","",""
"2024-09-18","561900","202000028730","0.6798","0.6798","","",""
"2024-09-19","561900","202000028730","0.6843","0.6843","","",""
"2024-09-20","561900","202000028730","0.6855","0.6855","","",""
"2024-09-23","561900","202000028730","0.6881","0.6881","","",""
"2024-09-24","561900","202000028730","0.7171","0.7171","","",""
"2024-09-25","561900","202000028730","0.7276","0.7276","","",""
"2024-09-26","561900","202000028730","0.7581","0.7581","","",""
"2024-09-27","561900","202000028730","0.7909","0.7909","","",""
"2024-09-30","561900","202000028730","0.8561","0.8561","","",""
"2024-10-08","561900","202000028730","0.9055","0.9055","","",""
"2024-10-09","561900","202000028730","0.8420","0.8420","","",""
"2024-10-10","561900","202000028730","0.8537","0.8537","","",""
"2024-10-11","561900","202000028730","0.8298","0.8298","","",""
"2024-10-14","561900","202000028730","0.8453","0.8453","","",""
"2024-10-15","561900","202000028730","0.8229","0.8229","","",""
"2024-10-16","561900","202000028730","0.8164","0.8164","","",""
"2024-10-17","561900","202000028730","0.8066","0.8066","","",""
"2024-10-18","561900","202000028730","0.8363","0.8363","","",""
"2024-10-21","561900","202000028730","0.8382","0.8382","","",""
"2024-10-22","561900","202000028730","0.8432","0.8432","","",""
"2024-10-23","561900","202000028730","0.8463","0.8463","","",""
"2024-10-24","561900","202000028730","0.8369","0.8369","","",""
"2024-10-25","561900","202000028730","0.8431","0.8431","","",""
"2024-10-28","561900","202000028730","0.8434","0.8434","","",""
"2024-10-29","561900","202000028730","0.8351","0.8351","","",""
"2024-10-30","561900","202000028730","0.8271","0.8271","","",""
"2024-10-31","561900","202000028730","0.8267","0.8267","","",""
"2024-11-01","561900","202000028730","0.8270","0.8270","","",""
"2024-11-04","561900","202000028730","0.8382","0.8382","","",""
"2024-11-05","561900","202000028730","0.8572","0.8572","","",""
"2024-11-06","561900","202000028730","0.8516","0.8516","","",""
"2024-11-07","561900","202000028730","0.8765","0.8765","","",""
"2024-11-08","561900","202000028730","0.8678","0.8678","","",""
"2024-11-11","561900","202000028730","0.8751","0.8751","","",""
"2024-11-12","561900","202000028730","0.8666","0.8666","","",""
"2024-11-13","561900","202000028730","0.8728","0.8728","","",""
"2024-11-14","561900","202000028730","0.8580","0.8580","","",""
"2024-11-15","561900","202000028730","0.8432","0.8432","","",""
"2024-11-18","561900","202000028730","0.8396","0.8396","","",""
"2024-11-19","561900","202000028730","0.8441","0.8441","","",""
"2024-11-20","561900","202000028730","0.8460","0.8460","","",""
"2024-11-21","561900","202000028730","0.8461","0.8461","","",""
"2024-11-22","561900","202000028730","0.8208","0.8208","","",""
"2024-11-25","561900","202000028730","0.8173","0.8173","","",""
"2024-11-26","561900","202000028730","0.8161","0.8161","","",""
"2024-11-27","561900","202000028730","0.8290","0.8290","","",""
"2024-11-28","561900","202000028730","0.8218","0.8218","","",""
"2024-11-29","561900","202000028730","0.8304","0.8304","","",""
"2024-12-02","561900","202000028730","0.8364","0.8364","","",""
"2024-12-03","561900","202000028730","0.8371","0.8371","","",""
"2024-12-04","561900","202000028730","0.8332","0.8332","","",""
"2024-12-05","561900","202000028730","0.8302","0.8302","","",""
"2024-12-06","561900","202000028730","0.8414","0.8414","","",""
"2024-12-09","561900","202000028730","0.8404","0.8404","","",""
"2024-12-10","561900","202000028730","0.8464","0.8464","","",""
"2024-12-11","561900","202000028730","0.8445","0.8445","","",""
"2024-12-12","561900","202000028730","0.8526","0.8526","","",""
"2024-12-13","561900","202000028730","0.8333","0.8333","","",""
"2024-12-16","561900","202000028730","0.8303","0.8303","","",""
"2024-12-17","561900","202000028730","0.8333","0.8333","","",""
"2024-12-18","561900","202000028730","0.8382","0.8382","","",""
"2024-12-19","561900","202000028730","0.8383","0.8383","","",""
"2024-12-20","561900","202000028730","0.8343","0.8343","","",""
"2024-12-23","561900","202000028730","0.8368","0.8368","","",""
"2024-12-24","561900","202000028730","0.8477","0.8477","","",""
"2024-12-25","561900","202000028730","0.8488","0.8488","","",""
"2024-12-26","561900","202000028730","0.8489","0.8489","","",""
"2024-12-27","561900","202000028730","0.8472","0.8472","","",""
"2024-12-30","561900","202000028730","0.8503","0.8503","","",""
"2024-12-31","561900","202000028730","0.8388","0.8388","","",""
"2025-01-02","561900","202000028730","0.8154","0.8154","","",""
"2025-01-03","561900","202000028730","0.8064","0.8064","","",""
"2025-01-06","561900","202000028730","0.8043","0.8043","","",""
"2025-01-07","561900","202000028730","0.8085","0.8085","","",""
"2025-01-08","561900","202000028730","0.8081","0.8081","","",""
"2025-01-09","561900","202000028730","0.8060","0.8060","","",""
"2025-01-10","561900","202000028730","0.7962","0.7962","","",""
"2025-01-13","561900","202000028730","0.7934","0.7934","","",""
"2025-01-14","561900","202000028730","0.8133","0.8133","","",""
"2025-01-15","561900","202000028730","0.8096","0.8096","","",""
"2025-01-16","561900","202000028730","0.8103","0.8103","","",""
"2025-01-17","561900","202000028730","0.8125","0.8125","","",""
"2025-01-20","561900","202000028730","0.8163","0.8163","","",""
"2025-01-21","561900","202000028730","0.8163","0.8163","","",""
"2025-01-22","561900","202000028730","0.8077","0.8077","","",""
"2025-01-23","561900","202000028730","0.8097","0.8097","","",""
"2025-01-24","561900","202000028730","0.8159","0.8159","","",""
"2025-01-27","561900","202000028730","0.8141","0.8141","","",""
"2025-02-05","561900","202000028730","0.8096","0.8096","","",""
"2025-02-06","561900","202000028730","0.8193","0.8193","","",""
"2025-02-07","561900","202000028730","0.8299","0.8299","","",""
"2025-02-10","561900","202000028730","0.8311","0.8311","","",""
"2025-02-11","561900","202000028730","0.8276","0.8276","","",""
"2025-02-12","561900","202000028730","0.8360","0.8360","","",""
"2025-02-13","561900","202000028730","0.8340","0.8340","","",""
"2025-02-14","561900","202000028730","0.8424","0.8424","","",""
"2025-02-17","561900","202000028730","0.8440","0.8440","","",""
"2025-02-18","561900","202000028730","0.8385","0.8385","","",""
"2025-02-19","561900","202000028730","0.8438","0.8438","","",""
"2025-02-20","561900","202000028730","0.8418","0.8418","","",""
"2025-02-21","561900","202000028730","0.8519","0.8519","","",""
"2025-02-24","561900","202000028730","0.8492","0.8492","","",""
"2025-02-25","561900","202000028730","0.8395","0.8395","","",""
"2025-02-26","561900","202000028730","0.8463","0.8463","","",""
"2025-02-27","561900","202000028730","0.8496","0.8496","","",""
"2025-02-28","561900","202000028730","0.8349","0.8349","","",""
"2025-03-03","561900","202000028730","0.8348","0.8348","","",""
"2025-03-04","561900","202000028730","0.8327","0.8327","","",""
"2025-03-05","561900","202000028730","0.8363","0.8363","","",""
"2025-03-06","561900","202000028730","0.8472","0.8472","","",""
"2025-03-07","561900","202000028730","0.8451","0.8451","","",""
"2025-03-10","561900","202000028730","0.8407","0.8407","","",""
"2025-03-11","561900","202000028730","0.8431","0.8431","","",""
"2025-03-12","561900","202000028730","0.8401","0.8401","","",""
"2025-03-13","561900","202000028730","0.8372","0.8372","","",""
"2025-03-14","561900","202000028730","0.8581","0.8581","","",""
"2025-03-17","561900","202000028730","0.8558","0.8558","","",""
"2025-03-18","561900","202000028730","0.8579","0.8579","","",""
"2025-03-19","561900","202000028730","0.8594","0.8594","","",""
"2025-03-20","561900","202000028730","0.8509","0.8509","","",""
"2025-03-21","561900","202000028730","0.8378","0.8378","","",""
"2025-03-24","561900","202000028730","0.8420","0.8420","","",""
"2025-03-25","561900","202000028730","0.8419","0.8419","","",""
"2025-03-26","561900","202000028730","0.8384","0.8384","","",""
"2025-03-27","561900","202000028730","0.8423","0.8423","","",""
"2025-03-28","561900","202000028730","0.8383","0.8383","","",""
"2025-03-31","561900","202000028730","0.8333","0.8333","","",""
"2025-04-01","561900","202000028730","0.8330","0.8330","","",""
